Date,Competition,Neutral Venue,Home,PreHElo,PostHElo,Result,Away,PreAElo,PostAElo,Home Goals,Away Goals,Country,Category
2016/07/31,1. Division Denmark,0,AB Gladsaxe,1311,1309.0,3 - 3,Næstved BK,1323,1325.0,3,3,Denmark,domestic league (tier 2)
2016/08/21,1. Division Denmark,0,AB Gladsaxe,1298,1284.0,1 - 2,Nykøbing FC,1245,1259.0,1,2,Denmark,domestic league (tier 2)
2016/09/04,1. Division Denmark,0,AB Gladsaxe,1291,1275.0,0 - 2,FC Roskilde,1367,1383.0,0,2,Denmark,domestic league (tier 2)
2016/09/11,1. Division Denmark,0,AB Gladsaxe,1275,1259.0,1 - 3,Skive IK,1354,1370.0,1,3,Denmark,domestic league (tier 2)
2016/09/25,1. Division Denmark,0,AB Gladsaxe,1256,1246.0,1 - 3,Vendsyssel FF,1467,1477.0,1,3,Denmark,domestic league (tier 2)
2016/10/09,1. Division Denmark,0,AB Gladsaxe,1270,1258.0,0 - 3,Hobro IK,1477,1489.0,0,3,Denmark,domestic league (tier 2)
2016/10/23,1. Division Denmark,0,AB Gladsaxe,1271,1284.0,2 - 1,HB Køge,1465,1452.0,2,1,Denmark,domestic league (tier 2)
2016/11/06,1. Division Denmark,0,AB Gladsaxe,1279,1269.0,1 - 2,Fremad Amager,1364,1374.0,1,2,Denmark,domestic league (tier 2)
2016/11/20,1. Division Denmark,0,AB Gladsaxe,1266,1256.0,2 - 3,FC Fredericia,1380,1390.0,2,3,Denmark,domestic league (tier 2)
2017/03/05,1. Division Denmark,0,AB Gladsaxe,1248,1234.0,0 - 4,FC Roskilde,1441,1455.0,0,4,Denmark,domestic league (tier 2)
2017/03/19,1. Division Denmark,0,AB Gladsaxe,1230,1222.0,1 - 2,Vejle BK,1394,1402.0,1,2,Denmark,domestic league (tier 2)
2017/04/09,1. Division Denmark,0,AB Gladsaxe,1253,1242.0,0 - 1,Næstved BK,1319,1330.0,0,1,Denmark,domestic league (tier 2)
2017/04/30,1. Division Denmark,0,AB Gladsaxe,1256,1244.0,0 - 3,Vendsyssel FF,1463,1475.0,0,3,Denmark,domestic league (tier 2)
2017/05/11,1. Division Denmark,0,AB Gladsaxe,1250,1262.0,2 - 1,FC Helsingør,1438,1426.0,2,1,Denmark,domestic league (tier 2)
2017/05/14,1. Division Denmark,0,AB Gladsaxe,1262,1260.0,2 - 2,Nykøbing FC,1298,1300.0,2,2,Denmark,domestic league (tier 2)
2017/05/27,1. Division Denmark,0,AB Gladsaxe,1255,1255.0,1 - 1,Skive IK,1371,1371.0,1,1,Denmark,domestic league (tier 2)
2021/09/21,Denmark Cup,0,AB Gladsaxe,1323,1311.0,0 - 2,FC Fredericia,1485,1497.0,0,2,Denmark,domestic cup
2022/10/12,Denmark Cup,0,AB Gladsaxe,1324,1317.0,0 - 3,Aarhus GF,1656,1663.0,0,3,Denmark,domestic cup
2023/11/01,Denmark Cup,0,AB Gladsaxe,1317,1322.0,1 - 1,Vejle BK,1619,1614.0,1,1,Denmark,domestic cup
2023/12/09,Denmark Cup,0,AB Gladsaxe,1321,1319.0,1 - 2,FC Nordsjælland,1854,1856.0,1,2,Denmark,domestic cup
2025/09/09,Denmark Cup,0,AB Gladsaxe,1311,1310.0,1 - 1,B.93 København,1363,1364.0,1,1,Denmark,domestic cup
2026/07/31,1. Division Denmark,0,AB Gladsaxe,1318,1323.0,1 - 1,FC Fredericia,1622,1617.0,1,1,Denmark,domestic league (tier 2)
2026/08/22,1. Division Denmark,0,AB Gladsaxe,1355,1356.0,1 - 1,Hvidovre IF,1478,1477.0,1,1,Denmark,domestic league (tier 2)
2026/09/05,1. Division Denmark,0,AB Gladsaxe,1367,,Info,Aalborg BK,1451,,,,Denmark,domestic league (tier 2)
2016/07/24,Superligaen,0,AC Horsens,1499,1503.0,1 - 1,SønderjyskE,1754,1750.0,1,1,Denmark,domestic league (tier 1)
2016/08/13,Superligaen,0,AC Horsens,1508,1506.0,3 - 3,Silkeborg IF,1537,1539.0,3,3,Denmark,domestic league (tier 1)
2016/08/19,Superligaen,0,AC Horsens,1506,1515.0,2 - 1,Lyngby BK,1581,1572.0,2,1,Denmark,domestic league (tier 1)
2016/09/18,Superligaen,0,AC Horsens,1553,1548.0,0 - 2,FC København,1942,1947.0,0,2,Denmark,domestic league (tier 1)
2016/09/21,Superligaen,0,AC Horsens,1548,1547.0,0 - 0,FC Nordsjælland,1598,1599.0,0,0,Denmark,domestic league (tier 1)
2016/10/01,Superligaen,0,AC Horsens,1543,1551.0,1 - 0,Esbjerg fB,1573,1565.0,1,0,Denmark,domestic league (tier 1)
2016/10/23,Superligaen,0,AC Horsens,1556,1568.0,1 - 0,Randers FC,1738,1726.0,1,0,Denmark,domestic league (tier 1)
2016/11/06,Superligaen,0,AC Horsens,1571,1559.0,1 - 5,FC Midtjylland,1811,1823.0,1,5,Denmark,domestic league (tier 1)
2016/11/25,Superligaen,0,AC Horsens,1573,1552.0,1 - 5,Aarhus GF,1640,1661.0,1,5,Denmark,domestic league (tier 1)
2016/12/03,Superligaen,0,AC Horsens,1546,1533.0,1 - 2,Viborg FF,1554,1567.0,1,2,Denmark,domestic league (tier 1)
2016/12/09,Superligaen,0,AC Horsens,1533,1553.0,3 - 0,Aalborg BK,1681,1661.0,3,0,Denmark,domestic league (tier 1)
2017/02/25,Superligaen,0,AC Horsens,1547,1547.0,1 - 1,Odense BK,1635,1635.0,1,1,Denmark,domestic league (tier 1)
2017/03/12,Superligaen,0,AC Horsens,1545,1537.0,0 - 2,Brøndby IF,1814,1822.0,0,2,Denmark,domestic league (tier 1)
2017/03/31,Superligaen,0,AC Horsens,1526,1527.0,0 - 0,Odense BK,1655,1654.0,0,0,Denmark,domestic league (tier 1)
2017/04/22,Superligaen,0,AC Horsens,1535,1517.0,1 - 3,Esbjerg fB,1558,1576.0,1,3,Denmark,domestic league (tier 1)
2017/05/08,Superligaen,0,AC Horsens,1513,1524.0,2 - 1,Randers FC,1654,1643.0,2,1,Denmark,domestic league (tier 1)
2017/07/23,Superligaen,0,AC Horsens,1567,1589.0,4 - 1,Lyngby BK,1750,1728.0,4,1,Denmark,domestic league (tier 1)
2017/08/04,Superligaen,0,AC Horsens,1583,1591.0,1 - 0,Silkeborg IF,1601,1593.0,1,0,Denmark,domestic league (tier 1)
2017/08/18,Superligaen,0,AC Horsens,1600,1597.0,0 - 0,Aalborg BK,1587,1590.0,0,0,Denmark,domestic league (tier 1)
2017/09/08,Superligaen,0,AC Horsens,1592,1594.0,2 - 2,FC Nordsjælland,1761,1759.0,2,2,Denmark,domestic league (tier 1)
2017/09/23,Superligaen,0,AC Horsens,1588,1594.0,2 - 0,FC Helsingør,1458,1452.0,2,0,Denmark,domestic league (tier 1)
2017/10/15,Superligaen,0,AC Horsens,1608,1604.0,2 - 2,Hobro IK,1570,1574.0,2,2,Denmark,domestic league (tier 1)
2017/10/29,Superligaen,0,AC Horsens,1600,1605.0,1 - 1,FC København,1881,1876.0,1,1,Denmark,domestic league (tier 1)
2017/11/19,Superligaen,0,AC Horsens,1606,1604.0,0 - 0,Odense BK,1650,1652.0,0,0,Denmark,domestic league (tier 1)
2017/12/08,Superligaen,0,AC Horsens,1598,1608.0,2 - 1,SønderjyskE,1710,1700.0,2,1,Denmark,domestic league (tier 1)
2018/02/09,Superligaen,0,AC Horsens,1608,1599.0,0 - 2,FC Midtjylland,1864,1873.0,0,2,Denmark,domestic league (tier 1)
2018/02/23,Superligaen,0,AC Horsens,1612,1609.0,1 - 1,Randers FC,1605,1608.0,1,1,Denmark,domestic league (tier 1)
2018/02/27,Superligaen,0,AC Horsens,1609,1607.0,1 - 1,Aarhus GF,1621,1623.0,1,1,Denmark,domestic league (tier 1)
2018/03/11,Superligaen,0,AC Horsens,1611,1615.0,1 - 1,Brøndby IF,1872,1868.0,1,1,Denmark,domestic league (tier 1)
2018/04/03,Superligaen,0,AC Horsens,1617,1611.0,0 - 1,FC Midtjylland,1881,1887.0,0,1,Denmark,domestic league (tier 1)
2018/04/18,Superligaen,0,AC Horsens,1597,1599.0,2 - 2,FC Nordsjælland,1763,1761.0,2,2,Denmark,domestic league (tier 1)
2018/04/27,Superligaen,0,AC Horsens,1595,1589.0,2 - 3,FC København,1836,1842.0,2,3,Denmark,domestic league (tier 1)
2018/05/04,Superligaen,0,AC Horsens,1589,1597.0,2 - 1,Aalborg BK,1634,1626.0,2,1,Denmark,domestic league (tier 1)
2018/05/18,Superligaen,0,AC Horsens,1593,1599.0,2 - 2,Brøndby IF,1925,1919.0,2,2,Denmark,domestic league (tier 1)
2018/07/22,Superligaen,0,AC Horsens,1614,1611.0,1 - 1,Randers FC,1613,1616.0,1,1,Denmark,domestic league (tier 1)
2018/08/05,Superligaen,0,AC Horsens,1601,1597.0,2 - 2,Hobro IK,1565,1569.0,2,2,Denmark,domestic league (tier 1)
2018/08/20,Superligaen,0,AC Horsens,1594,1594.0,0 - 0,Aalborg BK,1685,1685.0,0,0,Denmark,domestic league (tier 1)
2018/08/31,Superligaen,0,AC Horsens,1610,1605.0,0 - 0,Vejle BK,1509,1514.0,0,0,Denmark,domestic league (tier 1)
2018/09/16,Superligaen,0,AC Horsens,1605,1615.0,3 - 2,Aarhus GF,1697,1687.0,3,2,Denmark,domestic league (tier 1)
2018/10/07,Superligaen,0,AC Horsens,1618,1604.0,1 - 2,Esbjerg fB,1579,1593.0,1,2,Denmark,domestic league (tier 1)
2018/10/27,Superligaen,0,AC Horsens,1614,1614.0,3 - 3,FC Nordsjælland,1723,1723.0,3,3,Denmark,domestic league (tier 1)
2018/11/10,Superligaen,0,AC Horsens,1593,1592.0,1 - 1,SønderjyskE,1662,1663.0,1,1,Denmark,domestic league (tier 1)
2018/12/02,Superligaen,0,AC Horsens,1606,1596.0,1 - 6,FC København,1887,1897.0,1,6,Denmark,domestic league (tier 1)
2018/12/16,Superligaen,0,AC Horsens,1618,1611.0,1 - 3,FC Midtjylland,1919,1926.0,1,3,Denmark,domestic league (tier 1)
2019/02/17,Superligaen,0,AC Horsens,1611,1620.0,3 - 0,Vendsyssel FF,1529,1520.0,3,0,Denmark,domestic league (tier 1)
2019/02/24,Superligaen,0,AC Horsens,1620,1609.0,1 - 2,Odense BK,1680,1691.0,1,2,Denmark,domestic league (tier 1)
2019/03/17,Superligaen,0,AC Horsens,1592,1581.0,1 - 3,Brøndby IF,1788,1799.0,1,3,Denmark,domestic league (tier 1)
2019/04/05,Superligaen,0,AC Horsens,1585,1565.0,0 - 3,Aarhus GF,1633,1653.0,0,3,Denmark,domestic league (tier 1)
2019/04/18,Superligaen,0,AC Horsens,1550,1547.0,0 - 0,Vejle BK,1533,1536.0,0,0,Denmark,domestic league (tier 1)
2019/04/21,Superligaen,0,AC Horsens,1547,1535.0,0 - 1,SønderjyskE,1572,1584.0,0,1,Denmark,domestic league (tier 1)
2019/07/14,Superligaen,0,AC Horsens,1539,1525.0,0 - 3,FC Nordsjælland,1710,1724.0,0,3,Denmark,domestic league (tier 1)
2019/07/27,Superligaen,0,AC Horsens,1548,1543.0,0 - 2,FC København,1914,1919.0,0,2,Denmark,domestic league (tier 1)
2019/08/11,Superligaen,0,AC Horsens,1561,1554.0,0 - 2,FC Midtjylland,1867,1874.0,0,2,Denmark,domestic league (tier 1)
2019/08/26,Superligaen,0,AC Horsens,1547,1526.0,0 - 5,Aalborg BK,1634,1655.0,0,5,Denmark,domestic league (tier 1)
2019/09/01,Superligaen,0,AC Horsens,1526,1533.0,2 - 1,Lyngby BK,1511,1504.0,2,1,Denmark,domestic league (tier 1)
2019/09/30,Superligaen,0,AC Horsens,1534,1534.0,1 - 1,Esbjerg fB,1623,1623.0,1,1,Denmark,domestic league (tier 1)
2019/10/20,Superligaen,0,AC Horsens,1533,1541.0,1 - 0,Hobro IK,1562,1554.0,1,0,Denmark,domestic league (tier 1)
2019/11/09,Superligaen,0,AC Horsens,1544,1550.0,2 - 1,Silkeborg IF,1512,1506.0,2,1,Denmark,domestic league (tier 1)
2019/12/01,Superligaen,0,AC Horsens,1542,1554.0,2 - 1,Odense BK,1705,1693.0,2,1,Denmark,domestic league (tier 1)
2019/12/15,Superligaen,0,AC Horsens,1557,1565.0,2 - 1,SønderjyskE,1600,1592.0,2,1,Denmark,domestic league (tier 1)
2020/02/24,Superligaen,0,AC Horsens,1557,1550.0,1 - 2,Aarhus GF,1775,1782.0,1,2,Denmark,domestic league (tier 1)
2020/03/01,Superligaen,0,AC Horsens,1550,1541.0,1 - 2,Randers FC,1687,1696.0,1,2,Denmark,domestic league (tier 1)
2020/06/07,Superligaen,0,AC Horsens,1575,1587.0,3 - 2,Brøndby IF,1758,1746.0,3,2,Denmark,domestic league (tier 1)
2020/06/16,Superligaen,0,AC Horsens,1582,1579.0,2 - 2,Esbjerg fB,1576,1579.0,2,2,Denmark,domestic league (tier 1)
2020/06/20,Superligaen,0,AC Horsens,1579,1578.0,0 - 0,Randers FC,1651,1652.0,0,0,Denmark,domestic league (tier 1)
2020/07/08,Superligaen,0,AC Horsens,1615,1621.0,3 - 2,Hobro IK,1565,1559.0,3,2,Denmark,domestic league (tier 1)
2020/07/26,Superligaen,0,AC Horsens,1611,1610.0,1 - 1,Odense BK,1663,1664.0,1,1,Denmark,domestic league (tier 1)
2020/09/13,Superligaen,0,AC Horsens,1610,1589.0,0 - 3,Randers FC,1640,1661.0,0,3,Denmark,domestic league (tier 1)
2020/10/04,Superligaen,0,AC Horsens,1582,1588.0,2 - 2,FC Midtjylland,1928,1922.0,2,2,Denmark,domestic league (tier 1)
2020/10/25,Superligaen,0,AC Horsens,1583,1584.0,1 - 1,FC Nordsjælland,1708,1707.0,1,1,Denmark,domestic league (tier 1)
2020/11/08,Superligaen,0,AC Horsens,1579,1561.0,0 - 3,SønderjyskE,1676,1694.0,0,3,Denmark,domestic league (tier 1)
2020/11/29,Superligaen,0,AC Horsens,1575,1587.0,3 - 1,Vejle BK,1602,1590.0,3,1,Denmark,domestic league (tier 1)
2020/12/13,Superligaen,0,AC Horsens,1583,1576.0,1 - 2,Aarhus GF,1772,1779.0,1,2,Denmark,domestic league (tier 1)
2020/12/20,Superligaen,0,AC Horsens,1573,1566.0,1 - 2,Brøndby IF,1771,1778.0,1,2,Denmark,domestic league (tier 1)
2021/02/07,Superligaen,0,AC Horsens,1559,1551.0,0 - 2,FC København,1831,1839.0,0,2,Denmark,domestic league (tier 1)
2021/02/21,Superligaen,0,AC Horsens,1550,1551.0,0 - 0,Odense BK,1674,1673.0,0,0,Denmark,domestic league (tier 1)
2021/03/03,Superligaen,0,AC Horsens,1555,1566.0,2 - 1,Aalborg BK,1685,1674.0,2,1,Denmark,domestic league (tier 1)
2021/03/21,Superligaen,0,AC Horsens,1564,1551.0,1 - 2,Lyngby BK,1565,1578.0,1,2,Denmark,domestic league (tier 1)
2021/04/04,Superligaen,0,AC Horsens,1551,1551.0,1 - 1,Odense BK,1668,1668.0,1,1,Denmark,domestic league (tier 1)
2021/04/18,Superligaen,0,AC Horsens,1566,1547.0,1 - 3,Lyngby BK,1575,1594.0,1,3,Denmark,domestic league (tier 1)
2021/04/25,Superligaen,0,AC Horsens,1537,1548.0,1 - 0,Aalborg BK,1687,1676.0,1,0,Denmark,domestic league (tier 1)
2021/04/30,Superligaen,0,AC Horsens,1548,1547.0,3 - 3,Vejle BK,1602,1603.0,3,3,Denmark,domestic league (tier 1)
2021/05/20,Superligaen,0,AC Horsens,1566,1556.0,1 - 2,SønderjyskE,1652,1662.0,1,2,Denmark,domestic league (tier 1)
2021/07/23,1. Division Denmark,0,AC Horsens,1547,1521.0,0 - 2,HB Køge,1333,1359.0,0,2,Denmark,domestic league (tier 2)
2021/08/06,1. Division Denmark,0,AC Horsens,1536,1522.0,0 - 1,FC Helsingør,1506,1520.0,0,1,Denmark,domestic league (tier 2)
2021/08/22,1. Division Denmark,0,AC Horsens,1532,1535.0,2 - 1,Jammerbugt FC,1306,1303.0,2,1,Denmark,domestic league (tier 2)
2021/09/12,1. Division Denmark,0,AC Horsens,1549,1527.0,1 - 3,FC Fredericia,1480,1502.0,1,3,Denmark,domestic league (tier 2)
2021/09/23,Denmark Cup,0,AC Horsens,1541,1552.0,3 - 2,Silkeborg IF,1682,1671.0,3,2,Denmark,domestic cup
2021/09/26,1. Division Denmark,0,AC Horsens,1552,1556.0,2 - 1,Nykøbing FC,1396,1392.0,2,1,Denmark,domestic league (tier 2)
2021/10/17,1. Division Denmark,0,AC Horsens,1556,1549.0,1 - 1,Vendsyssel FF,1346,1353.0,1,1,Denmark,domestic league (tier 2)
2021/10/23,1. Division Denmark,0,AC Horsens,1549,1537.0,0 - 1,Lyngby BK,1563,1575.0,0,1,Denmark,domestic league (tier 2)
2021/10/26,Denmark Cup,0,AC Horsens,1537,1519.0,1 - 3,Vejle BK,1557,1575.0,1,3,Denmark,domestic cup
2021/11/07,1. Division Denmark,0,AC Horsens,1500,1507.0,6 - 1,Fremad Amager,1340,1333.0,6,1,Denmark,domestic league (tier 2)
2021/11/28,1. Division Denmark,0,AC Horsens,1519,1522.0,2 - 1,Hobro IK,1337,1334.0,2,1,Denmark,domestic league (tier 2)
2022/02/27,1. Division Denmark,0,AC Horsens,1539,1546.0,2 - 1,Hvidovre IF,1514,1507.0,2,1,Denmark,domestic league (tier 2)
2022/03/13,1. Division Denmark,0,AC Horsens,1539,1533.0,0 - 0,Esbjerg fB,1407,1413.0,0,0,Denmark,domestic league (tier 2)
2022/04/10,1. Division Denmark,0,AC Horsens,1562,1556.0,0 - 0,FC Fredericia,1444,1450.0,0,0,Denmark,domestic league (tier 2)
2022/04/24,1. Division Denmark,0,AC Horsens,1569,1572.0,3 - 2,Nykøbing FC,1375,1372.0,3,2,Denmark,domestic league (tier 2)
2022/05/06,1. Division Denmark,0,AC Horsens,1583,1590.0,2 - 1,Lyngby BK,1581,1574.0,2,1,Denmark,domestic league (tier 2)
2022/05/13,1. Division Denmark,0,AC Horsens,1590,1586.0,3 - 3,FC Helsingør,1528,1532.0,3,3,Denmark,domestic league (tier 2)
2022/05/29,1. Division Denmark,0,AC Horsens,1610,1605.0,1 - 1,Hvidovre IF,1509,1514.0,1,1,Denmark,domestic league (tier 2)
2022/07/25,Superligaen,0,AC Horsens,1623,1629.0,1 - 0,Lyngby BK,1593,1587.0,1,0,Denmark,domestic league (tier 1)
2022/08/12,Superligaen,0,AC Horsens,1628,1632.0,3 - 3,FC Midtjylland,1862,1858.0,3,3,Denmark,domestic league (tier 1)
2022/08/26,Superligaen,0,AC Horsens,1625,1634.0,2 - 1,Aarhus GF,1679,1670.0,2,1,Denmark,domestic league (tier 1)
2022/09/04,Superligaen,0,AC Horsens,1634,1619.0,0 - 2,Brøndby IF,1733,1748.0,0,2,Denmark,domestic league (tier 1)
2022/09/16,Superligaen,0,AC Horsens,1614,1625.0,1 - 0,FC Nordsjælland,1735,1724.0,1,0,Denmark,domestic league (tier 1)
2022/10/10,Superligaen,0,AC Horsens,1621,1620.0,0 - 0,Aalborg BK,1690,1691.0,0,0,Denmark,domestic league (tier 1)
2022/10/23,Superligaen,0,AC Horsens,1618,1631.0,3 - 2,Silkeborg IF,1809,1796.0,3,2,Denmark,domestic league (tier 1)
2022/11/04,Superligaen,0,AC Horsens,1625,1644.0,5 - 1,Randers FC,1724,1705.0,5,1,Denmark,domestic league (tier 1)
2022/11/13,Superligaen,0,AC Horsens,1635,1634.0,3 - 3,Odense BK,1714,1715.0,3,3,Denmark,domestic league (tier 1)
2023/02/26,Superligaen,0,AC Horsens,1625,1610.0,0 - 3,Viborg FF,1772,1787.0,0,3,Denmark,domestic league (tier 1)
2023/03/12,Superligaen,0,AC Horsens,1601,1593.0,1 - 4,FC København,1911,1919.0,1,4,Denmark,domestic league (tier 1)
2023/04/02,Superligaen,0,AC Horsens,1596,1575.0,0 - 4,Aalborg BK,1651,1672.0,0,4,Denmark,domestic league (tier 1)
2023/04/23,Superligaen,0,AC Horsens,1585,1575.0,0 - 2,FC Midtjylland,1818,1828.0,0,2,Denmark,domestic league (tier 1)
2023/04/28,Superligaen,0,AC Horsens,1575,1576.0,2 - 2,Odense BK,1700,1699.0,2,2,Denmark,domestic league (tier 1)
2023/05/19,Superligaen,0,AC Horsens,1564,1555.0,0 - 1,Silkeborg IF,1691,1700.0,0,1,Denmark,domestic league (tier 1)
2023/06/03,Superligaen,0,AC Horsens,1552,1550.0,0 - 0,Lyngby BK,1591,1593.0,0,0,Denmark,domestic league (tier 1)
2023/08/04,1. Division Denmark,0,AC Horsens,1533,1540.0,2 - 0,HB Køge,1433,1426.0,2,0,Denmark,domestic league (tier 2)
2023/08/09,Denmark Cup,0,AC Horsens,1540,1528.0,1 - 2,SønderjyskE,1559,1571.0,1,2,Denmark,domestic cup
2023/08/18,1. Division Denmark,0,AC Horsens,1516,1524.0,3 - 1,FC Helsingør,1430,1422.0,3,1,Denmark,domestic league (tier 2)
2023/08/25,1. Division Denmark,0,AC Horsens,1511,1517.0,3 - 0,Næstved BK,1348,1342.0,3,0,Denmark,domestic league (tier 2)
2023/09/01,1. Division Denmark,0,AC Horsens,1517,1510.0,0 - 0,B.93 København,1306,1313.0,0,0,Denmark,domestic league (tier 2)
2023/09/23,1. Division Denmark,0,AC Horsens,1521,1528.0,3 - 1,Vendsyssel FF,1430,1423.0,3,1,Denmark,domestic league (tier 2)
2023/10/06,1. Division Denmark,0,AC Horsens,1525,1510.0,1 - 4,Aalborg BK,1671,1686.0,1,4,Denmark,domestic league (tier 2)
2023/10/27,1. Division Denmark,0,AC Horsens,1500,1475.0,1 - 3,Hillerød Fodbold,1336,1361.0,1,3,Denmark,domestic league (tier 2)
2023/11/10,1. Division Denmark,0,AC Horsens,1491,1489.0,1 - 1,FC Fredericia,1538,1540.0,1,1,Denmark,domestic league (tier 2)
2023/12/01,1. Division Denmark,0,AC Horsens,1498,1483.0,0 - 1,Hobro IK,1422,1437.0,0,1,Denmark,domestic league (tier 2)
2024/02/23,1. Division Denmark,0,AC Horsens,1483,1468.0,1 - 2,Kolding IF,1395,1410.0,1,2,Denmark,domestic league (tier 2)
2024/03/09,1. Division Denmark,0,AC Horsens,1467,1451.0,1 - 4,SønderjyskE,1589,1605.0,1,4,Denmark,domestic league (tier 2)
2024/04/05,1. Division Denmark,0,AC Horsens,1420,1427.0,1 - 0,Hillerød Fodbold,1420,1413.0,1,0,Denmark,domestic league (tier 2)
2024/04/19,1. Division Denmark,0,AC Horsens,1444,1438.0,1 - 1,FC Helsingør,1304,1310.0,1,1,Denmark,domestic league (tier 2)
2024/05/10,1. Division Denmark,0,AC Horsens,1458,1463.0,1 - 0,Næstved BK,1349,1344.0,1,0,Denmark,domestic league (tier 2)
2024/05/18,1. Division Denmark,0,AC Horsens,1463,1458.0,1 - 1,B.93 København,1360,1365.0,1,1,Denmark,domestic league (tier 2)
2024/06/01,1. Division Denmark,0,AC Horsens,1446,1441.0,1 - 1,HB Køge,1342,1347.0,1,1,Denmark,domestic league (tier 2)
2024/07/21,1. Division Denmark,0,AC Horsens,1441,1425.0,1 - 3,FC Fredericia,1512,1528.0,1,3,Denmark,domestic league (tier 2)
2024/07/26,1. Division Denmark,0,AC Horsens,1425,1433.0,3 - 2,Hillerød Fodbold,1452,1444.0,3,2,Denmark,domestic league (tier 2)
2024/08/16,1. Division Denmark,0,AC Horsens,1458,1445.0,0 - 1,Kolding IF,1469,1482.0,0,1,Denmark,domestic league (tier 2)
2024/08/24,1. Division Denmark,0,AC Horsens,1454,1450.0,1 - 1,Vendsyssel FF,1412,1416.0,1,1,Denmark,domestic league (tier 2)
2024/09/04,Denmark Cup,0,AC Horsens,1455,1442.0,0 - 4,Viborg FF,1670,1683.0,0,4,Denmark,domestic cup
2024/09/14,1. Division Denmark,0,AC Horsens,1442,1446.0,2 - 2,Odense BK,1681,1677.0,2,2,Denmark,domestic league (tier 2)
2024/09/28,1. Division Denmark,0,AC Horsens,1437,1448.0,2 - 0,Hobro IK,1448,1437.0,2,0,Denmark,domestic league (tier 2)
2024/10/20,1. Division Denmark,0,AC Horsens,1463,1471.0,2 - 1,Hvidovre IF,1498,1490.0,2,1,Denmark,domestic league (tier 2)
2024/11/01,1. Division Denmark,0,AC Horsens,1459,1467.0,3 - 0,B.93 København,1360,1352.0,3,0,Denmark,domestic league (tier 2)
2024/11/24,1. Division Denmark,0,AC Horsens,1464,1458.0,0 - 0,HB Køge,1343,1349.0,0,0,Denmark,domestic league (tier 2)
2025/02/23,1. Division Denmark,0,AC Horsens,1472,1455.0,1 - 2,FC Roskilde,1274,1291.0,1,2,Denmark,domestic league (tier 2)
2025/03/14,1. Division Denmark,0,AC Horsens,1483,1488.0,2 - 1,Esbjerg fB,1403,1398.0,2,1,Denmark,domestic league (tier 2)
2025/04/06,1. Division Denmark,0,AC Horsens,1484,1491.0,1 - 0,Hvidovre IF,1465,1458.0,1,0,Denmark,domestic league (tier 2)
2025/04/18,1. Division Denmark,0,AC Horsens,1480,1485.0,3 - 2,Esbjerg fB,1399,1394.0,3,2,Denmark,domestic league (tier 2)
2025/04/25,1. Division Denmark,0,AC Horsens,1474,1462.0,2 - 3,Kolding IF,1501,1513.0,2,3,Denmark,domestic league (tier 2)
2025/05/09,1. Division Denmark,0,AC Horsens,1473,1475.0,2 - 2,Odense BK,1637,1635.0,2,2,Denmark,domestic league (tier 2)
2025/05/17,1. Division Denmark,0,AC Horsens,1475,1458.0,0 - 3,FC Fredericia,1581,1598.0,0,3,Denmark,domestic league (tier 2)
2025/07/19,1. Division Denmark,0,AC Horsens,1461,1456.0,0 - 0,Aarhus Fremad,1367,1372.0,0,0,Denmark,domestic league (tier 2)
2025/07/25,1. Division Denmark,0,AC Horsens,1456,1465.0,2 - 1,Kolding IF,1529,1520.0,2,1,Denmark,domestic league (tier 2)
2025/08/09,1. Division Denmark,0,AC Horsens,1467,1473.0,2 - 0,Middelfart Boldklub,1317,1311.0,2,0,Denmark,domestic league (tier 2)
2025/08/31,1. Division Denmark,0,AC Horsens,1509,1493.0,1 - 2,B.93 København,1347,1363.0,1,2,Denmark,domestic league (tier 2)
2025/09/04,Denmark Cup,0,AC Horsens,1493,1487.0,0 - 1,Viborg FF,1723,1729.0,0,1,Denmark,domestic cup
2025/09/20,1. Division Denmark,0,AC Horsens,1475,1480.0,1 - 0,Esbjerg fB,1404,1399.0,1,0,Denmark,domestic league (tier 2)
2025/10/03,1. Division Denmark,0,AC Horsens,1473,1468.0,3 - 3,Hobro IK,1389,1394.0,3,3,Denmark,domestic league (tier 2)
2025/10/31,1. Division Denmark,0,AC Horsens,1471,1455.0,2 - 3,HB Køge,1308,1324.0,2,3,Denmark,domestic league (tier 2)
2025/11/23,1. Division Denmark,0,AC Horsens,1476,1488.0,3 - 1,Hillerød Fodbold,1501,1489.0,3,1,Denmark,domestic league (tier 2)
2025/11/30,1. Division Denmark,0,AC Horsens,1488,1486.0,0 - 0,Aalborg BK,1513,1515.0,0,0,Denmark,domestic league (tier 2)
2026/03/09,1. Division Denmark,0,AC Horsens,1477,1462.0,1 - 3,Lyngby BK,1585,1600.0,1,3,Denmark,domestic league (tier 2)
2026/03/21,1. Division Denmark,0,AC Horsens,1463,1441.0,0 - 4,Hvidovre IF,1493,1515.0,0,4,Denmark,domestic league (tier 2)
2026/04/04,1. Division Denmark,0,AC Horsens,1441,1453.0,1 - 0,Lyngby BK,1598,1586.0,1,0,Denmark,domestic league (tier 2)
2026/04/21,1. Division Denmark,0,AC Horsens,1471,1483.0,4 - 1,Esbjerg fB,1462,1450.0,4,1,Denmark,domestic league (tier 2)
2026/05/09,1. Division Denmark,0,AC Horsens,1498,1512.0,4 - 0,Hillerød Fodbold,1505,1491.0,4,0,Denmark,domestic league (tier 2)
2026/05/16,1. Division Denmark,0,AC Horsens,1512,1509.0,1 - 1,Hvidovre IF,1489,1492.0,1,1,Denmark,domestic league (tier 2)
2026/05/31,1. Division Denmark,0,AC Horsens,1532,1537.0,1 - 0,Kolding IF,1449,1444.0,1,0,Denmark,domestic league (tier 2)
2026/07/26,Superligaen,0,AC Horsens,1537,1542.0,1 - 1,FC Nordsjælland,1836,1831.0,1,1,Denmark,domestic league (tier 1)
2026/08/09,Superligaen,0,AC Horsens,1541,1532.0,0 - 2,Brøndby IF,1775,1784.0,0,2,Denmark,domestic league (tier 1)
2026/08/23,Superligaen,0,AC Horsens,1548,1557.0,2 - 1,Lyngby BK,1599,1590.0,2,1,Denmark,domestic league (tier 1)
2026/08/28,Superligaen,0,AC Horsens,1557,1550.0,2 - 3,Viborg FF,1781,1788.0,2,3,Denmark,domestic league (tier 1)
2022/08/02,Denmark Cup,0,AIA Tranbjerg,1427,1388.0,0 - 9,Aarhus Fremad,1315,1354.0,0,9,Denmark,domestic cup
2016/07/17,Superligaen,0,Aalborg BK,1718,1711.0,1 - 1,AC Horsens,1492,1499.0,1,1,Denmark,domestic league (tier 1)
2016/08/01,Superligaen,0,Aalborg BK,1724,1720.0,2 - 2,Odense BK,1668,1672.0,2,2,Denmark,domestic league (tier 1)
2016/08/15,Superligaen,0,Aalborg BK,1730,1734.0,2 - 1,Esbjerg fB,1580,1576.0,2,1,Denmark,domestic league (tier 1)
2016/08/28,Superligaen,0,Aalborg BK,1741,1746.0,2 - 1,Aarhus GF,1655,1650.0,2,1,Denmark,domestic league (tier 1)
2016/09/11,Superligaen,0,Aalborg BK,1746,1735.0,0 - 1,Brøndby IF,1807,1818.0,0,1,Denmark,domestic league (tier 1)
2016/09/22,Superligaen,0,Aalborg BK,1723,1728.0,1 - 0,Viborg FF,1616,1611.0,1,0,Denmark,domestic league (tier 1)
2016/10/02,Superligaen,0,Aalborg BK,1709,1698.0,0 - 1,SønderjyskE,1763,1774.0,0,1,Denmark,domestic league (tier 1)
2016/10/21,Superligaen,0,Aalborg BK,1691,1686.0,1 - 1,FC Nordsjælland,1614,1619.0,1,1,Denmark,domestic league (tier 1)
2016/11/18,Superligaen,0,Aalborg BK,1664,1660.0,1 - 2,FC København,1979,1983.0,1,2,Denmark,domestic league (tier 1)
2016/11/25,Superligaen,0,Aalborg BK,1660,1670.0,2 - 1,Randers FC,1748,1738.0,2,1,Denmark,domestic league (tier 1)
2016/12/05,Superligaen,0,Aalborg BK,1675,1681.0,1 - 0,Lyngby BK,1621,1615.0,1,0,Denmark,domestic league (tier 1)
2017/02/26,Superligaen,0,Aalborg BK,1674,1684.0,3 - 0,Silkeborg IF,1619,1609.0,3,0,Denmark,domestic league (tier 1)
2017/03/13,Superligaen,0,Aalborg BK,1678,1678.0,1 - 1,FC Midtjylland,1783,1783.0,1,1,Denmark,domestic league (tier 1)
2017/04/08,Superligaen,0,Aalborg BK,1659,1644.0,0 - 1,Viborg FF,1580,1595.0,0,1,Denmark,domestic league (tier 1)
2017/04/17,Superligaen,0,Aalborg BK,1644,1651.0,1 - 0,Aarhus GF,1635,1628.0,1,0,Denmark,domestic league (tier 1)
2017/05/07,Superligaen,0,Aalborg BK,1638,1624.0,0 - 1,Silkeborg IF,1587,1601.0,0,1,Denmark,domestic league (tier 1)
2017/05/12,Superligaen,0,Aalborg BK,1624,1606.0,0 - 2,Randers FC,1643,1661.0,0,2,Denmark,domestic league (tier 1)
2017/07/23,Superligaen,0,Aalborg BK,1609,1591.0,1 - 4,SønderjyskE,1697,1715.0,1,4,Denmark,domestic league (tier 1)
2017/08/14,Superligaen,0,Aalborg BK,1591,1587.0,1 - 1,Hobro IK,1523,1527.0,1,1,Denmark,domestic league (tier 1)
2017/08/26,Superligaen,0,Aalborg BK,1590,1589.0,0 - 0,Aarhus GF,1663,1664.0,0,0,Denmark,domestic league (tier 1)
2017/09/11,Superligaen,0,Aalborg BK,1610,1616.0,2 - 1,Silkeborg IF,1583,1577.0,2,1,Denmark,domestic league (tier 1)
2017/09/24,Superligaen,0,Aalborg BK,1622,1635.0,3 - 1,Lyngby BK,1675,1662.0,3,1,Denmark,domestic league (tier 1)
2017/10/15,Superligaen,0,Aalborg BK,1629,1632.0,1 - 0,FC Helsingør,1438,1435.0,1,0,Denmark,domestic league (tier 1)
2017/10/29,Superligaen,0,Aalborg BK,1634,1616.0,0 - 2,Odense BK,1655,1673.0,0,2,Denmark,domestic league (tier 1)
2017/11/20,Superligaen,0,Aalborg BK,1628,1621.0,0 - 1,FC Midtjylland,1835,1842.0,0,1,Denmark,domestic league (tier 1)
2017/12/10,Superligaen,0,Aalborg BK,1646,1648.0,1 - 1,FC København,1831,1829.0,1,1,Denmark,domestic league (tier 1)
2018/02/18,Superligaen,0,Aalborg BK,1639,1642.0,1 - 1,Brøndby IF,1856,1853.0,1,1,Denmark,domestic league (tier 1)
2018/02/25,Superligaen,0,Aalborg BK,1642,1643.0,1 - 1,FC Nordsjælland,1768,1767.0,1,1,Denmark,domestic league (tier 1)
2018/03/05,Superligaen,0,Aalborg BK,1657,1653.0,1 - 1,AC Horsens,1607,1611.0,1,1,Denmark,domestic league (tier 1)
2018/03/11,Superligaen,0,Aalborg BK,1653,1663.0,4 - 0,Randers FC,1587,1577.0,4,0,Denmark,domestic league (tier 1)
2018/04/02,Superligaen,0,Aalborg BK,1665,1653.0,0 - 3,Brøndby IF,1870,1882.0,0,3,Denmark,domestic league (tier 1)
2018/04/15,Superligaen,0,Aalborg BK,1627,1637.0,2 - 0,AC Horsens,1607,1597.0,2,0,Denmark,domestic league (tier 1)
2018/04/22,Superligaen,0,Aalborg BK,1634,1638.0,3 - 3,FC Midtjylland,1893,1889.0,3,3,Denmark,domestic league (tier 1)
2018/05/13,Superligaen,0,Aalborg BK,1626,1639.0,1 - 0,FC København,1842,1829.0,1,0,Denmark,domestic league (tier 1)
2018/05/18,Superligaen,0,Aalborg BK,1639,1639.0,0 - 0,FC Nordsjælland,1747,1747.0,0,0,Denmark,domestic league (tier 1)
2018/07/20,Superligaen,0,Aalborg BK,1660,1674.0,2 - 1,FC Midtjylland,1911,1897.0,2,1,Denmark,domestic league (tier 1)
2018/08/12,Superligaen,0,Aalborg BK,1676,1685.0,1 - 0,FC Nordsjælland,1755,1746.0,1,0,Denmark,domestic league (tier 1)
2018/08/27,Superligaen,0,Aalborg BK,1685,1669.0,0 - 1,Esbjerg fB,1565,1581.0,0,1,Denmark,domestic league (tier 1)
2018/09/17,Superligaen,0,Aalborg BK,1671,1665.0,1 - 1,Vejle BK,1522,1528.0,1,1,Denmark,domestic league (tier 1)
2018/09/30,Superligaen,0,Aalborg BK,1693,1678.0,0 - 1,Odense BK,1617,1632.0,0,1,Denmark,domestic league (tier 1)
2018/10/07,Superligaen,0,Aalborg BK,1678,1664.0,1 - 3,Brøndby IF,1811,1825.0,1,3,Denmark,domestic league (tier 1)
2018/10/28,Superligaen,0,Aalborg BK,1668,1652.0,0 - 1,Vendsyssel FF,1511,1527.0,0,1,Denmark,domestic league (tier 1)
2018/11/11,Superligaen,0,Aalborg BK,1662,1665.0,1 - 1,FC København,1888,1885.0,1,1,Denmark,domestic league (tier 1)
2018/12/09,Superligaen,0,Aalborg BK,1685,1663.0,2 - 4,AC Horsens,1596,1618.0,2,4,Denmark,domestic league (tier 1)
2019/02/10,Superligaen,0,Aalborg BK,1677,1653.0,0 - 3,Randers FC,1634,1658.0,0,3,Denmark,domestic league (tier 1)
2019/02/22,Superligaen,0,Aalborg BK,1651,1661.0,3 - 0,SønderjyskE,1594,1584.0,3,0,Denmark,domestic league (tier 1)
2019/03/01,Superligaen,0,Aalborg BK,1661,1655.0,1 - 1,Hobro IK,1529,1535.0,1,1,Denmark,domestic league (tier 1)
2019/03/17,Superligaen,0,Aalborg BK,1671,1681.0,3 - 1,Aarhus GF,1649,1639.0,3,1,Denmark,domestic league (tier 1)
2019/03/31,Superligaen,0,Aalborg BK,1681,1667.0,1 - 2,Randers FC,1634,1648.0,1,2,Denmark,domestic league (tier 1)
2019/04/17,Superligaen,0,Aalborg BK,1651,1645.0,1 - 1,Vendsyssel FF,1531,1537.0,1,1,Denmark,domestic league (tier 1)
2019/04/26,Superligaen,0,Aalborg BK,1665,1659.0,1 - 1,Hobro IK,1527,1533.0,1,1,Denmark,domestic league (tier 1)
2019/05/05,Superligaen,0,Aalborg BK,1659,1647.0,0 - 1,Aarhus GF,1689,1701.0,0,1,Denmark,domestic league (tier 1)
2019/07/21,Superligaen,0,Aalborg BK,1621,1618.0,1 - 1,SønderjyskE,1595,1598.0,1,1,Denmark,domestic league (tier 1)
2019/07/29,Superligaen,0,Aalborg BK,1618,1625.0,3 - 1,Silkeborg IF,1520,1513.0,3,1,Denmark,domestic league (tier 1)
2019/08/11,Superligaen,0,Aalborg BK,1623,1638.0,4 - 0,Esbjerg fB,1644,1629.0,4,0,Denmark,domestic league (tier 1)
2019/09/01,Superligaen,0,Aalborg BK,1655,1669.0,1 - 0,FC København,1918,1904.0,1,0,Denmark,domestic league (tier 1)
2019/09/29,Superligaen,0,Aalborg BK,1652,1631.0,0 - 3,Randers FC,1679,1700.0,0,3,Denmark,domestic league (tier 1)
2019/10/18,Superligaen,0,Aalborg BK,1648,1657.0,1 - 0,Odense BK,1729,1720.0,1,0,Denmark,domestic league (tier 1)
2019/11/03,Superligaen,0,Aalborg BK,1675,1667.0,0 - 1,FC Midtjylland,1859,1867.0,0,1,Denmark,domestic league (tier 1)
2019/11/24,Superligaen,0,Aalborg BK,1671,1679.0,4 - 0,AC Horsens,1550,1542.0,4,0,Denmark,domestic league (tier 1)
2019/12/01,Superligaen,0,Aalborg BK,1688,1682.0,1 - 1,Hobro IK,1547,1553.0,1,1,Denmark,domestic league (tier 1)
2019/12/13,Superligaen,0,Aalborg BK,1685,1666.0,1 - 3,FC Nordsjælland,1701,1720.0,1,3,Denmark,domestic league (tier 1)
2020/02/23,Superligaen,0,Aalborg BK,1678,1687.0,3 - 2,Brøndby IF,1757,1748.0,3,2,Denmark,domestic league (tier 1)
2020/03/08,Superligaen,0,Aalborg BK,1704,1711.0,3 - 0,Lyngby BK,1562,1555.0,3,0,Denmark,domestic league (tier 1)
2020/06/07,Superligaen,0,Aalborg BK,1710,1699.0,2 - 3,Aarhus GF,1772,1783.0,2,3,Denmark,domestic league (tier 1)
2020/06/14,Superligaen,0,Aalborg BK,1709,1697.0,0 - 2,FC Midtjylland,1887,1899.0,0,2,Denmark,domestic league (tier 1)
2020/06/20,Superligaen,0,Aalborg BK,1692,1670.0,0 - 4,FC Nordsjælland,1734,1756.0,0,4,Denmark,domestic league (tier 1)
2020/07/05,Superligaen,0,Aalborg BK,1680,1695.0,2 - 0,Brøndby IF,1770,1755.0,2,0,Denmark,domestic league (tier 1)
2020/07/09,Superligaen,0,Aalborg BK,1695,1705.0,1 - 0,Aarhus GF,1778,1768.0,1,0,Denmark,domestic league (tier 1)
2020/07/23,Superligaen,0,Aalborg BK,1722,1712.0,0 - 1,FC København,1821,1831.0,0,1,Denmark,domestic league (tier 1)
2020/09/21,Superligaen,0,Aalborg BK,1726,1730.0,1 - 0,AC Horsens,1589,1585.0,1,0,Denmark,domestic league (tier 1)
2020/10/04,Superligaen,0,Aalborg BK,1715,1714.0,1 - 1,Aarhus GF,1792,1793.0,1,1,Denmark,domestic league (tier 1)
2020/10/26,Superligaen,0,Aalborg BK,1729,1706.0,1 - 3,Vejle BK,1615,1638.0,1,3,Denmark,domestic league (tier 1)
2020/11/01,Superligaen,0,Aalborg BK,1706,1715.0,2 - 1,Brøndby IF,1779,1770.0,2,1,Denmark,domestic league (tier 1)
2020/11/22,Superligaen,0,Aalborg BK,1729,1725.0,1 - 1,FC Nordsjælland,1700,1704.0,1,1,Denmark,domestic league (tier 1)
2020/12/13,Superligaen,0,Aalborg BK,1705,1708.0,3 - 2,Lyngby BK,1508,1505.0,3,2,Denmark,domestic league (tier 1)
2021/02/03,Superligaen,0,Aalborg BK,1699,1690.0,2 - 3,FC København,1822,1831.0,2,3,Denmark,domestic league (tier 1)
2021/02/14,Superligaen,0,Aalborg BK,1695,1693.0,0 - 0,Randers FC,1709,1711.0,0,0,Denmark,domestic league (tier 1)
2021/02/19,Superligaen,0,Aalborg BK,1693,1683.0,0 - 2,FC Midtjylland,1914,1924.0,0,2,Denmark,domestic league (tier 1)
2021/03/08,Superligaen,0,Aalborg BK,1674,1680.0,1 - 0,SønderjyskE,1644,1638.0,1,0,Denmark,domestic league (tier 1)
2021/03/21,Superligaen,0,Aalborg BK,1696,1675.0,0 - 2,Odense BK,1647,1668.0,0,2,Denmark,domestic league (tier 1)
2021/04/05,Superligaen,0,Aalborg BK,1675,1681.0,3 - 2,SønderjyskE,1646,1640.0,3,2,Denmark,domestic league (tier 1)
2021/04/21,Superligaen,0,Aalborg BK,1681,1687.0,3 - 2,Odense BK,1650,1644.0,3,2,Denmark,domestic league (tier 1)
2021/04/30,Superligaen,0,Aalborg BK,1676,1685.0,4 - 0,Lyngby BK,1574,1565.0,4,0,Denmark,domestic league (tier 1)
2021/05/16,Superligaen,0,Aalborg BK,1677,1671.0,1 - 1,AC Horsens,1560,1566.0,1,1,Denmark,domestic league (tier 1)
2021/05/19,Superligaen,0,Aalborg BK,1671,1677.0,2 - 1,Vejle BK,1615,1609.0,2,1,Denmark,domestic league (tier 1)
2021/07/24,Superligaen,0,Aalborg BK,1710,1701.0,0 - 1,FC Midtjylland,1858,1867.0,0,1,Denmark,domestic league (tier 1)
2021/08/08,Superligaen,0,Aalborg BK,1703,1714.0,2 - 0,Aarhus GF,1703,1692.0,2,0,Denmark,domestic league (tier 1)
2021/08/27,Superligaen,0,Aalborg BK,1727,1735.0,2 - 1,FC Nordsjælland,1743,1735.0,2,1,Denmark,domestic league (tier 1)
2021/09/17,Superligaen,0,Aalborg BK,1745,1753.0,2 - 0,Odense BK,1682,1674.0,2,0,Denmark,domestic league (tier 1)
2021/10/03,Superligaen,0,Aalborg BK,1760,1768.0,4 - 0,SønderjyskE,1621,1613.0,4,0,Denmark,domestic league (tier 1)
2021/10/25,Superligaen,0,Aalborg BK,1759,1732.0,2 - 5,Viborg FF,1647,1674.0,2,5,Denmark,domestic league (tier 1)
2021/11/07,Superligaen,0,Aalborg BK,1742,1739.0,1 - 1,Randers FC,1750,1753.0,1,1,Denmark,domestic league (tier 1)
2021/11/28,Superligaen,0,Aalborg BK,1752,1738.0,1 - 3,FC København,1880,1894.0,1,3,Denmark,domestic league (tier 1)
2022/02/27,Superligaen,0,Aalborg BK,1763,1739.0,1 - 4,Silkeborg IF,1734,1758.0,1,4,Denmark,domestic league (tier 1)
2022/03/06,Superligaen,0,Aalborg BK,1739,1733.0,0 - 0,Vejle BK,1579,1585.0,0,0,Denmark,domestic league (tier 1)
2022/03/20,Superligaen,0,Aalborg BK,1745,1761.0,3 - 0,Brøndby IF,1823,1807.0,3,0,Denmark,domestic league (tier 1)
2022/04/03,Superligaen,0,Aalborg BK,1761,1753.0,0 - 1,FC København,1920,1928.0,0,1,Denmark,domestic league (tier 1)
2022/04/08,Superligaen,0,Aalborg BK,1753,1765.0,3 - 0,Randers FC,1739,1727.0,3,0,Denmark,domestic league (tier 1)
2022/04/24,Superligaen,0,Aalborg BK,1771,1758.0,1 - 2,Silkeborg IF,1773,1786.0,1,2,Denmark,domestic league (tier 1)
2022/05/08,Superligaen,0,Aalborg BK,1748,1740.0,1 - 2,FC Midtjylland,1904,1912.0,1,2,Denmark,domestic league (tier 1)
2022/05/15,Superligaen,0,Aalborg BK,1742,1723.0,1 - 3,Brøndby IF,1744,1763.0,1,3,Denmark,domestic league (tier 1)
2022/05/29,Superligaen,0,Aalborg BK,1718,1715.0,1 - 1,Viborg FF,1704,1707.0,1,1,Denmark,domestic league (tier 1)
2022/07/24,Superligaen,0,Aalborg BK,1708,1697.0,1 - 3,FC København,1908,1919.0,1,3,Denmark,domestic league (tier 1)
2022/07/31,Superligaen,0,Aalborg BK,1697,1693.0,0 - 0,AC Horsens,1629,1633.0,0,0,Denmark,domestic league (tier 1)
2022/08/14,Superligaen,0,Aalborg BK,1686,1684.0,0 - 0,FC Nordsjælland,1718,1720.0,0,0,Denmark,domestic league (tier 1)
2022/08/21,Superligaen,0,Aalborg BK,1684,1693.0,2 - 1,Brøndby IF,1758,1749.0,2,1,Denmark,domestic league (tier 1)
2022/09/11,Superligaen,0,Aalborg BK,1712,1706.0,1 - 1,Lyngby BK,1545,1551.0,1,1,Denmark,domestic league (tier 1)
2022/09/30,Superligaen,0,Aalborg BK,1693,1690.0,1 - 1,Odense BK,1688,1691.0,1,1,Denmark,domestic league (tier 1)
2022/10/24,Superligaen,0,Aalborg BK,1709,1691.0,1 - 3,Viborg FF,1734,1752.0,1,3,Denmark,domestic league (tier 1)
2022/11/06,Superligaen,0,Aalborg BK,1685,1674.0,1 - 2,Silkeborg IF,1763,1774.0,1,2,Denmark,domestic league (tier 1)
2023/02/17,Superligaen,0,Aalborg BK,1665,1652.0,0 - 1,Aarhus GF,1654,1667.0,0,1,Denmark,domestic league (tier 1)
2023/03/02,Denmark Cup,0,Aalborg BK,1650,1667.0,2 - 0,Viborg FF,1787,1770.0,2,0,Denmark,domestic cup
2023/03/06,Superligaen,0,Aalborg BK,1667,1669.0,0 - 0,FC Midtjylland,1836,1834.0,0,0,Denmark,domestic league (tier 1)
2023/03/19,Superligaen,0,Aalborg BK,1663,1651.0,0 - 1,Randers FC,1689,1701.0,0,1,Denmark,domestic league (tier 1)
2023/04/10,Superligaen,0,Aalborg BK,1667,1655.0,2 - 3,Odense BK,1681,1693.0,2,3,Denmark,domestic league (tier 1)
2023/04/30,Superligaen,0,Aalborg BK,1670,1675.0,1 - 0,Lyngby BK,1595,1590.0,1,0,Denmark,domestic league (tier 1)
2023/05/04,Denmark Cup,0,Aalborg BK,1675,1689.0,4 - 1,Silkeborg IF,1713,1699.0,4,1,Denmark,domestic cup
2023/05/07,Superligaen,0,Aalborg BK,1689,1698.0,4 - 0,AC Horsens,1576,1567.0,4,0,Denmark,domestic league (tier 1)
2023/05/21,Superligaen,0,Aalborg BK,1698,1684.0,0 - 2,FC Midtjylland,1825,1839.0,0,2,Denmark,domestic league (tier 1)
2023/06/03,Superligaen,0,Aalborg BK,1674,1662.0,0 - 1,Silkeborg IF,1701,1713.0,0,1,Denmark,domestic league (tier 1)
2023/07/29,1. Division Denmark,0,Aalborg BK,1669,1673.0,1 - 0,AC Horsens,1537,1533.0,1,0,Denmark,domestic league (tier 2)
2023/08/06,1. Division Denmark,0,Aalborg BK,1673,1678.0,4 - 0,FC Fredericia,1458,1453.0,4,0,Denmark,domestic league (tier 2)
2023/08/18,1. Division Denmark,0,Aalborg BK,1674,1666.0,1 - 1,Næstved BK,1354,1362.0,1,1,Denmark,domestic league (tier 2)
2023/08/27,1. Division Denmark,0,Aalborg BK,1672,1674.0,3 - 0,Hillerød Fodbold,1319,1317.0,3,0,Denmark,domestic league (tier 2)
2023/09/03,1. Division Denmark,0,Aalborg BK,1674,1677.0,3 - 1,Kolding IF,1388,1385.0,3,1,Denmark,domestic league (tier 2)
2023/09/22,1. Division Denmark,0,Aalborg BK,1677,1679.0,2 - 0,HB Køge,1359,1357.0,2,0,Denmark,domestic league (tier 2)
2023/09/26,Denmark Cup,0,Aalborg BK,1679,1662.0,2 - 3,FC Fredericia,1508,1525.0,2,3,Denmark,domestic cup
2023/10/22,1. Division Denmark,0,Aalborg BK,1686,1687.0,2 - 1,B.93 København,1318,1317.0,2,1,Denmark,domestic league (tier 2)
2023/11/05,1. Division Denmark,0,Aalborg BK,1692,1683.0,2 - 2,FC Helsingør,1353,1362.0,2,2,Denmark,domestic league (tier 2)
2023/11/26,1. Division Denmark,0,Aalborg BK,1677,1659.0,1 - 2,Hobro IK,1404,1422.0,1,2,Denmark,domestic league (tier 2)
2024/02/24,1. Division Denmark,0,Aalborg BK,1663,1659.0,2 - 2,SønderjyskE,1614,1618.0,2,2,Denmark,domestic league (tier 2)
2024/03/10,1. Division Denmark,0,Aalborg BK,1669,1672.0,4 - 3,Vendsyssel FF,1485,1482.0,4,3,Denmark,domestic league (tier 2)
2024/03/30,1. Division Denmark,0,Aalborg BK,1678,1683.0,1 - 0,SønderjyskE,1608,1603.0,1,0,Denmark,domestic league (tier 2)
2024/04/21,1. Division Denmark,0,Aalborg BK,1665,1658.0,3 - 3,Kolding IF,1436,1443.0,3,3,Denmark,domestic league (tier 2)
2024/05/05,1. Division Denmark,0,Aalborg BK,1647,1629.0,2 - 3,Hobro IK,1401,1419.0,2,3,Denmark,domestic league (tier 2)
2024/05/17,1. Division Denmark,0,Aalborg BK,1622,1627.0,1 - 0,FC Fredericia,1512,1507.0,1,0,Denmark,domestic league (tier 2)
2024/06/02,1. Division Denmark,0,Aalborg BK,1635,1640.0,4 - 1,Vendsyssel FF,1434,1429.0,4,1,Denmark,domestic league (tier 2)
2024/07/28,Superligaen,0,Aalborg BK,1636,1645.0,2 - 1,Silkeborg IF,1705,1696.0,2,1,Denmark,domestic league (tier 1)
2024/08/18,Superligaen,0,Aalborg BK,1655,1640.0,0 - 4,Brøndby IF,1827,1842.0,0,4,Denmark,domestic league (tier 1)
2024/08/23,Superligaen,0,Aalborg BK,1640,1624.0,0 - 4,Aarhus GF,1791,1807.0,0,4,Denmark,domestic league (tier 1)
2024/09/13,Superligaen,0,Aalborg BK,1618,1624.0,2 - 1,Lyngby BK,1568,1562.0,2,1,Denmark,domestic league (tier 1)
2024/09/29,Superligaen,0,Aalborg BK,1639,1651.0,3 - 0,SønderjyskE,1621,1609.0,3,0,Denmark,domestic league (tier 1)
2024/10/20,Superligaen,0,Aalborg BK,1651,1633.0,0 - 2,Randers FC,1681,1699.0,0,2,Denmark,domestic league (tier 1)
2024/11/03,Superligaen,0,Aalborg BK,1648,1643.0,3 - 3,Vejle BK,1570,1575.0,3,3,Denmark,domestic league (tier 1)
2024/11/24,Superligaen,0,Aalborg BK,1644,1643.0,0 - 0,Viborg FF,1722,1723.0,0,0,Denmark,domestic league (tier 1)
2024/12/16,Denmark Cup,0,Aalborg BK,1646,1636.0,1 - 2,Silkeborg IF,1762,1772.0,1,2,Denmark,domestic cup
2025/02/26,Superligaen,0,Aalborg BK,1630,1623.0,1 - 2,FC Nordsjælland,1839,1846.0,1,2,Denmark,domestic league (tier 1)
2025/03/02,Superligaen,0,Aalborg BK,1623,1628.0,0 - 0,FC København,1920,1915.0,0,0,Denmark,domestic league (tier 1)
2025/03/09,Superligaen,0,Aalborg BK,1628,1617.0,1 - 4,FC Midtjylland,1872,1883.0,1,4,Denmark,domestic league (tier 1)
2025/03/28,Superligaen,0,Aalborg BK,1638,1618.0,0 - 4,Viborg FF,1706,1726.0,0,4,Denmark,domestic league (tier 1)
2025/04/11,Superligaen,0,Aalborg BK,1620,1616.0,2 - 2,Lyngby BK,1567,1571.0,2,2,Denmark,domestic league (tier 1)
2025/04/20,Superligaen,0,Aalborg BK,1609,1596.0,2 - 3,SønderjyskE,1606,1619.0,2,3,Denmark,domestic league (tier 1)
2025/04/28,Superligaen,0,Aalborg BK,1596,1583.0,0 - 1,Vejle BK,1572,1585.0,0,1,Denmark,domestic league (tier 1)
2025/05/18,Superligaen,0,Aalborg BK,1581,1574.0,2 - 3,Silkeborg IF,1772,1779.0,2,3,Denmark,domestic league (tier 1)
2025/08/01,1. Division Denmark,0,Aalborg BK,1556,1549.0,1 - 1,Hobro IK,1368,1375.0,1,1,Denmark,domestic league (tier 2)
2025/08/15,1. Division Denmark,0,Aalborg BK,1566,1543.0,0 - 2,AC Horsens,1473,1496.0,0,2,Denmark,domestic league (tier 2)
2025/08/22,1. Division Denmark,0,Aalborg BK,1532,1542.0,4 - 0,Hvidovre IF,1463,1453.0,4,0,Denmark,domestic league (tier 2)
2025/09/14,1. Division Denmark,0,Aalborg BK,1519,1525.0,4 - 0,Middelfart Boldklub,1315,1309.0,4,0,Denmark,domestic league (tier 2)
2025/09/17,Denmark Cup,0,Aalborg BK,1525,1520.0,0 - 3,FC Midtjylland,1933,1938.0,0,3,Denmark,domestic cup
2025/09/21,1. Division Denmark,0,Aalborg BK,1520,1526.0,3 - 0,B.93 København,1346,1340.0,3,0,Denmark,domestic league (tier 2)
2025/10/02,1. Division Denmark,0,Aalborg BK,1520,1523.0,2 - 1,HB Køge,1303,1300.0,2,1,Denmark,domestic league (tier 2)
2025/10/25,1. Division Denmark,0,Aalborg BK,1521,1530.0,3 - 2,Lyngby BK,1573,1564.0,3,2,Denmark,domestic league (tier 2)
2025/11/22,1. Division Denmark,0,Aalborg BK,1538,1513.0,0 - 3,Kolding IF,1480,1505.0,0,3,Denmark,domestic league (tier 2)
2026/02/27,1. Division Denmark,0,Aalborg BK,1515,1512.0,3 - 3,Hillerød Fodbold,1499,1502.0,3,3,Denmark,domestic league (tier 2)
2026/03/06,1. Division Denmark,0,Aalborg BK,1512,1496.0,0 - 1,Aarhus Fremad,1388,1404.0,0,1,Denmark,domestic league (tier 2)
2026/03/21,1. Division Denmark,0,Aalborg BK,1486,1482.0,1 - 1,Esbjerg fB,1447,1451.0,1,1,Denmark,domestic league (tier 2)
2026/04/18,1. Division Denmark,0,Aalborg BK,1505,1512.0,3 - 1,Aarhus Fremad,1392,1385.0,3,1,Denmark,domestic league (tier 2)
2026/04/23,1. Division Denmark,0,Aalborg BK,1512,1515.0,3 - 2,B.93 København,1309,1306.0,3,2,Denmark,domestic league (tier 2)
2026/05/01,1. Division Denmark,0,Aalborg BK,1513,1508.0,1 - 1,Hobro IK,1420,1425.0,1,1,Denmark,domestic league (tier 2)
2026/05/08,1. Division Denmark,0,Aalborg BK,1508,1481.0,1 - 3,Middelfart Boldklub,1206,1233.0,1,3,Denmark,domestic league (tier 2)
2026/05/30,1. Division Denmark,0,Aalborg BK,1461,1466.0,1 - 0,HB Køge,1373,1368.0,1,0,Denmark,domestic league (tier 2)
2026/07/24,1. Division Denmark,0,Aalborg BK,1466,1474.0,1 - 0,Hillerød Fodbold,1479,1471.0,1,0,Denmark,domestic league (tier 2)
2026/08/09,1. Division Denmark,0,Aalborg BK,1486,1482.0,1 - 1,Kolding IF,1435,1439.0,1,1,Denmark,domestic league (tier 2)
2026/08/14,1. Division Denmark,0,Aalborg BK,1482,1466.0,0 - 3,FC Fredericia,1609,1625.0,0,3,Denmark,domestic league (tier 2)
2026/08/29,1. Division Denmark,0,Aalborg BK,1457,1451.0,0 - 0,HB Køge,1323,1329.0,0,0,Denmark,domestic league (tier 2)
2022/10/19,Denmark Cup,0,Aarhus Fremad,1354,1386.0,4 - 0,Brøndby IF,1755,1723.0,4,0,Denmark,domestic cup
2022/11/09,Denmark Cup,0,Aarhus Fremad,1386,1395.0,3 - 1,Fremad Amager,1332,1323.0,3,1,Denmark,domestic cup
2023/02/28,Denmark Cup,0,Aarhus Fremad,1395,1390.0,0 - 3,FC Nordsjælland,1798,1803.0,0,3,Denmark,domestic cup
2023/09/27,Denmark Cup,0,Aarhus Fremad,1388,1374.0,1 - 2,FC Helsingør,1357,1371.0,1,2,Denmark,domestic cup
2025/08/02,1. Division Denmark,0,Aarhus Fremad,1364,1354.0,0 - 2,Lyngby BK,1573,1583.0,0,2,Denmark,domestic league (tier 2)
2025/08/09,1. Division Denmark,0,Aarhus Fremad,1354,1371.0,3 - 1,Hillerød Fodbold,1510,1493.0,3,1,Denmark,domestic league (tier 2)
2025/08/20,1. Division Denmark,0,Aarhus Fremad,1363,1365.0,2 - 2,Kolding IF,1527,1525.0,2,2,Denmark,domestic league (tier 2)
2025/08/29,1. Division Denmark,0,Aarhus Fremad,1366,1389.0,5 - 1,Aalborg BK,1542,1519.0,5,1,Denmark,domestic league (tier 2)
2025/09/20,1. Division Denmark,0,Aarhus Fremad,1407,1419.0,3 - 0,Hobro IK,1387,1375.0,3,0,Denmark,domestic league (tier 2)
2025/09/24,Denmark Cup,0,Aarhus Fremad,1419,1405.0,1 - 2,Hobro IK,1375,1389.0,1,2,Denmark,domestic cup
2025/10/04,1. Division Denmark,0,Aarhus Fremad,1408,1394.0,1 - 2,B.93 København,1343,1357.0,1,2,Denmark,domestic league (tier 2)
2025/10/25,1. Division Denmark,0,Aarhus Fremad,1401,1388.0,0 - 1,Esbjerg fB,1388,1401.0,0,1,Denmark,domestic league (tier 2)
2025/11/01,1. Division Denmark,0,Aarhus Fremad,1388,1388.0,0 - 0,Hvidovre IF,1490,1490.0,0,0,Denmark,domestic league (tier 2)
2025/11/23,1. Division Denmark,0,Aarhus Fremad,1377,1373.0,2 - 2,HB Køge,1326,1330.0,2,2,Denmark,domestic league (tier 2)
2026/02/28,1. Division Denmark,0,Aarhus Fremad,1379,1388.0,4 - 1,Middelfart Boldklub,1291,1282.0,4,1,Denmark,domestic league (tier 2)
2026/03/14,1. Division Denmark,0,Aarhus Fremad,1404,1403.0,0 - 0,AC Horsens,1462,1463.0,0,0,Denmark,domestic league (tier 2)
2026/04/11,1. Division Denmark,0,Aarhus Fremad,1383,1392.0,3 - 1,B.93 København,1331,1322.0,3,1,Denmark,domestic league (tier 2)
2026/04/22,1. Division Denmark,0,Aarhus Fremad,1385,1392.0,5 - 1,Middelfart Boldklub,1226,1219.0,5,1,Denmark,domestic league (tier 2)
2026/04/26,1. Division Denmark,0,Aarhus Fremad,1392,1380.0,0 - 1,Hobro IK,1408,1420.0,0,1,Denmark,domestic league (tier 2)
2026/05/09,1. Division Denmark,0,Aarhus Fremad,1388,1385.0,0 - 0,HB Køge,1366,1369.0,0,0,Denmark,domestic league (tier 2)
2026/05/22,1. Division Denmark,0,Aarhus Fremad,1409,1427.0,5 - 0,Aalborg BK,1479,1461.0,5,0,Denmark,domestic league (tier 2)
2026/07/31,1. Division Denmark,0,Aarhus Fremad,1439,1427.0,1 - 2,Aalborg BK,1474,1486.0,1,2,Denmark,domestic league (tier 2)
2026/08/08,1. Division Denmark,0,Aarhus Fremad,1427,1435.0,3 - 1,HB Køge,1345,1337.0,3,1,Denmark,domestic league (tier 2)
2026/08/30,1. Division Denmark,0,Aarhus Fremad,1445,1447.0,0 - 0,Vejle BK,1632,1630.0,0,0,Denmark,domestic league (tier 2)
2026/09/06,1. Division Denmark,0,Aarhus Fremad,1447,,Info,Kolding IF,1437,,,,Denmark,domestic league (tier 2)
2016/07/22,Superligaen,0,Aarhus GF,1684,1689.0,2 - 1,Viborg FF,1600,1595.0,2,1,Denmark,domestic league (tier 1)
2016/07/31,Superligaen,0,Aarhus GF,1689,1677.0,1 - 2,Randers FC,1712,1724.0,1,2,Denmark,domestic league (tier 1)
2016/08/21,Superligaen,0,Aarhus GF,1677,1655.0,0 - 7,Brøndby IF,1786,1808.0,0,7,Denmark,domestic league (tier 1)
2016/09/12,Superligaen,0,Aarhus GF,1650,1660.0,3 - 1,FC Nordsjælland,1617,1607.0,3,1,Denmark,domestic league (tier 1)
2016/09/21,Superligaen,0,Aarhus GF,1649,1651.0,1 - 1,FC Midtjylland,1817,1815.0,1,1,Denmark,domestic league (tier 1)
2016/10/14,Superligaen,0,Aarhus GF,1641,1636.0,1 - 1,AC Horsens,1551,1556.0,1,1,Denmark,domestic league (tier 1)
2016/10/31,Superligaen,0,Aarhus GF,1644,1653.0,6 - 2,Esbjerg fB,1541,1532.0,6,2,Denmark,domestic league (tier 1)
2016/11/04,Superligaen,0,Aarhus GF,1653,1648.0,0 - 0,Silkeborg IF,1584,1589.0,0,0,Denmark,domestic league (tier 1)
2016/11/29,Superligaen,0,Aarhus GF,1661,1647.0,0 - 1,Lyngby BK,1607,1621.0,0,1,Denmark,domestic league (tier 1)
2016/12/11,Superligaen,0,Aarhus GF,1663,1659.0,0 - 1,FC København,2010,2014.0,0,1,Denmark,domestic league (tier 1)
2017/02/19,Superligaen,0,Aarhus GF,1659,1646.0,1 - 2,Aalborg BK,1661,1674.0,1,2,Denmark,domestic league (tier 1)
2017/03/04,Superligaen,0,Aarhus GF,1647,1636.0,1 - 2,SønderjyskE,1725,1736.0,1,2,Denmark,domestic league (tier 1)
2017/03/19,Superligaen,0,Aarhus GF,1654,1641.0,1 - 2,Odense BK,1642,1655.0,1,2,Denmark,domestic league (tier 1)
2017/04/10,Superligaen,0,Aarhus GF,1657,1635.0,1 - 3,Silkeborg IF,1594,1616.0,1,3,Denmark,domestic league (tier 1)
2017/04/24,Superligaen,0,Aarhus GF,1628,1643.0,4 - 0,Aalborg BK,1651,1636.0,4,0,Denmark,domestic league (tier 1)
2017/05/07,Superligaen,0,Aarhus GF,1661,1667.0,1 - 0,Viborg FF,1604,1598.0,1,0,Denmark,domestic league (tier 1)
2017/07/14,Superligaen,0,Aarhus GF,1681,1665.0,1 - 2,AC Horsens,1551,1567.0,1,2,Denmark,domestic league (tier 1)
2017/07/21,Superligaen,0,Aarhus GF,1665,1670.0,2 - 0,Hobro IK,1502,1497.0,2,0,Denmark,domestic league (tier 1)
2017/08/13,Superligaen,0,Aarhus GF,1650,1647.0,0 - 0,Odense BK,1649,1652.0,0,0,Denmark,domestic league (tier 1)
2017/08/20,Superligaen,0,Aarhus GF,1647,1663.0,2 - 0,Brøndby IF,1781,1765.0,2,0,Denmark,domestic league (tier 1)
2017/09/09,Superligaen,0,Aarhus GF,1674,1649.0,1 - 4,Randers FC,1623,1648.0,1,4,Denmark,domestic league (tier 1)
2017/09/25,Superligaen,0,Aarhus GF,1650,1634.0,0 - 3,FC Midtjylland,1785,1801.0,0,3,Denmark,domestic league (tier 1)
2017/10/16,Superligaen,0,Aarhus GF,1648,1630.0,0 - 2,Lyngby BK,1683,1701.0,0,2,Denmark,domestic league (tier 1)
2017/10/27,Superligaen,0,Aarhus GF,1625,1608.0,1 - 4,FC Nordsjælland,1734,1751.0,1,4,Denmark,domestic league (tier 1)
2017/11/18,Superligaen,0,Aarhus GF,1601,1610.0,3 - 1,Silkeborg IF,1553,1544.0,3,1,Denmark,domestic league (tier 1)
2017/12/01,Superligaen,0,Aarhus GF,1605,1598.0,0 - 0,FC Helsingør,1430,1437.0,0,0,Denmark,domestic league (tier 1)
2018/02/19,Superligaen,0,Aarhus GF,1618,1618.0,0 - 0,SønderjyskE,1709,1709.0,0,0,Denmark,domestic league (tier 1)
2018/03/04,Superligaen,0,Aarhus GF,1623,1616.0,0 - 1,FC København,1817,1824.0,0,1,Denmark,domestic league (tier 1)
2018/03/18,Superligaen,0,Aarhus GF,1630,1628.0,0 - 0,Aalborg BK,1663,1665.0,0,0,Denmark,domestic league (tier 1)
2018/04/08,Superligaen,0,Aarhus GF,1645,1651.0,2 - 1,Silkeborg IF,1595,1589.0,2,1,Denmark,domestic league (tier 1)
2018/04/13,Superligaen,0,Aarhus GF,1651,1654.0,2 - 1,FC Helsingør,1448,1445.0,2,1,Denmark,domestic league (tier 1)
2018/04/23,Superligaen,0,Aarhus GF,1641,1626.0,0 - 1,Hobro IK,1568,1583.0,0,1,Denmark,domestic league (tier 1)
2018/05/06,Superligaen,0,Aarhus GF,1647,1654.0,3 - 2,Odense BK,1638,1631.0,3,2,Denmark,domestic league (tier 1)
2018/05/19,Superligaen,0,Aarhus GF,1666,1663.0,2 - 2,SønderjyskE,1667,1670.0,2,2,Denmark,domestic league (tier 1)
2018/07/22,Superligaen,0,Aarhus GF,1683,1682.0,1 - 1,FC Nordsjælland,1743,1744.0,1,1,Denmark,domestic league (tier 1)
2018/08/03,Superligaen,0,Aarhus GF,1681,1687.0,1 - 0,SønderjyskE,1650,1644.0,1,0,Denmark,domestic league (tier 1)
2018/08/19,Superligaen,0,Aarhus GF,1688,1690.0,1 - 1,FC København,1870,1868.0,1,1,Denmark,domestic league (tier 1)
2018/09/02,Superligaen,0,Aarhus GF,1704,1697.0,1 - 1,Vendsyssel FF,1508,1515.0,1,1,Denmark,domestic league (tier 1)
2018/09/23,Superligaen,0,Aarhus GF,1687,1698.0,3 - 2,Brøndby IF,1839,1828.0,3,2,Denmark,domestic league (tier 1)
2018/10/21,Superligaen,0,Aarhus GF,1704,1700.0,2 - 2,Aalborg BK,1664,1668.0,2,2,Denmark,domestic league (tier 1)
2018/11/04,Superligaen,0,Aarhus GF,1680,1657.0,0 - 2,Randers FC,1588,1611.0,0,2,Denmark,domestic league (tier 1)
2018/11/26,Superligaen,0,Aarhus GF,1651,1637.0,1 - 2,AC Horsens,1592,1606.0,1,2,Denmark,domestic league (tier 1)
2018/12/03,Superligaen,0,Aarhus GF,1637,1641.0,2 - 1,Vejle BK,1519,1515.0,2,1,Denmark,domestic league (tier 1)
2018/12/17,Superligaen,0,Aarhus GF,1635,1640.0,1 - 0,Hobro IK,1522,1517.0,1,0,Denmark,domestic league (tier 1)
2019/02/08,Superligaen,0,Aarhus GF,1640,1650.0,2 - 0,Esbjerg fB,1626,1616.0,2,0,Denmark,domestic league (tier 1)
2019/02/24,Superligaen,0,Aarhus GF,1668,1662.0,1 - 2,FC Midtjylland,1931,1937.0,1,2,Denmark,domestic league (tier 1)
2019/03/11,Superligaen,0,Aarhus GF,1661,1649.0,1 - 2,Odense BK,1702,1714.0,1,2,Denmark,domestic league (tier 1)
2019/04/01,Superligaen,0,Aarhus GF,1639,1633.0,2 - 2,Vejle BK,1494,1500.0,2,2,Denmark,domestic league (tier 1)
2019/04/18,Superligaen,0,Aarhus GF,1664,1669.0,2 - 1,SønderjyskE,1577,1572.0,2,1,Denmark,domestic league (tier 1)
2019/04/28,Superligaen,0,Aarhus GF,1683,1689.0,3 - 1,AC Horsens,1535,1529.0,3,1,Denmark,domestic league (tier 1)
2019/05/12,Superligaen,0,Aarhus GF,1701,1710.0,2 - 0,Aalborg BK,1647,1638.0,2,0,Denmark,domestic league (tier 1)
2019/05/26,Superligaen,0,Aarhus GF,1701,1697.0,1 - 1,Randers FC,1653,1657.0,1,1,Denmark,domestic league (tier 1)
2019/07/28,Superligaen,0,Aarhus GF,1693,1685.0,0 - 1,FC Midtjylland,1877,1885.0,0,1,Denmark,domestic league (tier 1)
2019/08/19,Superligaen,0,Aarhus GF,1673,1680.0,2 - 0,AC Horsens,1554,1547.0,2,0,Denmark,domestic league (tier 1)
2019/09/01,Superligaen,0,Aarhus GF,1707,1712.0,1 - 0,Esbjerg fB,1627,1622.0,1,0,Denmark,domestic league (tier 1)
2019/09/15,Superligaen,0,Aarhus GF,1712,1723.0,3 - 0,Aalborg BK,1669,1658.0,3,0,Denmark,domestic league (tier 1)
2019/09/29,Superligaen,0,Aarhus GF,1742,1752.0,3 - 1,FC Nordsjælland,1716,1706.0,3,1,Denmark,domestic league (tier 1)
2019/10/20,Superligaen,0,Aarhus GF,1739,1721.0,3 - 4,Silkeborg IF,1496,1514.0,3,4,Denmark,domestic league (tier 1)
2019/10/28,Superligaen,0,Aarhus GF,1721,1713.0,1 - 2,FC København,1887,1895.0,1,2,Denmark,domestic league (tier 1)
2019/11/10,Superligaen,0,Aarhus GF,1734,1741.0,4 - 2,SønderjyskE,1614,1607.0,4,2,Denmark,domestic league (tier 1)
2019/11/24,Superligaen,0,Aarhus GF,1741,1749.0,2 - 1,Brøndby IF,1768,1760.0,2,1,Denmark,domestic league (tier 1)
2019/12/08,Superligaen,0,Aarhus GF,1758,1751.0,1 - 1,Lyngby BK,1541,1548.0,1,1,Denmark,domestic league (tier 1)
2020/02/28,Superligaen,0,Aarhus GF,1782,1774.0,0 - 0,Hobro IK,1542,1550.0,0,0,Denmark,domestic league (tier 1)
2020/05/28,Superligaen,0,Aarhus GF,1772,1767.0,1 - 1,Randers FC,1670,1675.0,1,1,Denmark,domestic league (tier 1)
2020/06/01,Superligaen,0,Aarhus GF,1767,1772.0,1 - 0,Odense BK,1667,1662.0,1,0,Denmark,domestic league (tier 1)
2020/06/17,Superligaen,0,Aarhus GF,1775,1781.0,2 - 1,FC Nordsjælland,1740,1734.0,2,1,Denmark,domestic league (tier 1)
2020/06/26,Superligaen,0,Aarhus GF,1796,1768.0,1 - 4,Aalborg BK,1670,1698.0,1,4,Denmark,domestic league (tier 1)
2020/07/05,Superligaen,0,Aarhus GF,1768,1778.0,1 - 0,FC København,1866,1856.0,1,0,Denmark,domestic league (tier 1)
2020/07/12,Superligaen,0,Aarhus GF,1768,1788.0,3 - 0,FC Midtjylland,1908,1888.0,3,0,Denmark,domestic league (tier 1)
2020/07/26,Superligaen,0,Aarhus GF,1809,1795.0,0 - 1,Brøndby IF,1759,1773.0,0,1,Denmark,domestic league (tier 1)
2020/07/29,Superligaen,0,Aarhus GF,1795,1799.0,2 - 1,Odense BK,1664,1660.0,2,1,Denmark,domestic league (tier 1)
2020/09/14,Superligaen,0,Aarhus GF,1804,1808.0,4 - 2,Vejle BK,1557,1553.0,4,2,Denmark,domestic league (tier 1)
2020/09/27,Superligaen,0,Aarhus GF,1785,1792.0,4 - 2,Odense BK,1671,1664.0,4,2,Denmark,domestic league (tier 1)
2020/10/18,Superligaen,0,Aarhus GF,1793,1798.0,3 - 0,AC Horsens,1588,1583.0,3,0,Denmark,domestic league (tier 1)
2020/10/25,Superligaen,0,Aarhus GF,1798,1786.0,0 - 1,FC København,1811,1823.0,0,1,Denmark,domestic league (tier 1)
2020/11/22,Superligaen,0,Aarhus GF,1784,1774.0,1 - 2,FC Midtjylland,1891,1901.0,1,2,Denmark,domestic league (tier 1)
2020/12/07,Superligaen,0,Aarhus GF,1760,1772.0,3 - 1,Brøndby IF,1793,1781.0,3,1,Denmark,domestic league (tier 1)
2020/12/20,Superligaen,0,Aarhus GF,1782,1791.0,3 - 0,Aalborg BK,1708,1699.0,3,0,Denmark,domestic league (tier 1)
2021/02/07,Superligaen,0,Aarhus GF,1788,1790.0,1 - 0,Lyngby BK,1519,1517.0,1,0,Denmark,domestic league (tier 1)
2021/02/21,Superligaen,0,Aarhus GF,1791,1798.0,2 - 0,SønderjyskE,1682,1675.0,2,0,Denmark,domestic league (tier 1)
2021/03/03,Superligaen,0,Aarhus GF,1802,1786.0,0 - 1,FC Nordsjælland,1668,1684.0,0,1,Denmark,domestic league (tier 1)
2021/03/15,Superligaen,0,Aarhus GF,1784,1779.0,1 - 1,Randers FC,1696,1701.0,1,1,Denmark,domestic league (tier 1)
2021/04/11,Superligaen,0,Aarhus GF,1747,1732.0,1 - 4,FC Midtjylland,1903,1918.0,1,4,Denmark,domestic league (tier 1)
2021/04/22,Superligaen,0,Aarhus GF,1738,1748.0,2 - 0,Randers FC,1716,1706.0,2,0,Denmark,domestic league (tier 1)
2021/04/25,Superligaen,0,Aarhus GF,1748,1737.0,1 - 2,FC København,1824,1835.0,1,2,Denmark,domestic league (tier 1)
2021/05/16,Superligaen,0,Aarhus GF,1744,1754.0,3 - 1,FC Nordsjælland,1722,1712.0,3,1,Denmark,domestic league (tier 1)
2021/05/20,Superligaen,0,Aarhus GF,1754,1743.0,1 - 2,Brøndby IF,1802,1813.0,1,2,Denmark,domestic league (tier 1)
2021/05/28,Superligaen,0,Aarhus GF,1735,1731.0,2 - 2,Aalborg BK,1700,1704.0,2,2,Denmark,domestic league (tier 1)
2021/07/18,Superligaen,0,Aarhus GF,1731,1731.0,1 - 1,Brøndby IF,1820,1820.0,1,1,Denmark,domestic league (tier 1)
2021/08/01,Superligaen,0,Aarhus GF,1715,1703.0,1 - 2,Randers FC,1738,1750.0,1,2,Denmark,domestic league (tier 1)
2021/08/15,Superligaen,0,Aarhus GF,1692,1680.0,1 - 3,FC København,1868,1880.0,1,3,Denmark,domestic league (tier 1)
2021/08/29,Superligaen,0,Aarhus GF,1667,1664.0,2 - 2,Odense BK,1669,1672.0,2,2,Denmark,domestic league (tier 1)
2021/09/12,Superligaen,0,Aarhus GF,1664,1669.0,1 - 0,Vejle BK,1563,1558.0,1,0,Denmark,domestic league (tier 1)
2021/09/27,Superligaen,0,Aarhus GF,1697,1702.0,1 - 0,SønderjyskE,1626,1621.0,1,0,Denmark,domestic league (tier 1)
2021/10/18,Superligaen,0,Aarhus GF,1696,1705.0,1 - 0,Aalborg BK,1768,1759.0,1,0,Denmark,domestic league (tier 1)
2021/10/27,Denmark Cup,0,Aarhus GF,1699,1677.0,0 - 2,SønderjyskE,1616,1638.0,0,2,Denmark,domestic cup
2021/11/07,Superligaen,0,Aarhus GF,1681,1705.0,3 - 0,FC Midtjylland,1921,1897.0,3,0,Denmark,domestic league (tier 1)
2021/11/26,Superligaen,0,Aarhus GF,1712,1710.0,1 - 1,Silkeborg IF,1725,1727.0,1,1,Denmark,domestic league (tier 1)
2022/03/07,Superligaen,0,Aarhus GF,1708,1693.0,2 - 3,FC Nordsjælland,1623,1638.0,2,3,Denmark,domestic league (tier 1)
2022/03/20,Superligaen,0,Aarhus GF,1699,1696.0,1 - 1,Viborg FF,1678,1681.0,1,1,Denmark,domestic league (tier 1)
2022/04/03,Superligaen,0,Aarhus GF,1696,1691.0,0 - 0,Vejle BK,1593,1598.0,0,0,Denmark,domestic league (tier 1)
2022/04/14,Superligaen,0,Aarhus GF,1692,1673.0,0 - 2,Viborg FF,1686,1705.0,0,2,Denmark,domestic league (tier 1)
2022/04/24,Superligaen,0,Aarhus GF,1663,1651.0,1 - 2,Odense BK,1691,1703.0,1,2,Denmark,domestic league (tier 1)
2022/05/08,Superligaen,0,Aarhus GF,1645,1640.0,1 - 1,SønderjyskE,1574,1579.0,1,1,Denmark,domestic league (tier 1)
2022/05/21,Superligaen,0,Aarhus GF,1625,1623.0,2 - 2,FC Nordsjælland,1660,1662.0,2,2,Denmark,domestic league (tier 1)
2022/07/24,Superligaen,0,Aarhus GF,1619,1634.0,3 - 1,Viborg FF,1718,1703.0,3,1,Denmark,domestic league (tier 1)
2022/07/31,Superligaen,0,Aarhus GF,1634,1633.0,0 - 0,Randers FC,1710,1711.0,0,0,Denmark,domestic league (tier 1)
2022/08/15,Superligaen,0,Aarhus GF,1647,1653.0,1 - 0,Lyngby BK,1588,1582.0,1,0,Denmark,domestic league (tier 1)
2022/09/05,Superligaen,0,Aarhus GF,1670,1659.0,2 - 3,FC Nordsjælland,1725,1736.0,2,3,Denmark,domestic league (tier 1)
2022/09/17,Superligaen,0,Aarhus GF,1654,1667.0,3 - 1,Aalborg BK,1706,1693.0,3,1,Denmark,domestic league (tier 1)
2022/10/09,Superligaen,0,Aarhus GF,1664,1656.0,0 - 1,FC Midtjylland,1850,1858.0,0,1,Denmark,domestic league (tier 1)
2022/10/23,Superligaen,0,Aarhus GF,1668,1667.0,2 - 2,Brøndby IF,1723,1724.0,2,2,Denmark,domestic league (tier 1)
2022/11/10,Denmark Cup,0,Aarhus GF,1681,1665.0,0 - 2,FC Nordsjælland,1769,1785.0,0,2,Denmark,domestic cup
2022/11/13,Superligaen,0,Aarhus GF,1665,1654.0,0 - 2,FC København,1872,1883.0,0,2,Denmark,domestic league (tier 1)
2023/02/26,Superligaen,0,Aarhus GF,1667,1666.0,1 - 1,Silkeborg IF,1747,1748.0,1,1,Denmark,domestic league (tier 1)
2023/03/03,Superligaen,0,Aarhus GF,1666,1675.0,2 - 0,AC Horsens,1610,1601.0,2,0,Denmark,domestic league (tier 1)
2023/03/19,Superligaen,0,Aarhus GF,1689,1697.0,1 - 0,Odense BK,1703,1695.0,1,0,Denmark,domestic league (tier 1)
2023/04/03,Superligaen,0,Aarhus GF,1697,1694.0,1 - 1,Randers FC,1701,1704.0,1,1,Denmark,domestic league (tier 1)
2023/04/23,Superligaen,0,Aarhus GF,1702,1705.0,0 - 0,FC København,1912,1909.0,0,0,Denmark,domestic league (tier 1)
2023/05/07,Superligaen,0,Aarhus GF,1720,1736.0,3 - 0,Viborg FF,1784,1768.0,3,0,Denmark,domestic league (tier 1)
2023/05/14,Superligaen,0,Aarhus GF,1736,1735.0,1 - 1,FC Nordsjælland,1794,1795.0,1,1,Denmark,domestic league (tier 1)
2023/06/04,Superligaen,0,Aarhus GF,1748,1745.0,3 - 3,Brøndby IF,1733,1736.0,3,3,Denmark,domestic league (tier 1)
2023/07/23,Superligaen,0,Aarhus GF,1745,1749.0,1 - 0,Vejle BK,1624,1620.0,1,0,Denmark,domestic league (tier 1)
2023/07/31,Superligaen,0,Aarhus GF,1744,1727.0,1 - 3,FC Nordsjælland,1793,1810.0,1,3,Denmark,domestic league (tier 1)
2023/08/13,Superligaen,0,Aarhus GF,1747,1743.0,2 - 2,Silkeborg IF,1700,1704.0,2,2,Denmark,domestic league (tier 1)
2023/08/27,Superligaen,0,Aarhus GF,1745,1749.0,1 - 0,Lyngby BK,1619,1615.0,1,0,Denmark,domestic league (tier 1)
2023/09/17,Superligaen,0,Aarhus GF,1753,1731.0,0 - 3,Brøndby IF,1765,1787.0,0,3,Denmark,domestic league (tier 1)
2023/10/08,Superligaen,0,Aarhus GF,1727,1729.0,1 - 1,FC København,1915,1913.0,1,1,Denmark,domestic league (tier 1)
2023/10/30,Superligaen,0,Aarhus GF,1745,1750.0,2 - 1,Randers FC,1673,1668.0,2,1,Denmark,domestic league (tier 1)
2023/11/12,Superligaen,0,Aarhus GF,1754,1763.0,2 - 0,Viborg FF,1718,1709.0,2,0,Denmark,domestic league (tier 1)
2023/12/07,Denmark Cup,0,Aarhus GF,1784,1796.0,2 - 0,Brøndby IF,1816,1804.0,2,0,Denmark,domestic cup
2024/02/25,Superligaen,0,Aarhus GF,1787,1776.0,2 - 3,FC Midtjylland,1865,1876.0,2,3,Denmark,domestic league (tier 1)
2024/03/03,Superligaen,0,Aarhus GF,1776,1771.0,1 - 1,Odense BK,1664,1669.0,1,1,Denmark,domestic league (tier 1)
2024/03/17,Superligaen,0,Aarhus GF,1782,1784.0,1 - 0,Hvidovre IF,1506,1504.0,1,0,Denmark,domestic league (tier 1)
2024/04/07,Superligaen,0,Aarhus GF,1798,1788.0,0 - 1,FC Midtjylland,1885,1895.0,0,1,Denmark,domestic league (tier 1)
2024/04/11,Denmark Cup,0,Aarhus GF,1788,1797.0,1 - 0,FC Nordsjælland,1856,1847.0,1,0,Denmark,domestic cup
2024/04/14,Superligaen,0,Aarhus GF,1797,1796.0,2 - 2,Brøndby IF,1853,1854.0,2,2,Denmark,domestic league (tier 1)
2024/05/03,Superligaen,0,Aarhus GF,1781,1765.0,1 - 3,FC Nordsjælland,1863,1879.0,1,3,Denmark,domestic league (tier 1)
2024/05/16,Superligaen,0,Aarhus GF,1749,1735.0,0 - 1,Silkeborg IF,1698,1712.0,0,1,Denmark,domestic league (tier 1)
2024/05/21,Superligaen,0,Aarhus GF,1735,1748.0,3 - 2,FC København,1934,1921.0,3,2,Denmark,domestic league (tier 1)
2024/07/19,Superligaen,0,Aarhus GF,1764,1765.0,1 - 1,FC Midtjylland,1884,1883.0,1,1,Denmark,domestic league (tier 1)
2024/08/02,Superligaen,0,Aarhus GF,1761,1769.0,4 - 0,SønderjyskE,1622,1614.0,4,0,Denmark,domestic league (tier 1)
2024/08/19,Superligaen,0,Aarhus GF,1784,1791.0,5 - 1,Vejle BK,1623,1616.0,5,1,Denmark,domestic league (tier 1)
2024/08/31,Superligaen,0,Aarhus GF,1807,1820.0,4 - 2,FC Nordsjælland,1866,1853.0,4,2,Denmark,domestic league (tier 1)
2024/09/15,Superligaen,0,Aarhus GF,1820,1815.0,1 - 1,Silkeborg IF,1750,1755.0,1,1,Denmark,domestic league (tier 1)
2024/09/28,Superligaen,0,Aarhus GF,1815,1809.0,2 - 2,Randers FC,1681,1687.0,2,2,Denmark,domestic league (tier 1)
2024/10/21,Superligaen,0,Aarhus GF,1809,1817.0,1 - 0,Brøndby IF,1840,1832.0,1,0,Denmark,domestic league (tier 1)
2024/11/03,Superligaen,0,Aarhus GF,1810,1812.0,2 - 1,Lyngby BK,1564,1562.0,2,1,Denmark,domestic league (tier 1)
2024/11/10,Superligaen,0,Aarhus GF,1814,1813.0,1 - 1,FC København,1896,1897.0,1,1,Denmark,domestic league (tier 1)
2024/12/08,Denmark Cup,0,Aarhus GF,1808,1817.0,1 - 0,Brøndby IF,1863,1854.0,1,0,Denmark,domestic cup
2025/02/23,Superligaen,0,Aarhus GF,1821,1827.0,4 - 0,Aalborg BK,1636,1630.0,4,0,Denmark,domestic league (tier 1)
2025/03/09,Superligaen,0,Aarhus GF,1827,1821.0,1 - 1,Viborg FF,1687,1693.0,1,1,Denmark,domestic league (tier 1)
2025/03/30,Superligaen,0,Aarhus GF,1807,1819.0,2 - 0,FC Nordsjælland,1827,1815.0,2,0,Denmark,domestic league (tier 1)
2025/04/13,Superligaen,0,Aarhus GF,1813,1811.0,1 - 1,FC Midtjylland,1857,1859.0,1,1,Denmark,domestic league (tier 1)
2025/04/27,Superligaen,0,Aarhus GF,1789,1774.0,1 - 3,FC København,1881,1896.0,1,3,Denmark,domestic league (tier 1)
2025/05/11,Superligaen,0,Aarhus GF,1767,1748.0,1 - 3,Randers FC,1763,1782.0,1,3,Denmark,domestic league (tier 1)
2025/05/25,Superligaen,0,Aarhus GF,1739,1729.0,2 - 3,Brøndby IF,1829,1839.0,2,3,Denmark,domestic league (tier 1)
2025/07/25,Superligaen,0,Aarhus GF,1729,1717.0,1 - 2,Randers FC,1746,1758.0,1,2,Denmark,domestic league (tier 1)
2025/08/03,Superligaen,0,Aarhus GF,1717,1719.0,0 - 0,FC Midtjylland,1901,1899.0,0,0,Denmark,domestic league (tier 1)
2025/08/24,Superligaen,0,Aarhus GF,1757,1761.0,1 - 0,Vejle BK,1609,1605.0,1,0,Denmark,domestic league (tier 1)
2025/08/31,Superligaen,0,Aarhus GF,1761,1769.0,4 - 1,FC Fredericia,1643,1635.0,4,1,Denmark,domestic league (tier 1)
2025/09/21,Superligaen,0,Aarhus GF,1781,1789.0,1 - 0,Brøndby IF,1812,1804.0,1,0,Denmark,domestic league (tier 1)
2025/10/05,Superligaen,0,Aarhus GF,1807,1815.0,3 - 1,Silkeborg IF,1729,1721.0,3,1,Denmark,domestic league (tier 1)
2025/10/24,Superligaen,0,Aarhus GF,1818,1824.0,1 - 0,FC Nordsjælland,1791,1785.0,1,0,Denmark,domestic league (tier 1)
2025/10/29,Denmark Cup,0,Aarhus GF,1824,1828.0,2 - 1,SønderjyskE,1680,1676.0,2,1,Denmark,domestic cup
2025/11/09,Superligaen,0,Aarhus GF,1835,1819.0,2 - 3,SønderjyskE,1681,1697.0,2,3,Denmark,domestic league (tier 1)
2025/11/30,Superligaen,0,Aarhus GF,1835,1848.0,2 - 0,FC København,1895,1882.0,2,0,Denmark,domestic league (tier 1)
2025/12/14,Denmark Cup,0,Aarhus GF,1845,1851.0,3 - 1,Odense BK,1703,1697.0,3,1,Denmark,domestic cup
2026/02/09,Superligaen,0,Aarhus GF,1851,1855.0,2 - 1,Odense BK,1697,1693.0,2,1,Denmark,domestic league (tier 1)
2026/02/12,Denmark Cup,0,Aarhus GF,1855,1846.0,0 - 1,FC Midtjylland,2006,2015.0,0,1,Denmark,domestic cup
2026/02/22,Superligaen,0,Aarhus GF,1842,1851.0,5 - 2,Viborg FF,1754,1745.0,5,2,Denmark,domestic league (tier 1)
2026/03/22,Superligaen,0,Aarhus GF,1863,1858.0,0 - 0,Brøndby IF,1777,1782.0,0,0,Denmark,domestic league (tier 1)
2026/04/10,Superligaen,0,Aarhus GF,1868,1864.0,1 - 1,FC Nordsjælland,1823,1827.0,1,1,Denmark,domestic league (tier 1)
2026/04/26,Superligaen,0,Aarhus GF,1862,1863.0,0 - 0,FC Midtjylland,2002,2001.0,0,0,Denmark,domestic league (tier 1)
2026/05/03,Superligaen,0,Aarhus GF,1863,1867.0,2 - 1,SønderjyskE,1726,1722.0,2,1,Denmark,domestic league (tier 1)
2026/05/17,Superligaen,0,Aarhus GF,1882,1890.0,6 - 2,Viborg FF,1756,1748.0,6,2,Denmark,domestic league (tier 1)
2026/07/25,Superligaen,0,Aarhus GF,1859,1854.0,1 - 1,Brøndby IF,1763,1768.0,1,1,Denmark,domestic league (tier 1)
2026/08/23,Superligaen,0,Aarhus GF,1842,1835.0,2 - 2,Odense BK,1662,1669.0,2,2,Denmark,domestic league (tier 1)
2026/09/02,Superligaen,0,Aarhus GF,1815,1802.0,0 - 2,FC Midtjylland,1963,1976.0,0,2,Denmark,domestic league (tier 1)
2026/09/05,Superligaen,0,Aarhus GF,1802,,Info,Silkeborg IF,1663,,,,Denmark,domestic league (tier 1)
2022/08/03,Denmark Cup,0,B 1909 Odense,1316,1300.0,0 - 1,BK Marienlyst,1192,1208.0,0,1,Denmark,domestic cup
2024/09/04,Denmark Cup,0,B 1909 Odense,1300,1288.0,0 - 4,FC Fredericia,1521,1533.0,0,4,Denmark,domestic cup
2025/09/03,Denmark Cup,0,B 1909 Odense,1288,1270.0,0 - 3,Hobro IK,1384,1402.0,0,3,Denmark,domestic cup
2021/08/31,Denmark Cup,0,B 1913 Odense,1386,1381.0,0 - 0,Jammerbugt FC,1289,1294.0,0,0,Denmark,domestic cup
2021/09/22,Denmark Cup,0,B 1913 Odense,1381,1375.0,3 - 4,SønderjyskE,1620,1626.0,3,4,Denmark,domestic cup
2024/09/04,Denmark Cup,0,B 1913 Odense,1375,1363.0,0 - 10,Randers FC,1678,1690.0,0,10,Denmark,domestic cup
2021/08/31,Denmark Cup,0,B.93 København,1342,1329.0,0 - 1,Nykøbing FC,1352,1365.0,0,1,Denmark,domestic cup
2022/07/29,Denmark Cup,0,B.93 København,1329,1310.0,1 - 3,FC Roskilde,1329,1348.0,1,3,Denmark,domestic cup
2023/07/22,1. Division Denmark,0,B.93 København,1310,1303.0,0 - 3,Aalborg BK,1662,1669.0,0,3,Denmark,domestic league (tier 2)
2023/08/05,1. Division Denmark,0,B.93 København,1296,1295.0,1 - 1,Kolding IF,1378,1379.0,1,1,Denmark,domestic league (tier 2)
2023/08/18,1. Division Denmark,0,B.93 København,1329,1311.0,0 - 5,FC Fredericia,1456,1474.0,0,5,Denmark,domestic league (tier 2)
2023/08/26,1. Division Denmark,0,B.93 København,1325,1306.0,0 - 5,Vendsyssel FF,1434,1453.0,0,5,Denmark,domestic league (tier 2)
2023/09/22,1. Division Denmark,0,B.93 København,1351,1340.0,1 - 2,Hobro IK,1417,1428.0,1,2,Denmark,domestic league (tier 2)
2023/09/27,Denmark Cup,0,B.93 København,1340,1346.0,4 - 4,Randers FC,1661,1655.0,4,4,Denmark,domestic cup
2023/10/06,1. Division Denmark,0,B.93 København,1342,1318.0,0 - 3,Hillerød Fodbold,1310,1334.0,0,3,Denmark,domestic league (tier 2)
2023/10/27,1. Division Denmark,0,B.93 København,1317,1308.0,0 - 4,SønderjyskE,1617,1626.0,0,4,Denmark,domestic league (tier 2)
2023/11/10,1. Division Denmark,0,B.93 København,1304,1317.0,2 - 0,FC Helsingør,1362,1349.0,2,0,Denmark,domestic league (tier 2)
2024/02/24,1. Division Denmark,0,B.93 København,1363,1359.0,0 - 0,Næstved BK,1328,1332.0,0,0,Denmark,domestic league (tier 2)
2024/03/02,1. Division Denmark,0,B.93 København,1359,1369.0,3 - 1,HB Køge,1328,1318.0,3,1,Denmark,domestic league (tier 2)
2024/03/16,1. Division Denmark,0,B.93 København,1373,1382.0,3 - 2,AC Horsens,1451,1442.0,3,2,Denmark,domestic league (tier 2)
2024/04/05,1. Division Denmark,0,B.93 København,1370,1365.0,2 - 2,FC Helsingør,1299,1304.0,2,2,Denmark,domestic league (tier 2)
2024/04/19,1. Division Denmark,0,B.93 København,1352,1363.0,2 - 0,Næstved BK,1348,1337.0,2,0,Denmark,domestic league (tier 2)
2024/04/26,1. Division Denmark,0,B.93 København,1363,1352.0,0 - 1,AC Horsens,1438,1449.0,0,1,Denmark,domestic league (tier 2)
2024/05/10,1. Division Denmark,0,B.93 København,1345,1360.0,7 - 1,HB Køge,1340,1325.0,7,1,Denmark,domestic league (tier 2)
2024/06/01,1. Division Denmark,0,B.93 København,1383,1366.0,1 - 3,Hillerød Fodbold,1438,1455.0,1,3,Denmark,domestic league (tier 2)
2024/07/19,1. Division Denmark,0,B.93 København,1366,1366.0,0 - 0,Kolding IF,1470,1470.0,0,0,Denmark,domestic league (tier 2)
2024/08/02,1. Division Denmark,0,B.93 København,1378,1367.0,1 - 2,Vendsyssel FF,1430,1441.0,1,2,Denmark,domestic league (tier 2)
2024/08/16,1. Division Denmark,0,B.93 København,1360,1352.0,1 - 3,Odense BK,1649,1657.0,1,3,Denmark,domestic league (tier 2)
2024/08/23,1. Division Denmark,0,B.93 København,1374,1374.0,0 - 0,Hillerød Fodbold,1471,1471.0,0,0,Denmark,domestic league (tier 2)
2024/09/21,1. Division Denmark,0,B.93 København,1382,1391.0,1 - 0,AC Horsens,1446,1437.0,1,0,Denmark,domestic league (tier 2)
2024/10/04,1. Division Denmark,0,B.93 København,1384,1361.0,0 - 4,Esbjerg fB,1396,1419.0,0,4,Denmark,domestic league (tier 2)
2024/10/25,1. Division Denmark,0,B.93 København,1375,1360.0,0 - 1,FC Roskilde,1286,1301.0,0,1,Denmark,domestic league (tier 2)
2024/11/08,1. Division Denmark,0,B.93 København,1352,1337.0,0 - 5,FC Fredericia,1539,1554.0,0,5,Denmark,domestic league (tier 2)
2024/11/22,1. Division Denmark,0,B.93 København,1337,1326.0,1 - 2,Hobro IK,1399,1410.0,1,2,Denmark,domestic league (tier 2)
2025/02/21,1. Division Denmark,0,B.93 København,1335,1352.0,4 - 2,Hvidovre IF,1486,1469.0,4,2,Denmark,domestic league (tier 2)
2025/03/07,1. Division Denmark,0,B.93 København,1345,1342.0,1 - 1,HB Køge,1330,1333.0,1,1,Denmark,domestic league (tier 2)
2025/03/29,1. Division Denmark,0,B.93 København,1348,1345.0,2 - 2,HB Køge,1339,1342.0,2,2,Denmark,domestic league (tier 2)
2025/04/17,1. Division Denmark,0,B.93 København,1360,1371.0,1 - 0,Hillerød Fodbold,1507,1496.0,1,0,Denmark,domestic league (tier 2)
2025/04/25,1. Division Denmark,0,B.93 København,1359,1376.0,5 - 0,Hobro IK,1409,1392.0,5,0,Denmark,domestic league (tier 2)
2025/05/02,1. Division Denmark,0,B.93 København,1376,1372.0,2 - 2,Vendsyssel FF,1344,1348.0,2,2,Denmark,domestic league (tier 2)
2025/05/22,1. Division Denmark,0,B.93 København,1357,1336.0,0 - 2,FC Roskilde,1306,1327.0,0,2,Denmark,domestic league (tier 2)
2025/08/01,1. Division Denmark,0,B.93 København,1349,1341.0,1 - 2,Hillerød Fodbold,1502,1510.0,1,2,Denmark,domestic league (tier 2)
2025/08/15,1. Division Denmark,0,B.93 København,1365,1342.0,1 - 5,Esbjerg fB,1387,1410.0,1,5,Denmark,domestic league (tier 2)
2025/08/23,1. Division Denmark,0,B.93 København,1355,1347.0,0 - 1,Kolding IF,1525,1533.0,0,1,Denmark,domestic league (tier 2)
2025/09/12,1. Division Denmark,0,B.93 København,1364,1346.0,1 - 3,Aarhus Fremad,1389,1407.0,1,3,Denmark,domestic league (tier 2)
2025/09/24,Denmark Cup,0,B.93 København,1340,1336.0,1 - 4,Brøndby IF,1804,1808.0,1,4,Denmark,domestic cup
2025/09/27,1. Division Denmark,0,B.93 København,1336,1343.0,1 - 0,Middelfart Boldklub,1322,1315.0,1,0,Denmark,domestic league (tier 2)
2025/10/17,1. Division Denmark,0,B.93 København,1357,1359.0,2 - 2,Aalborg BK,1523,1521.0,2,2,Denmark,domestic league (tier 2)
2025/10/24,1. Division Denmark,0,B.93 København,1359,1370.0,1 - 0,AC Horsens,1482,1471.0,1,0,Denmark,domestic league (tier 2)
2025/11/08,1. Division Denmark,0,B.93 København,1364,1352.0,0 - 3,Lyngby BK,1570,1582.0,0,3,Denmark,domestic league (tier 2)
2025/11/28,1. Division Denmark,0,B.93 København,1353,1341.0,0 - 1,Hobro IK,1379,1391.0,0,1,Denmark,domestic league (tier 2)
2026/02/27,1. Division Denmark,0,B.93 København,1341,1328.0,1 - 3,Hvidovre IF,1476,1489.0,1,3,Denmark,domestic league (tier 2)
2026/03/13,1. Division Denmark,0,B.93 København,1345,1355.0,2 - 0,HB Køge,1312,1302.0,2,0,Denmark,domestic league (tier 2)
2026/04/03,1. Division Denmark,0,B.93 København,1348,1331.0,0 - 2,Hobro IK,1400,1417.0,0,2,Denmark,domestic league (tier 2)
2026/04/17,1. Division Denmark,0,B.93 København,1322,1309.0,1 - 2,HB Køge,1330,1343.0,1,2,Denmark,domestic league (tier 2)
2026/04/26,1. Division Denmark,0,B.93 København,1306,1311.0,2 - 1,Middelfart Boldklub,1219,1214.0,2,1,Denmark,domestic league (tier 2)
2026/05/15,1. Division Denmark,0,B.93 København,1311,1313.0,1 - 1,Aalborg BK,1481,1479.0,1,1,Denmark,domestic league (tier 2)
2026/05/30,1. Division Denmark,0,B.93 København,1328,1328.0,2 - 2,Aarhus Fremad,1427,1427.0,2,2,Denmark,domestic league (tier 2)
2021/09/23,Denmark Cup,0,BK Frem København,1338,1331.0,0 - 3,Aarhus GF,1690,1697.0,0,3,Denmark,domestic cup
2022/08/31,Denmark Cup,0,BK Frem København,1331,1328.0,0 - 1,FC Nordsjælland,1722,1725.0,0,1,Denmark,domestic cup
2023/08/09,Denmark Cup,0,BK Frem København,1328,1316.0,0 - 1,Næstved BK,1354,1366.0,0,1,Denmark,domestic cup
2024/09/03,Denmark Cup,0,BK Frem København,1316,1342.0,4 - 1,Lyngby BK,1594,1568.0,4,1,Denmark,domestic cup
2024/10/29,Denmark Cup,0,BK Frem København,1363,1349.0,0 - 2,Kolding IF,1497,1511.0,0,2,Denmark,domestic cup
2026/09/09,Denmark Cup,0,BK Frem København,1349,,Info,FC Roskilde,1344,,,,Denmark,domestic cup
2021/08/31,Denmark Cup,0,BK Marienlyst,1172,1192.0,3 - 1,Slagelse B&I,1405,1385.0,3,1,Denmark,domestic cup
2022/08/30,Denmark Cup,0,BK Marienlyst,1208,1204.0,0 - 3,Vejle BK,1642,1646.0,0,3,Denmark,domestic cup
2025/08/06,Denmark Cup,0,BK Marienlyst,1204,1197.0,1 - 2,Esbjerg fB,1394,1401.0,1,2,Denmark,domestic cup
2026/08/26,Denmark Cup,0,BK Marienlyst,1197,1184.0,1 - 3,VSK Aarhus,1353,1366.0,1,3,Denmark,domestic cup
2017/08/01,1. Division Denmark,0,Brabrand IF,1154,1158.0,1 - 1,FC Roskilde,1413,1409.0,1,1,Denmark,domestic league (tier 2)
2017/08/13,1. Division Denmark,0,Brabrand IF,1175,1186.0,1 - 0,Fremad Amager,1319,1308.0,1,0,Denmark,domestic league (tier 2)
2017/08/27,1. Division Denmark,0,Brabrand IF,1180,1181.0,2 - 2,Thisted FC,1302,1301.0,2,2,Denmark,domestic league (tier 2)
2017/09/10,1. Division Denmark,0,Brabrand IF,1176,1167.0,1 - 3,HB Køge,1419,1428.0,1,3,Denmark,domestic league (tier 2)
2017/09/17,1. Division Denmark,0,Brabrand IF,1167,1160.0,0 - 2,Esbjerg fB,1489,1496.0,0,2,Denmark,domestic league (tier 2)
2017/10/08,1. Division Denmark,0,Brabrand IF,1154,1139.0,0 - 3,Skive IK,1310,1325.0,0,3,Denmark,domestic league (tier 2)
2017/10/22,1. Division Denmark,0,Brabrand IF,1147,1163.0,2 - 1,Vendsyssel FF,1484,1468.0,2,1,Denmark,domestic league (tier 2)
2017/11/05,1. Division Denmark,0,Brabrand IF,1161,1156.0,1 - 2,Vejle BK,1466,1471.0,1,2,Denmark,domestic league (tier 2)
2017/11/12,1. Division Denmark,0,Brabrand IF,1156,1159.0,1 - 1,Nykøbing FC,1349,1346.0,1,1,Denmark,domestic league (tier 2)
2017/11/26,1. Division Denmark,0,Brabrand IF,1157,1148.0,0 - 3,FC Fredericia,1435,1444.0,0,3,Denmark,domestic league (tier 2)
2018/03/11,1. Division Denmark,0,Brabrand IF,1144,1150.0,0 - 0,Viborg FF,1510,1504.0,0,0,Denmark,domestic league (tier 2)
2018/03/29,1. Division Denmark,0,Brabrand IF,1153,1168.0,2 - 1,HB Køge,1430,1415.0,2,1,Denmark,domestic league (tier 2)
2018/04/15,1. Division Denmark,0,Brabrand IF,1194,1196.0,1 - 1,Fremad Amager,1355,1353.0,1,1,Denmark,domestic league (tier 2)
2018/04/20,1. Division Denmark,0,Brabrand IF,1196,1188.0,0 - 3,Esbjerg fB,1519,1527.0,0,3,Denmark,domestic league (tier 2)
2018/05/05,1. Division Denmark,0,Brabrand IF,1196,1207.0,1 - 0,Thisted FC,1316,1305.0,1,0,Denmark,domestic league (tier 2)
2018/05/16,1. Division Denmark,0,Brabrand IF,1223,1234.0,2 - 1,FC Roskilde,1351,1340.0,2,1,Denmark,domestic league (tier 2)
2021/08/03,Denmark Cup,0,Brabrand IF,1246,1247.0,0 - 0,Hobro IK,1378,1377.0,0,0,Denmark,domestic cup
2021/09/01,Denmark Cup,0,Brabrand IF,1247,1257.0,4 - 3,Vendsyssel FF,1362,1352.0,4,3,Denmark,domestic cup
2021/09/21,Denmark Cup,0,Brabrand IF,1257,1247.0,0 - 1,Kolding IF,1343,1353.0,0,1,Denmark,domestic cup
2022/10/18,Denmark Cup,0,Brabrand IF,1247,1240.0,0 - 3,Vejle BK,1592,1599.0,0,3,Denmark,domestic cup
2024/09/10,Denmark Cup,0,Brabrand IF,1233,1248.0,3 - 0,Thisted FC,1282,1267.0,3,0,Denmark,domestic cup
2024/09/25,Denmark Cup,0,Brabrand IF,1248,1266.0,1 - 0,Randers FC,1699,1681.0,1,0,Denmark,domestic cup
2024/10/23,Denmark Cup,0,Brabrand IF,1266,1275.0,1 - 1,FC Nordsjælland,1858,1849.0,1,1,Denmark,domestic cup
2024/12/08,Denmark Cup,0,Brabrand IF,1275,1282.0,1 - 1,Viborg FF,1711,1704.0,1,1,Denmark,domestic cup
2025/08/05,Denmark Cup,0,Brabrand IF,1280,1258.0,0 - 3,Skive IK,1290,1312.0,0,3,Denmark,domestic cup
2026/09/16,Denmark Cup,0,Brabrand IF,1258,,Info,Viborg FF,1788,,,,Denmark,domestic cup
2016/07/17,Superligaen,0,Brøndby IF,1774,1780.0,4 - 0,Esbjerg fB,1601,1595.0,4,0,Denmark,domestic league (tier 1)
2016/07/31,Superligaen,0,Brøndby IF,1770,1762.0,2 - 2,AC Horsens,1503,1511.0,2,2,Denmark,domestic league (tier 1)
2016/08/14,Superligaen,0,Brøndby IF,1784,1796.0,4 - 0,SønderjyskE,1746,1734.0,4,0,Denmark,domestic league (tier 1)
2016/08/28,Superligaen,0,Brøndby IF,1806,1807.0,1 - 1,FC København,1933,1932.0,1,1,Denmark,domestic league (tier 1)
2016/09/18,Superligaen,0,Brøndby IF,1818,1801.0,1 - 2,Viborg FF,1599,1616.0,1,2,Denmark,domestic league (tier 1)
2016/09/25,Superligaen,0,Brøndby IF,1787,1794.0,3 - 0,Odense BK,1648,1641.0,3,0,Denmark,domestic league (tier 1)
2016/10/02,Superligaen,0,Brøndby IF,1794,1789.0,2 - 2,Randers FC,1720,1725.0,2,2,Denmark,domestic league (tier 1)
2016/10/23,Superligaen,0,Brøndby IF,1787,1791.0,1 - 0,Aarhus GF,1636,1632.0,1,0,Denmark,domestic league (tier 1)
2016/10/30,Superligaen,0,Brøndby IF,1793,1800.0,2 - 0,Aalborg BK,1691,1684.0,2,0,Denmark,domestic league (tier 1)
2016/11/27,Superligaen,0,Brøndby IF,1793,1798.0,3 - 1,Silkeborg IF,1600,1595.0,3,1,Denmark,domestic league (tier 1)
2016/12/11,Superligaen,0,Brøndby IF,1805,1812.0,2 - 1,FC Midtjylland,1788,1781.0,2,1,Denmark,domestic league (tier 1)
2017/03/05,Superligaen,0,Brøndby IF,1829,1812.0,2 - 3,FC Nordsjælland,1608,1625.0,2,3,Denmark,domestic league (tier 1)
2017/03/19,Superligaen,0,Brøndby IF,1822,1825.0,3 - 2,Lyngby BK,1634,1631.0,3,2,Denmark,domestic league (tier 1)
2017/04/02,Superligaen,0,Brøndby IF,1825,1831.0,3 - 2,FC Midtjylland,1767,1761.0,3,2,Denmark,domestic league (tier 1)
2017/04/17,Superligaen,0,Brøndby IF,1850,1842.0,0 - 1,FC København,2007,2015.0,0,1,Denmark,domestic league (tier 1)
2017/04/30,Superligaen,0,Brøndby IF,1851,1845.0,1 - 1,SønderjyskE,1687,1693.0,1,1,Denmark,domestic league (tier 1)
2017/05/18,Superligaen,0,Brøndby IF,1839,1814.0,0 - 2,Lyngby BK,1650,1675.0,0,2,Denmark,domestic league (tier 1)
2017/05/28,Superligaen,0,Brøndby IF,1790,1775.0,1 - 2,FC Nordsjælland,1682,1697.0,1,2,Denmark,domestic league (tier 1)
2017/07/16,Superligaen,0,Brøndby IF,1779,1794.0,4 - 0,FC Midtjylland,1803,1788.0,4,0,Denmark,domestic league (tier 1)
2017/07/30,Superligaen,0,Brøndby IF,1769,1778.0,5 - 3,Lyngby BK,1725,1716.0,5,3,Denmark,domestic league (tier 1)
2017/08/06,Superligaen,0,Brøndby IF,1769,1782.0,1 - 0,FC København,1958,1945.0,1,0,Denmark,domestic league (tier 1)
2017/08/27,Superligaen,0,Brøndby IF,1765,1770.0,2 - 0,AC Horsens,1597,1592.0,2,0,Denmark,domestic league (tier 1)
2017/09/17,Superligaen,0,Brøndby IF,1769,1763.0,0 - 0,Aalborg BK,1616,1622.0,0,0,Denmark,domestic league (tier 1)
2017/10/01,Superligaen,0,Brøndby IF,1771,1781.0,4 - 0,SønderjyskE,1698,1688.0,4,0,Denmark,domestic league (tier 1)
2017/10/15,Superligaen,0,Brøndby IF,1781,1786.0,4 - 1,Silkeborg IF,1565,1560.0,4,1,Denmark,domestic league (tier 1)
2017/10/30,Superligaen,0,Brøndby IF,1790,1795.0,3 - 1,Randers FC,1630,1625.0,3,1,Denmark,domestic league (tier 1)
2017/11/19,Superligaen,0,Brøndby IF,1810,1818.0,4 - 2,FC Nordsjælland,1746,1738.0,4,2,Denmark,domestic league (tier 1)
2017/12/10,Superligaen,0,Brøndby IF,1841,1833.0,2 - 2,Aarhus GF,1598,1606.0,2,2,Denmark,domestic league (tier 1)
2018/02/25,Superligaen,0,Brøndby IF,1853,1855.0,6 - 1,FC Helsingør,1428,1426.0,6,1,Denmark,domestic league (tier 1)
2018/03/04,Superligaen,0,Brøndby IF,1869,1872.0,2 - 1,Odense BK,1650,1647.0,2,1,Denmark,domestic league (tier 1)
2018/03/18,Superligaen,0,Brøndby IF,1868,1870.0,2 - 1,Hobro IK,1584,1582.0,2,1,Denmark,domestic league (tier 1)
2018/04/08,Superligaen,0,Brøndby IF,1889,1893.0,5 - 1,AC Horsens,1611,1607.0,5,1,Denmark,domestic league (tier 1)
2018/04/15,Superligaen,0,Brøndby IF,1893,1899.0,2 - 1,FC København,1835,1829.0,2,1,Denmark,domestic league (tier 1)
2018/04/29,Superligaen,0,Brøndby IF,1931,1936.0,3 - 1,FC Nordsjælland,1752,1747.0,3,1,Denmark,domestic league (tier 1)
2018/05/14,Superligaen,0,Brøndby IF,1939,1925.0,0 - 1,FC Midtjylland,1887,1901.0,0,1,Denmark,domestic league (tier 1)
2018/05/21,Superligaen,0,Brøndby IF,1919,1911.0,1 - 1,Aalborg BK,1639,1647.0,1,1,Denmark,domestic league (tier 1)
2018/07/22,Superligaen,0,Brøndby IF,1919,1910.0,1 - 1,Vejle BK,1522,1531.0,1,1,Denmark,domestic league (tier 1)
2018/08/05,Superligaen,0,Brøndby IF,1914,1920.0,2 - 0,FC Nordsjælland,1774,1768.0,2,0,Denmark,domestic league (tier 1)
2018/08/19,Superligaen,0,Brøndby IF,1912,1893.0,0 - 1,Esbjerg fB,1546,1565.0,0,1,Denmark,domestic league (tier 1)
2018/09/02,Superligaen,0,Brøndby IF,1868,1865.0,2 - 2,FC Midtjylland,1876,1879.0,2,2,Denmark,domestic league (tier 1)
2018/09/16,Superligaen,0,Brøndby IF,1865,1839.0,2 - 4,SønderjyskE,1630,1656.0,2,4,Denmark,domestic league (tier 1)
2018/09/30,Superligaen,0,Brøndby IF,1828,1811.0,1 - 2,AC Horsens,1601,1618.0,1,2,Denmark,domestic league (tier 1)
2018/10/22,Superligaen,0,Brøndby IF,1825,1818.0,1 - 1,Odense BK,1639,1646.0,1,1,Denmark,domestic league (tier 1)
2018/11/04,Superligaen,0,Brøndby IF,1813,1802.0,0 - 1,FC København,1871,1882.0,0,1,Denmark,domestic league (tier 1)
2018/11/09,Superligaen,0,Brøndby IF,1802,1808.0,2 - 0,Aarhus GF,1657,1651.0,2,0,Denmark,domestic league (tier 1)
2018/12/02,Superligaen,0,Brøndby IF,1823,1825.0,1 - 0,Hobro IK,1524,1522.0,1,0,Denmark,domestic league (tier 1)
2018/12/16,Superligaen,0,Brøndby IF,1830,1812.0,2 - 3,Vendsyssel FF,1514,1532.0,2,3,Denmark,domestic league (tier 1)
2019/02/24,Superligaen,0,Brøndby IF,1798,1802.0,2 - 1,Randers FC,1649,1645.0,2,1,Denmark,domestic league (tier 1)
2019/03/10,Superligaen,0,Brøndby IF,1794,1788.0,3 - 3,Aalborg BK,1655,1661.0,3,3,Denmark,domestic league (tier 1)
2019/03/29,Superligaen,0,Brøndby IF,1799,1794.0,2 - 2,Odense BK,1719,1724.0,2,2,Denmark,domestic league (tier 1)
2019/04/14,Superligaen,0,Brøndby IF,1799,1789.0,1 - 2,FC København,1912,1922.0,1,2,Denmark,domestic league (tier 1)
2019/04/28,Superligaen,0,Brøndby IF,1794,1778.0,0 - 1,Esbjerg fB,1647,1663.0,0,1,Denmark,domestic league (tier 1)
2019/05/13,Superligaen,0,Brøndby IF,1775,1783.0,2 - 0,FC Nordsjælland,1694,1686.0,2,0,Denmark,domestic league (tier 1)
2019/05/20,Superligaen,0,Brøndby IF,1786,1804.0,4 - 1,FC Midtjylland,1905,1887.0,4,1,Denmark,domestic league (tier 1)
2019/05/31,Superligaen,0,Brøndby IF,1820,1825.0,4 - 2,Randers FC,1657,1652.0,4,2,Denmark,domestic league (tier 1)
2019/07/14,Superligaen,0,Brøndby IF,1828,1832.0,3 - 0,Silkeborg IF,1547,1543.0,3,0,Denmark,domestic league (tier 1)
2019/07/28,Superligaen,0,Brøndby IF,1797,1802.0,3 - 2,Odense BK,1712,1707.0,3,2,Denmark,domestic league (tier 1)
2019/08/04,Superligaen,0,Brøndby IF,1811,1793.0,1 - 2,AC Horsens,1543,1561.0,1,2,Denmark,domestic league (tier 1)
2019/08/18,Superligaen,0,Brøndby IF,1782,1786.0,2 - 1,Aalborg BK,1638,1634.0,2,1,Denmark,domestic league (tier 1)
2019/08/25,Superligaen,0,Brøndby IF,1786,1759.0,0 - 3,Aarhus GF,1680,1707.0,0,3,Denmark,domestic league (tier 1)
2019/09/15,Superligaen,0,Brøndby IF,1754,1763.0,4 - 2,FC Nordsjælland,1719,1710.0,4,2,Denmark,domestic league (tier 1)
2019/10/06,Superligaen,0,Brøndby IF,1736,1754.0,3 - 1,FC København,1896,1878.0,3,1,Denmark,domestic league (tier 1)
2019/10/27,Superligaen,0,Brøndby IF,1765,1775.0,5 - 2,Randers FC,1709,1699.0,5,2,Denmark,domestic league (tier 1)
2019/11/10,Superligaen,0,Brøndby IF,1764,1768.0,2 - 1,Esbjerg fB,1603,1599.0,2,1,Denmark,domestic league (tier 1)
2019/12/08,Superligaen,0,Brøndby IF,1756,1747.0,1 - 2,FC Midtjylland,1890,1899.0,1,2,Denmark,domestic league (tier 1)
2019/12/15,Superligaen,0,Brøndby IF,1747,1740.0,1 - 1,Hobro IK,1550,1557.0,1,1,Denmark,domestic league (tier 1)
2020/03/01,Superligaen,0,Brøndby IF,1748,1751.0,1 - 0,Lyngby BK,1565,1562.0,1,0,Denmark,domestic league (tier 1)
2020/06/02,Superligaen,0,Brøndby IF,1754,1758.0,1 - 0,SønderjyskE,1608,1604.0,1,0,Denmark,domestic league (tier 1)
2020/06/14,Superligaen,0,Brøndby IF,1746,1744.0,0 - 0,Aarhus GF,1773,1775.0,0,0,Denmark,domestic league (tier 1)
2020/06/21,Superligaen,0,Brøndby IF,1750,1751.0,1 - 1,FC København,1880,1879.0,1,1,Denmark,domestic league (tier 1)
2020/07/09,Superligaen,0,Brøndby IF,1755,1767.0,4 - 0,FC Nordsjælland,1729,1717.0,4,0,Denmark,domestic league (tier 1)
2020/07/19,Superligaen,0,Brøndby IF,1772,1758.0,0 - 1,Aalborg BK,1708,1722.0,0,1,Denmark,domestic league (tier 1)
2020/07/22,Superligaen,0,Brøndby IF,1758,1759.0,1 - 1,FC Midtjylland,1894,1893.0,1,1,Denmark,domestic league (tier 1)
2020/09/13,Superligaen,0,Brøndby IF,1773,1778.0,3 - 2,FC Nordsjælland,1704,1699.0,3,2,Denmark,domestic league (tier 1)
2020/09/27,Superligaen,0,Brøndby IF,1793,1796.0,2 - 1,AC Horsens,1585,1582.0,2,1,Denmark,domestic league (tier 1)
2020/10/24,Superligaen,0,Brøndby IF,1788,1779.0,2 - 3,FC Midtjylland,1907,1916.0,2,3,Denmark,domestic league (tier 1)
2020/11/08,Superligaen,0,Brøndby IF,1770,1777.0,3 - 1,Odense BK,1667,1660.0,3,1,Denmark,domestic league (tier 1)
2020/11/30,Superligaen,0,Brøndby IF,1789,1793.0,4 - 1,Lyngby BK,1527,1523.0,4,1,Denmark,domestic league (tier 1)
2020/12/13,Superligaen,0,Brøndby IF,1781,1786.0,2 - 1,SønderjyskE,1692,1687.0,2,1,Denmark,domestic league (tier 1)
2021/02/07,Superligaen,0,Brøndby IF,1789,1784.0,1 - 1,Aalborg BK,1690,1695.0,1,1,Denmark,domestic league (tier 1)
2021/02/21,Superligaen,0,Brøndby IF,1794,1797.0,2 - 1,Vejle BK,1602,1599.0,2,1,Denmark,domestic league (tier 1)
2021/03/04,Superligaen,0,Brøndby IF,1793,1788.0,0 - 0,Randers FC,1699,1704.0,0,0,Denmark,domestic league (tier 1)
2021/03/07,Superligaen,0,Brøndby IF,1788,1797.0,2 - 1,FC København,1836,1827.0,2,1,Denmark,domestic league (tier 1)
2021/03/21,Superligaen,0,Brøndby IF,1813,1809.0,1 - 1,Aarhus GF,1779,1783.0,1,1,Denmark,domestic league (tier 1)
2021/04/11,Superligaen,0,Brøndby IF,1804,1785.0,1 - 3,FC København,1820,1839.0,1,3,Denmark,domestic league (tier 1)
2021/04/18,Superligaen,0,Brøndby IF,1785,1781.0,2 - 2,Aarhus GF,1734,1738.0,2,2,Denmark,domestic league (tier 1)
2021/04/25,Superligaen,0,Brøndby IF,1801,1808.0,2 - 0,Randers FC,1706,1699.0,2,0,Denmark,domestic league (tier 1)
2021/05/09,Superligaen,0,Brøndby IF,1793,1808.0,3 - 1,FC Midtjylland,1896,1881.0,3,1,Denmark,domestic league (tier 1)
2021/05/24,Superligaen,0,Brøndby IF,1813,1820.0,2 - 0,FC Nordsjælland,1720,1713.0,2,0,Denmark,domestic league (tier 1)
2021/07/25,Superligaen,0,Brøndby IF,1820,1814.0,1 - 1,Viborg FF,1665,1671.0,1,1,Denmark,domestic league (tier 1)
2021/08/13,Superligaen,0,Brøndby IF,1801,1786.0,0 - 1,FC Nordsjælland,1723,1738.0,0,1,Denmark,domestic league (tier 1)
2021/08/29,Superligaen,0,Brøndby IF,1778,1793.0,2 - 0,FC Midtjylland,1883,1868.0,2,0,Denmark,domestic league (tier 1)
2021/09/10,Superligaen,0,Brøndby IF,1793,1788.0,1 - 1,Silkeborg IF,1698,1703.0,1,1,Denmark,domestic league (tier 1)
2021/09/26,Superligaen,0,Brøndby IF,1777,1784.0,2 - 1,Aalborg BK,1767,1760.0,2,1,Denmark,domestic league (tier 1)
2021/10/17,Superligaen,0,Brøndby IF,1781,1783.0,3 - 2,Vejle BK,1541,1539.0,3,2,Denmark,domestic league (tier 1)
2021/10/24,Superligaen,0,Brøndby IF,1776,1786.0,2 - 1,FC København,1878,1868.0,2,1,Denmark,domestic league (tier 1)
2021/11/07,Superligaen,0,Brøndby IF,1798,1803.0,2 - 1,Odense BK,1709,1704.0,2,1,Denmark,domestic league (tier 1)
2021/11/28,Superligaen,0,Brøndby IF,1805,1811.0,1 - 0,Randers FC,1769,1763.0,1,0,Denmark,domestic league (tier 1)
2021/12/05,Denmark Cup,0,Brøndby IF,1811,1795.0,0 - 2,FC Midtjylland,1888,1904.0,0,2,Denmark,domestic cup
2022/02/28,Superligaen,0,Brøndby IF,1815,1818.0,1 - 0,SønderjyskE,1579,1576.0,1,0,Denmark,domestic league (tier 1)
2022/03/13,Superligaen,0,Brøndby IF,1829,1823.0,1 - 1,Aarhus GF,1693,1699.0,1,1,Denmark,domestic league (tier 1)
2022/04/03,Superligaen,0,Brøndby IF,1807,1792.0,0 - 1,Randers FC,1724,1739.0,0,1,Denmark,domestic league (tier 1)
2022/04/14,Superligaen,0,Brøndby IF,1776,1763.0,0 - 1,Aalborg BK,1765,1778.0,0,1,Denmark,domestic league (tier 1)
2022/04/25,Superligaen,0,Brøndby IF,1757,1743.0,1 - 3,FC Midtjylland,1886,1900.0,1,3,Denmark,domestic league (tier 1)
2022/05/08,Superligaen,0,Brøndby IF,1735,1737.0,1 - 1,FC København,1907,1905.0,1,1,Denmark,domestic league (tier 1)
2022/05/22,Superligaen,0,Brøndby IF,1763,1771.0,2 - 1,Silkeborg IF,1779,1771.0,2,1,Denmark,domestic league (tier 1)
2022/07/17,Superligaen,0,Brøndby IF,1771,1775.0,1 - 0,Aarhus GF,1623,1619.0,1,0,Denmark,domestic league (tier 1)
2022/07/24,Superligaen,0,Brøndby IF,1777,1754.0,1 - 3,FC Nordsjælland,1683,1706.0,1,3,Denmark,domestic league (tier 1)
2022/08/14,Superligaen,0,Brøndby IF,1750,1758.0,2 - 0,Odense BK,1664,1656.0,2,0,Denmark,domestic league (tier 1)
2022/08/29,Superligaen,0,Brøndby IF,1749,1733.0,0 - 2,FC Midtjylland,1832,1848.0,0,2,Denmark,domestic league (tier 1)
2022/09/11,Superligaen,0,Brøndby IF,1748,1746.0,2 - 2,Randers FC,1765,1767.0,2,2,Denmark,domestic league (tier 1)
2022/10/02,Superligaen,0,Brøndby IF,1749,1742.0,3 - 3,Lyngby BK,1537,1544.0,3,3,Denmark,domestic league (tier 1)
2022/10/16,Superligaen,0,Brøndby IF,1755,1755.0,1 - 1,FC København,1868,1868.0,1,1,Denmark,domestic league (tier 1)
2022/10/30,Superligaen,0,Brøndby IF,1724,1730.0,3 - 2,Aalborg BK,1691,1685.0,3,2,Denmark,domestic league (tier 1)
2022/11/13,Superligaen,0,Brøndby IF,1732,1715.0,0 - 2,Viborg FF,1776,1793.0,0,2,Denmark,domestic league (tier 1)
2023/02/19,Superligaen,0,Brøndby IF,1715,1724.0,5 - 2,AC Horsens,1634,1625.0,5,2,Denmark,domestic league (tier 1)
2023/03/12,Superligaen,0,Brøndby IF,1727,1735.0,2 - 1,Silkeborg IF,1768,1760.0,2,1,Denmark,domestic league (tier 1)
2023/04/02,Superligaen,0,Brøndby IF,1729,1708.0,0 - 3,Viborg FF,1759,1780.0,0,3,Denmark,domestic league (tier 1)
2023/04/16,Superligaen,0,Brøndby IF,1703,1710.0,1 - 0,Aarhus GF,1709,1702.0,1,0,Denmark,domestic league (tier 1)
2023/04/23,Superligaen,0,Brøndby IF,1710,1686.0,0 - 4,Randers FC,1717,1741.0,0,4,Denmark,domestic league (tier 1)
2023/05/14,Superligaen,0,Brøndby IF,1723,1710.0,1 - 3,FC København,1880,1893.0,1,3,Denmark,domestic league (tier 1)
2023/05/29,Superligaen,0,Brøndby IF,1715,1733.0,5 - 1,FC Nordsjælland,1802,1784.0,5,1,Denmark,domestic league (tier 1)
2023/07/30,Superligaen,0,Brøndby IF,1748,1734.0,1 - 2,Odense BK,1719,1733.0,1,2,Denmark,domestic league (tier 1)
2023/08/13,Superligaen,0,Brøndby IF,1726,1734.0,3 - 0,Lyngby BK,1619,1611.0,3,0,Denmark,domestic league (tier 1)
2023/09/03,Superligaen,0,Brøndby IF,1758,1765.0,3 - 1,Randers FC,1657,1650.0,3,1,Denmark,domestic league (tier 1)
2023/09/24,Superligaen,0,Brøndby IF,1787,1778.0,2 - 3,FC København,1936,1945.0,2,3,Denmark,domestic league (tier 1)
2023/10/08,Superligaen,0,Brøndby IF,1791,1797.0,1 - 0,Viborg FF,1738,1732.0,1,0,Denmark,domestic league (tier 1)
2023/10/29,Superligaen,0,Brøndby IF,1796,1805.0,2 - 1,FC Nordsjælland,1853,1844.0,2,1,Denmark,domestic league (tier 1)
2023/11/06,Superligaen,0,Brøndby IF,1814,1810.0,1 - 1,Aarhus GF,1750,1754.0,1,1,Denmark,domestic league (tier 1)
2023/12/03,Superligaen,0,Brøndby IF,1813,1816.0,4 - 0,Hvidovre IF,1500,1497.0,4,0,Denmark,domestic league (tier 1)
2023/12/10,Denmark Cup,0,Brøndby IF,1804,1811.0,2 - 1,Aarhus GF,1796,1789.0,2,1,Denmark,domestic cup
2024/02/18,Superligaen,0,Brøndby IF,1811,1820.0,1 - 0,FC Midtjylland,1874,1865.0,1,0,Denmark,domestic league (tier 1)
2024/03/03,Superligaen,0,Brøndby IF,1835,1828.0,1 - 1,Vejle BK,1639,1646.0,1,1,Denmark,domestic league (tier 1)
2024/03/17,Superligaen,0,Brøndby IF,1837,1844.0,4 - 1,Silkeborg IF,1706,1699.0,4,1,Denmark,domestic league (tier 1)
2024/04/08,Superligaen,0,Brøndby IF,1859,1853.0,1 - 1,Silkeborg IF,1706,1712.0,1,1,Denmark,domestic league (tier 1)
2024/04/21,Superligaen,0,Brøndby IF,1854,1862.0,2 - 1,FC Midtjylland,1893,1885.0,2,1,Denmark,domestic league (tier 1)
2024/05/12,Superligaen,0,Brøndby IF,1858,1842.0,1 - 3,FC København,1933,1949.0,1,3,Denmark,domestic league (tier 1)
2024/05/15,Superligaen,0,Brøndby IF,1842,1850.0,1 - 0,FC Nordsjælland,1885,1877.0,1,0,Denmark,domestic league (tier 1)
2024/05/26,Superligaen,0,Brøndby IF,1863,1847.0,2 - 3,Aarhus GF,1748,1764.0,2,3,Denmark,domestic league (tier 1)
2024/07/29,Superligaen,0,Brøndby IF,1846,1849.0,2 - 1,Vejle BK,1635,1632.0,2,1,Denmark,domestic league (tier 1)
2024/08/11,Superligaen,0,Brøndby IF,1841,1826.0,0 - 1,Aarhus GF,1769,1784.0,0,1,Denmark,domestic league (tier 1)
2024/08/25,Superligaen,0,Brøndby IF,1842,1835.0,2 - 2,Randers FC,1665,1672.0,2,2,Denmark,domestic league (tier 1)
2024/09/15,Superligaen,0,Brøndby IF,1827,1831.0,2 - 0,SønderjyskE,1619,1615.0,2,0,Denmark,domestic league (tier 1)
2024/10/06,Superligaen,0,Brøndby IF,1824,1840.0,2 - 0,FC Midtjylland,1943,1927.0,2,0,Denmark,domestic league (tier 1)
2024/10/27,Superligaen,0,Brøndby IF,1832,1831.0,0 - 0,FC København,1902,1903.0,0,0,Denmark,domestic league (tier 1)
2024/10/31,Denmark Cup,0,Brøndby IF,1831,1841.0,1 - 0,FC Midtjylland,1928,1918.0,1,0,Denmark,domestic cup
2024/11/10,Superligaen,0,Brøndby IF,1869,1865.0,1 - 1,FC Nordsjælland,1833,1837.0,1,1,Denmark,domestic league (tier 1)
2024/11/29,Superligaen,0,Brøndby IF,1860,1863.0,1 - 0,Aalborg BK,1643,1640.0,1,0,Denmark,domestic league (tier 1)
2024/12/15,Denmark Cup,0,Brøndby IF,1854,1863.0,4 - 2,Aarhus GF,1817,1808.0,4,2,Denmark,domestic cup
2025/02/14,Superligaen,0,Brøndby IF,1863,1869.0,4 - 1,Viborg FF,1706,1700.0,4,1,Denmark,domestic league (tier 1)
2025/03/03,Superligaen,0,Brøndby IF,1864,1856.0,1 - 1,Lyngby BK,1543,1551.0,1,1,Denmark,domestic league (tier 1)
2025/03/16,Superligaen,0,Brøndby IF,1840,1835.0,2 - 2,Silkeborg IF,1770,1775.0,2,2,Denmark,domestic league (tier 1)
2025/04/07,Superligaen,0,Brøndby IF,1856,1862.0,2 - 1,Aarhus GF,1819,1813.0,2,1,Denmark,domestic league (tier 1)
2025/04/18,Superligaen,0,Brøndby IF,1876,1872.0,0 - 0,FC Nordsjælland,1814,1818.0,0,0,Denmark,domestic league (tier 1)
2025/04/21,Superligaen,0,Brøndby IF,1872,1877.0,4 - 3,Randers FC,1758,1753.0,4,3,Denmark,domestic league (tier 1)
2025/04/30,Denmark Cup,0,Brøndby IF,1876,1870.0,3 - 3,Silkeborg IF,1759,1765.0,3,3,Denmark,domestic cup
2025/05/04,Superligaen,0,Brøndby IF,1870,1849.0,0 - 3,FC København,1904,1925.0,0,3,Denmark,domestic league (tier 1)
2025/05/19,Superligaen,0,Brøndby IF,1841,1829.0,1 - 2,FC Midtjylland,1886,1898.0,1,2,Denmark,domestic league (tier 1)
2025/07/20,Superligaen,0,Brøndby IF,1839,1849.0,3 - 0,Silkeborg IF,1770,1760.0,3,0,Denmark,domestic league (tier 1)
2025/08/03,Superligaen,0,Brøndby IF,1856,1832.0,0 - 2,Viborg FF,1703,1727.0,0,2,Denmark,domestic league (tier 1)
2025/08/10,Superligaen,0,Brøndby IF,1813,1816.0,2 - 1,Vejle BK,1620,1617.0,2,1,Denmark,domestic league (tier 1)
2025/08/31,Superligaen,0,Brøndby IF,1813,1799.0,1 - 3,FC Midtjylland,1931,1945.0,1,3,Denmark,domestic league (tier 1)
2025/09/13,Superligaen,0,Brøndby IF,1799,1812.0,2 - 1,FC København,1989,1976.0,2,1,Denmark,domestic league (tier 1)
2025/09/28,Superligaen,0,Brøndby IF,1808,1815.0,5 - 1,Odense BK,1638,1631.0,5,1,Denmark,domestic league (tier 1)
2025/10/19,Superligaen,0,Brøndby IF,1826,1823.0,3 - 3,Aarhus GF,1815,1818.0,3,3,Denmark,domestic league (tier 1)
2025/11/09,Superligaen,0,Brøndby IF,1840,1848.0,2 - 0,FC Nordsjælland,1773,1765.0,2,0,Denmark,domestic league (tier 1)
2025/12/01,Superligaen,0,Brøndby IF,1842,1815.0,1 - 3,FC Fredericia,1571,1598.0,1,3,Denmark,domestic league (tier 1)
2026/02/08,Superligaen,0,Brøndby IF,1801,1796.0,0 - 0,Randers FC,1707,1712.0,0,0,Denmark,domestic league (tier 1)
2026/02/23,Superligaen,0,Brøndby IF,1787,1783.0,0 - 0,SønderjyskE,1736,1740.0,0,0,Denmark,domestic league (tier 1)
2026/03/15,Superligaen,0,Brøndby IF,1791,1777.0,0 - 1,Viborg FF,1744,1758.0,0,1,Denmark,domestic league (tier 1)
2026/04/12,Superligaen,0,Brøndby IF,1776,1769.0,1 - 2,FC Midtjylland,1986,1993.0,1,2,Denmark,domestic league (tier 1)
2026/04/17,Superligaen,0,Brøndby IF,1769,1782.0,6 - 0,SønderjyskE,1727,1714.0,6,0,Denmark,domestic league (tier 1)
2026/05/01,Superligaen,0,Brøndby IF,1777,1775.0,1 - 1,FC Nordsjælland,1822,1824.0,1,1,Denmark,domestic league (tier 1)
2026/05/10,Superligaen,0,Brøndby IF,1775,1760.0,0 - 2,Aarhus GF,1867,1882.0,0,2,Denmark,domestic league (tier 1)
2026/05/21,Superligaen,0,Brøndby IF,1778,1763.0,1 - 3,FC København,1879,1894.0,1,3,Denmark,domestic league (tier 1)
2026/08/02,Superligaen,0,Brøndby IF,1768,1775.0,1 - 0,Viborg FF,1754,1747.0,1,0,Denmark,domestic league (tier 1)
2026/08/17,Superligaen,0,Brøndby IF,1784,1789.0,3 - 2,SønderjyskE,1702,1697.0,3,2,Denmark,domestic league (tier 1)
2026/08/24,Superligaen,0,Brøndby IF,1789,1796.0,3 - 1,Silkeborg IF,1680,1673.0,3,1,Denmark,domestic league (tier 1)
2026/09/06,Superligaen,0,Brøndby IF,1788,,Info,Randers FC,1673,,,,Denmark,domestic league (tier 1)
2023/09/05,Denmark Cup,0,Brønshøj BK,1325,1299.0,0 - 5,B.93 København,1313,1339.0,0,5,Denmark,domestic cup
2024/09/03,Denmark Cup,0,Brønshøj BK,1299,1304.0,1 - 1,Vejle BK,1595,1590.0,1,1,Denmark,domestic cup
2024/09/24,Denmark Cup,0,Brønshøj BK,1304,1283.0,0 - 3,BK Frem København,1342,1363.0,0,3,Denmark,domestic cup
2025/09/23,Denmark Cup,0,Brønshøj BK,1283,1297.0,3 - 1,VSK Aarhus,1367,1353.0,3,1,Denmark,domestic cup
2025/10/22,Denmark Cup,0,Brønshøj BK,1297,1290.0,0 - 3,Odense BK,1644,1651.0,0,3,Denmark,domestic cup
2026/08/04,Denmark Cup,0,Brønshøj BK,1290,1299.0,1 - 0,HB Køge,1354,1345.0,1,0,Denmark,domestic cup
2026/08/25,Denmark Cup,0,Brønshøj BK,1299,1282.0,2 - 4,AB Gladsaxe,1356,1373.0,2,4,Denmark,domestic cup
2016/07/23,Superligaen,0,Esbjerg fB,1595,1587.0,0 - 4,FC København,1909,1917.0,0,4,Denmark,domestic league (tier 1)
2016/08/08,Superligaen,0,Esbjerg fB,1580,1580.0,2 - 2,Aarhus GF,1677,1677.0,2,2,Denmark,domestic league (tier 1)
2016/08/22,Superligaen,0,Esbjerg fB,1576,1586.0,3 - 2,Odense BK,1676,1666.0,3,2,Denmark,domestic league (tier 1)
2016/09/16,Superligaen,0,Esbjerg fB,1587,1589.0,1 - 1,Randers FC,1743,1741.0,1,1,Denmark,domestic league (tier 1)
2016/09/20,Superligaen,0,Esbjerg fB,1589,1585.0,0 - 0,Silkeborg IF,1533,1537.0,0,0,Denmark,domestic league (tier 1)
2016/10/17,Superligaen,0,Esbjerg fB,1550,1549.0,2 - 2,Lyngby BK,1608,1609.0,2,2,Denmark,domestic league (tier 1)
2016/10/24,Superligaen,0,Esbjerg fB,1549,1541.0,1 - 3,FC Midtjylland,1813,1821.0,1,3,Denmark,domestic league (tier 1)
2016/11/04,Superligaen,0,Esbjerg fB,1532,1552.0,3 - 0,Aalborg BK,1684,1664.0,3,0,Denmark,domestic league (tier 1)
2016/11/27,Superligaen,0,Esbjerg fB,1541,1540.0,2 - 2,FC Nordsjælland,1614,1615.0,2,2,Denmark,domestic league (tier 1)
2016/12/04,Superligaen,0,Esbjerg fB,1555,1559.0,1 - 1,Brøndby IF,1809,1805.0,1,1,Denmark,domestic league (tier 1)
2017/02/17,Superligaen,0,Esbjerg fB,1584,1605.0,3 - 0,SønderjyskE,1756,1735.0,3,0,Denmark,domestic league (tier 1)
2017/03/03,Superligaen,0,Esbjerg fB,1608,1587.0,1 - 3,Viborg FF,1572,1593.0,1,3,Denmark,domestic league (tier 1)
2017/03/19,Superligaen,0,Esbjerg fB,1586,1582.0,1 - 1,AC Horsens,1522,1526.0,1,1,Denmark,domestic league (tier 1)
2017/04/02,Superligaen,0,Esbjerg fB,1582,1581.0,0 - 0,Randers FC,1656,1657.0,0,0,Denmark,domestic league (tier 1)
2017/04/15,Superligaen,0,Esbjerg fB,1572,1558.0,0 - 1,AC Horsens,1521,1535.0,0,1,Denmark,domestic league (tier 1)
2017/05/08,Superligaen,0,Esbjerg fB,1581,1580.0,1 - 1,Odense BK,1659,1660.0,1,1,Denmark,domestic league (tier 1)
2017/07/27,1. Division Denmark,0,Esbjerg fB,1560,1563.0,2 - 1,FC Fredericia,1377,1374.0,2,1,Denmark,domestic league (tier 2)
2017/08/13,1. Division Denmark,0,Esbjerg fB,1558,1542.0,1 - 2,Vejle BK,1422,1438.0,1,2,Denmark,domestic league (tier 2)
2017/08/20,1. Division Denmark,0,Esbjerg fB,1542,1524.0,1 - 2,Thisted FC,1292,1310.0,1,2,Denmark,domestic league (tier 2)
2017/08/27,1. Division Denmark,0,Esbjerg fB,1532,1507.0,1 - 3,Nykøbing FC,1337,1362.0,1,3,Denmark,domestic league (tier 2)
2017/09/10,1. Division Denmark,0,Esbjerg fB,1495,1489.0,2 - 2,FC Roskilde,1360,1366.0,2,2,Denmark,domestic league (tier 2)
2017/09/24,1. Division Denmark,0,Esbjerg fB,1496,1492.0,1 - 1,HB Køge,1462,1466.0,1,1,Denmark,domestic league (tier 2)
2017/10/22,1. Division Denmark,0,Esbjerg fB,1528,1534.0,5 - 2,Fremad Amager,1353,1347.0,5,2,Denmark,domestic league (tier 2)
2017/10/25,1. Division Denmark,0,Esbjerg fB,1534,1530.0,0 - 0,Viborg FF,1496,1500.0,0,0,Denmark,domestic league (tier 2)
2017/11/05,1. Division Denmark,0,Esbjerg fB,1527,1506.0,2 - 4,Vendsyssel FF,1474,1495.0,2,4,Denmark,domestic league (tier 2)
2017/11/19,1. Division Denmark,0,Esbjerg fB,1524,1526.0,4 - 0,Brabrand IF,1159,1157.0,4,0,Denmark,domestic league (tier 2)
2018/03/04,1. Division Denmark,0,Esbjerg fB,1508,1512.0,2 - 0,Skive IK,1290,1286.0,2,0,Denmark,domestic league (tier 2)
2018/03/11,1. Division Denmark,0,Esbjerg fB,1512,1490.0,2 - 4,FC Fredericia,1444,1466.0,2,4,Denmark,domestic league (tier 2)
2018/04/02,1. Division Denmark,0,Esbjerg fB,1499,1506.0,5 - 2,Nykøbing FC,1347,1340.0,5,2,Denmark,domestic league (tier 2)
2018/04/15,1. Division Denmark,0,Esbjerg fB,1514,1519.0,2 - 0,Thisted FC,1345,1340.0,2,0,Denmark,domestic league (tier 2)
2018/04/24,1. Division Denmark,0,Esbjerg fB,1527,1512.0,0 - 1,Vejle BK,1445,1460.0,0,1,Denmark,domestic league (tier 2)
2018/05/05,1. Division Denmark,0,Esbjerg fB,1529,1533.0,2 - 1,FC Roskilde,1372,1368.0,2,1,Denmark,domestic league (tier 2)
2018/05/20,1. Division Denmark,0,Esbjerg fB,1541,1536.0,0 - 0,HB Køge,1441,1446.0,0,0,Denmark,domestic league (tier 2)
2018/07/21,Superligaen,0,Esbjerg fB,1552,1538.0,2 - 3,Vendsyssel FF,1518,1532.0,2,3,Denmark,domestic league (tier 1)
2018/08/04,Superligaen,0,Esbjerg fB,1536,1536.0,3 - 3,Randers FC,1623,1623.0,3,3,Denmark,domestic league (tier 1)
2018/08/13,Superligaen,0,Esbjerg fB,1536,1546.0,1 - 0,SønderjyskE,1644,1634.0,1,0,Denmark,domestic league (tier 1)
2018/09/02,Superligaen,0,Esbjerg fB,1581,1574.0,0 - 2,FC København,1880,1887.0,0,2,Denmark,domestic league (tier 1)
2018/09/14,Superligaen,0,Esbjerg fB,1574,1587.0,2 - 0,Odense BK,1616,1603.0,2,0,Denmark,domestic league (tier 1)
2018/09/30,Superligaen,0,Esbjerg fB,1578,1579.0,0 - 0,Aarhus GF,1704,1703.0,0,0,Denmark,domestic league (tier 1)
2018/10/19,Superligaen,0,Esbjerg fB,1593,1602.0,2 - 0,Hobro IK,1550,1541.0,2,0,Denmark,domestic league (tier 1)
2018/11/04,Superligaen,0,Esbjerg fB,1621,1626.0,2 - 2,FC Midtjylland,1920,1915.0,2,2,Denmark,domestic league (tier 1)
2018/11/30,Superligaen,0,Esbjerg fB,1633,1612.0,1 - 4,Aalborg BK,1664,1685.0,1,4,Denmark,domestic league (tier 1)
2018/12/16,Superligaen,0,Esbjerg fB,1609,1626.0,3 - 0,FC Nordsjælland,1698,1681.0,3,0,Denmark,domestic league (tier 1)
2019/02/17,Superligaen,0,Esbjerg fB,1616,1629.0,2 - 1,Brøndby IF,1811,1798.0,2,1,Denmark,domestic league (tier 1)
2019/03/02,Superligaen,0,Esbjerg fB,1618,1625.0,1 - 0,AC Horsens,1609,1602.0,1,0,Denmark,domestic league (tier 1)
2019/03/17,Superligaen,0,Esbjerg fB,1613,1618.0,2 - 1,Vejle BK,1499,1494.0,2,1,Denmark,domestic league (tier 1)
2019/04/07,Superligaen,0,Esbjerg fB,1616,1622.0,2 - 2,FC Midtjylland,1935,1929.0,2,2,Denmark,domestic league (tier 1)
2019/04/18,Superligaen,0,Esbjerg fB,1637,1648.0,1 - 0,Brøndby IF,1789,1778.0,1,0,Denmark,domestic league (tier 1)
2019/04/23,Superligaen,0,Esbjerg fB,1648,1647.0,0 - 0,Odense BK,1703,1704.0,0,0,Denmark,domestic league (tier 1)
2019/05/06,Superligaen,0,Esbjerg fB,1663,1661.0,0 - 0,FC Nordsjælland,1692,1694.0,0,0,Denmark,domestic league (tier 1)
2019/05/19,Superligaen,0,Esbjerg fB,1651,1666.0,4 - 3,FC København,1938,1923.0,4,3,Denmark,domestic league (tier 1)
2019/07/21,Superligaen,0,Esbjerg fB,1680,1674.0,1 - 1,Hobro IK,1565,1571.0,1,1,Denmark,domestic league (tier 1)
2019/08/04,Superligaen,0,Esbjerg fB,1655,1644.0,0 - 1,Odense BK,1707,1718.0,0,1,Denmark,domestic league (tier 1)
2019/08/18,Superligaen,0,Esbjerg fB,1629,1633.0,1 - 0,Lyngby BK,1498,1494.0,1,0,Denmark,domestic league (tier 1)
2019/08/25,Superligaen,0,Esbjerg fB,1633,1627.0,2 - 2,Silkeborg IF,1509,1515.0,2,2,Denmark,domestic league (tier 1)
2019/09/15,Superligaen,0,Esbjerg fB,1622,1601.0,0 - 3,Randers FC,1650,1671.0,0,3,Denmark,domestic league (tier 1)
2019/09/22,Superligaen,0,Esbjerg fB,1601,1619.0,3 - 1,Brøndby IF,1763,1745.0,3,1,Denmark,domestic league (tier 1)
2019/10/06,Superligaen,0,Esbjerg fB,1623,1610.0,1 - 2,SønderjyskE,1624,1637.0,1,2,Denmark,domestic league (tier 1)
2019/10/25,Superligaen,0,Esbjerg fB,1607,1601.0,1 - 2,FC Midtjylland,1853,1859.0,1,2,Denmark,domestic league (tier 1)
2019/11/01,Superligaen,0,Esbjerg fB,1601,1597.0,1 - 1,AC Horsens,1533,1537.0,1,1,Denmark,domestic league (tier 1)
2019/12/01,Superligaen,0,Esbjerg fB,1609,1600.0,1 - 2,Aarhus GF,1749,1758.0,1,2,Denmark,domestic league (tier 1)
2020/02/14,Superligaen,0,Esbjerg fB,1584,1600.0,1 - 0,FC København,1899,1883.0,1,0,Denmark,domestic league (tier 1)
2020/02/29,Superligaen,0,Esbjerg fB,1587,1578.0,1 - 2,FC Nordsjælland,1732,1741.0,1,2,Denmark,domestic league (tier 1)
2020/05/31,Superligaen,0,Esbjerg fB,1567,1568.0,1 - 1,Aalborg BK,1711,1710.0,1,1,Denmark,domestic league (tier 1)
2020/06/12,Superligaen,0,Esbjerg fB,1561,1576.0,4 - 2,Randers FC,1656,1641.0,4,2,Denmark,domestic league (tier 1)
2020/06/21,Superligaen,0,Esbjerg fB,1579,1559.0,1 - 3,Hobro IK,1549,1569.0,1,3,Denmark,domestic league (tier 1)
2020/07/03,Superligaen,0,Esbjerg fB,1552,1541.0,1 - 2,AC Horsens,1604,1615.0,1,2,Denmark,domestic league (tier 1)
2020/09/16,1. Division Denmark,0,Esbjerg fB,1546,1550.0,1 - 0,HB Køge,1399,1395.0,1,0,Denmark,domestic league (tier 2)
2020/09/25,1. Division Denmark,0,Esbjerg fB,1539,1543.0,2 - 1,FC Helsingør,1399,1395.0,2,1,Denmark,domestic league (tier 2)
2020/10/03,1. Division Denmark,0,Esbjerg fB,1554,1551.0,2 - 2,Viborg FF,1538,1541.0,2,2,Denmark,domestic league (tier 2)
2020/10/20,1. Division Denmark,0,Esbjerg fB,1556,1530.0,0 - 2,Hvidovre IF,1352,1378.0,0,2,Denmark,domestic league (tier 2)
2020/10/31,1. Division Denmark,0,Esbjerg fB,1542,1550.0,3 - 1,FC Fredericia,1460,1452.0,3,1,Denmark,domestic league (tier 2)
2020/11/22,1. Division Denmark,0,Esbjerg fB,1537,1540.0,2 - 1,Skive IK,1309,1306.0,2,1,Denmark,domestic league (tier 2)
2020/12/03,1. Division Denmark,0,Esbjerg fB,1553,1557.0,2 - 0,Kolding IF,1314,1310.0,2,0,Denmark,domestic league (tier 2)
2021/02/13,1. Division Denmark,0,Esbjerg fB,1581,1574.0,0 - 0,Vendsyssel FF,1365,1372.0,0,0,Denmark,domestic league (tier 2)
2021/02/25,1. Division Denmark,0,Esbjerg fB,1583,1570.0,1 - 2,Silkeborg IF,1592,1605.0,1,2,Denmark,domestic league (tier 2)
2021/03/06,1. Division Denmark,0,Esbjerg fB,1570,1577.0,2 - 0,Fremad Amager,1479,1472.0,2,0,Denmark,domestic league (tier 2)
2021/03/19,1. Division Denmark,0,Esbjerg fB,1568,1572.0,1 - 0,Hobro IK,1436,1432.0,1,0,Denmark,domestic league (tier 2)
2021/04/10,1. Division Denmark,0,Esbjerg fB,1585,1584.0,1 - 1,Silkeborg IF,1634,1635.0,1,1,Denmark,domestic league (tier 2)
2021/04/29,1. Division Denmark,0,Esbjerg fB,1561,1564.0,1 - 0,HB Køge,1381,1378.0,1,0,Denmark,domestic league (tier 2)
2021/05/10,1. Division Denmark,0,Esbjerg fB,1557,1542.0,1 - 2,FC Fredericia,1444,1459.0,1,2,Denmark,domestic league (tier 2)
2021/05/15,1. Division Denmark,0,Esbjerg fB,1542,1522.0,0 - 4,Viborg FF,1615,1635.0,0,4,Denmark,domestic league (tier 2)
2021/05/26,1. Division Denmark,0,Esbjerg fB,1530,1526.0,2 - 2,FC Helsingør,1476,1480.0,2,2,Denmark,domestic league (tier 2)
2021/07/27,1. Division Denmark,0,Esbjerg fB,1526,1520.0,1 - 1,Vendsyssel FF,1370,1376.0,1,1,Denmark,domestic league (tier 2)
2021/07/31,1. Division Denmark,0,Esbjerg fB,1520,1499.0,1 - 3,FC Helsingør,1485,1506.0,1,3,Denmark,domestic league (tier 2)
2021/08/13,1. Division Denmark,0,Esbjerg fB,1487,1485.0,0 - 0,AC Horsens,1522,1524.0,0,0,Denmark,domestic league (tier 2)
2021/08/20,1. Division Denmark,0,Esbjerg fB,1477,1463.0,1 - 2,Hvidovre IF,1431,1445.0,1,2,Denmark,domestic league (tier 2)
2021/09/10,1. Division Denmark,0,Esbjerg fB,1452,1457.0,2 - 1,Hobro IK,1358,1353.0,2,1,Denmark,domestic league (tier 2)
2021/09/18,1. Division Denmark,0,Esbjerg fB,1457,1462.0,2 - 1,Fremad Amager,1358,1353.0,2,1,Denmark,domestic league (tier 2)
2021/10/04,1. Division Denmark,0,Esbjerg fB,1450,1457.0,2 - 0,HB Køge,1327,1320.0,2,0,Denmark,domestic league (tier 2)
2021/10/23,1. Division Denmark,0,Esbjerg fB,1447,1435.0,1 - 2,FC Fredericia,1469,1481.0,1,2,Denmark,domestic league (tier 2)
2021/11/05,1. Division Denmark,0,Esbjerg fB,1455,1448.0,2 - 2,Jammerbugt FC,1278,1285.0,2,2,Denmark,domestic league (tier 2)
2021/11/28,1. Division Denmark,0,Esbjerg fB,1430,1441.0,3 - 0,Nykøbing FC,1401,1390.0,3,0,Denmark,domestic league (tier 2)
2022/03/18,1. Division Denmark,0,Esbjerg fB,1413,1397.0,0 - 3,Lyngby BK,1550,1566.0,0,3,Denmark,domestic league (tier 2)
2022/03/31,1. Division Denmark,0,Esbjerg fB,1397,1394.0,2 - 2,Hobro IK,1375,1378.0,2,2,Denmark,domestic league (tier 2)
2022/04/23,1. Division Denmark,0,Esbjerg fB,1384,1381.0,0 - 0,HB Køge,1370,1373.0,0,0,Denmark,domestic league (tier 2)
2022/05/15,1. Division Denmark,0,Esbjerg fB,1361,1358.0,2 - 2,Vendsyssel FF,1339,1342.0,2,2,Denmark,domestic league (tier 2)
2022/05/18,1. Division Denmark,0,Esbjerg fB,1358,1345.0,2 - 3,Fremad Amager,1350,1363.0,2,3,Denmark,domestic league (tier 2)
2022/05/28,1. Division Denmark,0,Esbjerg fB,1359,1353.0,2 - 2,Jammerbugt FC,1226,1232.0,2,2,Denmark,domestic league (tier 2)
2023/09/27,Denmark Cup,0,Esbjerg fB,1343,1340.0,3 - 4,Viborg FF,1728,1731.0,3,4,Denmark,domestic cup
2024/07/20,1. Division Denmark,0,Esbjerg fB,1340,1335.0,1 - 2,Odense BK,1625,1630.0,1,2,Denmark,domestic league (tier 2)
2024/08/04,1. Division Denmark,0,Esbjerg fB,1362,1351.0,0 - 1,AC Horsens,1433,1444.0,0,1,Denmark,domestic league (tier 2)
2024/08/17,1. Division Denmark,0,Esbjerg fB,1345,1360.0,3 - 1,Vendsyssel FF,1449,1434.0,3,1,Denmark,domestic league (tier 2)
2024/08/24,1. Division Denmark,0,Esbjerg fB,1376,1385.0,4 - 1,HB Køge,1286,1277.0,4,1,Denmark,domestic league (tier 2)
2024/09/15,1. Division Denmark,0,Esbjerg fB,1396,1403.0,4 - 3,B.93 København,1389,1382.0,4,3,Denmark,domestic league (tier 2)
2024/09/29,1. Division Denmark,0,Esbjerg fB,1398,1396.0,1 - 1,Hillerød Fodbold,1445,1447.0,1,1,Denmark,domestic league (tier 2)
2024/10/19,1. Division Denmark,0,Esbjerg fB,1419,1402.0,0 - 3,FC Fredericia,1522,1539.0,0,3,Denmark,domestic league (tier 2)
2024/10/30,Denmark Cup,0,Esbjerg fB,1400,1391.0,0 - 2,Aalborg BK,1639,1648.0,0,2,Denmark,domestic cup
2024/11/03,1. Division Denmark,0,Esbjerg fB,1391,1399.0,3 - 2,Hobro IK,1408,1400.0,3,2,Denmark,domestic league (tier 2)
2024/11/10,1. Division Denmark,0,Esbjerg fB,1399,1406.0,2 - 0,FC Roskilde,1294,1287.0,2,0,Denmark,domestic league (tier 2)
2025/02/22,1. Division Denmark,0,Esbjerg fB,1408,1397.0,0 - 1,Kolding IF,1487,1498.0,0,1,Denmark,domestic league (tier 2)
2025/03/09,1. Division Denmark,0,Esbjerg fB,1414,1403.0,0 - 1,Hvidovre IF,1478,1489.0,0,1,Denmark,domestic league (tier 2)
2025/04/06,1. Division Denmark,0,Esbjerg fB,1424,1413.0,1 - 2,Kolding IF,1504,1515.0,1,2,Denmark,domestic league (tier 2)
2025/04/11,1. Division Denmark,0,Esbjerg fB,1413,1399.0,0 - 6,Odense BK,1642,1656.0,0,6,Denmark,domestic league (tier 2)
2025/04/22,1. Division Denmark,0,Esbjerg fB,1394,1382.0,0 - 2,FC Fredericia,1562,1574.0,0,2,Denmark,domestic league (tier 2)
2025/05/03,1. Division Denmark,0,Esbjerg fB,1389,1378.0,0 - 1,AC Horsens,1462,1473.0,0,1,Denmark,domestic league (tier 2)
2025/05/15,1. Division Denmark,0,Esbjerg fB,1374,1389.0,2 - 0,Hvidovre IF,1475,1460.0,2,0,Denmark,domestic league (tier 2)
2025/07/20,1. Division Denmark,0,Esbjerg fB,1385,1374.0,0 - 2,Lyngby BK,1569,1580.0,0,2,Denmark,domestic league (tier 2)
2025/07/26,1. Division Denmark,0,Esbjerg fB,1374,1383.0,2 - 1,Hvidovre IF,1451,1442.0,2,1,Denmark,domestic league (tier 2)
2025/08/09,1. Division Denmark,0,Esbjerg fB,1401,1387.0,0 - 2,Kolding IF,1525,1539.0,0,2,Denmark,domestic league (tier 2)
2025/08/19,1. Division Denmark,0,Esbjerg fB,1410,1421.0,1 - 0,Aalborg BK,1543,1532.0,1,0,Denmark,domestic league (tier 2)
2025/09/01,1. Division Denmark,0,Esbjerg fB,1408,1413.0,3 - 2,HB Køge,1313,1308.0,3,2,Denmark,domestic league (tier 2)
2025/09/28,1. Division Denmark,0,Esbjerg fB,1399,1396.0,1 - 1,Aarhus Fremad,1405,1408.0,1,1,Denmark,domestic league (tier 2)
2025/10/16,1. Division Denmark,0,Esbjerg fB,1391,1388.0,1 - 1,Hobro IK,1394,1397.0,1,1,Denmark,domestic league (tier 2)
2025/10/29,Denmark Cup,0,Esbjerg fB,1401,1407.0,0 - 0,Randers FC,1739,1733.0,0,0,Denmark,domestic cup
2025/11/02,1. Division Denmark,0,Esbjerg fB,1407,1413.0,3 - 2,B.93 København,1370,1364.0,3,2,Denmark,domestic league (tier 2)
2025/11/10,1. Division Denmark,0,Esbjerg fB,1413,1419.0,4 - 2,Middelfart Boldklub,1284,1278.0,4,2,Denmark,domestic league (tier 2)
2025/12/03,Denmark Cup,0,Esbjerg fB,1436,1432.0,2 - 4,FC København,1882,1886.0,2,4,Denmark,domestic cup
2026/02/28,1. Division Denmark,0,Esbjerg fB,1431,1440.0,2 - 1,AC Horsens,1486,1477.0,2,1,Denmark,domestic league (tier 2)
2026/03/15,1. Division Denmark,0,Esbjerg fB,1449,1447.0,2 - 2,Hillerød Fodbold,1485,1487.0,2,2,Denmark,domestic league (tier 2)
2026/04/10,1. Division Denmark,0,Esbjerg fB,1455,1464.0,1 - 0,Hvidovre IF,1512,1503.0,1,0,Denmark,domestic league (tier 2)
2026/04/17,1. Division Denmark,0,Esbjerg fB,1464,1462.0,0 - 0,Hillerød Fodbold,1491,1493.0,0,0,Denmark,domestic league (tier 2)
2026/04/30,1. Division Denmark,0,Esbjerg fB,1443,1431.0,0 - 1,AC Horsens,1486,1498.0,0,1,Denmark,domestic league (tier 2)
2026/05/09,1. Division Denmark,0,Esbjerg fB,1431,1445.0,3 - 0,Kolding IF,1460,1446.0,3,0,Denmark,domestic league (tier 2)
2026/05/31,1. Division Denmark,0,Esbjerg fB,1473,1484.0,2 - 1,Lyngby BK,1609,1598.0,2,1,Denmark,domestic league (tier 2)
2026/07/25,1. Division Denmark,0,Esbjerg fB,1484,1480.0,1 - 1,Kolding IF,1444,1448.0,1,1,Denmark,domestic league (tier 2)
2026/08/15,1. Division Denmark,0,Esbjerg fB,1485,1470.0,1 - 2,Hobro IK,1388,1403.0,1,2,Denmark,domestic league (tier 2)
2026/08/30,1. Division Denmark,0,Esbjerg fB,1479,1455.0,0 - 2,Vendsyssel FF,1351,1375.0,0,2,Denmark,domestic league (tier 2)
2016/08/07,1. Division Denmark,0,FC Fredericia,1407,1412.0,2 - 1,AB Gladsaxe,1309,1304.0,2,1,Denmark,domestic league (tier 2)
2016/08/14,1. Division Denmark,0,FC Fredericia,1412,1420.0,2 - 1,HB Køge,1452,1444.0,2,1,Denmark,domestic league (tier 2)
2016/08/28,1. Division Denmark,0,FC Fredericia,1409,1393.0,1 - 2,Nykøbing FC,1259,1275.0,1,2,Denmark,domestic league (tier 2)
2016/09/04,1. Division Denmark,0,FC Fredericia,1393,1393.0,0 - 0,Hobro IK,1506,1506.0,0,0,Denmark,domestic league (tier 2)
2016/09/18,1. Division Denmark,0,FC Fredericia,1389,1397.0,3 - 2,Vejle BK,1436,1428.0,3,2,Denmark,domestic league (tier 2)
2016/10/02,1. Division Denmark,0,FC Fredericia,1386,1395.0,3 - 1,Næstved BK,1332,1323.0,3,1,Denmark,domestic league (tier 2)
2016/10/16,1. Division Denmark,0,FC Fredericia,1384,1384.0,0 - 0,Vendsyssel FF,1482,1482.0,0,0,Denmark,domestic league (tier 2)
2016/10/30,1. Division Denmark,0,FC Fredericia,1383,1396.0,2 - 0,FC Roskilde,1432,1419.0,2,0,Denmark,domestic league (tier 2)
2016/11/13,1. Division Denmark,0,FC Fredericia,1400,1380.0,0 - 2,FC Helsingør,1374,1394.0,0,2,Denmark,domestic league (tier 2)
2016/11/27,1. Division Denmark,0,FC Fredericia,1390,1366.0,0 - 2,Nykøbing FC,1251,1275.0,0,2,Denmark,domestic league (tier 2)
2017/03/05,1. Division Denmark,0,FC Fredericia,1366,1372.0,2 - 1,Næstved BK,1338,1332.0,2,1,Denmark,domestic league (tier 2)
2017/03/19,1. Division Denmark,0,FC Fredericia,1365,1364.0,0 - 0,HB Køge,1432,1433.0,0,0,Denmark,domestic league (tier 2)
2017/04/02,1. Division Denmark,0,FC Fredericia,1368,1344.0,1 - 3,AB Gladsaxe,1222,1246.0,1,3,Denmark,domestic league (tier 2)
2017/04/13,1. Division Denmark,0,FC Fredericia,1360,1373.0,2 - 0,Skive IK,1421,1408.0,2,0,Denmark,domestic league (tier 2)
2017/04/30,1. Division Denmark,0,FC Fredericia,1373,1369.0,2 - 2,Fremad Amager,1343,1347.0,2,2,Denmark,domestic league (tier 2)
2017/05/14,1. Division Denmark,0,FC Fredericia,1360,1371.0,2 - 1,Hobro IK,1500,1489.0,2,1,Denmark,domestic league (tier 2)
2017/05/27,1. Division Denmark,0,FC Fredericia,1365,1377.0,3 - 1,Vejle BK,1405,1393.0,3,1,Denmark,domestic league (tier 2)
2017/08/06,1. Division Denmark,0,FC Fredericia,1374,1374.0,3 - 3,Vendsyssel FF,1487,1487.0,3,3,Denmark,domestic league (tier 2)
2017/08/20,1. Division Denmark,0,FC Fredericia,1413,1400.0,1 - 2,FC Roskilde,1389,1402.0,1,2,Denmark,domestic league (tier 2)
2017/08/27,1. Division Denmark,0,FC Fredericia,1416,1401.0,2 - 3,Fremad Amager,1308,1323.0,2,3,Denmark,domestic league (tier 2)
2017/09/10,1. Division Denmark,0,FC Fredericia,1401,1410.0,2 - 0,Nykøbing FC,1360,1351.0,2,0,Denmark,domestic league (tier 2)
2017/09/24,1. Division Denmark,0,FC Fredericia,1415,1419.0,5 - 1,Brabrand IF,1160,1156.0,5,1,Denmark,domestic league (tier 2)
2017/10/08,1. Division Denmark,0,FC Fredericia,1423,1402.0,1 - 3,Thisted FC,1364,1385.0,1,3,Denmark,domestic league (tier 2)
2017/10/29,1. Division Denmark,0,FC Fredericia,1416,1404.0,0 - 1,Vejle BK,1454,1466.0,0,1,Denmark,domestic league (tier 2)
2017/11/06,1. Division Denmark,0,FC Fredericia,1404,1404.0,2 - 2,Viborg FF,1494,1494.0,2,2,Denmark,domestic league (tier 2)
2017/11/19,1. Division Denmark,0,FC Fredericia,1431,1435.0,3 - 2,Skive IK,1296,1292.0,3,2,Denmark,domestic league (tier 2)
2018/04/02,1. Division Denmark,0,FC Fredericia,1469,1461.0,1 - 1,Brabrand IF,1168,1176.0,1,1,Denmark,domestic league (tier 2)
2018/04/05,1. Division Denmark,0,FC Fredericia,1461,1447.0,0 - 1,HB Køge,1413,1427.0,0,1,Denmark,domestic league (tier 2)
2018/04/20,1. Division Denmark,0,FC Fredericia,1464,1469.0,1 - 0,Nykøbing FC,1368,1363.0,1,0,Denmark,domestic league (tier 2)
2018/04/29,1. Division Denmark,0,FC Fredericia,1460,1443.0,1 - 3,Esbjerg fB,1512,1529.0,1,3,Denmark,domestic league (tier 2)
2018/05/02,1. Division Denmark,0,FC Fredericia,1443,1438.0,0 - 0,FC Roskilde,1367,1372.0,0,0,Denmark,domestic league (tier 2)
2018/05/12,1. Division Denmark,0,FC Fredericia,1430,1408.0,0 - 2,Fremad Amager,1341,1363.0,0,2,Denmark,domestic league (tier 2)
2018/05/20,1. Division Denmark,0,FC Fredericia,1403,1387.0,1 - 3,Vendsyssel FF,1470,1486.0,1,3,Denmark,domestic league (tier 2)
2018/08/12,1. Division Denmark,0,FC Fredericia,1400,1396.0,0 - 0,Hvidovre IF,1366,1370.0,0,0,Denmark,domestic league (tier 2)
2018/08/22,1. Division Denmark,0,FC Fredericia,1411,1396.0,1 - 2,Thisted FC,1309,1324.0,1,2,Denmark,domestic league (tier 2)
2018/09/01,1. Division Denmark,0,FC Fredericia,1402,1416.0,3 - 1,HB Køge,1488,1474.0,3,1,Denmark,domestic league (tier 2)
2018/09/09,1. Division Denmark,0,FC Fredericia,1416,1402.0,1 - 2,Nykøbing FC,1367,1381.0,1,2,Denmark,domestic league (tier 2)
2018/09/23,1. Division Denmark,0,FC Fredericia,1425,1437.0,2 - 0,Lyngby BK,1446,1434.0,2,0,Denmark,domestic league (tier 2)
2018/09/30,1. Division Denmark,0,FC Fredericia,1427,1417.0,1 - 2,Silkeborg IF,1523,1533.0,1,2,Denmark,domestic league (tier 2)
2018/10/25,1. Division Denmark,0,FC Fredericia,1456,1446.0,1 - 2,Viborg FF,1545,1555.0,1,2,Denmark,domestic league (tier 2)
2018/10/28,1. Division Denmark,0,FC Fredericia,1446,1431.0,1 - 2,Fremad Amager,1347,1362.0,1,2,Denmark,domestic league (tier 2)
2018/11/04,1. Division Denmark,0,FC Fredericia,1431,1399.0,1 - 7,FC Roskilde,1328,1360.0,1,7,Denmark,domestic league (tier 2)
2018/11/25,1. Division Denmark,0,FC Fredericia,1405,1419.0,3 - 0,Næstved BK,1433,1419.0,3,0,Denmark,domestic league (tier 2)
2019/03/10,1. Division Denmark,0,FC Fredericia,1422,1429.0,1 - 0,FC Helsingør,1415,1408.0,1,0,Denmark,domestic league (tier 2)
2019/03/24,1. Division Denmark,0,FC Fredericia,1424,1432.0,2 - 1,Nykøbing FC,1442,1434.0,2,1,Denmark,domestic league (tier 2)
2019/04/07,1. Division Denmark,0,FC Fredericia,1423,1401.0,0 - 3,Lyngby BK,1438,1460.0,0,3,Denmark,domestic league (tier 2)
2019/04/21,1. Division Denmark,0,FC Fredericia,1404,1412.0,1 - 0,HB Køge,1418,1410.0,1,0,Denmark,domestic league (tier 2)
2019/05/03,1. Division Denmark,0,FC Fredericia,1426,1416.0,0 - 1,Silkeborg IF,1520,1530.0,0,1,Denmark,domestic league (tier 2)
2019/05/12,1. Division Denmark,0,FC Fredericia,1411,1415.0,2 - 1,Thisted FC,1260,1256.0,2,1,Denmark,domestic league (tier 2)
2019/05/25,1. Division Denmark,0,FC Fredericia,1407,1402.0,2 - 2,Hvidovre IF,1327,1332.0,2,2,Denmark,domestic league (tier 2)
2019/07/28,1. Division Denmark,0,FC Fredericia,1402,1392.0,1 - 2,Vendsyssel FF,1508,1518.0,1,2,Denmark,domestic league (tier 2)
2019/08/11,1. Division Denmark,0,FC Fredericia,1412,1422.0,3 - 1,Næstved BK,1386,1376.0,3,1,Denmark,domestic league (tier 2)
2019/08/25,1. Division Denmark,0,FC Fredericia,1442,1448.0,4 - 3,Kolding FC (as Kolding IF),1394,1388.0,4,3,Denmark,domestic league (tier 2)
2019/09/08,1. Division Denmark,0,FC Fredericia,1470,1466.0,2 - 2,Nykøbing FC,1435,1439.0,2,2,Denmark,domestic league (tier 2)
2019/09/22,1. Division Denmark,0,FC Fredericia,1463,1449.0,1 - 2,Fremad Amager,1401,1415.0,1,2,Denmark,domestic league (tier 2)
2019/09/29,1. Division Denmark,0,FC Fredericia,1449,1454.0,3 - 2,Hvidovre IF,1335,1330.0,3,2,Denmark,domestic league (tier 2)
2019/10/24,1. Division Denmark,0,FC Fredericia,1475,1470.0,2 - 2,HB Køge,1386,1391.0,2,2,Denmark,domestic league (tier 2)
2019/11/06,1. Division Denmark,0,FC Fredericia,1470,1477.0,2 - 0,FC Roskilde,1347,1340.0,2,0,Denmark,domestic league (tier 2)
2019/11/10,1. Division Denmark,0,FC Fredericia,1477,1452.0,0 - 2,Skive IK,1278,1303.0,0,2,Denmark,domestic league (tier 2)
2020/03/07,1. Division Denmark,0,FC Fredericia,1449,1432.0,1 - 3,Viborg FF,1497,1514.0,1,3,Denmark,domestic league (tier 2)
2020/06/05,1. Division Denmark,0,FC Fredericia,1445,1436.0,1 - 2,Vejle BK,1564,1573.0,1,2,Denmark,domestic league (tier 2)
2020/06/13,1. Division Denmark,0,FC Fredericia,1438,1448.0,3 - 1,Fremad Amager,1409,1399.0,3,1,Denmark,domestic league (tier 2)
2020/06/23,1. Division Denmark,0,FC Fredericia,1470,1450.0,2 - 4,Vendsyssel FF,1443,1463.0,2,4,Denmark,domestic league (tier 2)
2020/07/02,1. Division Denmark,0,FC Fredericia,1443,1428.0,1 - 2,Hvidovre IF,1368,1383.0,1,2,Denmark,domestic league (tier 2)
2020/07/10,1. Division Denmark,0,FC Fredericia,1418,1423.0,3 - 2,Næstved BK,1329,1324.0,3,2,Denmark,domestic league (tier 2)
2020/07/14,1. Division Denmark,0,FC Fredericia,1423,1432.0,2 - 0,Kolding FC (as Kolding IF),1375,1366.0,2,0,Denmark,domestic league (tier 2)
2020/07/23,1. Division Denmark,0,FC Fredericia,1422,1417.0,2 - 2,Nykøbing FC,1324,1329.0,2,2,Denmark,domestic league (tier 2)
2020/09/13,1. Division Denmark,0,FC Fredericia,1417,1423.0,2 - 1,Kolding FC (as Kolding IF),1389,1383.0,2,1,Denmark,domestic league (tier 2)
2020/09/17,1. Division Denmark,0,FC Fredericia,1423,1435.0,3 - 1,Fremad Amager,1463,1451.0,3,1,Denmark,domestic league (tier 2)
2020/09/27,1. Division Denmark,0,FC Fredericia,1430,1441.0,1 - 0,Silkeborg IF,1560,1549.0,1,0,Denmark,domestic league (tier 2)
2020/10/04,1. Division Denmark,0,FC Fredericia,1459,1444.0,1 - 2,FC Helsingør,1376,1391.0,1,2,Denmark,domestic league (tier 2)
2020/10/24,1. Division Denmark,0,FC Fredericia,1456,1460.0,2 - 1,Skive IK,1322,1318.0,2,1,Denmark,domestic league (tier 2)
2020/11/06,1. Division Denmark,0,FC Fredericia,1452,1453.0,1 - 1,Viborg FF,1578,1577.0,1,1,Denmark,domestic league (tier 2)
2020/12/06,1. Division Denmark,0,FC Fredericia,1479,1465.0,0 - 1,Hvidovre IF,1431,1445.0,0,1,Denmark,domestic league (tier 2)
2020/12/19,1. Division Denmark,0,FC Fredericia,1458,1454.0,1 - 1,HB Køge,1392,1396.0,1,1,Denmark,domestic league (tier 2)
2021/02/21,1. Division Denmark,0,FC Fredericia,1446,1437.0,0 - 1,Esbjerg fB,1574,1583.0,0,1,Denmark,domestic league (tier 2)
2021/03/05,1. Division Denmark,0,FC Fredericia,1429,1427.0,1 - 1,Hobro IK,1449,1451.0,1,1,Denmark,domestic league (tier 2)
2021/03/19,1. Division Denmark,0,FC Fredericia,1441,1436.0,1 - 1,Vendsyssel FF,1329,1334.0,1,1,Denmark,domestic league (tier 2)
2021/04/05,1. Division Denmark,0,FC Fredericia,1436,1423.0,1 - 3,Esbjerg fB,1572,1585.0,1,3,Denmark,domestic league (tier 2)
2021/04/18,1. Division Denmark,0,FC Fredericia,1418,1429.0,2 - 0,FC Helsingør,1430,1419.0,2,0,Denmark,domestic league (tier 2)
2021/05/02,1. Division Denmark,0,FC Fredericia,1441,1434.0,0 - 1,Silkeborg IF,1657,1664.0,0,1,Denmark,domestic league (tier 2)
2021/05/07,1. Division Denmark,0,FC Fredericia,1434,1444.0,3 - 0,HB Køge,1378,1368.0,3,0,Denmark,domestic league (tier 2)
2021/05/21,1. Division Denmark,0,FC Fredericia,1452,1439.0,0 - 3,Viborg FF,1635,1648.0,0,3,Denmark,domestic league (tier 2)
2021/07/23,1. Division Denmark,0,FC Fredericia,1436,1445.0,2 - 0,Hobro IK,1390,1381.0,2,0,Denmark,domestic league (tier 2)
2021/08/13,1. Division Denmark,0,FC Fredericia,1460,1466.0,1 - 0,Hvidovre IF,1432,1426.0,1,0,Denmark,domestic league (tier 2)
2021/08/17,1. Division Denmark,0,FC Fredericia,1466,1474.0,1 - 0,Esbjerg fB,1485,1477.0,1,0,Denmark,domestic league (tier 2)
2021/08/27,1. Division Denmark,0,FC Fredericia,1474,1478.0,2 - 1,Fremad Amager,1335,1331.0,2,1,Denmark,domestic league (tier 2)
2021/09/02,Denmark Cup,0,FC Fredericia,1478,1480.0,1 - 1,Viborg FF,1653,1651.0,1,1,Denmark,domestic cup
2021/09/17,1. Division Denmark,0,FC Fredericia,1502,1485.0,2 - 4,FC Helsingør,1544,1561.0,2,4,Denmark,domestic league (tier 2)
2021/10/01,1. Division Denmark,0,FC Fredericia,1475,1459.0,0 - 2,Lyngby BK,1554,1570.0,0,2,Denmark,domestic league (tier 2)
2021/10/26,Denmark Cup,0,FC Fredericia,1481,1468.0,1 - 2,Hvidovre IF,1460,1473.0,1,2,Denmark,domestic cup
2021/10/31,1. Division Denmark,0,FC Fredericia,1468,1477.0,4 - 0,Vendsyssel FF,1355,1346.0,4,0,Denmark,domestic league (tier 2)
2021/11/21,1. Division Denmark,0,FC Fredericia,1467,1473.0,3 - 2,Nykøbing FC,1407,1401.0,3,2,Denmark,domestic league (tier 2)
2021/12/03,1. Division Denmark,0,FC Fredericia,1460,1443.0,0 - 2,AC Horsens,1522,1539.0,0,2,Denmark,domestic league (tier 2)
2022/03/06,1. Division Denmark,0,FC Fredericia,1449,1455.0,3 - 0,Jammerbugt FC,1263,1257.0,3,0,Denmark,domestic league (tier 2)
2022/03/18,1. Division Denmark,0,FC Fredericia,1440,1435.0,2 - 2,HB Køge,1354,1359.0,2,2,Denmark,domestic league (tier 2)
2022/04/01,1. Division Denmark,0,FC Fredericia,1435,1444.0,2 - 1,Hvidovre IF,1503,1494.0,2,1,Denmark,domestic league (tier 2)
2022/04/17,1. Division Denmark,0,FC Fredericia,1450,1469.0,4 - 0,FC Helsingør,1561,1542.0,4,0,Denmark,domestic league (tier 2)
2022/04/22,1. Division Denmark,0,FC Fredericia,1469,1454.0,1 - 3,Lyngby BK,1560,1575.0,1,3,Denmark,domestic league (tier 2)
2022/05/13,1. Division Denmark,0,FC Fredericia,1459,1469.0,5 - 1,Nykøbing FC,1372,1362.0,5,1,Denmark,domestic league (tier 2)
2022/05/23,1. Division Denmark,0,FC Fredericia,1459,1442.0,0 - 4,AC Horsens,1593,1610.0,0,4,Denmark,domestic league (tier 2)
2022/07/29,1. Division Denmark,0,FC Fredericia,1439,1423.0,0 - 1,Næstved BK,1290,1306.0,0,1,Denmark,domestic league (tier 2)
2022/08/12,1. Division Denmark,0,FC Fredericia,1417,1410.0,0 - 1,Vejle BK,1621,1628.0,0,1,Denmark,domestic league (tier 2)
2022/08/21,1. Division Denmark,0,FC Fredericia,1397,1408.0,2 - 0,Vendsyssel FF,1407,1396.0,2,0,Denmark,domestic league (tier 2)
2022/09/04,1. Division Denmark,0,FC Fredericia,1408,1396.0,1 - 3,SønderjyskE,1577,1589.0,1,3,Denmark,domestic league (tier 2)
2022/09/18,1. Division Denmark,0,FC Fredericia,1414,1405.0,1 - 2,Hvidovre IF,1537,1546.0,1,2,Denmark,domestic league (tier 2)
2022/10/07,1. Division Denmark,0,FC Fredericia,1418,1402.0,0 - 1,Nykøbing FC,1283,1299.0,0,1,Denmark,domestic league (tier 2)
2022/10/23,1. Division Denmark,0,FC Fredericia,1395,1392.0,0 - 0,Hobro IK,1388,1391.0,0,0,Denmark,domestic league (tier 2)
2022/11/13,1. Division Denmark,0,FC Fredericia,1374,1394.0,4 - 1,FC Helsingør,1516,1496.0,4,1,Denmark,domestic league (tier 2)
2023/02/19,1. Division Denmark,0,FC Fredericia,1394,1371.0,0 - 2,Hillerød GI,1290,1313.0,0,2,Denmark,domestic league (tier 2)
2023/03/03,1. Division Denmark,0,FC Fredericia,1365,1380.0,3 - 0,HB Køge,1413,1398.0,3,0,Denmark,domestic league (tier 2)
2023/03/18,1. Division Denmark,0,FC Fredericia,1376,1382.0,2 - 1,Fremad Amager,1325,1319.0,2,1,Denmark,domestic league (tier 2)
2023/03/31,1. Division Denmark,0,FC Fredericia,1382,1391.0,2 - 0,Nykøbing FC,1330,1321.0,2,0,Denmark,domestic league (tier 2)
2023/04/16,1. Division Denmark,0,FC Fredericia,1407,1419.0,6 - 1,HB Køge,1368,1356.0,6,1,Denmark,domestic league (tier 2)
2023/05/05,1. Division Denmark,0,FC Fredericia,1441,1437.0,2 - 2,Hobro IK,1401,1405.0,2,2,Denmark,domestic league (tier 2)
2023/05/21,1. Division Denmark,0,FC Fredericia,1438,1432.0,0 - 0,Fremad Amager,1303,1309.0,0,0,Denmark,domestic league (tier 2)
2023/05/26,1. Division Denmark,0,FC Fredericia,1432,1440.0,4 - 0,Hillerød GI,1314,1306.0,4,0,Denmark,domestic league (tier 2)
2023/07/23,1. Division Denmark,0,FC Fredericia,1456,1434.0,0 - 2,Hobro IK,1380,1402.0,0,2,Denmark,domestic league (tier 2)
2023/08/11,1. Division Denmark,0,FC Fredericia,1453,1456.0,3 - 2,Hillerød Fodbold,1272,1269.0,3,2,Denmark,domestic league (tier 2)
2023/08/22,1. Division Denmark,0,FC Fredericia,1474,1487.0,2 - 0,AC Horsens,1524,1511.0,2,0,Denmark,domestic league (tier 2)
2023/09/17,1. Division Denmark,0,FC Fredericia,1504,1498.0,0 - 0,FC Helsingør,1358,1364.0,0,0,Denmark,domestic league (tier 2)
2023/10/01,1. Division Denmark,0,FC Fredericia,1525,1531.0,4 - 1,Næstved BK,1338,1332.0,4,1,Denmark,domestic league (tier 2)
2023/10/06,1. Division Denmark,0,FC Fredericia,1531,1520.0,1 - 2,SønderjyskE,1600,1611.0,1,2,Denmark,domestic league (tier 2)
2023/11/01,Denmark Cup,0,FC Fredericia,1516,1534.0,3 - 1,Odense BK,1692,1674.0,3,1,Denmark,domestic cup
2023/11/05,1. Division Denmark,0,FC Fredericia,1534,1538.0,1 - 0,Kolding IF,1407,1403.0,1,0,Denmark,domestic league (tier 2)
2023/11/23,1. Division Denmark,0,FC Fredericia,1540,1508.0,0 - 4,B.93 København,1317,1349.0,0,4,Denmark,domestic league (tier 2)
2023/12/01,1. Division Denmark,0,FC Fredericia,1508,1504.0,0 - 0,Vendsyssel FF,1457,1461.0,0,0,Denmark,domestic league (tier 2)
2023/12/07,Denmark Cup,0,FC Fredericia,1504,1515.0,3 - 2,Lyngby BK,1633,1622.0,3,2,Denmark,domestic cup
2024/03/01,1. Division Denmark,0,FC Fredericia,1545,1535.0,2 - 3,Aalborg BK,1659,1669.0,2,3,Denmark,domestic league (tier 2)
2024/03/16,1. Division Denmark,0,FC Fredericia,1532,1525.0,2 - 2,HB Køge,1298,1305.0,2,2,Denmark,domestic league (tier 2)
2024/04/02,1. Division Denmark,0,FC Fredericia,1518,1527.0,3 - 1,Vendsyssel FF,1477,1468.0,3,1,Denmark,domestic league (tier 2)
2024/04/11,Denmark Cup,0,FC Fredericia,1508,1527.0,2 - 0,Silkeborg IF,1712,1693.0,2,0,Denmark,domestic cup
2024/04/14,1. Division Denmark,0,FC Fredericia,1527,1511.0,0 - 2,SønderjyskE,1608,1624.0,0,2,Denmark,domestic league (tier 2)
2024/04/25,1. Division Denmark,0,FC Fredericia,1521,1532.0,2 - 1,Aalborg BK,1658,1647.0,2,1,Denmark,domestic league (tier 2)
2024/05/12,1. Division Denmark,0,FC Fredericia,1527,1512.0,0 - 1,Kolding IF,1450,1465.0,0,1,Denmark,domestic league (tier 2)
2024/06/02,1. Division Denmark,0,FC Fredericia,1527,1512.0,0 - 1,Hobro IK,1431,1446.0,0,1,Denmark,domestic league (tier 2)
2024/07/27,1. Division Denmark,0,FC Fredericia,1528,1536.0,4 - 2,Vendsyssel FF,1438,1430.0,4,2,Denmark,domestic league (tier 2)
2024/08/11,1. Division Denmark,0,FC Fredericia,1527,1533.0,4 - 0,Esbjerg fB,1351,1345.0,4,0,Denmark,domestic league (tier 2)
2024/08/16,1. Division Denmark,0,FC Fredericia,1533,1536.0,3 - 2,FC Roskilde,1310,1307.0,3,2,Denmark,domestic league (tier 2)
2024/08/25,1. Division Denmark,0,FC Fredericia,1528,1515.0,0 - 1,Hvidovre IF,1513,1526.0,0,1,Denmark,domestic league (tier 2)
2024/09/16,1. Division Denmark,0,FC Fredericia,1533,1528.0,1 - 1,Hobro IK,1435,1440.0,1,1,Denmark,domestic league (tier 2)
2024/09/19,Denmark Cup,0,FC Fredericia,1528,1510.0,1 - 4,Aalborg BK,1624,1642.0,1,4,Denmark,domestic cup
2024/09/28,1. Division Denmark,0,FC Fredericia,1530,1537.0,3 - 0,B.93 København,1391,1384.0,3,0,Denmark,domestic league (tier 2)
2024/10/05,1. Division Denmark,0,FC Fredericia,1537,1522.0,1 - 2,AC Horsens,1448,1463.0,1,2,Denmark,domestic league (tier 2)
2024/11/03,1. Division Denmark,0,FC Fredericia,1556,1539.0,1 - 4,Odense BK,1661,1678.0,1,4,Denmark,domestic league (tier 2)
2024/11/24,1. Division Denmark,0,FC Fredericia,1554,1560.0,1 - 0,Kolding IF,1512,1506.0,1,0,Denmark,domestic league (tier 2)
2025/02/23,1. Division Denmark,0,FC Fredericia,1568,1551.0,1 - 2,HB Køge,1330,1347.0,1,2,Denmark,domestic league (tier 2)
2025/03/07,1. Division Denmark,0,FC Fredericia,1542,1520.0,0 - 2,Hillerød Fodbold,1472,1494.0,0,2,Denmark,domestic league (tier 2)
2025/04/05,1. Division Denmark,0,FC Fredericia,1540,1550.0,1 - 0,Odense BK,1652,1642.0,1,0,Denmark,domestic league (tier 2)
2025/04/10,1. Division Denmark,0,FC Fredericia,1550,1561.0,5 - 1,AC Horsens,1491,1480.0,5,1,Denmark,domestic league (tier 2)
2025/04/27,1. Division Denmark,0,FC Fredericia,1574,1567.0,1 - 1,Esbjerg fB,1382,1389.0,1,1,Denmark,domestic league (tier 2)
2025/05/09,1. Division Denmark,0,FC Fredericia,1572,1581.0,5 - 1,Hvidovre IF,1484,1475.0,5,1,Denmark,domestic league (tier 2)
2025/05/23,1. Division Denmark,0,FC Fredericia,1598,1606.0,2 - 0,Kolding IF,1529,1521.0,2,0,Denmark,domestic league (tier 2)
2025/07/20,Superligaen,0,FC Fredericia,1606,1599.0,2 - 3,FC Nordsjælland,1805,1812.0,2,3,Denmark,domestic league (tier 1)
2025/08/01,Superligaen,0,FC Fredericia,1623,1617.0,0 - 2,FC København,1967,1973.0,0,2,Denmark,domestic league (tier 1)
2025/08/15,Superligaen,0,FC Fredericia,1625,1633.0,3 - 2,SønderjyskE,1639,1631.0,3,2,Denmark,domestic league (tier 1)
2025/08/24,Superligaen,0,FC Fredericia,1633,1643.0,1 - 0,Randers FC,1737,1727.0,1,0,Denmark,domestic league (tier 1)
2025/09/15,Superligaen,0,FC Fredericia,1635,1631.0,1 - 1,Vejle BK,1595,1599.0,1,1,Denmark,domestic league (tier 1)
2025/10/05,Superligaen,0,FC Fredericia,1623,1612.0,0 - 2,Brøndby IF,1815,1826.0,0,2,Denmark,domestic league (tier 1)
2025/10/26,Superligaen,0,FC Fredericia,1602,1596.0,0 - 4,FC Midtjylland,1996,2002.0,0,4,Denmark,domestic league (tier 1)
2025/10/29,Denmark Cup,0,FC Fredericia,1596,1596.0,2 - 2,Viborg FF,1703,1703.0,2,2,Denmark,domestic cup
2025/11/09,Superligaen,0,FC Fredericia,1594,1577.0,0 - 3,Viborg FF,1711,1728.0,0,3,Denmark,domestic league (tier 1)
2025/12/05,Superligaen,0,FC Fredericia,1598,1582.0,1 - 3,Odense BK,1675,1691.0,1,3,Denmark,domestic league (tier 1)
2026/02/15,Superligaen,0,FC Fredericia,1595,1599.0,1 - 1,Aarhus GF,1846,1842.0,1,1,Denmark,domestic league (tier 1)
2026/03/01,Superligaen,0,FC Fredericia,1615,1624.0,2 - 1,Silkeborg IF,1675,1666.0,2,1,Denmark,domestic league (tier 1)
2026/03/13,Superligaen,0,FC Fredericia,1624,1606.0,0 - 3,Randers FC,1720,1738.0,0,3,Denmark,domestic league (tier 1)
2026/04/13,Superligaen,0,FC Fredericia,1619,1615.0,2 - 2,Vejle BK,1592,1596.0,2,2,Denmark,domestic league (tier 1)
2026/04/26,Superligaen,0,FC Fredericia,1625,1609.0,0 - 2,Odense BK,1694,1710.0,0,2,Denmark,domestic league (tier 1)
2026/05/03,Superligaen,0,FC Fredericia,1609,1613.0,3 - 3,FC København,1871,1867.0,3,3,Denmark,domestic league (tier 1)
2026/05/17,Superligaen,0,FC Fredericia,1600,1618.0,4 - 1,Silkeborg IF,1702,1684.0,4,1,Denmark,domestic league (tier 1)
2026/07/25,1. Division Denmark,0,FC Fredericia,1618,1622.0,3 - 0,HB Køge,1368,1364.0,3,0,Denmark,domestic league (tier 2)
2026/08/09,1. Division Denmark,0,FC Fredericia,1617,1609.0,1 - 1,Vendsyssel FF,1357,1365.0,1,1,Denmark,domestic league (tier 2)
2026/08/21,1. Division Denmark,0,FC Fredericia,1625,1618.0,0 - 0,Aarhus Fremad,1438,1445.0,0,0,Denmark,domestic league (tier 2)
2026/08/26,Denmark Cup,0,FC Fredericia,1618,1607.0,1 - 2,Odense BK,1669,1680.0,1,2,Denmark,domestic cup
2026/09/05,1. Division Denmark,0,FC Fredericia,1596,,Info,Esbjerg fB,1455,,,,Denmark,domestic league (tier 2)
2016/07/24,1. Division Denmark,0,FC Helsingør,1374,1380.0,1 - 0,AB Gladsaxe,1317,1311.0,1,0,Denmark,domestic league (tier 2)
2016/08/07,1. Division Denmark,0,FC Helsingør,1386,1395.0,2 - 0,Fremad Amager,1344,1335.0,2,0,Denmark,domestic league (tier 2)
2016/08/21,1. Division Denmark,0,FC Helsingør,1400,1410.0,2 - 0,FC Roskilde,1378,1368.0,2,0,Denmark,domestic league (tier 2)
2016/08/28,1. Division Denmark,0,FC Helsingør,1410,1396.0,1 - 2,Næstved BK,1349,1363.0,1,2,Denmark,domestic league (tier 2)
2016/09/11,1. Division Denmark,0,FC Helsingør,1396,1410.0,4 - 0,FC Fredericia,1403,1389.0,4,0,Denmark,domestic league (tier 2)
2016/09/25,1. Division Denmark,0,FC Helsingør,1403,1400.0,1 - 1,Skive IK,1377,1380.0,1,1,Denmark,domestic league (tier 2)
2016/10/16,1. Division Denmark,0,FC Helsingør,1407,1403.0,2 - 2,Fremad Amager,1356,1360.0,2,2,Denmark,domestic league (tier 2)
2016/10/30,1. Division Denmark,0,FC Helsingør,1377,1382.0,2 - 1,AB Gladsaxe,1284,1279.0,2,1,Denmark,domestic league (tier 2)
2016/11/20,1. Division Denmark,0,FC Helsingør,1394,1393.0,2 - 2,HB Køge,1450,1451.0,2,2,Denmark,domestic league (tier 2)
2016/11/27,1. Division Denmark,0,FC Helsingør,1393,1392.0,0 - 0,Vejle BK,1447,1448.0,0,0,Denmark,domestic league (tier 2)
2017/03/12,1. Division Denmark,0,FC Helsingør,1384,1393.0,3 - 0,Nykøbing FC,1298,1289.0,3,0,Denmark,domestic league (tier 2)
2017/03/26,1. Division Denmark,0,FC Helsingør,1408,1404.0,0 - 0,FC Fredericia,1364,1368.0,0,0,Denmark,domestic league (tier 2)
2017/04/09,1. Division Denmark,0,FC Helsingør,1416,1424.0,1 - 0,FC Roskilde,1433,1425.0,1,0,Denmark,domestic league (tier 2)
2017/04/23,1. Division Denmark,0,FC Helsingør,1444,1461.0,3 - 0,Hobro IK,1526,1509.0,3,0,Denmark,domestic league (tier 2)
2017/04/30,1. Division Denmark,0,FC Helsingør,1461,1457.0,0 - 0,Skive IK,1416,1420.0,0,0,Denmark,domestic league (tier 2)
2017/05/14,1. Division Denmark,0,FC Helsingør,1426,1415.0,0 - 1,Vendsyssel FF,1487,1498.0,0,1,Denmark,domestic league (tier 2)
2017/05/27,1. Division Denmark,0,FC Helsingør,1428,1433.0,1 - 0,Næstved BK,1351,1346.0,1,0,Denmark,domestic league (tier 2)
2017/07/24,Superligaen,0,FC Helsingør,1435,1424.0,0 - 2,Odense BK,1636,1647.0,0,2,Denmark,domestic league (tier 1)
2017/08/06,Superligaen,0,FC Helsingør,1442,1458.0,2 - 1,FC Midtjylland,1796,1780.0,2,1,Denmark,domestic league (tier 1)
2017/08/26,Superligaen,0,FC Helsingør,1449,1468.0,2 - 0,Randers FC,1642,1623.0,2,0,Denmark,domestic league (tier 1)
2017/09/17,Superligaen,0,FC Helsingør,1463,1458.0,0 - 4,FC København,1909,1914.0,0,4,Denmark,domestic league (tier 1)
2017/09/29,Superligaen,0,FC Helsingør,1452,1438.0,1 - 5,Aarhus GF,1634,1648.0,1,5,Denmark,domestic league (tier 1)
2017/10/22,Superligaen,0,FC Helsingør,1435,1431.0,0 - 1,Brøndby IF,1786,1790.0,0,1,Denmark,domestic league (tier 1)
2017/10/28,Superligaen,0,FC Helsingør,1431,1448.0,2 - 0,Silkeborg IF,1571,1554.0,2,0,Denmark,domestic league (tier 1)
2017/11/17,Superligaen,0,FC Helsingør,1447,1438.0,0 - 1,Hobro IK,1591,1600.0,0,1,Denmark,domestic league (tier 1)
2017/11/25,Superligaen,0,FC Helsingør,1438,1430.0,0 - 1,Aalborg BK,1621,1629.0,0,1,Denmark,domestic league (tier 1)
2017/12/09,Superligaen,0,FC Helsingør,1434,1447.0,2 - 1,Lyngby BK,1644,1631.0,2,1,Denmark,domestic league (tier 1)
2018/02/18,Superligaen,0,FC Helsingør,1441,1428.0,0 - 2,AC Horsens,1599,1612.0,0,2,Denmark,domestic league (tier 1)
2018/03/04,Superligaen,0,FC Helsingør,1433,1427.0,1 - 2,SønderjyskE,1679,1685.0,1,2,Denmark,domestic league (tier 1)
2018/03/18,Superligaen,0,FC Helsingør,1426,1442.0,1 - 0,FC Nordsjælland,1787,1771.0,1,0,Denmark,domestic league (tier 1)
2018/04/08,Superligaen,0,FC Helsingør,1458,1448.0,0 - 1,Hobro IK,1565,1575.0,0,1,Denmark,domestic league (tier 1)
2018/04/17,Superligaen,0,FC Helsingør,1445,1458.0,1 - 0,Aarhus GF,1654,1641.0,1,0,Denmark,domestic league (tier 1)
2018/04/22,Superligaen,0,FC Helsingør,1458,1459.0,0 - 0,Silkeborg IF,1592,1591.0,0,0,Denmark,domestic league (tier 1)
2018/07/29,1. Division Denmark,0,FC Helsingør,1444,1451.0,3 - 1,Fremad Amager,1346,1339.0,3,1,Denmark,domestic league (tier 2)
2018/08/05,1. Division Denmark,0,FC Helsingør,1451,1446.0,1 - 1,Næstved BK,1371,1376.0,1,1,Denmark,domestic league (tier 2)
2018/08/19,1. Division Denmark,0,FC Helsingør,1470,1455.0,0 - 1,FC Fredericia,1396,1411.0,0,1,Denmark,domestic league (tier 2)
2018/08/26,1. Division Denmark,0,FC Helsingør,1445,1453.0,2 - 1,Lyngby BK,1483,1475.0,2,1,Denmark,domestic league (tier 2)
2018/09/09,1. Division Denmark,0,FC Helsingør,1448,1433.0,0 - 1,Thisted FC,1335,1350.0,0,1,Denmark,domestic league (tier 2)
2018/09/30,1. Division Denmark,0,FC Helsingør,1429,1437.0,3 - 0,FC Roskilde,1323,1315.0,3,0,Denmark,domestic league (tier 2)
2018/10/14,1. Division Denmark,0,FC Helsingør,1439,1425.0,1 - 2,Nykøbing FC,1398,1412.0,1,2,Denmark,domestic league (tier 2)
2018/11/04,1. Division Denmark,0,FC Helsingør,1413,1414.0,1 - 1,Silkeborg IF,1536,1535.0,1,1,Denmark,domestic league (tier 2)
2018/11/12,1. Division Denmark,0,FC Helsingør,1414,1399.0,1 - 3,Viborg FF,1519,1534.0,1,3,Denmark,domestic league (tier 2)
2018/11/25,1. Division Denmark,0,FC Helsingør,1391,1400.0,2 - 0,Hvidovre IF,1341,1332.0,2,0,Denmark,domestic league (tier 2)
2019/03/17,1. Division Denmark,0,FC Helsingør,1408,1389.0,0 - 2,HB Køge,1422,1441.0,0,2,Denmark,domestic league (tier 2)
2019/03/31,1. Division Denmark,0,FC Helsingør,1394,1401.0,2 - 1,FC Roskilde,1391,1384.0,2,1,Denmark,domestic league (tier 2)
2019/04/14,1. Division Denmark,0,FC Helsingør,1392,1389.0,0 - 0,FC Fredericia,1401,1404.0,0,0,Denmark,domestic league (tier 2)
2019/04/21,1. Division Denmark,0,FC Helsingør,1389,1373.0,1 - 2,Thisted FC,1245,1261.0,1,2,Denmark,domestic league (tier 2)
2019/05/05,1. Division Denmark,0,FC Helsingør,1379,1367.0,1 - 2,Fremad Amager,1405,1417.0,1,2,Denmark,domestic league (tier 2)
2019/05/12,1. Division Denmark,0,FC Helsingør,1371,1370.0,1 - 1,Næstved BK,1442,1443.0,1,1,Denmark,domestic league (tier 2)
2019/05/25,1. Division Denmark,0,FC Helsingør,1374,1364.0,1 - 2,Lyngby BK,1471,1481.0,1,2,Denmark,domestic league (tier 2)
2020/09/11,1. Division Denmark,0,FC Helsingør,1341,1361.0,4 - 2,Silkeborg IF,1564,1544.0,4,2,Denmark,domestic league (tier 2)
2020/09/18,1. Division Denmark,0,FC Helsingør,1384,1399.0,3 - 0,Vendsyssel FF,1433,1418.0,3,0,Denmark,domestic league (tier 2)
2020/09/30,1. Division Denmark,0,FC Helsingør,1395,1376.0,0 - 2,HB Køge,1395,1414.0,0,2,Denmark,domestic league (tier 2)
2020/10/18,1. Division Denmark,0,FC Helsingør,1391,1397.0,2 - 1,Skive IK,1329,1323.0,2,1,Denmark,domestic league (tier 2)
2020/10/24,1. Division Denmark,0,FC Helsingør,1388,1384.0,0 - 0,Kolding FC (as Kolding IF),1356,1360.0,0,0,Denmark,domestic league (tier 2)
2020/11/05,1. Division Denmark,0,FC Helsingør,1378,1368.0,0 - 1,Hobro IK,1469,1479.0,0,1,Denmark,domestic league (tier 2)
2020/11/27,1. Division Denmark,0,FC Helsingør,1375,1385.0,2 - 1,Fremad Amager,1486,1476.0,2,1,Denmark,domestic league (tier 2)
2020/12/13,1. Division Denmark,0,FC Helsingør,1378,1370.0,1 - 2,Esbjerg fB,1564,1572.0,1,2,Denmark,domestic league (tier 2)
2020/12/18,1. Division Denmark,0,FC Helsingør,1370,1363.0,0 - 1,Viborg FF,1582,1589.0,0,1,Denmark,domestic league (tier 2)
2021/02/26,1. Division Denmark,0,FC Helsingør,1395,1403.0,1 - 0,FC Fredericia,1437,1429.0,1,0,Denmark,domestic league (tier 2)
2021/03/12,1. Division Denmark,0,FC Helsingør,1414,1424.0,2 - 0,Hvidovre IF,1399,1389.0,2,0,Denmark,domestic league (tier 2)
2021/04/09,1. Division Denmark,0,FC Helsingør,1419,1430.0,3 - 1,HB Køge,1415,1404.0,3,1,Denmark,domestic league (tier 2)
2021/04/23,1. Division Denmark,0,FC Helsingør,1419,1431.0,1 - 0,Esbjerg fB,1573,1561.0,1,0,Denmark,domestic league (tier 2)
2021/05/07,1. Division Denmark,0,FC Helsingør,1461,1445.0,0 - 3,Viborg FF,1600,1616.0,0,3,Denmark,domestic league (tier 2)
2021/05/16,1. Division Denmark,0,FC Helsingør,1466,1473.0,2 - 1,FC Fredericia,1459,1452.0,2,1,Denmark,domestic league (tier 2)
2021/05/21,1. Division Denmark,0,FC Helsingør,1473,1476.0,3 - 3,Silkeborg IF,1675,1672.0,3,3,Denmark,domestic league (tier 2)
2021/07/23,1. Division Denmark,0,FC Helsingør,1480,1485.0,1 - 0,Fremad Amager,1371,1366.0,1,0,Denmark,domestic league (tier 2)
2021/08/13,1. Division Denmark,0,FC Helsingør,1520,1526.0,3 - 1,Vendsyssel FF,1375,1369.0,3,1,Denmark,domestic league (tier 2)
2021/08/18,Denmark Cup,0,FC Helsingør,1526,1529.0,2 - 1,HB Køge,1326,1323.0,2,1,Denmark,domestic cup
2021/08/21,1. Division Denmark,0,FC Helsingør,1529,1528.0,3 - 3,Lyngby BK,1582,1583.0,3,3,Denmark,domestic league (tier 2)
2021/09/12,1. Division Denmark,0,FC Helsingør,1549,1544.0,2 - 2,Hvidovre IF,1440,1445.0,2,2,Denmark,domestic league (tier 2)
2021/09/21,Denmark Cup,0,FC Helsingør,1561,1544.0,0 - 3,Odense BK,1674,1691.0,0,3,Denmark,domestic cup
2021/09/24,1. Division Denmark,0,FC Helsingør,1544,1537.0,2 - 2,Hobro IK,1339,1346.0,2,2,Denmark,domestic league (tier 2)
2021/10/14,1. Division Denmark,0,FC Helsingør,1517,1527.0,3 - 0,Esbjerg fB,1457,1447.0,3,0,Denmark,domestic league (tier 2)
2021/11/08,1. Division Denmark,0,FC Helsingør,1529,1539.0,4 - 1,FC Fredericia,1477,1467.0,4,1,Denmark,domestic league (tier 2)
2021/11/26,1. Division Denmark,0,FC Helsingør,1551,1544.0,1 - 1,HB Køge,1351,1358.0,1,1,Denmark,domestic league (tier 2)
2022/02/25,1. Division Denmark,0,FC Helsingør,1551,1556.0,2 - 0,Nykøbing FC,1387,1382.0,2,0,Denmark,domestic league (tier 2)
2022/03/04,1. Division Denmark,0,FC Helsingør,1556,1563.0,1 - 0,AC Horsens,1546,1539.0,1,0,Denmark,domestic league (tier 2)
2022/03/18,1. Division Denmark,0,FC Helsingør,1585,1588.0,3 - 0,Jammerbugt FC,1247,1244.0,3,0,Denmark,domestic league (tier 2)
2022/04/03,1. Division Denmark,0,FC Helsingør,1588,1574.0,0 - 1,AC Horsens,1548,1562.0,0,1,Denmark,domestic league (tier 2)
2022/04/22,1. Division Denmark,0,FC Helsingør,1542,1528.0,1 - 2,Hvidovre IF,1500,1514.0,1,2,Denmark,domestic league (tier 2)
2022/05/06,1. Division Denmark,0,FC Helsingør,1522,1528.0,2 - 1,FC Fredericia,1465,1459.0,2,1,Denmark,domestic league (tier 2)
2022/05/18,1. Division Denmark,0,FC Helsingør,1532,1520.0,1 - 2,Lyngby BK,1579,1591.0,1,2,Denmark,domestic league (tier 2)
2022/05/29,1. Division Denmark,0,FC Helsingør,1508,1492.0,2 - 3,Nykøbing FC,1359,1375.0,2,3,Denmark,domestic league (tier 2)
2022/07/23,1. Division Denmark,0,FC Helsingør,1492,1471.0,0 - 6,Vejle BK,1591,1612.0,0,6,Denmark,domestic league (tier 2)
2022/08/05,1. Division Denmark,0,FC Helsingør,1483,1489.0,3 - 2,FC Fredericia,1423,1417.0,3,2,Denmark,domestic league (tier 2)
2022/08/13,1. Division Denmark,0,FC Helsingør,1489,1467.0,0 - 3,Hvidovre IF,1505,1527.0,0,3,Denmark,domestic league (tier 2)
2022/08/19,1. Division Denmark,0,FC Helsingør,1497,1504.0,4 - 0,Fremad Amager,1332,1325.0,4,0,Denmark,domestic league (tier 2)
2022/08/24,Denmark Cup,0,FC Helsingør,1504,1518.0,2 - 0,Lyngby BK,1574,1560.0,2,0,Denmark,domestic cup
2022/09/02,1. Division Denmark,0,FC Helsingør,1533,1536.0,1 - 0,Nykøbing FC,1322,1319.0,1,0,Denmark,domestic league (tier 2)
2022/09/16,1. Division Denmark,0,FC Helsingør,1542,1525.0,1 - 2,Næstved BK,1362,1379.0,1,2,Denmark,domestic league (tier 2)
2022/10/15,1. Division Denmark,0,FC Helsingør,1503,1512.0,1 - 0,SønderjyskE,1585,1576.0,1,0,Denmark,domestic league (tier 2)
2022/10/28,1. Division Denmark,0,FC Helsingør,1508,1503.0,0 - 0,Vendsyssel FF,1435,1440.0,0,0,Denmark,domestic league (tier 2)
2023/02/17,1. Division Denmark,0,FC Helsingør,1496,1469.0,1 - 4,HB Køge,1383,1410.0,1,4,Denmark,domestic league (tier 2)
2023/03/03,1. Division Denmark,0,FC Helsingør,1448,1454.0,2 - 0,Hillerød GI,1316,1310.0,2,0,Denmark,domestic league (tier 2)
2023/03/18,1. Division Denmark,0,FC Helsingør,1463,1468.0,2 - 1,Hobro IK,1386,1381.0,2,1,Denmark,domestic league (tier 2)
2023/03/31,1. Division Denmark,0,FC Helsingør,1468,1464.0,0 - 0,Vendsyssel FF,1414,1418.0,0,0,Denmark,domestic league (tier 2)
2023/04/21,1. Division Denmark,0,FC Helsingør,1458,1448.0,4 - 5,SønderjyskE,1561,1571.0,4,5,Denmark,domestic league (tier 2)
2023/04/25,1. Division Denmark,0,FC Helsingør,1448,1456.0,4 - 2,Næstved BK,1378,1370.0,4,2,Denmark,domestic league (tier 2)
2023/05/12,1. Division Denmark,0,FC Helsingør,1442,1432.0,0 - 1,Hvidovre IF,1546,1556.0,0,1,Denmark,domestic league (tier 2)
2023/05/28,1. Division Denmark,0,FC Helsingør,1421,1424.0,1 - 1,Vejle BK,1624,1621.0,1,1,Denmark,domestic league (tier 2)
2023/07/23,1. Division Denmark,0,FC Helsingør,1420,1426.0,2 - 1,Næstved BK,1380,1374.0,2,1,Denmark,domestic league (tier 2)
2023/07/30,1. Division Denmark,0,FC Helsingør,1426,1433.0,2 - 0,B.93 København,1303,1296.0,2,0,Denmark,domestic league (tier 2)
2023/08/11,1. Division Denmark,0,FC Helsingør,1426,1430.0,1 - 1,Aalborg BK,1678,1674.0,1,1,Denmark,domestic league (tier 2)
2023/08/23,1. Division Denmark,0,FC Helsingør,1422,1390.0,1 - 6,Hillerød Fodbold,1287,1319.0,1,6,Denmark,domestic league (tier 2)
2023/09/03,1. Division Denmark,0,FC Helsingør,1376,1358.0,1 - 3,Hobro IK,1410,1428.0,1,3,Denmark,domestic league (tier 2)
2023/09/24,1. Division Denmark,0,FC Helsingør,1364,1357.0,3 - 4,SønderjyskE,1589,1596.0,3,4,Denmark,domestic league (tier 2)
2023/10/09,1. Division Denmark,0,FC Helsingør,1363,1352.0,0 - 1,Vendsyssel FF,1414,1425.0,0,1,Denmark,domestic league (tier 2)
2023/10/28,1. Division Denmark,0,FC Helsingør,1346,1348.0,3 - 3,FC Fredericia,1518,1516.0,3,3,Denmark,domestic league (tier 2)
2023/10/31,Denmark Cup,0,FC Helsingør,1348,1353.0,2 - 2,Lyngby BK,1626,1621.0,2,2,Denmark,domestic cup
2023/11/24,1. Division Denmark,0,FC Helsingør,1349,1340.0,1 - 2,AC Horsens,1489,1498.0,1,2,Denmark,domestic league (tier 2)
2024/02/23,1. Division Denmark,0,FC Helsingør,1343,1329.0,0 - 1,HB Køge,1314,1328.0,0,1,Denmark,domestic league (tier 2)
2024/03/08,1. Division Denmark,0,FC Helsingør,1320,1320.0,1 - 1,Kolding IF,1421,1421.0,1,1,Denmark,domestic league (tier 2)
2024/03/31,1. Division Denmark,0,FC Helsingør,1317,1299.0,1 - 3,Næstved BK,1341,1359.0,1,3,Denmark,domestic league (tier 2)
2024/04/13,1. Division Denmark,0,FC Helsingør,1304,1304.0,2 - 2,Hillerød Fodbold,1413,1413.0,2,2,Denmark,domestic league (tier 2)
2024/04/28,1. Division Denmark,0,FC Helsingør,1310,1308.0,0 - 0,HB Køge,1339,1341.0,0,0,Denmark,domestic league (tier 2)
2024/05/05,1. Division Denmark,0,FC Helsingør,1308,1299.0,0 - 1,AC Horsens,1449,1458.0,0,1,Denmark,domestic league (tier 2)
2024/05/26,1. Division Denmark,0,FC Helsingør,1284,1266.0,0 - 3,B.93 København,1365,1383.0,0,3,Denmark,domestic league (tier 2)
2025/08/05,Denmark Cup,0,FC Helsingør,1247,1243.0,0 - 1,Lyngby BK,1583,1587.0,0,1,Denmark,domestic cup
2016/07/16,Superligaen,0,FC København,1904,1906.0,3 - 0,Lyngby BK,1541,1539.0,3,0,Denmark,domestic league (tier 1)
2016/07/30,Superligaen,0,FC København,1918,1922.0,4 - 0,FC Nordsjælland,1627,1623.0,4,0,Denmark,domestic league (tier 1)
2016/08/13,Superligaen,0,FC København,1931,1939.0,3 - 1,FC Midtjylland,1846,1838.0,3,1,Denmark,domestic league (tier 1)
2016/08/20,Superligaen,0,FC København,1943,1936.0,1 - 1,Aalborg BK,1734,1741.0,1,1,Denmark,domestic league (tier 1)
2016/09/10,Superligaen,0,FC København,1932,1935.0,2 - 0,Odense BK,1665,1662.0,2,0,Denmark,domestic league (tier 1)
2016/09/24,Superligaen,0,FC København,1944,1947.0,2 - 0,Aarhus GF,1651,1648.0,2,0,Denmark,domestic league (tier 1)
2016/10/15,Superligaen,0,FC København,1959,1961.0,2 - 0,Silkeborg IF,1567,1565.0,2,0,Denmark,domestic league (tier 1)
2016/11/06,Superligaen,0,FC København,1974,1979.0,4 - 0,SønderjyskE,1768,1763.0,4,0,Denmark,domestic league (tier 1)
2016/11/29,Superligaen,0,FC København,1984,1986.0,4 - 0,Viborg FF,1556,1554.0,4,0,Denmark,domestic league (tier 1)
2016/12/03,Superligaen,0,FC København,1986,1988.0,1 - 0,Randers FC,1727,1725.0,1,0,Denmark,domestic league (tier 1)
2017/02/19,Superligaen,0,FC København,2027,2020.0,0 - 0,Brøndby IF,1812,1819.0,0,0,Denmark,domestic league (tier 1)
2017/03/05,Superligaen,0,FC København,2008,2010.0,5 - 0,AC Horsens,1547,1545.0,5,0,Denmark,domestic league (tier 1)
2017/03/12,Superligaen,0,FC København,2019,2020.0,2 - 0,Esbjerg fB,1587,1586.0,2,0,Denmark,domestic league (tier 1)
2017/04/09,Superligaen,0,FC København,2016,2007.0,1 - 1,FC Nordsjælland,1664,1673.0,1,1,Denmark,domestic league (tier 1)
2017/04/23,Superligaen,0,FC København,2015,2019.0,3 - 1,FC Midtjylland,1778,1774.0,3,1,Denmark,domestic league (tier 1)
2017/04/30,Superligaen,0,FC København,2021,2023.0,3 - 0,Lyngby BK,1631,1629.0,3,0,Denmark,domestic league (tier 1)
2017/05/14,Superligaen,0,FC København,2017,2020.0,1 - 0,Brøndby IF,1842,1839.0,1,0,Denmark,domestic league (tier 1)
2017/05/28,Superligaen,0,FC København,1987,1990.0,2 - 0,SønderjyskE,1704,1701.0,2,0,Denmark,domestic league (tier 1)
2017/07/15,Superligaen,0,FC København,2001,1992.0,1 - 1,Aalborg BK,1600,1609.0,1,1,Denmark,domestic league (tier 1)
2017/07/29,Superligaen,0,FC København,1961,1952.0,0 - 0,Hobro IK,1497,1506.0,0,0,Denmark,domestic league (tier 1)
2017/08/12,Superligaen,0,FC København,1945,1936.0,1 - 1,AC Horsens,1591,1600.0,1,1,Denmark,domestic league (tier 1)
2017/08/19,Superligaen,0,FC København,1922,1925.0,3 - 2,SønderjyskE,1710,1707.0,3,2,Denmark,domestic league (tier 1)
2017/09/10,Superligaen,0,FC København,1909,1913.0,4 - 3,FC Midtjylland,1783,1779.0,4,3,Denmark,domestic league (tier 1)
2017/09/23,Superligaen,0,FC København,1916,1919.0,4 - 0,Silkeborg IF,1586,1583.0,4,0,Denmark,domestic league (tier 1)
2017/10/22,Superligaen,0,FC København,1876,1881.0,4 - 0,Aarhus GF,1630,1625.0,4,0,Denmark,domestic league (tier 1)
2017/11/05,Superligaen,0,FC København,1883,1868.0,0 - 1,Brøndby IF,1795,1810.0,0,1,Denmark,domestic league (tier 1)
2017/11/26,Superligaen,0,FC København,1839,1846.0,5 - 1,Lyngby BK,1680,1673.0,5,1,Denmark,domestic league (tier 1)
2017/12/03,Superligaen,0,FC København,1846,1823.0,1 - 3,FC Nordsjælland,1747,1770.0,1,3,Denmark,domestic league (tier 1)
2018/02/10,Superligaen,0,FC København,1816,1822.0,5 - 1,Randers FC,1615,1609.0,5,1,Denmark,domestic league (tier 1)
2018/02/25,Superligaen,0,FC København,1804,1808.0,1 - 0,Odense BK,1644,1640.0,1,0,Denmark,domestic league (tier 1)
2018/03/12,Superligaen,0,FC København,1824,1825.0,4 - 3,FC Helsingør,1427,1426.0,4,3,Denmark,domestic league (tier 1)
2018/04/02,Superligaen,0,FC København,1835,1841.0,2 - 1,FC Nordsjælland,1771,1765.0,2,1,Denmark,domestic league (tier 1)
2018/04/18,Superligaen,0,FC København,1829,1832.0,2 - 1,Aalborg BK,1637,1634.0,2,1,Denmark,domestic league (tier 1)
2018/04/21,Superligaen,0,FC København,1832,1836.0,4 - 1,AC Horsens,1599,1595.0,4,1,Denmark,domestic league (tier 1)
2018/05/06,Superligaen,0,FC København,1842,1842.0,1 - 1,Brøndby IF,1936,1936.0,1,1,Denmark,domestic league (tier 1)
2018/05/18,Superligaen,0,FC København,1829,1813.0,0 - 2,FC Midtjylland,1901,1917.0,0,2,Denmark,domestic league (tier 1)
2018/05/25,Superligaen,0,FC København,1814,1821.0,4 - 1,Aarhus GF,1682,1675.0,4,1,Denmark,domestic league (tier 1)
2018/07/16,Superligaen,0,FC København,1826,1809.0,1 - 2,AC Horsens,1597,1614.0,1,2,Denmark,domestic league (tier 1)
2018/07/29,Superligaen,0,FC København,1819,1826.0,4 - 0,Aalborg BK,1674,1667.0,4,0,Denmark,domestic league (tier 1)
2018/08/12,Superligaen,0,FC København,1849,1863.0,3 - 1,Brøndby IF,1925,1911.0,3,1,Denmark,domestic league (tier 1)
2018/08/26,Superligaen,0,FC København,1875,1878.0,3 - 2,SønderjyskE,1638,1635.0,3,2,Denmark,domestic league (tier 1)
2018/09/23,Superligaen,0,FC København,1876,1880.0,2 - 1,FC Nordsjælland,1734,1730.0,2,1,Denmark,domestic league (tier 1)
2018/10/07,Superligaen,0,FC København,1880,1884.0,4 - 0,Randers FC,1612,1608.0,4,0,Denmark,domestic league (tier 1)
2018/10/28,Superligaen,0,FC København,1876,1881.0,4 - 2,Aarhus GF,1700,1695.0,4,2,Denmark,domestic league (tier 1)
2018/11/25,Superligaen,0,FC København,1885,1893.0,2 - 1,FC Midtjylland,1917,1909.0,2,1,Denmark,domestic league (tier 1)
2018/12/09,Superligaen,0,FC København,1897,1900.0,3 - 0,Esbjerg fB,1612,1609.0,3,0,Denmark,domestic league (tier 1)
2019/02/10,Superligaen,0,FC København,1895,1901.0,6 - 1,Odense BK,1682,1676.0,6,1,Denmark,domestic league (tier 1)
2019/02/25,Superligaen,0,FC København,1910,1901.0,1 - 1,Vendsyssel FF,1520,1529.0,1,1,Denmark,domestic league (tier 1)
2019/03/03,Superligaen,0,FC København,1901,1903.0,2 - 0,Vejle BK,1503,1501.0,2,0,Denmark,domestic league (tier 1)
2019/03/17,Superligaen,0,FC København,1900,1902.0,3 - 1,Hobro IK,1532,1530.0,3,1,Denmark,domestic league (tier 1)
2019/03/31,Superligaen,0,FC København,1902,1904.0,1 - 0,Esbjerg fB,1618,1616.0,1,0,Denmark,domestic league (tier 1)
2019/04/18,Superligaen,0,FC København,1922,1935.0,3 - 0,FC Midtjylland,1933,1920.0,3,0,Denmark,domestic league (tier 1)
2019/04/28,Superligaen,0,FC København,1947,1952.0,4 - 0,Odense BK,1704,1699.0,4,0,Denmark,domestic league (tier 1)
2019/05/05,Superligaen,0,FC København,1952,1955.0,3 - 2,Brøndby IF,1778,1775.0,3,2,Denmark,domestic league (tier 1)
2019/05/25,Superligaen,0,FC København,1923,1897.0,1 - 3,FC Nordsjælland,1684,1710.0,1,3,Denmark,domestic league (tier 1)
2019/07/19,Superligaen,0,FC København,1905,1908.0,2 - 1,Aarhus GF,1696,1693.0,2,1,Denmark,domestic league (tier 1)
2019/08/09,Superligaen,0,FC København,1929,1930.0,2 - 0,Lyngby BK,1499,1498.0,2,0,Denmark,domestic league (tier 1)
2019/08/25,Superligaen,0,FC København,1932,1936.0,3 - 1,FC Nordsjælland,1719,1715.0,3,1,Denmark,domestic league (tier 1)
2019/09/22,Superligaen,0,FC København,1893,1890.0,0 - 0,FC Midtjylland,1876,1879.0,0,0,Denmark,domestic league (tier 1)
2019/09/28,Superligaen,0,FC København,1890,1892.0,4 - 2,Silkeborg IF,1482,1480.0,4,2,Denmark,domestic league (tier 1)
2019/10/20,Superligaen,0,FC København,1878,1881.0,3 - 1,Esbjerg fB,1610,1607.0,3,1,Denmark,domestic league (tier 1)
2019/11/03,Superligaen,0,FC København,1901,1904.0,3 - 0,SønderjyskE,1617,1614.0,3,0,Denmark,domestic league (tier 1)
2019/11/24,Superligaen,0,FC København,1889,1890.0,2 - 1,Hobro IK,1548,1547.0,2,1,Denmark,domestic league (tier 1)
2019/12/01,Superligaen,0,FC København,1901,1905.0,2 - 1,Brøndby IF,1760,1756.0,2,1,Denmark,domestic league (tier 1)
2019/12/16,Superligaen,0,FC København,1896,1899.0,2 - 1,Odense BK,1690,1687.0,2,1,Denmark,domestic league (tier 1)
2020/03/01,Superligaen,0,FC København,1909,1912.0,3 - 2,Aalborg BK,1687,1684.0,3,2,Denmark,domestic league (tier 1)
2020/03/08,Superligaen,0,FC København,1892,1873.0,0 - 1,AC Horsens,1537,1556.0,0,1,Denmark,domestic league (tier 1)
2020/06/07,Superligaen,0,FC København,1873,1876.0,2 - 1,Randers FC,1659,1656.0,2,1,Denmark,domestic league (tier 1)
2020/06/17,Superligaen,0,FC København,1875,1880.0,2 - 0,Aalborg BK,1697,1692.0,2,0,Denmark,domestic league (tier 1)
2020/06/28,Superligaen,0,FC København,1879,1866.0,1 - 2,FC Midtjylland,1878,1891.0,1,2,Denmark,domestic league (tier 1)
2020/07/12,Superligaen,0,FC København,1847,1842.0,0 - 0,Brøndby IF,1767,1772.0,0,0,Denmark,domestic league (tier 1)
2020/07/19,Superligaen,0,FC København,1842,1821.0,2 - 4,Aarhus GF,1788,1809.0,2,4,Denmark,domestic league (tier 1)
2020/07/26,Superligaen,0,FC København,1831,1835.0,2 - 1,FC Nordsjælland,1708,1704.0,2,1,Denmark,domestic league (tier 1)
2020/09/20,Superligaen,0,FC København,1847,1832.0,1 - 2,Brøndby IF,1778,1793.0,1,2,Denmark,domestic league (tier 1)
2020/10/04,Superligaen,0,FC København,1821,1826.0,3 - 2,FC Nordsjælland,1707,1702.0,3,2,Denmark,domestic league (tier 1)
2020/10/18,Superligaen,0,FC København,1826,1811.0,1 - 2,Aalborg BK,1714,1729.0,1,2,Denmark,domestic league (tier 1)
2020/11/01,Superligaen,0,FC København,1823,1826.0,4 - 2,Lyngby BK,1510,1507.0,4,2,Denmark,domestic league (tier 1)
2020/11/23,Superligaen,0,FC København,1815,1799.0,1 - 2,Randers FC,1652,1668.0,1,2,Denmark,domestic league (tier 1)
2020/12/06,Superligaen,0,FC København,1814,1818.0,2 - 0,AC Horsens,1587,1583.0,2,0,Denmark,domestic league (tier 1)
2020/12/20,Superligaen,0,FC København,1828,1822.0,1 - 1,Odense BK,1672,1678.0,1,1,Denmark,domestic league (tier 1)
2021/02/15,Superligaen,0,FC København,1839,1843.0,3 - 2,SønderjyskE,1686,1682.0,3,2,Denmark,domestic league (tier 1)
2021/02/28,Superligaen,0,FC København,1837,1833.0,3 - 3,Aarhus GF,1798,1802.0,3,3,Denmark,domestic league (tier 1)
2021/03/03,Superligaen,0,FC København,1833,1836.0,2 - 1,Vejle BK,1595,1592.0,2,1,Denmark,domestic league (tier 1)
2021/03/14,Superligaen,0,FC København,1827,1826.0,0 - 0,FC Midtjylland,1892,1893.0,0,0,Denmark,domestic league (tier 1)
2021/04/05,Superligaen,0,FC København,1815,1820.0,2 - 1,Randers FC,1712,1707.0,2,1,Denmark,domestic league (tier 1)
2021/04/18,Superligaen,0,FC København,1839,1834.0,2 - 2,FC Nordsjælland,1729,1734.0,2,2,Denmark,domestic league (tier 1)
2021/05/03,Superligaen,0,FC København,1835,1840.0,3 - 2,Aarhus GF,1737,1732.0,3,2,Denmark,domestic league (tier 1)
2021/05/16,Superligaen,0,FC København,1839,1845.0,2 - 1,Brøndby IF,1808,1802.0,2,1,Denmark,domestic league (tier 1)
2021/05/19,Superligaen,0,FC København,1845,1857.0,4 - 2,FC Midtjylland,1875,1863.0,4,2,Denmark,domestic league (tier 1)
2021/07/18,Superligaen,0,FC København,1846,1840.0,2 - 2,Aalborg BK,1704,1710.0,2,2,Denmark,domestic league (tier 1)
2021/07/25,Superligaen,0,FC København,1842,1835.0,0 - 0,Silkeborg IF,1671,1678.0,0,0,Denmark,domestic league (tier 1)
2021/08/08,Superligaen,0,FC København,1854,1863.0,4 - 2,Brøndby IF,1810,1801.0,4,2,Denmark,domestic league (tier 1)
2021/08/22,Superligaen,0,FC København,1888,1891.0,2 - 0,SønderjyskE,1619,1616.0,2,0,Denmark,domestic league (tier 1)
2021/09/19,Superligaen,0,FC København,1933,1919.0,0 - 1,FC Midtjylland,1871,1885.0,0,1,Denmark,domestic league (tier 1)
2021/10/03,Superligaen,0,FC København,1903,1895.0,1 - 1,Viborg FF,1640,1648.0,1,1,Denmark,domestic league (tier 1)
2021/10/31,Superligaen,0,FC København,1868,1871.0,3 - 0,Vejle BK,1575,1572.0,3,0,Denmark,domestic league (tier 1)
2021/11/21,Superligaen,0,FC København,1884,1877.0,1 - 1,Aarhus GF,1705,1712.0,1,1,Denmark,domestic league (tier 1)
2022/02/20,Superligaen,0,FC København,1902,1907.0,2 - 0,Odense BK,1709,1704.0,2,0,Denmark,domestic league (tier 1)
2022/03/04,Superligaen,0,FC København,1917,1922.0,3 - 0,Randers FC,1722,1717.0,3,0,Denmark,domestic league (tier 1)
2022/03/20,Superligaen,0,FC København,1918,1920.0,1 - 0,FC Nordsjælland,1634,1632.0,1,0,Denmark,domestic league (tier 1)
2022/04/10,Superligaen,0,FC København,1928,1934.0,1 - 0,FC Midtjylland,1872,1866.0,1,0,Denmark,domestic league (tier 1)
2022/04/18,Superligaen,0,FC København,1915,1921.0,2 - 0,Brøndby IF,1763,1757.0,2,0,Denmark,domestic league (tier 1)
2022/04/24,Superligaen,0,FC København,1921,1904.0,0 - 1,Randers FC,1702,1719.0,0,1,Denmark,domestic league (tier 1)
2022/05/11,Superligaen,0,FC København,1905,1910.0,2 - 1,Silkeborg IF,1801,1796.0,2,1,Denmark,domestic league (tier 1)
2022/05/22,Superligaen,0,FC København,1921,1926.0,3 - 0,Aalborg BK,1723,1718.0,3,0,Denmark,domestic league (tier 1)
2022/07/17,Superligaen,0,FC København,1926,1908.0,0 - 1,AC Horsens,1605,1623.0,0,1,Denmark,domestic league (tier 1)
2022/08/07,Superligaen,0,FC København,1899,1906.0,4 - 1,Brøndby IF,1761,1754.0,4,1,Denmark,domestic league (tier 1)
2022/08/12,Superligaen,0,FC København,1906,1881.0,1 - 3,Randers FC,1716,1741.0,1,3,Denmark,domestic league (tier 1)
2022/09/02,Superligaen,0,FC København,1882,1887.0,1 - 0,Silkeborg IF,1779,1774.0,1,0,Denmark,domestic league (tier 1)
2022/10/02,Superligaen,0,FC København,1861,1864.0,1 - 0,Aarhus GF,1667,1664.0,1,0,Denmark,domestic league (tier 1)
2022/10/08,Superligaen,0,FC København,1862,1856.0,1 - 1,FC Nordsjælland,1737,1743.0,1,1,Denmark,domestic league (tier 1)
2022/10/22,Superligaen,0,FC København,1860,1857.0,1 - 1,FC Midtjylland,1867,1870.0,1,1,Denmark,domestic league (tier 1)
2022/11/06,Superligaen,0,FC København,1868,1870.0,3 - 0,Lyngby BK,1520,1518.0,3,0,Denmark,domestic league (tier 1)
2023/02/26,Superligaen,0,FC København,1899,1901.0,1 - 0,Aalborg BK,1652,1650.0,1,0,Denmark,domestic league (tier 1)
2023/03/01,Denmark Cup,0,FC København,1901,1904.0,2 - 0,Vejle BK,1613,1610.0,2,0,Denmark,domestic cup
2023/03/05,Superligaen,0,FC København,1904,1911.0,7 - 0,Odense BK,1704,1697.0,7,0,Denmark,domestic league (tier 1)
2023/03/19,Superligaen,0,FC København,1919,1923.0,2 - 1,Viborg FF,1763,1759.0,2,1,Denmark,domestic league (tier 1)
2023/04/02,Superligaen,0,FC København,1923,1927.0,2 - 1,FC Nordsjælland,1802,1798.0,2,1,Denmark,domestic league (tier 1)
2023/04/16,Superligaen,0,FC København,1908,1912.0,2 - 1,Viborg FF,1770,1766.0,2,1,Denmark,domestic league (tier 1)
2023/04/30,Superligaen,0,FC København,1899,1882.0,0 - 1,Brøndby IF,1686,1703.0,0,1,Denmark,domestic league (tier 1)
2023/05/04,Denmark Cup,0,FC København,1882,1890.0,5 - 3,FC Nordsjælland,1792,1784.0,5,3,Denmark,domestic cup
2023/05/18,Denmark Cup,0,FC København,1893,1896.0,1 - 0,Aalborg BK,1701,1698.0,1,0,Denmark,domestic cup
2023/05/21,Superligaen,0,FC København,1896,1900.0,4 - 3,Aarhus GF,1735,1731.0,4,3,Denmark,domestic league (tier 1)
2023/06/04,Superligaen,0,FC København,1909,1901.0,1 - 1,Randers FC,1670,1678.0,1,1,Denmark,domestic league (tier 1)
2023/08/05,Superligaen,0,FC København,1924,1928.0,4 - 0,Randers FC,1676,1672.0,4,0,Denmark,domestic league (tier 1)
2023/08/11,Superligaen,0,FC København,1927,1930.0,2 - 1,Odense BK,1721,1718.0,2,1,Denmark,domestic league (tier 1)
2023/08/26,Superligaen,0,FC København,1955,1929.0,1 - 3,Silkeborg IF,1721,1747.0,1,3,Denmark,domestic league (tier 1)
2023/09/03,Superligaen,0,FC København,1924,1929.0,2 - 0,Viborg FF,1744,1739.0,2,0,Denmark,domestic league (tier 1)
2023/09/30,Superligaen,0,FC København,1945,1921.0,0 - 2,FC Midtjylland,1805,1829.0,0,2,Denmark,domestic league (tier 1)
2023/10/21,Superligaen,0,FC København,1913,1915.0,2 - 1,Vejle BK,1621,1619.0,2,1,Denmark,domestic league (tier 1)
2023/10/28,Superligaen,0,FC København,1910,1912.0,4 - 0,Hvidovre IF,1491,1489.0,4,0,Denmark,domestic league (tier 1)
2023/10/31,Denmark Cup,0,FC København,1912,1917.0,1 - 0,FC Midtjylland,1835,1830.0,1,0,Denmark,domestic cup
2023/11/12,Superligaen,0,FC København,1944,1938.0,0 - 0,Brøndby IF,1810,1816.0,0,0,Denmark,domestic league (tier 1)
2023/12/03,Superligaen,0,FC København,1937,1921.0,1 - 2,Aarhus GF,1768,1784.0,1,2,Denmark,domestic league (tier 1)
2023/12/06,Denmark Cup,0,FC København,1921,1896.0,0 - 2,Silkeborg IF,1739,1764.0,0,2,Denmark,domestic cup
2024/02/26,Superligaen,0,FC København,1930,1938.0,2 - 0,FC Nordsjælland,1851,1843.0,2,0,Denmark,domestic league (tier 1)
2024/03/10,Superligaen,0,FC København,1923,1926.0,4 - 0,Lyngby BK,1576,1573.0,4,0,Denmark,domestic league (tier 1)
2024/04/01,Superligaen,0,FC København,1935,1920.0,1 - 2,Brøndby IF,1844,1859.0,1,2,Denmark,domestic league (tier 1)
2024/04/21,Superligaen,0,FC København,1913,1917.0,2 - 0,Silkeborg IF,1685,1681.0,2,0,Denmark,domestic league (tier 1)
2024/04/28,Superligaen,0,FC København,1917,1921.0,3 - 2,Aarhus GF,1785,1781.0,3,2,Denmark,domestic league (tier 1)
2024/05/16,Superligaen,0,FC København,1949,1934.0,1 - 2,FC Midtjylland,1873,1888.0,1,2,Denmark,domestic league (tier 1)
2024/05/26,Superligaen,0,FC København,1921,1917.0,1 - 1,FC Nordsjælland,1874,1878.0,1,1,Denmark,domestic league (tier 1)
2024/05/31,Superligaen,0,FC København,1917,1919.0,2 - 1,Randers FC,1670,1668.0,2,1,Denmark,domestic league (tier 1)
2024/07/28,Superligaen,0,FC København,1926,1930.0,3 - 2,Aarhus GF,1765,1761.0,3,2,Denmark,domestic league (tier 1)
2024/08/04,Superligaen,0,FC København,1930,1922.0,1 - 1,Randers FC,1691,1699.0,1,1,Denmark,domestic league (tier 1)
2024/08/18,Superligaen,0,FC København,1923,1915.0,1 - 1,Viborg FF,1656,1664.0,1,1,Denmark,domestic league (tier 1)
2024/09/01,Superligaen,0,FC København,1904,1912.0,3 - 1,Brøndby IF,1835,1827.0,3,1,Denmark,domestic league (tier 1)
2024/09/23,Superligaen,0,FC København,1905,1908.0,2 - 0,Aalborg BK,1642,1639.0,2,0,Denmark,domestic league (tier 1)
2024/10/18,Superligaen,0,FC København,1895,1897.0,3 - 1,Vejle BK,1560,1558.0,3,1,Denmark,domestic league (tier 1)
2024/11/04,Superligaen,0,FC København,1908,1902.0,2 - 2,Silkeborg IF,1763,1769.0,2,2,Denmark,domestic league (tier 1)
2024/11/24,Superligaen,0,FC København,1897,1899.0,2 - 1,Lyngby BK,1561,1559.0,2,1,Denmark,domestic league (tier 1)
2024/12/02,Superligaen,0,FC København,1906,1914.0,3 - 1,FC Nordsjælland,1844,1836.0,3,1,Denmark,domestic league (tier 1)
2024/12/15,Denmark Cup,0,FC København,1922,1923.0,1 - 0,Kolding IF,1488,1487.0,1,0,Denmark,domestic cup
2025/02/23,Superligaen,0,FC København,1914,1920.0,1 - 0,FC Midtjylland,1871,1865.0,1,0,Denmark,domestic league (tier 1)
2025/03/09,Superligaen,0,FC København,1908,1900.0,1 - 1,SønderjyskE,1583,1591.0,1,1,Denmark,domestic league (tier 1)
2025/03/31,Superligaen,0,FC København,1884,1888.0,1 - 0,Randers FC,1747,1743.0,1,0,Denmark,domestic league (tier 1)
2025/04/13,Superligaen,0,FC København,1899,1885.0,1 - 2,Brøndby IF,1862,1876.0,1,2,Denmark,domestic league (tier 1)
2025/04/21,Superligaen,0,FC København,1873,1881.0,3 - 1,Aarhus GF,1797,1789.0,3,1,Denmark,domestic league (tier 1)
2025/05/08,Denmark Cup,0,FC København,1925,1928.0,1 - 0,Viborg FF,1721,1718.0,1,0,Denmark,domestic cup
2025/05/11,Superligaen,0,FC København,1928,1924.0,1 - 1,FC Midtjylland,1882,1886.0,1,1,Denmark,domestic league (tier 1)
2025/05/25,Superligaen,0,FC København,1940,1947.0,3 - 0,FC Nordsjælland,1812,1805.0,3,0,Denmark,domestic league (tier 1)
2025/05/29,Denmark Cup,0,FC København,1947,1956.0,3 - 0,Silkeborg IF,1764,1755.0,3,0,Denmark,domestic cup
2025/07/26,Superligaen,0,FC København,1963,1965.0,2 - 0,Vejle BK,1606,1604.0,2,0,Denmark,domestic league (tier 1)
2025/08/08,Superligaen,0,FC København,1973,1955.0,2 - 3,Aarhus GF,1719,1737.0,2,3,Denmark,domestic league (tier 1)
2025/08/23,Superligaen,0,FC København,1978,1969.0,1 - 1,Odense BK,1636,1645.0,1,1,Denmark,domestic league (tier 1)
2025/09/21,Superligaen,0,FC København,1979,1971.0,3 - 3,Silkeborg IF,1727,1735.0,3,3,Denmark,domestic league (tier 1)
2025/10/05,Superligaen,0,FC København,1955,1953.0,1 - 1,FC Midtjylland,1973,1975.0,1,1,Denmark,domestic league (tier 1)
2025/10/26,Superligaen,0,FC København,1920,1913.0,0 - 0,Viborg FF,1696,1703.0,0,0,Denmark,domestic league (tier 1)
2025/11/01,Superligaen,0,FC København,1916,1918.0,3 - 2,FC Fredericia,1596,1594.0,3,2,Denmark,domestic league (tier 1)
2025/11/23,Superligaen,0,FC København,1885,1891.0,1 - 0,Brøndby IF,1848,1842.0,1,0,Denmark,domestic league (tier 1)
2025/12/07,Superligaen,0,FC København,1886,1861.0,0 - 2,SønderjyskE,1711,1736.0,0,2,Denmark,domestic league (tier 1)
2025/12/13,Denmark Cup,0,FC København,1887,1888.0,2 - 0,Esbjerg fB,1432,1431.0,2,0,Denmark,domestic cup
2026/02/11,Denmark Cup,0,FC København,1887,1891.0,2 - 1,Viborg FF,1749,1745.0,2,1,Denmark,domestic cup
2026/02/14,Superligaen,0,FC København,1891,1876.0,1 - 2,FC Nordsjælland,1792,1807.0,1,2,Denmark,domestic league (tier 1)
2026/03/01,Superligaen,0,FC København,1873,1856.0,1 - 2,Randers FC,1703,1720.0,1,2,Denmark,domestic league (tier 1)
2026/03/22,Superligaen,0,FC København,1854,1836.0,1 - 2,FC Fredericia,1606,1624.0,1,2,Denmark,domestic league (tier 1)
2026/04/05,Superligaen,0,FC København,1836,1845.0,7 - 0,Silkeborg IF,1687,1678.0,7,0,Denmark,domestic league (tier 1)
2026/04/22,Superligaen,0,FC København,1864,1868.0,2 - 1,Odense BK,1698,1694.0,2,1,Denmark,domestic league (tier 1)
2026/04/27,Superligaen,0,FC København,1868,1871.0,3 - 0,Vejle BK,1576,1573.0,3,0,Denmark,domestic league (tier 1)
2026/05/14,Denmark Cup,0,FC København,1883,1873.0,0 - 1,FC Midtjylland,1991,2001.0,0,1,Denmark,domestic cup
2026/05/17,Superligaen,0,FC København,1873,1879.0,5 - 0,Randers FC,1679,1673.0,5,0,Denmark,domestic league (tier 1)
2026/07/26,Superligaen,0,FC København,1893,1895.0,3 - 2,Lyngby BK,1598,1596.0,3,2,Denmark,domestic league (tier 1)
2026/08/31,Superligaen,0,FC København,1910,1914.0,3 - 1,SønderjyskE,1682,1678.0,3,1,Denmark,domestic league (tier 1)
2026/09/03,Superligaen,0,FC København,1914,,Info,FC Nordsjælland,1887,,,,Denmark,domestic league (tier 1)
2016/07/18,Superligaen,0,FC Midtjylland,1837,1831.0,2 - 2,Randers FC,1719,1725.0,2,2,Denmark,domestic league (tier 1)
2016/07/31,Superligaen,0,FC Midtjylland,1854,1857.0,3 - 0,Silkeborg IF,1564,1561.0,3,0,Denmark,domestic league (tier 1)
2016/08/07,Superligaen,0,FC Midtjylland,1851,1846.0,3 - 3,Brøndby IF,1779,1784.0,3,3,Denmark,domestic league (tier 1)
2016/08/21,Superligaen,0,FC Midtjylland,1823,1818.0,2 - 2,SønderjyskE,1736,1741.0,2,2,Denmark,domestic league (tier 1)
2016/09/09,Superligaen,0,FC Midtjylland,1803,1808.0,3 - 0,Esbjerg fB,1592,1587.0,3,0,Denmark,domestic league (tier 1)
2016/09/25,Superligaen,0,FC Midtjylland,1815,1819.0,5 - 2,AC Horsens,1547,1543.0,5,2,Denmark,domestic league (tier 1)
2016/10/16,Superligaen,0,FC Midtjylland,1806,1813.0,2 - 0,Aalborg BK,1698,1691.0,2,0,Denmark,domestic league (tier 1)
2016/10/30,Superligaen,0,FC Midtjylland,1824,1811.0,1 - 3,FC København,1961,1974.0,1,3,Denmark,domestic league (tier 1)
2016/11/28,Superligaen,0,FC Midtjylland,1814,1817.0,1 - 0,Odense BK,1622,1619.0,1,0,Denmark,domestic league (tier 1)
2016/12/04,Superligaen,0,FC Midtjylland,1804,1788.0,0 - 1,Aarhus GF,1647,1663.0,0,1,Denmark,domestic league (tier 1)
2017/02/19,Superligaen,0,FC Midtjylland,1781,1774.0,0 - 0,Viborg FF,1566,1573.0,0,0,Denmark,domestic league (tier 1)
2017/03/03,Superligaen,0,FC Midtjylland,1789,1783.0,1 - 1,Lyngby BK,1622,1628.0,1,1,Denmark,domestic league (tier 1)
2017/03/19,Superligaen,0,FC Midtjylland,1783,1767.0,1 - 2,FC Nordsjælland,1638,1654.0,1,2,Denmark,domestic league (tier 1)
2017/04/09,Superligaen,0,FC Midtjylland,1771,1780.0,3 - 1,SønderjyskE,1736,1727.0,3,1,Denmark,domestic league (tier 1)
2017/04/29,Superligaen,0,FC Midtjylland,1774,1782.0,3 - 1,FC Nordsjælland,1689,1681.0,3,1,Denmark,domestic league (tier 1)
2017/05/07,Superligaen,0,FC Midtjylland,1771,1785.0,4 - 2,Brøndby IF,1856,1842.0,4,2,Denmark,domestic league (tier 1)
2017/05/17,Superligaen,0,FC Midtjylland,1767,1781.0,3 - 2,FC København,2020,2006.0,3,2,Denmark,domestic league (tier 1)
2017/05/28,Superligaen,0,FC Midtjylland,1791,1765.0,0 - 3,Lyngby BK,1699,1725.0,0,3,Denmark,domestic league (tier 1)
2017/06/01,Superligaen,0,FC Midtjylland,1765,1774.0,3 - 0,Randers FC,1680,1671.0,3,0,Denmark,domestic league (tier 1)
2017/07/23,Superligaen,0,FC Midtjylland,1798,1803.0,2 - 0,Silkeborg IF,1597,1592.0,2,0,Denmark,domestic league (tier 1)
2017/07/30,Superligaen,0,FC Midtjylland,1789,1793.0,2 - 1,Randers FC,1666,1662.0,2,1,Denmark,domestic league (tier 1)
2017/08/13,Superligaen,0,FC Midtjylland,1780,1786.0,4 - 3,FC Nordsjælland,1743,1737.0,4,3,Denmark,domestic league (tier 1)
2017/08/27,Superligaen,0,FC Midtjylland,1789,1783.0,1 - 1,Lyngby BK,1662,1668.0,1,1,Denmark,domestic league (tier 1)
2017/09/17,Superligaen,0,FC Midtjylland,1779,1785.0,5 - 1,Hobro IK,1585,1579.0,5,1,Denmark,domestic league (tier 1)
2017/10/01,Superligaen,0,FC Midtjylland,1801,1807.0,4 - 1,Aalborg BK,1635,1629.0,4,1,Denmark,domestic league (tier 1)
2017/10/20,Superligaen,0,FC Midtjylland,1816,1820.0,4 - 2,AC Horsens,1604,1600.0,4,2,Denmark,domestic league (tier 1)
2017/11/03,Superligaen,0,FC Midtjylland,1834,1835.0,2 - 1,FC Helsingør,1448,1447.0,2,1,Denmark,domestic league (tier 1)
2017/11/27,Superligaen,0,FC Midtjylland,1842,1847.0,4 - 0,Aarhus GF,1610,1605.0,4,0,Denmark,domestic league (tier 1)
2017/12/04,Superligaen,0,FC Midtjylland,1847,1852.0,3 - 1,Odense BK,1662,1657.0,3,1,Denmark,domestic league (tier 1)
2018/02/18,Superligaen,0,FC Midtjylland,1873,1882.0,3 - 1,FC København,1814,1805.0,3,1,Denmark,domestic league (tier 1)
2018/03/01,Superligaen,0,FC Midtjylland,1887,1873.0,0 - 1,Brøndby IF,1855,1869.0,0,1,Denmark,domestic league (tier 1)
2018/03/18,Superligaen,0,FC Midtjylland,1878,1881.0,2 - 1,SønderjyskE,1690,1687.0,2,1,Denmark,domestic league (tier 1)
2018/04/09,Superligaen,0,FC Midtjylland,1887,1893.0,3 - 2,FC København,1841,1835.0,3,2,Denmark,domestic league (tier 1)
2018/04/19,Superligaen,0,FC Midtjylland,1906,1893.0,2 - 3,Brøndby IF,1899,1912.0,2,3,Denmark,domestic league (tier 1)
2018/04/29,Superligaen,0,FC Midtjylland,1879,1883.0,3 - 0,Aalborg BK,1638,1634.0,3,0,Denmark,domestic league (tier 1)
2018/05/07,Superligaen,0,FC Midtjylland,1883,1887.0,2 - 1,FC Nordsjælland,1747,1743.0,2,1,Denmark,domestic league (tier 1)
2018/05/21,Superligaen,0,FC Midtjylland,1917,1919.0,1 - 0,AC Horsens,1599,1597.0,1,0,Denmark,domestic league (tier 1)
2018/07/14,Superligaen,0,FC Midtjylland,1919,1911.0,0 - 0,Aarhus GF,1675,1683.0,0,0,Denmark,domestic league (tier 1)
2018/07/28,Superligaen,0,FC Midtjylland,1885,1887.0,3 - 1,Esbjerg fB,1538,1536.0,3,1,Denmark,domestic league (tier 1)
2018/08/12,Superligaen,0,FC Midtjylland,1893,1896.0,3 - 0,AC Horsens,1597,1594.0,3,0,Denmark,domestic league (tier 1)
2018/08/26,Superligaen,0,FC Midtjylland,1894,1898.0,3 - 0,Randers FC,1633,1629.0,3,0,Denmark,domestic league (tier 1)
2018/09/16,Superligaen,0,FC Midtjylland,1879,1890.0,3 - 1,FC København,1887,1876.0,3,1,Denmark,domestic league (tier 1)
2018/09/29,Superligaen,0,FC Midtjylland,1886,1888.0,5 - 2,Hobro IK,1539,1537.0,5,2,Denmark,domestic league (tier 1)
2018/10/07,Superligaen,0,FC Midtjylland,1888,1890.0,3 - 0,Vendsyssel FF,1523,1521.0,3,0,Denmark,domestic league (tier 1)
2018/10/29,Superligaen,0,FC Midtjylland,1905,1910.0,3 - 2,Brøndby IF,1818,1813.0,3,2,Denmark,domestic league (tier 1)
2018/11/11,Superligaen,0,FC Midtjylland,1915,1917.0,5 - 0,Vejle BK,1520,1518.0,5,0,Denmark,domestic league (tier 1)
2018/12/07,Superligaen,0,FC Midtjylland,1914,1919.0,3 - 0,Odense BK,1701,1696.0,3,0,Denmark,domestic league (tier 1)
2019/02/18,Superligaen,0,FC Midtjylland,1929,1931.0,2 - 1,Aalborg BK,1653,1651.0,2,1,Denmark,domestic league (tier 1)
2019/03/04,Superligaen,0,FC Midtjylland,1937,1929.0,3 - 3,FC Nordsjælland,1698,1706.0,3,3,Denmark,domestic league (tier 1)
2019/03/17,Superligaen,0,FC Midtjylland,1934,1936.0,2 - 1,SønderjyskE,1612,1610.0,2,1,Denmark,domestic league (tier 1)
2019/03/30,Superligaen,0,FC Midtjylland,1936,1929.0,0 - 0,FC Nordsjælland,1717,1724.0,0,0,Denmark,domestic league (tier 1)
2019/04/14,Superligaen,0,FC Midtjylland,1929,1933.0,2 - 0,Odense BK,1710,1706.0,2,0,Denmark,domestic league (tier 1)
2019/04/22,Superligaen,0,FC Midtjylland,1920,1904.0,1 - 2,Brøndby IF,1778,1794.0,1,2,Denmark,domestic league (tier 1)
2019/05/12,Superligaen,0,FC Midtjylland,1891,1908.0,4 - 0,FC København,1955,1938.0,4,0,Denmark,domestic league (tier 1)
2019/05/25,Superligaen,0,FC Midtjylland,1887,1870.0,1 - 2,Esbjerg fB,1666,1683.0,1,2,Denmark,domestic league (tier 1)
2019/07/12,Superligaen,0,FC Midtjylland,1870,1873.0,1 - 0,Esbjerg fB,1683,1680.0,1,0,Denmark,domestic league (tier 1)
2019/07/21,Superligaen,0,FC Midtjylland,1873,1877.0,2 - 1,FC Nordsjælland,1724,1720.0,2,1,Denmark,domestic league (tier 1)
2019/08/04,Superligaen,0,FC Midtjylland,1885,1887.0,1 - 0,Aalborg BK,1625,1623.0,1,0,Denmark,domestic league (tier 1)
2019/08/18,Superligaen,0,FC Midtjylland,1864,1856.0,1 - 1,Hobro IK,1570,1578.0,1,1,Denmark,domestic league (tier 1)
2019/09/01,Superligaen,0,FC Midtjylland,1865,1870.0,1 - 0,Brøndby IF,1759,1754.0,1,0,Denmark,domestic league (tier 1)
2019/09/29,Superligaen,0,FC Midtjylland,1861,1845.0,0 - 1,Odense BK,1707,1723.0,0,1,Denmark,domestic league (tier 1)
2019/10/21,Superligaen,0,FC Midtjylland,1849,1853.0,2 - 1,Randers FC,1713,1709.0,2,1,Denmark,domestic league (tier 1)
2019/11/10,Superligaen,0,FC Midtjylland,1867,1881.0,4 - 1,FC København,1903,1889.0,4,1,Denmark,domestic league (tier 1)
2019/12/02,Superligaen,0,FC Midtjylland,1889,1890.0,2 - 1,Silkeborg IF,1496,1495.0,2,1,Denmark,domestic league (tier 1)
2019/12/15,Superligaen,0,FC Midtjylland,1899,1875.0,1 - 3,Aarhus GF,1751,1775.0,1,3,Denmark,domestic league (tier 1)
2020/02/17,Superligaen,0,FC Midtjylland,1875,1877.0,2 - 0,Lyngby BK,1554,1552.0,2,0,Denmark,domestic league (tier 1)
2020/03/02,Superligaen,0,FC Midtjylland,1883,1886.0,3 - 0,SønderjyskE,1597,1594.0,3,0,Denmark,domestic league (tier 1)
2020/06/01,Superligaen,0,FC Midtjylland,1897,1878.0,0 - 1,AC Horsens,1556,1575.0,0,1,Denmark,domestic league (tier 1)
2020/06/18,Superligaen,0,FC Midtjylland,1899,1893.0,0 - 0,Brøndby IF,1744,1750.0,0,0,Denmark,domestic league (tier 1)
2020/06/21,Superligaen,0,FC Midtjylland,1893,1878.0,3 - 4,Aarhus GF,1781,1796.0,3,4,Denmark,domestic league (tier 1)
2020/07/09,Superligaen,0,FC Midtjylland,1899,1908.0,3 - 1,FC København,1856,1847.0,3,1,Denmark,domestic league (tier 1)
2020/07/17,Superligaen,0,FC Midtjylland,1888,1894.0,6 - 3,FC Nordsjælland,1714,1708.0,6,3,Denmark,domestic league (tier 1)
2020/07/26,Superligaen,0,FC Midtjylland,1893,1876.0,1 - 2,Aalborg BK,1712,1729.0,1,2,Denmark,domestic league (tier 1)
2020/09/19,Superligaen,0,FC Midtjylland,1895,1896.0,1 - 0,Lyngby BK,1530,1529.0,1,0,Denmark,domestic league (tier 1)
2020/09/26,Superligaen,0,FC Midtjylland,1903,1905.0,1 - 0,Randers FC,1662,1660.0,1,0,Denmark,domestic league (tier 1)
2020/10/17,Superligaen,0,FC Midtjylland,1922,1925.0,3 - 1,Odense BK,1649,1646.0,3,1,Denmark,domestic league (tier 1)
2020/11/08,Superligaen,0,FC Midtjylland,1878,1889.0,4 - 0,FC København,1826,1815.0,4,0,Denmark,domestic league (tier 1)
2020/11/28,Superligaen,0,FC Midtjylland,1894,1888.0,0 - 0,Aalborg BK,1725,1731.0,0,0,Denmark,domestic league (tier 1)
2020/12/21,Superligaen,0,FC Midtjylland,1911,1915.0,3 - 1,FC Nordsjælland,1700,1696.0,3,1,Denmark,domestic league (tier 1)
2021/02/04,Superligaen,0,FC Midtjylland,1915,1898.0,1 - 2,SønderjyskE,1677,1694.0,1,2,Denmark,domestic league (tier 1)
2021/02/14,Superligaen,0,FC Midtjylland,1913,1914.0,1 - 0,AC Horsens,1551,1550.0,1,0,Denmark,domestic league (tier 1)
2021/02/28,Superligaen,0,FC Midtjylland,1924,1928.0,1 - 0,Brøndby IF,1797,1793.0,1,0,Denmark,domestic league (tier 1)
2021/03/07,Superligaen,0,FC Midtjylland,1903,1887.0,0 - 1,Aarhus GF,1786,1802.0,0,1,Denmark,domestic league (tier 1)
2021/03/21,Superligaen,0,FC Midtjylland,1893,1896.0,5 - 0,Vejle BK,1583,1580.0,5,0,Denmark,domestic league (tier 1)
2021/04/05,Superligaen,0,FC Midtjylland,1896,1901.0,1 - 0,Brøndby IF,1809,1804.0,1,0,Denmark,domestic league (tier 1)
2021/04/22,Superligaen,0,FC Midtjylland,1893,1903.0,4 - 1,FC København,1834,1824.0,4,1,Denmark,domestic league (tier 1)
2021/05/02,Superligaen,0,FC Midtjylland,1890,1896.0,3 - 0,FC Nordsjælland,1727,1721.0,3,0,Denmark,domestic league (tier 1)
2021/05/16,Superligaen,0,FC Midtjylland,1881,1875.0,1 - 1,Randers FC,1719,1725.0,1,1,Denmark,domestic league (tier 1)
2021/05/24,Superligaen,0,FC Midtjylland,1863,1871.0,4 - 0,Aarhus GF,1743,1735.0,4,0,Denmark,domestic league (tier 1)
2021/07/16,Superligaen,0,FC Midtjylland,1871,1854.0,1 - 2,Odense BK,1672,1689.0,1,2,Denmark,domestic league (tier 1)
2021/08/06,Superligaen,0,FC Midtjylland,1876,1879.0,4 - 1,Vejle BK,1588,1585.0,4,1,Denmark,domestic league (tier 1)
2021/08/20,Superligaen,0,FC Midtjylland,1877,1883.0,3 - 0,Silkeborg IF,1690,1684.0,3,0,Denmark,domestic league (tier 1)
2021/09/10,Superligaen,0,FC Midtjylland,1868,1874.0,2 - 0,FC Nordsjælland,1735,1729.0,2,0,Denmark,domestic league (tier 1)
2021/09/26,Superligaen,0,FC Midtjylland,1885,1889.0,1 - 0,Randers FC,1746,1742.0,1,0,Denmark,domestic league (tier 1)
2021/10/03,Superligaen,0,FC Midtjylland,1877,1883.0,4 - 0,Aarhus GF,1702,1696.0,4,0,Denmark,domestic league (tier 1)
2021/10/24,Superligaen,0,FC Midtjylland,1881,1883.0,3 - 2,SønderjyskE,1618,1616.0,3,2,Denmark,domestic league (tier 1)
2021/10/28,Denmark Cup,0,FC Midtjylland,1883,1889.0,3 - 1,Aalborg BK,1732,1726.0,3,1,Denmark,domestic cup
2021/11/21,Superligaen,0,FC Midtjylland,1897,1882.0,1 - 2,Brøndby IF,1803,1818.0,1,2,Denmark,domestic league (tier 1)
2021/12/12,Denmark Cup,0,FC Midtjylland,1906,1890.0,1 - 2,Brøndby IF,1787,1803.0,1,2,Denmark,domestic cup
2022/02/20,Superligaen,0,FC Midtjylland,1898,1873.0,0 - 2,Aalborg BK,1738,1763.0,0,2,Denmark,domestic league (tier 1)
2022/03/04,Superligaen,0,FC Midtjylland,1865,1870.0,3 - 1,Viborg FF,1675,1670.0,3,1,Denmark,domestic league (tier 1)
2022/03/13,Superligaen,0,FC Midtjylland,1870,1859.0,0 - 1,FC København,1927,1938.0,0,1,Denmark,domestic league (tier 1)
2022/04/04,Superligaen,0,FC Midtjylland,1868,1872.0,3 - 2,Silkeborg IF,1730,1726.0,3,2,Denmark,domestic league (tier 1)
2022/04/18,Superligaen,0,FC Midtjylland,1879,1886.0,2 - 0,Aalborg BK,1778,1771.0,2,0,Denmark,domestic league (tier 1)
2022/05/01,Superligaen,0,FC Midtjylland,1905,1902.0,0 - 0,FC København,1904,1907.0,0,0,Denmark,domestic league (tier 1)
2022/05/04,Denmark Cup,0,FC Midtjylland,1902,1904.0,3 - 1,Vejle BK,1574,1572.0,3,1,Denmark,domestic cup
2022/05/12,Superligaen,0,FC Midtjylland,1912,1905.0,2 - 2,Brøndby IF,1737,1744.0,2,2,Denmark,domestic league (tier 1)
2022/05/22,Superligaen,0,FC Midtjylland,1922,1925.0,3 - 2,Randers FC,1709,1706.0,3,2,Denmark,domestic league (tier 1)
2022/07/15,Superligaen,0,FC Midtjylland,1919,1912.0,1 - 1,Randers FC,1706,1713.0,1,1,Denmark,domestic league (tier 1)
2022/07/22,Superligaen,0,FC Midtjylland,1902,1878.0,1 - 3,Silkeborg IF,1769,1793.0,1,3,Denmark,domestic league (tier 1)
2022/08/20,Superligaen,0,FC Midtjylland,1858,1832.0,0 - 2,Aarhus GF,1653,1679.0,0,2,Denmark,domestic league (tier 1)
2022/09/04,Superligaen,0,FC Midtjylland,1848,1823.0,0 - 2,Aalborg BK,1687,1712.0,0,2,Denmark,domestic league (tier 1)
2022/09/18,Superligaen,0,FC Midtjylland,1847,1855.0,2 - 1,FC København,1869,1861.0,2,1,Denmark,domestic league (tier 1)
2022/10/02,Superligaen,0,FC Midtjylland,1855,1849.0,1 - 1,Viborg FF,1735,1741.0,1,1,Denmark,domestic league (tier 1)
2022/10/16,Superligaen,0,FC Midtjylland,1865,1867.0,2 - 1,AC Horsens,1620,1618.0,2,1,Denmark,domestic league (tier 1)
2022/10/31,Superligaen,0,FC Midtjylland,1866,1850.0,1 - 2,Odense BK,1700,1716.0,1,2,Denmark,domestic league (tier 1)
2022/11/07,Superligaen,0,FC Midtjylland,1865,1860.0,0 - 0,FC Nordsjælland,1764,1769.0,0,0,Denmark,domestic league (tier 1)
2023/02/27,Superligaen,0,FC Midtjylland,1852,1836.0,0 - 1,Brøndby IF,1724,1740.0,0,1,Denmark,domestic league (tier 1)
2023/03/12,Superligaen,0,FC Midtjylland,1834,1807.0,1 - 3,Lyngby BK,1558,1585.0,1,3,Denmark,domestic league (tier 1)
2023/04/10,Superligaen,0,FC Midtjylland,1823,1825.0,1 - 0,Lyngby BK,1584,1582.0,1,0,Denmark,domestic league (tier 1)
2023/04/14,Superligaen,0,FC Midtjylland,1825,1818.0,1 - 1,Aalborg BK,1655,1662.0,1,1,Denmark,domestic league (tier 1)
2023/05/01,Superligaen,0,FC Midtjylland,1828,1836.0,3 - 0,Silkeborg IF,1721,1713.0,3,0,Denmark,domestic league (tier 1)
2023/05/14,Superligaen,0,FC Midtjylland,1822,1825.0,3 - 1,AC Horsens,1567,1564.0,3,1,Denmark,domestic league (tier 1)
2023/06/03,Superligaen,0,FC Midtjylland,1838,1845.0,4 - 2,Odense BK,1730,1723.0,4,2,Denmark,domestic league (tier 1)
2023/07/21,Superligaen,0,FC Midtjylland,1856,1858.0,1 - 0,Hvidovre IF,1536,1534.0,1,0,Denmark,domestic league (tier 1)
2023/07/30,Superligaen,0,FC Midtjylland,1859,1865.0,2 - 0,Silkeborg IF,1701,1695.0,2,0,Denmark,domestic league (tier 1)
2023/08/20,Superligaen,0,FC Midtjylland,1826,1811.0,0 - 1,Brøndby IF,1734,1749.0,0,1,Denmark,domestic league (tier 1)
2023/09/03,Superligaen,0,FC Midtjylland,1800,1796.0,1 - 1,Aarhus GF,1749,1753.0,1,1,Denmark,domestic league (tier 1)
2023/09/24,Superligaen,0,FC Midtjylland,1797,1802.0,2 - 1,Odense BK,1693,1688.0,2,1,Denmark,domestic league (tier 1)
2023/10/08,Superligaen,0,FC Midtjylland,1829,1823.0,2 - 2,Randers FC,1666,1672.0,2,2,Denmark,domestic league (tier 1)
2023/10/27,Superligaen,0,FC Midtjylland,1832,1835.0,2 - 1,Lyngby BK,1629,1626.0,2,1,Denmark,domestic league (tier 1)
2023/11/12,Superligaen,0,FC Midtjylland,1837,1848.0,2 - 0,FC Nordsjælland,1848,1837.0,2,0,Denmark,domestic league (tier 1)
2023/12/04,Superligaen,0,FC Midtjylland,1867,1874.0,5 - 1,Viborg FF,1723,1716.0,5,1,Denmark,domestic league (tier 1)
2024/03/01,Superligaen,0,FC Midtjylland,1876,1889.0,2 - 0,FC København,1938,1925.0,2,0,Denmark,domestic league (tier 1)
2024/03/17,Superligaen,0,FC Midtjylland,1895,1899.0,3 - 0,Vejle BK,1634,1630.0,3,0,Denmark,domestic league (tier 1)
2024/04/01,Superligaen,0,FC Midtjylland,1899,1885.0,2 - 3,FC Nordsjælland,1833,1847.0,2,3,Denmark,domestic league (tier 1)
2024/04/14,Superligaen,0,FC Midtjylland,1895,1893.0,2 - 2,FC København,1911,1913.0,2,2,Denmark,domestic league (tier 1)
2024/05/05,Superligaen,0,FC Midtjylland,1862,1869.0,3 - 2,Brøndby IF,1865,1858.0,3,2,Denmark,domestic league (tier 1)
2024/05/12,Superligaen,0,FC Midtjylland,1869,1873.0,2 - 1,Aarhus GF,1753,1749.0,2,1,Denmark,domestic league (tier 1)
2024/05/26,Superligaen,0,FC Midtjylland,1891,1884.0,3 - 3,Silkeborg IF,1699,1706.0,3,3,Denmark,domestic league (tier 1)
2024/08/03,Superligaen,0,FC Midtjylland,1886,1890.0,2 - 0,Aalborg BK,1645,1641.0,2,0,Denmark,domestic league (tier 1)
2024/08/09,Superligaen,0,FC Midtjylland,1903,1906.0,2 - 0,Vejle BK,1626,1623.0,2,0,Denmark,domestic league (tier 1)
2024/08/24,Superligaen,0,FC Midtjylland,1907,1909.0,3 - 2,SønderjyskE,1622,1620.0,3,2,Denmark,domestic league (tier 1)
2024/09/14,Superligaen,0,FC Midtjylland,1911,1918.0,2 - 1,FC København,1912,1905.0,2,1,Denmark,domestic league (tier 1)
2024/09/29,Superligaen,0,FC Midtjylland,1915,1920.0,3 - 1,Viborg FF,1714,1709.0,3,1,Denmark,domestic league (tier 1)
2024/10/27,Superligaen,0,FC Midtjylland,1921,1928.0,2 - 0,Aarhus GF,1817,1810.0,2,0,Denmark,domestic league (tier 1)
2024/11/03,Superligaen,0,FC Midtjylland,1918,1890.0,1 - 5,Brøndby IF,1841,1869.0,1,5,Denmark,domestic league (tier 1)
2024/11/25,Superligaen,0,FC Midtjylland,1861,1866.0,1 - 0,Silkeborg IF,1775,1770.0,1,0,Denmark,domestic league (tier 1)
2025/02/16,Superligaen,0,FC Midtjylland,1878,1879.0,1 - 0,Lyngby BK,1541,1540.0,1,0,Denmark,domestic league (tier 1)
2025/03/02,Superligaen,0,FC Midtjylland,1865,1872.0,2 - 1,FC Nordsjælland,1846,1839.0,2,1,Denmark,domestic league (tier 1)
2025/03/16,Superligaen,0,FC Midtjylland,1883,1889.0,4 - 2,Randers FC,1753,1747.0,4,2,Denmark,domestic league (tier 1)
2025/03/30,Superligaen,0,FC Midtjylland,1889,1868.0,0 - 2,Brøndby IF,1835,1856.0,0,2,Denmark,domestic league (tier 1)
2025/04/17,Superligaen,0,FC Midtjylland,1859,1871.0,4 - 2,FC København,1885,1873.0,4,2,Denmark,domestic league (tier 1)
2025/04/27,Superligaen,0,FC Midtjylland,1862,1875.0,5 - 0,FC Nordsjælland,1827,1814.0,5,0,Denmark,domestic league (tier 1)
2025/05/04,Superligaen,0,FC Midtjylland,1875,1882.0,3 - 1,Aarhus GF,1774,1767.0,3,1,Denmark,domestic league (tier 1)
2025/05/25,Superligaen,0,FC Midtjylland,1898,1902.0,3 - 2,Randers FC,1766,1762.0,3,2,Denmark,domestic league (tier 1)
2025/07/20,Superligaen,0,FC Midtjylland,1902,1894.0,3 - 3,Odense BK,1639,1647.0,3,3,Denmark,domestic league (tier 1)
2025/07/28,Superligaen,0,FC Midtjylland,1888,1892.0,6 - 2,SønderjyskE,1636,1632.0,6,2,Denmark,domestic league (tier 1)
2025/08/10,Superligaen,0,FC Midtjylland,1910,1902.0,3 - 3,FC Fredericia,1617,1625.0,3,3,Denmark,domestic league (tier 1)
2025/08/24,Superligaen,0,FC Midtjylland,1918,1923.0,4 - 2,Silkeborg IF,1746,1741.0,4,2,Denmark,domestic league (tier 1)
2025/09/20,Superligaen,0,FC Midtjylland,1938,1942.0,2 - 0,Viborg FF,1717,1713.0,2,0,Denmark,domestic league (tier 1)
2025/09/29,Superligaen,0,FC Midtjylland,1953,1956.0,2 - 1,Randers FC,1745,1742.0,2,1,Denmark,domestic league (tier 1)
2025/10/19,Superligaen,0,FC Midtjylland,1975,1977.0,5 - 1,Vejle BK,1596,1594.0,5,1,Denmark,domestic league (tier 1)
2025/10/30,Denmark Cup,0,FC Midtjylland,2002,2006.0,4 - 0,Silkeborg IF,1750,1746.0,4,0,Denmark,domestic cup
2025/11/03,Superligaen,0,FC Midtjylland,2006,1999.0,1 - 1,Aarhus GF,1828,1835.0,1,1,Denmark,domestic league (tier 1)
2025/11/30,Superligaen,0,FC Midtjylland,1996,2002.0,6 - 0,FC Nordsjælland,1771,1765.0,6,0,Denmark,domestic league (tier 1)
2025/12/04,Denmark Cup,0,FC Midtjylland,2002,2007.0,5 - 1,FC Nordsjælland,1765,1760.0,5,1,Denmark,domestic cup
2026/02/08,Superligaen,0,FC Midtjylland,2001,2006.0,2 - 1,FC København,1892,1887.0,2,1,Denmark,domestic league (tier 1)
2026/03/01,Superligaen,0,FC Midtjylland,2030,2022.0,0 - 0,Brøndby IF,1783,1791.0,0,0,Denmark,domestic league (tier 1)
2026/03/08,Denmark Cup,0,FC Midtjylland,2022,2016.0,1 - 1,Aarhus GF,1857,1863.0,1,1,Denmark,domestic cup
2026/03/15,Superligaen,0,FC Midtjylland,2032,2014.0,0 - 1,FC Nordsjælland,1791,1809.0,0,1,Denmark,domestic league (tier 1)
2026/04/04,Superligaen,0,FC Midtjylland,1994,1986.0,2 - 2,SønderjyskE,1738,1746.0,2,2,Denmark,domestic league (tier 1)
2026/04/20,Superligaen,0,FC Midtjylland,1993,1997.0,2 - 1,Aarhus GF,1864,1860.0,2,1,Denmark,domestic league (tier 1)
2026/05/04,Superligaen,0,FC Midtjylland,2001,1993.0,3 - 3,Viborg FF,1762,1770.0,3,3,Denmark,domestic league (tier 1)
2026/05/17,Superligaen,0,FC Midtjylland,2001,1983.0,2 - 3,Brøndby IF,1760,1778.0,2,3,Denmark,domestic league (tier 1)
2026/08/02,Superligaen,0,FC Midtjylland,1955,1956.0,2 - 1,AC Horsens,1542,1541.0,2,1,Denmark,domestic league (tier 1)
2026/08/23,Superligaen,0,FC Midtjylland,1957,1959.0,1 - 0,Randers FC,1663,1661.0,1,0,Denmark,domestic league (tier 1)
2026/09/07,Superligaen,0,FC Midtjylland,1976,,Info,FC Nordsjælland,1887,,,,Denmark,domestic league (tier 1)
2016/07/24,Superligaen,0,FC Nordsjælland,1641,1627.0,0 - 4,FC Midtjylland,1830,1844.0,0,4,Denmark,domestic league (tier 1)
2016/08/07,Superligaen,0,FC Nordsjælland,1623,1613.0,1 - 2,Aalborg BK,1720,1730.0,1,2,Denmark,domestic league (tier 1)
2016/08/19,Superligaen,0,FC Nordsjælland,1604,1605.0,1 - 1,Randers FC,1736,1735.0,1,1,Denmark,domestic league (tier 1)
2016/09/18,Superligaen,0,FC Nordsjælland,1607,1598.0,2 - 3,SønderjyskE,1725,1734.0,2,3,Denmark,domestic league (tier 1)
2016/09/25,Superligaen,0,FC Nordsjælland,1599,1611.0,3 - 0,Esbjerg fB,1585,1573.0,3,0,Denmark,domestic league (tier 1)
2016/10/16,Superligaen,0,FC Nordsjælland,1612,1614.0,1 - 1,Brøndby IF,1789,1787.0,1,1,Denmark,domestic league (tier 1)
2016/10/28,Superligaen,0,FC Nordsjælland,1619,1625.0,4 - 3,Viborg FF,1579,1573.0,4,3,Denmark,domestic league (tier 1)
2016/11/19,Superligaen,0,FC Nordsjælland,1606,1614.0,3 - 2,Aarhus GF,1648,1640.0,3,2,Denmark,domestic league (tier 1)
2016/11/30,Superligaen,0,FC Nordsjælland,1615,1621.0,2 - 1,AC Horsens,1552,1546.0,2,1,Denmark,domestic league (tier 1)
2016/12/04,Superligaen,0,FC Nordsjælland,1621,1608.0,0 - 1,Odense BK,1604,1617.0,0,1,Denmark,domestic league (tier 1)
2017/02/17,Superligaen,0,FC Nordsjælland,1614,1601.0,0 - 1,Lyngby BK,1612,1625.0,0,1,Denmark,domestic league (tier 1)
2017/02/26,Superligaen,0,FC Nordsjælland,1601,1608.0,1 - 1,FC København,2014,2007.0,1,1,Denmark,domestic league (tier 1)
2017/03/10,Superligaen,0,FC Nordsjælland,1625,1638.0,5 - 1,Silkeborg IF,1612,1599.0,5,1,Denmark,domestic league (tier 1)
2017/03/31,Superligaen,0,FC Nordsjælland,1654,1664.0,2 - 0,Lyngby BK,1631,1621.0,2,0,Denmark,domestic league (tier 1)
2017/04/23,Superligaen,0,FC Nordsjælland,1698,1689.0,0 - 1,Brøndby IF,1842,1851.0,0,1,Denmark,domestic league (tier 1)
2017/05/05,Superligaen,0,FC Nordsjælland,1681,1687.0,1 - 1,FC København,2023,2017.0,1,1,Denmark,domestic league (tier 1)
2017/05/16,Superligaen,0,FC Nordsjælland,1679,1692.0,4 - 1,SønderjyskE,1698,1685.0,4,1,Denmark,domestic league (tier 1)
2017/05/20,Superligaen,0,FC Nordsjælland,1692,1682.0,2 - 3,FC Midtjylland,1781,1791.0,2,3,Denmark,domestic league (tier 1)
2017/07/23,Superligaen,0,FC Nordsjælland,1708,1717.0,3 - 2,Brøndby IF,1780,1771.0,3,2,Denmark,domestic league (tier 1)
2017/07/30,Superligaen,0,FC Nordsjælland,1717,1721.0,3 - 2,Aalborg BK,1591,1587.0,3,2,Denmark,domestic league (tier 1)
2017/08/21,Superligaen,0,FC Nordsjælland,1737,1739.0,1 - 0,FC Helsingør,1451,1449.0,1,0,Denmark,domestic league (tier 1)
2017/08/27,Superligaen,0,FC Nordsjælland,1739,1761.0,3 - 0,FC København,1931,1909.0,3,0,Denmark,domestic league (tier 1)
2017/09/18,Superligaen,0,FC Nordsjælland,1759,1744.0,1 - 2,Aarhus GF,1649,1664.0,1,2,Denmark,domestic league (tier 1)
2017/09/22,Superligaen,0,FC Nordsjælland,1744,1740.0,2 - 2,SønderjyskE,1686,1690.0,2,2,Denmark,domestic league (tier 1)
2017/10/14,Superligaen,0,FC Nordsjælland,1753,1757.0,3 - 2,Randers FC,1621,1617.0,3,2,Denmark,domestic league (tier 1)
2017/11/04,Superligaen,0,FC Nordsjælland,1750,1746.0,2 - 2,Lyngby BK,1698,1702.0,2,2,Denmark,domestic league (tier 1)
2017/11/26,Superligaen,0,FC Nordsjælland,1738,1747.0,6 - 0,AC Horsens,1604,1595.0,6,0,Denmark,domestic league (tier 1)
2017/12/10,Superligaen,0,FC Nordsjælland,1770,1773.0,3 - 2,Hobro IK,1587,1584.0,3,2,Denmark,domestic league (tier 1)
2018/02/16,Superligaen,0,FC Nordsjælland,1764,1768.0,2 - 1,Odense BK,1648,1644.0,2,1,Denmark,domestic league (tier 1)
2018/03/01,Superligaen,0,FC Nordsjælland,1767,1773.0,3 - 1,Silkeborg IF,1609,1603.0,3,1,Denmark,domestic league (tier 1)
2018/03/11,Superligaen,0,FC Nordsjælland,1787,1787.0,1 - 1,FC Midtjylland,1878,1878.0,1,1,Denmark,domestic league (tier 1)
2018/04/06,Superligaen,0,FC Nordsjælland,1765,1772.0,3 - 1,Aalborg BK,1653,1646.0,3,1,Denmark,domestic league (tier 1)
2018/04/15,Superligaen,0,FC Nordsjælland,1772,1763.0,1 - 2,FC Midtjylland,1897,1906.0,1,2,Denmark,domestic league (tier 1)
2018/04/22,Superligaen,0,FC Nordsjælland,1761,1752.0,3 - 4,Brøndby IF,1912,1921.0,3,4,Denmark,domestic league (tier 1)
2018/05/11,Superligaen,0,FC Nordsjælland,1743,1747.0,2 - 1,AC Horsens,1597,1593.0,2,1,Denmark,domestic league (tier 1)
2018/05/21,Superligaen,0,FC Nordsjælland,1747,1746.0,0 - 0,FC København,1813,1814.0,0,0,Denmark,domestic league (tier 1)
2018/07/15,Superligaen,0,FC Nordsjælland,1749,1742.0,1 - 1,Esbjerg fB,1545,1552.0,1,1,Denmark,domestic league (tier 1)
2018/07/29,Superligaen,0,FC Nordsjælland,1754,1759.0,3 - 0,Vendsyssel FF,1532,1527.0,3,0,Denmark,domestic league (tier 1)
2018/08/19,Superligaen,0,FC Nordsjælland,1739,1743.0,2 - 0,Vejle BK,1529,1525.0,2,0,Denmark,domestic league (tier 1)
2018/08/26,Superligaen,0,FC Nordsjælland,1743,1727.0,0 - 1,AC Horsens,1594,1610.0,0,1,Denmark,domestic league (tier 1)
2018/09/15,Superligaen,0,FC Nordsjælland,1726,1734.0,4 - 1,Randers FC,1627,1619.0,4,1,Denmark,domestic league (tier 1)
2018/10/01,Superligaen,0,FC Nordsjælland,1742,1751.0,4 - 1,SønderjyskE,1670,1661.0,4,1,Denmark,domestic league (tier 1)
2018/10/20,Superligaen,0,FC Nordsjælland,1738,1723.0,1 - 4,FC Midtjylland,1890,1905.0,1,4,Denmark,domestic league (tier 1)
2018/11/04,Superligaen,0,FC Nordsjælland,1723,1719.0,1 - 1,Aalborg BK,1658,1662.0,1,1,Denmark,domestic league (tier 1)
2018/11/25,Superligaen,0,FC Nordsjælland,1719,1698.0,1 - 3,Odense BK,1675,1696.0,1,3,Denmark,domestic league (tier 1)
2018/12/10,Superligaen,0,FC Nordsjælland,1692,1698.0,1 - 0,Aarhus GF,1641,1635.0,1,0,Denmark,domestic league (tier 1)
2019/02/10,Superligaen,0,FC Nordsjælland,1681,1682.0,3 - 3,Brøndby IF,1812,1811.0,3,3,Denmark,domestic league (tier 1)
2019/02/16,Superligaen,0,FC Nordsjælland,1682,1686.0,2 - 1,Hobro IK,1517,1513.0,2,1,Denmark,domestic league (tier 1)
2019/03/10,Superligaen,0,FC Nordsjælland,1706,1709.0,2 - 2,FC København,1903,1900.0,2,2,Denmark,domestic league (tier 1)
2019/04/08,Superligaen,0,FC Nordsjælland,1724,1723.0,1 - 1,Brøndby IF,1798,1799.0,1,1,Denmark,domestic league (tier 1)
2019/04/14,Superligaen,0,FC Nordsjælland,1723,1708.0,1 - 2,Esbjerg fB,1622,1637.0,1,2,Denmark,domestic league (tier 1)
2019/04/22,Superligaen,0,FC Nordsjælland,1711,1699.0,0 - 3,FC København,1935,1947.0,0,3,Denmark,domestic league (tier 1)
2019/04/29,Superligaen,0,FC Nordsjælland,1699,1692.0,1 - 2,FC Midtjylland,1904,1911.0,1,2,Denmark,domestic league (tier 1)
2019/05/19,Superligaen,0,FC Nordsjælland,1686,1684.0,2 - 2,Odense BK,1729,1731.0,2,2,Denmark,domestic league (tier 1)
2019/07/28,Superligaen,0,FC Nordsjælland,1720,1729.0,2 - 0,Esbjerg fB,1665,1656.0,2,0,Denmark,domestic league (tier 1)
2019/08/11,Superligaen,0,FC Nordsjælland,1715,1708.0,2 - 2,Silkeborg IF,1502,1509.0,2,2,Denmark,domestic league (tier 1)
2019/08/16,Superligaen,0,FC Nordsjælland,1708,1719.0,2 - 0,Odense BK,1724,1713.0,2,0,Denmark,domestic league (tier 1)
2019/08/31,Superligaen,0,FC Nordsjælland,1715,1719.0,2 - 1,Hobro IK,1579,1575.0,2,1,Denmark,domestic league (tier 1)
2019/09/22,Superligaen,0,FC Nordsjælland,1710,1716.0,2 - 1,Aalborg BK,1658,1652.0,2,1,Denmark,domestic league (tier 1)
2019/10/04,Superligaen,0,FC Nordsjælland,1706,1699.0,1 - 1,Lyngby BK,1520,1527.0,1,1,Denmark,domestic league (tier 1)
2019/11/03,Superligaen,0,FC Nordsjælland,1711,1698.0,0 - 1,Aarhus GF,1721,1734.0,0,1,Denmark,domestic league (tier 1)
2019/11/22,Superligaen,0,FC Nordsjælland,1697,1710.0,3 - 0,Randers FC,1698,1685.0,3,0,Denmark,domestic league (tier 1)
2019/12/08,Superligaen,0,FC Nordsjælland,1708,1701.0,0 - 1,FC København,1905,1912.0,0,1,Denmark,domestic league (tier 1)
2020/02/19,Superligaen,0,FC Nordsjælland,1720,1728.0,6 - 0,AC Horsens,1565,1557.0,6,0,Denmark,domestic league (tier 1)
2020/02/23,Superligaen,0,FC Nordsjælland,1728,1732.0,2 - 1,SønderjyskE,1601,1597.0,2,1,Denmark,domestic league (tier 1)
2020/03/08,Superligaen,0,FC Nordsjælland,1741,1738.0,2 - 2,Brøndby IF,1751,1754.0,2,2,Denmark,domestic league (tier 1)
2020/06/07,Superligaen,0,FC Nordsjælland,1748,1739.0,0 - 1,FC Midtjylland,1878,1887.0,0,1,Denmark,domestic league (tier 1)
2020/06/14,Superligaen,0,FC Nordsjælland,1739,1740.0,1 - 1,FC København,1876,1875.0,1,1,Denmark,domestic league (tier 1)
2020/06/28,Superligaen,0,FC Nordsjælland,1756,1737.0,0 - 2,Brøndby IF,1751,1770.0,0,2,Denmark,domestic league (tier 1)
2020/07/05,Superligaen,0,FC Nordsjælland,1737,1729.0,0 - 1,FC Midtjylland,1891,1899.0,0,1,Denmark,domestic league (tier 1)
2020/07/12,Superligaen,0,FC Nordsjælland,1717,1714.0,0 - 0,Aalborg BK,1705,1708.0,0,0,Denmark,domestic league (tier 1)
2020/07/22,Superligaen,0,FC Nordsjælland,1708,1708.0,1 - 1,Aarhus GF,1809,1809.0,1,1,Denmark,domestic league (tier 1)
2020/09/28,Superligaen,0,FC Nordsjælland,1701,1707.0,4 - 1,Lyngby BK,1529,1523.0,4,1,Denmark,domestic league (tier 1)
2020/10/19,Superligaen,0,FC Nordsjælland,1702,1708.0,1 - 0,Randers FC,1651,1645.0,1,0,Denmark,domestic league (tier 1)
2020/10/31,Superligaen,0,FC Nordsjælland,1707,1730.0,4 - 1,FC Midtjylland,1913,1890.0,4,1,Denmark,domestic league (tier 1)
2020/11/08,Superligaen,0,FC Nordsjælland,1730,1724.0,1 - 1,Vejle BK,1615,1621.0,1,1,Denmark,domestic league (tier 1)
2020/11/29,Superligaen,0,FC Nordsjælland,1704,1718.0,3 - 1,Aarhus GF,1774,1760.0,3,1,Denmark,domestic league (tier 1)
2020/12/13,Superligaen,0,FC Nordsjælland,1710,1700.0,0 - 1,FC København,1818,1828.0,0,1,Denmark,domestic league (tier 1)
2021/02/04,Superligaen,0,FC Nordsjælland,1696,1685.0,0 - 1,Brøndby IF,1778,1789.0,0,1,Denmark,domestic league (tier 1)
2021/02/07,Superligaen,0,FC Nordsjælland,1685,1665.0,0 - 2,Odense BK,1661,1681.0,0,2,Denmark,domestic league (tier 1)
2021/02/28,Superligaen,0,FC Nordsjælland,1670,1668.0,2 - 2,Aalborg BK,1683,1685.0,2,2,Denmark,domestic league (tier 1)
2021/03/07,Superligaen,0,FC Nordsjælland,1684,1678.0,2 - 2,AC Horsens,1566,1572.0,2,2,Denmark,domestic league (tier 1)
2021/03/21,Superligaen,0,FC Nordsjælland,1696,1702.0,2 - 1,SønderjyskE,1652,1646.0,2,1,Denmark,domestic league (tier 1)
2021/04/04,Superligaen,0,FC Nordsjælland,1702,1716.0,2 - 0,Aarhus GF,1783,1769.0,2,0,Denmark,domestic league (tier 1)
2021/04/21,Superligaen,0,FC Nordsjælland,1734,1714.0,0 - 3,Brøndby IF,1781,1801.0,0,3,Denmark,domestic league (tier 1)
2021/04/26,Superligaen,0,FC Nordsjælland,1714,1727.0,3 - 2,FC Midtjylland,1903,1890.0,3,2,Denmark,domestic league (tier 1)
2021/05/10,Superligaen,0,FC Nordsjælland,1721,1722.0,2 - 2,FC København,1840,1839.0,2,2,Denmark,domestic league (tier 1)
2021/05/19,Superligaen,0,FC Nordsjælland,1712,1720.0,2 - 1,Randers FC,1725,1717.0,2,1,Denmark,domestic league (tier 1)
2021/07/18,Superligaen,0,FC Nordsjælland,1713,1699.0,1 - 2,Viborg FF,1651,1665.0,1,2,Denmark,domestic league (tier 1)
2021/07/25,Superligaen,0,FC Nordsjælland,1699,1697.0,0 - 0,Aarhus GF,1719,1721.0,0,0,Denmark,domestic league (tier 1)
2021/08/09,Superligaen,0,FC Nordsjælland,1714,1723.0,3 - 1,Odense BK,1680,1671.0,3,1,Denmark,domestic league (tier 1)
2021/08/23,Superligaen,0,FC Nordsjælland,1738,1743.0,3 - 1,Vejle BK,1576,1571.0,3,1,Denmark,domestic league (tier 1)
2021/09/26,Superligaen,0,FC Nordsjælland,1726,1710.0,1 - 5,FC København,1886,1902.0,1,5,Denmark,domestic league (tier 1)
2021/10/17,Superligaen,0,FC Nordsjælland,1696,1698.0,2 - 2,FC Midtjylland,1883,1881.0,2,2,Denmark,domestic league (tier 1)
2021/10/27,Denmark Cup,0,FC Nordsjælland,1680,1658.0,1 - 4,Odense BK,1691,1713.0,1,4,Denmark,domestic cup
2021/10/31,Superligaen,0,FC Nordsjælland,1658,1642.0,0 - 2,Aalborg BK,1726,1742.0,0,2,Denmark,domestic league (tier 1)
2021/11/21,Superligaen,0,FC Nordsjælland,1645,1644.0,1 - 1,Silkeborg IF,1724,1725.0,1,1,Denmark,domestic league (tier 1)
2022/02/20,Superligaen,0,FC Nordsjælland,1635,1623.0,0 - 2,Brøndby IF,1803,1815.0,0,2,Denmark,domestic league (tier 1)
2022/02/27,Superligaen,0,FC Nordsjælland,1623,1623.0,0 - 0,Randers FC,1722,1722.0,0,0,Denmark,domestic league (tier 1)
2022/03/11,Superligaen,0,FC Nordsjælland,1638,1634.0,1 - 1,SønderjyskE,1577,1581.0,1,1,Denmark,domestic league (tier 1)
2022/04/10,Superligaen,0,FC Nordsjælland,1626,1625.0,2 - 2,Aarhus GF,1691,1692.0,2,2,Denmark,domestic league (tier 1)
2022/04/15,Superligaen,0,FC Nordsjælland,1625,1634.0,2 - 0,SønderjyskE,1577,1568.0,2,0,Denmark,domestic league (tier 1)
2022/04/24,Superligaen,0,FC Nordsjælland,1636,1650.0,2 - 0,Viborg FF,1702,1688.0,2,0,Denmark,domestic league (tier 1)
2022/05/08,Superligaen,0,FC Nordsjælland,1654,1653.0,1 - 1,Odense BK,1725,1726.0,1,1,Denmark,domestic league (tier 1)
2022/05/15,Superligaen,0,FC Nordsjælland,1654,1660.0,2 - 1,Vejle BK,1586,1580.0,2,1,Denmark,domestic league (tier 1)
2022/08/01,Superligaen,0,FC Nordsjælland,1706,1710.0,2 - 1,Lyngby BK,1587,1583.0,2,1,Denmark,domestic league (tier 1)
2022/08/06,Superligaen,0,FC Nordsjælland,1710,1718.0,1 - 0,Viborg FF,1725,1717.0,1,0,Denmark,domestic league (tier 1)
2022/08/21,Superligaen,0,FC Nordsjælland,1720,1703.0,0 - 2,Silkeborg IF,1784,1801.0,0,2,Denmark,domestic league (tier 1)
2022/08/28,Superligaen,0,FC Nordsjælland,1703,1722.0,3 - 1,FC København,1901,1882.0,3,1,Denmark,domestic league (tier 1)
2022/09/11,Superligaen,0,FC Nordsjælland,1736,1735.0,1 - 1,FC Midtjylland,1813,1814.0,1,1,Denmark,domestic league (tier 1)
2022/10/03,Superligaen,0,FC Nordsjælland,1724,1737.0,3 - 1,Randers FC,1774,1761.0,3,1,Denmark,domestic league (tier 1)
2022/10/16,Superligaen,0,FC Nordsjælland,1743,1738.0,1 - 1,Aarhus GF,1663,1668.0,1,1,Denmark,domestic league (tier 1)
2022/10/28,Superligaen,0,FC Nordsjælland,1758,1764.0,2 - 0,AC Horsens,1631,1625.0,2,0,Denmark,domestic league (tier 1)
2022/11/13,Superligaen,0,FC Nordsjælland,1785,1794.0,5 - 1,Aalborg BK,1674,1665.0,5,1,Denmark,domestic league (tier 1)
2023/02/24,Superligaen,0,FC Nordsjælland,1790,1798.0,4 - 2,Odense BK,1712,1704.0,4,2,Denmark,domestic league (tier 1)
2023/03/19,Superligaen,0,FC Nordsjælland,1796,1802.0,2 - 1,Brøndby IF,1735,1729.0,2,1,Denmark,domestic league (tier 1)
2023/04/05,Denmark Cup,0,FC Nordsjælland,1798,1800.0,4 - 1,Aarhus Fremad,1390,1388.0,4,1,Denmark,domestic cup
2023/04/10,Superligaen,0,FC Nordsjælland,1800,1805.0,2 - 1,Brøndby IF,1708,1703.0,2,1,Denmark,domestic league (tier 1)
2023/04/26,Denmark Cup,0,FC Nordsjælland,1797,1807.0,3 - 2,FC København,1909,1899.0,3,2,Denmark,domestic cup
2023/04/30,Superligaen,0,FC Nordsjælland,1807,1792.0,0 - 1,Aarhus GF,1705,1720.0,0,1,Denmark,domestic league (tier 1)
2023/05/08,Superligaen,0,FC Nordsjælland,1784,1794.0,3 - 2,FC København,1890,1880.0,3,2,Denmark,domestic league (tier 1)
2023/05/22,Superligaen,0,FC Nordsjælland,1795,1802.0,3 - 1,Randers FC,1694,1687.0,3,1,Denmark,domestic league (tier 1)
2023/06/04,Superligaen,0,FC Nordsjælland,1784,1781.0,0 - 0,Viborg FF,1771,1774.0,0,0,Denmark,domestic league (tier 1)
2023/07/24,Superligaen,0,FC Nordsjælland,1781,1793.0,4 - 1,Viborg FF,1763,1751.0,4,1,Denmark,domestic league (tier 1)
2023/08/06,Superligaen,0,FC Nordsjælland,1810,1818.0,3 - 1,Brøndby IF,1734,1726.0,3,1,Denmark,domestic league (tier 1)
2023/08/27,Superligaen,0,FC Nordsjælland,1838,1849.0,3 - 0,FC Midtjylland,1809,1798.0,3,0,Denmark,domestic league (tier 1)
2023/09/16,Superligaen,0,FC Nordsjælland,1853,1852.0,2 - 2,FC København,1929,1930.0,2,2,Denmark,domestic league (tier 1)
2023/09/25,Superligaen,0,FC Nordsjælland,1846,1837.0,0 - 0,Hvidovre IF,1504,1513.0,0,0,Denmark,domestic league (tier 1)
2023/10/08,Superligaen,0,FC Nordsjælland,1842,1826.0,0 - 1,Odense BK,1680,1696.0,0,1,Denmark,domestic league (tier 1)
2023/11/05,Superligaen,0,FC Nordsjælland,1853,1855.0,1 - 0,Vejle BK,1614,1612.0,1,0,Denmark,domestic league (tier 1)
2023/11/26,Superligaen,0,FC Nordsjælland,1837,1832.0,0 - 0,Aarhus GF,1763,1768.0,0,0,Denmark,domestic league (tier 1)
2023/12/06,Denmark Cup,0,FC Nordsjælland,1853,1854.0,3 - 0,AB Gladsaxe,1322,1321.0,3,0,Denmark,domestic cup
2024/02/18,Superligaen,0,FC Nordsjælland,1849,1851.0,3 - 2,Lyngby BK,1607,1605.0,3,2,Denmark,domestic league (tier 1)
2024/03/04,Superligaen,0,FC Nordsjælland,1843,1850.0,3 - 1,Silkeborg IF,1724,1717.0,3,1,Denmark,domestic league (tier 1)
2024/03/17,Superligaen,0,FC Nordsjælland,1854,1847.0,1 - 1,Randers FC,1642,1649.0,1,1,Denmark,domestic league (tier 1)
2024/03/29,Denmark Cup,0,FC Nordsjælland,1847,1833.0,2 - 3,Aarhus GF,1784,1798.0,2,3,Denmark,domestic cup
2024/04/07,Superligaen,0,FC Nordsjælland,1847,1856.0,2 - 1,FC København,1920,1911.0,2,1,Denmark,domestic league (tier 1)
2024/04/22,Superligaen,0,FC Nordsjælland,1855,1866.0,7 - 2,Aarhus GF,1796,1785.0,7,2,Denmark,domestic league (tier 1)
2024/04/28,Superligaen,0,FC Nordsjælland,1866,1863.0,1 - 1,Brøndby IF,1862,1865.0,1,1,Denmark,domestic league (tier 1)
2024/05/12,Superligaen,0,FC Nordsjælland,1879,1885.0,4 - 1,Silkeborg IF,1704,1698.0,4,1,Denmark,domestic league (tier 1)
2024/05/20,Superligaen,0,FC Nordsjælland,1877,1874.0,3 - 3,FC Midtjylland,1888,1891.0,3,3,Denmark,domestic league (tier 1)
2024/07/19,Superligaen,0,FC Nordsjælland,1878,1882.0,3 - 0,Aalborg BK,1640,1636.0,3,0,Denmark,domestic league (tier 1)
2024/07/27,Superligaen,0,FC Nordsjælland,1882,1879.0,2 - 2,FC Midtjylland,1883,1886.0,2,2,Denmark,domestic league (tier 1)
2024/08/11,Superligaen,0,FC Nordsjælland,1885,1877.0,1 - 1,Lyngby BK,1588,1596.0,1,1,Denmark,domestic league (tier 1)
2024/08/25,Superligaen,0,FC Nordsjælland,1857,1866.0,3 - 2,FC København,1917,1908.0,3,2,Denmark,domestic league (tier 1)
2024/09/16,Superligaen,0,FC Nordsjælland,1853,1847.0,1 - 1,Randers FC,1690,1696.0,1,1,Denmark,domestic league (tier 1)
2024/09/30,Superligaen,0,FC Nordsjælland,1839,1852.0,4 - 1,Brøndby IF,1837,1824.0,4,1,Denmark,domestic league (tier 1)
2024/10/20,Superligaen,0,FC Nordsjælland,1863,1858.0,1 - 1,Silkeborg IF,1756,1761.0,1,1,Denmark,domestic league (tier 1)
2024/11/03,Superligaen,0,FC Nordsjælland,1828,1833.0,2 - 1,Viborg FF,1715,1710.0,2,1,Denmark,domestic league (tier 1)
2024/11/22,Superligaen,0,FC Nordsjælland,1837,1844.0,1 - 0,Aarhus GF,1813,1806.0,1,0,Denmark,domestic league (tier 1)
2025/02/23,Superligaen,0,FC Nordsjælland,1836,1839.0,3 - 2,SønderjyskE,1598,1595.0,3,2,Denmark,domestic league (tier 1)
2025/03/07,Superligaen,0,FC Nordsjælland,1839,1842.0,3 - 1,Vejle BK,1572,1569.0,3,1,Denmark,domestic league (tier 1)
2025/04/06,Superligaen,0,FC Nordsjælland,1815,1804.0,0 - 1,FC København,1888,1899.0,0,1,Denmark,domestic league (tier 1)
2025/04/13,Superligaen,0,FC Nordsjælland,1804,1814.0,5 - 2,Randers FC,1754,1744.0,5,2,Denmark,domestic league (tier 1)
2025/04/22,Superligaen,0,FC Nordsjælland,1818,1827.0,3 - 2,FC Midtjylland,1871,1862.0,3,2,Denmark,domestic league (tier 1)
2025/05/11,Superligaen,0,FC Nordsjælland,1805,1803.0,2 - 2,Brøndby IF,1839,1841.0,2,2,Denmark,domestic league (tier 1)
2025/05/16,Superligaen,0,FC Nordsjælland,1803,1812.0,2 - 0,Aarhus GF,1748,1739.0,2,0,Denmark,domestic league (tier 1)
2025/07/27,Superligaen,0,FC Nordsjælland,1812,1800.0,0 - 1,Brøndby IF,1843,1855.0,0,1,Denmark,domestic league (tier 1)
2025/08/15,Superligaen,0,FC Nordsjælland,1774,1763.0,1 - 3,FC København,1967,1978.0,1,3,Denmark,domestic league (tier 1)
2025/08/25,Superligaen,0,FC Nordsjælland,1763,1769.0,1 - 0,Viborg FF,1719,1713.0,1,0,Denmark,domestic league (tier 1)
2025/09/14,Superligaen,0,FC Nordsjælland,1778,1790.0,1 - 0,FC Midtjylland,1945,1933.0,1,0,Denmark,domestic league (tier 1)
2025/09/28,Superligaen,0,FC Nordsjælland,1783,1770.0,1 - 2,Aarhus GF,1794,1807.0,1,2,Denmark,domestic league (tier 1)
2025/10/19,Superligaen,0,FC Nordsjælland,1785,1791.0,1 - 0,Randers FC,1749,1743.0,1,0,Denmark,domestic league (tier 1)
2025/10/30,Denmark Cup,0,FC Nordsjælland,1785,1798.0,4 - 2,Brøndby IF,1837,1824.0,4,2,Denmark,domestic cup
2025/11/02,Superligaen,0,FC Nordsjælland,1798,1773.0,2 - 4,Odense BK,1637,1662.0,2,4,Denmark,domestic league (tier 1)
2025/11/23,Superligaen,0,FC Nordsjælland,1765,1771.0,5 - 0,FC Fredericia,1577,1571.0,5,0,Denmark,domestic league (tier 1)
2025/12/07,Superligaen,0,FC Nordsjælland,1760,1772.0,5 - 0,Silkeborg IF,1712,1700.0,5,0,Denmark,domestic league (tier 1)
2025/12/14,Denmark Cup,0,FC Nordsjælland,1772,1786.0,2 - 1,FC Midtjylland,2009,1995.0,2,1,Denmark,domestic cup
2026/02/08,Superligaen,0,FC Nordsjælland,1786,1792.0,2 - 1,SønderjyskE,1736,1730.0,2,1,Denmark,domestic league (tier 1)
2026/02/20,Superligaen,0,FC Nordsjælland,1807,1800.0,3 - 3,Vejle BK,1585,1592.0,3,3,Denmark,domestic league (tier 1)
2026/03/22,Superligaen,0,FC Nordsjælland,1809,1817.0,2 - 0,SønderjyskE,1746,1738.0,2,0,Denmark,domestic league (tier 1)
2026/04/07,Superligaen,0,FC Nordsjælland,1817,1823.0,2 - 1,Brøndby IF,1782,1776.0,2,1,Denmark,domestic league (tier 1)
2026/04/19,Superligaen,0,FC Nordsjælland,1827,1833.0,2 - 1,Viborg FF,1771,1765.0,2,1,Denmark,domestic league (tier 1)
2026/04/23,Superligaen,0,FC Nordsjælland,1833,1831.0,1 - 1,Aarhus GF,1860,1862.0,1,1,Denmark,domestic league (tier 1)
2026/05/10,Superligaen,0,FC Nordsjælland,1824,1826.0,0 - 0,FC Midtjylland,1993,1991.0,0,0,Denmark,domestic league (tier 1)
2026/08/02,Superligaen,0,FC Nordsjælland,1839,1843.0,1 - 0,Randers FC,1670,1666.0,1,0,Denmark,domestic league (tier 1)
2026/08/16,Superligaen,0,FC Nordsjælland,1846,1850.0,1 - 0,Silkeborg IF,1684,1680.0,1,0,Denmark,domestic league (tier 1)
2026/08/30,Superligaen,0,FC Nordsjælland,1879,1887.0,3 - 1,Brøndby IF,1796,1788.0,3,1,Denmark,domestic league (tier 1)
2016/07/21,1. Division Denmark,0,FC Roskilde,1392,1408.0,3 - 1,Hobro IK,1517,1501.0,3,1,Denmark,domestic league (tier 2)
2016/08/14,1. Division Denmark,0,FC Roskilde,1399,1378.0,0 - 2,Næstved BK,1346,1367.0,0,2,Denmark,domestic league (tier 2)
2016/08/29,1. Division Denmark,0,FC Roskilde,1368,1367.0,1 - 1,HB Køge,1439,1440.0,1,1,Denmark,domestic league (tier 2)
2016/09/11,1. Division Denmark,0,FC Roskilde,1406,1412.0,1 - 0,Fremad Amager,1354,1348.0,1,0,Denmark,domestic league (tier 2)
2016/09/25,1. Division Denmark,0,FC Roskilde,1399,1410.0,2 - 0,FC Fredericia,1397,1386.0,2,0,Denmark,domestic league (tier 2)
2016/10/09,1. Division Denmark,0,FC Roskilde,1409,1406.0,2 - 2,FC Helsingør,1404,1407.0,2,2,Denmark,domestic league (tier 2)
2016/10/13,1. Division Denmark,0,FC Roskilde,1406,1414.0,2 - 1,Vejle BK,1419,1411.0,2,1,Denmark,domestic league (tier 2)
2016/11/06,1. Division Denmark,0,FC Roskilde,1419,1417.0,1 - 1,HB Køge,1439,1441.0,1,1,Denmark,domestic league (tier 2)
2016/11/20,1. Division Denmark,0,FC Roskilde,1434,1437.0,2 - 1,Nykøbing FC,1254,1251.0,2,1,Denmark,domestic league (tier 2)
2017/03/12,1. Division Denmark,0,FC Roskilde,1444,1449.0,2 - 1,Næstved BK,1343,1338.0,2,1,Denmark,domestic league (tier 2)
2017/03/20,1. Division Denmark,0,FC Roskilde,1449,1438.0,1 - 2,Hobro IK,1499,1510.0,1,2,Denmark,domestic league (tier 2)
2017/03/30,1. Division Denmark,0,FC Roskilde,1438,1448.0,3 - 1,Skive IK,1420,1410.0,3,1,Denmark,domestic league (tier 2)
2017/04/23,1. Division Denmark,0,FC Roskilde,1435,1418.0,1 - 2,AB Gladsaxe,1239,1256.0,1,2,Denmark,domestic league (tier 2)
2017/05/07,1. Division Denmark,0,FC Roskilde,1433,1431.0,0 - 0,Vendsyssel FF,1475,1477.0,0,0,Denmark,domestic league (tier 2)
2017/05/14,1. Division Denmark,0,FC Roskilde,1420,1415.0,0 - 0,Fremad Amager,1338,1343.0,0,0,Denmark,domestic league (tier 2)
2017/05/21,1. Division Denmark,0,FC Roskilde,1415,1421.0,2 - 1,FC Fredericia,1371,1365.0,2,1,Denmark,domestic league (tier 2)
2017/08/06,1. Division Denmark,0,FC Roskilde,1409,1393.0,2 - 3,Thisted FC,1291,1307.0,2,3,Denmark,domestic league (tier 2)
2017/08/13,1. Division Denmark,0,FC Roskilde,1379,1389.0,3 - 1,Skive IK,1346,1336.0,3,1,Denmark,domestic league (tier 2)
2017/08/23,1. Division Denmark,0,FC Roskilde,1402,1380.0,0 - 3,HB Køge,1414,1436.0,0,3,Denmark,domestic league (tier 2)
2017/09/02,1. Division Denmark,0,FC Roskilde,1374,1360.0,0 - 2,Vendsyssel FF,1487,1501.0,0,2,Denmark,domestic league (tier 2)
2017/09/17,1. Division Denmark,0,FC Roskilde,1366,1352.0,0 - 1,Fremad Amager,1334,1348.0,0,1,Denmark,domestic league (tier 2)
2017/10/01,1. Division Denmark,0,FC Roskilde,1348,1358.0,2 - 0,Nykøbing FC,1332,1322.0,2,0,Denmark,domestic league (tier 2)
2017/10/22,1. Division Denmark,0,FC Roskilde,1398,1395.0,1 - 1,FC Fredericia,1402,1405.0,1,1,Denmark,domestic league (tier 2)
2017/11/12,1. Division Denmark,0,FC Roskilde,1397,1379.0,0 - 4,Esbjerg fB,1506,1524.0,0,4,Denmark,domestic league (tier 2)
2017/11/26,1. Division Denmark,0,FC Roskilde,1381,1392.0,1 - 0,Viborg FF,1516,1505.0,1,0,Denmark,domestic league (tier 2)
2018/03/11,1. Division Denmark,0,FC Roskilde,1384,1383.0,0 - 0,Vejle BK,1464,1465.0,0,0,Denmark,domestic league (tier 2)
2018/03/18,1. Division Denmark,0,FC Roskilde,1383,1386.0,3 - 2,Brabrand IF,1150,1147.0,3,2,Denmark,domestic league (tier 2)
2018/03/29,1. Division Denmark,0,FC Roskilde,1386,1372.0,0 - 1,Nykøbing FC,1333,1347.0,0,1,Denmark,domestic league (tier 2)
2018/04/08,1. Division Denmark,0,FC Roskilde,1366,1367.0,2 - 2,Vendsyssel FF,1496,1495.0,2,2,Denmark,domestic league (tier 2)
2018/04/15,1. Division Denmark,0,FC Roskilde,1367,1352.0,0 - 1,Skive IK,1264,1279.0,0,1,Denmark,domestic league (tier 2)
2018/04/28,1. Division Denmark,0,FC Roskilde,1357,1367.0,3 - 1,Thisted FC,1326,1316.0,3,1,Denmark,domestic league (tier 2)
2018/05/12,1. Division Denmark,0,FC Roskilde,1368,1351.0,1 - 3,HB Køge,1425,1442.0,1,3,Denmark,domestic league (tier 2)
2018/05/20,1. Division Denmark,0,FC Roskilde,1340,1352.0,2 - 0,Fremad Amager,1358,1346.0,2,0,Denmark,domestic league (tier 2)
2018/08/05,1. Division Denmark,0,FC Roskilde,1343,1322.0,0 - 3,FC Fredericia,1379,1400.0,0,3,Denmark,domestic league (tier 2)
2018/08/19,1. Division Denmark,0,FC Roskilde,1327,1320.0,0 - 1,Silkeborg IF,1517,1524.0,0,1,Denmark,domestic league (tier 2)
2018/08/26,1. Division Denmark,0,FC Roskilde,1324,1321.0,2 - 2,Thisted FC,1324,1327.0,2,2,Denmark,domestic league (tier 2)
2018/09/09,1. Division Denmark,0,FC Roskilde,1338,1321.0,1 - 4,Lyngby BK,1451,1468.0,1,4,Denmark,domestic league (tier 2)
2018/09/23,1. Division Denmark,0,FC Roskilde,1318,1331.0,3 - 0,Hvidovre IF,1330,1317.0,3,0,Denmark,domestic league (tier 2)
2018/10/07,1. Division Denmark,0,FC Roskilde,1315,1315.0,2 - 2,Nykøbing FC,1407,1407.0,2,2,Denmark,domestic league (tier 2)
2018/10/16,1. Division Denmark,0,FC Roskilde,1315,1315.0,1 - 1,Næstved BK,1403,1403.0,1,1,Denmark,domestic league (tier 2)
2018/10/28,1. Division Denmark,0,FC Roskilde,1307,1328.0,3 - 1,Viborg FF,1555,1534.0,3,1,Denmark,domestic league (tier 2)
2018/11/11,1. Division Denmark,0,FC Roskilde,1360,1376.0,4 - 1,HB Køge,1432,1416.0,4,1,Denmark,domestic league (tier 2)
2018/11/18,1. Division Denmark,0,FC Roskilde,1376,1384.0,2 - 1,FC Helsingør,1399,1391.0,2,1,Denmark,domestic league (tier 2)
2019/03/24,1. Division Denmark,0,FC Roskilde,1387,1391.0,2 - 1,Thisted FC,1265,1261.0,2,1,Denmark,domestic league (tier 2)
2019/04/07,1. Division Denmark,0,FC Roskilde,1384,1375.0,1 - 2,Silkeborg IF,1528,1537.0,1,2,Denmark,domestic league (tier 2)
2019/04/28,1. Division Denmark,0,FC Roskilde,1405,1400.0,1 - 1,Hvidovre IF,1336,1341.0,1,1,Denmark,domestic league (tier 2)
2019/05/12,1. Division Denmark,0,FC Roskilde,1382,1371.0,1 - 2,Lyngby BK,1450,1461.0,1,2,Denmark,domestic league (tier 2)
2019/05/19,1. Division Denmark,0,FC Roskilde,1371,1379.0,3 - 2,FC Fredericia,1415,1407.0,3,2,Denmark,domestic league (tier 2)
2019/08/04,1. Division Denmark,0,FC Roskilde,1362,1357.0,1 - 1,Skive IK,1261,1266.0,1,1,Denmark,domestic league (tier 2)
2019/08/18,1. Division Denmark,0,FC Roskilde,1350,1366.0,2 - 0,Vendsyssel FF,1480,1464.0,2,0,Denmark,domestic league (tier 2)
2019/08/21,1. Division Denmark,0,FC Roskilde,1366,1354.0,2 - 3,HB Køge,1380,1392.0,2,3,Denmark,domestic league (tier 2)
2019/09/01,1. Division Denmark,0,FC Roskilde,1346,1336.0,1 - 2,FC Fredericia,1448,1458.0,1,2,Denmark,domestic league (tier 2)
2019/09/15,1. Division Denmark,0,FC Roskilde,1330,1345.0,3 - 1,Nykøbing FC,1439,1424.0,3,1,Denmark,domestic league (tier 2)
2019/10/06,1. Division Denmark,0,FC Roskilde,1331,1318.0,0 - 2,Viborg FF,1485,1498.0,0,2,Denmark,domestic league (tier 2)
2019/10/27,1. Division Denmark,0,FC Roskilde,1312,1329.0,4 - 0,Næstved BK,1377,1360.0,4,0,Denmark,domestic league (tier 2)
2019/11/10,1. Division Denmark,0,FC Roskilde,1340,1321.0,0 - 2,Hvidovre IF,1345,1364.0,0,2,Denmark,domestic league (tier 2)
2019/11/23,1. Division Denmark,0,FC Roskilde,1321,1308.0,0 - 4,Vejle BK,1535,1548.0,0,4,Denmark,domestic league (tier 2)
2020/03/06,1. Division Denmark,0,FC Roskilde,1302,1311.0,1 - 0,Kolding FC (as Kolding IF),1377,1368.0,1,0,Denmark,domestic league (tier 2)
2020/06/06,1. Division Denmark,0,FC Roskilde,1316,1326.0,2 - 1,Fremad Amager,1413,1403.0,2,1,Denmark,domestic league (tier 2)
2020/06/14,1. Division Denmark,0,FC Roskilde,1321,1320.0,2 - 2,HB Køge,1389,1390.0,2,2,Denmark,domestic league (tier 2)
2020/06/25,1. Division Denmark,0,FC Roskilde,1324,1323.0,2 - 2,Nykøbing FC,1372,1373.0,2,2,Denmark,domestic league (tier 2)
2020/07/01,1. Division Denmark,0,FC Roskilde,1314,1305.0,2 - 3,Vendsyssel FF,1458,1467.0,2,3,Denmark,domestic league (tier 2)
2020/07/12,1. Division Denmark,0,FC Roskilde,1301,1299.0,2 - 2,Skive IK,1325,1327.0,2,2,Denmark,domestic league (tier 2)
2020/07/19,1. Division Denmark,0,FC Roskilde,1319,1329.0,1 - 0,FC Fredericia,1432,1422.0,1,0,Denmark,domestic league (tier 2)
2021/09/01,Denmark Cup,0,FC Roskilde,1333,1329.0,1 - 2,Odense BK,1672,1676.0,1,2,Denmark,domestic cup
2022/10/18,Denmark Cup,0,FC Roskilde,1348,1334.0,1 - 2,Fremad Amager,1313,1327.0,1,2,Denmark,domestic cup
2024/07/27,1. Division Denmark,0,FC Roskilde,1325,1313.0,1 - 2,B.93 København,1366,1378.0,1,2,Denmark,domestic league (tier 2)
2024/08/10,1. Division Denmark,0,FC Roskilde,1325,1310.0,0 - 2,Hobro IK,1427,1442.0,0,2,Denmark,domestic league (tier 2)
2024/08/20,1. Division Denmark,0,FC Roskilde,1307,1298.0,1 - 2,AC Horsens,1445,1454.0,1,2,Denmark,domestic league (tier 2)
2024/08/30,1. Division Denmark,0,FC Roskilde,1304,1293.0,1 - 2,Esbjerg fB,1385,1396.0,1,2,Denmark,domestic league (tier 2)
2024/09/13,1. Division Denmark,0,FC Roskilde,1306,1326.0,2 - 0,Hvidovre IF,1521,1501.0,2,0,Denmark,domestic league (tier 2)
2024/09/25,Denmark Cup,0,FC Roskilde,1325,1321.0,1 - 3,Silkeborg IF,1754,1758.0,1,3,Denmark,domestic cup
2024/09/29,1. Division Denmark,0,FC Roskilde,1321,1300.0,0 - 2,HB Køge,1263,1284.0,0,2,Denmark,domestic league (tier 2)
2024/10/18,1. Division Denmark,0,FC Roskilde,1293,1286.0,1 - 5,Odense BK,1652,1659.0,1,5,Denmark,domestic league (tier 2)
2024/11/02,1. Division Denmark,0,FC Roskilde,1301,1294.0,0 - 1,Kolding IF,1511,1518.0,0,1,Denmark,domestic league (tier 2)
2024/11/30,1. Division Denmark,0,FC Roskilde,1282,1274.0,0 - 2,FC Fredericia,1560,1568.0,0,2,Denmark,domestic league (tier 2)
2025/03/01,1. Division Denmark,0,FC Roskilde,1291,1283.0,1 - 2,Hillerød Fodbold,1464,1472.0,1,2,Denmark,domestic league (tier 2)
2025/03/09,1. Division Denmark,0,FC Roskilde,1283,1298.0,3 - 1,Vendsyssel FF,1375,1360.0,3,1,Denmark,domestic league (tier 2)
2025/04/04,1. Division Denmark,0,FC Roskilde,1297,1286.0,2 - 3,B.93 København,1345,1356.0,2,3,Denmark,domestic league (tier 2)
2025/04/17,1. Division Denmark,0,FC Roskilde,1291,1289.0,1 - 1,HB Køge,1326,1328.0,1,1,Denmark,domestic league (tier 2)
2025/04/26,1. Division Denmark,0,FC Roskilde,1284,1293.0,2 - 1,Vendsyssel FF,1353,1344.0,2,1,Denmark,domestic league (tier 2)
2025/05/09,1. Division Denmark,0,FC Roskilde,1286,1286.0,1 - 1,Hobro IK,1392,1392.0,1,1,Denmark,domestic league (tier 2)
2025/05/16,1. Division Denmark,0,FC Roskilde,1286,1306.0,4 - 2,Hillerød Fodbold,1514,1494.0,4,2,Denmark,domestic league (tier 2)
2022/08/31,Denmark Cup,0,Frederikshavn FI,1395,1370.0,2 - 7,Vendsyssel FF,1397,1422.0,2,7,Denmark,domestic cup
2016/07/31,1. Division Denmark,0,Fremad Amager,1345,1344.0,0 - 0,FC Fredericia,1406,1407.0,0,0,Denmark,domestic league (tier 2)
2016/08/14,1. Division Denmark,0,Fremad Amager,1335,1334.0,1 - 1,Vendsyssel FF,1414,1415.0,1,1,Denmark,domestic league (tier 2)
2016/08/28,1. Division Denmark,0,Fremad Amager,1339,1354.0,5 - 0,Skive IK,1341,1326.0,5,0,Denmark,domestic league (tier 2)
2016/09/18,1. Division Denmark,0,Fremad Amager,1348,1368.0,4 - 1,Hobro IK,1494,1474.0,4,1,Denmark,domestic league (tier 2)
2016/10/02,1. Division Denmark,0,Fremad Amager,1380,1356.0,1 - 3,AB Gladsaxe,1246,1270.0,1,3,Denmark,domestic league (tier 2)
2016/10/23,1. Division Denmark,0,Fremad Amager,1360,1365.0,1 - 0,Nykøbing FC,1255,1250.0,1,0,Denmark,domestic league (tier 2)
2016/10/30,1. Division Denmark,0,Fremad Amager,1362,1375.0,3 - 0,Skive IK,1362,1349.0,3,0,Denmark,domestic league (tier 2)
2016/11/13,1. Division Denmark,0,Fremad Amager,1374,1357.0,1 - 3,FC Roskilde,1417,1434.0,1,3,Denmark,domestic league (tier 2)
2016/11/20,1. Division Denmark,0,Fremad Amager,1357,1379.0,5 - 0,Hobro IK,1487,1465.0,5,0,Denmark,domestic league (tier 2)
2017/03/12,1. Division Denmark,0,Fremad Amager,1389,1396.0,2 - 1,FC Fredericia,1372,1365.0,2,1,Denmark,domestic league (tier 2)
2017/04/02,1. Division Denmark,0,Fremad Amager,1388,1376.0,1 - 2,FC Helsingør,1404,1416.0,1,2,Denmark,domestic league (tier 2)
2017/04/13,1. Division Denmark,0,Fremad Amager,1365,1355.0,1 - 2,Vendsyssel FF,1461,1471.0,1,2,Denmark,domestic league (tier 2)
2017/04/23,1. Division Denmark,0,Fremad Amager,1355,1343.0,2 - 3,Vejle BK,1393,1405.0,2,3,Denmark,domestic league (tier 2)
2017/05/07,1. Division Denmark,0,Fremad Amager,1347,1361.0,2 - 0,HB Køge,1419,1405.0,2,0,Denmark,domestic league (tier 2)
2017/05/11,1. Division Denmark,0,Fremad Amager,1361,1338.0,0 - 3,Næstved BK,1338,1361.0,0,3,Denmark,domestic league (tier 2)
2017/05/21,1. Division Denmark,0,Fremad Amager,1343,1348.0,1 - 0,AB Gladsaxe,1260,1255.0,1,0,Denmark,domestic league (tier 2)
2017/08/06,1. Division Denmark,0,Fremad Amager,1330,1319.0,1 - 2,HB Køge,1395,1406.0,1,2,Denmark,domestic league (tier 2)
2017/08/20,1. Division Denmark,0,Fremad Amager,1308,1294.0,0 - 6,Viborg FF,1529,1543.0,0,6,Denmark,domestic league (tier 2)
2017/09/03,1. Division Denmark,0,Fremad Amager,1343,1355.0,1 - 0,Esbjerg fB,1507,1495.0,1,0,Denmark,domestic league (tier 2)
2017/09/10,1. Division Denmark,0,Fremad Amager,1355,1334.0,0 - 2,Thisted FC,1318,1339.0,0,2,Denmark,domestic league (tier 2)
2017/09/24,1. Division Denmark,0,Fremad Amager,1343,1350.0,1 - 0,Skive IK,1329,1322.0,1,0,Denmark,domestic league (tier 2)
2017/10/10,1. Division Denmark,0,Fremad Amager,1345,1346.0,1 - 1,Vendsyssel FF,1476,1475.0,1,1,Denmark,domestic league (tier 2)
2017/10/29,1. Division Denmark,0,Fremad Amager,1347,1336.0,0 - 1,FC Roskilde,1395,1406.0,0,1,Denmark,domestic league (tier 2)
2017/11/12,1. Division Denmark,0,Fremad Amager,1326,1310.0,1 - 3,FC Fredericia,1404,1420.0,1,3,Denmark,domestic league (tier 2)
2017/11/19,1. Division Denmark,0,Fremad Amager,1310,1322.0,1 - 0,Vejle BK,1467,1455.0,1,0,Denmark,domestic league (tier 2)
2018/03/04,1. Division Denmark,0,Fremad Amager,1316,1320.0,2 - 1,Brabrand IF,1148,1144.0,2,1,Denmark,domestic league (tier 2)
2018/03/18,1. Division Denmark,0,Fremad Amager,1332,1329.0,0 - 0,Nykøbing FC,1332,1335.0,0,0,Denmark,domestic league (tier 2)
2018/04/08,1. Division Denmark,0,Fremad Amager,1341,1333.0,0 - 1,Esbjerg fB,1506,1514.0,0,1,Denmark,domestic league (tier 2)
2018/04/11,1. Division Denmark,0,Fremad Amager,1333,1355.0,3 - 0,Viborg FF,1519,1497.0,3,0,Denmark,domestic league (tier 2)
2018/04/20,1. Division Denmark,0,Fremad Amager,1353,1342.0,0 - 1,HB Køge,1412,1423.0,0,1,Denmark,domestic league (tier 2)
2018/05/05,1. Division Denmark,0,Fremad Amager,1335,1341.0,1 - 0,Skive IK,1274,1268.0,1,0,Denmark,domestic league (tier 2)
2018/05/16,1. Division Denmark,0,Fremad Amager,1363,1358.0,0 - 0,Thisted FC,1293,1298.0,0,0,Denmark,domestic league (tier 2)
2018/08/12,1. Division Denmark,0,Fremad Amager,1343,1345.0,2 - 2,Lyngby BK,1501,1499.0,2,2,Denmark,domestic league (tier 2)
2018/08/22,1. Division Denmark,0,Fremad Amager,1363,1359.0,1 - 1,FC Roskilde,1320,1324.0,1,1,Denmark,domestic league (tier 2)
2018/09/02,1. Division Denmark,0,Fremad Amager,1372,1389.0,2 - 0,Silkeborg IF,1517,1500.0,2,0,Denmark,domestic league (tier 2)
2018/09/16,1. Division Denmark,0,Fremad Amager,1363,1346.0,1 - 3,FC Fredericia,1408,1425.0,1,3,Denmark,domestic league (tier 2)
2018/09/30,1. Division Denmark,0,Fremad Amager,1333,1330.0,0 - 0,Thisted FC,1340,1343.0,0,0,Denmark,domestic league (tier 2)
2018/10/07,1. Division Denmark,0,Fremad Amager,1330,1327.0,2 - 2,Hvidovre IF,1307,1310.0,2,2,Denmark,domestic league (tier 2)
2018/10/21,1. Division Denmark,0,Fremad Amager,1327,1342.0,2 - 0,FC Helsingør,1425,1410.0,2,0,Denmark,domestic league (tier 2)
2018/11/04,1. Division Denmark,0,Fremad Amager,1362,1371.0,1 - 0,Næstved BK,1440,1431.0,1,0,Denmark,domestic league (tier 2)
2018/11/25,1. Division Denmark,0,Fremad Amager,1388,1396.0,1 - 0,HB Køge,1429,1421.0,1,0,Denmark,domestic league (tier 2)
2019/03/03,1. Division Denmark,0,Fremad Amager,1396,1378.0,0 - 2,Nykøbing FC,1431,1449.0,0,2,Denmark,domestic league (tier 2)
2019/03/10,1. Division Denmark,0,Fremad Amager,1378,1375.0,2 - 2,FC Roskilde,1366,1369.0,2,2,Denmark,domestic league (tier 2)
2019/03/17,1. Division Denmark,0,Fremad Amager,1375,1365.0,0 - 1,Viborg FF,1484,1494.0,0,1,Denmark,domestic league (tier 2)
2019/03/31,1. Division Denmark,0,Fremad Amager,1365,1374.0,1 - 0,FC Fredericia,1432,1423.0,1,0,Denmark,domestic league (tier 2)
2019/04/07,1. Division Denmark,0,Fremad Amager,1374,1379.0,1 - 0,Thisted FC,1261,1256.0,1,0,Denmark,domestic league (tier 2)
2019/04/21,1. Division Denmark,0,Fremad Amager,1383,1381.0,2 - 2,FC Roskilde,1403,1405.0,2,2,Denmark,domestic league (tier 2)
2019/05/08,1. Division Denmark,0,Fremad Amager,1417,1425.0,4 - 3,Lyngby BK,1458,1450.0,4,3,Denmark,domestic league (tier 2)
2019/05/19,1. Division Denmark,0,Fremad Amager,1436,1426.0,3 - 4,Silkeborg IF,1531,1541.0,3,4,Denmark,domestic league (tier 2)
2019/07/27,1. Division Denmark,0,Fremad Amager,1417,1417.0,2 - 2,Vejle BK,1506,1506.0,2,2,Denmark,domestic league (tier 2)
2019/08/11,1. Division Denmark,0,Fremad Amager,1432,1426.0,0 - 0,Skive IK,1266,1272.0,0,0,Denmark,domestic league (tier 2)
2019/08/16,1. Division Denmark,0,Fremad Amager,1426,1414.0,2 - 3,Nykøbing FC,1441,1453.0,2,3,Denmark,domestic league (tier 2)
2019/08/30,1. Division Denmark,0,Fremad Amager,1402,1409.0,1 - 0,Næstved BK,1402,1395.0,1,0,Denmark,domestic league (tier 2)
2019/09/14,1. Division Denmark,0,Fremad Amager,1411,1401.0,1 - 2,Viborg FF,1516,1526.0,1,2,Denmark,domestic league (tier 2)
2019/09/29,1. Division Denmark,0,Fremad Amager,1433,1438.0,2 - 1,FC Roskilde,1336,1331.0,2,1,Denmark,domestic league (tier 2)
2019/10/25,1. Division Denmark,0,Fremad Amager,1429,1406.0,0 - 2,Hvidovre IF,1335,1358.0,0,2,Denmark,domestic league (tier 2)
2019/11/10,1. Division Denmark,0,Fremad Amager,1391,1407.0,3 - 0,Vendsyssel FF,1467,1451.0,3,0,Denmark,domestic league (tier 2)
2019/11/21,1. Division Denmark,0,Fremad Amager,1418,1415.0,1 - 1,HB Køge,1399,1402.0,1,1,Denmark,domestic league (tier 2)
2020/02/29,1. Division Denmark,0,Fremad Amager,1415,1428.0,4 - 2,FC Fredericia,1462,1449.0,4,2,Denmark,domestic league (tier 2)
2020/05/30,1. Division Denmark,0,Fremad Amager,1417,1413.0,2 - 2,Kolding FC (as Kolding IF),1368,1372.0,2,2,Denmark,domestic league (tier 2)
2020/06/10,1. Division Denmark,0,Fremad Amager,1403,1409.0,1 - 0,Næstved BK,1362,1356.0,1,0,Denmark,domestic league (tier 2)
2020/06/20,1. Division Denmark,0,Fremad Amager,1399,1394.0,0 - 0,Skive IK,1311,1316.0,0,0,Denmark,domestic league (tier 2)
2020/06/28,1. Division Denmark,0,Fremad Amager,1379,1388.0,2 - 0,FC Roskilde,1323,1314.0,2,0,Denmark,domestic league (tier 2)
2020/07/01,1. Division Denmark,0,Fremad Amager,1388,1401.0,4 - 0,Nykøbing FC,1370,1357.0,4,0,Denmark,domestic league (tier 2)
2020/07/10,1. Division Denmark,0,Fremad Amager,1415,1415.0,2 - 2,Viborg FF,1506,1506.0,2,2,Denmark,domestic league (tier 2)
2020/07/25,1. Division Denmark,0,Fremad Amager,1429,1449.0,4 - 1,Vejle BK,1577,1557.0,4,1,Denmark,domestic league (tier 2)
2020/09/12,1. Division Denmark,0,Fremad Amager,1449,1463.0,6 - 0,Vendsyssel FF,1428,1414.0,6,0,Denmark,domestic league (tier 2)
2020/09/20,1. Division Denmark,0,Fremad Amager,1451,1460.0,4 - 0,Hvidovre IF,1361,1352.0,4,0,Denmark,domestic league (tier 2)
2020/09/29,1. Division Denmark,0,Fremad Amager,1475,1464.0,2 - 3,Esbjerg fB,1543,1554.0,2,3,Denmark,domestic league (tier 2)
2020/10/21,1. Division Denmark,0,Fremad Amager,1494,1503.0,5 - 1,FC Helsingør,1397,1388.0,5,1,Denmark,domestic league (tier 2)
2020/10/25,1. Division Denmark,0,Fremad Amager,1503,1484.0,0 - 3,Silkeborg IF,1564,1583.0,0,3,Denmark,domestic league (tier 2)
2020/11/07,1. Division Denmark,0,Fremad Amager,1508,1502.0,0 - 0,Kolding FC (as Kolding IF),1357,1363.0,0,0,Denmark,domestic league (tier 2)
2020/11/22,1. Division Denmark,0,Fremad Amager,1502,1486.0,0 - 1,HB Køge,1375,1391.0,0,1,Denmark,domestic league (tier 2)
2020/12/05,1. Division Denmark,0,Fremad Amager,1476,1476.0,1 - 1,Viborg FF,1589,1589.0,1,1,Denmark,domestic league (tier 2)
2021/02/14,1. Division Denmark,0,Fremad Amager,1465,1472.0,4 - 0,Skive IK,1298,1291.0,4,0,Denmark,domestic league (tier 2)
2021/02/28,1. Division Denmark,0,Fremad Amager,1483,1479.0,2 - 2,Hobro IK,1445,1449.0,2,2,Denmark,domestic league (tier 2)
2021/03/14,1. Division Denmark,0,Fremad Amager,1466,1452.0,1 - 2,FC Fredericia,1427,1441.0,1,2,Denmark,domestic league (tier 2)
2021/04/03,1. Division Denmark,0,Fremad Amager,1447,1455.0,3 - 0,Vendsyssel FF,1334,1326.0,3,0,Denmark,domestic league (tier 2)
2021/04/17,1. Division Denmark,0,Fremad Amager,1439,1435.0,0 - 0,Hobro IK,1405,1409.0,0,0,Denmark,domestic league (tier 2)
2021/04/25,1. Division Denmark,0,Fremad Amager,1435,1442.0,2 - 0,Skive IK,1323,1316.0,2,0,Denmark,domestic league (tier 2)
2021/05/12,1. Division Denmark,0,Fremad Amager,1418,1404.0,0 - 1,Hvidovre IF,1383,1397.0,0,1,Denmark,domestic league (tier 2)
2021/05/22,1. Division Denmark,0,Fremad Amager,1394,1379.0,0 - 1,Kolding IF,1306,1321.0,0,1,Denmark,domestic league (tier 2)
2021/07/31,1. Division Denmark,0,Fremad Amager,1366,1351.0,1 - 4,AC Horsens,1521,1536.0,1,4,Denmark,domestic league (tier 2)
2021/08/14,1. Division Denmark,0,Fremad Amager,1342,1328.0,1 - 2,Jammerbugt FC,1293,1307.0,1,2,Denmark,domestic league (tier 2)
2021/08/21,1. Division Denmark,0,Fremad Amager,1324,1335.0,2 - 0,HB Køge,1323,1312.0,2,0,Denmark,domestic league (tier 2)
2021/09/10,1. Division Denmark,0,Fremad Amager,1346,1358.0,3 - 1,Nykøbing FC,1365,1353.0,3,1,Denmark,domestic league (tier 2)
2021/09/22,Denmark Cup,0,Fremad Amager,1353,1350.0,2 - 3,Randers FC,1743,1746.0,2,3,Denmark,domestic cup
2021/09/25,1. Division Denmark,0,Fremad Amager,1350,1357.0,1 - 0,Vendsyssel FF,1347,1340.0,1,0,Denmark,domestic league (tier 2)
2021/10/15,1. Division Denmark,0,Fremad Amager,1342,1332.0,0 - 1,FC Fredericia,1459,1469.0,0,1,Denmark,domestic league (tier 2)
2021/10/31,1. Division Denmark,0,Fremad Amager,1357,1340.0,1 - 4,Hvidovre IF,1473,1490.0,1,4,Denmark,domestic league (tier 2)
2021/11/20,1. Division Denmark,0,Fremad Amager,1333,1321.0,1 - 4,FC Helsingør,1539,1551.0,1,4,Denmark,domestic league (tier 2)
2022/02/25,1. Division Denmark,0,Fremad Amager,1314,1330.0,4 - 2,Esbjerg fB,1432,1416.0,4,2,Denmark,domestic league (tier 2)
2022/03/04,1. Division Denmark,0,Fremad Amager,1330,1319.0,0 - 3,Lyngby BK,1556,1567.0,0,3,Denmark,domestic league (tier 2)
2022/03/18,1. Division Denmark,0,Fremad Amager,1323,1322.0,1 - 1,Hobro IK,1374,1375.0,1,1,Denmark,domestic league (tier 2)
2022/04/01,1. Division Denmark,0,Fremad Amager,1322,1331.0,4 - 1,Jammerbugt FC,1244,1235.0,4,1,Denmark,domestic league (tier 2)
2022/04/21,1. Division Denmark,0,Fremad Amager,1325,1324.0,0 - 0,Hobro IK,1379,1380.0,0,0,Denmark,domestic league (tier 2)
2022/04/29,1. Division Denmark,0,Fremad Amager,1324,1337.0,2 - 0,Esbjerg fB,1381,1368.0,2,0,Denmark,domestic league (tier 2)
2022/05/13,1. Division Denmark,0,Fremad Amager,1341,1350.0,1 - 0,HB Køge,1396,1387.0,1,0,Denmark,domestic league (tier 2)
2022/05/28,1. Division Denmark,0,Fremad Amager,1352,1329.0,1 - 4,Vendsyssel FF,1332,1355.0,1,4,Denmark,domestic league (tier 2)
2022/07/30,1. Division Denmark,0,Fremad Amager,1327,1322.0,1 - 2,Vejle BK,1612,1617.0,1,2,Denmark,domestic league (tier 2)
2022/08/02,Denmark Cup,0,Fremad Amager,1322,1327.0,1 - 0,Hillerød GI,1217,1212.0,1,0,Denmark,domestic cup
2022/08/12,1. Division Denmark,0,Fremad Amager,1341,1338.0,0 - 0,Næstved BK,1321,1324.0,0,0,Denmark,domestic league (tier 2)
2022/08/26,1. Division Denmark,0,Fremad Amager,1325,1325.0,3 - 3,FC Fredericia,1408,1408.0,3,3,Denmark,domestic league (tier 2)
2022/09/02,1. Division Denmark,0,Fremad Amager,1325,1330.0,1 - 0,Hillerød GI,1213,1208.0,1,0,Denmark,domestic league (tier 2)
2022/09/16,1. Division Denmark,0,Fremad Amager,1352,1341.0,2 - 3,HB Køge,1412,1423.0,2,3,Denmark,domestic league (tier 2)
2022/10/07,1. Division Denmark,0,Fremad Amager,1334,1322.0,1 - 4,Hvidovre IF,1545,1557.0,1,4,Denmark,domestic league (tier 2)
2022/10/22,1. Division Denmark,0,Fremad Amager,1327,1333.0,1 - 0,Nykøbing FC,1295,1289.0,1,0,Denmark,domestic league (tier 2)
2022/11/04,1. Division Denmark,0,Fremad Amager,1317,1332.0,1 - 0,SønderjyskE,1586,1571.0,1,0,Denmark,domestic league (tier 2)
2022/11/12,1. Division Denmark,0,Fremad Amager,1323,1313.0,2 - 3,Vendsyssel FF,1424,1434.0,2,3,Denmark,domestic league (tier 2)
2023/02/24,1. Division Denmark,0,Fremad Amager,1310,1319.0,2 - 1,Hobro IK,1388,1379.0,2,1,Denmark,domestic league (tier 2)
2023/03/11,1. Division Denmark,0,Fremad Amager,1334,1325.0,0 - 1,FC Helsingør,1454,1463.0,0,1,Denmark,domestic league (tier 2)
2023/04/09,1. Division Denmark,0,Fremad Amager,1312,1296.0,1 - 3,FC Fredericia,1391,1407.0,1,3,Denmark,domestic league (tier 2)
2023/04/16,1. Division Denmark,0,Fremad Amager,1296,1296.0,1 - 1,Hobro IK,1406,1406.0,1,1,Denmark,domestic league (tier 2)
2023/04/28,1. Division Denmark,0,Fremad Amager,1289,1278.0,0 - 1,HB Køge,1366,1377.0,0,1,Denmark,domestic league (tier 2)
2023/05/05,1. Division Denmark,0,Fremad Amager,1278,1287.0,1 - 0,Hillerød GI,1328,1319.0,1,0,Denmark,domestic league (tier 2)
2023/05/26,1. Division Denmark,0,Fremad Amager,1309,1316.0,4 - 3,Nykøbing FC,1290,1283.0,4,3,Denmark,domestic league (tier 2)
2024/09/25,Denmark Cup,0,Fremad Amager,1302,1299.0,0 - 5,FC Nordsjælland,1836,1839.0,0,5,Denmark,domestic cup
2016/07/31,1. Division Denmark,0,HB Køge,1452,1447.0,0 - 0,Skive IK,1361,1366.0,0,0,Denmark,domestic league (tier 2)
2016/08/07,1. Division Denmark,0,HB Køge,1447,1452.0,3 - 0,Nykøbing FC,1228,1223.0,3,0,Denmark,domestic league (tier 2)
2016/08/21,1. Division Denmark,0,HB Køge,1444,1439.0,1 - 1,Fremad Amager,1334,1339.0,1,1,Denmark,domestic league (tier 2)
2016/09/01,1. Division Denmark,0,HB Køge,1440,1435.0,2 - 2,Næstved BK,1363,1368.0,2,2,Denmark,domestic league (tier 2)
2016/09/18,1. Division Denmark,0,HB Køge,1455,1458.0,1 - 0,AB Gladsaxe,1259,1256.0,1,0,Denmark,domestic league (tier 2)
2016/09/29,1. Division Denmark,0,HB Køge,1461,1457.0,0 - 0,FC Helsingør,1400,1404.0,0,0,Denmark,domestic league (tier 2)
2016/10/16,1. Division Denmark,0,HB Køge,1456,1465.0,3 - 0,Skive IK,1383,1374.0,3,0,Denmark,domestic league (tier 2)
2016/10/27,1. Division Denmark,0,HB Køge,1452,1428.0,0 - 3,Vejle BK,1411,1435.0,0,3,Denmark,domestic league (tier 2)
2016/11/14,1. Division Denmark,0,HB Køge,1441,1450.0,1 - 0,Hobro IK,1496,1487.0,1,0,Denmark,domestic league (tier 2)
2016/11/27,1. Division Denmark,0,HB Køge,1451,1446.0,0 - 0,Fremad Amager,1379,1384.0,0,0,Denmark,domestic league (tier 2)
2017/03/12,1. Division Denmark,0,HB Køge,1423,1432.0,1 - 0,Vendsyssel FF,1478,1469.0,1,0,Denmark,domestic league (tier 2)
2017/04/05,1. Division Denmark,0,HB Køge,1438,1431.0,0 - 0,AB Gladsaxe,1246,1253.0,0,0,Denmark,domestic league (tier 2)
2017/04/13,1. Division Denmark,0,HB Køge,1443,1423.0,0 - 2,FC Helsingør,1424,1444.0,0,2,Denmark,domestic league (tier 2)
2017/04/30,1. Division Denmark,0,HB Køge,1415,1419.0,2 - 1,Nykøbing FC,1272,1268.0,2,1,Denmark,domestic league (tier 2)
2017/05/11,1. Division Denmark,0,HB Køge,1405,1401.0,1 - 1,FC Fredericia,1356,1360.0,1,1,Denmark,domestic league (tier 2)
2017/05/14,1. Division Denmark,0,HB Køge,1401,1412.0,3 - 0,Næstved BK,1361,1350.0,3,0,Denmark,domestic league (tier 2)
2017/05/27,1. Division Denmark,0,HB Køge,1407,1415.0,1 - 0,FC Roskilde,1421,1413.0,1,0,Denmark,domestic league (tier 2)
2017/07/30,1. Division Denmark,0,HB Køge,1415,1395.0,1 - 3,Vejle BK,1393,1413.0,1,3,Denmark,domestic league (tier 2)
2017/08/13,1. Division Denmark,0,HB Køge,1406,1405.0,0 - 0,Vendsyssel FF,1487,1488.0,0,0,Denmark,domestic league (tier 2)
2017/08/20,1. Division Denmark,0,HB Køge,1405,1414.0,3 - 1,Nykøbing FC,1360,1351.0,3,1,Denmark,domestic league (tier 2)
2017/08/27,1. Division Denmark,0,HB Køge,1436,1431.0,0 - 0,Skive IK,1328,1333.0,0,0,Denmark,domestic league (tier 2)
2017/09/17,1. Division Denmark,0,HB Køge,1428,1446.0,3 - 0,Viborg FF,1529,1511.0,3,0,Denmark,domestic league (tier 2)
2017/10/01,1. Division Denmark,0,HB Køge,1466,1462.0,0 - 0,FC Fredericia,1419,1423.0,0,0,Denmark,domestic league (tier 2)
2017/10/11,1. Division Denmark,0,HB Køge,1462,1439.0,1 - 3,FC Roskilde,1358,1381.0,1,3,Denmark,domestic league (tier 2)
2017/10/29,1. Division Denmark,0,HB Køge,1408,1410.0,1 - 0,Brabrand IF,1163,1161.0,1,0,Denmark,domestic league (tier 2)
2017/11/05,1. Division Denmark,0,HB Køge,1410,1420.0,4 - 0,Fremad Amager,1336,1326.0,4,0,Denmark,domestic league (tier 2)
2017/11/26,1. Division Denmark,0,HB Køge,1424,1442.0,3 - 0,Esbjerg fB,1526,1508.0,3,0,Denmark,domestic league (tier 2)
2018/03/11,1. Division Denmark,0,HB Køge,1442,1448.0,3 - 2,Thisted FC,1376,1370.0,3,2,Denmark,domestic league (tier 2)
2018/03/25,1. Division Denmark,0,HB Køge,1442,1430.0,1 - 2,Vendsyssel FF,1483,1495.0,1,2,Denmark,domestic league (tier 2)
2018/04/02,1. Division Denmark,0,HB Køge,1415,1413.0,1 - 1,Vejle BK,1452,1454.0,1,1,Denmark,domestic league (tier 2)
2018/04/15,1. Division Denmark,0,HB Køge,1438,1412.0,0 - 3,Nykøbing FC,1342,1368.0,0,3,Denmark,domestic league (tier 2)
2018/04/28,1. Division Denmark,0,HB Køge,1423,1417.0,0 - 0,Skive IK,1268,1274.0,0,0,Denmark,domestic league (tier 2)
2018/05/05,1. Division Denmark,0,HB Køge,1417,1425.0,1 - 0,FC Fredericia,1438,1430.0,1,0,Denmark,domestic league (tier 2)
2018/05/16,1. Division Denmark,0,HB Køge,1442,1441.0,1 - 1,Viborg FF,1520,1521.0,1,1,Denmark,domestic league (tier 2)
2018/07/29,1. Division Denmark,0,HB Køge,1446,1455.0,5 - 2,FC Roskilde,1352,1343.0,5,2,Denmark,domestic league (tier 2)
2018/08/05,1. Division Denmark,0,HB Køge,1455,1464.0,1 - 0,Viborg FF,1507,1498.0,1,0,Denmark,domestic league (tier 2)
2018/08/19,1. Division Denmark,0,HB Køge,1490,1495.0,1 - 0,Nykøbing FC,1394,1389.0,1,0,Denmark,domestic league (tier 2)
2018/08/26,1. Division Denmark,0,HB Køge,1484,1488.0,4 - 3,Hvidovre IF,1364,1360.0,4,3,Denmark,domestic league (tier 2)
2018/09/19,1. Division Denmark,0,HB Køge,1499,1506.0,4 - 0,Fremad Amager,1346,1339.0,4,0,Denmark,domestic league (tier 2)
2018/09/23,1. Division Denmark,0,HB Køge,1506,1501.0,2 - 2,FC Helsingør,1424,1429.0,2,2,Denmark,domestic league (tier 2)
2018/10/14,1. Division Denmark,0,HB Køge,1481,1469.0,1 - 2,Silkeborg IF,1518,1530.0,1,2,Denmark,domestic league (tier 2)
2018/10/28,1. Division Denmark,0,HB Køge,1452,1438.0,0 - 1,Næstved BK,1411,1425.0,0,1,Denmark,domestic league (tier 2)
2018/11/04,1. Division Denmark,0,HB Køge,1438,1432.0,1 - 1,Thisted FC,1316,1322.0,1,1,Denmark,domestic league (tier 2)
2018/11/18,1. Division Denmark,0,HB Køge,1416,1429.0,3 - 0,Lyngby BK,1426,1413.0,3,0,Denmark,domestic league (tier 2)
2019/03/03,1. Division Denmark,0,HB Køge,1421,1418.0,3 - 3,FC Fredericia,1419,1422.0,3,3,Denmark,domestic league (tier 2)
2019/03/24,1. Division Denmark,0,HB Køge,1441,1426.0,1 - 2,Hvidovre IF,1329,1344.0,1,2,Denmark,domestic league (tier 2)
2019/04/14,1. Division Denmark,0,HB Køge,1422,1418.0,1 - 1,Fremad Amager,1379,1383.0,1,1,Denmark,domestic league (tier 2)
2019/04/27,1. Division Denmark,0,HB Køge,1410,1420.0,1 - 0,Viborg FF,1512,1502.0,1,0,Denmark,domestic league (tier 2)
2019/05/08,1. Division Denmark,0,HB Køge,1424,1420.0,0 - 0,FC Helsingør,1367,1371.0,0,0,Denmark,domestic league (tier 2)
2019/05/12,1. Division Denmark,0,HB Køge,1420,1400.0,1 - 3,Nykøbing FC,1389,1409.0,1,3,Denmark,domestic league (tier 2)
2019/05/25,1. Division Denmark,0,HB Køge,1409,1419.0,3 - 1,FC Roskilde,1379,1369.0,3,1,Denmark,domestic league (tier 2)
2019/08/04,1. Division Denmark,0,HB Køge,1407,1387.0,1 - 3,FC Fredericia,1392,1412.0,1,3,Denmark,domestic league (tier 2)
2019/08/16,1. Division Denmark,0,HB Køge,1393,1380.0,1 - 2,Kolding FC (as Kolding IF),1381,1394.0,1,2,Denmark,domestic league (tier 2)
2019/08/25,1. Division Denmark,0,HB Køge,1392,1404.0,3 - 1,Fremad Amager,1414,1402.0,3,1,Denmark,domestic league (tier 2)
2019/09/15,1. Division Denmark,0,HB Køge,1403,1400.0,1 - 1,Næstved BK,1401,1404.0,1,1,Denmark,domestic league (tier 2)
2019/10/02,1. Division Denmark,0,HB Køge,1403,1404.0,0 - 0,Vejle BK,1521,1520.0,0,0,Denmark,domestic league (tier 2)
2019/10/06,1. Division Denmark,0,HB Køge,1404,1380.0,0 - 2,Skive IK,1264,1288.0,0,2,Denmark,domestic league (tier 2)
2019/10/20,1. Division Denmark,0,HB Køge,1380,1386.0,2 - 1,FC Roskilde,1318,1312.0,2,1,Denmark,domestic league (tier 2)
2019/11/02,1. Division Denmark,0,HB Køge,1391,1402.0,2 - 1,Viborg FF,1531,1520.0,2,1,Denmark,domestic league (tier 2)
2019/11/15,1. Division Denmark,0,HB Køge,1420,1399.0,0 - 2,Nykøbing FC,1359,1380.0,0,2,Denmark,domestic league (tier 2)
2020/03/06,1. Division Denmark,0,HB Køge,1389,1403.0,2 - 0,Vendsyssel FF,1466,1452.0,2,0,Denmark,domestic league (tier 2)
2020/05/30,1. Division Denmark,0,HB Køge,1403,1399.0,1 - 1,Hvidovre IF,1353,1357.0,1,1,Denmark,domestic league (tier 2)
2020/06/10,1. Division Denmark,0,HB Køge,1391,1389.0,2 - 2,FC Fredericia,1436,1438.0,2,2,Denmark,domestic league (tier 2)
2020/06/23,1. Division Denmark,0,HB Køge,1394,1401.0,1 - 0,Kolding FC (as Kolding IF),1379,1372.0,1,0,Denmark,domestic league (tier 2)
2020/06/30,1. Division Denmark,0,HB Køge,1394,1406.0,2 - 1,Vejle BK,1571,1559.0,2,1,Denmark,domestic league (tier 2)
2020/07/15,1. Division Denmark,0,HB Køge,1419,1406.0,0 - 1,Fremad Amager,1415,1428.0,0,1,Denmark,domestic league (tier 2)
2020/07/25,1. Division Denmark,0,HB Køge,1397,1392.0,2 - 2,Næstved BK,1288,1293.0,2,2,Denmark,domestic league (tier 2)
2020/09/11,1. Division Denmark,0,HB Køge,1392,1399.0,2 - 1,Hvidovre IF,1391,1384.0,2,1,Denmark,domestic league (tier 2)
2020/09/27,1. Division Denmark,0,HB Køge,1413,1395.0,0 - 3,Viborg FF,1513,1531.0,0,3,Denmark,domestic league (tier 2)
2020/10/03,1. Division Denmark,0,HB Køge,1414,1394.0,0 - 3,Fremad Amager,1464,1484.0,0,3,Denmark,domestic league (tier 2)
2020/10/21,1. Division Denmark,0,HB Køge,1387,1376.0,0 - 1,FC Fredericia,1445,1456.0,0,1,Denmark,domestic league (tier 2)
2020/11/01,1. Division Denmark,0,HB Køge,1389,1384.0,0 - 0,Skive IK,1318,1323.0,0,0,Denmark,domestic league (tier 2)
2020/11/08,1. Division Denmark,0,HB Køge,1384,1377.0,0 - 1,Silkeborg IF,1588,1595.0,0,1,Denmark,domestic league (tier 2)
2020/11/28,1. Division Denmark,0,HB Køge,1391,1378.0,0 - 2,Esbjerg fB,1540,1553.0,0,2,Denmark,domestic league (tier 2)
2020/12/04,1. Division Denmark,0,HB Køge,1378,1385.0,2 - 1,FC Helsingør,1385,1378.0,2,1,Denmark,domestic league (tier 2)
2021/02/13,1. Division Denmark,0,HB Køge,1396,1395.0,1 - 1,Hobro IK,1459,1460.0,1,1,Denmark,domestic league (tier 2)
2021/02/28,1. Division Denmark,0,HB Køge,1410,1421.0,3 - 0,Vendsyssel FF,1365,1354.0,3,0,Denmark,domestic league (tier 2)
2021/03/13,1. Division Denmark,0,HB Køge,1416,1410.0,1 - 1,Kolding IF,1271,1277.0,1,1,Denmark,domestic league (tier 2)
2021/04/04,1. Division Denmark,0,HB Køge,1412,1415.0,1 - 1,Viborg FF,1628,1625.0,1,1,Denmark,domestic league (tier 2)
2021/04/17,1. Division Denmark,0,HB Køge,1404,1393.0,0 - 3,Silkeborg IF,1635,1646.0,0,3,Denmark,domestic league (tier 2)
2021/04/24,1. Division Denmark,0,HB Køge,1393,1381.0,1 - 2,FC Fredericia,1429,1441.0,1,2,Denmark,domestic league (tier 2)
2021/05/11,1. Division Denmark,0,HB Køge,1368,1347.0,0 - 5,FC Helsingør,1445,1466.0,0,5,Denmark,domestic league (tier 2)
2021/05/21,1. Division Denmark,0,HB Køge,1344,1336.0,1 - 2,Esbjerg fB,1522,1530.0,1,2,Denmark,domestic league (tier 2)
2021/08/01,1. Division Denmark,0,HB Køge,1359,1339.0,0 - 3,Hvidovre IF,1403,1423.0,0,3,Denmark,domestic league (tier 2)
2021/08/08,1. Division Denmark,0,HB Køge,1339,1337.0,1 - 1,Hobro IK,1377,1379.0,1,1,Denmark,domestic league (tier 2)
2021/08/25,1. Division Denmark,0,HB Køge,1312,1305.0,0 - 1,FC Helsingør,1528,1535.0,0,1,Denmark,domestic league (tier 2)
2021/08/29,1. Division Denmark,0,HB Køge,1305,1304.0,2 - 2,Vendsyssel FF,1361,1362.0,2,2,Denmark,domestic league (tier 2)
2021/09/24,1. Division Denmark,0,HB Køge,1305,1327.0,3 - 0,FC Fredericia,1497,1475.0,3,0,Denmark,domestic league (tier 2)
2021/10/16,1. Division Denmark,0,HB Køge,1320,1330.0,1 - 0,Nykøbing FC,1412,1402.0,1,0,Denmark,domestic league (tier 2)
2021/11/01,1. Division Denmark,0,HB Køge,1326,1345.0,2 - 0,AC Horsens,1519,1500.0,2,0,Denmark,domestic league (tier 2)
2021/11/19,1. Division Denmark,0,HB Køge,1333,1351.0,3 - 0,Esbjerg fB,1448,1430.0,3,0,Denmark,domestic league (tier 2)
2021/12/04,1. Division Denmark,0,HB Køge,1358,1361.0,3 - 3,Lyngby BK,1565,1562.0,3,3,Denmark,domestic league (tier 2)
2022/02/27,1. Division Denmark,0,HB Køge,1361,1366.0,2 - 1,Jammerbugt FC,1268,1263.0,2,1,Denmark,domestic league (tier 2)
2022/03/13,1. Division Denmark,0,HB Køge,1358,1354.0,0 - 0,Fremad Amager,1319,1323.0,0,0,Denmark,domestic league (tier 2)
2022/04/02,1. Division Denmark,0,HB Køge,1359,1371.0,3 - 0,Vendsyssel FF,1356,1344.0,3,0,Denmark,domestic league (tier 2)
2022/04/15,1. Division Denmark,0,HB Køge,1374,1370.0,1 - 1,Fremad Amager,1321,1325.0,1,1,Denmark,domestic league (tier 2)
2022/05/07,1. Division Denmark,0,HB Køge,1389,1396.0,2 - 1,Esbjerg fB,1368,1361.0,2,1,Denmark,domestic league (tier 2)
2022/05/19,1. Division Denmark,0,HB Køge,1387,1392.0,2 - 0,Jammerbugt FC,1220,1215.0,2,0,Denmark,domestic league (tier 2)
2022/05/28,1. Division Denmark,0,HB Køge,1393,1390.0,4 - 4,Hobro IK,1391,1394.0,4,4,Denmark,domestic league (tier 2)
2022/07/24,1. Division Denmark,0,HB Køge,1390,1387.0,0 - 0,Hobro IK,1394,1397.0,0,0,Denmark,domestic league (tier 2)
2022/07/31,1. Division Denmark,0,HB Køge,1387,1374.0,1 - 2,Vendsyssel FF,1363,1376.0,1,2,Denmark,domestic league (tier 2)
2022/08/16,1. Division Denmark,0,HB Køge,1406,1417.0,4 - 0,Nykøbing FC,1348,1337.0,4,0,Denmark,domestic league (tier 2)
2022/08/27,1. Division Denmark,0,HB Køge,1413,1398.0,2 - 4,FC Helsingør,1518,1533.0,2,4,Denmark,domestic league (tier 2)
2022/09/09,1. Division Denmark,0,HB Køge,1416,1412.0,1 - 1,Næstved BK,1358,1362.0,1,1,Denmark,domestic league (tier 2)
2022/10/02,1. Division Denmark,0,HB Køge,1423,1410.0,0 - 1,FC Fredericia,1405,1418.0,0,1,Denmark,domestic league (tier 2)
2022/10/15,1. Division Denmark,0,HB Køge,1412,1421.0,3 - 0,Fremad Amager,1322,1313.0,3,0,Denmark,domestic league (tier 2)
2022/10/18,Denmark Cup,0,HB Køge,1421,1406.0,1 - 4,SønderjyskE,1576,1591.0,1,4,Denmark,domestic cup
2022/10/30,1. Division Denmark,0,HB Køge,1399,1385.0,1 - 4,SønderjyskE,1572,1586.0,1,4,Denmark,domestic league (tier 2)
2022/11/13,1. Division Denmark,0,HB Køge,1398,1383.0,1 - 3,Hvidovre IF,1509,1524.0,1,3,Denmark,domestic league (tier 2)
2023/02/24,1. Division Denmark,0,HB Køge,1410,1413.0,0 - 0,Vejle BK,1616,1613.0,0,0,Denmark,domestic league (tier 2)
2023/03/18,1. Division Denmark,0,HB Køge,1383,1369.0,0 - 1,Hillerød GI,1324,1338.0,0,1,Denmark,domestic league (tier 2)
2023/04/02,1. Division Denmark,0,HB Køge,1369,1350.0,1 - 3,Hobro IK,1381,1400.0,1,3,Denmark,domestic league (tier 2)
2023/04/23,1. Division Denmark,0,HB Køge,1356,1366.0,2 - 0,Hillerød GI,1348,1338.0,2,0,Denmark,domestic league (tier 2)
2023/05/06,1. Division Denmark,0,HB Køge,1377,1385.0,3 - 1,Nykøbing FC,1294,1286.0,3,1,Denmark,domestic league (tier 2)
2023/05/13,1. Division Denmark,0,HB Køge,1385,1384.0,2 - 2,FC Fredericia,1437,1438.0,2,2,Denmark,domestic league (tier 2)
2023/06/02,1. Division Denmark,0,HB Køge,1395,1403.0,4 - 2,Fremad Amager,1316,1308.0,4,2,Denmark,domestic league (tier 2)
2023/07/28,1. Division Denmark,0,HB Køge,1422,1433.0,3 - 1,Vendsyssel FF,1438,1427.0,3,1,Denmark,domestic league (tier 2)
2023/08/11,1. Division Denmark,0,HB Køge,1426,1392.0,1 - 7,B.93 København,1295,1329.0,1,7,Denmark,domestic league (tier 2)
2023/08/20,1. Division Denmark,0,HB Køge,1392,1373.0,0 - 2,Hobro IK,1405,1424.0,0,2,Denmark,domestic league (tier 2)
2023/08/27,1. Division Denmark,0,HB Køge,1368,1369.0,0 - 0,FC Fredericia,1487,1486.0,0,0,Denmark,domestic league (tier 2)
2023/09/14,1. Division Denmark,0,HB Køge,1371,1359.0,0 - 1,Kolding IF,1385,1397.0,0,1,Denmark,domestic league (tier 2)
2023/09/26,Denmark Cup,0,HB Køge,1357,1349.0,2 - 4,Lyngby BK,1632,1640.0,2,4,Denmark,domestic cup
2023/10/01,1. Division Denmark,0,HB Køge,1349,1357.0,1 - 0,FC Helsingør,1371,1363.0,1,0,Denmark,domestic league (tier 2)
2023/10/22,1. Division Denmark,0,HB Køge,1348,1355.0,3 - 2,Næstved BK,1341,1334.0,3,2,Denmark,domestic league (tier 2)
2023/11/03,1. Division Denmark,0,HB Køge,1349,1333.0,1 - 4,AC Horsens,1475,1491.0,1,4,Denmark,domestic league (tier 2)
2023/11/10,1. Division Denmark,0,HB Køge,1333,1324.0,1 - 4,SønderjyskE,1629,1638.0,1,4,Denmark,domestic league (tier 2)
2023/12/03,1. Division Denmark,0,HB Køge,1318,1314.0,1 - 2,Aalborg BK,1659,1663.0,1,2,Denmark,domestic league (tier 2)
2024/03/08,1. Division Denmark,0,HB Køge,1318,1298.0,0 - 4,Hillerød Fodbold,1394,1414.0,0,4,Denmark,domestic league (tier 2)
2024/04/01,1. Division Denmark,0,HB Køge,1305,1327.0,5 - 0,AC Horsens,1442,1420.0,5,0,Denmark,domestic league (tier 2)
2024/04/12,1. Division Denmark,0,HB Køge,1321,1334.0,5 - 3,B.93 København,1365,1352.0,5,3,Denmark,domestic league (tier 2)
2024/05/05,1. Division Denmark,0,HB Køge,1341,1340.0,1 - 1,Hillerød Fodbold,1403,1404.0,1,1,Denmark,domestic league (tier 2)
2024/05/20,1. Division Denmark,0,HB Køge,1325,1335.0,3 - 1,FC Helsingør,1294,1284.0,3,1,Denmark,domestic league (tier 2)
2024/05/26,1. Division Denmark,0,HB Køge,1335,1342.0,1 - 0,Næstved BK,1327,1320.0,1,0,Denmark,domestic league (tier 2)
2024/07/26,1. Division Denmark,0,HB Køge,1343,1333.0,0 - 4,Odense BK,1630,1640.0,0,4,Denmark,domestic league (tier 2)
2024/08/11,1. Division Denmark,0,HB Køge,1328,1314.0,0 - 2,AC Horsens,1444,1458.0,0,2,Denmark,domestic league (tier 2)
2024/08/20,1. Division Denmark,0,HB Køge,1308,1286.0,0 - 4,B.93 København,1352,1374.0,0,4,Denmark,domestic league (tier 2)
2024/09/01,1. Division Denmark,0,HB Køge,1277,1271.0,3 - 4,FC Fredericia,1515,1521.0,3,4,Denmark,domestic league (tier 2)
2024/09/20,1. Division Denmark,0,HB Køge,1278,1264.0,0 - 2,Vendsyssel FF,1392,1406.0,0,2,Denmark,domestic league (tier 2)
2024/09/26,Denmark Cup,0,HB Køge,1264,1263.0,0 - 2,FC København,1908,1909.0,0,2,Denmark,domestic cup
2024/10/18,1. Division Denmark,0,HB Køge,1317,1336.0,4 - 1,Hobro IK,1444,1425.0,4,1,Denmark,domestic league (tier 2)
2024/10/25,1. Division Denmark,0,HB Køge,1336,1327.0,0 - 1,Kolding IF,1488,1497.0,0,1,Denmark,domestic league (tier 2)
2024/11/10,1. Division Denmark,0,HB Køge,1331,1343.0,1 - 0,Hvidovre IF,1488,1476.0,1,0,Denmark,domestic league (tier 2)
2024/12/02,1. Division Denmark,0,HB Køge,1349,1330.0,1 - 5,Hillerød Fodbold,1442,1461.0,1,5,Denmark,domestic league (tier 2)
2025/02/28,1. Division Denmark,0,HB Køge,1347,1330.0,0 - 2,Esbjerg fB,1397,1414.0,0,2,Denmark,domestic league (tier 2)
2025/03/14,1. Division Denmark,0,HB Køge,1333,1339.0,2 - 1,FC Roskilde,1298,1292.0,2,1,Denmark,domestic league (tier 2)
2025/04/04,1. Division Denmark,0,HB Køge,1342,1339.0,0 - 0,Vendsyssel FF,1353,1356.0,0,0,Denmark,domestic league (tier 2)
2025/04/13,1. Division Denmark,0,HB Køge,1339,1326.0,0 - 2,Hillerød Fodbold,1494,1507.0,0,2,Denmark,domestic league (tier 2)
2025/04/21,1. Division Denmark,0,HB Køge,1328,1311.0,0 - 2,Hobro IK,1392,1409.0,0,2,Denmark,domestic league (tier 2)
2025/05/04,1. Division Denmark,0,HB Køge,1305,1312.0,4 - 3,FC Roskilde,1293,1286.0,4,3,Denmark,domestic league (tier 2)
2025/05/16,1. Division Denmark,0,HB Køge,1326,1334.0,2 - 1,B.93 København,1365,1357.0,2,1,Denmark,domestic league (tier 2)
2025/07/18,1. Division Denmark,0,HB Køge,1328,1341.0,2 - 0,Hobro IK,1385,1372.0,2,0,Denmark,domestic league (tier 2)
2025/07/25,1. Division Denmark,0,HB Køge,1341,1349.0,2 - 1,Aarhus Fremad,1372,1364.0,2,1,Denmark,domestic league (tier 2)
2025/08/10,1. Division Denmark,0,HB Køge,1339,1329.0,0 - 2,Aalborg BK,1556,1566.0,0,2,Denmark,domestic league (tier 2)
2025/08/19,1. Division Denmark,0,HB Køge,1331,1318.0,0 - 1,B.93 København,1342,1355.0,0,1,Denmark,domestic league (tier 2)
2025/09/13,1. Division Denmark,0,HB Køge,1308,1320.0,1 - 0,AC Horsens,1487,1475.0,1,0,Denmark,domestic league (tier 2)
2025/09/27,1. Division Denmark,0,HB Køge,1316,1303.0,0 - 2,Hvidovre IF,1469,1482.0,0,2,Denmark,domestic league (tier 2)
2025/10/17,1. Division Denmark,0,HB Køge,1300,1313.0,2 - 1,Kolding IF,1508,1495.0,2,1,Denmark,domestic league (tier 2)
2025/11/07,1. Division Denmark,0,HB Køge,1324,1326.0,1 - 1,Hillerød Fodbold,1503,1501.0,1,1,Denmark,domestic league (tier 2)
2025/11/29,1. Division Denmark,0,HB Køge,1330,1316.0,1 - 2,Middelfart Boldklub,1277,1291.0,1,2,Denmark,domestic league (tier 2)
2026/03/06,1. Division Denmark,0,HB Køge,1321,1312.0,0 - 1,Esbjerg fB,1440,1449.0,0,1,Denmark,domestic league (tier 2)
2026/03/21,1. Division Denmark,0,HB Køge,1302,1307.0,3 - 3,Lyngby BK,1603,1598.0,3,3,Denmark,domestic league (tier 2)
2026/04/06,1. Division Denmark,0,HB Køge,1307,1322.0,2 - 0,Aarhus Fremad,1398,1383.0,2,0,Denmark,domestic league (tier 2)
2026/04/10,1. Division Denmark,0,HB Køge,1322,1330.0,2 - 0,Middelfart Boldklub,1251,1243.0,2,0,Denmark,domestic league (tier 2)
2026/04/26,1. Division Denmark,0,HB Køge,1358,1360.0,1 - 1,Aalborg BK,1515,1513.0,1,1,Denmark,domestic league (tier 2)
2026/05/01,1. Division Denmark,0,HB Køge,1360,1366.0,3 - 2,B.93 København,1311,1305.0,3,2,Denmark,domestic league (tier 2)
2026/05/24,1. Division Denmark,0,HB Køge,1386,1373.0,0 - 1,Hobro IK,1395,1408.0,0,1,Denmark,domestic league (tier 2)
2026/07/31,1. Division Denmark,0,HB Køge,1364,1354.0,0 - 2,Vejle BK,1589,1599.0,0,2,Denmark,domestic league (tier 2)
2026/08/15,1. Division Denmark,0,HB Køge,1337,1323.0,0 - 2,Hvidovre IF,1464,1478.0,0,2,Denmark,domestic league (tier 2)
2026/08/23,1. Division Denmark,0,HB Køge,1323,1323.0,2 - 2,Kolding IF,1431,1431.0,2,2,Denmark,domestic league (tier 2)
2026/09/04,1. Division Denmark,0,HB Køge,1329,,Info,Hillerød Fodbold,1451,,,,Denmark,domestic league (tier 2)
2021/08/03,Denmark Cup,0,Hellerup IK,1290,1278.0,1 - 2,B.93 København,1330,1342.0,1,2,Denmark,domestic cup
2022/08/02,Denmark Cup,0,Hellerup IK,1278,1268.0,0 - 1,Nykøbing FC,1361,1371.0,0,1,Denmark,domestic cup
2023/08/08,Denmark Cup,0,Hellerup IK,1268,1276.0,2 - 1,Fremad Amager,1308,1300.0,2,1,Denmark,domestic cup
2023/09/27,Denmark Cup,0,Hellerup IK,1276,1273.0,0 - 3,Brøndby IF,1778,1781.0,0,3,Denmark,domestic cup
2024/08/05,Denmark Cup,0,Hellerup IK,1273,1255.0,0 - 2,FC Roskilde,1307,1325.0,0,2,Denmark,domestic cup
2025/09/16,Denmark Cup,0,Hellerup IK,1255,1253.0,1 - 2,Randers FC,1728,1730.0,1,2,Denmark,domestic cup
2026/09/15,Denmark Cup,0,Hellerup IK,1253,,Info,Esbjerg fB,1455,,,,Denmark,domestic cup
2023/07/21,1. Division Denmark,0,Hillerød Fodbold,1305,1286.0,0 - 4,HB Køge,1403,1422.0,0,4,Denmark,domestic league (tier 2)
2023/08/04,1. Division Denmark,0,Hillerød Fodbold,1281,1272.0,0 - 1,Hobro IK,1408,1417.0,0,1,Denmark,domestic league (tier 2)
2023/08/19,1. Division Denmark,0,Hillerød Fodbold,1269,1287.0,2 - 0,Vendsyssel FF,1446,1428.0,2,0,Denmark,domestic league (tier 2)
2023/09/01,1. Division Denmark,0,Hillerød Fodbold,1317,1322.0,2 - 2,SønderjyskE,1607,1602.0,2,2,Denmark,domestic league (tier 2)
2023/09/06,Denmark Cup,0,Hillerød Fodbold,1322,1315.0,0 - 2,Lyngby BK,1619,1626.0,0,2,Denmark,domestic cup
2023/09/15,1. Division Denmark,0,Hillerød Fodbold,1315,1303.0,0 - 1,B.93 København,1339,1351.0,0,1,Denmark,domestic league (tier 2)
2023/09/29,1. Division Denmark,0,Hillerød Fodbold,1307,1310.0,0 - 0,AC Horsens,1528,1525.0,0,0,Denmark,domestic league (tier 2)
2023/10/20,1. Division Denmark,0,Hillerød Fodbold,1334,1336.0,1 - 1,FC Fredericia,1520,1518.0,1,1,Denmark,domestic league (tier 2)
2023/11/06,1. Division Denmark,0,Hillerød Fodbold,1361,1367.0,1 - 0,Næstved BK,1334,1328.0,1,0,Denmark,domestic league (tier 2)
2023/11/25,1. Division Denmark,0,Hillerød Fodbold,1371,1353.0,1 - 3,Kolding IF,1391,1409.0,1,3,Denmark,domestic league (tier 2)
2024/03/01,1. Division Denmark,0,Hillerød Fodbold,1385,1394.0,4 - 2,FC Helsingør,1329,1320.0,4,2,Denmark,domestic league (tier 2)
2024/03/16,1. Division Denmark,0,Hillerød Fodbold,1414,1408.0,1 - 2,Aalborg BK,1672,1678.0,1,2,Denmark,domestic league (tier 2)
2024/04/01,1. Division Denmark,0,Hillerød Fodbold,1408,1420.0,4 - 0,B.93 København,1382,1370.0,4,0,Denmark,domestic league (tier 2)
2024/04/19,1. Division Denmark,0,Hillerød Fodbold,1413,1408.0,1 - 1,HB Køge,1334,1339.0,1,1,Denmark,domestic league (tier 2)
2024/04/26,1. Division Denmark,0,Hillerød Fodbold,1408,1403.0,0 - 0,Næstved BK,1337,1342.0,0,0,Denmark,domestic league (tier 2)
2024/05/10,1. Division Denmark,0,Hillerød Fodbold,1404,1409.0,3 - 2,FC Helsingør,1299,1294.0,3,2,Denmark,domestic league (tier 2)
2024/05/24,1. Division Denmark,0,Hillerød Fodbold,1426,1438.0,2 - 0,AC Horsens,1458,1446.0,2,0,Denmark,domestic league (tier 2)
2024/07/21,1. Division Denmark,0,Hillerød Fodbold,1455,1452.0,2 - 2,Hobro IK,1446,1449.0,2,2,Denmark,domestic league (tier 2)
2024/08/02,1. Division Denmark,0,Hillerød Fodbold,1444,1450.0,2 - 0,FC Roskilde,1313,1307.0,2,0,Denmark,domestic league (tier 2)
2024/08/16,1. Division Denmark,0,Hillerød Fodbold,1461,1467.0,4 - 2,HB Køge,1314,1308.0,4,2,Denmark,domestic league (tier 2)
2024/08/30,1. Division Denmark,0,Hillerød Fodbold,1471,1448.0,0 - 3,Kolding IF,1460,1483.0,0,3,Denmark,domestic league (tier 2)
2024/09/17,Denmark Cup,0,Hillerød Fodbold,1469,1465.0,1 - 4,FC Midtjylland,1918,1922.0,1,4,Denmark,domestic cup
2024/09/23,1. Division Denmark,0,Hillerød Fodbold,1465,1445.0,0 - 3,FC Fredericia,1510,1530.0,0,3,Denmark,domestic league (tier 2)
2024/10/04,1. Division Denmark,0,Hillerød Fodbold,1447,1443.0,2 - 2,Vendsyssel FF,1391,1395.0,2,2,Denmark,domestic league (tier 2)
2024/10/25,1. Division Denmark,0,Hillerød Fodbold,1434,1446.0,2 - 0,AC Horsens,1471,1459.0,2,0,Denmark,domestic league (tier 2)
2024/11/01,1. Division Denmark,0,Hillerød Fodbold,1446,1455.0,1 - 0,Hvidovre IF,1497,1488.0,1,0,Denmark,domestic league (tier 2)
2024/11/24,1. Division Denmark,0,Hillerød Fodbold,1456,1442.0,1 - 2,Esbjerg fB,1406,1420.0,1,2,Denmark,domestic league (tier 2)
2025/02/21,1. Division Denmark,0,Hillerød Fodbold,1461,1464.0,1 - 1,Odense BK,1667,1664.0,1,1,Denmark,domestic league (tier 2)
2025/03/14,1. Division Denmark,0,Hillerød Fodbold,1494,1488.0,1 - 1,B.93 København,1342,1348.0,1,1,Denmark,domestic league (tier 2)
2025/04/04,1. Division Denmark,0,Hillerød Fodbold,1487,1494.0,2 - 0,Hobro IK,1393,1386.0,2,0,Denmark,domestic league (tier 2)
2025/04/20,1. Division Denmark,0,Hillerød Fodbold,1496,1501.0,5 - 2,FC Roskilde,1289,1284.0,5,2,Denmark,domestic league (tier 2)
2025/04/25,1. Division Denmark,0,Hillerød Fodbold,1501,1507.0,3 - 0,HB Køge,1311,1305.0,3,0,Denmark,domestic league (tier 2)
2025/05/08,1. Division Denmark,0,Hillerød Fodbold,1507,1514.0,5 - 2,B.93 København,1372,1365.0,5,2,Denmark,domestic league (tier 2)
2025/05/22,1. Division Denmark,0,Hillerød Fodbold,1494,1500.0,3 - 1,Vendsyssel FF,1347,1341.0,3,1,Denmark,domestic league (tier 2)
2025/07/19,1. Division Denmark,0,Hillerød Fodbold,1500,1503.0,2 - 1,Middelfart Boldklub,1327,1324.0,2,1,Denmark,domestic league (tier 2)
2025/07/26,1. Division Denmark,0,Hillerød Fodbold,1503,1502.0,2 - 2,Aalborg BK,1555,1556.0,2,2,Denmark,domestic league (tier 2)
2025/08/16,1. Division Denmark,0,Hillerød Fodbold,1493,1469.0,0 - 2,Hobro IK,1351,1375.0,0,2,Denmark,domestic league (tier 2)
2025/08/23,1. Division Denmark,0,Hillerød Fodbold,1484,1489.0,3 - 1,HB Køge,1318,1313.0,3,1,Denmark,domestic league (tier 2)
2025/09/14,1. Division Denmark,0,Hillerød Fodbold,1493,1502.0,3 - 0,Esbjerg fB,1413,1404.0,3,0,Denmark,domestic league (tier 2)
2025/09/24,Denmark Cup,0,Hillerød Fodbold,1489,1484.0,1 - 2,Aarhus GF,1789,1794.0,1,2,Denmark,domestic cup
2025/09/27,1. Division Denmark,0,Hillerød Fodbold,1484,1491.0,2 - 1,AC Horsens,1480,1473.0,2,1,Denmark,domestic league (tier 2)
2025/10/18,1. Division Denmark,0,Hillerød Fodbold,1499,1496.0,1 - 1,Hvidovre IF,1482,1485.0,1,1,Denmark,domestic league (tier 2)
2025/11/01,1. Division Denmark,0,Hillerød Fodbold,1506,1503.0,1 - 1,Kolding IF,1498,1501.0,1,1,Denmark,domestic league (tier 2)
2025/11/28,1. Division Denmark,0,Hillerød Fodbold,1489,1499.0,1 - 0,Lyngby BK,1587,1577.0,1,0,Denmark,domestic league (tier 2)
2026/03/07,1. Division Denmark,0,Hillerød Fodbold,1502,1485.0,0 - 1,B.93 København,1328,1345.0,0,1,Denmark,domestic league (tier 2)
2026/03/21,1. Division Denmark,0,Hillerød Fodbold,1487,1492.0,1 - 0,Aarhus Fremad,1403,1398.0,1,0,Denmark,domestic league (tier 2)
2026/04/11,1. Division Denmark,0,Hillerød Fodbold,1495,1491.0,0 - 0,AC Horsens,1453,1457.0,0,0,Denmark,domestic league (tier 2)
2026/04/21,1. Division Denmark,0,Hillerød Fodbold,1493,1478.0,1 - 3,Lyngby BK,1599,1614.0,1,3,Denmark,domestic league (tier 2)
2026/04/25,1. Division Denmark,0,Hillerød Fodbold,1478,1489.0,2 - 0,Kolding IF,1473,1462.0,2,0,Denmark,domestic league (tier 2)
2026/05/16,1. Division Denmark,0,Hillerød Fodbold,1491,1487.0,1 - 1,Esbjerg fB,1445,1449.0,1,1,Denmark,domestic league (tier 2)
2026/05/31,1. Division Denmark,0,Hillerød Fodbold,1472,1479.0,2 - 1,Hvidovre IF,1468,1461.0,2,1,Denmark,domestic league (tier 2)
2026/08/01,1. Division Denmark,0,Hillerød Fodbold,1471,1458.0,2 - 3,Esbjerg fB,1480,1493.0,2,3,Denmark,domestic league (tier 2)
2026/08/15,1. Division Denmark,0,Hillerød Fodbold,1454,1451.0,1 - 1,Aarhus Fremad,1435,1438.0,1,1,Denmark,domestic league (tier 2)
2026/08/30,1. Division Denmark,0,Hillerød Fodbold,1441,1451.0,3 - 1,Hobro IK,1412,1402.0,3,1,Denmark,domestic league (tier 2)
2022/07/30,1. Division Denmark,0,Hillerød GI,1224,1217.0,1 - 5,SønderjyskE,1571,1578.0,1,5,Denmark,domestic league (tier 2)
2022/08/11,1. Division Denmark,0,Hillerød GI,1209,1198.0,0 - 2,HB Køge,1395,1406.0,0,2,Denmark,domestic league (tier 2)
2022/08/17,1. Division Denmark,0,Hillerød GI,1198,1211.0,2 - 1,FC Fredericia,1410,1397.0,2,1,Denmark,domestic league (tier 2)
2022/08/27,1. Division Denmark,0,Hillerød GI,1217,1213.0,0 - 2,Vejle BK,1638,1642.0,0,2,Denmark,domestic league (tier 2)
2022/09/10,1. Division Denmark,0,Hillerød GI,1208,1202.0,0 - 2,FC Helsingør,1536,1542.0,0,2,Denmark,domestic league (tier 2)
2022/09/17,1. Division Denmark,0,Hillerød GI,1202,1217.0,3 - 1,Nykøbing FC,1303,1288.0,3,1,Denmark,domestic league (tier 2)
2022/10/08,1. Division Denmark,0,Hillerød GI,1211,1232.0,2 - 0,Vendsyssel FF,1449,1428.0,2,0,Denmark,domestic league (tier 2)
2022/10/29,1. Division Denmark,0,Hillerød GI,1255,1271.0,3 - 0,Fremad Amager,1333,1317.0,3,0,Denmark,domestic league (tier 2)
2023/02/11,1. Division Denmark,0,Hillerød GI,1290,1290.0,2 - 2,Hobro IK,1375,1375.0,2,2,Denmark,domestic league (tier 2)
2023/02/25,1. Division Denmark,0,Hillerød GI,1313,1316.0,1 - 1,Hvidovre IF,1528,1525.0,1,1,Denmark,domestic league (tier 2)
2023/03/11,1. Division Denmark,0,Hillerød GI,1310,1324.0,2 - 0,Næstved BK,1388,1374.0,2,0,Denmark,domestic league (tier 2)
2023/04/01,1. Division Denmark,0,Hillerød GI,1338,1345.0,1 - 0,Fremad Amager,1319,1312.0,1,0,Denmark,domestic league (tier 2)
2023/04/15,1. Division Denmark,0,Hillerød GI,1339,1348.0,2 - 0,Nykøbing FC,1303,1294.0,2,0,Denmark,domestic league (tier 2)
2023/04/29,1. Division Denmark,0,Hillerød GI,1338,1328.0,1 - 2,FC Fredericia,1431,1441.0,1,2,Denmark,domestic league (tier 2)
2023/05/19,1. Division Denmark,0,Hillerød GI,1305,1314.0,1 - 0,HB Køge,1384,1375.0,1,0,Denmark,domestic league (tier 2)
2023/06/02,1. Division Denmark,0,Hillerød GI,1306,1305.0,0 - 0,Hobro IK,1379,1380.0,0,0,Denmark,domestic league (tier 2)
2016/07/31,1. Division Denmark,0,Hobro IK,1501,1495.0,1 - 1,FC Helsingør,1380,1386.0,1,1,Denmark,domestic league (tier 2)
2016/08/14,1. Division Denmark,0,Hobro IK,1474,1480.0,4 - 1,AB Gladsaxe,1304,1298.0,4,1,Denmark,domestic league (tier 2)
2016/08/29,1. Division Denmark,0,Hobro IK,1496,1506.0,4 - 0,Vendsyssel FF,1426,1416.0,4,0,Denmark,domestic league (tier 2)
2016/09/11,1. Division Denmark,0,Hobro IK,1491,1494.0,1 - 0,Nykøbing FC,1275,1272.0,1,0,Denmark,domestic league (tier 2)
2016/09/25,1. Division Denmark,0,Hobro IK,1474,1471.0,0 - 0,HB Køge,1458,1461.0,0,0,Denmark,domestic league (tier 2)
2016/10/02,1. Division Denmark,0,Hobro IK,1471,1477.0,1 - 0,Vejle BK,1425,1419.0,1,0,Denmark,domestic league (tier 2)
2016/10/16,1. Division Denmark,0,Hobro IK,1489,1495.0,4 - 1,Næstved BK,1324,1318.0,4,1,Denmark,domestic league (tier 2)
2016/10/20,1. Division Denmark,0,Hobro IK,1495,1490.0,1 - 1,FC Fredericia,1384,1389.0,1,1,Denmark,domestic league (tier 2)
2016/11/06,1. Division Denmark,0,Hobro IK,1514,1496.0,0 - 1,Nykøbing FC,1236,1254.0,0,1,Denmark,domestic league (tier 2)
2016/11/24,1. Division Denmark,0,Hobro IK,1465,1470.0,2 - 1,Skive IK,1373,1368.0,2,1,Denmark,domestic league (tier 2)
2017/03/05,1. Division Denmark,0,Hobro IK,1470,1478.0,2 - 0,FC Helsingør,1392,1384.0,2,0,Denmark,domestic league (tier 2)
2017/03/26,1. Division Denmark,0,Hobro IK,1510,1519.0,4 - 0,Fremad Amager,1397,1388.0,4,0,Denmark,domestic league (tier 2)
2017/04/02,1. Division Denmark,0,Hobro IK,1519,1514.0,0 - 0,HB Køge,1433,1438.0,0,0,Denmark,domestic league (tier 2)
2017/04/13,1. Division Denmark,0,Hobro IK,1523,1526.0,2 - 0,AB Gladsaxe,1242,1239.0,2,0,Denmark,domestic league (tier 2)
2017/04/30,1. Division Denmark,0,Hobro IK,1509,1494.0,1 - 2,FC Roskilde,1418,1433.0,1,2,Denmark,domestic league (tier 2)
2017/05/11,1. Division Denmark,0,Hobro IK,1505,1500.0,1 - 1,Vejle BK,1400,1405.0,1,1,Denmark,domestic league (tier 2)
2017/05/27,1. Division Denmark,0,Hobro IK,1488,1496.0,1 - 0,Vendsyssel FF,1503,1495.0,1,0,Denmark,domestic league (tier 2)
2017/07/16,Superligaen,0,Hobro IK,1496,1502.0,2 - 1,FC Helsingør,1441,1435.0,2,1,Denmark,domestic league (tier 1)
2017/08/05,Superligaen,0,Hobro IK,1506,1523.0,2 - 0,Randers FC,1662,1645.0,2,0,Denmark,domestic league (tier 1)
2017/08/20,Superligaen,0,Hobro IK,1527,1547.0,3 - 0,Lyngby BK,1682,1662.0,3,0,Denmark,domestic league (tier 1)
2017/09/08,Superligaen,0,Hobro IK,1574,1585.0,3 - 2,SønderjyskE,1702,1691.0,3,2,Denmark,domestic league (tier 1)
2017/09/24,Superligaen,0,Hobro IK,1579,1571.0,1 - 2,Brøndby IF,1763,1771.0,1,2,Denmark,domestic league (tier 1)
2017/09/30,Superligaen,0,Hobro IK,1571,1570.0,1 - 1,Odense BK,1651,1652.0,1,1,Denmark,domestic league (tier 1)
2017/10/22,Superligaen,0,Hobro IK,1574,1597.0,4 - 0,FC Nordsjælland,1757,1734.0,4,0,Denmark,domestic league (tier 1)
2017/11/05,Superligaen,0,Hobro IK,1603,1591.0,0 - 1,Aalborg BK,1616,1628.0,0,1,Denmark,domestic league (tier 1)
2017/12/03,Superligaen,0,Hobro IK,1590,1587.0,1 - 1,AC Horsens,1595,1598.0,1,1,Denmark,domestic league (tier 1)
2018/02/12,Superligaen,0,Hobro IK,1584,1572.0,0 - 1,Aarhus GF,1606,1618.0,0,1,Denmark,domestic league (tier 1)
2018/02/25,Superligaen,0,Hobro IK,1576,1571.0,1 - 2,FC Midtjylland,1882,1887.0,1,2,Denmark,domestic league (tier 1)
2018/02/28,Superligaen,0,Hobro IK,1571,1562.0,0 - 2,FC København,1808,1817.0,0,2,Denmark,domestic league (tier 1)
2018/03/10,Superligaen,0,Hobro IK,1587,1584.0,1 - 1,Silkeborg IF,1598,1601.0,1,1,Denmark,domestic league (tier 1)
2018/04/01,Superligaen,0,Hobro IK,1582,1565.0,1 - 3,Aarhus GF,1628,1645.0,1,3,Denmark,domestic league (tier 1)
2018/04/16,Superligaen,0,Hobro IK,1571,1579.0,1 - 0,Silkeborg IF,1589,1581.0,1,0,Denmark,domestic league (tier 1)
2018/04/30,Superligaen,0,Hobro IK,1583,1591.0,4 - 1,FC Helsingør,1459,1451.0,4,1,Denmark,domestic league (tier 1)
2018/05/13,Superligaen,0,Hobro IK,1586,1596.0,3 - 2,SønderjyskE,1677,1667.0,3,2,Denmark,domestic league (tier 1)
2018/07/23,Superligaen,0,Hobro IK,1581,1569.0,0 - 3,FC København,1801,1813.0,0,3,Denmark,domestic league (tier 1)
2018/07/29,Superligaen,0,Hobro IK,1569,1565.0,1 - 2,Brøndby IF,1910,1914.0,1,2,Denmark,domestic league (tier 1)
2018/08/11,Superligaen,0,Hobro IK,1569,1577.0,3 - 2,Odense BK,1594,1586.0,3,2,Denmark,domestic league (tier 1)
2018/08/24,Superligaen,0,Hobro IK,1566,1552.0,0 - 2,Aarhus GF,1690,1704.0,0,2,Denmark,domestic league (tier 1)
2018/09/23,Superligaen,0,Hobro IK,1559,1539.0,0 - 5,Aalborg BK,1665,1685.0,0,5,Denmark,domestic league (tier 1)
2018/10/07,Superligaen,0,Hobro IK,1537,1550.0,3 - 2,FC Nordsjælland,1751,1738.0,3,2,Denmark,domestic league (tier 1)
2018/10/28,Superligaen,0,Hobro IK,1541,1548.0,1 - 0,Vejle BK,1531,1524.0,1,0,Denmark,domestic league (tier 1)
2018/11/11,Superligaen,0,Hobro IK,1528,1535.0,1 - 0,Vendsyssel FF,1518,1511.0,1,0,Denmark,domestic league (tier 1)
2018/11/24,Superligaen,0,Hobro IK,1535,1524.0,0 - 1,Randers FC,1611,1622.0,0,1,Denmark,domestic league (tier 1)
2018/12/08,Superligaen,0,Hobro IK,1522,1522.0,0 - 0,SønderjyskE,1639,1639.0,0,0,Denmark,domestic league (tier 1)
2019/02/10,Superligaen,0,Hobro IK,1517,1517.0,0 - 0,AC Horsens,1611,1611.0,0,0,Denmark,domestic league (tier 1)
2019/02/24,Superligaen,0,Hobro IK,1513,1529.0,2 - 0,Esbjerg fB,1629,1613.0,2,0,Denmark,domestic league (tier 1)
2019/03/08,Superligaen,0,Hobro IK,1535,1532.0,1 - 2,FC Midtjylland,1929,1932.0,1,2,Denmark,domestic league (tier 1)
2019/04/07,Superligaen,0,Hobro IK,1532,1533.0,1 - 1,Aalborg BK,1663,1662.0,1,1,Denmark,domestic league (tier 1)
2019/04/14,Superligaen,0,Hobro IK,1533,1523.0,1 - 2,Randers FC,1642,1652.0,1,2,Denmark,domestic league (tier 1)
2019/04/22,Superligaen,0,Hobro IK,1519,1527.0,3 - 2,Vendsyssel FF,1537,1529.0,3,2,Denmark,domestic league (tier 1)
2019/07/15,Superligaen,0,Hobro IK,1564,1565.0,1 - 1,Aarhus GF,1697,1696.0,1,1,Denmark,domestic league (tier 1)
2019/07/28,Superligaen,0,Hobro IK,1571,1570.0,2 - 2,Randers FC,1645,1646.0,2,2,Denmark,domestic league (tier 1)
2019/08/11,Superligaen,0,Hobro IK,1581,1570.0,0 - 2,Brøndby IF,1778,1789.0,0,2,Denmark,domestic league (tier 1)
2019/08/23,Superligaen,0,Hobro IK,1578,1579.0,0 - 0,Odense BK,1713,1712.0,0,0,Denmark,domestic league (tier 1)
2019/09/15,Superligaen,0,Hobro IK,1575,1591.0,2 - 1,FC København,1904,1888.0,2,1,Denmark,domestic league (tier 1)
2019/09/22,Superligaen,0,Hobro IK,1591,1588.0,1 - 1,SønderjyskE,1601,1604.0,1,1,Denmark,domestic league (tier 1)
2019/10/05,Superligaen,0,Hobro IK,1579,1562.0,0 - 2,Aalborg BK,1631,1648.0,0,2,Denmark,domestic league (tier 1)
2019/10/27,Superligaen,0,Hobro IK,1554,1550.0,1 - 1,Silkeborg IF,1514,1518.0,1,1,Denmark,domestic league (tier 1)
2019/11/10,Superligaen,0,Hobro IK,1547,1548.0,2 - 2,FC Nordsjælland,1698,1697.0,2,2,Denmark,domestic league (tier 1)
2019/12/06,Superligaen,0,Hobro IK,1553,1550.0,0 - 0,AC Horsens,1554,1557.0,0,0,Denmark,domestic league (tier 1)
2020/02/21,Superligaen,0,Hobro IK,1548,1542.0,0 - 2,FC Midtjylland,1877,1883.0,0,2,Denmark,domestic league (tier 1)
2020/03/08,Superligaen,0,Hobro IK,1550,1548.0,1 - 1,Esbjerg fB,1565,1567.0,1,1,Denmark,domestic league (tier 1)
2020/06/07,Superligaen,0,Hobro IK,1564,1561.0,2 - 2,Lyngby BK,1547,1550.0,2,2,Denmark,domestic league (tier 1)
2020/06/13,Superligaen,0,Hobro IK,1561,1559.0,1 - 1,AC Horsens,1580,1582.0,1,1,Denmark,domestic league (tier 1)
2020/06/28,Superligaen,0,Hobro IK,1569,1576.0,2 - 1,Esbjerg fB,1559,1552.0,2,1,Denmark,domestic league (tier 1)
2020/07/05,Superligaen,0,Hobro IK,1576,1565.0,2 - 3,Randers FC,1626,1637.0,2,3,Denmark,domestic league (tier 1)
2020/07/13,Superligaen,0,Hobro IK,1559,1545.0,1 - 2,Lyngby BK,1515,1529.0,1,2,Denmark,domestic league (tier 1)
2020/09/10,1. Division Denmark,0,Hobro IK,1547,1543.0,1 - 1,Viborg FF,1496,1500.0,1,1,Denmark,domestic league (tier 2)
2020/09/20,1. Division Denmark,0,Hobro IK,1524,1529.0,3 - 2,FC Fredericia,1435,1430.0,3,2,Denmark,domestic league (tier 2)
2020/09/29,1. Division Denmark,0,Hobro IK,1537,1540.0,2 - 1,Skive IK,1335,1332.0,2,1,Denmark,domestic league (tier 2)
2020/10/17,1. Division Denmark,0,Hobro IK,1510,1517.0,3 - 1,HB Køge,1394,1387.0,3,1,Denmark,domestic league (tier 2)
2020/10/24,1. Division Denmark,0,Hobro IK,1505,1493.0,1 - 2,Esbjerg fB,1530,1542.0,1,2,Denmark,domestic league (tier 2)
2020/10/31,1. Division Denmark,0,Hobro IK,1493,1469.0,0 - 4,Fremad Amager,1484,1508.0,0,4,Denmark,domestic league (tier 2)
2020/11/29,1. Division Denmark,0,Hobro IK,1474,1460.0,3 - 4,Hvidovre IF,1417,1431.0,3,4,Denmark,domestic league (tier 2)
2020/12/13,1. Division Denmark,0,Hobro IK,1458,1465.0,3 - 1,Vendsyssel FF,1355,1348.0,3,1,Denmark,domestic league (tier 2)
2020/12/18,1. Division Denmark,0,Hobro IK,1465,1459.0,1 - 1,Kolding IF,1312,1318.0,1,1,Denmark,domestic league (tier 2)
2021/02/20,1. Division Denmark,0,Hobro IK,1460,1445.0,0 - 1,FC Helsingør,1380,1395.0,0,1,Denmark,domestic league (tier 2)
2021/03/13,1. Division Denmark,0,Hobro IK,1451,1436.0,0 - 3,Silkeborg IF,1610,1625.0,0,3,Denmark,domestic league (tier 2)
2021/04/09,1. Division Denmark,0,Hobro IK,1421,1405.0,1 - 2,Kolding IF,1273,1289.0,1,2,Denmark,domestic league (tier 2)
2021/04/24,1. Division Denmark,0,Hobro IK,1409,1406.0,1 - 1,Hvidovre IF,1394,1397.0,1,1,Denmark,domestic league (tier 2)
2021/05/06,1. Division Denmark,0,Hobro IK,1407,1419.0,2 - 0,Fremad Amager,1430,1418.0,2,0,Denmark,domestic league (tier 2)
2021/05/11,1. Division Denmark,0,Hobro IK,1419,1427.0,3 - 0,Skive IK,1315,1307.0,3,0,Denmark,domestic league (tier 2)
2021/05/23,1. Division Denmark,0,Hobro IK,1426,1404.0,0 - 2,Vendsyssel FF,1340,1362.0,0,2,Denmark,domestic league (tier 2)
2021/07/30,1. Division Denmark,0,Hobro IK,1381,1378.0,1 - 1,Vendsyssel FF,1376,1379.0,1,1,Denmark,domestic league (tier 2)
2021/08/14,1. Division Denmark,0,Hobro IK,1379,1366.0,1 - 4,Lyngby BK,1565,1578.0,1,4,Denmark,domestic league (tier 2)
2021/08/23,1. Division Denmark,0,Hobro IK,1367,1353.0,1 - 2,Nykøbing FC,1338,1352.0,1,2,Denmark,domestic league (tier 2)
2021/09/18,1. Division Denmark,0,Hobro IK,1353,1339.0,0 - 3,AC Horsens,1527,1541.0,0,3,Denmark,domestic league (tier 2)
2021/10/01,1. Division Denmark,0,Hobro IK,1346,1361.0,5 - 0,Fremad Amager,1357,1342.0,5,0,Denmark,domestic league (tier 2)
2021/10/22,1. Division Denmark,0,Hobro IK,1368,1353.0,0 - 1,Jammerbugt FC,1284,1299.0,0,1,Denmark,domestic league (tier 2)
2021/10/29,1. Division Denmark,0,Hobro IK,1353,1333.0,2 - 6,Esbjerg fB,1435,1455.0,2,6,Denmark,domestic league (tier 2)
2021/11/19,1. Division Denmark,0,Hobro IK,1325,1337.0,2 - 1,Hvidovre IF,1499,1487.0,2,1,Denmark,domestic league (tier 2)
2021/12/03,1. Division Denmark,0,Hobro IK,1334,1327.0,1 - 2,FC Helsingør,1544,1551.0,1,2,Denmark,domestic league (tier 2)
2022/03/04,1. Division Denmark,0,Hobro IK,1351,1359.0,1 - 0,HB Køge,1366,1358.0,1,0,Denmark,domestic league (tier 2)
2022/03/11,1. Division Denmark,0,Hobro IK,1359,1374.0,3 - 1,FC Fredericia,1455,1440.0,3,1,Denmark,domestic league (tier 2)
2022/04/08,1. Division Denmark,0,Hobro IK,1378,1375.0,1 - 1,HB Køge,1371,1374.0,1,1,Denmark,domestic league (tier 2)
2022/04/17,1. Division Denmark,0,Hobro IK,1375,1379.0,1 - 0,Jammerbugt FC,1247,1243.0,1,0,Denmark,domestic league (tier 2)
2022/05/07,1. Division Denmark,0,Hobro IK,1392,1388.0,1 - 1,Fremad Amager,1337,1341.0,1,1,Denmark,domestic league (tier 2)
2022/05/19,1. Division Denmark,0,Hobro IK,1396,1405.0,2 - 0,Vendsyssel FF,1342,1333.0,2,0,Denmark,domestic league (tier 2)
2022/05/22,1. Division Denmark,0,Hobro IK,1405,1391.0,1 - 2,Esbjerg fB,1345,1359.0,1,2,Denmark,domestic league (tier 2)
2022/07/29,1. Division Denmark,0,Hobro IK,1397,1406.0,1 - 0,FC Helsingør,1471,1462.0,1,0,Denmark,domestic league (tier 2)
2022/08/12,1. Division Denmark,0,Hobro IK,1391,1379.0,0 - 3,SønderjyskE,1598,1610.0,0,3,Denmark,domestic league (tier 2)
2022/08/20,1. Division Denmark,0,Hobro IK,1372,1366.0,1 - 1,Hillerød GI,1211,1217.0,1,1,Denmark,domestic league (tier 2)
2022/09/11,1. Division Denmark,0,Hobro IK,1361,1343.0,1 - 3,FC Fredericia,1396,1414.0,1,3,Denmark,domestic league (tier 2)
2022/09/29,1. Division Denmark,0,Hobro IK,1340,1347.0,1 - 0,Fremad Amager,1341,1334.0,1,0,Denmark,domestic league (tier 2)
2022/10/14,1. Division Denmark,0,Hobro IK,1355,1380.0,3 - 0,Vejle BK,1617,1592.0,3,0,Denmark,domestic league (tier 2)
2022/10/19,Denmark Cup,0,Hobro IK,1380,1388.0,1 - 1,FC København,1868,1860.0,1,1,Denmark,domestic cup
2022/10/30,1. Division Denmark,0,Hobro IK,1391,1388.0,0 - 0,Næstved BK,1398,1401.0,0,0,Denmark,domestic league (tier 2)
2022/11/04,1. Division Denmark,0,Hobro IK,1388,1375.0,0 - 1,HB Køge,1385,1398.0,0,1,Denmark,domestic league (tier 2)
2023/02/19,1. Division Denmark,0,Hobro IK,1375,1388.0,3 - 1,Vendsyssel FF,1434,1421.0,3,1,Denmark,domestic league (tier 2)
2023/03/05,1. Division Denmark,0,Hobro IK,1379,1385.0,2 - 1,Nykøbing FC,1314,1308.0,2,1,Denmark,domestic league (tier 2)
2023/03/12,1. Division Denmark,0,Hobro IK,1385,1386.0,2 - 2,Hvidovre IF,1533,1532.0,2,2,Denmark,domestic league (tier 2)
2023/04/10,1. Division Denmark,0,Hobro IK,1400,1406.0,2 - 1,Hillerød GI,1345,1339.0,2,1,Denmark,domestic league (tier 2)
2023/04/23,1. Division Denmark,0,Hobro IK,1406,1394.0,0 - 1,FC Fredericia,1419,1431.0,0,1,Denmark,domestic league (tier 2)
2023/04/28,1. Division Denmark,0,Hobro IK,1394,1401.0,3 - 1,Nykøbing FC,1301,1294.0,3,1,Denmark,domestic league (tier 2)
2023/05/11,1. Division Denmark,0,Hobro IK,1405,1389.0,1 - 2,Fremad Amager,1287,1303.0,1,2,Denmark,domestic league (tier 2)
2023/05/26,1. Division Denmark,0,Hobro IK,1399,1379.0,0 - 2,HB Køge,1375,1395.0,0,2,Denmark,domestic league (tier 2)
2023/07/28,1. Division Denmark,0,Hobro IK,1402,1408.0,3 - 2,Næstved BK,1374,1368.0,3,2,Denmark,domestic league (tier 2)
2023/08/13,1. Division Denmark,0,Hobro IK,1417,1405.0,0 - 1,Vendsyssel FF,1434,1446.0,0,1,Denmark,domestic league (tier 2)
2023/08/24,1. Division Denmark,0,Hobro IK,1424,1418.0,1 - 2,Aalborg BK,1666,1672.0,1,2,Denmark,domestic league (tier 2)
2023/08/28,1. Division Denmark,0,Hobro IK,1418,1410.0,1 - 2,SønderjyskE,1599,1607.0,1,2,Denmark,domestic league (tier 2)
2023/09/15,1. Division Denmark,0,Hobro IK,1428,1417.0,0 - 1,AC Horsens,1510,1521.0,0,1,Denmark,domestic league (tier 2)
2023/09/27,Denmark Cup,0,Hobro IK,1428,1422.0,0 - 1,Odense BK,1688,1694.0,0,1,Denmark,domestic cup
2023/10/01,1. Division Denmark,0,Hobro IK,1422,1408.0,2 - 3,Kolding IF,1395,1409.0,2,3,Denmark,domestic league (tier 2)
2023/10/20,1. Division Denmark,0,Hobro IK,1399,1405.0,1 - 0,FC Helsingør,1352,1346.0,1,0,Denmark,domestic league (tier 2)
2023/10/27,1. Division Denmark,0,Hobro IK,1405,1411.0,2 - 1,HB Køge,1355,1349.0,2,1,Denmark,domestic league (tier 2)
2023/11/13,1. Division Denmark,0,Hobro IK,1408,1404.0,0 - 0,Hillerød Fodbold,1367,1371.0,0,0,Denmark,domestic league (tier 2)
2024/02/25,1. Division Denmark,0,Hobro IK,1437,1422.0,0 - 2,FC Fredericia,1530,1545.0,0,2,Denmark,domestic league (tier 2)
2024/03/08,1. Division Denmark,0,Hobro IK,1411,1407.0,1 - 1,B.93 København,1369,1373.0,1,1,Denmark,domestic league (tier 2)
2024/04/01,1. Division Denmark,0,Hobro IK,1412,1409.0,1 - 1,Kolding IF,1416,1419.0,1,1,Denmark,domestic league (tier 2)
2024/04/12,1. Division Denmark,0,Hobro IK,1404,1419.0,2 - 1,Aalborg BK,1680,1665.0,2,1,Denmark,domestic league (tier 2)
2024/04/20,1. Division Denmark,0,Hobro IK,1419,1409.0,1 - 2,FC Fredericia,1511,1521.0,1,2,Denmark,domestic league (tier 2)
2024/05/13,1. Division Denmark,0,Hobro IK,1419,1434.0,4 - 1,Vendsyssel FF,1466,1451.0,4,1,Denmark,domestic league (tier 2)
2024/05/24,1. Division Denmark,0,Hobro IK,1428,1431.0,2 - 2,SønderjyskE,1641,1638.0,2,2,Denmark,domestic league (tier 2)
2024/07/26,1. Division Denmark,0,Hobro IK,1449,1422.0,3 - 6,Esbjerg fB,1335,1362.0,3,6,Denmark,domestic league (tier 2)
2024/08/02,1. Division Denmark,0,Hobro IK,1422,1427.0,2 - 1,HB Køge,1333,1328.0,2,1,Denmark,domestic league (tier 2)
2024/08/17,1. Division Denmark,0,Hobro IK,1442,1441.0,1 - 1,Hvidovre IF,1516,1517.0,1,1,Denmark,domestic league (tier 2)
2024/08/25,1. Division Denmark,0,Hobro IK,1463,1450.0,0 - 3,Odense BK,1665,1678.0,0,3,Denmark,domestic league (tier 2)
2024/09/02,1. Division Denmark,0,Hobro IK,1450,1435.0,0 - 1,B.93 København,1374,1389.0,0,1,Denmark,domestic league (tier 2)
2024/09/20,1. Division Denmark,0,Hobro IK,1440,1448.0,1 - 0,Kolding IF,1476,1468.0,1,0,Denmark,domestic league (tier 2)
2024/10/04,1. Division Denmark,0,Hobro IK,1437,1444.0,4 - 1,FC Roskilde,1300,1293.0,4,1,Denmark,domestic league (tier 2)
2024/10/27,1. Division Denmark,0,Hobro IK,1425,1408.0,1 - 4,FC Fredericia,1539,1556.0,1,4,Denmark,domestic league (tier 2)
2024/11/11,1. Division Denmark,0,Hobro IK,1400,1399.0,2 - 2,Hillerød Fodbold,1455,1456.0,2,2,Denmark,domestic league (tier 2)
2025/02/21,1. Division Denmark,0,Hobro IK,1405,1412.0,1 - 0,Vendsyssel FF,1393,1386.0,1,0,Denmark,domestic league (tier 2)
2025/03/08,1. Division Denmark,0,Hobro IK,1420,1403.0,1 - 3,AC Horsens,1466,1483.0,1,3,Denmark,domestic league (tier 2)
2025/03/30,1. Division Denmark,0,Hobro IK,1398,1393.0,1 - 1,FC Roskilde,1292,1297.0,1,1,Denmark,domestic league (tier 2)
2025/04/11,1. Division Denmark,0,Hobro IK,1386,1382.0,0 - 0,B.93 København,1356,1360.0,0,0,Denmark,domestic league (tier 2)
2025/04/16,1. Division Denmark,0,Hobro IK,1382,1392.0,3 - 1,Vendsyssel FF,1351,1341.0,3,1,Denmark,domestic league (tier 2)
2025/05/02,1. Division Denmark,0,Hobro IK,1392,1392.0,0 - 0,Hillerød Fodbold,1507,1507.0,0,0,Denmark,domestic league (tier 2)
2025/05/22,1. Division Denmark,0,Hobro IK,1379,1385.0,2 - 1,HB Køge,1334,1328.0,2,1,Denmark,domestic league (tier 2)
2025/07/27,1. Division Denmark,0,Hobro IK,1372,1368.0,0 - 0,Middelfart Boldklub,1324,1328.0,0,0,Denmark,domestic league (tier 2)
2025/08/08,1. Division Denmark,0,Hobro IK,1375,1351.0,1 - 4,B.93 København,1341,1365.0,1,4,Denmark,domestic league (tier 2)
2025/08/20,1. Division Denmark,0,Hobro IK,1375,1366.0,0 - 1,AC Horsens,1496,1505.0,0,1,Denmark,domestic league (tier 2)
2025/08/24,1. Division Denmark,0,Hobro IK,1366,1379.0,2 - 0,Esbjerg fB,1421,1408.0,2,0,Denmark,domestic league (tier 2)
2025/09/11,1. Division Denmark,0,Hobro IK,1402,1387.0,1 - 4,Lyngby BK,1560,1575.0,1,4,Denmark,domestic league (tier 2)
2025/09/28,1. Division Denmark,0,Hobro IK,1389,1389.0,2 - 2,Kolding IF,1503,1503.0,2,2,Denmark,domestic league (tier 2)
2025/10/25,1. Division Denmark,0,Hobro IK,1397,1387.0,1 - 2,Hillerød Fodbold,1496,1506.0,1,2,Denmark,domestic league (tier 2)
2025/10/29,Denmark Cup,0,Hobro IK,1387,1384.0,1 - 4,FC København,1913,1916.0,1,4,Denmark,domestic cup
2025/11/07,1. Division Denmark,0,Hobro IK,1378,1389.0,2 - 0,Aarhus Fremad,1388,1377.0,2,0,Denmark,domestic league (tier 2)
2025/11/20,1. Division Denmark,0,Hobro IK,1389,1379.0,0 - 1,Hvidovre IF,1488,1498.0,0,1,Denmark,domestic league (tier 2)
2026/02/27,1. Division Denmark,0,Hobro IK,1391,1386.0,1 - 1,HB Køge,1316,1321.0,1,1,Denmark,domestic league (tier 2)
2026/03/14,1. Division Denmark,0,Hobro IK,1381,1391.0,1 - 0,Aalborg BK,1496,1486.0,1,0,Denmark,domestic league (tier 2)
2026/04/10,1. Division Denmark,0,Hobro IK,1417,1406.0,0 - 1,Aalborg BK,1494,1505.0,0,1,Denmark,domestic league (tier 2)
2026/04/22,1. Division Denmark,0,Hobro IK,1423,1408.0,1 - 2,HB Køge,1343,1358.0,1,2,Denmark,domestic league (tier 2)
2026/05/08,1. Division Denmark,0,Hobro IK,1425,1419.0,3 - 3,B.93 København,1305,1311.0,3,3,Denmark,domestic league (tier 2)
2026/05/14,1. Division Denmark,0,Hobro IK,1419,1395.0,0 - 3,Aarhus Fremad,1385,1409.0,0,3,Denmark,domestic league (tier 2)
2026/05/30,1. Division Denmark,0,Hobro IK,1408,1411.0,3 - 2,Middelfart Boldklub,1201,1198.0,3,2,Denmark,domestic league (tier 2)
2026/07/26,1. Division Denmark,0,Hobro IK,1411,1399.0,1 - 2,Aarhus Fremad,1427,1439.0,1,2,Denmark,domestic league (tier 2)
2026/08/05,Denmark Cup,0,Hobro IK,1410,1382.0,0 - 4,Vendsyssel FF,1329,1357.0,0,4,Denmark,domestic cup
2026/08/08,1. Division Denmark,0,Hobro IK,1382,1388.0,1 - 0,AB Gladsaxe,1337,1331.0,1,0,Denmark,domestic league (tier 2)
2026/08/21,1. Division Denmark,0,Hobro IK,1403,1412.0,2 - 1,Aalborg BK,1466,1457.0,2,1,Denmark,domestic league (tier 2)
2026/09/04,1. Division Denmark,0,Hobro IK,1402,,Info,Hvidovre IF,1488,,,,Denmark,domestic league (tier 2)
2021/08/03,Denmark Cup,0,Holbæk B&I,1396,1403.0,2 - 0,Næstved BK,1293,1286.0,2,0,Denmark,domestic cup
2021/08/31,Denmark Cup,0,Holbæk B&I,1403,1388.0,1 - 2,Fremad Amager,1331,1346.0,1,2,Denmark,domestic cup
2024/09/10,Denmark Cup,0,Holbæk B&I,1388,1396.0,2 - 0,AB Gladsaxe,1319,1311.0,2,0,Denmark,domestic cup
2024/10/29,Denmark Cup,0,Holbæk B&I,1396,1388.0,0 - 6,Silkeborg IF,1755,1763.0,0,6,Denmark,domestic cup
2025/09/24,Denmark Cup,0,Holbæk B&I,1388,1381.0,2 - 3,Vejle BK,1598,1605.0,2,3,Denmark,domestic cup
2026/08/04,Denmark Cup,0,Holbæk B&I,1381,1367.0,1 - 2,AB Gladsaxe,1323,1337.0,1,2,Denmark,domestic cup
2018/08/05,1. Division Denmark,0,Hvidovre IF,1370,1366.0,2 - 2,Fremad Amager,1339,1343.0,2,2,Denmark,domestic league (tier 2)
2018/08/19,1. Division Denmark,0,Hvidovre IF,1346,1354.0,2 - 1,Næstved BK,1371,1363.0,2,1,Denmark,domestic league (tier 2)
2018/08/22,1. Division Denmark,0,Hvidovre IF,1354,1364.0,1 - 0,FC Helsingør,1455,1445.0,1,0,Denmark,domestic league (tier 2)
2018/09/10,1. Division Denmark,0,Hvidovre IF,1352,1339.0,2 - 4,Silkeborg IF,1506,1519.0,2,4,Denmark,domestic league (tier 2)
2018/09/30,1. Division Denmark,0,Hvidovre IF,1317,1307.0,1 - 3,Viborg FF,1529,1539.0,1,3,Denmark,domestic league (tier 2)
2018/10/14,1. Division Denmark,0,Hvidovre IF,1310,1324.0,5 - 1,Thisted FC,1317,1303.0,5,1,Denmark,domestic league (tier 2)
2018/10/18,1. Division Denmark,0,Hvidovre IF,1324,1341.0,2 - 0,HB Køge,1469,1452.0,2,0,Denmark,domestic league (tier 2)
2018/11/04,1. Division Denmark,0,Hvidovre IF,1338,1321.0,0 - 2,Nykøbing FC,1386,1403.0,0,2,Denmark,domestic league (tier 2)
2018/11/18,1. Division Denmark,0,Hvidovre IF,1326,1341.0,2 - 0,FC Fredericia,1420,1405.0,2,0,Denmark,domestic league (tier 2)
2019/03/03,1. Division Denmark,0,Hvidovre IF,1332,1322.0,0 - 1,Lyngby BK,1425,1435.0,0,1,Denmark,domestic league (tier 2)
2019/03/17,1. Division Denmark,0,Hvidovre IF,1347,1329.0,0 - 2,FC Roskilde,1369,1387.0,0,2,Denmark,domestic league (tier 2)
2019/04/07,1. Division Denmark,0,Hvidovre IF,1344,1353.0,2 - 1,FC Helsingør,1401,1392.0,2,1,Denmark,domestic league (tier 2)
2019/04/21,1. Division Denmark,0,Hvidovre IF,1348,1336.0,0 - 2,Silkeborg IF,1514,1526.0,0,2,Denmark,domestic league (tier 2)
2019/05/05,1. Division Denmark,0,Hvidovre IF,1341,1356.0,3 - 1,Næstved BK,1446,1431.0,3,1,Denmark,domestic league (tier 2)
2019/05/12,1. Division Denmark,0,Hvidovre IF,1346,1335.0,1 - 2,Fremad Amager,1425,1436.0,1,2,Denmark,domestic league (tier 2)
2019/05/19,1. Division Denmark,0,Hvidovre IF,1335,1327.0,0 - 1,Viborg FF,1517,1525.0,0,1,Denmark,domestic league (tier 2)
2019/08/03,1. Division Denmark,0,Hvidovre IF,1325,1318.0,0 - 1,Viborg FF,1516,1523.0,0,1,Denmark,domestic league (tier 2)
2019/08/21,1. Division Denmark,0,Hvidovre IF,1328,1328.0,0 - 0,Fremad Amager,1414,1414.0,0,0,Denmark,domestic league (tier 2)
2019/08/25,1. Division Denmark,0,Hvidovre IF,1328,1336.0,3 - 2,FC Roskilde,1354,1346.0,3,2,Denmark,domestic league (tier 2)
2019/09/06,1. Division Denmark,0,Hvidovre IF,1344,1352.0,4 - 2,Skive IK,1278,1270.0,4,2,Denmark,domestic league (tier 2)
2019/09/20,1. Division Denmark,0,Hvidovre IF,1345,1344.0,2 - 2,HB Køge,1400,1401.0,2,2,Denmark,domestic league (tier 2)
2019/10/05,1. Division Denmark,0,Hvidovre IF,1330,1343.0,3 - 1,Næstved BK,1394,1381.0,3,1,Denmark,domestic league (tier 2)
2019/10/18,1. Division Denmark,0,Hvidovre IF,1334,1335.0,1 - 1,Vendsyssel FF,1464,1463.0,1,1,Denmark,domestic league (tier 2)
2019/11/01,1. Division Denmark,0,Hvidovre IF,1358,1345.0,1 - 2,Kolding FC (as Kolding IF),1369,1382.0,1,2,Denmark,domestic league (tier 2)
2019/11/15,1. Division Denmark,0,Hvidovre IF,1364,1354.0,2 - 3,FC Fredericia,1452,1462.0,2,3,Denmark,domestic league (tier 2)
2020/03/07,1. Division Denmark,0,Hvidovre IF,1360,1353.0,0 - 1,Vejle BK,1564,1571.0,0,1,Denmark,domestic league (tier 2)
2020/06/06,1. Division Denmark,0,Hvidovre IF,1357,1365.0,1 - 0,Nykøbing FC,1384,1376.0,1,0,Denmark,domestic league (tier 2)
2020/06/14,1. Division Denmark,0,Hvidovre IF,1370,1354.0,1 - 4,Viborg FF,1495,1511.0,1,4,Denmark,domestic league (tier 2)
2020/06/25,1. Division Denmark,0,Hvidovre IF,1350,1365.0,3 - 0,Fremad Amager,1394,1379.0,3,0,Denmark,domestic league (tier 2)
2020/07/05,1. Division Denmark,0,Hvidovre IF,1383,1381.0,1 - 1,HB Køge,1406,1408.0,1,1,Denmark,domestic league (tier 2)
2020/07/16,1. Division Denmark,0,Hvidovre IF,1401,1379.0,0 - 2,Skive IK,1327,1349.0,0,2,Denmark,domestic league (tier 2)
2020/07/25,1. Division Denmark,0,Hvidovre IF,1395,1391.0,0 - 0,FC Roskilde,1329,1333.0,0,0,Denmark,domestic league (tier 2)
2020/09/15,1. Division Denmark,0,Hvidovre IF,1384,1361.0,0 - 3,FC Helsingør,1361,1384.0,0,3,Denmark,domestic league (tier 2)
2020/09/25,1. Division Denmark,0,Hvidovre IF,1352,1344.0,1 - 2,Hobro IK,1529,1537.0,1,2,Denmark,domestic league (tier 2)
2020/10/01,1. Division Denmark,0,Hvidovre IF,1344,1326.0,0 - 3,FC Fredericia,1441,1459.0,0,3,Denmark,domestic league (tier 2)
2020/10/16,1. Division Denmark,0,Hvidovre IF,1365,1352.0,1 - 5,Silkeborg IF,1565,1578.0,1,5,Denmark,domestic league (tier 2)
2020/10/25,1. Division Denmark,0,Hvidovre IF,1378,1370.0,1 - 2,Viborg FF,1564,1572.0,1,2,Denmark,domestic league (tier 2)
2020/11/21,1. Division Denmark,0,Hvidovre IF,1408,1417.0,2 - 0,Vendsyssel FF,1364,1355.0,2,0,Denmark,domestic league (tier 2)
2020/12/12,1. Division Denmark,0,Hvidovre IF,1445,1429.0,1 - 2,Skive IK,1292,1308.0,1,2,Denmark,domestic league (tier 2)
2020/12/20,1. Division Denmark,0,Hvidovre IF,1420,1411.0,0 - 1,Esbjerg fB,1572,1581.0,0,1,Denmark,domestic league (tier 2)
2021/02/20,1. Division Denmark,0,Hvidovre IF,1406,1395.0,1 - 2,Fremad Amager,1472,1483.0,1,2,Denmark,domestic league (tier 2)
2021/03/06,1. Division Denmark,0,Hvidovre IF,1392,1399.0,2 - 0,Kolding IF,1278,1271.0,2,0,Denmark,domestic league (tier 2)
2021/03/19,1. Division Denmark,0,Hvidovre IF,1389,1387.0,0 - 0,HB Køge,1410,1412.0,0,0,Denmark,domestic league (tier 2)
2021/04/10,1. Division Denmark,0,Hvidovre IF,1387,1403.0,3 - 0,Fremad Amager,1455,1439.0,3,0,Denmark,domestic league (tier 2)
2021/05/01,1. Division Denmark,0,Hvidovre IF,1397,1406.0,3 - 0,Skive IK,1316,1307.0,3,0,Denmark,domestic league (tier 2)
2021/05/05,1. Division Denmark,0,Hvidovre IF,1406,1383.0,0 - 2,Kolding IF,1294,1317.0,0,2,Denmark,domestic league (tier 2)
2021/05/15,1. Division Denmark,0,Hvidovre IF,1397,1393.0,2 - 2,Vendsyssel FF,1336,1340.0,2,2,Denmark,domestic league (tier 2)
2021/05/27,1. Division Denmark,0,Hvidovre IF,1394,1408.0,4 - 0,Hobro IK,1404,1390.0,4,0,Denmark,domestic league (tier 2)
2021/07/24,1. Division Denmark,0,Hvidovre IF,1408,1403.0,1 - 1,Jammerbugt FC,1310,1315.0,1,1,Denmark,domestic league (tier 2)
2021/08/06,1. Division Denmark,0,Hvidovre IF,1423,1432.0,3 - 0,Fremad Amager,1351,1342.0,3,0,Denmark,domestic league (tier 2)
2021/08/17,1. Division Denmark,0,Hvidovre IF,1426,1431.0,1 - 0,Nykøbing FC,1343,1338.0,1,0,Denmark,domestic league (tier 2)
2021/08/30,1. Division Denmark,0,Hvidovre IF,1445,1440.0,2 - 2,Hobro IK,1353,1358.0,2,2,Denmark,domestic league (tier 2)
2021/09/19,1. Division Denmark,0,Hvidovre IF,1445,1450.0,3 - 2,Vendsyssel FF,1352,1347.0,3,2,Denmark,domestic league (tier 2)
2021/10/02,1. Division Denmark,0,Hvidovre IF,1443,1443.0,0 - 0,AC Horsens,1556,1556.0,0,0,Denmark,domestic league (tier 2)
2021/10/22,1. Division Denmark,0,Hvidovre IF,1456,1460.0,1 - 0,HB Køge,1330,1326.0,1,0,Denmark,domestic league (tier 2)
2021/11/06,1. Division Denmark,0,Hvidovre IF,1490,1499.0,1 - 0,Lyngby BK,1568,1559.0,1,0,Denmark,domestic league (tier 2)
2021/11/27,1. Division Denmark,0,Hvidovre IF,1487,1500.0,5 - 1,FC Fredericia,1473,1460.0,5,1,Denmark,domestic league (tier 2)
2021/12/02,1. Division Denmark,0,Hvidovre IF,1500,1509.0,2 - 0,Esbjerg fB,1441,1432.0,2,0,Denmark,domestic league (tier 2)
2021/12/10,Denmark Cup,0,Hvidovre IF,1504,1514.0,3 - 2,SønderjyskE,1598,1588.0,3,2,Denmark,domestic cup
2022/03/12,1. Division Denmark,0,Hvidovre IF,1516,1494.0,0 - 4,FC Helsingør,1563,1585.0,0,4,Denmark,domestic league (tier 2)
2022/04/07,1. Division Denmark,0,Hvidovre IF,1494,1493.0,0 - 0,Lyngby BK,1572,1573.0,0,0,Denmark,domestic league (tier 2)
2022/04/18,1. Division Denmark,0,Hvidovre IF,1493,1500.0,2 - 0,Nykøbing FC,1382,1375.0,2,0,Denmark,domestic league (tier 2)
2022/04/29,1. Division Denmark,0,Hvidovre IF,1514,1503.0,0 - 1,AC Horsens,1572,1583.0,0,1,Denmark,domestic league (tier 2)
2022/05/18,1. Division Denmark,0,Hvidovre IF,1487,1497.0,3 - 1,FC Fredericia,1469,1459.0,3,1,Denmark,domestic league (tier 2)
2022/05/23,1. Division Denmark,0,Hvidovre IF,1497,1509.0,2 - 0,FC Helsingør,1520,1508.0,2,0,Denmark,domestic league (tier 2)
2022/08/02,Denmark Cup,0,Hvidovre IF,1523,1502.0,2 - 4,FC Helsingør,1462,1483.0,2,4,Denmark,domestic cup
2022/08/05,1. Division Denmark,0,Hvidovre IF,1502,1505.0,3 - 1,Hillerød GI,1212,1209.0,3,1,Denmark,domestic league (tier 2)
2022/08/16,1. Division Denmark,0,Hvidovre IF,1527,1533.0,5 - 1,Fremad Amager,1338,1332.0,5,1,Denmark,domestic league (tier 2)
2022/08/19,1. Division Denmark,0,Hvidovre IF,1533,1537.0,1 - 0,HB Køge,1417,1413.0,1,0,Denmark,domestic league (tier 2)
2022/09/01,1. Division Denmark,0,Hvidovre IF,1536,1543.0,6 - 0,Hobro IK,1368,1361.0,6,0,Denmark,domestic league (tier 2)
2022/09/30,1. Division Denmark,0,Hvidovre IF,1546,1545.0,1 - 1,Vejle BK,1611,1612.0,1,1,Denmark,domestic league (tier 2)
2022/10/14,1. Division Denmark,0,Hvidovre IF,1557,1526.0,0 - 4,Næstved BK,1377,1408.0,0,4,Denmark,domestic league (tier 2)
2022/10/29,1. Division Denmark,0,Hvidovre IF,1518,1522.0,3 - 2,FC Fredericia,1392,1388.0,3,2,Denmark,domestic league (tier 2)
2022/11/05,1. Division Denmark,0,Hvidovre IF,1522,1509.0,0 - 1,FC Helsingør,1503,1516.0,0,1,Denmark,domestic league (tier 2)
2023/02/18,1. Division Denmark,0,Hvidovre IF,1524,1528.0,3 - 1,Nykøbing FC,1297,1293.0,3,1,Denmark,domestic league (tier 2)
2023/03/04,1. Division Denmark,0,Hvidovre IF,1525,1533.0,2 - 1,SønderjyskE,1569,1561.0,2,1,Denmark,domestic league (tier 2)
2023/03/18,1. Division Denmark,0,Hvidovre IF,1532,1539.0,3 - 1,Vendsyssel FF,1421,1414.0,3,1,Denmark,domestic league (tier 2)
2023/04/09,1. Division Denmark,0,Hvidovre IF,1527,1533.0,3 - 2,FC Helsingør,1464,1458.0,3,2,Denmark,domestic league (tier 2)
2023/04/22,1. Division Denmark,0,Hvidovre IF,1538,1533.0,0 - 0,Vendsyssel FF,1427,1432.0,0,0,Denmark,domestic league (tier 2)
2023/05/05,1. Division Denmark,0,Hvidovre IF,1557,1546.0,0 - 1,Vejle BK,1609,1620.0,0,1,Denmark,domestic league (tier 2)
2023/05/18,1. Division Denmark,0,Hvidovre IF,1556,1543.0,1 - 2,SønderjyskE,1556,1569.0,1,2,Denmark,domestic league (tier 2)
2023/06/04,1. Division Denmark,0,Hvidovre IF,1553,1536.0,2 - 3,Næstved BK,1363,1380.0,2,3,Denmark,domestic league (tier 2)
2023/08/06,Superligaen,0,Hvidovre IF,1540,1529.0,0 - 2,Aarhus GF,1736,1747.0,0,2,Denmark,domestic league (tier 1)
2023/08/18,Superligaen,0,Hvidovre IF,1536,1531.0,0 - 2,FC København,1936,1941.0,0,2,Denmark,domestic league (tier 1)
2023/08/27,Superligaen,0,Hvidovre IF,1531,1517.0,1 - 5,Odense BK,1716,1730.0,1,5,Denmark,domestic league (tier 1)
2023/09/17,Superligaen,0,Hvidovre IF,1514,1504.0,0 - 1,Lyngby BK,1626,1636.0,0,1,Denmark,domestic league (tier 1)
2023/10/01,Superligaen,0,Hvidovre IF,1513,1503.0,0 - 3,Brøndby IF,1781,1791.0,0,3,Denmark,domestic league (tier 1)
2023/10/20,Superligaen,0,Hvidovre IF,1496,1491.0,1 - 2,Silkeborg IF,1782,1787.0,1,2,Denmark,domestic league (tier 1)
2023/11/01,Denmark Cup,0,Hvidovre IF,1489,1480.0,1 - 5,Silkeborg IF,1782,1791.0,1,5,Denmark,domestic cup
2023/11/05,Superligaen,0,Hvidovre IF,1480,1473.0,1 - 4,FC Midtjylland,1830,1837.0,1,4,Denmark,domestic league (tier 1)
2023/11/24,Superligaen,0,Hvidovre IF,1499,1500.0,1 - 1,Vejle BK,1619,1618.0,1,1,Denmark,domestic league (tier 1)
2024/02/18,Superligaen,0,Hvidovre IF,1497,1484.0,1 - 3,Randers FC,1640,1653.0,1,3,Denmark,domestic league (tier 1)
2024/02/25,Superligaen,0,Hvidovre IF,1484,1487.0,2 - 2,Viborg FF,1702,1699.0,2,2,Denmark,domestic league (tier 1)
2024/03/08,Superligaen,0,Hvidovre IF,1510,1506.0,1 - 2,FC Nordsjælland,1850,1854.0,1,2,Denmark,domestic league (tier 1)
2024/04/07,Superligaen,0,Hvidovre IF,1499,1487.0,1 - 3,Randers FC,1660,1672.0,1,3,Denmark,domestic league (tier 1)
2024/04/21,Superligaen,0,Hvidovre IF,1492,1503.0,2 - 1,Vejle BK,1630,1619.0,2,1,Denmark,domestic league (tier 1)
2024/05/05,Superligaen,0,Hvidovre IF,1519,1512.0,0 - 1,Viborg FF,1710,1717.0,0,1,Denmark,domestic league (tier 1)
2024/05/16,Superligaen,0,Hvidovre IF,1518,1508.0,1 - 2,Odense BK,1608,1618.0,1,2,Denmark,domestic league (tier 1)
2024/05/25,Superligaen,0,Hvidovre IF,1502,1502.0,0 - 0,Lyngby BK,1600,1600.0,0,0,Denmark,domestic league (tier 1)
2024/07/19,1. Division Denmark,0,Hvidovre IF,1502,1506.0,1 - 0,HB Køge,1347,1343.0,1,0,Denmark,domestic league (tier 2)
2024/08/09,1. Division Denmark,0,Hvidovre IF,1509,1516.0,4 - 0,B.93 København,1367,1360.0,4,0,Denmark,domestic league (tier 2)
2024/08/20,1. Division Denmark,0,Hvidovre IF,1517,1513.0,0 - 0,Hillerød Fodbold,1467,1471.0,0,0,Denmark,domestic league (tier 2)
2024/08/30,1. Division Denmark,0,Hvidovre IF,1526,1521.0,3 - 3,AC Horsens,1450,1455.0,3,3,Denmark,domestic league (tier 2)
2024/09/22,1. Division Denmark,0,Hvidovre IF,1501,1506.0,3 - 2,Esbjerg fB,1403,1398.0,3,2,Denmark,domestic league (tier 2)
2024/10/02,Denmark Cup,0,Hvidovre IF,1516,1502.0,1 - 2,Kolding IF,1461,1475.0,1,2,Denmark,domestic cup
2024/10/07,1. Division Denmark,0,Hvidovre IF,1502,1498.0,0 - 0,Kolding IF,1475,1479.0,0,0,Denmark,domestic league (tier 2)
2024/10/26,1. Division Denmark,0,Hvidovre IF,1490,1497.0,3 - 1,Vendsyssel FF,1381,1374.0,3,1,Denmark,domestic league (tier 2)
2024/11/22,1. Division Denmark,0,Hvidovre IF,1476,1481.0,2 - 0,FC Roskilde,1287,1282.0,2,0,Denmark,domestic league (tier 2)
2024/11/29,1. Division Denmark,0,Hvidovre IF,1481,1486.0,1 - 0,Hobro IK,1410,1405.0,1,0,Denmark,domestic league (tier 2)
2025/02/27,1. Division Denmark,0,Hvidovre IF,1469,1478.0,1 - 0,FC Fredericia,1551,1542.0,1,0,Denmark,domestic league (tier 2)
2025/03/14,1. Division Denmark,0,Hvidovre IF,1489,1491.0,0 - 0,Odense BK,1650,1648.0,0,0,Denmark,domestic league (tier 2)
2025/03/29,1. Division Denmark,0,Hvidovre IF,1491,1465.0,0 - 3,Esbjerg fB,1398,1424.0,0,3,Denmark,domestic league (tier 2)
2025/04/16,1. Division Denmark,0,Hvidovre IF,1479,1478.0,0 - 0,FC Fredericia,1561,1562.0,0,0,Denmark,domestic league (tier 2)
2025/04/21,1. Division Denmark,0,Hvidovre IF,1478,1490.0,2 - 1,Odense BK,1660,1648.0,2,1,Denmark,domestic league (tier 2)
2025/05/03,1. Division Denmark,0,Hvidovre IF,1496,1484.0,0 - 1,Kolding IF,1513,1525.0,0,1,Denmark,domestic league (tier 2)
2025/05/23,1. Division Denmark,0,Hvidovre IF,1460,1457.0,1 - 1,AC Horsens,1458,1461.0,1,1,Denmark,domestic league (tier 2)
2025/07/18,1. Division Denmark,0,Hvidovre IF,1457,1451.0,1 - 1,B.93 København,1336,1342.0,1,1,Denmark,domestic league (tier 2)
2025/07/29,Denmark Cup,0,Hvidovre IF,1442,1447.0,4 - 3,HB Køge,1349,1344.0,4,3,Denmark,domestic cup
2025/08/04,1. Division Denmark,0,Hvidovre IF,1447,1445.0,0 - 0,AC Horsens,1465,1467.0,0,0,Denmark,domestic league (tier 2)
2025/08/15,1. Division Denmark,0,Hvidovre IF,1461,1469.0,2 - 0,Aarhus Fremad,1371,1363.0,2,0,Denmark,domestic league (tier 2)
2025/08/19,1. Division Denmark,0,Hvidovre IF,1469,1463.0,2 - 2,Middelfart Boldklub,1309,1315.0,2,2,Denmark,domestic league (tier 2)
2025/08/29,1. Division Denmark,0,Hvidovre IF,1453,1448.0,1 - 1,Hobro IK,1379,1384.0,1,1,Denmark,domestic league (tier 2)
2025/09/16,Denmark Cup,0,Hvidovre IF,1463,1456.0,1 - 2,SønderjyskE,1661,1668.0,1,2,Denmark,domestic cup
2025/09/20,1. Division Denmark,0,Hvidovre IF,1456,1469.0,3 - 1,Hillerød Fodbold,1502,1489.0,3,1,Denmark,domestic league (tier 2)
2025/10/06,1. Division Denmark,0,Hvidovre IF,1482,1482.0,2 - 2,Lyngby BK,1580,1580.0,2,2,Denmark,domestic league (tier 2)
2025/10/23,1. Division Denmark,0,Hvidovre IF,1485,1490.0,3 - 1,HB Køge,1313,1308.0,3,1,Denmark,domestic league (tier 2)
2025/11/09,1. Division Denmark,0,Hvidovre IF,1490,1488.0,2 - 2,Aalborg BK,1536,1538.0,2,2,Denmark,domestic league (tier 2)
2025/11/29,1. Division Denmark,0,Hvidovre IF,1498,1476.0,1 - 3,Esbjerg fB,1414,1436.0,1,3,Denmark,domestic league (tier 2)
2026/03/15,1. Division Denmark,0,Hvidovre IF,1496,1493.0,0 - 0,Kolding IF,1496,1499.0,0,0,Denmark,domestic league (tier 2)
2026/04/03,1. Division Denmark,0,Hvidovre IF,1515,1512.0,1 - 1,Hillerød Fodbold,1492,1495.0,1,1,Denmark,domestic league (tier 2)
2026/04/21,1. Division Denmark,0,Hvidovre IF,1498,1505.0,2 - 1,Kolding IF,1480,1473.0,2,1,Denmark,domestic league (tier 2)
2026/04/25,1. Division Denmark,0,Hvidovre IF,1505,1502.0,1 - 1,AC Horsens,1483,1486.0,1,1,Denmark,domestic league (tier 2)
2026/05/09,1. Division Denmark,0,Hvidovre IF,1504,1489.0,0 - 2,Lyngby BK,1605,1620.0,0,2,Denmark,domestic league (tier 2)
2026/05/25,1. Division Denmark,0,Hvidovre IF,1492,1468.0,1 - 4,Esbjerg fB,1449,1473.0,1,4,Denmark,domestic league (tier 2)
2026/07/25,1. Division Denmark,0,Hvidovre IF,1461,1455.0,2 - 2,Vendsyssel FF,1334,1340.0,2,2,Denmark,domestic league (tier 2)
2026/08/09,1. Division Denmark,0,Hvidovre IF,1456,1464.0,2 - 1,Esbjerg fB,1493,1485.0,2,1,Denmark,domestic league (tier 2)
2026/08/30,1. Division Denmark,0,Hvidovre IF,1477,1488.0,2 - 1,FC Fredericia,1607,1596.0,2,1,Denmark,domestic league (tier 2)
2021/07/30,1. Division Denmark,0,Jammerbugt FC,1315,1309.0,1 - 2,Lyngby BK,1547,1553.0,1,2,Denmark,domestic league (tier 2)
2021/08/09,1. Division Denmark,0,Jammerbugt FC,1309,1293.0,0 - 3,FC Fredericia,1444,1460.0,0,3,Denmark,domestic league (tier 2)
2021/08/18,1. Division Denmark,0,Jammerbugt FC,1307,1306.0,1 - 1,Hobro IK,1366,1367.0,1,1,Denmark,domestic league (tier 2)
2021/08/28,1. Division Denmark,0,Jammerbugt FC,1303,1289.0,0 - 6,FC Helsingør,1535,1549.0,0,6,Denmark,domestic league (tier 2)
2021/09/12,1. Division Denmark,0,Jammerbugt FC,1294,1301.0,4 - 3,HB Køge,1304,1297.0,4,3,Denmark,domestic league (tier 2)
2021/09/26,1. Division Denmark,0,Jammerbugt FC,1291,1303.0,1 - 0,Esbjerg fB,1462,1450.0,1,0,Denmark,domestic league (tier 2)
2021/10/16,1. Division Denmark,0,Jammerbugt FC,1297,1284.0,0 - 2,Hvidovre IF,1443,1456.0,0,2,Denmark,domestic league (tier 2)
2021/10/30,1. Division Denmark,0,Jammerbugt FC,1299,1278.0,0 - 5,Nykøbing FC,1378,1399.0,0,5,Denmark,domestic league (tier 2)
2021/11/20,1. Division Denmark,0,Jammerbugt FC,1285,1273.0,1 - 4,AC Horsens,1507,1519.0,1,4,Denmark,domestic league (tier 2)
2022/02/19,1. Division Denmark,0,Jammerbugt FC,1270,1268.0,1 - 1,Fremad Amager,1312,1314.0,1,1,Denmark,domestic league (tier 2)
2022/03/12,1. Division Denmark,0,Jammerbugt FC,1257,1247.0,0 - 1,Vendsyssel FF,1355,1365.0,0,1,Denmark,domestic league (tier 2)
2022/04/10,1. Division Denmark,0,Jammerbugt FC,1235,1247.0,2 - 1,Esbjerg fB,1394,1382.0,2,1,Denmark,domestic league (tier 2)
2022/04/23,1. Division Denmark,0,Jammerbugt FC,1243,1253.0,2 - 1,Vendsyssel FF,1352,1342.0,2,1,Denmark,domestic league (tier 2)
2022/05/01,1. Division Denmark,0,Jammerbugt FC,1253,1237.0,0 - 3,HB Køge,1373,1389.0,0,3,Denmark,domestic league (tier 2)
2022/05/14,1. Division Denmark,0,Jammerbugt FC,1228,1220.0,2 - 3,Hobro IK,1388,1396.0,2,3,Denmark,domestic league (tier 2)
2022/05/22,1. Division Denmark,0,Jammerbugt FC,1215,1226.0,3 - 2,Fremad Amager,1363,1352.0,3,2,Denmark,domestic league (tier 2)
2022/08/30,Denmark Cup,0,Kastrup BK,1302,1289.0,1 - 2,AB Gladsaxe,1311,1324.0,1,2,Denmark,domestic cup
2024/08/06,Denmark Cup,0,Kastrup BK,1289,1282.0,1 - 2,Hvidovre IF,1502,1509.0,1,2,Denmark,domestic cup
2025/08/05,Denmark Cup,0,Kastrup BK,1282,1265.0,0 - 2,FC Roskilde,1327,1344.0,0,2,Denmark,domestic cup
2019/07/28,1. Division Denmark,0,Kolding FC (as Kolding IF),1346,1353.0,2 - 1,Hvidovre IF,1332,1325.0,2,1,Denmark,domestic league (tier 2)
2019/08/11,1. Division Denmark,0,Kolding FC (as Kolding IF),1374,1381.0,4 - 3,FC Roskilde,1357,1350.0,4,3,Denmark,domestic league (tier 2)
2019/08/21,1. Division Denmark,0,Kolding FC (as Kolding IF),1394,1394.0,1 - 1,Vejle BK,1491,1491.0,1,1,Denmark,domestic league (tier 2)
2019/09/08,1. Division Denmark,0,Kolding FC (as Kolding IF),1371,1369.0,0 - 0,Fremad Amager,1409,1411.0,0,0,Denmark,domestic league (tier 2)
2019/09/22,1. Division Denmark,0,Kolding FC (as Kolding IF),1361,1369.0,4 - 2,Skive IK,1273,1265.0,4,2,Denmark,domestic league (tier 2)
2019/10/03,1. Division Denmark,0,Kolding FC (as Kolding IF),1385,1374.0,1 - 2,FC Fredericia,1454,1465.0,1,2,Denmark,domestic league (tier 2)
2019/10/11,1. Division Denmark,0,Kolding FC (as Kolding IF),1374,1386.0,3 - 1,Nykøbing FC,1393,1381.0,3,1,Denmark,domestic league (tier 2)
2019/10/25,1. Division Denmark,0,Kolding FC (as Kolding IF),1379,1369.0,1 - 2,Vendsyssel FF,1463,1473.0,1,2,Denmark,domestic league (tier 2)
2019/11/10,1. Division Denmark,0,Kolding FC (as Kolding IF),1382,1364.0,0 - 2,HB Køge,1402,1420.0,0,2,Denmark,domestic league (tier 2)
2020/02/29,1. Division Denmark,0,Kolding FC (as Kolding IF),1381,1377.0,1 - 1,Næstved BK,1345,1349.0,1,1,Denmark,domestic league (tier 2)
2020/06/05,1. Division Denmark,0,Kolding FC (as Kolding IF),1372,1389.0,3 - 1,Viborg FF,1507,1490.0,3,1,Denmark,domestic league (tier 2)
2020/06/13,1. Division Denmark,0,Kolding FC (as Kolding IF),1391,1383.0,0 - 1,Vejle BK,1555,1563.0,0,1,Denmark,domestic league (tier 2)
2020/06/19,1. Division Denmark,0,Kolding FC (as Kolding IF),1383,1379.0,2 - 2,FC Roskilde,1320,1324.0,2,2,Denmark,domestic league (tier 2)
2020/06/30,1. Division Denmark,0,Kolding FC (as Kolding IF),1377,1383.0,2 - 1,Skive IK,1321,1315.0,2,1,Denmark,domestic league (tier 2)
2020/07/11,1. Division Denmark,0,Kolding FC (as Kolding IF),1395,1375.0,0 - 2,Hvidovre IF,1381,1401.0,0,2,Denmark,domestic league (tier 2)
2020/07/19,1. Division Denmark,0,Kolding FC (as Kolding IF),1366,1365.0,2 - 2,Fremad Amager,1428,1429.0,2,2,Denmark,domestic league (tier 2)
2020/09/19,1. Division Denmark,0,Kolding FC (as Kolding IF),1376,1358.0,2 - 4,HB Køge,1395,1413.0,2,4,Denmark,domestic league (tier 2)
2020/09/30,1. Division Denmark,0,Kolding FC (as Kolding IF),1352,1338.0,0 - 4,Silkeborg IF,1549,1563.0,0,4,Denmark,domestic league (tier 2)
2020/10/17,1. Division Denmark,0,Kolding FC (as Kolding IF),1341,1344.0,1 - 1,Esbjerg fB,1559,1556.0,1,1,Denmark,domestic league (tier 2)
2020/10/20,1. Division Denmark,0,Kolding FC (as Kolding IF),1344,1356.0,2 - 1,Hobro IK,1517,1505.0,2,1,Denmark,domestic league (tier 2)
2020/10/30,1. Division Denmark,0,Kolding FC (as Kolding IF),1360,1357.0,1 - 1,Hvidovre IF,1370,1373.0,1,1,Denmark,domestic league (tier 2)
2020/11/20,1. Division Denmark,0,Kolding FC (as Kolding IF),1370,1360.0,1 - 2,FC Fredericia,1453,1463.0,1,2,Denmark,domestic league (tier 2)
2020/11/27,1. Division Denmark,0,Kolding FC (as Kolding IF),1360,1367.0,3 - 2,Vendsyssel FF,1355,1348.0,3,2,Denmark,domestic league (tier 2)
2020/12/11,1. Division Denmark,0,Kolding IF,1310,1312.0,1 - 1,Fremad Amager,1476,1474.0,1,1,Denmark,domestic league (tier 2)
2021/02/12,1. Division Denmark,0,Kolding IF,1318,1301.0,0 - 2,FC Helsingør,1363,1380.0,0,2,Denmark,domestic league (tier 2)
2021/02/27,1. Division Denmark,0,Kolding IF,1298,1278.0,2 - 4,Skive IK,1276,1296.0,2,4,Denmark,domestic league (tier 2)
2021/03/19,1. Division Denmark,0,Kolding IF,1277,1273.0,0 - 1,Viborg FF,1624,1628.0,0,1,Denmark,domestic league (tier 2)
2021/04/04,1. Division Denmark,0,Kolding IF,1273,1273.0,1 - 1,Hvidovre IF,1387,1387.0,1,1,Denmark,domestic league (tier 2)
2021/04/23,1. Division Denmark,0,Kolding IF,1283,1282.0,1 - 1,Vendsyssel FF,1332,1333.0,1,1,Denmark,domestic league (tier 2)
2021/04/30,1. Division Denmark,0,Kolding IF,1282,1294.0,2 - 1,Fremad Amager,1442,1430.0,2,1,Denmark,domestic league (tier 2)
2021/05/14,1. Division Denmark,0,Kolding IF,1305,1306.0,0 - 0,Hobro IK,1427,1426.0,0,0,Denmark,domestic league (tier 2)
2021/05/27,1. Division Denmark,0,Kolding IF,1321,1332.0,2 - 0,Skive IK,1316,1305.0,2,0,Denmark,domestic league (tier 2)
2021/08/31,Denmark Cup,0,Kolding IF,1332,1343.0,2 - 1,Esbjerg fB,1463,1452.0,2,1,Denmark,domestic cup
2021/10/19,Denmark Cup,0,Kolding IF,1353,1352.0,2 - 2,Nykøbing FC,1402,1403.0,2,2,Denmark,domestic cup
2021/12/11,Denmark Cup,0,Kolding IF,1347,1361.0,2 - 1,Vejle BK,1589,1575.0,2,1,Denmark,domestic cup
2022/08/02,Denmark Cup,0,Kolding IF,1361,1371.0,2 - 0,Esbjerg fB,1353,1343.0,2,0,Denmark,domestic cup
2022/08/30,Denmark Cup,0,Kolding IF,1371,1360.0,0 - 2,SønderjyskE,1566,1577.0,0,2,Denmark,domestic cup
2023/07/23,1. Division Denmark,0,Kolding IF,1360,1373.0,2 - 1,AC Horsens,1550,1537.0,2,1,Denmark,domestic league (tier 2)
2023/07/29,1. Division Denmark,0,Kolding IF,1373,1378.0,2 - 1,Hillerød Fodbold,1286,1281.0,2,1,Denmark,domestic league (tier 2)
2023/08/18,1. Division Denmark,0,Kolding IF,1391,1380.0,1 - 3,SønderjyskE,1583,1594.0,1,3,Denmark,domestic league (tier 2)
2023/08/26,1. Division Denmark,0,Kolding IF,1374,1388.0,4 - 0,FC Helsingør,1390,1376.0,4,0,Denmark,domestic league (tier 2)
2023/09/22,1. Division Denmark,0,Kolding IF,1397,1387.0,1 - 2,FC Fredericia,1498,1508.0,1,2,Denmark,domestic league (tier 2)
2023/09/28,Denmark Cup,0,Kolding IF,1387,1395.0,2 - 2,FC Nordsjælland,1837,1829.0,2,2,Denmark,domestic cup
2023/10/07,1. Division Denmark,0,Kolding IF,1409,1418.0,3 - 1,HB Køge,1357,1348.0,3,1,Denmark,domestic league (tier 2)
2023/10/28,1. Division Denmark,0,Kolding IF,1412,1407.0,0 - 1,Aalborg BK,1687,1692.0,0,1,Denmark,domestic league (tier 2)
2023/11/12,1. Division Denmark,0,Kolding IF,1403,1391.0,0 - 1,Vendsyssel FF,1439,1451.0,0,1,Denmark,domestic league (tier 2)
2023/12/05,1. Division Denmark,0,Kolding IF,1409,1395.0,0 - 1,B.93 København,1349,1363.0,0,1,Denmark,domestic league (tier 2)
2024/03/02,1. Division Denmark,0,Kolding IF,1410,1421.0,3 - 1,Hobro IK,1422,1411.0,3,1,Denmark,domestic league (tier 2)
2024/03/16,1. Division Denmark,0,Kolding IF,1421,1416.0,3 - 3,Næstved BK,1336,1341.0,3,3,Denmark,domestic league (tier 2)
2024/04/06,1. Division Denmark,0,Kolding IF,1419,1438.0,4 - 0,FC Fredericia,1527,1508.0,4,0,Denmark,domestic league (tier 2)
2024/04/13,1. Division Denmark,0,Kolding IF,1438,1436.0,0 - 0,Vendsyssel FF,1471,1473.0,0,0,Denmark,domestic league (tier 2)
2024/04/26,1. Division Denmark,0,Kolding IF,1443,1429.0,0 - 3,SønderjyskE,1618,1632.0,0,3,Denmark,domestic league (tier 2)
2024/05/17,1. Division Denmark,0,Kolding IF,1465,1471.0,2 - 1,Hobro IK,1434,1428.0,2,1,Denmark,domestic league (tier 2)
2024/05/24,1. Division Denmark,0,Kolding IF,1471,1463.0,2 - 3,Aalborg BK,1627,1635.0,2,3,Denmark,domestic league (tier 2)
2024/07/26,1. Division Denmark,0,Kolding IF,1470,1468.0,0 - 0,Hvidovre IF,1506,1508.0,0,0,Denmark,domestic league (tier 2)
2024/08/02,1. Division Denmark,0,Kolding IF,1468,1477.0,1 - 0,FC Fredericia,1536,1527.0,1,0,Denmark,domestic league (tier 2)
2024/08/21,1. Division Denmark,0,Kolding IF,1482,1466.0,1 - 2,Esbjerg fB,1360,1376.0,1,2,Denmark,domestic league (tier 2)
2024/08/24,1. Division Denmark,0,Kolding IF,1466,1460.0,0 - 0,FC Roskilde,1298,1304.0,0,0,Denmark,domestic league (tier 2)
2024/09/14,1. Division Denmark,0,Kolding IF,1483,1476.0,1 - 1,HB Køge,1271,1278.0,1,1,Denmark,domestic league (tier 2)
2024/09/27,1. Division Denmark,0,Kolding IF,1468,1461.0,1 - 2,Odense BK,1678,1685.0,1,2,Denmark,domestic league (tier 2)
2024/10/18,1. Division Denmark,0,Kolding IF,1479,1488.0,3 - 1,Hillerød Fodbold,1443,1434.0,3,1,Denmark,domestic league (tier 2)
2024/11/08,1. Division Denmark,0,Kolding IF,1518,1512.0,0 - 0,Vendsyssel FF,1370,1376.0,0,0,Denmark,domestic league (tier 2)
2024/11/29,1. Division Denmark,0,Kolding IF,1506,1492.0,1 - 2,AC Horsens,1458,1472.0,1,2,Denmark,domestic league (tier 2)
2024/12/07,Denmark Cup,0,Kolding IF,1492,1488.0,1 - 3,FC København,1914,1918.0,1,3,Denmark,domestic cup
2025/03/01,1. Division Denmark,0,Kolding IF,1498,1505.0,3 - 0,B.93 København,1352,1345.0,3,0,Denmark,domestic league (tier 2)
2025/03/14,1. Division Denmark,0,Kolding IF,1511,1516.0,1 - 0,Hobro IK,1403,1398.0,1,0,Denmark,domestic league (tier 2)
2025/03/29,1. Division Denmark,0,Kolding IF,1516,1504.0,0 - 1,FC Fredericia,1528,1540.0,0,1,Denmark,domestic league (tier 2)
2025/04/11,1. Division Denmark,0,Kolding IF,1515,1494.0,1 - 3,Hvidovre IF,1458,1479.0,1,3,Denmark,domestic league (tier 2)
2025/04/21,1. Division Denmark,0,Kolding IF,1490,1501.0,2 - 0,AC Horsens,1485,1474.0,2,0,Denmark,domestic league (tier 2)
2025/05/10,1. Division Denmark,0,Kolding IF,1525,1529.0,2 - 1,Esbjerg fB,1378,1374.0,2,1,Denmark,domestic league (tier 2)
2025/05/17,1. Division Denmark,0,Kolding IF,1529,1529.0,1 - 1,Odense BK,1635,1635.0,1,1,Denmark,domestic league (tier 2)
2025/07/19,1. Division Denmark,0,Kolding IF,1521,1529.0,1 - 0,Aalborg BK,1563,1555.0,1,0,Denmark,domestic league (tier 2)
2025/08/01,1. Division Denmark,0,Kolding IF,1520,1525.0,3 - 1,HB Køge,1344,1339.0,3,1,Denmark,domestic league (tier 2)
2025/08/16,1. Division Denmark,0,Kolding IF,1539,1527.0,2 - 3,Lyngby BK,1571,1583.0,2,3,Denmark,domestic league (tier 2)
2025/08/29,1. Division Denmark,0,Kolding IF,1533,1529.0,0 - 0,Hillerød Fodbold,1489,1493.0,0,0,Denmark,domestic league (tier 2)
2025/09/13,1. Division Denmark,0,Kolding IF,1539,1524.0,0 - 1,Hvidovre IF,1448,1463.0,0,1,Denmark,domestic league (tier 2)
2025/09/25,Denmark Cup,0,Kolding IF,1511,1503.0,0 - 2,FC Nordsjælland,1775,1783.0,0,2,Denmark,domestic cup
2025/10/04,1. Division Denmark,0,Kolding IF,1503,1508.0,2 - 1,Esbjerg fB,1396,1391.0,2,1,Denmark,domestic league (tier 2)
2025/10/24,1. Division Denmark,0,Kolding IF,1495,1498.0,1 - 0,Middelfart Boldklub,1293,1290.0,1,0,Denmark,domestic league (tier 2)
2025/11/07,1. Division Denmark,0,Kolding IF,1501,1480.0,1 - 3,AC Horsens,1455,1476.0,1,3,Denmark,domestic league (tier 2)
2025/11/30,1. Division Denmark,0,Kolding IF,1505,1499.0,1 - 1,Aarhus Fremad,1373,1379.0,1,1,Denmark,domestic league (tier 2)
2026/03/06,1. Division Denmark,0,Kolding IF,1491,1496.0,2 - 1,Hobro IK,1386,1381.0,2,1,Denmark,domestic league (tier 2)
2026/03/21,1. Division Denmark,0,Kolding IF,1499,1506.0,3 - 0,B.93 København,1355,1348.0,3,0,Denmark,domestic league (tier 2)
2026/04/03,1. Division Denmark,0,Kolding IF,1506,1502.0,1 - 1,Esbjerg fB,1451,1455.0,1,1,Denmark,domestic league (tier 2)
2026/04/17,1. Division Denmark,0,Kolding IF,1494,1480.0,0 - 1,AC Horsens,1457,1471.0,0,1,Denmark,domestic league (tier 2)
2026/05/03,1. Division Denmark,0,Kolding IF,1462,1460.0,1 - 1,Hvidovre IF,1502,1504.0,1,1,Denmark,domestic league (tier 2)
2026/05/15,1. Division Denmark,0,Kolding IF,1446,1434.0,1 - 3,Lyngby BK,1620,1632.0,1,3,Denmark,domestic league (tier 2)
2026/05/25,1. Division Denmark,0,Kolding IF,1434,1449.0,3 - 0,Hillerød Fodbold,1487,1472.0,3,0,Denmark,domestic league (tier 2)
2026/08/01,1. Division Denmark,0,Kolding IF,1448,1435.0,0 - 1,Hvidovre IF,1455,1468.0,0,1,Denmark,domestic league (tier 2)
2026/08/14,1. Division Denmark,0,Kolding IF,1439,1431.0,2 - 3,Vejle BK,1603,1611.0,2,3,Denmark,domestic league (tier 2)
2026/08/29,1. Division Denmark,0,Kolding IF,1431,1437.0,2 - 1,AB Gladsaxe,1373,1367.0,2,1,Denmark,domestic league (tier 2)
2026/09/09,Denmark Cup,0,Kolding IF,1437,,Info,Odense BK,1680,,,,Denmark,domestic cup
2016/07/24,Superligaen,0,Lyngby BK,1539,1540.0,2 - 2,Odense BK,1669,1668.0,2,2,Denmark,domestic league (tier 1)
2016/08/12,Superligaen,0,Lyngby BK,1581,1581.0,0 - 0,Aarhus GF,1677,1677.0,0,0,Denmark,domestic league (tier 1)
2016/08/26,Superligaen,0,Lyngby BK,1572,1560.0,0 - 1,FC Nordsjælland,1605,1617.0,0,1,Denmark,domestic league (tier 1)
2016/09/19,Superligaen,0,Lyngby BK,1555,1567.0,1 - 0,Aalborg BK,1735,1723.0,1,0,Denmark,domestic league (tier 1)
2016/09/22,Superligaen,0,Lyngby BK,1567,1581.0,1 - 0,Brøndby IF,1801,1787.0,1,0,Denmark,domestic league (tier 1)
2016/10/02,Superligaen,0,Lyngby BK,1595,1608.0,1 - 0,FC Midtjylland,1819,1806.0,1,0,Denmark,domestic league (tier 1)
2016/10/22,Superligaen,0,Lyngby BK,1609,1627.0,2 - 0,SønderjyskE,1777,1759.0,2,0,Denmark,domestic league (tier 1)
2016/10/29,Superligaen,0,Lyngby BK,1627,1612.0,0 - 2,Randers FC,1726,1741.0,0,2,Denmark,domestic league (tier 1)
2016/11/18,Superligaen,0,Lyngby BK,1625,1611.0,0 - 1,AC Horsens,1559,1573.0,0,1,Denmark,domestic league (tier 1)
2016/11/26,Superligaen,0,Lyngby BK,1611,1607.0,0 - 1,FC København,1980,1984.0,0,1,Denmark,domestic league (tier 1)
2016/12/10,Superligaen,0,Lyngby BK,1615,1612.0,1 - 1,Silkeborg IF,1610,1613.0,1,1,Denmark,domestic league (tier 1)
2017/02/27,Superligaen,0,Lyngby BK,1625,1622.0,0 - 0,Esbjerg fB,1605,1608.0,0,0,Denmark,domestic league (tier 1)
2017/03/11,Superligaen,0,Lyngby BK,1628,1634.0,1 - 0,Viborg FF,1593,1587.0,1,0,Denmark,domestic league (tier 1)
2017/04/09,Superligaen,0,Lyngby BK,1621,1614.0,1 - 2,Brøndby IF,1831,1838.0,1,2,Denmark,domestic league (tier 1)
2017/04/16,Superligaen,0,Lyngby BK,1614,1616.0,2 - 2,FC Midtjylland,1780,1778.0,2,2,Denmark,domestic league (tier 1)
2017/05/07,Superligaen,0,Lyngby BK,1629,1642.0,2 - 0,SønderjyskE,1693,1680.0,2,0,Denmark,domestic league (tier 1)
2017/05/12,Superligaen,0,Lyngby BK,1642,1650.0,2 - 1,FC Nordsjælland,1687,1679.0,2,1,Denmark,domestic league (tier 1)
2017/05/21,Superligaen,0,Lyngby BK,1675,1699.0,3 - 1,FC København,2006,1982.0,3,1,Denmark,domestic league (tier 1)
2017/07/16,Superligaen,0,Lyngby BK,1740,1744.0,2 - 1,Silkeborg IF,1601,1597.0,2,1,Denmark,domestic league (tier 1)
2017/08/06,Superligaen,0,Lyngby BK,1706,1684.0,1 - 4,FC Nordsjælland,1721,1743.0,1,4,Denmark,domestic league (tier 1)
2017/08/12,Superligaen,0,Lyngby BK,1684,1682.0,1 - 1,SønderjyskE,1708,1710.0,1,1,Denmark,domestic league (tier 1)
2017/09/10,Superligaen,0,Lyngby BK,1668,1673.0,3 - 1,FC Helsingør,1468,1463.0,3,1,Denmark,domestic league (tier 1)
2017/10/01,Superligaen,0,Lyngby BK,1662,1683.0,3 - 1,FC København,1914,1893.0,3,1,Denmark,domestic league (tier 1)
2017/10/22,Superligaen,0,Lyngby BK,1701,1697.0,1 - 1,Odense BK,1666,1670.0,1,1,Denmark,domestic league (tier 1)
2017/10/29,Superligaen,0,Lyngby BK,1697,1698.0,2 - 2,FC Midtjylland,1835,1834.0,2,2,Denmark,domestic league (tier 1)
2017/11/19,Superligaen,0,Lyngby BK,1702,1680.0,1 - 3,Randers FC,1632,1654.0,1,3,Denmark,domestic league (tier 1)
2017/12/02,Superligaen,0,Lyngby BK,1673,1659.0,1 - 2,Aalborg BK,1629,1643.0,1,2,Denmark,domestic league (tier 1)
2018/02/11,Superligaen,0,Lyngby BK,1631,1621.0,1 - 3,Brøndby IF,1846,1856.0,1,3,Denmark,domestic league (tier 1)
2018/02/24,Superligaen,0,Lyngby BK,1623,1620.0,0 - 0,Aarhus GF,1618,1621.0,0,0,Denmark,domestic league (tier 1)
2018/03/03,Superligaen,0,Lyngby BK,1610,1585.0,0 - 3,Hobro IK,1562,1587.0,0,3,Denmark,domestic league (tier 1)
2018/03/18,Superligaen,0,Lyngby BK,1580,1578.0,1 - 1,AC Horsens,1615,1617.0,1,1,Denmark,domestic league (tier 1)
2018/04/07,Superligaen,0,Lyngby BK,1568,1567.0,2 - 2,Odense BK,1627,1628.0,2,2,Denmark,domestic league (tier 1)
2018/04/19,Superligaen,0,Lyngby BK,1562,1563.0,1 - 1,SønderjyskE,1681,1680.0,1,1,Denmark,domestic league (tier 1)
2018/04/29,Superligaen,0,Lyngby BK,1554,1536.0,1 - 3,Randers FC,1584,1602.0,1,3,Denmark,domestic league (tier 1)
2018/07/29,1. Division Denmark,0,Lyngby BK,1509,1503.0,1 - 1,Hvidovre IF,1364,1370.0,1,1,Denmark,domestic league (tier 2)
2018/08/05,1. Division Denmark,0,Lyngby BK,1503,1512.0,1 - 0,Silkeborg IF,1552,1543.0,1,0,Denmark,domestic league (tier 2)
2018/08/22,1. Division Denmark,0,Lyngby BK,1474,1483.0,4 - 1,Nykøbing FC,1389,1380.0,4,1,Denmark,domestic league (tier 2)
2018/09/01,1. Division Denmark,0,Lyngby BK,1475,1451.0,0 - 5,Viborg FF,1507,1531.0,0,5,Denmark,domestic league (tier 2)
2018/09/16,1. Division Denmark,0,Lyngby BK,1468,1446.0,1 - 3,Næstved BK,1378,1400.0,1,3,Denmark,domestic league (tier 2)
2018/09/30,1. Division Denmark,0,Lyngby BK,1434,1433.0,2 - 2,HB Køge,1489,1490.0,2,2,Denmark,domestic league (tier 2)
2018/10/24,1. Division Denmark,0,Lyngby BK,1440,1435.0,0 - 0,Fremad Amager,1342,1347.0,0,0,Denmark,domestic league (tier 2)
2018/10/28,1. Division Denmark,0,Lyngby BK,1435,1432.0,1 - 1,FC Helsingør,1410,1413.0,1,1,Denmark,domestic league (tier 2)
2018/11/11,1. Division Denmark,0,Lyngby BK,1447,1426.0,1 - 3,FC Fredericia,1399,1420.0,1,3,Denmark,domestic league (tier 2)
2018/11/25,1. Division Denmark,0,Lyngby BK,1413,1425.0,4 - 0,FC Roskilde,1384,1372.0,4,0,Denmark,domestic league (tier 2)
2019/03/10,1. Division Denmark,0,Lyngby BK,1435,1441.0,3 - 1,Thisted FC,1280,1274.0,3,1,Denmark,domestic league (tier 2)
2019/03/20,1. Division Denmark,0,Lyngby BK,1444,1459.0,2 - 0,Silkeborg IF,1536,1521.0,2,0,Denmark,domestic league (tier 2)
2019/03/31,1. Division Denmark,0,Lyngby BK,1459,1438.0,1 - 4,Viborg FF,1489,1510.0,1,4,Denmark,domestic league (tier 2)
2019/04/14,1. Division Denmark,0,Lyngby BK,1460,1465.0,1 - 0,Hvidovre IF,1353,1348.0,1,0,Denmark,domestic league (tier 2)
2019/04/21,1. Division Denmark,0,Lyngby BK,1465,1475.0,3 - 0,Nykøbing FC,1398,1388.0,3,0,Denmark,domestic league (tier 2)
2019/05/05,1. Division Denmark,0,Lyngby BK,1462,1458.0,1 - 1,HB Køge,1420,1424.0,1,1,Denmark,domestic league (tier 2)
2019/05/19,1. Division Denmark,0,Lyngby BK,1461,1471.0,2 - 0,Næstved BK,1443,1433.0,2,0,Denmark,domestic league (tier 2)
2019/07/14,Superligaen,0,Lyngby BK,1492,1509.0,2 - 0,Aalborg BK,1638,1621.0,2,0,Denmark,domestic league (tier 1)
2019/07/26,Superligaen,0,Lyngby BK,1504,1486.0,0 - 3,SønderjyskE,1598,1616.0,0,3,Denmark,domestic league (tier 1)
2019/08/05,Superligaen,0,Lyngby BK,1486,1499.0,2 - 1,Aarhus GF,1685,1672.0,2,1,Denmark,domestic league (tier 1)
2019/08/25,Superligaen,0,Lyngby BK,1494,1511.0,2 - 0,Randers FC,1649,1632.0,2,0,Denmark,domestic league (tier 1)
2019/09/15,Superligaen,0,Lyngby BK,1504,1498.0,0 - 3,FC Midtjylland,1870,1876.0,0,3,Denmark,domestic league (tier 1)
2019/09/27,Superligaen,0,Lyngby BK,1511,1520.0,2 - 1,Hobro IK,1588,1579.0,2,1,Denmark,domestic league (tier 1)
2019/10/20,Superligaen,0,Lyngby BK,1527,1516.0,0 - 3,Brøndby IF,1754,1765.0,0,3,Denmark,domestic league (tier 1)
2019/10/27,Superligaen,0,Lyngby BK,1516,1524.0,2 - 1,AC Horsens,1541,1533.0,2,1,Denmark,domestic league (tier 1)
2019/11/10,Superligaen,0,Lyngby BK,1521,1534.0,4 - 3,Odense BK,1726,1713.0,4,3,Denmark,domestic league (tier 1)
2019/11/29,Superligaen,0,Lyngby BK,1539,1541.0,1 - 1,FC Nordsjælland,1710,1708.0,1,1,Denmark,domestic league (tier 1)
2019/12/15,Superligaen,0,Lyngby BK,1548,1554.0,1 - 0,Silkeborg IF,1508,1502.0,1,0,Denmark,domestic league (tier 1)
2020/02/23,Superligaen,0,Lyngby BK,1552,1565.0,2 - 0,Esbjerg fB,1600,1587.0,2,0,Denmark,domestic league (tier 1)
2020/06/01,Superligaen,0,Lyngby BK,1555,1547.0,1 - 4,FC København,1865,1873.0,1,4,Denmark,domestic league (tier 1)
2020/06/18,Superligaen,0,Lyngby BK,1544,1541.0,0 - 0,Silkeborg IF,1542,1545.0,0,0,Denmark,domestic league (tier 1)
2020/06/22,Superligaen,0,Lyngby BK,1541,1531.0,1 - 2,Odense BK,1655,1665.0,1,2,Denmark,domestic league (tier 1)
2020/07/08,Superligaen,0,Lyngby BK,1514,1515.0,1 - 1,SønderjyskE,1634,1633.0,1,1,Denmark,domestic league (tier 1)
2020/07/20,Superligaen,0,Lyngby BK,1529,1527.0,2 - 2,Hobro IK,1545,1547.0,2,2,Denmark,domestic league (tier 1)
2020/09/13,Superligaen,0,Lyngby BK,1527,1530.0,0 - 0,Aalborg BK,1729,1726.0,0,0,Denmark,domestic league (tier 1)
2020/10/04,Superligaen,0,Lyngby BK,1523,1524.0,2 - 2,SønderjyskE,1648,1647.0,2,2,Denmark,domestic league (tier 1)
2020/10/23,Superligaen,0,Lyngby BK,1526,1510.0,0 - 3,Odense BK,1646,1662.0,0,3,Denmark,domestic league (tier 1)
2020/11/08,Superligaen,0,Lyngby BK,1507,1502.0,1 - 2,Aarhus GF,1786,1791.0,1,2,Denmark,domestic league (tier 1)
2020/11/20,Superligaen,0,Lyngby BK,1529,1527.0,1 - 1,AC Horsens,1573,1575.0,1,1,Denmark,domestic league (tier 1)
2020/12/06,Superligaen,0,Lyngby BK,1523,1508.0,0 - 3,Randers FC,1675,1690.0,0,3,Denmark,domestic league (tier 1)
2020/12/20,Superligaen,0,Lyngby BK,1502,1502.0,0 - 0,Vejle BK,1585,1585.0,0,0,Denmark,domestic league (tier 1)
2021/02/14,Superligaen,0,Lyngby BK,1517,1507.0,0 - 4,Brøndby IF,1784,1794.0,0,4,Denmark,domestic league (tier 1)
2021/02/22,Superligaen,0,Lyngby BK,1507,1513.0,2 - 2,FC København,1843,1837.0,2,2,Denmark,domestic league (tier 1)
2021/03/04,Superligaen,0,Lyngby BK,1542,1567.0,2 - 0,FC Midtjylland,1928,1903.0,2,0,Denmark,domestic league (tier 1)
2021/03/12,Superligaen,0,Lyngby BK,1583,1565.0,0 - 3,FC Nordsjælland,1678,1696.0,0,3,Denmark,domestic league (tier 1)
2021/04/06,Superligaen,0,Lyngby BK,1578,1575.0,0 - 0,Vejle BK,1580,1583.0,0,0,Denmark,domestic league (tier 1)
2021/04/12,Superligaen,0,Lyngby BK,1575,1575.0,2 - 2,Aalborg BK,1681,1681.0,2,2,Denmark,domestic league (tier 1)
2021/04/21,Superligaen,0,Lyngby BK,1594,1583.0,0 - 1,SønderjyskE,1649,1660.0,0,1,Denmark,domestic league (tier 1)
2021/05/09,Superligaen,0,Lyngby BK,1565,1552.0,3 - 4,AC Horsens,1547,1560.0,3,4,Denmark,domestic league (tier 1)
2021/05/20,Superligaen,0,Lyngby BK,1545,1535.0,1 - 2,Odense BK,1653,1663.0,1,2,Denmark,domestic league (tier 1)
2021/08/07,1. Division Denmark,0,Lyngby BK,1553,1565.0,5 - 0,Esbjerg fB,1499,1487.0,5,0,Denmark,domestic league (tier 2)
2021/08/18,1. Division Denmark,0,Lyngby BK,1578,1582.0,4 - 2,Fremad Amager,1328,1324.0,4,2,Denmark,domestic league (tier 2)
2021/08/29,1. Division Denmark,0,Lyngby BK,1583,1569.0,1 - 2,AC Horsens,1535,1549.0,1,2,Denmark,domestic league (tier 2)
2021/09/17,1. Division Denmark,0,Lyngby BK,1569,1561.0,1 - 1,HB Køge,1297,1305.0,1,1,Denmark,domestic league (tier 2)
2021/09/21,Denmark Cup,0,Lyngby BK,1561,1547.0,0 - 4,Aalborg BK,1753,1767.0,0,4,Denmark,domestic cup
2021/09/25,1. Division Denmark,0,Lyngby BK,1547,1554.0,3 - 1,Hvidovre IF,1450,1443.0,3,1,Denmark,domestic league (tier 2)
2021/10/17,1. Division Denmark,0,Lyngby BK,1570,1563.0,1 - 1,Hobro IK,1361,1368.0,1,1,Denmark,domestic league (tier 2)
2021/10/29,1. Division Denmark,0,Lyngby BK,1575,1571.0,0 - 0,FC Helsingør,1525,1529.0,0,0,Denmark,domestic league (tier 2)
2021/11/21,1. Division Denmark,0,Lyngby BK,1559,1562.0,1 - 0,Vendsyssel FF,1361,1358.0,1,0,Denmark,domestic league (tier 2)
2021/11/26,1. Division Denmark,0,Lyngby BK,1562,1565.0,3 - 0,Jammerbugt FC,1273,1270.0,3,0,Denmark,domestic league (tier 2)
2022/02/26,1. Division Denmark,0,Lyngby BK,1562,1556.0,1 - 1,FC Fredericia,1443,1449.0,1,1,Denmark,domestic league (tier 2)
2022/03/11,1. Division Denmark,0,Lyngby BK,1567,1550.0,1 - 2,Nykøbing FC,1373,1390.0,1,2,Denmark,domestic league (tier 2)
2022/04/02,1. Division Denmark,0,Lyngby BK,1566,1572.0,5 - 0,Nykøbing FC,1375,1369.0,5,0,Denmark,domestic league (tier 2)
2022/04/16,1. Division Denmark,0,Lyngby BK,1573,1560.0,1 - 2,AC Horsens,1556,1569.0,1,2,Denmark,domestic league (tier 2)
2022/04/30,1. Division Denmark,0,Lyngby BK,1575,1581.0,2 - 1,FC Helsingør,1528,1522.0,2,1,Denmark,domestic league (tier 2)
2022/05/12,1. Division Denmark,0,Lyngby BK,1574,1579.0,1 - 0,Hvidovre IF,1492,1487.0,1,0,Denmark,domestic league (tier 2)
2022/05/29,1. Division Denmark,0,Lyngby BK,1587,1591.0,1 - 0,FC Fredericia,1442,1438.0,1,0,Denmark,domestic league (tier 2)
2022/07/17,Superligaen,0,Lyngby BK,1591,1593.0,2 - 2,Silkeborg IF,1771,1769.0,2,2,Denmark,domestic league (tier 1)
2022/08/05,Superligaen,0,Lyngby BK,1583,1588.0,3 - 3,FC Midtjylland,1880,1875.0,3,3,Denmark,domestic league (tier 1)
2022/08/19,Superligaen,0,Lyngby BK,1582,1574.0,0 - 3,FC København,1891,1899.0,0,3,Denmark,domestic league (tier 1)
2022/09/04,Superligaen,0,Lyngby BK,1556,1545.0,0 - 2,Randers FC,1754,1765.0,0,2,Denmark,domestic league (tier 1)
2022/09/18,Superligaen,0,Lyngby BK,1551,1537.0,0 - 2,Odense BK,1674,1688.0,0,2,Denmark,domestic league (tier 1)
2022/10/07,Superligaen,0,Lyngby BK,1544,1547.0,1 - 1,Viborg FF,1741,1738.0,1,1,Denmark,domestic league (tier 1)
2022/10/14,Superligaen,0,Lyngby BK,1547,1534.0,0 - 2,Aalborg BK,1691,1704.0,0,2,Denmark,domestic league (tier 1)
2022/10/30,Superligaen,0,Lyngby BK,1529,1520.0,0 - 1,Aarhus GF,1667,1676.0,0,1,Denmark,domestic league (tier 1)
2023/02/19,Superligaen,0,Lyngby BK,1545,1549.0,1 - 1,FC Nordsjælland,1794,1790.0,1,1,Denmark,domestic league (tier 1)
2023/03/05,Superligaen,0,Lyngby BK,1545,1558.0,1 - 0,Brøndby IF,1740,1727.0,1,0,Denmark,domestic league (tier 1)
2023/03/19,Superligaen,0,Lyngby BK,1585,1582.0,1 - 1,AC Horsens,1593,1596.0,1,1,Denmark,domestic league (tier 1)
2023/04/02,Superligaen,0,Lyngby BK,1582,1584.0,1 - 1,Silkeborg IF,1758,1756.0,1,1,Denmark,domestic league (tier 1)
2023/04/16,Superligaen,0,Lyngby BK,1582,1589.0,2 - 1,AC Horsens,1592,1585.0,2,1,Denmark,domestic league (tier 1)
2023/05/07,Superligaen,0,Lyngby BK,1590,1604.0,2 - 1,FC Midtjylland,1836,1822.0,2,1,Denmark,domestic league (tier 1)
2023/05/21,Superligaen,0,Lyngby BK,1599,1581.0,0 - 4,Odense BK,1709,1727.0,0,4,Denmark,domestic league (tier 1)
2023/05/29,Superligaen,0,Lyngby BK,1581,1591.0,2 - 1,Aalborg BK,1684,1674.0,2,1,Denmark,domestic league (tier 1)
2023/07/22,Superligaen,0,Lyngby BK,1593,1588.0,1 - 2,FC København,1901,1906.0,1,2,Denmark,domestic league (tier 1)
2023/08/06,Superligaen,0,Lyngby BK,1594,1619.0,4 - 1,FC Midtjylland,1852,1827.0,4,1,Denmark,domestic league (tier 1)
2023/08/20,Superligaen,0,Lyngby BK,1611,1619.0,1 - 0,Randers FC,1655,1647.0,1,0,Denmark,domestic league (tier 1)
2023/09/03,Superligaen,0,Lyngby BK,1615,1619.0,1 - 1,FC Nordsjælland,1857,1853.0,1,1,Denmark,domestic league (tier 1)
2023/09/22,Superligaen,0,Lyngby BK,1636,1632.0,1 - 1,Vejle BK,1607,1611.0,1,1,Denmark,domestic league (tier 1)
2023/10/22,Superligaen,0,Lyngby BK,1645,1629.0,0 - 2,Aarhus GF,1729,1745.0,0,2,Denmark,domestic league (tier 1)
2023/11/04,Superligaen,0,Lyngby BK,1621,1620.0,2 - 2,Odense BK,1674,1675.0,2,2,Denmark,domestic league (tier 1)
2023/11/26,Superligaen,0,Lyngby BK,1613,1616.0,3 - 3,Brøndby IF,1816,1813.0,3,3,Denmark,domestic league (tier 1)
2023/12/03,Superligaen,0,Lyngby BK,1616,1633.0,2 - 0,Silkeborg IF,1756,1739.0,2,0,Denmark,domestic league (tier 1)
2023/12/10,Denmark Cup,0,Lyngby BK,1622,1607.0,0 - 1,FC Fredericia,1515,1530.0,0,1,Denmark,domestic cup
2024/03/03,Superligaen,0,Lyngby BK,1599,1576.0,2 - 4,Hvidovre IF,1487,1510.0,2,4,Denmark,domestic league (tier 1)
2024/03/17,Superligaen,0,Lyngby BK,1573,1589.0,2 - 0,Viborg FF,1701,1685.0,2,0,Denmark,domestic league (tier 1)
2024/04/05,Superligaen,0,Lyngby BK,1578,1577.0,0 - 0,Odense BK,1658,1659.0,0,0,Denmark,domestic league (tier 1)
2024/04/14,Superligaen,0,Lyngby BK,1577,1572.0,1 - 1,Hvidovre IF,1487,1492.0,1,1,Denmark,domestic league (tier 1)
2024/04/26,Superligaen,0,Lyngby BK,1568,1567.0,1 - 1,Vejle BK,1619,1620.0,1,1,Denmark,domestic league (tier 1)
2024/05/05,Superligaen,0,Lyngby BK,1567,1577.0,2 - 1,Randers FC,1684,1674.0,2,1,Denmark,domestic league (tier 1)
2024/05/20,Superligaen,0,Lyngby BK,1585,1600.0,3 - 1,Viborg FF,1694,1679.0,3,1,Denmark,domestic league (tier 1)
2024/07/22,Superligaen,0,Lyngby BK,1600,1593.0,0 - 2,FC København,1919,1926.0,0,2,Denmark,domestic league (tier 1)
2024/08/04,Superligaen,0,Lyngby BK,1597,1588.0,0 - 2,Brøndby IF,1843,1852.0,0,2,Denmark,domestic league (tier 1)
2024/08/16,Superligaen,0,Lyngby BK,1596,1591.0,1 - 2,FC Midtjylland,1909,1914.0,1,2,Denmark,domestic league (tier 1)
2024/08/30,Superligaen,0,Lyngby BK,1586,1594.0,1 - 0,Vejle BK,1603,1595.0,1,0,Denmark,domestic league (tier 1)
2024/09/22,Superligaen,0,Lyngby BK,1562,1566.0,0 - 0,Aarhus GF,1815,1811.0,0,0,Denmark,domestic league (tier 1)
2024/09/29,Superligaen,0,Lyngby BK,1566,1569.0,2 - 2,Silkeborg IF,1758,1755.0,2,2,Denmark,domestic league (tier 1)
2024/10/20,Superligaen,0,Lyngby BK,1575,1576.0,0 - 0,Viborg FF,1709,1708.0,0,0,Denmark,domestic league (tier 1)
2024/11/10,Superligaen,0,Lyngby BK,1562,1561.0,2 - 2,Aalborg BK,1643,1644.0,2,2,Denmark,domestic league (tier 1)
2024/12/01,Superligaen,0,Lyngby BK,1559,1541.0,0 - 2,SønderjyskE,1593,1611.0,0,2,Denmark,domestic league (tier 1)
2025/02/21,Superligaen,0,Lyngby BK,1540,1543.0,0 - 0,Randers FC,1740,1737.0,0,0,Denmark,domestic league (tier 1)
2025/03/16,Superligaen,0,Lyngby BK,1568,1583.0,1 - 0,FC Nordsjælland,1842,1827.0,1,0,Denmark,domestic league (tier 1)
2025/03/30,Superligaen,0,Lyngby BK,1583,1570.0,1 - 2,Vejle BK,1583,1596.0,1,2,Denmark,domestic league (tier 1)
2025/04/17,Superligaen,0,Lyngby BK,1571,1552.0,0 - 2,SønderjyskE,1587,1606.0,0,2,Denmark,domestic league (tier 1)
2025/04/27,Superligaen,0,Lyngby BK,1559,1579.0,2 - 0,Silkeborg IF,1779,1759.0,2,0,Denmark,domestic league (tier 1)
2025/05/04,Superligaen,0,Lyngby BK,1579,1580.0,0 - 0,Viborg FF,1722,1721.0,0,0,Denmark,domestic league (tier 1)
2025/05/24,Superligaen,0,Lyngby BK,1558,1569.0,3 - 1,Aalborg BK,1574,1563.0,3,1,Denmark,domestic league (tier 1)
2025/07/25,1. Division Denmark,0,Lyngby BK,1580,1573.0,1 - 1,B.93 København,1342,1349.0,1,1,Denmark,domestic league (tier 2)
2025/08/10,1. Division Denmark,0,Lyngby BK,1587,1571.0,1 - 2,Hvidovre IF,1445,1461.0,1,2,Denmark,domestic league (tier 2)
2025/08/19,1. Division Denmark,0,Lyngby BK,1583,1568.0,1 - 2,Hillerød Fodbold,1469,1484.0,1,2,Denmark,domestic league (tier 2)
2025/08/23,1. Division Denmark,0,Lyngby BK,1568,1564.0,0 - 0,AC Horsens,1505,1509.0,0,0,Denmark,domestic league (tier 2)
2025/09/21,1. Division Denmark,0,Lyngby BK,1575,1579.0,4 - 0,HB Køge,1320,1316.0,4,0,Denmark,domestic league (tier 2)
2025/09/24,Denmark Cup,0,Lyngby BK,1579,1574.0,0 - 2,FC København,1971,1976.0,0,2,Denmark,domestic cup
2025/09/27,1. Division Denmark,0,Lyngby BK,1574,1580.0,2 - 1,Aalborg BK,1526,1520.0,2,1,Denmark,domestic league (tier 2)
2025/10/19,1. Division Denmark,0,Lyngby BK,1580,1573.0,3 - 3,Aarhus Fremad,1394,1401.0,3,3,Denmark,domestic league (tier 2)
2025/11/02,1. Division Denmark,0,Lyngby BK,1564,1570.0,3 - 0,Hobro IK,1384,1378.0,3,0,Denmark,domestic league (tier 2)
2025/11/21,1. Division Denmark,0,Lyngby BK,1582,1587.0,2 - 0,Esbjerg fB,1419,1414.0,2,0,Denmark,domestic league (tier 2)
2026/02/27,1. Division Denmark,0,Lyngby BK,1577,1585.0,2 - 0,Kolding IF,1499,1491.0,2,0,Denmark,domestic league (tier 2)
2026/03/13,1. Division Denmark,0,Lyngby BK,1600,1603.0,4 - 1,Middelfart Boldklub,1275,1272.0,4,1,Denmark,domestic league (tier 2)
2026/04/11,1. Division Denmark,0,Lyngby BK,1586,1594.0,3 - 1,Kolding IF,1502,1494.0,3,1,Denmark,domestic league (tier 2)
2026/04/18,1. Division Denmark,0,Lyngby BK,1594,1599.0,2 - 1,Hvidovre IF,1503,1498.0,2,1,Denmark,domestic league (tier 2)
2026/04/24,1. Division Denmark,0,Lyngby BK,1614,1621.0,5 - 0,Esbjerg fB,1450,1443.0,5,0,Denmark,domestic league (tier 2)
2026/05/03,1. Division Denmark,0,Lyngby BK,1621,1605.0,1 - 2,Hillerød Fodbold,1489,1505.0,1,2,Denmark,domestic league (tier 2)
2026/05/25,1. Division Denmark,0,Lyngby BK,1632,1609.0,0 - 2,AC Horsens,1509,1532.0,0,2,Denmark,domestic league (tier 2)
2026/08/01,Superligaen,0,Lyngby BK,1596,1601.0,2 - 2,Aarhus GF,1882,1877.0,2,2,Denmark,domestic league (tier 1)
2026/08/16,Superligaen,0,Lyngby BK,1593,1599.0,1 - 1,FC Midtjylland,1960,1954.0,1,1,Denmark,domestic league (tier 1)
2026/08/30,Superligaen,0,Lyngby BK,1590,1590.0,1 - 1,Odense BK,1680,1680.0,1,1,Denmark,domestic league (tier 1)
2025/08/02,1. Division Denmark,0,Middelfart Boldklub,1328,1317.0,0 - 1,Esbjerg fB,1383,1394.0,0,1,Denmark,domestic league (tier 2)
2025/08/16,1. Division Denmark,0,Middelfart Boldklub,1311,1309.0,2 - 2,HB Køge,1329,1331.0,2,2,Denmark,domestic league (tier 2)
2025/08/23,1. Division Denmark,0,Middelfart Boldklub,1315,1314.0,2 - 2,Aarhus Fremad,1365,1366.0,2,2,Denmark,domestic league (tier 2)
2025/08/30,1. Division Denmark,0,Middelfart Boldklub,1314,1318.0,2 - 2,Lyngby BK,1564,1560.0,2,2,Denmark,domestic league (tier 2)
2025/09/03,Denmark Cup,0,Middelfart Boldklub,1318,1315.0,1 - 2,Silkeborg IF,1719,1722.0,1,2,Denmark,domestic cup
2025/09/20,1. Division Denmark,0,Middelfart Boldklub,1309,1322.0,1 - 0,Kolding IF,1524,1511.0,1,0,Denmark,domestic league (tier 2)
2025/10/04,1. Division Denmark,0,Middelfart Boldklub,1315,1307.0,1 - 2,Hillerød Fodbold,1491,1499.0,1,2,Denmark,domestic league (tier 2)
2025/10/18,1. Division Denmark,0,Middelfart Boldklub,1307,1293.0,0 - 3,AC Horsens,1468,1482.0,0,3,Denmark,domestic league (tier 2)
2025/11/01,1. Division Denmark,0,Middelfart Boldklub,1290,1284.0,1 - 2,Aalborg BK,1530,1536.0,1,2,Denmark,domestic league (tier 2)
2025/11/22,1. Division Denmark,0,Middelfart Boldklub,1278,1277.0,2 - 2,B.93 København,1352,1353.0,2,2,Denmark,domestic league (tier 2)
2026/03/07,1. Division Denmark,0,Middelfart Boldklub,1282,1275.0,1 - 2,Hvidovre IF,1489,1496.0,1,2,Denmark,domestic league (tier 2)
2026/03/21,1. Division Denmark,0,Middelfart Boldklub,1272,1263.0,0 - 1,Hobro IK,1391,1400.0,0,1,Denmark,domestic league (tier 2)
2026/04/04,1. Division Denmark,0,Middelfart Boldklub,1263,1251.0,2 - 5,Aalborg BK,1482,1494.0,2,5,Denmark,domestic league (tier 2)
2026/04/18,1. Division Denmark,0,Middelfart Boldklub,1243,1226.0,0 - 6,Hobro IK,1406,1423.0,0,6,Denmark,domestic league (tier 2)
2026/05/01,1. Division Denmark,0,Middelfart Boldklub,1214,1206.0,0 - 1,Aarhus Fremad,1380,1388.0,0,1,Denmark,domestic league (tier 2)
2026/05/16,1. Division Denmark,0,Middelfart Boldklub,1233,1216.0,0 - 4,HB Køge,1369,1386.0,0,4,Denmark,domestic league (tier 2)
2026/05/23,1. Division Denmark,0,Middelfart Boldklub,1216,1201.0,2 - 4,B.93 København,1313,1328.0,2,4,Denmark,domestic league (tier 2)
2016/07/31,1. Division Denmark,0,Nykøbing FC,1214,1228.0,3 - 2,Vendsyssel FF,1447,1433.0,3,2,Denmark,domestic league (tier 2)
2016/08/14,1. Division Denmark,0,Nykøbing FC,1223,1245.0,4 - 0,Skive IK,1379,1357.0,4,0,Denmark,domestic league (tier 2)
2016/09/15,1. Division Denmark,0,Nykøbing FC,1272,1273.0,1 - 1,FC Helsingør,1410,1409.0,1,1,Denmark,domestic league (tier 2)
2016/09/28,1. Division Denmark,0,Nykøbing FC,1267,1267.0,1 - 1,Fremad Amager,1380,1380.0,1,1,Denmark,domestic league (tier 2)
2016/10/02,1. Division Denmark,0,Nykøbing FC,1267,1268.0,1 - 1,FC Roskilde,1410,1409.0,1,1,Denmark,domestic league (tier 2)
2016/10/16,1. Division Denmark,0,Nykøbing FC,1268,1255.0,2 - 3,AB Gladsaxe,1258,1271.0,2,3,Denmark,domestic league (tier 2)
2016/10/30,1. Division Denmark,0,Nykøbing FC,1250,1240.0,1 - 2,Næstved BK,1336,1346.0,1,2,Denmark,domestic league (tier 2)
2016/12/01,1. Division Denmark,0,Nykøbing FC,1275,1287.0,4 - 3,Vejle BK,1448,1436.0,4,3,Denmark,domestic league (tier 2)
2017/03/05,1. Division Denmark,0,Nykøbing FC,1287,1298.0,1 - 0,HB Køge,1434,1423.0,1,0,Denmark,domestic league (tier 2)
2017/03/19,1. Division Denmark,0,Nykøbing FC,1289,1279.0,2 - 3,Skive IK,1405,1415.0,2,3,Denmark,domestic league (tier 2)
2017/03/27,1. Division Denmark,0,Nykøbing FC,1279,1271.0,1 - 2,Vendsyssel FF,1454,1462.0,1,2,Denmark,domestic league (tier 2)
2017/04/09,1. Division Denmark,0,Nykøbing FC,1275,1266.0,1 - 3,Hobro IK,1514,1523.0,1,3,Denmark,domestic league (tier 2)
2017/04/23,1. Division Denmark,0,Nykøbing FC,1272,1272.0,2 - 2,FC Fredericia,1373,1373.0,2,2,Denmark,domestic league (tier 2)
2017/05/07,1. Division Denmark,0,Nykøbing FC,1268,1287.0,3 - 1,FC Helsingør,1457,1438.0,3,1,Denmark,domestic league (tier 2)
2017/05/11,1. Division Denmark,0,Nykøbing FC,1287,1298.0,3 - 2,FC Roskilde,1431,1420.0,3,2,Denmark,domestic league (tier 2)
2017/05/27,1. Division Denmark,0,Nykøbing FC,1315,1327.0,2 - 0,Fremad Amager,1348,1336.0,2,0,Denmark,domestic league (tier 2)
2017/07/30,1. Division Denmark,0,Nykøbing FC,1327,1335.0,3 - 2,Skive IK,1371,1363.0,3,2,Denmark,domestic league (tier 2)
2017/08/13,1. Division Denmark,0,Nykøbing FC,1340,1360.0,4 - 2,Viborg FF,1549,1529.0,4,2,Denmark,domestic league (tier 2)
2017/08/23,1. Division Denmark,0,Nykøbing FC,1351,1337.0,0 - 1,Fremad Amager,1294,1308.0,0,1,Denmark,domestic league (tier 2)
2017/09/03,1. Division Denmark,0,Nykøbing FC,1357,1360.0,1 - 0,Brabrand IF,1181,1178.0,1,0,Denmark,domestic league (tier 2)
2017/09/17,1. Division Denmark,0,Nykøbing FC,1351,1338.0,1 - 2,Thisted FC,1339,1352.0,1,2,Denmark,domestic league (tier 2)
2017/10/25,1. Division Denmark,0,Nykøbing FC,1336,1337.0,1 - 1,Vejle BK,1455,1454.0,1,1,Denmark,domestic league (tier 2)
2017/10/29,1. Division Denmark,0,Nykøbing FC,1337,1340.0,0 - 0,Esbjerg fB,1530,1527.0,0,0,Denmark,domestic league (tier 2)
2017/11/05,1. Division Denmark,0,Nykøbing FC,1340,1349.0,3 - 2,FC Roskilde,1406,1397.0,3,2,Denmark,domestic league (tier 2)
2017/11/15,1. Division Denmark,0,Nykøbing FC,1346,1335.0,2 - 3,FC Fredericia,1420,1431.0,2,3,Denmark,domestic league (tier 2)
2017/11/19,1. Division Denmark,0,Nykøbing FC,1335,1335.0,2 - 2,HB Køge,1424,1424.0,2,2,Denmark,domestic league (tier 2)
2018/03/25,1. Division Denmark,0,Nykøbing FC,1335,1333.0,3 - 3,Thisted FC,1354,1356.0,3,3,Denmark,domestic league (tier 2)
2018/04/11,1. Division Denmark,0,Nykøbing FC,1340,1342.0,1 - 1,Vendsyssel FF,1495,1493.0,1,1,Denmark,domestic league (tier 2)
2018/04/24,1. Division Denmark,0,Nykøbing FC,1363,1365.0,3 - 3,Viborg FF,1521,1519.0,3,3,Denmark,domestic league (tier 2)
2018/04/28,1. Division Denmark,0,Nykøbing FC,1365,1372.0,3 - 2,Fremad Amager,1342,1335.0,3,2,Denmark,domestic league (tier 2)
2018/05/12,1. Division Denmark,0,Nykøbing FC,1367,1351.0,1 - 2,Brabrand IF,1207,1223.0,1,2,Denmark,domestic league (tier 2)
2018/05/20,1. Division Denmark,0,Nykøbing FC,1357,1366.0,4 - 0,Skive IK,1251,1242.0,4,0,Denmark,domestic league (tier 2)
2018/08/12,1. Division Denmark,0,Nykøbing FC,1399,1394.0,0 - 0,FC Roskilde,1322,1327.0,0,0,Denmark,domestic league (tier 2)
2018/08/26,1. Division Denmark,0,Nykøbing FC,1380,1367.0,0 - 1,Fremad Amager,1359,1372.0,0,1,Denmark,domestic league (tier 2)
2018/09/02,1. Division Denmark,0,Nykøbing FC,1367,1367.0,0 - 0,FC Helsingør,1453,1453.0,0,0,Denmark,domestic league (tier 2)
2018/09/16,1. Division Denmark,0,Nykøbing FC,1392,1401.0,2 - 0,Hvidovre IF,1339,1330.0,2,0,Denmark,domestic league (tier 2)
2018/09/30,1. Division Denmark,0,Nykøbing FC,1395,1407.0,4 - 2,Næstved BK,1417,1405.0,4,2,Denmark,domestic league (tier 2)
2018/10/21,1. Division Denmark,0,Nykøbing FC,1412,1391.0,0 - 3,FC Fredericia,1435,1456.0,0,3,Denmark,domestic league (tier 2)
2018/10/28,1. Division Denmark,0,Nykøbing FC,1391,1386.0,1 - 1,Thisted FC,1311,1316.0,1,1,Denmark,domestic league (tier 2)
2018/11/11,1. Division Denmark,0,Nykøbing FC,1403,1419.0,3 - 1,Silkeborg IF,1535,1519.0,3,1,Denmark,domestic league (tier 2)
2018/11/25,1. Division Denmark,0,Nykøbing FC,1412,1431.0,3 - 0,Viborg FF,1538,1519.0,3,0,Denmark,domestic league (tier 2)
2019/03/10,1. Division Denmark,0,Nykøbing FC,1449,1445.0,1 - 1,HB Køge,1418,1422.0,1,1,Denmark,domestic league (tier 2)
2019/03/17,1. Division Denmark,0,Nykøbing FC,1445,1442.0,1 - 1,Lyngby BK,1441,1444.0,1,1,Denmark,domestic league (tier 2)
2019/03/31,1. Division Denmark,0,Nykøbing FC,1434,1421.0,1 - 2,Næstved BK,1428,1441.0,1,2,Denmark,domestic league (tier 2)
2019/04/14,1. Division Denmark,0,Nykøbing FC,1426,1398.0,0 - 5,FC Roskilde,1375,1403.0,0,5,Denmark,domestic league (tier 2)
2019/04/28,1. Division Denmark,0,Nykøbing FC,1388,1369.0,2 - 4,Fremad Amager,1386,1405.0,2,4,Denmark,domestic league (tier 2)
2019/05/08,1. Division Denmark,0,Nykøbing FC,1379,1389.0,2 - 0,Hvidovre IF,1356,1346.0,2,0,Denmark,domestic league (tier 2)
2019/05/19,1. Division Denmark,0,Nykøbing FC,1409,1405.0,3 - 3,FC Helsingør,1370,1374.0,3,3,Denmark,domestic league (tier 2)
2019/07/28,1. Division Denmark,0,Nykøbing FC,1399,1411.0,3 - 1,HB Køge,1419,1407.0,3,1,Denmark,domestic league (tier 2)
2019/08/11,1. Division Denmark,0,Nykøbing FC,1447,1441.0,2 - 2,Hvidovre IF,1318,1324.0,2,2,Denmark,domestic league (tier 2)
2019/08/21,1. Division Denmark,0,Nykøbing FC,1453,1438.0,0 - 1,Næstved BK,1372,1387.0,0,1,Denmark,domestic league (tier 2)
2019/08/30,1. Division Denmark,0,Nykøbing FC,1429,1435.0,3 - 2,Kolding FC (as Kolding IF),1388,1382.0,3,2,Denmark,domestic league (tier 2)
2019/09/22,1. Division Denmark,0,Nykøbing FC,1424,1403.0,0 - 3,Vendsyssel FF,1459,1480.0,0,3,Denmark,domestic league (tier 2)
2019/10/06,1. Division Denmark,0,Nykøbing FC,1395,1393.0,2 - 2,Fremad Amager,1438,1440.0,2,2,Denmark,domestic league (tier 2)
2019/10/20,1. Division Denmark,0,Nykøbing FC,1381,1359.0,0 - 5,FC Fredericia,1453,1475.0,0,5,Denmark,domestic league (tier 2)
2019/10/27,1. Division Denmark,0,Nykøbing FC,1359,1351.0,1 - 2,Viborg FF,1523,1531.0,1,2,Denmark,domestic league (tier 2)
2019/11/07,1. Division Denmark,0,Nykøbing FC,1357,1359.0,0 - 0,Vejle BK,1537,1535.0,0,0,Denmark,domestic league (tier 2)
2020/03/01,1. Division Denmark,0,Nykøbing FC,1380,1387.0,4 - 2,Skive IK,1286,1279.0,4,2,Denmark,domestic league (tier 2)
2020/05/31,1. Division Denmark,0,Nykøbing FC,1389,1384.0,2 - 2,FC Roskilde,1311,1316.0,2,2,Denmark,domestic league (tier 2)
2020/06/09,1. Division Denmark,0,Nykøbing FC,1376,1374.0,2 - 2,Kolding FC (as Kolding IF),1389,1391.0,2,2,Denmark,domestic league (tier 2)
2020/06/21,1. Division Denmark,0,Nykøbing FC,1365,1372.0,2 - 1,Næstved BK,1356,1349.0,2,1,Denmark,domestic league (tier 2)
2020/06/28,1. Division Denmark,0,Nykøbing FC,1373,1370.0,1 - 1,Hvidovre IF,1365,1368.0,1,1,Denmark,domestic league (tier 2)
2020/07/11,1. Division Denmark,0,Nykøbing FC,1353,1342.0,0 - 1,HB Køge,1408,1419.0,0,1,Denmark,domestic league (tier 2)
2020/07/19,1. Division Denmark,0,Nykøbing FC,1339,1324.0,0 - 2,Vendsyssel FF,1428,1443.0,0,2,Denmark,domestic league (tier 2)
2021/07/25,1. Division Denmark,0,Nykøbing FC,1334,1327.0,1 - 2,Lyngby BK,1540,1547.0,1,2,Denmark,domestic league (tier 2)
2021/08/01,1. Division Denmark,0,Nykøbing FC,1327,1328.0,4 - 4,FC Fredericia,1445,1444.0,4,4,Denmark,domestic league (tier 2)
2021/08/14,1. Division Denmark,0,Nykøbing FC,1332,1343.0,3 - 1,HB Køge,1337,1326.0,3,1,Denmark,domestic league (tier 2)
2021/08/27,1. Division Denmark,0,Nykøbing FC,1352,1352.0,1 - 1,Esbjerg fB,1463,1463.0,1,1,Denmark,domestic league (tier 2)
2021/09/19,1. Division Denmark,0,Nykøbing FC,1353,1363.0,4 - 1,Jammerbugt FC,1301,1291.0,4,1,Denmark,domestic league (tier 2)
2021/09/22,Denmark Cup,0,Nykøbing FC,1363,1396.0,3 - 0,FC København,1919,1886.0,3,0,Denmark,domestic cup
2021/10/03,1. Division Denmark,0,Nykøbing FC,1392,1412.0,3 - 0,FC Helsingør,1537,1517.0,3,0,Denmark,domestic league (tier 2)
2021/10/24,1. Division Denmark,0,Nykøbing FC,1403,1378.0,0 - 3,Fremad Amager,1332,1357.0,0,3,Denmark,domestic league (tier 2)
2021/11/06,1. Division Denmark,0,Nykøbing FC,1399,1407.0,3 - 1,Hobro IK,1333,1325.0,3,1,Denmark,domestic league (tier 2)
2021/12/04,1. Division Denmark,0,Nykøbing FC,1390,1387.0,1 - 1,Vendsyssel FF,1367,1370.0,1,1,Denmark,domestic league (tier 2)
2022/03/05,1. Division Denmark,0,Nykøbing FC,1382,1373.0,0 - 1,Hvidovre IF,1507,1516.0,0,1,Denmark,domestic league (tier 2)
2022/03/18,1. Division Denmark,0,Nykøbing FC,1390,1375.0,1 - 4,AC Horsens,1533,1548.0,1,4,Denmark,domestic league (tier 2)
2022/04/09,1. Division Denmark,0,Nykøbing FC,1369,1382.0,4 - 3,FC Helsingør,1574,1561.0,4,3,Denmark,domestic league (tier 2)
2022/04/30,1. Division Denmark,0,Nykøbing FC,1372,1361.0,2 - 3,FC Fredericia,1454,1465.0,2,3,Denmark,domestic league (tier 2)
2022/05/07,1. Division Denmark,0,Nykøbing FC,1361,1372.0,2 - 1,Hvidovre IF,1503,1492.0,2,1,Denmark,domestic league (tier 2)
2022/05/18,1. Division Denmark,0,Nykøbing FC,1362,1355.0,0 - 1,AC Horsens,1586,1593.0,0,1,Denmark,domestic league (tier 2)
2022/05/23,1. Division Denmark,0,Nykøbing FC,1355,1359.0,1 - 1,Lyngby BK,1591,1587.0,1,1,Denmark,domestic league (tier 2)
2022/07/23,1. Division Denmark,0,Nykøbing FC,1375,1374.0,2 - 2,FC Fredericia,1438,1439.0,2,2,Denmark,domestic league (tier 2)
2022/07/30,1. Division Denmark,0,Nykøbing FC,1374,1361.0,0 - 2,Hvidovre IF,1510,1523.0,0,2,Denmark,domestic league (tier 2)
2022/08/13,1. Division Denmark,0,Nykøbing FC,1367,1348.0,1 - 3,Vendsyssel FF,1381,1400.0,1,3,Denmark,domestic league (tier 2)
2022/08/26,1. Division Denmark,0,Nykøbing FC,1324,1322.0,1 - 1,Hobro IK,1366,1368.0,1,1,Denmark,domestic league (tier 2)
2022/09/07,Denmark Cup,0,Nykøbing FC,1319,1325.0,1 - 1,Odense BK,1667,1661.0,1,1,Denmark,domestic cup
2022/09/10,1. Division Denmark,0,Nykøbing FC,1325,1303.0,0 - 3,Fremad Amager,1330,1352.0,0,3,Denmark,domestic league (tier 2)
2022/10/01,1. Division Denmark,0,Nykøbing FC,1288,1283.0,2 - 3,SønderjyskE,1588,1593.0,2,3,Denmark,domestic league (tier 2)
2022/10/15,1. Division Denmark,0,Nykøbing FC,1299,1295.0,1 - 1,Hillerød GI,1232,1236.0,1,1,Denmark,domestic league (tier 2)
2022/10/29,1. Division Denmark,0,Nykøbing FC,1289,1285.0,4 - 5,Vejle BK,1607,1611.0,4,5,Denmark,domestic league (tier 2)
2022/11/08,Denmark Cup,0,Nykøbing FC,1301,1296.0,1 - 2,SønderjyskE,1571,1576.0,1,2,Denmark,domestic cup
2022/11/12,1. Division Denmark,0,Nykøbing FC,1296,1297.0,1 - 1,Næstved BK,1415,1414.0,1,1,Denmark,domestic league (tier 2)
2023/02/25,1. Division Denmark,0,Nykøbing FC,1293,1314.0,3 - 0,FC Helsingør,1469,1448.0,3,0,Denmark,domestic league (tier 2)
2023/03/11,1. Division Denmark,0,Nykøbing FC,1308,1323.0,4 - 2,HB Køge,1398,1383.0,4,2,Denmark,domestic league (tier 2)
2023/04/09,1. Division Denmark,0,Nykøbing FC,1321,1303.0,3 - 5,HB Køge,1350,1368.0,3,5,Denmark,domestic league (tier 2)
2023/04/21,1. Division Denmark,0,Nykøbing FC,1294,1301.0,2 - 1,Fremad Amager,1296,1289.0,2,1,Denmark,domestic league (tier 2)
2023/05/12,1. Division Denmark,0,Nykøbing FC,1286,1300.0,5 - 2,Hillerød GI,1319,1305.0,5,2,Denmark,domestic league (tier 2)
2023/05/19,1. Division Denmark,0,Nykøbing FC,1300,1290.0,1 - 2,Hobro IK,1389,1399.0,1,2,Denmark,domestic league (tier 2)
2023/06/02,1. Division Denmark,0,Nykøbing FC,1283,1267.0,1 - 5,FC Fredericia,1440,1456.0,1,5,Denmark,domestic league (tier 2)
2023/09/28,Denmark Cup,0,Nykøbing FC,1267,1265.0,0 - 1,Aarhus GF,1732,1734.0,0,1,Denmark,domestic cup
2024/09/10,Denmark Cup,0,Nykøbing FC,1265,1263.0,2 - 2,Fremad Amager,1300,1302.0,2,2,Denmark,domestic cup
2026/08/04,Denmark Cup,0,Nykøbing FC,1263,1276.0,2 - 0,B.93 København,1328,1315.0,2,0,Denmark,domestic cup
2026/08/18,Denmark Cup,0,Nykøbing FC,1276,1275.0,1 - 1,Næstved BK,1324,1325.0,1,1,Denmark,domestic cup
2026/09/09,Denmark Cup,0,Nykøbing FC,1275,,Info,Middelfart Boldklub,1198,,,,Denmark,domestic cup
2016/07/24,1. Division Denmark,0,Næstved BK,1339,1323.0,0 - 1,Nykøbing FC,1198,1214.0,0,1,Denmark,domestic league (tier 2)
2016/08/07,1. Division Denmark,0,Næstved BK,1325,1346.0,3 - 0,Hobro IK,1495,1474.0,3,0,Denmark,domestic league (tier 2)
2016/08/21,1. Division Denmark,0,Næstved BK,1367,1349.0,0 - 3,Vejle BK,1460,1478.0,0,3,Denmark,domestic league (tier 2)
2016/09/11,1. Division Denmark,0,Næstved BK,1368,1351.0,1 - 3,Vendsyssel FF,1431,1448.0,1,3,Denmark,domestic league (tier 2)
2016/09/25,1. Division Denmark,0,Næstved BK,1344,1332.0,0 - 1,Fremad Amager,1368,1380.0,0,1,Denmark,domestic league (tier 2)
2016/10/10,1. Division Denmark,0,Næstved BK,1323,1324.0,1 - 1,HB Køge,1457,1456.0,1,1,Denmark,domestic league (tier 2)
2016/10/23,1. Division Denmark,0,Næstved BK,1318,1336.0,5 - 1,FC Helsingør,1403,1385.0,5,1,Denmark,domestic league (tier 2)
2016/11/06,1. Division Denmark,0,Næstved BK,1361,1347.0,1 - 3,Vendsyssel FF,1474,1488.0,1,3,Denmark,domestic league (tier 2)
2016/11/27,1. Division Denmark,0,Næstved BK,1342,1350.0,2 - 0,AB Gladsaxe,1256,1248.0,2,0,Denmark,domestic league (tier 2)
2016/12/01,1. Division Denmark,0,Næstved BK,1350,1338.0,2 - 3,Skive IK,1368,1380.0,2,3,Denmark,domestic league (tier 2)
2017/03/19,1. Division Denmark,0,Næstved BK,1338,1337.0,1 - 1,Fremad Amager,1396,1397.0,1,1,Denmark,domestic league (tier 2)
2017/04/02,1. Division Denmark,0,Næstved BK,1332,1328.0,0 - 0,Nykøbing FC,1271,1275.0,0,0,Denmark,domestic league (tier 2)
2017/04/13,1. Division Denmark,0,Næstved BK,1330,1320.0,1 - 2,FC Roskilde,1425,1435.0,1,2,Denmark,domestic league (tier 2)
2017/04/30,1. Division Denmark,0,Næstved BK,1326,1325.0,3 - 3,Vejle BK,1405,1406.0,3,3,Denmark,domestic league (tier 2)
2017/05/07,1. Division Denmark,0,Næstved BK,1325,1338.0,2 - 0,FC Fredericia,1369,1356.0,2,0,Denmark,domestic league (tier 2)
2017/05/21,1. Division Denmark,0,Næstved BK,1350,1351.0,0 - 0,Hobro IK,1489,1488.0,0,0,Denmark,domestic league (tier 2)
2018/07/29,1. Division Denmark,0,Næstved BK,1363,1371.0,3 - 2,FC Fredericia,1387,1379.0,3,2,Denmark,domestic league (tier 2)
2018/08/12,1. Division Denmark,0,Næstved BK,1376,1371.0,1 - 1,Thisted FC,1279,1284.0,1,1,Denmark,domestic league (tier 2)
2018/08/22,1. Division Denmark,0,Næstved BK,1363,1374.0,1 - 0,HB Køge,1495,1484.0,1,0,Denmark,domestic league (tier 2)
2018/09/01,1. Division Denmark,0,Næstved BK,1368,1377.0,3 - 1,FC Roskilde,1321,1312.0,3,1,Denmark,domestic league (tier 2)
2018/09/23,1. Division Denmark,0,Næstved BK,1400,1406.0,2 - 1,Fremad Amager,1339,1333.0,2,1,Denmark,domestic league (tier 2)
2018/10/07,1. Division Denmark,0,Næstved BK,1405,1403.0,1 - 1,FC Helsingør,1437,1439.0,1,1,Denmark,domestic league (tier 2)
2018/10/21,1. Division Denmark,0,Næstved BK,1403,1411.0,1 - 0,Lyngby BK,1448,1440.0,1,0,Denmark,domestic league (tier 2)
2018/11/11,1. Division Denmark,0,Næstved BK,1431,1426.0,1 - 1,Hvidovre IF,1321,1326.0,1,1,Denmark,domestic league (tier 2)
2018/11/18,1. Division Denmark,0,Næstved BK,1426,1433.0,1 - 0,Nykøbing FC,1419,1412.0,1,0,Denmark,domestic league (tier 2)
2019/03/03,1. Division Denmark,0,Næstved BK,1419,1429.0,1 - 0,Viborg FF,1519,1509.0,1,0,Denmark,domestic league (tier 2)
2019/03/10,1. Division Denmark,0,Næstved BK,1429,1429.0,0 - 0,Silkeborg IF,1531,1531.0,0,0,Denmark,domestic league (tier 2)
2019/04/08,1. Division Denmark,0,Næstved BK,1441,1438.0,0 - 0,HB Køge,1419,1422.0,0,0,Denmark,domestic league (tier 2)
2019/04/24,1. Division Denmark,0,Næstved BK,1465,1460.0,0 - 0,Fremad Amager,1381,1386.0,0,0,Denmark,domestic league (tier 2)
2019/04/28,1. Division Denmark,0,Næstved BK,1460,1446.0,1 - 2,FC Fredericia,1412,1426.0,1,2,Denmark,domestic league (tier 2)
2019/05/08,1. Division Denmark,0,Næstved BK,1431,1442.0,4 - 1,FC Roskilde,1393,1382.0,4,1,Denmark,domestic league (tier 2)
2019/05/25,1. Division Denmark,0,Næstved BK,1433,1426.0,1 - 1,Thisted FC,1247,1254.0,1,1,Denmark,domestic league (tier 2)
2019/08/04,1. Division Denmark,0,Næstved BK,1407,1386.0,0 - 2,Kolding FC (as Kolding IF),1353,1374.0,0,2,Denmark,domestic league (tier 2)
2019/08/18,1. Division Denmark,0,Næstved BK,1376,1372.0,1 - 1,Hvidovre IF,1324,1328.0,1,1,Denmark,domestic league (tier 2)
2019/08/24,1. Division Denmark,0,Næstved BK,1387,1402.0,3 - 0,Vendsyssel FF,1447,1432.0,3,0,Denmark,domestic league (tier 2)
2019/09/08,1. Division Denmark,0,Næstved BK,1395,1401.0,1 - 0,FC Roskilde,1336,1330.0,1,0,Denmark,domestic league (tier 2)
2019/09/22,1. Division Denmark,0,Næstved BK,1404,1404.0,2 - 2,Viborg FF,1521,1521.0,2,2,Denmark,domestic league (tier 2)
2019/09/29,1. Division Denmark,0,Næstved BK,1404,1394.0,2 - 3,Vejle BK,1511,1521.0,2,3,Denmark,domestic league (tier 2)
2019/10/20,1. Division Denmark,0,Næstved BK,1386,1391.0,1 - 0,Skive IK,1297,1292.0,1,0,Denmark,domestic league (tier 2)
2019/10/24,1. Division Denmark,0,Næstved BK,1391,1377.0,1 - 3,Viborg FF,1509,1523.0,1,3,Denmark,domestic league (tier 2)
2019/11/03,1. Division Denmark,0,Næstved BK,1360,1360.0,1 - 1,FC Fredericia,1470,1470.0,1,1,Denmark,domestic league (tier 2)
2019/11/17,1. Division Denmark,0,Næstved BK,1356,1345.0,0 - 1,Fremad Amager,1407,1418.0,0,1,Denmark,domestic league (tier 2)
2020/03/08,1. Division Denmark,0,Næstved BK,1349,1347.0,0 - 0,Nykøbing FC,1387,1389.0,0,0,Denmark,domestic league (tier 2)
2020/06/07,1. Division Denmark,0,Næstved BK,1354,1362.0,2 - 1,HB Køge,1399,1391.0,2,1,Denmark,domestic league (tier 2)
2020/06/13,1. Division Denmark,0,Næstved BK,1356,1356.0,0 - 0,Vendsyssel FF,1447,1447.0,0,0,Denmark,domestic league (tier 2)
2020/06/24,1. Division Denmark,0,Næstved BK,1349,1352.0,1 - 1,Vejle BK,1567,1564.0,1,1,Denmark,domestic league (tier 2)
2020/06/30,1. Division Denmark,0,Næstved BK,1339,1341.0,2 - 2,Viborg FF,1504,1502.0,2,2,Denmark,domestic league (tier 2)
2020/07/03,1. Division Denmark,0,Næstved BK,1341,1329.0,0 - 1,Kolding FC (as Kolding IF),1383,1395.0,0,1,Denmark,domestic league (tier 2)
2020/07/16,1. Division Denmark,0,Næstved BK,1324,1304.0,0 - 2,FC Roskilde,1299,1319.0,0,2,Denmark,domestic league (tier 2)
2020/07/19,1. Division Denmark,0,Næstved BK,1304,1288.0,0 - 2,Hvidovre IF,1379,1395.0,0,2,Denmark,domestic league (tier 2)
2022/07/24,1. Division Denmark,0,Næstved BK,1286,1290.0,2 - 2,Hvidovre IF,1514,1510.0,2,2,Denmark,domestic league (tier 2)
2022/08/07,1. Division Denmark,0,Næstved BK,1306,1321.0,2 - 0,Hobro IK,1406,1391.0,2,0,Denmark,domestic league (tier 2)
2022/08/21,1. Division Denmark,0,Næstved BK,1320,1333.0,3 - 0,Nykøbing FC,1337,1324.0,3,0,Denmark,domestic league (tier 2)
2022/09/04,1. Division Denmark,0,Næstved BK,1341,1358.0,3 - 0,Vendsyssel FF,1422,1405.0,3,0,Denmark,domestic league (tier 2)
2022/09/28,Denmark Cup,0,Næstved BK,1379,1373.0,0 - 3,Silkeborg IF,1761,1767.0,0,3,Denmark,domestic cup
2022/10/02,1. Division Denmark,0,Næstved BK,1373,1379.0,2 - 0,Hillerød GI,1217,1211.0,2,0,Denmark,domestic league (tier 2)
2022/10/09,1. Division Denmark,0,Næstved BK,1379,1377.0,1 - 1,HB Køge,1410,1412.0,1,1,Denmark,domestic league (tier 2)
2022/10/23,1. Division Denmark,0,Næstved BK,1408,1398.0,2 - 3,FC Helsingør,1498,1508.0,2,3,Denmark,domestic league (tier 2)
2022/11/06,1. Division Denmark,0,Næstved BK,1401,1415.0,5 - 0,FC Fredericia,1388,1374.0,5,0,Denmark,domestic league (tier 2)
2023/02/19,1. Division Denmark,0,Næstved BK,1414,1415.0,0 - 0,SønderjyskE,1564,1563.0,0,0,Denmark,domestic league (tier 2)
2023/03/05,1. Division Denmark,0,Næstved BK,1403,1388.0,2 - 3,Fremad Amager,1319,1334.0,2,3,Denmark,domestic league (tier 2)
2023/03/18,1. Division Denmark,0,Næstved BK,1374,1365.0,0 - 2,Vejle BK,1617,1626.0,0,2,Denmark,domestic league (tier 2)
2023/04/02,1. Division Denmark,0,Næstved BK,1365,1377.0,3 - 2,Hvidovre IF,1539,1527.0,3,2,Denmark,domestic league (tier 2)
2023/04/20,1. Division Denmark,0,Næstved BK,1374,1378.0,1 - 1,Vejle BK,1609,1605.0,1,1,Denmark,domestic league (tier 2)
2023/05/07,1. Division Denmark,0,Næstved BK,1364,1374.0,2 - 1,FC Helsingør,1452,1442.0,2,1,Denmark,domestic league (tier 2)
2023/05/14,1. Division Denmark,0,Næstved BK,1374,1363.0,2 - 3,Vendsyssel FF,1428,1439.0,2,3,Denmark,domestic league (tier 2)
2023/05/28,1. Division Denmark,0,Næstved BK,1360,1363.0,3 - 3,SønderjyskE,1569,1566.0,3,3,Denmark,domestic league (tier 2)
2023/08/06,1. Division Denmark,0,Næstved BK,1368,1354.0,1 - 4,SønderjyskE,1545,1559.0,1,4,Denmark,domestic league (tier 2)
2023/08/13,1. Division Denmark,0,Næstved BK,1366,1354.0,1 - 2,Kolding IF,1379,1391.0,1,2,Denmark,domestic league (tier 2)
2023/08/22,1. Division Denmark,0,Næstved BK,1362,1348.0,0 - 1,B.93 København,1311,1325.0,0,1,Denmark,domestic league (tier 2)
2023/09/04,1. Division Denmark,0,Næstved BK,1342,1340.0,3 - 3,HB Køge,1369,1371.0,3,3,Denmark,domestic league (tier 2)
2023/09/24,1. Division Denmark,0,Næstved BK,1345,1341.0,2 - 2,Hillerød Fodbold,1303,1307.0,2,2,Denmark,domestic league (tier 2)
2023/09/27,Denmark Cup,0,Næstved BK,1341,1338.0,0 - 2,FC Midtjylland,1802,1805.0,0,2,Denmark,domestic cup
2023/10/08,1. Division Denmark,0,Næstved BK,1332,1341.0,1 - 0,Hobro IK,1408,1399.0,1,0,Denmark,domestic league (tier 2)
2023/10/29,1. Division Denmark,0,Næstved BK,1334,1334.0,1 - 1,Vendsyssel FF,1435,1435.0,1,1,Denmark,domestic league (tier 2)
2023/11/12,1. Division Denmark,0,Næstved BK,1328,1334.0,1 - 1,Aalborg BK,1683,1677.0,1,1,Denmark,domestic league (tier 2)
2023/12/05,1. Division Denmark,0,Næstved BK,1331,1328.0,2 - 2,FC Helsingør,1340,1343.0,2,2,Denmark,domestic league (tier 2)
2024/03/03,1. Division Denmark,0,Næstved BK,1332,1333.0,1 - 1,AC Horsens,1468,1467.0,1,1,Denmark,domestic league (tier 2)
2024/03/09,1. Division Denmark,0,Næstved BK,1333,1336.0,0 - 0,FC Fredericia,1535,1532.0,0,0,Denmark,domestic league (tier 2)
2024/04/07,1. Division Denmark,0,Næstved BK,1359,1365.0,2 - 1,HB Køge,1327,1321.0,2,1,Denmark,domestic league (tier 2)
2024/04/12,1. Division Denmark,0,Næstved BK,1365,1348.0,0 - 2,AC Horsens,1427,1444.0,0,2,Denmark,domestic league (tier 2)
2024/05/03,1. Division Denmark,0,Næstved BK,1342,1349.0,1 - 0,B.93 København,1352,1345.0,1,0,Denmark,domestic league (tier 2)
2024/05/20,1. Division Denmark,0,Næstved BK,1344,1327.0,1 - 3,Hillerød Fodbold,1409,1426.0,1,3,Denmark,domestic league (tier 2)
2024/06/01,1. Division Denmark,0,Næstved BK,1320,1326.0,1 - 0,FC Helsingør,1266,1260.0,1,0,Denmark,domestic league (tier 2)
2024/08/07,Denmark Cup,0,Næstved BK,1326,1312.0,0 - 2,Hillerød Fodbold,1450,1464.0,0,2,Denmark,domestic cup
2026/08/06,Denmark Cup,0,Næstved BK,1312,1324.0,1 - 0,Hvidovre IF,1468,1456.0,1,0,Denmark,domestic cup
2016/07/15,Superligaen,0,Odense BK,1674,1669.0,0 - 0,Silkeborg IF,1570,1575.0,0,0,Denmark,domestic league (tier 1)
2016/08/06,Superligaen,0,Odense BK,1672,1667.0,0 - 0,Viborg FF,1602,1607.0,0,0,Denmark,domestic league (tier 1)
2016/08/14,Superligaen,0,Odense BK,1667,1676.0,3 - 1,FC Nordsjælland,1613,1604.0,3,1,Denmark,domestic league (tier 1)
2016/08/28,Superligaen,0,Odense BK,1666,1650.0,0 - 1,AC Horsens,1515,1531.0,0,1,Denmark,domestic league (tier 1)
2016/09/18,Superligaen,0,Odense BK,1662,1653.0,0 - 1,FC Midtjylland,1808,1817.0,0,1,Denmark,domestic league (tier 1)
2016/09/30,Superligaen,0,Odense BK,1641,1648.0,2 - 1,Aarhus GF,1648,1641.0,2,1,Denmark,domestic league (tier 1)
2016/10/23,Superligaen,0,Odense BK,1627,1620.0,0 - 3,FC København,1954,1961.0,0,3,Denmark,domestic league (tier 1)
2016/11/06,Superligaen,0,Odense BK,1622,1609.0,1 - 2,Lyngby BK,1612,1625.0,1,2,Denmark,domestic league (tier 1)
2016/11/20,Superligaen,0,Odense BK,1609,1622.0,1 - 0,Brøndby IF,1806,1793.0,1,0,Denmark,domestic league (tier 1)
2016/12/01,Superligaen,0,Odense BK,1619,1604.0,0 - 1,Esbjerg fB,1540,1555.0,0,1,Denmark,domestic league (tier 1)
2017/02/20,Superligaen,0,Odense BK,1618,1635.0,3 - 0,Randers FC,1700,1683.0,3,0,Denmark,domestic league (tier 1)
2017/03/06,Superligaen,0,Odense BK,1635,1652.0,4 - 0,Aalborg BK,1695,1678.0,4,0,Denmark,domestic league (tier 1)
2017/03/12,Superligaen,0,Odense BK,1652,1642.0,0 - 1,SønderjyskE,1736,1746.0,0,1,Denmark,domestic league (tier 1)
2017/04/07,Superligaen,0,Odense BK,1654,1663.0,3 - 0,Esbjerg fB,1581,1572.0,3,0,Denmark,domestic league (tier 1)
2017/04/18,Superligaen,0,Odense BK,1663,1670.0,1 - 0,Randers FC,1651,1644.0,1,0,Denmark,domestic league (tier 1)
2017/04/28,Superligaen,0,Odense BK,1655,1659.0,2 - 1,AC Horsens,1517,1513.0,2,1,Denmark,domestic league (tier 1)
2017/05/13,Superligaen,0,Odense BK,1660,1669.0,3 - 1,Silkeborg IF,1601,1592.0,3,1,Denmark,domestic league (tier 1)
2017/05/20,Superligaen,0,Odense BK,1660,1657.0,1 - 1,Randers FC,1667,1670.0,1,1,Denmark,domestic league (tier 1)
2017/07/17,Superligaen,0,Odense BK,1647,1636.0,1 - 2,FC Nordsjælland,1697,1708.0,1,2,Denmark,domestic league (tier 1)
2017/07/29,Superligaen,0,Odense BK,1647,1653.0,1 - 0,AC Horsens,1589,1583.0,1,0,Denmark,domestic league (tier 1)
2017/08/06,Superligaen,0,Odense BK,1653,1649.0,0 - 0,Aalborg BK,1587,1591.0,0,0,Denmark,domestic league (tier 1)
2017/08/20,Superligaen,0,Odense BK,1652,1638.0,0 - 2,FC Midtjylland,1778,1792.0,0,2,Denmark,domestic league (tier 1)
2017/09/10,Superligaen,0,Odense BK,1643,1644.0,1 - 1,Brøndby IF,1770,1769.0,1,1,Denmark,domestic league (tier 1)
2017/09/24,Superligaen,0,Odense BK,1640,1651.0,3 - 1,Randers FC,1646,1635.0,3,1,Denmark,domestic league (tier 1)
2017/10/15,Superligaen,0,Odense BK,1652,1666.0,1 - 0,FC København,1893,1879.0,1,0,Denmark,domestic league (tier 1)
2017/11/05,Superligaen,0,Odense BK,1673,1650.0,0 - 3,SønderjyskE,1663,1686.0,0,3,Denmark,domestic league (tier 1)
2017/11/26,Superligaen,0,Odense BK,1652,1662.0,3 - 0,Hobro IK,1600,1590.0,3,0,Denmark,domestic league (tier 1)
2017/12/10,Superligaen,0,Odense BK,1657,1642.0,1 - 2,Silkeborg IF,1571,1586.0,1,2,Denmark,domestic league (tier 1)
2018/02/11,Superligaen,0,Odense BK,1642,1648.0,6 - 1,FC Helsingør,1447,1441.0,6,1,Denmark,domestic league (tier 1)
2018/02/28,Superligaen,0,Odense BK,1640,1650.0,3 - 1,Lyngby BK,1620,1610.0,3,1,Denmark,domestic league (tier 1)
2018/03/09,Superligaen,0,Odense BK,1647,1633.0,0 - 1,Aarhus GF,1616,1630.0,0,1,Denmark,domestic league (tier 1)
2018/04/02,Superligaen,0,Odense BK,1618,1627.0,2 - 1,SønderjyskE,1687,1678.0,2,1,Denmark,domestic league (tier 1)
2018/04/15,Superligaen,0,Odense BK,1628,1638.0,3 - 0,Randers FC,1577,1567.0,3,0,Denmark,domestic league (tier 1)
2018/04/22,Superligaen,0,Odense BK,1639,1648.0,3 - 0,Lyngby BK,1563,1554.0,3,0,Denmark,domestic league (tier 1)
2018/05/13,Superligaen,0,Odense BK,1631,1619.0,2 - 3,Aarhus GF,1654,1666.0,2,3,Denmark,domestic league (tier 1)
2018/07/22,Superligaen,0,Odense BK,1609,1607.0,2 - 2,SønderjyskE,1638,1640.0,2,2,Denmark,domestic league (tier 1)
2018/08/05,Superligaen,0,Odense BK,1600,1594.0,0 - 1,FC København,1829,1835.0,0,1,Denmark,domestic league (tier 1)
2018/08/19,Superligaen,0,Odense BK,1586,1591.0,1 - 1,FC Midtjylland,1898,1893.0,1,1,Denmark,domestic league (tier 1)
2018/09/02,Superligaen,0,Odense BK,1607,1608.0,0 - 0,FC Nordsjælland,1727,1726.0,0,0,Denmark,domestic league (tier 1)
2018/09/24,Superligaen,0,Odense BK,1603,1617.0,4 - 0,AC Horsens,1615,1601.0,4,0,Denmark,domestic league (tier 1)
2018/10/06,Superligaen,0,Odense BK,1640,1639.0,2 - 2,Aarhus GF,1703,1704.0,2,2,Denmark,domestic league (tier 1)
2018/11/02,Superligaen,0,Odense BK,1649,1654.0,1 - 0,Hobro IK,1548,1543.0,1,0,Denmark,domestic league (tier 1)
2018/11/11,Superligaen,0,Odense BK,1669,1675.0,2 - 1,Esbjerg fB,1640,1634.0,2,1,Denmark,domestic league (tier 1)
2018/12/01,Superligaen,0,Odense BK,1696,1701.0,2 - 0,Vendsyssel FF,1512,1507.0,2,0,Denmark,domestic league (tier 1)
2018/12/14,Superligaen,0,Odense BK,1696,1682.0,1 - 2,Aalborg BK,1663,1677.0,1,2,Denmark,domestic league (tier 1)
2019/02/17,Superligaen,0,Odense BK,1676,1680.0,1 - 0,Vejle BK,1519,1515.0,1,0,Denmark,domestic league (tier 1)
2019/03/03,Superligaen,0,Odense BK,1686,1702.0,2 - 0,Brøndby IF,1810,1794.0,2,0,Denmark,domestic league (tier 1)
2019/03/17,Superligaen,0,Odense BK,1714,1719.0,1 - 0,Randers FC,1639,1634.0,1,0,Denmark,domestic league (tier 1)
2019/04/07,Superligaen,0,Odense BK,1718,1710.0,0 - 1,FC København,1904,1912.0,0,1,Denmark,domestic league (tier 1)
2019/04/19,Superligaen,0,Odense BK,1706,1703.0,2 - 2,FC Nordsjælland,1708,1711.0,2,2,Denmark,domestic league (tier 1)
2019/05/05,Superligaen,0,Odense BK,1699,1719.0,3 - 1,FC Midtjylland,1911,1891.0,3,1,Denmark,domestic league (tier 1)
2019/05/10,Superligaen,0,Odense BK,1719,1729.0,4 - 1,Esbjerg fB,1661,1651.0,4,1,Denmark,domestic league (tier 1)
2019/05/25,Superligaen,0,Odense BK,1731,1715.0,0 - 2,Brøndby IF,1804,1820.0,0,2,Denmark,domestic league (tier 1)
2019/07/14,Superligaen,0,Odense BK,1715,1707.0,2 - 3,FC København,1897,1905.0,2,3,Denmark,domestic league (tier 1)
2019/07/22,Superligaen,0,Odense BK,1707,1712.0,4 - 1,Lyngby BK,1509,1504.0,4,1,Denmark,domestic league (tier 1)
2019/08/09,Superligaen,0,Odense BK,1718,1724.0,1 - 0,Randers FC,1660,1654.0,1,0,Denmark,domestic league (tier 1)
2019/08/30,Superligaen,0,Odense BK,1712,1707.0,0 - 0,SønderjyskE,1601,1606.0,0,0,Denmark,domestic league (tier 1)
2019/09/20,Superligaen,0,Odense BK,1720,1707.0,1 - 2,Aarhus GF,1723,1736.0,1,2,Denmark,domestic league (tier 1)
2019/10/06,Superligaen,0,Odense BK,1723,1729.0,3 - 0,AC Horsens,1539,1533.0,3,0,Denmark,domestic league (tier 1)
2019/10/27,Superligaen,0,Odense BK,1720,1731.0,3 - 1,FC Nordsjælland,1728,1717.0,3,1,Denmark,domestic league (tier 1)
2019/11/03,Superligaen,0,Odense BK,1723,1726.0,2 - 1,Hobro IK,1550,1547.0,2,1,Denmark,domestic league (tier 1)
2019/11/25,Superligaen,0,Odense BK,1713,1705.0,1 - 2,FC Midtjylland,1881,1889.0,1,2,Denmark,domestic league (tier 1)
2019/12/09,Superligaen,0,Odense BK,1693,1690.0,0 - 0,Aalborg BK,1682,1685.0,0,0,Denmark,domestic league (tier 1)
2020/02/16,Superligaen,0,Odense BK,1687,1670.0,0 - 2,Brøndby IF,1740,1757.0,0,2,Denmark,domestic league (tier 1)
2020/03/01,Superligaen,0,Odense BK,1673,1666.0,1 - 1,Silkeborg IF,1497,1504.0,1,1,Denmark,domestic league (tier 1)
2020/06/07,Superligaen,0,Odense BK,1662,1669.0,3 - 1,Esbjerg fB,1568,1561.0,3,1,Denmark,domestic league (tier 1)
2020/06/18,Superligaen,0,Odense BK,1645,1655.0,2 - 0,SønderjyskE,1612,1602.0,2,0,Denmark,domestic league (tier 1)
2020/06/29,Superligaen,0,Odense BK,1665,1671.0,3 - 1,Lyngby BK,1531,1525.0,3,1,Denmark,domestic league (tier 1)
2020/07/08,Superligaen,0,Odense BK,1673,1649.0,1 - 3,Silkeborg IF,1540,1564.0,1,3,Denmark,domestic league (tier 1)
2020/07/19,Superligaen,0,Odense BK,1642,1653.0,2 - 0,Randers FC,1651,1640.0,2,0,Denmark,domestic league (tier 1)
2020/07/23,Superligaen,0,Odense BK,1653,1663.0,3 - 1,AC Horsens,1621,1611.0,3,1,Denmark,domestic league (tier 1)
2020/09/13,Superligaen,0,Odense BK,1660,1673.0,3 - 2,FC København,1852,1839.0,3,2,Denmark,domestic league (tier 1)
2020/09/20,Superligaen,0,Odense BK,1673,1671.0,1 - 1,FC Nordsjælland,1699,1701.0,1,1,Denmark,domestic league (tier 1)
2020/10/04,Superligaen,0,Odense BK,1664,1649.0,0 - 1,Vejle BK,1575,1590.0,0,1,Denmark,domestic league (tier 1)
2020/11/01,Superligaen,0,Odense BK,1662,1667.0,1 - 0,AC Horsens,1584,1579.0,1,0,Denmark,domestic league (tier 1)
2020/11/22,Superligaen,0,Odense BK,1660,1658.0,1 - 1,SønderjyskE,1697,1699.0,1,1,Denmark,domestic league (tier 1)
2020/12/04,Superligaen,0,Odense BK,1651,1660.0,2 - 1,Aalborg BK,1731,1722.0,2,1,Denmark,domestic league (tier 1)
2020/12/14,Superligaen,0,Odense BK,1668,1672.0,1 - 1,FC Midtjylland,1915,1911.0,1,1,Denmark,domestic league (tier 1)
2021/02/03,Superligaen,0,Odense BK,1678,1661.0,0 - 1,Lyngby BK,1502,1519.0,0,1,Denmark,domestic league (tier 1)
2021/02/14,Superligaen,0,Odense BK,1674,1674.0,0 - 0,Aarhus GF,1791,1791.0,0,0,Denmark,domestic league (tier 1)
2021/02/28,Superligaen,0,Odense BK,1673,1681.0,2 - 1,Randers FC,1707,1699.0,2,1,Denmark,domestic league (tier 1)
2021/03/14,Superligaen,0,Odense BK,1663,1647.0,0 - 3,Brøndby IF,1797,1813.0,0,3,Denmark,domestic league (tier 1)
2021/04/09,Superligaen,0,Odense BK,1668,1653.0,0 - 1,Vejle BK,1583,1598.0,0,1,Denmark,domestic league (tier 1)
2021/04/18,Superligaen,0,Odense BK,1653,1650.0,1 - 1,SønderjyskE,1646,1649.0,1,1,Denmark,domestic league (tier 1)
2021/04/25,Superligaen,0,Odense BK,1644,1653.0,2 - 0,Lyngby BK,1583,1574.0,2,0,Denmark,domestic league (tier 1)
2021/05/07,Superligaen,0,Odense BK,1643,1651.0,1 - 0,Aalborg BK,1685,1677.0,1,0,Denmark,domestic league (tier 1)
2021/05/24,Superligaen,0,Odense BK,1663,1672.0,4 - 0,AC Horsens,1556,1547.0,4,0,Denmark,domestic league (tier 1)
2021/08/01,Superligaen,0,Odense BK,1693,1680.0,0 - 2,FC København,1841,1854.0,0,2,Denmark,domestic league (tier 1)
2021/08/15,Superligaen,0,Odense BK,1671,1669.0,1 - 1,Silkeborg IF,1688,1690.0,1,1,Denmark,domestic league (tier 1)
2021/08/21,Superligaen,0,Odense BK,1669,1669.0,2 - 2,Brøndby IF,1784,1784.0,2,2,Denmark,domestic league (tier 1)
2021/09/13,Superligaen,0,Odense BK,1676,1682.0,2 - 1,SønderjyskE,1614,1608.0,2,1,Denmark,domestic league (tier 1)
2021/10/01,Superligaen,0,Odense BK,1692,1700.0,6 - 0,Vejle BK,1549,1541.0,6,0,Denmark,domestic league (tier 1)
2021/10/17,Superligaen,0,Odense BK,1700,1688.0,1 - 2,Randers FC,1746,1758.0,1,2,Denmark,domestic league (tier 1)
2021/11/01,Superligaen,0,Odense BK,1713,1709.0,0 - 0,Aarhus GF,1677,1681.0,0,0,Denmark,domestic league (tier 1)
2021/11/19,Superligaen,0,Odense BK,1704,1690.0,2 - 3,Viborg FF,1661,1675.0,2,3,Denmark,domestic league (tier 1)
2021/11/28,Superligaen,0,Odense BK,1690,1699.0,2 - 0,FC Nordsjælland,1644,1635.0,2,0,Denmark,domestic league (tier 1)
2021/12/12,Denmark Cup,0,Odense BK,1721,1709.0,1 - 2,Randers FC,1737,1749.0,1,2,Denmark,domestic cup
2022/02/27,Superligaen,0,Odense BK,1704,1706.0,2 - 2,FC Midtjylland,1867,1865.0,2,2,Denmark,domestic league (tier 1)
2022/03/14,Superligaen,0,Odense BK,1705,1693.0,2 - 3,Aalborg BK,1733,1745.0,2,3,Denmark,domestic league (tier 1)
2022/04/03,Superligaen,0,Odense BK,1677,1683.0,2 - 1,FC Nordsjælland,1632,1626.0,2,1,Denmark,domestic league (tier 1)
2022/04/14,Superligaen,0,Odense BK,1683,1688.0,2 - 1,Vejle BK,1598,1593.0,2,1,Denmark,domestic league (tier 1)
2022/05/01,Superligaen,0,Odense BK,1712,1718.0,1 - 0,Aarhus GF,1651,1645.0,1,0,Denmark,domestic league (tier 1)
2022/05/05,Denmark Cup,0,Odense BK,1718,1725.0,3 - 0,SønderjyskE,1581,1574.0,3,0,Denmark,domestic cup
2022/05/12,Superligaen,0,Odense BK,1726,1722.0,1 - 1,Viborg FF,1679,1683.0,1,1,Denmark,domestic league (tier 1)
2022/05/15,Superligaen,0,Odense BK,1722,1716.0,1 - 1,SønderjyskE,1578,1584.0,1,1,Denmark,domestic league (tier 1)
2022/05/26,Denmark Cup,0,Odense BK,1705,1711.0,0 - 0,FC Midtjylland,1925,1919.0,0,0,Denmark,domestic cup
2022/07/18,Superligaen,0,Odense BK,1711,1690.0,0 - 2,FC Nordsjælland,1662,1683.0,0,2,Denmark,domestic league (tier 1)
2022/07/29,Superligaen,0,Odense BK,1693,1678.0,1 - 5,FC Midtjylland,1872,1887.0,1,5,Denmark,domestic league (tier 1)
2022/08/07,Superligaen,0,Odense BK,1678,1664.0,1 - 2,Aarhus GF,1633,1647.0,1,2,Denmark,domestic league (tier 1)
2022/08/22,Superligaen,0,Odense BK,1656,1663.0,1 - 0,AC Horsens,1632,1625.0,1,0,Denmark,domestic league (tier 1)
2022/09/04,Superligaen,0,Odense BK,1679,1667.0,1 - 2,Viborg FF,1721,1733.0,1,2,Denmark,domestic league (tier 1)
2022/09/10,Superligaen,0,Odense BK,1661,1674.0,2 - 1,FC København,1879,1866.0,2,1,Denmark,domestic league (tier 1)
2022/10/09,Superligaen,0,Odense BK,1691,1691.0,1 - 1,Silkeborg IF,1787,1787.0,1,1,Denmark,domestic league (tier 1)
2022/10/21,Superligaen,0,Odense BK,1695,1700.0,3 - 1,Lyngby BK,1534,1529.0,3,1,Denmark,domestic league (tier 1)
2022/11/06,Superligaen,0,Odense BK,1716,1714.0,1 - 1,Brøndby IF,1730,1732.0,1,1,Denmark,domestic league (tier 1)
2023/02/19,Superligaen,0,Odense BK,1715,1712.0,0 - 0,Randers FC,1691,1694.0,0,0,Denmark,domestic league (tier 1)
2023/03/10,Superligaen,0,Odense BK,1697,1703.0,2 - 1,Aalborg BK,1669,1663.0,2,1,Denmark,domestic league (tier 1)
2023/03/31,Superligaen,0,Odense BK,1695,1681.0,1 - 3,FC Midtjylland,1809,1823.0,1,3,Denmark,domestic league (tier 1)
2023/04/16,Superligaen,0,Odense BK,1693,1706.0,2 - 0,Silkeborg IF,1742,1729.0,2,0,Denmark,domestic league (tier 1)
2023/04/24,Superligaen,0,Odense BK,1706,1700.0,2 - 2,Lyngby BK,1589,1595.0,2,2,Denmark,domestic league (tier 1)
2023/05/12,Superligaen,0,Odense BK,1712,1709.0,1 - 1,Aalborg BK,1698,1701.0,1,1,Denmark,domestic league (tier 1)
2023/05/26,Superligaen,0,Odense BK,1727,1730.0,2 - 1,AC Horsens,1555,1552.0,2,1,Denmark,domestic league (tier 1)
2023/07/23,Superligaen,0,Odense BK,1723,1719.0,2 - 2,Randers FC,1678,1682.0,2,2,Denmark,domestic league (tier 1)
2023/08/07,Superligaen,0,Odense BK,1733,1721.0,1 - 2,Viborg FF,1745,1757.0,1,2,Denmark,domestic league (tier 1)
2023/08/20,Superligaen,0,Odense BK,1718,1716.0,1 - 1,Aarhus GF,1743,1745.0,1,1,Denmark,domestic league (tier 1)
2023/09/01,Superligaen,0,Odense BK,1730,1714.0,1 - 2,Vejle BK,1590,1606.0,1,2,Denmark,domestic league (tier 1)
2023/09/18,Superligaen,0,Odense BK,1714,1693.0,0 - 3,Silkeborg IF,1750,1771.0,0,3,Denmark,domestic league (tier 1)
2023/10/02,Superligaen,0,Odense BK,1694,1680.0,1 - 2,Lyngby BK,1640,1654.0,1,2,Denmark,domestic league (tier 1)
2023/10/23,Superligaen,0,Odense BK,1696,1687.0,1 - 2,FC Midtjylland,1823,1832.0,1,2,Denmark,domestic league (tier 1)
2023/11/12,Superligaen,0,Odense BK,1675,1649.0,0 - 2,Hvidovre IF,1473,1499.0,0,2,Denmark,domestic league (tier 1)
2023/12/03,Superligaen,0,Odense BK,1662,1665.0,1 - 1,FC Nordsjælland,1856,1853.0,1,1,Denmark,domestic league (tier 1)
2024/02/25,Superligaen,0,Odense BK,1679,1664.0,0 - 3,Brøndby IF,1820,1835.0,0,3,Denmark,domestic league (tier 1)
2024/03/17,Superligaen,0,Odense BK,1681,1672.0,0 - 2,FC København,1926,1935.0,0,2,Denmark,domestic league (tier 1)
2024/04/02,Superligaen,0,Odense BK,1672,1658.0,0 - 1,Vejle BK,1630,1644.0,0,1,Denmark,domestic league (tier 1)
2024/04/12,Superligaen,0,Odense BK,1659,1641.0,1 - 3,Viborg FF,1692,1710.0,1,3,Denmark,domestic league (tier 1)
2024/04/28,Superligaen,0,Odense BK,1645,1629.0,1 - 2,Hvidovre IF,1503,1519.0,1,2,Denmark,domestic league (tier 1)
2024/05/10,Superligaen,0,Odense BK,1622,1608.0,1 - 2,Lyngby BK,1577,1591.0,1,2,Denmark,domestic league (tier 1)
2024/05/19,Superligaen,0,Odense BK,1618,1631.0,2 - 0,Randers FC,1676,1663.0,2,0,Denmark,domestic league (tier 1)
2024/08/03,1. Division Denmark,0,Odense BK,1640,1646.0,2 - 0,Hvidovre IF,1508,1502.0,2,0,Denmark,domestic league (tier 2)
2024/08/10,1. Division Denmark,0,Odense BK,1646,1649.0,1 - 0,Hillerød Fodbold,1464,1461.0,1,0,Denmark,domestic league (tier 2)
2024/08/21,1. Division Denmark,0,Odense BK,1657,1665.0,3 - 0,FC Fredericia,1536,1528.0,3,0,Denmark,domestic league (tier 2)
2024/08/30,1. Division Denmark,0,Odense BK,1678,1681.0,2 - 0,Vendsyssel FF,1416,1413.0,2,0,Denmark,domestic league (tier 2)
2024/09/22,1. Division Denmark,0,Odense BK,1677,1678.0,3 - 2,FC Roskilde,1326,1325.0,3,2,Denmark,domestic league (tier 2)
2024/10/04,1. Division Denmark,0,Odense BK,1685,1652.0,0 - 3,HB Køge,1284,1317.0,0,3,Denmark,domestic league (tier 2)
2024/10/26,1. Division Denmark,0,Odense BK,1659,1661.0,2 - 1,Esbjerg fB,1402,1400.0,2,1,Denmark,domestic league (tier 2)
2024/11/09,1. Division Denmark,0,Odense BK,1678,1681.0,3 - 2,AC Horsens,1467,1464.0,3,2,Denmark,domestic league (tier 2)
2024/12/01,1. Division Denmark,0,Odense BK,1676,1667.0,3 - 3,B.93 København,1326,1335.0,3,3,Denmark,domestic league (tier 2)
2025/03/02,1. Division Denmark,0,Odense BK,1664,1656.0,1 - 1,Hobro IK,1412,1420.0,1,1,Denmark,domestic league (tier 2)
2025/03/08,1. Division Denmark,0,Odense BK,1656,1650.0,1 - 1,Kolding IF,1505,1511.0,1,1,Denmark,domestic league (tier 2)
2025/03/30,1. Division Denmark,0,Odense BK,1648,1652.0,1 - 0,AC Horsens,1488,1484.0,1,0,Denmark,domestic league (tier 2)
2025/04/17,1. Division Denmark,0,Odense BK,1656,1660.0,4 - 3,Kolding IF,1494,1490.0,4,3,Denmark,domestic league (tier 2)
2025/04/26,1. Division Denmark,0,Odense BK,1648,1642.0,1 - 1,Hvidovre IF,1490,1496.0,1,1,Denmark,domestic league (tier 2)
2025/05/03,1. Division Denmark,0,Odense BK,1642,1637.0,1 - 1,FC Fredericia,1567,1572.0,1,1,Denmark,domestic league (tier 2)
2025/05/23,1. Division Denmark,0,Odense BK,1635,1639.0,4 - 2,Esbjerg fB,1389,1385.0,4,2,Denmark,domestic league (tier 2)
2025/07/27,Superligaen,0,Odense BK,1647,1661.0,3 - 1,Viborg FF,1717,1703.0,3,1,Denmark,domestic league (tier 1)
2025/08/11,Superligaen,0,Odense BK,1645,1656.0,3 - 2,Randers FC,1764,1753.0,3,2,Denmark,domestic league (tier 1)
2025/08/18,Superligaen,0,Odense BK,1656,1636.0,1 - 5,Aarhus GF,1737,1757.0,1,5,Denmark,domestic league (tier 1)
2025/08/31,Superligaen,0,Odense BK,1645,1636.0,1 - 2,FC Nordsjælland,1769,1778.0,1,2,Denmark,domestic league (tier 1)
2025/09/19,Superligaen,0,Odense BK,1631,1638.0,3 - 2,FC Fredericia,1631,1624.0,3,2,Denmark,domestic league (tier 1)
2025/10/03,Superligaen,0,Odense BK,1631,1629.0,1 - 1,SønderjyskE,1664,1666.0,1,1,Denmark,domestic league (tier 1)
2025/10/27,Superligaen,0,Odense BK,1651,1637.0,1 - 4,Brøndby IF,1823,1837.0,1,4,Denmark,domestic league (tier 1)
2025/11/07,Superligaen,0,Odense BK,1662,1661.0,1 - 1,Silkeborg IF,1730,1731.0,1,1,Denmark,domestic league (tier 1)
2025/11/30,Superligaen,0,Odense BK,1665,1675.0,3 - 0,Vejle BK,1596,1586.0,3,0,Denmark,domestic league (tier 1)
2025/12/11,Denmark Cup,0,Odense BK,1691,1703.0,1 - 0,Aarhus GF,1857,1845.0,1,0,Denmark,domestic cup
2026/02/15,Superligaen,0,Odense BK,1693,1685.0,1 - 4,FC Midtjylland,2015,2023.0,1,4,Denmark,domestic league (tier 1)
2026/02/21,Superligaen,0,Odense BK,1685,1688.0,2 - 2,FC København,1876,1873.0,2,2,Denmark,domestic league (tier 1)
2026/03/15,Superligaen,0,Odense BK,1682,1694.0,2 - 1,FC København,1866,1854.0,2,1,Denmark,domestic league (tier 1)
2026/04/06,Superligaen,0,Odense BK,1694,1699.0,1 - 0,FC Fredericia,1624,1619.0,1,0,Denmark,domestic league (tier 1)
2026/04/19,Superligaen,0,Odense BK,1687,1698.0,3 - 1,Randers FC,1702,1691.0,3,1,Denmark,domestic league (tier 1)
2026/05/03,Superligaen,0,Odense BK,1710,1697.0,2 - 3,Silkeborg IF,1705,1718.0,2,3,Denmark,domestic league (tier 1)
2026/05/17,Superligaen,0,Odense BK,1699,1683.0,0 - 1,Vejle BK,1581,1597.0,0,1,Denmark,domestic league (tier 1)
2026/08/03,Superligaen,0,Odense BK,1677,1685.0,1 - 0,SønderjyskE,1712,1704.0,1,0,Denmark,domestic league (tier 1)
2026/08/16,Superligaen,0,Odense BK,1678,1662.0,1 - 2,AC Horsens,1532,1548.0,1,2,Denmark,domestic league (tier 1)
2026/09/06,Superligaen,0,Odense BK,1680,,Info,FC København,1914,,,,Denmark,domestic league (tier 1)
2016/07/24,Superligaen,0,Randers FC,1725,1712.0,0 - 1,Aalborg BK,1711,1724.0,0,1,Denmark,domestic league (tier 1)
2016/08/05,Superligaen,0,Randers FC,1724,1727.0,1 - 0,AC Horsens,1511,1508.0,1,0,Denmark,domestic league (tier 1)
2016/08/26,Superligaen,0,Randers FC,1735,1738.0,1 - 0,Silkeborg IF,1518,1515.0,1,0,Denmark,domestic league (tier 1)
2016/09/09,Superligaen,0,Randers FC,1738,1743.0,2 - 0,Lyngby BK,1560,1555.0,2,0,Denmark,domestic league (tier 1)
2016/09/21,Superligaen,0,Randers FC,1741,1744.0,2 - 2,FC København,1947,1944.0,2,2,Denmark,domestic league (tier 1)
2016/09/25,Superligaen,0,Randers FC,1744,1720.0,0 - 4,SønderjyskE,1739,1763.0,0,4,Denmark,domestic league (tier 1)
2016/10/16,Superligaen,0,Randers FC,1729,1738.0,3 - 0,Odense BK,1648,1639.0,3,0,Denmark,domestic league (tier 1)
2016/11/05,Superligaen,0,Randers FC,1741,1745.0,2 - 1,FC Nordsjælland,1610,1606.0,2,1,Denmark,domestic league (tier 1)
2016/11/20,Superligaen,0,Randers FC,1745,1748.0,2 - 1,Viborg FF,1556,1553.0,2,1,Denmark,domestic league (tier 1)
2016/11/30,Superligaen,0,Randers FC,1738,1727.0,0 - 1,Brøndby IF,1798,1809.0,0,1,Denmark,domestic league (tier 1)
2016/12/11,Superligaen,0,Randers FC,1725,1700.0,0 - 2,Esbjerg fB,1559,1584.0,0,2,Denmark,domestic league (tier 1)
2017/02/24,Superligaen,0,Randers FC,1683,1668.0,0 - 2,FC Midtjylland,1774,1789.0,0,2,Denmark,domestic league (tier 1)
2017/03/10,Superligaen,0,Randers FC,1654,1651.0,1 - 1,Aarhus GF,1636,1639.0,1,1,Denmark,domestic league (tier 1)
2017/04/07,Superligaen,0,Randers FC,1657,1663.0,2 - 0,AC Horsens,1527,1521.0,2,0,Denmark,domestic league (tier 1)
2017/04/23,Superligaen,0,Randers FC,1644,1659.0,4 - 0,Odense BK,1670,1655.0,4,0,Denmark,domestic league (tier 1)
2017/04/28,Superligaen,0,Randers FC,1659,1654.0,0 - 0,Esbjerg fB,1576,1581.0,0,0,Denmark,domestic league (tier 1)
2017/05/17,Superligaen,0,Randers FC,1661,1667.0,2 - 1,Aalborg BK,1606,1600.0,2,1,Denmark,domestic league (tier 1)
2017/05/29,Superligaen,0,Randers FC,1670,1680.0,2 - 0,Odense BK,1657,1647.0,2,0,Denmark,domestic league (tier 1)
2017/07/22,Superligaen,0,Randers FC,1675,1666.0,0 - 3,FC København,1970,1979.0,0,3,Denmark,domestic league (tier 1)
2017/08/13,Superligaen,0,Randers FC,1645,1646.0,0 - 0,Brøndby IF,1782,1781.0,0,0,Denmark,domestic league (tier 1)
2017/08/18,Superligaen,0,Randers FC,1646,1642.0,1 - 1,Silkeborg IF,1600,1604.0,1,1,Denmark,domestic league (tier 1)
2017/09/15,Superligaen,0,Randers FC,1648,1646.0,0 - 0,Lyngby BK,1673,1675.0,0,0,Denmark,domestic league (tier 1)
2017/09/29,Superligaen,0,Randers FC,1635,1621.0,0 - 1,AC Horsens,1594,1608.0,0,1,Denmark,domestic league (tier 1)
2017/10/23,Superligaen,0,Randers FC,1617,1615.0,1 - 1,Aalborg BK,1632,1634.0,1,1,Denmark,domestic league (tier 1)
2017/11/05,Superligaen,0,Randers FC,1625,1632.0,1 - 0,Aarhus GF,1608,1601.0,1,0,Denmark,domestic league (tier 1)
2017/11/24,Superligaen,0,Randers FC,1654,1637.0,0 - 2,SønderjyskE,1708,1725.0,0,2,Denmark,domestic league (tier 1)
2017/12/11,Superligaen,0,Randers FC,1627,1615.0,0 - 4,FC Midtjylland,1852,1864.0,0,4,Denmark,domestic league (tier 1)
2018/02/18,Superligaen,0,Randers FC,1609,1605.0,0 - 0,Hobro IK,1572,1576.0,0,0,Denmark,domestic league (tier 1)
2018/02/28,Superligaen,0,Randers FC,1608,1601.0,0 - 0,FC Helsingør,1426,1433.0,0,0,Denmark,domestic league (tier 1)
2018/03/04,Superligaen,0,Randers FC,1601,1587.0,0 - 3,FC Nordsjælland,1773,1787.0,0,3,Denmark,domestic league (tier 1)
2018/03/18,Superligaen,0,Randers FC,1577,1592.0,4 - 1,Odense BK,1633,1618.0,4,1,Denmark,domestic league (tier 1)
2018/04/01,Superligaen,0,Randers FC,1592,1602.0,2 - 0,Lyngby BK,1578,1568.0,2,0,Denmark,domestic league (tier 1)
2018/04/18,Superligaen,0,Randers FC,1567,1566.0,1 - 1,Odense BK,1638,1639.0,1,1,Denmark,domestic league (tier 1)
2018/04/22,Superligaen,0,Randers FC,1566,1584.0,3 - 0,SønderjyskE,1680,1662.0,3,0,Denmark,domestic league (tier 1)
2018/07/16,Superligaen,0,Randers FC,1621,1613.0,0 - 2,Brøndby IF,1911,1919.0,0,2,Denmark,domestic league (tier 1)
2018/07/29,Superligaen,0,Randers FC,1616,1623.0,1 - 0,Odense BK,1607,1600.0,1,0,Denmark,domestic league (tier 1)
2018/08/12,Superligaen,0,Randers FC,1623,1622.0,0 - 0,Aarhus GF,1687,1688.0,0,0,Denmark,domestic league (tier 1)
2018/08/19,Superligaen,0,Randers FC,1622,1633.0,3 - 0,Hobro IK,1577,1566.0,3,0,Denmark,domestic league (tier 1)
2018/09/02,Superligaen,0,Randers FC,1629,1627.0,2 - 2,Aalborg BK,1669,1671.0,2,2,Denmark,domestic league (tier 1)
2018/09/22,Superligaen,0,Randers FC,1619,1626.0,2 - 0,Vendsyssel FF,1513,1506.0,2,0,Denmark,domestic league (tier 1)
2018/10/21,Superligaen,0,Randers FC,1608,1607.0,1 - 1,SønderjyskE,1669,1670.0,1,1,Denmark,domestic league (tier 1)
2018/10/28,Superligaen,0,Randers FC,1607,1588.0,0 - 2,Esbjerg fB,1602,1621.0,0,2,Denmark,domestic league (tier 1)
2018/11/11,Superligaen,0,Randers FC,1611,1611.0,1 - 1,FC Nordsjælland,1719,1719.0,1,1,Denmark,domestic league (tier 1)
2018/12/02,Superligaen,0,Randers FC,1622,1617.0,1 - 2,FC Midtjylland,1909,1914.0,1,2,Denmark,domestic league (tier 1)
2018/12/15,Superligaen,0,Randers FC,1627,1634.0,2 - 0,Vejle BK,1510,1503.0,2,0,Denmark,domestic league (tier 1)
2019/02/17,Superligaen,0,Randers FC,1658,1649.0,0 - 2,FC København,1901,1910.0,0,2,Denmark,domestic league (tier 1)
2019/03/10,Superligaen,0,Randers FC,1629,1639.0,2 - 0,AC Horsens,1602,1592.0,2,0,Denmark,domestic league (tier 1)
2019/04/06,Superligaen,0,Randers FC,1648,1642.0,1 - 1,Vendsyssel FF,1514,1520.0,1,1,Denmark,domestic league (tier 1)
2019/04/19,Superligaen,0,Randers FC,1652,1656.0,1 - 0,Hobro IK,1523,1519.0,1,0,Denmark,domestic league (tier 1)
2019/04/22,Superligaen,0,Randers FC,1656,1636.0,0 - 2,Aalborg BK,1645,1665.0,0,2,Denmark,domestic league (tier 1)
2019/05/12,Superligaen,0,Randers FC,1638,1644.0,4 - 3,SønderjyskE,1592,1586.0,4,3,Denmark,domestic league (tier 1)
2019/05/18,Superligaen,0,Randers FC,1644,1653.0,2 - 1,Aarhus GF,1710,1701.0,2,1,Denmark,domestic league (tier 1)
2019/07/21,Superligaen,0,Randers FC,1643,1645.0,2 - 2,Brøndby IF,1808,1806.0,2,2,Denmark,domestic league (tier 1)
2019/08/04,Superligaen,0,Randers FC,1646,1660.0,3 - 1,FC Nordsjælland,1729,1715.0,3,1,Denmark,domestic league (tier 1)
2019/08/16,Superligaen,0,Randers FC,1654,1649.0,0 - 1,FC København,1926,1931.0,0,1,Denmark,domestic league (tier 1)
2019/09/01,Superligaen,0,Randers FC,1632,1639.0,2 - 0,Silkeborg IF,1515,1508.0,2,0,Denmark,domestic league (tier 1)
2019/09/23,Superligaen,0,Randers FC,1671,1675.0,2 - 1,AC Horsens,1538,1534.0,2,1,Denmark,domestic league (tier 1)
2019/10/06,Superligaen,0,Randers FC,1700,1713.0,2 - 0,Aarhus GF,1752,1739.0,2,0,Denmark,domestic league (tier 1)
2019/11/03,Superligaen,0,Randers FC,1699,1702.0,2 - 1,Lyngby BK,1524,1521.0,2,1,Denmark,domestic league (tier 1)
2019/11/08,Superligaen,0,Randers FC,1702,1698.0,3 - 3,Aalborg BK,1667,1671.0,3,3,Denmark,domestic league (tier 1)
2019/12/01,Superligaen,0,Randers FC,1685,1694.0,3 - 0,SønderjyskE,1602,1593.0,3,0,Denmark,domestic league (tier 1)
2019/12/15,Superligaen,0,Randers FC,1681,1690.0,3 - 0,Esbjerg fB,1593,1584.0,3,0,Denmark,domestic league (tier 1)
2020/02/23,Superligaen,0,Randers FC,1690,1687.0,0 - 0,Odense BK,1670,1673.0,0,0,Denmark,domestic league (tier 1)
2020/03/08,Superligaen,0,Randers FC,1681,1670.0,0 - 2,FC Midtjylland,1886,1897.0,0,2,Denmark,domestic league (tier 1)
2020/06/01,Superligaen,0,Randers FC,1675,1659.0,0 - 1,Hobro IK,1548,1564.0,0,1,Denmark,domestic league (tier 1)
2020/06/16,Superligaen,0,Randers FC,1641,1651.0,4 - 0,Hobro IK,1559,1549.0,4,0,Denmark,domestic league (tier 1)
2020/06/28,Superligaen,0,Randers FC,1652,1626.0,0 - 3,AC Horsens,1578,1604.0,0,3,Denmark,domestic league (tier 1)
2020/07/08,Superligaen,0,Randers FC,1637,1644.0,3 - 1,Esbjerg fB,1541,1534.0,3,1,Denmark,domestic league (tier 1)
2020/07/11,Superligaen,0,Randers FC,1644,1651.0,2 - 1,Odense BK,1649,1642.0,2,1,Denmark,domestic league (tier 1)
2020/09/20,Superligaen,0,Randers FC,1661,1662.0,1 - 1,Aarhus GF,1786,1785.0,1,1,Denmark,domestic league (tier 1)
2020/10/02,Superligaen,0,Randers FC,1660,1651.0,1 - 2,Brøndby IF,1796,1805.0,1,2,Denmark,domestic league (tier 1)
2020/10/25,Superligaen,0,Randers FC,1645,1633.0,1 - 2,SønderjyskE,1664,1676.0,1,2,Denmark,domestic league (tier 1)
2020/11/06,Superligaen,0,Randers FC,1656,1645.0,1 - 2,Aalborg BK,1715,1726.0,1,2,Denmark,domestic league (tier 1)
2020/11/27,Superligaen,0,Randers FC,1668,1675.0,2 - 1,Odense BK,1658,1651.0,2,1,Denmark,domestic league (tier 1)
2020/12/11,Superligaen,0,Randers FC,1690,1697.0,3 - 1,Vejle BK,1583,1576.0,3,1,Denmark,domestic league (tier 1)
2021/02/02,Superligaen,0,Randers FC,1710,1717.0,3 - 0,AC Horsens,1566,1559.0,3,0,Denmark,domestic league (tier 1)
2021/02/08,Superligaen,0,Randers FC,1717,1709.0,1 - 2,FC Midtjylland,1898,1906.0,1,2,Denmark,domestic league (tier 1)
2021/02/21,Superligaen,0,Randers FC,1711,1707.0,1 - 1,FC Nordsjælland,1666,1670.0,1,1,Denmark,domestic league (tier 1)
2021/03/07,Superligaen,0,Randers FC,1704,1688.0,1 - 2,Lyngby BK,1567,1583.0,1,2,Denmark,domestic league (tier 1)
2021/03/21,Superligaen,0,Randers FC,1701,1712.0,2 - 1,FC København,1826,1815.0,2,1,Denmark,domestic league (tier 1)
2021/04/11,Superligaen,0,Randers FC,1729,1716.0,3 - 4,FC Nordsjælland,1716,1729.0,3,4,Denmark,domestic league (tier 1)
2021/04/19,Superligaen,0,Randers FC,1714,1716.0,0 - 0,FC Midtjylland,1895,1893.0,0,0,Denmark,domestic league (tier 1)
2021/05/02,Superligaen,0,Randers FC,1699,1714.0,4 - 2,Brøndby IF,1808,1793.0,4,2,Denmark,domestic league (tier 1)
2021/05/09,Superligaen,0,Randers FC,1714,1702.0,0 - 1,Aarhus GF,1732,1744.0,0,1,Denmark,domestic league (tier 1)
2021/05/24,Superligaen,0,Randers FC,1717,1728.0,2 - 1,FC København,1857,1846.0,2,1,Denmark,domestic league (tier 1)
2021/07/25,Superligaen,0,Randers FC,1742,1738.0,1 - 1,Odense BK,1689,1693.0,1,1,Denmark,domestic league (tier 1)
2021/08/08,Superligaen,0,Randers FC,1750,1754.0,1 - 0,SønderjyskE,1632,1628.0,1,0,Denmark,domestic league (tier 1)
2021/08/22,Superligaen,0,Randers FC,1764,1760.0,1 - 1,Aalborg BK,1723,1727.0,1,1,Denmark,domestic league (tier 1)
2021/09/12,Superligaen,0,Randers FC,1746,1734.0,0 - 2,FC København,1906,1918.0,0,2,Denmark,domestic league (tier 1)
2021/09/19,Superligaen,0,Randers FC,1736,1743.0,3 - 2,FC Nordsjælland,1729,1722.0,3,2,Denmark,domestic league (tier 1)
2021/10/03,Superligaen,0,Randers FC,1748,1746.0,1 - 1,Brøndby IF,1779,1781.0,1,1,Denmark,domestic league (tier 1)
2021/10/24,Superligaen,0,Randers FC,1761,1767.0,1 - 0,Aarhus GF,1705,1699.0,1,0,Denmark,domestic league (tier 1)
2021/10/31,Superligaen,0,Randers FC,1767,1753.0,1 - 3,FC Midtjylland,1889,1903.0,1,3,Denmark,domestic league (tier 1)
2021/11/21,Superligaen,0,Randers FC,1753,1759.0,4 - 1,Vejle BK,1585,1579.0,4,1,Denmark,domestic league (tier 1)
2021/12/05,Denmark Cup,0,Randers FC,1763,1741.0,0 - 2,Odense BK,1699,1721.0,0,2,Denmark,domestic cup
2022/02/21,Superligaen,0,Randers FC,1745,1730.0,0 - 1,Viborg FF,1670,1685.0,0,1,Denmark,domestic league (tier 1)
2022/03/13,Superligaen,0,Randers FC,1717,1725.0,2 - 1,Silkeborg IF,1747,1739.0,2,1,Denmark,domestic league (tier 1)
2022/04/13,Superligaen,0,Randers FC,1727,1714.0,1 - 3,FC Midtjylland,1866,1879.0,1,3,Denmark,domestic league (tier 1)
2022/04/19,Superligaen,0,Randers FC,1714,1702.0,1 - 2,Silkeborg IF,1761,1773.0,1,2,Denmark,domestic league (tier 1)
2022/05/01,Superligaen,0,Randers FC,1719,1727.0,2 - 1,Brøndby IF,1743,1735.0,2,1,Denmark,domestic league (tier 1)
2022/05/11,Superligaen,0,Randers FC,1722,1720.0,2 - 2,Aalborg BK,1740,1742.0,2,2,Denmark,domestic league (tier 1)
2022/05/15,Superligaen,0,Randers FC,1720,1709.0,0 - 2,FC København,1910,1921.0,0,2,Denmark,domestic league (tier 1)
2022/07/24,Superligaen,0,Randers FC,1713,1710.0,2 - 2,Odense BK,1690,1693.0,2,2,Denmark,domestic league (tier 1)
2022/08/05,Superligaen,0,Randers FC,1711,1716.0,1 - 0,AC Horsens,1633,1628.0,1,0,Denmark,domestic league (tier 1)
2022/08/21,Superligaen,0,Randers FC,1741,1748.0,1 - 0,Viborg FF,1731,1724.0,1,0,Denmark,domestic league (tier 1)
2022/08/28,Superligaen,0,Randers FC,1748,1754.0,1 - 0,Aalborg BK,1693,1687.0,1,0,Denmark,domestic league (tier 1)
2022/09/18,Superligaen,0,Randers FC,1767,1774.0,3 - 2,Silkeborg IF,1768,1761.0,3,2,Denmark,domestic league (tier 1)
2022/10/09,Superligaen,0,Randers FC,1761,1748.0,2 - 3,Brøndby IF,1742,1755.0,2,3,Denmark,domestic league (tier 1)
2022/10/23,Superligaen,0,Randers FC,1759,1739.0,0 - 2,FC Nordsjælland,1738,1758.0,0,2,Denmark,domestic league (tier 1)
2022/10/29,Superligaen,0,Randers FC,1739,1724.0,0 - 2,FC København,1847,1862.0,0,2,Denmark,domestic league (tier 1)
2022/11/09,Denmark Cup,0,Randers FC,1705,1689.0,1 - 3,Silkeborg IF,1774,1790.0,1,3,Denmark,domestic cup
2022/11/13,Superligaen,0,Randers FC,1689,1691.0,0 - 0,FC Midtjylland,1845,1843.0,0,0,Denmark,domestic league (tier 1)
2023/02/26,Superligaen,0,Randers FC,1694,1698.0,1 - 0,Lyngby BK,1549,1545.0,1,0,Denmark,domestic league (tier 1)
2023/03/13,Superligaen,0,Randers FC,1703,1689.0,1 - 2,Aarhus GF,1675,1689.0,1,2,Denmark,domestic league (tier 1)
2023/04/10,Superligaen,0,Randers FC,1704,1717.0,1 - 0,FC København,1921,1908.0,1,0,Denmark,domestic league (tier 1)
2023/04/17,Superligaen,0,Randers FC,1717,1717.0,1 - 1,FC Nordsjælland,1805,1805.0,1,1,Denmark,domestic league (tier 1)
2023/05/07,Superligaen,0,Randers FC,1731,1711.0,1 - 3,Brøndby IF,1703,1723.0,1,3,Denmark,domestic league (tier 1)
2023/05/15,Superligaen,0,Randers FC,1711,1694.0,0 - 2,Viborg FF,1768,1785.0,0,2,Denmark,domestic league (tier 1)
2023/05/30,Superligaen,0,Randers FC,1687,1670.0,1 - 3,Aarhus GF,1731,1748.0,1,3,Denmark,domestic league (tier 1)
2023/07/30,Superligaen,0,Randers FC,1682,1676.0,2 - 2,Hvidovre IF,1534,1540.0,2,2,Denmark,domestic league (tier 1)
2023/08/13,Superligaen,0,Randers FC,1672,1655.0,0 - 5,FC Nordsjælland,1821,1838.0,0,5,Denmark,domestic league (tier 1)
2023/08/25,Superligaen,0,Randers FC,1647,1657.0,1 - 0,Viborg FF,1754,1744.0,1,0,Denmark,domestic league (tier 1)
2023/09/24,Superligaen,0,Randers FC,1662,1661.0,1 - 1,Aarhus GF,1731,1732.0,1,1,Denmark,domestic league (tier 1)
2023/10/01,Superligaen,0,Randers FC,1655,1666.0,1 - 0,Silkeborg IF,1784,1773.0,1,0,Denmark,domestic league (tier 1)
2023/10/22,Superligaen,0,Randers FC,1672,1673.0,2 - 2,Brøndby IF,1797,1796.0,2,2,Denmark,domestic league (tier 1)
2023/11/02,Denmark Cup,0,Randers FC,1668,1659.0,0 - 1,Brøndby IF,1805,1814.0,0,1,Denmark,domestic cup
2023/11/05,Superligaen,0,Randers FC,1659,1650.0,2 - 4,FC København,1917,1926.0,2,4,Denmark,domestic league (tier 1)
2023/11/26,Superligaen,0,Randers FC,1656,1643.0,0 - 1,Odense BK,1649,1662.0,0,1,Denmark,domestic league (tier 1)
2023/12/01,Superligaen,0,Randers FC,1643,1640.0,0 - 0,Vejle BK,1618,1621.0,0,0,Denmark,domestic league (tier 1)
2024/02/23,Superligaen,0,Randers FC,1653,1659.0,1 - 0,Lyngby BK,1605,1599.0,1,0,Denmark,domestic league (tier 1)
2024/03/11,Superligaen,0,Randers FC,1648,1642.0,0 - 1,FC Midtjylland,1889,1895.0,0,1,Denmark,domestic league (tier 1)
2024/03/31,Superligaen,0,Randers FC,1649,1660.0,6 - 2,Lyngby BK,1589,1578.0,6,2,Denmark,domestic league (tier 1)
2024/04/19,Superligaen,0,Randers FC,1684,1680.0,2 - 2,Odense BK,1641,1645.0,2,2,Denmark,domestic league (tier 1)
2024/05/12,Superligaen,0,Randers FC,1674,1668.0,2 - 2,Hvidovre IF,1512,1518.0,2,2,Denmark,domestic league (tier 1)
2024/05/15,Superligaen,0,Randers FC,1668,1676.0,1 - 0,Viborg FF,1702,1694.0,1,0,Denmark,domestic league (tier 1)
2024/05/25,Superligaen,0,Randers FC,1663,1670.0,1 - 0,Vejle BK,1654,1647.0,1,0,Denmark,domestic league (tier 1)
2024/07/28,Superligaen,0,Randers FC,1680,1691.0,3 - 1,Viborg FF,1687,1676.0,3,1,Denmark,domestic league (tier 1)
2024/08/11,Superligaen,0,Randers FC,1699,1680.0,0 - 2,Silkeborg IF,1715,1734.0,0,2,Denmark,domestic league (tier 1)
2024/08/18,Superligaen,0,Randers FC,1680,1665.0,1 - 2,SønderjyskE,1607,1622.0,1,2,Denmark,domestic league (tier 1)
2024/09/01,Superligaen,0,Randers FC,1672,1678.0,1 - 0,Aalborg BK,1624,1618.0,1,0,Denmark,domestic league (tier 1)
2024/09/22,Superligaen,0,Randers FC,1696,1699.0,2 - 2,FC Midtjylland,1922,1919.0,2,2,Denmark,domestic league (tier 1)
2024/10/06,Superligaen,0,Randers FC,1687,1681.0,1 - 1,Lyngby BK,1569,1575.0,1,1,Denmark,domestic league (tier 1)
2024/10/28,Superligaen,0,Randers FC,1699,1720.0,4 - 0,FC Nordsjælland,1849,1828.0,4,0,Denmark,domestic league (tier 1)
2024/11/24,Superligaen,0,Randers FC,1731,1737.0,2 - 0,Vejle BK,1572,1566.0,2,0,Denmark,domestic league (tier 1)
2025/02/17,Superligaen,0,Randers FC,1749,1740.0,1 - 2,FC København,1889,1898.0,1,2,Denmark,domestic league (tier 1)
2025/02/28,Superligaen,0,Randers FC,1737,1737.0,1 - 1,Aarhus GF,1827,1827.0,1,1,Denmark,domestic league (tier 1)
2025/03/10,Superligaen,0,Randers FC,1737,1753.0,4 - 2,Brøndby IF,1856,1840.0,4,2,Denmark,domestic league (tier 1)
2025/04/04,Superligaen,0,Randers FC,1743,1754.0,2 - 1,FC Midtjylland,1868,1857.0,2,1,Denmark,domestic league (tier 1)
2025/04/17,Superligaen,0,Randers FC,1744,1758.0,3 - 1,Aarhus GF,1811,1797.0,3,1,Denmark,domestic league (tier 1)
2025/04/25,Superligaen,0,Randers FC,1753,1754.0,0 - 0,Brøndby IF,1877,1876.0,0,0,Denmark,domestic league (tier 1)
2025/05/02,Superligaen,0,Randers FC,1754,1763.0,3 - 2,FC Nordsjælland,1814,1805.0,3,2,Denmark,domestic league (tier 1)
2025/05/18,Superligaen,0,Randers FC,1782,1766.0,0 - 4,FC København,1924,1940.0,0,4,Denmark,domestic league (tier 1)
2025/06/01,Superligaen,0,Randers FC,1762,1747.0,1 - 3,Silkeborg IF,1755,1770.0,1,3,Denmark,domestic league (tier 1)
2025/08/03,Superligaen,0,Randers FC,1758,1764.0,1 - 0,Silkeborg IF,1731,1725.0,1,0,Denmark,domestic league (tier 1)
2025/08/17,Superligaen,0,Randers FC,1753,1737.0,0 - 2,Brøndby IF,1819,1835.0,0,2,Denmark,domestic league (tier 1)
2025/08/31,Superligaen,0,Randers FC,1727,1716.0,1 - 5,FC København,1978,1989.0,1,5,Denmark,domestic league (tier 1)
2025/09/22,Superligaen,0,Randers FC,1730,1745.0,3 - 0,FC Nordsjælland,1790,1775.0,3,0,Denmark,domestic league (tier 1)
2025/10/05,Superligaen,0,Randers FC,1742,1749.0,2 - 1,Viborg FF,1718,1711.0,2,1,Denmark,domestic league (tier 1)
2025/10/26,Superligaen,0,Randers FC,1743,1739.0,0 - 0,SønderjyskE,1676,1680.0,0,0,Denmark,domestic league (tier 1)
2025/11/09,Superligaen,0,Randers FC,1725,1717.0,0 - 2,FC Midtjylland,2010,2018.0,0,2,Denmark,domestic league (tier 1)
2025/11/24,Superligaen,0,Randers FC,1717,1713.0,0 - 0,Odense BK,1661,1665.0,0,0,Denmark,domestic league (tier 1)
2025/12/07,Superligaen,0,Randers FC,1716,1707.0,1 - 2,Aarhus GF,1848,1857.0,1,2,Denmark,domestic league (tier 1)
2026/02/13,Superligaen,0,Randers FC,1712,1719.0,2 - 0,Vejle BK,1592,1585.0,2,0,Denmark,domestic league (tier 1)
2026/02/22,Superligaen,0,Randers FC,1719,1703.0,1 - 2,FC Fredericia,1599,1615.0,1,2,Denmark,domestic league (tier 1)
2026/03/22,Superligaen,0,Randers FC,1738,1712.0,0 - 3,Silkeborg IF,1661,1687.0,0,3,Denmark,domestic league (tier 1)
2026/04/12,Superligaen,0,Randers FC,1711,1702.0,1 - 2,FC København,1845,1854.0,1,2,Denmark,domestic league (tier 1)
2026/04/23,Superligaen,0,Randers FC,1691,1686.0,2 - 2,FC Fredericia,1620,1625.0,2,2,Denmark,domestic league (tier 1)
2026/05/03,Superligaen,0,Randers FC,1676,1681.0,1 - 0,Vejle BK,1573,1568.0,1,0,Denmark,domestic league (tier 1)
2026/05/11,Superligaen,0,Randers FC,1681,1679.0,2 - 2,Odense BK,1697,1699.0,2,2,Denmark,domestic league (tier 1)
2026/07/27,Superligaen,0,Randers FC,1673,1670.0,1 - 1,Silkeborg IF,1684,1687.0,1,1,Denmark,domestic league (tier 1)
2026/08/09,Superligaen,0,Randers FC,1666,1674.0,2 - 0,Lyngby BK,1601,1593.0,2,0,Denmark,domestic league (tier 1)
2026/08/16,Superligaen,0,Randers FC,1674,1663.0,0 - 4,FC København,1921,1932.0,0,4,Denmark,domestic league (tier 1)
2026/08/30,Superligaen,0,Randers FC,1661,1673.0,2 - 1,Aarhus GF,1827,1815.0,2,1,Denmark,domestic league (tier 1)
2016/07/24,Superligaen,0,Silkeborg IF,1575,1564.0,0 - 2,Brøndby IF,1763,1774.0,0,2,Denmark,domestic league (tier 1)
2016/08/05,Superligaen,0,Silkeborg IF,1561,1537.0,0 - 4,Lyngby BK,1557,1581.0,0,4,Denmark,domestic league (tier 1)
2016/08/21,Superligaen,0,Silkeborg IF,1539,1518.0,1 - 5,Viborg FF,1598,1619.0,1,5,Denmark,domestic league (tier 1)
2016/09/17,Superligaen,0,Silkeborg IF,1522,1533.0,1 - 0,Aarhus GF,1660,1649.0,1,0,Denmark,domestic league (tier 1)
2016/09/26,Superligaen,0,Silkeborg IF,1537,1556.0,5 - 3,Aalborg BK,1728,1709.0,5,3,Denmark,domestic league (tier 1)
2016/09/30,Superligaen,0,Silkeborg IF,1556,1555.0,2 - 2,FC Nordsjælland,1611,1612.0,2,2,Denmark,domestic league (tier 1)
2016/10/28,Superligaen,0,Silkeborg IF,1586,1584.0,1 - 1,Odense BK,1620,1622.0,1,1,Denmark,domestic league (tier 1)
2016/11/21,Superligaen,0,Silkeborg IF,1589,1600.0,3 - 0,Esbjerg fB,1552,1541.0,3,0,Denmark,domestic league (tier 1)
2016/12/01,Superligaen,0,Silkeborg IF,1595,1608.0,2 - 1,FC Midtjylland,1817,1804.0,2,1,Denmark,domestic league (tier 1)
2016/12/05,Superligaen,0,Silkeborg IF,1608,1610.0,1 - 1,SønderjyskE,1764,1762.0,1,1,Denmark,domestic league (tier 1)
2017/02/18,Superligaen,0,Silkeborg IF,1613,1619.0,1 - 0,AC Horsens,1553,1547.0,1,0,Denmark,domestic league (tier 1)
2017/03/05,Superligaen,0,Silkeborg IF,1598,1612.0,2 - 0,Randers FC,1668,1654.0,2,0,Denmark,domestic league (tier 1)
2017/03/19,Superligaen,0,Silkeborg IF,1599,1595.0,1 - 3,FC København,2006,2010.0,1,3,Denmark,domestic league (tier 1)
2017/04/01,Superligaen,0,Silkeborg IF,1595,1594.0,0 - 0,Aalborg BK,1668,1669.0,0,0,Denmark,domestic league (tier 1)
2017/04/21,Superligaen,0,Silkeborg IF,1618,1605.0,1 - 2,Viborg FF,1593,1606.0,1,2,Denmark,domestic league (tier 1)
2017/05/01,Superligaen,0,Silkeborg IF,1605,1587.0,0 - 2,Aarhus GF,1643,1661.0,0,2,Denmark,domestic league (tier 1)
2017/05/16,Superligaen,0,Silkeborg IF,1592,1601.0,2 - 1,Odense BK,1669,1660.0,2,1,Denmark,domestic league (tier 1)
2017/07/31,Superligaen,0,Silkeborg IF,1592,1601.0,2 - 1,Aarhus GF,1670,1661.0,2,1,Denmark,domestic league (tier 1)
2017/08/11,Superligaen,0,Silkeborg IF,1593,1600.0,4 - 1,FC Helsingør,1458,1451.0,4,1,Denmark,domestic league (tier 1)
2017/08/25,Superligaen,0,Silkeborg IF,1604,1583.0,0 - 2,Hobro IK,1547,1568.0,0,2,Denmark,domestic league (tier 1)
2017/09/15,Superligaen,0,Silkeborg IF,1577,1586.0,1 - 0,Odense BK,1644,1635.0,1,0,Denmark,domestic league (tier 1)
2017/10/01,Superligaen,0,Silkeborg IF,1583,1570.0,2 - 4,FC Nordsjælland,1740,1753.0,2,4,Denmark,domestic league (tier 1)
2017/10/21,Superligaen,0,Silkeborg IF,1560,1571.0,1 - 0,SønderjyskE,1679,1668.0,1,0,Denmark,domestic league (tier 1)
2017/11/03,Superligaen,0,Silkeborg IF,1554,1553.0,2 - 2,AC Horsens,1605,1606.0,2,2,Denmark,domestic league (tier 1)
2017/11/26,Superligaen,0,Silkeborg IF,1554,1546.0,1 - 3,Brøndby IF,1818,1826.0,1,3,Denmark,domestic league (tier 1)
2017/12/03,Superligaen,0,Silkeborg IF,1546,1556.0,3 - 2,Randers FC,1637,1627.0,3,2,Denmark,domestic league (tier 1)
2018/02/10,Superligaen,0,Silkeborg IF,1586,1595.0,3 - 2,Aalborg BK,1648,1639.0,3,2,Denmark,domestic league (tier 1)
2018/02/17,Superligaen,0,Silkeborg IF,1595,1593.0,1 - 1,Lyngby BK,1621,1623.0,1,1,Denmark,domestic league (tier 1)
2018/03/05,Superligaen,0,Silkeborg IF,1603,1598.0,1 - 2,FC Midtjylland,1873,1878.0,1,2,Denmark,domestic league (tier 1)
2018/03/18,Superligaen,0,Silkeborg IF,1601,1591.0,1 - 3,FC København,1825,1835.0,1,3,Denmark,domestic league (tier 1)
2018/03/31,Superligaen,0,Silkeborg IF,1591,1575.0,2 - 3,FC Helsingør,1442,1458.0,2,3,Denmark,domestic league (tier 1)
2018/04/19,Superligaen,0,Silkeborg IF,1581,1592.0,2 - 0,Hobro IK,1579,1568.0,2,0,Denmark,domestic league (tier 1)
2018/04/30,Superligaen,0,Silkeborg IF,1600,1579.0,2 - 5,Aarhus GF,1626,1647.0,2,5,Denmark,domestic league (tier 1)
2018/07/29,1. Division Denmark,0,Silkeborg IF,1560,1552.0,0 - 0,Thisted FC,1287,1295.0,0,0,Denmark,domestic league (tier 2)
2018/08/12,1. Division Denmark,0,Silkeborg IF,1543,1517.0,0 - 3,HB Køge,1464,1490.0,0,3,Denmark,domestic league (tier 2)
2018/08/22,1. Division Denmark,0,Silkeborg IF,1524,1511.0,2 - 3,Viborg FF,1500,1513.0,2,3,Denmark,domestic league (tier 2)
2018/08/26,1. Division Denmark,0,Silkeborg IF,1511,1517.0,3 - 1,Næstved BK,1374,1368.0,3,1,Denmark,domestic league (tier 2)
2018/09/16,1. Division Denmark,0,Silkeborg IF,1519,1528.0,3 - 0,FC Helsingør,1433,1424.0,3,0,Denmark,domestic league (tier 2)
2018/09/23,1. Division Denmark,0,Silkeborg IF,1528,1534.0,3 - 1,Nykøbing FC,1401,1395.0,3,1,Denmark,domestic league (tier 2)
2018/10/07,1. Division Denmark,0,Silkeborg IF,1533,1518.0,1 - 2,Lyngby BK,1433,1448.0,1,2,Denmark,domestic league (tier 2)
2018/10/28,1. Division Denmark,0,Silkeborg IF,1533,1536.0,3 - 2,Hvidovre IF,1341,1338.0,3,2,Denmark,domestic league (tier 2)
2018/11/18,1. Division Denmark,0,Silkeborg IF,1519,1513.0,0 - 0,Fremad Amager,1382,1388.0,0,0,Denmark,domestic league (tier 2)
2019/03/03,1. Division Denmark,0,Silkeborg IF,1525,1531.0,3 - 1,FC Roskilde,1372,1366.0,3,1,Denmark,domestic league (tier 2)
2019/03/17,1. Division Denmark,0,Silkeborg IF,1531,1536.0,2 - 1,FC Fredericia,1429,1424.0,2,1,Denmark,domestic league (tier 2)
2019/03/31,1. Division Denmark,0,Silkeborg IF,1521,1528.0,4 - 2,HB Køge,1426,1419.0,4,2,Denmark,domestic league (tier 2)
2019/04/11,1. Division Denmark,0,Silkeborg IF,1537,1514.0,1 - 3,Næstved BK,1438,1461.0,1,3,Denmark,domestic league (tier 2)
2019/04/28,1. Division Denmark,0,Silkeborg IF,1526,1520.0,1 - 1,FC Helsingør,1373,1379.0,1,1,Denmark,domestic league (tier 2)
2019/05/08,1. Division Denmark,0,Silkeborg IF,1530,1534.0,5 - 0,Thisted FC,1264,1260.0,5,0,Denmark,domestic league (tier 2)
2019/05/14,1. Division Denmark,0,Silkeborg IF,1534,1531.0,2 - 2,Viborg FF,1514,1517.0,2,2,Denmark,domestic league (tier 2)
2019/05/25,1. Division Denmark,0,Silkeborg IF,1541,1547.0,2 - 0,Nykøbing FC,1405,1399.0,2,0,Denmark,domestic league (tier 2)
2019/07/21,Superligaen,0,Silkeborg IF,1543,1520.0,0 - 3,AC Horsens,1525,1548.0,0,3,Denmark,domestic league (tier 1)
2019/08/02,Superligaen,0,Silkeborg IF,1513,1502.0,2 - 3,Hobro IK,1570,1581.0,2,3,Denmark,domestic league (tier 1)
2019/08/18,Superligaen,0,Silkeborg IF,1509,1509.0,3 - 3,SønderjyskE,1610,1610.0,3,3,Denmark,domestic league (tier 1)
2019/09/16,Superligaen,0,Silkeborg IF,1508,1495.0,0 - 3,Odense BK,1707,1720.0,0,3,Denmark,domestic league (tier 1)
2019/09/22,Superligaen,0,Silkeborg IF,1495,1482.0,2 - 3,Lyngby BK,1498,1511.0,2,3,Denmark,domestic league (tier 1)
2019/10/06,Superligaen,0,Silkeborg IF,1488,1484.0,1 - 2,FC Midtjylland,1845,1849.0,1,2,Denmark,domestic league (tier 1)
2019/11/04,Superligaen,0,Silkeborg IF,1518,1512.0,0 - 1,Brøndby IF,1758,1764.0,0,1,Denmark,domestic league (tier 1)
2019/11/24,Superligaen,0,Silkeborg IF,1506,1496.0,1 - 2,Esbjerg fB,1599,1609.0,1,2,Denmark,domestic league (tier 1)
2019/12/08,Superligaen,0,Silkeborg IF,1495,1508.0,2 - 1,Randers FC,1694,1681.0,2,1,Denmark,domestic league (tier 1)
2020/02/16,Superligaen,0,Silkeborg IF,1502,1490.0,0 - 2,Aalborg BK,1666,1678.0,0,2,Denmark,domestic league (tier 1)
2020/02/23,Superligaen,0,Silkeborg IF,1490,1497.0,1 - 1,FC København,1885,1878.0,1,1,Denmark,domestic league (tier 1)
2020/03/09,Superligaen,0,Silkeborg IF,1508,1523.0,2 - 1,Aarhus GF,1787,1772.0,2,1,Denmark,domestic league (tier 1)
2020/05/29,Superligaen,0,Silkeborg IF,1523,1513.0,0 - 2,FC Nordsjælland,1738,1748.0,0,2,Denmark,domestic league (tier 1)
2020/06/15,Superligaen,0,Silkeborg IF,1518,1542.0,6 - 0,Odense BK,1669,1645.0,6,0,Denmark,domestic league (tier 1)
2020/06/21,Superligaen,0,Silkeborg IF,1545,1534.0,1 - 2,SønderjyskE,1602,1613.0,1,2,Denmark,domestic league (tier 1)
2020/07/04,Superligaen,0,Silkeborg IF,1529,1540.0,2 - 0,Lyngby BK,1525,1514.0,2,0,Denmark,domestic league (tier 1)
2020/09/16,1. Division Denmark,0,Silkeborg IF,1544,1549.0,2 - 0,Skive IK,1361,1356.0,2,0,Denmark,domestic league (tier 2)
2020/09/19,1. Division Denmark,0,Silkeborg IF,1549,1560.0,3 - 1,Esbjerg fB,1550,1539.0,3,1,Denmark,domestic league (tier 2)
2020/10/03,1. Division Denmark,0,Silkeborg IF,1563,1573.0,4 - 2,Hobro IK,1540,1530.0,4,2,Denmark,domestic league (tier 2)
2020/10/22,1. Division Denmark,0,Silkeborg IF,1578,1564.0,1 - 2,Viborg FF,1550,1564.0,1,2,Denmark,domestic league (tier 2)
2020/11/01,1. Division Denmark,0,Silkeborg IF,1583,1588.0,4 - 1,Vendsyssel FF,1369,1364.0,4,1,Denmark,domestic league (tier 2)
2020/11/21,1. Division Denmark,0,Silkeborg IF,1595,1588.0,3 - 3,FC Helsingør,1368,1375.0,3,3,Denmark,domestic league (tier 2)
2020/12/12,1. Division Denmark,0,Silkeborg IF,1567,1574.0,2 - 0,FC Fredericia,1465,1458.0,2,0,Denmark,domestic league (tier 2)
2021/02/14,1. Division Denmark,0,Silkeborg IF,1584,1589.0,2 - 0,Hvidovre IF,1411,1406.0,2,0,Denmark,domestic league (tier 2)
2021/02/18,1. Division Denmark,0,Silkeborg IF,1589,1592.0,3 - 0,Kolding IF,1301,1298.0,3,0,Denmark,domestic league (tier 2)
2021/03/07,1. Division Denmark,0,Silkeborg IF,1605,1610.0,2 - 0,HB Køge,1421,1416.0,2,0,Denmark,domestic league (tier 2)
2021/03/19,1. Division Denmark,0,Silkeborg IF,1625,1630.0,2 - 0,Fremad Amager,1452,1447.0,2,0,Denmark,domestic league (tier 2)
2021/04/05,1. Division Denmark,0,Silkeborg IF,1630,1634.0,2 - 0,FC Helsingør,1423,1419.0,2,0,Denmark,domestic league (tier 2)
2021/04/23,1. Division Denmark,0,Silkeborg IF,1646,1657.0,2 - 0,Viborg FF,1641,1630.0,2,0,Denmark,domestic league (tier 2)
2021/05/06,1. Division Denmark,0,Silkeborg IF,1664,1671.0,2 - 0,Esbjerg fB,1564,1557.0,2,0,Denmark,domestic league (tier 2)
2021/05/15,1. Division Denmark,0,Silkeborg IF,1672,1675.0,4 - 1,HB Køge,1347,1344.0,4,1,Denmark,domestic league (tier 2)
2021/05/26,1. Division Denmark,0,Silkeborg IF,1672,1675.0,2 - 1,FC Fredericia,1439,1436.0,2,1,Denmark,domestic league (tier 2)
2021/07/19,Superligaen,0,Silkeborg IF,1675,1671.0,0 - 0,SønderjyskE,1639,1643.0,0,0,Denmark,domestic league (tier 1)
2021/08/01,Superligaen,0,Silkeborg IF,1678,1676.0,0 - 0,Aalborg BK,1701,1703.0,0,0,Denmark,domestic league (tier 1)
2021/08/06,Superligaen,0,Silkeborg IF,1676,1688.0,4 - 1,Viborg FF,1660,1648.0,4,1,Denmark,domestic league (tier 1)
2021/08/29,Superligaen,0,Silkeborg IF,1684,1693.0,2 - 1,Randers FC,1755,1746.0,2,1,Denmark,domestic league (tier 1)
2021/09/20,Superligaen,0,Silkeborg IF,1703,1682.0,0 - 2,Aarhus GF,1669,1690.0,0,2,Denmark,domestic league (tier 1)
2021/10/03,Superligaen,0,Silkeborg IF,1686,1700.0,4 - 1,FC Nordsjælland,1710,1696.0,4,1,Denmark,domestic league (tier 1)
2021/10/24,Superligaen,0,Silkeborg IF,1701,1698.0,1 - 1,Odense BK,1688,1691.0,1,1,Denmark,domestic league (tier 1)
2021/11/07,Superligaen,0,Silkeborg IF,1722,1724.0,0 - 0,FC København,1886,1884.0,0,0,Denmark,domestic league (tier 1)
2022/02/20,Superligaen,0,Silkeborg IF,1727,1734.0,3 - 0,Vejle BK,1575,1568.0,3,0,Denmark,domestic league (tier 1)
2022/03/06,Superligaen,0,Silkeborg IF,1758,1747.0,0 - 1,Brøndby IF,1818,1829.0,0,1,Denmark,domestic league (tier 1)
2022/03/20,Superligaen,0,Silkeborg IF,1739,1730.0,0 - 1,FC Midtjylland,1859,1868.0,0,1,Denmark,domestic league (tier 1)
2022/04/10,Superligaen,0,Silkeborg IF,1726,1742.0,3 - 0,Brøndby IF,1792,1776.0,3,0,Denmark,domestic league (tier 1)
2022/04/14,Superligaen,0,Silkeborg IF,1742,1761.0,3 - 1,FC København,1934,1915.0,3,1,Denmark,domestic league (tier 1)
2022/05/02,Superligaen,0,Silkeborg IF,1786,1796.0,4 - 2,Aalborg BK,1758,1748.0,4,2,Denmark,domestic league (tier 1)
2022/05/06,Superligaen,0,Silkeborg IF,1796,1801.0,1 - 0,Randers FC,1727,1722.0,1,0,Denmark,domestic league (tier 1)
2022/05/16,Superligaen,0,Silkeborg IF,1796,1779.0,1 - 4,FC Midtjylland,1905,1922.0,1,4,Denmark,domestic league (tier 1)
2022/07/31,Superligaen,0,Silkeborg IF,1793,1803.0,2 - 0,Brøndby IF,1764,1754.0,2,0,Denmark,domestic league (tier 1)
2022/08/08,Superligaen,0,Silkeborg IF,1803,1810.0,3 - 1,Aalborg BK,1693,1686.0,3,1,Denmark,domestic league (tier 1)
2022/08/28,Superligaen,0,Silkeborg IF,1795,1779.0,1 - 2,Odense BK,1663,1679.0,1,2,Denmark,domestic league (tier 1)
2022/09/11,Superligaen,0,Silkeborg IF,1769,1774.0,1 - 0,Aarhus GF,1659,1654.0,1,0,Denmark,domestic league (tier 1)
2022/10/02,Superligaen,0,Silkeborg IF,1767,1771.0,2 - 1,AC Horsens,1625,1621.0,2,1,Denmark,domestic league (tier 1)
2022/10/17,Superligaen,0,Silkeborg IF,1813,1809.0,3 - 3,Randers FC,1748,1752.0,3,3,Denmark,domestic league (tier 1)
2022/10/30,Superligaen,0,Silkeborg IF,1794,1780.0,1 - 2,Viborg FF,1752,1766.0,1,2,Denmark,domestic league (tier 1)
2022/11/12,Superligaen,0,Silkeborg IF,1790,1763.0,0 - 2,Lyngby BK,1518,1545.0,0,2,Denmark,domestic league (tier 1)
2023/02/19,Superligaen,0,Silkeborg IF,1763,1747.0,0 - 3,FC København,1883,1899.0,0,3,Denmark,domestic league (tier 1)
2023/03/05,Superligaen,0,Silkeborg IF,1748,1757.0,2 - 1,FC Nordsjælland,1803,1794.0,2,1,Denmark,domestic league (tier 1)
2023/03/19,Superligaen,0,Silkeborg IF,1760,1758.0,3 - 3,FC Midtjylland,1807,1809.0,3,3,Denmark,domestic league (tier 1)
2023/04/06,Denmark Cup,0,Silkeborg IF,1756,1759.0,3 - 2,SønderjyskE,1567,1564.0,3,2,Denmark,domestic cup
2023/04/11,Superligaen,0,Silkeborg IF,1759,1742.0,1 - 2,AC Horsens,1575,1592.0,1,2,Denmark,domestic league (tier 1)
2023/04/21,Superligaen,0,Silkeborg IF,1729,1725.0,2 - 2,Aalborg BK,1662,1666.0,2,2,Denmark,domestic league (tier 1)
2023/04/25,Denmark Cup,0,Silkeborg IF,1725,1721.0,1 - 1,Aalborg BK,1666,1670.0,1,1,Denmark,domestic cup
2023/05/07,Superligaen,0,Silkeborg IF,1699,1686.0,0 - 1,Odense BK,1699,1712.0,0,1,Denmark,domestic league (tier 1)
2023/05/14,Superligaen,0,Silkeborg IF,1686,1691.0,1 - 0,Lyngby BK,1604,1599.0,1,0,Denmark,domestic league (tier 1)
2023/05/29,Superligaen,0,Silkeborg IF,1700,1701.0,3 - 3,FC Midtjylland,1839,1838.0,3,3,Denmark,domestic league (tier 1)
2023/07/23,Superligaen,0,Silkeborg IF,1713,1701.0,1 - 2,Brøndby IF,1736,1748.0,1,2,Denmark,domestic league (tier 1)
2023/08/04,Superligaen,0,Silkeborg IF,1695,1700.0,2 - 1,Vejle BK,1615,1610.0,2,1,Denmark,domestic league (tier 1)
2023/08/20,Superligaen,0,Silkeborg IF,1704,1721.0,2 - 0,FC Nordsjælland,1846,1829.0,2,0,Denmark,domestic league (tier 1)
2023/09/03,Superligaen,0,Silkeborg IF,1747,1750.0,1 - 0,Hvidovre IF,1517,1514.0,1,0,Denmark,domestic league (tier 1)
2023/09/24,Superligaen,0,Silkeborg IF,1771,1781.0,2 - 0,Viborg FF,1738,1728.0,2,0,Denmark,domestic league (tier 1)
2023/10/06,Superligaen,0,Silkeborg IF,1773,1782.0,5 - 0,Lyngby BK,1654,1645.0,5,0,Denmark,domestic league (tier 1)
2023/10/29,Superligaen,0,Silkeborg IF,1787,1782.0,0 - 0,Odense BK,1687,1692.0,0,0,Denmark,domestic league (tier 1)
2023/11/10,Superligaen,0,Silkeborg IF,1781,1775.0,1 - 1,Randers FC,1650,1656.0,1,1,Denmark,domestic league (tier 1)
2023/11/27,Superligaen,0,Silkeborg IF,1775,1756.0,1 - 4,FC Midtjylland,1848,1867.0,1,4,Denmark,domestic league (tier 1)
2023/12/09,Denmark Cup,0,Silkeborg IF,1764,1755.0,1 - 2,FC København,1896,1905.0,1,2,Denmark,domestic cup
2024/02/18,Superligaen,0,Silkeborg IF,1755,1740.0,0 - 3,FC København,1915,1930.0,0,3,Denmark,domestic league (tier 1)
2024/03/10,Superligaen,0,Silkeborg IF,1717,1706.0,0 - 1,Aarhus GF,1771,1782.0,0,1,Denmark,domestic league (tier 1)
2024/03/29,Denmark Cup,0,Silkeborg IF,1699,1706.0,6 - 1,FC Fredericia,1525,1518.0,6,1,Denmark,domestic cup
2024/04/01,Superligaen,0,Silkeborg IF,1706,1706.0,2 - 2,Aarhus GF,1798,1798.0,2,2,Denmark,domestic league (tier 1)
2024/04/15,Superligaen,0,Silkeborg IF,1693,1685.0,0 - 1,FC Nordsjælland,1847,1855.0,0,1,Denmark,domestic league (tier 1)
2024/04/29,Superligaen,0,Silkeborg IF,1681,1704.0,3 - 0,FC Midtjylland,1885,1862.0,3,0,Denmark,domestic league (tier 1)
2024/05/05,Superligaen,0,Silkeborg IF,1704,1692.0,0 - 3,FC København,1921,1933.0,0,3,Denmark,domestic league (tier 1)
2024/05/09,Denmark Cup,0,Silkeborg IF,1692,1704.0,1 - 0,Aarhus GF,1765,1753.0,1,0,Denmark,domestic cup
2024/05/20,Superligaen,0,Silkeborg IF,1712,1699.0,0 - 2,Brøndby IF,1850,1863.0,0,2,Denmark,domestic league (tier 1)
2024/07/21,Superligaen,0,Silkeborg IF,1706,1711.0,1 - 0,SønderjyskE,1631,1626.0,1,0,Denmark,domestic league (tier 1)
2024/08/04,Superligaen,0,Silkeborg IF,1707,1713.0,3 - 2,Viborg FF,1676,1670.0,3,2,Denmark,domestic league (tier 1)
2024/08/18,Superligaen,0,Silkeborg IF,1731,1751.0,4 - 1,FC Nordsjælland,1877,1857.0,4,1,Denmark,domestic league (tier 1)
2024/09/01,Superligaen,0,Silkeborg IF,1764,1750.0,1 - 3,FC Midtjylland,1897,1911.0,1,3,Denmark,domestic league (tier 1)
2024/09/22,Superligaen,0,Silkeborg IF,1755,1754.0,3 - 3,Brøndby IF,1831,1832.0,3,3,Denmark,domestic league (tier 1)
2024/10/06,Superligaen,0,Silkeborg IF,1755,1756.0,2 - 2,FC København,1896,1895.0,2,2,Denmark,domestic league (tier 1)
2024/10/25,Superligaen,0,Silkeborg IF,1761,1755.0,1 - 1,Aalborg BK,1633,1639.0,1,1,Denmark,domestic league (tier 1)
2024/11/10,Superligaen,0,Silkeborg IF,1769,1775.0,1 - 0,Randers FC,1737,1731.0,1,0,Denmark,domestic league (tier 1)
2024/12/01,Superligaen,0,Silkeborg IF,1770,1768.0,1 - 1,Aarhus GF,1806,1808.0,1,1,Denmark,domestic league (tier 1)
2024/12/08,Denmark Cup,0,Silkeborg IF,1768,1762.0,2 - 2,Aalborg BK,1640,1646.0,2,2,Denmark,domestic cup
2025/02/16,Superligaen,0,Silkeborg IF,1772,1755.0,0 - 1,Vejle BK,1557,1574.0,0,1,Denmark,domestic league (tier 1)
2025/03/09,Superligaen,0,Silkeborg IF,1787,1770.0,0 - 1,Lyngby BK,1551,1568.0,0,1,Denmark,domestic league (tier 1)
2025/04/06,Superligaen,0,Silkeborg IF,1762,1765.0,2 - 1,Lyngby BK,1570,1567.0,2,1,Denmark,domestic league (tier 1)
2025/04/16,Superligaen,0,Silkeborg IF,1757,1764.0,4 - 0,Aalborg BK,1616,1609.0,4,0,Denmark,domestic league (tier 1)
2025/05/04,Superligaen,0,Silkeborg IF,1765,1758.0,1 - 1,Vejle BK,1585,1592.0,1,1,Denmark,domestic league (tier 1)
2025/05/07,Denmark Cup,0,Silkeborg IF,1758,1768.0,2 - 1,Brøndby IF,1849,1839.0,2,1,Denmark,domestic cup
2025/05/11,Superligaen,0,Silkeborg IF,1768,1772.0,1 - 0,SønderjyskE,1615,1611.0,1,0,Denmark,domestic league (tier 1)
2025/05/24,Superligaen,0,Silkeborg IF,1779,1764.0,1 - 2,Viborg FF,1708,1723.0,1,2,Denmark,domestic league (tier 1)
2025/07/27,Superligaen,0,Silkeborg IF,1753,1729.0,0 - 2,FC Fredericia,1599,1623.0,0,2,Denmark,domestic league (tier 1)
2025/08/10,Superligaen,0,Silkeborg IF,1716,1730.0,4 - 2,FC Nordsjælland,1788,1774.0,4,2,Denmark,domestic league (tier 1)
2025/08/31,Superligaen,0,Silkeborg IF,1741,1719.0,0 - 2,SønderjyskE,1651,1673.0,0,2,Denmark,domestic league (tier 1)
2025/09/14,Superligaen,0,Silkeborg IF,1722,1727.0,2 - 1,Odense BK,1636,1631.0,2,1,Denmark,domestic league (tier 1)
2025/09/28,Superligaen,0,Silkeborg IF,1735,1729.0,1 - 1,Vejle BK,1605,1611.0,1,1,Denmark,domestic league (tier 1)
2025/10/17,Superligaen,0,Silkeborg IF,1721,1741.0,3 - 1,FC København,1953,1933.0,3,1,Denmark,domestic league (tier 1)
2025/11/02,Superligaen,0,Silkeborg IF,1746,1730.0,0 - 2,Brøndby IF,1824,1840.0,0,2,Denmark,domestic league (tier 1)
2025/11/21,Superligaen,0,Silkeborg IF,1731,1715.0,0 - 2,Aarhus GF,1819,1835.0,0,2,Denmark,domestic league (tier 1)
2025/11/30,Superligaen,0,Silkeborg IF,1715,1712.0,0 - 0,Randers FC,1713,1716.0,0,0,Denmark,domestic league (tier 1)
2026/02/08,Superligaen,0,Silkeborg IF,1700,1688.0,0 - 1,Viborg FF,1737,1749.0,0,1,Denmark,domestic league (tier 1)
2026/02/22,Superligaen,0,Silkeborg IF,1682,1675.0,0 - 4,FC Midtjylland,2023,2030.0,0,4,Denmark,domestic league (tier 1)
2026/03/16,Superligaen,0,Silkeborg IF,1666,1661.0,1 - 1,Vejle BK,1586,1591.0,1,1,Denmark,domestic league (tier 1)
2026/04/12,Superligaen,0,Silkeborg IF,1678,1690.0,3 - 1,Odense BK,1699,1687.0,3,1,Denmark,domestic league (tier 1)
2026/04/19,Superligaen,0,Silkeborg IF,1690,1685.0,2 - 2,FC Fredericia,1615,1620.0,2,2,Denmark,domestic league (tier 1)
2026/04/26,Superligaen,0,Silkeborg IF,1695,1705.0,2 - 0,Randers FC,1686,1676.0,2,0,Denmark,domestic league (tier 1)
2026/05/10,Superligaen,0,Silkeborg IF,1718,1702.0,0 - 4,FC København,1867,1883.0,0,4,Denmark,domestic league (tier 1)
2026/08/02,Superligaen,0,Silkeborg IF,1687,1677.0,1 - 3,FC København,1898,1908.0,1,3,Denmark,domestic league (tier 1)
2026/08/10,Superligaen,0,Silkeborg IF,1677,1684.0,1 - 0,Odense BK,1685,1678.0,1,0,Denmark,domestic league (tier 1)
2026/08/30,Superligaen,0,Silkeborg IF,1658,1663.0,1 - 1,FC Midtjylland,1968,1963.0,1,1,Denmark,domestic league (tier 1)
2016/07/24,1. Division Denmark,0,Skive IK,1352,1361.0,2 - 1,FC Fredericia,1415,1406.0,2,1,Denmark,domestic league (tier 2)
2016/08/07,1. Division Denmark,0,Skive IK,1366,1379.0,2 - 0,FC Roskilde,1412,1399.0,2,0,Denmark,domestic league (tier 2)
2016/08/18,1. Division Denmark,0,Skive IK,1357,1341.0,1 - 4,Hobro IK,1480,1496.0,1,4,Denmark,domestic league (tier 2)
2016/09/18,1. Division Denmark,0,Skive IK,1370,1377.0,2 - 1,Næstved BK,1351,1344.0,2,1,Denmark,domestic league (tier 2)
2016/09/28,1. Division Denmark,0,Skive IK,1380,1389.0,1 - 0,Vejle BK,1434,1425.0,1,0,Denmark,domestic league (tier 2)
2016/10/09,1. Division Denmark,0,Skive IK,1384,1395.0,2 - 0,FC Fredericia,1395,1384.0,2,0,Denmark,domestic league (tier 2)
2016/10/23,1. Division Denmark,0,Skive IK,1374,1362.0,1 - 2,FC Roskilde,1414,1426.0,1,2,Denmark,domestic league (tier 2)
2016/11/03,1. Division Denmark,0,Skive IK,1349,1357.0,1 - 0,FC Helsingør,1382,1374.0,1,0,Denmark,domestic league (tier 2)
2016/11/20,1. Division Denmark,0,Skive IK,1357,1373.0,3 - 1,Vendsyssel FF,1491,1475.0,3,1,Denmark,domestic league (tier 2)
2017/03/12,1. Division Denmark,0,Skive IK,1401,1405.0,1 - 0,AB Gladsaxe,1234,1230.0,1,0,Denmark,domestic league (tier 2)
2017/03/26,1. Division Denmark,0,Skive IK,1415,1420.0,2 - 1,Næstved BK,1337,1332.0,2,1,Denmark,domestic league (tier 2)
2017/04/09,1. Division Denmark,0,Skive IK,1410,1421.0,4 - 1,Fremad Amager,1376,1365.0,4,1,Denmark,domestic league (tier 2)
2017/04/23,1. Division Denmark,0,Skive IK,1408,1416.0,2 - 1,HB Køge,1423,1415.0,2,1,Denmark,domestic league (tier 2)
2017/05/07,1. Division Denmark,0,Skive IK,1420,1409.0,0 - 1,Hobro IK,1494,1505.0,0,1,Denmark,domestic league (tier 2)
2017/05/14,1. Division Denmark,0,Skive IK,1399,1386.0,0 - 1,Vejle BK,1405,1418.0,0,1,Denmark,domestic league (tier 2)
2017/05/21,1. Division Denmark,0,Skive IK,1386,1371.0,2 - 3,Nykøbing FC,1300,1315.0,2,3,Denmark,domestic league (tier 2)
2017/08/06,1. Division Denmark,0,Skive IK,1363,1346.0,3 - 4,Brabrand IF,1158,1175.0,3,4,Denmark,domestic league (tier 2)
2017/08/20,1. Division Denmark,0,Skive IK,1336,1336.0,2 - 2,Vejle BK,1438,1438.0,2,2,Denmark,domestic league (tier 2)
2017/08/24,1. Division Denmark,0,Skive IK,1336,1328.0,1 - 2,Esbjerg fB,1524,1532.0,1,2,Denmark,domestic league (tier 2)
2017/09/13,1. Division Denmark,0,Skive IK,1330,1329.0,2 - 2,FC Fredericia,1410,1411.0,2,2,Denmark,domestic league (tier 2)
2017/09/17,1. Division Denmark,0,Skive IK,1329,1331.0,3 - 3,Vendsyssel FF,1499,1497.0,3,3,Denmark,domestic league (tier 2)
2017/10/01,1. Division Denmark,0,Skive IK,1322,1310.0,1 - 2,Thisted FC,1352,1364.0,1,2,Denmark,domestic league (tier 2)
2017/10/15,1. Division Denmark,0,Skive IK,1325,1308.0,0 - 2,FC Roskilde,1381,1398.0,0,2,Denmark,domestic league (tier 2)
2017/10/22,1. Division Denmark,0,Skive IK,1308,1319.0,2 - 1,HB Køge,1430,1419.0,2,1,Denmark,domestic league (tier 2)
2017/11/12,1. Division Denmark,0,Skive IK,1307,1296.0,1 - 3,Viborg FF,1494,1505.0,1,3,Denmark,domestic league (tier 2)
2017/11/26,1. Division Denmark,0,Skive IK,1292,1290.0,4 - 4,Nykøbing FC,1335,1337.0,4,4,Denmark,domestic league (tier 2)
2018/03/11,1. Division Denmark,0,Skive IK,1286,1274.0,0 - 1,Fremad Amager,1320,1332.0,0,1,Denmark,domestic league (tier 2)
2018/03/25,1. Division Denmark,0,Skive IK,1281,1275.0,1 - 1,Brabrand IF,1147,1153.0,1,1,Denmark,domestic league (tier 2)
2018/04/02,1. Division Denmark,0,Skive IK,1272,1272.0,1 - 1,Thisted FC,1356,1356.0,1,1,Denmark,domestic league (tier 2)
2018/04/08,1. Division Denmark,0,Skive IK,1272,1264.0,0 - 1,FC Fredericia,1447,1455.0,0,1,Denmark,domestic league (tier 2)
2018/04/20,1. Division Denmark,0,Skive IK,1279,1268.0,0 - 2,Vendsyssel FF,1479,1490.0,0,2,Denmark,domestic league (tier 2)
2018/05/12,1. Division Denmark,0,Skive IK,1268,1256.0,0 - 3,Vejle BK,1479,1491.0,0,3,Denmark,domestic league (tier 2)
2018/05/16,1. Division Denmark,0,Skive IK,1256,1251.0,0 - 1,Esbjerg fB,1536,1541.0,0,1,Denmark,domestic league (tier 2)
2019/07/28,1. Division Denmark,0,Skive IK,1242,1261.0,3 - 1,Næstved BK,1426,1407.0,3,1,Denmark,domestic league (tier 2)
2019/08/16,1. Division Denmark,0,Skive IK,1272,1263.0,0 - 2,Viborg FF,1517,1526.0,0,2,Denmark,domestic league (tier 2)
2019/08/30,1. Division Denmark,0,Skive IK,1277,1278.0,1 - 1,HB Køge,1404,1403.0,1,1,Denmark,domestic league (tier 2)
2019/09/13,1. Division Denmark,0,Skive IK,1270,1273.0,2 - 2,FC Fredericia,1466,1463.0,2,2,Denmark,domestic league (tier 2)
2019/09/28,1. Division Denmark,0,Skive IK,1263,1264.0,3 - 3,Nykøbing FC,1396,1395.0,3,3,Denmark,domestic league (tier 2)
2019/10/12,1. Division Denmark,0,Skive IK,1288,1297.0,2 - 1,Hvidovre IF,1343,1334.0,2,1,Denmark,domestic league (tier 2)
2019/10/25,1. Division Denmark,0,Skive IK,1292,1296.0,0 - 0,Vejle BK,1533,1529.0,0,0,Denmark,domestic league (tier 2)
2019/11/01,1. Division Denmark,0,Skive IK,1296,1278.0,1 - 3,FC Roskilde,1329,1347.0,1,3,Denmark,domestic league (tier 2)
2019/11/17,1. Division Denmark,0,Skive IK,1303,1286.0,0 - 2,Kolding FC (as Kolding IF),1364,1381.0,0,2,Denmark,domestic league (tier 2)
2020/03/08,1. Division Denmark,0,Skive IK,1279,1290.0,2 - 1,Fremad Amager,1428,1417.0,2,1,Denmark,domestic league (tier 2)
2020/06/05,1. Division Denmark,0,Skive IK,1297,1284.0,1 - 3,Vendsyssel FF,1439,1452.0,1,3,Denmark,domestic league (tier 2)
2020/06/12,1. Division Denmark,0,Skive IK,1302,1311.0,3 - 2,Nykøbing FC,1374,1365.0,3,2,Denmark,domestic league (tier 2)
2020/06/24,1. Division Denmark,0,Skive IK,1316,1308.0,0 - 1,Viborg FF,1489,1497.0,0,1,Denmark,domestic league (tier 2)
2020/06/27,1. Division Denmark,0,Skive IK,1308,1321.0,2 - 0,Næstved BK,1352,1339.0,2,0,Denmark,domestic league (tier 2)
2020/07/05,1. Division Denmark,0,Skive IK,1315,1325.0,1 - 0,FC Fredericia,1428,1418.0,1,0,Denmark,domestic league (tier 2)
2020/07/19,1. Division Denmark,0,Skive IK,1349,1358.0,3 - 2,HB Køge,1406,1397.0,3,2,Denmark,domestic league (tier 2)
2020/09/12,1. Division Denmark,0,Skive IK,1373,1361.0,0 - 2,Esbjerg fB,1534,1546.0,0,2,Denmark,domestic league (tier 2)
2020/09/26,1. Division Denmark,0,Skive IK,1350,1335.0,0 - 2,Fremad Amager,1460,1475.0,0,2,Denmark,domestic league (tier 2)
2020/10/03,1. Division Denmark,0,Skive IK,1332,1329.0,1 - 1,Kolding FC (as Kolding IF),1338,1341.0,1,1,Denmark,domestic league (tier 2)
2020/10/21,1. Division Denmark,0,Skive IK,1323,1322.0,1 - 1,Vendsyssel FF,1381,1382.0,1,1,Denmark,domestic league (tier 2)
2020/11/07,1. Division Denmark,0,Skive IK,1323,1312.0,2 - 3,Hvidovre IF,1373,1384.0,2,3,Denmark,domestic league (tier 2)
2020/11/28,1. Division Denmark,0,Skive IK,1306,1290.0,0 - 4,FC Fredericia,1463,1479.0,0,4,Denmark,domestic league (tier 2)
2020/12/04,1. Division Denmark,0,Skive IK,1290,1292.0,2 - 2,Hobro IK,1460,1458.0,2,2,Denmark,domestic league (tier 2)
2020/12/18,1. Division Denmark,0,Skive IK,1308,1298.0,0 - 4,Silkeborg IF,1574,1584.0,0,4,Denmark,domestic league (tier 2)
2021/02/19,1. Division Denmark,0,Skive IK,1291,1276.0,1 - 3,HB Køge,1395,1410.0,1,3,Denmark,domestic league (tier 2)
2021/03/05,1. Division Denmark,0,Skive IK,1296,1288.0,0 - 3,Viborg FF,1607,1615.0,0,3,Denmark,domestic league (tier 2)
2021/03/19,1. Division Denmark,0,Skive IK,1302,1303.0,0 - 0,FC Helsingør,1424,1423.0,0,0,Denmark,domestic league (tier 2)
2021/04/04,1. Division Denmark,0,Skive IK,1303,1314.0,1 - 0,Hobro IK,1432,1421.0,1,0,Denmark,domestic league (tier 2)
2021/04/16,1. Division Denmark,0,Skive IK,1317,1323.0,2 - 1,Kolding IF,1289,1283.0,2,1,Denmark,domestic league (tier 2)
2021/05/06,1. Division Denmark,0,Skive IK,1307,1315.0,2 - 1,Vendsyssel FF,1332,1324.0,2,1,Denmark,domestic league (tier 2)
2021/05/16,1. Division Denmark,0,Skive IK,1307,1317.0,1 - 0,Fremad Amager,1404,1394.0,1,0,Denmark,domestic league (tier 2)
2021/05/22,1. Division Denmark,0,Skive IK,1317,1316.0,2 - 2,Hvidovre IF,1393,1394.0,2,2,Denmark,domestic league (tier 2)
2021/09/02,Denmark Cup,0,Skive IK,1305,1300.0,1 - 3,Silkeborg IF,1693,1698.0,1,3,Denmark,domestic cup
2023/09/05,Denmark Cup,0,Skive IK,1300,1279.0,1 - 3,Thisted FC,1264,1285.0,1,3,Denmark,domestic cup
2024/09/24,Denmark Cup,0,Skive IK,1279,1292.0,5 - 0,FC Helsingør,1260,1247.0,5,0,Denmark,domestic cup
2024/11/07,Denmark Cup,0,Skive IK,1292,1290.0,2 - 3,Aarhus GF,1812,1814.0,2,3,Denmark,domestic cup
2025/09/02,Denmark Cup,0,Skive IK,1312,1302.0,0 - 2,Kolding IF,1529,1539.0,0,2,Denmark,domestic cup
2026/08/25,Denmark Cup,0,Skive IK,1302,1287.0,1 - 5,Esbjerg fB,1464,1479.0,1,5,Denmark,domestic cup
2022/08/02,Denmark Cup,0,Skovshoved IF,1425,1399.0,0 - 4,HB Køge,1374,1400.0,0,4,Denmark,domestic cup
2026/09/15,Denmark Cup,0,Skovshoved IF,1399,,Info,FC København,1914,,,,Denmark,domestic cup
2022/08/02,Denmark Cup,0,Slagelse B&I,1385,1370.0,0 - 5,SønderjyskE,1578,1593.0,0,5,Denmark,domestic cup
2016/07/17,Superligaen,0,SønderjyskE,1766,1751.0,1 - 2,Aarhus GF,1669,1684.0,1,2,Denmark,domestic league (tier 1)
2016/07/31,Superligaen,0,SønderjyskE,1763,1746.0,0 - 1,Lyngby BK,1540,1557.0,0,1,Denmark,domestic league (tier 1)
2016/08/07,Superligaen,0,SønderjyskE,1743,1746.0,1 - 1,FC København,1934,1931.0,1,1,Denmark,domestic league (tier 1)
2016/08/28,Superligaen,0,SønderjyskE,1738,1732.0,1 - 1,Esbjerg fB,1586,1592.0,1,1,Denmark,domestic league (tier 1)
2016/09/11,Superligaen,0,SønderjyskE,1732,1725.0,2 - 2,Silkeborg IF,1515,1522.0,2,2,Denmark,domestic league (tier 1)
2016/09/22,Superligaen,0,SønderjyskE,1734,1739.0,1 - 0,Odense BK,1653,1648.0,1,0,Denmark,domestic league (tier 1)
2016/10/14,Superligaen,0,SønderjyskE,1774,1777.0,1 - 0,Viborg FF,1603,1600.0,1,0,Denmark,domestic league (tier 1)
2016/10/30,Superligaen,0,SønderjyskE,1763,1768.0,2 - 0,AC Horsens,1576,1571.0,2,0,Denmark,domestic league (tier 1)
2016/11/20,Superligaen,0,SønderjyskE,1763,1772.0,1 - 0,FC Midtjylland,1823,1814.0,1,0,Denmark,domestic league (tier 1)
2016/11/29,Superligaen,0,SønderjyskE,1769,1764.0,1 - 1,Aalborg BK,1670,1675.0,1,1,Denmark,domestic league (tier 1)
2016/12/09,Superligaen,0,SønderjyskE,1762,1756.0,0 - 0,FC Nordsjælland,1608,1614.0,0,0,Denmark,domestic league (tier 1)
2017/02/26,Superligaen,0,SønderjyskE,1735,1725.0,1 - 2,Brøndby IF,1819,1829.0,1,2,Denmark,domestic league (tier 1)
2017/03/19,Superligaen,0,SønderjyskE,1736,1741.0,1 - 0,Randers FC,1661,1656.0,1,0,Denmark,domestic league (tier 1)
2017/04/03,Superligaen,0,SønderjyskE,1741,1736.0,1 - 2,FC København,2010,2015.0,1,2,Denmark,domestic league (tier 1)
2017/04/14,Superligaen,0,SønderjyskE,1727,1702.0,1 - 4,FC Nordsjælland,1673,1698.0,1,4,Denmark,domestic league (tier 1)
2017/04/21,Superligaen,0,SønderjyskE,1702,1687.0,1 - 2,Lyngby BK,1616,1631.0,1,2,Denmark,domestic league (tier 1)
2017/05/12,Superligaen,0,SønderjyskE,1680,1698.0,5 - 2,FC Midtjylland,1785,1767.0,5,2,Denmark,domestic league (tier 1)
2017/05/21,Superligaen,0,SønderjyskE,1685,1704.0,3 - 0,Brøndby IF,1814,1795.0,3,0,Denmark,domestic league (tier 1)
2017/07/15,Superligaen,0,SønderjyskE,1701,1697.0,0 - 0,Randers FC,1671,1675.0,0,0,Denmark,domestic league (tier 1)
2017/07/28,Superligaen,0,SønderjyskE,1715,1697.0,1 - 2,FC Helsingør,1424,1442.0,1,2,Denmark,domestic league (tier 1)
2017/08/07,Superligaen,0,SønderjyskE,1697,1708.0,3 - 0,Aarhus GF,1661,1650.0,3,0,Denmark,domestic league (tier 1)
2017/08/25,Superligaen,0,SønderjyskE,1707,1702.0,2 - 2,Odense BK,1638,1643.0,2,2,Denmark,domestic league (tier 1)
2017/09/16,Superligaen,0,SønderjyskE,1691,1686.0,2 - 2,AC Horsens,1594,1599.0,2,2,Denmark,domestic league (tier 1)
2017/10/13,Superligaen,0,SønderjyskE,1688,1679.0,0 - 1,FC Midtjylland,1807,1816.0,0,1,Denmark,domestic league (tier 1)
2017/10/29,Superligaen,0,SønderjyskE,1668,1663.0,1 - 1,Hobro IK,1597,1602.0,1,1,Denmark,domestic league (tier 1)
2017/11/19,Superligaen,0,SønderjyskE,1686,1708.0,3 - 0,FC København,1868,1846.0,3,0,Denmark,domestic league (tier 1)
2017/12/03,Superligaen,0,SønderjyskE,1725,1710.0,1 - 3,Brøndby IF,1826,1841.0,1,3,Denmark,domestic league (tier 1)
2018/02/11,Superligaen,0,SønderjyskE,1700,1709.0,2 - 1,FC Nordsjælland,1773,1764.0,2,1,Denmark,domestic league (tier 1)
2018/02/26,Superligaen,0,SønderjyskE,1709,1693.0,0 - 1,Silkeborg IF,1593,1609.0,0,1,Denmark,domestic league (tier 1)
2018/03/01,Superligaen,0,SønderjyskE,1693,1679.0,0 - 1,Aalborg BK,1643,1657.0,0,1,Denmark,domestic league (tier 1)
2018/03/11,Superligaen,0,SønderjyskE,1685,1690.0,1 - 0,Lyngby BK,1585,1580.0,1,0,Denmark,domestic league (tier 1)
2018/04/08,Superligaen,0,SønderjyskE,1671,1676.0,1 - 0,Randers FC,1582,1577.0,1,0,Denmark,domestic league (tier 1)
2018/04/14,Superligaen,0,SønderjyskE,1676,1681.0,1 - 0,Lyngby BK,1567,1562.0,1,0,Denmark,domestic league (tier 1)
2018/04/29,Superligaen,0,SønderjyskE,1662,1672.0,2 - 0,Odense BK,1648,1638.0,2,0,Denmark,domestic league (tier 1)
2018/05/06,Superligaen,0,SønderjyskE,1672,1677.0,1 - 0,Hobro IK,1591,1586.0,1,0,Denmark,domestic league (tier 1)
2018/05/22,Superligaen,0,SønderjyskE,1670,1651.0,0 - 2,Aarhus GF,1663,1682.0,0,2,Denmark,domestic league (tier 1)
2018/07/13,Superligaen,0,SønderjyskE,1651,1638.0,0 - 1,Aalborg BK,1647,1660.0,0,1,Denmark,domestic league (tier 1)
2018/07/27,Superligaen,0,SønderjyskE,1640,1650.0,2 - 0,AC Horsens,1611,1601.0,2,0,Denmark,domestic league (tier 1)
2018/08/17,Superligaen,0,SønderjyskE,1634,1638.0,2 - 1,Vendsyssel FF,1515,1511.0,2,1,Denmark,domestic league (tier 1)
2018/09/01,Superligaen,0,SønderjyskE,1635,1630.0,1 - 1,Hobro IK,1552,1557.0,1,1,Denmark,domestic league (tier 1)
2018/09/23,Superligaen,0,SønderjyskE,1656,1660.0,0 - 0,FC Midtjylland,1890,1886.0,0,0,Denmark,domestic league (tier 1)
2018/10/05,Superligaen,0,SønderjyskE,1661,1669.0,3 - 0,Vejle BK,1536,1528.0,3,0,Denmark,domestic league (tier 1)
2018/10/26,Superligaen,0,SønderjyskE,1670,1667.0,0 - 0,Odense BK,1646,1649.0,0,0,Denmark,domestic league (tier 1)
2018/11/25,Superligaen,0,SønderjyskE,1663,1650.0,0 - 2,Brøndby IF,1810,1823.0,0,2,Denmark,domestic league (tier 1)
2018/12/02,Superligaen,0,SønderjyskE,1650,1639.0,1 - 2,FC Nordsjælland,1698,1709.0,1,2,Denmark,domestic league (tier 1)
2018/12/16,Superligaen,0,SønderjyskE,1639,1628.0,0 - 3,FC København,1884,1895.0,0,3,Denmark,domestic league (tier 1)
2019/02/15,Superligaen,0,SønderjyskE,1612,1594.0,0 - 2,Aarhus GF,1650,1668.0,0,2,Denmark,domestic league (tier 1)
2019/03/03,Superligaen,0,SønderjyskE,1584,1600.0,3 - 0,Randers FC,1645,1629.0,3,0,Denmark,domestic league (tier 1)
2019/03/10,Superligaen,0,SønderjyskE,1600,1612.0,3 - 1,Esbjerg fB,1625,1613.0,3,1,Denmark,domestic league (tier 1)
2019/03/31,Superligaen,0,SønderjyskE,1610,1606.0,0 - 0,AC Horsens,1581,1585.0,0,0,Denmark,domestic league (tier 1)
2019/04/15,Superligaen,0,SønderjyskE,1588,1577.0,0 - 1,Aarhus GF,1653,1664.0,0,1,Denmark,domestic league (tier 1)
2019/04/28,Superligaen,0,SønderjyskE,1584,1594.0,4 - 1,Vejle BK,1522,1512.0,4,1,Denmark,domestic league (tier 1)
2019/05/05,Superligaen,0,SønderjyskE,1594,1592.0,1 - 1,Randers FC,1636,1638.0,1,1,Denmark,domestic league (tier 1)
2019/07/14,Superligaen,0,SønderjyskE,1586,1595.0,2 - 1,Randers FC,1652,1643.0,2,1,Denmark,domestic league (tier 1)
2019/08/03,Superligaen,0,SønderjyskE,1616,1611.0,1 - 2,FC København,1920,1925.0,1,2,Denmark,domestic league (tier 1)
2019/08/12,Superligaen,0,SønderjyskE,1611,1610.0,0 - 0,Aarhus GF,1672,1673.0,0,0,Denmark,domestic league (tier 1)
2019/08/25,Superligaen,0,SønderjyskE,1610,1601.0,0 - 2,FC Midtjylland,1856,1865.0,0,2,Denmark,domestic league (tier 1)
2019/09/13,Superligaen,0,SønderjyskE,1606,1601.0,0 - 0,AC Horsens,1533,1538.0,0,0,Denmark,domestic league (tier 1)
2019/09/29,Superligaen,0,SønderjyskE,1613,1624.0,2 - 1,Brøndby IF,1747,1736.0,2,1,Denmark,domestic league (tier 1)
2019/10/20,Superligaen,0,SønderjyskE,1637,1618.0,1 - 4,FC Nordsjælland,1709,1728.0,1,4,Denmark,domestic league (tier 1)
2019/10/27,Superligaen,0,SønderjyskE,1618,1600.0,1 - 3,Aalborg BK,1657,1675.0,1,3,Denmark,domestic league (tier 1)
2019/11/24,Superligaen,0,SønderjyskE,1607,1602.0,2 - 2,Lyngby BK,1534,1539.0,2,2,Denmark,domestic league (tier 1)
2019/12/08,Superligaen,0,SønderjyskE,1593,1600.0,2 - 1,Esbjerg fB,1600,1593.0,2,1,Denmark,domestic league (tier 1)
2020/02/16,Superligaen,0,SønderjyskE,1592,1601.0,3 - 1,Hobro IK,1557,1548.0,3,1,Denmark,domestic league (tier 1)
2020/03/08,Superligaen,0,SønderjyskE,1609,1608.0,1 - 1,Odense BK,1666,1667.0,1,1,Denmark,domestic league (tier 1)
2020/06/07,Superligaen,0,SønderjyskE,1604,1599.0,2 - 2,Silkeborg IF,1513,1518.0,2,2,Denmark,domestic league (tier 1)
2020/06/14,Superligaen,0,SønderjyskE,1606,1612.0,1 - 0,Lyngby BK,1550,1544.0,1,0,Denmark,domestic league (tier 1)
2020/06/27,Superligaen,0,SønderjyskE,1613,1618.0,1 - 0,Silkeborg IF,1534,1529.0,1,0,Denmark,domestic league (tier 1)
2020/07/04,Superligaen,0,SønderjyskE,1636,1634.0,1 - 1,Odense BK,1671,1673.0,1,1,Denmark,domestic league (tier 1)
2020/09/11,Superligaen,0,SønderjyskE,1633,1654.0,2 - 0,FC Midtjylland,1892,1871.0,2,0,Denmark,domestic league (tier 1)
2020/09/27,Superligaen,0,SønderjyskE,1633,1648.0,3 - 1,Aalborg BK,1730,1715.0,3,1,Denmark,domestic league (tier 1)
2020/10/18,Superligaen,0,SønderjyskE,1647,1664.0,2 - 0,Brøndby IF,1805,1788.0,2,0,Denmark,domestic league (tier 1)
2020/11/02,Superligaen,0,SønderjyskE,1676,1676.0,1 - 1,Aarhus GF,1786,1786.0,1,1,Denmark,domestic league (tier 1)
2020/11/29,Superligaen,0,SønderjyskE,1699,1684.0,1 - 3,FC København,1799,1814.0,1,3,Denmark,domestic league (tier 1)
2020/12/06,Superligaen,0,SønderjyskE,1684,1692.0,2 - 1,FC Nordsjælland,1718,1710.0,2,1,Denmark,domestic league (tier 1)
2020/12/20,Superligaen,0,SønderjyskE,1690,1677.0,0 - 1,Randers FC,1697,1710.0,0,1,Denmark,domestic league (tier 1)
2021/02/07,Superligaen,0,SønderjyskE,1694,1679.0,0 - 1,Vejle BK,1588,1603.0,0,1,Denmark,domestic league (tier 1)
2021/03/01,Superligaen,0,SønderjyskE,1675,1646.0,1 - 4,Lyngby BK,1513,1542.0,1,4,Denmark,domestic league (tier 1)
2021/03/04,Superligaen,0,SønderjyskE,1646,1644.0,1 - 1,Odense BK,1681,1683.0,1,1,Denmark,domestic league (tier 1)
2021/03/14,Superligaen,0,SønderjyskE,1644,1652.0,2 - 0,AC Horsens,1572,1564.0,2,0,Denmark,domestic league (tier 1)
2021/04/11,Superligaen,0,SønderjyskE,1638,1623.0,2 - 3,AC Horsens,1551,1566.0,2,3,Denmark,domestic league (tier 1)
2021/04/25,Superligaen,0,SønderjyskE,1660,1666.0,1 - 0,Vejle BK,1608,1602.0,1,0,Denmark,domestic league (tier 1)
2021/05/02,Superligaen,0,SønderjyskE,1666,1676.0,2 - 0,Odense BK,1653,1643.0,2,0,Denmark,domestic league (tier 1)
2021/05/17,Superligaen,0,SønderjyskE,1645,1652.0,2 - 0,Lyngby BK,1552,1545.0,2,0,Denmark,domestic league (tier 1)
2021/05/24,Superligaen,0,SønderjyskE,1662,1639.0,0 - 4,Aalborg BK,1677,1700.0,0,4,Denmark,domestic league (tier 1)
2021/07/26,Superligaen,0,SønderjyskE,1643,1649.0,1 - 0,Vejle BK,1590,1584.0,1,0,Denmark,domestic league (tier 1)
2021/08/02,Superligaen,0,SønderjyskE,1649,1632.0,0 - 2,FC Nordsjælland,1697,1714.0,0,2,Denmark,domestic league (tier 1)
2021/08/13,Superligaen,0,SønderjyskE,1628,1619.0,0 - 2,FC Midtjylland,1868,1877.0,0,2,Denmark,domestic league (tier 1)
2021/08/29,Superligaen,0,SønderjyskE,1616,1614.0,2 - 2,Viborg FF,1651,1653.0,2,2,Denmark,domestic league (tier 1)
2021/09/19,Superligaen,0,SønderjyskE,1608,1620.0,1 - 0,Brøndby IF,1789,1777.0,1,0,Denmark,domestic league (tier 1)
2021/10/17,Superligaen,0,SønderjyskE,1613,1618.0,1 - 1,FC København,1895,1890.0,1,1,Denmark,domestic league (tier 1)
2021/10/31,Superligaen,0,SønderjyskE,1638,1614.0,0 - 6,Silkeborg IF,1698,1722.0,0,6,Denmark,domestic league (tier 1)
2021/11/22,Superligaen,0,SønderjyskE,1601,1588.0,1 - 3,Aalborg BK,1739,1752.0,1,3,Denmark,domestic league (tier 1)
2021/12/05,Denmark Cup,0,SønderjyskE,1593,1598.0,1 - 0,Hvidovre IF,1509,1504.0,1,0,Denmark,domestic cup
2022/02/18,Superligaen,0,SønderjyskE,1588,1579.0,2 - 3,Aarhus GF,1710,1719.0,2,3,Denmark,domestic league (tier 1)
2022/03/06,Superligaen,0,SønderjyskE,1576,1577.0,2 - 2,Odense BK,1706,1705.0,2,2,Denmark,domestic league (tier 1)
2022/03/20,Superligaen,0,SønderjyskE,1581,1582.0,1 - 1,Randers FC,1725,1724.0,1,1,Denmark,domestic league (tier 1)
2022/04/10,Superligaen,0,SønderjyskE,1577,1577.0,2 - 2,Odense BK,1683,1683.0,2,2,Denmark,domestic league (tier 1)
2022/04/18,Superligaen,0,SønderjyskE,1568,1578.0,2 - 1,Aarhus GF,1673,1663.0,2,1,Denmark,domestic league (tier 1)
2022/04/22,Superligaen,0,SønderjyskE,1578,1566.0,0 - 1,Vejle BK,1591,1603.0,0,1,Denmark,domestic league (tier 1)
2022/04/27,Denmark Cup,0,SønderjyskE,1566,1557.0,1 - 2,Odense BK,1703,1712.0,1,2,Denmark,domestic cup
2022/05/11,Superligaen,0,SønderjyskE,1579,1578.0,1 - 1,FC Nordsjælland,1653,1654.0,1,1,Denmark,domestic league (tier 1)
2022/05/21,Superligaen,0,SønderjyskE,1584,1569.0,0 - 2,Viborg FF,1689,1704.0,0,2,Denmark,domestic league (tier 1)
2022/07/22,1. Division Denmark,0,SønderjyskE,1569,1571.0,2 - 1,Fremad Amager,1329,1327.0,2,1,Denmark,domestic league (tier 2)
2022/08/06,1. Division Denmark,0,SønderjyskE,1593,1598.0,3 - 1,HB Køge,1400,1395.0,3,1,Denmark,domestic league (tier 2)
2022/08/16,1. Division Denmark,0,SønderjyskE,1610,1580.0,0 - 4,FC Helsingør,1467,1497.0,0,4,Denmark,domestic league (tier 2)
2022/08/26,1. Division Denmark,0,SønderjyskE,1574,1566.0,1 - 1,Næstved BK,1333,1341.0,1,1,Denmark,domestic league (tier 2)
2022/09/09,1. Division Denmark,0,SønderjyskE,1589,1595.0,3 - 2,Hvidovre IF,1543,1537.0,3,2,Denmark,domestic league (tier 2)
2022/09/19,1. Division Denmark,0,SønderjyskE,1595,1588.0,2 - 2,Vendsyssel FF,1425,1432.0,2,2,Denmark,domestic league (tier 2)
2022/10/08,1. Division Denmark,0,SønderjyskE,1593,1585.0,0 - 0,Hobro IK,1347,1355.0,0,0,Denmark,domestic league (tier 2)
2022/10/21,1. Division Denmark,0,SønderjyskE,1591,1572.0,2 - 3,Hillerød GI,1236,1255.0,2,3,Denmark,domestic league (tier 2)
2022/11/14,1. Division Denmark,0,SønderjyskE,1576,1564.0,0 - 1,Vejle BK,1601,1613.0,0,1,Denmark,domestic league (tier 2)
2023/02/24,1. Division Denmark,0,SønderjyskE,1563,1569.0,4 - 0,FC Fredericia,1371,1365.0,4,0,Denmark,domestic league (tier 2)
2023/03/08,Denmark Cup,0,SønderjyskE,1561,1550.0,0 - 2,Silkeborg IF,1757,1768.0,0,2,Denmark,domestic cup
2023/03/18,1. Division Denmark,0,SønderjyskE,1559,1552.0,1 - 1,Nykøbing FC,1323,1330.0,1,1,Denmark,domestic league (tier 2)
2023/04/10,1. Division Denmark,0,SønderjyskE,1564,1567.0,1 - 0,Næstved BK,1377,1374.0,1,0,Denmark,domestic league (tier 2)
2023/04/14,1. Division Denmark,0,SønderjyskE,1567,1561.0,1 - 1,Vendsyssel FF,1421,1427.0,1,1,Denmark,domestic league (tier 2)
2023/04/29,1. Division Denmark,0,SønderjyskE,1571,1547.0,0 - 3,Hvidovre IF,1533,1557.0,0,3,Denmark,domestic league (tier 2)
2023/05/11,1. Division Denmark,0,SønderjyskE,1557,1556.0,1 - 1,Vejle BK,1620,1621.0,1,1,Denmark,domestic league (tier 2)
2023/06/04,1. Division Denmark,0,SønderjyskE,1566,1570.0,3 - 2,FC Helsingør,1424,1420.0,3,2,Denmark,domestic league (tier 2)
2023/07/28,1. Division Denmark,0,SønderjyskE,1569,1545.0,1 - 3,FC Fredericia,1434,1458.0,1,3,Denmark,domestic league (tier 2)
2023/08/12,1. Division Denmark,0,SønderjyskE,1571,1583.0,5 - 0,AC Horsens,1528,1516.0,5,0,Denmark,domestic league (tier 2)
2023/08/23,1. Division Denmark,0,SønderjyskE,1594,1599.0,4 - 0,HB Køge,1373,1368.0,4,0,Denmark,domestic league (tier 2)
2023/09/06,Denmark Cup,0,SønderjyskE,1602,1589.0,0 - 1,Vejle BK,1606,1619.0,0,1,Denmark,domestic cup
2023/09/15,1. Division Denmark,0,SønderjyskE,1589,1589.0,1 - 1,Aalborg BK,1677,1677.0,1,1,Denmark,domestic league (tier 2)
2023/09/30,1. Division Denmark,0,SønderjyskE,1596,1600.0,4 - 0,B.93 København,1346,1342.0,4,0,Denmark,domestic league (tier 2)
2023/10/20,1. Division Denmark,0,SønderjyskE,1611,1617.0,4 - 0,Kolding IF,1418,1412.0,4,0,Denmark,domestic league (tier 2)
2023/11/03,1. Division Denmark,0,SønderjyskE,1626,1629.0,1 - 0,Hobro IK,1411,1408.0,1,0,Denmark,domestic league (tier 2)
2023/11/24,1. Division Denmark,0,SønderjyskE,1638,1641.0,4 - 1,Næstved BK,1334,1331.0,4,1,Denmark,domestic league (tier 2)
2023/12/02,1. Division Denmark,0,SønderjyskE,1641,1614.0,0 - 2,Hillerød Fodbold,1353,1380.0,0,2,Denmark,domestic league (tier 2)
2024/03/02,1. Division Denmark,0,SønderjyskE,1618,1589.0,0 - 3,Vendsyssel FF,1456,1485.0,0,3,Denmark,domestic league (tier 2)
2024/03/16,1. Division Denmark,0,SønderjyskE,1605,1608.0,2 - 0,FC Helsingør,1320,1317.0,2,0,Denmark,domestic league (tier 2)
2024/04/06,1. Division Denmark,0,SønderjyskE,1603,1608.0,2 - 0,Hobro IK,1409,1404.0,2,0,Denmark,domestic league (tier 2)
2024/04/18,1. Division Denmark,0,SønderjyskE,1624,1618.0,0 - 0,Vendsyssel FF,1473,1479.0,0,0,Denmark,domestic league (tier 2)
2024/05/02,1. Division Denmark,0,SønderjyskE,1632,1637.0,2 - 1,FC Fredericia,1532,1527.0,2,1,Denmark,domestic league (tier 2)
2024/05/11,1. Division Denmark,0,SønderjyskE,1637,1644.0,1 - 0,Aalborg BK,1629,1622.0,1,0,Denmark,domestic league (tier 2)
2024/06/02,1. Division Denmark,0,SønderjyskE,1638,1631.0,1 - 1,Kolding IF,1463,1470.0,1,1,Denmark,domestic league (tier 2)
2024/07/26,Superligaen,0,SønderjyskE,1626,1622.0,1 - 1,Lyngby BK,1593,1597.0,1,1,Denmark,domestic league (tier 1)
2024/08/11,Superligaen,0,SønderjyskE,1614,1607.0,0 - 2,FC København,1925,1932.0,0,2,Denmark,domestic league (tier 1)
2024/09/01,Superligaen,0,SønderjyskE,1620,1619.0,2 - 2,Viborg FF,1669,1670.0,2,2,Denmark,domestic league (tier 1)
2024/09/22,Superligaen,0,SønderjyskE,1615,1621.0,2 - 1,Vejle BK,1570,1564.0,2,1,Denmark,domestic league (tier 1)
2024/10/06,Superligaen,0,SønderjyskE,1609,1598.0,1 - 4,FC Nordsjælland,1852,1863.0,1,4,Denmark,domestic league (tier 1)
2024/10/20,Superligaen,0,SønderjyskE,1598,1614.0,3 - 2,FC Midtjylland,1927,1911.0,3,2,Denmark,domestic league (tier 1)
2024/10/30,Denmark Cup,0,SønderjyskE,1607,1602.0,1 - 2,FC København,1903,1908.0,1,2,Denmark,domestic cup
2024/11/02,Superligaen,0,SønderjyskE,1602,1585.0,1 - 4,Randers FC,1720,1737.0,1,4,Denmark,domestic league (tier 1)
2024/11/24,Superligaen,0,SønderjyskE,1588,1593.0,2 - 2,Brøndby IF,1865,1860.0,2,2,Denmark,domestic league (tier 1)
2025/02/16,Superligaen,0,SønderjyskE,1611,1598.0,1 - 4,Aarhus GF,1808,1821.0,1,4,Denmark,domestic league (tier 1)
2025/03/02,Superligaen,0,SønderjyskE,1595,1583.0,1 - 3,Silkeborg IF,1775,1787.0,1,3,Denmark,domestic league (tier 1)
2025/03/16,Superligaen,0,SønderjyskE,1591,1570.0,0 - 3,Aalborg BK,1617,1638.0,0,3,Denmark,domestic league (tier 1)
2025/03/30,Superligaen,0,SønderjyskE,1570,1583.0,2 - 1,Silkeborg IF,1775,1762.0,2,1,Denmark,domestic league (tier 1)
2025/04/14,Superligaen,0,SønderjyskE,1579,1587.0,1 - 0,Vejle BK,1594,1586.0,1,0,Denmark,domestic league (tier 1)
2025/04/27,Superligaen,0,SønderjyskE,1619,1619.0,2 - 2,Viborg FF,1730,1730.0,2,2,Denmark,domestic league (tier 1)
2025/05/05,Superligaen,0,SønderjyskE,1619,1615.0,2 - 2,Aalborg BK,1583,1587.0,2,2,Denmark,domestic league (tier 1)
2025/05/18,Superligaen,0,SønderjyskE,1611,1623.0,5 - 1,Lyngby BK,1570,1558.0,5,1,Denmark,domestic league (tier 1)
2025/07/20,Superligaen,0,SønderjyskE,1636,1636.0,1 - 1,Aarhus GF,1729,1729.0,1,1,Denmark,domestic league (tier 1)
2025/08/03,Superligaen,0,SønderjyskE,1632,1644.0,3 - 2,FC Nordsjælland,1800,1788.0,3,2,Denmark,domestic league (tier 1)
2025/08/24,Superligaen,0,SønderjyskE,1631,1651.0,2 - 0,Brøndby IF,1839,1819.0,2,0,Denmark,domestic league (tier 1)
2025/09/12,Superligaen,0,SønderjyskE,1673,1661.0,0 - 1,Randers FC,1716,1728.0,0,1,Denmark,domestic league (tier 1)
2025/09/27,Superligaen,0,SønderjyskE,1669,1664.0,1 - 2,FC København,1976,1981.0,1,2,Denmark,domestic league (tier 1)
2025/10/20,Superligaen,0,SønderjyskE,1666,1676.0,3 - 0,FC Fredericia,1612,1602.0,3,0,Denmark,domestic league (tier 1)
2025/11/02,Superligaen,0,SønderjyskE,1676,1681.0,2 - 1,Vejle BK,1585,1580.0,2,1,Denmark,domestic league (tier 1)
2025/11/23,Superligaen,0,SønderjyskE,1697,1713.0,2 - 1,FC Midtjylland,2018,2002.0,2,1,Denmark,domestic league (tier 1)
2025/11/28,Superligaen,0,SønderjyskE,1713,1711.0,2 - 2,Viborg FF,1736,1738.0,2,2,Denmark,domestic league (tier 1)
2026/02/16,Superligaen,0,SønderjyskE,1730,1736.0,2 - 1,Silkeborg IF,1688,1682.0,2,1,Denmark,domestic league (tier 1)
2026/03/01,Superligaen,0,SønderjyskE,1740,1746.0,1 - 0,Odense BK,1688,1682.0,1,0,Denmark,domestic league (tier 1)
2026/03/15,Superligaen,0,SønderjyskE,1746,1746.0,1 - 1,Aarhus GF,1863,1863.0,1,1,Denmark,domestic league (tier 1)
2026/04/12,Superligaen,0,SønderjyskE,1746,1727.0,0 - 2,Viborg FF,1752,1771.0,0,2,Denmark,domestic league (tier 1)
2026/04/23,Superligaen,0,SønderjyskE,1714,1709.0,1 - 2,FC Midtjylland,1997,2002.0,1,2,Denmark,domestic league (tier 1)
2026/04/26,Superligaen,0,SønderjyskE,1709,1726.0,3 - 0,Brøndby IF,1794,1777.0,3,0,Denmark,domestic league (tier 1)
2026/05/17,Superligaen,0,SønderjyskE,1736,1718.0,1 - 4,FC Nordsjælland,1826,1844.0,1,4,Denmark,domestic league (tier 1)
2026/07/26,Superligaen,0,SønderjyskE,1718,1712.0,2 - 3,FC Midtjylland,1972,1978.0,2,3,Denmark,domestic league (tier 1)
2026/08/07,Superligaen,0,SønderjyskE,1704,1702.0,0 - 0,Viborg FF,1747,1749.0,0,0,Denmark,domestic league (tier 1)
2026/08/23,Superligaen,0,SønderjyskE,1697,1682.0,0 - 3,FC Nordsjælland,1855,1870.0,0,3,Denmark,domestic league (tier 1)
2026/09/06,Superligaen,0,SønderjyskE,1678,,Info,AC Horsens,1550,,,,Denmark,domestic league (tier 1)
2017/07/30,1. Division Denmark,0,Thisted FC,1276,1291.0,2 - 1,Viborg FF,1583,1568.0,2,1,Denmark,domestic league (tier 2)
2017/08/13,1. Division Denmark,0,Thisted FC,1307,1292.0,1 - 3,FC Fredericia,1398,1413.0,1,3,Denmark,domestic league (tier 2)
2017/08/23,1. Division Denmark,0,Thisted FC,1310,1302.0,1 - 2,Vendsyssel FF,1491,1499.0,1,2,Denmark,domestic league (tier 2)
2017/09/03,1. Division Denmark,0,Thisted FC,1301,1318.0,2 - 0,HB Køge,1436,1419.0,2,0,Denmark,domestic league (tier 2)
2017/09/24,1. Division Denmark,0,Thisted FC,1352,1352.0,1 - 1,Vejle BK,1453,1453.0,1,1,Denmark,domestic league (tier 2)
2017/10/15,1. Division Denmark,0,Thisted FC,1385,1377.0,2 - 2,Brabrand IF,1139,1147.0,2,2,Denmark,domestic league (tier 2)
2017/10/22,1. Division Denmark,0,Thisted FC,1377,1363.0,0 - 1,Nykøbing FC,1322,1336.0,0,1,Denmark,domestic league (tier 2)
2017/11/05,1. Division Denmark,0,Thisted FC,1369,1375.0,2 - 1,Skive IK,1313,1307.0,2,1,Denmark,domestic league (tier 2)
2017/11/19,1. Division Denmark,0,Thisted FC,1367,1365.0,1 - 1,FC Roskilde,1379,1381.0,1,1,Denmark,domestic league (tier 2)
2017/11/26,1. Division Denmark,0,Thisted FC,1365,1371.0,2 - 1,Fremad Amager,1322,1316.0,2,1,Denmark,domestic league (tier 2)
2018/03/18,1. Division Denmark,0,Thisted FC,1370,1354.0,0 - 3,Esbjerg fB,1490,1506.0,0,3,Denmark,domestic league (tier 2)
2018/03/29,1. Division Denmark,0,Thisted FC,1356,1356.0,1 - 1,FC Fredericia,1469,1469.0,1,1,Denmark,domestic league (tier 2)
2018/04/08,1. Division Denmark,0,Thisted FC,1356,1345.0,0 - 1,HB Køge,1427,1438.0,0,1,Denmark,domestic league (tier 2)
2018/04/20,1. Division Denmark,0,Thisted FC,1340,1326.0,0 - 3,Viborg FF,1507,1521.0,0,3,Denmark,domestic league (tier 2)
2018/05/12,1. Division Denmark,0,Thisted FC,1305,1293.0,1 - 3,Vendsyssel FF,1464,1476.0,1,3,Denmark,domestic league (tier 2)
2018/05/20,1. Division Denmark,0,Thisted FC,1298,1287.0,0 - 2,Vejle BK,1496,1507.0,0,2,Denmark,domestic league (tier 2)
2018/08/05,1. Division Denmark,0,Thisted FC,1295,1279.0,0 - 2,Nykøbing FC,1372,1388.0,0,2,Denmark,domestic league (tier 2)
2018/08/19,1. Division Denmark,0,Thisted FC,1284,1309.0,4 - 0,Lyngby BK,1499,1474.0,4,0,Denmark,domestic league (tier 2)
2018/09/02,1. Division Denmark,0,Thisted FC,1327,1335.0,1 - 0,Hvidovre IF,1360,1352.0,1,0,Denmark,domestic league (tier 2)
2018/09/16,1. Division Denmark,0,Thisted FC,1350,1337.0,1 - 3,HB Køge,1486,1499.0,1,3,Denmark,domestic league (tier 2)
2018/09/23,1. Division Denmark,0,Thisted FC,1337,1340.0,3 - 3,Viborg FF,1532,1529.0,3,3,Denmark,domestic league (tier 2)
2018/10/07,1. Division Denmark,0,Thisted FC,1335,1317.0,0 - 3,FC Fredericia,1417,1435.0,0,3,Denmark,domestic league (tier 2)
2018/10/21,1. Division Denmark,0,Thisted FC,1303,1311.0,3 - 2,FC Roskilde,1315,1307.0,3,2,Denmark,domestic league (tier 2)
2018/11/11,1. Division Denmark,0,Thisted FC,1322,1311.0,0 - 1,Fremad Amager,1371,1382.0,0,1,Denmark,domestic league (tier 2)
2018/11/25,1. Division Denmark,0,Thisted FC,1307,1295.0,1 - 4,Silkeborg IF,1513,1525.0,1,4,Denmark,domestic league (tier 2)
2019/03/03,1. Division Denmark,0,Thisted FC,1295,1280.0,1 - 3,FC Helsingør,1400,1415.0,1,3,Denmark,domestic league (tier 2)
2019/03/17,1. Division Denmark,0,Thisted FC,1274,1265.0,2 - 3,Næstved BK,1419,1428.0,2,3,Denmark,domestic league (tier 2)
2019/03/31,1. Division Denmark,0,Thisted FC,1261,1261.0,0 - 0,Hvidovre IF,1344,1344.0,0,0,Denmark,domestic league (tier 2)
2019/04/14,1. Division Denmark,0,Thisted FC,1256,1245.0,0 - 4,Viborg FF,1505,1516.0,0,4,Denmark,domestic league (tier 2)
2019/04/28,1. Division Denmark,0,Thisted FC,1261,1274.0,2 - 1,Lyngby BK,1475,1462.0,2,1,Denmark,domestic league (tier 2)
2019/05/05,1. Division Denmark,0,Thisted FC,1274,1264.0,0 - 1,Nykøbing FC,1369,1379.0,0,1,Denmark,domestic league (tier 2)
2019/05/19,1. Division Denmark,0,Thisted FC,1256,1247.0,2 - 3,HB Køge,1400,1409.0,2,3,Denmark,domestic league (tier 2)
2022/10/18,Denmark Cup,0,Thisted FC,1245,1259.0,2 - 1,FC Helsingør,1512,1498.0,2,1,Denmark,domestic cup
2022/11/09,Denmark Cup,0,Thisted FC,1259,1257.0,1 - 3,FC København,1870,1872.0,1,3,Denmark,domestic cup
2023/08/08,Denmark Cup,0,Thisted FC,1257,1264.0,4 - 3,Brabrand IF,1240,1233.0,4,3,Denmark,domestic cup
2023/09/27,Denmark Cup,0,Thisted FC,1285,1282.0,1 - 3,Silkeborg IF,1781,1784.0,1,3,Denmark,domestic cup
2025/09/24,Denmark Cup,0,Thisted FC,1267,1263.0,1 - 2,FC Fredericia,1624,1628.0,1,2,Denmark,domestic cup
2026/09/03,Denmark Cup,0,Thisted FC,1263,,Info,SønderjyskE,1678,,,,Denmark,domestic cup
2021/08/31,Denmark Cup,0,VSK Aarhus,1383,1387.0,3 - 2,Thisted FC,1249,1245.0,3,2,Denmark,domestic cup
2021/09/22,Denmark Cup,0,VSK Aarhus,1387,1383.0,1 - 2,FC Nordsjælland,1722,1726.0,1,2,Denmark,domestic cup
2022/08/03,Denmark Cup,0,VSK Aarhus,1383,1364.0,1 - 3,Vendsyssel FF,1376,1395.0,1,3,Denmark,domestic cup
2024/09/03,Denmark Cup,0,VSK Aarhus,1364,1371.0,2 - 1,Aarhus Fremad,1374,1367.0,2,1,Denmark,domestic cup
2024/09/25,Denmark Cup,0,VSK Aarhus,1371,1367.0,0 - 2,Aarhus GF,1811,1815.0,0,2,Denmark,domestic cup
2026/09/09,Denmark Cup,0,VSK Aarhus,1366,,Info,Lyngby BK,1590,,,,Denmark,domestic cup
2021/09/22,Denmark Cup,0,Vanløse IF,1323,1317.0,3 - 4,Vejle BK,1558,1564.0,3,4,Denmark,domestic cup
2022/10/18,Denmark Cup,0,Vanløse IF,1317,1312.0,1 - 3,Aalborg BK,1704,1709.0,1,3,Denmark,domestic cup
2024/09/03,Denmark Cup,0,Vanløse IF,1312,1299.0,1 - 2,FC Roskilde,1293,1306.0,1,2,Denmark,domestic cup
2026/09/09,Denmark Cup,0,Vanløse IF,1299,,Info,Hillerød Fodbold,1451,,,,Denmark,domestic cup
2016/07/24,1. Division Denmark,0,Vejle BK,1456,1450.0,1 - 1,Fremad Amager,1339,1345.0,1,1,Denmark,domestic league (tier 2)
2016/07/28,1. Division Denmark,0,Vejle BK,1450,1446.0,0 - 0,FC Roskilde,1408,1412.0,0,0,Denmark,domestic league (tier 2)
2016/08/11,1. Division Denmark,0,Vejle BK,1465,1460.0,2 - 2,FC Helsingør,1395,1400.0,2,2,Denmark,domestic league (tier 2)
2016/08/25,1. Division Denmark,0,Vejle BK,1478,1471.0,0 - 0,AB Gladsaxe,1284,1291.0,0,0,Denmark,domestic league (tier 2)
2016/09/11,1. Division Denmark,0,Vejle BK,1456,1436.0,0 - 2,HB Køge,1435,1455.0,0,2,Denmark,domestic league (tier 2)
2016/09/23,1. Division Denmark,0,Vejle BK,1428,1434.0,2 - 0,Nykøbing FC,1273,1267.0,2,0,Denmark,domestic league (tier 2)
2016/10/23,1. Division Denmark,0,Vejle BK,1411,1411.0,1 - 1,Vendsyssel FF,1494,1494.0,1,1,Denmark,domestic league (tier 2)
2016/11/02,1. Division Denmark,0,Vejle BK,1435,1446.0,4 - 0,Fremad Amager,1375,1364.0,4,0,Denmark,domestic league (tier 2)
2016/11/06,1. Division Denmark,0,Vejle BK,1446,1442.0,0 - 0,FC Fredericia,1396,1400.0,0,0,Denmark,domestic league (tier 2)
2016/11/17,1. Division Denmark,0,Vejle BK,1442,1447.0,2 - 1,Næstved BK,1347,1342.0,2,1,Denmark,domestic league (tier 2)
2017/03/05,1. Division Denmark,0,Vejle BK,1436,1415.0,0 - 2,Skive IK,1380,1401.0,0,2,Denmark,domestic league (tier 2)
2017/03/12,1. Division Denmark,0,Vejle BK,1415,1394.0,1 - 5,Hobro IK,1478,1499.0,1,5,Denmark,domestic league (tier 2)
2017/04/05,1. Division Denmark,0,Vejle BK,1396,1411.0,4 - 1,FC Roskilde,1448,1433.0,4,1,Denmark,domestic league (tier 2)
2017/04/09,1. Division Denmark,0,Vejle BK,1411,1399.0,0 - 1,HB Køge,1431,1443.0,0,1,Denmark,domestic league (tier 2)
2017/04/13,1. Division Denmark,0,Vejle BK,1399,1393.0,2 - 2,Nykøbing FC,1266,1272.0,2,2,Denmark,domestic league (tier 2)
2017/05/07,1. Division Denmark,0,Vejle BK,1406,1400.0,2 - 2,AB Gladsaxe,1244,1250.0,2,2,Denmark,domestic league (tier 2)
2017/05/21,1. Division Denmark,0,Vejle BK,1418,1405.0,0 - 1,FC Helsingør,1415,1428.0,0,1,Denmark,domestic league (tier 2)
2017/08/06,1. Division Denmark,0,Vejle BK,1413,1422.0,4 - 1,Nykøbing FC,1335,1326.0,4,1,Denmark,domestic league (tier 2)
2017/08/23,1. Division Denmark,0,Vejle BK,1438,1441.0,2 - 0,Brabrand IF,1183,1180.0,2,0,Denmark,domestic league (tier 2)
2017/08/27,1. Division Denmark,0,Vejle BK,1441,1447.0,2 - 1,FC Roskilde,1380,1374.0,2,1,Denmark,domestic league (tier 2)
2017/09/17,1. Division Denmark,0,Vejle BK,1443,1453.0,2 - 0,FC Fredericia,1411,1401.0,2,0,Denmark,domestic league (tier 2)
2017/10/01,1. Division Denmark,0,Vejle BK,1453,1458.0,1 - 0,Fremad Amager,1350,1345.0,1,0,Denmark,domestic league (tier 2)
2017/10/15,1. Division Denmark,0,Vejle BK,1458,1441.0,1 - 3,Esbjerg fB,1511,1528.0,1,3,Denmark,domestic league (tier 2)
2017/10/22,1. Division Denmark,0,Vejle BK,1441,1455.0,3 - 1,Viborg FF,1510,1496.0,3,1,Denmark,domestic league (tier 2)
2017/11/14,1. Division Denmark,0,Vejle BK,1471,1467.0,0 - 0,HB Køge,1420,1424.0,0,0,Denmark,domestic league (tier 2)
2017/11/26,1. Division Denmark,0,Vejle BK,1455,1469.0,4 - 1,Vendsyssel FF,1492,1478.0,4,1,Denmark,domestic league (tier 2)
2018/03/02,1. Division Denmark,0,Vejle BK,1469,1464.0,0 - 0,Thisted FC,1371,1376.0,0,0,Denmark,domestic league (tier 2)
2018/03/16,1. Division Denmark,0,Vejle BK,1465,1458.0,0 - 0,Skive IK,1274,1281.0,0,0,Denmark,domestic league (tier 2)
2018/03/29,1. Division Denmark,0,Vejle BK,1458,1452.0,1 - 1,Fremad Amager,1329,1335.0,1,1,Denmark,domestic league (tier 2)
2018/04/08,1. Division Denmark,0,Vejle BK,1454,1436.0,0 - 1,Brabrand IF,1176,1194.0,0,1,Denmark,domestic league (tier 2)
2018/04/20,1. Division Denmark,0,Vejle BK,1450,1445.0,1 - 1,FC Roskilde,1352,1357.0,1,1,Denmark,domestic league (tier 2)
2018/05/06,1. Division Denmark,0,Vejle BK,1474,1479.0,2 - 1,Nykøbing FC,1372,1367.0,2,1,Denmark,domestic league (tier 2)
2018/05/16,1. Division Denmark,0,Vejle BK,1491,1496.0,1 - 0,FC Fredericia,1408,1403.0,1,0,Denmark,domestic league (tier 2)
2018/07/13,Superligaen,0,Vejle BK,1507,1522.0,3 - 1,Hobro IK,1596,1581.0,3,1,Denmark,domestic league (tier 1)
2018/07/30,Superligaen,0,Vejle BK,1531,1532.0,1 - 1,Aarhus GF,1682,1681.0,1,1,Denmark,domestic league (tier 1)
2018/08/04,Superligaen,0,Vejle BK,1532,1526.0,1 - 3,FC Midtjylland,1882,1888.0,1,3,Denmark,domestic league (tier 1)
2018/08/26,Superligaen,0,Vejle BK,1525,1509.0,0 - 2,Odense BK,1591,1607.0,0,2,Denmark,domestic league (tier 1)
2018/09/21,Superligaen,0,Vejle BK,1528,1537.0,1 - 0,Esbjerg fB,1587,1578.0,1,0,Denmark,domestic league (tier 1)
2018/09/28,Superligaen,0,Vejle BK,1537,1536.0,1 - 1,Randers FC,1611,1612.0,1,1,Denmark,domestic league (tier 1)
2018/10/21,Superligaen,0,Vejle BK,1537,1531.0,1 - 3,FC København,1884,1890.0,1,3,Denmark,domestic league (tier 1)
2018/11/05,Superligaen,0,Vejle BK,1505,1520.0,3 - 1,AC Horsens,1608,1593.0,3,1,Denmark,domestic league (tier 1)
2018/11/23,Superligaen,0,Vejle BK,1518,1519.0,1 - 1,Aalborg BK,1665,1664.0,1,1,Denmark,domestic league (tier 1)
2018/12/09,Superligaen,0,Vejle BK,1515,1510.0,1 - 2,Brøndby IF,1825,1830.0,1,2,Denmark,domestic league (tier 1)
2019/02/09,Superligaen,0,Vejle BK,1503,1519.0,2 - 0,SønderjyskE,1628,1612.0,2,0,Denmark,domestic league (tier 1)
2019/02/23,Superligaen,0,Vejle BK,1515,1503.0,1 - 3,FC Nordsjælland,1686,1698.0,1,3,Denmark,domestic league (tier 1)
2019/03/09,Superligaen,0,Vejle BK,1501,1499.0,1 - 1,Vendsyssel FF,1522,1524.0,1,1,Denmark,domestic league (tier 1)
2019/04/07,Superligaen,0,Vejle BK,1500,1518.0,4 - 1,SønderjyskE,1606,1588.0,4,1,Denmark,domestic league (tier 1)
2019/04/12,Superligaen,0,Vejle BK,1518,1533.0,3 - 0,AC Horsens,1565,1550.0,3,0,Denmark,domestic league (tier 1)
2019/04/21,Superligaen,0,Vejle BK,1536,1522.0,2 - 4,Aarhus GF,1669,1683.0,2,4,Denmark,domestic league (tier 1)
2019/08/04,1. Division Denmark,0,Vejle BK,1506,1483.0,2 - 4,Nykøbing FC,1411,1434.0,2,4,Denmark,domestic league (tier 2)
2019/08/14,1. Division Denmark,0,Vejle BK,1506,1491.0,0 - 1,FC Fredericia,1422,1437.0,0,1,Denmark,domestic league (tier 2)
2019/08/25,1. Division Denmark,0,Vejle BK,1491,1494.0,2 - 1,Skive IK,1280,1277.0,2,1,Denmark,domestic league (tier 2)
2019/08/29,1. Division Denmark,0,Vejle BK,1494,1508.0,4 - 1,Viborg FF,1530,1516.0,4,1,Denmark,domestic league (tier 2)
2019/09/15,1. Division Denmark,0,Vejle BK,1499,1506.0,3 - 0,Hvidovre IF,1352,1345.0,3,0,Denmark,domestic league (tier 2)
2019/09/19,1. Division Denmark,0,Vejle BK,1506,1511.0,2 - 0,FC Roskilde,1345,1340.0,2,0,Denmark,domestic league (tier 2)
2019/10/06,1. Division Denmark,0,Vejle BK,1520,1526.0,1 - 0,Vendsyssel FF,1485,1479.0,1,0,Denmark,domestic league (tier 2)
2019/10/19,1. Division Denmark,0,Vejle BK,1526,1533.0,3 - 0,Kolding FC (as Kolding IF),1386,1379.0,3,0,Denmark,domestic league (tier 2)
2019/11/02,1. Division Denmark,0,Vejle BK,1529,1537.0,4 - 0,Fremad Amager,1406,1398.0,4,0,Denmark,domestic league (tier 2)
2020/03/01,1. Division Denmark,0,Vejle BK,1560,1564.0,1 - 0,HB Køge,1393,1389.0,1,0,Denmark,domestic league (tier 2)
2020/05/31,1. Division Denmark,0,Vejle BK,1571,1564.0,1 - 1,Næstved BK,1347,1354.0,1,1,Denmark,domestic league (tier 2)
2020/06/09,1. Division Denmark,0,Vejle BK,1573,1555.0,1 - 2,Skive IK,1284,1302.0,1,2,Denmark,domestic league (tier 2)
2020/06/21,1. Division Denmark,0,Vejle BK,1563,1567.0,5 - 3,Hvidovre IF,1354,1350.0,5,3,Denmark,domestic league (tier 2)
2020/06/27,1. Division Denmark,0,Vejle BK,1564,1571.0,2 - 0,FC Fredericia,1450,1443.0,2,0,Denmark,domestic league (tier 2)
2020/07/06,1. Division Denmark,0,Vejle BK,1559,1563.0,4 - 1,FC Roskilde,1305,1301.0,4,1,Denmark,domestic league (tier 2)
2020/07/14,1. Division Denmark,0,Vejle BK,1578,1581.0,1 - 0,Nykøbing FC,1342,1339.0,1,0,Denmark,domestic league (tier 2)
2020/07/19,1. Division Denmark,0,Vejle BK,1581,1577.0,1 - 1,Viborg FF,1516,1520.0,1,1,Denmark,domestic league (tier 2)
2020/09/20,Superligaen,0,Vejle BK,1553,1571.0,4 - 1,SønderjyskE,1654,1636.0,4,1,Denmark,domestic league (tier 1)
2020/09/27,Superligaen,0,Vejle BK,1571,1575.0,2 - 2,FC København,1839,1835.0,2,2,Denmark,domestic league (tier 1)
2020/10/18,Superligaen,0,Vejle BK,1610,1615.0,3 - 2,Lyngby BK,1531,1526.0,3,2,Denmark,domestic league (tier 1)
2020/10/30,Superligaen,0,Vejle BK,1638,1615.0,0 - 3,Randers FC,1633,1656.0,0,3,Denmark,domestic league (tier 1)
2020/11/22,Superligaen,0,Vejle BK,1614,1602.0,0 - 2,Brøndby IF,1777,1789.0,0,2,Denmark,domestic league (tier 1)
2020/12/05,Superligaen,0,Vejle BK,1590,1583.0,0 - 2,FC Midtjylland,1899,1906.0,0,2,Denmark,domestic league (tier 1)
2021/02/02,Superligaen,0,Vejle BK,1585,1588.0,0 - 0,Aarhus GF,1791,1788.0,0,0,Denmark,domestic league (tier 1)
2021/02/14,Superligaen,0,Vejle BK,1603,1602.0,2 - 2,FC Nordsjælland,1665,1666.0,2,2,Denmark,domestic league (tier 1)
2021/02/26,Superligaen,0,Vejle BK,1599,1595.0,0 - 0,AC Horsens,1551,1555.0,0,0,Denmark,domestic league (tier 1)
2021/03/07,Superligaen,0,Vejle BK,1592,1607.0,2 - 0,Odense BK,1683,1668.0,2,0,Denmark,domestic league (tier 1)
2021/03/14,Superligaen,0,Vejle BK,1599,1583.0,0 - 2,Aalborg BK,1680,1696.0,0,2,Denmark,domestic league (tier 1)
2021/04/16,Superligaen,0,Vejle BK,1598,1598.0,1 - 1,Aalborg BK,1681,1681.0,1,1,Denmark,domestic league (tier 1)
2021/04/22,Superligaen,0,Vejle BK,1598,1608.0,3 - 0,AC Horsens,1547,1537.0,3,0,Denmark,domestic league (tier 1)
2021/05/09,Superligaen,0,Vejle BK,1603,1617.0,4 - 2,SønderjyskE,1676,1662.0,4,2,Denmark,domestic league (tier 1)
2021/05/14,Superligaen,0,Vejle BK,1617,1615.0,2 - 2,Odense BK,1651,1653.0,2,2,Denmark,domestic league (tier 1)
2021/05/24,Superligaen,0,Vejle BK,1609,1604.0,2 - 2,Lyngby BK,1535,1540.0,2,2,Denmark,domestic league (tier 1)
2021/07/18,Superligaen,0,Vejle BK,1604,1590.0,0 - 2,Randers FC,1728,1742.0,0,2,Denmark,domestic league (tier 1)
2021/08/01,Superligaen,0,Vejle BK,1584,1588.0,2 - 2,Brøndby IF,1814,1810.0,2,2,Denmark,domestic league (tier 1)
2021/08/16,Superligaen,0,Vejle BK,1585,1576.0,0 - 1,Aalborg BK,1714,1723.0,0,1,Denmark,domestic league (tier 1)
2021/08/29,Superligaen,0,Vejle BK,1571,1563.0,0 - 4,FC København,1898,1906.0,0,4,Denmark,domestic league (tier 1)
2021/09/19,Superligaen,0,Vejle BK,1558,1558.0,1 - 1,Viborg FF,1641,1641.0,1,1,Denmark,domestic league (tier 1)
2021/09/26,Superligaen,0,Vejle BK,1564,1549.0,2 - 4,Silkeborg IF,1671,1686.0,2,4,Denmark,domestic league (tier 1)
2021/10/22,Superligaen,0,Vejle BK,1539,1557.0,2 - 0,FC Nordsjælland,1698,1680.0,2,0,Denmark,domestic league (tier 1)
2021/11/07,Superligaen,0,Vejle BK,1572,1585.0,3 - 1,SønderjyskE,1614,1601.0,3,1,Denmark,domestic league (tier 1)
2021/11/29,Superligaen,0,Vejle BK,1579,1584.0,1 - 1,FC Midtjylland,1893,1888.0,1,1,Denmark,domestic league (tier 1)
2021/12/04,Denmark Cup,0,Vejle BK,1584,1589.0,5 - 1,Kolding IF,1352,1347.0,5,1,Denmark,domestic cup
2022/02/25,Superligaen,0,Vejle BK,1568,1579.0,3 - 2,Aarhus GF,1719,1708.0,3,2,Denmark,domestic league (tier 1)
2022/03/20,Superligaen,0,Vejle BK,1577,1593.0,2 - 0,Odense BK,1693,1677.0,2,0,Denmark,domestic league (tier 1)
2022/04/11,Superligaen,0,Vejle BK,1598,1598.0,2 - 2,Viborg FF,1686,1686.0,2,2,Denmark,domestic league (tier 1)
2022/04/18,Superligaen,0,Vejle BK,1593,1591.0,0 - 0,FC Nordsjælland,1634,1636.0,0,0,Denmark,domestic league (tier 1)
2022/04/28,Denmark Cup,0,Vejle BK,1603,1598.0,0 - 1,FC Midtjylland,1900,1905.0,0,1,Denmark,domestic cup
2022/05/01,Superligaen,0,Vejle BK,1598,1574.0,0 - 3,SønderjyskE,1557,1581.0,0,3,Denmark,domestic league (tier 1)
2022/05/12,Superligaen,0,Vejle BK,1577,1586.0,1 - 0,Aarhus GF,1640,1631.0,1,0,Denmark,domestic league (tier 1)
2022/05/21,Superligaen,0,Vejle BK,1580,1591.0,2 - 1,Odense BK,1716,1705.0,2,1,Denmark,domestic league (tier 1)
2022/08/07,1. Division Denmark,0,Vejle BK,1617,1621.0,2 - 0,Nykøbing FC,1371,1367.0,2,0,Denmark,domestic league (tier 2)
2022/08/17,1. Division Denmark,0,Vejle BK,1628,1632.0,6 - 0,Næstved BK,1324,1320.0,6,0,Denmark,domestic league (tier 2)
2022/08/20,1. Division Denmark,0,Vejle BK,1632,1638.0,2 - 1,SønderjyskE,1580,1574.0,2,1,Denmark,domestic league (tier 2)
2022/09/03,1. Division Denmark,0,Vejle BK,1646,1628.0,1 - 2,HB Køge,1398,1416.0,1,2,Denmark,domestic league (tier 2)
2022/09/18,1. Division Denmark,0,Vejle BK,1608,1611.0,2 - 0,Hobro IK,1343,1340.0,2,0,Denmark,domestic league (tier 2)
2022/10/09,1. Division Denmark,0,Vejle BK,1612,1617.0,1 - 0,FC Helsingør,1508,1503.0,1,0,Denmark,domestic league (tier 2)
2022/10/22,1. Division Denmark,0,Vejle BK,1599,1607.0,3 - 1,Hvidovre IF,1526,1518.0,3,1,Denmark,domestic league (tier 2)
2022/11/06,1. Division Denmark,0,Vejle BK,1611,1592.0,2 - 3,Hillerød GI,1271,1290.0,2,3,Denmark,domestic league (tier 2)
2022/11/09,Denmark Cup,0,Vejle BK,1592,1601.0,1 - 0,AC Horsens,1644,1635.0,1,0,Denmark,domestic cup
2023/02/18,1. Division Denmark,0,Vejle BK,1613,1616.0,4 - 1,Fremad Amager,1313,1310.0,4,1,Denmark,domestic league (tier 2)
2023/03/05,1. Division Denmark,0,Vejle BK,1610,1613.0,1 - 0,Vendsyssel FF,1433,1430.0,1,0,Denmark,domestic league (tier 2)
2023/03/12,1. Division Denmark,0,Vejle BK,1613,1617.0,3 - 1,FC Fredericia,1380,1376.0,3,1,Denmark,domestic league (tier 2)
2023/04/01,1. Division Denmark,0,Vejle BK,1626,1611.0,1 - 2,SønderjyskE,1552,1567.0,1,2,Denmark,domestic league (tier 2)
2023/04/06,Denmark Cup,0,Vejle BK,1611,1617.0,0 - 0,FC København,1927,1921.0,0,0,Denmark,domestic cup
2023/04/13,1. Division Denmark,0,Vejle BK,1614,1609.0,0 - 0,Hvidovre IF,1533,1538.0,0,0,Denmark,domestic league (tier 2)
2023/04/30,1. Division Denmark,0,Vejle BK,1605,1609.0,2 - 1,FC Helsingør,1456,1452.0,2,1,Denmark,domestic league (tier 2)
2023/05/21,1. Division Denmark,0,Vejle BK,1621,1624.0,3 - 1,Næstved BK,1363,1360.0,3,1,Denmark,domestic league (tier 2)
2023/06/04,1. Division Denmark,0,Vejle BK,1621,1624.0,4 - 3,Vendsyssel FF,1440,1437.0,4,3,Denmark,domestic league (tier 2)
2023/07/29,Superligaen,0,Vejle BK,1620,1615.0,2 - 3,FC København,1915,1920.0,2,3,Denmark,domestic league (tier 1)
2023/08/13,Superligaen,0,Vejle BK,1610,1603.0,1 - 2,FC Midtjylland,1816,1823.0,1,2,Denmark,domestic league (tier 1)
2023/08/28,Superligaen,0,Vejle BK,1599,1590.0,0 - 1,Brøndby IF,1749,1758.0,0,1,Denmark,domestic league (tier 1)
2023/09/17,Superligaen,0,Vejle BK,1619,1607.0,1 - 2,Randers FC,1650,1662.0,1,2,Denmark,domestic league (tier 1)
2023/10/01,Superligaen,0,Vejle BK,1611,1614.0,0 - 0,FC Nordsjælland,1829,1826.0,0,0,Denmark,domestic league (tier 1)
2023/10/08,Superligaen,0,Vejle BK,1614,1621.0,3 - 1,Hvidovre IF,1503,1496.0,3,1,Denmark,domestic league (tier 1)
2023/10/29,Superligaen,0,Vejle BK,1619,1619.0,1 - 1,Viborg FF,1717,1717.0,1,1,Denmark,domestic league (tier 1)
2023/11/12,Superligaen,0,Vejle BK,1612,1619.0,1 - 0,Lyngby BK,1620,1613.0,1,0,Denmark,domestic league (tier 1)
2024/02/19,Superligaen,0,Vejle BK,1621,1623.0,0 - 0,Aarhus GF,1789,1787.0,0,0,Denmark,domestic league (tier 1)
2024/02/25,Superligaen,0,Vejle BK,1623,1639.0,2 - 0,Silkeborg IF,1740,1724.0,2,0,Denmark,domestic league (tier 1)
2024/03/10,Superligaen,0,Vejle BK,1646,1634.0,0 - 1,Odense BK,1669,1681.0,0,1,Denmark,domestic league (tier 1)
2024/04/07,Superligaen,0,Vejle BK,1644,1642.0,1 - 1,Viborg FF,1690,1692.0,1,1,Denmark,domestic league (tier 1)
2024/04/14,Superligaen,0,Vejle BK,1642,1630.0,1 - 2,Randers FC,1672,1684.0,1,2,Denmark,domestic league (tier 1)
2024/05/06,Superligaen,0,Vejle BK,1620,1627.0,3 - 2,Odense BK,1629,1622.0,3,2,Denmark,domestic league (tier 1)
2024/05/15,Superligaen,0,Vejle BK,1642,1648.0,1 - 0,Lyngby BK,1591,1585.0,1,0,Denmark,domestic league (tier 1)
2024/05/20,Superligaen,0,Vejle BK,1648,1654.0,2 - 0,Hvidovre IF,1508,1502.0,2,0,Denmark,domestic league (tier 1)
2024/07/21,Superligaen,0,Vejle BK,1647,1635.0,2 - 3,Randers FC,1668,1680.0,2,3,Denmark,domestic league (tier 1)
2024/08/05,Superligaen,0,Vejle BK,1632,1626.0,0 - 1,FC Nordsjælland,1879,1885.0,0,1,Denmark,domestic league (tier 1)
2024/08/25,Superligaen,0,Vejle BK,1616,1603.0,1 - 3,Silkeborg IF,1751,1764.0,1,3,Denmark,domestic league (tier 1)
2024/09/15,Superligaen,0,Vejle BK,1590,1570.0,0 - 5,Viborg FF,1683,1703.0,0,5,Denmark,domestic league (tier 1)
2024/09/29,Superligaen,0,Vejle BK,1564,1560.0,1 - 2,FC København,1909,1913.0,1,2,Denmark,domestic league (tier 1)
2024/10/04,Superligaen,0,Vejle BK,1560,1560.0,2 - 2,Aalborg BK,1651,1651.0,2,2,Denmark,domestic league (tier 1)
2024/10/27,Superligaen,0,Vejle BK,1558,1570.0,2 - 0,Lyngby BK,1576,1564.0,2,0,Denmark,domestic league (tier 1)
2024/11/08,Superligaen,0,Vejle BK,1575,1572.0,1 - 1,SønderjyskE,1585,1588.0,1,1,Denmark,domestic league (tier 1)
2024/12/01,Superligaen,0,Vejle BK,1566,1557.0,0 - 3,FC Midtjylland,1857,1866.0,0,3,Denmark,domestic league (tier 1)
2025/02/23,Superligaen,0,Vejle BK,1574,1579.0,2 - 2,Brøndby IF,1869,1864.0,2,2,Denmark,domestic league (tier 1)
2025/03/16,Superligaen,0,Vejle BK,1569,1583.0,3 - 2,Aarhus GF,1821,1807.0,3,2,Denmark,domestic league (tier 1)
2025/04/06,Superligaen,0,Vejle BK,1596,1594.0,1 - 1,Aalborg BK,1618,1620.0,1,1,Denmark,domestic league (tier 1)
2025/04/17,Superligaen,0,Vejle BK,1586,1587.0,3 - 3,Viborg FF,1738,1737.0,3,3,Denmark,domestic league (tier 1)
2025/04/21,Superligaen,0,Vejle BK,1587,1572.0,0 - 4,Silkeborg IF,1764,1779.0,0,4,Denmark,domestic league (tier 1)
2025/05/12,Superligaen,0,Vejle BK,1592,1602.0,2 - 0,Lyngby BK,1580,1570.0,2,0,Denmark,domestic league (tier 1)
2025/05/24,Superligaen,0,Vejle BK,1618,1605.0,2 - 3,SønderjyskE,1623,1636.0,2,3,Denmark,domestic league (tier 1)
2025/07/20,Superligaen,0,Vejle BK,1605,1606.0,1 - 1,Randers FC,1747,1746.0,1,1,Denmark,domestic league (tier 1)
2025/08/01,Superligaen,0,Vejle BK,1604,1620.0,4 - 0,Odense BK,1661,1645.0,4,0,Denmark,domestic league (tier 1)
2025/08/17,Superligaen,0,Vejle BK,1617,1609.0,0 - 2,FC Midtjylland,1906,1914.0,0,2,Denmark,domestic league (tier 1)
2025/08/29,Superligaen,0,Vejle BK,1605,1595.0,1 - 2,Viborg FF,1713,1723.0,1,2,Denmark,domestic league (tier 1)
2025/09/21,Superligaen,0,Vejle BK,1599,1598.0,2 - 2,SønderjyskE,1668,1669.0,2,2,Denmark,domestic league (tier 1)
2025/10/05,Superligaen,0,Vejle BK,1611,1596.0,0 - 3,FC Nordsjælland,1770,1785.0,0,3,Denmark,domestic league (tier 1)
2025/10/26,Superligaen,0,Vejle BK,1594,1585.0,1 - 2,Silkeborg IF,1741,1750.0,1,2,Denmark,domestic league (tier 1)
2025/11/09,Superligaen,0,Vejle BK,1580,1604.0,2 - 0,FC København,1909,1885.0,2,0,Denmark,domestic league (tier 1)
2025/12/08,Superligaen,0,Vejle BK,1579,1593.0,2 - 1,Brøndby IF,1815,1801.0,2,1,Denmark,domestic league (tier 1)
2025/12/13,Denmark Cup,0,Vejle BK,1593,1605.0,1 - 0,Viborg FF,1749,1737.0,1,0,Denmark,domestic cup
2026/02/09,Superligaen,0,Vejle BK,1605,1592.0,2 - 3,FC Fredericia,1582,1595.0,2,3,Denmark,domestic league (tier 1)
2026/03/01,Superligaen,0,Vejle BK,1592,1586.0,1 - 2,Aarhus GF,1851,1857.0,1,2,Denmark,domestic league (tier 1)
2026/03/20,Superligaen,0,Vejle BK,1591,1591.0,1 - 1,Odense BK,1694,1694.0,1,1,Denmark,domestic league (tier 1)
2026/04/06,Superligaen,0,Vejle BK,1591,1592.0,1 - 1,Randers FC,1712,1711.0,1,1,Denmark,domestic league (tier 1)
2026/04/19,Superligaen,0,Vejle BK,1596,1586.0,1 - 4,FC København,1854,1864.0,1,4,Denmark,domestic league (tier 1)
2026/04/22,Superligaen,0,Vejle BK,1586,1576.0,1 - 2,Silkeborg IF,1685,1695.0,1,2,Denmark,domestic league (tier 1)
2026/05/10,Superligaen,0,Vejle BK,1568,1581.0,2 - 0,FC Fredericia,1613,1600.0,2,0,Denmark,domestic league (tier 1)
2026/07/24,1. Division Denmark,0,Vejle BK,1597,1589.0,2 - 2,AB Gladsaxe,1310,1318.0,2,2,Denmark,domestic league (tier 2)
2026/08/09,1. Division Denmark,0,Vejle BK,1599,1603.0,5 - 4,Hillerød Fodbold,1458,1454.0,5,4,Denmark,domestic league (tier 2)
2026/08/21,1. Division Denmark,0,Vejle BK,1611,1617.0,4 - 2,Esbjerg fB,1470,1464.0,4,2,Denmark,domestic league (tier 2)
2026/08/27,Denmark Cup,0,Vejle BK,1617,1632.0,3 - 0,Silkeborg IF,1673,1658.0,3,0,Denmark,domestic cup
2026/09/04,1. Division Denmark,0,Vejle BK,1630,,Info,Vendsyssel FF,1375,,,,Denmark,domestic league (tier 2)
2026/09/17,Denmark Cup,0,Vejle BK,1630,,Info,Brøndby IF,1788,,,,Denmark,domestic cup
2016/07/24,1. Division Denmark,0,Vendsyssel FF,1460,1447.0,0 - 1,HB Køge,1439,1452.0,0,1,Denmark,domestic league (tier 2)
2016/08/04,1. Division Denmark,0,Vendsyssel FF,1433,1414.0,1 - 3,Vejle BK,1446,1465.0,1,3,Denmark,domestic league (tier 2)
2016/08/21,1. Division Denmark,0,Vendsyssel FF,1415,1426.0,2 - 0,FC Fredericia,1420,1409.0,2,0,Denmark,domestic league (tier 2)
2016/09/18,1. Division Denmark,0,Vendsyssel FF,1448,1461.0,5 - 0,FC Roskilde,1412,1399.0,5,0,Denmark,domestic league (tier 2)
2016/09/21,1. Division Denmark,0,Vendsyssel FF,1461,1467.0,1 - 0,FC Helsingør,1409,1403.0,1,0,Denmark,domestic league (tier 2)
2016/10/02,1. Division Denmark,0,Vendsyssel FF,1477,1482.0,1 - 0,Skive IK,1389,1384.0,1,0,Denmark,domestic league (tier 2)
2016/10/30,1. Division Denmark,0,Vendsyssel FF,1494,1470.0,0 - 4,Hobro IK,1490,1514.0,0,4,Denmark,domestic league (tier 2)
2016/11/02,1. Division Denmark,0,Vendsyssel FF,1470,1474.0,3 - 1,Nykøbing FC,1240,1236.0,3,1,Denmark,domestic league (tier 2)
2016/11/13,1. Division Denmark,0,Vendsyssel FF,1488,1491.0,2 - 1,AB Gladsaxe,1269,1266.0,2,1,Denmark,domestic league (tier 2)
2016/11/27,1. Division Denmark,0,Vendsyssel FF,1475,1471.0,2 - 2,FC Roskilde,1437,1441.0,2,2,Denmark,domestic league (tier 2)
2017/03/05,1. Division Denmark,0,Vendsyssel FF,1483,1478.0,0 - 0,Fremad Amager,1384,1389.0,0,0,Denmark,domestic league (tier 2)
2017/03/20,1. Division Denmark,0,Vendsyssel FF,1469,1454.0,1 - 2,FC Helsingør,1393,1408.0,1,2,Denmark,domestic league (tier 2)
2017/04/02,1. Division Denmark,0,Vendsyssel FF,1462,1468.0,3 - 2,Vejle BK,1402,1396.0,3,2,Denmark,domestic league (tier 2)
2017/04/09,1. Division Denmark,0,Vendsyssel FF,1477,1461.0,0 - 1,FC Fredericia,1344,1360.0,0,1,Denmark,domestic league (tier 2)
2017/04/23,1. Division Denmark,0,Vendsyssel FF,1471,1465.0,1 - 1,Næstved BK,1320,1326.0,1,1,Denmark,domestic league (tier 2)
2017/05/11,1. Division Denmark,0,Vendsyssel FF,1477,1487.0,4 - 0,Skive IK,1409,1399.0,4,0,Denmark,domestic league (tier 2)
2017/05/21,1. Division Denmark,0,Vendsyssel FF,1498,1503.0,3 - 2,HB Køge,1412,1407.0,3,2,Denmark,domestic league (tier 2)
2017/07/30,1. Division Denmark,0,Vendsyssel FF,1481,1487.0,2 - 0,Fremad Amager,1336,1330.0,2,0,Denmark,domestic league (tier 2)
2017/08/20,1. Division Denmark,0,Vendsyssel FF,1488,1491.0,3 - 0,Brabrand IF,1186,1183.0,3,0,Denmark,domestic league (tier 2)
2017/08/28,1. Division Denmark,0,Vendsyssel FF,1499,1487.0,1 - 2,Viborg FF,1527,1539.0,1,2,Denmark,domestic league (tier 2)
2017/09/10,1. Division Denmark,0,Vendsyssel FF,1503,1499.0,1 - 1,Vejle BK,1447,1451.0,1,1,Denmark,domestic league (tier 2)
2017/09/24,1. Division Denmark,0,Vendsyssel FF,1497,1503.0,4 - 2,Nykøbing FC,1338,1332.0,4,2,Denmark,domestic league (tier 2)
2017/10/02,1. Division Denmark,0,Vendsyssel FF,1495,1476.0,1 - 3,Esbjerg fB,1492,1511.0,1,3,Denmark,domestic league (tier 2)
2017/10/15,1. Division Denmark,0,Vendsyssel FF,1475,1484.0,2 - 0,HB Køge,1439,1430.0,2,0,Denmark,domestic league (tier 2)
2017/10/29,1. Division Denmark,0,Vendsyssel FF,1468,1474.0,2 - 0,Skive IK,1319,1313.0,2,0,Denmark,domestic league (tier 2)
2017/11/13,1. Division Denmark,0,Vendsyssel FF,1495,1503.0,4 - 1,Thisted FC,1375,1367.0,4,1,Denmark,domestic league (tier 2)
2018/03/04,1. Division Denmark,0,Vendsyssel FF,1478,1486.0,2 - 0,FC Roskilde,1392,1384.0,2,0,Denmark,domestic league (tier 2)
2018/03/18,1. Division Denmark,0,Vendsyssel FF,1486,1483.0,0 - 0,FC Fredericia,1466,1469.0,0,0,Denmark,domestic league (tier 2)
2018/03/29,1. Division Denmark,0,Vendsyssel FF,1495,1502.0,3 - 2,Esbjerg fB,1506,1499.0,3,2,Denmark,domestic league (tier 2)
2018/04/02,1. Division Denmark,0,Vendsyssel FF,1502,1496.0,0 - 0,Fremad Amager,1335,1341.0,0,0,Denmark,domestic league (tier 2)
2018/04/15,1. Division Denmark,0,Vendsyssel FF,1493,1479.0,1 - 2,Vejle BK,1436,1450.0,1,2,Denmark,domestic league (tier 2)
2018/04/28,1. Division Denmark,0,Vendsyssel FF,1490,1482.0,1 - 1,Brabrand IF,1188,1196.0,1,1,Denmark,domestic league (tier 2)
2018/05/05,1. Division Denmark,0,Vendsyssel FF,1482,1464.0,1 - 3,Viborg FF,1505,1523.0,1,3,Denmark,domestic league (tier 2)
2018/05/16,1. Division Denmark,0,Vendsyssel FF,1476,1470.0,1 - 1,Nykøbing FC,1351,1357.0,1,1,Denmark,domestic league (tier 2)
2018/07/15,Superligaen,0,Vendsyssel FF,1508,1518.0,3 - 2,Odense BK,1619,1609.0,3,2,Denmark,domestic league (tier 1)
2018/08/06,Superligaen,0,Vendsyssel FF,1527,1518.0,0 - 1,Aalborg BK,1667,1676.0,0,1,Denmark,domestic league (tier 1)
2018/08/10,Superligaen,0,Vendsyssel FF,1518,1515.0,1 - 1,Vejle BK,1526,1529.0,1,1,Denmark,domestic league (tier 1)
2018/08/26,Superligaen,0,Vendsyssel FF,1511,1508.0,1 - 2,Brøndby IF,1882,1885.0,1,2,Denmark,domestic league (tier 1)
2018/09/16,Superligaen,0,Vendsyssel FF,1515,1513.0,1 - 1,Hobro IK,1557,1559.0,1,1,Denmark,domestic league (tier 1)
2018/09/30,Superligaen,0,Vendsyssel FF,1506,1523.0,2 - 1,FC København,1880,1863.0,2,1,Denmark,domestic league (tier 1)
2018/10/21,Superligaen,0,Vendsyssel FF,1521,1511.0,0 - 1,AC Horsens,1604,1614.0,0,1,Denmark,domestic league (tier 1)
2018/11/02,Superligaen,0,Vendsyssel FF,1527,1518.0,2 - 3,SønderjyskE,1667,1676.0,2,3,Denmark,domestic league (tier 1)
2018/11/25,Superligaen,0,Vendsyssel FF,1511,1512.0,1 - 1,Esbjerg fB,1634,1633.0,1,1,Denmark,domestic league (tier 1)
2018/12/09,Superligaen,0,Vendsyssel FF,1524,1514.0,0 - 1,Randers FC,1617,1627.0,0,1,Denmark,domestic league (tier 1)
2019/02/11,Superligaen,0,Vendsyssel FF,1532,1529.0,0 - 1,FC Midtjylland,1926,1929.0,0,1,Denmark,domestic league (tier 1)
2019/03/03,Superligaen,0,Vendsyssel FF,1521,1522.0,2 - 2,Aarhus GF,1662,1661.0,2,2,Denmark,domestic league (tier 1)
2019/03/17,Superligaen,0,Vendsyssel FF,1524,1516.0,0 - 1,FC Nordsjælland,1709,1717.0,0,1,Denmark,domestic league (tier 1)
2019/03/31,Superligaen,0,Vendsyssel FF,1516,1514.0,3 - 3,Hobro IK,1530,1532.0,3,3,Denmark,domestic league (tier 1)
2019/04/13,Superligaen,0,Vendsyssel FF,1520,1531.0,1 - 0,Aalborg BK,1662,1651.0,1,0,Denmark,domestic league (tier 1)
2019/04/26,Superligaen,0,Vendsyssel FF,1529,1529.0,0 - 0,Randers FC,1636,1636.0,0,0,Denmark,domestic league (tier 1)
2019/08/04,1. Division Denmark,0,Vendsyssel FF,1518,1503.0,0 - 1,Fremad Amager,1417,1432.0,0,1,Denmark,domestic league (tier 2)
2019/08/10,1. Division Denmark,0,Vendsyssel FF,1503,1480.0,0 - 3,Vejle BK,1483,1506.0,0,3,Denmark,domestic league (tier 2)
2019/08/21,1. Division Denmark,0,Vendsyssel FF,1464,1447.0,0 - 1,Skive IK,1263,1280.0,0,1,Denmark,domestic league (tier 2)
2019/09/01,1. Division Denmark,0,Vendsyssel FF,1432,1437.0,1 - 0,Hvidovre IF,1349,1344.0,1,0,Denmark,domestic league (tier 2)
2019/09/15,1. Division Denmark,0,Vendsyssel FF,1446,1454.0,2 - 0,Kolding FC (as Kolding IF),1369,1361.0,2,0,Denmark,domestic league (tier 2)
2019/09/29,1. Division Denmark,0,Vendsyssel FF,1480,1485.0,2 - 1,HB Køge,1408,1403.0,2,1,Denmark,domestic league (tier 2)
2019/10/13,1. Division Denmark,0,Vendsyssel FF,1469,1464.0,1 - 1,Næstved BK,1381,1386.0,1,1,Denmark,domestic league (tier 2)
2019/11/03,1. Division Denmark,0,Vendsyssel FF,1473,1467.0,0 - 0,Nykøbing FC,1351,1357.0,0,0,Denmark,domestic league (tier 2)
2019/11/23,1. Division Denmark,0,Vendsyssel FF,1451,1460.0,1 - 0,Viborg FF,1524,1515.0,1,0,Denmark,domestic league (tier 2)
2020/03/01,1. Division Denmark,0,Vendsyssel FF,1460,1466.0,2 - 0,FC Roskilde,1308,1302.0,2,0,Denmark,domestic league (tier 2)
2020/05/31,1. Division Denmark,0,Vendsyssel FF,1452,1439.0,0 - 1,FC Fredericia,1432,1445.0,0,1,Denmark,domestic league (tier 2)
2020/06/09,1. Division Denmark,0,Vendsyssel FF,1452,1447.0,1 - 1,Hvidovre IF,1365,1370.0,1,1,Denmark,domestic league (tier 2)
2020/06/19,1. Division Denmark,0,Vendsyssel FF,1447,1443.0,1 - 1,HB Køge,1390,1394.0,1,1,Denmark,domestic league (tier 2)
2020/06/26,1. Division Denmark,0,Vendsyssel FF,1463,1458.0,2 - 2,Kolding FC (as Kolding IF),1372,1377.0,2,2,Denmark,domestic league (tier 2)
2020/07/04,1. Division Denmark,0,Vendsyssel FF,1467,1453.0,0 - 1,Fremad Amager,1401,1415.0,0,1,Denmark,domestic league (tier 2)
2020/07/10,1. Division Denmark,0,Vendsyssel FF,1453,1438.0,0 - 2,Vejle BK,1563,1578.0,0,2,Denmark,domestic league (tier 2)
2020/07/25,1. Division Denmark,0,Vendsyssel FF,1443,1428.0,0 - 1,Skive IK,1358,1373.0,0,1,Denmark,domestic league (tier 2)
2020/09/15,1. Division Denmark,0,Vendsyssel FF,1414,1433.0,3 - 0,Hobro IK,1543,1524.0,3,0,Denmark,domestic league (tier 2)
2020/09/25,1. Division Denmark,0,Vendsyssel FF,1418,1424.0,1 - 0,Kolding FC (as Kolding IF),1358,1352.0,1,0,Denmark,domestic league (tier 2)
2020/10/04,1. Division Denmark,0,Vendsyssel FF,1417,1402.0,1 - 2,Hvidovre IF,1326,1341.0,1,2,Denmark,domestic league (tier 2)
2020/10/18,1. Division Denmark,0,Vendsyssel FF,1382,1381.0,1 - 1,FC Fredericia,1444,1445.0,1,1,Denmark,domestic league (tier 2)
2020/10/24,1. Division Denmark,0,Vendsyssel FF,1382,1369.0,0 - 1,HB Køge,1376,1389.0,0,1,Denmark,domestic league (tier 2)
2020/12/06,1. Division Denmark,0,Vendsyssel FF,1348,1362.0,2 - 1,Silkeborg IF,1581,1567.0,2,1,Denmark,domestic league (tier 2)
2020/12/09,1. Division Denmark,0,Vendsyssel FF,1362,1355.0,1 - 2,Esbjerg fB,1557,1564.0,1,2,Denmark,domestic league (tier 2)
2020/12/20,1. Division Denmark,0,Vendsyssel FF,1348,1365.0,2 - 0,Fremad Amager,1489,1472.0,2,0,Denmark,domestic league (tier 2)
2021/02/21,1. Division Denmark,0,Vendsyssel FF,1372,1365.0,0 - 1,Viborg FF,1597,1604.0,0,1,Denmark,domestic league (tier 2)
2021/03/07,1. Division Denmark,0,Vendsyssel FF,1354,1343.0,1 - 2,FC Helsingør,1403,1414.0,1,2,Denmark,domestic league (tier 2)
2021/03/14,1. Division Denmark,0,Vendsyssel FF,1343,1329.0,0 - 1,Skive IK,1288,1302.0,0,1,Denmark,domestic league (tier 2)
2021/04/11,1. Division Denmark,0,Vendsyssel FF,1326,1323.0,1 - 1,Skive IK,1314,1317.0,1,1,Denmark,domestic league (tier 2)
2021/04/17,1. Division Denmark,0,Vendsyssel FF,1323,1332.0,1 - 0,Hvidovre IF,1403,1394.0,1,0,Denmark,domestic league (tier 2)
2021/05/02,1. Division Denmark,0,Vendsyssel FF,1333,1332.0,1 - 1,Hobro IK,1406,1407.0,1,1,Denmark,domestic league (tier 2)
2021/05/11,1. Division Denmark,0,Vendsyssel FF,1324,1336.0,3 - 0,Kolding IF,1317,1305.0,3,0,Denmark,domestic league (tier 2)
2021/05/27,1. Division Denmark,0,Vendsyssel FF,1362,1370.0,2 - 1,Fremad Amager,1379,1371.0,2,1,Denmark,domestic league (tier 2)
2021/08/08,1. Division Denmark,0,Vendsyssel FF,1379,1375.0,1 - 1,Nykøbing FC,1328,1332.0,1,1,Denmark,domestic league (tier 2)
2021/08/19,1. Division Denmark,0,Vendsyssel FF,1369,1361.0,1 - 2,AC Horsens,1524,1532.0,1,2,Denmark,domestic league (tier 2)
2021/08/22,1. Division Denmark,0,Vendsyssel FF,1361,1361.0,1 - 1,FC Fredericia,1474,1474.0,1,1,Denmark,domestic league (tier 2)
2021/10/03,1. Division Denmark,0,Vendsyssel FF,1340,1346.0,2 - 1,Jammerbugt FC,1303,1297.0,2,1,Denmark,domestic league (tier 2)
2021/10/24,1. Division Denmark,0,Vendsyssel FF,1353,1355.0,2 - 2,FC Helsingør,1527,1525.0,2,2,Denmark,domestic league (tier 2)
2021/11/03,1. Division Denmark,0,Vendsyssel FF,1346,1349.0,1 - 1,Lyngby BK,1571,1568.0,1,1,Denmark,domestic league (tier 2)
2021/11/07,1. Division Denmark,0,Vendsyssel FF,1349,1361.0,4 - 1,HB Køge,1345,1333.0,4,1,Denmark,domestic league (tier 2)
2021/11/27,1. Division Denmark,0,Vendsyssel FF,1358,1367.0,2 - 0,Fremad Amager,1321,1312.0,2,0,Denmark,domestic league (tier 2)
2022/02/26,1. Division Denmark,0,Vendsyssel FF,1370,1346.0,0 - 3,Hobro IK,1327,1351.0,0,3,Denmark,domestic league (tier 2)
2022/03/06,1. Division Denmark,0,Vendsyssel FF,1346,1355.0,1 - 0,Esbjerg fB,1416,1407.0,1,0,Denmark,domestic league (tier 2)
2022/03/18,1. Division Denmark,0,Vendsyssel FF,1365,1356.0,0 - 1,Hvidovre IF,1494,1503.0,0,1,Denmark,domestic league (tier 2)
2022/04/09,1. Division Denmark,0,Vendsyssel FF,1344,1354.0,2 - 0,Fremad Amager,1331,1321.0,2,0,Denmark,domestic league (tier 2)
2022/04/17,1. Division Denmark,0,Vendsyssel FF,1354,1352.0,0 - 0,Esbjerg fB,1382,1384.0,0,0,Denmark,domestic league (tier 2)
2022/04/30,1. Division Denmark,0,Vendsyssel FF,1342,1330.0,0 - 1,Hobro IK,1380,1392.0,0,1,Denmark,domestic league (tier 2)
2022/05/08,1. Division Denmark,0,Vendsyssel FF,1330,1339.0,4 - 1,Jammerbugt FC,1237,1228.0,4,1,Denmark,domestic league (tier 2)
2022/05/22,1. Division Denmark,0,Vendsyssel FF,1333,1332.0,1 - 1,HB Køge,1392,1393.0,1,1,Denmark,domestic league (tier 2)
2022/07/22,1. Division Denmark,0,Vendsyssel FF,1355,1363.0,5 - 1,Hillerød GI,1232,1224.0,5,1,Denmark,domestic league (tier 2)
2022/08/06,1. Division Denmark,0,Vendsyssel FF,1395,1381.0,1 - 2,Fremad Amager,1327,1341.0,1,2,Denmark,domestic league (tier 2)
2022/08/16,1. Division Denmark,0,Vendsyssel FF,1400,1407.0,1 - 0,Hobro IK,1379,1372.0,1,0,Denmark,domestic league (tier 2)
2022/08/28,1. Division Denmark,0,Vendsyssel FF,1396,1397.0,1 - 1,Hvidovre IF,1537,1536.0,1,1,Denmark,domestic league (tier 2)
2022/09/11,1. Division Denmark,0,Vendsyssel FF,1405,1425.0,2 - 0,Vejle BK,1628,1608.0,2,0,Denmark,domestic league (tier 2)
2022/10/01,1. Division Denmark,0,Vendsyssel FF,1432,1449.0,4 - 1,FC Helsingør,1525,1508.0,4,1,Denmark,domestic league (tier 2)
2022/10/13,1. Division Denmark,0,Vendsyssel FF,1428,1435.0,2 - 1,FC Fredericia,1402,1395.0,2,1,Denmark,domestic league (tier 2)
2022/10/20,Denmark Cup,0,Vendsyssel FF,1435,1428.0,0 - 2,Randers FC,1752,1759.0,0,2,Denmark,domestic cup
2022/10/23,1. Division Denmark,0,Vendsyssel FF,1428,1435.0,1 - 0,HB Køge,1406,1399.0,1,0,Denmark,domestic league (tier 2)
2022/11/05,1. Division Denmark,0,Vendsyssel FF,1440,1424.0,1 - 2,Nykøbing FC,1285,1301.0,1,2,Denmark,domestic league (tier 2)
2023/02/25,1. Division Denmark,0,Vendsyssel FF,1421,1433.0,3 - 0,Næstved BK,1415,1403.0,3,0,Denmark,domestic league (tier 2)
2023/03/12,1. Division Denmark,0,Vendsyssel FF,1430,1421.0,2 - 3,SønderjyskE,1550,1559.0,2,3,Denmark,domestic league (tier 2)
2023/04/10,1. Division Denmark,0,Vendsyssel FF,1418,1421.0,0 - 0,Vejle BK,1617,1614.0,0,0,Denmark,domestic league (tier 2)
2023/04/30,1. Division Denmark,0,Vendsyssel FF,1432,1438.0,2 - 1,Næstved BK,1370,1364.0,2,1,Denmark,domestic league (tier 2)
2023/05/06,1. Division Denmark,0,Vendsyssel FF,1438,1428.0,0 - 1,SønderjyskE,1547,1557.0,0,1,Denmark,domestic league (tier 2)
2023/05/20,1. Division Denmark,0,Vendsyssel FF,1439,1450.0,2 - 0,FC Helsingør,1432,1421.0,2,0,Denmark,domestic league (tier 2)
2023/05/27,1. Division Denmark,0,Vendsyssel FF,1450,1440.0,2 - 3,Hvidovre IF,1543,1553.0,2,3,Denmark,domestic league (tier 2)
2023/07/21,1. Division Denmark,0,Vendsyssel FF,1437,1438.0,1 - 1,SønderjyskE,1570,1569.0,1,1,Denmark,domestic league (tier 2)
2023/08/05,1. Division Denmark,0,Vendsyssel FF,1427,1434.0,2 - 1,FC Helsingør,1433,1426.0,2,1,Denmark,domestic league (tier 2)
2023/08/23,1. Division Denmark,0,Vendsyssel FF,1428,1434.0,2 - 1,Kolding IF,1380,1374.0,2,1,Denmark,domestic league (tier 2)
2023/09/01,1. Division Denmark,0,Vendsyssel FF,1453,1435.0,0 - 2,FC Fredericia,1486,1504.0,0,2,Denmark,domestic league (tier 2)
2023/09/17,1. Division Denmark,0,Vendsyssel FF,1435,1430.0,1 - 1,Næstved BK,1340,1345.0,1,1,Denmark,domestic league (tier 2)
2023/09/29,1. Division Denmark,0,Vendsyssel FF,1423,1414.0,1 - 3,Aalborg BK,1662,1671.0,1,3,Denmark,domestic league (tier 2)
2023/10/19,1. Division Denmark,0,Vendsyssel FF,1425,1435.0,2 - 1,AC Horsens,1510,1500.0,2,1,Denmark,domestic league (tier 2)
2023/11/04,1. Division Denmark,0,Vendsyssel FF,1435,1439.0,1 - 0,B.93 København,1308,1304.0,1,0,Denmark,domestic league (tier 2)
2023/11/26,1. Division Denmark,0,Vendsyssel FF,1451,1457.0,2 - 0,HB Køge,1324,1318.0,2,0,Denmark,domestic league (tier 2)
2024/02/23,1. Division Denmark,0,Vendsyssel FF,1461,1456.0,4 - 4,Hillerød Fodbold,1380,1385.0,4,4,Denmark,domestic league (tier 2)
2024/03/16,1. Division Denmark,0,Vendsyssel FF,1482,1477.0,1 - 1,Hobro IK,1407,1412.0,1,1,Denmark,domestic league (tier 2)
2024/04/07,1. Division Denmark,0,Vendsyssel FF,1468,1471.0,2 - 2,Aalborg BK,1683,1680.0,2,2,Denmark,domestic league (tier 2)
2024/04/28,1. Division Denmark,0,Vendsyssel FF,1479,1487.0,3 - 1,Hobro IK,1409,1401.0,3,1,Denmark,domestic league (tier 2)
2024/05/03,1. Division Denmark,0,Vendsyssel FF,1487,1466.0,2 - 4,Kolding IF,1429,1450.0,2,4,Denmark,domestic league (tier 2)
2024/05/17,1. Division Denmark,0,Vendsyssel FF,1451,1454.0,0 - 0,SønderjyskE,1644,1641.0,0,0,Denmark,domestic league (tier 2)
2024/05/24,1. Division Denmark,0,Vendsyssel FF,1454,1434.0,1 - 4,FC Fredericia,1507,1527.0,1,4,Denmark,domestic league (tier 2)
2024/07/19,1. Division Denmark,0,Vendsyssel FF,1429,1438.0,3 - 0,FC Roskilde,1334,1325.0,3,0,Denmark,domestic league (tier 2)
2024/08/10,1. Division Denmark,0,Vendsyssel FF,1441,1449.0,2 - 1,Kolding IF,1477,1469.0,2,1,Denmark,domestic league (tier 2)
2024/08/21,1. Division Denmark,0,Vendsyssel FF,1434,1412.0,0 - 3,Hobro IK,1441,1463.0,0,3,Denmark,domestic league (tier 2)
2024/09/14,1. Division Denmark,0,Vendsyssel FF,1413,1392.0,0 - 3,Hillerød Fodbold,1448,1469.0,0,3,Denmark,domestic league (tier 2)
2024/09/25,Denmark Cup,0,Vendsyssel FF,1406,1401.0,0 - 5,Brøndby IF,1832,1837.0,0,5,Denmark,domestic cup
2024/09/28,1. Division Denmark,0,Vendsyssel FF,1401,1391.0,0 - 1,Hvidovre IF,1506,1516.0,0,1,Denmark,domestic league (tier 2)
2024/10/18,1. Division Denmark,0,Vendsyssel FF,1395,1381.0,1 - 2,B.93 København,1361,1375.0,1,2,Denmark,domestic league (tier 2)
2024/11/02,1. Division Denmark,0,Vendsyssel FF,1374,1370.0,1 - 1,HB Køge,1327,1331.0,1,1,Denmark,domestic league (tier 2)
2024/11/25,1. Division Denmark,0,Vendsyssel FF,1376,1381.0,1 - 1,Odense BK,1681,1676.0,1,1,Denmark,domestic league (tier 2)
2024/12/01,1. Division Denmark,0,Vendsyssel FF,1381,1393.0,2 - 0,Esbjerg fB,1420,1408.0,2,0,Denmark,domestic league (tier 2)
2025/02/28,1. Division Denmark,0,Vendsyssel FF,1386,1375.0,3 - 4,AC Horsens,1455,1466.0,3,4,Denmark,domestic league (tier 2)
2025/03/14,1. Division Denmark,0,Vendsyssel FF,1360,1352.0,0 - 1,FC Fredericia,1520,1528.0,0,1,Denmark,domestic league (tier 2)
2025/03/28,1. Division Denmark,0,Vendsyssel FF,1352,1353.0,0 - 0,Hillerød Fodbold,1488,1487.0,0,0,Denmark,domestic league (tier 2)
2025/04/12,1. Division Denmark,0,Vendsyssel FF,1356,1351.0,0 - 0,FC Roskilde,1286,1291.0,0,0,Denmark,domestic league (tier 2)
2025/04/20,1. Division Denmark,0,Vendsyssel FF,1341,1353.0,3 - 1,B.93 København,1371,1359.0,3,1,Denmark,domestic league (tier 2)
2025/05/10,1. Division Denmark,0,Vendsyssel FF,1348,1334.0,0 - 1,HB Køge,1312,1326.0,0,1,Denmark,domestic league (tier 2)
2025/05/16,1. Division Denmark,0,Vendsyssel FF,1334,1347.0,2 - 0,Hobro IK,1392,1379.0,2,0,Denmark,domestic league (tier 2)
2025/08/06,Denmark Cup,0,Vendsyssel FF,1341,1334.0,1 - 2,Aalborg BK,1549,1556.0,1,2,Denmark,domestic cup
2026/08/02,1. Division Denmark,0,Vendsyssel FF,1340,1329.0,1 - 2,Hobro IK,1399,1410.0,1,2,Denmark,domestic league (tier 2)
2026/08/16,1. Division Denmark,0,Vendsyssel FF,1365,1341.0,0 - 3,AB Gladsaxe,1331,1355.0,0,3,Denmark,domestic league (tier 2)
2026/08/20,1. Division Denmark,0,Vendsyssel FF,1341,1351.0,1 - 0,Hillerød Fodbold,1451,1441.0,1,0,Denmark,domestic league (tier 2)
2026/09/16,Denmark Cup,0,Vendsyssel FF,1375,,Info,Randers FC,1673,,,,Denmark,domestic cup
2016/07/15,Superligaen,0,Viborg FF,1624,1600.0,0 - 4,FC Nordsjælland,1617,1641.0,0,4,Denmark,domestic league (tier 1)
2016/07/29,Superligaen,0,Viborg FF,1595,1602.0,2 - 1,Esbjerg fB,1587,1580.0,2,1,Denmark,domestic league (tier 1)
2016/08/12,Superligaen,0,Viborg FF,1607,1598.0,0 - 1,Randers FC,1727,1736.0,0,1,Denmark,domestic league (tier 1)
2016/08/28,Superligaen,0,Viborg FF,1619,1621.0,0 - 0,FC Midtjylland,1805,1803.0,0,0,Denmark,domestic league (tier 1)
2016/09/10,Superligaen,0,Viborg FF,1621,1599.0,2 - 4,AC Horsens,1531,1553.0,2,4,Denmark,domestic league (tier 1)
2016/09/25,Superligaen,0,Viborg FF,1611,1597.0,0 - 1,Lyngby BK,1581,1595.0,0,1,Denmark,domestic league (tier 1)
2016/10/02,Superligaen,0,Viborg FF,1597,1603.0,0 - 0,FC København,1965,1959.0,0,0,Denmark,domestic league (tier 1)
2016/10/21,Superligaen,0,Viborg FF,1600,1579.0,1 - 3,Silkeborg IF,1565,1586.0,1,3,Denmark,domestic league (tier 1)
2016/11/06,Superligaen,0,Viborg FF,1562,1556.0,1 - 2,Brøndby IF,1800,1806.0,1,2,Denmark,domestic league (tier 1)
2016/11/26,Superligaen,0,Viborg FF,1553,1556.0,2 - 2,SønderjyskE,1772,1769.0,2,2,Denmark,domestic league (tier 1)
2016/12/12,Superligaen,0,Viborg FF,1567,1566.0,1 - 1,Odense BK,1617,1618.0,1,1,Denmark,domestic league (tier 1)
2017/02/27,Superligaen,0,Viborg FF,1573,1572.0,1 - 1,Aarhus GF,1646,1647.0,1,1,Denmark,domestic league (tier 1)
2017/03/19,Superligaen,0,Viborg FF,1587,1597.0,2 - 1,Aalborg BK,1678,1668.0,2,1,Denmark,domestic league (tier 1)
2017/04/02,Superligaen,0,Viborg FF,1597,1580.0,2 - 4,Aarhus GF,1641,1658.0,2,4,Denmark,domestic league (tier 1)
2017/04/17,Superligaen,0,Viborg FF,1595,1593.0,0 - 0,Silkeborg IF,1616,1618.0,0,0,Denmark,domestic league (tier 1)
2017/04/30,Superligaen,0,Viborg FF,1606,1604.0,1 - 1,Aalborg BK,1636,1638.0,1,1,Denmark,domestic league (tier 1)
2017/08/06,1. Division Denmark,0,Viborg FF,1568,1549.0,0 - 2,Esbjerg fB,1563,1582.0,0,2,Denmark,domestic league (tier 2)
2017/08/23,1. Division Denmark,0,Viborg FF,1543,1527.0,2 - 3,FC Fredericia,1400,1416.0,2,3,Denmark,domestic league (tier 2)
2017/09/10,1. Division Denmark,0,Viborg FF,1518,1521.0,3 - 2,Skive IK,1333,1330.0,3,2,Denmark,domestic league (tier 2)
2017/09/13,1. Division Denmark,0,Viborg FF,1521,1529.0,2 - 0,Vejle BK,1451,1443.0,2,0,Denmark,domestic league (tier 2)
2017/09/24,1. Division Denmark,0,Viborg FF,1511,1515.0,4 - 3,FC Roskilde,1352,1348.0,4,3,Denmark,domestic league (tier 2)
2017/10/01,1. Division Denmark,0,Viborg FF,1515,1517.0,4 - 0,Brabrand IF,1156,1154.0,4,0,Denmark,domestic league (tier 2)
2017/10/15,1. Division Denmark,0,Viborg FF,1517,1510.0,0 - 0,Fremad Amager,1346,1353.0,0,0,Denmark,domestic league (tier 2)
2017/10/29,1. Division Denmark,0,Viborg FF,1500,1494.0,2 - 2,Thisted FC,1363,1369.0,2,2,Denmark,domestic league (tier 2)
2017/11/19,1. Division Denmark,0,Viborg FF,1505,1516.0,2 - 0,Vendsyssel FF,1503,1492.0,2,0,Denmark,domestic league (tier 2)
2018/03/04,1. Division Denmark,0,Viborg FF,1505,1510.0,3 - 1,Nykøbing FC,1337,1332.0,3,1,Denmark,domestic league (tier 2)
2018/03/18,1. Division Denmark,0,Viborg FF,1504,1510.0,1 - 0,HB Køge,1448,1442.0,1,0,Denmark,domestic league (tier 2)
2018/03/29,1. Division Denmark,0,Viborg FF,1510,1513.0,1 - 0,Skive IK,1275,1272.0,1,0,Denmark,domestic league (tier 2)
2018/04/02,1. Division Denmark,0,Viborg FF,1513,1519.0,2 - 0,FC Roskilde,1372,1366.0,2,0,Denmark,domestic league (tier 2)
2018/04/15,1. Division Denmark,0,Viborg FF,1497,1507.0,2 - 0,FC Fredericia,1474,1464.0,2,0,Denmark,domestic league (tier 2)
2018/04/28,1. Division Denmark,0,Viborg FF,1519,1505.0,0 - 1,Vejle BK,1460,1474.0,0,1,Denmark,domestic league (tier 2)
2018/05/12,1. Division Denmark,0,Viborg FF,1523,1520.0,0 - 0,Esbjerg fB,1533,1536.0,0,0,Denmark,domestic league (tier 2)
2018/05/20,1. Division Denmark,0,Viborg FF,1521,1513.0,3 - 3,Brabrand IF,1234,1242.0,3,3,Denmark,domestic league (tier 2)
2018/07/29,1. Division Denmark,0,Viborg FF,1513,1507.0,0 - 0,Nykøbing FC,1366,1372.0,0,0,Denmark,domestic league (tier 2)
2018/08/12,1. Division Denmark,0,Viborg FF,1498,1494.0,1 - 1,FC Helsingør,1466,1470.0,1,1,Denmark,domestic league (tier 2)
2018/08/19,1. Division Denmark,0,Viborg FF,1494,1500.0,2 - 0,Fremad Amager,1369,1363.0,2,0,Denmark,domestic league (tier 2)
2018/08/26,1. Division Denmark,0,Viborg FF,1513,1507.0,2 - 2,FC Fredericia,1396,1402.0,2,2,Denmark,domestic league (tier 2)
2018/09/09,1. Division Denmark,0,Viborg FF,1531,1535.0,2 - 1,Næstved BK,1382,1378.0,2,1,Denmark,domestic league (tier 2)
2018/09/16,1. Division Denmark,0,Viborg FF,1529,1532.0,3 - 2,FC Roskilde,1321,1318.0,3,2,Denmark,domestic league (tier 2)
2018/10/05,1. Division Denmark,0,Viborg FF,1539,1548.0,3 - 1,HB Køge,1490,1481.0,3,1,Denmark,domestic league (tier 2)
2018/10/21,1. Division Denmark,0,Viborg FF,1548,1545.0,1 - 1,Silkeborg IF,1530,1533.0,1,1,Denmark,domestic league (tier 2)
2018/11/04,1. Division Denmark,0,Viborg FF,1534,1519.0,0 - 1,Lyngby BK,1432,1447.0,0,1,Denmark,domestic league (tier 2)
2018/11/18,1. Division Denmark,0,Viborg FF,1534,1538.0,2 - 0,Thisted FC,1311,1307.0,2,0,Denmark,domestic league (tier 2)
2019/03/10,1. Division Denmark,0,Viborg FF,1509,1484.0,0 - 2,Hvidovre IF,1322,1347.0,0,2,Denmark,domestic league (tier 2)
2019/03/24,1. Division Denmark,0,Viborg FF,1494,1489.0,1 - 1,FC Helsingør,1389,1394.0,1,1,Denmark,domestic league (tier 2)
2019/04/07,1. Division Denmark,0,Viborg FF,1510,1505.0,2 - 2,Nykøbing FC,1421,1426.0,2,2,Denmark,domestic league (tier 2)
2019/04/21,1. Division Denmark,0,Viborg FF,1516,1512.0,1 - 1,Næstved BK,1461,1465.0,1,1,Denmark,domestic league (tier 2)
2019/05/05,1. Division Denmark,0,Viborg FF,1502,1509.0,3 - 1,FC Roskilde,1400,1393.0,3,1,Denmark,domestic league (tier 2)
2019/05/09,1. Division Denmark,0,Viborg FF,1509,1514.0,2 - 1,FC Fredericia,1416,1411.0,2,1,Denmark,domestic league (tier 2)
2019/05/25,1. Division Denmark,0,Viborg FF,1525,1534.0,4 - 0,Fremad Amager,1426,1417.0,4,0,Denmark,domestic league (tier 2)
2019/07/26,1. Division Denmark,0,Viborg FF,1509,1516.0,3 - 0,FC Roskilde,1369,1362.0,3,0,Denmark,domestic league (tier 2)
2019/08/11,1. Division Denmark,0,Viborg FF,1523,1517.0,0 - 0,HB Køge,1387,1393.0,0,0,Denmark,domestic league (tier 2)
2019/08/21,1. Division Denmark,0,Viborg FF,1526,1521.0,2 - 2,FC Fredericia,1437,1442.0,2,2,Denmark,domestic league (tier 2)
2019/08/25,1. Division Denmark,0,Viborg FF,1521,1530.0,3 - 0,Nykøbing FC,1438,1429.0,3,0,Denmark,domestic league (tier 2)
2019/09/19,1. Division Denmark,0,Viborg FF,1526,1521.0,1 - 1,Vendsyssel FF,1454,1459.0,1,1,Denmark,domestic league (tier 2)
2019/09/28,1. Division Denmark,0,Viborg FF,1501,1485.0,1 - 2,Kolding FC (as Kolding IF),1369,1385.0,1,2,Denmark,domestic league (tier 2)
2019/10/18,1. Division Denmark,0,Viborg FF,1498,1509.0,5 - 0,Fremad Amager,1440,1429.0,5,0,Denmark,domestic league (tier 2)
2019/11/08,1. Division Denmark,0,Viborg FF,1520,1524.0,2 - 1,Næstved BK,1360,1356.0,2,1,Denmark,domestic league (tier 2)
2019/11/28,1. Division Denmark,0,Viborg FF,1515,1503.0,3 - 4,Vejle BK,1548,1560.0,3,4,Denmark,domestic league (tier 2)
2020/02/28,1. Division Denmark,0,Viborg FF,1503,1497.0,1 - 1,Hvidovre IF,1354,1360.0,1,1,Denmark,domestic league (tier 2)
2020/05/29,1. Division Denmark,0,Viborg FF,1514,1507.0,1 - 1,Skive IK,1290,1297.0,1,1,Denmark,domestic league (tier 2)
2020/06/11,1. Division Denmark,0,Viborg FF,1490,1495.0,4 - 2,FC Roskilde,1326,1321.0,4,2,Denmark,domestic league (tier 2)
2020/06/19,1. Division Denmark,0,Viborg FF,1511,1489.0,0 - 2,FC Fredericia,1448,1470.0,0,2,Denmark,domestic league (tier 2)
2020/06/27,1. Division Denmark,0,Viborg FF,1497,1504.0,4 - 2,HB Køge,1401,1394.0,4,2,Denmark,domestic league (tier 2)
2020/07/06,1. Division Denmark,0,Viborg FF,1502,1506.0,4 - 3,Nykøbing FC,1357,1353.0,4,3,Denmark,domestic league (tier 2)
2020/07/14,1. Division Denmark,0,Viborg FF,1506,1516.0,4 - 1,Vendsyssel FF,1438,1428.0,4,1,Denmark,domestic league (tier 2)
2020/07/25,1. Division Denmark,0,Viborg FF,1520,1496.0,0 - 2,Kolding FC (as Kolding IF),1365,1389.0,0,2,Denmark,domestic league (tier 2)
2020/09/16,1. Division Denmark,0,Viborg FF,1500,1507.0,4 - 2,Kolding FC (as Kolding IF),1383,1376.0,4,2,Denmark,domestic league (tier 2)
2020/09/19,1. Division Denmark,0,Viborg FF,1507,1513.0,3 - 1,Skive IK,1356,1350.0,3,1,Denmark,domestic league (tier 2)
2020/09/30,1. Division Denmark,0,Viborg FF,1531,1538.0,3 - 1,Vendsyssel FF,1424,1417.0,3,1,Denmark,domestic league (tier 2)
2020/10/16,1. Division Denmark,0,Viborg FF,1541,1550.0,3 - 1,Fremad Amager,1503,1494.0,3,1,Denmark,domestic league (tier 2)
2020/10/30,1. Division Denmark,0,Viborg FF,1572,1578.0,3 - 0,FC Helsingør,1384,1378.0,3,0,Denmark,domestic league (tier 2)
2020/11/20,1. Division Denmark,0,Viborg FF,1577,1582.0,2 - 1,Hobro IK,1479,1474.0,2,1,Denmark,domestic league (tier 2)
2020/11/26,1. Division Denmark,0,Viborg FF,1582,1589.0,1 - 0,Silkeborg IF,1588,1581.0,1,0,Denmark,domestic league (tier 2)
2020/12/11,1. Division Denmark,0,Viborg FF,1589,1582.0,1 - 1,HB Køge,1385,1392.0,1,1,Denmark,domestic league (tier 2)
2021/02/12,1. Division Denmark,0,Viborg FF,1589,1597.0,4 - 0,FC Fredericia,1454,1446.0,4,0,Denmark,domestic league (tier 2)
2021/02/26,1. Division Denmark,0,Viborg FF,1604,1607.0,1 - 0,Hvidovre IF,1395,1392.0,1,0,Denmark,domestic league (tier 2)
2021/03/13,1. Division Denmark,0,Viborg FF,1615,1624.0,2 - 0,Esbjerg fB,1577,1568.0,2,0,Denmark,domestic league (tier 2)
2021/04/10,1. Division Denmark,0,Viborg FF,1625,1630.0,4 - 1,FC Fredericia,1423,1418.0,4,1,Denmark,domestic league (tier 2)
2021/04/16,1. Division Denmark,0,Viborg FF,1630,1641.0,4 - 0,Esbjerg fB,1584,1573.0,4,0,Denmark,domestic league (tier 2)
2021/04/30,1. Division Denmark,0,Viborg FF,1630,1600.0,0 - 3,FC Helsingør,1431,1461.0,0,3,Denmark,domestic league (tier 2)
2021/05/12,1. Division Denmark,0,Viborg FF,1616,1615.0,3 - 3,Silkeborg IF,1671,1672.0,3,3,Denmark,domestic league (tier 2)
2021/05/26,1. Division Denmark,0,Viborg FF,1648,1651.0,4 - 0,HB Køge,1336,1333.0,4,0,Denmark,domestic league (tier 2)
2021/07/31,Superligaen,0,Viborg FF,1671,1660.0,0 - 2,FC Midtjylland,1876,1887.0,0,2,Denmark,domestic league (tier 1)
2021/08/13,Superligaen,0,Viborg FF,1648,1638.0,1 - 2,Randers FC,1754,1764.0,1,2,Denmark,domestic league (tier 1)
2021/08/22,Superligaen,0,Viborg FF,1638,1651.0,2 - 0,Aarhus GF,1680,1667.0,2,0,Denmark,domestic league (tier 1)
2021/09/12,Superligaen,0,Viborg FF,1651,1641.0,2 - 3,Aalborg BK,1735,1745.0,2,3,Denmark,domestic league (tier 1)
2021/09/26,Superligaen,0,Viborg FF,1641,1640.0,1 - 1,Odense BK,1691,1692.0,1,1,Denmark,domestic league (tier 1)
2021/10/15,Superligaen,0,Viborg FF,1648,1647.0,1 - 1,Silkeborg IF,1700,1701.0,1,1,Denmark,domestic league (tier 1)
2021/10/31,Superligaen,0,Viborg FF,1674,1664.0,0 - 1,Brøndby IF,1786,1796.0,0,1,Denmark,domestic league (tier 1)
2021/11/05,Superligaen,0,Viborg FF,1664,1661.0,2 - 2,FC Nordsjælland,1642,1645.0,2,2,Denmark,domestic league (tier 1)
2021/11/28,Superligaen,0,Viborg FF,1675,1670.0,1 - 1,SønderjyskE,1588,1593.0,1,1,Denmark,domestic league (tier 1)
2022/02/27,Superligaen,0,Viborg FF,1685,1675.0,0 - 2,FC København,1907,1917.0,0,2,Denmark,domestic league (tier 1)
2022/03/13,Superligaen,0,Viborg FF,1670,1678.0,2 - 0,Vejle BK,1585,1577.0,2,0,Denmark,domestic league (tier 1)
2022/04/01,Superligaen,0,Viborg FF,1681,1686.0,2 - 1,SønderjyskE,1582,1577.0,2,1,Denmark,domestic league (tier 1)
2022/04/17,Superligaen,0,Viborg FF,1705,1702.0,1 - 1,Odense BK,1688,1691.0,1,1,Denmark,domestic league (tier 1)
2022/04/29,Superligaen,0,Viborg FF,1688,1684.0,1 - 1,FC Nordsjælland,1650,1654.0,1,1,Denmark,domestic league (tier 1)
2022/05/09,Superligaen,0,Viborg FF,1684,1679.0,2 - 2,Vejle BK,1572,1577.0,2,2,Denmark,domestic league (tier 1)
2022/05/15,Superligaen,0,Viborg FF,1683,1689.0,1 - 0,Aarhus GF,1631,1625.0,1,0,Denmark,domestic league (tier 1)
2022/07/17,Superligaen,0,Viborg FF,1707,1714.0,2 - 1,Aalborg BK,1715,1708.0,2,1,Denmark,domestic league (tier 1)
2022/07/31,Superligaen,0,Viborg FF,1704,1724.0,4 - 2,FC København,1919,1899.0,4,2,Denmark,domestic league (tier 1)
2022/08/14,Superligaen,0,Viborg FF,1718,1733.0,2 - 0,Silkeborg IF,1810,1795.0,2,0,Denmark,domestic league (tier 1)
2022/08/28,Superligaen,0,Viborg FF,1717,1721.0,2 - 1,Lyngby BK,1560,1556.0,2,1,Denmark,domestic league (tier 1)
2022/09/12,Superligaen,0,Viborg FF,1733,1738.0,2 - 1,AC Horsens,1619,1614.0,2,1,Denmark,domestic league (tier 1)
2022/09/18,Superligaen,0,Viborg FF,1738,1735.0,0 - 0,Brøndby IF,1746,1749.0,0,0,Denmark,domestic league (tier 1)
2022/10/16,Superligaen,0,Viborg FF,1738,1734.0,0 - 0,Odense BK,1691,1695.0,0,0,Denmark,domestic league (tier 1)
2022/11/06,Superligaen,0,Viborg FF,1766,1761.0,1 - 1,Aarhus GF,1676,1681.0,1,1,Denmark,domestic league (tier 1)
2022/11/10,Denmark Cup,0,Viborg FF,1761,1776.0,3 - 1,FC Midtjylland,1860,1845.0,3,1,Denmark,domestic cup
2023/02/20,Superligaen,0,Viborg FF,1793,1772.0,0 - 4,FC Midtjylland,1851,1872.0,0,4,Denmark,domestic league (tier 1)
2023/03/05,Superligaen,0,Viborg FF,1770,1765.0,2 - 2,Randers FC,1698,1703.0,2,2,Denmark,domestic league (tier 1)
2023/03/12,Superligaen,0,Viborg FF,1765,1763.0,1 - 1,FC Nordsjælland,1794,1796.0,1,1,Denmark,domestic league (tier 1)
2023/04/06,Denmark Cup,0,Viborg FF,1780,1785.0,1 - 0,Aalborg BK,1672,1667.0,1,0,Denmark,domestic cup
2023/04/09,Superligaen,0,Viborg FF,1785,1770.0,0 - 1,Aarhus GF,1694,1709.0,0,1,Denmark,domestic league (tier 1)
2023/04/23,Superligaen,0,Viborg FF,1766,1774.0,1 - 0,FC Nordsjælland,1805,1797.0,1,0,Denmark,domestic league (tier 1)
2023/04/30,Superligaen,0,Viborg FF,1774,1784.0,3 - 1,Randers FC,1741,1731.0,3,1,Denmark,domestic league (tier 1)
2023/05/21,Superligaen,0,Viborg FF,1785,1780.0,1 - 1,Brøndby IF,1710,1715.0,1,1,Denmark,domestic league (tier 1)
2023/05/29,Superligaen,0,Viborg FF,1780,1771.0,1 - 2,FC København,1900,1909.0,1,2,Denmark,domestic league (tier 1)
2023/06/09,Superligaen,0,Viborg FF,1774,1763.0,0 - 1,FC Midtjylland,1845,1856.0,0,1,Denmark,domestic league (tier 1)
2023/07/28,Superligaen,0,Viborg FF,1751,1745.0,2 - 2,Lyngby BK,1588,1594.0,2,2,Denmark,domestic league (tier 1)
2023/08/14,Superligaen,0,Viborg FF,1757,1750.0,0 - 0,Hvidovre IF,1529,1536.0,0,0,Denmark,domestic league (tier 1)
2023/08/21,Superligaen,0,Viborg FF,1750,1754.0,2 - 1,Vejle BK,1603,1599.0,2,1,Denmark,domestic league (tier 1)
2023/09/15,Superligaen,0,Viborg FF,1739,1738.0,2 - 2,FC Midtjylland,1796,1797.0,2,2,Denmark,domestic league (tier 1)
2023/10/01,Superligaen,0,Viborg FF,1731,1738.0,2 - 1,Aarhus GF,1734,1727.0,2,1,Denmark,domestic league (tier 1)
2023/10/22,Superligaen,0,Viborg FF,1732,1717.0,0 - 2,FC Nordsjælland,1826,1841.0,0,2,Denmark,domestic league (tier 1)
2023/11/01,Denmark Cup,0,Viborg FF,1717,1708.0,2 - 3,FC Nordsjælland,1844,1853.0,2,3,Denmark,domestic cup
2023/11/05,Superligaen,0,Viborg FF,1708,1718.0,2 - 1,Silkeborg IF,1791,1781.0,2,1,Denmark,domestic league (tier 1)
2023/11/25,Superligaen,0,Viborg FF,1709,1723.0,2 - 1,FC København,1938,1924.0,2,1,Denmark,domestic league (tier 1)
2024/02/16,Superligaen,0,Viborg FF,1716,1702.0,1 - 2,Odense BK,1665,1679.0,1,2,Denmark,domestic league (tier 1)
2024/03/03,Superligaen,0,Viborg FF,1699,1710.0,3 - 0,Randers FC,1659,1648.0,3,0,Denmark,domestic league (tier 1)
2024/03/10,Superligaen,0,Viborg FF,1710,1701.0,1 - 2,Brøndby IF,1828,1837.0,1,2,Denmark,domestic league (tier 1)
2024/03/31,Superligaen,0,Viborg FF,1685,1690.0,3 - 1,Hvidovre IF,1504,1499.0,3,1,Denmark,domestic league (tier 1)
2024/04/21,Superligaen,0,Viborg FF,1710,1714.0,2 - 1,Lyngby BK,1572,1568.0,2,1,Denmark,domestic league (tier 1)
2024/04/28,Superligaen,0,Viborg FF,1714,1710.0,0 - 0,Randers FC,1680,1684.0,0,0,Denmark,domestic league (tier 1)
2024/05/12,Superligaen,0,Viborg FF,1717,1702.0,1 - 2,Vejle BK,1627,1642.0,1,2,Denmark,domestic league (tier 1)
2024/05/25,Superligaen,0,Viborg FF,1679,1685.0,2 - 1,Odense BK,1631,1625.0,2,1,Denmark,domestic league (tier 1)
2024/07/21,Superligaen,0,Viborg FF,1685,1687.0,3 - 3,Brøndby IF,1847,1845.0,3,3,Denmark,domestic league (tier 1)
2024/08/12,Superligaen,0,Viborg FF,1670,1656.0,2 - 3,Aalborg BK,1641,1655.0,2,3,Denmark,domestic league (tier 1)
2024/08/26,Superligaen,0,Viborg FF,1664,1669.0,1 - 0,Lyngby BK,1591,1586.0,1,0,Denmark,domestic league (tier 1)
2024/09/20,Superligaen,0,Viborg FF,1703,1714.0,3 - 2,FC Nordsjælland,1847,1836.0,3,2,Denmark,domestic league (tier 1)
2024/10/06,Superligaen,0,Viborg FF,1709,1709.0,1 - 1,Aarhus GF,1809,1809.0,1,1,Denmark,domestic league (tier 1)
2024/10/27,Superligaen,0,Viborg FF,1708,1715.0,4 - 2,SønderjyskE,1614,1607.0,4,2,Denmark,domestic league (tier 1)
2024/11/10,Superligaen,0,Viborg FF,1710,1722.0,1 - 0,FC Midtjylland,1873,1861.0,1,0,Denmark,domestic league (tier 1)
2024/12/01,Superligaen,0,Viborg FF,1723,1711.0,1 - 2,Randers FC,1737,1749.0,1,2,Denmark,domestic league (tier 1)
2024/12/13,Denmark Cup,0,Viborg FF,1704,1706.0,6 - 0,Brabrand IF,1282,1280.0,6,0,Denmark,domestic cup
2025/02/24,Superligaen,0,Viborg FF,1700,1680.0,1 - 4,Silkeborg IF,1755,1775.0,1,4,Denmark,domestic league (tier 1)
2025/03/02,Superligaen,0,Viborg FF,1680,1687.0,3 - 1,Vejle BK,1579,1572.0,3,1,Denmark,domestic league (tier 1)
2025/03/16,Superligaen,0,Viborg FF,1693,1706.0,3 - 2,FC København,1897,1884.0,3,2,Denmark,domestic league (tier 1)
2025/04/06,Superligaen,0,Viborg FF,1726,1730.0,2 - 1,SønderjyskE,1583,1579.0,2,1,Denmark,domestic league (tier 1)
2025/04/13,Superligaen,0,Viborg FF,1730,1738.0,2 - 1,Silkeborg IF,1765,1757.0,2,1,Denmark,domestic league (tier 1)
2025/04/21,Superligaen,0,Viborg FF,1737,1730.0,1 - 1,Lyngby BK,1552,1559.0,1,1,Denmark,domestic league (tier 1)
2025/05/01,Denmark Cup,0,Viborg FF,1730,1722.0,0 - 1,FC København,1896,1904.0,0,1,Denmark,domestic cup
2025/05/11,Superligaen,0,Viborg FF,1718,1724.0,3 - 1,Aalborg BK,1587,1581.0,3,1,Denmark,domestic league (tier 1)
2025/05/18,Superligaen,0,Viborg FF,1724,1708.0,0 - 1,Vejle BK,1602,1618.0,0,1,Denmark,domestic league (tier 1)
2025/07/18,Superligaen,0,Viborg FF,1723,1717.0,2 - 3,FC København,1956,1962.0,2,3,Denmark,domestic league (tier 1)
2025/08/08,Superligaen,0,Viborg FF,1727,1732.0,1 - 0,SønderjyskE,1644,1639.0,1,0,Denmark,domestic league (tier 1)
2025/08/17,Superligaen,0,Viborg FF,1732,1719.0,2 - 3,Silkeborg IF,1733,1746.0,2,3,Denmark,domestic league (tier 1)
2025/09/14,Superligaen,0,Viborg FF,1729,1717.0,1 - 2,Aarhus GF,1769,1781.0,1,2,Denmark,domestic league (tier 1)
2025/09/28,Superligaen,0,Viborg FF,1713,1718.0,2 - 1,FC Fredericia,1628,1623.0,2,1,Denmark,domestic league (tier 1)
2025/10/19,Superligaen,0,Viborg FF,1711,1696.0,1 - 2,Odense BK,1629,1644.0,1,2,Denmark,domestic league (tier 1)
2025/11/02,Superligaen,0,Viborg FF,1703,1711.0,3 - 2,Randers FC,1733,1725.0,3,2,Denmark,domestic league (tier 1)
2025/11/23,Superligaen,0,Viborg FF,1728,1736.0,5 - 2,Vejle BK,1604,1596.0,5,2,Denmark,domestic league (tier 1)
2025/12/03,Denmark Cup,0,Viborg FF,1738,1745.0,4 - 1,Vejle BK,1586,1579.0,4,1,Denmark,domestic cup
2025/12/07,Superligaen,0,Viborg FF,1745,1749.0,3 - 3,FC Midtjylland,2007,2003.0,3,3,Denmark,domestic league (tier 1)
2026/02/15,Superligaen,0,Viborg FF,1745,1754.0,1 - 0,Brøndby IF,1796,1787.0,1,0,Denmark,domestic league (tier 1)
2026/03/01,Superligaen,0,Viborg FF,1745,1754.0,2 - 1,FC Nordsjælland,1800,1791.0,2,1,Denmark,domestic league (tier 1)
2026/03/07,Denmark Cup,0,Viborg FF,1754,1744.0,1 - 2,FC København,1856,1866.0,1,2,Denmark,domestic cup
2026/03/22,Superligaen,0,Viborg FF,1758,1762.0,1 - 1,FC Midtjylland,1998,1994.0,1,1,Denmark,domestic league (tier 1)
2026/04/06,Superligaen,0,Viborg FF,1762,1752.0,1 - 2,Aarhus GF,1858,1868.0,1,2,Denmark,domestic league (tier 1)
2026/04/22,Superligaen,0,Viborg FF,1765,1753.0,0 - 1,Brøndby IF,1782,1794.0,0,1,Denmark,domestic league (tier 1)
2026/04/26,Superligaen,0,Viborg FF,1753,1762.0,1 - 0,FC Nordsjælland,1831,1822.0,1,0,Denmark,domestic league (tier 1)
2026/05/08,Superligaen,0,Viborg FF,1770,1756.0,0 - 1,SønderjyskE,1722,1736.0,0,1,Denmark,domestic league (tier 1)
2026/07/24,Superligaen,0,Viborg FF,1748,1754.0,1 - 0,Odense BK,1683,1677.0,1,0,Denmark,domestic league (tier 1)
2026/08/14,Superligaen,0,Viborg FF,1749,1759.0,2 - 1,Aarhus GF,1855,1845.0,2,1,Denmark,domestic league (tier 1)
2026/08/23,Superligaen,0,Viborg FF,1759,1781.0,4 - 0,FC København,1929,1907.0,4,0,Denmark,domestic league (tier 1)
2026/09/04,Superligaen,0,Viborg FF,1788,,Info,Lyngby BK,1590,,,,Denmark,domestic league (tier 1)
