Date,Competition,Neutral Venue,Home,PreHElo,PostHElo,Result,Away,PreAElo,PostAElo,Home Goals,Away Goals,Country,Category
2018/04/28,Ykkönen,0,AC Kajaani,1062,1075.0,2 - 1,AC Oulu,1282,1269.0,2,1,Finland,domestic league (tier 2)
2018/05/05,Ykkönen,0,AC Kajaani,1075,1061.0,1 - 3,KTP,1198,1212.0,1,3,Finland,domestic league (tier 2)
2018/05/21,Ykkönen,0,AC Kajaani,1059,1079.0,2 - 0,Haka Valkeakoski,1281,1261.0,2,0,Finland,domestic league (tier 2)
2018/06/09,Ykkönen,0,AC Kajaani,1097,1083.0,0 - 2,Ekenäs IF,1231,1245.0,0,2,Finland,domestic league (tier 2)
2018/06/20,Ykkönen,0,AC Kajaani,1089,1104.0,2 - 1,Helsingfors IFK,1360,1345.0,2,1,Finland,domestic league (tier 2)
2018/07/07,Ykkönen,0,AC Kajaani,1106,1099.0,0 - 1,KPV Kokkola,1305,1312.0,0,1,Finland,domestic league (tier 2)
2018/07/28,Ykkönen,0,AC Kajaani,1101,1097.0,2 - 2,Klubi 04,1042,1046.0,2,2,Finland,domestic league (tier 2)
2018/08/11,Ykkönen,0,AC Kajaani,1094,1084.0,0 - 1,JJK Jyväskylä,1211,1221.0,0,1,Finland,domestic league (tier 2)
2018/09/01,Ykkönen,0,AC Kajaani,1099,1115.0,3 - 1,KTP,1211,1195.0,3,1,Finland,domestic league (tier 2)
2018/09/15,Ykkönen,0,AC Kajaani,1109,1101.0,1 - 2,Haka Valkeakoski,1274,1282.0,1,2,Finland,domestic league (tier 2)
2018/09/22,Ykkönen,0,AC Kajaani,1101,1093.0,0 - 1,FF Jaro,1264,1272.0,0,1,Finland,domestic league (tier 2)
2018/10/06,Ykkönen,0,AC Kajaani,1080,1082.0,1 - 1,Ekenäs IF,1259,1257.0,1,1,Finland,domestic league (tier 2)
2018/10/27,Ykkönen,0,AC Kajaani,1097,1092.0,0 - 1,Helsingfors IFK,1382,1387.0,0,1,Finland,domestic league (tier 2)
2019/04/27,Ykkönen,0,AC Kajaani,1096,1083.0,1 - 2,Musan Salama,1085,1098.0,1,2,Finland,domestic league (tier 2)
2019/05/06,Ykkönen,0,AC Kajaani,1083,1074.0,0 - 2,AC Oulu,1335,1344.0,0,2,Finland,domestic league (tier 2)
2019/05/25,Ykkönen,0,AC Kajaani,1090,1079.0,1 - 2,KTP,1171,1182.0,1,2,Finland,domestic league (tier 2)
2019/06/09,Ykkönen,0,AC Kajaani,1079,1084.0,0 - 0,Haka Valkeakoski,1368,1363.0,0,0,Finland,domestic league (tier 2)
2019/06/19,Ykkönen,0,AC Kajaani,1090,1071.0,1 - 3,Musan Salama,1100,1119.0,1,3,Finland,domestic league (tier 2)
2019/06/29,Ykkönen,0,AC Kajaani,1079,1081.0,2 - 2,Myllykosken Pallo -47,1265,1263.0,2,2,Finland,domestic league (tier 2)
2019/07/06,Ykkönen,0,AC Kajaani,1081,1076.0,0 - 1,TPS Turku,1372,1377.0,0,1,Finland,domestic league (tier 2)
2019/07/27,Ykkönen,0,AC Kajaani,1122,1134.0,3 - 0,TPV Tampere,1103,1091.0,3,0,Finland,domestic league (tier 2)
2019/08/10,Ykkönen,0,AC Kajaani,1131,1122.0,1 - 2,FF Jaro,1265,1274.0,1,2,Finland,domestic league (tier 2)
2019/08/24,Ykkönen,0,AC Kajaani,1112,1129.0,3 - 1,AC Oulu,1257,1240.0,3,1,Finland,domestic league (tier 2)
2019/09/14,Ykkönen,0,AC Kajaani,1129,1119.0,4 - 5,KTP,1217,1227.0,4,5,Finland,domestic league (tier 2)
2019/09/21,Ykkönen,0,AC Kajaani,1119,1108.0,1 - 2,Ekenäs IF,1184,1195.0,1,2,Finland,domestic league (tier 2)
2019/10/05,Ykkönen,0,AC Kajaani,1120,1116.0,1 - 2,Haka Valkeakoski,1464,1468.0,1,2,Finland,domestic league (tier 2)
2020/06/27,Ykkönen,0,AC Kajaani,1118,1119.0,2 - 2,FF Jaro,1241,1240.0,2,2,Finland,domestic league (tier 2)
2020/07/11,Ykkönen,0,AC Kajaani,1138,1133.0,1 - 1,IF Gnistan,1063,1068.0,1,1,Finland,domestic league (tier 2)
2020/07/25,Ykkönen,0,AC Kajaani,1124,1108.0,0 - 2,Ekenäs IF,1207,1223.0,0,2,Finland,domestic league (tier 2)
2020/08/05,Ykkönen,0,AC Kajaani,1111,1114.0,1 - 1,AC Oulu,1316,1313.0,1,1,Finland,domestic league (tier 2)
2020/08/16,Ykkönen,0,AC Kajaani,1121,1113.0,0 - 1,KPV Kokkola,1284,1292.0,0,1,Finland,domestic league (tier 2)
2020/08/22,Ykkönen,0,AC Kajaani,1113,1105.0,2 - 3,KTP,1289,1297.0,2,3,Finland,domestic league (tier 2)
2020/09/05,Ykkönen,0,AC Kajaani,1122,1135.0,3 - 1,Musan Salama,1164,1151.0,3,1,Finland,domestic league (tier 2)
2020/09/16,Ykkönen,0,AC Kajaani,1125,1122.0,0 - 0,MP Mikkeli,1102,1105.0,0,0,Finland,domestic league (tier 2)
2020/10/04,Ykkönen,0,AC Kajaani,1119,1107.0,0 - 2,Vaasan PS,1296,1308.0,0,2,Finland,domestic league (tier 2)
2020/10/21,Ykkönen,0,AC Kajaani,1106,1118.0,10 - 2,Myllykosken Pallo -47,1010,998.0,10,2,Finland,domestic league (tier 2)
2020/10/24,Ykkönen,0,AC Kajaani,1118,1102.0,0 - 1,SJK Akatemia,985,1001.0,0,1,Finland,domestic league (tier 2)
2016/07/17,Ykkönen,0,AC Oulu,1313,1321.0,3 - 0,KPV Kokkola,1192,1184.0,3,0,Finland,domestic league (tier 2)
2016/07/25,Ykkönen,0,AC Oulu,1321,1331.0,3 - 1,Haka Valkeakoski,1307,1297.0,3,1,Finland,domestic league (tier 2)
2016/08/15,Ykkönen,0,AC Oulu,1332,1319.0,0 - 1,JJK Jyväskylä,1326,1339.0,0,1,Finland,domestic league (tier 2)
2016/08/20,Ykkönen,0,AC Oulu,1319,1324.0,3 - 0,Grankulla IFK,1092,1087.0,3,0,Finland,domestic league (tier 2)
2016/09/01,Ykkönen,0,AC Oulu,1345,1322.0,0 - 3,FF Jaro,1330,1353.0,0,3,Finland,domestic league (tier 2)
2016/09/10,Ykkönen,0,AC Oulu,1322,1315.0,2 - 2,FC Jazz Pori,1143,1150.0,2,2,Finland,domestic league (tier 2)
2016/10/01,Ykkönen,0,AC Oulu,1316,1322.0,4 - 1,Ekenäs IF,1159,1153.0,4,1,Finland,domestic league (tier 2)
2016/10/15,Ykkönen,0,AC Oulu,1322,1310.0,0 - 1,TPS Turku,1349,1361.0,0,1,Finland,domestic league (tier 2)
2017/04/29,Ykkönen,0,AC Oulu,1284,1287.0,1 - 0,IF Gnistan,1063,1060.0,1,0,Finland,domestic league (tier 2)
2017/05/06,Ykkönen,0,AC Oulu,1287,1293.0,1 - 0,Haka Valkeakoski,1253,1247.0,1,0,Finland,domestic league (tier 2)
2017/05/25,Ykkönen,0,AC Oulu,1297,1291.0,2 - 2,Grankulla IFK,1141,1147.0,2,2,Finland,domestic league (tier 2)
2017/05/29,Ykkönen,0,AC Oulu,1291,1278.0,1 - 2,KPV Kokkola,1277,1290.0,1,2,Finland,domestic league (tier 2)
2017/07/08,Ykkönen,0,AC Oulu,1309,1307.0,0 - 0,TPS Turku,1342,1344.0,0,0,Finland,domestic league (tier 2)
2017/08/01,Ykkönen,0,AC Oulu,1319,1319.0,2 - 2,FC Honka,1431,1431.0,2,2,Finland,domestic league (tier 2)
2017/08/05,Ykkönen,0,AC Oulu,1319,1293.0,0 - 4,FF Jaro,1268,1294.0,0,4,Finland,domestic league (tier 2)
2017/08/19,Ykkönen,0,AC Oulu,1304,1286.0,1 - 2,IF Gnistan,1053,1071.0,1,2,Finland,domestic league (tier 2)
2017/08/23,Ykkönen,0,AC Oulu,1286,1293.0,3 - 0,OPS Oulu,1148,1141.0,3,0,Finland,domestic league (tier 2)
2017/08/28,Ykkönen,0,AC Oulu,1293,1279.0,0 - 1,Haka Valkeakoski,1265,1279.0,0,1,Finland,domestic league (tier 2)
2017/09/16,Ykkönen,0,AC Oulu,1256,1259.0,2 - 1,Grankulla IFK,1078,1075.0,2,1,Finland,domestic league (tier 2)
2017/09/22,Ykkönen,0,AC Oulu,1259,1268.0,2 - 1,KPV Kokkola,1308,1299.0,2,1,Finland,domestic league (tier 2)
2017/10/07,Ykkönen,0,AC Oulu,1262,1257.0,1 - 1,Ekenäs IF,1184,1189.0,1,1,Finland,domestic league (tier 2)
2017/10/21,Ykkönen,0,AC Oulu,1278,1283.0,3 - 2,Ekenäs IF,1184,1179.0,3,2,Finland,domestic league (tier 2)
2018/05/09,Ykkönen,0,AC Oulu,1269,1283.0,3 - 1,Helsingfors IFK,1346,1332.0,3,1,Finland,domestic league (tier 2)
2018/05/21,Ykkönen,0,AC Oulu,1272,1280.0,2 - 0,KTP,1206,1198.0,2,0,Finland,domestic league (tier 2)
2018/06/09,Ykkönen,0,AC Oulu,1261,1259.0,0 - 0,FF Jaro,1296,1298.0,0,0,Finland,domestic league (tier 2)
2018/06/20,Ykkönen,0,AC Oulu,1278,1284.0,2 - 1,JJK Jyväskylä,1233,1227.0,2,1,Finland,domestic league (tier 2)
2018/06/26,Ykkönen,0,AC Oulu,1284,1277.0,2 - 2,AC Kajaani,1104,1111.0,2,2,Finland,domestic league (tier 2)
2018/07/07,Ykkönen,0,AC Oulu,1268,1255.0,0 - 1,Haka Valkeakoski,1267,1280.0,0,1,Finland,domestic league (tier 2)
2018/08/04,Ykkönen,0,AC Oulu,1260,1272.0,4 - 1,FF Jaro,1246,1234.0,4,1,Finland,domestic league (tier 2)
2018/08/08,Ykkönen,0,AC Oulu,1272,1276.0,3 - 1,Klubi 04,1050,1046.0,3,1,Finland,domestic league (tier 2)
2018/08/13,Ykkönen,0,AC Oulu,1276,1274.0,1 - 1,Ekenäs IF,1292,1294.0,1,1,Finland,domestic league (tier 2)
2018/08/24,Ykkönen,0,AC Oulu,1285,1278.0,0 - 0,AC Kajaani,1092,1099.0,0,0,Finland,domestic league (tier 2)
2018/09/01,Ykkönen,0,AC Oulu,1278,1288.0,2 - 1,Helsingfors IFK,1364,1354.0,2,1,Finland,domestic league (tier 2)
2018/09/14,Ykkönen,0,AC Oulu,1290,1294.0,1 - 0,KTP,1170,1166.0,1,0,Finland,domestic league (tier 2)
2018/09/29,Ykkönen,0,AC Oulu,1303,1291.0,2 - 3,KPV Kokkola,1327,1339.0,2,3,Finland,domestic league (tier 2)
2018/10/27,Ykkönen,0,AC Oulu,1301,1308.0,3 - 0,JJK Jyväskylä,1164,1157.0,3,0,Finland,domestic league (tier 2)
2019/05/11,Ykkönen,0,AC Oulu,1344,1341.0,0 - 0,Haka Valkeakoski,1324,1327.0,0,0,Finland,domestic league (tier 2)
2019/05/25,Ykkönen,0,AC Oulu,1353,1341.0,0 - 1,TPS Turku,1371,1383.0,0,1,Finland,domestic league (tier 2)
2019/06/02,Ykkönen,0,AC Oulu,1327,1323.0,0 - 0,Myllykosken Pallo -47,1289,1293.0,0,0,Finland,domestic league (tier 2)
2019/06/09,Ykkönen,0,AC Oulu,1323,1318.0,0 - 0,FF Jaro,1220,1225.0,0,0,Finland,domestic league (tier 2)
2019/06/20,Ykkönen,0,AC Oulu,1336,1320.0,0 - 1,KTP,1173,1189.0,0,1,Finland,domestic league (tier 2)
2019/06/25,Ykkönen,0,AC Oulu,1320,1312.0,2 - 2,AC Kajaani,1071,1079.0,2,2,Finland,domestic league (tier 2)
2019/07/06,Ykkönen,0,AC Oulu,1307,1300.0,3 - 3,TPV Tampere,1117,1124.0,3,3,Finland,domestic league (tier 2)
2019/07/18,Ykkönen,0,AC Oulu,1295,1279.0,1 - 2,Musan Salama,1142,1158.0,1,2,Finland,domestic league (tier 2)
2019/08/10,Ykkönen,0,AC Oulu,1287,1272.0,1 - 2,Ekenäs IF,1192,1207.0,1,2,Finland,domestic league (tier 2)
2019/08/16,Ykkönen,0,AC Oulu,1272,1257.0,0 - 1,KTP,1186,1201.0,0,1,Finland,domestic league (tier 2)
2019/08/31,Ykkönen,0,AC Oulu,1240,1233.0,0 - 1,Haka Valkeakoski,1448,1455.0,0,1,Finland,domestic league (tier 2)
2019/09/14,Ykkönen,0,AC Oulu,1216,1218.0,0 - 0,TPS Turku,1391,1389.0,0,0,Finland,domestic league (tier 2)
2019/09/28,Ykkönen,0,AC Oulu,1239,1234.0,1 - 1,Myllykosken Pallo -47,1168,1173.0,1,1,Finland,domestic league (tier 2)
2019/10/05,Ykkönen,0,AC Oulu,1234,1248.0,4 - 1,FF Jaro,1267,1253.0,4,1,Finland,domestic league (tier 2)
2020/06/27,Ykkönen,0,AC Oulu,1272,1277.0,2 - 0,IF Gnistan,1076,1071.0,2,0,Finland,domestic league (tier 2)
2020/07/11,Ykkönen,0,AC Oulu,1286,1288.0,1 - 0,SJK Akatemia,1017,1015.0,1,0,Finland,domestic league (tier 2)
2020/07/18,Ykkönen,0,AC Oulu,1288,1297.0,1 - 0,Vaasan PS,1343,1334.0,1,0,Finland,domestic league (tier 2)
2020/08/01,Ykkönen,0,AC Oulu,1311,1316.0,2 - 1,FF Jaro,1242,1237.0,2,1,Finland,domestic league (tier 2)
2020/08/08,Ykkönen,0,AC Oulu,1313,1309.0,0 - 0,KTP,1272,1276.0,0,0,Finland,domestic league (tier 2)
2020/08/21,Ykkönen,0,AC Oulu,1322,1316.0,1 - 1,Ekenäs IF,1205,1211.0,1,1,Finland,domestic league (tier 2)
2020/09/05,Ykkönen,0,AC Oulu,1323,1328.0,4 - 0,Myllykosken Pallo -47,1087,1082.0,4,0,Finland,domestic league (tier 2)
2020/09/20,Ykkönen,0,AC Oulu,1335,1320.0,1 - 2,KPV Kokkola,1260,1275.0,1,2,Finland,domestic league (tier 2)
2020/09/30,Ykkönen,0,AC Oulu,1308,1301.0,1 - 1,AC Kajaani,1112,1119.0,1,1,Finland,domestic league (tier 2)
2020/10/10,Ykkönen,0,AC Oulu,1315,1318.0,2 - 1,Musan Salama,1145,1142.0,2,1,Finland,domestic league (tier 2)
2020/11/08,Ykkönen,0,AC Oulu,1334,1340.0,6 - 0,MP Mikkeli,1116,1110.0,6,0,Finland,domestic league (tier 2)
2021/05/03,Veikkausliiga,0,AC Oulu,1343,1331.0,0 - 2,Ilves Tampere,1519,1531.0,0,2,Finland,domestic league (tier 1)
2021/05/15,Veikkausliiga,0,AC Oulu,1323,1307.0,0 - 2,SJK Seinäjoki,1409,1425.0,0,2,Finland,domestic league (tier 1)
2021/05/23,Veikkausliiga,0,AC Oulu,1307,1298.0,1 - 2,Helsingfors IFK,1458,1467.0,1,2,Finland,domestic league (tier 1)
2021/06/11,Veikkausliiga,0,AC Oulu,1297,1287.0,0 - 2,FC Honka,1507,1517.0,0,2,Finland,domestic league (tier 1)
2021/06/24,Veikkausliiga,0,AC Oulu,1307,1301.0,0 - 2,Kuopion PS,1640,1646.0,0,2,Finland,domestic league (tier 1)
2021/07/05,Veikkausliiga,0,AC Oulu,1299,1296.0,1 - 1,KTP,1293,1296.0,1,1,Finland,domestic league (tier 1)
2021/07/17,Veikkausliiga,0,AC Oulu,1293,1311.0,2 - 1,HJK Helsinki,1778,1760.0,2,1,Finland,domestic league (tier 1)
2021/08/07,Veikkausliiga,0,AC Oulu,1304,1313.0,1 - 0,IFK Mariehamn,1352,1343.0,1,0,Finland,domestic league (tier 1)
2021/08/14,Veikkausliiga,0,AC Oulu,1313,1335.0,2 - 0,Inter Turku,1589,1567.0,2,0,Finland,domestic league (tier 1)
2021/08/28,Veikkausliiga,0,AC Oulu,1350,1352.0,1 - 1,FC Lahti,1503,1501.0,1,1,Finland,domestic league (tier 1)
2021/09/26,Veikkausliiga,0,AC Oulu,1347,1336.0,0 - 1,Haka Valkeakoski,1406,1417.0,0,1,Finland,domestic league (tier 1)
2021/10/16,Veikkausliiga,0,AC Oulu,1341,1329.0,1 - 2,IFK Mariehamn,1387,1399.0,1,2,Finland,domestic league (tier 1)
2021/10/31,Veikkausliiga,0,AC Oulu,1326,1331.0,2 - 1,KTP,1243,1238.0,2,1,Finland,domestic league (tier 1)
2021/11/07,Veikkausliiga rel.,0,AC Oulu,1323,1334.0,2 - 0,Rovaniemi PS,1321,1310.0,2,0,Finland,domestic relegation
2022/02/23,Finland League Cup,0,AC Oulu,1334,1329.0,0 - 3,Kuopion PS,1675,1680.0,0,3,Finland,domestic cup
2022/04/17,Veikkausliiga,0,AC Oulu,1346,1347.0,2 - 2,Ilves Tampere,1467,1466.0,2,2,Finland,domestic league (tier 1)
2022/04/29,Veikkausliiga,0,AC Oulu,1341,1362.0,3 - 0,Haka Valkeakoski,1514,1493.0,3,0,Finland,domestic league (tier 1)
2022/05/07,Veikkausliiga,0,AC Oulu,1376,1374.0,1 - 1,Helsingfors IFK,1416,1418.0,1,1,Finland,domestic league (tier 1)
2022/05/13,Veikkausliiga,0,AC Oulu,1374,1386.0,2 - 1,FC Honka,1557,1545.0,2,1,Finland,domestic league (tier 1)
2022/05/17,Veikkausliiga,0,AC Oulu,1386,1378.0,0 - 3,Kuopion PS,1688,1696.0,0,3,Finland,domestic league (tier 1)
2022/05/28,Veikkausliiga,0,AC Oulu,1400,1411.0,1 - 0,SJK Seinäjoki,1521,1510.0,1,0,Finland,domestic league (tier 1)
2022/07/02,Veikkausliiga,0,AC Oulu,1410,1383.0,0 - 6,Vaasan PS,1421,1448.0,0,6,Finland,domestic league (tier 1)
2022/07/23,Veikkausliiga,0,AC Oulu,1406,1416.0,3 - 1,IFK Mariehamn,1398,1388.0,3,1,Finland,domestic league (tier 1)
2022/08/07,Veikkausliiga,0,AC Oulu,1411,1415.0,1 - 1,HJK Helsinki,1649,1645.0,1,1,Finland,domestic league (tier 1)
2022/08/21,Veikkausliiga,0,AC Oulu,1410,1421.0,1 - 0,Inter Turku,1536,1525.0,1,0,Finland,domestic league (tier 1)
2022/09/04,Veikkausliiga,0,AC Oulu,1428,1424.0,0 - 0,FC Lahti,1393,1397.0,0,0,Finland,domestic league (tier 1)
2022/09/18,Veikkausliiga,0,AC Oulu,1445,1453.0,4 - 1,Helsingfors IFK,1321,1313.0,4,1,Finland,domestic league (tier 1)
2022/10/02,Veikkausliiga,0,AC Oulu,1471,1475.0,2 - 1,FC Lahti,1356,1352.0,2,1,Finland,domestic league (tier 1)
2022/10/16,Veikkausliiga,0,AC Oulu,1467,1447.0,0 - 2,Ilves Tampere,1446,1466.0,0,2,Finland,domestic league (tier 1)
2022/10/22,Veikkausliiga,0,AC Oulu,1462,1450.0,0 - 1,Vaasan PS,1477,1489.0,0,1,Finland,domestic league (tier 1)
2023/01/28,Finland League Cup,0,AC Oulu,1450,1448.0,0 - 0,Ilves Tampere,1466,1468.0,0,0,Finland,domestic cup
2023/02/11,Finland League Cup,0,AC Oulu,1461,1459.0,1 - 1,Vaasan PS,1486,1488.0,1,1,Finland,domestic cup
2023/04/29,Veikkausliiga,0,AC Oulu,1497,1475.0,0 - 3,SJK Seinäjoki,1510,1532.0,0,3,Finland,domestic league (tier 1)
2023/05/09,Veikkausliiga,0,AC Oulu,1488,1475.0,0 - 2,Kuopion PS,1640,1653.0,0,2,Finland,domestic league (tier 1)
2023/05/13,Veikkausliiga,0,AC Oulu,1475,1482.0,2 - 1,Vaasan PS,1477,1470.0,2,1,Finland,domestic league (tier 1)
2023/05/22,Veikkausliiga,0,AC Oulu,1507,1490.0,1 - 3,FC Honka,1555,1572.0,1,3,Finland,domestic league (tier 1)
2023/05/31,Finland Cup,0,AC Oulu,1500,1498.0,1 - 1,Haka Valkeakoski,1518,1520.0,1,1,Finland,domestic cup
2023/06/03,Veikkausliiga,0,AC Oulu,1498,1503.0,3 - 2,IFK Mariehamn,1387,1382.0,3,2,Finland,domestic league (tier 1)
2023/07/01,Veikkausliiga,0,AC Oulu,1528,1539.0,3 - 0,Haka Valkeakoski,1501,1490.0,3,0,Finland,domestic league (tier 1)
2023/07/22,Veikkausliiga,0,AC Oulu,1538,1543.0,3 - 1,KTP,1342,1337.0,3,1,Finland,domestic league (tier 1)
2023/08/12,Veikkausliiga,0,AC Oulu,1530,1524.0,1 - 1,FC Lahti,1384,1390.0,1,1,Finland,domestic league (tier 1)
2023/08/19,Veikkausliiga,0,AC Oulu,1524,1498.0,0 - 3,Ilves Tampere,1434,1460.0,0,3,Finland,domestic league (tier 1)
2023/08/27,Veikkausliiga,0,AC Oulu,1490,1478.0,1 - 3,HJK Helsinki,1671,1683.0,1,3,Finland,domestic league (tier 1)
2023/09/16,Veikkausliiga,0,AC Oulu,1472,1477.0,3 - 2,IFK Mariehamn,1370,1365.0,3,2,Finland,domestic league (tier 1)
2023/09/29,Veikkausliiga,0,AC Oulu,1467,1472.0,2 - 0,KTP,1298,1293.0,2,0,Finland,domestic league (tier 1)
2023/10/21,Veikkausliiga,0,AC Oulu,1465,1463.0,1 - 1,Haka Valkeakoski,1486,1488.0,1,1,Finland,domestic league (tier 1)
2024/01/27,Finland League Cup,0,AC Oulu,1463,1461.0,0 - 0,Haka Valkeakoski,1488,1490.0,0,0,Finland,domestic cup
2024/02/08,Finland League Cup,0,AC Oulu,1476,1468.0,0 - 1,Ilves Tampere,1541,1549.0,0,1,Finland,domestic cup
2024/04/27,Veikkausliiga,0,AC Oulu,1462,1453.0,1 - 2,Vaasan PS,1598,1607.0,1,2,Finland,domestic league (tier 1)
2024/05/11,Veikkausliiga,0,AC Oulu,1456,1450.0,1 - 1,IF Gnistan,1321,1327.0,1,1,Finland,domestic league (tier 1)
2024/05/17,Veikkausliiga,0,AC Oulu,1450,1446.0,1 - 1,IFK Mariehamn,1392,1396.0,1,1,Finland,domestic league (tier 1)
2024/05/31,Veikkausliiga,0,AC Oulu,1440,1452.0,1 - 0,HJK Helsinki,1620,1608.0,1,0,Finland,domestic league (tier 1)
2024/06/12,Veikkausliiga,0,AC Oulu,1448,1443.0,2 - 2,FC Lahti,1350,1355.0,2,2,Finland,domestic league (tier 1)
2024/06/15,Finland Cup,0,AC Oulu,1443,1445.0,5 - 1,KäPa,1041,1039.0,5,1,Finland,domestic cup
2024/06/28,Veikkausliiga,0,AC Oulu,1451,1464.0,1 - 0,Kuopion PS,1675,1662.0,1,0,Finland,domestic league (tier 1)
2024/07/08,Veikkausliiga,0,AC Oulu,1456,1446.0,1 - 2,SJK Seinäjoki,1561,1571.0,1,2,Finland,domestic league (tier 1)
2024/07/20,Veikkausliiga,0,AC Oulu,1456,1462.0,2 - 0,Ekenäs IF,1302,1296.0,2,0,Finland,domestic league (tier 1)
2024/08/04,Veikkausliiga,0,AC Oulu,1454,1444.0,0 - 1,Ilves Tampere,1550,1560.0,0,1,Finland,domestic league (tier 1)
2024/08/10,Veikkausliiga,0,AC Oulu,1444,1453.0,1 - 0,Inter Turku,1515,1506.0,1,0,Finland,domestic league (tier 1)
2024/08/24,Veikkausliiga,0,AC Oulu,1438,1427.0,0 - 1,Haka Valkeakoski,1502,1513.0,0,1,Finland,domestic league (tier 1)
2025/02/01,Finland League Cup,0,AC Oulu,1418,1412.0,1 - 2,Ilves Tampere,1570,1576.0,1,2,Finland,domestic cup
2025/02/15,Finland League Cup,0,AC Oulu,1408,1413.0,4 - 0,FF Jaro,1245,1240.0,4,0,Finland,domestic cup
2025/04/26,Veikkausliiga,0,AC Oulu,1397,1384.0,1 - 4,Inter Turku,1594,1607.0,1,4,Finland,domestic league (tier 1)
2025/05/10,Veikkausliiga,0,AC Oulu,1401,1389.0,2 - 3,IF Gnistan,1430,1442.0,2,3,Finland,domestic league (tier 1)
2025/05/17,Veikkausliiga,0,AC Oulu,1389,1375.0,0 - 1,IFK Mariehamn,1332,1346.0,0,1,Finland,domestic league (tier 1)
2025/05/31,Veikkausliiga,0,AC Oulu,1382,1383.0,2 - 2,SJK Seinäjoki,1514,1513.0,2,2,Finland,domestic league (tier 1)
2025/06/10,Finland Cup,0,AC Oulu,1383,1376.0,1 - 1,PK-35 Vantaa,1164,1171.0,1,1,Finland,domestic cup
2025/06/14,Veikkausliiga,0,AC Oulu,1376,1365.0,0 - 4,HJK Helsinki,1622,1633.0,0,4,Finland,domestic league (tier 1)
2025/06/24,Finland Cup,0,AC Oulu,1355,1373.0,2 - 0,SJK Seinäjoki,1535,1517.0,2,0,Finland,domestic cup
2025/06/28,Veikkausliiga,0,AC Oulu,1373,1384.0,2 - 1,Vaasan PS,1514,1503.0,2,1,Finland,domestic league (tier 1)
2025/07/04,Veikkausliiga,0,AC Oulu,1384,1388.0,2 - 2,Kuopion PS,1623,1619.0,2,2,Finland,domestic league (tier 1)
2025/07/13,Veikkausliiga,0,AC Oulu,1388,1393.0,3 - 2,KTP,1284,1279.0,3,2,Finland,domestic league (tier 1)
2025/08/02,Veikkausliiga,0,AC Oulu,1400,1385.0,0 - 1,FF Jaro,1305,1320.0,0,1,Finland,domestic league (tier 1)
2025/08/16,Veikkausliiga,0,AC Oulu,1383,1370.0,0 - 4,Ilves Tampere,1596,1609.0,0,4,Finland,domestic league (tier 1)
2025/08/31,Veikkausliiga,0,AC Oulu,1363,1371.0,3 - 2,Haka Valkeakoski,1399,1391.0,3,2,Finland,domestic league (tier 1)
2025/09/27,Veikkausliiga,0,AC Oulu,1395,1371.0,0 - 2,KTP,1253,1277.0,0,2,Finland,domestic league (tier 1)
2025/10/04,Veikkausliiga,0,AC Oulu,1371,1385.0,2 - 0,Vaasan PS,1453,1439.0,2,0,Finland,domestic league (tier 1)
2026/01/31,Finland League Cup,0,AC Oulu,1390,1406.0,3 - 0,SJK Seinäjoki,1573,1557.0,3,0,Finland,domestic cup
2026/02/28,Finland League Cup,0,AC Oulu,1428,1448.0,5 - 0,Kuopion PS,1642,1622.0,5,0,Finland,domestic cup
2026/03/14,Finland League Cup,0,AC Oulu,1448,1456.0,2 - 1,HJK Helsinki,1567,1559.0,2,1,Finland,domestic cup
2026/04/15,Finland Cup,0,AC Oulu,1489,1473.0,1 - 2,FF Jaro,1351,1367.0,1,2,Finland,domestic cup
2026/04/18,Veikkausliiga,0,AC Oulu,1473,1479.0,1 - 0,Vaasan PS,1414,1408.0,1,0,Finland,domestic league (tier 1)
2026/05/02,Veikkausliiga,0,AC Oulu,1465,1483.0,2 - 0,Kuopion PS,1638,1620.0,2,0,Finland,domestic league (tier 1)
2026/05/16,Veikkausliiga,0,AC Oulu,1478,1482.0,1 - 0,TPS Turku,1335,1331.0,1,0,Finland,domestic league (tier 1)
2026/05/31,Veikkausliiga,0,AC Oulu,1495,1499.0,2 - 1,FF Jaro,1374,1370.0,2,1,Finland,domestic league (tier 1)
2026/06/18,Veikkausliiga,0,AC Oulu,1506,1509.0,2 - 1,IFK Mariehamn,1322,1319.0,2,1,Finland,domestic league (tier 1)
2026/06/27,Veikkausliiga,0,AC Oulu,1493,1488.0,1 - 1,FC Lahti,1397,1402.0,1,1,Finland,domestic league (tier 1)
2026/07/18,Veikkausliiga,0,AC Oulu,1468,1448.0,0 - 2,IF Gnistan,1435,1455.0,0,2,Finland,domestic league (tier 1)
2026/08/02,Veikkausliiga,0,AC Oulu,1446,1456.0,1 - 0,Ilves Tampere,1562,1552.0,1,0,Finland,domestic league (tier 1)
2026/08/09,Veikkausliiga,0,AC Oulu,1456,1447.0,0 - 1,HJK Helsinki,1585,1594.0,0,1,Finland,domestic league (tier 1)
2026/08/16,Veikkausliiga,0,AC Oulu,1447,1441.0,2 - 3,Inter Turku,1676,1682.0,2,3,Finland,domestic league (tier 1)
2026/08/31,Veikkausliiga,0,AC Oulu,1451,1448.0,0 - 0,SJK Seinäjoki,1444,1447.0,0,0,Finland,domestic league (tier 1)
2023/05/31,Finland Cup,0,Atlantis FC,1296,1280.0,0 - 1,KPV Kokkola,1148,1164.0,0,1,Finland,domestic cup
2024/05/08,Finland Cup,0,Atlantis FC,1280,1284.0,3 - 1,JäPS,1074,1070.0,3,1,Finland,domestic cup
2025/05/07,Finland Cup,0,Atlantis FC,1284,1286.0,2 - 1,KäPa,1040,1038.0,2,1,Finland,domestic cup
2026/04/28,Finland Cup,0,Atlantis FC,1283,1286.0,3 - 3,FC Honka,1509,1506.0,3,3,Finland,domestic cup
2016/07/11,Ykkönen,0,Ekenäs IF,1156,1166.0,3 - 2,KTP,1253,1243.0,3,2,Finland,domestic league (tier 2)
2016/07/17,Ykkönen,0,Ekenäs IF,1166,1178.0,2 - 1,Haka Valkeakoski,1319,1307.0,2,1,Finland,domestic league (tier 2)
2016/08/03,Ykkönen,0,Ekenäs IF,1169,1157.0,0 - 2,AC Oulu,1331,1343.0,0,2,Finland,domestic league (tier 2)
2016/08/21,Ykkönen,0,Ekenäs IF,1146,1129.0,0 - 2,KPV Kokkola,1188,1205.0,0,2,Finland,domestic league (tier 2)
2016/09/04,Ykkönen,0,Ekenäs IF,1154,1141.0,1 - 2,FC Jazz Pori,1130,1143.0,1,2,Finland,domestic league (tier 2)
2016/09/25,Ykkönen,0,Ekenäs IF,1150,1159.0,2 - 0,Grankulla IFK,1116,1107.0,2,0,Finland,domestic league (tier 2)
2016/10/15,Ykkönen,0,Ekenäs IF,1153,1146.0,1 - 2,FF Jaro,1368,1375.0,1,2,Finland,domestic league (tier 2)
2017/05/06,Ykkönen,0,Ekenäs IF,1163,1152.0,0 - 2,FF Jaro,1352,1363.0,0,2,Finland,domestic league (tier 2)
2017/05/19,Ykkönen,0,Ekenäs IF,1145,1140.0,0 - 1,FC Honka,1436,1441.0,0,1,Finland,domestic league (tier 2)
2017/05/24,Ykkönen,0,Ekenäs IF,1140,1157.0,4 - 0,OPS Oulu,1211,1194.0,4,0,Finland,domestic league (tier 2)
2017/06/10,Ykkönen,0,Ekenäs IF,1153,1165.0,4 - 1,Grankulla IFK,1148,1136.0,4,1,Finland,domestic league (tier 2)
2017/06/21,Ykkönen,0,Ekenäs IF,1157,1149.0,0 - 1,TPS Turku,1337,1345.0,0,1,Finland,domestic league (tier 2)
2017/07/08,Ykkönen,0,Ekenäs IF,1165,1165.0,1 - 1,Haka Valkeakoski,1255,1255.0,1,1,Finland,domestic league (tier 2)
2017/07/19,Ykkönen,0,Ekenäs IF,1186,1190.0,0 - 0,FC Honka,1432,1428.0,0,0,Finland,domestic league (tier 2)
2017/07/29,Ykkönen,0,Ekenäs IF,1198,1215.0,2 - 0,KPV Kokkola,1334,1317.0,2,0,Finland,domestic league (tier 2)
2017/08/12,Ykkönen,0,Ekenäs IF,1214,1203.0,0 - 1,AC Oulu,1293,1304.0,0,1,Finland,domestic league (tier 2)
2017/08/26,Ykkönen,0,Ekenäs IF,1196,1186.0,1 - 2,FF Jaro,1307,1317.0,1,2,Finland,domestic league (tier 2)
2017/09/16,Ykkönen,0,Ekenäs IF,1177,1187.0,3 - 1,OPS Oulu,1157,1147.0,3,1,Finland,domestic league (tier 2)
2017/09/24,Ykkönen,0,Ekenäs IF,1187,1192.0,1 - 0,IF Gnistan,1099,1094.0,1,0,Finland,domestic league (tier 2)
2017/10/14,Ykkönen,0,Ekenäs IF,1189,1184.0,3 - 3,Grankulla IFK,1084,1089.0,3,3,Finland,domestic league (tier 2)
2018/04/28,Ykkönen,0,Ekenäs IF,1211,1218.0,1 - 0,KTP,1205,1198.0,1,0,Finland,domestic league (tier 2)
2018/05/06,Ykkönen,0,Ekenäs IF,1218,1217.0,0 - 0,Haka Valkeakoski,1269,1270.0,0,0,Finland,domestic league (tier 2)
2018/05/26,Ykkönen,0,Ekenäs IF,1226,1226.0,0 - 0,Helsingfors IFK,1341,1341.0,0,0,Finland,domestic league (tier 2)
2018/06/16,Ykkönen,0,Ekenäs IF,1245,1226.0,0 - 2,AC Oulu,1259,1278.0,0,2,Finland,domestic league (tier 2)
2018/06/26,Ykkönen,0,Ekenäs IF,1234,1240.0,3 - 2,KTP,1196,1190.0,3,2,Finland,domestic league (tier 2)
2018/07/07,Ykkönen,0,Ekenäs IF,1244,1251.0,2 - 1,JJK Jyväskylä,1223,1216.0,2,1,Finland,domestic league (tier 2)
2018/07/14,Ykkönen,0,Ekenäs IF,1251,1260.0,1 - 0,KPV Kokkola,1312,1303.0,1,0,Finland,domestic league (tier 2)
2018/08/04,Ykkönen,0,Ekenäs IF,1289,1292.0,4 - 3,AC Kajaani,1097,1094.0,4,3,Finland,domestic league (tier 2)
2018/08/19,Ykkönen,0,Ekenäs IF,1294,1299.0,5 - 0,Klubi 04,1050,1045.0,5,0,Finland,domestic league (tier 2)
2018/09/02,Ykkönen,0,Ekenäs IF,1299,1306.0,2 - 1,Haka Valkeakoski,1283,1276.0,2,1,Finland,domestic league (tier 2)
2018/09/23,Ykkönen,0,Ekenäs IF,1281,1262.0,0 - 3,Helsingfors IFK,1342,1361.0,0,3,Finland,domestic league (tier 2)
2018/09/30,Ykkönen,0,Ekenäs IF,1262,1259.0,0 - 0,FF Jaro,1272,1275.0,0,0,Finland,domestic league (tier 2)
2018/10/20,Ykkönen,0,Ekenäs IF,1257,1266.0,3 - 2,AC Oulu,1310,1301.0,3,2,Finland,domestic league (tier 2)
2019/04/27,Ykkönen,0,Ekenäs IF,1236,1223.0,1 - 2,FF Jaro,1214,1227.0,1,2,Finland,domestic league (tier 2)
2019/05/04,Ykkönen,0,Ekenäs IF,1223,1224.0,1 - 1,TPS Turku,1367,1366.0,1,1,Finland,domestic league (tier 2)
2019/05/18,Ykkönen,0,Ekenäs IF,1211,1231.0,7 - 2,Myllykosken Pallo -47,1306,1286.0,7,2,Finland,domestic league (tier 2)
2019/05/30,Ykkönen,0,Ekenäs IF,1221,1225.0,2 - 1,AC Kajaani,1079,1075.0,2,1,Finland,domestic league (tier 2)
2019/06/16,Ykkönen,0,Ekenäs IF,1233,1215.0,0 - 3,AC Oulu,1318,1336.0,0,3,Finland,domestic league (tier 2)
2019/07/02,Ykkönen,0,Ekenäs IF,1196,1173.0,1 - 4,KTP,1182,1205.0,1,4,Finland,domestic league (tier 2)
2019/07/13,Ykkönen,0,Ekenäs IF,1199,1207.0,3 - 1,TPV Tampere,1124,1116.0,3,1,Finland,domestic league (tier 2)
2019/07/20,Ykkönen,0,Ekenäs IF,1207,1184.0,0 - 2,AC Kajaani,1099,1122.0,0,2,Finland,domestic league (tier 2)
2019/08/03,Ykkönen,0,Ekenäs IF,1179,1192.0,5 - 1,Musan Salama,1166,1153.0,5,1,Finland,domestic league (tier 2)
2019/08/24,Ykkönen,0,Ekenäs IF,1197,1200.0,0 - 0,TPS Turku,1388,1385.0,0,0,Finland,domestic league (tier 2)
2019/09/07,Ykkönen,0,Ekenäs IF,1193,1179.0,2 - 3,Myllykosken Pallo -47,1159,1173.0,2,3,Finland,domestic league (tier 2)
2019/09/14,Ykkönen,0,Ekenäs IF,1179,1184.0,1 - 0,TPV Tampere,1107,1102.0,1,0,Finland,domestic league (tier 2)
2019/09/28,Ykkönen,0,Ekenäs IF,1195,1186.0,2 - 4,Haka Valkeakoski,1455,1464.0,2,4,Finland,domestic league (tier 2)
2019/10/20,Ykkönen,0,Ekenäs IF,1177,1176.0,2 - 2,AC Oulu,1248,1249.0,2,2,Finland,domestic league (tier 2)
2020/07/04,Ykkönen,0,Ekenäs IF,1182,1184.0,0 - 0,Vaasan PS,1350,1348.0,0,0,Finland,domestic league (tier 2)
2020/07/18,Ykkönen,0,Ekenäs IF,1190,1207.0,5 - 1,FF Jaro,1254,1237.0,5,1,Finland,domestic league (tier 2)
2020/08/01,Ykkönen,0,Ekenäs IF,1223,1211.0,0 - 1,KTP,1256,1268.0,0,1,Finland,domestic league (tier 2)
2020/08/10,Ykkönen,0,Ekenäs IF,1202,1206.0,2 - 1,IF Gnistan,1035,1031.0,2,1,Finland,domestic league (tier 2)
2020/08/29,Ykkönen,0,Ekenäs IF,1211,1219.0,3 - 0,Myllykosken Pallo -47,1092,1084.0,3,0,Finland,domestic league (tier 2)
2020/09/12,Ykkönen,0,Ekenäs IF,1214,1227.0,2 - 0,KPV Kokkola,1266,1253.0,2,0,Finland,domestic league (tier 2)
2020/09/20,Ykkönen,0,Ekenäs IF,1219,1229.0,5 - 0,AC Kajaani,1122,1112.0,5,0,Finland,domestic league (tier 2)
2020/09/30,Ykkönen,0,Ekenäs IF,1224,1219.0,1 - 1,Musan Salama,1119,1124.0,1,1,Finland,domestic league (tier 2)
2020/10/10,Ykkönen,0,Ekenäs IF,1217,1226.0,3 - 0,MP Mikkeli,1121,1112.0,3,0,Finland,domestic league (tier 2)
2020/10/17,Ykkönen,0,Ekenäs IF,1226,1230.0,4 - 2,SJK Akatemia,993,989.0,4,2,Finland,domestic league (tier 2)
2020/10/31,Ykkönen,0,Ekenäs IF,1240,1230.0,1 - 2,AC Oulu,1324,1334.0,1,2,Finland,domestic league (tier 2)
2021/05/09,Ykkönen,0,Ekenäs IF,1225,1238.0,3 - 1,FF Jaro,1268,1255.0,3,1,Finland,domestic league (tier 2)
2021/05/16,Ykkönen,0,Ekenäs IF,1227,1233.0,3 - 0,Jippo,1059,1053.0,3,0,Finland,domestic league (tier 2)
2021/05/29,Ykkönen,0,Ekenäs IF,1248,1243.0,2 - 2,Musan Salama,1150,1155.0,2,2,Finland,domestic league (tier 2)
2021/06/11,Ykkönen,0,Ekenäs IF,1246,1229.0,1 - 2,Klubi 04,1033,1050.0,1,2,Finland,domestic league (tier 2)
2021/07/17,Ykkönen,0,Ekenäs IF,1229,1234.0,2 - 1,MP Mikkeli,1140,1135.0,2,1,Finland,domestic league (tier 2)
2021/07/28,Ykkönen,0,Ekenäs IF,1215,1214.0,0 - 0,PK-35 Vantaa,1282,1283.0,0,0,Finland,domestic league (tier 2)
2021/08/07,Ykkönen,0,Ekenäs IF,1235,1244.0,3 - 2,Rovaniemi PS,1296,1287.0,3,2,Finland,domestic league (tier 2)
2021/08/11,Ykkönen,0,Ekenäs IF,1244,1240.0,1 - 1,KPV Kokkola,1190,1194.0,1,1,Finland,domestic league (tier 2)
2021/08/14,Ykkönen,0,Ekenäs IF,1240,1249.0,2 - 0,IF Gnistan,1184,1175.0,2,0,Finland,domestic league (tier 2)
2021/08/28,Ykkönen,0,Ekenäs IF,1234,1224.0,1 - 2,TPS Turku,1335,1345.0,1,2,Finland,domestic league (tier 2)
2021/09/19,Ykkönen,0,Ekenäs IF,1237,1226.0,2 - 3,Vaasan PS,1296,1307.0,2,3,Finland,domestic league (tier 2)
2021/10/02,Ykkönen,0,Ekenäs IF,1218,1206.0,0 - 1,FF Jaro,1255,1267.0,0,1,Finland,domestic league (tier 2)
2021/10/23,Ykkönen,0,Ekenäs IF,1227,1235.0,2 - 0,IF Gnistan,1155,1147.0,2,0,Finland,domestic league (tier 2)
2022/04/18,Ykkönen,0,Ekenäs IF,1254,1239.0,1 - 3,TPS Turku,1351,1366.0,1,3,Finland,domestic league (tier 2)
2022/04/23,Ykkönen,0,Ekenäs IF,1239,1241.0,2 - 1,PEPO Lappeenranta,976,974.0,2,1,Finland,domestic league (tier 2)
2022/05/08,Ykkönen,0,Ekenäs IF,1242,1251.0,2 - 1,FF Jaro,1298,1289.0,2,1,Finland,domestic league (tier 2)
2022/05/21,Ykkönen,0,Ekenäs IF,1236,1242.0,2 - 1,PK-35 Vantaa,1179,1173.0,2,1,Finland,domestic league (tier 2)
2022/06/05,Ykkönen,0,Ekenäs IF,1244,1238.0,2 - 2,MP Mikkeli,1123,1129.0,2,2,Finland,domestic league (tier 2)
2022/06/18,Ykkönen,0,Ekenäs IF,1243,1251.0,5 - 0,SJK Akatemia,1108,1100.0,5,0,Finland,domestic league (tier 2)
2022/07/06,Ykkönen,0,Ekenäs IF,1246,1224.0,0 - 2,IF Gnistan,1156,1178.0,0,2,Finland,domestic league (tier 2)
2022/07/16,Ykkönen,0,Ekenäs IF,1228,1199.0,0 - 3,JäPS,1042,1071.0,0,3,Finland,domestic league (tier 2)
2022/07/30,Ykkönen,0,Ekenäs IF,1186,1201.0,2 - 0,KTP,1288,1273.0,2,0,Finland,domestic league (tier 2)
2022/08/13,Ykkönen,0,Ekenäs IF,1201,1206.0,4 - 0,Pargas IF,960,955.0,4,0,Finland,domestic league (tier 2)
2022/09/03,Ykkönen,0,Ekenäs IF,1228,1203.0,0 - 3,KPV Kokkola,1172,1197.0,0,3,Finland,domestic league (tier 2)
2022/09/25,Ykkönen,0,Ekenäs IF,1210,1218.0,4 - 0,JäPS,1087,1079.0,4,0,Finland,domestic league (tier 2)
2022/10/02,Ykkönen,0,Ekenäs IF,1218,1207.0,1 - 2,KTP,1291,1302.0,1,2,Finland,domestic league (tier 2)
2023/04/15,Ykkönen,0,Ekenäs IF,1196,1207.0,2 - 1,TPS Turku,1330,1319.0,2,1,Finland,domestic league (tier 2)
2023/04/29,Ykkönen,0,Ekenäs IF,1224,1239.0,3 - 0,FF Jaro,1272,1257.0,3,0,Finland,domestic league (tier 2)
2023/05/13,Ykkönen,0,Ekenäs IF,1241,1245.0,2 - 1,SJK Akatemia,1094,1090.0,2,1,Finland,domestic league (tier 2)
2023/05/27,Ykkönen,0,Ekenäs IF,1253,1260.0,3 - 0,JJK Jyväskylä,1127,1120.0,3,0,Finland,domestic league (tier 2)
2023/06/07,Ykkönen,0,Ekenäs IF,1264,1261.0,0 - 0,Helsingfors IFK,1267,1270.0,0,0,Finland,domestic league (tier 2)
2023/07/09,Ykkönen,0,Ekenäs IF,1239,1232.0,2 - 2,JäPS,1045,1052.0,2,2,Finland,domestic league (tier 2)
2023/07/15,Ykkönen,0,Ekenäs IF,1232,1240.0,1 - 0,IF Gnistan,1271,1263.0,1,0,Finland,domestic league (tier 2)
2023/07/29,Ykkönen,0,Ekenäs IF,1260,1263.0,1 - 0,SalPa,1056,1053.0,1,0,Finland,domestic league (tier 2)
2023/08/12,Ykkönen,0,Ekenäs IF,1263,1265.0,2 - 1,KäPa,1019,1017.0,2,1,Finland,domestic league (tier 2)
2023/08/27,Ykkönen,0,Ekenäs IF,1294,1299.0,2 - 1,MP Mikkeli,1216,1211.0,2,1,Finland,domestic league (tier 2)
2023/09/17,Ykkönen,0,Ekenäs IF,1307,1314.0,2 - 0,Helsingfors IFK,1210,1203.0,2,0,Finland,domestic league (tier 2)
2023/09/27,Ykkönen,0,Ekenäs IF,1328,1332.0,1 - 0,SJK Akatemia,1162,1158.0,1,0,Finland,domestic league (tier 2)
2023/10/07,Ykkönen,0,Ekenäs IF,1348,1343.0,3 - 3,IF Gnistan,1279,1284.0,3,3,Finland,domestic league (tier 2)
2024/02/11,Finland League Cup,0,Ekenäs IF,1338,1327.0,1 - 3,Inter Turku,1452,1463.0,1,3,Finland,domestic cup
2024/02/24,Finland League Cup,0,Ekenäs IF,1338,1319.0,2 - 5,IF Gnistan,1285,1304.0,2,5,Finland,domestic cup
2024/04/21,Veikkausliiga,0,Ekenäs IF,1309,1311.0,1 - 1,AC Oulu,1464,1462.0,1,1,Finland,domestic league (tier 1)
2024/05/12,Veikkausliiga,0,Ekenäs IF,1312,1301.0,0 - 2,Ilves Tampere,1503,1514.0,0,2,Finland,domestic league (tier 1)
2024/05/19,Veikkausliiga,0,Ekenäs IF,1301,1301.0,1 - 1,FC Lahti,1392,1392.0,1,1,Finland,domestic league (tier 1)
2024/06/02,Veikkausliiga,0,Ekenäs IF,1299,1294.0,1 - 2,Vaasan PS,1608,1613.0,1,2,Finland,domestic league (tier 1)
2024/06/08,Veikkausliiga,0,Ekenäs IF,1294,1303.0,1 - 0,IF Gnistan,1343,1334.0,1,0,Finland,domestic league (tier 1)
2024/06/19,Veikkausliiga,0,Ekenäs IF,1298,1288.0,1 - 2,IFK Mariehamn,1403,1413.0,1,2,Finland,domestic league (tier 1)
2024/06/26,Finland Cup,0,Ekenäs IF,1288,1294.0,0 - 0,HJK Helsinki,1639,1633.0,0,0,Finland,domestic cup
2024/07/03,Finland Cup,0,Ekenäs IF,1308,1302.0,0 - 2,Kuopion PS,1662,1668.0,0,2,Finland,domestic cup
2024/07/14,Veikkausliiga,0,Ekenäs IF,1320,1302.0,0 - 7,Inter Turku,1497,1515.0,0,7,Finland,domestic league (tier 1)
2024/07/28,Veikkausliiga,0,Ekenäs IF,1296,1292.0,1 - 2,Kuopion PS,1657,1661.0,1,2,Finland,domestic league (tier 1)
2024/08/04,Veikkausliiga,0,Ekenäs IF,1292,1285.0,1 - 2,Haka Valkeakoski,1515,1522.0,1,2,Finland,domestic league (tier 1)
2024/08/18,Veikkausliiga,0,Ekenäs IF,1274,1266.0,0 - 3,HJK Helsinki,1574,1582.0,0,3,Finland,domestic league (tier 1)
2024/09/01,Veikkausliiga,0,Ekenäs IF,1262,1267.0,1 - 1,SJK Seinäjoki,1547,1542.0,1,1,Finland,domestic league (tier 1)
2025/04/23,Ykkönen,0,Ekenäs IF,1267,1271.0,4 - 2,KäPa,1063,1059.0,4,2,Finland,domestic league (tier 2)
2025/04/27,Ykkönen,0,Ekenäs IF,1271,1277.0,4 - 2,JäPS,1131,1125.0,4,2,Finland,domestic league (tier 2)
2025/05/06,Finland Cup,0,Ekenäs IF,1286,1292.0,1 - 1,Inter Turku,1604,1598.0,1,1,Finland,domestic cup
2025/05/10,Ykkönen,0,Ekenäs IF,1292,1275.0,3 - 4,Klubi 04,1103,1120.0,3,4,Finland,domestic league (tier 2)
2025/05/25,Ykkönen,0,Ekenäs IF,1289,1284.0,1 - 1,Jippo,1181,1186.0,1,1,Finland,domestic league (tier 2)
2025/06/06,Ykkönen,0,Ekenäs IF,1290,1279.0,0 - 1,FC Lahti,1356,1367.0,0,1,Finland,domestic league (tier 2)
2025/06/24,Finland Cup,0,Ekenäs IF,1286,1267.0,2 - 4,FF Jaro,1284,1303.0,2,4,Finland,domestic cup
2025/06/27,Ykkönen,0,Ekenäs IF,1267,1275.0,2 - 0,PK-35 Vantaa,1180,1172.0,2,0,Finland,domestic league (tier 2)
2025/07/09,Ykkönen,0,Ekenäs IF,1275,1279.0,4 - 0,SalPa,1001,997.0,4,0,Finland,domestic league (tier 2)
2025/07/13,Ykkönen,0,Ekenäs IF,1279,1284.0,3 - 1,SJK Seinäjoki II,1103,1098.0,3,1,Finland,domestic league (tier 2)
2025/07/25,Ykkönen,0,Ekenäs IF,1273,1255.0,0 - 2,TPS Turku,1311,1329.0,0,2,Finland,domestic league (tier 2)
2025/08/18,Ykkönen,0,Ekenäs IF,1248,1232.0,2 - 3,SJK Seinäjoki II,1110,1126.0,2,3,Finland,domestic league (tier 2)
2025/08/22,Ykkönen,0,Ekenäs IF,1232,1218.0,0 - 2,FC Lahti,1361,1375.0,0,2,Finland,domestic league (tier 2)
2025/09/12,Ykkönen,0,Ekenäs IF,1209,1191.0,2 - 3,SalPa,954,972.0,2,3,Finland,domestic league (tier 2)
2025/09/26,Ykkönen,0,Ekenäs IF,1194,1201.0,4 - 1,KäPa,1051,1044.0,4,1,Finland,domestic league (tier 2)
2025/10/18,Ykkönen,0,Ekenäs IF,1214,1220.0,2 - 1,Klubi 04,1153,1147.0,2,1,Finland,domestic league (tier 2)
2026/04/11,Ykkönen,0,Ekenäs IF,1208,1196.0,1 - 2,Jippo,1221,1233.0,1,2,Finland,domestic league (tier 2)
2026/04/15,Finland Cup,0,Ekenäs IF,1196,1186.0,1 - 2,TPS Turku,1294,1304.0,1,2,Finland,domestic cup
2026/04/19,Ykkönen,0,Ekenäs IF,1186,1192.0,2 - 1,Klubi 04,1124,1118.0,2,1,Finland,domestic league (tier 2)
2026/05/03,Ykkönen,0,Ekenäs IF,1178,1195.0,5 - 2,KTP,1268,1251.0,5,2,Finland,domestic league (tier 2)
2026/05/17,Ykkönen,0,Ekenäs IF,1191,1200.0,3 - 0,SJK Seinäjoki II,1110,1101.0,3,0,Finland,domestic league (tier 2)
2026/05/23,Ykkönen,0,Ekenäs IF,1200,1204.0,1 - 0,KäPa,1049,1045.0,1,0,Finland,domestic league (tier 2)
2026/06/06,Ykkönen,0,Ekenäs IF,1193,1197.0,1 - 0,MP Mikkeli,1065,1061.0,1,0,Finland,domestic league (tier 2)
2026/07/04,Ykkönen,0,Ekenäs IF,1191,1171.0,0 - 3,PK-35 Vantaa,1245,1265.0,0,3,Finland,domestic league (tier 2)
2026/07/18,Ykkönen,0,Ekenäs IF,1165,1152.0,0 - 1,JäPS,1139,1152.0,0,1,Finland,domestic league (tier 2)
2026/07/31,Ykkönen,0,Ekenäs IF,1152,1161.0,2 - 0,Klubi 04,1109,1100.0,2,0,Finland,domestic league (tier 2)
2026/08/22,Ykkönen,0,Ekenäs IF,1185,1175.0,0 - 1,KTP,1296,1306.0,0,1,Finland,domestic league (tier 2)
2026/08/29,Ykkönen,0,Ekenäs IF,1175,1158.0,0 - 2,Jippo,1237,1254.0,0,2,Finland,domestic league (tier 2)
2022/05/07,Finland Cup,0,FC Espoo,1072,1056.0,0 - 4,FC Kiffen 08,1223,1239.0,0,4,Finland,domestic cup
2017/05/13,Ykkönen,0,FC Honka,1443,1436.0,1 - 1,KPV Kokkola,1273,1280.0,1,1,Finland,domestic league (tier 2)
2017/05/29,Ykkönen,0,FC Honka,1441,1445.0,5 - 0,Grankulla IFK,1147,1143.0,5,0,Finland,domestic league (tier 2)
2017/06/03,Ykkönen,0,FC Honka,1445,1452.0,4 - 0,AC Oulu,1278,1271.0,4,0,Finland,domestic league (tier 2)
2017/06/17,Ykkönen,0,FC Honka,1463,1457.0,1 - 1,TPS Turku,1331,1337.0,1,1,Finland,domestic league (tier 2)
2017/07/03,Ykkönen,0,FC Honka,1444,1445.0,3 - 2,IF Gnistan,1033,1032.0,3,2,Finland,domestic league (tier 2)
2017/07/15,Ykkönen,0,FC Honka,1426,1432.0,2 - 0,FF Jaro,1289,1283.0,2,0,Finland,domestic league (tier 2)
2017/07/24,Ykkönen,0,FC Honka,1428,1431.0,3 - 0,Grankulla IFK,1123,1120.0,3,0,Finland,domestic league (tier 2)
2017/08/05,Ykkönen,0,FC Honka,1431,1434.0,3 - 1,OPS Oulu,1176,1173.0,3,1,Finland,domestic league (tier 2)
2017/08/19,Ykkönen,0,FC Honka,1425,1419.0,2 - 2,Haka Valkeakoski,1259,1265.0,2,2,Finland,domestic league (tier 2)
2017/09/03,Ykkönen,0,FC Honka,1403,1411.0,3 - 1,KPV Kokkola,1337,1329.0,3,1,Finland,domestic league (tier 2)
2017/09/09,Ykkönen,0,FC Honka,1411,1415.0,4 - 2,Ekenäs IF,1181,1177.0,4,2,Finland,domestic league (tier 2)
2017/09/30,Ykkönen,0,FC Honka,1429,1435.0,4 - 1,AC Oulu,1268,1262.0,4,1,Finland,domestic league (tier 2)
2017/10/21,Ykkönen,0,FC Honka,1448,1445.0,1 - 1,TPS Turku,1424,1427.0,1,1,Finland,domestic league (tier 2)
2018/04/15,Veikkausliiga,0,FC Honka,1484,1481.0,0 - 0,FC Lahti,1470,1473.0,0,0,Finland,domestic league (tier 1)
2018/04/28,Veikkausliiga,0,FC Honka,1470,1466.0,2 - 2,Inter Turku,1441,1445.0,2,2,Finland,domestic league (tier 1)
2018/05/07,Veikkausliiga,0,FC Honka,1479,1475.0,1 - 1,IFK Mariehamn,1419,1423.0,1,1,Finland,domestic league (tier 1)
2018/05/18,Veikkausliiga,0,FC Honka,1476,1479.0,2 - 1,PS Kemi,1260,1257.0,2,1,Finland,domestic league (tier 1)
2018/06/02,Veikkausliiga,0,FC Honka,1476,1490.0,4 - 1,Ilves Tampere,1504,1490.0,4,1,Finland,domestic league (tier 1)
2018/06/16,Veikkausliiga,0,FC Honka,1493,1502.0,2 - 1,Kuopion PS,1560,1551.0,2,1,Finland,domestic league (tier 1)
2018/06/20,Veikkausliiga,0,FC Honka,1502,1510.0,3 - 1,SJK Seinäjoki,1440,1432.0,3,1,Finland,domestic league (tier 1)
2018/06/30,Veikkausliiga,0,FC Honka,1521,1517.0,2 - 2,Rovaniemi PS,1482,1486.0,2,2,Finland,domestic league (tier 1)
2018/07/08,Veikkausliiga,0,FC Honka,1526,1511.0,0 - 1,Vaasan PS,1454,1469.0,0,1,Finland,domestic league (tier 1)
2018/07/21,Veikkausliiga,0,FC Honka,1507,1513.0,2 - 0,TPS Turku,1374,1368.0,2,0,Finland,domestic league (tier 1)
2018/07/28,Veikkausliiga,0,FC Honka,1513,1505.0,1 - 2,HJK Helsinki,1696,1704.0,1,2,Finland,domestic league (tier 1)
2018/08/11,Veikkausliiga,0,FC Honka,1507,1513.0,3 - 0,TPS Turku,1349,1343.0,3,0,Finland,domestic league (tier 1)
2018/08/25,Veikkausliiga,0,FC Honka,1511,1520.0,2 - 0,FC Lahti,1462,1453.0,2,0,Finland,domestic league (tier 1)
2018/09/17,Veikkausliiga,0,FC Honka,1524,1526.0,2 - 1,PS Kemi,1263,1261.0,2,1,Finland,domestic league (tier 1)
2018/09/29,Veikkausliiga,0,FC Honka,1529,1531.0,0 - 0,HJK Helsinki,1686,1684.0,0,0,Finland,domestic league (tier 1)
2018/10/27,Veikkausliiga,0,FC Honka,1557,1563.0,3 - 1,Vaasan PS,1413,1407.0,3,1,Finland,domestic league (tier 1)
2019/04/15,Veikkausliiga,0,FC Honka,1583,1558.0,1 - 3,IFK Mariehamn,1408,1433.0,1,3,Finland,domestic league (tier 1)
2019/04/25,Veikkausliiga,0,FC Honka,1579,1583.0,3 - 2,Inter Turku,1441,1437.0,3,2,Finland,domestic league (tier 1)
2019/05/11,Veikkausliiga,0,FC Honka,1564,1558.0,1 - 1,Vaasan PS,1427,1433.0,1,1,Finland,domestic league (tier 1)
2019/05/27,Veikkausliiga,0,FC Honka,1567,1573.0,2 - 0,FC Lahti,1421,1415.0,2,0,Finland,domestic league (tier 1)
2019/06/02,Veikkausliiga,0,FC Honka,1573,1556.0,0 - 1,KPV Kokkola,1335,1352.0,0,1,Finland,domestic league (tier 1)
2019/06/25,Veikkausliiga,0,FC Honka,1570,1575.0,1 - 0,Rovaniemi PS,1464,1459.0,1,0,Finland,domestic league (tier 1)
2019/07/06,Veikkausliiga,0,FC Honka,1574,1560.0,1 - 2,Kuopion PS,1542,1556.0,1,2,Finland,domestic league (tier 1)
2019/07/13,Veikkausliiga,0,FC Honka,1560,1565.0,3 - 0,Helsingfors IFK,1368,1363.0,3,0,Finland,domestic league (tier 1)
2019/07/27,Veikkausliiga,0,FC Honka,1552,1540.0,1 - 2,Ilves Tampere,1580,1592.0,1,2,Finland,domestic league (tier 1)
2019/08/10,Veikkausliiga,0,FC Honka,1548,1542.0,0 - 0,SJK Seinäjoki,1424,1430.0,0,0,Finland,domestic league (tier 1)
2019/08/24,Veikkausliiga,0,FC Honka,1532,1521.0,0 - 1,HJK Helsinki,1605,1616.0,0,1,Finland,domestic league (tier 1)
2019/09/21,Veikkausliiga,0,FC Honka,1549,1562.0,3 - 1,HJK Helsinki,1601,1588.0,3,1,Finland,domestic league (tier 1)
2019/10/19,Veikkausliiga,0,FC Honka,1579,1586.0,3 - 0,IFK Mariehamn,1430,1423.0,3,0,Finland,domestic league (tier 1)
2019/11/03,Veikkausliiga,0,FC Honka,1595,1599.0,1 - 0,IFK Mariehamn,1428,1424.0,1,0,Finland,domestic league (tier 1)
2020/07/12,Veikkausliiga,0,FC Honka,1569,1568.0,1 - 1,Kuopion PS,1651,1652.0,1,1,Finland,domestic league (tier 1)
2020/07/18,Veikkausliiga,0,FC Honka,1568,1573.0,3 - 1,TPS Turku,1384,1379.0,3,1,Finland,domestic league (tier 1)
2020/07/22,Veikkausliiga,0,FC Honka,1573,1570.0,1 - 1,Inter Turku,1583,1586.0,1,1,Finland,domestic league (tier 1)
2020/07/26,Veikkausliiga,0,FC Honka,1570,1573.0,1 - 0,Rovaniemi PS,1397,1394.0,1,0,Finland,domestic league (tier 1)
2020/08/10,Veikkausliiga,0,FC Honka,1583,1575.0,0 - 0,SJK Seinäjoki,1324,1332.0,0,0,Finland,domestic league (tier 1)
2020/09/01,Veikkausliiga,0,FC Honka,1584,1568.0,0 - 1,Helsingfors IFK,1438,1454.0,0,1,Finland,domestic league (tier 1)
2020/09/09,Veikkausliiga,0,FC Honka,1568,1575.0,3 - 2,Ilves Tampere,1553,1546.0,3,2,Finland,domestic league (tier 1)
2020/09/20,Veikkausliiga,0,FC Honka,1584,1584.0,0 - 0,HJK Helsinki,1669,1669.0,0,0,Finland,domestic league (tier 1)
2020/09/27,Veikkausliiga,0,FC Honka,1586,1569.0,1 - 2,Haka Valkeakoski,1393,1410.0,1,2,Finland,domestic league (tier 1)
2020/10/15,Veikkausliiga,0,FC Honka,1569,1572.0,1 - 0,IFK Mariehamn,1396,1393.0,1,0,Finland,domestic league (tier 1)
2020/10/22,Veikkausliiga,0,FC Honka,1594,1598.0,2 - 1,FC Lahti,1468,1464.0,2,1,Finland,domestic league (tier 1)
2021/05/03,Veikkausliiga,0,FC Honka,1557,1532.0,0 - 2,IFK Mariehamn,1373,1398.0,0,2,Finland,domestic league (tier 1)
2021/05/14,Veikkausliiga,0,FC Honka,1542,1531.0,1 - 2,Inter Turku,1608,1619.0,1,2,Finland,domestic league (tier 1)
2021/05/29,Veikkausliiga,0,FC Honka,1522,1507.0,0 - 1,SJK Seinäjoki,1418,1433.0,0,1,Finland,domestic league (tier 1)
2021/06/24,Veikkausliiga,0,FC Honka,1504,1509.0,2 - 1,Haka Valkeakoski,1422,1417.0,2,1,Finland,domestic league (tier 1)
2021/07/11,Veikkausliiga,0,FC Honka,1503,1506.0,1 - 0,AC Oulu,1296,1293.0,1,0,Finland,domestic league (tier 1)
2021/07/25,Veikkausliiga,0,FC Honka,1516,1513.0,1 - 1,FC Lahti,1519,1522.0,1,1,Finland,domestic league (tier 1)
2021/08/08,Veikkausliiga,0,FC Honka,1510,1522.0,4 - 1,Ilves Tampere,1506,1494.0,4,1,Finland,domestic league (tier 1)
2021/08/28,Veikkausliiga,0,FC Honka,1525,1500.0,0 - 3,Helsingfors IFK,1456,1481.0,0,3,Finland,domestic league (tier 1)
2021/09/11,Veikkausliiga,0,FC Honka,1500,1504.0,3 - 1,KTP,1271,1267.0,3,1,Finland,domestic league (tier 1)
2021/09/19,Veikkausliiga,0,FC Honka,1504,1508.0,0 - 0,HJK Helsinki,1734,1730.0,0,0,Finland,domestic league (tier 1)
2021/09/22,Veikkausliiga,0,FC Honka,1508,1500.0,0 - 1,Kuopion PS,1689,1697.0,0,1,Finland,domestic league (tier 1)
2021/10/02,Veikkausliiga,0,FC Honka,1503,1497.0,1 - 1,IFK Mariehamn,1381,1387.0,1,1,Finland,domestic league (tier 1)
2021/10/23,Veikkausliiga,0,FC Honka,1476,1455.0,0 - 2,Haka Valkeakoski,1425,1446.0,0,2,Finland,domestic league (tier 1)
2021/10/27,Veikkausliiga,0,FC Honka,1455,1464.0,6 - 1,AC Oulu,1335,1326.0,6,1,Finland,domestic league (tier 1)
2022/02/08,Finland League Cup,0,FC Honka,1478,1476.0,1 - 1,Haka Valkeakoski,1465,1467.0,1,1,Finland,domestic cup
2022/03/19,Finland League Cup,0,FC Honka,1511,1524.0,3 - 1,Inter Turku,1576,1563.0,3,1,Finland,domestic cup
2022/04/07,Veikkausliiga,0,FC Honka,1520,1526.0,3 - 2,Haka Valkeakoski,1493,1487.0,3,2,Finland,domestic league (tier 1)
2022/04/25,Veikkausliiga,0,FC Honka,1525,1539.0,5 - 1,SJK Seinäjoki,1544,1530.0,5,1,Finland,domestic league (tier 1)
2022/05/03,Finland Cup,0,FC Honka,1555,1549.0,1 - 1,Helsingfors IFK,1410,1416.0,1,1,Finland,domestic cup
2022/05/07,Veikkausliiga,0,FC Honka,1549,1557.0,2 - 1,Inter Turku,1561,1553.0,2,1,Finland,domestic league (tier 1)
2022/05/20,Veikkausliiga,0,FC Honka,1545,1541.0,0 - 0,Ilves Tampere,1486,1490.0,0,0,Finland,domestic league (tier 1)
2022/06/18,Veikkausliiga,0,FC Honka,1550,1567.0,2 - 0,Kuopion PS,1699,1682.0,2,0,Finland,domestic league (tier 1)
2022/07/02,Veikkausliiga,0,FC Honka,1576,1569.0,1 - 1,IFK Mariehamn,1373,1380.0,1,1,Finland,domestic league (tier 1)
2022/07/15,Veikkausliiga,0,FC Honka,1560,1569.0,5 - 0,FC Lahti,1436,1427.0,5,0,Finland,domestic league (tier 1)
2022/07/30,Veikkausliiga,0,FC Honka,1581,1588.0,4 - 0,Vaasan PS,1420,1413.0,4,0,Finland,domestic league (tier 1)
2022/08/22,Veikkausliiga,0,FC Honka,1610,1614.0,4 - 1,Helsingfors IFK,1350,1346.0,4,1,Finland,domestic league (tier 1)
2022/08/27,Veikkausliiga,0,FC Honka,1614,1607.0,2 - 2,AC Oulu,1421,1428.0,2,2,Finland,domestic league (tier 1)
2022/09/11,Veikkausliiga,0,FC Honka,1597,1587.0,1 - 2,HJK Helsinki,1683,1693.0,1,2,Finland,domestic league (tier 1)
2022/09/29,Veikkausliiga,0,FC Honka,1587,1602.0,3 - 1,HJK Helsinki,1694,1679.0,3,1,Finland,domestic league (tier 1)
2022/10/06,Veikkausliiga,0,FC Honka,1596,1601.0,2 - 1,Inter Turku,1509,1504.0,2,1,Finland,domestic league (tier 1)
2022/10/16,Veikkausliiga,0,FC Honka,1602,1598.0,1 - 1,Haka Valkeakoski,1541,1545.0,1,1,Finland,domestic league (tier 1)
2023/01/21,Finland League Cup,0,FC Honka,1598,1593.0,0 - 0,IFK Mariehamn,1424,1429.0,0,0,Finland,domestic cup
2023/02/04,Finland League Cup,0,FC Honka,1600,1594.0,1 - 1,KTP,1290,1296.0,1,1,Finland,domestic cup
2023/02/11,Finland League Cup,0,FC Honka,1594,1582.0,0 - 1,Inter Turku,1483,1495.0,0,1,Finland,domestic cup
2023/04/15,Veikkausliiga,0,FC Honka,1568,1564.0,0 - 0,SJK Seinäjoki,1505,1509.0,0,0,Finland,domestic league (tier 1)
2023/05/05,Veikkausliiga,0,FC Honka,1580,1586.0,3 - 0,FC Lahti,1412,1406.0,3,0,Finland,domestic league (tier 1)
2023/05/09,Veikkausliiga,0,FC Honka,1586,1565.0,0 - 2,Haka Valkeakoski,1527,1548.0,0,2,Finland,domestic league (tier 1)
2023/05/13,Veikkausliiga,0,FC Honka,1565,1555.0,0 - 1,Kuopion PS,1653,1663.0,0,1,Finland,domestic league (tier 1)
2023/05/26,Veikkausliiga,0,FC Honka,1572,1554.0,0 - 1,KTP,1301,1319.0,0,1,Finland,domestic league (tier 1)
2023/06/07,Veikkausliiga,0,FC Honka,1547,1551.0,2 - 1,IFK Mariehamn,1382,1378.0,2,1,Finland,domestic league (tier 1)
2023/07/01,Veikkausliiga,0,FC Honka,1556,1556.0,1 - 1,HJK Helsinki,1661,1661.0,1,1,Finland,domestic league (tier 1)
2023/07/30,Veikkausliiga,0,FC Honka,1542,1555.0,4 - 1,AC Oulu,1543,1530.0,4,1,Finland,domestic league (tier 1)
2023/08/13,Veikkausliiga,0,FC Honka,1543,1549.0,1 - 0,Inter Turku,1512,1506.0,1,0,Finland,domestic league (tier 1)
2023/08/23,Finland Cup,0,FC Honka,1557,1560.0,1 - 0,IFK Mariehamn,1385,1382.0,1,0,Finland,domestic cup
2023/08/27,Veikkausliiga,0,FC Honka,1560,1567.0,2 - 0,Ilves Tampere,1468,1461.0,2,0,Finland,domestic league (tier 1)
2023/09/22,Veikkausliiga,0,FC Honka,1584,1561.0,0 - 3,Vaasan PS,1581,1604.0,0,3,Finland,domestic league (tier 1)
2023/09/30,Finland Cup,0,FC Honka,1554,1542.0,1 - 2,Ilves Tampere,1475,1487.0,1,2,Finland,domestic cup
2023/10/21,Veikkausliiga,0,FC Honka,1535,1546.0,3 - 0,Inter Turku,1490,1479.0,3,0,Finland,domestic league (tier 1)
2024/05/08,Finland Cup,0,FC Honka,1546,1527.0,1 - 2,PK-35 Vantaa,1126,1145.0,1,2,Finland,domestic cup
2025/05/28,Finland Cup,0,FC Honka,1527,1509.0,0 - 1,Ekenäs IF,1284,1302.0,0,1,Finland,domestic cup
2026/06/09,Finland Cup,0,FC Honka,1506,1482.0,1 - 7,HJK Helsinki,1568,1592.0,1,7,Finland,domestic cup
2016/07/03,Ykkönen,0,FC Jazz Pori,1152,1132.0,1 - 3,Ekenäs IF,1136,1156.0,1,3,Finland,domestic league (tier 2)
2016/07/09,Ykkönen,0,FC Jazz Pori,1132,1134.0,2 - 2,AC Oulu,1315,1313.0,2,2,Finland,domestic league (tier 2)
2016/07/29,Ykkönen,0,FC Jazz Pori,1129,1116.0,0 - 4,TPS Turku,1330,1343.0,0,4,Finland,domestic league (tier 2)
2016/08/07,Ykkönen,0,FC Jazz Pori,1111,1118.0,3 - 2,Grankulla IFK,1106,1099.0,3,2,Finland,domestic league (tier 2)
2016/08/28,Ykkönen,0,FC Jazz Pori,1118,1130.0,1 - 0,Haka Valkeakoski,1285,1273.0,1,0,Finland,domestic league (tier 2)
2016/09/15,Ykkönen,0,FC Jazz Pori,1150,1153.0,1 - 1,FF Jaro,1362,1359.0,1,1,Finland,domestic league (tier 2)
2016/09/18,Ykkönen,0,FC Jazz Pori,1153,1153.0,1 - 1,KTP,1243,1243.0,1,1,Finland,domestic league (tier 2)
2016/09/25,Ykkönen,0,FC Jazz Pori,1153,1145.0,1 - 2,JJK Jyväskylä,1318,1326.0,1,2,Finland,domestic league (tier 2)
2016/10/22,Ykkönen,0,FC Jazz Pori,1127,1126.0,1 - 1,KPV Kokkola,1194,1195.0,1,1,Finland,domestic league (tier 2)
2022/04/09,Finland Cup,0,FC Jazz Pori,1113,1109.0,2 - 2,Musan Salama,1083,1087.0,2,2,Finland,domestic cup
2023/05/31,Finland Cup,0,FC Jazz Pori,1109,1089.0,0 - 2,VIFK Vaasa,1082,1102.0,0,2,Finland,domestic cup
2024/05/09,Finland Cup,0,FC Jazz Pori,1089,1091.0,1 - 1,TPS Turku,1247,1245.0,1,1,Finland,domestic cup
2025/05/28,Finland Cup,0,FC Jazz Pori,1091,1100.0,3 - 2,GBK Kokkola,1162,1153.0,3,2,Finland,domestic cup
2025/06/11,Finland Cup,0,FC Jazz Pori,1100,1097.0,2 - 6,Kuopion PS,1640,1643.0,2,6,Finland,domestic cup
2025/05/06,Finland Cup,0,FC Kiffen 08,1239,1205.0,0 - 6,JäPS,1106,1140.0,0,6,Finland,domestic cup
2024/06/16,Finland Cup,0,FC Kuusysi,1315,1283.0,0 - 4,KPV Kokkola,1118,1150.0,0,4,Finland,domestic cup
2025/04/16,Finland Cup,0,FC Kuusysi,1283,1260.0,1 - 5,KTP,1299,1322.0,1,5,Finland,domestic cup
2016/07/03,Veikkausliiga,0,FC Lahti,1463,1459.0,0 - 0,Kuopion PS,1423,1427.0,0,0,Finland,domestic league (tier 1)
2016/07/17,Veikkausliiga,0,FC Lahti,1452,1440.0,1 - 2,Rovaniemi PS,1497,1509.0,1,2,Finland,domestic league (tier 1)
2016/07/31,Veikkausliiga,0,FC Lahti,1432,1431.0,1 - 1,IFK Mariehamn,1513,1514.0,1,1,Finland,domestic league (tier 1)
2016/08/10,Veikkausliiga,0,FC Lahti,1438,1444.0,3 - 2,Ilves Tampere,1398,1392.0,3,2,Finland,domestic league (tier 1)
2016/08/21,Veikkausliiga,0,FC Lahti,1444,1429.0,1 - 2,Inter Turku,1349,1364.0,1,2,Finland,domestic league (tier 1)
2016/09/09,Veikkausliiga,0,FC Lahti,1419,1426.0,2 - 0,PK-35 Vantaa,1324,1317.0,2,0,Finland,domestic league (tier 1)
2016/09/16,Veikkausliiga,0,FC Lahti,1456,1454.0,1 - 1,Kuopion PS,1474,1476.0,1,1,Finland,domestic league (tier 1)
2016/09/26,Veikkausliiga,0,FC Lahti,1469,1465.0,0 - 0,Helsingfors IFK,1403,1407.0,0,0,Finland,domestic league (tier 1)
2016/10/02,Veikkausliiga,0,FC Lahti,1465,1462.0,0 - 0,Ilves Tampere,1451,1454.0,0,0,Finland,domestic league (tier 1)
2016/10/17,Veikkausliiga,0,FC Lahti,1468,1450.0,0 - 2,IFK Mariehamn,1493,1511.0,0,2,Finland,domestic league (tier 1)
2017/04/29,Veikkausliiga,0,FC Lahti,1437,1431.0,1 - 1,JJK Jyväskylä,1288,1294.0,1,1,Finland,domestic league (tier 1)
2017/05/06,Veikkausliiga,0,FC Lahti,1431,1441.0,1 - 0,SJK Seinäjoki,1535,1525.0,1,0,Finland,domestic league (tier 1)
2017/05/19,Veikkausliiga,0,FC Lahti,1434,1422.0,1 - 2,Kuopion PS,1464,1476.0,1,2,Finland,domestic league (tier 1)
2017/05/27,Veikkausliiga,0,FC Lahti,1444,1446.0,0 - 0,HJK Helsinki,1632,1630.0,0,0,Finland,domestic league (tier 1)
2017/06/03,Veikkausliiga,0,FC Lahti,1448,1447.0,0 - 0,Vaasan PS,1505,1506.0,0,0,Finland,domestic league (tier 1)
2017/06/16,Veikkausliiga,0,FC Lahti,1447,1444.0,0 - 0,Ilves Tampere,1447,1450.0,0,0,Finland,domestic league (tier 1)
2017/06/27,Veikkausliiga,0,FC Lahti,1445,1454.0,4 - 1,Helsingfors IFK,1350,1341.0,4,1,Finland,domestic league (tier 1)
2017/07/04,Veikkausliiga,0,FC Lahti,1465,1470.0,1 - 0,PS Kemi,1362,1357.0,1,0,Finland,domestic league (tier 1)
2017/07/16,Veikkausliiga,0,FC Lahti,1470,1466.0,1 - 1,Rovaniemi PS,1421,1425.0,1,1,Finland,domestic league (tier 1)
2017/07/29,Veikkausliiga,0,FC Lahti,1469,1482.0,6 - 2,IFK Mariehamn,1469,1456.0,6,2,Finland,domestic league (tier 1)
2017/08/10,Veikkausliiga,0,FC Lahti,1488,1494.0,1 - 0,Inter Turku,1428,1422.0,1,0,Finland,domestic league (tier 1)
2017/08/26,Veikkausliiga,0,FC Lahti,1507,1490.0,0 - 1,PS Kemi,1331,1348.0,0,1,Finland,domestic league (tier 1)
2017/09/11,Veikkausliiga,0,FC Lahti,1500,1497.0,1 - 1,Kuopion PS,1483,1486.0,1,1,Finland,domestic league (tier 1)
2017/09/24,Veikkausliiga,0,FC Lahti,1518,1512.0,1 - 1,Rovaniemi PS,1395,1401.0,1,1,Finland,domestic league (tier 1)
2017/10/12,Veikkausliiga,0,FC Lahti,1504,1490.0,0 - 1,IFK Mariehamn,1466,1480.0,0,1,Finland,domestic league (tier 1)
2017/10/28,Veikkausliiga,0,FC Lahti,1476,1480.0,2 - 1,Helsingfors IFK,1347,1343.0,2,1,Finland,domestic league (tier 1)
2018/04/08,Veikkausliiga,0,FC Lahti,1464,1470.0,3 - 2,TPS Turku,1412,1406.0,3,2,Finland,domestic league (tier 1)
2018/04/21,Veikkausliiga,0,FC Lahti,1473,1485.0,2 - 0,Ilves Tampere,1502,1490.0,2,0,Finland,domestic league (tier 1)
2018/05/07,Veikkausliiga,0,FC Lahti,1495,1501.0,1 - 0,SJK Seinäjoki,1467,1461.0,1,0,Finland,domestic league (tier 1)
2018/05/18,Veikkausliiga,0,FC Lahti,1501,1497.0,0 - 0,Rovaniemi PS,1459,1463.0,0,0,Finland,domestic league (tier 1)
2018/05/26,Veikkausliiga,0,FC Lahti,1508,1503.0,1 - 1,Vaasan PS,1414,1419.0,1,1,Finland,domestic league (tier 1)
2018/06/12,Veikkausliiga,0,FC Lahti,1499,1496.0,1 - 1,FC Honka,1490,1493.0,1,1,Finland,domestic league (tier 1)
2018/06/25,Veikkausliiga,0,FC Lahti,1498,1507.0,1 - 0,Kuopion PS,1552,1543.0,1,0,Finland,domestic league (tier 1)
2018/06/29,Veikkausliiga,0,FC Lahti,1507,1520.0,2 - 1,HJK Helsinki,1696,1683.0,2,1,Finland,domestic league (tier 1)
2018/07/07,Veikkausliiga,0,FC Lahti,1510,1495.0,1 - 2,Inter Turku,1427,1442.0,1,2,Finland,domestic league (tier 1)
2018/07/22,Veikkausliiga,0,FC Lahti,1474,1481.0,2 - 0,IFK Mariehamn,1366,1359.0,2,0,Finland,domestic league (tier 1)
2018/08/05,Veikkausliiga,0,FC Lahti,1484,1477.0,1 - 1,PS Kemi,1268,1275.0,1,1,Finland,domestic league (tier 1)
2018/08/12,Veikkausliiga,0,FC Lahti,1477,1474.0,0 - 0,Inter Turku,1475,1478.0,0,0,Finland,domestic league (tier 1)
2018/08/20,Veikkausliiga,0,FC Lahti,1474,1462.0,1 - 2,Rovaniemi PS,1491,1503.0,1,2,Finland,domestic league (tier 1)
2018/08/31,Veikkausliiga,0,FC Lahti,1453,1450.0,1 - 1,Vaasan PS,1437,1440.0,1,1,Finland,domestic league (tier 1)
2018/09/17,Veikkausliiga,0,FC Lahti,1445,1435.0,0 - 2,HJK Helsinki,1661,1671.0,0,2,Finland,domestic league (tier 1)
2018/09/30,Veikkausliiga,0,FC Lahti,1426,1401.0,2 - 5,TPS Turku,1371,1396.0,2,5,Finland,domestic league (tier 1)
2018/10/27,Veikkausliiga,0,FC Lahti,1402,1386.0,1 - 2,PS Kemi,1251,1267.0,1,2,Finland,domestic league (tier 1)
2019/04/07,Veikkausliiga,0,FC Lahti,1394,1395.0,3 - 3,Kuopion PS,1530,1529.0,3,3,Finland,domestic league (tier 1)
2019/04/19,Veikkausliiga,0,FC Lahti,1406,1404.0,1 - 1,Inter Turku,1439,1441.0,1,1,Finland,domestic league (tier 1)
2019/04/30,Veikkausliiga,0,FC Lahti,1400,1398.0,1 - 1,Vaasan PS,1422,1424.0,1,1,Finland,domestic league (tier 1)
2019/05/05,Veikkausliiga,0,FC Lahti,1398,1396.0,1 - 1,SJK Seinäjoki,1416,1418.0,1,1,Finland,domestic league (tier 1)
2019/05/20,Veikkausliiga,0,FC Lahti,1397,1421.0,3 - 0,HJK Helsinki,1623,1599.0,3,0,Finland,domestic league (tier 1)
2019/06/18,Veikkausliiga,0,FC Lahti,1429,1417.0,1 - 2,Rovaniemi PS,1452,1464.0,1,2,Finland,domestic league (tier 1)
2019/06/30,Veikkausliiga,0,FC Lahti,1408,1404.0,0 - 0,Helsingfors IFK,1374,1378.0,0,0,Finland,domestic league (tier 1)
2019/07/14,Veikkausliiga,0,FC Lahti,1396,1409.0,1 - 0,Ilves Tampere,1595,1582.0,1,0,Finland,domestic league (tier 1)
2019/08/04,Veikkausliiga,0,FC Lahti,1431,1436.0,1 - 0,KPV Kokkola,1344,1339.0,1,0,Finland,domestic league (tier 1)
2019/08/19,Veikkausliiga,0,FC Lahti,1430,1440.0,3 - 2,FC Honka,1542,1532.0,3,2,Finland,domestic league (tier 1)
2019/09/01,Veikkausliiga,0,FC Lahti,1427,1415.0,0 - 1,IFK Mariehamn,1440,1452.0,0,1,Finland,domestic league (tier 1)
2019/09/14,Veikkausliiga,0,FC Lahti,1415,1429.0,3 - 0,Rovaniemi PS,1445,1431.0,3,0,Finland,domestic league (tier 1)
2019/09/28,Veikkausliiga,0,FC Lahti,1440,1436.0,2 - 2,Helsingfors IFK,1410,1414.0,2,2,Finland,domestic league (tier 1)
2019/10/06,Veikkausliiga,0,FC Lahti,1436,1411.0,1 - 4,KPV Kokkola,1366,1391.0,1,4,Finland,domestic league (tier 1)
2020/07/01,Veikkausliiga,0,FC Lahti,1415,1401.0,0 - 4,HJK Helsinki,1610,1624.0,0,4,Finland,domestic league (tier 1)
2020/07/08,Veikkausliiga,0,FC Lahti,1401,1396.0,0 - 0,SJK Seinäjoki,1328,1333.0,0,0,Finland,domestic league (tier 1)
2020/08/03,Veikkausliiga,0,FC Lahti,1432,1433.0,0 - 0,FC Honka,1573,1572.0,0,0,Finland,domestic league (tier 1)
2020/08/09,Veikkausliiga,0,FC Lahti,1440,1450.0,3 - 2,Ilves Tampere,1542,1532.0,3,2,Finland,domestic league (tier 1)
2020/08/14,Veikkausliiga,0,FC Lahti,1450,1459.0,3 - 0,Rovaniemi PS,1364,1355.0,3,0,Finland,domestic league (tier 1)
2020/08/31,Veikkausliiga,0,FC Lahti,1454,1455.0,2 - 2,Inter Turku,1583,1582.0,2,2,Finland,domestic league (tier 1)
2020/09/14,Veikkausliiga,0,FC Lahti,1457,1449.0,1 - 2,Kuopion PS,1645,1653.0,1,2,Finland,domestic league (tier 1)
2020/09/17,Veikkausliiga,0,FC Lahti,1449,1444.0,1 - 1,TPS Turku,1353,1358.0,1,1,Finland,domestic league (tier 1)
2020/10/02,Veikkausliiga,0,FC Lahti,1446,1455.0,3 - 1,IFK Mariehamn,1405,1396.0,3,1,Finland,domestic league (tier 1)
2020/10/19,Veikkausliiga,0,FC Lahti,1472,1468.0,0 - 0,Haka Valkeakoski,1416,1420.0,0,0,Finland,domestic league (tier 1)
2020/11/04,Veikkausliiga,0,FC Lahti,1464,1471.0,2 - 1,Helsingfors IFK,1441,1434.0,2,1,Finland,domestic league (tier 1)
2021/05/03,Veikkausliiga,0,FC Lahti,1472,1483.0,2 - 1,Inter Turku,1616,1605.0,2,1,Finland,domestic league (tier 1)
2021/05/11,Veikkausliiga,0,FC Lahti,1483,1470.0,2 - 4,Kuopion PS,1631,1644.0,2,4,Finland,domestic league (tier 1)
2021/05/22,Veikkausliiga,0,FC Lahti,1467,1476.0,1 - 0,FC Honka,1531,1522.0,1,0,Finland,domestic league (tier 1)
2021/06/10,Veikkausliiga,0,FC Lahti,1494,1506.0,3 - 1,Ilves Tampere,1535,1523.0,3,1,Finland,domestic league (tier 1)
2021/06/23,Veikkausliiga,0,FC Lahti,1506,1502.0,0 - 0,Helsingfors IFK,1475,1479.0,0,0,Finland,domestic league (tier 1)
2021/07/04,Veikkausliiga,0,FC Lahti,1508,1514.0,2 - 1,SJK Seinäjoki,1449,1443.0,2,1,Finland,domestic league (tier 1)
2021/07/16,Veikkausliiga,0,FC Lahti,1526,1519.0,1 - 1,IFK Mariehamn,1354,1361.0,1,1,Finland,domestic league (tier 1)
2021/07/30,Veikkausliiga,0,FC Lahti,1522,1526.0,3 - 0,KTP,1286,1282.0,3,0,Finland,domestic league (tier 1)
2021/08/13,Veikkausliiga,0,FC Lahti,1532,1509.0,0 - 2,Haka Valkeakoski,1415,1438.0,0,2,Finland,domestic league (tier 1)
2021/08/23,Veikkausliiga,0,FC Lahti,1509,1503.0,0 - 1,HJK Helsinki,1756,1762.0,0,1,Finland,domestic league (tier 1)
2021/09/18,Veikkausliiga,0,FC Lahti,1493,1487.0,0 - 0,AC Oulu,1346,1352.0,0,0,Finland,domestic league (tier 1)
2021/10/03,Veikkausliiga,0,FC Lahti,1479,1482.0,2 - 1,KTP,1244,1241.0,2,1,Finland,domestic league (tier 1)
2021/10/22,Veikkausliiga,0,FC Lahti,1483,1477.0,0 - 0,AC Oulu,1329,1335.0,0,0,Finland,domestic league (tier 1)
2021/10/31,Veikkausliiga,0,FC Lahti,1496,1482.0,2 - 3,FC Honka,1464,1478.0,2,3,Finland,domestic league (tier 1)
2022/02/12,Finland League Cup,0,FC Lahti,1482,1464.0,0 - 4,FC Honka,1476,1494.0,0,4,Finland,domestic cup
2022/02/23,Finland League Cup,0,FC Lahti,1474,1459.0,0 - 2,Haka Valkeakoski,1465,1480.0,0,2,Finland,domestic cup
2022/04/08,Veikkausliiga,0,FC Lahti,1460,1429.0,0 - 5,Vaasan PS,1342,1373.0,0,5,Finland,domestic league (tier 1)
2022/04/22,Veikkausliiga,0,FC Lahti,1464,1457.0,0 - 1,Kuopion PS,1681,1688.0,0,1,Finland,domestic league (tier 1)
2022/04/29,Veikkausliiga,0,FC Lahti,1457,1441.0,0 - 2,FC Honka,1539,1555.0,0,2,Finland,domestic league (tier 1)
2022/05/12,Veikkausliiga,0,FC Lahti,1456,1459.0,1 - 1,HJK Helsinki,1658,1655.0,1,1,Finland,domestic league (tier 1)
2022/05/22,Veikkausliiga,0,FC Lahti,1456,1434.0,0 - 2,AC Oulu,1378,1400.0,0,2,Finland,domestic league (tier 1)
2022/06/14,Finland Cup,0,FC Lahti,1438,1443.0,4 - 2,Atlantis FC,1271,1266.0,4,2,Finland,domestic cup
2022/06/28,Finland Cup,0,FC Lahti,1429,1430.0,2 - 1,JäPS,1040,1039.0,2,1,Finland,domestic cup
2022/07/02,Veikkausliiga,0,FC Lahti,1430,1441.0,2 - 1,Inter Turku,1562,1551.0,2,1,Finland,domestic league (tier 1)
2022/07/24,Veikkausliiga,0,FC Lahti,1427,1411.0,1 - 3,SJK Seinäjoki,1503,1519.0,1,3,Finland,domestic league (tier 1)
2022/07/29,Veikkausliiga,0,FC Lahti,1411,1410.0,1 - 1,Ilves Tampere,1467,1468.0,1,1,Finland,domestic league (tier 1)
2022/08/08,Veikkausliiga,0,FC Lahti,1410,1406.0,0 - 0,Helsingfors IFK,1359,1363.0,0,0,Finland,domestic league (tier 1)
2022/08/26,Veikkausliiga,0,FC Lahti,1420,1399.0,0 - 2,IFK Mariehamn,1378,1399.0,0,2,Finland,domestic league (tier 1)
2022/08/31,Finland Cup,0,FC Lahti,1399,1393.0,0 - 1,Kuopion PS,1664,1670.0,0,1,Finland,domestic cup
2022/09/11,Veikkausliiga,0,FC Lahti,1397,1387.0,0 - 1,Haka Valkeakoski,1510,1520.0,0,1,Finland,domestic league (tier 1)
2022/09/28,Veikkausliiga,0,FC Lahti,1373,1356.0,0 - 2,Vaasan PS,1415,1432.0,0,2,Finland,domestic league (tier 1)
2022/10/16,Veikkausliiga,0,FC Lahti,1347,1358.0,6 - 1,Helsingfors IFK,1279,1268.0,6,1,Finland,domestic league (tier 1)
2022/10/23,Veikkausliiga rel.,0,FC Lahti,1360,1367.0,2 - 1,TPS Turku,1337,1330.0,2,1,Finland,domestic relegation
2023/01/28,Finland League Cup,0,FC Lahti,1367,1360.0,0 - 2,FC Honka,1593,1600.0,0,2,Finland,domestic cup
2023/02/25,Finland League Cup,0,FC Lahti,1374,1382.0,5 - 1,KTP,1314,1306.0,5,1,Finland,domestic cup
2023/05/13,Veikkausliiga,0,FC Lahti,1406,1401.0,0 - 0,KTP,1307,1312.0,0,0,Finland,domestic league (tier 1)
2023/05/26,Veikkausliiga,0,FC Lahti,1398,1388.0,1 - 2,AC Oulu,1490,1500.0,1,2,Finland,domestic league (tier 1)
2023/05/30,Finland Cup,0,FC Lahti,1388,1372.0,0 - 1,Helsingfors IFK,1255,1271.0,0,1,Finland,domestic cup
2023/06/07,Veikkausliiga,0,FC Lahti,1378,1373.0,1 - 2,HJK Helsinki,1657,1662.0,1,2,Finland,domestic league (tier 1)
2023/07/01,Veikkausliiga,0,FC Lahti,1371,1366.0,3 - 4,Kuopion PS,1661,1666.0,3,4,Finland,domestic league (tier 1)
2023/07/16,Veikkausliiga,0,FC Lahti,1384,1386.0,1 - 1,SJK Seinäjoki,1548,1546.0,1,1,Finland,domestic league (tier 1)
2023/07/23,Veikkausliiga,0,FC Lahti,1386,1367.0,0 - 2,IFK Mariehamn,1388,1407.0,0,2,Finland,domestic league (tier 1)
2023/08/07,Veikkausliiga,0,FC Lahti,1372,1384.0,1 - 0,FC Honka,1555,1543.0,1,0,Finland,domestic league (tier 1)
2023/08/18,Veikkausliiga,0,FC Lahti,1390,1377.0,0 - 2,Vaasan PS,1534,1547.0,0,2,Finland,domestic league (tier 1)
2023/08/30,Veikkausliiga,0,FC Lahti,1373,1364.0,1 - 2,Inter Turku,1497,1506.0,1,2,Finland,domestic league (tier 1)
2023/09/03,Veikkausliiga,0,FC Lahti,1364,1374.0,3 - 2,Ilves Tampere,1461,1451.0,3,2,Finland,domestic league (tier 1)
2023/09/15,Veikkausliiga,0,FC Lahti,1374,1380.0,2 - 1,KTP,1319,1313.0,2,1,Finland,domestic league (tier 1)
2023/09/22,Veikkausliiga,0,FC Lahti,1380,1390.0,2 - 1,AC Oulu,1477,1467.0,2,1,Finland,domestic league (tier 1)
2023/10/21,Veikkausliiga,0,FC Lahti,1385,1367.0,1 - 5,Ilves Tampere,1494,1512.0,1,5,Finland,domestic league (tier 1)
2024/02/03,Finland League Cup,0,FC Lahti,1364,1369.0,2 - 1,Ekenäs IF,1343,1338.0,2,1,Finland,domestic cup
2024/02/23,Finland League Cup,0,FC Lahti,1377,1375.0,1 - 1,IFK Mariehamn,1397,1399.0,1,1,Finland,domestic cup
2024/02/27,Finland League Cup,0,FC Lahti,1375,1394.0,3 - 0,HJK Helsinki,1658,1639.0,3,0,Finland,domestic cup
2024/03/16,Finland League Cup,0,FC Lahti,1394,1387.0,0 - 2,Kuopion PS,1650,1657.0,0,2,Finland,domestic cup
2024/04/20,Veikkausliiga,0,FC Lahti,1388,1388.0,1 - 1,Haka Valkeakoski,1503,1503.0,1,1,Finland,domestic league (tier 1)
2024/04/27,Veikkausliiga,0,FC Lahti,1388,1383.0,0 - 1,Kuopion PS,1659,1664.0,0,1,Finland,domestic league (tier 1)
2024/05/12,Veikkausliiga,0,FC Lahti,1378,1392.0,3 - 0,IFK Mariehamn,1406,1392.0,3,0,Finland,domestic league (tier 1)
2024/05/27,Veikkausliiga,0,FC Lahti,1392,1374.0,0 - 4,SJK Seinäjoki,1515,1533.0,0,4,Finland,domestic league (tier 1)
2024/06/07,Veikkausliiga,0,FC Lahti,1366,1350.0,0 - 2,Inter Turku,1448,1464.0,0,2,Finland,domestic league (tier 1)
2024/06/19,Veikkausliiga,0,FC Lahti,1355,1351.0,3 - 3,IF Gnistan,1324,1328.0,3,3,Finland,domestic league (tier 1)
2024/06/29,Veikkausliiga,0,FC Lahti,1338,1341.0,2 - 2,Ilves Tampere,1531,1528.0,2,2,Finland,domestic league (tier 1)
2024/07/14,Veikkausliiga,0,FC Lahti,1334,1324.0,1 - 2,AC Oulu,1446,1456.0,1,2,Finland,domestic league (tier 1)
2024/08/03,Veikkausliiga,0,FC Lahti,1331,1345.0,2 - 1,HJK Helsinki,1594,1580.0,2,1,Finland,domestic league (tier 1)
2024/08/09,Veikkausliiga,0,FC Lahti,1345,1356.0,4 - 0,Ekenäs IF,1285,1274.0,4,0,Finland,domestic league (tier 1)
2024/08/25,Veikkausliiga,0,FC Lahti,1359,1360.0,0 - 0,Vaasan PS,1505,1504.0,0,0,Finland,domestic league (tier 1)
2024/10/27,Veikkausliiga rel.,0,FC Lahti,1350,1355.0,1 - 0,FF Jaro,1252,1247.0,1,0,Finland,domestic relegation
2025/05/03,Ykkönen,0,FC Lahti,1361,1363.0,1 - 0,SalPa,1038,1036.0,1,0,Finland,domestic league (tier 2)
2025/05/17,Ykkönen,0,FC Lahti,1345,1348.0,1 - 0,SJK Akatemia,1114,1111.0,1,0,Finland,domestic league (tier 2)
2025/05/25,Ykkönen,0,FC Lahti,1349,1352.0,5 - 3,KäPa,1037,1034.0,5,3,Finland,domestic league (tier 2)
2025/06/02,Ykkönen,0,FC Lahti,1352,1356.0,2 - 0,JäPS,1127,1123.0,2,0,Finland,domestic league (tier 2)
2025/06/14,Ykkönen,0,FC Lahti,1367,1370.0,2 - 1,PK-35 Vantaa,1171,1168.0,2,1,Finland,domestic league (tier 2)
2025/06/19,Ykkönen,0,FC Lahti,1370,1373.0,2 - 1,Klubi 04,1177,1174.0,2,1,Finland,domestic league (tier 2)
2025/07/03,Ykkönen,0,FC Lahti,1377,1380.0,3 - 2,Jippo,1164,1161.0,3,2,Finland,domestic league (tier 2)
2025/07/14,Ykkönen,0,FC Lahti,1390,1385.0,2 - 2,TPS Turku,1304,1309.0,2,2,Finland,domestic league (tier 2)
2025/08/02,Ykkönen,0,FC Lahti,1363,1370.0,3 - 1,Ekenäs IF,1255,1248.0,3,1,Finland,domestic league (tier 2)
2025/08/16,Ykkönen,0,FC Lahti,1370,1361.0,2 - 2,KäPa,1009,1018.0,2,2,Finland,domestic league (tier 2)
2025/08/28,Ykkönen,0,FC Lahti,1375,1368.0,2 - 2,Klubi 04,1178,1185.0,2,2,Finland,domestic league (tier 2)
2025/09/14,Ykkönen,0,FC Lahti,1356,1359.0,2 - 1,JäPS,1155,1152.0,2,1,Finland,domestic league (tier 2)
2025/09/27,Ykkönen,0,FC Lahti,1365,1369.0,1 - 0,PK-35 Vantaa,1204,1200.0,1,0,Finland,domestic league (tier 2)
2025/10/03,Ykkönen,0,FC Lahti,1369,1373.0,3 - 0,SJK Seinäjoki II,1134,1130.0,3,0,Finland,domestic league (tier 2)
2026/01/24,Finland League Cup,0,FC Lahti,1373,1387.0,2 - 0,HJK Helsinki,1558,1544.0,2,0,Finland,domestic cup
2026/01/31,Finland League Cup,0,FC Lahti,1387,1394.0,5 - 1,TPS Turku,1302,1295.0,5,1,Finland,domestic cup
2026/04/18,Veikkausliiga,0,FC Lahti,1399,1390.0,0 - 2,Inter Turku,1638,1647.0,0,2,Finland,domestic league (tier 1)
2026/04/25,Veikkausliiga,0,FC Lahti,1390,1400.0,2 - 1,AC Oulu,1475,1465.0,2,1,Finland,domestic league (tier 1)
2026/05/10,Veikkausliiga,0,FC Lahti,1397,1393.0,1 - 1,IFK Mariehamn,1361,1365.0,1,1,Finland,domestic league (tier 1)
2026/05/13,Finland Cup,0,FC Lahti,1393,1395.0,3 - 1,MP Mikkeli,1042,1040.0,3,1,Finland,domestic cup
2026/05/18,Veikkausliiga,0,FC Lahti,1395,1393.0,1 - 1,Vaasan PS,1436,1438.0,1,1,Finland,domestic league (tier 1)
2026/05/30,Veikkausliiga,0,FC Lahti,1402,1427.0,5 - 0,Ilves Tampere,1588,1563.0,5,0,Finland,domestic league (tier 1)
2026/06/13,Veikkausliiga,0,FC Lahti,1420,1409.0,2 - 3,SJK Seinäjoki,1474,1485.0,2,3,Finland,domestic league (tier 1)
2026/06/23,Veikkausliiga,0,FC Lahti,1402,1397.0,0 - 0,TPS Turku,1330,1335.0,0,0,Finland,domestic league (tier 1)
2026/07/04,Veikkausliiga,0,FC Lahti,1402,1410.0,1 - 0,IF Gnistan,1437,1429.0,1,0,Finland,domestic league (tier 1)
2026/07/11,Veikkausliiga,0,FC Lahti,1410,1429.0,2 - 0,HJK Helsinki,1597,1578.0,2,0,Finland,domestic league (tier 1)
2026/08/01,Veikkausliiga,0,FC Lahti,1437,1445.0,2 - 0,FF Jaro,1373,1365.0,2,0,Finland,domestic league (tier 1)
2026/08/16,Veikkausliiga,0,FC Lahti,1452,1444.0,1 - 2,Kuopion PS,1635,1643.0,1,2,Finland,domestic league (tier 1)
2016/07/19,Ykkönen,0,FF Jaro,1326,1306.0,0 - 2,JJK Jyväskylä,1305,1325.0,0,2,Finland,domestic league (tier 2)
2016/07/23,Ykkönen,0,FF Jaro,1306,1300.0,0 - 0,KPV Kokkola,1184,1190.0,0,0,Finland,domestic league (tier 2)
2016/08/07,Ykkönen,0,FF Jaro,1302,1310.0,5 - 0,Ekenäs IF,1157,1149.0,5,0,Finland,domestic league (tier 2)
2016/08/21,Ykkönen,0,FF Jaro,1317,1322.0,2 - 0,FC Jazz Pori,1123,1118.0,2,0,Finland,domestic league (tier 2)
2016/08/28,Ykkönen,0,FF Jaro,1322,1330.0,3 - 2,TPS Turku,1365,1357.0,3,2,Finland,domestic league (tier 2)
2016/09/11,Ykkönen,0,FF Jaro,1353,1362.0,3 - 0,Haka Valkeakoski,1278,1269.0,3,0,Finland,domestic league (tier 2)
2016/10/02,Ykkönen,0,FF Jaro,1361,1368.0,3 - 1,KTP,1243,1236.0,3,1,Finland,domestic league (tier 2)
2016/10/22,Ykkönen,0,FF Jaro,1375,1349.0,2 - 4,Grankulla IFK,1131,1157.0,2,4,Finland,domestic league (tier 2)
2017/05/13,Ykkönen,0,FF Jaro,1363,1356.0,0 - 0,Grankulla IFK,1136,1143.0,0,0,Finland,domestic league (tier 2)
2017/05/25,Ykkönen,0,FF Jaro,1356,1356.0,1 - 1,FC Honka,1441,1441.0,1,1,Finland,domestic league (tier 2)
2017/06/04,Ykkönen,0,FF Jaro,1347,1342.0,2 - 2,Haka Valkeakoski,1254,1259.0,2,2,Finland,domestic league (tier 2)
2017/06/07,Ykkönen,0,FF Jaro,1342,1326.0,2 - 3,OPS Oulu,1199,1215.0,2,3,Finland,domestic league (tier 2)
2017/06/10,Ykkönen,0,FF Jaro,1326,1322.0,1 - 1,AC Oulu,1271,1275.0,1,1,Finland,domestic league (tier 2)
2017/06/27,Ykkönen,0,FF Jaro,1313,1317.0,2 - 1,OPS Oulu,1197,1193.0,2,1,Finland,domestic league (tier 2)
2017/06/30,Ykkönen,0,FF Jaro,1317,1301.0,1 - 2,Ekenäs IF,1149,1165.0,1,2,Finland,domestic league (tier 2)
2017/07/19,Ykkönen,0,FF Jaro,1283,1282.0,1 - 1,KPV Kokkola,1347,1348.0,1,1,Finland,domestic league (tier 2)
2017/07/22,Ykkönen,0,FF Jaro,1282,1266.0,0 - 2,TPS Turku,1358,1374.0,0,2,Finland,domestic league (tier 2)
2017/08/12,Ykkönen,0,FF Jaro,1294,1298.0,2 - 0,IF Gnistan,1057,1053.0,2,0,Finland,domestic league (tier 2)
2017/09/03,Ykkönen,0,FF Jaro,1317,1322.0,5 - 2,Grankulla IFK,1090,1085.0,5,2,Finland,domestic league (tier 2)
2017/09/16,Ykkönen,0,FF Jaro,1325,1315.0,1 - 2,FC Honka,1415,1425.0,1,2,Finland,domestic league (tier 2)
2017/09/30,Ykkönen,0,FF Jaro,1306,1315.0,4 - 2,Haka Valkeakoski,1261,1252.0,4,2,Finland,domestic league (tier 2)
2017/10/14,Ykkönen,0,FF Jaro,1315,1294.0,1 - 3,AC Oulu,1257,1278.0,1,3,Finland,domestic league (tier 2)
2018/05/05,Ykkönen,0,FF Jaro,1302,1283.0,1 - 3,KPV Kokkola,1306,1325.0,1,3,Finland,domestic league (tier 2)
2018/05/26,Ykkönen,0,FF Jaro,1295,1301.0,5 - 0,AC Kajaani,1079,1073.0,5,0,Finland,domestic league (tier 2)
2018/06/02,Ykkönen,0,FF Jaro,1301,1296.0,0 - 0,Ekenäs IF,1226,1231.0,0,0,Finland,domestic league (tier 2)
2018/06/20,Ykkönen,0,FF Jaro,1308,1287.0,0 - 2,Haka Valkeakoski,1258,1279.0,0,2,Finland,domestic league (tier 2)
2018/06/26,Ykkönen,0,FF Jaro,1287,1291.0,3 - 0,Klubi 04,1037,1033.0,3,0,Finland,domestic league (tier 2)
2018/07/09,Ykkönen,0,FF Jaro,1295,1276.0,0 - 3,Helsingfors IFK,1362,1381.0,0,3,Finland,domestic league (tier 2)
2018/07/25,Ykkönen,0,FF Jaro,1276,1269.0,3 - 3,AC Kajaani,1094,1101.0,3,3,Finland,domestic league (tier 2)
2018/07/28,Ykkönen,0,FF Jaro,1269,1246.0,0 - 3,Ekenäs IF,1266,1289.0,0,3,Finland,domestic league (tier 2)
2018/08/11,Ykkönen,0,FF Jaro,1234,1221.0,0 - 1,KTP,1215,1228.0,0,1,Finland,domestic league (tier 2)
2018/08/27,Ykkönen,0,FF Jaro,1215,1220.0,2 - 0,Klubi 04,1038,1033.0,2,0,Finland,domestic league (tier 2)
2018/09/01,Ykkönen,0,FF Jaro,1220,1237.0,3 - 0,KPV Kokkola,1316,1299.0,3,0,Finland,domestic league (tier 2)
2018/09/15,Ykkönen,0,FF Jaro,1253,1264.0,3 - 0,JJK Jyväskylä,1215,1204.0,3,0,Finland,domestic league (tier 2)
2018/10/06,Ykkönen,0,FF Jaro,1275,1256.0,0 - 2,AC Oulu,1291,1310.0,0,2,Finland,domestic league (tier 2)
2018/10/27,Ykkönen,0,FF Jaro,1256,1244.0,1 - 2,Haka Valkeakoski,1284,1296.0,1,2,Finland,domestic league (tier 2)
2019/05/04,Ykkönen,0,FF Jaro,1227,1245.0,3 - 0,Myllykosken Pallo -47,1342,1324.0,3,0,Finland,domestic league (tier 2)
2019/05/25,Ykkönen,0,FF Jaro,1245,1229.0,1 - 3,Haka Valkeakoski,1332,1348.0,1,3,Finland,domestic league (tier 2)
2019/05/30,Ykkönen,0,FF Jaro,1229,1224.0,1 - 1,TPV Tampere,1131,1136.0,1,1,Finland,domestic league (tier 2)
2019/06/16,Ykkönen,0,FF Jaro,1225,1219.0,1 - 1,AC Kajaani,1084,1090.0,1,1,Finland,domestic league (tier 2)
2019/06/19,Ykkönen,0,FF Jaro,1219,1231.0,3 - 0,Ekenäs IF,1215,1203.0,3,0,Finland,domestic league (tier 2)
2019/06/29,Ykkönen,0,FF Jaro,1260,1254.0,3 - 3,Musan Salama,1127,1133.0,3,3,Finland,domestic league (tier 2)
2019/07/06,Ykkönen,0,FF Jaro,1254,1260.0,3 - 2,KTP,1205,1199.0,3,2,Finland,domestic league (tier 2)
2019/07/24,Ykkönen,0,FF Jaro,1267,1275.0,4 - 3,AC Oulu,1279,1271.0,4,3,Finland,domestic league (tier 2)
2019/07/27,Ykkönen,0,FF Jaro,1275,1265.0,1 - 2,TPS Turku,1370,1380.0,1,2,Finland,domestic league (tier 2)
2019/08/17,Ykkönen,0,FF Jaro,1274,1284.0,4 - 1,Ekenäs IF,1207,1197.0,4,1,Finland,domestic league (tier 2)
2019/08/24,Ykkönen,0,FF Jaro,1284,1291.0,2 - 0,Myllykosken Pallo -47,1170,1163.0,2,0,Finland,domestic league (tier 2)
2019/09/14,Ykkönen,0,FF Jaro,1266,1255.0,1 - 3,Haka Valkeakoski,1459,1470.0,1,3,Finland,domestic league (tier 2)
2019/09/21,Ykkönen,0,FF Jaro,1255,1261.0,3 - 1,TPV Tampere,1102,1096.0,3,1,Finland,domestic league (tier 2)
2019/10/20,Ykkönen,0,FF Jaro,1253,1260.0,3 - 0,AC Kajaani,1116,1109.0,3,0,Finland,domestic league (tier 2)
2020/07/12,Ykkönen,0,FF Jaro,1248,1254.0,3 - 0,MP Mikkeli,1068,1062.0,3,0,Finland,domestic league (tier 2)
2020/07/26,Ykkönen,0,FF Jaro,1237,1242.0,1 - 0,Myllykosken Pallo -47,1130,1125.0,1,0,Finland,domestic league (tier 2)
2020/08/05,Ykkönen,0,FF Jaro,1237,1258.0,6 - 1,Vaasan PS,1348,1327.0,6,1,Finland,domestic league (tier 2)
2020/08/16,Ykkönen,0,FF Jaro,1284,1288.0,3 - 0,SJK Akatemia,1003,999.0,3,0,Finland,domestic league (tier 2)
2020/08/23,Ykkönen,0,FF Jaro,1288,1295.0,5 - 2,Musan Salama,1160,1153.0,5,2,Finland,domestic league (tier 2)
2020/09/06,Ykkönen,0,FF Jaro,1298,1290.0,2 - 2,IF Gnistan,1029,1037.0,2,2,Finland,domestic league (tier 2)
2020/09/16,Ykkönen,0,FF Jaro,1298,1306.0,4 - 2,Ekenäs IF,1227,1219.0,4,2,Finland,domestic league (tier 2)
2020/09/25,Ykkönen,0,FF Jaro,1302,1314.0,2 - 0,AC Oulu,1320,1308.0,2,0,Finland,domestic league (tier 2)
2020/10/04,Ykkönen,0,FF Jaro,1333,1318.0,0 - 1,KPV Kokkola,1241,1256.0,0,1,Finland,domestic league (tier 2)
2020/10/17,Ykkönen,0,FF Jaro,1318,1311.0,1 - 1,AC Kajaani,1099,1106.0,1,1,Finland,domestic league (tier 2)
2020/11/08,Ykkönen,0,FF Jaro,1297,1285.0,2 - 3,KTP,1312,1324.0,2,3,Finland,domestic league (tier 2)
2021/05/13,Ykkönen,0,FF Jaro,1255,1260.0,4 - 1,Klubi 04,1030,1025.0,4,1,Finland,domestic league (tier 2)
2021/05/23,Ykkönen,0,FF Jaro,1275,1273.0,1 - 1,Vaasan PS,1302,1304.0,1,1,Finland,domestic league (tier 2)
2021/06/06,Ykkönen,0,FF Jaro,1291,1285.0,2 - 2,IF Gnistan,1159,1165.0,2,2,Finland,domestic league (tier 2)
2021/06/20,Ykkönen,0,FF Jaro,1296,1293.0,1 - 1,PK-35 Vantaa,1301,1304.0,1,1,Finland,domestic league (tier 2)
2021/07/21,Ykkönen,0,FF Jaro,1287,1282.0,0 - 0,Musan Salama,1184,1189.0,0,0,Finland,domestic league (tier 2)
2021/07/24,Ykkönen,0,FF Jaro,1282,1264.0,0 - 2,TPS Turku,1316,1334.0,0,2,Finland,domestic league (tier 2)
2021/08/01,Ykkönen,0,FF Jaro,1257,1252.0,0 - 0,KPV Kokkola,1179,1184.0,0,0,Finland,domestic league (tier 2)
2021/08/22,Ykkönen,0,FF Jaro,1272,1275.0,1 - 0,Jippo,1055,1052.0,1,0,Finland,domestic league (tier 2)
2021/08/25,Ykkönen,0,FF Jaro,1275,1271.0,1 - 1,Ekenäs IF,1230,1234.0,1,1,Finland,domestic league (tier 2)
2021/09/11,Ykkönen,0,FF Jaro,1263,1257.0,2 - 2,MP Mikkeli,1116,1122.0,2,2,Finland,domestic league (tier 2)
2021/09/15,Ykkönen,0,FF Jaro,1257,1246.0,0 - 1,Rovaniemi PS,1318,1329.0,0,1,Finland,domestic league (tier 2)
2021/10/10,Ykkönen,0,FF Jaro,1267,1275.0,2 - 0,IF Gnistan,1177,1169.0,2,0,Finland,domestic league (tier 2)
2021/10/16,Ykkönen,0,FF Jaro,1275,1253.0,3 - 6,Rovaniemi PS,1282,1304.0,3,6,Finland,domestic league (tier 2)
2022/05/15,Ykkönen,0,FF Jaro,1289,1298.0,4 - 0,PK-35 Vantaa,1188,1179.0,4,0,Finland,domestic league (tier 2)
2022/05/29,Ykkönen,0,FF Jaro,1275,1264.0,1 - 2,TPS Turku,1339,1350.0,1,2,Finland,domestic league (tier 2)
2022/06/12,Ykkönen,0,FF Jaro,1254,1232.0,0 - 2,IF Gnistan,1164,1186.0,0,2,Finland,domestic league (tier 2)
2022/06/18,Ykkönen,0,FF Jaro,1232,1230.0,2 - 2,KTP,1244,1246.0,2,2,Finland,domestic league (tier 2)
2022/07/06,Ykkönen,0,FF Jaro,1251,1255.0,3 - 0,PEPO Lappeenranta,987,983.0,3,0,Finland,domestic league (tier 2)
2022/07/10,Ykkönen,0,FF Jaro,1255,1251.0,3 - 3,Ekenäs IF,1224,1228.0,3,3,Finland,domestic league (tier 2)
2022/07/20,Ykkönen,0,FF Jaro,1270,1263.0,1 - 1,SJK Akatemia,1080,1087.0,1,1,Finland,domestic league (tier 2)
2022/07/23,Ykkönen,0,FF Jaro,1263,1269.0,2 - 0,MP Mikkeli,1118,1112.0,2,0,Finland,domestic league (tier 2)
2022/08/07,Ykkönen,0,FF Jaro,1261,1270.0,3 - 0,KPV Kokkola,1181,1172.0,3,0,Finland,domestic league (tier 2)
2022/08/20,Ykkönen,0,FF Jaro,1270,1275.0,3 - 1,JäPS,1074,1069.0,3,1,Finland,domestic league (tier 2)
2022/09/03,Ykkönen,0,FF Jaro,1268,1271.0,4 - 0,Pargas IF,930,927.0,4,0,Finland,domestic league (tier 2)
2022/09/11,Ykkönen,0,FF Jaro,1271,1276.0,2 - 1,KPV Kokkola,1197,1192.0,2,1,Finland,domestic league (tier 2)
2022/09/18,Ykkönen,0,FF Jaro,1276,1287.0,4 - 2,KTP,1293,1282.0,4,2,Finland,domestic league (tier 2)
2022/10/08,Ykkönen,0,FF Jaro,1311,1318.0,2 - 0,Ekenäs IF,1207,1200.0,2,0,Finland,domestic league (tier 2)
2022/10/12,Ykkönen,0,FF Jaro,1318,1322.0,2 - 1,Ekenäs IF,1200,1196.0,2,1,Finland,domestic league (tier 2)
2023/04/22,Ykkönen,0,FF Jaro,1295,1287.0,1 - 1,KäPa,1041,1049.0,1,1,Finland,domestic league (tier 2)
2023/04/26,Finland Cup,0,FF Jaro,1287,1272.0,1 - 2,KPV Kokkola,1179,1194.0,1,2,Finland,domestic cup
2023/05/07,Ykkönen,0,FF Jaro,1257,1255.0,3 - 3,TPS Turku,1294,1296.0,3,3,Finland,domestic league (tier 2)
2023/05/21,Ykkönen,0,FF Jaro,1245,1250.0,1 - 0,KPV Kokkola,1164,1159.0,1,0,Finland,domestic league (tier 2)
2023/07/02,Ykkönen,0,FF Jaro,1207,1205.0,1 - 1,Ekenäs IF,1237,1239.0,1,1,Finland,domestic league (tier 2)
2023/07/19,Ykkönen,0,FF Jaro,1203,1202.0,2 - 2,IF Gnistan,1263,1264.0,2,2,Finland,domestic league (tier 2)
2023/07/22,Ykkönen,0,FF Jaro,1202,1183.0,0 - 2,MP Mikkeli,1211,1230.0,0,2,Finland,domestic league (tier 2)
2023/08/06,Ykkönen,0,FF Jaro,1184,1178.0,1 - 1,JäPS,1049,1055.0,1,1,Finland,domestic league (tier 2)
2023/08/13,Ykkönen,0,FF Jaro,1178,1195.0,3 - 0,Helsingfors IFK,1270,1253.0,3,0,Finland,domestic league (tier 2)
2023/09/02,Ykkönen,0,FF Jaro,1181,1175.0,2 - 2,JJK Jyväskylä,1036,1042.0,2,2,Finland,domestic league (tier 2)
2023/09/17,Ykkönen,0,FF Jaro,1175,1184.0,3 - 1,KPV Kokkola,1118,1109.0,3,1,Finland,domestic league (tier 2)
2023/09/23,Ykkönen,0,FF Jaro,1184,1191.0,3 - 1,SalPa,1092,1085.0,3,1,Finland,domestic league (tier 2)
2023/10/07,Ykkönen,0,FF Jaro,1205,1176.0,1 - 4,KäPa,1034,1063.0,1,4,Finland,domestic league (tier 2)
2024/04/24,Ykkönen,0,FF Jaro,1236,1241.0,4 - 2,KäPa,1051,1046.0,4,2,Finland,domestic league (tier 2)
2024/05/04,Ykkönen,0,FF Jaro,1223,1227.0,2 - 1,SalPa,1094,1090.0,2,1,Finland,domestic league (tier 2)
2024/05/19,Ykkönen,0,FF Jaro,1202,1208.0,2 - 1,PK-35 Vantaa,1143,1137.0,2,1,Finland,domestic league (tier 2)
2024/05/26,Ykkönen,0,FF Jaro,1224,1218.0,0 - 0,JäPS,1083,1089.0,0,0,Finland,domestic league (tier 2)
2024/06/02,Ykkönen,0,FF Jaro,1218,1205.0,0 - 1,TPS Turku,1222,1235.0,0,1,Finland,domestic league (tier 2)
2024/06/12,Ykkönen,0,FF Jaro,1205,1201.0,1 - 1,SJK Akatemia,1163,1167.0,1,1,Finland,domestic league (tier 2)
2024/06/29,Ykkönen,0,FF Jaro,1215,1220.0,1 - 0,Jippo,1103,1098.0,1,0,Finland,domestic league (tier 2)
2024/07/14,Ykkönen,0,FF Jaro,1229,1246.0,5 - 2,KTP,1326,1309.0,5,2,Finland,domestic league (tier 2)
2024/07/24,Ykkönen,0,FF Jaro,1235,1240.0,2 - 0,MP Mikkeli,1035,1030.0,2,0,Finland,domestic league (tier 2)
2024/08/11,Ykkönen,0,FF Jaro,1238,1245.0,5 - 0,JäPS,1081,1074.0,5,0,Finland,domestic league (tier 2)
2024/08/25,Ykkönen,0,FF Jaro,1226,1215.0,1 - 2,KTP,1308,1319.0,1,2,Finland,domestic league (tier 2)
2024/09/01,Ykkönen,0,FF Jaro,1215,1218.0,3 - 2,KäPa,1020,1017.0,3,2,Finland,domestic league (tier 2)
2024/09/22,Ykkönen,0,FF Jaro,1229,1234.0,2 - 1,Jippo,1153,1148.0,2,1,Finland,domestic league (tier 2)
2024/10/19,Ykkönen,0,FF Jaro,1230,1236.0,3 - 0,SalPa,1060,1054.0,3,0,Finland,domestic league (tier 2)
2024/10/23,Veikkausliiga rel.,0,FF Jaro,1236,1252.0,2 - 0,FC Lahti,1366,1350.0,2,0,Finland,domestic relegation
2025/02/01,Finland League Cup,0,FF Jaro,1244,1240.0,1 - 2,SJK Seinäjoki,1545,1549.0,1,2,Finland,domestic cup
2025/02/08,Finland League Cup,0,FF Jaro,1240,1245.0,0 - 0,Kuopion PS,1652,1647.0,0,0,Finland,domestic cup
2025/04/26,Veikkausliiga,0,FF Jaro,1256,1245.0,2 - 3,KTP,1310,1321.0,2,3,Finland,domestic league (tier 1)
2025/05/11,Veikkausliiga,0,FF Jaro,1263,1256.0,0 - 3,HJK Helsinki,1594,1601.0,0,3,Finland,domestic league (tier 1)
2025/05/24,Veikkausliiga,0,FF Jaro,1264,1266.0,1 - 1,IF Gnistan,1442,1440.0,1,1,Finland,domestic league (tier 1)
2025/05/29,Finland Cup,0,FF Jaro,1266,1278.0,5 - 0,Helsingfors IFK,1221,1209.0,5,0,Finland,domestic cup
2025/06/01,Veikkausliiga,0,FF Jaro,1278,1274.0,0 - 1,Inter Turku,1614,1618.0,0,1,Finland,domestic league (tier 1)
2025/06/11,Finland Cup,0,FF Jaro,1274,1278.0,2 - 2,Vaasan PS,1509,1505.0,2,2,Finland,domestic cup
2025/06/18,Veikkausliiga,0,FF Jaro,1274,1284.0,2 - 1,AC Oulu,1365,1355.0,2,1,Finland,domestic league (tier 1)
2025/07/06,Veikkausliiga,0,FF Jaro,1313,1311.0,1 - 1,IFK Mariehamn,1325,1327.0,1,1,Finland,domestic league (tier 1)
2025/07/20,Veikkausliiga,0,FF Jaro,1308,1303.0,0 - 1,Ilves Tampere,1603,1608.0,0,1,Finland,domestic league (tier 1)
2025/07/25,Veikkausliiga,0,FF Jaro,1303,1305.0,2 - 2,Vaasan PS,1472,1470.0,2,2,Finland,domestic league (tier 1)
2025/08/09,Veikkausliiga,0,FF Jaro,1320,1330.0,2 - 1,Haka Valkeakoski,1425,1415.0,2,1,Finland,domestic league (tier 1)
2025/08/18,Veikkausliiga,0,FF Jaro,1330,1316.0,0 - 4,SJK Seinäjoki,1522,1536.0,0,4,Finland,domestic league (tier 1)
2025/08/24,Veikkausliiga,0,FF Jaro,1316,1310.0,1 - 3,Kuopion PS,1643,1649.0,1,3,Finland,domestic league (tier 1)
2025/09/14,Veikkausliiga,0,FF Jaro,1323,1312.0,1 - 2,AC Oulu,1371,1382.0,1,2,Finland,domestic league (tier 1)
2025/09/28,Veikkausliiga,0,FF Jaro,1324,1311.0,2 - 3,IFK Mariehamn,1322,1335.0,2,3,Finland,domestic league (tier 1)
2025/10/03,Veikkausliiga,0,FF Jaro,1311,1320.0,2 - 1,Haka Valkeakoski,1373,1364.0,2,1,Finland,domestic league (tier 1)
2026/02/07,Finland League Cup,0,FF Jaro,1354,1338.0,2 - 6,AC Oulu,1406,1422.0,2,6,Finland,domestic cup
2026/02/14,Finland League Cup,0,FF Jaro,1338,1344.0,1 - 0,Vaasan PS,1391,1385.0,1,0,Finland,domestic cup
2026/04/04,Veikkausliiga,0,FF Jaro,1358,1346.0,0 - 1,FC Lahti,1383,1395.0,0,1,Finland,domestic league (tier 1)
2026/04/18,Veikkausliiga,0,FF Jaro,1367,1372.0,1 - 1,Kuopion PS,1644,1639.0,1,1,Finland,domestic league (tier 1)
2026/05/02,Veikkausliiga,0,FF Jaro,1388,1383.0,2 - 2,TPS Turku,1316,1321.0,2,2,Finland,domestic league (tier 1)
2026/05/23,Veikkausliiga,0,FF Jaro,1361,1374.0,3 - 0,IFK Mariehamn,1369,1356.0,3,0,Finland,domestic league (tier 1)
2026/06/13,Veikkausliiga,0,FF Jaro,1370,1358.0,2 - 5,HJK Helsinki,1592,1604.0,2,5,Finland,domestic league (tier 1)
2026/06/23,Veikkausliiga,0,FF Jaro,1352,1352.0,1 - 1,IF Gnistan,1439,1439.0,1,1,Finland,domestic league (tier 1)
2026/07/04,Veikkausliiga,0,FF Jaro,1344,1357.0,2 - 1,Ilves Tampere,1561,1548.0,2,1,Finland,domestic league (tier 1)
2026/07/19,Veikkausliiga,0,FF Jaro,1357,1363.0,0 - 0,Inter Turku,1676,1670.0,0,0,Finland,domestic league (tier 1)
2026/07/24,Veikkausliiga,0,FF Jaro,1363,1373.0,2 - 1,SJK Seinäjoki,1470,1460.0,2,1,Finland,domestic league (tier 1)
2026/08/08,Veikkausliiga,0,FF Jaro,1365,1350.0,1 - 3,Vaasan PS,1475,1490.0,1,3,Finland,domestic league (tier 1)
2026/08/22,Veikkausliiga,0,FF Jaro,1346,1336.0,0 - 1,AC Oulu,1441,1451.0,0,1,Finland,domestic league (tier 1)
2022/04/13,Finland Cup,0,GBK Kokkola,1182,1165.0,0 - 5,AC Oulu,1329,1346.0,0,5,Finland,domestic cup
2024/05/08,Finland Cup,0,GBK Kokkola,1171,1162.0,0 - 3,AC Oulu,1447,1456.0,0,3,Finland,domestic cup
2026/04/28,Finland Cup,0,GBK Kokkola,1153,1143.0,0 - 2,FF Jaro,1378,1388.0,0,2,Finland,domestic cup
2016/07/10,Ykkönen,0,Grankulla IFK,1115,1107.0,0 - 1,JJK Jyväskylä,1297,1305.0,0,1,Finland,domestic league (tier 2)
2016/07/24,Ykkönen,0,Grankulla IFK,1103,1112.0,3 - 2,Ekenäs IF,1178,1169.0,3,2,Finland,domestic league (tier 2)
2016/08/14,Ykkönen,0,Grankulla IFK,1099,1092.0,2 - 3,FF Jaro,1310,1317.0,2,3,Finland,domestic league (tier 2)
2016/09/04,Ykkönen,0,Grankulla IFK,1110,1128.0,2 - 0,KTP,1277,1259.0,2,0,Finland,domestic league (tier 2)
2016/09/18,Ykkönen,0,Grankulla IFK,1123,1116.0,1 - 2,TPS Turku,1336,1343.0,1,2,Finland,domestic league (tier 2)
2016/10/02,Ykkönen,0,Grankulla IFK,1107,1119.0,1 - 0,Haka Valkeakoski,1274,1262.0,1,0,Finland,domestic league (tier 2)
2016/10/15,Ykkönen,0,Grankulla IFK,1119,1131.0,2 - 0,FC Jazz Pori,1139,1127.0,2,0,Finland,domestic league (tier 2)
2017/05/06,Ykkönen,0,Grankulla IFK,1154,1136.0,0 - 2,OPS Oulu,1189,1207.0,0,2,Finland,domestic league (tier 2)
2017/05/17,Ykkönen,0,Grankulla IFK,1143,1145.0,0 - 0,TPS Turku,1306,1304.0,0,0,Finland,domestic league (tier 2)
2017/06/04,Ykkönen,0,Grankulla IFK,1143,1148.0,2 - 1,IF Gnistan,1057,1052.0,2,1,Finland,domestic league (tier 2)
2017/06/14,Ykkönen,0,Grankulla IFK,1136,1123.0,1 - 3,KPV Kokkola,1286,1299.0,1,3,Finland,domestic league (tier 2)
2017/06/17,Ykkönen,0,Grankulla IFK,1123,1124.0,1 - 1,Haka Valkeakoski,1267,1266.0,1,1,Finland,domestic league (tier 2)
2017/07/09,Ykkönen,0,Grankulla IFK,1114,1126.0,1 - 0,FF Jaro,1301,1289.0,1,0,Finland,domestic league (tier 2)
2017/07/15,Ykkönen,0,Grankulla IFK,1126,1128.0,3 - 3,AC Oulu,1307,1305.0,3,3,Finland,domestic league (tier 2)
2017/07/29,Ykkönen,0,Grankulla IFK,1120,1097.0,1 - 3,IF Gnistan,1018,1041.0,1,3,Finland,domestic league (tier 2)
2017/08/06,Ykkönen,0,Grankulla IFK,1097,1098.0,0 - 0,Ekenäs IF,1215,1214.0,0,0,Finland,domestic league (tier 2)
2017/08/20,Ykkönen,0,Grankulla IFK,1092,1081.0,0 - 3,KPV Kokkola,1328,1339.0,0,3,Finland,domestic league (tier 2)
2017/08/27,Ykkönen,0,Grankulla IFK,1081,1090.0,3 - 2,OPS Oulu,1141,1132.0,3,2,Finland,domestic league (tier 2)
2017/09/10,Ykkönen,0,Grankulla IFK,1085,1078.0,1 - 3,TPS Turku,1386,1393.0,1,3,Finland,domestic league (tier 2)
2017/09/22,Ykkönen,0,Grankulla IFK,1075,1071.0,1 - 2,FC Honka,1425,1429.0,1,2,Finland,domestic league (tier 2)
2017/10/21,Ykkönen,0,Grankulla IFK,1089,1101.0,2 - 1,Haka Valkeakoski,1251,1239.0,2,1,Finland,domestic league (tier 2)
2022/04/10,Finland Cup,0,Grankulla IFK,1091,1080.0,0 - 1,IF Gnistan,1147,1158.0,0,1,Finland,domestic cup
2023/05/17,Finland Cup,0,Grankulla IFK,1080,1081.0,2 - 2,IF Gnistan,1220,1219.0,2,2,Finland,domestic cup
2024/06/16,Finland Cup,0,Grankulla IFK,1081,1089.0,3 - 2,Musan Salama,1093,1085.0,3,2,Finland,domestic cup
2025/04/15,Finland Cup,0,Grankulla IFK,1087,1081.0,1 - 2,IFK Mariehamn,1325,1331.0,1,2,Finland,domestic cup
2016/07/10,Veikkausliiga,0,HJK Helsinki,1629,1632.0,2 - 0,PS Kemi,1353,1350.0,2,0,Finland,domestic league (tier 1)
2016/07/24,Veikkausliiga,0,HJK Helsinki,1635,1638.0,4 - 2,PK-35 Vantaa,1355,1352.0,4,2,Finland,domestic league (tier 1)
2016/08/07,Veikkausliiga,0,HJK Helsinki,1637,1630.0,2 - 2,FC Lahti,1431,1438.0,2,2,Finland,domestic league (tier 1)
2016/08/15,Veikkausliiga,0,HJK Helsinki,1626,1609.0,2 - 3,Kuopion PS,1442,1459.0,2,3,Finland,domestic league (tier 1)
2016/08/24,Veikkausliiga,0,HJK Helsinki,1608,1611.0,2 - 0,PK-35 Vantaa,1339,1336.0,2,0,Finland,domestic league (tier 1)
2016/08/28,Veikkausliiga,0,HJK Helsinki,1611,1615.0,1 - 0,Kuopion PS,1467,1463.0,1,0,Finland,domestic league (tier 1)
2016/09/12,Veikkausliiga,0,HJK Helsinki,1625,1595.0,1 - 4,FC Lahti,1426,1456.0,1,4,Finland,domestic league (tier 1)
2016/09/21,Veikkausliiga,0,HJK Helsinki,1581,1586.0,2 - 1,Rovaniemi PS,1497,1492.0,2,1,Finland,domestic league (tier 1)
2016/10/14,Veikkausliiga,0,HJK Helsinki,1574,1569.0,1 - 1,IFK Mariehamn,1488,1493.0,1,1,Finland,domestic league (tier 1)
2016/10/23,Veikkausliiga,0,HJK Helsinki,1583,1580.0,0 - 0,SJK Seinäjoki,1581,1584.0,0,0,Finland,domestic league (tier 1)
2017/04/05,Veikkausliiga,0,HJK Helsinki,1625,1634.0,5 - 0,Vaasan PS,1501,1492.0,5,0,Finland,domestic league (tier 1)
2017/04/10,Veikkausliiga,0,HJK Helsinki,1634,1639.0,2 - 0,Kuopion PS,1451,1446.0,2,0,Finland,domestic league (tier 1)
2017/04/29,Veikkausliiga,0,HJK Helsinki,1645,1637.0,1 - 1,Inter Turku,1406,1414.0,1,1,Finland,domestic league (tier 1)
2017/05/11,Veikkausliiga,0,HJK Helsinki,1626,1632.0,2 - 0,Ilves Tampere,1486,1480.0,2,0,Finland,domestic league (tier 1)
2017/05/31,Veikkausliiga,0,HJK Helsinki,1630,1640.0,6 - 0,SJK Seinäjoki,1533,1523.0,6,0,Finland,domestic league (tier 1)
2017/06/15,Veikkausliiga,0,HJK Helsinki,1652,1655.0,4 - 0,JJK Jyväskylä,1295,1292.0,4,0,Finland,domestic league (tier 1)
2017/06/22,Veikkausliiga,0,HJK Helsinki,1666,1671.0,2 - 0,IFK Mariehamn,1480,1475.0,2,0,Finland,domestic league (tier 1)
2017/07/23,Veikkausliiga,0,HJK Helsinki,1637,1640.0,3 - 1,PS Kemi,1348,1345.0,3,1,Finland,domestic league (tier 1)
2017/07/31,Veikkausliiga,0,HJK Helsinki,1640,1643.0,2 - 0,Helsingfors IFK,1335,1332.0,2,0,Finland,domestic league (tier 1)
2017/08/06,Veikkausliiga,0,HJK Helsinki,1643,1637.0,0 - 0,FC Lahti,1482,1488.0,0,0,Finland,domestic league (tier 1)
2017/08/14,Veikkausliiga,0,HJK Helsinki,1656,1638.0,0 - 1,Rovaniemi PS,1417,1435.0,0,1,Finland,domestic league (tier 1)
2017/08/27,Veikkausliiga,0,HJK Helsinki,1644,1648.0,1 - 0,Kuopion PS,1480,1476.0,1,0,Finland,domestic league (tier 1)
2017/09/12,Veikkausliiga,0,HJK Helsinki,1663,1665.0,2 - 1,Helsingfors IFK,1338,1336.0,2,1,Finland,domestic league (tier 1)
2017/09/27,Veikkausliiga,0,HJK Helsinki,1687,1690.0,1 - 0,IFK Mariehamn,1461,1458.0,1,0,Finland,domestic league (tier 1)
2017/09/30,Veikkausliiga,0,HJK Helsinki,1690,1693.0,4 - 0,PS Kemi,1343,1340.0,4,0,Finland,domestic league (tier 1)
2017/10/16,Veikkausliiga,0,HJK Helsinki,1703,1708.0,3 - 0,FC Lahti,1490,1485.0,3,0,Finland,domestic league (tier 1)
2017/10/28,Veikkausliiga,0,HJK Helsinki,1715,1697.0,2 - 3,Rovaniemi PS,1406,1424.0,2,3,Finland,domestic league (tier 1)
2018/04/08,Veikkausliiga,0,HJK Helsinki,1700,1704.0,3 - 1,Ilves Tampere,1498,1494.0,3,1,Finland,domestic league (tier 1)
2018/04/21,Veikkausliiga,0,HJK Helsinki,1715,1698.0,1 - 2,Kuopion PS,1516,1533.0,1,2,Finland,domestic league (tier 1)
2018/05/03,Veikkausliiga,0,HJK Helsinki,1699,1682.0,1 - 2,FC Lahti,1478,1495.0,1,2,Finland,domestic league (tier 1)
2018/05/22,Veikkausliiga,0,HJK Helsinki,1672,1677.0,3 - 0,Inter Turku,1456,1451.0,3,0,Finland,domestic league (tier 1)
2018/05/26,Veikkausliiga,0,HJK Helsinki,1677,1680.0,3 - 2,FC Honka,1479,1476.0,3,2,Finland,domestic league (tier 1)
2018/05/29,Veikkausliiga,0,HJK Helsinki,1680,1685.0,4 - 0,SJK Seinäjoki,1445,1440.0,4,0,Finland,domestic league (tier 1)
2018/06/12,Veikkausliiga,0,HJK Helsinki,1692,1695.0,2 - 0,IFK Mariehamn,1413,1410.0,2,0,Finland,domestic league (tier 1)
2018/06/25,Veikkausliiga,0,HJK Helsinki,1691,1696.0,5 - 0,Vaasan PS,1443,1438.0,5,0,Finland,domestic league (tier 1)
2018/07/04,Veikkausliiga,0,HJK Helsinki,1683,1684.0,2 - 0,PS Kemi,1258,1257.0,2,0,Finland,domestic league (tier 1)
2018/07/14,Veikkausliiga,0,HJK Helsinki,1687,1689.0,2 - 1,TPS Turku,1376,1374.0,2,1,Finland,domestic league (tier 1)
2018/08/04,Veikkausliiga,0,HJK Helsinki,1690,1683.0,2 - 2,Rovaniemi PS,1480,1487.0,2,2,Finland,domestic league (tier 1)
2018/08/19,Veikkausliiga,0,HJK Helsinki,1651,1642.0,0 - 0,PS Kemi,1271,1280.0,0,0,Finland,domestic league (tier 1)
2018/09/02,Veikkausliiga,0,HJK Helsinki,1652,1658.0,3 - 0,Inter Turku,1465,1459.0,3,0,Finland,domestic league (tier 1)
2018/09/13,Veikkausliiga,0,HJK Helsinki,1658,1661.0,2 - 0,IFK Mariehamn,1362,1359.0,2,0,Finland,domestic league (tier 1)
2018/09/21,Veikkausliiga,0,HJK Helsinki,1671,1678.0,3 - 0,Rovaniemi PS,1520,1513.0,3,0,Finland,domestic league (tier 1)
2018/10/07,Veikkausliiga,0,HJK Helsinki,1684,1686.0,1 - 0,Vaasan PS,1425,1423.0,1,0,Finland,domestic league (tier 1)
2018/10/21,Veikkausliiga,0,HJK Helsinki,1686,1688.0,1 - 0,SJK Seinäjoki,1418,1416.0,1,0,Finland,domestic league (tier 1)
2019/04/03,Veikkausliiga,0,HJK Helsinki,1671,1674.0,2 - 1,Inter Turku,1443,1440.0,2,1,Finland,domestic league (tier 1)
2019/04/08,Veikkausliiga,0,HJK Helsinki,1674,1676.0,2 - 1,IFK Mariehamn,1410,1408.0,2,1,Finland,domestic league (tier 1)
2019/04/23,Veikkausliiga,0,HJK Helsinki,1671,1662.0,1 - 1,Helsingfors IFK,1326,1335.0,1,1,Finland,domestic league (tier 1)
2019/05/03,Veikkausliiga,0,HJK Helsinki,1638,1633.0,0 - 0,Ilves Tampere,1543,1548.0,0,0,Finland,domestic league (tier 1)
2019/05/11,Veikkausliiga,0,HJK Helsinki,1630,1623.0,2 - 2,SJK Seinäjoki,1418,1425.0,2,2,Finland,domestic league (tier 1)
2019/05/26,Veikkausliiga,0,HJK Helsinki,1599,1602.0,3 - 1,KPV Kokkola,1338,1335.0,3,1,Finland,domestic league (tier 1)
2019/06/19,Veikkausliiga,0,HJK Helsinki,1611,1597.0,0 - 1,FC Honka,1556,1570.0,0,1,Finland,domestic league (tier 1)
2019/06/29,Veikkausliiga,0,HJK Helsinki,1610,1605.0,1 - 1,Kuopion PS,1537,1542.0,1,1,Finland,domestic league (tier 1)
2019/07/27,Veikkausliiga,0,HJK Helsinki,1611,1603.0,1 - 1,Vaasan PS,1362,1370.0,1,1,Finland,domestic league (tier 1)
2019/08/10,Veikkausliiga,0,HJK Helsinki,1621,1627.0,4 - 0,FC Lahti,1436,1430.0,4,0,Finland,domestic league (tier 1)
2019/09/01,Veikkausliiga,0,HJK Helsinki,1616,1609.0,2 - 2,Rovaniemi PS,1438,1445.0,2,2,Finland,domestic league (tier 1)
2019/09/28,Veikkausliiga,0,HJK Helsinki,1588,1595.0,3 - 0,IFK Mariehamn,1437,1430.0,3,0,Finland,domestic league (tier 1)
2019/10/06,Veikkausliiga,0,HJK Helsinki,1595,1581.0,0 - 1,Inter Turku,1540,1554.0,0,1,Finland,domestic league (tier 1)
2019/10/23,Veikkausliiga,0,HJK Helsinki,1573,1567.0,2 - 2,FC Lahti,1412,1418.0,2,2,Finland,domestic league (tier 1)
2019/10/27,Veikkausliiga,0,HJK Helsinki,1567,1551.0,1 - 2,IFK Mariehamn,1421,1437.0,1,2,Finland,domestic league (tier 1)
2020/07/08,Veikkausliiga,0,HJK Helsinki,1624,1631.0,3 - 1,Haka Valkeakoski,1504,1497.0,3,1,Finland,domestic league (tier 1)
2020/07/25,Veikkausliiga,0,HJK Helsinki,1631,1639.0,2 - 0,Ilves Tampere,1551,1543.0,2,0,Finland,domestic league (tier 1)
2020/08/01,Veikkausliiga,0,HJK Helsinki,1639,1637.0,2 - 2,Kuopion PS,1658,1660.0,2,2,Finland,domestic league (tier 1)
2020/08/06,Veikkausliiga,0,HJK Helsinki,1637,1630.0,1 - 1,FC Lahti,1433,1440.0,1,1,Finland,domestic league (tier 1)
2020/08/15,Veikkausliiga,0,HJK Helsinki,1653,1648.0,1 - 1,FC Honka,1575,1580.0,1,1,Finland,domestic league (tier 1)
2020/08/26,Veikkausliiga,0,HJK Helsinki,1665,1667.0,2 - 0,SJK Seinäjoki,1330,1328.0,2,0,Finland,domestic league (tier 1)
2020/08/30,Veikkausliiga,0,HJK Helsinki,1667,1672.0,6 - 1,IFK Mariehamn,1431,1426.0,6,1,Finland,domestic league (tier 1)
2020/09/24,Veikkausliiga,0,HJK Helsinki,1669,1661.0,2 - 2,TPS Turku,1358,1366.0,2,2,Finland,domestic league (tier 1)
2020/09/28,Veikkausliiga,0,HJK Helsinki,1661,1664.0,4 - 0,Rovaniemi PS,1329,1326.0,4,0,Finland,domestic league (tier 1)
2020/10/18,Veikkausliiga,0,HJK Helsinki,1684,1688.0,3 - 0,Helsingfors IFK,1441,1437.0,3,0,Finland,domestic league (tier 1)
2020/11/04,Veikkausliiga,0,HJK Helsinki,1697,1692.0,1 - 1,Inter Turku,1584,1589.0,1,1,Finland,domestic league (tier 1)
2021/04/24,Veikkausliiga,0,HJK Helsinki,1714,1720.0,4 - 2,FC Honka,1563,1557.0,4,2,Finland,domestic league (tier 1)
2021/05/17,Veikkausliiga,0,HJK Helsinki,1730,1733.0,2 - 0,FC Lahti,1470,1467.0,2,0,Finland,domestic league (tier 1)
2021/05/28,Veikkausliiga,0,HJK Helsinki,1740,1741.0,3 - 1,AC Oulu,1298,1297.0,3,1,Finland,domestic league (tier 1)
2021/06/18,Veikkausliiga,0,HJK Helsinki,1749,1752.0,2 - 1,Ilves Tampere,1513,1510.0,2,1,Finland,domestic league (tier 1)
2021/06/24,Veikkausliiga,0,HJK Helsinki,1752,1753.0,2 - 0,KTP,1290,1289.0,2,0,Finland,domestic league (tier 1)
2021/07/24,Veikkausliiga,0,HJK Helsinki,1754,1756.0,2 - 0,Haka Valkeakoski,1404,1402.0,2,0,Finland,domestic league (tier 1)
2021/07/31,Veikkausliiga,0,HJK Helsinki,1757,1749.0,0 - 0,SJK Seinäjoki,1462,1470.0,0,0,Finland,domestic league (tier 1)
2021/08/15,Veikkausliiga,0,HJK Helsinki,1760,1761.0,1 - 0,IFK Mariehamn,1343,1342.0,1,0,Finland,domestic league (tier 1)
2021/08/29,Veikkausliiga,0,HJK Helsinki,1744,1739.0,1 - 1,Kuopion PS,1672,1677.0,1,1,Finland,domestic league (tier 1)
2021/09/22,Veikkausliiga,0,HJK Helsinki,1730,1703.0,0 - 2,Helsingfors IFK,1458,1485.0,0,2,Finland,domestic league (tier 1)
2021/09/26,Veikkausliiga,0,HJK Helsinki,1703,1687.0,0 - 1,Inter Turku,1574,1590.0,0,1,Finland,domestic league (tier 1)
2021/10/03,Veikkausliiga,0,HJK Helsinki,1693,1676.0,2 - 3,SJK Seinäjoki,1480,1497.0,2,3,Finland,domestic league (tier 1)
2021/10/24,Veikkausliiga,0,HJK Helsinki,1665,1670.0,2 - 1,Inter Turku,1587,1582.0,2,1,Finland,domestic league (tier 1)
2021/10/27,Veikkausliiga,0,HJK Helsinki,1670,1673.0,1 - 0,Helsingfors IFK,1476,1473.0,1,0,Finland,domestic league (tier 1)
2022/02/05,Finland League Cup,0,HJK Helsinki,1663,1649.0,2 - 3,IFK Mariehamn,1380,1394.0,2,3,Finland,domestic cup
2022/02/19,Finland League Cup,0,HJK Helsinki,1657,1661.0,2 - 1,Inter Turku,1562,1558.0,2,1,Finland,domestic cup
2022/03/02,Finland League Cup,0,HJK Helsinki,1661,1642.0,1 - 3,FC Honka,1489,1508.0,1,3,Finland,domestic cup
2022/04/02,Veikkausliiga,0,HJK Helsinki,1642,1646.0,1 - 0,FC Honka,1524,1520.0,1,0,Finland,domestic league (tier 1)
2022/04/23,Veikkausliiga,0,HJK Helsinki,1661,1634.0,1 - 4,Inter Turku,1539,1566.0,1,4,Finland,domestic league (tier 1)
2022/05/08,Veikkausliiga,0,HJK Helsinki,1655,1658.0,2 - 1,Ilves Tampere,1484,1481.0,2,1,Finland,domestic league (tier 1)
2022/05/17,Veikkausliiga,0,HJK Helsinki,1655,1658.0,3 - 2,FC Lahti,1459,1456.0,3,2,Finland,domestic league (tier 1)
2022/05/22,Veikkausliiga,0,HJK Helsinki,1658,1663.0,4 - 1,Haka Valkeakoski,1464,1459.0,4,1,Finland,domestic league (tier 1)
2022/06/18,Veikkausliiga,0,HJK Helsinki,1665,1647.0,0 - 1,AC Oulu,1394,1412.0,0,1,Finland,domestic league (tier 1)
2022/07/02,Veikkausliiga,0,HJK Helsinki,1633,1632.0,1 - 1,Kuopion PS,1681,1682.0,1,1,Finland,domestic league (tier 1)
2022/07/16,Veikkausliiga,0,HJK Helsinki,1623,1628.0,3 - 1,Vaasan PS,1426,1421.0,3,1,Finland,domestic league (tier 1)
2022/07/30,Veikkausliiga,0,HJK Helsinki,1628,1630.0,1 - 0,IFK Mariehamn,1388,1386.0,1,0,Finland,domestic league (tier 1)
2022/08/28,Veikkausliiga,0,HJK Helsinki,1683,1687.0,1 - 0,SJK Seinäjoki,1538,1534.0,1,0,Finland,domestic league (tier 1)
2022/09/05,Veikkausliiga,0,HJK Helsinki,1687,1688.0,2 - 1,Helsingfors IFK,1343,1342.0,2,1,Finland,domestic league (tier 1)
2022/09/18,Veikkausliiga,0,HJK Helsinki,1690,1694.0,2 - 1,SJK Seinäjoki,1524,1520.0,2,1,Finland,domestic league (tier 1)
2022/10/02,Veikkausliiga,0,HJK Helsinki,1679,1685.0,3 - 0,Inter Turku,1515,1509.0,3,0,Finland,domestic league (tier 1)
2022/10/16,Veikkausliiga,0,HJK Helsinki,1689,1676.0,0 - 1,Kuopion PS,1664,1677.0,0,1,Finland,domestic league (tier 1)
2023/01/27,Finland League Cup,0,HJK Helsinki,1670,1673.0,3 - 0,IFK Mariehamn,1429,1426.0,3,0,Finland,domestic cup
2023/02/08,Finland League Cup,0,HJK Helsinki,1673,1675.0,5 - 2,FC Lahti,1360,1358.0,5,2,Finland,domestic cup
2023/02/18,Finland League Cup,0,HJK Helsinki,1675,1682.0,4 - 0,FC Honka,1582,1575.0,4,0,Finland,domestic cup
2023/03/18,Finland League Cup,0,HJK Helsinki,1667,1665.0,1 - 1,Kuopion PS,1652,1654.0,1,1,Finland,domestic cup
2023/04/01,Finland League Cup,0,HJK Helsinki,1665,1667.0,2 - 1,AC Oulu,1476,1474.0,2,1,Finland,domestic cup
2023/04/05,Veikkausliiga,0,HJK Helsinki,1667,1674.0,2 - 0,FC Honka,1575,1568.0,2,0,Finland,domestic league (tier 1)
2023/04/19,Veikkausliiga,0,HJK Helsinki,1682,1688.0,4 - 0,Vaasan PS,1478,1472.0,4,0,Finland,domestic league (tier 1)
2023/04/23,Veikkausliiga,0,HJK Helsinki,1688,1681.0,1 - 1,AC Oulu,1490,1497.0,1,1,Finland,domestic league (tier 1)
2023/04/29,Veikkausliiga,0,HJK Helsinki,1681,1687.0,2 - 0,Haka Valkeakoski,1529,1523.0,2,0,Finland,domestic league (tier 1)
2023/05/13,Veikkausliiga,0,HJK Helsinki,1671,1677.0,4 - 1,Inter Turku,1494,1488.0,4,1,Finland,domestic league (tier 1)
2023/05/30,Finland Cup,0,HJK Helsinki,1669,1663.0,1 - 1,FC Honka,1554,1560.0,1,1,Finland,domestic cup
2023/06/03,Veikkausliiga,0,HJK Helsinki,1663,1657.0,0 - 0,SJK Seinäjoki,1541,1547.0,0,0,Finland,domestic league (tier 1)
2023/07/08,Veikkausliiga,0,HJK Helsinki,1661,1643.0,0 - 1,FC Lahti,1366,1384.0,0,1,Finland,domestic league (tier 1)
2023/07/22,Veikkausliiga,0,HJK Helsinki,1644,1648.0,1 - 0,Ilves Tampere,1482,1478.0,1,0,Finland,domestic league (tier 1)
2023/08/05,Veikkausliiga,0,HJK Helsinki,1671,1674.0,4 - 2,IFK Mariehamn,1391,1388.0,4,2,Finland,domestic league (tier 1)
2023/09/03,Veikkausliiga,0,HJK Helsinki,1694,1690.0,2 - 2,Kuopion PS,1652,1656.0,2,2,Finland,domestic league (tier 1)
2023/09/16,Veikkausliiga,0,HJK Helsinki,1690,1695.0,2 - 0,Inter Turku,1512,1507.0,2,0,Finland,domestic league (tier 1)
2023/09/27,Veikkausliiga,0,HJK Helsinki,1695,1702.0,3 - 0,FC Honka,1561,1554.0,3,0,Finland,domestic league (tier 1)
2023/10/21,Veikkausliiga,0,HJK Helsinki,1694,1680.0,1 - 2,Kuopion PS,1643,1657.0,1,2,Finland,domestic league (tier 1)
2024/01/26,Finland League Cup,0,HJK Helsinki,1667,1669.0,1 - 0,IFK Mariehamn,1393,1391.0,1,0,Finland,domestic cup
2024/02/17,Finland League Cup,0,HJK Helsinki,1671,1658.0,1 - 2,Inter Turku,1463,1476.0,1,2,Finland,domestic cup
2024/03/02,Finland League Cup,0,HJK Helsinki,1639,1641.0,4 - 1,Ekenäs IF,1319,1317.0,4,1,Finland,domestic cup
2024/04/11,Veikkausliiga,0,HJK Helsinki,1631,1636.0,4 - 0,FC Lahti,1393,1388.0,4,0,Finland,domestic league (tier 1)
2024/04/20,Veikkausliiga,0,HJK Helsinki,1636,1639.0,2 - 1,IFK Mariehamn,1404,1401.0,2,1,Finland,domestic league (tier 1)
2024/05/04,Veikkausliiga,0,HJK Helsinki,1637,1629.0,0 - 0,Ekenäs IF,1307,1315.0,0,0,Finland,domestic league (tier 1)
2024/05/17,Veikkausliiga,0,HJK Helsinki,1637,1623.0,1 - 2,Vaasan PS,1606,1620.0,1,2,Finland,domestic league (tier 1)
2024/05/22,Veikkausliiga,0,HJK Helsinki,1623,1625.0,1 - 0,IF Gnistan,1333,1331.0,1,0,Finland,domestic league (tier 1)
2024/05/25,Veikkausliiga,0,HJK Helsinki,1625,1620.0,1 - 1,Ilves Tampere,1538,1543.0,1,1,Finland,domestic league (tier 1)
2024/06/07,Veikkausliiga,0,HJK Helsinki,1608,1616.0,4 - 1,SJK Seinäjoki,1509,1501.0,4,1,Finland,domestic league (tier 1)
2024/06/19,Veikkausliiga,0,HJK Helsinki,1626,1639.0,3 - 1,Kuopion PS,1686,1673.0,3,1,Finland,domestic league (tier 1)
2024/07/20,Veikkausliiga,0,HJK Helsinki,1577,1586.0,2 - 0,Haka Valkeakoski,1541,1532.0,2,0,Finland,domestic league (tier 1)
2024/07/27,Veikkausliiga,0,HJK Helsinki,1586,1594.0,3 - 0,AC Oulu,1462,1454.0,3,0,Finland,domestic league (tier 1)
2024/08/25,Veikkausliiga,0,HJK Helsinki,1582,1588.0,1 - 0,Inter Turku,1535,1529.0,1,0,Finland,domestic league (tier 1)
2025/01/11,Finland League Cup,0,HJK Helsinki,1599,1586.0,0 - 1,IF Gnistan,1399,1412.0,0,1,Finland,domestic cup
2025/02/08,Finland League Cup,0,HJK Helsinki,1595,1601.0,3 - 1,Haka Valkeakoski,1501,1495.0,3,1,Finland,domestic cup
2025/02/14,Finland League Cup,0,HJK Helsinki,1601,1603.0,2 - 1,IFK Mariehamn,1343,1341.0,2,1,Finland,domestic cup
2025/03/15,Finland League Cup,0,HJK Helsinki,1610,1620.0,3 - 1,Kuopion PS,1660,1650.0,3,1,Finland,domestic cup
2025/03/29,Finland League Cup,0,HJK Helsinki,1620,1619.0,4 - 4,Inter Turku,1571,1572.0,4,4,Finland,domestic cup
2025/04/22,Veikkausliiga,0,HJK Helsinki,1601,1584.0,0 - 1,IF Gnistan,1411,1428.0,0,1,Finland,domestic league (tier 1)
2025/04/26,Veikkausliiga,0,HJK Helsinki,1584,1591.0,3 - 1,Vaasan PS,1484,1477.0,3,1,Finland,domestic league (tier 1)
2025/05/17,Veikkausliiga,0,HJK Helsinki,1601,1604.0,4 - 1,KTP,1302,1299.0,4,1,Finland,domestic league (tier 1)
2025/05/20,Veikkausliiga,0,HJK Helsinki,1604,1612.0,4 - 2,SJK Seinäjoki,1530,1522.0,4,2,Finland,domestic league (tier 1)
2025/05/28,Finland Cup,0,HJK Helsinki,1622,1623.0,2 - 1,JäPS,1128,1127.0,2,1,Finland,domestic cup
2025/05/31,Veikkausliiga,0,HJK Helsinki,1623,1621.0,0 - 0,Kuopion PS,1638,1640.0,0,0,Finland,domestic league (tier 1)
2025/06/18,Veikkausliiga,0,HJK Helsinki,1633,1639.0,3 - 1,Haka Valkeakoski,1475,1469.0,3,1,Finland,domestic league (tier 1)
2025/07/02,Veikkausliiga,0,HJK Helsinki,1628,1610.0,2 - 3,FF Jaro,1295,1313.0,2,3,Finland,domestic league (tier 1)
2025/07/20,Veikkausliiga,0,HJK Helsinki,1600,1604.0,3 - 1,AC Oulu,1393,1389.0,3,1,Finland,domestic league (tier 1)
2025/08/04,Veikkausliiga,0,HJK Helsinki,1618,1596.0,1 - 4,Inter Turku,1620,1642.0,1,4,Finland,domestic league (tier 1)
2025/08/11,Veikkausliiga,0,HJK Helsinki,1596,1610.0,5 - 1,Ilves Tampere,1610,1596.0,5,1,Finland,domestic league (tier 1)
2025/08/21,Finland Cup,0,HJK Helsinki,1617,1619.0,1 - 0,AC Oulu,1370,1368.0,1,0,Finland,domestic cup
2025/08/24,Veikkausliiga,0,HJK Helsinki,1619,1623.0,8 - 2,IFK Mariehamn,1318,1314.0,8,2,Finland,domestic league (tier 1)
2025/09/20,Finland Cup,0,HJK Helsinki,1630,1640.0,1 - 0,Kuopion PS,1624,1614.0,1,0,Finland,domestic cup
2025/09/29,Veikkausliiga,0,HJK Helsinki,1643,1640.0,2 - 2,Ilves Tampere,1642,1645.0,2,2,Finland,domestic league (tier 1)
2025/10/03,Veikkausliiga,0,HJK Helsinki,1640,1623.0,2 - 3,IF Gnistan,1412,1429.0,2,3,Finland,domestic league (tier 1)
2025/10/22,Veikkausliiga,0,HJK Helsinki,1613,1599.0,3 - 4,SJK Seinäjoki,1569,1583.0,3,4,Finland,domestic league (tier 1)
2025/10/26,Veikkausliiga,0,HJK Helsinki,1599,1597.0,1 - 1,Inter Turku,1623,1625.0,1,1,Finland,domestic league (tier 1)
2025/11/09,Veikkausliiga,0,HJK Helsinki,1586,1571.0,0 - 2,Kuopion PS,1682,1697.0,0,2,Finland,domestic league (tier 1)
2026/01/16,Finland League Cup,0,HJK Helsinki,1571,1558.0,0 - 1,IFK Mariehamn,1349,1362.0,0,1,Finland,domestic cup
2026/02/07,Finland League Cup,0,HJK Helsinki,1561,1565.0,3 - 1,IF Gnistan,1398,1394.0,3,1,Finland,domestic cup
2026/02/21,Finland League Cup,0,HJK Helsinki,1565,1567.0,3 - 1,TPS Turku,1281,1279.0,3,1,Finland,domestic cup
2026/04/04,Veikkausliiga,0,HJK Helsinki,1559,1571.0,3 - 0,SJK Seinäjoki,1539,1527.0,3,0,Finland,domestic league (tier 1)
2026/04/11,Veikkausliiga,0,HJK Helsinki,1571,1556.0,0 - 1,AC Oulu,1474,1489.0,0,1,Finland,domestic league (tier 1)
2026/05/04,Veikkausliiga,0,HJK Helsinki,1580,1583.0,1 - 0,FC Lahti,1400,1397.0,1,0,Finland,domestic league (tier 1)
2026/05/16,Veikkausliiga,0,HJK Helsinki,1578,1576.0,2 - 2,Ilves Tampere,1597,1599.0,2,2,Finland,domestic league (tier 1)
2026/05/30,Veikkausliiga,0,HJK Helsinki,1565,1568.0,1 - 0,IFK Mariehamn,1344,1341.0,1,0,Finland,domestic league (tier 1)
2026/06/17,Veikkausliiga,0,HJK Helsinki,1604,1603.0,3 - 3,Inter Turku,1663,1664.0,3,3,Finland,domestic league (tier 1)
2026/06/27,Veikkausliiga,0,HJK Helsinki,1613,1590.0,0 - 4,Kuopion PS,1624,1647.0,0,4,Finland,domestic league (tier 1)
2026/07/01,Finland Cup,0,HJK Helsinki,1590,1597.0,2 - 1,Ilves Tampere,1568,1561.0,2,1,Finland,domestic cup
2026/07/18,Veikkausliiga,0,HJK Helsinki,1578,1583.0,2 - 1,Vaasan PS,1492,1487.0,2,1,Finland,domestic league (tier 1)
2026/07/26,Veikkausliiga,0,HJK Helsinki,1590,1592.0,1 - 0,TPS Turku,1346,1344.0,1,0,Finland,domestic league (tier 1)
2026/08/16,Veikkausliiga,0,HJK Helsinki,1589,1593.0,3 - 0,FF Jaro,1350,1346.0,3,0,Finland,domestic league (tier 1)
2026/08/23,Veikkausliiga,0,HJK Helsinki,1593,1577.0,2 - 3,IF Gnistan,1477,1493.0,2,3,Finland,domestic league (tier 1)
2022/04/12,Finland Cup,0,HPS Helsinki,1318,1314.0,2 - 2,Atlantis FC,1257,1261.0,2,2,Finland,domestic cup
2023/05/16,Finland Cup,0,HPS Helsinki,1314,1284.0,0 - 6,Atlantis FC,1266,1296.0,0,6,Finland,domestic cup
2025/04/15,Finland Cup,0,HPS Helsinki,1284,1251.0,0 - 4,KäPa,1030,1063.0,0,4,Finland,domestic cup
2026/04/28,Finland Cup,0,HPS Helsinki,1251,1241.0,1 - 2,IFK Mariehamn,1362,1372.0,1,2,Finland,domestic cup
2016/07/10,Ykkönen,0,Haka Valkeakoski,1322,1319.0,1 - 1,FF Jaro,1323,1326.0,1,1,Finland,domestic league (tier 2)
2016/07/30,Ykkönen,0,Haka Valkeakoski,1297,1303.0,3 - 0,Grankulla IFK,1112,1106.0,3,0,Finland,domestic league (tier 2)
2016/08/18,Ykkönen,0,Haka Valkeakoski,1296,1293.0,2 - 2,KTP,1277,1280.0,2,2,Finland,domestic league (tier 2)
2016/09/03,Ykkönen,0,Haka Valkeakoski,1273,1278.0,3 - 2,KPV Kokkola,1182,1177.0,3,2,Finland,domestic league (tier 2)
2016/09/15,Ykkönen,0,Haka Valkeakoski,1269,1276.0,2 - 0,Ekenäs IF,1157,1150.0,2,0,Finland,domestic league (tier 2)
2016/09/25,Ykkönen,0,Haka Valkeakoski,1276,1274.0,1 - 1,AC Oulu,1314,1316.0,1,1,Finland,domestic league (tier 2)
2016/10/15,Ykkönen,0,Haka Valkeakoski,1262,1245.0,2 - 4,JJK Jyväskylä,1310,1327.0,2,4,Finland,domestic league (tier 2)
2017/04/29,Ykkönen,0,Haka Valkeakoski,1269,1253.0,0 - 4,FC Honka,1422,1438.0,0,4,Finland,domestic league (tier 2)
2017/05/11,Ykkönen,0,Haka Valkeakoski,1247,1254.0,2 - 0,Ekenäs IF,1152,1145.0,2,0,Finland,domestic league (tier 2)
2017/05/27,Ykkönen,0,Haka Valkeakoski,1269,1254.0,1 - 2,OPS Oulu,1194,1209.0,1,2,Finland,domestic league (tier 2)
2017/06/10,Ykkönen,0,Haka Valkeakoski,1259,1267.0,1 - 0,KPV Kokkola,1294,1286.0,1,0,Finland,domestic league (tier 2)
2017/06/21,Ykkönen,0,Haka Valkeakoski,1266,1279.0,1 - 0,FC Honka,1457,1444.0,1,0,Finland,domestic league (tier 2)
2017/07/01,Ykkönen,0,Haka Valkeakoski,1279,1255.0,1 - 5,AC Oulu,1285,1309.0,1,5,Finland,domestic league (tier 2)
2017/07/19,Ykkönen,0,Haka Valkeakoski,1246,1249.0,2 - 1,IF Gnistan,1029,1026.0,2,1,Finland,domestic league (tier 2)
2017/07/29,Ykkönen,0,Haka Valkeakoski,1250,1248.0,0 - 0,FF Jaro,1266,1268.0,0,0,Finland,domestic league (tier 2)
2017/08/12,Ykkönen,0,Haka Valkeakoski,1253,1259.0,3 - 1,Grankulla IFK,1098,1092.0,3,1,Finland,domestic league (tier 2)
2017/09/01,Ykkönen,0,Haka Valkeakoski,1279,1284.0,2 - 1,Ekenäs IF,1186,1181.0,2,1,Finland,domestic league (tier 2)
2017/09/14,Ykkönen,0,Haka Valkeakoski,1281,1267.0,0 - 2,TPS Turku,1393,1407.0,0,2,Finland,domestic league (tier 2)
2017/09/19,Ykkönen,0,Haka Valkeakoski,1267,1261.0,2 - 2,OPS Oulu,1147,1153.0,2,2,Finland,domestic league (tier 2)
2017/10/14,Ykkönen,0,Haka Valkeakoski,1252,1251.0,1 - 1,KPV Kokkola,1307,1308.0,1,1,Finland,domestic league (tier 2)
2018/04/28,Ykkönen,0,Haka Valkeakoski,1280,1269.0,1 - 2,Helsingfors IFK,1335,1346.0,1,2,Finland,domestic league (tier 2)
2018/05/16,Ykkönen,0,Haka Valkeakoski,1270,1281.0,2 - 0,AC Oulu,1283,1272.0,2,0,Finland,domestic league (tier 2)
2018/05/24,Ykkönen,0,Haka Valkeakoski,1261,1274.0,3 - 1,KPV Kokkola,1322,1309.0,3,1,Finland,domestic league (tier 2)
2018/06/09,Ykkönen,0,Haka Valkeakoski,1275,1254.0,0 - 2,JJK Jyväskylä,1218,1239.0,0,2,Finland,domestic league (tier 2)
2018/06/14,Ykkönen,0,Haka Valkeakoski,1254,1258.0,3 - 1,Klubi 04,1049,1045.0,3,1,Finland,domestic league (tier 2)
2018/06/30,Ykkönen,0,Haka Valkeakoski,1271,1267.0,1 - 1,Ekenäs IF,1240,1244.0,1,1,Finland,domestic league (tier 2)
2018/07/14,Ykkönen,0,Haka Valkeakoski,1280,1285.0,3 - 1,AC Kajaani,1099,1094.0,3,1,Finland,domestic league (tier 2)
2018/07/28,Ykkönen,0,Haka Valkeakoski,1278,1288.0,3 - 0,KTP,1213,1203.0,3,0,Finland,domestic league (tier 2)
2018/08/17,Ykkönen,0,Haka Valkeakoski,1285,1291.0,1 - 0,FF Jaro,1221,1215.0,1,0,Finland,domestic league (tier 2)
2018/09/06,Ykkönen,0,Haka Valkeakoski,1276,1274.0,2 - 2,AC Oulu,1288,1290.0,2,2,Finland,domestic league (tier 2)
2018/09/20,Ykkönen,0,Haka Valkeakoski,1282,1270.0,1 - 2,KPV Kokkola,1315,1327.0,1,2,Finland,domestic league (tier 2)
2018/10/06,Ykkönen,0,Haka Valkeakoski,1270,1279.0,3 - 0,JJK Jyväskylä,1188,1179.0,3,0,Finland,domestic league (tier 2)
2018/10/20,Ykkönen,0,Haka Valkeakoski,1279,1284.0,5 - 0,Klubi 04,1056,1051.0,5,0,Finland,domestic league (tier 2)
2019/04/27,Ykkönen,0,Haka Valkeakoski,1314,1317.0,1 - 0,TPV Tampere,1143,1140.0,1,0,Finland,domestic league (tier 2)
2019/05/02,Ykkönen,0,Haka Valkeakoski,1317,1324.0,6 - 3,KTP,1166,1159.0,6,3,Finland,domestic league (tier 2)
2019/05/16,Ykkönen,0,Haka Valkeakoski,1327,1332.0,6 - 1,Musan Salama,1103,1098.0,6,1,Finland,domestic league (tier 2)
2019/06/04,Ykkönen,0,Haka Valkeakoski,1362,1368.0,2 - 0,Ekenäs IF,1225,1219.0,2,0,Finland,domestic league (tier 2)
2019/06/13,Ykkönen,0,Haka Valkeakoski,1363,1371.0,2 - 0,Myllykosken Pallo -47,1287,1279.0,2,0,Finland,domestic league (tier 2)
2019/06/29,Ykkönen,0,Haka Valkeakoski,1388,1393.0,2 - 1,AC Oulu,1312,1307.0,2,1,Finland,domestic league (tier 2)
2019/07/13,Ykkönen,0,Haka Valkeakoski,1404,1410.0,2 - 0,FF Jaro,1260,1254.0,2,0,Finland,domestic league (tier 2)
2019/07/27,Ykkönen,0,Haka Valkeakoski,1422,1427.0,6 - 2,Ekenäs IF,1184,1179.0,6,2,Finland,domestic league (tier 2)
2019/08/03,Ykkönen,0,Haka Valkeakoski,1427,1430.0,4 - 2,AC Kajaani,1134,1131.0,4,2,Finland,domestic league (tier 2)
2019/08/15,Ykkönen,0,Haka Valkeakoski,1441,1443.0,3 - 1,TPV Tampere,1095,1093.0,3,1,Finland,domestic league (tier 2)
2019/08/23,Ykkönen,0,Haka Valkeakoski,1443,1448.0,5 - 0,KTP,1201,1196.0,5,0,Finland,domestic league (tier 2)
2019/09/06,Ykkönen,0,Haka Valkeakoski,1455,1459.0,4 - 0,Musan Salama,1165,1161.0,4,0,Finland,domestic league (tier 2)
2019/09/19,Ykkönen,0,Haka Valkeakoski,1470,1455.0,1 - 2,TPS Turku,1389,1404.0,1,2,Finland,domestic league (tier 2)
2019/10/20,Ykkönen,0,Haka Valkeakoski,1468,1470.0,2 - 1,Myllykosken Pallo -47,1178,1176.0,2,1,Finland,domestic league (tier 2)
2020/07/01,Veikkausliiga,0,Haka Valkeakoski,1505,1504.0,1 - 1,FC Honka,1570,1571.0,1,1,Finland,domestic league (tier 1)
2020/07/26,Veikkausliiga,0,Haka Valkeakoski,1497,1482.0,0 - 2,Inter Turku,1586,1601.0,0,2,Finland,domestic league (tier 1)
2020/08/05,Veikkausliiga,0,Haka Valkeakoski,1480,1459.0,0 - 2,Helsingfors IFK,1438,1459.0,0,2,Finland,domestic league (tier 1)
2020/08/14,Veikkausliiga,0,Haka Valkeakoski,1453,1441.0,2 - 4,Kuopion PS,1631,1643.0,2,4,Finland,domestic league (tier 1)
2020/08/18,Veikkausliiga,0,Haka Valkeakoski,1441,1429.0,1 - 4,HJK Helsinki,1648,1660.0,1,4,Finland,domestic league (tier 1)
2020/08/26,Veikkausliiga,0,Haka Valkeakoski,1443,1440.0,2 - 2,FC Lahti,1451,1454.0,2,2,Finland,domestic league (tier 1)
2020/09/01,Veikkausliiga,0,Haka Valkeakoski,1440,1425.0,0 - 2,Ilves Tampere,1538,1553.0,0,2,Finland,domestic league (tier 1)
2020/09/12,Veikkausliiga,0,Haka Valkeakoski,1436,1410.0,1 - 4,SJK Seinäjoki,1349,1375.0,1,4,Finland,domestic league (tier 1)
2020/09/23,Veikkausliiga,0,Haka Valkeakoski,1416,1393.0,0 - 2,Rovaniemi PS,1306,1329.0,0,2,Finland,domestic league (tier 1)
2020/10/16,Veikkausliiga,0,Haka Valkeakoski,1410,1416.0,2 - 1,TPS Turku,1360,1354.0,2,1,Finland,domestic league (tier 1)
2020/11/04,Veikkausliiga,0,Haka Valkeakoski,1437,1423.0,0 - 1,IFK Mariehamn,1371,1385.0,0,1,Finland,domestic league (tier 1)
2021/05/14,Veikkausliiga,0,Haka Valkeakoski,1414,1387.0,0 - 3,KTP,1304,1331.0,0,3,Finland,domestic league (tier 1)
2021/06/10,Veikkausliiga,0,Haka Valkeakoski,1427,1422.0,1 - 2,HJK Helsinki,1741,1746.0,1,2,Finland,domestic league (tier 1)
2021/06/15,Veikkausliiga,0,Haka Valkeakoski,1422,1422.0,1 - 1,FC Lahti,1506,1506.0,1,1,Finland,domestic league (tier 1)
2021/06/30,Veikkausliiga,0,Haka Valkeakoski,1417,1417.0,1 - 1,FC Honka,1509,1509.0,1,1,Finland,domestic league (tier 1)
2021/07/11,Veikkausliiga,0,Haka Valkeakoski,1412,1405.0,0 - 1,Kuopion PS,1636,1643.0,0,1,Finland,domestic league (tier 1)
2021/08/08,Veikkausliiga,0,Haka Valkeakoski,1402,1415.0,1 - 0,Inter Turku,1602,1589.0,1,0,Finland,domestic league (tier 1)
2021/08/20,Veikkausliiga,0,Haka Valkeakoski,1438,1423.0,0 - 1,AC Oulu,1335,1350.0,0,1,Finland,domestic league (tier 1)
2021/09/11,Veikkausliiga,0,Haka Valkeakoski,1412,1397.0,1 - 2,IFK Mariehamn,1338,1353.0,1,2,Finland,domestic league (tier 1)
2021/09/18,Veikkausliiga,0,Haka Valkeakoski,1397,1387.0,0 - 1,Ilves Tampere,1490,1500.0,0,1,Finland,domestic league (tier 1)
2021/09/22,Veikkausliiga,0,Haka Valkeakoski,1387,1406.0,4 - 0,SJK Seinäjoki,1485,1466.0,4,0,Finland,domestic league (tier 1)
2021/09/30,Veikkausliiga,0,Haka Valkeakoski,1417,1431.0,2 - 0,Helsingfors IFK,1492,1478.0,2,0,Finland,domestic league (tier 1)
2021/10/03,Veikkausliiga,0,Haka Valkeakoski,1431,1426.0,0 - 0,AC Oulu,1336,1341.0,0,0,Finland,domestic league (tier 1)
2021/10/16,Veikkausliiga,0,Haka Valkeakoski,1426,1425.0,1 - 1,FC Lahti,1482,1483.0,1,1,Finland,domestic league (tier 1)
2021/10/31,Veikkausliiga,0,Haka Valkeakoski,1457,1465.0,2 - 0,IFK Mariehamn,1388,1380.0,2,0,Finland,domestic league (tier 1)
2022/02/12,Finland League Cup,0,Haka Valkeakoski,1467,1465.0,1 - 1,Ilves Tampere,1490,1492.0,1,1,Finland,domestic cup
2022/02/26,Finland League Cup,0,Haka Valkeakoski,1480,1486.0,2 - 1,Ilves Tampere,1487,1481.0,2,1,Finland,domestic cup
2022/03/12,Finland League Cup,0,Haka Valkeakoski,1486,1486.0,0 - 0,Inter Turku,1576,1576.0,0,0,Finland,domestic cup
2022/04/02,Veikkausliiga,0,Haka Valkeakoski,1486,1493.0,2 - 1,Ilves Tampere,1481,1474.0,2,1,Finland,domestic league (tier 1)
2022/04/22,Veikkausliiga,0,Haka Valkeakoski,1509,1514.0,2 - 1,Helsingfors IFK,1425,1420.0,2,1,Finland,domestic league (tier 1)
2022/05/07,Veikkausliiga,0,Haka Valkeakoski,1492,1469.0,0 - 2,Vaasan PS,1377,1400.0,0,2,Finland,domestic league (tier 1)
2022/05/17,Veikkausliiga,0,Haka Valkeakoski,1466,1464.0,1 - 1,SJK Seinäjoki,1512,1514.0,1,1,Finland,domestic league (tier 1)
2022/05/28,Veikkausliiga,0,Haka Valkeakoski,1469,1465.0,1 - 1,FC Lahti,1434,1438.0,1,1,Finland,domestic league (tier 1)
2022/06/18,Veikkausliiga,0,Haka Valkeakoski,1465,1470.0,3 - 2,IFK Mariehamn,1363,1358.0,3,2,Finland,domestic league (tier 1)
2022/06/29,Finland Cup,0,Haka Valkeakoski,1474,1477.0,2 - 2,Kuopion PS,1684,1681.0,2,2,Finland,domestic cup
2022/07/18,Veikkausliiga,0,Haka Valkeakoski,1493,1501.0,3 - 2,Inter Turku,1539,1531.0,3,2,Finland,domestic league (tier 1)
2022/07/31,Veikkausliiga,0,Haka Valkeakoski,1502,1514.0,2 - 1,Kuopion PS,1690,1678.0,2,1,Finland,domestic league (tier 1)
2022/08/12,Veikkausliiga,0,Haka Valkeakoski,1498,1503.0,3 - 2,AC Oulu,1415,1410.0,3,2,Finland,domestic league (tier 1)
2022/08/21,Veikkausliiga,0,Haka Valkeakoski,1503,1488.0,0 - 3,HJK Helsinki,1662,1677.0,0,3,Finland,domestic league (tier 1)
2022/09/01,Veikkausliiga,0,Haka Valkeakoski,1500,1510.0,2 - 1,FC Honka,1607,1597.0,2,1,Finland,domestic league (tier 1)
2022/10/02,Veikkausliiga,0,Haka Valkeakoski,1533,1544.0,2 - 0,SJK Seinäjoki,1537,1526.0,2,0,Finland,domestic league (tier 1)
2022/10/09,Veikkausliiga,0,Haka Valkeakoski,1550,1541.0,0 - 1,HJK Helsinki,1687,1696.0,0,1,Finland,domestic league (tier 1)
2022/10/30,Veikkausliiga,0,Haka Valkeakoski,1565,1550.0,1 - 2,Vaasan PS,1469,1484.0,1,2,Finland,domestic league (tier 1)
2023/02/04,Finland League Cup,0,Haka Valkeakoski,1543,1547.0,1 - 0,Ilves Tampere,1468,1464.0,1,0,Finland,domestic cup
2023/02/12,Finland League Cup,0,Haka Valkeakoski,1547,1552.0,2 - 1,SJK Seinäjoki,1501,1496.0,2,1,Finland,domestic cup
2023/02/24,Finland League Cup,0,Haka Valkeakoski,1548,1544.0,2 - 2,AC Oulu,1469,1473.0,2,2,Finland,domestic cup
2023/04/14,Veikkausliiga,0,Haka Valkeakoski,1535,1531.0,2 - 2,AC Oulu,1486,1490.0,2,2,Finland,domestic league (tier 1)
2023/04/24,Veikkausliiga,0,Haka Valkeakoski,1531,1529.0,1 - 1,FC Honka,1578,1580.0,1,1,Finland,domestic league (tier 1)
2023/05/05,Veikkausliiga,0,Haka Valkeakoski,1523,1527.0,4 - 2,KTP,1304,1300.0,4,2,Finland,domestic league (tier 1)
2023/05/22,Veikkausliiga,0,Haka Valkeakoski,1536,1532.0,2 - 2,Vaasan PS,1470,1474.0,2,2,Finland,domestic league (tier 1)
2023/06/07,Veikkausliiga,0,Haka Valkeakoski,1513,1510.0,1 - 1,Ilves Tampere,1491,1494.0,1,1,Finland,domestic league (tier 1)
2023/07/08,Veikkausliiga,0,Haka Valkeakoski,1490,1488.0,2 - 2,Inter Turku,1510,1512.0,2,2,Finland,domestic league (tier 1)
2023/07/30,Veikkausliiga,0,Haka Valkeakoski,1466,1461.0,1 - 1,FC Lahti,1367,1372.0,1,1,Finland,domestic league (tier 1)
2023/08/11,Veikkausliiga,0,Haka Valkeakoski,1474,1469.0,1 - 1,IFK Mariehamn,1388,1393.0,1,1,Finland,domestic league (tier 1)
2023/08/27,Veikkausliiga,0,Haka Valkeakoski,1478,1480.0,2 - 2,Kuopion PS,1654,1652.0,2,2,Finland,domestic league (tier 1)
2023/09/03,Veikkausliiga,0,Haka Valkeakoski,1480,1488.0,1 - 0,SJK Seinäjoki,1518,1510.0,1,0,Finland,domestic league (tier 1)
2023/09/15,Veikkausliiga,0,Haka Valkeakoski,1488,1484.0,2 - 2,Ilves Tampere,1451,1455.0,2,2,Finland,domestic league (tier 1)
2023/10/01,Veikkausliiga,0,Haka Valkeakoski,1473,1481.0,2 - 0,FC Lahti,1390,1382.0,2,0,Finland,domestic league (tier 1)
2023/10/07,Veikkausliiga,0,Haka Valkeakoski,1481,1486.0,2 - 0,KTP,1293,1288.0,2,0,Finland,domestic league (tier 1)
2024/02/02,Finland League Cup,0,Haka Valkeakoski,1490,1503.0,3 - 1,Kuopion PS,1639,1626.0,3,1,Finland,domestic cup
2024/02/08,Finland League Cup,0,Haka Valkeakoski,1503,1493.0,1 - 2,SJK Seinäjoki,1478,1488.0,1,2,Finland,domestic cup
2024/04/06,Veikkausliiga,0,Haka Valkeakoski,1507,1497.0,1 - 2,Vaasan PS,1591,1601.0,1,2,Finland,domestic league (tier 1)
2024/04/12,Veikkausliiga,0,Haka Valkeakoski,1497,1500.0,2 - 1,Ekenäs IF,1312,1309.0,2,1,Finland,domestic league (tier 1)
2024/04/27,Veikkausliiga,0,Haka Valkeakoski,1503,1504.0,1 - 1,HJK Helsinki,1638,1637.0,1,1,Finland,domestic league (tier 1)
2024/05/11,Veikkausliiga,0,Haka Valkeakoski,1518,1529.0,2 - 0,SJK Seinäjoki,1517,1506.0,2,0,Finland,domestic league (tier 1)
2024/05/24,Veikkausliiga,0,Haka Valkeakoski,1514,1520.0,4 - 3,AC Oulu,1446,1440.0,4,3,Finland,domestic league (tier 1)
2024/06/07,Veikkausliiga,0,Haka Valkeakoski,1506,1514.0,2 - 0,IFK Mariehamn,1416,1408.0,2,0,Finland,domestic league (tier 1)
2024/06/19,Veikkausliiga,0,Haka Valkeakoski,1531,1527.0,0 - 0,Inter Turku,1466,1470.0,0,0,Finland,domestic league (tier 1)
2024/06/25,Finland Cup,0,Haka Valkeakoski,1527,1518.0,0 - 0,PK-35 Vantaa,1151,1160.0,0,0,Finland,domestic cup
2024/07/15,Veikkausliiga,0,Haka Valkeakoski,1533,1541.0,4 - 3,Ilves Tampere,1546,1538.0,4,3,Finland,domestic league (tier 1)
2024/07/28,Veikkausliiga,0,Haka Valkeakoski,1532,1515.0,1 - 2,IF Gnistan,1319,1336.0,1,2,Finland,domestic league (tier 1)
2024/08/11,Veikkausliiga,0,Haka Valkeakoski,1522,1523.0,2 - 2,Kuopion PS,1661,1660.0,2,2,Finland,domestic league (tier 1)
2024/08/21,Finland Cup,0,Haka Valkeakoski,1515,1502.0,1 - 2,Inter Turku,1522,1535.0,1,2,Finland,domestic cup
2024/09/01,Veikkausliiga,0,Haka Valkeakoski,1513,1507.0,1 - 1,FC Lahti,1360,1366.0,1,1,Finland,domestic league (tier 1)
2025/01/22,Finland League Cup,0,Haka Valkeakoski,1507,1510.0,3 - 1,KTP,1313,1310.0,3,1,Finland,domestic cup
2025/02/01,Finland League Cup,0,Haka Valkeakoski,1510,1501.0,1 - 2,Inter Turku,1533,1542.0,1,2,Finland,domestic cup
2025/02/23,Finland League Cup,0,Haka Valkeakoski,1495,1492.0,2 - 2,IF Gnistan,1421,1424.0,2,2,Finland,domestic cup
2025/04/05,Veikkausliiga,0,Haka Valkeakoski,1491,1497.0,3 - 2,IF Gnistan,1424,1418.0,3,2,Finland,domestic league (tier 1)
2025/04/12,Veikkausliiga,0,Haka Valkeakoski,1497,1480.0,0 - 1,IFK Mariehamn,1308,1325.0,0,1,Finland,domestic league (tier 1)
2025/04/19,Veikkausliiga,0,Haka Valkeakoski,1480,1485.0,2 - 1,AC Oulu,1408,1403.0,2,1,Finland,domestic league (tier 1)
2025/05/02,Veikkausliiga,0,Haka Valkeakoski,1489,1471.0,0 - 1,FF Jaro,1245,1263.0,0,1,Finland,domestic league (tier 1)
2025/05/16,Veikkausliiga,0,Haka Valkeakoski,1466,1455.0,1 - 3,Kuopion PS,1669,1680.0,1,3,Finland,domestic league (tier 1)
2025/05/31,Veikkausliiga,0,Haka Valkeakoski,1453,1462.0,2 - 1,Vaasan PS,1518,1509.0,2,1,Finland,domestic league (tier 1)
2025/06/11,Finland Cup,0,Haka Valkeakoski,1462,1469.0,3 - 2,IF Gnistan,1444,1437.0,3,2,Finland,domestic cup
2025/06/24,Finland Cup,0,Haka Valkeakoski,1469,1470.0,1 - 1,Kuopion PS,1602,1601.0,1,1,Finland,domestic cup
2025/06/28,Veikkausliiga,0,Haka Valkeakoski,1470,1452.0,0 - 4,Ilves Tampere,1576,1594.0,0,4,Finland,domestic league (tier 1)
2025/07/06,Veikkausliiga,0,Haka Valkeakoski,1466,1457.0,0 - 1,Inter Turku,1605,1614.0,0,1,Finland,domestic league (tier 1)
2025/07/26,Veikkausliiga,0,Haka Valkeakoski,1444,1428.0,2 - 3,KTP,1285,1301.0,2,3,Finland,domestic league (tier 1)
2025/08/17,Veikkausliiga,0,Haka Valkeakoski,1415,1408.0,1 - 2,HJK Helsinki,1610,1617.0,1,2,Finland,domestic league (tier 1)
2025/08/25,Veikkausliiga,0,Haka Valkeakoski,1408,1399.0,2 - 3,SJK Seinäjoki,1536,1545.0,2,3,Finland,domestic league (tier 1)
2025/09/19,Veikkausliiga,0,Haka Valkeakoski,1392,1379.0,0 - 1,AC Oulu,1382,1395.0,0,1,Finland,domestic league (tier 1)
2025/10/18,Veikkausliiga,0,Haka Valkeakoski,1364,1349.0,1 - 2,KTP,1276,1291.0,1,2,Finland,domestic league (tier 1)
2026/04/21,Ykkönen,0,Haka Valkeakoski,1348,1354.0,5 - 0,JäPS,1160,1154.0,5,0,Finland,domestic league (tier 2)
2026/04/25,Ykkönen,0,Haka Valkeakoski,1354,1346.0,2 - 2,KäPa,1055,1063.0,2,2,Finland,domestic league (tier 2)
2026/05/08,Ykkönen,0,Haka Valkeakoski,1331,1335.0,4 - 3,Ekenäs IF,1195,1191.0,4,3,Finland,domestic league (tier 2)
2026/05/18,Ykkönen,0,Haka Valkeakoski,1335,1328.0,1 - 1,Klubi 04,1106,1113.0,1,1,Finland,domestic league (tier 2)
2026/05/29,Ykkönen,0,Haka Valkeakoski,1326,1331.0,2 - 1,Jippo,1223,1218.0,2,1,Finland,domestic league (tier 2)
2026/06/05,Ykkönen,0,Haka Valkeakoski,1331,1315.0,1 - 2,JäPS,1164,1180.0,1,2,Finland,domestic league (tier 2)
2026/06/27,Ykkönen,0,Haka Valkeakoski,1342,1320.0,0 - 2,KTP,1276,1298.0,0,2,Finland,domestic league (tier 2)
2026/07/11,Ykkönen,0,Haka Valkeakoski,1306,1312.0,3 - 1,Ekenäs IF,1171,1165.0,3,1,Finland,domestic league (tier 2)
2026/07/25,Ykkönen,0,Haka Valkeakoski,1309,1312.0,3 - 1,KäPa,1035,1032.0,3,1,Finland,domestic league (tier 2)
2026/08/07,Ykkönen,0,Haka Valkeakoski,1333,1342.0,3 - 0,Jippo,1253,1244.0,3,0,Finland,domestic league (tier 2)
2026/08/21,Ykkönen,0,Haka Valkeakoski,1350,1353.0,2 - 0,SJK Seinäjoki II,1064,1061.0,2,0,Finland,domestic league (tier 2)
2026/09/06,Ykkönen,0,Haka Valkeakoski,1345,,Info,MP Mikkeli,1039,,,,Finland,domestic league (tier 2)
2016/07/18,Veikkausliiga,0,Helsingfors IFK,1358,1348.0,0 - 1,Vaasan PS,1465,1475.0,0,1,Finland,domestic league (tier 1)
2016/07/30,Veikkausliiga,0,Helsingfors IFK,1344,1347.0,1 - 1,SJK Seinäjoki,1559,1556.0,1,1,Finland,domestic league (tier 1)
2016/08/10,Veikkausliiga,0,Helsingfors IFK,1376,1380.0,0 - 0,HJK Helsinki,1630,1626.0,0,0,Finland,domestic league (tier 1)
2016/08/27,Veikkausliiga,0,Helsingfors IFK,1366,1385.0,3 - 1,SJK Seinäjoki,1567,1548.0,3,1,Finland,domestic league (tier 1)
2016/09/09,Veikkausliiga,0,Helsingfors IFK,1385,1375.0,0 - 1,Vaasan PS,1470,1480.0,0,1,Finland,domestic league (tier 1)
2016/09/16,Veikkausliiga,0,Helsingfors IFK,1377,1387.0,3 - 1,PS Kemi,1368,1358.0,3,1,Finland,domestic league (tier 1)
2016/09/30,Veikkausliiga,0,Helsingfors IFK,1407,1419.0,2 - 1,HJK Helsinki,1586,1574.0,2,1,Finland,domestic league (tier 1)
2016/10/17,Veikkausliiga,0,Helsingfors IFK,1423,1404.0,0 - 2,Kuopion PS,1429,1448.0,0,2,Finland,domestic league (tier 1)
2017/04/15,Veikkausliiga,0,Helsingfors IFK,1387,1382.0,0 - 0,JJK Jyväskylä,1290,1295.0,0,0,Finland,domestic league (tier 1)
2017/04/24,Veikkausliiga,0,Helsingfors IFK,1382,1370.0,1 - 2,FC Lahti,1425,1437.0,1,2,Finland,domestic league (tier 1)
2017/05/06,Veikkausliiga,0,Helsingfors IFK,1377,1386.0,1 - 0,Rovaniemi PS,1446,1437.0,1,0,Finland,domestic league (tier 1)
2017/05/19,Veikkausliiga,0,Helsingfors IFK,1381,1381.0,1 - 1,IFK Mariehamn,1497,1497.0,1,1,Finland,domestic league (tier 1)
2017/05/23,Veikkausliiga,0,Helsingfors IFK,1381,1385.0,0 - 0,HJK Helsinki,1636,1632.0,0,0,Finland,domestic league (tier 1)
2017/05/27,Veikkausliiga,0,Helsingfors IFK,1385,1367.0,0 - 2,Inter Turku,1410,1428.0,0,2,Finland,domestic league (tier 1)
2017/06/04,Veikkausliiga,0,Helsingfors IFK,1373,1362.0,0 - 1,Ilves Tampere,1436,1447.0,0,1,Finland,domestic league (tier 1)
2017/06/14,Veikkausliiga,0,Helsingfors IFK,1362,1349.0,0 - 2,SJK Seinäjoki,1497,1510.0,0,2,Finland,domestic league (tier 1)
2017/06/17,Veikkausliiga,0,Helsingfors IFK,1349,1330.0,0 - 2,PS Kemi,1349,1368.0,0,2,Finland,domestic league (tier 1)
2017/07/17,Veikkausliiga,0,Helsingfors IFK,1346,1329.0,1 - 4,Kuopion PS,1462,1479.0,1,4,Finland,domestic league (tier 1)
2017/08/09,Veikkausliiga,0,Helsingfors IFK,1323,1336.0,2 - 1,Vaasan PS,1547,1534.0,2,1,Finland,domestic league (tier 1)
2017/08/19,Veikkausliiga,0,Helsingfors IFK,1332,1342.0,1 - 0,Rovaniemi PS,1435,1425.0,1,0,Finland,domestic league (tier 1)
2017/09/08,Veikkausliiga,0,Helsingfors IFK,1338,1338.0,0 - 0,IFK Mariehamn,1450,1450.0,0,0,Finland,domestic league (tier 1)
2017/09/15,Veikkausliiga,0,Helsingfors IFK,1336,1332.0,1 - 1,JJK Jyväskylä,1287,1291.0,1,1,Finland,domestic league (tier 1)
2017/10/12,Veikkausliiga,0,Helsingfors IFK,1345,1358.0,4 - 0,PS Kemi,1340,1327.0,4,0,Finland,domestic league (tier 1)
2017/10/20,Veikkausliiga,0,Helsingfors IFK,1347,1347.0,2 - 2,SJK Seinäjoki,1462,1462.0,2,2,Finland,domestic league (tier 1)
2018/05/14,Ykkönen,0,Helsingfors IFK,1332,1338.0,2 - 1,FF Jaro,1283,1277.0,2,1,Finland,domestic league (tier 2)
2018/05/21,Ykkönen,0,Helsingfors IFK,1338,1341.0,2 - 0,Klubi 04,1065,1062.0,2,0,Finland,domestic league (tier 2)
2018/06/09,Ykkönen,0,Helsingfors IFK,1356,1350.0,1 - 1,KTP,1205,1211.0,1,1,Finland,domestic league (tier 2)
2018/06/13,Ykkönen,0,Helsingfors IFK,1350,1360.0,2 - 0,KPV Kokkola,1317,1307.0,2,0,Finland,domestic league (tier 2)
2018/06/26,Ykkönen,0,Helsingfors IFK,1345,1353.0,2 - 0,Haka Valkeakoski,1279,1271.0,2,0,Finland,domestic league (tier 2)
2018/06/30,Ykkönen,0,Helsingfors IFK,1353,1362.0,3 - 0,AC Oulu,1277,1268.0,3,0,Finland,domestic league (tier 2)
2018/07/21,Ykkönen,0,Helsingfors IFK,1381,1375.0,1 - 1,Ekenäs IF,1260,1266.0,1,1,Finland,domestic league (tier 2)
2018/07/27,Ykkönen,0,Helsingfors IFK,1375,1368.0,2 - 2,JJK Jyväskylä,1205,1212.0,2,2,Finland,domestic league (tier 2)
2018/08/19,Ykkönen,0,Helsingfors IFK,1357,1349.0,2 - 2,AC Kajaani,1084,1092.0,2,2,Finland,domestic league (tier 2)
2018/08/27,Ykkönen,0,Helsingfors IFK,1356,1364.0,2 - 0,Haka Valkeakoski,1291,1283.0,2,0,Finland,domestic league (tier 2)
2018/09/10,Ykkönen,0,Helsingfors IFK,1354,1338.0,0 - 1,FF Jaro,1237,1253.0,0,1,Finland,domestic league (tier 2)
2018/09/17,Ykkönen,0,Helsingfors IFK,1338,1342.0,3 - 0,Klubi 04,1060,1056.0,3,0,Finland,domestic league (tier 2)
2018/10/06,Ykkönen,0,Helsingfors IFK,1373,1376.0,1 - 0,KTP,1170,1167.0,1,0,Finland,domestic league (tier 2)
2018/10/20,Ykkönen,0,Helsingfors IFK,1376,1382.0,2 - 1,KPV Kokkola,1343,1337.0,2,1,Finland,domestic league (tier 2)
2019/04/15,Veikkausliiga,0,Helsingfors IFK,1337,1326.0,0 - 1,FC Lahti,1395,1406.0,0,1,Finland,domestic league (tier 1)
2019/04/29,Veikkausliiga,0,Helsingfors IFK,1335,1356.0,2 - 0,FC Honka,1583,1562.0,2,0,Finland,domestic league (tier 1)
2019/05/08,Veikkausliiga,0,Helsingfors IFK,1352,1352.0,1 - 1,IFK Mariehamn,1456,1456.0,1,1,Finland,domestic league (tier 1)
2019/05/12,Veikkausliiga,0,Helsingfors IFK,1352,1354.0,1 - 1,Kuopion PS,1537,1535.0,1,1,Finland,domestic league (tier 1)
2019/05/25,Veikkausliiga,0,Helsingfors IFK,1356,1357.0,1 - 1,Inter Turku,1495,1494.0,1,1,Finland,domestic league (tier 1)
2019/05/31,Veikkausliiga,0,Helsingfors IFK,1357,1365.0,2 - 1,Vaasan PS,1396,1388.0,2,1,Finland,domestic league (tier 1)
2019/06/18,Veikkausliiga,0,Helsingfors IFK,1365,1374.0,1 - 0,SJK Seinäjoki,1435,1426.0,1,0,Finland,domestic league (tier 1)
2019/07/04,Veikkausliiga,0,Helsingfors IFK,1378,1368.0,0 - 2,HJK Helsinki,1605,1615.0,0,2,Finland,domestic league (tier 1)
2019/07/21,Veikkausliiga,0,Helsingfors IFK,1363,1372.0,1 - 0,Rovaniemi PS,1434,1425.0,1,0,Finland,domestic league (tier 1)
2019/08/09,Veikkausliiga,0,Helsingfors IFK,1400,1406.0,3 - 2,KPV Kokkola,1339,1333.0,3,2,Finland,domestic league (tier 1)
2019/08/23,Veikkausliiga,0,Helsingfors IFK,1402,1404.0,2 - 2,Ilves Tampere,1572,1570.0,2,2,Finland,domestic league (tier 1)
2019/09/13,Veikkausliiga,0,Helsingfors IFK,1391,1400.0,3 - 1,KPV Kokkola,1337,1328.0,3,1,Finland,domestic league (tier 1)
2019/09/21,Veikkausliiga,0,Helsingfors IFK,1400,1410.0,2 - 0,SJK Seinäjoki,1387,1377.0,2,0,Finland,domestic league (tier 1)
2019/10/19,Veikkausliiga,0,Helsingfors IFK,1425,1436.0,2 - 0,Rovaniemi PS,1425,1414.0,2,0,Finland,domestic league (tier 1)
2020/07/01,Veikkausliiga,0,Helsingfors IFK,1429,1417.0,0 - 3,Kuopion PS,1634,1646.0,0,3,Finland,domestic league (tier 1)
2020/07/18,Veikkausliiga,0,Helsingfors IFK,1430,1406.0,0 - 3,FC Lahti,1396,1420.0,0,3,Finland,domestic league (tier 1)
2020/07/22,Veikkausliiga,0,Helsingfors IFK,1406,1411.0,2 - 1,SJK Seinäjoki,1322,1317.0,2,1,Finland,domestic league (tier 1)
2020/08/10,Veikkausliiga,0,Helsingfors IFK,1459,1466.0,2 - 0,TPS Turku,1356,1349.0,2,0,Finland,domestic league (tier 1)
2020/08/23,Veikkausliiga,0,Helsingfors IFK,1462,1448.0,0 - 1,Haka Valkeakoski,1429,1443.0,0,1,Finland,domestic league (tier 1)
2020/09/10,Veikkausliiga,0,Helsingfors IFK,1454,1467.0,4 - 3,HJK Helsinki,1672,1659.0,4,3,Finland,domestic league (tier 1)
2020/09/14,Veikkausliiga,0,Helsingfors IFK,1467,1467.0,0 - 0,Inter Turku,1568,1568.0,0,0,Finland,domestic league (tier 1)
2020/09/19,Veikkausliiga,0,Helsingfors IFK,1467,1463.0,2 - 2,IFK Mariehamn,1425,1429.0,2,2,Finland,domestic league (tier 1)
2020/10/02,Veikkausliiga,0,Helsingfors IFK,1454,1454.0,1 - 1,FC Honka,1569,1569.0,1,1,Finland,domestic league (tier 1)
2020/10/15,Veikkausliiga,0,Helsingfors IFK,1451,1441.0,1 - 2,Ilves Tampere,1557,1567.0,1,2,Finland,domestic league (tier 1)
2020/10/22,Veikkausliiga,0,Helsingfors IFK,1437,1441.0,1 - 0,Rovaniemi PS,1298,1294.0,1,0,Finland,domestic league (tier 1)
2021/05/03,Veikkausliiga,0,Helsingfors IFK,1447,1457.0,2 - 0,Haka Valkeakoski,1427,1417.0,2,0,Finland,domestic league (tier 1)
2021/05/15,Veikkausliiga,0,Helsingfors IFK,1459,1458.0,1 - 1,Ilves Tampere,1518,1519.0,1,1,Finland,domestic league (tier 1)
2021/05/29,Veikkausliiga,0,Helsingfors IFK,1467,1452.0,1 - 4,Inter Turku,1621,1636.0,1,4,Finland,domestic league (tier 1)
2021/06/15,Veikkausliiga,0,Helsingfors IFK,1466,1475.0,1 - 0,FC Honka,1517,1508.0,1,0,Finland,domestic league (tier 1)
2021/06/30,Veikkausliiga,0,Helsingfors IFK,1479,1474.0,0 - 1,HJK Helsinki,1753,1758.0,0,1,Finland,domestic league (tier 1)
2021/07/12,Veikkausliiga,0,Helsingfors IFK,1473,1461.0,0 - 1,FC Lahti,1514,1526.0,0,1,Finland,domestic league (tier 1)
2021/07/23,Veikkausliiga,0,Helsingfors IFK,1477,1470.0,2 - 2,KTP,1279,1286.0,2,2,Finland,domestic league (tier 1)
2021/08/22,Veikkausliiga,0,Helsingfors IFK,1470,1456.0,1 - 5,Kuopion PS,1652,1666.0,1,5,Finland,domestic league (tier 1)
2021/09/07,Veikkausliiga,0,Helsingfors IFK,1481,1488.0,1 - 0,SJK Seinäjoki,1490,1483.0,1,0,Finland,domestic league (tier 1)
2021/09/11,Veikkausliiga,0,Helsingfors IFK,1488,1494.0,3 - 1,AC Oulu,1352,1346.0,3,1,Finland,domestic league (tier 1)
2021/09/18,Veikkausliiga,0,Helsingfors IFK,1486,1458.0,0 - 3,IFK Mariehamn,1353,1381.0,0,3,Finland,domestic league (tier 1)
2021/10/16,Veikkausliiga,0,Helsingfors IFK,1471,1469.0,2 - 2,SJK Seinäjoki,1497,1499.0,2,2,Finland,domestic league (tier 1)
2021/10/31,Veikkausliiga,0,Helsingfors IFK,1473,1450.0,0 - 3,Ilves Tampere,1467,1490.0,0,3,Finland,domestic league (tier 1)
2022/02/16,Finland League Cup,0,Helsingfors IFK,1462,1454.0,1 - 3,HJK Helsinki,1649,1657.0,1,3,Finland,domestic cup
2022/04/09,Veikkausliiga,0,Helsingfors IFK,1453,1448.0,1 - 1,IFK Mariehamn,1382,1387.0,1,1,Finland,domestic league (tier 1)
2022/04/18,Veikkausliiga,0,Helsingfors IFK,1448,1425.0,0 - 3,FC Lahti,1441,1464.0,0,3,Finland,domestic league (tier 1)
2022/04/28,Veikkausliiga,0,Helsingfors IFK,1420,1410.0,0 - 2,HJK Helsinki,1634,1644.0,0,2,Finland,domestic league (tier 1)
2022/05/23,Veikkausliiga,0,Helsingfors IFK,1424,1419.0,0 - 1,Kuopion PS,1696,1701.0,0,1,Finland,domestic league (tier 1)
2022/05/29,Veikkausliiga,0,Helsingfors IFK,1419,1410.0,1 - 2,FC Honka,1541,1550.0,1,2,Finland,domestic league (tier 1)
2022/06/18,Veikkausliiga,0,Helsingfors IFK,1412,1388.0,1 - 5,Vaasan PS,1406,1430.0,1,5,Finland,domestic league (tier 1)
2022/07/04,Veikkausliiga,0,Helsingfors IFK,1399,1389.0,0 - 1,Ilves Tampere,1485,1495.0,0,1,Finland,domestic league (tier 1)
2022/07/09,Veikkausliiga,0,Helsingfors IFK,1389,1373.0,0 - 2,Haka Valkeakoski,1477,1493.0,0,2,Finland,domestic league (tier 1)
2022/08/01,Veikkausliiga,0,Helsingfors IFK,1374,1359.0,0 - 3,Inter Turku,1519,1534.0,0,3,Finland,domestic league (tier 1)
2022/08/15,Veikkausliiga,0,Helsingfors IFK,1363,1350.0,0 - 2,SJK Seinäjoki,1514,1527.0,0,2,Finland,domestic league (tier 1)
2022/08/31,Finland Cup,0,Helsingfors IFK,1351,1343.0,2 - 3,Inter Turku,1516,1524.0,2,3,Finland,domestic cup
2022/09/11,Veikkausliiga,0,Helsingfors IFK,1342,1321.0,1 - 6,AC Oulu,1424,1445.0,1,6,Finland,domestic league (tier 1)
2022/09/28,Veikkausliiga,0,Helsingfors IFK,1313,1296.0,1 - 5,Ilves Tampere,1438,1455.0,1,5,Finland,domestic league (tier 1)
2022/10/08,Veikkausliiga,0,Helsingfors IFK,1288,1279.0,2 - 3,IFK Mariehamn,1417,1426.0,2,3,Finland,domestic league (tier 1)
2023/04/14,Ykkönen,0,Helsingfors IFK,1268,1245.0,0 - 2,IF Gnistan,1153,1176.0,0,2,Finland,domestic league (tier 2)
2023/04/21,Ykkönen,0,Helsingfors IFK,1245,1222.0,0 - 2,MP Mikkeli,1124,1147.0,0,2,Finland,domestic league (tier 2)
2023/05/03,Ykkönen,0,Helsingfors IFK,1220,1234.0,2 - 0,TPS Turku,1308,1294.0,2,0,Finland,domestic league (tier 2)
2023/05/08,Ykkönen,0,Helsingfors IFK,1234,1240.0,1 - 0,KPV Kokkola,1186,1180.0,1,0,Finland,domestic league (tier 2)
2023/05/22,Ykkönen,0,Helsingfors IFK,1240,1245.0,2 - 0,JäPS,1066,1061.0,2,0,Finland,domestic league (tier 2)
2023/06/04,Ykkönen,0,Helsingfors IFK,1271,1267.0,1 - 1,FF Jaro,1231,1235.0,1,1,Finland,domestic league (tier 2)
2023/07/02,Ykkönen,0,Helsingfors IFK,1253,1246.0,2 - 2,SalPa,1037,1044.0,2,2,Finland,domestic league (tier 2)
2023/07/21,Ykkönen,0,Helsingfors IFK,1256,1261.0,4 - 2,JJK Jyväskylä,1095,1090.0,4,2,Finland,domestic league (tier 2)
2023/08/04,Ykkönen,0,Helsingfors IFK,1268,1270.0,1 - 0,KäPa,1021,1019.0,1,0,Finland,domestic league (tier 2)
2023/08/18,Ykkönen,0,Helsingfors IFK,1253,1234.0,0 - 2,Ekenäs IF,1265,1284.0,0,2,Finland,domestic league (tier 2)
2023/09/02,Ykkönen,0,Helsingfors IFK,1225,1210.0,1 - 2,SJK Akatemia,1142,1157.0,1,2,Finland,domestic league (tier 2)
2023/09/22,Ykkönen,0,Helsingfors IFK,1203,1202.0,2 - 2,IF Gnistan,1279,1280.0,2,2,Finland,domestic league (tier 2)
2023/10/02,Ykkönen,0,Helsingfors IFK,1224,1230.0,3 - 2,MP Mikkeli,1187,1181.0,3,2,Finland,domestic league (tier 2)
2026/05/13,Finland Cup,0,Helsingfors IFK,1239,1218.0,1 - 3,JäPS,1193,1214.0,1,3,Finland,domestic cup
2017/05/08,Ykkönen,0,IF Gnistan,1060,1055.0,0 - 2,FC Honka,1438,1443.0,0,2,Finland,domestic league (tier 2)
2017/05/17,Ykkönen,0,IF Gnistan,1061,1050.0,0 - 2,Haka Valkeakoski,1254,1265.0,0,2,Finland,domestic league (tier 2)
2017/05/28,Ykkönen,0,IF Gnistan,1057,1057.0,1 - 1,Ekenäs IF,1157,1157.0,1,1,Finland,domestic league (tier 2)
2017/06/13,Ykkönen,0,IF Gnistan,1048,1043.0,2 - 3,FF Jaro,1322,1327.0,2,3,Finland,domestic league (tier 2)
2017/06/27,Ykkönen,0,IF Gnistan,1043,1033.0,2 - 4,AC Oulu,1275,1285.0,2,4,Finland,domestic league (tier 2)
2017/07/08,Ykkönen,0,IF Gnistan,1032,1034.0,0 - 0,OPS Oulu,1203,1201.0,0,0,Finland,domestic league (tier 2)
2017/07/15,Ykkönen,0,IF Gnistan,1034,1029.0,0 - 1,KPV Kokkola,1342,1347.0,0,1,Finland,domestic league (tier 2)
2017/07/22,Ykkönen,0,IF Gnistan,1026,1018.0,1 - 2,Ekenäs IF,1190,1198.0,1,2,Finland,domestic league (tier 2)
2017/08/04,Ykkönen,0,IF Gnistan,1041,1057.0,1 - 0,TPS Turku,1377,1361.0,1,0,Finland,domestic league (tier 2)
2017/08/25,Ykkönen,0,IF Gnistan,1071,1087.0,2 - 1,FC Honka,1419,1403.0,2,1,Finland,domestic league (tier 2)
2017/09/08,Ykkönen,0,IF Gnistan,1078,1081.0,1 - 1,Haka Valkeakoski,1284,1281.0,1,1,Finland,domestic league (tier 2)
2017/09/29,Ykkönen,0,IF Gnistan,1094,1081.0,0 - 1,Grankulla IFK,1071,1084.0,0,1,Finland,domestic league (tier 2)
2017/10/21,Ykkönen,0,IF Gnistan,1079,1082.0,1 - 1,FF Jaro,1294,1291.0,1,1,Finland,domestic league (tier 2)
2020/07/05,Ykkönen,0,IF Gnistan,1071,1063.0,1 - 2,FF Jaro,1240,1248.0,1,2,Finland,domestic league (tier 2)
2020/07/19,Ykkönen,0,IF Gnistan,1068,1055.0,0 - 3,KTP,1260,1273.0,0,3,Finland,domestic league (tier 2)
2020/08/06,Ykkönen,0,IF Gnistan,1047,1035.0,0 - 1,MP Mikkeli,1077,1089.0,0,1,Finland,domestic league (tier 2)
2020/08/16,Ykkönen,0,IF Gnistan,1031,1040.0,3 - 2,Myllykosken Pallo -47,1107,1098.0,3,2,Finland,domestic league (tier 2)
2020/08/30,Ykkönen,0,IF Gnistan,1035,1029.0,1 - 2,Vaasan PS,1300,1306.0,1,2,Finland,domestic league (tier 2)
2020/09/12,Ykkönen,0,IF Gnistan,1037,1047.0,1 - 0,AC Kajaani,1135,1125.0,1,0,Finland,domestic league (tier 2)
2020/09/20,Ykkönen,0,IF Gnistan,1043,1058.0,3 - 1,Musan Salama,1137,1122.0,3,1,Finland,domestic league (tier 2)
2020/09/26,Ykkönen,0,IF Gnistan,1058,1063.0,2 - 1,SJK Akatemia,980,975.0,2,1,Finland,domestic league (tier 2)
2020/10/04,Ykkönen,0,IF Gnistan,1054,1056.0,3 - 3,Ekenäs IF,1219,1217.0,3,3,Finland,domestic league (tier 2)
2020/10/17,Ykkönen,0,IF Gnistan,1074,1068.0,1 - 2,AC Oulu,1318,1324.0,1,2,Finland,domestic league (tier 2)
2020/10/31,Ykkönen,0,IF Gnistan,1095,1118.0,5 - 0,KPV Kokkola,1252,1229.0,5,0,Finland,domestic league (tier 2)
2021/05/16,Ykkönen,0,IF Gnistan,1151,1148.0,1 - 1,Musan Salama,1136,1139.0,1,1,Finland,domestic league (tier 2)
2021/05/30,Ykkönen,0,IF Gnistan,1148,1159.0,2 - 1,Rovaniemi PS,1268,1257.0,2,1,Finland,domestic league (tier 2)
2021/06/13,Ykkönen,0,IF Gnistan,1165,1144.0,0 - 2,MP Mikkeli,1104,1125.0,0,2,Finland,domestic league (tier 2)
2021/07/05,Ykkönen,0,IF Gnistan,1198,1199.0,0 - 0,TPS Turku,1323,1322.0,0,0,Finland,domestic league (tier 2)
2021/07/18,Ykkönen,0,IF Gnistan,1199,1213.0,2 - 0,Vaasan PS,1287,1273.0,2,0,Finland,domestic league (tier 2)
2021/07/28,Ykkönen,0,IF Gnistan,1231,1205.0,0 - 3,KPV Kokkola,1153,1179.0,0,3,Finland,domestic league (tier 2)
2021/08/07,Ykkönen,0,IF Gnistan,1200,1189.0,0 - 1,FF Jaro,1252,1263.0,0,1,Finland,domestic league (tier 2)
2021/08/18,Ykkönen,0,IF Gnistan,1175,1193.0,4 - 1,PK-35 Vantaa,1282,1264.0,4,1,Finland,domestic league (tier 2)
2021/08/28,Ykkönen,0,IF Gnistan,1184,1189.0,1 - 0,Klubi 04,1075,1070.0,1,0,Finland,domestic league (tier 2)
2021/09/10,Ykkönen,0,IF Gnistan,1189,1168.0,0 - 3,Ekenäs IF,1224,1245.0,0,3,Finland,domestic league (tier 2)
2021/09/19,Ykkönen,0,IF Gnistan,1163,1168.0,1 - 0,Jippo,1070,1065.0,1,0,Finland,domestic league (tier 2)
2021/10/02,Ykkönen,0,IF Gnistan,1184,1177.0,1 - 2,TPS Turku,1380,1387.0,1,2,Finland,domestic league (tier 2)
2021/10/16,Ykkönen,0,IF Gnistan,1169,1155.0,1 - 4,Vaasan PS,1347,1361.0,1,4,Finland,domestic league (tier 2)
2022/04/18,Ykkönen,0,IF Gnistan,1158,1157.0,1 - 1,PK-35 Vantaa,1233,1234.0,1,1,Finland,domestic league (tier 2)
2022/04/30,Ykkönen,0,IF Gnistan,1179,1178.0,1 - 1,Ekenäs IF,1241,1242.0,1,1,Finland,domestic league (tier 2)
2022/05/08,Ykkönen,0,IF Gnistan,1164,1172.0,10 - 1,JäPS,985,977.0,10,1,Finland,domestic league (tier 2)
2022/05/21,Ykkönen,0,IF Gnistan,1172,1175.0,1 - 0,Pargas IF,980,977.0,1,0,Finland,domestic league (tier 2)
2022/06/05,Ykkönen,0,IF Gnistan,1157,1164.0,5 - 0,PEPO Lappeenranta,994,987.0,5,0,Finland,domestic league (tier 2)
2022/06/22,Ykkönen,0,IF Gnistan,1177,1169.0,0 - 1,TPS Turku,1359,1367.0,0,1,Finland,domestic league (tier 2)
2022/07/01,Ykkönen,0,IF Gnistan,1169,1156.0,1 - 2,KPV Kokkola,1166,1179.0,1,2,Finland,domestic league (tier 2)
2022/07/17,Ykkönen,0,IF Gnistan,1167,1178.0,2 - 1,KTP,1295,1284.0,2,1,Finland,domestic league (tier 2)
2022/07/31,Ykkönen,0,IF Gnistan,1165,1160.0,0 - 0,SJK Akatemia,1087,1092.0,0,0,Finland,domestic league (tier 2)
2022/08/12,Ykkönen,0,IF Gnistan,1168,1168.0,2 - 2,FF Jaro,1270,1270.0,2,2,Finland,domestic league (tier 2)
2022/08/28,Ykkönen,0,IF Gnistan,1171,1149.0,0 - 2,MP Mikkeli,1109,1131.0,0,2,Finland,domestic league (tier 2)
2022/09/10,Ykkönen,0,IF Gnistan,1143,1146.0,2 - 1,Pargas IF,927,924.0,2,1,Finland,domestic league (tier 2)
2022/09/24,Ykkönen,0,IF Gnistan,1147,1154.0,4 - 2,PEPO Lappeenranta,1025,1018.0,4,2,Finland,domestic league (tier 2)
2022/10/08,Ykkönen,0,IF Gnistan,1146,1153.0,2 - 1,MP Mikkeli,1147,1140.0,2,1,Finland,domestic league (tier 2)
2023/04/21,Ykkönen,0,IF Gnistan,1176,1186.0,2 - 0,JJK Jyväskylä,1159,1149.0,2,0,Finland,domestic league (tier 2)
2023/05/07,Ykkönen,0,IF Gnistan,1199,1197.0,0 - 0,Ekenäs IF,1239,1241.0,0,0,Finland,domestic league (tier 2)
2023/05/21,Ykkönen,0,IF Gnistan,1219,1215.0,1 - 1,MP Mikkeli,1176,1180.0,1,1,Finland,domestic league (tier 2)
2023/06/04,Ykkönen,0,IF Gnistan,1231,1225.0,0 - 0,JäPS,1082,1088.0,0,0,Finland,domestic league (tier 2)
2023/07/02,Ykkönen,0,IF Gnistan,1259,1262.0,1 - 0,KäPa,1023,1020.0,1,0,Finland,domestic league (tier 2)
2023/07/23,Ykkönen,0,IF Gnistan,1264,1243.0,0 - 3,TPS Turku,1297,1318.0,0,3,Finland,domestic league (tier 2)
2023/08/05,Ykkönen,0,IF Gnistan,1245,1250.0,2 - 1,KPV Kokkola,1131,1126.0,2,1,Finland,domestic league (tier 2)
2023/08/20,Ykkönen,0,IF Gnistan,1257,1253.0,1 - 1,FF Jaro,1195,1199.0,1,1,Finland,domestic league (tier 2)
2023/09/02,Ykkönen,0,IF Gnistan,1263,1267.0,3 - 2,SalPa,1100,1096.0,3,2,Finland,domestic league (tier 2)
2023/09/17,Ykkönen,0,IF Gnistan,1267,1279.0,2 - 0,TPS Turku,1301,1289.0,2,0,Finland,domestic league (tier 2)
2023/09/27,Ykkönen,0,IF Gnistan,1280,1275.0,1 - 1,MP Mikkeli,1182,1187.0,1,1,Finland,domestic league (tier 2)
2023/10/01,Ykkönen,0,IF Gnistan,1275,1279.0,3 - 2,SJK Akatemia,1158,1154.0,3,2,Finland,domestic league (tier 2)
2023/10/21,Veikkausliiga rel.,0,IF Gnistan,1284,1291.0,4 - 2,SJK Akatemia,1187,1180.0,4,2,Finland,domestic relegation
2023/10/25,Veikkausliiga rel.,0,IF Gnistan,1291,1291.0,0 - 0,IFK Mariehamn,1384,1384.0,0,0,Finland,domestic relegation
2024/02/03,Finland League Cup,0,IF Gnistan,1282,1280.0,1 - 2,HJK Helsinki,1669,1671.0,1,2,Finland,domestic cup
2024/02/17,Finland League Cup,0,IF Gnistan,1293,1285.0,1 - 2,FC Lahti,1369,1377.0,1,2,Finland,domestic cup
2024/04/06,Veikkausliiga,0,IF Gnistan,1308,1320.0,2 - 1,Inter Turku,1488,1476.0,2,1,Finland,domestic league (tier 1)
2024/04/28,Veikkausliiga,0,IF Gnistan,1343,1335.0,0 - 1,SJK Seinäjoki,1508,1516.0,0,1,Finland,domestic league (tier 1)
2024/05/05,Veikkausliiga,0,IF Gnistan,1335,1321.0,0 - 3,Haka Valkeakoski,1504,1518.0,0,3,Finland,domestic league (tier 1)
2024/05/19,Veikkausliiga,0,IF Gnistan,1327,1333.0,0 - 0,Kuopion PS,1669,1663.0,0,0,Finland,domestic league (tier 1)
2024/06/02,Veikkausliiga,0,IF Gnistan,1335,1343.0,2 - 1,FC Lahti,1374,1366.0,2,1,Finland,domestic league (tier 1)
2024/06/12,Veikkausliiga,0,IF Gnistan,1334,1324.0,0 - 4,HJK Helsinki,1616,1626.0,0,4,Finland,domestic league (tier 1)
2024/06/30,Veikkausliiga,0,IF Gnistan,1328,1314.0,1 - 2,Ekenäs IF,1294,1308.0,1,2,Finland,domestic league (tier 1)
2024/08/04,Veikkausliiga,0,IF Gnistan,1336,1358.0,3 - 0,Vaasan PS,1527,1505.0,3,0,Finland,domestic league (tier 1)
2024/08/18,Veikkausliiga,0,IF Gnistan,1358,1373.0,2 - 0,AC Oulu,1453,1438.0,2,0,Finland,domestic league (tier 1)
2024/08/21,Veikkausliiga,0,IF Gnistan,1373,1380.0,2 - 1,IFK Mariehamn,1356,1349.0,2,1,Finland,domestic league (tier 1)
2024/09/01,Veikkausliiga,0,IF Gnistan,1397,1399.0,1 - 1,Ilves Tampere,1564,1562.0,1,1,Finland,domestic league (tier 1)
2025/02/01,Finland League Cup,0,IF Gnistan,1412,1418.0,3 - 0,KTP,1310,1304.0,3,0,Finland,domestic cup
2025/02/08,Finland League Cup,0,IF Gnistan,1418,1426.0,4 - 0,IFK Mariehamn,1351,1343.0,4,0,Finland,domestic cup
2025/04/27,Veikkausliiga,0,IF Gnistan,1428,1422.0,1 - 2,Kuopion PS,1657,1663.0,1,2,Finland,domestic league (tier 1)
2025/05/03,Veikkausliiga,0,IF Gnistan,1422,1430.0,2 - 0,IFK Mariehamn,1335,1327.0,2,0,Finland,domestic league (tier 1)
2025/05/16,Veikkausliiga,0,IF Gnistan,1442,1442.0,2 - 2,SJK Seinäjoki,1530,1530.0,2,2,Finland,domestic league (tier 1)
2025/05/28,Finland Cup,0,IF Gnistan,1440,1459.0,3 - 0,Ilves Tampere,1569,1550.0,3,0,Finland,domestic cup
2025/06/01,Veikkausliiga,0,IF Gnistan,1459,1444.0,0 - 2,Ilves Tampere,1550,1565.0,0,2,Finland,domestic league (tier 1)
2025/06/14,Veikkausliiga,0,IF Gnistan,1437,1441.0,2 - 1,KTP,1283,1279.0,2,1,Finland,domestic league (tier 1)
2025/06/27,Veikkausliiga,0,IF Gnistan,1446,1448.0,2 - 2,Inter Turku,1615,1613.0,2,2,Finland,domestic league (tier 1)
2025/07/13,Veikkausliiga,0,IF Gnistan,1439,1451.0,2 - 0,Haka Valkeakoski,1457,1445.0,2,0,Finland,domestic league (tier 1)
2025/07/28,Veikkausliiga,0,IF Gnistan,1442,1430.0,2 - 4,HJK Helsinki,1607,1619.0,2,4,Finland,domestic league (tier 1)
2025/08/15,Veikkausliiga,0,IF Gnistan,1454,1451.0,0 - 0,Vaasan PS,1452,1455.0,0,0,Finland,domestic league (tier 1)
2025/08/25,Veikkausliiga,0,IF Gnistan,1451,1456.0,3 - 2,AC Oulu,1368,1363.0,3,2,Finland,domestic league (tier 1)
2025/08/31,Veikkausliiga,0,IF Gnistan,1456,1440.0,1 - 2,FF Jaro,1310,1326.0,1,2,Finland,domestic league (tier 1)
2025/09/13,Veikkausliiga,0,IF Gnistan,1440,1429.0,0 - 2,Inter Turku,1632,1643.0,0,2,Finland,domestic league (tier 1)
2025/09/27,Veikkausliiga,0,IF Gnistan,1426,1412.0,0 - 4,Kuopion PS,1619,1633.0,0,4,Finland,domestic league (tier 1)
2025/10/19,Veikkausliiga,0,IF Gnistan,1429,1420.0,3 - 4,SJK Seinäjoki,1560,1569.0,3,4,Finland,domestic league (tier 1)
2025/10/25,Veikkausliiga,0,IF Gnistan,1417,1406.0,1 - 3,Ilves Tampere,1620,1631.0,1,3,Finland,domestic league (tier 1)
2025/11/03,Veikkausliiga,0,IF Gnistan,1414,1416.0,2 - 2,HJK Helsinki,1588,1586.0,2,2,Finland,domestic league (tier 1)
2026/01/17,Finland League Cup,0,IF Gnistan,1410,1401.0,0 - 3,Inter Turku,1627,1636.0,0,3,Finland,domestic cup
2026/01/30,Finland League Cup,0,IF Gnistan,1401,1398.0,2 - 2,IFK Mariehamn,1360,1363.0,2,2,Finland,domestic cup
2026/02/22,Finland League Cup,0,IF Gnistan,1405,1403.0,0 - 0,FC Lahti,1392,1394.0,0,0,Finland,domestic cup
2026/04/04,Veikkausliiga,0,IF Gnistan,1403,1382.0,1 - 5,AC Oulu,1453,1474.0,1,5,Finland,domestic league (tier 1)
2026/04/18,Veikkausliiga,0,IF Gnistan,1380,1366.0,0 - 3,HJK Helsinki,1556,1570.0,0,3,Finland,domestic league (tier 1)
2026/05/05,Veikkausliiga,0,IF Gnistan,1368,1390.0,2 - 0,Inter Turku,1644,1622.0,2,0,Finland,domestic league (tier 1)
2026/05/16,Veikkausliiga,0,IF Gnistan,1394,1408.0,5 - 0,FF Jaro,1379,1365.0,5,0,Finland,domestic league (tier 1)
2026/05/30,Veikkausliiga,0,IF Gnistan,1403,1413.0,3 - 2,SJK Seinäjoki,1492,1482.0,3,2,Finland,domestic league (tier 1)
2026/06/17,Veikkausliiga,0,IF Gnistan,1432,1439.0,1 - 0,FC Lahti,1409,1402.0,1,0,Finland,domestic league (tier 1)
2026/06/27,Veikkausliiga,0,IF Gnistan,1439,1437.0,1 - 1,Vaasan PS,1485,1487.0,1,1,Finland,domestic league (tier 1)
2026/07/11,Veikkausliiga,0,IF Gnistan,1429,1435.0,4 - 2,IFK Mariehamn,1297,1291.0,4,2,Finland,domestic league (tier 1)
2026/08/01,Veikkausliiga,0,IF Gnistan,1472,1464.0,0 - 1,Kuopion PS,1635,1643.0,0,1,Finland,domestic league (tier 1)
2026/08/17,Veikkausliiga,0,IF Gnistan,1467,1477.0,3 - 2,Ilves Tampere,1555,1545.0,3,2,Finland,domestic league (tier 1)
2026/08/31,Veikkausliiga,0,IF Gnistan,1493,1488.0,1 - 1,TPS Turku,1391,1396.0,1,1,Finland,domestic league (tier 1)
2016/07/10,Veikkausliiga,0,IFK Mariehamn,1500,1507.0,3 - 1,Ilves Tampere,1399,1392.0,3,1,Finland,domestic league (tier 1)
2016/07/25,Veikkausliiga,0,IFK Mariehamn,1520,1513.0,0 - 0,Inter Turku,1348,1355.0,0,0,Finland,domestic league (tier 1)
2016/08/07,Veikkausliiga,0,IFK Mariehamn,1514,1485.0,2 - 5,Helsingfors IFK,1347,1376.0,2,5,Finland,domestic league (tier 1)
2016/08/21,Veikkausliiga,0,IFK Mariehamn,1496,1500.0,1 - 0,Helsingfors IFK,1370,1366.0,1,0,Finland,domestic league (tier 1)
2016/08/28,Veikkausliiga,0,IFK Mariehamn,1500,1496.0,0 - 0,Vaasan PS,1466,1470.0,0,0,Finland,domestic league (tier 1)
2016/09/12,Veikkausliiga,0,IFK Mariehamn,1488,1492.0,1 - 0,PS Kemi,1372,1368.0,1,0,Finland,domestic league (tier 1)
2016/09/21,Veikkausliiga,0,IFK Mariehamn,1486,1480.0,1 - 1,Inter Turku,1361,1367.0,1,1,Finland,domestic league (tier 1)
2016/10/02,Veikkausliiga,0,IFK Mariehamn,1483,1488.0,4 - 2,PK-35 Vantaa,1283,1278.0,4,2,Finland,domestic league (tier 1)
2016/10/23,Veikkausliiga,0,IFK Mariehamn,1511,1516.0,2 - 1,Ilves Tampere,1436,1431.0,2,1,Finland,domestic league (tier 1)
2017/04/08,Veikkausliiga,0,IFK Mariehamn,1502,1507.0,5 - 2,JJK Jyväskylä,1295,1290.0,5,2,Finland,domestic league (tier 1)
2017/04/15,Veikkausliiga,0,IFK Mariehamn,1507,1508.0,1 - 1,HJK Helsinki,1639,1638.0,1,1,Finland,domestic league (tier 1)
2017/04/30,Veikkausliiga,0,IFK Mariehamn,1508,1505.0,1 - 1,Vaasan PS,1489,1492.0,1,1,Finland,domestic league (tier 1)
2017/05/12,Veikkausliiga,0,IFK Mariehamn,1491,1497.0,3 - 0,PS Kemi,1302,1296.0,3,0,Finland,domestic league (tier 1)
2017/05/23,Veikkausliiga,0,IFK Mariehamn,1497,1475.0,0 - 2,FC Lahti,1422,1444.0,0,2,Finland,domestic league (tier 1)
2017/05/31,Veikkausliiga,0,IFK Mariehamn,1479,1485.0,2 - 1,Rovaniemi PS,1427,1421.0,2,1,Finland,domestic league (tier 1)
2017/06/18,Veikkausliiga,0,IFK Mariehamn,1477,1480.0,2 - 1,JJK Jyväskylä,1292,1289.0,2,1,Finland,domestic league (tier 1)
2017/06/27,Veikkausliiga,0,IFK Mariehamn,1475,1487.0,5 - 0,Inter Turku,1437,1425.0,5,0,Finland,domestic league (tier 1)
2017/07/07,Veikkausliiga,0,IFK Mariehamn,1491,1487.0,2 - 2,Ilves Tampere,1457,1461.0,2,2,Finland,domestic league (tier 1)
2017/07/22,Veikkausliiga,0,IFK Mariehamn,1475,1469.0,1 - 1,Helsingfors IFK,1329,1335.0,1,1,Finland,domestic league (tier 1)
2017/08/06,Veikkausliiga,0,IFK Mariehamn,1456,1454.0,0 - 0,SJK Seinäjoki,1502,1504.0,0,0,Finland,domestic league (tier 1)
2017/08/14,Veikkausliiga,0,IFK Mariehamn,1439,1447.0,2 - 1,Kuopion PS,1482,1474.0,2,1,Finland,domestic league (tier 1)
2017/08/27,Veikkausliiga,0,IFK Mariehamn,1441,1450.0,1 - 0,Vaasan PS,1509,1500.0,1,0,Finland,domestic league (tier 1)
2017/09/12,Veikkausliiga,0,IFK Mariehamn,1450,1456.0,2 - 1,Inter Turku,1420,1414.0,2,1,Finland,domestic league (tier 1)
2017/09/17,Veikkausliiga,0,IFK Mariehamn,1456,1461.0,3 - 2,PS Kemi,1348,1343.0,3,2,Finland,domestic league (tier 1)
2017/10/01,Veikkausliiga,0,IFK Mariehamn,1458,1466.0,2 - 1,SJK Seinäjoki,1481,1473.0,2,1,Finland,domestic league (tier 1)
2017/10/28,Veikkausliiga,0,IFK Mariehamn,1487,1474.0,0 - 1,Ilves Tampere,1493,1506.0,0,1,Finland,domestic league (tier 1)
2018/04/14,Veikkausliiga,0,IFK Mariehamn,1428,1423.0,0 - 1,HJK Helsinki,1704,1709.0,0,1,Finland,domestic league (tier 1)
2018/04/22,Veikkausliiga,0,IFK Mariehamn,1423,1420.0,2 - 2,Vaasan PS,1409,1412.0,2,2,Finland,domestic league (tier 1)
2018/04/25,Veikkausliiga,0,IFK Mariehamn,1420,1403.0,1 - 4,Kuopion PS,1533,1550.0,1,4,Finland,domestic league (tier 1)
2018/05/03,Veikkausliiga,0,IFK Mariehamn,1412,1419.0,3 - 2,TPS Turku,1402,1395.0,3,2,Finland,domestic league (tier 1)
2018/05/13,Veikkausliiga,0,IFK Mariehamn,1423,1437.0,2 - 0,Ilves Tampere,1506,1492.0,2,0,Finland,domestic league (tier 1)
2018/05/22,Veikkausliiga,0,IFK Mariehamn,1433,1422.0,1 - 2,FC Lahti,1497,1508.0,1,2,Finland,domestic league (tier 1)
2018/06/02,Veikkausliiga,0,IFK Mariehamn,1425,1413.0,2 - 3,Inter Turku,1449,1461.0,2,3,Finland,domestic league (tier 1)
2018/06/16,Veikkausliiga,0,IFK Mariehamn,1410,1393.0,1 - 3,Rovaniemi PS,1464,1481.0,1,3,Finland,domestic league (tier 1)
2018/06/25,Veikkausliiga,0,IFK Mariehamn,1382,1387.0,2 - 1,PS Kemi,1271,1266.0,2,1,Finland,domestic league (tier 1)
2018/07/04,Veikkausliiga,0,IFK Mariehamn,1375,1366.0,1 - 2,FC Honka,1517,1526.0,1,2,Finland,domestic league (tier 1)
2018/07/29,Veikkausliiga,0,IFK Mariehamn,1359,1368.0,1 - 0,SJK Seinäjoki,1429,1420.0,1,0,Finland,domestic league (tier 1)
2018/08/19,Veikkausliiga,0,IFK Mariehamn,1356,1358.0,0 - 0,FC Honka,1513,1511.0,0,0,Finland,domestic league (tier 1)
2018/09/02,Veikkausliiga,0,IFK Mariehamn,1379,1362.0,3 - 6,Ilves Tampere,1482,1499.0,3,6,Finland,domestic league (tier 1)
2018/09/17,Veikkausliiga,0,IFK Mariehamn,1359,1368.0,1 - 0,SJK Seinäjoki,1424,1415.0,1,0,Finland,domestic league (tier 1)
2018/09/23,Veikkausliiga,0,IFK Mariehamn,1368,1365.0,2 - 2,TPS Turku,1368,1371.0,2,2,Finland,domestic league (tier 1)
2018/10/07,Veikkausliiga,0,IFK Mariehamn,1370,1384.0,3 - 0,FC Lahti,1401,1387.0,3,0,Finland,domestic league (tier 1)
2018/10/27,Veikkausliiga,0,IFK Mariehamn,1367,1360.0,1 - 2,Kuopion PS,1573,1580.0,1,2,Finland,domestic league (tier 1)
2019/04/20,Veikkausliiga,0,IFK Mariehamn,1433,1447.0,2 - 0,Rovaniemi PS,1499,1485.0,2,0,Finland,domestic league (tier 1)
2019/05/01,Veikkausliiga,0,IFK Mariehamn,1467,1456.0,3 - 4,Kuopion PS,1521,1532.0,3,4,Finland,domestic league (tier 1)
2019/05/12,Veikkausliiga,0,IFK Mariehamn,1456,1444.0,1 - 2,Inter Turku,1474,1486.0,1,2,Finland,domestic league (tier 1)
2019/05/26,Veikkausliiga,0,IFK Mariehamn,1468,1474.0,1 - 0,Vaasan PS,1402,1396.0,1,0,Finland,domestic league (tier 1)
2019/06/02,Veikkausliiga,0,IFK Mariehamn,1474,1460.0,0 - 1,FC Lahti,1415,1429.0,0,1,Finland,domestic league (tier 1)
2019/06/25,Veikkausliiga,0,IFK Mariehamn,1445,1432.0,0 - 2,HJK Helsinki,1597,1610.0,0,2,Finland,domestic league (tier 1)
2019/06/30,Veikkausliiga,0,IFK Mariehamn,1432,1433.0,2 - 2,FC Honka,1575,1574.0,2,2,Finland,domestic league (tier 1)
2019/07/14,Veikkausliiga,0,IFK Mariehamn,1446,1454.0,3 - 0,KPV Kokkola,1348,1340.0,3,0,Finland,domestic league (tier 1)
2019/07/28,Veikkausliiga,0,IFK Mariehamn,1459,1437.0,1 - 3,Helsingfors IFK,1372,1394.0,1,3,Finland,domestic league (tier 1)
2019/08/11,Veikkausliiga,0,IFK Mariehamn,1432,1424.0,0 - 1,Ilves Tampere,1585,1593.0,0,1,Finland,domestic league (tier 1)
2019/08/25,Veikkausliiga,0,IFK Mariehamn,1433,1440.0,1 - 0,SJK Seinäjoki,1409,1402.0,1,0,Finland,domestic league (tier 1)
2019/09/22,Veikkausliiga,0,IFK Mariehamn,1445,1437.0,0 - 1,Kuopion PS,1599,1607.0,0,1,Finland,domestic league (tier 1)
2019/10/06,Veikkausliiga,0,IFK Mariehamn,1430,1430.0,2 - 2,Ilves Tampere,1540,1540.0,2,2,Finland,domestic league (tier 1)
2019/10/23,Veikkausliiga,0,IFK Mariehamn,1423,1421.0,0 - 0,Helsingfors IFK,1436,1438.0,0,0,Finland,domestic league (tier 1)
2019/10/30,Veikkausliiga,0,IFK Mariehamn,1437,1428.0,1 - 2,FC Honka,1586,1595.0,1,2,Finland,domestic league (tier 1)
2020/07/08,Veikkausliiga,0,IFK Mariehamn,1399,1401.0,0 - 0,FC Honka,1571,1569.0,0,0,Finland,domestic league (tier 1)
2020/07/22,Veikkausliiga,0,IFK Mariehamn,1412,1412.0,2 - 2,Haka Valkeakoski,1497,1497.0,2,2,Finland,domestic league (tier 1)
2020/07/26,Veikkausliiga,0,IFK Mariehamn,1412,1390.0,0 - 3,Helsingfors IFK,1411,1433.0,0,3,Finland,domestic league (tier 1)
2020/08/05,Veikkausliiga,0,IFK Mariehamn,1387,1407.0,2 - 0,Inter Turku,1604,1584.0,2,0,Finland,domestic league (tier 1)
2020/08/16,Veikkausliiga,0,IFK Mariehamn,1419,1424.0,1 - 0,TPS Turku,1349,1344.0,1,0,Finland,domestic league (tier 1)
2020/08/26,Veikkausliiga,0,IFK Mariehamn,1421,1431.0,4 - 0,Rovaniemi PS,1341,1331.0,4,0,Finland,domestic league (tier 1)
2020/09/09,Veikkausliiga,0,IFK Mariehamn,1426,1424.0,2 - 2,FC Lahti,1455,1457.0,2,2,Finland,domestic league (tier 1)
2020/09/23,Veikkausliiga,0,IFK Mariehamn,1429,1414.0,0 - 2,Ilves Tampere,1530,1545.0,0,2,Finland,domestic league (tier 1)
2020/09/27,Veikkausliiga,0,IFK Mariehamn,1414,1405.0,0 - 2,Kuopion PS,1670,1679.0,0,2,Finland,domestic league (tier 1)
2020/10/18,Veikkausliiga,0,IFK Mariehamn,1393,1380.0,2 - 3,SJK Seinäjoki,1385,1398.0,2,3,Finland,domestic league (tier 1)
2020/11/01,Veikkausliiga,0,IFK Mariehamn,1380,1371.0,0 - 5,HJK Helsinki,1688,1697.0,0,5,Finland,domestic league (tier 1)
2021/05/09,Veikkausliiga,0,IFK Mariehamn,1398,1406.0,3 - 1,AC Oulu,1331,1323.0,3,1,Finland,domestic league (tier 1)
2021/05/23,Veikkausliiga,0,IFK Mariehamn,1402,1379.0,0 - 3,Haka Valkeakoski,1387,1410.0,0,3,Finland,domestic league (tier 1)
2021/05/30,Veikkausliiga,0,IFK Mariehamn,1379,1361.0,0 - 3,FC Lahti,1476,1494.0,0,3,Finland,domestic league (tier 1)
2021/06/14,Veikkausliiga,0,IFK Mariehamn,1357,1354.0,0 - 1,HJK Helsinki,1746,1749.0,0,1,Finland,domestic league (tier 1)
2021/06/24,Veikkausliiga,0,IFK Mariehamn,1354,1343.0,0 - 1,SJK Seinäjoki,1430,1441.0,0,1,Finland,domestic league (tier 1)
2021/07/04,Veikkausliiga,0,IFK Mariehamn,1335,1336.0,0 - 0,Helsingfors IFK,1474,1473.0,0,0,Finland,domestic league (tier 1)
2021/07/25,Veikkausliiga,0,IFK Mariehamn,1361,1352.0,0 - 2,Inter Turku,1598,1607.0,0,2,Finland,domestic league (tier 1)
2021/08/22,Veikkausliiga,0,IFK Mariehamn,1342,1330.0,1 - 3,FC Honka,1513,1525.0,1,3,Finland,domestic league (tier 1)
2021/08/29,Veikkausliiga,0,IFK Mariehamn,1330,1342.0,1 - 0,Ilves Tampere,1486,1474.0,1,0,Finland,domestic league (tier 1)
2021/09/05,Veikkausliiga,0,IFK Mariehamn,1342,1338.0,0 - 1,Kuopion PS,1677,1681.0,0,1,Finland,domestic league (tier 1)
2021/09/26,Veikkausliiga,0,IFK Mariehamn,1374,1381.0,4 - 2,KTP,1251,1244.0,4,2,Finland,domestic league (tier 1)
2021/10/23,Veikkausliiga,0,IFK Mariehamn,1399,1407.0,5 - 1,KTP,1262,1254.0,5,1,Finland,domestic league (tier 1)
2021/10/27,Veikkausliiga,0,IFK Mariehamn,1407,1388.0,0 - 3,FC Lahti,1477,1496.0,0,3,Finland,domestic league (tier 1)
2022/02/20,Finland League Cup,0,IFK Mariehamn,1391,1383.0,1 - 2,Helsingfors IFK,1454,1462.0,1,2,Finland,domestic cup
2022/04/02,Veikkausliiga,0,IFK Mariehamn,1383,1382.0,0 - 0,FC Lahti,1459,1460.0,0,0,Finland,domestic league (tier 1)
2022/04/18,Veikkausliiga,0,IFK Mariehamn,1387,1388.0,1 - 1,FC Honka,1526,1525.0,1,1,Finland,domestic league (tier 1)
2022/04/24,Veikkausliiga,0,IFK Mariehamn,1388,1394.0,2 - 1,AC Oulu,1347,1341.0,2,1,Finland,domestic league (tier 1)
2022/05/08,Veikkausliiga,0,IFK Mariehamn,1388,1393.0,1 - 1,Kuopion PS,1690,1685.0,1,1,Finland,domestic league (tier 1)
2022/05/29,Veikkausliiga,0,IFK Mariehamn,1384,1365.0,1 - 3,Vaasan PS,1382,1401.0,1,3,Finland,domestic league (tier 1)
2022/06/13,Finland Cup,0,IFK Mariehamn,1365,1363.0,1 - 1,Helsingfors IFK,1410,1412.0,1,1,Finland,domestic cup
2022/06/22,Veikkausliiga,0,IFK Mariehamn,1358,1373.0,2 - 1,HJK Helsinki,1647,1632.0,2,1,Finland,domestic league (tier 1)
2022/07/16,Veikkausliiga,0,IFK Mariehamn,1402,1398.0,1 - 1,Helsingfors IFK,1373,1377.0,1,1,Finland,domestic league (tier 1)
2022/08/06,Veikkausliiga,0,IFK Mariehamn,1386,1402.0,2 - 0,Haka Valkeakoski,1514,1498.0,2,0,Finland,domestic league (tier 1)
2022/08/21,Veikkausliiga,0,IFK Mariehamn,1400,1378.0,1 - 5,Ilves Tampere,1436,1458.0,1,5,Finland,domestic league (tier 1)
2022/09/04,Veikkausliiga,0,IFK Mariehamn,1399,1390.0,2 - 3,Inter Turku,1524,1533.0,2,3,Finland,domestic league (tier 1)
2022/09/11,Veikkausliiga,0,IFK Mariehamn,1390,1407.0,2 - 0,SJK Seinäjoki,1541,1524.0,2,0,Finland,domestic league (tier 1)
2022/09/18,Veikkausliiga,0,IFK Mariehamn,1407,1421.0,6 - 0,FC Lahti,1387,1373.0,6,0,Finland,domestic league (tier 1)
2022/09/28,Veikkausliiga,0,IFK Mariehamn,1421,1403.0,2 - 4,AC Oulu,1453,1471.0,2,4,Finland,domestic league (tier 1)
2022/10/16,Veikkausliiga,0,IFK Mariehamn,1426,1424.0,2 - 2,Vaasan PS,1448,1450.0,2,2,Finland,domestic league (tier 1)
2023/02/12,Finland League Cup,0,IFK Mariehamn,1422,1418.0,1 - 1,KTP,1296,1300.0,1,1,Finland,domestic cup
2023/02/19,Finland League Cup,0,IFK Mariehamn,1418,1402.0,0 - 2,FC Lahti,1358,1374.0,0,2,Finland,domestic cup
2023/04/05,Veikkausliiga,0,IFK Mariehamn,1402,1401.0,1 - 1,Ilves Tampere,1473,1474.0,1,1,Finland,domestic league (tier 1)
2023/04/16,Veikkausliiga,0,IFK Mariehamn,1401,1388.0,2 - 3,FC Lahti,1391,1404.0,2,3,Finland,domestic league (tier 1)
2023/04/30,Veikkausliiga,0,IFK Mariehamn,1378,1369.0,0 - 2,Kuopion PS,1622,1631.0,0,2,Finland,domestic league (tier 1)
2023/05/13,Veikkausliiga,0,IFK Mariehamn,1364,1376.0,2 - 1,Haka Valkeakoski,1548,1536.0,2,1,Finland,domestic league (tier 1)
2023/05/27,Veikkausliiga,0,IFK Mariehamn,1382,1387.0,0 - 0,HJK Helsinki,1674,1669.0,0,0,Finland,domestic league (tier 1)
2023/07/01,Veikkausliiga,0,IFK Mariehamn,1390,1386.0,0 - 0,KTP,1344,1348.0,0,0,Finland,domestic league (tier 1)
2023/07/05,Finland Cup,0,IFK Mariehamn,1386,1391.0,1 - 1,Kuopion PS,1666,1661.0,1,1,Finland,domestic cup
2023/07/09,Veikkausliiga,0,IFK Mariehamn,1391,1383.0,1 - 2,AC Oulu,1546,1554.0,1,2,Finland,domestic league (tier 1)
2023/07/30,Veikkausliiga,0,IFK Mariehamn,1407,1391.0,0 - 2,Inter Turku,1482,1498.0,0,2,Finland,domestic league (tier 1)
2023/08/18,Veikkausliiga,0,IFK Mariehamn,1393,1385.0,0 - 1,FC Honka,1549,1557.0,0,1,Finland,domestic league (tier 1)
2023/09/03,Veikkausliiga,0,IFK Mariehamn,1378,1370.0,1 - 2,Vaasan PS,1550,1558.0,1,2,Finland,domestic league (tier 1)
2023/09/22,Veikkausliiga,0,IFK Mariehamn,1365,1376.0,2 - 1,Haka Valkeakoski,1484,1473.0,2,1,Finland,domestic league (tier 1)
2023/10/08,Veikkausliiga,0,IFK Mariehamn,1371,1368.0,0 - 0,FC Lahti,1382,1385.0,0,0,Finland,domestic league (tier 1)
2023/10/29,Veikkausliiga rel.,0,IFK Mariehamn,1384,1393.0,3 - 0,IF Gnistan,1291,1282.0,3,0,Finland,domestic relegation
2024/02/17,Finland League Cup,0,IFK Mariehamn,1408,1397.0,1 - 2,Ekenäs IF,1327,1338.0,1,2,Finland,domestic cup
2024/03/01,Finland League Cup,0,IFK Mariehamn,1399,1395.0,0 - 0,IF Gnistan,1304,1308.0,0,0,Finland,domestic cup
2024/04/06,Veikkausliiga,0,IFK Mariehamn,1395,1400.0,3 - 2,Ekenäs IF,1317,1312.0,3,2,Finland,domestic league (tier 1)
2024/04/13,Veikkausliiga,0,IFK Mariehamn,1400,1404.0,2 - 2,Kuopion PS,1666,1662.0,2,2,Finland,domestic league (tier 1)
2024/04/28,Veikkausliiga,0,IFK Mariehamn,1401,1391.0,0 - 1,Ilves Tampere,1487,1497.0,0,1,Finland,domestic league (tier 1)
2024/05/05,Veikkausliiga,0,IFK Mariehamn,1391,1406.0,3 - 1,Inter Turku,1480,1465.0,3,1,Finland,domestic league (tier 1)
2024/05/26,Veikkausliiga,0,IFK Mariehamn,1396,1392.0,1 - 1,IF Gnistan,1331,1335.0,1,1,Finland,domestic league (tier 1)
2024/06/12,Veikkausliiga,0,IFK Mariehamn,1408,1411.0,0 - 0,Vaasan PS,1608,1605.0,0,0,Finland,domestic league (tier 1)
2024/06/16,Finland Cup,0,IFK Mariehamn,1411,1403.0,1 - 3,Kuopion PS,1678,1686.0,1,3,Finland,domestic cup
2024/06/30,Veikkausliiga,0,IFK Mariehamn,1413,1406.0,1 - 2,HJK Helsinki,1633,1640.0,1,2,Finland,domestic league (tier 1)
2024/07/07,Veikkausliiga,0,IFK Mariehamn,1406,1389.0,0 - 3,Haka Valkeakoski,1516,1533.0,0,3,Finland,domestic league (tier 1)
2024/07/21,Veikkausliiga,0,IFK Mariehamn,1389,1375.0,0 - 4,SJK Seinäjoki,1571,1585.0,0,4,Finland,domestic league (tier 1)
2024/08/18,Veikkausliiga,0,IFK Mariehamn,1359,1356.0,0 - 0,FC Lahti,1356,1359.0,0,0,Finland,domestic league (tier 1)
2024/09/01,Veikkausliiga,0,IFK Mariehamn,1346,1355.0,2 - 1,AC Oulu,1427,1418.0,2,1,Finland,domestic league (tier 1)
2025/02/22,Finland League Cup,0,IFK Mariehamn,1341,1330.0,1 - 2,KTP,1292,1303.0,1,2,Finland,domestic cup
2025/02/26,Finland League Cup,0,IFK Mariehamn,1330,1331.0,0 - 0,Haka Valkeakoski,1492,1491.0,0,0,Finland,domestic cup
2025/04/05,Veikkausliiga,0,IFK Mariehamn,1331,1308.0,0 - 2,FF Jaro,1238,1261.0,0,2,Finland,domestic league (tier 1)
2025/04/19,Veikkausliiga,0,IFK Mariehamn,1331,1324.0,1 - 2,SJK Seinäjoki,1539,1546.0,1,2,Finland,domestic league (tier 1)
2025/04/27,Veikkausliiga,0,IFK Mariehamn,1321,1335.0,3 - 2,Ilves Tampere,1586,1572.0,3,2,Finland,domestic league (tier 1)
2025/05/10,Veikkausliiga,0,IFK Mariehamn,1327,1332.0,2 - 2,Inter Turku,1598,1593.0,2,2,Finland,domestic league (tier 1)
2025/05/24,Veikkausliiga,0,IFK Mariehamn,1346,1336.0,0 - 4,HJK Helsinki,1612,1622.0,0,4,Finland,domestic league (tier 1)
2025/05/28,Finland Cup,0,IFK Mariehamn,1336,1332.0,2 - 2,TPS Turku,1277,1281.0,2,2,Finland,domestic cup
2025/06/14,Veikkausliiga,0,IFK Mariehamn,1321,1307.0,1 - 5,Vaasan PS,1505,1519.0,1,5,Finland,domestic league (tier 1)
2025/06/18,Veikkausliiga,0,IFK Mariehamn,1307,1322.0,1 - 0,Kuopion PS,1617,1602.0,1,0,Finland,domestic league (tier 1)
2025/07/21,Veikkausliiga,0,IFK Mariehamn,1327,1328.0,1 - 1,Haka Valkeakoski,1445,1444.0,1,1,Finland,domestic league (tier 1)
2025/07/26,Veikkausliiga,0,IFK Mariehamn,1328,1317.0,0 - 1,AC Oulu,1389,1400.0,0,1,Finland,domestic league (tier 1)
2025/08/09,Veikkausliiga,0,IFK Mariehamn,1323,1306.0,2 - 5,IF Gnistan,1437,1454.0,2,5,Finland,domestic league (tier 1)
2025/08/16,Veikkausliiga,0,IFK Mariehamn,1306,1318.0,3 - 0,KTP,1290,1278.0,3,0,Finland,domestic league (tier 1)
2025/09/13,Veikkausliiga,0,IFK Mariehamn,1312,1311.0,1 - 1,Haka Valkeakoski,1391,1392.0,1,1,Finland,domestic league (tier 1)
2025/09/21,Veikkausliiga,0,IFK Mariehamn,1311,1322.0,2 - 1,Vaasan PS,1458,1447.0,2,1,Finland,domestic league (tier 1)
2025/10/18,Veikkausliiga,0,IFK Mariehamn,1336,1349.0,2 - 0,AC Oulu,1385,1372.0,2,0,Finland,domestic league (tier 1)
2026/02/11,Finland League Cup,0,IFK Mariehamn,1363,1360.0,1 - 1,TPS Turku,1289,1292.0,1,1,Finland,domestic cup
2026/03/05,Finland League Cup,0,IFK Mariehamn,1360,1371.0,4 - 0,FC Lahti,1394,1383.0,4,0,Finland,domestic cup
2026/04/04,Veikkausliiga,0,IFK Mariehamn,1371,1366.0,1 - 1,TPS Turku,1279,1284.0,1,1,Finland,domestic league (tier 1)
2026/04/18,Veikkausliiga,0,IFK Mariehamn,1360,1364.0,2 - 2,Ilves Tampere,1609,1605.0,2,2,Finland,domestic league (tier 1)
2026/05/02,Veikkausliiga,0,IFK Mariehamn,1372,1361.0,0 - 1,Vaasan PS,1421,1432.0,0,1,Finland,domestic league (tier 1)
2026/05/16,Veikkausliiga,0,IFK Mariehamn,1365,1369.0,1 - 1,Kuopion PS,1619,1615.0,1,1,Finland,domestic league (tier 1)
2026/05/26,Finland Cup,0,IFK Mariehamn,1356,1344.0,0 - 1,FC Lahti,1390,1402.0,0,1,Finland,domestic cup
2026/06/13,Veikkausliiga,0,IFK Mariehamn,1341,1322.0,0 - 3,IF Gnistan,1413,1432.0,0,3,Finland,domestic league (tier 1)
2026/06/23,Veikkausliiga,0,IFK Mariehamn,1319,1309.0,0 - 4,HJK Helsinki,1603,1613.0,0,4,Finland,domestic league (tier 1)
2026/06/27,Veikkausliiga,0,IFK Mariehamn,1309,1303.0,0 - 2,Inter Turku,1657,1663.0,0,2,Finland,domestic league (tier 1)
2026/07/20,Veikkausliiga,0,IFK Mariehamn,1291,1278.0,0 - 2,FC Lahti,1429,1442.0,0,2,Finland,domestic league (tier 1)
2026/07/25,Veikkausliiga,0,IFK Mariehamn,1278,1280.0,1 - 1,AC Oulu,1448,1446.0,1,1,Finland,domestic league (tier 1)
2026/08/15,Veikkausliiga,0,IFK Mariehamn,1267,1287.0,2 - 0,SJK Seinäjoki,1477,1457.0,2,0,Finland,domestic league (tier 1)
2026/08/31,Veikkausliiga,0,IFK Mariehamn,1315,1327.0,2 - 0,FF Jaro,1336,1324.0,2,0,Finland,domestic league (tier 1)
2016/07/02,Veikkausliiga,0,Ilves Tampere,1387,1399.0,2 - 1,SJK Seinäjoki,1558,1546.0,2,1,Finland,domestic league (tier 1)
2016/07/17,Veikkausliiga,0,Ilves Tampere,1392,1406.0,1 - 0,HJK Helsinki,1638,1624.0,1,0,Finland,domestic league (tier 1)
2016/07/24,Veikkausliiga,0,Ilves Tampere,1406,1401.0,1 - 1,PS Kemi,1334,1339.0,1,1,Finland,domestic league (tier 1)
2016/08/06,Veikkausliiga,0,Ilves Tampere,1402,1398.0,0 - 0,Inter Turku,1360,1364.0,0,0,Finland,domestic league (tier 1)
2016/08/13,Veikkausliiga,0,Ilves Tampere,1392,1402.0,3 - 1,Helsingfors IFK,1380,1370.0,3,1,Finland,domestic league (tier 1)
2016/08/24,Veikkausliiga,0,Ilves Tampere,1395,1395.0,1 - 1,Rovaniemi PS,1495,1495.0,1,1,Finland,domestic league (tier 1)
2016/09/09,Veikkausliiga,0,Ilves Tampere,1407,1417.0,2 - 1,Rovaniemi PS,1505,1495.0,2,1,Finland,domestic league (tier 1)
2016/09/16,Veikkausliiga,0,Ilves Tampere,1432,1430.0,0 - 0,Vaasan PS,1477,1479.0,0,0,Finland,domestic league (tier 1)
2016/09/25,Veikkausliiga,0,Ilves Tampere,1444,1451.0,2 - 0,PS Kemi,1343,1336.0,2,0,Finland,domestic league (tier 1)
2016/10/14,Veikkausliiga,0,Ilves Tampere,1454,1450.0,1 - 1,Helsingfors IFK,1419,1423.0,1,1,Finland,domestic league (tier 1)
2016/10/17,Veikkausliiga,0,Ilves Tampere,1450,1436.0,1 - 3,HJK Helsinki,1569,1583.0,1,3,Finland,domestic league (tier 1)
2017/04/08,Veikkausliiga,0,Ilves Tampere,1470,1466.0,1 - 1,FC Lahti,1421,1425.0,1,1,Finland,domestic league (tier 1)
2017/04/22,Veikkausliiga,0,Ilves Tampere,1481,1459.0,0 - 2,Rovaniemi PS,1417,1439.0,0,2,Finland,domestic league (tier 1)
2017/05/06,Veikkausliiga,0,Ilves Tampere,1472,1486.0,3 - 0,IFK Mariehamn,1505,1491.0,3,0,Finland,domestic league (tier 1)
2017/05/19,Veikkausliiga,0,Ilves Tampere,1480,1458.0,0 - 2,Inter Turku,1412,1434.0,0,2,Finland,domestic league (tier 1)
2017/05/31,Veikkausliiga,0,Ilves Tampere,1460,1436.0,2 - 4,PS Kemi,1308,1332.0,2,4,Finland,domestic league (tier 1)
2017/06/22,Veikkausliiga,0,Ilves Tampere,1450,1458.0,1 - 0,SJK Seinäjoki,1497,1489.0,1,0,Finland,domestic league (tier 1)
2017/07/01,Veikkausliiga,0,Ilves Tampere,1450,1457.0,1 - 0,Kuopion PS,1460,1453.0,1,0,Finland,domestic league (tier 1)
2017/07/16,Veikkausliiga,0,Ilves Tampere,1461,1463.0,1 - 1,HJK Helsinki,1641,1639.0,1,1,Finland,domestic league (tier 1)
2017/07/29,Veikkausliiga,0,Ilves Tampere,1465,1465.0,0 - 0,Vaasan PS,1554,1554.0,0,0,Finland,domestic league (tier 1)
2017/08/05,Veikkausliiga,0,Ilves Tampere,1465,1468.0,2 - 1,JJK Jyväskylä,1251,1248.0,2,1,Finland,domestic league (tier 1)
2017/08/14,Veikkausliiga,0,Ilves Tampere,1468,1472.0,4 - 3,Helsingfors IFK,1336,1332.0,4,3,Finland,domestic league (tier 1)
2017/08/26,Veikkausliiga,0,Ilves Tampere,1476,1480.0,2 - 1,Helsingfors IFK,1342,1338.0,2,1,Finland,domestic league (tier 1)
2017/09/10,Veikkausliiga,0,Ilves Tampere,1481,1487.0,3 - 2,Rovaniemi PS,1421,1415.0,3,2,Finland,domestic league (tier 1)
2017/09/16,Veikkausliiga,0,Ilves Tampere,1487,1473.0,1 - 4,HJK Helsinki,1665,1679.0,1,4,Finland,domestic league (tier 1)
2017/09/30,Veikkausliiga,0,Ilves Tampere,1476,1484.0,2 - 1,FC Lahti,1512,1504.0,2,1,Finland,domestic league (tier 1)
2017/10/15,Veikkausliiga,0,Ilves Tampere,1481,1489.0,1 - 0,Kuopion PS,1513,1505.0,1,0,Finland,domestic league (tier 1)
2017/10/20,Veikkausliiga,0,Ilves Tampere,1489,1493.0,1 - 0,PS Kemi,1328,1324.0,1,0,Finland,domestic league (tier 1)
2018/04/15,Veikkausliiga,0,Ilves Tampere,1494,1502.0,2 - 1,Kuopion PS,1539,1531.0,2,1,Finland,domestic league (tier 1)
2018/04/29,Veikkausliiga,0,Ilves Tampere,1491,1488.0,1 - 1,SJK Seinäjoki,1481,1484.0,1,1,Finland,domestic league (tier 1)
2018/05/07,Veikkausliiga,0,Ilves Tampere,1500,1506.0,1 - 0,Rovaniemi PS,1449,1443.0,1,0,Finland,domestic league (tier 1)
2018/05/18,Veikkausliiga,0,Ilves Tampere,1492,1487.0,0 - 0,Vaasan PS,1423,1428.0,0,0,Finland,domestic league (tier 1)
2018/05/26,Veikkausliiga,0,Ilves Tampere,1497,1504.0,2 - 0,TPS Turku,1377,1370.0,2,0,Finland,domestic league (tier 1)
2018/06/16,Veikkausliiga,0,Ilves Tampere,1482,1485.0,0 - 0,HJK Helsinki,1695,1692.0,0,0,Finland,domestic league (tier 1)
2018/06/20,Veikkausliiga,0,Ilves Tampere,1485,1482.0,0 - 0,FC Lahti,1495,1498.0,0,0,Finland,domestic league (tier 1)
2018/06/30,Veikkausliiga,0,Ilves Tampere,1493,1489.0,1 - 1,Inter Turku,1433,1437.0,1,1,Finland,domestic league (tier 1)
2018/07/22,Veikkausliiga,0,Ilves Tampere,1463,1467.0,2 - 0,PS Kemi,1257,1253.0,2,0,Finland,domestic league (tier 1)
2018/08/05,Veikkausliiga,0,Ilves Tampere,1482,1480.0,3 - 3,FC Honka,1505,1507.0,3,3,Finland,domestic league (tier 1)
2018/08/25,Veikkausliiga,0,Ilves Tampere,1492,1498.0,2 - 0,TPS Turku,1361,1355.0,2,0,Finland,domestic league (tier 1)
2018/08/29,Veikkausliiga,0,Ilves Tampere,1498,1482.0,1 - 2,IFK Mariehamn,1363,1379.0,1,2,Finland,domestic league (tier 1)
2018/09/13,Veikkausliiga,0,Ilves Tampere,1499,1487.0,0 - 1,FC Honka,1512,1524.0,0,1,Finland,domestic league (tier 1)
2018/09/22,Veikkausliiga,0,Ilves Tampere,1499,1505.0,1 - 0,Inter Turku,1446,1440.0,1,0,Finland,domestic league (tier 1)
2018/09/26,Veikkausliiga,0,Ilves Tampere,1505,1497.0,1 - 2,HJK Helsinki,1678,1686.0,1,2,Finland,domestic league (tier 1)
2018/09/29,Veikkausliiga,0,Ilves Tampere,1497,1501.0,4 - 0,PS Kemi,1249,1245.0,4,0,Finland,domestic league (tier 1)
2018/10/21,Veikkausliiga,0,Ilves Tampere,1492,1477.0,0 - 1,FC Lahti,1387,1402.0,0,1,Finland,domestic league (tier 1)
2019/04/14,Veikkausliiga,0,Ilves Tampere,1534,1529.0,0 - 0,Vaasan PS,1424,1429.0,0,0,Finland,domestic league (tier 1)
2019/04/26,Veikkausliiga,0,Ilves Tampere,1539,1543.0,1 - 0,FC Lahti,1404,1400.0,1,0,Finland,domestic league (tier 1)
2019/05/07,Veikkausliiga,0,Ilves Tampere,1548,1546.0,1 - 1,FC Honka,1562,1564.0,1,1,Finland,domestic league (tier 1)
2019/05/20,Veikkausliiga,0,Ilves Tampere,1564,1559.0,0 - 0,IFK Mariehamn,1463,1468.0,0,0,Finland,domestic league (tier 1)
2019/06/25,Veikkausliiga,0,Ilves Tampere,1577,1581.0,4 - 2,KPV Kokkola,1338,1334.0,4,2,Finland,domestic league (tier 1)
2019/07/07,Veikkausliiga,0,Ilves Tampere,1588,1595.0,3 - 0,SJK Seinäjoki,1435,1428.0,3,0,Finland,domestic league (tier 1)
2019/07/20,Veikkausliiga,0,Ilves Tampere,1582,1580.0,1 - 1,HJK Helsinki,1612,1614.0,1,1,Finland,domestic league (tier 1)
2019/08/04,Veikkausliiga,0,Ilves Tampere,1592,1585.0,2 - 2,Rovaniemi PS,1410,1417.0,2,2,Finland,domestic league (tier 1)
2019/08/16,Veikkausliiga,0,Ilves Tampere,1593,1572.0,0 - 2,Kuopion PS,1552,1573.0,0,2,Finland,domestic league (tier 1)
2019/08/27,Veikkausliiga,0,Ilves Tampere,1570,1575.0,3 - 1,Helsingfors IFK,1404,1399.0,3,1,Finland,domestic league (tier 1)
2019/08/31,Veikkausliiga,0,Ilves Tampere,1575,1561.0,0 - 1,Inter Turku,1540,1554.0,0,1,Finland,domestic league (tier 1)
2019/09/15,Veikkausliiga,0,Ilves Tampere,1561,1541.0,0 - 2,FC Honka,1529,1549.0,0,2,Finland,domestic league (tier 1)
2019/09/22,Veikkausliiga,0,Ilves Tampere,1541,1549.0,1 - 0,Inter Turku,1561,1553.0,1,0,Finland,domestic league (tier 1)
2019/10/19,Veikkausliiga,0,Ilves Tampere,1540,1548.0,2 - 1,HJK Helsinki,1581,1573.0,2,1,Finland,domestic league (tier 1)
2020/07/01,Veikkausliiga,0,Ilves Tampere,1555,1559.0,4 - 3,IFK Mariehamn,1403,1399.0,4,3,Finland,domestic league (tier 1)
2020/07/17,Veikkausliiga,0,Ilves Tampere,1553,1553.0,0 - 0,Kuopion PS,1652,1652.0,0,0,Finland,domestic league (tier 1)
2020/08/01,Veikkausliiga,0,Ilves Tampere,1543,1538.0,2 - 2,Helsingfors IFK,1433,1438.0,2,2,Finland,domestic league (tier 1)
2020/08/05,Veikkausliiga,0,Ilves Tampere,1538,1542.0,1 - 0,Rovaniemi PS,1380,1376.0,1,0,Finland,domestic league (tier 1)
2020/08/15,Veikkausliiga,0,Ilves Tampere,1532,1525.0,0 - 0,SJK Seinäjoki,1332,1339.0,0,0,Finland,domestic league (tier 1)
2020/08/22,Veikkausliiga,0,Ilves Tampere,1525,1533.0,3 - 1,FC Lahti,1459,1451.0,3,1,Finland,domestic league (tier 1)
2020/09/13,Veikkausliiga,0,Ilves Tampere,1546,1536.0,1 - 2,HJK Helsinki,1659,1669.0,1,2,Finland,domestic league (tier 1)
2020/09/19,Veikkausliiga,0,Ilves Tampere,1536,1530.0,1 - 1,Haka Valkeakoski,1410,1416.0,1,1,Finland,domestic league (tier 1)
2020/09/27,Veikkausliiga,0,Ilves Tampere,1545,1551.0,4 - 0,TPS Turku,1366,1360.0,4,0,Finland,domestic league (tier 1)
2020/10/18,Veikkausliiga,0,Ilves Tampere,1567,1547.0,0 - 2,Inter Turku,1559,1579.0,0,2,Finland,domestic league (tier 1)
2020/11/04,Veikkausliiga,0,Ilves Tampere,1560,1574.0,4 - 1,FC Honka,1598,1584.0,4,1,Finland,domestic league (tier 1)
2021/05/11,Veikkausliiga,0,Ilves Tampere,1531,1518.0,0 - 3,HJK Helsinki,1717,1730.0,0,3,Finland,domestic league (tier 1)
2021/05/22,Veikkausliiga,0,Ilves Tampere,1519,1530.0,3 - 2,Kuopion PS,1648,1637.0,3,2,Finland,domestic league (tier 1)
2021/05/28,Veikkausliiga,0,Ilves Tampere,1530,1535.0,2 - 0,KTP,1329,1324.0,2,0,Finland,domestic league (tier 1)
2021/06/23,Veikkausliiga,0,Ilves Tampere,1510,1521.0,2 - 1,Inter Turku,1637,1626.0,2,1,Finland,domestic league (tier 1)
2021/07/05,Veikkausliiga,0,Ilves Tampere,1517,1522.0,1 - 0,Haka Valkeakoski,1417,1412.0,1,0,Finland,domestic league (tier 1)
2021/07/16,Veikkausliiga,0,Ilves Tampere,1522,1507.0,0 - 1,SJK Seinäjoki,1443,1458.0,0,1,Finland,domestic league (tier 1)
2021/07/30,Veikkausliiga,0,Ilves Tampere,1503,1506.0,1 - 0,AC Oulu,1307,1304.0,1,0,Finland,domestic league (tier 1)
2021/09/11,Veikkausliiga,0,Ilves Tampere,1474,1482.0,1 - 0,FC Lahti,1501,1493.0,1,0,Finland,domestic league (tier 1)
2021/09/14,Veikkausliiga,0,Ilves Tampere,1482,1490.0,1 - 0,Helsingfors IFK,1494,1486.0,1,0,Finland,domestic league (tier 1)
2021/09/22,Veikkausliiga,0,Ilves Tampere,1500,1507.0,2 - 0,IFK Mariehamn,1381,1374.0,2,0,Finland,domestic league (tier 1)
2021/09/26,Veikkausliiga,0,Ilves Tampere,1507,1504.0,0 - 0,FC Honka,1500,1503.0,0,0,Finland,domestic league (tier 1)
2021/10/16,Veikkausliiga,0,Ilves Tampere,1501,1493.0,2 - 3,HJK Helsinki,1676,1684.0,2,3,Finland,domestic league (tier 1)
2021/10/27,Veikkausliiga,0,Ilves Tampere,1482,1467.0,0 - 2,Inter Turku,1582,1597.0,0,2,Finland,domestic league (tier 1)
2022/02/16,Finland League Cup,0,Ilves Tampere,1492,1497.0,1 - 0,FC Honka,1494,1489.0,1,0,Finland,domestic cup
2022/02/19,Finland League Cup,0,Ilves Tampere,1497,1487.0,3 - 4,FC Lahti,1464,1474.0,3,4,Finland,domestic cup
2022/04/09,Veikkausliiga,0,Ilves Tampere,1474,1467.0,1 - 2,Kuopion PS,1667,1674.0,1,2,Finland,domestic league (tier 1)
2022/04/23,Veikkausliiga,0,Ilves Tampere,1466,1471.0,3 - 2,Vaasan PS,1368,1363.0,3,2,Finland,domestic league (tier 1)
2022/04/29,Veikkausliiga,0,Ilves Tampere,1471,1484.0,3 - 1,SJK Seinäjoki,1530,1517.0,3,1,Finland,domestic league (tier 1)
2022/05/15,Veikkausliiga,0,Ilves Tampere,1481,1486.0,1 - 0,IFK Mariehamn,1393,1388.0,1,0,Finland,domestic league (tier 1)
2022/06/18,Veikkausliiga,0,Ilves Tampere,1494,1500.0,3 - 2,FC Lahti,1443,1437.0,3,2,Finland,domestic league (tier 1)
2022/06/22,Veikkausliiga,0,Ilves Tampere,1500,1485.0,0 - 1,Helsingfors IFK,1388,1403.0,0,1,Finland,domestic league (tier 1)
2022/07/11,Veikkausliiga,0,Ilves Tampere,1495,1472.0,0 - 2,AC Oulu,1383,1406.0,0,2,Finland,domestic league (tier 1)
2022/07/23,Veikkausliiga,0,Ilves Tampere,1476,1467.0,1 - 2,HJK Helsinki,1623,1632.0,1,2,Finland,domestic league (tier 1)
2022/08/13,Veikkausliiga,0,Ilves Tampere,1453,1436.0,0 - 4,FC Honka,1593,1610.0,0,4,Finland,domestic league (tier 1)
2022/08/27,Veikkausliiga,0,Ilves Tampere,1458,1446.0,2 - 3,Haka Valkeakoski,1488,1500.0,2,3,Finland,domestic league (tier 1)
2022/09/11,Veikkausliiga,0,Ilves Tampere,1453,1452.0,1 - 1,Inter Turku,1533,1534.0,1,1,Finland,domestic league (tier 1)
2022/09/18,Veikkausliiga,0,Ilves Tampere,1452,1438.0,2 - 3,Vaasan PS,1401,1415.0,2,3,Finland,domestic league (tier 1)
2022/10/02,Veikkausliiga,0,Ilves Tampere,1455,1441.0,2 - 3,IFK Mariehamn,1403,1417.0,2,3,Finland,domestic league (tier 1)
2022/10/09,Veikkausliiga,0,Ilves Tampere,1441,1446.0,1 - 0,FC Lahti,1352,1347.0,1,0,Finland,domestic league (tier 1)
2023/02/11,Finland League Cup,0,Ilves Tampere,1464,1481.0,3 - 0,Kuopion PS,1670,1653.0,3,0,Finland,domestic cup
2023/02/25,Finland League Cup,0,Ilves Tampere,1483,1473.0,1 - 2,SJK Seinäjoki,1486,1496.0,1,2,Finland,domestic cup
2023/04/15,Veikkausliiga,0,Ilves Tampere,1474,1482.0,2 - 1,Inter Turku,1508,1500.0,2,1,Finland,domestic league (tier 1)
2023/04/29,Veikkausliiga,0,Ilves Tampere,1490,1493.0,1 - 0,KTP,1307,1304.0,1,0,Finland,domestic league (tier 1)
2023/05/05,Veikkausliiga,0,Ilves Tampere,1493,1480.0,1 - 2,AC Oulu,1475,1488.0,1,2,Finland,domestic league (tier 1)
2023/05/21,Veikkausliiga,0,Ilves Tampere,1474,1477.0,1 - 1,HJK Helsinki,1677,1674.0,1,1,Finland,domestic league (tier 1)
2023/05/31,Finland Cup,0,Ilves Tampere,1496,1497.0,3 - 1,KäPa,1021,1020.0,3,1,Finland,domestic cup
2023/06/03,Veikkausliiga,0,Ilves Tampere,1497,1491.0,2 - 2,FC Lahti,1372,1378.0,2,2,Finland,domestic league (tier 1)
2023/07/01,Veikkausliiga,0,Ilves Tampere,1489,1488.0,1 - 1,SJK Seinäjoki,1539,1540.0,1,1,Finland,domestic league (tier 1)
2023/07/15,Veikkausliiga,0,Ilves Tampere,1487,1482.0,0 - 0,IFK Mariehamn,1383,1388.0,0,0,Finland,domestic league (tier 1)
2023/07/28,Veikkausliiga,0,Ilves Tampere,1478,1460.0,0 - 2,Vaasan PS,1508,1526.0,0,2,Finland,domestic league (tier 1)
2023/08/04,Veikkausliiga,0,Ilves Tampere,1460,1447.0,1 - 2,Haka Valkeakoski,1461,1474.0,1,2,Finland,domestic league (tier 1)
2023/08/13,Veikkausliiga,0,Ilves Tampere,1447,1434.0,0 - 3,Kuopion PS,1633,1646.0,0,3,Finland,domestic league (tier 1)
2023/08/23,Finland Cup,0,Ilves Tampere,1460,1468.0,1 - 0,AC Oulu,1498,1490.0,1,0,Finland,domestic cup
2023/09/27,Veikkausliiga,0,Ilves Tampere,1470,1475.0,2 - 1,IFK Mariehamn,1376,1371.0,2,1,Finland,domestic league (tier 1)
2023/10/06,Veikkausliiga,0,Ilves Tampere,1487,1494.0,3 - 2,AC Oulu,1472,1465.0,3,2,Finland,domestic league (tier 1)
2024/02/03,Finland League Cup,0,Ilves Tampere,1530,1541.0,3 - 1,Vaasan PS,1627,1616.0,3,1,Finland,domestic cup
2024/02/16,Finland League Cup,0,Ilves Tampere,1549,1546.0,2 - 2,Haka Valkeakoski,1493,1496.0,2,2,Finland,domestic cup
2024/03/09,Finland League Cup,0,Ilves Tampere,1536,1525.0,0 - 1,Inter Turku,1476,1487.0,0,1,Finland,domestic cup
2024/04/06,Veikkausliiga,0,Ilves Tampere,1525,1519.0,0 - 0,FC Lahti,1387,1393.0,0,0,Finland,domestic league (tier 1)
2024/04/13,Veikkausliiga,0,Ilves Tampere,1519,1494.0,4 - 6,IF Gnistan,1320,1345.0,4,6,Finland,domestic league (tier 1)
2024/05/04,Veikkausliiga,0,Ilves Tampere,1497,1503.0,3 - 2,AC Oulu,1453,1447.0,3,2,Finland,domestic league (tier 1)
2024/05/17,Veikkausliiga,0,Ilves Tampere,1514,1529.0,5 - 0,Haka Valkeakoski,1529,1514.0,5,0,Finland,domestic league (tier 1)
2024/05/22,Veikkausliiga,0,Ilves Tampere,1529,1538.0,3 - 0,Inter Turku,1448,1439.0,3,0,Finland,domestic league (tier 1)
2024/05/31,Veikkausliiga,0,Ilves Tampere,1543,1534.0,1 - 2,Kuopion PS,1682,1691.0,1,2,Finland,domestic league (tier 1)
2024/06/15,Finland Cup,0,Ilves Tampere,1555,1534.0,2 - 4,SJK Seinäjoki,1506,1527.0,2,4,Finland,domestic cup
2024/06/19,Veikkausliiga,0,Ilves Tampere,1534,1531.0,2 - 2,SJK Seinäjoki,1527,1530.0,2,2,Finland,domestic league (tier 1)
2024/07/06,Veikkausliiga,0,Ilves Tampere,1528,1546.0,3 - 0,HJK Helsinki,1640,1622.0,3,0,Finland,domestic league (tier 1)
2024/07/21,Veikkausliiga,0,Ilves Tampere,1538,1545.0,3 - 2,Vaasan PS,1530,1523.0,3,2,Finland,domestic league (tier 1)
2024/08/11,Veikkausliiga,0,Ilves Tampere,1563,1568.0,2 - 0,IFK Mariehamn,1364,1359.0,2,0,Finland,domestic league (tier 1)
2024/08/24,Veikkausliiga,0,Ilves Tampere,1560,1564.0,5 - 0,Ekenäs IF,1266,1262.0,5,0,Finland,domestic league (tier 1)
2025/01/25,Finland League Cup,0,Ilves Tampere,1573,1570.0,1 - 1,SJK Seinäjoki,1542,1545.0,1,1,Finland,domestic cup
2025/02/15,Finland League Cup,0,Ilves Tampere,1576,1580.0,1 - 0,Vaasan PS,1491,1487.0,1,0,Finland,domestic cup
2025/02/22,Finland League Cup,0,Ilves Tampere,1580,1582.0,4 - 0,FF Jaro,1240,1238.0,4,0,Finland,domestic cup
2025/03/08,Finland League Cup,0,Ilves Tampere,1582,1563.0,0 - 4,Inter Turku,1552,1571.0,0,4,Finland,domestic cup
2025/04/05,Veikkausliiga,0,Ilves Tampere,1563,1572.0,3 - 2,HJK Helsinki,1619,1610.0,3,2,Finland,domestic league (tier 1)
2025/04/12,Veikkausliiga,0,Ilves Tampere,1572,1574.0,2 - 1,FF Jaro,1261,1259.0,2,1,Finland,domestic league (tier 1)
2025/05/09,Veikkausliiga,0,Ilves Tampere,1562,1567.0,3 - 2,Haka Valkeakoski,1471,1466.0,3,2,Finland,domestic league (tier 1)
2025/05/21,Veikkausliiga,0,Ilves Tampere,1557,1576.0,3 - 0,Kuopion PS,1680,1661.0,3,0,Finland,domestic league (tier 1)
2025/05/24,Veikkausliiga,0,Ilves Tampere,1576,1569.0,0 - 0,AC Oulu,1375,1382.0,0,0,Finland,domestic league (tier 1)
2025/06/18,Veikkausliiga,0,Ilves Tampere,1591,1576.0,2 - 3,SJK Seinäjoki,1520,1535.0,2,3,Finland,domestic league (tier 1)
2025/07/02,Veikkausliiga,0,Ilves Tampere,1594,1596.0,2 - 1,KTP,1284,1282.0,2,1,Finland,domestic league (tier 1)
2025/07/14,Veikkausliiga,0,Ilves Tampere,1593,1597.0,3 - 2,Vaasan PS,1475,1471.0,3,2,Finland,domestic league (tier 1)
2025/08/04,Veikkausliiga,0,Ilves Tampere,1617,1610.0,2 - 2,IF Gnistan,1430,1437.0,2,2,Finland,domestic league (tier 1)
2025/08/23,Veikkausliiga,0,Ilves Tampere,1609,1617.0,1 - 0,Inter Turku,1637,1629.0,1,0,Finland,domestic league (tier 1)
2025/08/31,Veikkausliiga,0,Ilves Tampere,1617,1619.0,2 - 1,IFK Mariehamn,1314,1312.0,2,1,Finland,domestic league (tier 1)
2025/09/23,Veikkausliiga,0,Ilves Tampere,1639,1642.0,3 - 2,IF Gnistan,1429,1426.0,3,2,Finland,domestic league (tier 1)
2025/10/16,Veikkausliiga,0,Ilves Tampere,1635,1633.0,1 - 1,Kuopion PS,1649,1651.0,1,1,Finland,domestic league (tier 1)
2025/10/19,Veikkausliiga,0,Ilves Tampere,1633,1620.0,1 - 2,Inter Turku,1607,1620.0,1,2,Finland,domestic league (tier 1)
2025/10/30,Veikkausliiga,0,Ilves Tampere,1631,1640.0,3 - 1,HJK Helsinki,1597,1588.0,3,1,Finland,domestic league (tier 1)
2025/11/03,Veikkausliiga,0,Ilves Tampere,1640,1636.0,3 - 3,SJK Seinäjoki,1576,1580.0,3,3,Finland,domestic league (tier 1)
2026/01/31,Finland League Cup,0,Ilves Tampere,1624,1626.0,4 - 2,FF Jaro,1356,1354.0,4,2,Finland,domestic cup
2026/02/18,Finland League Cup,0,Ilves Tampere,1642,1648.0,3 - 1,SJK Seinäjoki,1572,1566.0,3,1,Finland,domestic cup
2026/02/21,Finland League Cup,0,Ilves Tampere,1648,1642.0,2 - 2,AC Oulu,1422,1428.0,2,2,Finland,domestic cup
2026/04/04,Veikkausliiga,0,Ilves Tampere,1636,1616.0,1 - 3,Kuopion PS,1622,1642.0,1,3,Finland,domestic league (tier 1)
2026/05/08,Veikkausliiga,0,Ilves Tampere,1592,1597.0,1 - 0,AC Oulu,1483,1478.0,1,0,Finland,domestic league (tier 1)
2026/05/20,Veikkausliiga,0,Ilves Tampere,1599,1581.0,1 - 3,Inter Turku,1640,1658.0,1,3,Finland,domestic league (tier 1)
2026/05/23,Veikkausliiga,0,Ilves Tampere,1581,1586.0,2 - 0,IF Gnistan,1408,1403.0,2,0,Finland,domestic league (tier 1)
2026/05/27,Finland Cup,0,Ilves Tampere,1586,1588.0,1 - 0,TPS Turku,1329,1327.0,1,0,Finland,domestic cup
2026/06/10,Finland Cup,0,Ilves Tampere,1563,1570.0,5 - 2,FC Lahti,1427,1420.0,5,2,Finland,domestic cup
2026/06/13,Veikkausliiga,0,Ilves Tampere,1570,1573.0,1 - 0,TPS Turku,1338,1335.0,1,0,Finland,domestic league (tier 1)
2026/06/17,Veikkausliiga,0,Ilves Tampere,1573,1579.0,5 - 0,FF Jaro,1358,1352.0,5,0,Finland,domestic league (tier 1)
2026/06/27,Veikkausliiga,0,Ilves Tampere,1573,1568.0,2 - 2,SJK Seinäjoki,1478,1483.0,2,2,Finland,domestic league (tier 1)
2026/07/26,Veikkausliiga,0,Ilves Tampere,1555,1560.0,1 - 0,FC Lahti,1442,1437.0,1,0,Finland,domestic league (tier 1)
2026/08/09,Veikkausliiga,0,Ilves Tampere,1550,1553.0,2 - 0,IFK Mariehamn,1270,1267.0,2,0,Finland,domestic league (tier 1)
2026/08/22,Veikkausliiga,0,Ilves Tampere,1545,1530.0,0 - 1,Vaasan PS,1466,1481.0,0,1,Finland,domestic league (tier 1)
2026/08/31,Veikkausliiga,0,Ilves Tampere,1530,1518.0,1 - 2,HJK Helsinki,1577,1589.0,1,2,Finland,domestic league (tier 1)
2016/07/04,Veikkausliiga,0,Inter Turku,1368,1352.0,0 - 2,Vaasan PS,1437,1453.0,0,2,Finland,domestic league (tier 1)
2016/07/31,Veikkausliiga,0,Inter Turku,1355,1360.0,0 - 0,HJK Helsinki,1655,1650.0,0,0,Finland,domestic league (tier 1)
2016/08/10,Veikkausliiga,0,Inter Turku,1364,1361.0,2 - 2,PK-35 Vantaa,1344,1347.0,2,2,Finland,domestic league (tier 1)
2016/08/27,Veikkausliiga,0,Inter Turku,1364,1352.0,0 - 1,Ilves Tampere,1395,1407.0,0,1,Finland,domestic league (tier 1)
2016/09/12,Veikkausliiga,0,Inter Turku,1349,1347.0,0 - 0,Helsingfors IFK,1375,1377.0,0,0,Finland,domestic league (tier 1)
2016/09/16,Veikkausliiga,0,Inter Turku,1347,1361.0,3 - 2,HJK Helsinki,1595,1581.0,3,2,Finland,domestic league (tier 1)
2016/09/26,Veikkausliiga,0,Inter Turku,1367,1367.0,1 - 1,Vaasan PS,1468,1468.0,1,1,Finland,domestic league (tier 1)
2016/10/14,Veikkausliiga,0,Inter Turku,1389,1385.0,0 - 0,PS Kemi,1327,1331.0,0,0,Finland,domestic league (tier 1)
2016/10/17,Veikkausliiga,0,Inter Turku,1385,1385.0,1 - 1,Rovaniemi PS,1487,1487.0,1,1,Finland,domestic league (tier 1)
2017/04/12,Veikkausliiga,0,Inter Turku,1396,1412.0,6 - 2,Rovaniemi PS,1450,1434.0,6,2,Finland,domestic league (tier 1)
2017/04/21,Veikkausliiga,0,Inter Turku,1406,1406.0,1 - 1,IFK Mariehamn,1508,1508.0,1,1,Finland,domestic league (tier 1)
2017/05/12,Veikkausliiga,0,Inter Turku,1423,1412.0,0 - 1,Vaasan PS,1503,1514.0,0,1,Finland,domestic league (tier 1)
2017/05/23,Veikkausliiga,0,Inter Turku,1434,1410.0,1 - 3,PS Kemi,1292,1316.0,1,3,Finland,domestic league (tier 1)
2017/05/31,Veikkausliiga,0,Inter Turku,1428,1426.0,0 - 0,FC Lahti,1446,1448.0,0,0,Finland,domestic league (tier 1)
2017/06/21,Veikkausliiga,0,Inter Turku,1439,1437.0,1 - 1,Kuopion PS,1458,1460.0,1,1,Finland,domestic league (tier 1)
2017/07/02,Veikkausliiga,0,Inter Turku,1425,1429.0,1 - 1,HJK Helsinki,1654,1650.0,1,1,Finland,domestic league (tier 1)
2017/07/08,Veikkausliiga,0,Inter Turku,1429,1436.0,4 - 0,JJK Jyväskylä,1258,1251.0,4,0,Finland,domestic league (tier 1)
2017/07/22,Veikkausliiga,0,Inter Turku,1431,1429.0,1 - 1,Ilves Tampere,1463,1465.0,1,1,Finland,domestic league (tier 1)
2017/08/04,Veikkausliiga,0,Inter Turku,1419,1428.0,3 - 0,Helsingfors IFK,1332,1323.0,3,0,Finland,domestic league (tier 1)
2017/08/14,Veikkausliiga,0,Inter Turku,1422,1411.0,0 - 1,SJK Seinäjoki,1485,1496.0,0,1,Finland,domestic league (tier 1)
2017/09/07,Veikkausliiga,0,Inter Turku,1421,1420.0,2 - 2,Ilves Tampere,1480,1481.0,2,2,Finland,domestic league (tier 1)
2017/09/18,Veikkausliiga,0,Inter Turku,1414,1393.0,1 - 6,FC Lahti,1497,1518.0,1,6,Finland,domestic league (tier 1)
2017/09/29,Veikkausliiga,0,Inter Turku,1408,1398.0,1 - 2,Kuopion PS,1508,1518.0,1,2,Finland,domestic league (tier 1)
2017/10/16,Veikkausliiga,0,Inter Turku,1402,1413.0,4 - 1,Helsingfors IFK,1358,1347.0,4,1,Finland,domestic league (tier 1)
2017/10/20,Veikkausliiga,0,Inter Turku,1413,1406.0,1 - 3,HJK Helsinki,1708,1715.0,1,3,Finland,domestic league (tier 1)
2018/04/21,Veikkausliiga,0,Inter Turku,1451,1437.0,1 - 2,TPS Turku,1389,1403.0,1,2,Finland,domestic league (tier 1)
2018/04/25,Veikkausliiga,0,Inter Turku,1437,1441.0,0 - 0,HJK Helsinki,1698,1694.0,0,0,Finland,domestic league (tier 1)
2018/05/03,Veikkausliiga,0,Inter Turku,1445,1433.0,0 - 1,Ilves Tampere,1488,1500.0,0,1,Finland,domestic league (tier 1)
2018/05/26,Veikkausliiga,0,Inter Turku,1451,1449.0,3 - 3,Rovaniemi PS,1463,1465.0,3,3,Finland,domestic league (tier 1)
2018/06/12,Veikkausliiga,0,Inter Turku,1461,1464.0,1 - 0,PS Kemi,1269,1266.0,1,0,Finland,domestic league (tier 1)
2018/06/16,Veikkausliiga,0,Inter Turku,1464,1443.0,1 - 3,Vaasan PS,1411,1432.0,1,3,Finland,domestic league (tier 1)
2018/06/26,Veikkausliiga,0,Inter Turku,1444,1433.0,2 - 3,FC Honka,1510,1521.0,2,3,Finland,domestic league (tier 1)
2018/07/04,Veikkausliiga,0,Inter Turku,1437,1427.0,0 - 1,Kuopion PS,1537,1547.0,0,1,Finland,domestic league (tier 1)
2018/07/14,Veikkausliiga,0,Inter Turku,1442,1453.0,2 - 0,SJK Seinäjoki,1446,1435.0,2,0,Finland,domestic league (tier 1)
2018/08/04,Veikkausliiga,0,Inter Turku,1467,1475.0,3 - 0,IFK Mariehamn,1368,1360.0,3,0,Finland,domestic league (tier 1)
2018/08/18,Veikkausliiga,0,Inter Turku,1478,1467.0,0 - 1,Kuopion PS,1528,1539.0,0,1,Finland,domestic league (tier 1)
2018/08/25,Veikkausliiga,0,Inter Turku,1467,1465.0,0 - 0,Rovaniemi PS,1503,1505.0,0,0,Finland,domestic league (tier 1)
2018/09/13,Veikkausliiga,0,Inter Turku,1459,1456.0,1 - 1,Vaasan PS,1440,1443.0,1,1,Finland,domestic league (tier 1)
2018/09/26,Veikkausliiga,0,Inter Turku,1440,1451.0,2 - 0,FC Lahti,1437,1426.0,2,0,Finland,domestic league (tier 1)
2018/09/29,Veikkausliiga,0,Inter Turku,1451,1446.0,1 - 1,IFK Mariehamn,1365,1370.0,1,1,Finland,domestic league (tier 1)
2018/10/21,Veikkausliiga,0,Inter Turku,1457,1441.0,0 - 2,FC Honka,1541,1557.0,0,2,Finland,domestic league (tier 1)
2019/04/13,Veikkausliiga,0,Inter Turku,1453,1439.0,1 - 2,SJK Seinäjoki,1399,1413.0,1,2,Finland,domestic league (tier 1)
2019/04/29,Veikkausliiga,0,Inter Turku,1437,1461.0,4 - 1,HJK Helsinki,1662,1638.0,4,1,Finland,domestic league (tier 1)
2019/05/07,Veikkausliiga,0,Inter Turku,1461,1474.0,3 - 0,Rovaniemi PS,1477,1464.0,3,0,Finland,domestic league (tier 1)
2019/05/17,Veikkausliiga,0,Inter Turku,1486,1495.0,1 - 0,Kuopion PS,1535,1526.0,1,0,Finland,domestic league (tier 1)
2019/05/31,Veikkausliiga,0,Inter Turku,1494,1483.0,2 - 3,Ilves Tampere,1551,1562.0,2,3,Finland,domestic league (tier 1)
2019/06/25,Veikkausliiga,0,Inter Turku,1497,1491.0,1 - 1,Vaasan PS,1379,1385.0,1,1,Finland,domestic league (tier 1)
2019/07/05,Veikkausliiga,0,Inter Turku,1482,1490.0,2 - 0,FC Lahti,1404,1396.0,2,0,Finland,domestic league (tier 1)
2019/07/21,Veikkausliiga,0,Inter Turku,1511,1524.0,3 - 1,FC Honka,1565,1552.0,3,1,Finland,domestic league (tier 1)
2019/08/04,Veikkausliiga,0,Inter Turku,1539,1544.0,1 - 0,IFK Mariehamn,1437,1432.0,1,0,Finland,domestic league (tier 1)
2019/08/16,Veikkausliiga,0,Inter Turku,1533,1537.0,3 - 2,Helsingfors IFK,1406,1402.0,3,2,Finland,domestic league (tier 1)
2019/08/26,Veikkausliiga,0,Inter Turku,1537,1540.0,2 - 1,KPV Kokkola,1348,1345.0,2,1,Finland,domestic league (tier 1)
2019/09/15,Veikkausliiga,0,Inter Turku,1554,1561.0,2 - 0,IFK Mariehamn,1452,1445.0,2,0,Finland,domestic league (tier 1)
2019/09/28,Veikkausliiga,0,Inter Turku,1553,1540.0,0 - 1,FC Honka,1562,1575.0,0,1,Finland,domestic league (tier 1)
2019/10/19,Veikkausliiga,0,Inter Turku,1554,1537.0,0 - 2,Kuopion PS,1612,1629.0,0,2,Finland,domestic league (tier 1)
2020/07/02,Veikkausliiga,0,Inter Turku,1559,1565.0,3 - 1,Rovaniemi PS,1414,1408.0,3,1,Finland,domestic league (tier 1)
2020/07/11,Veikkausliiga,0,Inter Turku,1560,1574.0,5 - 1,Ilves Tampere,1567,1553.0,5,1,Finland,domestic league (tier 1)
2020/07/17,Veikkausliiga,0,Inter Turku,1574,1583.0,1 - 0,HJK Helsinki,1631,1622.0,1,0,Finland,domestic league (tier 1)
2020/08/01,Veikkausliiga,0,Inter Turku,1601,1604.0,2 - 1,IFK Mariehamn,1390,1387.0,2,1,Finland,domestic league (tier 1)
2020/08/09,Veikkausliiga,0,Inter Turku,1584,1590.0,2 - 0,Haka Valkeakoski,1459,1453.0,2,0,Finland,domestic league (tier 1)
2020/08/14,Veikkausliiga,0,Inter Turku,1590,1594.0,3 - 2,Helsingfors IFK,1466,1462.0,3,2,Finland,domestic league (tier 1)
2020/09/19,Veikkausliiga,0,Inter Turku,1568,1551.0,0 - 1,SJK Seinäjoki,1375,1392.0,0,1,Finland,domestic league (tier 1)
2020/09/23,Veikkausliiga,0,Inter Turku,1551,1549.0,0 - 0,FC Honka,1584,1586.0,0,0,Finland,domestic league (tier 1)
2020/09/28,Veikkausliiga,0,Inter Turku,1549,1558.0,3 - 0,FC Lahti,1455,1446.0,3,0,Finland,domestic league (tier 1)
2020/10/15,Veikkausliiga,0,Inter Turku,1543,1559.0,2 - 0,Kuopion PS,1673,1657.0,2,0,Finland,domestic league (tier 1)
2020/10/22,Veikkausliiga,0,Inter Turku,1579,1584.0,3 - 0,TPS Turku,1365,1360.0,3,0,Finland,domestic league (tier 1)
2021/04/24,Veikkausliiga,0,Inter Turku,1608,1616.0,1 - 0,Kuopion PS,1636,1628.0,1,0,Finland,domestic league (tier 1)
2021/05/09,Veikkausliiga,0,Inter Turku,1605,1608.0,2 - 1,Haka Valkeakoski,1417,1414.0,2,1,Finland,domestic league (tier 1)
2021/05/22,Veikkausliiga,0,Inter Turku,1619,1621.0,2 - 1,KTP,1331,1329.0,2,1,Finland,domestic league (tier 1)
2021/06/10,Veikkausliiga,0,Inter Turku,1636,1640.0,3 - 0,IFK Mariehamn,1361,1357.0,3,0,Finland,domestic league (tier 1)
2021/06/18,Veikkausliiga,0,Inter Turku,1632,1637.0,2 - 0,SJK Seinäjoki,1435,1430.0,2,0,Finland,domestic league (tier 1)
2021/06/30,Veikkausliiga,0,Inter Turku,1626,1620.0,1 - 1,FC Lahti,1502,1508.0,1,1,Finland,domestic league (tier 1)
2021/07/19,Veikkausliiga,0,Inter Turku,1614,1598.0,0 - 1,Helsingfors IFK,1461,1477.0,0,1,Finland,domestic league (tier 1)
2021/08/02,Veikkausliiga,0,Inter Turku,1607,1602.0,2 - 2,FC Honka,1505,1510.0,2,2,Finland,domestic league (tier 1)
2021/08/21,Veikkausliiga,0,Inter Turku,1567,1575.0,2 - 0,Ilves Tampere,1494,1486.0,2,0,Finland,domestic league (tier 1)
2021/09/11,Veikkausliiga,0,Inter Turku,1582,1569.0,1 - 3,HJK Helsinki,1739,1752.0,1,3,Finland,domestic league (tier 1)
2021/09/22,Veikkausliiga,0,Inter Turku,1569,1574.0,4 - 0,AC Oulu,1352,1347.0,4,0,Finland,domestic league (tier 1)
2021/10/03,Veikkausliiga,0,Inter Turku,1590,1597.0,2 - 0,Helsingfors IFK,1478,1471.0,2,0,Finland,domestic league (tier 1)
2021/10/16,Veikkausliiga,0,Inter Turku,1597,1587.0,2 - 3,Kuopion PS,1693,1703.0,2,3,Finland,domestic league (tier 1)
2021/10/31,Veikkausliiga,0,Inter Turku,1597,1571.0,2 - 5,SJK Seinäjoki,1512,1538.0,2,5,Finland,domestic league (tier 1)
2022/01/28,Finland League Cup,0,Inter Turku,1571,1559.0,0 - 1,Helsingfors IFK,1450,1462.0,0,1,Finland,domestic cup
2022/02/11,Finland League Cup,0,Inter Turku,1559,1562.0,2 - 1,IFK Mariehamn,1394,1391.0,2,1,Finland,domestic cup
2022/04/09,Veikkausliiga,0,Inter Turku,1558,1561.0,2 - 1,AC Oulu,1332,1329.0,2,1,Finland,domestic league (tier 1)
2022/04/17,Veikkausliiga,0,Inter Turku,1561,1539.0,0 - 2,Haka Valkeakoski,1487,1509.0,0,2,Finland,domestic league (tier 1)
2022/04/29,Veikkausliiga,0,Inter Turku,1566,1572.0,4 - 0,IFK Mariehamn,1394,1388.0,4,0,Finland,domestic league (tier 1)
2022/05/03,Veikkausliiga,0,Inter Turku,1572,1561.0,0 - 1,HJK Helsinki,1644,1655.0,0,1,Finland,domestic league (tier 1)
2022/05/14,Veikkausliiga,0,Inter Turku,1553,1547.0,2 - 2,Helsingfors IFK,1418,1424.0,2,2,Finland,domestic league (tier 1)
2022/05/28,Veikkausliiga,0,Inter Turku,1555,1551.0,2 - 2,Ilves Tampere,1490,1494.0,2,2,Finland,domestic league (tier 1)
2022/06/22,Veikkausliiga,0,Inter Turku,1555,1563.0,5 - 1,FC Lahti,1437,1429.0,5,1,Finland,domestic league (tier 1)
2022/06/29,Finland Cup,0,Inter Turku,1563,1562.0,0 - 0,HJK Helsinki,1632,1633.0,0,0,Finland,domestic cup
2022/07/25,Veikkausliiga,0,Inter Turku,1531,1519.0,0 - 1,FC Honka,1569,1581.0,0,1,Finland,domestic league (tier 1)
2022/08/06,Veikkausliiga,0,Inter Turku,1534,1541.0,1 - 0,SJK Seinäjoki,1521,1514.0,1,0,Finland,domestic league (tier 1)
2022/08/13,Veikkausliiga,0,Inter Turku,1541,1536.0,1 - 1,Vaasan PS,1428,1433.0,1,1,Finland,domestic league (tier 1)
2022/08/27,Veikkausliiga,0,Inter Turku,1525,1516.0,1 - 2,Kuopion PS,1655,1664.0,1,2,Finland,domestic league (tier 1)
2022/09/28,Veikkausliiga,0,Inter Turku,1528,1515.0,0 - 1,Haka Valkeakoski,1520,1533.0,0,1,Finland,domestic league (tier 1)
2022/10/16,Veikkausliiga,0,Inter Turku,1498,1506.0,1 - 0,SJK Seinäjoki,1525,1517.0,1,0,Finland,domestic league (tier 1)
2022/10/19,Veikkausliiga,0,Inter Turku,1506,1479.0,1 - 5,Vaasan PS,1450,1477.0,1,5,Finland,domestic league (tier 1)
2023/02/04,Finland League Cup,0,Inter Turku,1479,1483.0,1 - 0,IFK Mariehamn,1426,1422.0,1,0,Finland,domestic cup
2023/02/22,Finland League Cup,0,Inter Turku,1481,1499.0,4 - 0,HJK Helsinki,1682,1664.0,4,0,Finland,domestic cup
2023/03/04,Finland League Cup,0,Inter Turku,1499,1495.0,1 - 1,FC Lahti,1382,1386.0,1,1,Finland,domestic cup
2023/03/18,Finland League Cup,0,Inter Turku,1495,1492.0,1 - 1,AC Oulu,1473,1476.0,1,1,Finland,domestic cup
2023/05/22,Veikkausliiga,0,Inter Turku,1503,1497.0,1 - 1,IFK Mariehamn,1376,1382.0,1,1,Finland,domestic league (tier 1)
2023/05/26,Veikkausliiga,0,Inter Turku,1497,1511.0,3 - 0,Haka Valkeakoski,1532,1518.0,3,0,Finland,domestic league (tier 1)
2023/06/03,Veikkausliiga,0,Inter Turku,1511,1524.0,2 - 0,FC Honka,1560,1547.0,2,0,Finland,domestic league (tier 1)
2023/06/07,Veikkausliiga,0,Inter Turku,1524,1527.0,2 - 1,KTP,1325,1322.0,2,1,Finland,domestic league (tier 1)
2023/07/12,Veikkausliiga,0,Inter Turku,1512,1491.0,0 - 2,Vaasan PS,1459,1480.0,0,2,Finland,domestic league (tier 1)
2023/07/17,Veikkausliiga,0,Inter Turku,1491,1493.0,1 - 1,Kuopion PS,1644,1642.0,1,1,Finland,domestic league (tier 1)
2023/07/22,Veikkausliiga,0,Inter Turku,1493,1482.0,1 - 2,SJK Seinäjoki,1546,1557.0,1,2,Finland,domestic league (tier 1)
2023/08/20,Veikkausliiga,0,Inter Turku,1506,1493.0,1 - 3,HJK Helsinki,1662,1675.0,1,3,Finland,domestic league (tier 1)
2023/08/26,Veikkausliiga,0,Inter Turku,1493,1497.0,2 - 1,FC Lahti,1377,1373.0,2,1,Finland,domestic league (tier 1)
2023/09/03,Veikkausliiga,0,Inter Turku,1506,1512.0,2 - 1,AC Oulu,1478,1472.0,2,1,Finland,domestic league (tier 1)
2023/09/23,Veikkausliiga,0,Inter Turku,1507,1498.0,0 - 1,Kuopion PS,1633,1642.0,0,1,Finland,domestic league (tier 1)
2023/10/07,Veikkausliiga,0,Inter Turku,1503,1490.0,1 - 2,SJK Seinäjoki,1498,1511.0,1,2,Finland,domestic league (tier 1)
2024/01/27,Finland League Cup,0,Inter Turku,1479,1482.0,3 - 2,FC Lahti,1367,1364.0,3,2,Finland,domestic cup
2024/02/03,Finland League Cup,0,Inter Turku,1482,1465.0,0 - 2,IFK Mariehamn,1391,1408.0,0,2,Finland,domestic cup
2024/02/07,Finland League Cup,0,Inter Turku,1465,1452.0,1 - 2,IF Gnistan,1280,1293.0,1,2,Finland,domestic cup
2024/03/30,Finland League Cup,0,Inter Turku,1487,1488.0,2 - 2,Kuopion PS,1657,1656.0,2,2,Finland,domestic cup
2024/04/12,Veikkausliiga,0,Inter Turku,1476,1473.0,3 - 3,AC Oulu,1461,1464.0,3,3,Finland,domestic league (tier 1)
2024/04/19,Veikkausliiga,0,Inter Turku,1473,1476.0,1 - 1,Kuopion PS,1662,1659.0,1,1,Finland,domestic league (tier 1)
2024/04/26,Veikkausliiga,0,Inter Turku,1476,1480.0,2 - 1,Ekenäs IF,1311,1307.0,2,1,Finland,domestic league (tier 1)
2024/05/11,Veikkausliiga,0,Inter Turku,1465,1457.0,0 - 1,HJK Helsinki,1629,1637.0,0,1,Finland,domestic league (tier 1)
2024/05/31,Veikkausliiga,0,Inter Turku,1434,1448.0,3 - 1,Haka Valkeakoski,1520,1506.0,3,1,Finland,domestic league (tier 1)
2024/06/12,Veikkausliiga,0,Inter Turku,1464,1448.0,0 - 2,Ilves Tampere,1539,1555.0,0,2,Finland,domestic league (tier 1)
2024/06/25,Finland Cup,0,Inter Turku,1470,1472.0,6 - 1,Grankulla IFK,1089,1087.0,6,1,Finland,domestic cup
2024/06/28,Veikkausliiga,0,Inter Turku,1472,1487.0,3 - 1,Vaasan PS,1582,1567.0,3,1,Finland,domestic league (tier 1)
2024/07/03,Finland Cup,0,Inter Turku,1487,1490.0,3 - 2,TPS Turku,1275,1272.0,3,2,Finland,domestic cup
2024/07/08,Veikkausliiga,0,Inter Turku,1490,1497.0,3 - 0,FC Lahti,1341,1334.0,3,0,Finland,domestic league (tier 1)
2024/07/22,Veikkausliiga,0,Inter Turku,1515,1508.0,2 - 2,IF Gnistan,1312,1319.0,2,2,Finland,domestic league (tier 1)
2024/08/02,Veikkausliiga,0,Inter Turku,1508,1515.0,3 - 0,IFK Mariehamn,1371,1364.0,3,0,Finland,domestic league (tier 1)
2024/08/16,Veikkausliiga,0,Inter Turku,1506,1522.0,3 - 0,SJK Seinäjoki,1580,1564.0,3,0,Finland,domestic league (tier 1)
2024/09/21,Finland Cup,0,Inter Turku,1545,1538.0,1 - 2,Kuopion PS,1652,1659.0,1,2,Finland,domestic cup
2025/01/17,Finland League Cup,0,Inter Turku,1538,1529.0,1 - 2,HJK Helsinki,1586,1595.0,1,2,Finland,domestic cup
2025/01/26,Finland League Cup,0,Inter Turku,1529,1533.0,2 - 0,IFK Mariehamn,1355,1351.0,2,0,Finland,domestic cup
2025/02/15,Finland League Cup,0,Inter Turku,1547,1552.0,2 - 0,IF Gnistan,1426,1421.0,2,0,Finland,domestic cup
2025/04/05,Veikkausliiga,0,Inter Turku,1572,1571.0,1 - 1,Kuopion PS,1650,1651.0,1,1,Finland,domestic league (tier 1)
2025/04/12,Veikkausliiga,0,Inter Turku,1571,1578.0,3 - 0,IF Gnistan,1418,1411.0,3,0,Finland,domestic league (tier 1)
2025/05/03,Veikkausliiga,0,Inter Turku,1607,1604.0,1 - 1,HJK Helsinki,1591,1594.0,1,1,Finland,domestic league (tier 1)
2025/05/17,Veikkausliiga,0,Inter Turku,1593,1603.0,3 - 1,Ilves Tampere,1567,1557.0,3,1,Finland,domestic league (tier 1)
2025/06/14,Veikkausliiga,0,Inter Turku,1618,1612.0,1 - 1,Haka Valkeakoski,1469,1475.0,1,1,Finland,domestic league (tier 1)
2025/06/19,Veikkausliiga,0,Inter Turku,1612,1615.0,5 - 0,KTP,1279,1276.0,5,0,Finland,domestic league (tier 1)
2025/07/02,Veikkausliiga,0,Inter Turku,1613,1605.0,0 - 0,IFK Mariehamn,1317,1325.0,0,0,Finland,domestic league (tier 1)
2025/07/12,Veikkausliiga,0,Inter Turku,1614,1617.0,3 - 1,FF Jaro,1311,1308.0,3,1,Finland,domestic league (tier 1)
2025/07/27,Veikkausliiga,0,Inter Turku,1611,1620.0,4 - 1,SJK Seinäjoki,1514,1505.0,4,1,Finland,domestic league (tier 1)
2025/08/08,Veikkausliiga,0,Inter Turku,1642,1644.0,3 - 2,AC Oulu,1385,1383.0,3,2,Finland,domestic league (tier 1)
2025/08/31,Veikkausliiga,0,Inter Turku,1629,1632.0,2 - 1,Vaasan PS,1458,1455.0,2,1,Finland,domestic league (tier 1)
2025/09/23,Veikkausliiga,0,Inter Turku,1643,1640.0,0 - 0,HJK Helsinki,1640,1643.0,0,0,Finland,domestic league (tier 1)
2025/10/05,Veikkausliiga,0,Inter Turku,1630,1607.0,0 - 3,Kuopion PS,1626,1649.0,0,3,Finland,domestic league (tier 1)
2025/10/22,Veikkausliiga,0,Inter Turku,1620,1623.0,2 - 1,IF Gnistan,1420,1417.0,2,1,Finland,domestic league (tier 1)
2025/10/30,Veikkausliiga,0,Inter Turku,1625,1621.0,2 - 2,SJK Seinäjoki,1572,1576.0,2,2,Finland,domestic league (tier 1)
2025/11/09,Veikkausliiga,0,Inter Turku,1615,1627.0,2 - 0,Ilves Tampere,1636,1624.0,2,0,Finland,domestic league (tier 1)
2026/01/24,Finland League Cup,0,Inter Turku,1636,1638.0,1 - 0,IFK Mariehamn,1362,1360.0,1,0,Finland,domestic cup
2026/01/30,Finland League Cup,0,Inter Turku,1638,1621.0,1 - 3,HJK Helsinki,1544,1561.0,1,3,Finland,domestic cup
2026/02/14,Finland League Cup,0,Inter Turku,1627,1629.0,1 - 0,FC Lahti,1394,1392.0,1,0,Finland,domestic cup
2026/03/14,Finland League Cup,0,Inter Turku,1629,1635.0,3 - 2,Ilves Tampere,1642,1636.0,3,2,Finland,domestic cup
2026/03/21,Finland League Cup,0,Inter Turku,1635,1638.0,2 - 1,AC Oulu,1456,1453.0,2,1,Finland,domestic cup
2026/04/04,Veikkausliiga,0,Inter Turku,1638,1631.0,0 - 0,Vaasan PS,1412,1419.0,0,0,Finland,domestic league (tier 1)
2026/04/11,Veikkausliiga,0,Inter Turku,1631,1638.0,2 - 1,Ilves Tampere,1616,1609.0,2,1,Finland,domestic league (tier 1)
2026/04/25,Veikkausliiga,0,Inter Turku,1647,1649.0,1 - 0,IFK Mariehamn,1364,1362.0,1,0,Finland,domestic league (tier 1)
2026/04/29,Veikkausliiga,0,Inter Turku,1649,1644.0,1 - 1,HJK Helsinki,1575,1580.0,1,1,Finland,domestic league (tier 1)
2026/05/09,Veikkausliiga,0,Inter Turku,1622,1626.0,2 - 0,FF Jaro,1383,1379.0,2,0,Finland,domestic league (tier 1)
2026/05/23,Veikkausliiga,0,Inter Turku,1658,1660.0,2 - 1,TPS Turku,1331,1329.0,2,1,Finland,domestic league (tier 1)
2026/06/13,Veikkausliiga,0,Inter Turku,1670,1663.0,0 - 0,AC Oulu,1499,1506.0,0,0,Finland,domestic league (tier 1)
2026/06/23,Veikkausliiga,0,Inter Turku,1664,1657.0,1 - 1,SJK Seinäjoki,1471,1478.0,1,1,Finland,domestic league (tier 1)
2026/07/26,Veikkausliiga,0,Inter Turku,1675,1658.0,1 - 2,IF Gnistan,1455,1472.0,1,2,Finland,domestic league (tier 1)
2026/08/09,Veikkausliiga,0,Inter Turku,1683,1676.0,0 - 0,FC Lahti,1445,1452.0,0,0,Finland,domestic league (tier 1)
2026/08/31,Veikkausliiga,0,Inter Turku,1677,1683.0,1 - 0,Kuopion PS,1619,1613.0,1,0,Finland,domestic league (tier 1)
2026/09/05,Finland Cup,1,Inter Turku,1683,,Info,HJK Helsinki,1589,,,,Finland,domestic cup
2016/07/03,Ykkönen,0,JJK Jyväskylä,1283,1297.0,2 - 0,TPS Turku,1350,1336.0,2,0,Finland,domestic league (tier 2)
2016/08/03,Ykkönen,0,JJK Jyväskylä,1314,1319.0,2 - 0,FC Jazz Pori,1116,1111.0,2,0,Finland,domestic league (tier 2)
2016/08/10,Ykkönen,0,JJK Jyväskylä,1319,1326.0,3 - 2,Haka Valkeakoski,1303,1296.0,3,2,Finland,domestic league (tier 2)
2016/08/27,Ykkönen,0,JJK Jyväskylä,1321,1296.0,1 - 3,Ekenäs IF,1129,1154.0,1,3,Finland,domestic league (tier 2)
2016/09/10,Ykkönen,0,JJK Jyväskylä,1300,1305.0,4 - 2,Grankulla IFK,1128,1123.0,4,2,Finland,domestic league (tier 2)
2016/09/19,Ykkönen,0,JJK Jyväskylä,1305,1318.0,3 - 1,FF Jaro,1359,1346.0,3,1,Finland,domestic league (tier 2)
2016/10/02,Ykkönen,0,JJK Jyväskylä,1326,1310.0,0 - 1,KPV Kokkola,1180,1196.0,0,1,Finland,domestic league (tier 2)
2016/10/22,Ykkönen,0,JJK Jyväskylä,1327,1334.0,2 - 1,AC Oulu,1310,1303.0,2,1,Finland,domestic league (tier 2)
2017/04/23,Veikkausliiga,0,JJK Jyväskylä,1295,1288.0,1 - 5,HJK Helsinki,1638,1645.0,1,5,Finland,domestic league (tier 1)
2017/05/06,Veikkausliiga,0,JJK Jyväskylä,1294,1285.0,1 - 2,Inter Turku,1414,1423.0,1,2,Finland,domestic league (tier 1)
2017/05/19,Veikkausliiga,0,JJK Jyväskylä,1283,1272.0,1 - 4,Vaasan PS,1514,1525.0,1,4,Finland,domestic league (tier 1)
2017/05/27,Veikkausliiga,0,JJK Jyväskylä,1268,1288.0,3 - 1,Ilves Tampere,1480,1460.0,3,1,Finland,domestic league (tier 1)
2017/05/31,Veikkausliiga,0,JJK Jyväskylä,1288,1291.0,0 - 0,Kuopion PS,1487,1484.0,0,0,Finland,domestic league (tier 1)
2017/06/21,Veikkausliiga,0,JJK Jyväskylä,1289,1269.0,0 - 3,Helsingfors IFK,1330,1350.0,0,3,Finland,domestic league (tier 1)
2017/07/01,Veikkausliiga,0,JJK Jyväskylä,1269,1258.0,1 - 3,FC Lahti,1454,1465.0,1,3,Finland,domestic league (tier 1)
2017/07/16,Veikkausliiga,0,JJK Jyväskylä,1251,1241.0,0 - 2,SJK Seinäjoki,1474,1484.0,0,2,Finland,domestic league (tier 1)
2017/07/31,Veikkausliiga,0,JJK Jyväskylä,1249,1251.0,1 - 1,Rovaniemi PS,1414,1412.0,1,1,Finland,domestic league (tier 1)
2017/08/13,Veikkausliiga,0,JJK Jyväskylä,1245,1255.0,2 - 1,PS Kemi,1362,1352.0,2,1,Finland,domestic league (tier 1)
2017/08/20,Veikkausliiga,0,JJK Jyväskylä,1255,1249.0,0 - 4,HJK Helsinki,1638,1644.0,0,4,Finland,domestic league (tier 1)
2017/09/07,Veikkausliiga,0,JJK Jyväskylä,1282,1272.0,2 - 4,FC Lahti,1490,1500.0,2,4,Finland,domestic league (tier 1)
2017/09/25,Veikkausliiga,0,JJK Jyväskylä,1291,1276.0,1 - 3,Inter Turku,1393,1408.0,1,3,Finland,domestic league (tier 1)
2017/10/12,Veikkausliiga,0,JJK Jyväskylä,1270,1273.0,0 - 0,Ilves Tampere,1484,1481.0,0,0,Finland,domestic league (tier 1)
2017/10/16,Veikkausliiga,0,JJK Jyväskylä,1273,1286.0,1 - 0,IFK Mariehamn,1480,1467.0,1,0,Finland,domestic league (tier 1)
2017/10/28,Veikkausliiga,0,JJK Jyväskylä,1283,1300.0,2 - 0,Vaasan PS,1433,1416.0,2,0,Finland,domestic league (tier 1)
2018/04/28,Ykkönen,0,JJK Jyväskylä,1279,1277.0,0 - 0,KPV Kokkola,1304,1306.0,0,0,Finland,domestic league (tier 2)
2018/05/13,Ykkönen,0,JJK Jyväskylä,1263,1259.0,2 - 2,Ekenäs IF,1217,1221.0,2,2,Finland,domestic league (tier 2)
2018/05/21,Ykkönen,0,JJK Jyväskylä,1259,1241.0,3 - 5,FF Jaro,1277,1295.0,3,5,Finland,domestic league (tier 2)
2018/06/01,Ykkönen,0,JJK Jyväskylä,1233,1218.0,0 - 2,Helsingfors IFK,1341,1356.0,0,2,Finland,domestic league (tier 2)
2018/06/16,Ykkönen,0,JJK Jyväskylä,1239,1233.0,2 - 2,AC Kajaani,1083,1089.0,2,2,Finland,domestic league (tier 2)
2018/06/26,Ykkönen,0,JJK Jyväskylä,1227,1241.0,2 - 0,KPV Kokkola,1312,1298.0,2,0,Finland,domestic league (tier 2)
2018/06/29,Ykkönen,0,JJK Jyväskylä,1241,1234.0,1 - 1,Klubi 04,1033,1040.0,1,1,Finland,domestic league (tier 2)
2018/07/04,Ykkönen,0,JJK Jyväskylä,1234,1223.0,0 - 1,FF Jaro,1284,1295.0,0,1,Finland,domestic league (tier 2)
2018/08/04,Ykkönen,0,JJK Jyväskylä,1212,1211.0,2 - 2,Haka Valkeakoski,1288,1289.0,2,2,Finland,domestic league (tier 2)
2018/08/18,Ykkönen,0,JJK Jyväskylä,1221,1210.0,1 - 2,AC Oulu,1274,1285.0,1,2,Finland,domestic league (tier 2)
2018/09/09,Ykkönen,0,JJK Jyväskylä,1200,1215.0,3 - 1,Ekenäs IF,1306,1291.0,3,1,Finland,domestic league (tier 2)
2018/09/20,Ykkönen,0,JJK Jyväskylä,1204,1200.0,2 - 2,KTP,1166,1170.0,2,2,Finland,domestic league (tier 2)
2018/09/29,Ykkönen,0,JJK Jyväskylä,1200,1188.0,0 - 2,Helsingfors IFK,1361,1373.0,0,2,Finland,domestic league (tier 2)
2018/10/20,Ykkönen,0,JJK Jyväskylä,1179,1164.0,1 - 2,AC Kajaani,1082,1097.0,1,2,Finland,domestic league (tier 2)
2023/04/29,Ykkönen,0,JJK Jyväskylä,1149,1158.0,2 - 0,SJK Akatemia,1094,1085.0,2,0,Finland,domestic league (tier 2)
2023/05/13,Ykkönen,0,JJK Jyväskylä,1139,1139.0,0 - 0,Helsingfors IFK,1240,1240.0,0,0,Finland,domestic league (tier 2)
2023/05/20,Ykkönen,0,JJK Jyväskylä,1143,1127.0,1 - 2,KäPa,1015,1031.0,1,2,Finland,domestic league (tier 2)
2023/05/31,Finland Cup,0,JJK Jyväskylä,1120,1118.0,0 - 2,Kuopion PS,1655,1657.0,0,2,Finland,domestic cup
2023/07/08,Ykkönen,0,JJK Jyväskylä,1119,1110.0,2 - 3,IF Gnistan,1262,1271.0,2,3,Finland,domestic league (tier 2)
2023/07/15,Ykkönen,0,JJK Jyväskylä,1110,1095.0,0 - 1,SalPa,1031,1046.0,0,1,Finland,domestic league (tier 2)
2023/08/18,Ykkönen,0,JJK Jyväskylä,1068,1059.0,0 - 1,MP Mikkeli,1207,1216.0,0,1,Finland,domestic league (tier 2)
2023/08/22,Ykkönen,0,JJK Jyväskylä,1059,1049.0,0 - 2,Ekenäs IF,1284,1294.0,0,2,Finland,domestic league (tier 2)
2023/08/29,Ykkönen,0,JJK Jyväskylä,1049,1036.0,1 - 2,JäPS,1041,1054.0,1,2,Finland,domestic league (tier 2)
2023/09/23,Ykkönen,0,JJK Jyväskylä,1046,1054.0,1 - 0,JäPS,1058,1050.0,1,0,Finland,domestic league (tier 2)
2023/10/01,Ykkönen,0,JJK Jyväskylä,1046,1031.0,1 - 4,FF Jaro,1190,1205.0,1,4,Finland,domestic league (tier 2)
2021/05/13,Ykkönen,0,Jippo,1066,1059.0,1 - 2,Rovaniemi PS,1265,1272.0,1,2,Finland,domestic league (tier 2)
2021/05/22,Ykkönen,0,Jippo,1053,1060.0,1 - 0,Klubi 04,1040,1033.0,1,0,Finland,domestic league (tier 2)
2021/06/06,Ykkönen,0,Jippo,1078,1082.0,1 - 1,Vaasan PS,1309,1305.0,1,1,Finland,domestic league (tier 2)
2021/06/13,Ykkönen,0,Jippo,1082,1071.0,0 - 2,FF Jaro,1285,1296.0,0,2,Finland,domestic league (tier 2)
2021/06/30,Ykkönen,0,Jippo,1061,1045.0,1 - 4,IF Gnistan,1182,1198.0,1,4,Finland,domestic league (tier 2)
2021/07/10,Ykkönen,0,Jippo,1045,1046.0,1 - 1,Musan Salama,1184,1183.0,1,1,Finland,domestic league (tier 2)
2021/07/24,Ykkönen,0,Jippo,1042,1061.0,2 - 0,Ekenäs IF,1234,1215.0,2,0,Finland,domestic league (tier 2)
2021/08/03,Ykkönen,0,Jippo,1073,1067.0,0 - 1,TPS Turku,1327,1333.0,0,1,Finland,domestic league (tier 2)
2021/08/14,Ykkönen,0,Jippo,1064,1055.0,0 - 1,KPV Kokkola,1194,1203.0,0,1,Finland,domestic league (tier 2)
2021/08/28,Ykkönen,0,Jippo,1052,1066.0,4 - 2,MP Mikkeli,1129,1115.0,4,2,Finland,domestic league (tier 2)
2021/09/15,Ykkönen,0,Jippo,1079,1070.0,0 - 1,PK-35 Vantaa,1229,1238.0,0,1,Finland,domestic league (tier 2)
2021/10/10,Ykkönen,0,Jippo,1051,1023.0,0 - 6,Klubi 04,1043,1071.0,0,6,Finland,domestic league (tier 2)
2021/10/16,Ykkönen,0,Jippo,1023,1043.0,2 - 0,PK-35 Vantaa,1241,1221.0,2,0,Finland,domestic league (tier 2)
2022/05/03,Finland Cup,0,Jippo,1034,1035.0,1 - 1,JJK Jyväskylä,1157,1156.0,1,1,Finland,domestic cup
2022/05/25,Finland Cup,0,Jippo,1035,1025.0,1 - 3,Atlantis FC,1261,1271.0,1,3,Finland,domestic cup
2023/04/26,Finland Cup,0,Jippo,1025,1022.0,1 - 2,FC Lahti,1409,1412.0,1,2,Finland,domestic cup
2024/04/16,Finland Cup,0,Jippo,1047,1044.0,0 - 2,Haka Valkeakoski,1500,1503.0,0,2,Finland,domestic cup
2024/04/20,Ykkönen,0,Jippo,1044,1058.0,1 - 0,KTP,1281,1267.0,1,0,Finland,domestic league (tier 2)
2024/04/28,Ykkönen,0,Jippo,1063,1081.0,2 - 0,FF Jaro,1241,1223.0,2,0,Finland,domestic league (tier 2)
2024/05/04,Ykkönen,0,Jippo,1081,1080.0,0 - 0,SJK Akatemia,1145,1146.0,0,0,Finland,domestic league (tier 2)
2024/05/18,Ykkönen,0,Jippo,1104,1113.0,2 - 0,KäPa,1059,1050.0,2,0,Finland,domestic league (tier 2)
2024/05/23,Ykkönen,0,Jippo,1113,1121.0,1 - 0,PK-35 Vantaa,1137,1129.0,1,0,Finland,domestic league (tier 2)
2024/06/02,Ykkönen,0,Jippo,1121,1117.0,1 - 1,SalPa,1080,1084.0,1,1,Finland,domestic league (tier 2)
2024/06/19,Ykkönen,0,Jippo,1107,1103.0,0 - 0,MP Mikkeli,1048,1052.0,0,0,Finland,domestic league (tier 2)
2024/07/10,Ykkönen,0,Jippo,1112,1119.0,3 - 2,JäPS,1096,1089.0,3,2,Finland,domestic league (tier 2)
2024/07/27,Ykkönen,0,Jippo,1158,1174.0,2 - 0,TPS Turku,1271,1255.0,2,0,Finland,domestic league (tier 2)
2024/08/10,Ykkönen,0,Jippo,1174,1150.0,2 - 4,MP Mikkeli,1020,1044.0,2,4,Finland,domestic league (tier 2)
2024/08/18,Ykkönen,0,Jippo,1150,1136.0,0 - 1,PK-35 Vantaa,1117,1131.0,0,1,Finland,domestic league (tier 2)
2024/08/31,Ykkönen,0,Jippo,1125,1138.0,3 - 2,KTP,1319,1306.0,3,2,Finland,domestic league (tier 2)
2024/09/28,Ykkönen,0,Jippo,1148,1158.0,3 - 0,SalPa,1095,1085.0,3,0,Finland,domestic league (tier 2)
2024/10/19,Ykkönen,0,Jippo,1178,1188.0,4 - 1,SJK Akatemia,1129,1119.0,4,1,Finland,domestic league (tier 2)
2025/04/21,Ykkönen,0,Jippo,1188,1194.0,2 - 0,SalPa,1054,1048.0,2,0,Finland,domestic league (tier 2)
2025/05/07,Finland Cup,0,Jippo,1187,1187.0,1 - 1,KTP,1304,1304.0,1,1,Finland,domestic cup
2025/05/13,Ykkönen,0,Jippo,1187,1205.0,3 - 1,FC Lahti,1363,1345.0,3,1,Finland,domestic league (tier 2)
2025/05/21,Ykkönen,0,Jippo,1206,1181.0,0 - 3,Klubi 04,1138,1163.0,0,3,Finland,domestic league (tier 2)
2025/06/01,Ykkönen,0,Jippo,1186,1183.0,1 - 1,PK-35 Vantaa,1170,1173.0,1,1,Finland,domestic league (tier 2)
2025/06/19,Ykkönen,0,Jippo,1167,1158.0,1 - 2,TPS Turku,1305,1314.0,1,2,Finland,domestic league (tier 2)
2025/06/29,Ykkönen,0,Jippo,1158,1164.0,3 - 1,KäPa,1004,998.0,3,1,Finland,domestic league (tier 2)
2025/07/08,Ykkönen,0,Jippo,1161,1157.0,1 - 1,JäPS,1133,1137.0,1,1,Finland,domestic league (tier 2)
2025/07/16,Ykkönen,0,Jippo,1160,1171.0,3 - 2,Ekenäs IF,1284,1273.0,3,2,Finland,domestic league (tier 2)
2025/08/02,Ykkönen,0,Jippo,1174,1183.0,3 - 1,SJK Seinäjoki II,1119,1110.0,3,1,Finland,domestic league (tier 2)
2025/08/16,Ykkönen,0,Jippo,1183,1170.0,0 - 1,Klubi 04,1182,1195.0,0,1,Finland,domestic league (tier 2)
2025/09/06,Ykkönen,0,Jippo,1198,1210.0,1 - 0,FC Lahti,1368,1356.0,1,0,Finland,domestic league (tier 2)
2025/09/19,Ykkönen,0,Jippo,1210,1207.0,2 - 2,Ekenäs IF,1191,1194.0,2,2,Finland,domestic league (tier 2)
2025/10/04,Ykkönen,0,Jippo,1222,1225.0,2 - 1,KäPa,1044,1041.0,2,1,Finland,domestic league (tier 2)
2026/04/06,Ykkönen,0,Jippo,1226,1221.0,0 - 0,JäPS,1148,1153.0,0,0,Finland,domestic league (tier 2)
2026/04/14,Finland Cup,0,Jippo,1233,1216.0,1 - 2,MP Mikkeli,1014,1031.0,1,2,Finland,domestic cup
2026/04/18,Ykkönen,0,Jippo,1216,1214.0,0 - 0,KTP,1254,1256.0,0,0,Finland,domestic league (tier 2)
2026/04/25,Ykkönen,0,Jippo,1214,1219.0,1 - 0,SJK Seinäjoki II,1115,1110.0,1,0,Finland,domestic league (tier 2)
2026/05/09,Ykkönen,0,Jippo,1232,1226.0,1 - 1,Klubi 04,1100,1106.0,1,1,Finland,domestic league (tier 2)
2026/05/23,Ykkönen,0,Jippo,1237,1223.0,0 - 1,PK-35 Vantaa,1201,1215.0,0,1,Finland,domestic league (tier 2)
2026/06/13,Ykkönen,0,Jippo,1217,1223.0,3 - 0,KäPa,1049,1043.0,3,0,Finland,domestic league (tier 2)
2026/06/27,Ykkönen,0,Jippo,1223,1219.0,1 - 1,Ekenäs IF,1187,1191.0,1,1,Finland,domestic league (tier 2)
2026/07/15,Ykkönen,0,Jippo,1239,1244.0,3 - 1,MP Mikkeli,1073,1068.0,3,1,Finland,domestic league (tier 2)
2026/07/30,Ykkönen,0,Jippo,1248,1253.0,1 - 0,JäPS,1161,1156.0,1,0,Finland,domestic league (tier 2)
2026/08/15,Ykkönen,0,Jippo,1244,1227.0,0 - 1,SJK Seinäjoki II,1047,1064.0,0,1,Finland,domestic league (tier 2)
2026/09/04,Ykkönen,0,Jippo,1254,,Info,KTP,1314,,,,Finland,domestic league (tier 2)
2026/04/28,Finland Cup,0,Jokerit Helsinki,1302,1272.0,0 - 5,Helsingfors IFK,1209,1239.0,0,5,Finland,domestic cup
2022/04/18,Ykkönen,0,JäPS,978,983.0,0 - 0,FF Jaro,1268,1263.0,0,0,Finland,domestic league (tier 2)
2022/04/29,Ykkönen,0,JäPS,981,985.0,0 - 0,KPV Kokkola,1219,1215.0,0,0,Finland,domestic league (tier 2)
2022/05/13,Ykkönen,0,JäPS,977,992.0,1 - 0,Ekenäs IF,1251,1236.0,1,0,Finland,domestic league (tier 2)
2022/05/20,Ykkönen,0,JäPS,992,1006.0,2 - 1,KTP,1258,1244.0,2,1,Finland,domestic league (tier 2)
2022/06/03,Ykkönen,0,JäPS,1018,1018.0,1 - 1,SJK Akatemia,1107,1107.0,1,1,Finland,domestic league (tier 2)
2022/06/14,Finland Cup,0,JäPS,1036,1053.0,2 - 1,AC Oulu,1411,1394.0,2,1,Finland,domestic cup
2022/06/22,Ykkönen,0,JäPS,1059,1040.0,1 - 4,MP Mikkeli,1129,1148.0,1,4,Finland,domestic league (tier 2)
2022/07/01,Ykkönen,0,JäPS,1039,1035.0,0 - 1,TPS Turku,1367,1371.0,0,1,Finland,domestic league (tier 2)
2022/07/11,Ykkönen,0,JäPS,1031,1042.0,2 - 1,IF Gnistan,1178,1167.0,2,1,Finland,domestic league (tier 2)
2022/07/30,Ykkönen,0,JäPS,1067,1076.0,4 - 1,Pargas IF,977,968.0,4,1,Finland,domestic league (tier 2)
2022/08/12,Ykkönen,0,JäPS,1089,1074.0,0 - 1,PEPO Lappeenranta,988,1003.0,0,1,Finland,domestic league (tier 2)
2022/08/26,Ykkönen,0,JäPS,1069,1087.0,3 - 0,PK-35 Vantaa,1173,1155.0,3,0,Finland,domestic league (tier 2)
2022/09/18,Ykkönen,0,JäPS,1072,1087.0,4 - 3,TPS Turku,1349,1334.0,4,3,Finland,domestic league (tier 2)
2022/10/01,Ykkönen,0,JäPS,1079,1069.0,1 - 3,FF Jaro,1301,1311.0,1,3,Finland,domestic league (tier 2)
2023/04/22,Ykkönen,0,JäPS,1056,1067.0,1 - 0,Ekenäs IF,1207,1196.0,1,0,Finland,domestic league (tier 2)
2023/05/06,Ykkönen,0,JäPS,1065,1050.0,1 - 3,MP Mikkeli,1155,1170.0,1,3,Finland,domestic league (tier 2)
2023/05/27,Ykkönen,0,JäPS,1061,1080.0,2 - 0,FF Jaro,1250,1231.0,2,0,Finland,domestic league (tier 2)
2023/05/31,Finland Cup,0,JäPS,1080,1082.0,0 - 0,Ekenäs IF,1260,1258.0,0,0,Finland,domestic cup
2023/06/07,Ykkönen,0,JäPS,1088,1070.0,1 - 3,SJK Akatemia,1108,1126.0,1,3,Finland,domestic league (tier 2)
2023/07/02,Ykkönen,0,JäPS,1052,1045.0,1 - 2,TPS Turku,1273,1280.0,1,2,Finland,domestic league (tier 2)
2023/07/22,Ykkönen,0,JäPS,1077,1056.0,0 - 3,KPV Kokkola,1111,1132.0,0,3,Finland,domestic league (tier 2)
2023/07/29,Ykkönen,0,JäPS,1056,1049.0,2 - 3,Helsingfors IFK,1261,1268.0,2,3,Finland,domestic league (tier 2)
2023/08/11,Ykkönen,0,JäPS,1055,1048.0,1 - 2,IF Gnistan,1250,1257.0,1,2,Finland,domestic league (tier 2)
2023/09/02,Ykkönen,0,JäPS,1054,1051.0,4 - 4,KäPa,1039,1042.0,4,4,Finland,domestic league (tier 2)
2023/09/16,Ykkönen,0,JäPS,1051,1058.0,2 - 1,KäPa,1042,1035.0,2,1,Finland,domestic league (tier 2)
2023/09/27,Ykkönen,0,JäPS,1050,1051.0,0 - 0,FF Jaro,1191,1190.0,0,0,Finland,domestic league (tier 2)
2023/10/01,Ykkönen,0,JäPS,1051,1067.0,5 - 1,KPV Kokkola,1105,1089.0,5,1,Finland,domestic league (tier 2)
2024/04/20,Ykkönen,0,JäPS,1076,1090.0,3 - 1,PK-35 Vantaa,1154,1140.0,3,1,Finland,domestic league (tier 2)
2024/04/24,Ykkönen,0,JäPS,1090,1076.0,2 - 3,SalPa,1062,1076.0,2,3,Finland,domestic league (tier 2)
2024/05/12,Ykkönen,0,JäPS,1070,1046.0,1 - 5,Jippo,1080,1104.0,1,5,Finland,domestic league (tier 2)
2024/05/22,Ykkönen,0,JäPS,1071,1083.0,2 - 1,TPS Turku,1234,1222.0,2,1,Finland,domestic league (tier 2)
2024/06/02,Ykkönen,0,JäPS,1089,1088.0,1 - 1,SJK Akatemia,1162,1163.0,1,1,Finland,domestic league (tier 2)
2024/06/28,Ykkönen,0,JäPS,1097,1092.0,2 - 2,KäPa,1025,1030.0,2,2,Finland,domestic league (tier 2)
2024/07/05,Ykkönen,0,JäPS,1092,1096.0,0 - 0,KTP,1330,1326.0,0,0,Finland,domestic league (tier 2)
2024/07/17,Ykkönen,0,JäPS,1089,1085.0,1 - 1,MP Mikkeli,1031,1035.0,1,1,Finland,domestic league (tier 2)
2024/07/27,Ykkönen,0,JäPS,1079,1081.0,2 - 2,FF Jaro,1240,1238.0,2,2,Finland,domestic league (tier 2)
2024/08/16,Ykkönen,0,JäPS,1074,1055.0,0 - 2,SalPa,1087,1106.0,0,2,Finland,domestic league (tier 2)
2024/08/30,Ykkönen,0,JäPS,1060,1073.0,4 - 0,MP Mikkeli,1051,1038.0,4,0,Finland,domestic league (tier 2)
2024/09/20,Ykkönen,0,JäPS,1090,1099.0,2 - 1,SJK Akatemia,1146,1137.0,2,1,Finland,domestic league (tier 2)
2024/10/05,Ykkönen,0,JäPS,1115,1095.0,1 - 4,Jippo,1158,1178.0,1,4,Finland,domestic league (tier 2)
2025/05/02,Ykkönen,0,JäPS,1125,1106.0,0 - 6,TPS Turku,1267,1286.0,0,6,Finland,domestic league (tier 2)
2025/05/17,Ykkönen,0,JäPS,1140,1139.0,1 - 1,Jippo,1205,1206.0,1,1,Finland,domestic league (tier 2)
2025/05/25,Ykkönen,0,JäPS,1132,1128.0,2 - 2,SJK Akatemia,1103,1107.0,2,2,Finland,domestic league (tier 2)
2025/06/06,Ykkönen,0,JäPS,1123,1118.0,2 - 2,KäPa,1015,1020.0,2,2,Finland,domestic league (tier 2)
2025/06/13,Ykkönen,0,JäPS,1118,1132.0,2 - 0,Klubi 04,1191,1177.0,2,0,Finland,domestic league (tier 2)
2025/06/19,Ykkönen,0,JäPS,1132,1134.0,1 - 1,Ekenäs IF,1288,1286.0,1,1,Finland,domestic league (tier 2)
2025/07/04,Ykkönen,0,JäPS,1129,1133.0,4 - 3,SalPa,1005,1001.0,4,3,Finland,domestic league (tier 2)
2025/07/13,Ykkönen,0,JäPS,1137,1116.0,1 - 4,PK-35 Vantaa,1171,1192.0,1,4,Finland,domestic league (tier 2)
2025/07/25,Ykkönen,0,JäPS,1103,1118.0,2 - 1,FC Lahti,1378,1363.0,2,1,Finland,domestic league (tier 2)
2025/08/15,Ykkönen,0,JäPS,1136,1141.0,2 - 0,SalPa,976,971.0,2,0,Finland,domestic league (tier 2)
2025/08/29,Ykkönen,0,JäPS,1146,1145.0,0 - 0,Ekenäs IF,1218,1219.0,0,0,Finland,domestic league (tier 2)
2025/09/19,Ykkönen,0,JäPS,1152,1154.0,1 - 1,TPS Turku,1310,1308.0,1,1,Finland,domestic league (tier 2)
2025/10/18,Ykkönen,0,JäPS,1149,1148.0,1 - 1,Jippo,1225,1226.0,1,1,Finland,domestic league (tier 2)
2026/04/10,Ykkönen,0,JäPS,1153,1160.0,1 - 0,Klubi 04,1131,1124.0,1,0,Finland,domestic league (tier 2)
2026/04/25,Ykkönen,0,JäPS,1154,1168.0,3 - 0,Ekenäs IF,1192,1178.0,3,0,Finland,domestic league (tier 2)
2026/05/02,Ykkönen,0,JäPS,1168,1176.0,1 - 0,PK-35 Vantaa,1209,1201.0,1,0,Finland,domestic league (tier 2)
2026/05/16,Ykkönen,0,JäPS,1214,1202.0,0 - 1,KTP,1254,1266.0,0,1,Finland,domestic league (tier 2)
2026/05/22,Ykkönen,0,JäPS,1202,1177.0,0 - 2,MP Mikkeli,1029,1054.0,0,2,Finland,domestic league (tier 2)
2026/05/26,Finland Cup,0,JäPS,1177,1175.0,0 - 1,Kuopion PS,1622,1624.0,0,1,Finland,domestic cup
2026/06/12,Ykkönen,0,JäPS,1180,1157.0,0 - 5,PK-35 Vantaa,1219,1242.0,0,5,Finland,domestic league (tier 2)
2026/07/03,Ykkönen,0,JäPS,1141,1146.0,1 - 0,SJK Seinäjoki II,1068,1063.0,1,0,Finland,domestic league (tier 2)
2026/07/25,Ykkönen,0,JäPS,1152,1161.0,2 - 0,Klubi 04,1118,1109.0,2,0,Finland,domestic league (tier 2)
2026/08/07,Ykkönen,0,JäPS,1156,1161.0,1 - 0,MP Mikkeli,1077,1072.0,1,0,Finland,domestic league (tier 2)
2026/08/14,Ykkönen,0,JäPS,1161,1153.0,1 - 2,Haka Valkeakoski,1342,1350.0,1,2,Finland,domestic league (tier 2)
2026/08/28,Ykkönen,0,JäPS,1145,1139.0,0 - 0,KäPa,1005,1011.0,0,0,Finland,domestic league (tier 2)
2016/07/02,Ykkönen,0,KPV Kokkola,1224,1205.0,1 - 4,Haka Valkeakoski,1303,1322.0,1,4,Finland,domestic league (tier 2)
2016/07/10,Ykkönen,0,KPV Kokkola,1201,1192.0,2 - 3,TPS Turku,1340,1349.0,2,3,Finland,domestic league (tier 2)
2016/07/31,Ykkönen,0,KPV Kokkola,1190,1201.0,2 - 1,JJK Jyväskylä,1325,1314.0,2,1,Finland,domestic league (tier 2)
2016/08/14,Ykkönen,0,KPV Kokkola,1193,1188.0,3 - 3,FC Jazz Pori,1118,1123.0,3,3,Finland,domestic league (tier 2)
2016/08/28,Ykkönen,0,KPV Kokkola,1205,1182.0,0 - 2,Grankulla IFK,1087,1110.0,0,2,Finland,domestic league (tier 2)
2016/09/18,Ykkönen,0,KPV Kokkola,1194,1195.0,0 - 0,AC Oulu,1315,1314.0,0,0,Finland,domestic league (tier 2)
2016/09/25,Ykkönen,0,KPV Kokkola,1195,1180.0,0 - 3,FF Jaro,1346,1361.0,0,3,Finland,domestic league (tier 2)
2016/10/15,Ykkönen,0,KPV Kokkola,1196,1194.0,1 - 1,KTP,1236,1238.0,1,1,Finland,domestic league (tier 2)
2017/05/06,Ykkönen,0,KPV Kokkola,1264,1273.0,2 - 1,TPS Turku,1329,1320.0,2,1,Finland,domestic league (tier 2)
2017/05/21,Ykkönen,0,KPV Kokkola,1280,1284.0,1 - 0,Grankulla IFK,1145,1141.0,1,0,Finland,domestic league (tier 2)
2017/05/24,Ykkönen,0,KPV Kokkola,1284,1277.0,1 - 1,IF Gnistan,1050,1057.0,1,1,Finland,domestic league (tier 2)
2017/06/03,Ykkönen,0,KPV Kokkola,1290,1294.0,2 - 1,Ekenäs IF,1157,1153.0,2,1,Finland,domestic league (tier 2)
2017/06/17,Ykkönen,0,KPV Kokkola,1299,1306.0,4 - 2,OPS Oulu,1204,1197.0,4,2,Finland,domestic league (tier 2)
2017/06/22,Ykkönen,0,KPV Kokkola,1306,1320.0,3 - 0,FF Jaro,1327,1313.0,3,0,Finland,domestic league (tier 2)
2017/07/08,Ykkönen,0,KPV Kokkola,1323,1342.0,3 - 0,FC Honka,1445,1426.0,3,0,Finland,domestic league (tier 2)
2017/07/23,Ykkönen,0,KPV Kokkola,1348,1334.0,0 - 1,AC Oulu,1305,1319.0,0,1,Finland,domestic league (tier 2)
2017/08/05,Ykkönen,0,KPV Kokkola,1317,1312.0,2 - 2,Haka Valkeakoski,1248,1253.0,2,2,Finland,domestic league (tier 2)
2017/08/26,Ykkönen,0,KPV Kokkola,1339,1337.0,2 - 2,TPS Turku,1377,1379.0,2,2,Finland,domestic league (tier 2)
2017/09/09,Ykkönen,0,KPV Kokkola,1329,1326.0,0 - 0,FF Jaro,1322,1325.0,0,0,Finland,domestic league (tier 2)
2017/09/16,Ykkönen,0,KPV Kokkola,1326,1308.0,1 - 2,IF Gnistan,1081,1099.0,1,2,Finland,domestic league (tier 2)
2017/09/30,Ykkönen,0,KPV Kokkola,1299,1307.0,3 - 0,Ekenäs IF,1192,1184.0,3,0,Finland,domestic league (tier 2)
2017/10/21,Ykkönen,0,KPV Kokkola,1308,1301.0,1 - 1,OPS Oulu,1134,1141.0,1,1,Finland,domestic league (tier 2)
2018/05/13,Ykkönen,0,KPV Kokkola,1325,1327.0,2 - 1,AC Kajaani,1061,1059.0,2,1,Finland,domestic league (tier 2)
2018/05/21,Ykkönen,0,KPV Kokkola,1327,1322.0,0 - 0,Ekenäs IF,1221,1226.0,0,0,Finland,domestic league (tier 2)
2018/06/02,Ykkönen,0,KPV Kokkola,1309,1315.0,1 - 0,AC Oulu,1267,1261.0,1,0,Finland,domestic league (tier 2)
2018/06/09,Ykkönen,0,KPV Kokkola,1315,1317.0,2 - 1,Klubi 04,1051,1049.0,2,1,Finland,domestic league (tier 2)
2018/06/20,Ykkönen,0,KPV Kokkola,1307,1312.0,1 - 0,KTP,1201,1196.0,1,0,Finland,domestic league (tier 2)
2018/06/30,Ykkönen,0,KPV Kokkola,1298,1305.0,1 - 0,FF Jaro,1291,1284.0,1,0,Finland,domestic league (tier 2)
2018/07/21,Ykkönen,0,KPV Kokkola,1303,1310.0,1 - 0,Haka Valkeakoski,1285,1278.0,1,0,Finland,domestic league (tier 2)
2018/07/28,Ykkönen,0,KPV Kokkola,1310,1296.0,1 - 2,AC Oulu,1246,1260.0,1,2,Finland,domestic league (tier 2)
2018/08/11,Ykkönen,0,KPV Kokkola,1292,1291.0,2 - 2,Helsingfors IFK,1356,1357.0,2,2,Finland,domestic league (tier 2)
2018/08/25,Ykkönen,0,KPV Kokkola,1308,1316.0,4 - 1,JJK Jyväskylä,1210,1202.0,4,1,Finland,domestic league (tier 2)
2018/09/09,Ykkönen,0,KPV Kokkola,1299,1305.0,3 - 0,AC Kajaani,1115,1109.0,3,0,Finland,domestic league (tier 2)
2018/09/15,Ykkönen,0,KPV Kokkola,1305,1315.0,2 - 0,Ekenäs IF,1291,1281.0,2,0,Finland,domestic league (tier 2)
2018/10/06,Ykkönen,0,KPV Kokkola,1339,1343.0,6 - 0,Klubi 04,1060,1056.0,6,0,Finland,domestic league (tier 2)
2018/10/27,Ykkönen,0,KPV Kokkola,1337,1343.0,3 - 0,KTP,1167,1161.0,3,0,Finland,domestic league (tier 2)
2019/04/07,Veikkausliiga,0,KPV Kokkola,1399,1385.0,0 - 2,Ilves Tampere,1520,1534.0,0,2,Finland,domestic league (tier 1)
2019/04/13,Veikkausliiga,0,KPV Kokkola,1385,1375.0,0 - 1,Rovaniemi PS,1489,1499.0,0,1,Finland,domestic league (tier 1)
2019/04/25,Veikkausliiga,0,KPV Kokkola,1379,1359.0,0 - 4,IFK Mariehamn,1447,1467.0,0,4,Finland,domestic league (tier 1)
2019/05/11,Veikkausliiga,0,KPV Kokkola,1348,1347.0,0 - 0,FC Lahti,1396,1397.0,0,0,Finland,domestic league (tier 1)
2019/05/20,Veikkausliiga,0,KPV Kokkola,1340,1338.0,1 - 1,Helsingfors IFK,1354,1356.0,1,1,Finland,domestic league (tier 1)
2019/06/16,Veikkausliiga,0,KPV Kokkola,1352,1338.0,1 - 3,Inter Turku,1483,1497.0,1,3,Finland,domestic league (tier 1)
2019/07/06,Veikkausliiga,0,KPV Kokkola,1340,1348.0,2 - 1,Vaasan PS,1378,1370.0,2,1,Finland,domestic league (tier 1)
2019/07/20,Veikkausliiga,0,KPV Kokkola,1340,1330.0,1 - 2,SJK Seinäjoki,1434,1444.0,1,2,Finland,domestic league (tier 1)
2019/07/28,Veikkausliiga,0,KPV Kokkola,1330,1344.0,2 - 1,Kuopion PS,1558,1544.0,2,1,Finland,domestic league (tier 1)
2019/08/18,Veikkausliiga,0,KPV Kokkola,1333,1348.0,2 - 1,HJK Helsinki,1620,1605.0,2,1,Finland,domestic league (tier 1)
2019/08/31,Veikkausliiga,0,KPV Kokkola,1345,1337.0,0 - 1,FC Honka,1521,1529.0,0,1,Finland,domestic league (tier 1)
2019/09/21,Veikkausliiga,0,KPV Kokkola,1328,1346.0,4 - 1,Rovaniemi PS,1431,1413.0,4,1,Finland,domestic league (tier 1)
2019/10/19,Veikkausliiga,0,KPV Kokkola,1391,1377.0,2 - 3,Vaasan PS,1343,1357.0,2,3,Finland,domestic league (tier 1)
2020/06/27,Ykkönen,0,KPV Kokkola,1338,1333.0,1 - 1,KTP,1250,1255.0,1,1,Finland,domestic league (tier 2)
2020/07/11,Ykkönen,0,KPV Kokkola,1339,1333.0,2 - 2,Ekenäs IF,1184,1190.0,2,2,Finland,domestic league (tier 2)
2020/07/25,Ykkönen,0,KPV Kokkola,1333,1319.0,0 - 1,AC Oulu,1297,1311.0,0,1,Finland,domestic league (tier 2)
2020/08/05,Ykkönen,0,KPV Kokkola,1307,1310.0,4 - 0,SJK Akatemia,996,993.0,4,0,Finland,domestic league (tier 2)
2020/08/09,Ykkönen,0,KPV Kokkola,1310,1284.0,0 - 4,FF Jaro,1258,1284.0,0,4,Finland,domestic league (tier 2)
2020/08/22,Ykkönen,0,KPV Kokkola,1292,1297.0,6 - 1,IF Gnistan,1040,1035.0,6,1,Finland,domestic league (tier 2)
2020/09/05,Ykkönen,0,KPV Kokkola,1283,1266.0,1 - 2,MP Mikkeli,1093,1110.0,1,2,Finland,domestic league (tier 2)
2020/09/16,Ykkönen,0,KPV Kokkola,1253,1260.0,6 - 0,Myllykosken Pallo -47,1071,1064.0,6,0,Finland,domestic league (tier 2)
2020/09/26,Ykkönen,0,KPV Kokkola,1275,1263.0,0 - 1,Vaasan PS,1303,1315.0,0,1,Finland,domestic league (tier 2)
2020/10/10,Ykkönen,0,KPV Kokkola,1256,1264.0,8 - 2,AC Kajaani,1107,1099.0,8,2,Finland,domestic league (tier 2)
2020/10/24,Ykkönen,0,KPV Kokkola,1268,1252.0,0 - 1,Musan Salama,1130,1146.0,0,1,Finland,domestic league (tier 2)
2021/05/13,Ykkönen,0,KPV Kokkola,1227,1228.0,1 - 1,TPS Turku,1362,1361.0,1,1,Finland,domestic league (tier 2)
2021/05/29,Ykkönen,0,KPV Kokkola,1233,1215.0,0 - 2,FF Jaro,1273,1291.0,0,2,Finland,domestic league (tier 2)
2021/06/20,Ykkönen,0,KPV Kokkola,1195,1182.0,1 - 2,Musan Salama,1175,1188.0,1,2,Finland,domestic league (tier 2)
2021/06/24,Ykkönen,0,KPV Kokkola,1182,1162.0,0 - 2,IF Gnistan,1162,1182.0,0,2,Finland,domestic league (tier 2)
2021/06/30,Ykkönen,0,KPV Kokkola,1162,1162.0,1 - 1,Rovaniemi PS,1247,1247.0,1,1,Finland,domestic league (tier 2)
2021/07/10,Ykkönen,0,KPV Kokkola,1162,1157.0,2 - 2,Klubi 04,1050,1055.0,2,2,Finland,domestic league (tier 2)
2021/07/24,Ykkönen,0,KPV Kokkola,1163,1153.0,1 - 2,Vaasan PS,1273,1283.0,1,2,Finland,domestic league (tier 2)
2021/08/07,Ykkönen,0,KPV Kokkola,1184,1190.0,1 - 0,MP Mikkeli,1135,1129.0,1,0,Finland,domestic league (tier 2)
2021/08/21,Ykkönen,0,KPV Kokkola,1203,1219.0,3 - 0,PK-35 Vantaa,1264,1248.0,3,0,Finland,domestic league (tier 2)
2021/09/11,Ykkönen,0,KPV Kokkola,1209,1213.0,1 - 0,Jippo,1083,1079.0,1,0,Finland,domestic league (tier 2)
2021/09/15,Ykkönen,0,KPV Kokkola,1213,1221.0,2 - 1,Ekenäs IF,1245,1237.0,2,1,Finland,domestic league (tier 2)
2021/09/25,Ykkönen,0,KPV Kokkola,1226,1230.0,1 - 0,Jippo,1065,1061.0,1,0,Finland,domestic league (tier 2)
2021/10/10,Ykkönen,0,KPV Kokkola,1238,1242.0,2 - 1,MP Mikkeli,1115,1111.0,2,1,Finland,domestic league (tier 2)
2021/10/16,Ykkönen,0,KPV Kokkola,1242,1249.0,4 - 1,Musan Salama,1113,1106.0,4,1,Finland,domestic league (tier 2)
2022/04/18,Ykkönen,0,KPV Kokkola,1237,1241.0,3 - 2,MP Mikkeli,1108,1104.0,3,2,Finland,domestic league (tier 2)
2022/04/23,Ykkönen,0,KPV Kokkola,1241,1219.0,0 - 2,IF Gnistan,1157,1179.0,0,2,Finland,domestic league (tier 2)
2022/05/03,Finland Cup,0,KPV Kokkola,1215,1199.0,1 - 5,Vaasan PS,1361,1377.0,1,5,Finland,domestic cup
2022/05/08,Ykkönen,0,KPV Kokkola,1199,1182.0,1 - 3,KTP,1241,1258.0,1,3,Finland,domestic league (tier 2)
2022/05/21,Ykkönen,0,KPV Kokkola,1189,1162.0,0 - 3,SJK Akatemia,1065,1092.0,0,3,Finland,domestic league (tier 2)
2022/06/03,Ykkönen,0,KPV Kokkola,1160,1170.0,1 - 0,FF Jaro,1264,1254.0,1,0,Finland,domestic league (tier 2)
2022/06/22,Ykkönen,0,KPV Kokkola,1166,1166.0,1 - 1,Ekenäs IF,1251,1251.0,1,1,Finland,domestic league (tier 2)
2022/07/06,Ykkönen,0,KPV Kokkola,1179,1183.0,1 - 0,JäPS,1035,1031.0,1,0,Finland,domestic league (tier 2)
2022/07/16,Ykkönen,0,KPV Kokkola,1175,1178.0,2 - 1,Pargas IF,967,964.0,2,1,Finland,domestic league (tier 2)
2022/07/30,Ykkönen,0,KPV Kokkola,1178,1181.0,2 - 1,PEPO Lappeenranta,999,996.0,2,1,Finland,domestic league (tier 2)
2022/08/13,Ykkönen,0,KPV Kokkola,1172,1169.0,1 - 1,PK-35 Vantaa,1173,1176.0,1,1,Finland,domestic league (tier 2)
2022/08/25,Ykkönen,0,KPV Kokkola,1170,1172.0,1 - 1,TPS Turku,1339,1337.0,1,1,Finland,domestic league (tier 2)
2022/09/18,Ykkönen,0,KPV Kokkola,1192,1179.0,1 - 2,Ekenäs IF,1197,1210.0,1,2,Finland,domestic league (tier 2)
2022/10/08,Ykkönen,0,KPV Kokkola,1176,1181.0,2 - 1,JäPS,1069,1064.0,2,1,Finland,domestic league (tier 2)
2023/04/15,Ykkönen,0,KPV Kokkola,1181,1178.0,0 - 0,JJK Jyväskylä,1156,1159.0,0,0,Finland,domestic league (tier 2)
2023/04/22,Ykkönen,0,KPV Kokkola,1178,1179.0,0 - 0,TPS Turku,1319,1318.0,0,0,Finland,domestic league (tier 2)
2023/05/13,Ykkönen,0,KPV Kokkola,1180,1164.0,1 - 2,JäPS,1050,1066.0,1,2,Finland,domestic league (tier 2)
2023/05/27,Ykkönen,0,KPV Kokkola,1159,1148.0,1 - 2,IF Gnistan,1215,1226.0,1,2,Finland,domestic league (tier 2)
2023/06/08,Ykkönen,0,KPV Kokkola,1150,1155.0,1 - 0,SalPa,1045,1040.0,1,0,Finland,domestic league (tier 2)
2023/07/01,Ykkönen,0,KPV Kokkola,1153,1136.0,2 - 4,MP Mikkeli,1211,1228.0,2,4,Finland,domestic league (tier 2)
2023/07/15,Ykkönen,0,KPV Kokkola,1129,1111.0,0 - 4,Helsingfors IFK,1238,1256.0,0,4,Finland,domestic league (tier 2)
2023/07/29,Ykkönen,0,KPV Kokkola,1132,1131.0,1 - 1,FF Jaro,1183,1184.0,1,1,Finland,domestic league (tier 2)
2023/08/12,Ykkönen,0,KPV Kokkola,1126,1124.0,1 - 1,SJK Akatemia,1143,1145.0,1,1,Finland,domestic league (tier 2)
2023/09/02,Ykkönen,0,KPV Kokkola,1126,1118.0,2 - 3,Ekenäs IF,1299,1307.0,2,3,Finland,domestic league (tier 2)
2023/09/23,Ykkönen,0,KPV Kokkola,1109,1117.0,2 - 0,KäPa,1035,1027.0,2,0,Finland,domestic league (tier 2)
2023/10/07,Ykkönen,0,KPV Kokkola,1089,1098.0,3 - 1,JJK Jyväskylä,1031,1022.0,3,1,Finland,domestic league (tier 2)
2024/05/09,Finland Cup,0,KPV Kokkola,1098,1118.0,4 - 0,FF Jaro,1227,1207.0,4,0,Finland,domestic cup
2024/06/25,Finland Cup,0,KPV Kokkola,1150,1163.0,2 - 1,FC Lahti,1351,1338.0,2,1,Finland,domestic cup
2024/07/03,Finland Cup,0,KPV Kokkola,1163,1159.0,1 - 2,Haka Valkeakoski,1512,1516.0,1,2,Finland,domestic cup
2025/05/07,Finland Cup,0,KPV Kokkola,1159,1159.0,1 - 1,Rovaniemi PS,1264,1264.0,1,1,Finland,domestic cup
2025/05/28,Finland Cup,0,KPV Kokkola,1159,1176.0,2 - 0,KTP,1301,1284.0,2,0,Finland,domestic cup
2016/07/02,Ykkönen,0,KTP,1270,1253.0,1 - 2,Grankulla IFK,1098,1115.0,1,2,Finland,domestic league (tier 2)
2016/07/16,Ykkönen,0,KTP,1243,1248.0,1 - 0,FC Jazz Pori,1134,1129.0,1,0,Finland,domestic league (tier 2)
2016/08/03,Ykkönen,0,KTP,1271,1269.0,1 - 1,FF Jaro,1300,1302.0,1,1,Finland,domestic league (tier 2)
2016/08/07,Ykkönen,0,KTP,1269,1277.0,5 - 3,KPV Kokkola,1201,1193.0,5,3,Finland,domestic league (tier 2)
2016/08/22,Ykkönen,0,KTP,1280,1298.0,5 - 0,JJK Jyväskylä,1339,1321.0,5,0,Finland,domestic league (tier 2)
2016/08/28,Ykkönen,0,KTP,1298,1277.0,1 - 4,AC Oulu,1324,1345.0,1,4,Finland,domestic league (tier 2)
2016/09/11,Ykkönen,0,KTP,1259,1243.0,0 - 1,Ekenäs IF,1141,1157.0,0,1,Finland,domestic league (tier 2)
2016/09/25,Ykkönen,0,KTP,1243,1243.0,3 - 3,TPS Turku,1343,1343.0,3,3,Finland,domestic league (tier 2)
2016/10/22,Ykkönen,0,KTP,1238,1235.0,3 - 3,Haka Valkeakoski,1245,1248.0,3,3,Finland,domestic league (tier 2)
2018/05/14,Ykkönen,0,KTP,1212,1206.0,0 - 0,Klubi 04,1059,1065.0,0,0,Finland,domestic league (tier 2)
2018/05/28,Ykkönen,0,KTP,1198,1206.0,2 - 1,JJK Jyväskylä,1241,1233.0,2,1,Finland,domestic league (tier 2)
2018/06/02,Ykkönen,0,KTP,1206,1205.0,2 - 2,Haka Valkeakoski,1274,1275.0,2,2,Finland,domestic league (tier 2)
2018/06/16,Ykkönen,0,KTP,1211,1201.0,0 - 1,FF Jaro,1298,1308.0,0,1,Finland,domestic league (tier 2)
2018/06/30,Ykkönen,0,KTP,1190,1195.0,3 - 2,AC Kajaani,1111,1106.0,3,2,Finland,domestic league (tier 2)
2018/07/14,Ykkönen,0,KTP,1193,1202.0,1 - 0,AC Oulu,1255,1246.0,1,0,Finland,domestic league (tier 2)
2018/07/21,Ykkönen,0,KTP,1202,1213.0,3 - 1,JJK Jyväskylä,1216,1205.0,3,1,Finland,domestic league (tier 2)
2018/08/06,Ykkönen,0,KTP,1203,1215.0,2 - 1,Helsingfors IFK,1368,1356.0,2,1,Finland,domestic league (tier 2)
2018/08/20,Ykkönen,0,KTP,1228,1211.0,1 - 3,KPV Kokkola,1291,1308.0,1,3,Finland,domestic league (tier 2)
2018/08/27,Ykkönen,0,KTP,1211,1211.0,1 - 1,Ekenäs IF,1299,1299.0,1,1,Finland,domestic league (tier 2)
2018/09/10,Ykkönen,0,KTP,1195,1170.0,1 - 3,Klubi 04,1035,1060.0,1,3,Finland,domestic league (tier 2)
2018/10/01,Ykkönen,0,KTP,1170,1170.0,0 - 0,Haka Valkeakoski,1270,1270.0,0,0,Finland,domestic league (tier 2)
2018/10/20,Ykkönen,0,KTP,1167,1167.0,0 - 0,FF Jaro,1256,1256.0,0,0,Finland,domestic league (tier 2)
2019/04/27,Ykkönen,0,KTP,1174,1166.0,0 - 1,AC Oulu,1327,1335.0,0,1,Finland,domestic league (tier 2)
2019/05/13,Ykkönen,0,KTP,1159,1172.0,3 - 1,Ekenäs IF,1224,1211.0,3,1,Finland,domestic league (tier 2)
2019/05/20,Ykkönen,0,KTP,1172,1171.0,2 - 2,FF Jaro,1244,1245.0,2,2,Finland,domestic league (tier 2)
2019/06/03,Ykkönen,0,KTP,1187,1195.0,3 - 1,Musan Salama,1104,1096.0,3,1,Finland,domestic league (tier 2)
2019/06/10,Ykkönen,0,KTP,1195,1181.0,0 - 3,TPS Turku,1373,1387.0,0,3,Finland,domestic league (tier 2)
2019/06/24,Ykkönen,0,KTP,1189,1182.0,0 - 1,Haka Valkeakoski,1381,1388.0,0,1,Finland,domestic league (tier 2)
2019/07/13,Ykkönen,0,KTP,1199,1176.0,0 - 2,AC Kajaani,1076,1099.0,0,2,Finland,domestic league (tier 2)
2019/07/22,Ykkönen,0,KTP,1176,1188.0,2 - 0,Myllykosken Pallo -47,1217,1205.0,2,0,Finland,domestic league (tier 2)
2019/08/12,Ykkönen,0,KTP,1175,1186.0,6 - 1,TPV Tampere,1106,1095.0,6,1,Finland,domestic league (tier 2)
2019/09/02,Ykkönen,0,KTP,1196,1203.0,2 - 1,Ekenäs IF,1200,1193.0,2,1,Finland,domestic league (tier 2)
2019/09/09,Ykkönen,0,KTP,1203,1217.0,3 - 1,FF Jaro,1280,1266.0,3,1,Finland,domestic league (tier 2)
2019/09/30,Ykkönen,0,KTP,1239,1244.0,1 - 0,Musan Salama,1133,1128.0,1,0,Finland,domestic league (tier 2)
2019/10/07,Ykkönen,0,KTP,1244,1246.0,1 - 1,TPS Turku,1398,1396.0,1,1,Finland,domestic league (tier 2)
2020/07/11,Ykkönen,0,KTP,1266,1260.0,0 - 0,Musan Salama,1103,1109.0,0,0,Finland,domestic league (tier 2)
2020/07/25,Ykkönen,0,KTP,1273,1256.0,2 - 3,MP Mikkeli,1071,1088.0,2,3,Finland,domestic league (tier 2)
2020/08/05,Ykkönen,0,KTP,1268,1272.0,3 - 2,Myllykosken Pallo -47,1122,1118.0,3,2,Finland,domestic league (tier 2)
2020/08/15,Ykkönen,0,KTP,1276,1289.0,2 - 0,Vaasan PS,1320,1307.0,2,0,Finland,domestic league (tier 2)
2020/08/30,Ykkönen,0,KTP,1297,1294.0,1 - 1,FF Jaro,1295,1298.0,1,1,Finland,domestic league (tier 2)
2020/09/07,Ykkönen,0,KTP,1294,1297.0,4 - 0,SJK Akatemia,975,972.0,4,0,Finland,domestic league (tier 2)
2020/09/16,Ykkönen,0,KTP,1315,1319.0,4 - 0,IF Gnistan,1047,1043.0,4,0,Finland,domestic league (tier 2)
2020/09/25,Ykkönen,0,KTP,1319,1324.0,3 - 2,Ekenäs IF,1229,1224.0,3,2,Finland,domestic league (tier 2)
2020/10/04,Ykkönen,0,KTP,1334,1320.0,1 - 2,AC Oulu,1301,1315.0,1,2,Finland,domestic league (tier 2)
2020/10/15,Ykkönen,0,KTP,1320,1316.0,0 - 0,KPV Kokkola,1264,1268.0,0,0,Finland,domestic league (tier 2)
2020/10/31,Ykkönen,0,KTP,1323,1293.0,1 - 4,AC Kajaani,1102,1132.0,1,4,Finland,domestic league (tier 2)
2021/05/07,Veikkausliiga,0,KTP,1314,1304.0,1 - 3,FC Honka,1532,1542.0,1,3,Finland,domestic league (tier 1)
2021/06/10,Veikkausliiga,0,KTP,1324,1310.0,0 - 2,Helsingfors IFK,1452,1466.0,0,2,Finland,domestic league (tier 1)
2021/06/15,Veikkausliiga,0,KTP,1310,1290.0,1 - 3,AC Oulu,1287,1307.0,1,3,Finland,domestic league (tier 1)
2021/06/30,Veikkausliiga,0,KTP,1289,1293.0,1 - 1,Ilves Tampere,1521,1517.0,1,1,Finland,domestic league (tier 1)
2021/07/12,Veikkausliiga,0,KTP,1296,1278.0,1 - 3,IFK Mariehamn,1336,1354.0,1,3,Finland,domestic league (tier 1)
2021/07/19,Veikkausliiga,0,KTP,1278,1279.0,0 - 0,Haka Valkeakoski,1405,1404.0,0,0,Finland,domestic league (tier 1)
2021/08/07,Veikkausliiga,0,KTP,1282,1280.0,0 - 1,HJK Helsinki,1749,1751.0,0,1,Finland,domestic league (tier 1)
2021/08/31,Veikkausliiga,0,KTP,1278,1271.0,1 - 3,Inter Turku,1575,1582.0,1,3,Finland,domestic league (tier 1)
2021/09/14,Veikkausliiga,0,KTP,1267,1260.0,0 - 1,SJK Seinäjoki,1478,1485.0,0,1,Finland,domestic league (tier 1)
2021/09/18,Veikkausliiga,0,KTP,1260,1257.0,1 - 2,Kuopion PS,1686,1689.0,1,2,Finland,domestic league (tier 1)
2021/09/22,Veikkausliiga,0,KTP,1257,1251.0,1 - 2,FC Lahti,1487,1493.0,1,2,Finland,domestic league (tier 1)
2021/10/16,Veikkausliiga,0,KTP,1241,1262.0,2 - 0,FC Honka,1497,1476.0,2,0,Finland,domestic league (tier 1)
2021/10/27,Veikkausliiga,0,KTP,1254,1243.0,2 - 4,Haka Valkeakoski,1446,1457.0,2,4,Finland,domestic league (tier 1)
2022/04/18,Ykkönen,0,KTP,1238,1240.0,1 - 0,PEPO Lappeenranta,978,976.0,1,0,Finland,domestic league (tier 2)
2022/04/28,Ykkönen,0,KTP,1240,1241.0,0 - 0,TPS Turku,1368,1367.0,0,0,Finland,domestic league (tier 2)
2022/05/25,Finland Cup,0,KTP,1244,1234.0,2 - 4,Haka Valkeakoski,1459,1469.0,2,4,Finland,domestic cup
2022/05/30,Ykkönen,0,KTP,1234,1231.0,1 - 1,Ekenäs IF,1241,1244.0,1,1,Finland,domestic league (tier 2)
2022/06/03,Ykkönen,0,KTP,1231,1234.0,3 - 1,Pargas IF,965,962.0,3,1,Finland,domestic league (tier 2)
2022/06/15,Ykkönen,0,KTP,1233,1244.0,4 - 0,IF Gnistan,1186,1175.0,4,0,Finland,domestic league (tier 2)
2022/06/22,Ykkönen,0,KTP,1246,1256.0,4 - 0,PK-35 Vantaa,1168,1158.0,4,0,Finland,domestic league (tier 2)
2022/07/01,Ykkönen,0,KTP,1256,1264.0,4 - 1,MP Mikkeli,1148,1140.0,4,1,Finland,domestic league (tier 2)
2022/07/11,Ykkönen,0,KTP,1287,1295.0,3 - 0,KPV Kokkola,1183,1175.0,3,0,Finland,domestic league (tier 2)
2022/07/22,Ykkönen,0,KTP,1284,1288.0,3 - 1,JäPS,1071,1067.0,3,1,Finland,domestic league (tier 2)
2022/08/12,Ykkönen,0,KTP,1281,1284.0,1 - 0,SJK Akatemia,1079,1076.0,1,0,Finland,domestic league (tier 2)
2022/08/26,Ykkönen,0,KTP,1271,1278.0,2 - 1,FF Jaro,1275,1268.0,2,1,Finland,domestic league (tier 2)
2022/09/09,Ykkönen,0,KTP,1287,1293.0,6 - 0,JäPS,1078,1072.0,6,0,Finland,domestic league (tier 2)
2022/09/23,Ykkönen,0,KTP,1282,1291.0,6 - 2,KPV Kokkola,1179,1170.0,6,2,Finland,domestic league (tier 2)
2022/10/08,Ykkönen,0,KTP,1302,1290.0,0 - 1,TPS Turku,1314,1326.0,0,1,Finland,domestic league (tier 2)
2023/02/18,Finland League Cup,0,KTP,1300,1314.0,2 - 0,Inter Turku,1495,1481.0,2,0,Finland,domestic cup
2023/03/04,Finland League Cup,0,KTP,1306,1303.0,1 - 2,HJK Helsinki,1664,1667.0,1,2,Finland,domestic cup
2023/04/05,Veikkausliiga,0,KTP,1303,1291.0,0 - 2,AC Oulu,1474,1486.0,0,2,Finland,domestic league (tier 1)
2023/04/14,Veikkausliiga,0,KTP,1291,1297.0,0 - 0,Kuopion PS,1638,1632.0,0,0,Finland,domestic league (tier 1)
2023/04/22,Veikkausliiga,0,KTP,1297,1307.0,2 - 1,IFK Mariehamn,1388,1378.0,2,1,Finland,domestic league (tier 1)
2023/05/09,Veikkausliiga,0,KTP,1300,1307.0,3 - 3,HJK Helsinki,1678,1671.0,3,3,Finland,domestic league (tier 1)
2023/05/22,Veikkausliiga,0,KTP,1312,1301.0,0 - 2,SJK Seinäjoki,1519,1530.0,0,2,Finland,domestic league (tier 1)
2023/05/31,Finland Cup,0,KTP,1319,1314.0,1 - 1,IF Gnistan,1226,1231.0,1,1,Finland,domestic cup
2023/06/03,Veikkausliiga,0,KTP,1314,1325.0,1 - 0,Vaasan PS,1460,1449.0,1,0,Finland,domestic league (tier 1)
2023/07/05,Finland Cup,0,KTP,1348,1341.0,1 - 2,AC Oulu,1539,1546.0,1,2,Finland,domestic cup
2023/07/08,Veikkausliiga,0,KTP,1341,1342.0,0 - 0,Ilves Tampere,1488,1487.0,0,0,Finland,domestic league (tier 1)
2023/08/07,Veikkausliiga,0,KTP,1334,1320.0,1 - 4,Inter Turku,1498,1512.0,1,4,Finland,domestic league (tier 1)
2023/08/21,Veikkausliiga,0,KTP,1337,1328.0,1 - 2,Haka Valkeakoski,1469,1478.0,1,2,Finland,domestic league (tier 1)
2023/09/03,Veikkausliiga,0,KTP,1325,1319.0,1 - 2,FC Honka,1567,1573.0,1,2,Finland,domestic league (tier 1)
2023/09/22,Veikkausliiga,0,KTP,1313,1298.0,0 - 3,Ilves Tampere,1455,1470.0,0,3,Finland,domestic league (tier 1)
2023/10/21,Veikkausliiga,0,KTP,1288,1272.0,0 - 2,IFK Mariehamn,1368,1384.0,0,2,Finland,domestic league (tier 1)
2024/04/13,Ykkönen,0,KTP,1272,1281.0,4 - 0,MP Mikkeli,1166,1157.0,4,0,Finland,domestic league (tier 2)
2024/04/24,Ykkönen,0,KTP,1267,1276.0,5 - 1,SJK Akatemia,1173,1164.0,5,1,Finland,domestic league (tier 2)
2024/05/03,Ykkönen,0,KTP,1293,1297.0,2 - 0,JäPS,1078,1074.0,2,0,Finland,domestic league (tier 2)
2024/05/13,Ykkönen,0,KTP,1297,1302.0,1 - 0,FF Jaro,1207,1202.0,1,0,Finland,domestic league (tier 2)
2024/05/27,Ykkönen,0,KTP,1322,1324.0,2 - 1,KäPa,1050,1048.0,2,1,Finland,domestic league (tier 2)
2024/06/12,Ykkönen,0,KTP,1326,1329.0,2 - 1,Jippo,1110,1107.0,2,1,Finland,domestic league (tier 2)
2024/06/16,Finland Cup,0,KTP,1329,1311.0,1 - 5,Inter Turku,1448,1466.0,1,5,Finland,domestic cup
2024/06/29,Ykkönen,0,KTP,1326,1330.0,1 - 0,PK-35 Vantaa,1160,1156.0,1,0,Finland,domestic league (tier 2)
2024/07/17,Ykkönen,0,KTP,1309,1295.0,1 - 2,TPS Turku,1251,1265.0,1,2,Finland,domestic league (tier 2)
2024/07/20,Ykkönen,0,KTP,1295,1301.0,6 - 0,SalPa,1093,1087.0,6,0,Finland,domestic league (tier 2)
2024/08/12,Ykkönen,0,KTP,1311,1314.0,2 - 1,PK-35 Vantaa,1120,1117.0,2,1,Finland,domestic league (tier 2)
2024/08/19,Ykkönen,0,KTP,1314,1308.0,3 - 3,SJK Akatemia,1149,1155.0,3,3,Finland,domestic league (tier 2)
2024/09/13,Ykkönen,0,KTP,1306,1289.0,1 - 2,JäPS,1073,1090.0,1,2,Finland,domestic league (tier 2)
2024/09/27,Ykkönen,0,KTP,1303,1307.0,7 - 2,KäPa,1026,1022.0,7,2,Finland,domestic league (tier 2)
2024/10/19,Ykkönen,0,KTP,1318,1313.0,1 - 1,TPS Turku,1221,1226.0,1,1,Finland,domestic league (tier 2)
2025/02/08,Finland League Cup,0,KTP,1304,1299.0,1 - 2,Inter Turku,1542,1547.0,1,2,Finland,domestic cup
2025/02/18,Finland League Cup,0,KTP,1299,1292.0,0 - 4,HJK Helsinki,1603,1610.0,0,4,Finland,domestic cup
2025/04/05,Veikkausliiga,0,KTP,1303,1296.0,0 - 1,SJK Seinäjoki,1523,1530.0,0,1,Finland,domestic league (tier 1)
2025/04/11,Veikkausliiga,0,KTP,1296,1299.0,2 - 2,Vaasan PS,1503,1500.0,2,2,Finland,domestic league (tier 1)
2025/04/19,Veikkausliiga,0,KTP,1322,1310.0,0 - 5,Ilves Tampere,1574,1586.0,0,5,Finland,domestic league (tier 1)
2025/05/02,Veikkausliiga,0,KTP,1321,1304.0,1 - 3,AC Oulu,1384,1401.0,1,3,Finland,domestic league (tier 1)
2025/05/23,Veikkausliiga,0,KTP,1299,1301.0,0 - 0,Haka Valkeakoski,1455,1453.0,0,0,Finland,domestic league (tier 1)
2025/05/31,Veikkausliiga,0,KTP,1284,1283.0,2 - 2,IFK Mariehamn,1332,1333.0,2,2,Finland,domestic league (tier 1)
2025/06/28,Veikkausliiga,0,KTP,1276,1284.0,3 - 2,FF Jaro,1303,1295.0,3,2,Finland,domestic league (tier 1)
2025/07/07,Veikkausliiga,0,KTP,1282,1284.0,0 - 0,IF Gnistan,1441,1439.0,0,0,Finland,domestic league (tier 1)
2025/07/18,Veikkausliiga,0,KTP,1279,1285.0,2 - 2,Inter Turku,1617,1611.0,2,2,Finland,domestic league (tier 1)
2025/08/09,Veikkausliiga,0,KTP,1296,1290.0,0 - 2,Kuopion PS,1629,1635.0,0,2,Finland,domestic league (tier 1)
2025/08/31,Veikkausliiga,0,KTP,1275,1268.0,1 - 4,HJK Helsinki,1623,1630.0,1,4,Finland,domestic league (tier 1)
2025/09/19,Veikkausliiga,0,KTP,1265,1253.0,1 - 2,FF Jaro,1312,1324.0,1,2,Finland,domestic league (tier 1)
2025/10/04,Veikkausliiga,0,KTP,1277,1276.0,1 - 1,IFK Mariehamn,1335,1336.0,1,1,Finland,domestic league (tier 1)
2025/10/26,Veikkausliiga rel.,0,KTP,1278,1266.0,2 - 3,TPS Turku,1290,1302.0,2,3,Finland,domestic relegation
2026/04/10,Ykkönen,0,KTP,1266,1268.0,1 - 0,MP Mikkeli,1016,1014.0,1,0,Finland,domestic league (tier 2)
2026/04/13,Finland Cup,0,KTP,1268,1254.0,1 - 3,FC Lahti,1385,1399.0,1,3,Finland,domestic cup
2026/05/09,Ykkönen,0,KTP,1251,1254.0,2 - 1,KäPa,1050,1047.0,2,1,Finland,domestic league (tier 2)
2026/05/29,Ykkönen,0,KTP,1274,1277.0,1 - 0,SJK Seinäjoki II,1089,1086.0,1,0,Finland,domestic league (tier 2)
2026/06/08,Ykkönen,0,KTP,1284,1266.0,0 - 2,Haka Valkeakoski,1315,1333.0,0,2,Finland,domestic league (tier 2)
2026/06/12,Ykkönen,0,KTP,1266,1276.0,5 - 1,Ekenäs IF,1197,1187.0,5,1,Finland,domestic league (tier 2)
2026/07/03,Ykkönen,0,KTP,1298,1293.0,3 - 3,Jippo,1219,1224.0,3,3,Finland,domestic league (tier 2)
2026/07/10,Ykkönen,0,KTP,1293,1300.0,4 - 1,JäPS,1146,1139.0,4,1,Finland,domestic league (tier 2)
2026/07/18,Ykkönen,0,KTP,1300,1286.0,0 - 1,PK-35 Vantaa,1269,1283.0,0,1,Finland,domestic league (tier 2)
2026/07/31,Ykkönen,0,KTP,1283,1286.0,2 - 1,SJK Seinäjoki II,1063,1060.0,2,1,Finland,domestic league (tier 2)
2026/08/15,Ykkönen,0,KTP,1294,1296.0,2 - 1,KäPa,1017,1015.0,2,1,Finland,domestic league (tier 2)
2026/08/28,Ykkönen,0,KTP,1306,1314.0,2 - 1,Haka Valkeakoski,1353,1345.0,2,1,Finland,domestic league (tier 2)
2018/04/28,Ykkönen,0,Klubi 04,1054,1045.0,0 - 2,FF Jaro,1293,1302.0,0,2,Finland,domestic league (tier 2)
2018/05/06,Ykkönen,0,Klubi 04,1045,1059.0,2 - 1,JJK Jyväskylä,1277,1263.0,2,1,Finland,domestic league (tier 2)
2018/05/27,Ykkönen,0,Klubi 04,1062,1075.0,1 - 0,AC Oulu,1280,1267.0,1,0,Finland,domestic league (tier 2)
2018/06/02,Ykkönen,0,Klubi 04,1075,1051.0,1 - 5,AC Kajaani,1073,1097.0,1,5,Finland,domestic league (tier 2)
2018/06/20,Ykkönen,0,Klubi 04,1045,1037.0,0 - 1,Ekenäs IF,1226,1234.0,0,1,Finland,domestic league (tier 2)
2018/07/07,Ykkönen,0,Klubi 04,1040,1042.0,3 - 3,KTP,1195,1193.0,3,3,Finland,domestic league (tier 2)
2018/08/05,Ykkönen,0,Klubi 04,1046,1050.0,1 - 1,KPV Kokkola,1296,1292.0,1,1,Finland,domestic league (tier 2)
2018/08/12,Ykkönen,0,Klubi 04,1046,1050.0,1 - 1,Haka Valkeakoski,1289,1285.0,1,1,Finland,domestic league (tier 2)
2018/08/23,Ykkönen,0,Klubi 04,1045,1038.0,1 - 3,Helsingfors IFK,1349,1356.0,1,3,Finland,domestic league (tier 2)
2018/09/01,Ykkönen,0,Klubi 04,1033,1035.0,2 - 2,JJK Jyväskylä,1202,1200.0,2,2,Finland,domestic league (tier 2)
2018/09/22,Ykkönen,0,Klubi 04,1056,1047.0,1 - 3,AC Oulu,1294,1303.0,1,3,Finland,domestic league (tier 2)
2018/09/29,Ykkönen,0,Klubi 04,1047,1060.0,5 - 3,AC Kajaani,1093,1080.0,5,3,Finland,domestic league (tier 2)
2018/10/27,Ykkönen,0,Klubi 04,1051,1044.0,0 - 1,Ekenäs IF,1266,1273.0,0,1,Finland,domestic league (tier 2)
2021/05/09,Ykkönen,0,Klubi 04,1042,1030.0,0 - 2,KPV Kokkola,1215,1227.0,0,2,Finland,domestic league (tier 2)
2021/05/18,Ykkönen,0,Klubi 04,1025,1040.0,3 - 1,MP Mikkeli,1119,1104.0,3,1,Finland,domestic league (tier 2)
2021/05/30,Ykkönen,0,Klubi 04,1039,1033.0,0 - 1,PK-35 Vantaa,1288,1294.0,0,1,Finland,domestic league (tier 2)
2021/06/20,Ykkönen,0,Klubi 04,1050,1032.0,0 - 3,IF Gnistan,1144,1162.0,0,3,Finland,domestic league (tier 2)
2021/07/17,Ykkönen,0,Klubi 04,1055,1048.0,0 - 1,FF Jaro,1280,1287.0,0,1,Finland,domestic league (tier 2)
2021/07/28,Ykkönen,0,Klubi 04,1040,1028.0,0 - 1,Jippo,1061,1073.0,0,1,Finland,domestic league (tier 2)
2021/08/07,Ykkönen,0,Klubi 04,1026,1046.0,4 - 0,Musan Salama,1143,1123.0,4,0,Finland,domestic league (tier 2)
2021/08/18,Ykkönen,0,Klubi 04,1042,1056.0,1 - 0,Vaasan PS,1310,1296.0,1,0,Finland,domestic league (tier 2)
2021/08/21,Ykkönen,0,Klubi 04,1056,1075.0,5 - 3,Ekenäs IF,1249,1230.0,5,3,Finland,domestic league (tier 2)
2021/09/10,Ykkönen,0,Klubi 04,1070,1064.0,0 - 1,Rovaniemi PS,1312,1318.0,0,1,Finland,domestic league (tier 2)
2021/09/19,Ykkönen,0,Klubi 04,1061,1054.0,2 - 4,TPS Turku,1365,1372.0,2,4,Finland,domestic league (tier 2)
2021/10/02,Ykkönen,0,Klubi 04,1051,1043.0,1 - 2,KPV Kokkola,1230,1238.0,1,2,Finland,domestic league (tier 2)
2021/10/17,Ykkönen,0,Klubi 04,1071,1083.0,2 - 0,MP Mikkeli,1111,1099.0,2,0,Finland,domestic league (tier 2)
2022/05/04,Finland Cup,0,Klubi 04,1106,1120.0,3 - 1,IF Gnistan,1178,1164.0,3,1,Finland,domestic cup
2022/05/24,Finland Cup,0,Klubi 04,1120,1117.0,0 - 4,HJK Helsinki,1663,1666.0,0,4,Finland,domestic cup
2025/04/23,Ykkönen,0,Klubi 04,1117,1098.0,4 - 6,JäPS,1112,1131.0,4,6,Finland,domestic league (tier 2)
2025/04/28,Ykkönen,0,Klubi 04,1098,1089.0,0 - 2,FC Lahti,1352,1361.0,0,2,Finland,domestic league (tier 2)
2025/05/18,Ykkönen,0,Klubi 04,1120,1138.0,3 - 1,TPS Turku,1290,1272.0,3,1,Finland,domestic league (tier 2)
2025/05/25,Ykkönen,0,Klubi 04,1163,1160.0,1 - 1,PK-35 Vantaa,1167,1170.0,1,1,Finland,domestic league (tier 2)
2025/06/11,Finland Cup,0,Klubi 04,1179,1191.0,4 - 3,IFK Mariehamn,1333,1321.0,4,3,Finland,domestic cup
2025/06/24,Finland Cup,0,Klubi 04,1174,1170.0,0 - 4,HJK Helsinki,1639,1643.0,0,4,Finland,domestic cup
2025/06/28,Ykkönen,0,Klubi 04,1170,1176.0,3 - 2,SJK Akatemia,1119,1113.0,3,2,Finland,domestic league (tier 2)
2025/07/05,Ykkönen,0,Klubi 04,1176,1176.0,2 - 2,Ekenäs IF,1275,1275.0,2,2,Finland,domestic league (tier 2)
2025/07/13,Ykkönen,0,Klubi 04,1168,1165.0,1 - 1,Jippo,1157,1160.0,1,1,Finland,domestic league (tier 2)
2025/07/23,Ykkönen,0,Klubi 04,1169,1174.0,3 - 1,SalPa,1003,998.0,3,1,Finland,domestic league (tier 2)
2025/07/28,Ykkönen,0,Klubi 04,1174,1168.0,1 - 1,KäPa,1021,1027.0,1,1,Finland,domestic league (tier 2)
2025/08/23,Ykkönen,0,Klubi 04,1195,1178.0,0 - 1,KäPa,1018,1035.0,0,1,Finland,domestic league (tier 2)
2025/09/14,Ykkönen,0,Klubi 04,1185,1175.0,2 - 3,TPS Turku,1300,1310.0,2,3,Finland,domestic league (tier 2)
2025/09/24,Ykkönen,0,Klubi 04,1168,1143.0,1 - 4,SJK Seinäjoki II,1111,1136.0,1,4,Finland,domestic league (tier 2)
2025/09/27,Ykkönen,0,Klubi 04,1143,1146.0,1 - 0,SalPa,966,963.0,1,0,Finland,domestic league (tier 2)
2025/10/04,Ykkönen,0,Klubi 04,1146,1153.0,2 - 1,JäPS,1156,1149.0,2,1,Finland,domestic league (tier 2)
2026/04/06,Ykkönen,0,Klubi 04,1147,1131.0,1 - 2,KäPa,1027,1043.0,1,2,Finland,domestic league (tier 2)
2026/04/24,Ykkönen,0,Klubi 04,1118,1103.0,0 - 1,MP Mikkeli,1018,1033.0,0,1,Finland,domestic league (tier 2)
2026/05/02,Ykkönen,0,Klubi 04,1103,1100.0,1 - 1,SJK Seinäjoki II,1110,1113.0,1,1,Finland,domestic league (tier 2)
2026/05/23,Ykkönen,0,Klubi 04,1113,1105.0,0 - 1,KTP,1266,1274.0,0,1,Finland,domestic league (tier 2)
2026/05/27,Ykkönen,0,Klubi 04,1105,1095.0,0 - 1,PK-35 Vantaa,1215,1225.0,0,1,Finland,domestic league (tier 2)
2026/06/26,Ykkönen,0,Klubi 04,1103,1113.0,2 - 0,SJK Seinäjoki II,1078,1068.0,2,0,Finland,domestic league (tier 2)
2026/07/11,Ykkönen,0,Klubi 04,1113,1098.0,0 - 2,Jippo,1224,1239.0,0,2,Finland,domestic league (tier 2)
2026/07/17,Ykkönen,0,Klubi 04,1098,1101.0,2 - 2,Haka Valkeakoski,1312,1309.0,2,2,Finland,domestic league (tier 2)
2026/08/09,Ykkönen,0,Klubi 04,1100,1092.0,0 - 1,KTP,1286,1294.0,0,1,Finland,domestic league (tier 2)
2026/08/22,Ykkönen,0,Klubi 04,1099,1105.0,4 - 3,MP Mikkeli,1057,1051.0,4,3,Finland,domestic league (tier 2)
2026/09/07,Ykkönen,0,Klubi 04,1127,,Info,KäPa,1011,,,,Finland,domestic league (tier 2)
2022/04/13,Finland Cup,0,Kuopion Elo,1165,1153.0,0 - 6,FC Lahti,1429,1441.0,0,6,Finland,domestic cup
2023/05/18,Finland Cup,0,Kuopion Elo,1153,1122.0,1 - 5,PEPO Lappeenranta,987,1018.0,1,5,Finland,domestic cup
2016/07/10,Veikkausliiga,0,Kuopion PS,1427,1433.0,1 - 0,Helsingfors IFK,1364,1358.0,1,0,Finland,domestic league (tier 1)
2016/07/31,Veikkausliiga,0,Kuopion PS,1438,1437.0,1 - 1,Rovaniemi PS,1505,1506.0,1,1,Finland,domestic league (tier 1)
2016/08/10,Veikkausliiga,0,Kuopion PS,1433,1442.0,1 - 0,IFK Mariehamn,1485,1476.0,1,0,Finland,domestic league (tier 1)
2016/08/21,Veikkausliiga,0,Kuopion PS,1459,1467.0,3 - 0,PK-35 Vantaa,1347,1339.0,3,0,Finland,domestic league (tier 1)
2016/09/09,Veikkausliiga,0,Kuopion PS,1463,1471.0,2 - 1,IFK Mariehamn,1496,1488.0,2,1,Finland,domestic league (tier 1)
2016/09/21,Veikkausliiga,0,Kuopion PS,1476,1462.0,1 - 2,Ilves Tampere,1430,1444.0,1,2,Finland,domestic league (tier 1)
2016/10/02,Veikkausliiga,0,Kuopion PS,1457,1435.0,0 - 2,Inter Turku,1367,1389.0,0,2,Finland,domestic league (tier 1)
2016/10/23,Veikkausliiga,0,Kuopion PS,1448,1452.0,1 - 0,PS Kemi,1316,1312.0,1,0,Finland,domestic league (tier 1)
2017/04/17,Veikkausliiga,0,Kuopion PS,1446,1452.0,2 - 1,Inter Turku,1412,1406.0,2,1,Finland,domestic league (tier 1)
2017/04/29,Veikkausliiga,0,Kuopion PS,1456,1443.0,0 - 1,Ilves Tampere,1459,1472.0,0,1,Finland,domestic league (tier 1)
2017/05/12,Veikkausliiga,0,Kuopion PS,1459,1464.0,2 - 1,Helsingfors IFK,1386,1381.0,2,1,Finland,domestic league (tier 1)
2017/05/24,Veikkausliiga,0,Kuopion PS,1476,1475.0,1 - 1,SJK Seinäjoki,1536,1537.0,1,1,Finland,domestic league (tier 1)
2017/06/04,Veikkausliiga,0,Kuopion PS,1484,1471.0,1 - 2,IFK Mariehamn,1485,1498.0,1,2,Finland,domestic league (tier 1)
2017/06/14,Veikkausliiga,0,Kuopion PS,1471,1469.0,2 - 2,Vaasan PS,1506,1508.0,2,2,Finland,domestic league (tier 1)
2017/06/18,Veikkausliiga,0,Kuopion PS,1469,1458.0,0 - 2,HJK Helsinki,1655,1666.0,0,2,Finland,domestic league (tier 1)
2017/07/08,Veikkausliiga,0,Kuopion PS,1453,1462.0,3 - 0,PS Kemi,1357,1348.0,3,0,Finland,domestic league (tier 1)
2017/07/22,Veikkausliiga,0,Kuopion PS,1479,1476.0,2 - 2,FC Lahti,1466,1469.0,2,2,Finland,domestic league (tier 1)
2017/08/05,Veikkausliiga,0,Kuopion PS,1469,1479.0,3 - 0,Rovaniemi PS,1412,1402.0,3,0,Finland,domestic league (tier 1)
2017/08/10,Veikkausliiga,0,Kuopion PS,1479,1482.0,1 - 0,JJK Jyväskylä,1248,1245.0,1,0,Finland,domestic league (tier 1)
2017/08/20,Veikkausliiga,0,Kuopion PS,1474,1480.0,2 - 1,IFK Mariehamn,1447,1441.0,2,1,Finland,domestic league (tier 1)
2017/09/08,Veikkausliiga,0,Kuopion PS,1476,1483.0,2 - 1,SJK Seinäjoki,1471,1464.0,2,1,Finland,domestic league (tier 1)
2017/09/24,Veikkausliiga,0,Kuopion PS,1505,1508.0,3 - 2,Helsingfors IFK,1332,1329.0,3,2,Finland,domestic league (tier 1)
2017/10/12,Veikkausliiga,0,Kuopion PS,1518,1513.0,1 - 1,Rovaniemi PS,1407,1412.0,1,1,Finland,domestic league (tier 1)
2017/10/20,Veikkausliiga,0,Kuopion PS,1505,1508.0,2 - 1,JJK Jyväskylä,1286,1283.0,2,1,Finland,domestic league (tier 1)
2018/04/08,Veikkausliiga,0,Kuopion PS,1543,1539.0,1 - 1,FC Honka,1480,1484.0,1,1,Finland,domestic league (tier 1)
2018/04/18,Veikkausliiga,0,Kuopion PS,1531,1516.0,0 - 1,Rovaniemi PS,1428,1443.0,0,1,Finland,domestic league (tier 1)
2018/04/29,Veikkausliiga,0,Kuopion PS,1550,1545.0,1 - 1,FC Lahti,1473,1478.0,1,1,Finland,domestic league (tier 1)
2018/05/07,Veikkausliiga,0,Kuopion PS,1562,1570.0,5 - 1,Inter Turku,1433,1425.0,5,1,Finland,domestic league (tier 1)
2018/05/18,Veikkausliiga,0,Kuopion PS,1554,1558.0,2 - 1,IFK Mariehamn,1437,1433.0,2,1,Finland,domestic league (tier 1)
2018/05/26,Veikkausliiga,0,Kuopion PS,1572,1554.0,2 - 3,PS Kemi,1247,1265.0,2,3,Finland,domestic league (tier 1)
2018/06/12,Veikkausliiga,0,Kuopion PS,1552,1560.0,3 - 1,Ilves Tampere,1490,1482.0,3,1,Finland,domestic league (tier 1)
2018/06/20,Veikkausliiga,0,Kuopion PS,1551,1552.0,2 - 2,HJK Helsinki,1692,1691.0,2,2,Finland,domestic league (tier 1)
2018/06/30,Veikkausliiga,0,Kuopion PS,1543,1537.0,1 - 1,SJK Seinäjoki,1421,1427.0,1,1,Finland,domestic league (tier 1)
2018/07/22,Veikkausliiga,0,Kuopion PS,1550,1535.0,1 - 2,Vaasan PS,1469,1484.0,1,2,Finland,domestic league (tier 1)
2018/08/05,Veikkausliiga,0,Kuopion PS,1520,1524.0,3 - 2,TPS Turku,1353,1349.0,3,2,Finland,domestic league (tier 1)
2018/08/12,Veikkausliiga,0,Kuopion PS,1524,1528.0,3 - 1,PS Kemi,1275,1271.0,3,1,Finland,domestic league (tier 1)
2018/08/26,Veikkausliiga,0,Kuopion PS,1539,1529.0,0 - 1,HJK Helsinki,1642,1652.0,0,1,Finland,domestic league (tier 1)
2018/09/13,Veikkausliiga,0,Kuopion PS,1539,1544.0,2 - 1,FC Lahti,1450,1445.0,2,1,Finland,domestic league (tier 1)
2018/09/22,Veikkausliiga,0,Kuopion PS,1546,1543.0,1 - 1,FC Honka,1526,1529.0,1,1,Finland,domestic league (tier 1)
2018/10/07,Veikkausliiga,0,Kuopion PS,1561,1570.0,2 - 0,Ilves Tampere,1501,1492.0,2,0,Finland,domestic league (tier 1)
2018/10/21,Veikkausliiga,0,Kuopion PS,1570,1573.0,2 - 1,TPS Turku,1386,1383.0,2,1,Finland,domestic league (tier 1)
2019/04/03,Veikkausliiga,0,Kuopion PS,1534,1530.0,2 - 2,Rovaniemi PS,1496,1500.0,2,2,Finland,domestic league (tier 1)
2019/04/13,Veikkausliiga,0,Kuopion PS,1529,1530.0,0 - 0,HJK Helsinki,1676,1675.0,0,0,Finland,domestic league (tier 1)
2019/04/20,Veikkausliiga,0,Kuopion PS,1530,1509.0,0 - 3,FC Honka,1558,1579.0,0,3,Finland,domestic league (tier 1)
2019/05/05,Veikkausliiga,0,Kuopion PS,1532,1537.0,3 - 1,KPV Kokkola,1353,1348.0,3,1,Finland,domestic league (tier 1)
2019/05/24,Veikkausliiga,0,Kuopion PS,1526,1534.0,1 - 0,Ilves Tampere,1559,1551.0,1,0,Finland,domestic league (tier 1)
2019/06/02,Veikkausliiga,0,Kuopion PS,1534,1519.0,0 - 1,SJK Seinäjoki,1420,1435.0,0,1,Finland,domestic league (tier 1)
2019/06/25,Veikkausliiga,0,Kuopion PS,1528,1537.0,5 - 1,FC Lahti,1417,1408.0,5,1,Finland,domestic league (tier 1)
2019/07/21,Veikkausliiga,0,Kuopion PS,1567,1562.0,0 - 0,IFK Mariehamn,1454,1459.0,0,0,Finland,domestic league (tier 1)
2019/08/04,Veikkausliiga,0,Kuopion PS,1547,1541.0,1 - 1,Helsingfors IFK,1394,1400.0,1,1,Finland,domestic league (tier 1)
2019/08/10,Veikkausliiga,0,Kuopion PS,1541,1552.0,2 - 0,Inter Turku,1544,1533.0,2,0,Finland,domestic league (tier 1)
2019/08/24,Veikkausliiga,0,Kuopion PS,1573,1579.0,5 - 0,Vaasan PS,1366,1360.0,5,0,Finland,domestic league (tier 1)
2019/09/15,Veikkausliiga,0,Kuopion PS,1591,1599.0,1 - 0,HJK Helsinki,1609,1601.0,1,0,Finland,domestic league (tier 1)
2019/09/27,Veikkausliiga,0,Kuopion PS,1607,1616.0,2 - 0,Ilves Tampere,1549,1540.0,2,0,Finland,domestic league (tier 1)
2019/10/06,Veikkausliiga,0,Kuopion PS,1616,1612.0,1 - 1,FC Honka,1575,1579.0,1,1,Finland,domestic league (tier 1)
2020/07/07,Veikkausliiga,0,Kuopion PS,1646,1651.0,1 - 0,Inter Turku,1565,1560.0,1,0,Finland,domestic league (tier 1)
2020/07/22,Veikkausliiga,0,Kuopion PS,1652,1657.0,3 - 0,FC Lahti,1420,1415.0,3,0,Finland,domestic league (tier 1)
2020/07/26,Veikkausliiga,0,Kuopion PS,1657,1658.0,2 - 1,SJK Seinäjoki,1317,1316.0,2,1,Finland,domestic league (tier 1)
2020/08/09,Veikkausliiga,0,Kuopion PS,1654,1631.0,0 - 3,HJK Helsinki,1630,1653.0,0,3,Finland,domestic league (tier 1)
2020/08/22,Veikkausliiga,0,Kuopion PS,1636,1639.0,2 - 1,IFK Mariehamn,1424,1421.0,2,1,Finland,domestic league (tier 1)
2020/08/29,Veikkausliiga,0,Kuopion PS,1639,1642.0,3 - 1,TPS Turku,1368,1365.0,3,1,Finland,domestic league (tier 1)
2020/09/09,Veikkausliiga,0,Kuopion PS,1642,1645.0,3 - 0,Rovaniemi PS,1324,1321.0,3,0,Finland,domestic league (tier 1)
2020/10/05,Veikkausliiga,0,Kuopion PS,1676,1670.0,1 - 1,Ilves Tampere,1551,1557.0,1,1,Finland,domestic league (tier 1)
2020/10/08,Veikkausliiga,0,Kuopion PS,1670,1673.0,3 - 2,Helsingfors IFK,1454,1451.0,3,2,Finland,domestic league (tier 1)
2020/10/18,Veikkausliiga,0,Kuopion PS,1657,1635.0,0 - 2,FC Honka,1572,1594.0,0,2,Finland,domestic league (tier 1)
2020/10/22,Veikkausliiga,0,Kuopion PS,1635,1618.0,2 - 3,Haka Valkeakoski,1420,1437.0,2,3,Finland,domestic league (tier 1)
2021/05/02,Veikkausliiga,0,Kuopion PS,1628,1628.0,0 - 0,HJK Helsinki,1720,1720.0,0,0,Finland,domestic league (tier 1)
2021/05/14,Veikkausliiga,0,Kuopion PS,1644,1648.0,2 - 0,IFK Mariehamn,1406,1402.0,2,0,Finland,domestic league (tier 1)
2021/05/29,Veikkausliiga,0,Kuopion PS,1637,1620.0,1 - 2,Haka Valkeakoski,1410,1427.0,1,2,Finland,domestic league (tier 1)
2021/06/14,Veikkausliiga,0,Kuopion PS,1628,1636.0,1 - 0,Inter Turku,1640,1632.0,1,0,Finland,domestic league (tier 1)
2021/06/19,Veikkausliiga,0,Kuopion PS,1636,1640.0,2 - 1,FC Honka,1508,1504.0,2,1,Finland,domestic league (tier 1)
2021/06/30,Veikkausliiga,0,Kuopion PS,1646,1648.0,2 - 0,AC Oulu,1301,1299.0,2,0,Finland,domestic league (tier 1)
2021/07/25,Veikkausliiga,0,Kuopion PS,1643,1647.0,1 - 0,Ilves Tampere,1507,1503.0,1,0,Finland,domestic league (tier 1)
2021/08/08,Veikkausliiga,0,Kuopion PS,1654,1648.0,2 - 2,FC Lahti,1526,1532.0,2,2,Finland,domestic league (tier 1)
2021/08/15,Veikkausliiga,0,Kuopion PS,1657,1659.0,4 - 0,KTP,1280,1278.0,4,0,Finland,domestic league (tier 1)
2021/09/11,Veikkausliiga,0,Kuopion PS,1681,1686.0,3 - 0,SJK Seinäjoki,1483,1478.0,3,0,Finland,domestic league (tier 1)
2021/09/26,Veikkausliiga,0,Kuopion PS,1697,1690.0,0 - 0,Helsingfors IFK,1485,1492.0,0,0,Finland,domestic league (tier 1)
2021/10/02,Veikkausliiga,0,Kuopion PS,1690,1693.0,2 - 1,Ilves Tampere,1504,1501.0,2,1,Finland,domestic league (tier 1)
2021/10/23,Veikkausliiga,0,Kuopion PS,1703,1696.0,0 - 0,Helsingfors IFK,1469,1476.0,0,0,Finland,domestic league (tier 1)
2021/10/31,Veikkausliiga,0,Kuopion PS,1694,1691.0,1 - 1,HJK Helsinki,1673,1676.0,1,1,Finland,domestic league (tier 1)
2022/01/29,Finland League Cup,0,Kuopion PS,1691,1693.0,3 - 1,Vaasan PS,1346,1344.0,3,1,Finland,domestic cup
2022/02/09,Finland League Cup,0,Kuopion PS,1693,1675.0,0 - 2,SJK Seinäjoki,1533,1551.0,0,2,Finland,domestic cup
2022/03/05,Finland League Cup,0,Kuopion PS,1680,1662.0,1 - 3,Inter Turku,1558,1576.0,1,3,Finland,domestic cup
2022/04/02,Veikkausliiga,0,Kuopion PS,1662,1667.0,2 - 1,Inter Turku,1563,1558.0,2,1,Finland,domestic league (tier 1)
2022/04/15,Veikkausliiga,0,Kuopion PS,1674,1681.0,2 - 0,SJK Seinäjoki,1551,1544.0,2,0,Finland,domestic league (tier 1)
2022/04/29,Veikkausliiga,0,Kuopion PS,1688,1690.0,3 - 1,Vaasan PS,1363,1361.0,3,1,Finland,domestic league (tier 1)
2022/05/12,Veikkausliiga,0,Kuopion PS,1685,1688.0,2 - 1,Haka Valkeakoski,1469,1466.0,2,1,Finland,domestic league (tier 1)
2022/05/26,Finland Cup,0,Kuopion PS,1701,1702.0,5 - 1,Ekenäs IF,1242,1241.0,5,1,Finland,domestic cup
2022/05/29,Veikkausliiga,0,Kuopion PS,1702,1698.0,0 - 0,HJK Helsinki,1666,1670.0,0,0,Finland,domestic league (tier 1)
2022/06/22,Veikkausliiga,0,Kuopion PS,1682,1684.0,2 - 1,AC Oulu,1412,1410.0,2,1,Finland,domestic league (tier 1)
2022/07/10,Veikkausliiga,0,Kuopion PS,1685,1690.0,4 - 0,FC Lahti,1441,1436.0,4,0,Finland,domestic league (tier 1)
2022/07/24,Veikkausliiga,0,Kuopion PS,1681,1684.0,5 - 1,Helsingfors IFK,1377,1374.0,5,1,Finland,domestic league (tier 1)
2022/08/07,Veikkausliiga,0,Kuopion PS,1672,1667.0,1 - 1,FC Honka,1588,1593.0,1,1,Finland,domestic league (tier 1)
2022/08/14,Veikkausliiga,0,Kuopion PS,1664,1666.0,1 - 0,IFK Mariehamn,1402,1400.0,1,0,Finland,domestic league (tier 1)
2022/09/03,Veikkausliiga,0,Kuopion PS,1670,1663.0,0 - 0,Ilves Tampere,1446,1453.0,0,0,Finland,domestic league (tier 1)
2022/09/17,Finland Cup,0,Kuopion PS,1669,1675.0,1 - 0,Inter Turku,1534,1528.0,1,0,Finland,domestic cup
2022/10/02,Veikkausliiga,0,Kuopion PS,1658,1664.0,3 - 2,FC Honka,1602,1596.0,3,2,Finland,domestic league (tier 1)
2022/10/05,Veikkausliiga,0,Kuopion PS,1664,1658.0,0 - 0,Haka Valkeakoski,1544,1550.0,0,0,Finland,domestic league (tier 1)
2022/10/09,Veikkausliiga,0,Kuopion PS,1658,1664.0,2 - 0,Inter Turku,1504,1498.0,2,0,Finland,domestic league (tier 1)
2023/02/04,Finland League Cup,0,Kuopion PS,1683,1670.0,0 - 1,AC Oulu,1448,1461.0,0,1,Finland,domestic cup
2023/02/18,Finland League Cup,0,Kuopion PS,1653,1657.0,1 - 0,Haka Valkeakoski,1552,1548.0,1,0,Finland,domestic cup
2023/02/25,Finland League Cup,0,Kuopion PS,1657,1652.0,1 - 1,Vaasan PS,1486,1491.0,1,1,Finland,domestic cup
2023/04/05,Veikkausliiga,0,Kuopion PS,1654,1638.0,1 - 2,Inter Turku,1492,1508.0,1,2,Finland,domestic league (tier 1)
2023/04/19,Veikkausliiga,0,Kuopion PS,1632,1618.0,0 - 1,FC Honka,1564,1578.0,0,1,Finland,domestic league (tier 1)
2023/04/23,Veikkausliiga,0,Kuopion PS,1618,1622.0,1 - 0,Ilves Tampere,1482,1478.0,1,0,Finland,domestic league (tier 1)
2023/05/05,Veikkausliiga,0,Kuopion PS,1631,1640.0,2 - 1,HJK Helsinki,1687,1678.0,2,1,Finland,domestic league (tier 1)
2023/05/20,Veikkausliiga,0,Kuopion PS,1663,1666.0,2 - 0,FC Lahti,1401,1398.0,2,0,Finland,domestic league (tier 1)
2023/06/03,Veikkausliiga,0,Kuopion PS,1657,1664.0,3 - 0,Haka Valkeakoski,1520,1513.0,3,0,Finland,domestic league (tier 1)
2023/06/07,Veikkausliiga,0,Kuopion PS,1664,1668.0,1 - 0,AC Oulu,1503,1499.0,1,0,Finland,domestic league (tier 1)
2023/07/08,Veikkausliiga,0,Kuopion PS,1661,1644.0,0 - 1,Vaasan PS,1442,1459.0,0,1,Finland,domestic league (tier 1)
2023/07/30,Veikkausliiga,0,Kuopion PS,1634,1637.0,2 - 0,KTP,1337,1334.0,2,0,Finland,domestic league (tier 1)
2023/08/20,Veikkausliiga,0,Kuopion PS,1646,1654.0,3 - 0,SJK Seinäjoki,1522,1514.0,3,0,Finland,domestic league (tier 1)
2023/09/17,Veikkausliiga,0,Kuopion PS,1656,1633.0,0 - 2,Vaasan PS,1558,1581.0,0,2,Finland,domestic league (tier 1)
2023/10/01,Veikkausliiga,0,Kuopion PS,1642,1636.0,1 - 1,SJK Seinäjoki,1492,1498.0,1,1,Finland,domestic league (tier 1)
2023/10/08,Veikkausliiga,0,Kuopion PS,1636,1643.0,3 - 1,FC Honka,1542,1535.0,3,1,Finland,domestic league (tier 1)
2024/01/27,Finland League Cup,0,Kuopion PS,1657,1639.0,0 - 2,Ilves Tampere,1512,1530.0,0,2,Finland,domestic cup
2024/02/08,Finland League Cup,0,Kuopion PS,1626,1636.0,5 - 0,Vaasan PS,1616,1606.0,5,0,Finland,domestic cup
2024/02/24,Finland League Cup,0,Kuopion PS,1646,1650.0,3 - 1,AC Oulu,1472,1468.0,3,1,Finland,domestic cup
2024/04/06,Veikkausliiga,0,Kuopion PS,1656,1666.0,3 - 1,HJK Helsinki,1641,1631.0,3,1,Finland,domestic league (tier 1)
2024/05/10,Veikkausliiga,0,Kuopion PS,1663,1669.0,2 - 1,Vaasan PS,1612,1606.0,2,1,Finland,domestic league (tier 1)
2024/05/26,Veikkausliiga,0,Kuopion PS,1680,1682.0,4 - 1,Ekenäs IF,1301,1299.0,4,1,Finland,domestic league (tier 1)
2024/06/08,Veikkausliiga,0,Kuopion PS,1691,1695.0,4 - 1,AC Oulu,1452,1448.0,4,1,Finland,domestic league (tier 1)
2024/06/12,Veikkausliiga,0,Kuopion PS,1695,1678.0,0 - 1,Haka Valkeakoski,1514,1531.0,0,1,Finland,domestic league (tier 1)
2024/07/07,Veikkausliiga,0,Kuopion PS,1668,1670.0,3 - 1,IF Gnistan,1314,1312.0,3,1,Finland,domestic league (tier 1)
2024/07/21,Veikkausliiga,0,Kuopion PS,1665,1666.0,1 - 0,FC Lahti,1324,1323.0,1,0,Finland,domestic league (tier 1)
2024/08/04,Veikkausliiga,0,Kuopion PS,1656,1661.0,2 - 1,SJK Seinäjoki,1577,1572.0,2,1,Finland,domestic league (tier 1)
2024/08/18,Veikkausliiga,0,Kuopion PS,1660,1665.0,1 - 0,Ilves Tampere,1565,1560.0,1,0,Finland,domestic league (tier 1)
2024/08/25,Veikkausliiga,0,Kuopion PS,1665,1668.0,3 - 0,IFK Mariehamn,1349,1346.0,3,0,Finland,domestic league (tier 1)
2024/09/01,Veikkausliiga,0,Kuopion PS,1668,1652.0,1 - 2,Inter Turku,1529,1545.0,1,2,Finland,domestic league (tier 1)
2025/01/18,Finland League Cup,0,Kuopion PS,1659,1648.0,3 - 4,Ilves Tampere,1562,1573.0,3,4,Finland,domestic cup
2025/02/01,Finland League Cup,0,Kuopion PS,1648,1652.0,2 - 0,Vaasan PS,1491,1487.0,2,0,Finland,domestic cup
2025/02/22,Finland League Cup,0,Kuopion PS,1658,1660.0,2 - 1,AC Oulu,1413,1411.0,2,1,Finland,domestic cup
2025/04/12,Veikkausliiga,0,Kuopion PS,1651,1653.0,1 - 0,AC Oulu,1410,1408.0,1,0,Finland,domestic league (tier 1)
2025/04/19,Veikkausliiga,0,Kuopion PS,1653,1654.0,1 - 0,FF Jaro,1257,1256.0,1,0,Finland,domestic league (tier 1)
2025/04/23,Veikkausliiga,0,Kuopion PS,1654,1657.0,4 - 1,IFK Mariehamn,1324,1321.0,4,1,Finland,domestic league (tier 1)
2025/05/02,Veikkausliiga,0,Kuopion PS,1663,1667.0,1 - 0,SJK Seinäjoki,1548,1544.0,1,0,Finland,domestic league (tier 1)
2025/05/10,Veikkausliiga,0,Kuopion PS,1667,1669.0,3 - 0,KTP,1304,1302.0,3,0,Finland,domestic league (tier 1)
2025/05/25,Veikkausliiga,0,Kuopion PS,1661,1636.0,0 - 2,Vaasan PS,1493,1518.0,0,2,Finland,domestic league (tier 1)
2025/06/14,Veikkausliiga,0,Kuopion PS,1643,1617.0,0 - 3,Ilves Tampere,1565,1591.0,0,3,Finland,domestic league (tier 1)
2025/06/27,Veikkausliiga,0,Kuopion PS,1601,1616.0,3 - 0,HJK Helsinki,1643,1628.0,3,0,Finland,domestic league (tier 1)
2025/07/01,Veikkausliiga,0,Kuopion PS,1616,1623.0,6 - 2,IF Gnistan,1448,1441.0,6,2,Finland,domestic league (tier 1)
2025/08/02,Veikkausliiga,0,Kuopion PS,1615,1618.0,3 - 2,Haka Valkeakoski,1428,1425.0,3,2,Finland,domestic league (tier 1)
2025/08/17,Veikkausliiga,0,Kuopion PS,1640,1647.0,2 - 1,Inter Turku,1644,1637.0,2,1,Finland,domestic league (tier 1)
2025/09/10,Finland Cup,0,Kuopion PS,1641,1644.0,2 - 0,FF Jaro,1326,1323.0,2,0,Finland,domestic cup
2025/09/14,Veikkausliiga,0,Kuopion PS,1644,1624.0,2 - 4,Ilves Tampere,1619,1639.0,2,4,Finland,domestic league (tier 1)
2025/09/23,Veikkausliiga,0,Kuopion PS,1614,1619.0,3 - 2,SJK Seinäjoki,1545,1540.0,3,2,Finland,domestic league (tier 1)
2025/10/19,Veikkausliiga,0,Kuopion PS,1651,1661.0,3 - 1,HJK Helsinki,1623,1613.0,3,1,Finland,domestic league (tier 1)
2025/10/30,Veikkausliiga,0,Kuopion PS,1669,1661.0,1 - 1,IF Gnistan,1406,1414.0,1,1,Finland,domestic league (tier 1)
2025/11/02,Veikkausliiga,0,Kuopion PS,1661,1667.0,3 - 2,Inter Turku,1621,1615.0,3,2,Finland,domestic league (tier 1)
2026/01/31,Finland League Cup,0,Kuopion PS,1699,1701.0,3 - 1,Vaasan PS,1398,1396.0,3,1,Finland,domestic cup
2026/02/14,Finland League Cup,0,Kuopion PS,1686,1675.0,0 - 1,Ilves Tampere,1631,1642.0,0,1,Finland,domestic cup
2026/02/22,Finland League Cup,0,Kuopion PS,1660,1646.0,3 - 4,FF Jaro,1344,1358.0,3,4,Finland,domestic cup
2026/04/11,Veikkausliiga,0,Kuopion PS,1642,1644.0,1 - 0,IF Gnistan,1382,1380.0,1,0,Finland,domestic league (tier 1)
2026/04/22,Veikkausliiga,0,Kuopion PS,1639,1643.0,3 - 2,AC Oulu,1479,1475.0,3,2,Finland,domestic league (tier 1)
2026/04/26,Veikkausliiga,0,Kuopion PS,1643,1638.0,1 - 1,HJK Helsinki,1570,1575.0,1,1,Finland,domestic league (tier 1)
2026/05/08,Veikkausliiga,0,Kuopion PS,1620,1615.0,0 - 0,SJK Seinäjoki,1507,1512.0,0,0,Finland,domestic league (tier 1)
2026/05/20,Veikkausliiga,0,Kuopion PS,1615,1619.0,3 - 0,FF Jaro,1365,1361.0,3,0,Finland,domestic league (tier 1)
2026/05/23,Veikkausliiga,0,Kuopion PS,1619,1622.0,2 - 1,FC Lahti,1393,1390.0,2,1,Finland,domestic league (tier 1)
2026/05/30,Veikkausliiga,0,Kuopion PS,1624,1622.0,1 - 1,Inter Turku,1660,1662.0,1,1,Finland,domestic league (tier 1)
2026/06/10,Finland Cup,0,Kuopion PS,1622,1615.0,0 - 0,Vaasan PS,1446,1453.0,0,0,Finland,domestic cup
2026/06/23,Veikkausliiga,0,Kuopion PS,1618,1624.0,4 - 3,Ilves Tampere,1579,1573.0,4,3,Finland,domestic league (tier 1)
2026/07/25,Veikkausliiga,0,Kuopion PS,1651,1656.0,3 - 1,Vaasan PS,1487,1482.0,3,1,Finland,domestic league (tier 1)
2026/08/09,Veikkausliiga,0,Kuopion PS,1646,1638.0,1 - 1,TPS Turku,1354,1362.0,1,1,Finland,domestic league (tier 1)
2026/08/23,Veikkausliiga,0,Kuopion PS,1643,1615.0,2 - 4,IFK Mariehamn,1287,1315.0,2,4,Finland,domestic league (tier 1)
2023/04/16,Ykkönen,0,KäPa,1025,1041.0,2 - 0,MP Mikkeli,1140,1124.0,2,0,Finland,domestic league (tier 2)
2023/04/29,Ykkönen,0,KäPa,1049,1036.0,0 - 2,IF Gnistan,1186,1199.0,0,2,Finland,domestic league (tier 2)
2023/05/12,Ykkönen,0,KäPa,1027,1015.0,2 - 3,SalPa,1053,1065.0,2,3,Finland,domestic league (tier 2)
2023/05/26,Ykkönen,0,KäPa,1031,1021.0,0 - 2,Helsingfors IFK,1245,1255.0,0,2,Finland,domestic league (tier 2)
2023/06/04,Ykkönen,0,KäPa,1020,1014.0,2 - 3,Ekenäs IF,1258,1264.0,2,3,Finland,domestic league (tier 2)
2023/07/09,Ykkönen,0,KäPa,1020,1012.0,2 - 3,FF Jaro,1205,1213.0,2,3,Finland,domestic league (tier 2)
2023/07/15,Ykkönen,0,KäPa,1012,1013.0,4 - 4,SJK Akatemia,1155,1154.0,4,4,Finland,domestic league (tier 2)
2023/07/31,Ykkönen,0,KäPa,1003,1021.0,4 - 0,JJK Jyväskylä,1090,1072.0,4,0,Finland,domestic league (tier 2)
2023/08/19,Ykkönen,0,KäPa,1017,1039.0,2 - 0,TPS Turku,1303,1281.0,2,0,Finland,domestic league (tier 2)
2023/08/26,Ykkönen,0,KäPa,1039,1039.0,1 - 1,KPV Kokkola,1126,1126.0,1,1,Finland,domestic league (tier 2)
2023/09/27,Ykkönen,0,KäPa,1027,1035.0,1 - 0,JJK Jyväskylä,1054,1046.0,1,0,Finland,domestic league (tier 2)
2023/10/01,Ykkönen,0,KäPa,1035,1034.0,1 - 1,SalPa,1097,1098.0,1,1,Finland,domestic league (tier 2)
2024/04/19,Ykkönen,0,KäPa,1054,1051.0,1 - 1,SalPa,1059,1062.0,1,1,Finland,domestic league (tier 2)
2024/04/28,Ykkönen,0,KäPa,1046,1044.0,3 - 3,JäPS,1076,1078.0,3,3,Finland,domestic league (tier 2)
2024/05/12,Ykkönen,0,KäPa,1041,1059.0,4 - 0,MP Mikkeli,1125,1107.0,4,0,Finland,domestic league (tier 2)
2024/05/23,Ykkönen,0,KäPa,1050,1050.0,1 - 1,SJK Akatemia,1167,1167.0,1,1,Finland,domestic league (tier 2)
2024/05/31,Ykkönen,0,KäPa,1048,1037.0,0 - 1,PK-35 Vantaa,1125,1136.0,0,1,Finland,domestic league (tier 2)
2024/06/19,Ykkönen,0,KäPa,1039,1025.0,0 - 3,FF Jaro,1201,1215.0,0,3,Finland,domestic league (tier 2)
2024/07/06,Ykkönen,0,KäPa,1030,1034.0,0 - 0,TPS Turku,1272,1268.0,0,0,Finland,domestic league (tier 2)
2024/07/17,Ykkönen,0,KäPa,1059,1039.0,1 - 4,Jippo,1119,1139.0,1,4,Finland,domestic league (tier 2)
2024/07/27,Ykkönen,0,KäPa,1029,1019.0,1 - 5,KTP,1301,1311.0,1,5,Finland,domestic league (tier 2)
2024/08/25,Ykkönen,0,KäPa,1009,1020.0,2 - 1,Jippo,1136,1125.0,2,1,Finland,domestic league (tier 2)
2024/09/14,Ykkönen,0,KäPa,1017,1025.0,3 - 2,MP Mikkeli,1038,1030.0,3,2,Finland,domestic league (tier 2)
2024/09/22,Ykkönen,0,KäPa,1025,1026.0,1 - 1,PK-35 Vantaa,1149,1148.0,1,1,Finland,domestic league (tier 2)
2024/10/19,Ykkönen,0,KäPa,1047,1030.0,3 - 5,JäPS,1095,1112.0,3,5,Finland,domestic league (tier 2)
2025/04/27,Ykkönen,0,KäPa,1059,1039.0,0 - 3,SJK Akatemia,1110,1130.0,0,3,Finland,domestic league (tier 2)
2025/05/04,Ykkönen,0,KäPa,1039,1040.0,1 - 1,Jippo,1188,1187.0,1,1,Finland,domestic league (tier 2)
2025/05/21,Ykkönen,0,KäPa,1026,1037.0,3 - 1,SalPa,1030,1019.0,3,1,Finland,domestic league (tier 2)
2025/06/01,Ykkönen,0,KäPa,1034,1015.0,0 - 5,Klubi 04,1160,1179.0,0,5,Finland,domestic league (tier 2)
2025/06/14,Ykkönen,0,KäPa,1020,1011.0,1 - 3,Ekenäs IF,1279,1288.0,1,3,Finland,domestic league (tier 2)
2025/07/03,Ykkönen,0,KäPa,998,1021.0,4 - 2,TPS Turku,1319,1296.0,4,2,Finland,domestic league (tier 2)
2025/07/09,Ykkönen,0,KäPa,1021,1022.0,1 - 1,PK-35 Vantaa,1172,1171.0,1,1,Finland,domestic league (tier 2)
2025/07/19,Ykkönen,0,KäPa,1014,1021.0,2 - 2,FC Lahti,1385,1378.0,2,2,Finland,domestic league (tier 2)
2025/08/02,Ykkönen,0,KäPa,1027,1009.0,0 - 3,JäPS,1118,1136.0,0,3,Finland,domestic league (tier 2)
2025/08/30,Ykkönen,0,KäPa,1035,1039.0,3 - 3,TPS Turku,1294,1290.0,3,3,Finland,domestic league (tier 2)
2025/09/05,Ykkönen,0,KäPa,1039,1029.0,2 - 3,JäPS,1145,1155.0,2,3,Finland,domestic league (tier 2)
2025/09/19,Ykkönen,0,KäPa,1036,1051.0,3 - 1,SJK Seinäjoki II,1126,1111.0,3,1,Finland,domestic league (tier 2)
2025/10/18,Ykkönen,0,KäPa,1041,1027.0,1 - 2,SalPa,979,993.0,1,2,Finland,domestic league (tier 2)
2026/04/10,Ykkönen,0,KäPa,1043,1042.0,2 - 2,SJK Seinäjoki II,1124,1125.0,2,2,Finland,domestic league (tier 2)
2026/05/02,Ykkönen,0,KäPa,1063,1050.0,0 - 2,Jippo,1219,1232.0,0,2,Finland,domestic league (tier 2)
2026/05/17,Ykkönen,0,KäPa,1047,1049.0,0 - 0,PK-35 Vantaa,1203,1201.0,0,0,Finland,domestic league (tier 2)
2026/05/29,Ykkönen,0,KäPa,1045,1056.0,2 - 1,JäPS,1175,1164.0,2,1,Finland,domestic league (tier 2)
2026/06/05,Ykkönen,0,KäPa,1056,1049.0,1 - 2,KTP,1277,1284.0,1,2,Finland,domestic league (tier 2)
2026/06/28,Ykkönen,0,KäPa,1043,1059.0,3 - 1,JäPS,1157,1141.0,3,1,Finland,domestic league (tier 2)
2026/07/17,Ykkönen,0,KäPa,1055,1052.0,2 - 2,SJK Seinäjoki II,1060,1063.0,2,2,Finland,domestic league (tier 2)
2026/07/21,Ykkönen,0,KäPa,1052,1035.0,0 - 2,Klubi 04,1101,1118.0,0,2,Finland,domestic league (tier 2)
2026/08/08,Ykkönen,0,KäPa,1026,1017.0,0 - 1,Ekenäs IF,1161,1170.0,0,1,Finland,domestic league (tier 2)
2026/08/20,Ykkönen,0,KäPa,1015,1005.0,1 - 3,Jippo,1227,1237.0,1,3,Finland,domestic league (tier 2)
2020/07/05,Ykkönen,0,MP Mikkeli,1074,1068.0,1 - 2,KPV Kokkola,1333,1339.0,1,2,Finland,domestic league (tier 2)
2020/07/19,Ykkönen,0,MP Mikkeli,1062,1071.0,2 - 1,AC Kajaani,1133,1124.0,2,1,Finland,domestic league (tier 2)
2020/08/02,Ykkönen,0,MP Mikkeli,1088,1077.0,1 - 2,Musan Salama,1142,1153.0,1,2,Finland,domestic league (tier 2)
2020/08/16,Ykkönen,0,MP Mikkeli,1079,1080.0,1 - 1,Ekenäs IF,1206,1205.0,1,1,Finland,domestic league (tier 2)
2020/08/30,Ykkönen,0,MP Mikkeli,1100,1093.0,0 - 1,AC Oulu,1316,1323.0,0,1,Finland,domestic league (tier 2)
2020/09/11,Ykkönen,0,MP Mikkeli,1110,1102.0,1 - 2,FF Jaro,1290,1298.0,1,2,Finland,domestic league (tier 2)
2020/09/30,Ykkönen,0,MP Mikkeli,1108,1117.0,3 - 1,IF Gnistan,1063,1054.0,3,1,Finland,domestic league (tier 2)
2020/10/04,Ykkönen,0,MP Mikkeli,1117,1121.0,2 - 1,SJK Akatemia,997,993.0,2,1,Finland,domestic league (tier 2)
2020/10/16,Ykkönen,0,MP Mikkeli,1112,1121.0,4 - 0,Myllykosken Pallo -47,1019,1010.0,4,0,Finland,domestic league (tier 2)
2020/10/20,Ykkönen,0,MP Mikkeli,1121,1114.0,2 - 3,KTP,1316,1323.0,2,3,Finland,domestic league (tier 2)
2020/10/31,Ykkönen,0,MP Mikkeli,1114,1116.0,2 - 2,Vaasan PS,1293,1291.0,2,2,Finland,domestic league (tier 2)
2021/05/13,Ykkönen,0,MP Mikkeli,1108,1119.0,2 - 1,Ekenäs IF,1238,1227.0,2,1,Finland,domestic league (tier 2)
2021/05/23,Ykkönen,0,MP Mikkeli,1104,1098.0,1 - 2,TPS Turku,1346,1352.0,1,2,Finland,domestic league (tier 2)
2021/06/04,Ykkönen,0,MP Mikkeli,1093,1104.0,2 - 1,KPV Kokkola,1215,1204.0,2,1,Finland,domestic league (tier 2)
2021/06/20,Ykkönen,0,MP Mikkeli,1125,1135.0,4 - 1,Jippo,1071,1061.0,4,1,Finland,domestic league (tier 2)
2021/07/11,Ykkönen,0,MP Mikkeli,1139,1140.0,0 - 0,Rovaniemi PS,1260,1259.0,0,0,Finland,domestic league (tier 2)
2021/07/25,Ykkönen,0,MP Mikkeli,1135,1143.0,2 - 0,Klubi 04,1048,1040.0,2,0,Finland,domestic league (tier 2)
2021/08/03,Ykkönen,0,MP Mikkeli,1150,1135.0,0 - 3,Vaasan PS,1290,1305.0,0,3,Finland,domestic league (tier 2)
2021/08/15,Ykkönen,0,MP Mikkeli,1129,1120.0,1 - 2,FF Jaro,1263,1272.0,1,2,Finland,domestic league (tier 2)
2021/08/22,Ykkönen,0,MP Mikkeli,1120,1129.0,2 - 1,IF Gnistan,1193,1184.0,2,1,Finland,domestic league (tier 2)
2021/09/01,Ykkönen,0,MP Mikkeli,1115,1116.0,1 - 1,PK-35 Vantaa,1256,1255.0,1,1,Finland,domestic league (tier 2)
2021/09/15,Ykkönen,0,MP Mikkeli,1122,1119.0,0 - 0,Musan Salama,1113,1116.0,0,0,Finland,domestic league (tier 2)
2021/09/26,Ykkönen,0,MP Mikkeli,1112,1124.0,5 - 2,Musan Salama,1099,1087.0,5,2,Finland,domestic league (tier 2)
2021/10/03,Ykkönen,0,MP Mikkeli,1124,1115.0,2 - 3,PK-35 Vantaa,1248,1257.0,2,3,Finland,domestic league (tier 2)
2021/10/23,Ykkönen,0,MP Mikkeli,1099,1108.0,2 - 0,Jippo,1043,1034.0,2,0,Finland,domestic league (tier 2)
2022/05/08,Ykkönen,0,MP Mikkeli,1113,1109.0,1 - 1,SJK Akatemia,1049,1053.0,1,1,Finland,domestic league (tier 2)
2022/05/21,Ykkönen,0,MP Mikkeli,1109,1131.0,3 - 0,FF Jaro,1298,1276.0,3,0,Finland,domestic league (tier 2)
2022/05/25,Finland Cup,0,MP Mikkeli,1131,1132.0,0 - 0,FF Jaro,1276,1275.0,0,0,Finland,domestic cup
2022/06/10,Ykkönen,0,MP Mikkeli,1129,1132.0,1 - 1,TPS Turku,1355,1352.0,1,1,Finland,domestic league (tier 2)
2022/06/13,Finland Cup,0,MP Mikkeli,1132,1131.0,0 - 1,Kuopion PS,1698,1699.0,0,1,Finland,domestic cup
2022/06/18,Ykkönen,0,MP Mikkeli,1131,1129.0,1 - 1,IF Gnistan,1175,1177.0,1,1,Finland,domestic league (tier 2)
2022/07/06,Ykkönen,0,MP Mikkeli,1140,1123.0,2 - 3,Pargas IF,955,972.0,2,3,Finland,domestic league (tier 2)
2022/07/15,Ykkönen,0,MP Mikkeli,1114,1118.0,2 - 1,PEPO Lappeenranta,985,981.0,2,1,Finland,domestic league (tier 2)
2022/07/31,Ykkönen,0,MP Mikkeli,1101,1090.0,1 - 2,PK-35 Vantaa,1149,1160.0,1,2,Finland,domestic league (tier 2)
2022/08/07,Ykkönen,0,MP Mikkeli,1090,1090.0,2 - 2,Ekenäs IF,1201,1201.0,2,2,Finland,domestic league (tier 2)
2022/08/16,Ykkönen,0,MP Mikkeli,1088,1110.0,3 - 0,KTP,1284,1262.0,3,0,Finland,domestic league (tier 2)
2022/08/21,Ykkönen,0,MP Mikkeli,1110,1109.0,1 - 1,KPV Kokkola,1169,1170.0,1,1,Finland,domestic league (tier 2)
2022/09/03,Ykkönen,0,MP Mikkeli,1131,1140.0,2 - 0,JäPS,1087,1078.0,2,0,Finland,domestic league (tier 2)
2022/09/10,Ykkönen,0,MP Mikkeli,1140,1147.0,1 - 0,PK-35 Vantaa,1146,1139.0,1,0,Finland,domestic league (tier 2)
2022/09/24,Ykkönen,0,MP Mikkeli,1154,1139.0,1 - 2,SJK Akatemia,1069,1084.0,1,2,Finland,domestic league (tier 2)
2022/10/02,Ykkönen,0,MP Mikkeli,1139,1147.0,6 - 2,PEPO Lappeenranta,1018,1010.0,6,2,Finland,domestic league (tier 2)
2023/04/29,Ykkönen,0,MP Mikkeli,1147,1155.0,1 - 0,KPV Kokkola,1194,1186.0,1,0,Finland,domestic league (tier 2)
2023/05/13,Ykkönen,0,MP Mikkeli,1170,1180.0,1 - 0,FF Jaro,1255,1245.0,1,0,Finland,domestic league (tier 2)
2023/05/17,Finland Cup,0,MP Mikkeli,1180,1176.0,1 - 1,JJK Jyväskylä,1139,1143.0,1,1,Finland,domestic cup
2023/05/25,Ykkönen,0,MP Mikkeli,1180,1188.0,2 - 0,SJK Akatemia,1102,1094.0,2,0,Finland,domestic league (tier 2)
2023/06/07,Ykkönen,0,MP Mikkeli,1197,1202.0,4 - 3,JJK Jyväskylä,1118,1113.0,4,3,Finland,domestic league (tier 2)
2023/07/09,Ykkönen,0,MP Mikkeli,1228,1236.0,2 - 1,Helsingfors IFK,1246,1238.0,2,1,Finland,domestic league (tier 2)
2023/07/14,Ykkönen,0,MP Mikkeli,1236,1211.0,0 - 2,JäPS,1052,1077.0,0,2,Finland,domestic league (tier 2)
2023/07/30,Ykkönen,0,MP Mikkeli,1230,1228.0,0 - 0,IF Gnistan,1243,1245.0,0,0,Finland,domestic league (tier 2)
2023/08/13,Ykkönen,0,MP Mikkeli,1213,1207.0,0 - 0,SalPa,1078,1084.0,0,0,Finland,domestic league (tier 2)
2023/09/02,Ykkönen,0,MP Mikkeli,1211,1200.0,0 - 1,TPS Turku,1290,1301.0,0,1,Finland,domestic league (tier 2)
2023/09/16,Ykkönen,0,MP Mikkeli,1200,1196.0,2 - 2,SJK Akatemia,1157,1161.0,2,2,Finland,domestic league (tier 2)
2023/09/23,Ykkönen,0,MP Mikkeli,1196,1182.0,0 - 2,Ekenäs IF,1314,1328.0,0,2,Finland,domestic league (tier 2)
2023/10/07,Ykkönen,0,MP Mikkeli,1181,1190.0,2 - 1,TPS Turku,1250,1241.0,2,1,Finland,domestic league (tier 2)
2023/10/14,Veikkausliiga rel.,0,MP Mikkeli,1190,1166.0,1 - 4,SJK Akatemia,1163,1187.0,1,4,Finland,domestic relegation
2024/04/24,Ykkönen,0,MP Mikkeli,1151,1146.0,1 - 1,Jippo,1058,1063.0,1,1,Finland,domestic league (tier 2)
2024/05/05,Ykkönen,0,MP Mikkeli,1128,1125.0,0 - 0,PK-35 Vantaa,1123,1126.0,0,0,Finland,domestic league (tier 2)
2024/05/19,Ykkönen,0,MP Mikkeli,1107,1082.0,0 - 3,JäPS,1046,1071.0,0,3,Finland,domestic league (tier 2)
2024/05/23,Ykkönen,0,MP Mikkeli,1082,1066.0,1 - 4,FF Jaro,1208,1224.0,1,4,Finland,domestic league (tier 2)
2024/06/02,Ykkönen,0,MP Mikkeli,1071,1065.0,1 - 2,KTP,1324,1330.0,1,2,Finland,domestic league (tier 2)
2024/06/12,Ykkönen,0,MP Mikkeli,1065,1051.0,0 - 3,TPS Turku,1242,1256.0,0,3,Finland,domestic league (tier 2)
2024/06/30,Ykkönen,0,MP Mikkeli,1052,1040.0,0 - 1,SalPa,1065,1077.0,0,1,Finland,domestic league (tier 2)
2024/07/11,Ykkönen,0,MP Mikkeli,1056,1031.0,2 - 6,KäPa,1034,1059.0,2,6,Finland,domestic league (tier 2)
2024/07/27,Ykkönen,0,MP Mikkeli,1030,1020.0,1 - 2,SJK Akatemia,1133,1143.0,1,2,Finland,domestic league (tier 2)
2024/08/18,Ykkönen,0,MP Mikkeli,1044,1063.0,4 - 2,FF Jaro,1245,1226.0,4,2,Finland,domestic league (tier 2)
2024/08/25,Ykkönen,0,MP Mikkeli,1063,1051.0,1 - 2,SalPa,1106,1118.0,1,2,Finland,domestic league (tier 2)
2024/09/22,Ykkönen,0,MP Mikkeli,1030,1033.0,0 - 0,TPS Turku,1226,1223.0,0,0,Finland,domestic league (tier 2)
2024/10/06,Ykkönen,0,MP Mikkeli,1038,1027.0,0 - 5,KTP,1307,1318.0,0,5,Finland,domestic league (tier 2)
2025/06/11,Finland Cup,0,MP Mikkeli,1022,1021.0,0 - 1,HJK Helsinki,1621,1622.0,0,1,Finland,domestic cup
2026/04/19,Ykkönen,0,MP Mikkeli,1031,1018.0,0 - 1,KäPa,1042,1055.0,0,1,Finland,domestic league (tier 2)
2026/05/02,Ykkönen,0,MP Mikkeli,1033,1048.0,1 - 0,Haka Valkeakoski,1346,1331.0,1,0,Finland,domestic league (tier 2)
2026/05/17,Ykkönen,0,MP Mikkeli,1040,1029.0,1 - 3,Jippo,1226,1237.0,1,3,Finland,domestic league (tier 2)
2026/05/31,Ykkönen,0,MP Mikkeli,1054,1065.0,1 - 0,Ekenäs IF,1204,1193.0,1,0,Finland,domestic league (tier 2)
2026/06/14,Ykkönen,0,MP Mikkeli,1061,1059.0,2 - 2,Klubi 04,1101,1103.0,2,2,Finland,domestic league (tier 2)
2026/07/05,Ykkönen,0,MP Mikkeli,1056,1070.0,2 - 1,Haka Valkeakoski,1320,1306.0,2,1,Finland,domestic league (tier 2)
2026/07/25,Ykkönen,0,MP Mikkeli,1068,1071.0,3 - 3,KTP,1286,1283.0,3,3,Finland,domestic league (tier 2)
2026/07/29,Ykkönen,0,MP Mikkeli,1071,1077.0,2 - 1,KäPa,1032,1026.0,2,1,Finland,domestic league (tier 2)
2026/08/16,Ykkönen,0,MP Mikkeli,1072,1057.0,0 - 2,Ekenäs IF,1170,1185.0,0,2,Finland,domestic league (tier 2)
2026/08/29,Ykkönen,0,MP Mikkeli,1051,1039.0,0 - 3,PK-35 Vantaa,1272,1284.0,0,3,Finland,domestic league (tier 2)
2024/05/08,Finland Cup,0,Mikkelin Kissat,1199,1170.0,1 - 4,PEPO Lappeenranta,1018,1047.0,1,4,Finland,domestic cup
2019/05/11,Ykkönen,0,Musan Salama,1102,1103.0,1 - 1,FF Jaro,1245,1244.0,1,1,Finland,domestic league (tier 2)
2019/05/25,Ykkönen,0,Musan Salama,1098,1090.0,1 - 2,Myllykosken Pallo -47,1286,1294.0,1,2,Finland,domestic league (tier 2)
2019/05/29,Ykkönen,0,Musan Salama,1090,1104.0,1 - 0,AC Oulu,1341,1327.0,1,0,Finland,domestic league (tier 2)
2019/06/09,Ykkönen,0,Musan Salama,1096,1082.0,1 - 3,Ekenäs IF,1219,1233.0,1,3,Finland,domestic league (tier 2)
2019/06/25,Ykkönen,0,Musan Salama,1119,1127.0,1 - 0,TPV Tampere,1136,1128.0,1,0,Finland,domestic league (tier 2)
2019/07/06,Ykkönen,0,Musan Salama,1133,1122.0,1 - 5,Haka Valkeakoski,1393,1404.0,1,5,Finland,domestic league (tier 2)
2019/07/13,Ykkönen,0,Musan Salama,1122,1142.0,4 - 0,Myllykosken Pallo -47,1237,1217.0,4,0,Finland,domestic league (tier 2)
2019/07/27,Ykkönen,0,Musan Salama,1158,1166.0,2 - 1,KTP,1188,1180.0,2,1,Finland,domestic league (tier 2)
2019/08/10,Ykkönen,0,Musan Salama,1153,1143.0,1 - 3,TPS Turku,1385,1395.0,1,3,Finland,domestic league (tier 2)
2019/08/16,Ykkönen,0,Musan Salama,1143,1153.0,5 - 3,AC Kajaani,1122,1112.0,5,3,Finland,domestic league (tier 2)
2019/08/31,Ykkönen,0,Musan Salama,1154,1165.0,2 - 1,FF Jaro,1291,1280.0,2,1,Finland,domestic league (tier 2)
2019/09/21,Ykkönen,0,Musan Salama,1154,1133.0,0 - 4,AC Oulu,1218,1239.0,0,4,Finland,domestic league (tier 2)
2019/10/05,Ykkönen,0,Musan Salama,1128,1137.0,1 - 0,Ekenäs IF,1186,1177.0,1,0,Finland,domestic league (tier 2)
2020/07/04,Ykkönen,0,Musan Salama,1122,1103.0,0 - 2,AC Kajaani,1119,1138.0,0,2,Finland,domestic league (tier 2)
2020/07/25,Ykkönen,0,Musan Salama,1132,1142.0,5 - 1,IF Gnistan,1055,1045.0,5,1,Finland,domestic league (tier 2)
2020/08/06,Ykkönen,0,Musan Salama,1153,1162.0,1 - 0,Ekenäs IF,1211,1202.0,1,0,Finland,domestic league (tier 2)
2020/08/10,Ykkönen,0,Musan Salama,1162,1173.0,4 - 1,Myllykosken Pallo -47,1118,1107.0,4,1,Finland,domestic league (tier 2)
2020/08/15,Ykkönen,0,Musan Salama,1173,1160.0,1 - 3,AC Oulu,1309,1322.0,1,3,Finland,domestic league (tier 2)
2020/08/29,Ykkönen,0,Musan Salama,1153,1164.0,3 - 2,KPV Kokkola,1297,1286.0,3,2,Finland,domestic league (tier 2)
2020/09/12,Ykkönen,0,Musan Salama,1151,1133.0,0 - 6,KTP,1297,1315.0,0,6,Finland,domestic league (tier 2)
2020/09/16,Ykkönen,0,Musan Salama,1133,1137.0,3 - 2,SJK Akatemia,978,974.0,3,2,Finland,domestic league (tier 2)
2020/09/26,Ykkönen,0,Musan Salama,1122,1119.0,1 - 1,MP Mikkeli,1105,1108.0,1,1,Finland,domestic league (tier 2)
2020/10/20,Ykkönen,0,Musan Salama,1142,1130.0,0 - 2,Vaasan PS,1308,1320.0,0,2,Finland,domestic league (tier 2)
2020/10/31,Ykkönen,0,Musan Salama,1146,1164.0,3 - 1,FF Jaro,1315,1297.0,3,1,Finland,domestic league (tier 2)
2021/05/09,Ykkönen,0,Musan Salama,1144,1139.0,0 - 0,Jippo,1061,1066.0,0,0,Finland,domestic league (tier 2)
2021/05/22,Ykkönen,0,Musan Salama,1139,1156.0,3 - 1,Rovaniemi PS,1285,1268.0,3,1,Finland,domestic league (tier 2)
2021/05/26,Ykkönen,0,Musan Salama,1156,1150.0,1 - 1,Klubi 04,1033,1039.0,1,1,Finland,domestic league (tier 2)
2021/06/13,Ykkönen,0,Musan Salama,1155,1175.0,3 - 0,Vaasan PS,1305,1285.0,3,0,Finland,domestic league (tier 2)
2021/07/04,Ykkönen,0,Musan Salama,1188,1184.0,2 - 2,MP Mikkeli,1135,1139.0,2,2,Finland,domestic league (tier 2)
2021/07/15,Ykkönen,0,Musan Salama,1183,1184.0,1 - 1,PK-35 Vantaa,1304,1303.0,1,1,Finland,domestic league (tier 2)
2021/07/24,Ykkönen,0,Musan Salama,1189,1171.0,2 - 4,IF Gnistan,1213,1231.0,2,4,Finland,domestic league (tier 2)
2021/08/01,Ykkönen,0,Musan Salama,1164,1143.0,2 - 6,Ekenäs IF,1214,1235.0,2,6,Finland,domestic league (tier 2)
2021/08/14,Ykkönen,0,Musan Salama,1123,1113.0,0 - 2,TPS Turku,1339,1349.0,0,2,Finland,domestic league (tier 2)
2021/08/28,Ykkönen,0,Musan Salama,1107,1117.0,1 - 0,KPV Kokkola,1219,1209.0,1,0,Finland,domestic league (tier 2)
2021/09/19,Ykkönen,0,Musan Salama,1116,1099.0,1 - 5,FF Jaro,1246,1263.0,1,5,Finland,domestic league (tier 2)
2021/10/02,Ykkönen,0,Musan Salama,1087,1097.0,3 - 1,Jippo,1061,1051.0,3,1,Finland,domestic league (tier 2)
2021/10/23,Ykkönen,0,Musan Salama,1106,1083.0,0 - 3,Klubi 04,1083,1106.0,0,3,Finland,domestic league (tier 2)
2023/04/25,Finland Cup,0,Musan Salama,1087,1083.0,1 - 1,SalPa,1027,1031.0,1,1,Finland,domestic cup
2024/05/08,Finland Cup,0,Musan Salama,1083,1093.0,2 - 0,TPV Tampere,1072,1062.0,2,0,Finland,domestic cup
2019/04/27,Ykkönen,0,Myllykosken Pallo -47,1355,1342.0,0 - 1,TPS Turku,1354,1367.0,0,1,Finland,domestic league (tier 2)
2019/05/11,Ykkönen,0,Myllykosken Pallo -47,1324,1306.0,1 - 2,AC Kajaani,1074,1092.0,1,2,Finland,domestic league (tier 2)
2019/05/29,Ykkönen,0,Myllykosken Pallo -47,1294,1289.0,1 - 1,KTP,1182,1187.0,1,1,Finland,domestic league (tier 2)
2019/06/09,Ykkönen,0,Myllykosken Pallo -47,1293,1287.0,1 - 1,TPV Tampere,1132,1138.0,1,1,Finland,domestic league (tier 2)
2019/06/19,Ykkönen,0,Myllykosken Pallo -47,1279,1294.0,3 - 1,TPS Turku,1369,1354.0,3,1,Finland,domestic league (tier 2)
2019/06/25,Ykkönen,0,Myllykosken Pallo -47,1294,1265.0,0 - 5,FF Jaro,1231,1260.0,0,5,Finland,domestic league (tier 2)
2019/07/06,Ykkönen,0,Myllykosken Pallo -47,1263,1237.0,0 - 3,Ekenäs IF,1173,1199.0,0,3,Finland,domestic league (tier 2)
2019/07/27,Ykkönen,0,Myllykosken Pallo -47,1205,1189.0,0 - 2,AC Oulu,1271,1287.0,0,2,Finland,domestic league (tier 2)
2019/08/09,Ykkönen,0,Myllykosken Pallo -47,1174,1163.0,0 - 4,Haka Valkeakoski,1430,1441.0,0,4,Finland,domestic league (tier 2)
2019/08/31,Ykkönen,0,Myllykosken Pallo -47,1163,1159.0,2 - 2,AC Kajaani,1129,1133.0,2,2,Finland,domestic league (tier 2)
2019/09/14,Ykkönen,0,Myllykosken Pallo -47,1173,1180.0,3 - 2,Musan Salama,1161,1154.0,3,2,Finland,domestic league (tier 2)
2019/09/21,Ykkönen,0,Myllykosken Pallo -47,1180,1168.0,2 - 3,KTP,1227,1239.0,2,3,Finland,domestic league (tier 2)
2019/10/04,Ykkönen,0,Myllykosken Pallo -47,1173,1178.0,3 - 2,TPV Tampere,1084,1079.0,3,2,Finland,domestic league (tier 2)
2020/07/04,Ykkönen,0,Myllykosken Pallo -47,1142,1133.0,1 - 2,AC Oulu,1277,1286.0,1,2,Finland,domestic league (tier 2)
2020/08/01,Ykkönen,0,Myllykosken Pallo -47,1125,1122.0,0 - 0,AC Kajaani,1108,1111.0,0,0,Finland,domestic league (tier 2)
2020/08/22,Ykkönen,0,Myllykosken Pallo -47,1098,1105.0,4 - 2,SJK Akatemia,999,992.0,4,2,Finland,domestic league (tier 2)
2020/08/26,Ykkönen,0,Myllykosken Pallo -47,1105,1092.0,0 - 1,MP Mikkeli,1087,1100.0,0,1,Finland,domestic league (tier 2)
2020/09/02,Ykkönen,0,Myllykosken Pallo -47,1084,1087.0,1 - 1,KPV Kokkola,1286,1283.0,1,1,Finland,domestic league (tier 2)
2020/09/12,Ykkönen,0,Myllykosken Pallo -47,1082,1071.0,3 - 6,Vaasan PS,1311,1322.0,3,6,Finland,domestic league (tier 2)
2020/09/20,Ykkönen,0,Myllykosken Pallo -47,1064,1068.0,1 - 1,FF Jaro,1306,1302.0,1,1,Finland,domestic league (tier 2)
2020/09/30,Ykkönen,0,Myllykosken Pallo -47,1068,1058.0,0 - 3,KTP,1324,1334.0,0,3,Finland,domestic league (tier 2)
2020/10/04,Ykkönen,0,Myllykosken Pallo -47,1058,1037.0,1 - 5,Musan Salama,1124,1145.0,1,5,Finland,domestic league (tier 2)
2020/10/10,Ykkönen,0,Myllykosken Pallo -47,1037,1019.0,2 - 4,IF Gnistan,1056,1074.0,2,4,Finland,domestic league (tier 2)
2020/10/24,Ykkönen,0,Myllykosken Pallo -47,998,988.0,1 - 3,Ekenäs IF,1230,1240.0,1,3,Finland,domestic league (tier 2)
2017/05/13,Ykkönen,0,OPS Oulu,1207,1201.0,1 - 1,IF Gnistan,1055,1061.0,1,1,Finland,domestic league (tier 2)
2017/05/17,Ykkönen,0,OPS Oulu,1201,1211.0,1 - 0,AC Oulu,1307,1297.0,1,0,Finland,domestic league (tier 2)
2017/06/03,Ykkönen,0,OPS Oulu,1209,1199.0,1 - 2,TPS Turku,1309,1319.0,1,2,Finland,domestic league (tier 2)
2017/06/13,Ykkönen,0,OPS Oulu,1215,1204.0,0 - 3,FC Honka,1452,1463.0,0,3,Finland,domestic league (tier 2)
2017/07/01,Ykkönen,0,OPS Oulu,1193,1203.0,4 - 1,Grankulla IFK,1124,1114.0,4,1,Finland,domestic league (tier 2)
2017/07/15,Ykkönen,0,OPS Oulu,1201,1180.0,0 - 2,Ekenäs IF,1165,1186.0,0,2,Finland,domestic league (tier 2)
2017/07/22,Ykkönen,0,OPS Oulu,1180,1179.0,3 - 3,Haka Valkeakoski,1249,1250.0,3,3,Finland,domestic league (tier 2)
2017/08/11,Ykkönen,0,OPS Oulu,1173,1157.0,0 - 3,KPV Kokkola,1312,1328.0,0,3,Finland,domestic league (tier 2)
2017/08/18,Ykkönen,0,OPS Oulu,1157,1148.0,0 - 1,FF Jaro,1298,1307.0,0,1,Finland,domestic league (tier 2)
2017/09/03,Ykkönen,0,OPS Oulu,1132,1141.0,3 - 1,IF Gnistan,1087,1078.0,3,1,Finland,domestic league (tier 2)
2017/09/07,Ykkönen,0,OPS Oulu,1141,1157.0,3 - 1,AC Oulu,1272,1256.0,3,1,Finland,domestic league (tier 2)
2017/09/30,Ykkönen,0,OPS Oulu,1153,1147.0,1 - 2,TPS Turku,1416,1422.0,1,2,Finland,domestic league (tier 2)
2017/10/14,Ykkönen,0,OPS Oulu,1147,1134.0,0 - 10,FC Honka,1435,1448.0,0,10,Finland,domestic league (tier 2)
2023/04/29,Finland Cup,0,OTP,1282,1276.0,3 - 3,GBK Kokkola,1165,1171.0,3,3,Finland,domestic cup
2024/04/16,Finland Cup,0,OTP,1271,1245.0,0 - 3,FF Jaro,1198,1224.0,0,3,Finland,domestic cup
2022/04/29,Ykkönen,0,PEPO Lappeenranta,974,965.0,0 - 3,FF Jaro,1263,1272.0,0,3,Finland,domestic league (tier 2)
2022/05/30,Ykkönen,0,PEPO Lappeenranta,992,994.0,1 - 1,KPV Kokkola,1162,1160.0,1,1,Finland,domestic league (tier 2)
2022/06/10,Ykkönen,0,PEPO Lappeenranta,987,969.0,2 - 4,JäPS,1018,1036.0,2,4,Finland,domestic league (tier 2)
2022/06/18,Ykkönen,0,PEPO Lappeenranta,969,976.0,2 - 1,Pargas IF,957,950.0,2,1,Finland,domestic league (tier 2)
2022/07/02,Ykkönen,0,PEPO Lappeenranta,982,987.0,2 - 2,Ekenäs IF,1251,1246.0,2,2,Finland,domestic league (tier 2)
2022/07/10,Ykkönen,0,PEPO Lappeenranta,983,985.0,3 - 3,PK-35 Vantaa,1157,1155.0,3,3,Finland,domestic league (tier 2)
2022/07/23,Ykkönen,0,PEPO Lappeenranta,981,988.0,1 - 1,TPS Turku,1355,1348.0,1,1,Finland,domestic league (tier 2)
2022/07/27,Ykkönen,0,PEPO Lappeenranta,988,999.0,2 - 1,MP Mikkeli,1112,1101.0,2,1,Finland,domestic league (tier 2)
2022/08/04,Ykkönen,0,PEPO Lappeenranta,996,988.0,1 - 2,IF Gnistan,1160,1168.0,1,2,Finland,domestic league (tier 2)
2022/08/20,Ykkönen,0,PEPO Lappeenranta,1003,994.0,0 - 2,KTP,1262,1271.0,0,2,Finland,domestic league (tier 2)
2022/09/03,Ykkönen,0,PEPO Lappeenranta,1011,1020.0,1 - 0,SJK Akatemia,1068,1059.0,1,0,Finland,domestic league (tier 2)
2022/09/16,Ykkönen,0,PEPO Lappeenranta,1009,1025.0,4 - 2,PK-35 Vantaa,1139,1123.0,4,2,Finland,domestic league (tier 2)
2022/10/08,Ykkönen,0,PEPO Lappeenranta,1010,987.0,1 - 3,Pargas IF,906,929.0,1,3,Finland,domestic league (tier 2)
2024/06/25,Finland Cup,0,PEPO Lappeenranta,1047,1045.0,1 - 5,Kuopion PS,1673,1675.0,1,5,Finland,domestic cup
2026/04/28,Finland Cup,0,PEPO Lappeenranta,1045,1052.0,2 - 1,JJK Jyväskylä,1022,1015.0,2,1,Finland,domestic cup
2016/07/17,Veikkausliiga,0,PK-35 Vantaa,1368,1355.0,0 - 2,IFK Mariehamn,1507,1520.0,0,2,Finland,domestic league (tier 1)
2016/08/02,Veikkausliiga,0,PK-35 Vantaa,1352,1351.0,1 - 1,Ilves Tampere,1401,1402.0,1,1,Finland,domestic league (tier 1)
2016/08/13,Veikkausliiga,0,PK-35 Vantaa,1347,1347.0,1 - 1,FC Lahti,1444,1444.0,1,1,Finland,domestic league (tier 1)
2016/08/26,Veikkausliiga,0,PK-35 Vantaa,1336,1324.0,0 - 1,PS Kemi,1370,1382.0,0,1,Finland,domestic league (tier 1)
2016/09/12,Veikkausliiga,0,PK-35 Vantaa,1317,1302.0,1 - 3,Ilves Tampere,1417,1432.0,1,3,Finland,domestic league (tier 1)
2016/09/20,Veikkausliiga,0,PK-35 Vantaa,1299,1283.0,0 - 2,Helsingfors IFK,1387,1403.0,0,2,Finland,domestic league (tier 1)
2016/10/14,Veikkausliiga,0,PK-35 Vantaa,1278,1271.0,1 - 2,Vaasan PS,1476,1483.0,1,2,Finland,domestic league (tier 1)
2016/10/23,Veikkausliiga,0,PK-35 Vantaa,1267,1278.0,2 - 1,Inter Turku,1385,1374.0,2,1,Finland,domestic league (tier 1)
2021/05/12,Ykkönen,0,PK-35 Vantaa,1313,1316.0,1 - 0,Musan Salama,1139,1136.0,1,0,Finland,domestic league (tier 2)
2021/05/21,Ykkönen,0,PK-35 Vantaa,1303,1288.0,2 - 3,Ekenäs IF,1233,1248.0,2,3,Finland,domestic league (tier 2)
2021/06/06,Ykkönen,0,PK-35 Vantaa,1294,1292.0,0 - 0,TPS Turku,1334,1336.0,0,0,Finland,domestic league (tier 2)
2021/06/13,Ykkönen,0,PK-35 Vantaa,1292,1301.0,3 - 0,KPV Kokkola,1204,1195.0,3,0,Finland,domestic league (tier 2)
2021/07/24,Ykkönen,0,PK-35 Vantaa,1303,1282.0,1 - 3,Rovaniemi PS,1263,1284.0,1,3,Finland,domestic league (tier 2)
2021/08/02,Ykkönen,0,PK-35 Vantaa,1283,1285.0,2 - 1,Klubi 04,1028,1026.0,2,1,Finland,domestic league (tier 2)
2021/08/11,Ykkönen,0,PK-35 Vantaa,1279,1284.0,3 - 2,IF Gnistan,1189,1184.0,3,2,Finland,domestic league (tier 2)
2021/08/14,Ykkönen,0,PK-35 Vantaa,1284,1282.0,2 - 2,Vaasan PS,1308,1310.0,2,2,Finland,domestic league (tier 2)
2021/08/28,Ykkönen,0,PK-35 Vantaa,1248,1256.0,2 - 1,FF Jaro,1271,1263.0,2,1,Finland,domestic league (tier 2)
2021/09/05,Ykkönen,0,PK-35 Vantaa,1255,1238.0,0 - 1,Jippo,1066,1083.0,0,1,Finland,domestic league (tier 2)
2021/09/19,Ykkönen,0,PK-35 Vantaa,1238,1245.0,3 - 1,MP Mikkeli,1119,1112.0,3,1,Finland,domestic league (tier 2)
2021/09/25,Ykkönen,0,PK-35 Vantaa,1245,1248.0,2 - 1,Klubi 04,1054,1051.0,2,1,Finland,domestic league (tier 2)
2021/10/10,Ykkönen,0,PK-35 Vantaa,1257,1241.0,1 - 2,Musan Salama,1097,1113.0,1,2,Finland,domestic league (tier 2)
2021/10/23,Ykkönen,0,PK-35 Vantaa,1221,1233.0,2 - 0,KPV Kokkola,1249,1237.0,2,0,Finland,domestic league (tier 2)
2022/04/25,Ykkönen,0,PK-35 Vantaa,1234,1226.0,2 - 2,Pargas IF,960,968.0,2,2,Finland,domestic league (tier 2)
2022/05/07,Ykkönen,0,PK-35 Vantaa,1226,1208.0,1 - 2,PEPO Lappeenranta,965,983.0,1,2,Finland,domestic league (tier 2)
2022/05/29,Ykkönen,0,PK-35 Vantaa,1173,1182.0,2 - 0,MP Mikkeli,1132,1123.0,2,0,Finland,domestic league (tier 2)
2022/06/11,Ykkönen,0,PK-35 Vantaa,1177,1174.0,1 - 1,KPV Kokkola,1170,1173.0,1,1,Finland,domestic league (tier 2)
2022/06/18,Ykkönen,0,PK-35 Vantaa,1174,1168.0,2 - 2,JäPS,1053,1059.0,2,2,Finland,domestic league (tier 2)
2022/06/29,Finland Cup,0,PK-35 Vantaa,1158,1162.0,2 - 2,Helsingfors IFK,1403,1399.0,2,2,Finland,domestic cup
2022/07/06,Ykkönen,0,PK-35 Vantaa,1149,1157.0,2 - 0,SJK Akatemia,1081,1073.0,2,0,Finland,domestic league (tier 2)
2022/07/16,Ykkönen,0,PK-35 Vantaa,1155,1136.0,0 - 4,FF Jaro,1251,1270.0,0,4,Finland,domestic league (tier 2)
2022/07/23,Ykkönen,0,PK-35 Vantaa,1136,1149.0,3 - 1,Ekenäs IF,1199,1186.0,3,1,Finland,domestic league (tier 2)
2022/08/04,Ykkönen,0,PK-35 Vantaa,1160,1173.0,2 - 1,TPS Turku,1356,1343.0,2,1,Finland,domestic league (tier 2)
2022/08/20,Ykkönen,0,PK-35 Vantaa,1176,1173.0,2 - 2,IF Gnistan,1168,1171.0,2,2,Finland,domestic league (tier 2)
2022/09/03,Ykkönen,0,PK-35 Vantaa,1155,1146.0,0 - 1,KTP,1278,1287.0,0,1,Finland,domestic league (tier 2)
2022/09/25,Ykkönen,0,PK-35 Vantaa,1123,1126.0,1 - 0,Pargas IF,917,914.0,1,0,Finland,domestic league (tier 2)
2022/10/01,Ykkönen,0,PK-35 Vantaa,1126,1134.0,1 - 0,IF Gnistan,1154,1146.0,1,0,Finland,domestic league (tier 2)
2023/04/26,Finland Cup,0,PK-35 Vantaa,1146,1145.0,2 - 2,Helsingfors IFK,1222,1223.0,2,2,Finland,domestic cup
2024/04/13,Ykkönen,0,PK-35 Vantaa,1145,1154.0,3 - 0,KäPa,1063,1054.0,3,0,Finland,domestic league (tier 2)
2024/04/24,Ykkönen,0,PK-35 Vantaa,1140,1140.0,1 - 1,TPS Turku,1225,1225.0,1,1,Finland,domestic league (tier 2)
2024/04/28,Ykkönen,0,PK-35 Vantaa,1140,1123.0,1 - 5,KTP,1276,1293.0,1,5,Finland,domestic league (tier 2)
2024/05/12,Ykkönen,0,PK-35 Vantaa,1145,1143.0,1 - 1,SJK Akatemia,1157,1159.0,1,1,Finland,domestic league (tier 2)
2024/05/27,Ykkönen,0,PK-35 Vantaa,1129,1125.0,1 - 1,SalPa,1076,1080.0,1,1,Finland,domestic league (tier 2)
2024/06/11,Ykkönen,0,PK-35 Vantaa,1136,1146.0,4 - 1,JäPS,1088,1078.0,4,1,Finland,domestic league (tier 2)
2024/07/06,Ykkönen,0,PK-35 Vantaa,1156,1140.0,1 - 2,MP Mikkeli,1040,1056.0,1,2,Finland,domestic league (tier 2)
2024/07/17,Ykkönen,0,PK-35 Vantaa,1126,1137.0,2 - 1,FF Jaro,1246,1235.0,2,1,Finland,domestic league (tier 2)
2024/07/20,Ykkönen,0,PK-35 Vantaa,1137,1118.0,0 - 2,Jippo,1139,1158.0,0,2,Finland,domestic league (tier 2)
2024/08/24,Ykkönen,0,PK-35 Vantaa,1131,1126.0,0 - 0,JäPS,1055,1060.0,0,0,Finland,domestic league (tier 2)
2024/09/14,Ykkönen,0,PK-35 Vantaa,1142,1149.0,1 - 0,SalPa,1116,1109.0,1,0,Finland,domestic league (tier 2)
2024/09/28,Ykkönen,0,PK-35 Vantaa,1148,1138.0,0 - 1,FF Jaro,1234,1244.0,0,1,Finland,domestic league (tier 2)
2024/10/19,Ykkönen,0,PK-35 Vantaa,1141,1146.0,1 - 0,MP Mikkeli,1027,1022.0,1,0,Finland,domestic league (tier 2)
2025/04/23,Ykkönen,0,PK-35 Vantaa,1146,1149.0,0 - 0,FC Lahti,1355,1352.0,0,0,Finland,domestic league (tier 2)
2025/05/02,Ykkönen,0,PK-35 Vantaa,1159,1150.0,1 - 2,Ekenäs IF,1277,1286.0,1,2,Finland,domestic league (tier 2)
2025/05/18,Ykkönen,0,PK-35 Vantaa,1152,1160.0,4 - 0,KäPa,1034,1026.0,4,0,Finland,domestic league (tier 2)
2025/05/21,Ykkönen,0,PK-35 Vantaa,1160,1167.0,1 - 0,JäPS,1139,1132.0,1,0,Finland,domestic league (tier 2)
2025/06/06,Ykkönen,0,PK-35 Vantaa,1173,1164.0,2 - 3,TPS Turku,1293,1302.0,2,3,Finland,domestic league (tier 2)
2025/06/18,Ykkönen,0,PK-35 Vantaa,1168,1174.0,3 - 1,SalPa,1015,1009.0,3,1,Finland,domestic league (tier 2)
2025/06/23,Ykkönen,0,PK-35 Vantaa,1174,1180.0,2 - 1,SJK Akatemia,1125,1119.0,2,1,Finland,domestic league (tier 2)
2025/07/19,Ykkönen,0,PK-35 Vantaa,1192,1188.0,1 - 1,Klubi 04,1165,1169.0,1,1,Finland,domestic league (tier 2)
2025/07/25,Ykkönen,0,PK-35 Vantaa,1188,1185.0,1 - 1,Jippo,1171,1174.0,1,1,Finland,domestic league (tier 2)
2025/08/22,Ykkönen,0,PK-35 Vantaa,1224,1219.0,0 - 0,JäPS,1141,1146.0,0,0,Finland,domestic league (tier 2)
2025/08/29,Ykkönen,0,PK-35 Vantaa,1219,1198.0,0 - 2,Jippo,1177,1198.0,0,2,Finland,domestic league (tier 2)
2025/09/12,Ykkönen,0,PK-35 Vantaa,1204,1197.0,1 - 1,KäPa,1029,1036.0,1,1,Finland,domestic league (tier 2)
2025/09/20,Ykkönen,0,PK-35 Vantaa,1197,1204.0,2 - 1,Klubi 04,1175,1168.0,2,1,Finland,domestic league (tier 2)
2025/10/03,Ykkönen,0,PK-35 Vantaa,1200,1187.0,1 - 2,Ekenäs IF,1201,1214.0,1,2,Finland,domestic league (tier 2)
2026/04/03,Ykkönen,0,PK-35 Vantaa,1198,1210.0,4 - 2,Ekenäs IF,1220,1208.0,4,2,Finland,domestic league (tier 2)
2026/04/11,Ykkönen,0,PK-35 Vantaa,1210,1211.0,0 - 0,Haka Valkeakoski,1349,1348.0,0,0,Finland,domestic league (tier 2)
2026/04/24,Ykkönen,0,PK-35 Vantaa,1221,1209.0,0 - 1,KTP,1256,1268.0,0,1,Finland,domestic league (tier 2)
2026/05/07,Ykkönen,0,PK-35 Vantaa,1201,1207.0,3 - 1,MP Mikkeli,1048,1042.0,3,1,Finland,domestic league (tier 2)
2026/05/12,Finland Cup,0,PK-35 Vantaa,1207,1203.0,0 - 2,Kuopion PS,1615,1619.0,0,2,Finland,domestic cup
2026/05/31,Ykkönen,0,PK-35 Vantaa,1225,1219.0,1 - 1,Klubi 04,1095,1101.0,1,1,Finland,domestic league (tier 2)
2026/06/26,Ykkönen,0,PK-35 Vantaa,1242,1245.0,2 - 1,MP Mikkeli,1059,1056.0,2,1,Finland,domestic league (tier 2)
2026/07/10,Ykkönen,0,PK-35 Vantaa,1265,1269.0,3 - 1,KäPa,1059,1055.0,3,1,Finland,domestic league (tier 2)
2026/07/25,Ykkönen,0,PK-35 Vantaa,1283,1279.0,1 - 1,Jippo,1244,1248.0,1,1,Finland,domestic league (tier 2)
2026/07/31,Ykkönen,0,PK-35 Vantaa,1279,1258.0,1 - 4,Haka Valkeakoski,1312,1333.0,1,4,Finland,domestic league (tier 2)
2026/08/15,Ykkönen,0,PK-35 Vantaa,1271,1264.0,1 - 1,Klubi 04,1092,1099.0,1,1,Finland,domestic league (tier 2)
2026/08/21,Ykkönen,0,PK-35 Vantaa,1264,1272.0,3 - 0,JäPS,1153,1145.0,3,0,Finland,domestic league (tier 2)
2026/09/04,Ykkönen,0,PK-35 Vantaa,1284,,Info,Ekenäs IF,1158,,,,Finland,domestic league (tier 2)
2016/07/03,Veikkausliiga,0,PS Kemi,1366,1353.0,1 - 2,Helsingfors IFK,1351,1364.0,1,2,Finland,domestic league (tier 1)
2016/07/16,Veikkausliiga,0,PS Kemi,1350,1334.0,0 - 2,Kuopion PS,1433,1449.0,0,2,Finland,domestic league (tier 1)
2016/07/30,Veikkausliiga,0,PS Kemi,1339,1340.0,0 - 0,Vaasan PS,1486,1485.0,0,0,Finland,domestic league (tier 1)
2016/08/06,Veikkausliiga,0,PS Kemi,1340,1347.0,2 - 1,PK-35 Vantaa,1351,1344.0,2,1,Finland,domestic league (tier 1)
2016/08/13,Veikkausliiga,0,PS Kemi,1340,1352.0,3 - 1,Inter Turku,1361,1349.0,3,1,Finland,domestic league (tier 1)
2016/08/20,Veikkausliiga,0,PS Kemi,1352,1370.0,3 - 1,Rovaniemi PS,1513,1495.0,3,1,Finland,domestic league (tier 1)
2016/09/09,Veikkausliiga,0,PS Kemi,1382,1372.0,0 - 2,HJK Helsinki,1615,1625.0,0,2,Finland,domestic league (tier 1)
2016/09/21,Veikkausliiga,0,PS Kemi,1358,1343.0,2 - 4,FC Lahti,1454,1469.0,2,4,Finland,domestic league (tier 1)
2016/10/01,Veikkausliiga,0,PS Kemi,1336,1327.0,1 - 3,SJK Seinäjoki,1574,1583.0,1,3,Finland,domestic league (tier 1)
2016/10/17,Veikkausliiga,0,PS Kemi,1331,1316.0,1 - 4,Vaasan PS,1483,1498.0,1,4,Finland,domestic league (tier 1)
2017/04/08,Veikkausliiga,0,PS Kemi,1305,1304.0,0 - 0,Helsingfors IFK,1386,1387.0,0,0,Finland,domestic league (tier 1)
2017/04/22,Veikkausliiga,0,PS Kemi,1304,1325.0,3 - 1,SJK Seinäjoki,1563,1542.0,3,1,Finland,domestic league (tier 1)
2017/05/06,Veikkausliiga,0,PS Kemi,1318,1302.0,1 - 4,Kuopion PS,1443,1459.0,1,4,Finland,domestic league (tier 1)
2017/05/19,Veikkausliiga,0,PS Kemi,1296,1292.0,0 - 1,HJK Helsinki,1632,1636.0,0,1,Finland,domestic league (tier 1)
2017/05/27,Veikkausliiga,0,PS Kemi,1316,1308.0,0 - 1,Vaasan PS,1503,1511.0,0,1,Finland,domestic league (tier 1)
2017/06/03,Veikkausliiga,0,PS Kemi,1332,1328.0,1 - 1,JJK Jyväskylä,1291,1295.0,1,1,Finland,domestic league (tier 1)
2017/06/14,Veikkausliiga,0,PS Kemi,1328,1349.0,3 - 0,IFK Mariehamn,1498,1477.0,3,0,Finland,domestic league (tier 1)
2017/06/21,Veikkausliiga,0,PS Kemi,1368,1367.0,1 - 1,FC Lahti,1444,1445.0,1,1,Finland,domestic league (tier 1)
2017/06/29,Veikkausliiga,0,PS Kemi,1363,1362.0,1 - 1,Rovaniemi PS,1425,1426.0,1,1,Finland,domestic league (tier 1)
2017/07/29,Veikkausliiga,0,PS Kemi,1345,1355.0,2 - 1,Inter Turku,1429,1419.0,2,1,Finland,domestic league (tier 1)
2017/08/09,Veikkausliiga,0,PS Kemi,1362,1362.0,0 - 0,Ilves Tampere,1468,1468.0,0,0,Finland,domestic league (tier 1)
2017/08/19,Veikkausliiga,0,PS Kemi,1352,1331.0,1 - 5,Inter Turku,1411,1432.0,1,5,Finland,domestic league (tier 1)
2017/09/10,Veikkausliiga,0,PS Kemi,1363,1348.0,1 - 2,JJK Jyväskylä,1272,1287.0,1,2,Finland,domestic league (tier 1)
2017/09/24,Veikkausliiga,0,PS Kemi,1343,1343.0,1 - 1,Vaasan PS,1458,1458.0,1,1,Finland,domestic league (tier 1)
2017/10/15,Veikkausliiga,0,PS Kemi,1327,1328.0,3 - 3,SJK Seinäjoki,1463,1462.0,3,3,Finland,domestic league (tier 1)
2017/10/28,Veikkausliiga,0,PS Kemi,1324,1313.0,1 - 3,Kuopion PS,1508,1519.0,1,3,Finland,domestic league (tier 1)
2018/04/15,Veikkausliiga,0,PS Kemi,1296,1283.0,2 - 4,Inter Turku,1438,1451.0,2,4,Finland,domestic league (tier 1)
2018/04/29,Veikkausliiga,0,PS Kemi,1277,1268.0,2 - 3,IFK Mariehamn,1403,1412.0,2,3,Finland,domestic league (tier 1)
2018/05/07,Veikkausliiga,0,PS Kemi,1262,1259.0,1 - 2,HJK Helsinki,1682,1685.0,1,2,Finland,domestic league (tier 1)
2018/05/13,Veikkausliiga,0,PS Kemi,1259,1260.0,2 - 2,TPS Turku,1383,1382.0,2,2,Finland,domestic league (tier 1)
2018/05/22,Veikkausliiga,0,PS Kemi,1257,1247.0,0 - 2,Ilves Tampere,1487,1497.0,0,2,Finland,domestic league (tier 1)
2018/06/02,Veikkausliiga,0,PS Kemi,1265,1269.0,0 - 0,FC Lahti,1503,1499.0,0,0,Finland,domestic league (tier 1)
2018/06/16,Veikkausliiga,0,PS Kemi,1266,1278.0,1 - 0,SJK Seinäjoki,1452,1440.0,1,0,Finland,domestic league (tier 1)
2018/06/21,Veikkausliiga,0,PS Kemi,1278,1271.0,0 - 1,Rovaniemi PS,1481,1488.0,0,1,Finland,domestic league (tier 1)
2018/06/30,Veikkausliiga,0,PS Kemi,1266,1258.0,0 - 1,Vaasan PS,1438,1446.0,0,1,Finland,domestic league (tier 1)
2018/07/14,Veikkausliiga,0,PS Kemi,1253,1257.0,1 - 1,FC Honka,1511,1507.0,1,1,Finland,domestic league (tier 1)
2018/07/29,Veikkausliiga,0,PS Kemi,1253,1268.0,3 - 2,Kuopion PS,1535,1520.0,3,2,Finland,domestic league (tier 1)
2018/08/25,Veikkausliiga,0,PS Kemi,1280,1281.0,0 - 0,SJK Seinäjoki,1429,1428.0,0,0,Finland,domestic league (tier 1)
2018/09/14,Veikkausliiga,0,PS Kemi,1272,1263.0,0 - 2,Rovaniemi PS,1513,1522.0,0,2,Finland,domestic league (tier 1)
2018/09/22,Veikkausliiga,0,PS Kemi,1261,1249.0,0 - 2,Vaasan PS,1431,1443.0,0,2,Finland,domestic league (tier 1)
2018/10/06,Veikkausliiga,0,PS Kemi,1245,1234.0,0 - 2,Inter Turku,1446,1457.0,0,2,Finland,domestic league (tier 1)
2018/10/21,Veikkausliiga,0,PS Kemi,1234,1251.0,2 - 0,IFK Mariehamn,1384,1367.0,2,0,Finland,domestic league (tier 1)
2022/04/18,Ykkönen,0,Pargas IF,978,960.0,0 - 2,SJK Akatemia,1006,1024.0,0,2,Finland,domestic league (tier 2)
2022/04/30,Ykkönen,0,Pargas IF,968,959.0,2 - 3,MP Mikkeli,1104,1113.0,2,3,Finland,domestic league (tier 2)
2022/05/14,Ykkönen,0,Pargas IF,987,980.0,1 - 2,KPV Kokkola,1182,1189.0,1,2,Finland,domestic league (tier 2)
2022/05/29,Ykkönen,0,Pargas IF,977,965.0,0 - 1,JäPS,1006,1018.0,0,1,Finland,domestic league (tier 2)
2022/06/10,Ykkönen,0,Pargas IF,962,957.0,2 - 3,Ekenäs IF,1238,1243.0,2,3,Finland,domestic league (tier 2)
2022/06/22,Ykkönen,0,Pargas IF,950,942.0,0 - 2,FF Jaro,1230,1238.0,0,2,Finland,domestic league (tier 2)
2022/07/02,Ykkönen,0,Pargas IF,942,955.0,3 - 2,PK-35 Vantaa,1162,1149.0,3,2,Finland,domestic league (tier 2)
2022/07/10,Ykkönen,0,Pargas IF,972,967.0,0 - 2,TPS Turku,1348,1353.0,0,2,Finland,domestic league (tier 2)
2022/07/23,Ykkönen,0,Pargas IF,964,977.0,1 - 0,IF Gnistan,1178,1165.0,1,0,Finland,domestic league (tier 2)
2022/08/06,Ykkönen,0,Pargas IF,968,960.0,1 - 4,KTP,1273,1281.0,1,4,Finland,domestic league (tier 2)
2022/08/27,Ykkönen,0,Pargas IF,947,930.0,0 - 2,PEPO Lappeenranta,994,1011.0,0,2,Finland,domestic league (tier 2)
2022/09/18,Ykkönen,0,Pargas IF,924,917.0,3 - 4,MP Mikkeli,1147,1154.0,3,4,Finland,domestic league (tier 2)
2022/10/01,Ykkönen,0,Pargas IF,914,906.0,1 - 2,SJK Akatemia,1084,1092.0,1,2,Finland,domestic league (tier 2)
2016/07/10,Veikkausliiga,0,Rovaniemi PS,1492,1496.0,2 - 1,Inter Turku,1352,1348.0,2,1,Finland,domestic league (tier 1)
2016/07/24,Veikkausliiga,0,Rovaniemi PS,1501,1505.0,1 - 0,Helsingfors IFK,1348,1344.0,1,0,Finland,domestic league (tier 1)
2016/08/07,Veikkausliiga,0,Rovaniemi PS,1506,1516.0,2 - 0,Vaasan PS,1485,1475.0,2,0,Finland,domestic league (tier 1)
2016/08/10,Veikkausliiga,0,Rovaniemi PS,1516,1523.0,5 - 0,PS Kemi,1347,1340.0,5,0,Finland,domestic league (tier 1)
2016/08/27,Veikkausliiga,0,Rovaniemi PS,1495,1505.0,3 - 0,FC Lahti,1429,1419.0,3,0,Finland,domestic league (tier 1)
2016/09/12,Veikkausliiga,0,Rovaniemi PS,1495,1494.0,1 - 1,SJK Seinäjoki,1551,1552.0,1,1,Finland,domestic league (tier 1)
2016/09/16,Veikkausliiga,0,Rovaniemi PS,1494,1497.0,1 - 0,PK-35 Vantaa,1302,1299.0,1,0,Finland,domestic league (tier 1)
2016/09/25,Veikkausliiga,0,Rovaniemi PS,1492,1489.0,1 - 1,IFK Mariehamn,1480,1483.0,1,1,Finland,domestic league (tier 1)
2016/10/14,Veikkausliiga,0,Rovaniemi PS,1481,1487.0,2 - 1,Kuopion PS,1435,1429.0,2,1,Finland,domestic league (tier 1)
2016/10/23,Veikkausliiga,0,Rovaniemi PS,1487,1482.0,0 - 0,Helsingfors IFK,1404,1409.0,0,0,Finland,domestic league (tier 1)
2017/04/17,Veikkausliiga,0,Rovaniemi PS,1434,1417.0,2 - 4,Vaasan PS,1476,1493.0,2,4,Finland,domestic league (tier 1)
2017/04/29,Veikkausliiga,0,Rovaniemi PS,1439,1446.0,3 - 1,PS Kemi,1325,1318.0,3,1,Finland,domestic league (tier 1)
2017/05/12,Veikkausliiga,0,Rovaniemi PS,1437,1444.0,1 - 0,FC Lahti,1441,1434.0,1,0,Finland,domestic league (tier 1)
2017/05/24,Veikkausliiga,0,Rovaniemi PS,1435,1439.0,2 - 1,JJK Jyväskylä,1272,1268.0,2,1,Finland,domestic league (tier 1)
2017/05/27,Veikkausliiga,0,Rovaniemi PS,1439,1427.0,0 - 1,Kuopion PS,1475,1487.0,0,1,Finland,domestic league (tier 1)
2017/06/04,Veikkausliiga,0,Rovaniemi PS,1421,1409.0,1 - 4,HJK Helsinki,1640,1652.0,1,4,Finland,domestic league (tier 1)
2017/06/17,Veikkausliiga,0,Rovaniemi PS,1409,1422.0,2 - 0,Inter Turku,1452,1439.0,2,0,Finland,domestic league (tier 1)
2017/06/26,Veikkausliiga,0,Rovaniemi PS,1417,1425.0,1 - 0,Ilves Tampere,1458,1450.0,1,0,Finland,domestic league (tier 1)
2017/07/08,Veikkausliiga,0,Rovaniemi PS,1426,1421.0,2 - 2,Helsingfors IFK,1341,1346.0,2,2,Finland,domestic league (tier 1)
2017/07/23,Veikkausliiga,0,Rovaniemi PS,1425,1414.0,1 - 2,SJK Seinäjoki,1484,1495.0,1,2,Finland,domestic league (tier 1)
2017/08/10,Veikkausliiga,0,Rovaniemi PS,1402,1417.0,3 - 0,IFK Mariehamn,1454,1439.0,3,0,Finland,domestic league (tier 1)
2017/08/26,Veikkausliiga,0,Rovaniemi PS,1425,1436.0,4 - 2,Inter Turku,1432,1421.0,4,2,Finland,domestic league (tier 1)
2017/09/07,Veikkausliiga,0,Rovaniemi PS,1436,1421.0,0 - 1,PS Kemi,1348,1363.0,0,1,Finland,domestic league (tier 1)
2017/09/16,Veikkausliiga,0,Rovaniemi PS,1415,1395.0,0 - 3,SJK Seinäjoki,1472,1492.0,0,3,Finland,domestic league (tier 1)
2017/09/30,Veikkausliiga,0,Rovaniemi PS,1401,1407.0,2 - 0,JJK Jyväskylä,1276,1270.0,2,0,Finland,domestic league (tier 1)
2017/10/15,Veikkausliiga,0,Rovaniemi PS,1412,1426.0,3 - 0,Vaasan PS,1438,1424.0,3,0,Finland,domestic league (tier 1)
2017/10/20,Veikkausliiga,0,Rovaniemi PS,1426,1406.0,0 - 3,IFK Mariehamn,1467,1487.0,0,3,Finland,domestic league (tier 1)
2018/04/08,Veikkausliiga,0,Rovaniemi PS,1403,1415.0,2 - 0,IFK Mariehamn,1440,1428.0,2,0,Finland,domestic league (tier 1)
2018/04/22,Veikkausliiga,0,Rovaniemi PS,1443,1449.0,3 - 0,PS Kemi,1283,1277.0,3,0,Finland,domestic league (tier 1)
2018/04/25,Veikkausliiga,0,Rovaniemi PS,1449,1461.0,2 - 0,FC Lahti,1485,1473.0,2,0,Finland,domestic league (tier 1)
2018/05/03,Veikkausliiga,0,Rovaniemi PS,1462,1449.0,1 - 2,FC Honka,1466,1479.0,1,2,Finland,domestic league (tier 1)
2018/05/13,Veikkausliiga,0,Rovaniemi PS,1443,1459.0,2 - 0,Kuopion PS,1570,1554.0,2,0,Finland,domestic league (tier 1)
2018/06/01,Veikkausliiga,0,Rovaniemi PS,1465,1458.0,1 - 2,HJK Helsinki,1685,1692.0,1,2,Finland,domestic league (tier 1)
2018/06/12,Veikkausliiga,0,Rovaniemi PS,1458,1464.0,1 - 0,Vaasan PS,1417,1411.0,1,0,Finland,domestic league (tier 1)
2018/06/26,Veikkausliiga,0,Rovaniemi PS,1488,1482.0,0 - 0,TPS Turku,1362,1368.0,0,0,Finland,domestic league (tier 1)
2018/07/04,Veikkausliiga,0,Rovaniemi PS,1486,1497.0,2 - 0,Ilves Tampere,1489,1478.0,2,0,Finland,domestic league (tier 1)
2018/07/21,Veikkausliiga,0,Rovaniemi PS,1488,1494.0,1 - 0,SJK Seinäjoki,1435,1429.0,1,0,Finland,domestic league (tier 1)
2018/07/26,Veikkausliiga,0,Rovaniemi PS,1494,1480.0,0 - 1,Inter Turku,1453,1467.0,0,1,Finland,domestic league (tier 1)
2018/08/12,Veikkausliiga,0,Rovaniemi PS,1487,1491.0,1 - 0,IFK Mariehamn,1360,1356.0,1,0,Finland,domestic league (tier 1)
2018/08/31,Veikkausliiga,0,Rovaniemi PS,1505,1513.0,2 - 1,FC Honka,1520,1512.0,2,1,Finland,domestic league (tier 1)
2018/09/17,Veikkausliiga,0,Rovaniemi PS,1522,1520.0,1 - 1,Kuopion PS,1544,1546.0,1,1,Finland,domestic league (tier 1)
2018/09/30,Veikkausliiga,0,Rovaniemi PS,1513,1498.0,0 - 1,SJK Seinäjoki,1413,1428.0,0,1,Finland,domestic league (tier 1)
2018/10/27,Veikkausliiga,0,Rovaniemi PS,1518,1524.0,1 - 0,Ilves Tampere,1477,1471.0,1,0,Finland,domestic league (tier 1)
2019/04/07,Veikkausliiga,0,Rovaniemi PS,1500,1489.0,1 - 2,FC Honka,1572,1583.0,1,2,Finland,domestic league (tier 1)
2019/04/26,Veikkausliiga,0,Rovaniemi PS,1485,1473.0,0 - 1,Kuopion PS,1509,1521.0,0,1,Finland,domestic league (tier 1)
2019/05/03,Veikkausliiga,0,Rovaniemi PS,1473,1477.0,1 - 0,Helsingfors IFK,1356,1352.0,1,0,Finland,domestic league (tier 1)
2019/05/12,Veikkausliiga,0,Rovaniemi PS,1464,1453.0,0 - 1,Ilves Tampere,1546,1557.0,0,1,Finland,domestic league (tier 1)
2019/05/25,Veikkausliiga,0,Rovaniemi PS,1465,1461.0,1 - 1,SJK Seinäjoki,1416,1420.0,1,1,Finland,domestic league (tier 1)
2019/05/31,Veikkausliiga,0,Rovaniemi PS,1461,1452.0,0 - 1,HJK Helsinki,1602,1611.0,0,1,Finland,domestic league (tier 1)
2019/06/29,Veikkausliiga,0,Rovaniemi PS,1459,1453.0,0 - 0,KPV Kokkola,1334,1340.0,0,0,Finland,domestic league (tier 1)
2019/07/06,Veikkausliiga,0,Rovaniemi PS,1453,1440.0,1 - 2,IFK Mariehamn,1433,1446.0,1,2,Finland,domestic league (tier 1)
2019/07/28,Veikkausliiga,0,Rovaniemi PS,1425,1410.0,0 - 2,Inter Turku,1524,1539.0,0,2,Finland,domestic league (tier 1)
2019/08/11,Veikkausliiga,0,Rovaniemi PS,1417,1423.0,2 - 1,Vaasan PS,1362,1356.0,2,1,Finland,domestic league (tier 1)
2019/08/25,Veikkausliiga,0,Rovaniemi PS,1425,1438.0,3 - 0,FC Lahti,1440,1427.0,3,0,Finland,domestic league (tier 1)
2019/09/28,Veikkausliiga,0,Rovaniemi PS,1413,1419.0,2 - 1,Vaasan PS,1360,1354.0,2,1,Finland,domestic league (tier 1)
2019/10/06,Veikkausliiga,0,Rovaniemi PS,1419,1425.0,1 - 0,SJK Seinäjoki,1357,1351.0,1,0,Finland,domestic league (tier 1)
2020/07/08,Veikkausliiga,0,Rovaniemi PS,1408,1395.0,0 - 1,Helsingfors IFK,1417,1430.0,0,1,Finland,domestic league (tier 1)
2020/07/17,Veikkausliiga,0,Rovaniemi PS,1395,1395.0,2 - 2,Haka Valkeakoski,1497,1497.0,2,2,Finland,domestic league (tier 1)
2020/07/21,Veikkausliiga,0,Rovaniemi PS,1395,1397.0,1 - 1,Ilves Tampere,1553,1551.0,1,1,Finland,domestic league (tier 1)
2020/08/01,Veikkausliiga,0,Rovaniemi PS,1394,1380.0,2 - 3,TPS Turku,1353,1367.0,2,3,Finland,domestic league (tier 1)
2020/08/09,Veikkausliiga,0,Rovaniemi PS,1376,1364.0,2 - 3,IFK Mariehamn,1407,1419.0,2,3,Finland,domestic league (tier 1)
2020/08/18,Veikkausliiga,0,Rovaniemi PS,1355,1346.0,0 - 2,Inter Turku,1594,1603.0,0,2,Finland,domestic league (tier 1)
2020/08/22,Veikkausliiga,0,Rovaniemi PS,1346,1341.0,0 - 1,HJK Helsinki,1660,1665.0,0,1,Finland,domestic league (tier 1)
2020/09/12,Veikkausliiga,0,Rovaniemi PS,1321,1312.0,1 - 3,FC Honka,1575,1584.0,1,3,Finland,domestic league (tier 1)
2020/09/20,Veikkausliiga,0,Rovaniemi PS,1312,1306.0,0 - 2,Kuopion PS,1656,1662.0,0,2,Finland,domestic league (tier 1)
2020/10/15,Veikkausliiga,0,Rovaniemi PS,1326,1309.0,0 - 4,FC Lahti,1455,1472.0,0,4,Finland,domestic league (tier 1)
2020/11/04,Veikkausliiga,0,Rovaniemi PS,1294,1284.0,2 - 3,SJK Seinäjoki,1377,1387.0,2,3,Finland,domestic league (tier 1)
2021/05/09,Ykkönen,0,Rovaniemi PS,1272,1265.0,1 - 1,MP Mikkeli,1101,1108.0,1,1,Finland,domestic league (tier 2)
2021/05/16,Ykkönen,0,Rovaniemi PS,1272,1285.0,2 - 0,PK-35 Vantaa,1316,1303.0,2,0,Finland,domestic league (tier 2)
2021/06/06,Ykkönen,0,Rovaniemi PS,1257,1254.0,0 - 0,Ekenäs IF,1243,1246.0,0,0,Finland,domestic league (tier 2)
2021/06/13,Ykkönen,0,Rovaniemi PS,1254,1243.0,0 - 1,TPS Turku,1336,1347.0,0,1,Finland,domestic league (tier 2)
2021/07/04,Ykkönen,0,Rovaniemi PS,1247,1260.0,3 - 1,FF Jaro,1293,1280.0,3,1,Finland,domestic league (tier 2)
2021/07/17,Ykkönen,0,Rovaniemi PS,1259,1263.0,2 - 0,Jippo,1046,1042.0,2,0,Finland,domestic league (tier 2)
2021/07/28,Ykkönen,0,Rovaniemi PS,1284,1291.0,2 - 0,Musan Salama,1171,1164.0,2,0,Finland,domestic league (tier 2)
2021/08/01,Ykkönen,0,Rovaniemi PS,1291,1296.0,2 - 1,IF Gnistan,1205,1200.0,2,1,Finland,domestic league (tier 2)
2021/08/14,Ykkönen,0,Rovaniemi PS,1287,1291.0,4 - 1,Klubi 04,1046,1042.0,4,1,Finland,domestic league (tier 2)
2021/08/28,Ykkönen,0,Rovaniemi PS,1305,1312.0,3 - 2,Vaasan PS,1302,1295.0,3,2,Finland,domestic league (tier 2)
2021/09/19,Ykkönen,0,Rovaniemi PS,1329,1324.0,3 - 3,KPV Kokkola,1221,1226.0,3,3,Finland,domestic league (tier 2)
2021/09/26,Ykkönen,0,Rovaniemi PS,1324,1308.0,3 - 4,IF Gnistan,1168,1184.0,3,4,Finland,domestic league (tier 2)
2021/10/08,Ykkönen,0,Rovaniemi PS,1297,1282.0,1 - 2,Ekenäs IF,1206,1221.0,1,2,Finland,domestic league (tier 2)
2021/10/23,Ykkönen,0,Rovaniemi PS,1304,1313.0,1 - 0,TPS Turku,1360,1351.0,1,0,Finland,domestic league (tier 2)
2021/11/03,Veikkausliiga rel.,0,Rovaniemi PS,1313,1321.0,2 - 1,AC Oulu,1331,1323.0,2,1,Finland,domestic relegation
2022/05/03,Finland Cup,0,Rovaniemi PS,1310,1284.0,0 - 4,FF Jaro,1272,1298.0,0,4,Finland,domestic cup
2026/05/13,Finland Cup,0,Rovaniemi PS,1264,1255.0,0 - 4,HJK Helsinki,1569,1578.0,0,4,Finland,domestic cup
2020/06/27,Ykkönen,0,SJK Akatemia,1044,1028.0,0 - 3,Ekenäs IF,1166,1182.0,0,3,Finland,domestic league (tier 2)
2020/07/04,Ykkönen,0,SJK Akatemia,1028,1017.0,0 - 3,KTP,1255,1266.0,0,3,Finland,domestic league (tier 2)
2020/07/18,Ykkönen,0,SJK Akatemia,1015,1000.0,0 - 2,Musan Salama,1117,1132.0,0,2,Finland,domestic league (tier 2)
2020/08/02,Ykkönen,0,SJK Akatemia,998,996.0,2 - 2,IF Gnistan,1045,1047.0,2,2,Finland,domestic league (tier 2)
2020/08/10,Ykkönen,0,SJK Akatemia,993,1003.0,1 - 0,MP Mikkeli,1089,1079.0,1,0,Finland,domestic league (tier 2)
2020/08/30,Ykkönen,0,SJK Akatemia,992,975.0,1 - 4,AC Kajaani,1105,1122.0,1,4,Finland,domestic league (tier 2)
2020/09/12,Ykkönen,0,SJK Akatemia,972,978.0,1 - 1,AC Oulu,1328,1322.0,1,1,Finland,domestic league (tier 2)
2020/09/20,Ykkönen,0,SJK Akatemia,974,980.0,1 - 1,Vaasan PS,1309,1303.0,1,1,Finland,domestic league (tier 2)
2020/09/30,Ykkönen,0,SJK Akatemia,975,997.0,2 - 0,KPV Kokkola,1263,1241.0,2,0,Finland,domestic league (tier 2)
2020/10/20,Ykkönen,0,SJK Akatemia,989,985.0,2 - 3,FF Jaro,1311,1315.0,2,3,Finland,domestic league (tier 2)
2020/10/31,Ykkönen,0,SJK Akatemia,1001,1011.0,2 - 0,Myllykosken Pallo -47,988,978.0,2,0,Finland,domestic league (tier 2)
2022/05/11,Ykkönen,0,SJK Akatemia,1053,1073.0,4 - 1,PK-35 Vantaa,1208,1188.0,4,1,Finland,domestic league (tier 2)
2022/05/15,Ykkönen,0,SJK Akatemia,1073,1065.0,0 - 2,TPS Turku,1340,1348.0,0,2,Finland,domestic league (tier 2)
2022/05/25,Finland Cup,0,SJK Akatemia,1092,1089.0,2 - 3,SJK Seinäjoki,1518,1521.0,2,3,Finland,domestic cup
2022/05/29,Ykkönen,0,SJK Akatemia,1089,1107.0,4 - 0,IF Gnistan,1175,1157.0,4,0,Finland,domestic league (tier 2)
2022/06/11,Ykkönen,0,SJK Akatemia,1107,1108.0,1 - 1,KTP,1234,1233.0,1,1,Finland,domestic league (tier 2)
2022/06/23,Ykkönen,0,SJK Akatemia,1100,1094.0,2 - 2,PEPO Lappeenranta,976,982.0,2,2,Finland,domestic league (tier 2)
2022/07/02,Ykkönen,0,SJK Akatemia,1094,1081.0,1 - 3,FF Jaro,1238,1251.0,1,3,Finland,domestic league (tier 2)
2022/07/11,Ykkönen,0,SJK Akatemia,1073,1082.0,2 - 1,MP Mikkeli,1123,1114.0,2,1,Finland,domestic league (tier 2)
2022/07/25,Ykkönen,0,SJK Akatemia,1087,1087.0,1 - 1,KPV Kokkola,1178,1178.0,1,1,Finland,domestic league (tier 2)
2022/08/06,Ykkönen,0,SJK Akatemia,1092,1079.0,3 - 4,JäPS,1076,1089.0,3,4,Finland,domestic league (tier 2)
2022/08/23,Ykkönen,0,SJK Akatemia,1076,1084.0,4 - 0,Pargas IF,955,947.0,4,0,Finland,domestic league (tier 2)
2022/08/27,Ykkönen,0,SJK Akatemia,1084,1068.0,0 - 3,Ekenäs IF,1212,1228.0,0,3,Finland,domestic league (tier 2)
2022/09/10,Ykkönen,0,SJK Akatemia,1059,1070.0,3 - 0,PEPO Lappeenranta,1020,1009.0,3,0,Finland,domestic league (tier 2)
2022/09/18,Ykkönen,0,SJK Akatemia,1070,1069.0,2 - 2,IF Gnistan,1146,1147.0,2,2,Finland,domestic league (tier 2)
2022/10/08,Ykkönen,0,SJK Akatemia,1092,1080.0,3 - 4,PK-35 Vantaa,1134,1146.0,3,4,Finland,domestic league (tier 2)
2023/04/14,Ykkönen,0,SJK Akatemia,1080,1094.0,1 - 0,FF Jaro,1309,1295.0,1,0,Finland,domestic league (tier 2)
2023/04/21,Ykkönen,0,SJK Akatemia,1094,1100.0,2 - 1,SalPa,1033,1027.0,2,1,Finland,domestic league (tier 2)
2023/04/26,Finland Cup,0,SJK Akatemia,1100,1094.0,1 - 5,SJK Seinäjoki,1504,1510.0,1,5,Finland,domestic cup
2023/05/06,Ykkönen,0,SJK Akatemia,1085,1094.0,5 - 3,KäPa,1036,1027.0,5,3,Finland,domestic league (tier 2)
2023/05/21,Ykkönen,0,SJK Akatemia,1090,1102.0,1 - 0,TPS Turku,1273,1261.0,1,0,Finland,domestic league (tier 2)
2023/06/04,Ykkönen,0,SJK Akatemia,1094,1108.0,2 - 0,KPV Kokkola,1164,1150.0,2,0,Finland,domestic league (tier 2)
2023/07/04,Ykkönen,0,SJK Akatemia,1134,1145.0,3 - 1,JJK Jyväskylä,1130,1119.0,3,1,Finland,domestic league (tier 2)
2023/07/23,Ykkönen,0,SJK Akatemia,1154,1134.0,0 - 4,Ekenäs IF,1240,1260.0,0,4,Finland,domestic league (tier 2)
2023/08/05,Ykkönen,0,SJK Akatemia,1128,1143.0,2 - 0,MP Mikkeli,1228,1213.0,2,0,Finland,domestic league (tier 2)
2023/08/19,Ykkönen,0,SJK Akatemia,1145,1152.0,2 - 0,JäPS,1048,1041.0,2,0,Finland,domestic league (tier 2)
2023/08/27,Ykkönen,0,SJK Akatemia,1152,1142.0,0 - 1,IF Gnistan,1253,1263.0,0,1,Finland,domestic league (tier 2)
2023/09/22,Ykkönen,0,SJK Akatemia,1161,1162.0,2 - 2,TPS Turku,1289,1288.0,2,2,Finland,domestic league (tier 2)
2023/10/07,Ykkönen,0,SJK Akatemia,1154,1163.0,3 - 2,Helsingfors IFK,1230,1221.0,3,2,Finland,domestic league (tier 2)
2024/04/13,Ykkönen,0,SJK Akatemia,1180,1185.0,2 - 1,JäPS,1081,1076.0,2,1,Finland,domestic league (tier 2)
2024/04/20,Ykkönen,0,SJK Akatemia,1185,1173.0,0 - 1,FF Jaro,1224,1236.0,0,1,Finland,domestic league (tier 2)
2024/04/29,Ykkönen,0,SJK Akatemia,1164,1145.0,0 - 3,TPS Turku,1225,1244.0,0,3,Finland,domestic league (tier 2)
2024/05/19,Ykkönen,0,SJK Akatemia,1159,1167.0,2 - 0,SalPa,1084,1076.0,2,0,Finland,domestic league (tier 2)
2024/05/28,Ykkönen,0,SJK Akatemia,1167,1162.0,0 - 0,MP Mikkeli,1066,1071.0,0,0,Finland,domestic league (tier 2)
2024/06/20,Ykkönen,0,SJK Akatemia,1167,1152.0,0 - 3,KTP,1311,1326.0,0,3,Finland,domestic league (tier 2)
2024/06/24,Finland Cup,0,SJK Akatemia,1152,1135.0,0 - 3,TPS Turku,1254,1271.0,0,3,Finland,domestic cup
2024/07/06,Ykkönen,0,SJK Akatemia,1131,1117.0,1 - 2,Jippo,1098,1112.0,1,2,Finland,domestic league (tier 2)
2024/07/13,Ykkönen,0,SJK Akatemia,1117,1131.0,3 - 0,PK-35 Vantaa,1140,1126.0,3,0,Finland,domestic league (tier 2)
2024/07/20,Ykkönen,0,SJK Akatemia,1123,1133.0,4 - 0,KäPa,1039,1029.0,4,0,Finland,domestic league (tier 2)
2024/08/13,Ykkönen,0,SJK Akatemia,1143,1149.0,2 - 0,KäPa,1019,1013.0,2,0,Finland,domestic league (tier 2)
2024/08/24,Ykkönen,0,SJK Akatemia,1155,1155.0,1 - 1,TPS Turku,1257,1257.0,1,1,Finland,domestic league (tier 2)
2024/09/14,Ykkönen,0,SJK Akatemia,1157,1146.0,2 - 3,FF Jaro,1218,1229.0,2,3,Finland,domestic league (tier 2)
2024/09/27,Ykkönen,0,SJK Akatemia,1137,1132.0,2 - 2,MP Mikkeli,1033,1038.0,2,2,Finland,domestic league (tier 2)
2024/10/06,Ykkönen,0,SJK Akatemia,1132,1129.0,2 - 2,PK-35 Vantaa,1138,1141.0,2,2,Finland,domestic league (tier 2)
2025/04/22,Ykkönen,0,SJK Akatemia,1119,1110.0,3 - 4,TPS Turku,1252,1261.0,3,4,Finland,domestic league (tier 2)
2025/05/03,Ykkönen,0,SJK Akatemia,1130,1116.0,1 - 2,Klubi 04,1089,1103.0,1,2,Finland,domestic league (tier 2)
2025/05/13,Ykkönen,0,SJK Akatemia,1116,1114.0,1 - 1,PK-35 Vantaa,1150,1152.0,1,1,Finland,domestic league (tier 2)
2025/05/21,Ykkönen,0,SJK Akatemia,1111,1103.0,0 - 1,Ekenäs IF,1281,1289.0,0,1,Finland,domestic league (tier 2)
2025/06/06,Ykkönen,0,SJK Akatemia,1107,1121.0,3 - 1,Jippo,1183,1169.0,3,1,Finland,domestic league (tier 2)
2025/06/18,Ykkönen,0,SJK Akatemia,1118,1125.0,5 - 3,KäPa,1011,1004.0,5,3,Finland,domestic league (tier 2)
2016/07/08,Veikkausliiga,0,SJK Seinäjoki,1546,1549.0,3 - 2,PK-35 Vantaa,1376,1373.0,3,2,Finland,domestic league (tier 1)
2016/07/23,Veikkausliiga,0,SJK Seinäjoki,1551,1559.0,4 - 1,FC Lahti,1440,1432.0,4,1,Finland,domestic league (tier 1)
2016/08/06,Veikkausliiga,0,SJK Seinäjoki,1556,1560.0,1 - 0,Kuopion PS,1437,1433.0,1,0,Finland,domestic league (tier 1)
2016/08/13,Veikkausliiga,0,SJK Seinäjoki,1550,1560.0,3 - 1,Rovaniemi PS,1523,1513.0,3,1,Finland,domestic league (tier 1)
2016/08/20,Veikkausliiga,0,SJK Seinäjoki,1560,1567.0,4 - 0,Ilves Tampere,1402,1395.0,4,0,Finland,domestic league (tier 1)
2016/09/09,Veikkausliiga,0,SJK Seinäjoki,1548,1551.0,1 - 0,Inter Turku,1352,1349.0,1,0,Finland,domestic league (tier 1)
2016/09/17,Veikkausliiga,0,SJK Seinäjoki,1552,1558.0,1 - 0,IFK Mariehamn,1492,1486.0,1,0,Finland,domestic league (tier 1)
2016/09/28,Veikkausliiga,0,SJK Seinäjoki,1569,1574.0,1 - 0,Kuopion PS,1462,1457.0,1,0,Finland,domestic league (tier 1)
2016/10/14,Veikkausliiga,0,SJK Seinäjoki,1583,1577.0,2 - 2,FC Lahti,1462,1468.0,2,2,Finland,domestic league (tier 1)
2016/10/17,Veikkausliiga,0,SJK Seinäjoki,1577,1581.0,5 - 0,PK-35 Vantaa,1271,1267.0,5,0,Finland,domestic league (tier 1)
2017/04/05,Veikkausliiga,0,SJK Seinäjoki,1568,1562.0,1 - 1,FC Lahti,1415,1421.0,1,1,Finland,domestic league (tier 1)
2017/04/15,Veikkausliiga,0,SJK Seinäjoki,1578,1563.0,1 - 2,Ilves Tampere,1466,1481.0,1,2,Finland,domestic league (tier 1)
2017/04/28,Veikkausliiga,0,SJK Seinäjoki,1542,1535.0,3 - 3,Helsingfors IFK,1370,1377.0,3,3,Finland,domestic league (tier 1)
2017/05/12,Veikkausliiga,0,SJK Seinäjoki,1525,1527.0,1 - 0,JJK Jyväskylä,1285,1283.0,1,0,Finland,domestic league (tier 1)
2017/05/19,Veikkausliiga,0,SJK Seinäjoki,1527,1536.0,3 - 0,Rovaniemi PS,1444,1435.0,3,0,Finland,domestic league (tier 1)
2017/05/27,Veikkausliiga,0,SJK Seinäjoki,1537,1533.0,1 - 1,IFK Mariehamn,1475,1479.0,1,1,Finland,domestic league (tier 1)
2017/06/03,Veikkausliiga,0,SJK Seinäjoki,1523,1497.0,0 - 3,Inter Turku,1426,1452.0,0,3,Finland,domestic league (tier 1)
2017/06/17,Veikkausliiga,0,SJK Seinäjoki,1510,1497.0,0 - 1,Vaasan PS,1508,1521.0,0,1,Finland,domestic league (tier 1)
2017/06/26,Veikkausliiga,0,SJK Seinäjoki,1489,1493.0,1 - 0,PS Kemi,1367,1363.0,1,0,Finland,domestic league (tier 1)
2017/07/31,Veikkausliiga,0,SJK Seinäjoki,1495,1502.0,1 - 0,Kuopion PS,1476,1469.0,1,0,Finland,domestic league (tier 1)
2017/08/10,Veikkausliiga,0,SJK Seinäjoki,1504,1485.0,0 - 6,HJK Helsinki,1637,1656.0,0,6,Finland,domestic league (tier 1)
2017/08/19,Veikkausliiga,0,SJK Seinäjoki,1496,1504.0,1 - 0,FC Lahti,1515,1507.0,1,0,Finland,domestic league (tier 1)
2017/08/26,Veikkausliiga,0,SJK Seinäjoki,1504,1471.0,0 - 4,JJK Jyväskylä,1249,1282.0,0,4,Finland,domestic league (tier 1)
2017/09/11,Veikkausliiga,0,SJK Seinäjoki,1464,1472.0,2 - 1,Vaasan PS,1485,1477.0,2,1,Finland,domestic league (tier 1)
2017/09/27,Veikkausliiga,0,SJK Seinäjoki,1484,1481.0,0 - 0,Ilves Tampere,1473,1476.0,0,0,Finland,domestic league (tier 1)
2017/10/12,Veikkausliiga,0,SJK Seinäjoki,1473,1463.0,0 - 2,HJK Helsinki,1693,1703.0,0,2,Finland,domestic league (tier 1)
2017/10/28,Veikkausliiga,0,SJK Seinäjoki,1462,1474.0,5 - 0,Inter Turku,1406,1394.0,5,0,Finland,domestic league (tier 1)
2018/04/07,Veikkausliiga,0,SJK Seinäjoki,1476,1459.0,0 - 1,PS Kemi,1279,1296.0,0,1,Finland,domestic league (tier 1)
2018/04/18,Veikkausliiga,0,SJK Seinäjoki,1476,1470.0,0 - 1,HJK Helsinki,1709,1715.0,0,1,Finland,domestic league (tier 1)
2018/04/21,Veikkausliiga,0,SJK Seinäjoki,1470,1481.0,2 - 0,FC Honka,1481,1470.0,2,0,Finland,domestic league (tier 1)
2018/05/03,Veikkausliiga,0,SJK Seinäjoki,1484,1467.0,1 - 3,Kuopion PS,1545,1562.0,1,3,Finland,domestic league (tier 1)
2018/05/18,Veikkausliiga,0,SJK Seinäjoki,1461,1448.0,0 - 1,Inter Turku,1443,1456.0,0,1,Finland,domestic league (tier 1)
2018/05/26,Veikkausliiga,0,SJK Seinäjoki,1448,1445.0,1 - 1,IFK Mariehamn,1422,1425.0,1,1,Finland,domestic league (tier 1)
2018/06/12,Veikkausliiga,0,SJK Seinäjoki,1442,1452.0,4 - 0,TPS Turku,1372,1362.0,4,0,Finland,domestic league (tier 1)
2018/06/26,Veikkausliiga,0,SJK Seinäjoki,1432,1421.0,2 - 3,Ilves Tampere,1482,1493.0,2,3,Finland,domestic league (tier 1)
2018/07/04,Veikkausliiga,0,SJK Seinäjoki,1427,1437.0,1 - 0,FC Lahti,1520,1510.0,1,0,Finland,domestic league (tier 1)
2018/07/09,Veikkausliiga,0,SJK Seinäjoki,1437,1446.0,2 - 1,Rovaniemi PS,1497,1488.0,2,1,Finland,domestic league (tier 1)
2018/08/03,Veikkausliiga,0,SJK Seinäjoki,1420,1419.0,0 - 0,Vaasan PS,1481,1482.0,0,0,Finland,domestic league (tier 1)
2018/08/20,Veikkausliiga,0,SJK Seinäjoki,1441,1429.0,2 - 3,Ilves Tampere,1480,1492.0,2,3,Finland,domestic league (tier 1)
2018/09/01,Veikkausliiga,0,SJK Seinäjoki,1428,1418.0,1 - 2,Kuopion PS,1529,1539.0,1,2,Finland,domestic league (tier 1)
2018/09/13,Veikkausliiga,0,SJK Seinäjoki,1418,1424.0,1 - 0,TPS Turku,1364,1358.0,1,0,Finland,domestic league (tier 1)
2018/09/21,Veikkausliiga,0,SJK Seinäjoki,1415,1413.0,0 - 0,FC Lahti,1435,1437.0,0,0,Finland,domestic league (tier 1)
2018/10/06,Veikkausliiga,0,SJK Seinäjoki,1428,1418.0,0 - 1,FC Honka,1531,1541.0,0,1,Finland,domestic league (tier 1)
2018/10/27,Veikkausliiga,0,SJK Seinäjoki,1416,1414.0,2 - 2,Inter Turku,1441,1443.0,2,2,Finland,domestic league (tier 1)
2019/04/06,Veikkausliiga,0,SJK Seinäjoki,1393,1399.0,1 - 0,Helsingfors IFK,1343,1337.0,1,0,Finland,domestic league (tier 1)
2019/04/18,Veikkausliiga,0,SJK Seinäjoki,1413,1417.0,0 - 0,HJK Helsinki,1675,1671.0,0,0,Finland,domestic league (tier 1)
2019/04/22,Veikkausliiga,0,SJK Seinäjoki,1417,1407.0,0 - 1,Ilves Tampere,1529,1539.0,0,1,Finland,domestic league (tier 1)
2019/04/30,Veikkausliiga,0,SJK Seinäjoki,1410,1416.0,1 - 0,KPV Kokkola,1359,1353.0,1,0,Finland,domestic league (tier 1)
2019/05/18,Veikkausliiga,0,SJK Seinäjoki,1425,1416.0,1 - 2,FC Honka,1558,1567.0,1,2,Finland,domestic league (tier 1)
2019/07/01,Veikkausliiga,0,SJK Seinäjoki,1426,1435.0,2 - 1,Inter Turku,1491,1482.0,2,1,Finland,domestic league (tier 1)
2019/07/13,Veikkausliiga,0,SJK Seinäjoki,1428,1434.0,1 - 0,Vaasan PS,1370,1364.0,1,0,Finland,domestic league (tier 1)
2019/07/26,Veikkausliiga,0,SJK Seinäjoki,1444,1424.0,0 - 2,FC Lahti,1411,1431.0,0,2,Finland,domestic league (tier 1)
2019/08/15,Veikkausliiga,0,SJK Seinäjoki,1430,1411.0,0 - 2,IFK Mariehamn,1424,1443.0,0,2,Finland,domestic league (tier 1)
2019/08/19,Veikkausliiga,0,SJK Seinäjoki,1411,1409.0,0 - 0,Rovaniemi PS,1423,1425.0,0,0,Finland,domestic league (tier 1)
2019/08/31,Veikkausliiga,0,SJK Seinäjoki,1402,1390.0,1 - 3,Kuopion PS,1579,1591.0,1,3,Finland,domestic league (tier 1)
2019/09/13,Veikkausliiga,0,SJK Seinäjoki,1390,1387.0,1 - 1,Vaasan PS,1368,1371.0,1,1,Finland,domestic league (tier 1)
2019/09/27,Veikkausliiga,0,SJK Seinäjoki,1377,1357.0,0 - 2,KPV Kokkola,1346,1366.0,0,2,Finland,domestic league (tier 1)
2019/10/19,Veikkausliiga,0,SJK Seinäjoki,1351,1350.0,0 - 0,FC Lahti,1411,1412.0,0,0,Finland,domestic league (tier 1)
2020/07/01,Veikkausliiga,0,SJK Seinäjoki,1319,1328.0,1 - 0,TPS Turku,1401,1392.0,1,0,Finland,domestic league (tier 1)
2020/07/17,Veikkausliiga,0,SJK Seinäjoki,1333,1322.0,1 - 2,IFK Mariehamn,1401,1412.0,1,2,Finland,domestic league (tier 1)
2020/08/01,Veikkausliiga,0,SJK Seinäjoki,1316,1318.0,1 - 1,Haka Valkeakoski,1482,1480.0,1,1,Finland,domestic league (tier 1)
2020/08/05,Veikkausliiga,0,SJK Seinäjoki,1318,1324.0,1 - 1,Kuopion PS,1660,1654.0,1,1,Finland,domestic league (tier 1)
2020/08/21,Veikkausliiga,0,SJK Seinäjoki,1339,1330.0,0 - 2,FC Honka,1580,1589.0,0,2,Finland,domestic league (tier 1)
2020/08/29,Veikkausliiga,0,SJK Seinäjoki,1328,1335.0,2 - 1,Rovaniemi PS,1331,1324.0,2,1,Finland,domestic league (tier 1)
2020/09/09,Veikkausliiga,0,SJK Seinäjoki,1335,1349.0,3 - 2,Inter Turku,1582,1568.0,3,2,Finland,domestic league (tier 1)
2020/09/23,Veikkausliiga,0,SJK Seinäjoki,1392,1381.0,0 - 1,FC Lahti,1444,1455.0,0,1,Finland,domestic league (tier 1)
2020/09/28,Veikkausliiga,0,SJK Seinäjoki,1381,1390.0,3 - 2,Helsingfors IFK,1463,1454.0,3,2,Finland,domestic league (tier 1)
2020/10/15,Veikkausliiga,0,SJK Seinäjoki,1390,1385.0,1 - 2,HJK Helsinki,1679,1684.0,1,2,Finland,domestic league (tier 1)
2020/10/22,Veikkausliiga,0,SJK Seinäjoki,1398,1385.0,1 - 3,Ilves Tampere,1547,1560.0,1,3,Finland,domestic league (tier 1)
2021/05/03,Veikkausliiga,0,SJK Seinäjoki,1416,1411.0,1 - 1,KTP,1309,1314.0,1,1,Finland,domestic league (tier 1)
2021/05/07,Veikkausliiga,0,SJK Seinäjoki,1411,1409.0,1 - 1,Helsingfors IFK,1457,1459.0,1,1,Finland,domestic league (tier 1)
2021/05/22,Veikkausliiga,0,SJK Seinäjoki,1425,1418.0,0 - 2,HJK Helsinki,1733,1740.0,0,2,Finland,domestic league (tier 1)
2021/06/10,Veikkausliiga,0,SJK Seinäjoki,1433,1425.0,0 - 1,Kuopion PS,1620,1628.0,0,1,Finland,domestic league (tier 1)
2021/06/14,Veikkausliiga,0,SJK Seinäjoki,1425,1435.0,1 - 0,Ilves Tampere,1523,1513.0,1,0,Finland,domestic league (tier 1)
2021/06/30,Veikkausliiga,0,SJK Seinäjoki,1441,1449.0,3 - 0,IFK Mariehamn,1343,1335.0,3,0,Finland,domestic league (tier 1)
2021/07/24,Veikkausliiga,0,SJK Seinäjoki,1458,1462.0,3 - 2,AC Oulu,1311,1307.0,3,2,Finland,domestic league (tier 1)
2021/08/16,Veikkausliiga,0,SJK Seinäjoki,1470,1479.0,3 - 2,FC Honka,1522,1513.0,3,2,Finland,domestic league (tier 1)
2021/08/27,Veikkausliiga,0,SJK Seinäjoki,1479,1490.0,4 - 0,Haka Valkeakoski,1423,1412.0,4,0,Finland,domestic league (tier 1)
2021/09/18,Veikkausliiga,0,SJK Seinäjoki,1485,1485.0,2 - 2,Inter Turku,1569,1569.0,2,2,Finland,domestic league (tier 1)
2021/09/26,Veikkausliiga,0,SJK Seinäjoki,1466,1480.0,4 - 1,FC Lahti,1493,1479.0,4,1,Finland,domestic league (tier 1)
2021/10/22,Veikkausliiga,0,SJK Seinäjoki,1499,1510.0,4 - 2,Ilves Tampere,1493,1482.0,4,2,Finland,domestic league (tier 1)
2021/10/27,Veikkausliiga,0,SJK Seinäjoki,1510,1512.0,2 - 2,Kuopion PS,1696,1694.0,2,2,Finland,domestic league (tier 1)
2022/01/29,Finland League Cup,0,SJK Seinäjoki,1538,1533.0,2 - 2,AC Oulu,1334,1339.0,2,2,Finland,domestic cup
2022/02/23,Finland League Cup,0,SJK Seinäjoki,1551,1555.0,4 - 1,Vaasan PS,1349,1345.0,4,1,Finland,domestic cup
2022/03/05,Finland League Cup,0,SJK Seinäjoki,1555,1559.0,1 - 0,Helsingfors IFK,1462,1458.0,1,0,Finland,domestic cup
2022/03/14,Finland League Cup,0,SJK Seinäjoki,1559,1556.0,0 - 0,FC Honka,1508,1511.0,0,0,Finland,domestic cup
2022/04/02,Veikkausliiga,0,SJK Seinäjoki,1556,1561.0,2 - 1,Helsingfors IFK,1458,1453.0,2,1,Finland,domestic league (tier 1)
2022/04/08,Veikkausliiga,0,SJK Seinäjoki,1561,1551.0,0 - 1,HJK Helsinki,1646,1656.0,0,1,Finland,domestic league (tier 1)
2022/05/07,Veikkausliiga,0,SJK Seinäjoki,1517,1502.0,1 - 2,FC Lahti,1441,1456.0,1,2,Finland,domestic league (tier 1)
2022/05/21,Veikkausliiga,0,SJK Seinäjoki,1514,1518.0,1 - 0,IFK Mariehamn,1388,1384.0,1,0,Finland,domestic league (tier 1)
2022/06/13,Finland Cup,0,SJK Seinäjoki,1510,1508.0,1 - 1,Inter Turku,1551,1553.0,1,1,Finland,domestic cup
2022/06/18,Veikkausliiga,0,SJK Seinäjoki,1508,1506.0,1 - 1,Inter Turku,1553,1555.0,1,1,Finland,domestic league (tier 1)
2022/06/22,Veikkausliiga,0,SJK Seinäjoki,1506,1502.0,2 - 2,Haka Valkeakoski,1470,1474.0,2,2,Finland,domestic league (tier 1)
2022/07/10,Veikkausliiga,0,SJK Seinäjoki,1496,1505.0,3 - 2,FC Honka,1569,1560.0,3,2,Finland,domestic league (tier 1)
2022/07/17,Veikkausliiga,0,SJK Seinäjoki,1512,1508.0,3 - 3,Ilves Tampere,1472,1476.0,3,3,Finland,domestic league (tier 1)
2022/07/31,Veikkausliiga,0,SJK Seinäjoki,1516,1521.0,3 - 2,AC Oulu,1416,1411.0,3,2,Finland,domestic league (tier 1)
2022/08/20,Veikkausliiga,0,SJK Seinäjoki,1527,1538.0,2 - 1,Kuopion PS,1666,1655.0,2,1,Finland,domestic league (tier 1)
2022/09/03,Veikkausliiga,0,SJK Seinäjoki,1534,1541.0,2 - 0,Vaasan PS,1414,1407.0,2,0,Finland,domestic league (tier 1)
2022/09/28,Veikkausliiga,0,SJK Seinäjoki,1520,1537.0,3 - 1,Kuopion PS,1675,1658.0,3,1,Finland,domestic league (tier 1)
2022/10/10,Veikkausliiga,0,SJK Seinäjoki,1526,1525.0,0 - 0,FC Honka,1601,1602.0,0,0,Finland,domestic league (tier 1)
2022/10/19,Veikkausliiga,0,SJK Seinäjoki,1517,1502.0,0 - 1,AC Oulu,1447,1462.0,0,1,Finland,domestic league (tier 1)
2023/01/28,Finland League Cup,0,SJK Seinäjoki,1502,1496.0,0 - 1,Kuopion PS,1677,1683.0,0,1,Finland,domestic cup
2023/02/04,Finland League Cup,0,SJK Seinäjoki,1496,1501.0,3 - 2,Vaasan PS,1491,1486.0,3,2,Finland,domestic cup
2023/02/18,Finland League Cup,0,SJK Seinäjoki,1496,1486.0,1 - 2,AC Oulu,1459,1469.0,1,2,Finland,domestic cup
2023/04/05,Veikkausliiga,0,SJK Seinäjoki,1496,1505.0,2 - 1,Haka Valkeakoski,1544,1535.0,2,1,Finland,domestic league (tier 1)
2023/04/22,Veikkausliiga,0,SJK Seinäjoki,1509,1504.0,0 - 0,FC Lahti,1404,1409.0,0,0,Finland,domestic league (tier 1)
2023/05/05,Veikkausliiga,0,SJK Seinäjoki,1532,1538.0,2 - 1,Inter Turku,1500,1494.0,2,1,Finland,domestic league (tier 1)
2023/05/13,Veikkausliiga,0,SJK Seinäjoki,1538,1544.0,1 - 0,Ilves Tampere,1480,1474.0,1,0,Finland,domestic league (tier 1)
2023/05/17,Finland Cup,0,SJK Seinäjoki,1544,1519.0,1 - 4,AC Oulu,1482,1507.0,1,4,Finland,domestic cup
2023/05/26,Veikkausliiga,0,SJK Seinäjoki,1530,1541.0,1 - 0,Kuopion PS,1666,1655.0,1,0,Finland,domestic league (tier 1)
2023/06/08,Veikkausliiga,0,SJK Seinäjoki,1547,1552.0,2 - 1,Vaasan PS,1449,1444.0,2,1,Finland,domestic league (tier 1)
2023/07/08,Veikkausliiga,0,SJK Seinäjoki,1540,1548.0,1 - 0,FC Honka,1559,1551.0,1,0,Finland,domestic league (tier 1)
2023/07/29,Veikkausliiga,0,SJK Seinäjoki,1557,1547.0,1 - 2,HJK Helsinki,1666,1676.0,1,2,Finland,domestic league (tier 1)
2023/08/15,Veikkausliiga,0,SJK Seinäjoki,1539,1522.0,2 - 3,KTP,1320,1337.0,2,3,Finland,domestic league (tier 1)
2023/08/26,Veikkausliiga,0,SJK Seinäjoki,1514,1518.0,3 - 2,IFK Mariehamn,1382,1378.0,3,2,Finland,domestic league (tier 1)
2023/09/16,Veikkausliiga,0,SJK Seinäjoki,1510,1499.0,1 - 2,FC Honka,1573,1584.0,1,2,Finland,domestic league (tier 1)
2023/09/24,Veikkausliiga,0,SJK Seinäjoki,1499,1492.0,2 - 3,HJK Helsinki,1688,1695.0,2,3,Finland,domestic league (tier 1)
2023/10/21,Veikkausliiga,0,SJK Seinäjoki,1511,1496.0,0 - 2,Vaasan PS,1609,1624.0,0,2,Finland,domestic league (tier 1)
2024/02/03,Finland League Cup,0,SJK Seinäjoki,1493,1478.0,0 - 2,AC Oulu,1461,1476.0,0,2,Finland,domestic cup
2024/02/17,Finland League Cup,0,SJK Seinäjoki,1488,1478.0,1 - 3,Kuopion PS,1636,1646.0,1,3,Finland,domestic cup
2024/02/24,Finland League Cup,0,SJK Seinäjoki,1478,1488.0,3 - 1,Ilves Tampere,1546,1536.0,3,1,Finland,domestic cup
2024/04/06,Veikkausliiga,0,SJK Seinäjoki,1488,1495.0,2 - 1,AC Oulu,1468,1461.0,2,1,Finland,domestic league (tier 1)
2024/04/19,Veikkausliiga,0,SJK Seinäjoki,1500,1507.0,1 - 0,Ilves Tampere,1494,1487.0,1,0,Finland,domestic league (tier 1)
2024/04/24,Veikkausliiga,0,SJK Seinäjoki,1507,1508.0,3 - 3,HJK Helsinki,1639,1638.0,3,3,Finland,domestic league (tier 1)
2024/05/04,Veikkausliiga,0,SJK Seinäjoki,1516,1517.0,1 - 1,Kuopion PS,1664,1663.0,1,1,Finland,domestic league (tier 1)
2024/05/17,Veikkausliiga,0,SJK Seinäjoki,1506,1515.0,3 - 1,Inter Turku,1457,1448.0,3,1,Finland,domestic league (tier 1)
2024/05/31,Veikkausliiga,0,SJK Seinäjoki,1533,1509.0,0 - 2,IFK Mariehamn,1392,1416.0,0,2,Finland,domestic league (tier 1)
2024/06/12,Veikkausliiga,0,SJK Seinäjoki,1501,1506.0,3 - 1,Ekenäs IF,1303,1298.0,3,1,Finland,domestic league (tier 1)
2024/06/25,Finland Cup,0,SJK Seinäjoki,1530,1547.0,5 - 1,Vaasan PS,1599,1582.0,5,1,Finland,domestic cup
2024/06/29,Veikkausliiga,0,SJK Seinäjoki,1547,1553.0,2 - 1,Haka Valkeakoski,1518,1512.0,2,1,Finland,domestic league (tier 1)
2024/07/03,Finland Cup,0,SJK Seinäjoki,1553,1561.0,2 - 0,AC Oulu,1464,1456.0,2,0,Finland,domestic cup
2024/07/27,Veikkausliiga,0,SJK Seinäjoki,1585,1577.0,5 - 5,FC Lahti,1323,1331.0,5,5,Finland,domestic league (tier 1)
2024/08/12,Veikkausliiga,0,SJK Seinäjoki,1572,1580.0,3 - 1,Vaasan PS,1505,1497.0,3,1,Finland,domestic league (tier 1)
2024/08/22,Finland Cup,0,SJK Seinäjoki,1564,1564.0,2 - 2,Kuopion PS,1665,1665.0,2,2,Finland,domestic cup
2024/08/26,Veikkausliiga,0,SJK Seinäjoki,1564,1547.0,0 - 1,IF Gnistan,1380,1397.0,0,1,Finland,domestic league (tier 1)
2025/02/15,Finland League Cup,0,SJK Seinäjoki,1549,1538.0,1 - 3,Kuopion PS,1647,1658.0,1,3,Finland,domestic cup
2025/02/22,Finland League Cup,0,SJK Seinäjoki,1538,1527.0,0 - 1,Vaasan PS,1487,1498.0,0,1,Finland,domestic cup
2025/02/26,Finland League Cup,0,SJK Seinäjoki,1527,1523.0,1 - 1,AC Oulu,1411,1415.0,1,1,Finland,domestic cup
2025/04/11,Veikkausliiga,0,SJK Seinäjoki,1530,1539.0,1 - 0,HJK Helsinki,1610,1601.0,1,0,Finland,domestic league (tier 1)
2025/04/23,Veikkausliiga,0,SJK Seinäjoki,1546,1552.0,3 - 1,AC Oulu,1403,1397.0,3,1,Finland,domestic league (tier 1)
2025/04/28,Veikkausliiga,0,SJK Seinäjoki,1552,1548.0,2 - 2,Haka Valkeakoski,1485,1489.0,2,2,Finland,domestic league (tier 1)
2025/05/12,Veikkausliiga,0,SJK Seinäjoki,1544,1530.0,2 - 3,Vaasan PS,1487,1501.0,2,3,Finland,domestic league (tier 1)
2025/05/25,Veikkausliiga,0,SJK Seinäjoki,1522,1511.0,0 - 1,Inter Turku,1603,1614.0,0,1,Finland,domestic league (tier 1)
2025/05/28,Finland Cup,0,SJK Seinäjoki,1511,1514.0,3 - 2,Atlantis FC,1286,1283.0,3,2,Finland,domestic cup
2025/06/11,Finland Cup,0,SJK Seinäjoki,1513,1516.0,7 - 0,KPV Kokkola,1176,1173.0,7,0,Finland,domestic cup
2025/06/14,Veikkausliiga,0,SJK Seinäjoki,1516,1520.0,3 - 1,FF Jaro,1278,1274.0,3,1,Finland,domestic league (tier 1)
2025/06/28,Veikkausliiga,0,SJK Seinäjoki,1517,1522.0,4 - 1,IFK Mariehamn,1322,1317.0,4,1,Finland,domestic league (tier 1)
2025/07/05,Veikkausliiga,0,SJK Seinäjoki,1522,1521.0,1 - 1,Ilves Tampere,1596,1597.0,1,1,Finland,domestic league (tier 1)
2025/07/20,Veikkausliiga,0,SJK Seinäjoki,1505,1514.0,3 - 1,IF Gnistan,1451,1442.0,3,1,Finland,domestic league (tier 1)
2025/08/03,Veikkausliiga,0,SJK Seinäjoki,1505,1510.0,3 - 0,KTP,1301,1296.0,3,0,Finland,domestic league (tier 1)
2025/08/31,Veikkausliiga,0,SJK Seinäjoki,1545,1545.0,1 - 1,Kuopion PS,1641,1641.0,1,1,Finland,domestic league (tier 1)
2025/09/13,Veikkausliiga,0,SJK Seinäjoki,1545,1545.0,3 - 3,HJK Helsinki,1630,1630.0,3,3,Finland,domestic league (tier 1)
2025/09/27,Veikkausliiga,0,SJK Seinäjoki,1540,1550.0,2 - 1,Inter Turku,1640,1630.0,2,1,Finland,domestic league (tier 1)
2025/10/04,Veikkausliiga,0,SJK Seinäjoki,1550,1560.0,2 - 1,Ilves Tampere,1645,1635.0,2,1,Finland,domestic league (tier 1)
2025/10/27,Veikkausliiga,0,SJK Seinäjoki,1583,1572.0,0 - 1,Kuopion PS,1658,1669.0,0,1,Finland,domestic league (tier 1)
2025/11/09,Veikkausliiga,0,SJK Seinäjoki,1580,1586.0,3 - 0,IF Gnistan,1416,1410.0,3,0,Finland,domestic league (tier 1)
2026/01/24,Finland League Cup,0,SJK Seinäjoki,1586,1573.0,1 - 2,FF Jaro,1343,1356.0,1,2,Finland,domestic cup
2026/02/07,Finland League Cup,0,SJK Seinäjoki,1557,1572.0,3 - 0,Kuopion PS,1701,1686.0,3,0,Finland,domestic cup
2026/02/21,Finland League Cup,0,SJK Seinäjoki,1566,1539.0,0 - 6,Vaasan PS,1385,1412.0,0,6,Finland,domestic cup
2026/04/10,Veikkausliiga,0,SJK Seinäjoki,1527,1533.0,3 - 0,IFK Mariehamn,1366,1360.0,3,0,Finland,domestic league (tier 1)
2026/04/24,Veikkausliiga,0,SJK Seinäjoki,1513,1507.0,1 - 1,FF Jaro,1372,1378.0,1,1,Finland,domestic league (tier 1)
2026/05/02,Veikkausliiga,0,SJK Seinäjoki,1507,1507.0,1 - 1,Ilves Tampere,1592,1592.0,1,1,Finland,domestic league (tier 1)
2026/05/12,Finland Cup,0,SJK Seinäjoki,1512,1513.0,3 - 0,PEPO Lappeenranta,1052,1051.0,3,0,Finland,domestic cup
2026/05/16,Veikkausliiga,0,SJK Seinäjoki,1513,1499.0,1 - 3,Inter Turku,1626,1640.0,1,3,Finland,domestic league (tier 1)
2026/05/23,Veikkausliiga,0,SJK Seinäjoki,1499,1486.0,0 - 1,AC Oulu,1482,1495.0,0,1,Finland,domestic league (tier 1)
2026/06/10,Finland Cup,0,SJK Seinäjoki,1482,1474.0,1 - 2,Inter Turku,1662,1670.0,1,2,Finland,domestic cup
2026/06/17,Veikkausliiga,0,SJK Seinäjoki,1485,1471.0,1 - 2,Vaasan PS,1455,1469.0,1,2,Finland,domestic league (tier 1)
2026/07/04,Veikkausliiga,0,SJK Seinäjoki,1483,1489.0,3 - 1,TPS Turku,1343,1337.0,3,1,Finland,domestic league (tier 1)
2026/07/18,Veikkausliiga,0,SJK Seinäjoki,1482,1470.0,0 - 2,Kuopion PS,1646,1658.0,0,2,Finland,domestic league (tier 1)
2026/08/03,Veikkausliiga,0,SJK Seinäjoki,1460,1480.0,3 - 0,HJK Helsinki,1604,1584.0,3,0,Finland,domestic league (tier 1)
2026/08/07,Veikkausliiga,0,SJK Seinäjoki,1480,1477.0,2 - 2,IF Gnistan,1464,1467.0,2,2,Finland,domestic league (tier 1)
2026/08/21,Veikkausliiga,0,SJK Seinäjoki,1457,1444.0,1 - 2,FC Lahti,1444,1457.0,1,2,Finland,domestic league (tier 1)
2025/07/08,Ykkönen,0,SJK Seinäjoki II,1113,1103.0,0 - 3,FC Lahti,1380,1390.0,0,3,Finland,domestic league (tier 2)
2025/07/19,Ykkönen,0,SJK Seinäjoki II,1098,1111.0,4 - 1,JäPS,1116,1103.0,4,1,Finland,domestic league (tier 2)
2025/07/28,Ykkönen,0,SJK Seinäjoki II,1111,1119.0,3 - 0,SalPa,998,990.0,3,0,Finland,domestic league (tier 2)
2025/08/30,Ykkönen,0,SJK Seinäjoki II,1122,1126.0,2 - 1,SalPa,964,960.0,2,1,Finland,domestic league (tier 2)
2025/09/14,Ykkönen,0,SJK Seinäjoki II,1126,1126.0,1 - 1,Jippo,1210,1210.0,1,1,Finland,domestic league (tier 2)
2025/09/28,Ykkönen,0,SJK Seinäjoki II,1136,1134.0,1 - 1,JäPS,1154,1156.0,1,1,Finland,domestic league (tier 2)
2025/10/18,Ykkönen,0,SJK Seinäjoki II,1130,1119.0,1 - 2,PK-35 Vantaa,1187,1198.0,1,2,Finland,domestic league (tier 2)
2026/04/06,Ykkönen,0,SJK Seinäjoki II,1119,1124.0,1 - 0,MP Mikkeli,1021,1016.0,1,0,Finland,domestic league (tier 2)
2026/04/19,Ykkönen,0,SJK Seinäjoki II,1125,1115.0,0 - 1,PK-35 Vantaa,1211,1221.0,0,1,Finland,domestic league (tier 2)
2026/05/09,Ykkönen,0,SJK Seinäjoki II,1113,1096.0,0 - 2,JäPS,1176,1193.0,0,2,Finland,domestic league (tier 2)
2026/05/13,Finland Cup,0,SJK Seinäjoki II,1096,1110.0,2 - 0,KPV Kokkola,1173,1159.0,2,0,Finland,domestic cup
2026/05/22,Ykkönen,0,SJK Seinäjoki II,1101,1095.0,0 - 1,Haka Valkeakoski,1328,1334.0,0,1,Finland,domestic league (tier 2)
2026/05/26,Finland Cup,0,SJK Seinäjoki II,1095,1089.0,0 - 5,SJK Seinäjoki,1486,1492.0,0,5,Finland,domestic cup
2026/06/09,Ykkönen,0,SJK Seinäjoki II,1086,1087.0,0 - 0,Jippo,1218,1217.0,0,0,Finland,domestic league (tier 2)
2026/06/15,Ykkönen,0,SJK Seinäjoki II,1087,1078.0,0 - 2,Haka Valkeakoski,1333,1342.0,0,2,Finland,domestic league (tier 2)
2026/07/11,Ykkönen,0,SJK Seinäjoki II,1063,1060.0,1 - 1,MP Mikkeli,1070,1073.0,1,1,Finland,domestic league (tier 2)
2026/07/25,Ykkönen,0,SJK Seinäjoki II,1063,1063.0,0 - 0,Ekenäs IF,1152,1152.0,0,0,Finland,domestic league (tier 2)
2026/08/08,Ykkönen,0,SJK Seinäjoki II,1060,1047.0,0 - 3,PK-35 Vantaa,1258,1271.0,0,3,Finland,domestic league (tier 2)
2026/08/30,Ykkönen,0,SJK Seinäjoki II,1061,1039.0,2 - 6,Klubi 04,1105,1127.0,2,6,Finland,domestic league (tier 2)
2026/09/06,Ykkönen,0,SJK Seinäjoki II,1039,,Info,JäPS,1139,,,,Finland,domestic league (tier 2)
2023/04/15,Ykkönen,0,SalPa,1025,1033.0,2 - 1,JäPS,1064,1056.0,2,1,Finland,domestic league (tier 2)
2023/04/29,Ykkönen,0,SalPa,1031,1034.0,1 - 1,Helsingfors IFK,1223,1220.0,1,1,Finland,domestic league (tier 2)
2023/05/06,Ykkönen,0,SalPa,1034,1053.0,3 - 0,JJK Jyväskylä,1158,1139.0,3,0,Finland,domestic league (tier 2)
2023/05/20,Ykkönen,0,SalPa,1065,1057.0,1 - 2,Ekenäs IF,1245,1253.0,1,2,Finland,domestic league (tier 2)
2023/06/04,Ykkönen,0,SalPa,1054,1045.0,1 - 2,MP Mikkeli,1188,1197.0,1,2,Finland,domestic league (tier 2)
2023/07/05,Finland Cup,0,SalPa,1044,1041.0,1 - 3,FC Honka,1556,1559.0,1,3,Finland,domestic cup
2023/07/08,Ykkönen,0,SalPa,1041,1031.0,1 - 2,SJK Akatemia,1145,1155.0,1,2,Finland,domestic league (tier 2)
2023/07/21,Ykkönen,0,SalPa,1046,1056.0,2 - 0,KäPa,1013,1003.0,2,0,Finland,domestic league (tier 2)
2023/08/05,Ykkönen,0,SalPa,1053,1078.0,3 - 0,TPS Turku,1324,1299.0,3,0,Finland,domestic league (tier 2)
2023/08/19,Ykkönen,0,SalPa,1084,1082.0,2 - 2,KPV Kokkola,1124,1126.0,2,2,Finland,domestic league (tier 2)
2023/08/26,Ykkönen,0,SalPa,1082,1100.0,3 - 0,FF Jaro,1199,1181.0,3,0,Finland,domestic league (tier 2)
2023/09/16,Ykkönen,0,SalPa,1096,1092.0,2 - 2,JJK Jyväskylä,1042,1046.0,2,2,Finland,domestic league (tier 2)
2023/09/27,Ykkönen,0,SalPa,1085,1097.0,2 - 0,KPV Kokkola,1117,1105.0,2,0,Finland,domestic league (tier 2)
2023/10/07,Ykkönen,0,SalPa,1098,1084.0,1 - 2,JäPS,1067,1081.0,1,2,Finland,domestic league (tier 2)
2024/04/13,Ykkönen,0,SalPa,1084,1059.0,0 - 3,Jippo,1022,1047.0,0,3,Finland,domestic league (tier 2)
2024/04/28,Ykkönen,0,SalPa,1076,1094.0,5 - 0,MP Mikkeli,1146,1128.0,5,0,Finland,domestic league (tier 2)
2024/05/08,Finland Cup,0,SalPa,1090,1093.0,2 - 2,Ekenäs IF,1315,1312.0,2,2,Finland,domestic cup
2024/05/12,Ykkönen,0,SalPa,1093,1084.0,0 - 1,TPS Turku,1245,1254.0,0,1,Finland,domestic league (tier 2)
2024/06/08,Ykkönen,0,SalPa,1084,1088.0,2 - 2,KTP,1330,1326.0,2,2,Finland,domestic league (tier 2)
2024/06/12,Ykkönen,0,SalPa,1088,1084.0,1 - 1,KäPa,1037,1041.0,1,1,Finland,domestic league (tier 2)
2024/06/19,Ykkönen,0,SalPa,1084,1065.0,1 - 3,JäPS,1078,1097.0,1,3,Finland,domestic league (tier 2)
2024/07/06,Ykkönen,0,SalPa,1077,1068.0,0 - 1,FF Jaro,1220,1229.0,0,1,Finland,domestic league (tier 2)
2024/07/17,Ykkönen,0,SalPa,1085,1093.0,2 - 1,SJK Akatemia,1131,1123.0,2,1,Finland,domestic league (tier 2)
2024/07/27,Ykkönen,0,SalPa,1087,1085.0,1 - 1,PK-35 Vantaa,1118,1120.0,1,1,Finland,domestic league (tier 2)
2024/08/10,Ykkönen,0,SalPa,1085,1087.0,0 - 0,TPS Turku,1255,1253.0,0,0,Finland,domestic league (tier 2)
2024/08/31,Ykkönen,0,SalPa,1118,1116.0,1 - 1,SJK Akatemia,1155,1157.0,1,1,Finland,domestic league (tier 2)
2024/09/22,Ykkönen,0,SalPa,1109,1095.0,2 - 5,KTP,1289,1303.0,2,5,Finland,domestic league (tier 2)
2024/10/05,Ykkönen,0,SalPa,1085,1060.0,1 - 4,KäPa,1022,1047.0,1,4,Finland,domestic league (tier 2)
2025/04/27,Ykkönen,0,SalPa,1048,1038.0,1 - 2,PK-35 Vantaa,1149,1159.0,1,2,Finland,domestic league (tier 2)
2025/05/10,Ykkönen,0,SalPa,1036,1036.0,1 - 1,JäPS,1140,1140.0,1,1,Finland,domestic league (tier 2)
2025/05/17,Ykkönen,0,SalPa,1036,1030.0,0 - 1,Ekenäs IF,1275,1281.0,0,1,Finland,domestic league (tier 2)
2025/05/25,Ykkönen,0,SalPa,1019,1013.0,1 - 2,TPS Turku,1271,1277.0,1,2,Finland,domestic league (tier 2)
2025/06/01,Ykkönen,0,SalPa,1013,1013.0,0 - 0,SJK Akatemia,1107,1107.0,0,0,Finland,domestic league (tier 2)
2025/06/14,Ykkönen,0,SalPa,1013,1015.0,0 - 0,Jippo,1169,1167.0,0,0,Finland,domestic league (tier 2)
2025/06/28,Ykkönen,0,SalPa,1009,1005.0,1 - 2,FC Lahti,1373,1377.0,1,2,Finland,domestic league (tier 2)
2025/07/13,Ykkönen,0,SalPa,997,1005.0,1 - 0,KäPa,1022,1014.0,1,0,Finland,domestic league (tier 2)
2025/08/02,Ykkönen,0,SalPa,990,976.0,0 - 3,Klubi 04,1168,1182.0,0,3,Finland,domestic league (tier 2)
2025/08/23,Ykkönen,0,SalPa,971,964.0,0 - 1,Jippo,1170,1177.0,0,1,Finland,domestic league (tier 2)
2025/09/06,Ykkönen,0,SalPa,960,954.0,1 - 2,PK-35 Vantaa,1198,1204.0,1,2,Finland,domestic league (tier 2)
2025/09/19,Ykkönen,0,SalPa,972,966.0,1 - 4,FC Lahti,1359,1365.0,1,4,Finland,domestic league (tier 2)
2025/10/04,Ykkönen,0,SalPa,963,979.0,1 - 0,TPS Turku,1293,1277.0,1,0,Finland,domestic league (tier 2)
2026/04/28,Finland Cup,0,SalPa,993,999.0,1 - 1,TPS Turku,1322,1316.0,1,1,Finland,domestic cup
2022/05/03,Finland Cup,0,TP-47 Tornio,1163,1149.0,0 - 4,AC Oulu,1362,1376.0,0,4,Finland,domestic cup
2016/07/06,Ykkönen,0,TPS Turku,1336,1340.0,2 - 1,KPV Kokkola,1205,1201.0,2,1,Finland,domestic league (tier 2)
2016/07/17,Ykkönen,0,TPS Turku,1349,1353.0,2 - 0,Grankulla IFK,1107,1103.0,2,0,Finland,domestic league (tier 2)
2016/07/24,Ykkönen,0,TPS Turku,1353,1330.0,1 - 3,KTP,1248,1271.0,1,3,Finland,domestic league (tier 2)
2016/08/06,Ykkönen,0,TPS Turku,1343,1354.0,3 - 1,AC Oulu,1343,1332.0,3,1,Finland,domestic league (tier 2)
2016/08/15,Ykkönen,0,TPS Turku,1354,1357.0,2 - 1,Ekenäs IF,1149,1146.0,2,1,Finland,domestic league (tier 2)
2016/08/21,Ykkönen,0,TPS Turku,1357,1365.0,2 - 0,Haka Valkeakoski,1293,1285.0,2,0,Finland,domestic league (tier 2)
2016/09/02,Ykkönen,0,TPS Turku,1357,1353.0,2 - 2,JJK Jyväskylä,1296,1300.0,2,2,Finland,domestic league (tier 2)
2016/09/10,Ykkönen,0,TPS Turku,1353,1336.0,2 - 3,KPV Kokkola,1177,1194.0,2,3,Finland,domestic league (tier 2)
2016/10/01,Ykkönen,0,TPS Turku,1343,1349.0,6 - 0,FC Jazz Pori,1145,1139.0,6,0,Finland,domestic league (tier 2)
2016/10/22,Ykkönen,0,TPS Turku,1361,1366.0,3 - 0,Ekenäs IF,1146,1141.0,3,0,Finland,domestic league (tier 2)
2017/05/13,Ykkönen,0,TPS Turku,1320,1306.0,0 - 1,AC Oulu,1293,1307.0,0,1,Finland,domestic league (tier 2)
2017/05/22,Ykkönen,0,TPS Turku,1304,1300.0,1 - 1,Haka Valkeakoski,1265,1269.0,1,1,Finland,domestic league (tier 2)
2017/05/29,Ykkönen,0,TPS Turku,1300,1309.0,1 - 0,FF Jaro,1356,1347.0,1,0,Finland,domestic league (tier 2)
2017/06/10,Ykkönen,0,TPS Turku,1319,1323.0,3 - 0,IF Gnistan,1052,1048.0,3,0,Finland,domestic league (tier 2)
2017/06/14,Ykkönen,0,TPS Turku,1323,1331.0,6 - 0,Ekenäs IF,1165,1157.0,6,0,Finland,domestic league (tier 2)
2017/06/30,Ykkönen,0,TPS Turku,1345,1342.0,0 - 0,KPV Kokkola,1320,1323.0,0,0,Finland,domestic league (tier 2)
2017/07/15,Ykkönen,0,TPS Turku,1344,1353.0,3 - 0,Haka Valkeakoski,1255,1246.0,3,0,Finland,domestic league (tier 2)
2017/07/19,Ykkönen,0,TPS Turku,1353,1358.0,3 - 0,Grankulla IFK,1128,1123.0,3,0,Finland,domestic league (tier 2)
2017/07/30,Ykkönen,0,TPS Turku,1374,1377.0,2 - 1,OPS Oulu,1179,1176.0,2,1,Finland,domestic league (tier 2)
2017/08/11,Ykkönen,0,TPS Turku,1361,1370.0,1 - 0,FC Honka,1434,1425.0,1,0,Finland,domestic league (tier 2)
2017/08/18,Ykkönen,0,TPS Turku,1370,1377.0,4 - 0,Ekenäs IF,1203,1196.0,4,0,Finland,domestic league (tier 2)
2017/09/01,Ykkönen,0,TPS Turku,1379,1386.0,2 - 0,AC Oulu,1279,1272.0,2,0,Finland,domestic league (tier 2)
2017/09/22,Ykkönen,0,TPS Turku,1407,1416.0,3 - 0,FF Jaro,1315,1306.0,3,0,Finland,domestic league (tier 2)
2017/10/14,Ykkönen,0,TPS Turku,1422,1424.0,3 - 1,IF Gnistan,1081,1079.0,3,1,Finland,domestic league (tier 2)
2018/04/15,Veikkausliiga,0,TPS Turku,1406,1389.0,0 - 2,SJK Seinäjoki,1459,1476.0,0,2,Finland,domestic league (tier 1)
2018/04/28,Veikkausliiga,0,TPS Turku,1403,1402.0,0 - 0,Rovaniemi PS,1461,1462.0,0,0,Finland,domestic league (tier 1)
2018/05/07,Veikkausliiga,0,TPS Turku,1395,1383.0,0 - 1,Vaasan PS,1412,1424.0,0,1,Finland,domestic league (tier 1)
2018/05/18,Veikkausliiga,0,TPS Turku,1382,1377.0,0 - 1,HJK Helsinki,1667,1672.0,0,1,Finland,domestic league (tier 1)
2018/05/22,Veikkausliiga,0,TPS Turku,1377,1377.0,0 - 0,FC Honka,1479,1479.0,0,0,Finland,domestic league (tier 1)
2018/06/01,Veikkausliiga,0,TPS Turku,1370,1372.0,0 - 0,Kuopion PS,1554,1552.0,0,0,Finland,domestic league (tier 1)
2018/06/15,Veikkausliiga,0,TPS Turku,1362,1363.0,1 - 1,FC Lahti,1496,1495.0,1,1,Finland,domestic league (tier 1)
2018/06/20,Veikkausliiga,0,TPS Turku,1363,1362.0,1 - 1,Inter Turku,1443,1444.0,1,1,Finland,domestic league (tier 1)
2018/06/29,Veikkausliiga,0,TPS Turku,1368,1380.0,2 - 0,IFK Mariehamn,1387,1375.0,2,0,Finland,domestic league (tier 1)
2018/07/07,Veikkausliiga,0,TPS Turku,1372,1376.0,3 - 2,PS Kemi,1257,1253.0,3,2,Finland,domestic league (tier 1)
2018/07/30,Veikkausliiga,0,TPS Turku,1368,1353.0,1 - 3,Ilves Tampere,1467,1482.0,1,3,Finland,domestic league (tier 1)
2018/08/17,Veikkausliiga,0,TPS Turku,1343,1361.0,4 - 1,Vaasan PS,1460,1442.0,4,1,Finland,domestic league (tier 1)
2018/08/31,Veikkausliiga,0,TPS Turku,1355,1364.0,4 - 1,PS Kemi,1281,1272.0,4,1,Finland,domestic league (tier 1)
2018/09/17,Veikkausliiga,0,TPS Turku,1358,1368.0,1 - 0,Inter Turku,1456,1446.0,1,0,Finland,domestic league (tier 1)
2018/10/06,Veikkausliiga,0,TPS Turku,1396,1386.0,1 - 2,Rovaniemi PS,1498,1508.0,1,2,Finland,domestic league (tier 1)
2018/10/27,Veikkausliiga,0,TPS Turku,1383,1374.0,0 - 4,HJK Helsinki,1688,1697.0,0,4,Finland,domestic league (tier 1)
2019/05/09,Ykkönen,0,TPS Turku,1366,1369.0,2 - 1,TPV Tampere,1136,1133.0,2,1,Finland,domestic league (tier 2)
2019/05/15,Ykkönen,0,TPS Turku,1369,1371.0,1 - 0,AC Kajaani,1092,1090.0,1,0,Finland,domestic league (tier 2)
2019/05/29,Ykkönen,0,TPS Turku,1383,1369.0,0 - 1,Haka Valkeakoski,1348,1362.0,0,1,Finland,domestic league (tier 2)
2019/06/02,Ykkönen,0,TPS Turku,1369,1373.0,3 - 2,FF Jaro,1224,1220.0,3,2,Finland,domestic league (tier 2)
2019/06/14,Ykkönen,0,TPS Turku,1387,1369.0,1 - 2,Musan Salama,1082,1100.0,1,2,Finland,domestic league (tier 2)
2019/06/28,Ykkönen,0,TPS Turku,1354,1361.0,4 - 0,Ekenäs IF,1203,1196.0,4,0,Finland,domestic league (tier 2)
2019/07/13,Ykkönen,0,TPS Turku,1377,1382.0,1 - 0,AC Oulu,1300,1295.0,1,0,Finland,domestic league (tier 2)
2019/07/20,Ykkönen,0,TPS Turku,1382,1370.0,2 - 3,Haka Valkeakoski,1410,1422.0,2,3,Finland,domestic league (tier 2)
2019/08/02,Ykkönen,0,TPS Turku,1380,1385.0,2 - 0,KTP,1180,1175.0,2,0,Finland,domestic league (tier 2)
2019/08/19,Ykkönen,0,TPS Turku,1395,1388.0,2 - 2,Myllykosken Pallo -47,1163,1170.0,2,2,Finland,domestic league (tier 2)
2019/08/30,Ykkönen,0,TPS Turku,1385,1387.0,3 - 2,TPV Tampere,1092,1090.0,3,2,Finland,domestic league (tier 2)
2019/09/06,Ykkönen,0,TPS Turku,1387,1391.0,3 - 0,AC Kajaani,1133,1129.0,3,0,Finland,domestic league (tier 2)
2019/09/27,Ykkönen,0,TPS Turku,1404,1398.0,1 - 1,FF Jaro,1261,1267.0,1,1,Finland,domestic league (tier 2)
2019/10/20,Ykkönen,0,TPS Turku,1396,1388.0,0 - 0,Musan Salama,1137,1145.0,0,0,Finland,domestic league (tier 2)
2020/07/07,Veikkausliiga,0,TPS Turku,1392,1384.0,0 - 1,Ilves Tampere,1559,1567.0,0,1,Finland,domestic league (tier 1)
2020/07/22,Veikkausliiga,0,TPS Turku,1379,1370.0,0 - 2,HJK Helsinki,1622,1631.0,0,2,Finland,domestic league (tier 1)
2020/07/25,Veikkausliiga,0,TPS Turku,1370,1353.0,1 - 3,FC Lahti,1415,1432.0,1,3,Finland,domestic league (tier 1)
2020/08/06,Veikkausliiga,0,TPS Turku,1367,1356.0,0 - 2,FC Honka,1572,1583.0,0,2,Finland,domestic league (tier 1)
2020/08/22,Veikkausliiga,0,TPS Turku,1344,1358.0,1 - 0,Inter Turku,1603,1589.0,1,0,Finland,domestic league (tier 1)
2020/08/26,Veikkausliiga,0,TPS Turku,1358,1368.0,1 - 0,Helsingfors IFK,1448,1438.0,1,0,Finland,domestic league (tier 1)
2020/09/09,Veikkausliiga,0,TPS Turku,1365,1354.0,2 - 3,Haka Valkeakoski,1425,1436.0,2,3,Finland,domestic league (tier 1)
2020/09/14,Veikkausliiga,0,TPS Turku,1354,1353.0,1 - 1,IFK Mariehamn,1424,1425.0,1,1,Finland,domestic league (tier 1)
2020/10/19,Veikkausliiga,0,TPS Turku,1354,1365.0,4 - 1,Rovaniemi PS,1309,1298.0,4,1,Finland,domestic league (tier 1)
2020/10/31,Veikkausliiga,0,TPS Turku,1360,1368.0,1 - 0,SJK Seinäjoki,1385,1377.0,1,0,Finland,domestic league (tier 1)
2020/11/04,Veikkausliiga,0,TPS Turku,1368,1382.0,3 - 2,Kuopion PS,1618,1604.0,3,2,Finland,domestic league (tier 1)
2021/05/05,Ykkönen,0,TPS Turku,1367,1362.0,1 - 1,Vaasan PS,1296,1301.0,1,1,Finland,domestic league (tier 2)
2021/05/17,Ykkönen,0,TPS Turku,1361,1346.0,1 - 2,FF Jaro,1260,1275.0,1,2,Finland,domestic league (tier 2)
2021/05/29,Ykkönen,0,TPS Turku,1352,1334.0,0 - 1,Jippo,1060,1078.0,0,1,Finland,domestic league (tier 2)
2021/06/22,Ykkönen,0,TPS Turku,1347,1341.0,1 - 1,Ekenäs IF,1229,1235.0,1,1,Finland,domestic league (tier 2)
2021/07/01,Ykkönen,0,TPS Turku,1341,1323.0,0 - 1,Klubi 04,1032,1050.0,0,1,Finland,domestic league (tier 2)
2021/07/16,Ykkönen,0,TPS Turku,1322,1316.0,0 - 0,KPV Kokkola,1157,1163.0,0,0,Finland,domestic league (tier 2)
2021/07/30,Ykkönen,0,TPS Turku,1334,1327.0,2 - 2,MP Mikkeli,1143,1150.0,2,2,Finland,domestic league (tier 2)
2021/08/07,Ykkönen,0,TPS Turku,1333,1339.0,2 - 1,PK-35 Vantaa,1285,1279.0,2,1,Finland,domestic league (tier 2)
2021/08/19,Ykkönen,0,TPS Turku,1349,1335.0,2 - 3,Rovaniemi PS,1291,1305.0,2,3,Finland,domestic league (tier 2)
2021/09/10,Ykkönen,0,TPS Turku,1356,1360.0,3 - 0,Musan Salama,1117,1113.0,3,0,Finland,domestic league (tier 2)
2021/09/15,Ykkönen,0,TPS Turku,1360,1365.0,3 - 0,IF Gnistan,1168,1163.0,3,0,Finland,domestic league (tier 2)
2021/09/25,Ykkönen,0,TPS Turku,1372,1380.0,4 - 1,FF Jaro,1263,1255.0,4,1,Finland,domestic league (tier 2)
2021/10/08,Ykkönen,0,TPS Turku,1387,1366.0,1 - 3,Vaasan PS,1326,1347.0,1,3,Finland,domestic league (tier 2)
2021/10/14,Ykkönen,0,TPS Turku,1366,1360.0,1 - 1,Ekenäs IF,1221,1227.0,1,1,Finland,domestic league (tier 2)
2022/04/23,Ykkönen,0,TPS Turku,1366,1368.0,3 - 0,JäPS,983,981.0,3,0,Finland,domestic league (tier 2)
2022/05/04,Finland Cup,0,TPS Turku,1367,1368.0,1 - 1,Haka Valkeakoski,1493,1492.0,1,1,Finland,domestic cup
2022/05/09,Ykkönen,0,TPS Turku,1368,1340.0,0 - 2,Pargas IF,959,987.0,0,2,Finland,domestic league (tier 2)
2022/05/21,Ykkönen,0,TPS Turku,1348,1339.0,0 - 0,PEPO Lappeenranta,983,992.0,0,0,Finland,domestic league (tier 2)
2022/06/06,Ykkönen,0,TPS Turku,1350,1355.0,2 - 0,PK-35 Vantaa,1182,1177.0,2,0,Finland,domestic league (tier 2)
2022/06/18,Ykkönen,0,TPS Turku,1352,1359.0,5 - 0,KPV Kokkola,1173,1166.0,5,0,Finland,domestic league (tier 2)
2022/07/04,Ykkönen,0,TPS Turku,1371,1348.0,1 - 3,KTP,1264,1287.0,1,3,Finland,domestic league (tier 2)
2022/07/15,Ykkönen,0,TPS Turku,1353,1355.0,2 - 1,SJK Akatemia,1082,1080.0,2,1,Finland,domestic league (tier 2)
2022/07/30,Ykkönen,0,TPS Turku,1348,1356.0,3 - 1,FF Jaro,1269,1261.0,3,1,Finland,domestic league (tier 2)
2022/08/12,Ykkönen,0,TPS Turku,1343,1345.0,1 - 0,MP Mikkeli,1090,1088.0,1,0,Finland,domestic league (tier 2)
2022/08/18,Ykkönen,0,TPS Turku,1345,1339.0,2 - 2,Ekenäs IF,1206,1212.0,2,2,Finland,domestic league (tier 2)
2022/09/03,Ykkönen,0,TPS Turku,1337,1343.0,5 - 0,IF Gnistan,1149,1143.0,5,0,Finland,domestic league (tier 2)
2022/09/10,Ykkönen,0,TPS Turku,1343,1349.0,2 - 0,Ekenäs IF,1203,1197.0,2,0,Finland,domestic league (tier 2)
2022/09/24,Ykkönen,0,TPS Turku,1334,1320.0,0 - 1,FF Jaro,1287,1301.0,0,1,Finland,domestic league (tier 2)
2022/09/30,Ykkönen,0,TPS Turku,1320,1314.0,2 - 2,KPV Kokkola,1170,1176.0,2,2,Finland,domestic league (tier 2)
2022/10/17,Ykkönen,0,TPS Turku,1326,1339.0,4 - 0,FF Jaro,1322,1309.0,4,0,Finland,domestic league (tier 2)
2022/10/20,Veikkausliiga rel.,0,TPS Turku,1339,1337.0,1 - 1,FC Lahti,1358,1360.0,1,1,Finland,domestic relegation
2023/04/26,Finland Cup,0,TPS Turku,1318,1306.0,0 - 2,Ilves Tampere,1478,1490.0,0,2,Finland,domestic cup
2023/04/29,Ykkönen,0,TPS Turku,1306,1308.0,2 - 1,JäPS,1067,1065.0,2,1,Finland,domestic league (tier 2)
2023/05/13,Ykkönen,0,TPS Turku,1296,1273.0,0 - 2,IF Gnistan,1197,1220.0,0,2,Finland,domestic league (tier 2)
2023/05/27,Ykkönen,0,TPS Turku,1261,1264.0,2 - 1,SalPa,1057,1054.0,2,1,Finland,domestic league (tier 2)
2023/06/08,Ykkönen,0,TPS Turku,1264,1268.0,4 - 1,KäPa,1014,1010.0,4,1,Finland,domestic league (tier 2)
2023/07/06,Ykkönen,0,TPS Turku,1280,1287.0,4 - 1,KPV Kokkola,1136,1129.0,4,1,Finland,domestic league (tier 2)
2023/07/14,Ykkönen,0,TPS Turku,1287,1297.0,4 - 0,FF Jaro,1213,1203.0,4,0,Finland,domestic league (tier 2)
2023/07/31,Ykkönen,0,TPS Turku,1318,1324.0,4 - 1,SJK Akatemia,1134,1128.0,4,1,Finland,domestic league (tier 2)
2023/08/10,Ykkönen,0,TPS Turku,1299,1303.0,2 - 0,JJK Jyväskylä,1072,1068.0,2,0,Finland,domestic league (tier 2)
2023/08/24,Ykkönen,0,TPS Turku,1281,1290.0,2 - 0,Helsingfors IFK,1234,1225.0,2,0,Finland,domestic league (tier 2)
2023/09/27,Ykkönen,0,TPS Turku,1288,1266.0,1 - 3,Helsingfors IFK,1202,1224.0,1,3,Finland,domestic league (tier 2)
2023/10/02,Ykkönen,0,TPS Turku,1266,1250.0,1 - 3,Ekenäs IF,1332,1348.0,1,3,Finland,domestic league (tier 2)
2024/04/13,Ykkönen,0,TPS Turku,1241,1219.0,0 - 2,FF Jaro,1176,1198.0,0,2,Finland,domestic league (tier 2)
2024/04/20,Ykkönen,0,TPS Turku,1219,1225.0,1 - 0,MP Mikkeli,1157,1151.0,1,0,Finland,domestic league (tier 2)
2024/05/04,Ykkönen,0,TPS Turku,1244,1247.0,2 - 1,KäPa,1044,1041.0,2,1,Finland,domestic league (tier 2)
2024/05/18,Ykkönen,0,TPS Turku,1254,1234.0,1 - 4,KTP,1302,1322.0,1,4,Finland,domestic league (tier 2)
2024/06/08,Ykkönen,0,TPS Turku,1235,1242.0,2 - 0,Jippo,1117,1110.0,2,0,Finland,domestic league (tier 2)
2024/06/15,Finland Cup,0,TPS Turku,1256,1259.0,1 - 0,MP Mikkeli,1051,1048.0,1,0,Finland,domestic cup
2024/06/19,Ykkönen,0,TPS Turku,1259,1254.0,2 - 2,PK-35 Vantaa,1146,1151.0,2,2,Finland,domestic league (tier 2)
2024/06/29,Ykkönen,0,TPS Turku,1271,1275.0,1 - 0,SJK Akatemia,1135,1131.0,1,0,Finland,domestic league (tier 2)
2024/07/13,Ykkönen,0,TPS Turku,1268,1251.0,2 - 3,SalPa,1068,1085.0,2,3,Finland,domestic league (tier 2)
2024/07/20,Ykkönen,0,TPS Turku,1265,1271.0,4 - 0,JäPS,1085,1079.0,4,0,Finland,domestic league (tier 2)
2024/08/17,Ykkönen,0,TPS Turku,1253,1257.0,5 - 3,KäPa,1013,1009.0,5,3,Finland,domestic league (tier 2)
2024/08/30,Ykkönen,0,TPS Turku,1257,1241.0,1 - 2,PK-35 Vantaa,1126,1142.0,1,2,Finland,domestic league (tier 2)
2024/09/12,Ykkönen,0,TPS Turku,1241,1226.0,0 - 1,Jippo,1138,1153.0,0,1,Finland,domestic league (tier 2)
2024/09/27,Ykkönen,0,TPS Turku,1223,1207.0,2 - 3,JäPS,1099,1115.0,2,3,Finland,domestic league (tier 2)
2024/10/03,Ykkönen,0,TPS Turku,1207,1221.0,3 - 0,FF Jaro,1244,1230.0,3,0,Finland,domestic league (tier 2)
2025/04/26,Ykkönen,0,TPS Turku,1261,1267.0,2 - 1,Jippo,1194,1188.0,2,1,Finland,domestic league (tier 2)
2025/05/14,Ykkönen,0,TPS Turku,1286,1290.0,4 - 2,KäPa,1038,1034.0,4,2,Finland,domestic league (tier 2)
2025/05/21,Ykkönen,0,TPS Turku,1272,1271.0,2 - 2,FC Lahti,1348,1349.0,2,2,Finland,domestic league (tier 2)
2025/06/02,Ykkönen,0,TPS Turku,1281,1293.0,2 - 0,Ekenäs IF,1302,1290.0,2,0,Finland,domestic league (tier 2)
2025/06/13,Ykkönen,0,TPS Turku,1302,1305.0,3 - 2,SJK Akatemia,1121,1118.0,3,2,Finland,domestic league (tier 2)
2025/06/27,Ykkönen,0,TPS Turku,1314,1319.0,4 - 2,JäPS,1134,1129.0,4,2,Finland,domestic league (tier 2)
2025/07/09,Ykkönen,0,TPS Turku,1296,1304.0,4 - 1,Klubi 04,1176,1168.0,4,1,Finland,domestic league (tier 2)
2025/07/18,Ykkönen,0,TPS Turku,1309,1311.0,3 - 2,SalPa,1005,1003.0,3,2,Finland,domestic league (tier 2)
2025/08/02,Ykkönen,0,TPS Turku,1329,1313.0,1 - 2,PK-35 Vantaa,1185,1201.0,1,2,Finland,domestic league (tier 2)
2025/08/15,Ykkönen,0,TPS Turku,1313,1290.0,1 - 3,PK-35 Vantaa,1201,1224.0,1,3,Finland,domestic league (tier 2)
2025/08/22,Ykkönen,0,TPS Turku,1290,1294.0,2 - 1,SJK Seinäjoki II,1126,1122.0,2,1,Finland,domestic league (tier 2)
2025/09/05,Ykkönen,0,TPS Turku,1290,1300.0,4 - 0,Ekenäs IF,1219,1209.0,4,0,Finland,domestic league (tier 2)
2025/09/27,Ykkönen,0,TPS Turku,1308,1293.0,0 - 1,Jippo,1207,1222.0,0,1,Finland,domestic league (tier 2)
2025/10/18,Ykkönen,0,TPS Turku,1277,1277.0,3 - 3,FC Lahti,1373,1373.0,3,3,Finland,domestic league (tier 2)
2025/10/23,Veikkausliiga rel.,0,TPS Turku,1277,1290.0,3 - 0,KTP,1291,1278.0,3,0,Finland,domestic relegation
2026/02/07,Finland League Cup,0,TPS Turku,1295,1289.0,0 - 3,Inter Turku,1621,1627.0,0,3,Finland,domestic cup
2026/02/14,Finland League Cup,0,TPS Turku,1292,1281.0,0 - 2,IF Gnistan,1394,1405.0,0,2,Finland,domestic cup
2026/04/10,Veikkausliiga,0,TPS Turku,1284,1294.0,2 - 1,FC Lahti,1395,1385.0,2,1,Finland,domestic league (tier 1)
2026/04/18,Veikkausliiga,0,TPS Turku,1304,1324.0,2 - 0,SJK Seinäjoki,1533,1513.0,2,0,Finland,domestic league (tier 1)
2026/04/24,Veikkausliiga,0,TPS Turku,1324,1322.0,1 - 1,IF Gnistan,1366,1368.0,1,1,Finland,domestic league (tier 1)
2026/05/08,Veikkausliiga,0,TPS Turku,1321,1335.0,1 - 0,HJK Helsinki,1583,1569.0,1,0,Finland,domestic league (tier 1)
2026/05/30,Veikkausliiga,0,TPS Turku,1327,1338.0,1 - 0,Vaasan PS,1457,1446.0,1,0,Finland,domestic league (tier 1)
2026/06/17,Veikkausliiga,0,TPS Turku,1335,1330.0,1 - 2,Kuopion PS,1613,1618.0,1,2,Finland,domestic league (tier 1)
2026/06/27,Veikkausliiga,0,TPS Turku,1335,1343.0,3 - 2,FF Jaro,1352,1344.0,3,2,Finland,domestic league (tier 1)
2026/07/11,Veikkausliiga,0,TPS Turku,1337,1357.0,3 - 0,AC Oulu,1488,1468.0,3,0,Finland,domestic league (tier 1)
2026/07/20,Veikkausliiga,0,TPS Turku,1357,1346.0,1 - 3,Ilves Tampere,1554,1565.0,1,3,Finland,domestic league (tier 1)
2026/08/01,Veikkausliiga,0,TPS Turku,1344,1354.0,3 - 0,IFK Mariehamn,1280,1270.0,3,0,Finland,domestic league (tier 1)
2026/08/23,Veikkausliiga,0,TPS Turku,1386,1391.0,0 - 0,Inter Turku,1685,1680.0,0,0,Finland,domestic league (tier 1)
2019/05/04,Ykkönen,0,TPV Tampere,1140,1136.0,0 - 0,Musan Salama,1098,1102.0,0,0,Finland,domestic league (tier 2)
2019/05/17,Ykkönen,0,TPV Tampere,1133,1121.0,0 - 3,AC Oulu,1341,1353.0,0,3,Finland,domestic league (tier 2)
2019/05/22,Ykkönen,0,TPV Tampere,1121,1131.0,1 - 0,Ekenäs IF,1231,1221.0,1,0,Finland,domestic league (tier 2)
2019/06/02,Ykkönen,0,TPV Tampere,1136,1132.0,1 - 1,AC Kajaani,1075,1079.0,1,1,Finland,domestic league (tier 2)
2019/06/16,Ykkönen,0,TPV Tampere,1138,1146.0,1 - 0,KTP,1181,1173.0,1,0,Finland,domestic league (tier 2)
2019/06/19,Ykkönen,0,TPV Tampere,1146,1136.0,1 - 3,Haka Valkeakoski,1371,1381.0,1,3,Finland,domestic league (tier 2)
2019/07/02,Ykkönen,0,TPV Tampere,1128,1117.0,1 - 4,TPS Turku,1361,1372.0,1,4,Finland,domestic league (tier 2)
2019/07/18,Ykkönen,0,TPV Tampere,1116,1103.0,0 - 2,FF Jaro,1254,1267.0,0,2,Finland,domestic league (tier 2)
2019/08/02,Ykkönen,0,TPV Tampere,1091,1106.0,3 - 1,Myllykosken Pallo -47,1189,1174.0,3,1,Finland,domestic league (tier 2)
2019/08/22,Ykkönen,0,TPV Tampere,1093,1092.0,2 - 2,Musan Salama,1153,1154.0,2,2,Finland,domestic league (tier 2)
2019/09/06,Ykkönen,0,TPV Tampere,1090,1107.0,2 - 0,AC Oulu,1233,1216.0,2,0,Finland,domestic league (tier 2)
2019/09/28,Ykkönen,0,TPV Tampere,1096,1084.0,3 - 4,AC Kajaani,1108,1120.0,3,4,Finland,domestic league (tier 2)
2019/10/20,Ykkönen,0,TPV Tampere,1079,1091.0,1 - 0,KTP,1246,1234.0,1,0,Finland,domestic league (tier 2)
2022/04/06,Finland Cup,0,TPV Tampere,1091,1072.0,0 - 6,Ekenäs IF,1235,1254.0,0,6,Finland,domestic cup
2025/05/28,Finland Cup,0,TPV Tampere,1062,1060.0,0 - 2,Kuopion PS,1636,1638.0,0,2,Finland,domestic cup
2026/04/15,Finland Cup,0,TPV Tampere,1060,1051.0,0 - 2,Tampere United,1294,1303.0,0,2,Finland,domestic cup
2023/05/17,Finland Cup,0,Tampere United,1335,1320.0,0 - 3,Inter Turku,1488,1503.0,0,3,Finland,domestic cup
2025/04/15,Finland Cup,0,Tampere United,1320,1294.0,0 - 3,TPS Turku,1226,1252.0,0,3,Finland,domestic cup
2022/04/27,Finland Cup,0,VIFK Vaasa,1087,1062.0,1 - 4,SJK Akatemia,1024,1049.0,1,4,Finland,domestic cup
2023/05/17,Finland Cup,0,VIFK Vaasa,1062,1082.0,4 - 2,Rovaniemi PS,1284,1264.0,4,2,Finland,domestic cup
2024/05/08,Finland Cup,0,VIFK Vaasa,1096,1085.0,1 - 2,SJK Akatemia,1146,1157.0,1,2,Finland,domestic cup
2025/04/15,Finland Cup,0,VIFK Vaasa,1085,1087.0,2 - 2,FF Jaro,1259,1257.0,2,2,Finland,domestic cup
2026/04/15,Finland Cup,0,VIFK Vaasa,1087,1087.0,4 - 4,KPV Kokkola,1173,1173.0,4,4,Finland,domestic cup
2016/07/08,Veikkausliiga,0,Vaasan PS,1453,1460.0,1 - 0,FC Lahti,1459,1452.0,1,0,Finland,domestic league (tier 1)
2016/07/13,Veikkausliiga,0,Vaasan PS,1460,1465.0,2 - 1,PK-35 Vantaa,1373,1368.0,2,1,Finland,domestic league (tier 1)
2016/07/25,Veikkausliiga,0,Vaasan PS,1475,1486.0,3 - 0,Kuopion PS,1449,1438.0,3,0,Finland,domestic league (tier 1)
2016/08/10,Veikkausliiga,0,Vaasan PS,1475,1485.0,2 - 1,SJK Seinäjoki,1560,1550.0,2,1,Finland,domestic league (tier 1)
2016/08/14,Veikkausliiga,0,Vaasan PS,1485,1465.0,0 - 2,IFK Mariehamn,1476,1496.0,0,2,Finland,domestic league (tier 1)
2016/08/21,Veikkausliiga,0,Vaasan PS,1465,1466.0,0 - 0,HJK Helsinki,1609,1608.0,0,0,Finland,domestic league (tier 1)
2016/09/12,Veikkausliiga,0,Vaasan PS,1480,1477.0,1 - 1,Kuopion PS,1471,1474.0,1,1,Finland,domestic league (tier 1)
2016/09/21,Veikkausliiga,0,Vaasan PS,1479,1468.0,1 - 2,SJK Seinäjoki,1558,1569.0,1,2,Finland,domestic league (tier 1)
2016/10/02,Veikkausliiga,0,Vaasan PS,1468,1476.0,1 - 0,Rovaniemi PS,1489,1481.0,1,0,Finland,domestic league (tier 1)
2016/10/23,Veikkausliiga,0,Vaasan PS,1498,1484.0,0 - 1,FC Lahti,1450,1464.0,0,1,Finland,domestic league (tier 1)
2017/04/08,Veikkausliiga,0,Vaasan PS,1492,1476.0,1 - 3,SJK Seinäjoki,1562,1578.0,1,3,Finland,domestic league (tier 1)
2017/04/22,Veikkausliiga,0,Vaasan PS,1493,1489.0,2 - 2,Kuopion PS,1452,1456.0,2,2,Finland,domestic league (tier 1)
2017/05/06,Veikkausliiga,0,Vaasan PS,1492,1503.0,2 - 1,HJK Helsinki,1637,1626.0,2,1,Finland,domestic league (tier 1)
2017/05/24,Veikkausliiga,0,Vaasan PS,1525,1503.0,0 - 2,Ilves Tampere,1458,1480.0,0,2,Finland,domestic league (tier 1)
2017/05/31,Veikkausliiga,0,Vaasan PS,1511,1505.0,1 - 1,Helsingfors IFK,1367,1373.0,1,1,Finland,domestic league (tier 1)
2017/06/22,Veikkausliiga,0,Vaasan PS,1521,1526.0,1 - 0,Rovaniemi PS,1422,1417.0,1,0,Finland,domestic league (tier 1)
2017/07/02,Veikkausliiga,0,Vaasan PS,1536,1532.0,0 - 0,IFK Mariehamn,1487,1491.0,0,0,Finland,domestic league (tier 1)
2017/07/16,Veikkausliiga,0,Vaasan PS,1543,1548.0,3 - 2,Inter Turku,1436,1431.0,3,2,Finland,domestic league (tier 1)
2017/07/23,Veikkausliiga,0,Vaasan PS,1562,1554.0,1 - 1,JJK Jyväskylä,1241,1249.0,1,1,Finland,domestic league (tier 1)
2017/08/06,Veikkausliiga,0,Vaasan PS,1554,1547.0,3 - 3,PS Kemi,1355,1362.0,3,3,Finland,domestic league (tier 1)
2017/08/14,Veikkausliiga,0,Vaasan PS,1534,1513.0,0 - 2,FC Lahti,1494,1515.0,0,2,Finland,domestic league (tier 1)
2017/08/20,Veikkausliiga,0,Vaasan PS,1513,1509.0,1 - 1,Ilves Tampere,1472,1476.0,1,1,Finland,domestic league (tier 1)
2017/09/08,Veikkausliiga,0,Vaasan PS,1500,1485.0,0 - 3,HJK Helsinki,1648,1663.0,0,3,Finland,domestic league (tier 1)
2017/09/16,Veikkausliiga,0,Vaasan PS,1477,1458.0,1 - 3,Kuopion PS,1486,1505.0,1,3,Finland,domestic league (tier 1)
2017/09/29,Veikkausliiga,0,Vaasan PS,1458,1442.0,1 - 2,Helsingfors IFK,1329,1345.0,1,2,Finland,domestic league (tier 1)
2017/10/12,Veikkausliiga,0,Vaasan PS,1442,1438.0,2 - 2,Inter Turku,1398,1402.0,2,2,Finland,domestic league (tier 1)
2017/10/20,Veikkausliiga,0,Vaasan PS,1424,1433.0,2 - 1,FC Lahti,1485,1476.0,2,1,Finland,domestic league (tier 1)
2018/04/07,Veikkausliiga,0,Vaasan PS,1410,1422.0,2 - 0,Inter Turku,1450,1438.0,2,0,Finland,domestic league (tier 1)
2018/04/14,Veikkausliiga,0,Vaasan PS,1422,1409.0,0 - 1,Rovaniemi PS,1415,1428.0,0,1,Finland,domestic league (tier 1)
2018/04/25,Veikkausliiga,0,Vaasan PS,1412,1411.0,1 - 1,Ilves Tampere,1490,1491.0,1,1,Finland,domestic league (tier 1)
2018/04/29,Veikkausliiga,0,Vaasan PS,1411,1406.0,1 - 2,HJK Helsinki,1694,1699.0,1,2,Finland,domestic league (tier 1)
2018/05/03,Veikkausliiga,0,Vaasan PS,1406,1412.0,3 - 1,PS Kemi,1268,1262.0,3,1,Finland,domestic league (tier 1)
2018/05/14,Veikkausliiga,0,Vaasan PS,1424,1423.0,1 - 1,FC Honka,1475,1476.0,1,1,Finland,domestic league (tier 1)
2018/05/22,Veikkausliiga,0,Vaasan PS,1428,1414.0,0 - 2,Kuopion PS,1558,1572.0,0,2,Finland,domestic league (tier 1)
2018/06/01,Veikkausliiga,0,Vaasan PS,1419,1417.0,1 - 1,SJK Seinäjoki,1440,1442.0,1,1,Finland,domestic league (tier 1)
2018/06/20,Veikkausliiga,0,Vaasan PS,1432,1443.0,4 - 1,IFK Mariehamn,1393,1382.0,4,1,Finland,domestic league (tier 1)
2018/07/04,Veikkausliiga,0,Vaasan PS,1446,1454.0,2 - 0,TPS Turku,1380,1372.0,2,0,Finland,domestic league (tier 1)
2018/07/30,Veikkausliiga,0,Vaasan PS,1484,1481.0,2 - 2,FC Lahti,1481,1484.0,2,2,Finland,domestic league (tier 1)
2018/08/11,Veikkausliiga,0,Vaasan PS,1482,1460.0,0 - 2,SJK Seinäjoki,1419,1441.0,0,2,Finland,domestic league (tier 1)
2018/08/24,Veikkausliiga,0,Vaasan PS,1442,1437.0,1 - 1,IFK Mariehamn,1358,1363.0,1,1,Finland,domestic league (tier 1)
2018/09/17,Veikkausliiga,0,Vaasan PS,1443,1431.0,1 - 2,Ilves Tampere,1487,1499.0,1,2,Finland,domestic league (tier 1)
2018/09/29,Veikkausliiga,0,Vaasan PS,1443,1425.0,0 - 3,Kuopion PS,1543,1561.0,0,3,Finland,domestic league (tier 1)
2018/10/21,Veikkausliiga,0,Vaasan PS,1423,1413.0,1 - 2,Rovaniemi PS,1508,1518.0,1,2,Finland,domestic league (tier 1)
2019/04/08,Veikkausliiga,0,Vaasan PS,1437,1424.0,1 - 2,Inter Turku,1440,1453.0,1,2,Finland,domestic league (tier 1)
2019/04/20,Veikkausliiga,0,Vaasan PS,1429,1425.0,2 - 2,KPV Kokkola,1375,1379.0,2,2,Finland,domestic league (tier 1)
2019/04/26,Veikkausliiga,0,Vaasan PS,1425,1422.0,1 - 1,SJK Seinäjoki,1407,1410.0,1,1,Finland,domestic league (tier 1)
2019/05/07,Veikkausliiga,0,Vaasan PS,1424,1427.0,1 - 1,HJK Helsinki,1633,1630.0,1,1,Finland,domestic league (tier 1)
2019/05/20,Veikkausliiga,0,Vaasan PS,1414,1402.0,0 - 1,Rovaniemi PS,1453,1465.0,0,1,Finland,domestic league (tier 1)
2019/06/17,Veikkausliiga,0,Vaasan PS,1388,1379.0,1 - 2,Kuopion PS,1519,1528.0,1,2,Finland,domestic league (tier 1)
2019/06/29,Veikkausliiga,0,Vaasan PS,1385,1378.0,1 - 2,Ilves Tampere,1581,1588.0,1,2,Finland,domestic league (tier 1)
2019/07/20,Veikkausliiga,0,Vaasan PS,1364,1362.0,1 - 1,FC Lahti,1409,1411.0,1,1,Finland,domestic league (tier 1)
2019/08/03,Veikkausliiga,0,Vaasan PS,1370,1362.0,2 - 3,FC Honka,1540,1548.0,2,3,Finland,domestic league (tier 1)
2019/08/19,Veikkausliiga,0,Vaasan PS,1356,1366.0,2 - 1,IFK Mariehamn,1443,1433.0,2,1,Finland,domestic league (tier 1)
2019/08/31,Veikkausliiga,0,Vaasan PS,1360,1368.0,3 - 2,Helsingfors IFK,1399,1391.0,3,2,Finland,domestic league (tier 1)
2019/09/20,Veikkausliiga,0,Vaasan PS,1371,1360.0,1 - 2,FC Lahti,1429,1440.0,1,2,Finland,domestic league (tier 1)
2019/10/06,Veikkausliiga,0,Vaasan PS,1354,1343.0,2 - 3,Helsingfors IFK,1414,1425.0,2,3,Finland,domestic league (tier 1)
2020/07/11,Ykkönen,0,Vaasan PS,1348,1351.0,1 - 0,Myllykosken Pallo -47,1133,1130.0,1,0,Finland,domestic league (tier 2)
2020/07/15,Ykkönen,0,Vaasan PS,1351,1343.0,1 - 1,Musan Salama,1109,1117.0,1,1,Finland,domestic league (tier 2)
2020/07/24,Ykkönen,0,Vaasan PS,1334,1336.0,3 - 1,SJK Akatemia,1000,998.0,3,1,Finland,domestic league (tier 2)
2020/08/01,Ykkönen,0,Vaasan PS,1336,1348.0,4 - 1,KPV Kokkola,1319,1307.0,4,1,Finland,domestic league (tier 2)
2020/08/09,Ykkönen,0,Vaasan PS,1327,1320.0,1 - 1,AC Kajaani,1114,1121.0,1,1,Finland,domestic league (tier 2)
2020/08/22,Ykkönen,0,Vaasan PS,1307,1300.0,2 - 2,MP Mikkeli,1080,1087.0,2,2,Finland,domestic league (tier 2)
2020/09/05,Ykkönen,0,Vaasan PS,1306,1311.0,1 - 0,Ekenäs IF,1219,1214.0,1,0,Finland,domestic league (tier 2)
2020/09/16,Ykkönen,0,Vaasan PS,1322,1309.0,1 - 2,AC Oulu,1322,1335.0,1,2,Finland,domestic league (tier 2)
2020/09/30,Ykkönen,0,Vaasan PS,1315,1296.0,1 - 3,FF Jaro,1314,1333.0,1,3,Finland,domestic league (tier 2)
2020/10/25,Ykkönen,0,Vaasan PS,1320,1293.0,3 - 5,IF Gnistan,1068,1095.0,3,5,Finland,domestic league (tier 2)
2020/11/04,Ykkönen,0,Vaasan PS,1291,1272.0,2 - 4,KTP,1293,1312.0,2,4,Finland,domestic league (tier 2)
2021/05/12,Ykkönen,0,Vaasan PS,1301,1307.0,2 - 0,IF Gnistan,1157,1151.0,2,0,Finland,domestic league (tier 2)
2021/05/17,Ykkönen,0,Vaasan PS,1307,1302.0,2 - 2,KPV Kokkola,1228,1233.0,2,2,Finland,domestic league (tier 2)
2021/05/29,Ykkönen,0,Vaasan PS,1304,1309.0,3 - 0,MP Mikkeli,1098,1093.0,3,0,Finland,domestic league (tier 2)
2021/06/22,Ykkönen,0,Vaasan PS,1285,1281.0,2 - 2,Rovaniemi PS,1243,1247.0,2,2,Finland,domestic league (tier 2)
2021/06/30,Ykkönen,0,Vaasan PS,1281,1287.0,2 - 1,Ekenäs IF,1235,1229.0,2,1,Finland,domestic league (tier 2)
2021/07/28,Ykkönen,0,Vaasan PS,1283,1290.0,2 - 1,FF Jaro,1264,1257.0,2,1,Finland,domestic league (tier 2)
2021/08/08,Ykkönen,0,Vaasan PS,1305,1308.0,1 - 0,Jippo,1067,1064.0,1,0,Finland,domestic league (tier 2)
2021/08/22,Ykkönen,0,Vaasan PS,1296,1302.0,4 - 0,Musan Salama,1113,1107.0,4,0,Finland,domestic league (tier 2)
2021/09/01,Ykkönen,0,Vaasan PS,1295,1284.0,1 - 2,TPS Turku,1345,1356.0,1,2,Finland,domestic league (tier 2)
2021/09/11,Ykkönen,0,Vaasan PS,1284,1293.0,2 - 0,PK-35 Vantaa,1238,1229.0,2,0,Finland,domestic league (tier 2)
2021/09/15,Ykkönen,0,Vaasan PS,1293,1296.0,3 - 2,Klubi 04,1064,1061.0,3,2,Finland,domestic league (tier 2)
2021/09/25,Ykkönen,0,Vaasan PS,1307,1315.0,2 - 0,Ekenäs IF,1226,1218.0,2,0,Finland,domestic league (tier 2)
2021/10/02,Ykkönen,0,Vaasan PS,1315,1326.0,2 - 0,Rovaniemi PS,1308,1297.0,2,0,Finland,domestic league (tier 2)
2021/10/23,Ykkönen,0,Vaasan PS,1361,1346.0,0 - 1,FF Jaro,1253,1268.0,0,1,Finland,domestic league (tier 2)
2022/02/05,Finland League Cup,0,Vaasan PS,1344,1349.0,1 - 0,AC Oulu,1339,1334.0,1,0,Finland,domestic cup
2022/04/02,Veikkausliiga,0,Vaasan PS,1345,1342.0,2 - 2,AC Oulu,1329,1332.0,2,2,Finland,domestic league (tier 1)
2022/04/18,Veikkausliiga,0,Vaasan PS,1373,1368.0,0 - 1,HJK Helsinki,1656,1661.0,0,1,Finland,domestic league (tier 1)
2022/05/13,Veikkausliiga,0,Vaasan PS,1400,1390.0,0 - 1,SJK Seinäjoki,1502,1512.0,0,1,Finland,domestic league (tier 1)
2022/05/19,Veikkausliiga,0,Vaasan PS,1390,1382.0,1 - 2,Inter Turku,1547,1555.0,1,2,Finland,domestic league (tier 1)
2022/06/13,Finland Cup,0,Vaasan PS,1401,1406.0,0 - 0,HJK Helsinki,1670,1665.0,0,0,Finland,domestic cup
2022/06/22,Veikkausliiga,0,Vaasan PS,1430,1421.0,0 - 1,FC Honka,1567,1576.0,0,1,Finland,domestic league (tier 1)
2022/07/09,Veikkausliiga,0,Vaasan PS,1448,1426.0,1 - 3,IFK Mariehamn,1380,1402.0,1,3,Finland,domestic league (tier 1)
2022/07/23,Veikkausliiga,0,Vaasan PS,1421,1420.0,3 - 3,Haka Valkeakoski,1501,1502.0,3,3,Finland,domestic league (tier 1)
2022/08/06,Veikkausliiga,0,Vaasan PS,1413,1428.0,3 - 0,Ilves Tampere,1468,1453.0,3,0,Finland,domestic league (tier 1)
2022/08/20,Veikkausliiga,0,Vaasan PS,1433,1419.0,2 - 3,FC Lahti,1406,1420.0,2,3,Finland,domestic league (tier 1)
2022/08/28,Veikkausliiga,0,Vaasan PS,1419,1414.0,1 - 1,Helsingfors IFK,1346,1351.0,1,1,Finland,domestic league (tier 1)
2022/09/11,Veikkausliiga,0,Vaasan PS,1407,1401.0,0 - 1,Kuopion PS,1663,1669.0,0,1,Finland,domestic league (tier 1)
2022/10/02,Veikkausliiga,0,Vaasan PS,1432,1440.0,4 - 0,Helsingfors IFK,1296,1288.0,4,0,Finland,domestic league (tier 1)
2022/10/08,Veikkausliiga,0,Vaasan PS,1440,1448.0,2 - 1,AC Oulu,1475,1467.0,2,1,Finland,domestic league (tier 1)
2022/10/26,Veikkausliiga,0,Vaasan PS,1489,1469.0,0 - 3,Haka Valkeakoski,1545,1565.0,0,3,Finland,domestic league (tier 1)
2023/01/28,Finland League Cup,0,Vaasan PS,1484,1491.0,2 - 1,Haka Valkeakoski,1550,1543.0,2,1,Finland,domestic cup
2023/02/18,Finland League Cup,0,Vaasan PS,1488,1486.0,0 - 0,Ilves Tampere,1481,1483.0,0,0,Finland,domestic cup
2023/04/05,Veikkausliiga,0,Vaasan PS,1491,1486.0,0 - 0,FC Lahti,1386,1391.0,0,0,Finland,domestic league (tier 1)
2023/04/15,Veikkausliiga,0,Vaasan PS,1486,1478.0,0 - 1,HJK Helsinki,1674,1682.0,0,1,Finland,domestic league (tier 1)
2023/04/29,Veikkausliiga,0,Vaasan PS,1472,1472.0,0 - 0,FC Honka,1580,1580.0,0,0,Finland,domestic league (tier 1)
2023/05/05,Veikkausliiga,0,Vaasan PS,1472,1477.0,2 - 1,IFK Mariehamn,1369,1364.0,2,1,Finland,domestic league (tier 1)
2023/05/26,Veikkausliiga,0,Vaasan PS,1474,1455.0,0 - 2,Ilves Tampere,1477,1496.0,0,2,Finland,domestic league (tier 1)
2023/05/30,Finland Cup,0,Vaasan PS,1455,1460.0,3 - 1,OTP,1276,1271.0,3,1,Finland,domestic cup
2023/07/01,Veikkausliiga,0,Vaasan PS,1424,1442.0,3 - 0,Inter Turku,1528,1510.0,3,0,Finland,domestic league (tier 1)
2023/07/15,Veikkausliiga,0,Vaasan PS,1480,1496.0,3 - 0,AC Oulu,1554,1538.0,3,0,Finland,domestic league (tier 1)
2023/07/23,Veikkausliiga,0,Vaasan PS,1496,1508.0,4 - 1,Haka Valkeakoski,1478,1466.0,4,1,Finland,domestic league (tier 1)
2023/08/09,Veikkausliiga,0,Vaasan PS,1526,1534.0,3 - 2,SJK Seinäjoki,1547,1539.0,3,2,Finland,domestic league (tier 1)
2023/08/25,Veikkausliiga,0,Vaasan PS,1547,1550.0,2 - 1,KTP,1328,1325.0,2,1,Finland,domestic league (tier 1)
2023/09/29,Veikkausliiga,0,Vaasan PS,1604,1599.0,1 - 1,Inter Turku,1498,1503.0,1,1,Finland,domestic league (tier 1)
2023/10/08,Veikkausliiga,0,Vaasan PS,1599,1609.0,3 - 2,HJK Helsinki,1704,1694.0,3,2,Finland,domestic league (tier 1)
2024/01/27,Finland League Cup,0,Vaasan PS,1624,1627.0,2 - 1,SJK Seinäjoki,1496,1493.0,2,1,Finland,domestic cup
2024/02/17,Finland League Cup,0,Vaasan PS,1606,1602.0,1 - 1,AC Oulu,1468,1472.0,1,1,Finland,domestic cup
2024/02/24,Finland League Cup,0,Vaasan PS,1602,1591.0,0 - 1,Haka Valkeakoski,1496,1507.0,0,1,Finland,domestic cup
2024/04/12,Veikkausliiga,0,Vaasan PS,1601,1596.0,1 - 1,SJK Seinäjoki,1495,1500.0,1,1,Finland,domestic league (tier 1)
2024/04/20,Veikkausliiga,0,Vaasan PS,1596,1598.0,3 - 2,IF Gnistan,1345,1343.0,3,2,Finland,domestic league (tier 1)
2024/05/03,Veikkausliiga,0,Vaasan PS,1607,1612.0,3 - 0,FC Lahti,1383,1378.0,3,0,Finland,domestic league (tier 1)
2024/05/22,Veikkausliiga,0,Vaasan PS,1620,1603.0,1 - 3,Kuopion PS,1663,1680.0,1,3,Finland,domestic league (tier 1)
2024/05/27,Veikkausliiga,0,Vaasan PS,1603,1608.0,3 - 1,Inter Turku,1439,1434.0,3,1,Finland,domestic league (tier 1)
2024/06/07,Veikkausliiga,0,Vaasan PS,1613,1608.0,1 - 1,Ilves Tampere,1534,1539.0,1,1,Finland,domestic league (tier 1)
2024/06/19,Veikkausliiga,0,Vaasan PS,1605,1599.0,1 - 1,AC Oulu,1445,1451.0,1,1,Finland,domestic league (tier 1)
2024/07/06,Veikkausliiga,0,Vaasan PS,1567,1549.0,2 - 3,Ekenäs IF,1302,1320.0,2,3,Finland,domestic league (tier 1)
2024/07/28,Veikkausliiga,0,Vaasan PS,1523,1527.0,2 - 1,IFK Mariehamn,1375,1371.0,2,1,Finland,domestic league (tier 1)
2024/08/18,Veikkausliiga,0,Vaasan PS,1497,1505.0,3 - 2,Haka Valkeakoski,1523,1515.0,3,2,Finland,domestic league (tier 1)
2024/09/01,Veikkausliiga,0,Vaasan PS,1504,1488.0,1 - 3,HJK Helsinki,1592,1608.0,1,3,Finland,domestic league (tier 1)
2025/01/25,Finland League Cup,0,Vaasan PS,1488,1491.0,2 - 0,FF Jaro,1247,1244.0,2,0,Finland,domestic cup
2025/02/08,Finland League Cup,0,Vaasan PS,1487,1491.0,2 - 1,AC Oulu,1412,1408.0,2,1,Finland,domestic cup
2025/04/05,Veikkausliiga,0,Vaasan PS,1498,1503.0,4 - 3,AC Oulu,1415,1410.0,4,3,Finland,domestic league (tier 1)
2025/04/19,Veikkausliiga,0,Vaasan PS,1500,1484.0,0 - 2,Inter Turku,1578,1594.0,0,2,Finland,domestic league (tier 1)
2025/05/02,Veikkausliiga,0,Vaasan PS,1477,1487.0,1 - 0,Ilves Tampere,1572,1562.0,1,0,Finland,domestic league (tier 1)
2025/05/17,Veikkausliiga,0,Vaasan PS,1501,1493.0,0 - 0,FF Jaro,1256,1264.0,0,0,Finland,domestic league (tier 1)
2025/06/18,Veikkausliiga,0,Vaasan PS,1519,1514.0,0 - 0,IF Gnistan,1441,1446.0,0,0,Finland,domestic league (tier 1)
2025/07/02,Veikkausliiga,0,Vaasan PS,1503,1489.0,1 - 2,Haka Valkeakoski,1452,1466.0,1,2,Finland,domestic league (tier 1)
2025/07/05,Veikkausliiga,0,Vaasan PS,1489,1475.0,0 - 2,HJK Helsinki,1610,1624.0,0,2,Finland,domestic league (tier 1)
2025/07/19,Veikkausliiga,0,Vaasan PS,1471,1472.0,1 - 1,Kuopion PS,1619,1618.0,1,1,Finland,domestic league (tier 1)
2025/08/01,Veikkausliiga,0,Vaasan PS,1470,1464.0,1 - 1,IFK Mariehamn,1317,1323.0,1,1,Finland,domestic league (tier 1)
2025/08/10,Veikkausliiga,0,Vaasan PS,1464,1452.0,1 - 2,SJK Seinäjoki,1510,1522.0,1,2,Finland,domestic league (tier 1)
2025/08/22,Veikkausliiga,0,Vaasan PS,1455,1458.0,3 - 2,KTP,1278,1275.0,3,2,Finland,domestic league (tier 1)
2025/09/13,Veikkausliiga,0,Vaasan PS,1455,1458.0,2 - 1,KTP,1268,1265.0,2,1,Finland,domestic league (tier 1)
2025/09/26,Veikkausliiga,0,Vaasan PS,1447,1453.0,1 - 0,Haka Valkeakoski,1379,1373.0,1,0,Finland,domestic league (tier 1)
2025/10/18,Veikkausliiga,0,Vaasan PS,1439,1416.0,1 - 3,FF Jaro,1320,1343.0,1,3,Finland,domestic league (tier 1)
2026/01/24,Finland League Cup,0,Vaasan PS,1416,1398.0,1 - 4,AC Oulu,1372,1390.0,1,4,Finland,domestic cup
2026/02/07,Finland League Cup,0,Vaasan PS,1396,1391.0,1 - 2,Ilves Tampere,1626,1631.0,1,2,Finland,domestic cup
2026/04/10,Veikkausliiga,0,Vaasan PS,1419,1414.0,0 - 0,FF Jaro,1346,1351.0,0,0,Finland,domestic league (tier 1)
2026/04/24,Veikkausliiga,0,Vaasan PS,1408,1421.0,3 - 2,Ilves Tampere,1605,1592.0,3,2,Finland,domestic league (tier 1)
2026/05/09,Veikkausliiga,0,Vaasan PS,1432,1428.0,1 - 1,IF Gnistan,1390,1394.0,1,1,Finland,domestic league (tier 1)
2026/05/13,Finland Cup,0,Vaasan PS,1428,1436.0,7 - 0,ÅIFK Turku,1259,1251.0,7,0,Finland,domestic cup
2026/05/22,Veikkausliiga,0,Vaasan PS,1438,1449.0,2 - 1,HJK Helsinki,1576,1565.0,2,1,Finland,domestic league (tier 1)
2026/05/26,Finland Cup,0,Vaasan PS,1449,1457.0,4 - 0,Haka Valkeakoski,1334,1326.0,4,0,Finland,domestic cup
2026/06/13,Veikkausliiga,0,Vaasan PS,1453,1455.0,1 - 1,Kuopion PS,1615,1613.0,1,1,Finland,domestic league (tier 1)
2026/06/23,Veikkausliiga,0,Vaasan PS,1469,1485.0,5 - 1,AC Oulu,1509,1493.0,5,1,Finland,domestic league (tier 1)
2026/06/30,Finland Cup,0,Vaasan PS,1487,1479.0,2 - 3,Inter Turku,1663,1671.0,2,3,Finland,domestic cup
2026/07/04,Veikkausliiga,0,Vaasan PS,1479,1485.0,4 - 0,IFK Mariehamn,1303,1297.0,4,0,Finland,domestic league (tier 1)
2026/07/10,Veikkausliiga,0,Vaasan PS,1485,1492.0,1 - 0,SJK Seinäjoki,1489,1482.0,1,0,Finland,domestic league (tier 1)
2026/08/02,Veikkausliiga,0,Vaasan PS,1482,1475.0,0 - 1,Inter Turku,1672,1679.0,0,1,Finland,domestic league (tier 1)
2026/08/14,Veikkausliiga,0,Vaasan PS,1490,1466.0,1 - 3,TPS Turku,1362,1386.0,1,3,Finland,domestic league (tier 1)
2026/08/31,Veikkausliiga,0,Vaasan PS,1481,1468.0,0 - 1,FC Lahti,1457,1470.0,0,1,Finland,domestic league (tier 1)
2023/04/25,Finland Cup,0,ÅIFK Turku,1287,1259.0,0 - 4,Ekenäs IF,1196,1224.0,0,4,Finland,domestic cup
