Date,Competition,Neutral Venue,Home,PreHElo,PostHElo,Result,Away,PreAElo,PostAElo,Home Goals,Away Goals,Country,Category
2018/08/18,Premier Division Gibraltar,0,Boca Gibraltar,680,671.0,0 - 3,Mons Calpe S.C.,974,983.0,0,3,Gibraltor,domestic league (tier 1)
2018/10/02,Premier Division Gibraltar,0,Boca Gibraltar,669,659.0,0 - 2,Glacis United FC,897,907.0,0,2,Gibraltor,domestic league (tier 1)
2018/10/27,Premier Division Gibraltar,0,Boca Gibraltar,675,663.0,2 - 5,Gibraltar Phoenix,881,893.0,2,5,Gibraltor,domestic league (tier 1)
2018/11/22,Premier Division Gibraltar,0,Boca Gibraltar,663,672.0,1 - 0,Lions Gibraltar,735,726.0,1,0,Gibraltor,domestic league (tier 1)
2018/11/27,Premier Division Gibraltar,0,Boca Gibraltar,672,665.0,0 - 4,Gibraltar United FC,1028,1035.0,0,4,Gibraltor,domestic league (tier 1)
2018/12/06,Premier Division Gibraltar,0,Boca Gibraltar,664,672.0,1 - 1,St. Josephs FC,1135,1127.0,1,1,Gibraltor,domestic league (tier 1)
2019/02/02,Premier Division Gibraltar,0,Boca Gibraltar,660,658.0,0 - 11,Lincoln Red Imps,1293,1295.0,0,11,Gibraltor,domestic league (tier 1)
2019/02/23,Premier Division Gibraltar,0,Boca Gibraltar,652,649.0,0 - 9,Europa FC,1253,1256.0,0,9,Gibraltor,domestic league (tier 1)
2019/03/09,Premier Division Gibraltar,0,Boca Gibraltar,648,641.0,0 - 5,Mons Calpe S.C.,1012,1019.0,0,5,Gibraltor,domestic league (tier 1)
2019/04/07,Premier Division Gibraltar,0,Boca Gibraltar,638,630.0,2 - 3,Glacis United FC,824,832.0,2,3,Gibraltor,domestic league (tier 1)
2019/04/25,Premier Division Gibraltar,0,Boca Gibraltar,627,615.0,0 - 8,Gibraltar Phoenix,920,932.0,0,8,Gibraltor,domestic league (tier 1)
2019/05/11,Premier Division Gibraltar,0,Boca Gibraltar,615,589.0,0 - 7,Lions Gibraltar,668,694.0,0,7,Gibraltor,domestic league (tier 1)
2019/09/19,Premier Division Gibraltar,0,Boca Gibraltar,592,585.0,1 - 3,Lynx FC,898,905.0,1,3,Gibraltor,domestic league (tier 1)
2019/09/29,Premier Division Gibraltar,0,Boca Gibraltar,585,593.0,1 - 1,Mons Calpe S.C.,1050,1042.0,1,1,Gibraltor,domestic league (tier 1)
2019/10/19,Premier Division Gibraltar,0,Boca Gibraltar,593,591.0,1 - 1,Europa Point FC,606,608.0,1,1,Gibraltor,domestic league (tier 1)
2019/11/04,Premier Division Gibraltar,0,Boca Gibraltar,613,602.0,1 - 2,FCB Magpies,661,672.0,1,2,Gibraltor,domestic league (tier 1)
2019/11/27,Premier Division Gibraltar,0,Boca Gibraltar,602,601.0,1 - 8,Lincoln Red Imps,1291,1292.0,1,8,Gibraltor,domestic league (tier 1)
2020/01/14,Premier Division Gibraltar,0,Boca Gibraltar,618,598.0,2 - 4,Europa Point FC,590,610.0,2,4,Gibraltor,domestic league (tier 1)
2020/01/28,Premier Division Gibraltar,0,Boca Gibraltar,603,598.0,0 - 2,Mons Calpe S.C.,993,998.0,0,2,Gibraltor,domestic league (tier 1)
2020/02/20,Premier Division Gibraltar,0,Boca Gibraltar,613,619.0,7 - 5,College 1975 FC,460,454.0,7,5,Gibraltor,domestic league (tier 1)
2020/10/25,Premier Division Gibraltar,0,Boca Gibraltar,612,619.0,6 - 1,College 1975 FC,457,450.0,6,1,Gibraltor,domestic league (tier 1)
2020/12/05,Premier Division Gibraltar,0,Boca Gibraltar,637,630.0,0 - 3,Mons Calpe S.C.,990,997.0,0,3,Gibraltor,domestic league (tier 1)
2019/08/24,Premier Division Gibraltar,0,College 1975 FC,587,582.0,1 - 9,Mons Calpe S.C.,1044,1049.0,1,9,Gibraltor,domestic league (tier 1)
2019/09/15,Premier Division Gibraltar,0,College 1975 FC,582,565.0,1 - 3,FCB Magpies,644,661.0,1,3,Gibraltor,domestic league (tier 1)
2019/09/30,Premier Division Gibraltar,0,College 1975 FC,565,548.0,0 - 3,Manchester 62 FC,676,693.0,0,3,Gibraltor,domestic league (tier 1)
2019/10/24,Premier Division Gibraltar,0,College 1975 FC,548,526.0,0 - 4,Boca Gibraltar,591,613.0,0,4,Gibraltor,domestic league (tier 1)
2019/11/01,Premier Division Gibraltar,0,College 1975 FC,526,525.0,0 - 12,Europa FC,1278,1279.0,0,12,Gibraltor,domestic league (tier 1)
2019/11/28,Premier Division Gibraltar,0,College 1975 FC,520,505.0,1 - 6,Lions Gibraltar,705,720.0,1,6,Gibraltor,domestic league (tier 1)
2020/01/23,Premier Division Gibraltar,0,College 1975 FC,491,473.0,2 - 6,Europa Point FC,610,628.0,2,6,Gibraltor,domestic league (tier 1)
2020/02/06,Premier Division Gibraltar,0,College 1975 FC,467,460.0,1 - 2,Glacis United FC,689,696.0,1,2,Gibraltor,domestic league (tier 1)
2020/02/26,Premier Division Gibraltar,0,College 1975 FC,454,451.0,0 - 6,Mons Calpe S.C.,994,997.0,0,6,Gibraltor,domestic league (tier 1)
2020/10/19,Premier Division Gibraltar,0,College 1975 FC,458,457.0,0 - 8,Lincoln Red Imps,1275,1276.0,0,8,Gibraltor,domestic league (tier 1)
2020/11/02,Premier Division Gibraltar,0,College 1975 FC,450,447.0,0 - 6,Mons Calpe S.C.,998,1001.0,0,6,Gibraltor,domestic league (tier 1)
2020/11/23,Premier Division Gibraltar,0,College 1975 FC,447,443.0,1 - 7,Lynx FC,937,941.0,1,7,Gibraltor,domestic league (tier 1)
2020/12/05,Premier Division Gibraltar,0,College 1975 FC,440,428.0,1 - 5,Glacis United FC,680,692.0,1,5,Gibraltor,domestic league (tier 1)
2020/12/19,Premier Division Gibraltar,0,College 1975 FC,428,416.0,1 - 3,Europa Point FC,606,618.0,1,3,Gibraltor,domestic league (tier 1)
2021/02/27,Premier Division Gibraltar,0,College 1975 FC,415,406.0,0 - 3,FCB Magpies,710,719.0,0,3,Gibraltor,domestic league (tier 1)
2021/03/12,Premier Division Gibraltar,0,College 1975 FC,406,428.0,4 - 1,Europa Point FC,600,578.0,4,1,Gibraltor,domestic league (tier 1)
2021/04/09,Premier Division Gibraltar,0,College 1975 FC,431,420.0,1 - 8,FCB Magpies,732,743.0,1,8,Gibraltor,domestic league (tier 1)
2021/04/25,Premier Division Gibraltar,0,College 1975 FC,450,442.0,0 - 2,Glacis United FC,724,732.0,0,2,Gibraltor,domestic league (tier 1)
2021/05/02,Premier Division Gibraltar,0,College 1975 FC,442,444.0,0 - 0,Manchester 62 FC,624,622.0,0,0,Gibraltor,domestic league (tier 1)
2021/10/30,Premier Division Gibraltar,0,College 1975 FC,439,447.0,2 - 1,Europa Point FC,467,459.0,2,1,Gibraltor,domestic league (tier 1)
2021/11/28,Premier Division Gibraltar,0,College 1975 FC,447,444.0,0 - 2,Lynx FC,905,908.0,0,2,Gibraltor,domestic league (tier 1)
2021/12/11,Premier Division Gibraltar,0,College 1975 FC,442,435.0,0 - 2,Glacis United FC,759,766.0,0,2,Gibraltor,domestic league (tier 1)
2022/01/08,Premier Division Gibraltar,0,College 1975 FC,434,433.0,0 - 3,St. Josephs FC,1235,1236.0,0,3,Gibraltor,domestic league (tier 1)
2022/01/21,Premier Division Gibraltar,0,College 1975 FC,433,427.0,0 - 2,FCB Magpies,763,769.0,0,2,Gibraltor,domestic league (tier 1)
2022/02/16,Premier Division Gibraltar,0,College 1975 FC,423,441.0,1 - 0,Lynx FC,879,861.0,1,0,Gibraltor,domestic league (tier 1)
2022/02/26,Premier Division Gibraltar,0,College 1975 FC,441,454.0,1 - 0,Lions Gibraltar,646,633.0,1,0,Gibraltor,domestic league (tier 1)
2022/03/16,Premier Division Gibraltar,0,College 1975 FC,475,478.0,1 - 1,Manchester 62 FC,686,683.0,1,1,Gibraltor,domestic league (tier 1)
2022/04/26,Premier Division Gibraltar,0,College 1975 FC,485,499.0,5 - 1,Europa Point FC,500,486.0,5,1,Gibraltor,domestic league (tier 1)
2022/10/02,Premier Division Gibraltar,0,College 1975 FC,499,474.0,0 - 4,Europa Point FC,486,511.0,0,4,Gibraltor,domestic league (tier 1)
2022/10/15,Premier Division Gibraltar,0,College 1975 FC,472,487.0,1 - 0,Glacis United FC,780,765.0,1,0,Gibraltor,domestic league (tier 1)
2022/11/26,Premier Division Gibraltar,0,College 1975 FC,479,479.0,0 - 5,Lincoln Red Imps,1412,1412.0,0,5,Gibraltor,domestic league (tier 1)
2022/12/11,Premier Division Gibraltar,0,College 1975 FC,479,475.0,0 - 4,FCB Magpies,940,944.0,0,4,Gibraltor,domestic league (tier 1)
2022/12/21,Premier Division Gibraltar,0,College 1975 FC,470,469.0,1 - 4,St. Josephs FC,1164,1165.0,1,4,Gibraltor,domestic league (tier 1)
2023/01/21,Premier Division Gibraltar,0,College 1975 FC,469,458.0,2 - 4,Manchester 62 FC,653,664.0,2,4,Gibraltor,domestic league (tier 1)
2023/02/05,Premier Division Gibraltar,0,College 1975 FC,461,484.0,4 - 1,Lions Gibraltar,669,646.0,4,1,Gibraltor,domestic league (tier 1)
2023/04/09,Premier Division Gibraltar,0,College 1975 FC,478,475.0,2 - 2,Europa Point FC,468,471.0,2,2,Gibraltor,domestic league (tier 1)
2023/04/22,Premier Division Gibraltar,0,College 1975 FC,482,479.0,2 - 3,Mons Calpe S.C.,877,880.0,2,3,Gibraltor,domestic league (tier 1)
2023/09/27,Premier Division Gibraltar,0,College 1975 FC,514,524.0,2 - 1,Lions Gibraltar,630,620.0,2,1,Gibraltor,domestic league (tier 1)
2023/10/03,Premier Division Gibraltar,0,College 1975 FC,524,522.0,0 - 3,St. Josephs FC,1152,1154.0,0,3,Gibraltor,domestic league (tier 1)
2023/10/29,Premier Division Gibraltar,0,College 1975 FC,541,538.0,2 - 6,FCB Magpies,1050,1053.0,2,6,Gibraltor,domestic league (tier 1)
2023/11/25,Premier Division Gibraltar,0,College 1975 FC,535,507.0,0 - 5,Europa Point FC,489,517.0,0,5,Gibraltor,domestic league (tier 1)
2023/12/09,Premier Division Gibraltar,0,College 1975 FC,503,498.0,1 - 3,Mons Calpe S.C.,868,873.0,1,3,Gibraltor,domestic league (tier 1)
2024/01/19,Premier Division Gibraltar,0,College 1975 FC,503,502.0,2 - 3,Europa FC,1095,1096.0,2,3,Gibraltor,domestic league (tier 1)
2024/02/10,Premier Division Gibraltar,0,College 1975 FC,502,497.0,0 - 2,Lynx FC,887,892.0,0,2,Gibraltor,domestic league (tier 1)
2024/02/25,Premier Division Gibraltar,0,College 1975 FC,496,499.0,1 - 1,Glacis United FC,696,693.0,1,1,Gibraltor,domestic league (tier 1)
2024/03/10,Premier Division Gibraltar,0,College 1975 FC,490,481.0,2 - 4,Manchester 62 FC,749,758.0,2,4,Gibraltor,domestic league (tier 1)
2024/04/13,Premier Division Gibraltar,0,College 1975 FC,480,480.0,0 - 6,Lincoln Red Imps,1382,1382.0,0,6,Gibraltor,domestic league (tier 1)
2024/08/24,Premier Division Gibraltar,0,College 1975 FC,498,497.0,0 - 4,St. Josephs FC,1198,1199.0,0,4,Gibraltor,domestic league (tier 1)
2024/09/20,Premier Division Gibraltar,0,College 1975 FC,493,482.0,0 - 2,Glacis United FC,696,707.0,0,2,Gibraltor,domestic league (tier 1)
2024/10/05,Premier Division Gibraltar,0,College 1975 FC,480,481.0,0 - 0,Europa Point FC,624,623.0,0,0,Gibraltor,domestic league (tier 1)
2024/10/26,Premier Division Gibraltar,0,College 1975 FC,491,488.0,0 - 5,FCB Magpies,1023,1026.0,0,5,Gibraltor,domestic league (tier 1)
2024/11/10,Premier Division Gibraltar,0,College 1975 FC,488,504.0,2 - 1,Lynx FC,823,807.0,2,1,Gibraltor,domestic league (tier 1)
2024/11/24,Premier Division Gibraltar,0,College 1975 FC,504,502.0,0 - 3,Europa FC,1065,1067.0,0,3,Gibraltor,domestic league (tier 1)
2024/12/06,Premier Division Gibraltar,0,College 1975 FC,502,503.0,1 - 1,Lions Gibraltar,654,653.0,1,1,Gibraltor,domestic league (tier 1)
2025/01/08,Premier Division Gibraltar,0,College 1975 FC,520,547.0,4 - 0,Mons Calpe S.C.,783,756.0,4,0,Gibraltor,domestic league (tier 1)
2025/02/09,Premier Division Gibraltar,0,College 1975 FC,568,559.0,0 - 2,Manchester 62 FC,828,837.0,0,2,Gibraltor,domestic league (tier 1)
2025/03/09,Premier Division Gibraltar,0,College 1975 FC,558,558.0,0 - 2,Lincoln Red Imps,1391,1391.0,0,2,Gibraltor,domestic league (tier 1)
2025/08/16,Premier Division Gibraltar,0,College 1975 FC,554,537.0,0 - 5,Mons Calpe S.C.,710,727.0,0,5,Gibraltor,domestic league (tier 1)
2025/08/31,Premier Division Gibraltar,0,College 1975 FC,537,528.0,0 - 1,Glacis United FC,679,688.0,0,1,Gibraltor,domestic league (tier 1)
2025/09/15,Premier Division Gibraltar,0,College 1975 FC,528,527.0,1 - 1,FC Hound Dogs,578,579.0,1,1,Gibraltor,domestic league (tier 1)
2025/09/27,Premier Division Gibraltar,0,College 1975 FC,522,527.0,0 - 0,Lynx FC,809,804.0,0,0,Gibraltor,domestic league (tier 1)
2025/10/18,Premier Division Gibraltar,0,College 1975 FC,520,520.0,0 - 3,Lincoln Red Imps,1428,1428.0,0,3,Gibraltor,domestic league (tier 1)
2025/11/08,Premier Division Gibraltar,0,College 1975 FC,539,533.0,0 - 2,FCB Magpies,882,888.0,0,2,Gibraltor,domestic league (tier 1)
2025/11/30,Premier Division Gibraltar,0,College 1975 FC,552,551.0,1 - 5,St. Josephs FC,1272,1273.0,1,5,Gibraltor,domestic league (tier 1)
2025/12/22,Premier Division Gibraltar,0,College 1975 FC,574,563.0,0 - 2,Lions Gibraltar,771,782.0,0,2,Gibraltor,domestic league (tier 1)
2026/01/16,Premier Division Gibraltar,0,College 1975 FC,571,559.0,3 - 4,Europa Point FC,587,599.0,3,4,Gibraltor,domestic league (tier 1)
2026/02/07,Premier Division Gibraltar,0,College 1975 FC,559,557.0,0 - 1,Europa FC,1065,1067.0,0,1,Gibraltor,domestic league (tier 1)
2026/02/21,Premier Division Gibraltar,0,College 1975 FC,557,559.0,1 - 1,Manchester 62 FC,733,731.0,1,1,Gibraltor,domestic league (tier 1)
2026/08/29,Premier Division Gibraltar,0,College 1975 FC,557,551.0,1 - 2,Lions Gibraltar,813,819.0,1,2,Gibraltor,domestic league (tier 1)
2016/09/24,Premier Division Gibraltar,0,Europa FC,1181,1183.0,2 - 1,Lions Gibraltar,938,936.0,2,1,Gibraltor,domestic league (tier 1)
2016/10/02,Premier Division Gibraltar,0,Europa FC,1183,1184.0,2 - 1,Europa Point FC,683,682.0,2,1,Gibraltor,domestic league (tier 1)
2016/10/22,Premier Division Gibraltar,0,Europa FC,1195,1207.0,1 - 0,Lincoln Red Imps,1370,1358.0,1,0,Gibraltor,domestic league (tier 1)
2016/11/05,Premier Division Gibraltar,0,Europa FC,1211,1204.0,1 - 1,St. Josephs FC,1037,1044.0,1,1,Gibraltor,domestic league (tier 1)
2016/11/27,Premier Division Gibraltar,0,Europa FC,1215,1217.0,3 - 0,Gibraltar United FC,783,781.0,3,0,Gibraltor,domestic league (tier 1)
2017/01/07,Premier Division Gibraltar,0,Europa FC,1236,1239.0,8 - 0,Manchester 62 FC,863,860.0,8,0,Gibraltor,domestic league (tier 1)
2017/01/22,Premier Division Gibraltar,0,Europa FC,1233,1234.0,2 - 0,Mons Calpe S.C.,812,811.0,2,0,Gibraltor,domestic league (tier 1)
2017/02/05,Premier Division Gibraltar,0,Europa FC,1249,1251.0,3 - 1,Lynx FC,892,890.0,3,1,Gibraltor,domestic league (tier 1)
2017/02/25,Premier Division Gibraltar,0,Europa FC,1253,1255.0,4 - 3,Glacis United FC,943,941.0,4,3,Gibraltor,domestic league (tier 1)
2017/03/03,Premier Division Gibraltar,0,Europa FC,1255,1256.0,1 - 0,Lions Gibraltar,843,842.0,1,0,Gibraltor,domestic league (tier 1)
2017/03/19,Premier Division Gibraltar,0,Europa FC,1256,1257.0,13 - 1,Europa Point FC,638,637.0,13,1,Gibraltor,domestic league (tier 1)
2017/04/08,Premier Division Gibraltar,0,Europa FC,1262,1245.0,1 - 4,Lincoln Red Imps,1376,1393.0,1,4,Gibraltor,domestic league (tier 1)
2017/04/30,Premier Division Gibraltar,0,Europa FC,1250,1254.0,2 - 1,St. Josephs FC,1101,1097.0,2,1,Gibraltor,domestic league (tier 1)
2017/05/12,Premier Division Gibraltar,0,Europa FC,1258,1260.0,7 - 0,Gibraltar United FC,785,783.0,7,0,Gibraltor,domestic league (tier 1)
2017/10/27,Premier Division Gibraltar,0,Europa FC,1233,1235.0,2 - 1,Glacis United FC,938,936.0,2,1,Gibraltor,domestic league (tier 1)
2017/11/17,Premier Division Gibraltar,0,Europa FC,1237,1239.0,2 - 0,Lynx FC,861,859.0,2,0,Gibraltor,domestic league (tier 1)
2017/11/30,Premier Division Gibraltar,0,Europa FC,1243,1245.0,3 - 0,Mons Calpe S.C.,873,871.0,3,0,Gibraltor,domestic league (tier 1)
2017/12/03,Premier Division Gibraltar,0,Europa FC,1245,1247.0,4 - 0,Gibraltar United FC,840,838.0,4,0,Gibraltor,domestic league (tier 1)
2018/02/15,Premier Division Gibraltar,0,Europa FC,1250,1252.0,1 - 1,Lincoln Red Imps,1417,1415.0,1,1,Gibraltor,domestic league (tier 1)
2018/03/06,Premier Division Gibraltar,0,Europa FC,1256,1257.0,3 - 1,Gibraltar Phoenix,827,826.0,3,1,Gibraltor,domestic league (tier 1)
2018/03/09,Premier Division Gibraltar,0,Europa FC,1257,1262.0,2 - 0,St. Josephs FC,1070,1065.0,2,0,Gibraltor,domestic league (tier 1)
2018/03/13,Premier Division Gibraltar,0,Europa FC,1262,1243.0,0 - 1,Lions Gibraltar,842,861.0,0,1,Gibraltor,domestic league (tier 1)
2018/04/01,Premier Division Gibraltar,0,Europa FC,1249,1250.0,4 - 1,Manchester 62 FC,760,759.0,4,1,Gibraltor,domestic league (tier 1)
2018/04/18,Premier Division Gibraltar,0,Europa FC,1232,1234.0,1 - 0,Mons Calpe S.C.,951,949.0,1,0,Gibraltor,domestic league (tier 1)
2018/05/04,Premier Division Gibraltar,0,Europa FC,1240,1242.0,2 - 0,Glacis United FC,900,898.0,2,0,Gibraltor,domestic league (tier 1)
2018/05/16,Premier Division Gibraltar,0,Europa FC,1257,1238.0,1 - 2,Lynx FC,793,812.0,1,2,Gibraltor,domestic league (tier 1)
2018/06/02,Premier Division Gibraltar,0,Europa FC,1250,1252.0,2 - 1,Gibraltar United FC,998,996.0,2,1,Gibraltor,domestic league (tier 1)
2018/08/16,Premier Division Gibraltar,0,Europa FC,1247,1249.0,2 - 1,Mons Calpe S.C.,976,974.0,2,1,Gibraltor,domestic league (tier 1)
2018/08/25,Premier Division Gibraltar,0,Europa FC,1242,1244.0,2 - 0,Gibraltar Phoenix,856,854.0,2,0,Gibraltor,domestic league (tier 1)
2018/10/20,Premier Division Gibraltar,0,Europa FC,1247,1231.0,2 - 3,St. Josephs FC,1126,1142.0,2,3,Gibraltor,domestic league (tier 1)
2018/11/03,Premier Division Gibraltar,0,Europa FC,1246,1248.0,4 - 0,Lynx FC,820,818.0,4,0,Gibraltor,domestic league (tier 1)
2018/12/01,Premier Division Gibraltar,0,Europa FC,1242,1243.0,3 - 0,Boca Gibraltar,665,664.0,3,0,Gibraltor,domestic league (tier 1)
2018/12/15,Premier Division Gibraltar,0,Europa FC,1249,1250.0,1 - 0,Glacis United FC,864,863.0,1,0,Gibraltor,domestic league (tier 1)
2019/01/08,Premier Division Gibraltar,0,Europa FC,1250,1251.0,5 - 1,Lions Gibraltar,726,725.0,5,1,Gibraltor,domestic league (tier 1)
2019/01/26,Premier Division Gibraltar,0,Europa FC,1261,1263.0,1 - 0,Gibraltar United FC,987,985.0,1,0,Gibraltor,domestic league (tier 1)
2019/02/16,Premier Division Gibraltar,0,Europa FC,1255,1253.0,1 - 1,Lincoln Red Imps,1295,1297.0,1,1,Gibraltor,domestic league (tier 1)
2019/03/01,Premier Division Gibraltar,0,Europa FC,1256,1258.0,4 - 3,Mons Calpe S.C.,1014,1012.0,4,3,Gibraltor,domestic league (tier 1)
2019/03/29,Premier Division Gibraltar,0,Europa FC,1263,1266.0,3 - 0,Gibraltar Phoenix,938,935.0,3,0,Gibraltor,domestic league (tier 1)
2019/04/13,Premier Division Gibraltar,0,Europa FC,1269,1276.0,2 - 0,St. Josephs FC,1152,1145.0,2,0,Gibraltor,domestic league (tier 1)
2019/05/04,Premier Division Gibraltar,0,Europa FC,1271,1273.0,5 - 0,Lynx FC,839,837.0,5,0,Gibraltor,domestic league (tier 1)
2019/05/18,Premier Division Gibraltar,0,Europa FC,1264,1265.0,13 - 1,Boca Gibraltar,589,588.0,13,1,Gibraltor,domestic league (tier 1)
2019/08/16,Premier Division Gibraltar,0,Europa FC,1263,1277.0,4 - 1,Lincoln Red Imps,1289,1275.0,4,1,Gibraltor,domestic league (tier 1)
2019/09/15,Premier Division Gibraltar,0,Europa FC,1278,1278.0,1 - 0,Europa Point FC,591,591.0,1,0,Gibraltor,domestic league (tier 1)
2019/09/25,Premier Division Gibraltar,0,Europa FC,1280,1275.0,2 - 2,St. Josephs FC,1185,1190.0,2,2,Gibraltor,domestic league (tier 1)
2019/11/23,Premier Division Gibraltar,0,Europa FC,1279,1279.0,6 - 1,Boca Gibraltar,602,602.0,6,1,Gibraltor,domestic league (tier 1)
2019/11/29,Premier Division Gibraltar,0,Europa FC,1279,1280.0,6 - 2,Glacis United FC,759,758.0,6,2,Gibraltor,domestic league (tier 1)
2019/12/11,Premier Division Gibraltar,0,Europa FC,1282,1284.0,2 - 0,Lynx FC,922,920.0,2,0,Gibraltor,domestic league (tier 1)
2020/01/17,Premier Division Gibraltar,0,Europa FC,1296,1297.0,5 - 0,Lions Gibraltar,745,744.0,5,0,Gibraltor,domestic league (tier 1)
2020/01/25,Premier Division Gibraltar,0,Europa FC,1297,1305.0,3 - 1,St. Josephs FC,1219,1211.0,3,1,Gibraltor,domestic league (tier 1)
2020/02/07,Premier Division Gibraltar,0,Europa FC,1323,1325.0,5 - 0,Lynx FC,932,930.0,5,0,Gibraltor,domestic league (tier 1)
2020/10/31,Premier Division Gibraltar,0,Europa FC,1330,1326.0,2 - 2,Lincoln Red Imps,1277,1281.0,2,2,Gibraltor,domestic league (tier 1)
2020/11/22,Premier Division Gibraltar,0,Europa FC,1326,1329.0,3 - 0,Mons Calpe S.C.,1001,998.0,3,0,Gibraltor,domestic league (tier 1)
2020/12/04,Premier Division Gibraltar,0,Europa FC,1330,1332.0,3 - 1,Lynx FC,933,931.0,3,1,Gibraltor,domestic league (tier 1)
2020/12/18,Premier Division Gibraltar,0,Europa FC,1333,1333.0,1 - 0,Glacis United FC,680,680.0,1,0,Gibraltor,domestic league (tier 1)
2021/03/02,Premier Division Gibraltar,0,Europa FC,1351,1351.0,9 - 0,College 1975 FC,406,406.0,9,0,Gibraltor,domestic league (tier 1)
2021/03/10,Premier Division Gibraltar,0,Europa FC,1351,1325.0,0 - 3,Lincoln Red Imps,1268,1294.0,0,3,Gibraltor,domestic league (tier 1)
2021/04/17,Premier Division Gibraltar,0,Europa FC,1325,1327.0,3 - 0,Lynx FC,939,937.0,3,0,Gibraltor,domestic league (tier 1)
2021/04/26,Premier Division Gibraltar,0,Europa FC,1329,1332.0,2 - 0,Mons Calpe S.C.,1014,1011.0,2,0,Gibraltor,domestic league (tier 1)
2021/05/04,Premier Division Gibraltar,0,Europa FC,1319,1296.0,0 - 2,St. Josephs FC,1220,1243.0,0,2,Gibraltor,domestic league (tier 1)
2021/05/11,Premier Division Gibraltar,0,Europa FC,1304,1305.0,4 - 0,Lions Gibraltar,737,736.0,4,0,Gibraltor,domestic league (tier 1)
2021/10/23,Premier Division Gibraltar,0,Europa FC,1297,1298.0,3 - 1,FCB Magpies,748,747.0,3,1,Gibraltor,domestic league (tier 1)
2021/11/21,Premier Division Gibraltar,0,Europa FC,1299,1299.0,2 - 0,College 1975 FC,447,447.0,2,0,Gibraltor,domestic league (tier 1)
2021/12/12,Premier Division Gibraltar,0,Europa FC,1300,1302.0,4 - 0,Lynx FC,910,908.0,4,0,Gibraltor,domestic league (tier 1)
2022/01/09,Premier Division Gibraltar,0,Europa FC,1305,1306.0,2 - 1,Glacis United FC,770,769.0,2,1,Gibraltor,domestic league (tier 1)
2022/01/22,Premier Division Gibraltar,0,Europa FC,1313,1322.0,4 - 1,St. Josephs FC,1236,1227.0,4,1,Gibraltor,domestic league (tier 1)
2022/02/12,Premier Division Gibraltar,0,Europa FC,1326,1327.0,1 - 0,Glacis United FC,794,793.0,1,0,Gibraltor,domestic league (tier 1)
2022/03/05,Premier Division Gibraltar,0,Europa FC,1329,1330.0,3 - 2,Mons Calpe S.C.,958,957.0,3,2,Gibraltor,domestic league (tier 1)
2022/04/06,Premier Division Gibraltar,0,Europa FC,1330,1313.0,0 - 2,Lincoln Red Imps,1384,1401.0,0,2,Gibraltor,domestic league (tier 1)
2022/04/16,Premier Division Gibraltar,0,Europa FC,1315,1316.0,3 - 1,FCB Magpies,869,868.0,3,1,Gibraltor,domestic league (tier 1)
2022/04/24,Premier Division Gibraltar,0,Europa FC,1316,1300.0,2 - 3,St. Josephs FC,1199,1215.0,2,3,Gibraltor,domestic league (tier 1)
2022/09/30,Premier Division Gibraltar,0,Europa FC,1293,1284.0,1 - 1,FCB Magpies,907,916.0,1,1,Gibraltor,domestic league (tier 1)
2022/10/15,Premier Division Gibraltar,0,Europa FC,1286,1291.0,1 - 0,St. Josephs FC,1207,1202.0,1,0,Gibraltor,domestic league (tier 1)
2022/10/30,Premier Division Gibraltar,0,Europa FC,1292,1293.0,2 - 1,Lynx FC,796,795.0,2,1,Gibraltor,domestic league (tier 1)
2022/11/06,Premier Division Gibraltar,0,Europa FC,1293,1294.0,7 - 0,Glacis United FC,770,769.0,7,0,Gibraltor,domestic league (tier 1)
2022/12/03,Premier Division Gibraltar,0,Europa FC,1299,1299.0,5 - 0,College 1975 FC,479,479.0,5,0,Gibraltor,domestic league (tier 1)
2022/12/13,Premier Division Gibraltar,0,Europa FC,1301,1291.0,0 - 1,Lincoln Red Imps,1412,1422.0,0,1,Gibraltor,domestic league (tier 1)
2023/01/06,Premier Division Gibraltar,0,Europa FC,1291,1292.0,2 - 1,Lynx FC,837,836.0,2,1,Gibraltor,domestic league (tier 1)
2023/01/20,Premier Division Gibraltar,0,Europa FC,1292,1293.0,4 - 2,Glacis United FC,756,755.0,4,2,Gibraltor,domestic league (tier 1)
2023/02/03,Premier Division Gibraltar,0,Europa FC,1276,1268.0,0 - 0,FCB Magpies,990,998.0,0,0,Gibraltor,domestic league (tier 1)
2023/02/11,Premier Division Gibraltar,0,Europa FC,1268,1254.0,0 - 2,Lincoln Red Imps,1402,1416.0,0,2,Gibraltor,domestic league (tier 1)
2023/04/09,Premier Division Gibraltar,0,Europa FC,1231,1241.0,3 - 0,St. Josephs FC,1163,1153.0,3,0,Gibraltor,domestic league (tier 1)
2023/09/22,Premier Division Gibraltar,0,Europa FC,1231,1196.0,0 - 3,College 1975 FC,479,514.0,0,3,Gibraltor,domestic league (tier 1)
2023/10/06,Premier Division Gibraltar,0,Europa FC,1196,1169.0,1 - 3,Lynx FC,908,935.0,1,3,Gibraltor,domestic league (tier 1)
2023/10/28,Premier Division Gibraltar,0,Europa FC,1152,1153.0,3 - 2,Glacis United FC,736,735.0,3,2,Gibraltor,domestic league (tier 1)
2023/11/26,Premier Division Gibraltar,0,Europa FC,1134,1115.0,0 - 1,Manchester 62 FC,748,767.0,0,1,Gibraltor,domestic league (tier 1)
2023/12/09,Premier Division Gibraltar,0,Europa FC,1101,1092.0,1 - 4,Lincoln Red Imps,1376,1385.0,1,4,Gibraltor,domestic league (tier 1)
2024/01/27,Premier Division Gibraltar,0,Europa FC,1096,1085.0,0 - 1,St. Josephs FC,1170,1181.0,0,1,Gibraltor,domestic league (tier 1)
2024/02/11,Premier Division Gibraltar,0,Europa FC,1082,1088.0,4 - 3,FCB Magpies,1047,1041.0,4,3,Gibraltor,domestic league (tier 1)
2024/02/25,Premier Division Gibraltar,0,Europa FC,1091,1072.0,0 - 1,Europa Point FC,591,610.0,0,1,Gibraltor,domestic league (tier 1)
2024/03/09,Premier Division Gibraltar,0,Europa FC,1066,1071.0,3 - 1,Mons Calpe S.C.,870,865.0,3,1,Gibraltor,domestic league (tier 1)
2024/04/13,Premier Division Gibraltar,0,Europa FC,1069,1050.0,1 - 2,Lions Gibraltar,596,615.0,1,2,Gibraltor,domestic league (tier 1)
2024/09/01,Premier Division Gibraltar,0,Europa FC,1066,1069.0,3 - 2,Mons Calpe S.C.,877,874.0,3,2,Gibraltor,domestic league (tier 1)
2024/09/22,Premier Division Gibraltar,0,Europa FC,1074,1076.0,2 - 1,Manchester 62 FC,758,756.0,2,1,Gibraltor,domestic league (tier 1)
2024/10/05,Premier Division Gibraltar,0,Europa FC,1077,1083.0,0 - 0,Lincoln Red Imps,1411,1405.0,0,0,Gibraltor,domestic league (tier 1)
2024/10/18,Premier Division Gibraltar,0,Europa FC,1083,1073.0,0 - 0,College 1975 FC,481,491.0,0,0,Gibraltor,domestic league (tier 1)
2024/11/01,Premier Division Gibraltar,0,Europa FC,1073,1060.0,1 - 3,St. Josephs FC,1212,1225.0,1,3,Gibraltor,domestic league (tier 1)
2024/12/01,Premier Division Gibraltar,0,Europa FC,1067,1070.0,8 - 0,Glacis United FC,711,708.0,8,0,Gibraltor,domestic league (tier 1)
2024/12/15,Premier Division Gibraltar,0,Europa FC,1079,1080.0,3 - 0,Europa Point FC,599,598.0,3,0,Gibraltor,domestic league (tier 1)
2025/01/11,Premier Division Gibraltar,0,Europa FC,1076,1085.0,2 - 0,FCB Magpies,1023,1014.0,2,0,Gibraltor,domestic league (tier 1)
2025/02/07,Premier Division Gibraltar,0,Europa FC,1083,1086.0,3 - 0,Lynx FC,780,777.0,3,0,Gibraltor,domestic league (tier 1)
2025/03/15,Premier Division Gibraltar,0,Europa FC,1082,1084.0,3 - 0,Lions Gibraltar,720,718.0,3,0,Gibraltor,domestic league (tier 1)
2025/04/12,Premier Division Gibraltar,0,Europa FC,1091,1082.0,0 - 4,Lincoln Red Imps,1400,1409.0,0,4,Gibraltor,domestic league (tier 1)
2025/05/04,Premier Division Gibraltar,0,Europa FC,1085,1092.0,4 - 2,FCB Magpies,974,967.0,4,2,Gibraltor,domestic league (tier 1)
2025/08/30,Premier Division Gibraltar,0,Europa FC,1096,1069.0,0 - 2,Lynx FC,789,816.0,0,2,Gibraltor,domestic league (tier 1)
2025/09/17,Premier Division Gibraltar,0,Europa FC,1078,1081.0,2 - 1,Manchester 62 FC,883,880.0,2,1,Gibraltor,domestic league (tier 1)
2025/09/21,Premier Division Gibraltar,0,Europa FC,1081,1082.0,2 - 0,Europa Point FC,539,538.0,2,0,Gibraltor,domestic league (tier 1)
2025/10/25,Premier Division Gibraltar,0,Europa FC,1083,1083.0,1 - 0,College 1975 FC,520,520.0,1,0,Gibraltor,domestic league (tier 1)
2025/11/07,Premier Division Gibraltar,0,Europa FC,1083,1085.0,3 - 2,Lions Gibraltar,783,781.0,3,2,Gibraltor,domestic league (tier 1)
2025/11/29,Premier Division Gibraltar,0,Europa FC,1070,1052.0,1 - 2,Mons Calpe S.C.,822,840.0,1,2,Gibraltor,domestic league (tier 1)
2025/12/13,Premier Division Gibraltar,0,Europa FC,1065,1068.0,2 - 1,FCB Magpies,881,878.0,2,1,Gibraltor,domestic league (tier 1)
2026/01/09,Premier Division Gibraltar,0,Europa FC,1072,1065.0,0 - 1,St. Josephs FC,1281,1288.0,0,1,Gibraltor,domestic league (tier 1)
2026/01/26,Premier Division Gibraltar,0,Europa FC,1063,1065.0,5 - 1,Glacis United FC,649,647.0,5,1,Gibraltor,domestic league (tier 1)
2026/02/12,Premier Division Gibraltar,0,Europa FC,1067,1073.0,0 - 0,Lincoln Red Imps,1424,1418.0,0,0,Gibraltor,domestic league (tier 1)
2026/02/22,Premier Division Gibraltar,0,Europa FC,1073,1074.0,6 - 0,FC Hound Dogs,496,495.0,6,0,Gibraltor,domestic league (tier 1)
2026/03/22,Premier Division Gibraltar,0,Europa FC,1082,1086.0,3 - 1,Lynx FC,848,844.0,3,1,Gibraltor,domestic league (tier 1)
2026/04/11,Premier Division Gibraltar,0,Europa FC,1095,1098.0,0 - 0,St. Josephs FC,1300,1297.0,0,0,Gibraltor,domestic league (tier 1)
2026/04/25,Premier Division Gibraltar,0,Europa FC,1096,1102.0,4 - 1,Mons Calpe S.C.,910,904.0,4,1,Gibraltor,domestic league (tier 1)
2026/08/22,Premier Division Gibraltar,0,Europa FC,1098,1089.0,2 - 2,Glacis United FC,624,633.0,2,2,Gibraltor,domestic league (tier 1)
2026/09/05,Premier Division Gibraltar,0,Europa FC,1092,,Info,FCB Magpies,894,,,,Gibraltor,domestic league (tier 1)
2016/09/21,Premier Division Gibraltar,0,Europa Point FC,694,683.0,1 - 3,Glacis United FC,886,897.0,1,3,Gibraltor,domestic league (tier 1)
2016/10/15,Premier Division Gibraltar,0,Europa Point FC,682,686.0,1 - 1,Lions Gibraltar,917,913.0,1,1,Gibraltor,domestic league (tier 1)
2016/10/23,Premier Division Gibraltar,0,Europa Point FC,686,700.0,2 - 1,Manchester 62 FC,931,917.0,2,1,Gibraltor,domestic league (tier 1)
2016/11/06,Premier Division Gibraltar,0,Europa Point FC,700,681.0,1 - 4,Mons Calpe S.C.,766,785.0,1,4,Gibraltor,domestic league (tier 1)
2016/11/28,Premier Division Gibraltar,0,Europa Point FC,678,671.0,1 - 2,Lynx FC,893,900.0,1,2,Gibraltor,domestic league (tier 1)
2016/12/17,Premier Division Gibraltar,0,Europa Point FC,666,664.0,1 - 4,Europa FC,1234,1236.0,1,4,Gibraltor,domestic league (tier 1)
2017/01/23,Premier Division Gibraltar,0,Europa Point FC,654,652.0,0 - 15,Lincoln Red Imps,1384,1386.0,0,15,Gibraltor,domestic league (tier 1)
2017/02/03,Premier Division Gibraltar,0,Europa Point FC,646,641.0,0 - 3,St. Josephs FC,1075,1080.0,0,3,Gibraltor,domestic league (tier 1)
2017/02/25,Premier Division Gibraltar,0,Europa Point FC,637,648.0,1 - 0,Gibraltar United FC,783,772.0,1,0,Gibraltor,domestic league (tier 1)
2017/03/04,Premier Division Gibraltar,0,Europa Point FC,648,638.0,1 - 6,Glacis United FC,941,951.0,1,6,Gibraltor,domestic league (tier 1)
2017/04/01,Premier Division Gibraltar,0,Europa Point FC,637,630.0,0 - 1,Lions Gibraltar,832,839.0,0,1,Gibraltor,domestic league (tier 1)
2017/04/24,Premier Division Gibraltar,0,Europa Point FC,630,614.0,0 - 6,Manchester 62 FC,821,837.0,0,6,Gibraltor,domestic league (tier 1)
2017/04/29,Premier Division Gibraltar,0,Europa Point FC,614,600.0,1 - 6,Mons Calpe S.C.,823,837.0,1,6,Gibraltor,domestic league (tier 1)
2017/05/15,Premier Division Gibraltar,0,Europa Point FC,598,589.0,0 - 3,Lynx FC,892,901.0,0,3,Gibraltor,domestic league (tier 1)
2019/08/21,Premier Division Gibraltar,0,Europa Point FC,601,591.0,0 - 5,Lynx FC,892,902.0,0,5,Gibraltor,domestic league (tier 1)
2019/09/22,Premier Division Gibraltar,0,Europa Point FC,591,577.0,0 - 3,Glacis United FC,757,771.0,0,3,Gibraltor,domestic league (tier 1)
2019/10/25,Premier Division Gibraltar,0,Europa Point FC,608,596.0,2 - 3,FCB Magpies,649,661.0,2,3,Gibraltor,domestic league (tier 1)
2019/12/07,Premier Division Gibraltar,0,Europa Point FC,595,579.0,1 - 3,Manchester 62 FC,669,685.0,1,3,Gibraltor,domestic league (tier 1)
2019/12/16,Premier Division Gibraltar,0,Europa Point FC,579,590.0,6 - 1,College 1975 FC,503,492.0,6,1,Gibraltor,domestic league (tier 1)
2020/01/30,Premier Division Gibraltar,0,Europa Point FC,628,637.0,2 - 1,Glacis United FC,698,689.0,2,1,Gibraltor,domestic league (tier 1)
2020/02/19,Premier Division Gibraltar,0,Europa Point FC,646,657.0,3 - 1,Manchester 62 FC,661,650.0,3,1,Gibraltor,domestic league (tier 1)
2020/02/25,Premier Division Gibraltar,0,Europa Point FC,657,663.0,2 - 1,Boca Gibraltar,619,613.0,2,1,Gibraltor,domestic league (tier 1)
2020/03/10,Premier Division Gibraltar,0,Europa Point FC,663,656.0,5 - 5,College 1975 FC,451,458.0,5,5,Gibraltor,domestic league (tier 1)
2020/10/25,Premier Division Gibraltar,0,Europa Point FC,652,650.0,0 - 9,Europa FC,1328,1330.0,0,9,Gibraltor,domestic league (tier 1)
2020/11/28,Premier Division Gibraltar,0,Europa Point FC,626,613.0,1 - 2,Boca Gibraltar,624,637.0,1,2,Gibraltor,domestic league (tier 1)
2020/12/02,Premier Division Gibraltar,0,Europa Point FC,613,612.0,1 - 6,Lincoln Red Imps,1279,1280.0,1,6,Gibraltor,domestic league (tier 1)
2020/12/14,Premier Division Gibraltar,0,Europa Point FC,611,606.0,2 - 4,Mons Calpe S.C.,997,1002.0,2,4,Gibraltor,domestic league (tier 1)
2021/02/26,Premier Division Gibraltar,0,Europa Point FC,618,609.0,0 - 1,Lions Gibraltar,766,775.0,0,1,Gibraltor,domestic league (tier 1)
2021/03/20,Premier Division Gibraltar,0,Europa Point FC,578,557.0,1 - 4,Manchester 62 FC,599,620.0,1,4,Gibraltor,domestic league (tier 1)
2021/03/25,Premier Division Gibraltar,0,Europa Point FC,557,543.0,0 - 4,FCB Magpies,745,759.0,0,4,Gibraltor,domestic league (tier 1)
2021/04/18,Premier Division Gibraltar,0,Europa Point FC,538,505.0,0 - 6,College 1975 FC,420,453.0,0,6,Gibraltor,domestic league (tier 1)
2021/05/10,Premier Division Gibraltar,0,Europa Point FC,491,480.0,0 - 3,Glacis United FC,727,738.0,0,3,Gibraltor,domestic league (tier 1)
2021/10/22,Premier Division Gibraltar,0,Europa Point FC,476,467.0,1 - 2,Manchester 62 FC,627,636.0,1,2,Gibraltor,domestic league (tier 1)
2021/11/28,Premier Division Gibraltar,0,Europa Point FC,459,458.0,0 - 6,Europa FC,1299,1300.0,0,6,Gibraltor,domestic league (tier 1)
2021/12/12,Premier Division Gibraltar,0,Europa Point FC,456,470.0,3 - 2,Lions Gibraltar,706,692.0,3,2,Gibraltor,domestic league (tier 1)
2022/01/08,Premier Division Gibraltar,0,Europa Point FC,466,462.0,0 - 10,Mons Calpe S.C.,989,993.0,0,10,Gibraltor,domestic league (tier 1)
2022/01/22,Premier Division Gibraltar,0,Europa Point FC,462,462.0,1 - 5,Lincoln Red Imps,1381,1381.0,1,5,Gibraltor,domestic league (tier 1)
2022/02/20,Premier Division Gibraltar,0,Europa Point FC,479,473.0,0 - 3,Lynx FC,861,867.0,0,3,Gibraltor,domestic league (tier 1)
2022/03/06,Premier Division Gibraltar,0,Europa Point FC,480,487.0,2 - 1,College 1975 FC,454,447.0,2,1,Gibraltor,domestic league (tier 1)
2022/03/14,Premier Division Gibraltar,0,Europa Point FC,487,488.0,1 - 1,Lions Gibraltar,633,632.0,1,1,Gibraltor,domestic league (tier 1)
2022/04/17,Premier Division Gibraltar,0,Europa Point FC,515,500.0,0 - 4,Manchester 62 FC,679,694.0,0,4,Gibraltor,domestic league (tier 1)
2022/10/09,Premier Division Gibraltar,0,Europa Point FC,511,502.0,0 - 1,Lions Gibraltar,645,654.0,0,1,Gibraltor,domestic league (tier 1)
2022/10/23,Premier Division Gibraltar,0,Europa Point FC,502,501.0,0 - 9,Europa FC,1291,1292.0,0,9,Gibraltor,domestic league (tier 1)
2022/11/25,Premier Division Gibraltar,0,Europa Point FC,506,505.0,0 - 6,St. Josephs FC,1187,1188.0,0,6,Gibraltor,domestic league (tier 1)
2022/12/14,Premier Division Gibraltar,0,Europa Point FC,502,492.0,0 - 4,Glacis United FC,768,778.0,0,4,Gibraltor,domestic league (tier 1)
2023/01/07,Premier Division Gibraltar,0,Europa Point FC,491,475.0,0 - 5,Lions Gibraltar,664,680.0,0,5,Gibraltor,domestic league (tier 1)
2023/01/29,Premier Division Gibraltar,0,Europa Point FC,474,471.0,1 - 1,College 1975 FC,458,461.0,1,1,Gibraltor,domestic league (tier 1)
2023/03/05,Premier Division Gibraltar,0,Europa Point FC,472,468.0,1 - 4,Mons Calpe S.C.,905,909.0,1,4,Gibraltor,domestic league (tier 1)
2023/04/15,Premier Division Gibraltar,0,Europa Point FC,471,460.0,0 - 4,Manchester 62 FC,714,725.0,0,4,Gibraltor,domestic league (tier 1)
2023/09/16,Premier Division Gibraltar,0,Europa Point FC,460,450.0,1 - 5,Manchester 62 FC,730,740.0,1,5,Gibraltor,domestic league (tier 1)
2023/10/21,Premier Division Gibraltar,0,Europa Point FC,445,445.0,1 - 2,Lincoln Red Imps,1378,1378.0,1,2,Gibraltor,domestic league (tier 1)
2023/11/05,Premier Division Gibraltar,0,Europa Point FC,470,489.0,1 - 0,Europa FC,1153,1134.0,1,0,Gibraltor,domestic league (tier 1)
2023/12/03,Premier Division Gibraltar,0,Europa Point FC,517,536.0,1 - 0,St. Josephs FC,1175,1156.0,1,0,Gibraltor,domestic league (tier 1)
2023/12/16,Premier Division Gibraltar,0,Europa Point FC,545,543.0,0 - 1,FCB Magpies,1031,1033.0,0,1,Gibraltor,domestic league (tier 1)
2023/12/22,Premier Division Gibraltar,0,Europa Point FC,543,563.0,2 - 0,Glacis United FC,751,731.0,2,0,Gibraltor,domestic league (tier 1)
2024/02/03,Premier Division Gibraltar,0,Europa Point FC,589,594.0,1 - 1,Mons Calpe S.C.,877,872.0,1,1,Gibraltor,domestic league (tier 1)
2024/02/18,Premier Division Gibraltar,0,Europa Point FC,594,591.0,0 - 0,Lions Gibraltar,574,577.0,0,0,Gibraltor,domestic league (tier 1)
2024/03/03,Premier Division Gibraltar,0,Europa Point FC,610,619.0,4 - 0,College 1975 FC,499,490.0,4,0,Gibraltor,domestic league (tier 1)
2024/03/31,Premier Division Gibraltar,0,Europa Point FC,619,613.0,0 - 1,Lynx FC,886,892.0,0,1,Gibraltor,domestic league (tier 1)
2024/04/19,Premier Division Gibraltar,0,Europa Point FC,622,629.0,0 - 0,FCB Magpies,1047,1040.0,0,0,Gibraltor,domestic league (tier 1)
2024/04/24,Premier Division Gibraltar,0,Europa Point FC,629,627.0,0 - 3,St. Josephs FC,1178,1180.0,0,3,Gibraltor,domestic league (tier 1)
2024/08/17,Premier Division Gibraltar,0,Europa Point FC,669,646.0,0 - 4,Glacis United FC,683,706.0,0,4,Gibraltor,domestic league (tier 1)
2024/09/15,Premier Division Gibraltar,0,Europa Point FC,653,648.0,1 - 5,Europa FC,1069,1074.0,1,5,Gibraltor,domestic league (tier 1)
2024/09/29,Premier Division Gibraltar,0,Europa Point FC,647,624.0,1 - 4,Lions Gibraltar,644,667.0,1,4,Gibraltor,domestic league (tier 1)
2024/10/30,Premier Division Gibraltar,0,Europa Point FC,619,618.0,0 - 5,Lincoln Red Imps,1400,1401.0,0,5,Gibraltor,domestic league (tier 1)
2024/11/06,Premier Division Gibraltar,0,Europa Point FC,618,603.0,0 - 4,Manchester 62 FC,796,811.0,0,4,Gibraltor,domestic league (tier 1)
2024/11/23,Premier Division Gibraltar,0,Europa Point FC,603,597.0,0 - 7,FCB Magpies,1040,1046.0,0,7,Gibraltor,domestic league (tier 1)
2024/12/08,Premier Division Gibraltar,0,Europa Point FC,597,599.0,1 - 1,Lynx FC,780,778.0,1,1,Gibraltor,domestic league (tier 1)
2024/12/22,Premier Division Gibraltar,0,Europa Point FC,598,596.0,1 - 6,St. Josephs FC,1231,1233.0,1,6,Gibraltor,domestic league (tier 1)
2025/02/05,Premier Division Gibraltar,0,Europa Point FC,591,570.0,0 - 2,College 1975 FC,547,568.0,0,2,Gibraltor,domestic league (tier 1)
2025/02/21,Premier Division Gibraltar,0,Europa Point FC,562,564.0,3 - 3,Mons Calpe S.C.,734,732.0,3,3,Gibraltor,domestic league (tier 1)
2025/08/24,Premier Division Gibraltar,0,Europa Point FC,560,537.0,0 - 3,FC Hound Dogs,555,578.0,0,3,Gibraltor,domestic league (tier 1)
2025/09/14,Premier Division Gibraltar,0,Europa Point FC,534,539.0,2 - 2,Lynx FC,816,811.0,2,2,Gibraltor,domestic league (tier 1)
2025/10/04,Premier Division Gibraltar,0,Europa Point FC,538,545.0,1 - 0,College 1975 FC,527,520.0,1,0,Gibraltor,domestic league (tier 1)
2025/10/24,Premier Division Gibraltar,0,Europa Point FC,543,531.0,1 - 5,Mons Calpe S.C.,772,784.0,1,5,Gibraltor,domestic league (tier 1)
2025/11/22,Premier Division Gibraltar,0,Europa Point FC,543,553.0,3 - 2,Glacis United FC,656,646.0,3,2,Gibraltor,domestic league (tier 1)
2025/12/07,Premier Division Gibraltar,0,Europa Point FC,582,595.0,2 - 1,Lions Gibraltar,784,771.0,2,1,Gibraltor,domestic league (tier 1)
2025/12/21,Premier Division Gibraltar,0,Europa Point FC,591,587.0,0 - 3,Europa FC,1068,1072.0,0,3,Gibraltor,domestic league (tier 1)
2026/01/10,Premier Division Gibraltar,0,Europa Point FC,587,587.0,1 - 2,Lincoln Red Imps,1449,1449.0,1,2,Gibraltor,domestic league (tier 1)
2026/01/24,Premier Division Gibraltar,0,Europa Point FC,599,610.0,1 - 0,Manchester 62 FC,746,735.0,1,0,Gibraltor,domestic league (tier 1)
2026/02/20,Premier Division Gibraltar,0,Europa Point FC,608,598.0,0 - 3,FCB Magpies,877,887.0,0,3,Gibraltor,domestic league (tier 1)
2026/03/03,Premier Division Gibraltar,0,Europa Point FC,598,597.0,0 - 7,St. Josephs FC,1302,1303.0,0,7,Gibraltor,domestic league (tier 1)
2026/08/30,Premier Division Gibraltar,0,Europa Point FC,604,601.0,0 - 2,Europa FC,1089,1092.0,0,2,Gibraltor,domestic league (tier 1)
2025/08/16,Premier Division Gibraltar,0,FC Hound Dogs,554,555.0,1 - 1,Lions Gibraltar,702,701.0,1,1,Gibraltor,domestic league (tier 1)
2025/09/27,Premier Division Gibraltar,0,FC Hound Dogs,576,562.0,0 - 4,Mons Calpe S.C.,764,778.0,0,4,Gibraltor,domestic league (tier 1)
2025/10/19,Premier Division Gibraltar,0,FC Hound Dogs,561,560.0,0 - 5,St. Josephs FC,1263,1264.0,0,5,Gibraltor,domestic league (tier 1)
2025/11/09,Premier Division Gibraltar,0,FC Hound Dogs,565,553.0,0 - 4,Lynx FC,798,810.0,0,4,Gibraltor,domestic league (tier 1)
2025/11/28,Premier Division Gibraltar,0,FC Hound Dogs,550,521.0,0 - 7,Europa Point FC,553,582.0,0,7,Gibraltor,domestic league (tier 1)
2025/12/03,Premier Division Gibraltar,0,FC Hound Dogs,521,518.0,0 - 3,Europa FC,1052,1055.0,0,3,Gibraltor,domestic league (tier 1)
2025/12/14,Premier Division Gibraltar,0,FC Hound Dogs,518,500.0,0 - 2,College 1975 FC,556,574.0,0,2,Gibraltor,domestic league (tier 1)
2025/12/19,Premier Division Gibraltar,0,FC Hound Dogs,500,492.0,1 - 3,Manchester 62 FC,777,785.0,1,3,Gibraltor,domestic league (tier 1)
2026/01/17,Premier Division Gibraltar,0,FC Hound Dogs,501,495.0,0 - 3,FCB Magpies,880,886.0,0,3,Gibraltor,domestic league (tier 1)
2026/02/08,Premier Division Gibraltar,0,FC Hound Dogs,495,496.0,1 - 1,Glacis United FC,647,646.0,1,1,Gibraltor,domestic league (tier 1)
2026/08/21,Premier Division Gibraltar,0,FC Hound Dogs,492,491.0,1 - 1,College 1975 FC,556,557.0,1,1,Gibraltor,domestic league (tier 1)
2019/08/23,Premier Division Gibraltar,0,FCB Magpies,631,644.0,2 - 0,Lions Gibraltar,687,674.0,2,0,Gibraltor,domestic league (tier 1)
2019/09/20,Premier Division Gibraltar,0,FCB Magpies,661,659.0,0 - 6,Europa FC,1278,1280.0,0,6,Gibraltor,domestic league (tier 1)
2019/10/19,Premier Division Gibraltar,0,FCB Magpies,655,649.0,1 - 3,Mons Calpe S.C.,1013,1019.0,1,3,Gibraltor,domestic league (tier 1)
2019/11/23,Premier Division Gibraltar,0,FCB Magpies,672,670.0,0 - 3,Lincoln Red Imps,1289,1291.0,0,3,Gibraltor,domestic league (tier 1)
2019/12/07,Premier Division Gibraltar,0,FCB Magpies,670,667.0,0 - 3,St. Josephs FC,1205,1208.0,0,3,Gibraltor,domestic league (tier 1)
2020/01/24,Premier Division Gibraltar,0,FCB Magpies,686,684.0,1 - 5,Lincoln Red Imps,1285,1287.0,1,5,Gibraltor,domestic league (tier 1)
2020/02/22,Premier Division Gibraltar,0,FCB Magpies,694,692.0,0 - 5,Europa FC,1325,1327.0,0,5,Gibraltor,domestic league (tier 1)
2020/02/29,Premier Division Gibraltar,0,FCB Magpies,692,690.0,1 - 2,St. Josephs FC,1226,1228.0,1,2,Gibraltor,domestic league (tier 1)
2020/10/18,Premier Division Gibraltar,0,FCB Magpies,690,689.0,1 - 3,Europa FC,1327,1328.0,1,3,Gibraltor,domestic league (tier 1)
2020/10/31,Premier Division Gibraltar,0,FCB Magpies,688,693.0,1 - 0,Boca Gibraltar,619,614.0,1,0,Gibraltor,domestic league (tier 1)
2020/11/20,Premier Division Gibraltar,0,FCB Magpies,693,692.0,0 - 0,Lions Gibraltar,758,759.0,0,0,Gibraltor,domestic league (tier 1)
2020/12/07,Premier Division Gibraltar,0,FCB Magpies,700,705.0,3 - 2,Manchester 62 FC,624,619.0,3,2,Gibraltor,domestic league (tier 1)
2020/12/20,Premier Division Gibraltar,0,FCB Magpies,717,714.0,0 - 3,St. Josephs FC,1237,1240.0,0,3,Gibraltor,domestic league (tier 1)
2021/03/06,Premier Division Gibraltar,0,FCB Magpies,719,728.0,4 - 0,Europa Point FC,609,600.0,4,0,Gibraltor,domestic league (tier 1)
2021/04/03,Premier Division Gibraltar,0,FCB Magpies,759,732.0,1 - 5,Glacis United FC,692,719.0,1,5,Gibraltor,domestic league (tier 1)
2021/04/16,Premier Division Gibraltar,0,FCB Magpies,743,751.0,4 - 0,Manchester 62 FC,603,595.0,4,0,Gibraltor,domestic league (tier 1)
2021/04/22,Premier Division Gibraltar,0,FCB Magpies,751,754.0,3 - 0,College 1975 FC,453,450.0,3,0,Gibraltor,domestic league (tier 1)
2021/04/30,Premier Division Gibraltar,0,FCB Magpies,754,759.0,7 - 0,Europa Point FC,496,491.0,7,0,Gibraltor,domestic league (tier 1)
2021/10/17,Premier Division Gibraltar,0,FCB Magpies,744,748.0,5 - 0,Europa Point FC,480,476.0,5,0,Gibraltor,domestic league (tier 1)
2021/10/28,Premier Division Gibraltar,0,FCB Magpies,747,739.0,0 - 1,Lynx FC,915,923.0,0,1,Gibraltor,domestic league (tier 1)
2021/11/27,Premier Division Gibraltar,0,FCB Magpies,752,739.0,2 - 3,Glacis United FC,751,764.0,2,3,Gibraltor,domestic league (tier 1)
2021/12/10,Premier Division Gibraltar,0,FCB Magpies,747,755.0,0 - 0,St. Josephs FC,1242,1234.0,0,0,Gibraltor,domestic league (tier 1)
2022/01/16,Premier Division Gibraltar,0,FCB Magpies,754,763.0,4 - 0,Manchester 62 FC,665,656.0,4,0,Gibraltor,domestic league (tier 1)
2022/01/28,Premier Division Gibraltar,0,FCB Magpies,769,783.0,3 - 0,Glacis United FC,808,794.0,3,0,Gibraltor,domestic league (tier 1)
2022/02/18,Premier Division Gibraltar,0,FCB Magpies,813,821.0,1 - 1,Europa FC,1327,1319.0,1,1,Gibraltor,domestic league (tier 1)
2022/03/04,Premier Division Gibraltar,0,FCB Magpies,821,838.0,1 - 0,St. Josephs FC,1211,1194.0,1,0,Gibraltor,domestic league (tier 1)
2022/04/12,Premier Division Gibraltar,0,FCB Magpies,859,869.0,1 - 0,Mons Calpe S.C.,946,936.0,1,0,Gibraltor,domestic league (tier 1)
2022/04/23,Premier Division Gibraltar,0,FCB Magpies,868,866.0,2 - 4,Lincoln Red Imps,1409,1411.0,2,4,Gibraltor,domestic league (tier 1)
2022/10/14,Premier Division Gibraltar,0,FCB Magpies,916,918.0,1 - 0,Manchester 62 FC,676,674.0,1,0,Gibraltor,domestic league (tier 1)
2022/10/29,Premier Division Gibraltar,0,FCB Magpies,936,938.0,7 - 0,Europa Point FC,501,499.0,7,0,Gibraltor,domestic league (tier 1)
2022/11/06,Premier Division Gibraltar,0,FCB Magpies,938,922.0,0 - 1,Lynx FC,795,811.0,0,1,Gibraltor,domestic league (tier 1)
2022/12/04,Premier Division Gibraltar,0,FCB Magpies,930,940.0,2 - 0,Mons Calpe S.C.,898,888.0,2,0,Gibraltor,domestic league (tier 1)
2022/12/15,Premier Division Gibraltar,0,FCB Magpies,944,947.0,2 - 0,Lions Gibraltar,659,656.0,2,0,Gibraltor,domestic league (tier 1)
2023/01/08,Premier Division Gibraltar,0,FCB Magpies,976,971.0,1 - 5,Lincoln Red Imps,1393,1398.0,1,5,Gibraltor,domestic league (tier 1)
2023/01/29,Premier Division Gibraltar,0,FCB Magpies,996,990.0,1 - 1,Lynx FC,834,840.0,1,1,Gibraltor,domestic league (tier 1)
2023/02/12,Premier Division Gibraltar,0,FCB Magpies,998,1002.0,3 - 0,Glacis United FC,739,735.0,3,0,Gibraltor,domestic league (tier 1)
2023/03/04,Premier Division Gibraltar,0,FCB Magpies,1001,993.0,0 - 1,St. Josephs FC,1155,1163.0,0,1,Gibraltor,domestic league (tier 1)
2023/04/16,Premier Division Gibraltar,0,FCB Magpies,1013,1007.0,1 - 2,Europa FC,1241,1247.0,1,2,Gibraltor,domestic league (tier 1)
2023/09/30,Premier Division Gibraltar,0,FCB Magpies,1020,1023.0,2 - 0,Manchester 62 FC,754,751.0,2,0,Gibraltor,domestic league (tier 1)
2023/10/21,Premier Division Gibraltar,0,FCB Magpies,1027,1044.0,3 - 1,Europa FC,1169,1152.0,3,1,Gibraltor,domestic league (tier 1)
2023/10/25,Premier Division Gibraltar,0,FCB Magpies,1044,1050.0,0 - 0,Lincoln Red Imps,1378,1372.0,0,0,Gibraltor,domestic league (tier 1)
2023/11/03,Premier Division Gibraltar,0,FCB Magpies,1053,1038.0,2 - 4,St. Josephs FC,1158,1173.0,2,4,Gibraltor,domestic league (tier 1)
2023/12/08,Premier Division Gibraltar,0,FCB Magpies,1027,1031.0,3 - 0,Glacis United FC,755,751.0,3,0,Gibraltor,domestic league (tier 1)
2024/01/21,Premier Division Gibraltar,0,FCB Magpies,1044,1049.0,3 - 1,Mons Calpe S.C.,875,870.0,3,1,Gibraltor,domestic league (tier 1)
2024/02/04,Premier Division Gibraltar,0,FCB Magpies,1046,1047.0,3 - 1,Lions Gibraltar,564,563.0,3,1,Gibraltor,domestic league (tier 1)
2024/02/17,Premier Division Gibraltar,0,FCB Magpies,1041,1042.0,7 - 2,College 1975 FC,497,496.0,7,2,Gibraltor,domestic league (tier 1)
2024/03/01,Premier Division Gibraltar,0,FCB Magpies,1048,1052.0,2 - 1,Lynx FC,887,883.0,2,1,Gibraltor,domestic league (tier 1)
2024/04/12,Premier Division Gibraltar,0,FCB Magpies,1056,1047.0,2 - 2,Europa Point FC,613,622.0,2,2,Gibraltor,domestic league (tier 1)
2024/05/05,Premier Division Gibraltar,0,FCB Magpies,1034,1027.0,0 - 3,Lincoln Red Imps,1386,1393.0,0,3,Gibraltor,domestic league (tier 1)
2024/05/08,Premier Division Gibraltar,0,FCB Magpies,1027,1030.0,3 - 1,Manchester 62 FC,773,770.0,3,1,Gibraltor,domestic league (tier 1)
2024/08/18,Premier Division Gibraltar,0,FCB Magpies,1033,1034.0,2 - 1,Lions Gibraltar,615,614.0,2,1,Gibraltor,domestic league (tier 1)
2024/09/14,Premier Division Gibraltar,0,FCB Magpies,1019,1013.0,1 - 4,Lincoln Red Imps,1404,1410.0,1,4,Gibraltor,domestic league (tier 1)
2024/09/28,Premier Division Gibraltar,0,FCB Magpies,1026,1025.0,0 - 0,Europa FC,1076,1077.0,0,0,Gibraltor,domestic league (tier 1)
2024/10/19,Premier Division Gibraltar,0,FCB Magpies,1022,1023.0,3 - 2,Europa Point FC,623,622.0,3,2,Gibraltor,domestic league (tier 1)
2024/11/03,Premier Division Gibraltar,0,FCB Magpies,1026,1028.0,3 - 1,Glacis United FC,699,697.0,3,1,Gibraltor,domestic league (tier 1)
2024/11/29,Premier Division Gibraltar,0,FCB Magpies,1046,1020.0,0 - 2,Manchester 62 FC,811,837.0,0,2,Gibraltor,domestic league (tier 1)
2024/12/21,Premier Division Gibraltar,0,FCB Magpies,1018,1023.0,3 - 0,Lynx FC,787,782.0,3,0,Gibraltor,domestic league (tier 1)
2025/02/19,Premier Division Gibraltar,0,FCB Magpies,998,989.0,1 - 3,St. Josephs FC,1236,1245.0,1,3,Gibraltor,domestic league (tier 1)
2025/02/23,Premier Division Gibraltar,0,FCB Magpies,989,990.0,3 - 2,College 1975 FC,559,558.0,3,2,Gibraltor,domestic league (tier 1)
2025/03/15,Premier Division Gibraltar,0,FCB Magpies,1000,1003.0,4 - 1,Mons Calpe S.C.,713,710.0,4,1,Gibraltor,domestic league (tier 1)
2025/04/11,Premier Division Gibraltar,0,FCB Magpies,1008,999.0,0 - 2,St. Josephs FC,1245,1254.0,0,2,Gibraltor,domestic league (tier 1)
2025/04/19,Premier Division Gibraltar,0,FCB Magpies,999,975.0,0 - 2,Manchester 62 FC,856,880.0,0,2,Gibraltor,domestic league (tier 1)
2025/08/23,Premier Division Gibraltar,0,FCB Magpies,956,951.0,2 - 2,Manchester 62 FC,873,878.0,2,2,Gibraltor,domestic league (tier 1)
2025/09/12,Premier Division Gibraltar,0,FCB Magpies,947,938.0,1 - 2,Europa FC,1069,1078.0,1,2,Gibraltor,domestic league (tier 1)
2025/09/19,Premier Division Gibraltar,0,FCB Magpies,938,931.0,0 - 2,St. Josephs FC,1252,1259.0,0,2,Gibraltor,domestic league (tier 1)
2025/10/04,Premier Division Gibraltar,0,FCB Magpies,936,937.0,1 - 0,FC Hound Dogs,562,561.0,1,0,Gibraltor,domestic league (tier 1)
2025/10/26,Premier Division Gibraltar,0,FCB Magpies,925,901.0,1 - 3,Lynx FC,779,803.0,1,3,Gibraltor,domestic league (tier 1)
2025/11/02,Premier Division Gibraltar,0,FCB Magpies,901,882.0,0 - 1,Europa Point FC,531,550.0,0,1,Gibraltor,domestic league (tier 1)
2025/11/24,Premier Division Gibraltar,0,FCB Magpies,888,869.0,0 - 1,College 1975 FC,533,552.0,0,1,Gibraltor,domestic league (tier 1)
2025/11/29,Premier Division Gibraltar,0,FCB Magpies,869,875.0,1 - 0,Manchester 62 FC,814,808.0,1,0,Gibraltor,domestic league (tier 1)
2025/12/06,Premier Division Gibraltar,0,FCB Magpies,875,881.0,2 - 1,Mons Calpe S.C.,840,834.0,2,1,Gibraltor,domestic league (tier 1)
2026/01/10,Premier Division Gibraltar,0,FCB Magpies,876,880.0,3 - 1,Glacis United FC,654,650.0,3,1,Gibraltor,domestic league (tier 1)
2026/01/24,Premier Division Gibraltar,0,FCB Magpies,886,881.0,1 - 1,Lions Gibraltar,777,782.0,1,1,Gibraltor,domestic league (tier 1)
2026/02/06,Premier Division Gibraltar,0,FCB Magpies,881,877.0,0 - 0,Lynx FC,821,825.0,0,0,Gibraltor,domestic league (tier 1)
2026/03/05,Premier Division Gibraltar,0,FCB Magpies,887,885.0,1 - 2,Lincoln Red Imps,1420,1422.0,1,2,Gibraltor,domestic league (tier 1)
2026/08/29,Premier Division Gibraltar,0,FCB Magpies,886,894.0,2 - 0,Lynx FC,809,801.0,2,0,Gibraltor,domestic league (tier 1)
2017/10/15,Premier Division Gibraltar,0,Gibraltar Phoenix,812,810.0,0 - 5,Lincoln Red Imps,1396,1398.0,0,5,Gibraltor,domestic league (tier 1)
2017/11/04,Premier Division Gibraltar,0,Gibraltar Phoenix,813,820.0,3 - 3,Europa FC,1235,1228.0,3,3,Gibraltor,domestic league (tier 1)
2017/11/16,Premier Division Gibraltar,0,Gibraltar Phoenix,814,811.0,1 - 1,Manchester 62 FC,798,801.0,1,1,Gibraltor,domestic league (tier 1)
2017/11/20,Premier Division Gibraltar,0,Gibraltar Phoenix,811,820.0,1 - 0,Lions Gibraltar,863,854.0,1,0,Gibraltor,domestic league (tier 1)
2018/02/16,Premier Division Gibraltar,0,Gibraltar Phoenix,823,833.0,1 - 0,Glacis United FC,932,922.0,1,0,Gibraltor,domestic league (tier 1)
2018/02/21,Premier Division Gibraltar,0,Gibraltar Phoenix,833,827.0,0 - 1,St. Josephs FC,1060,1066.0,0,1,Gibraltor,domestic league (tier 1)
2018/03/10,Premier Division Gibraltar,0,Gibraltar Phoenix,826,814.0,0 - 1,Lynx FC,841,853.0,0,1,Gibraltor,domestic league (tier 1)
2018/03/28,Premier Division Gibraltar,0,Gibraltar Phoenix,815,815.0,1 - 1,Mons Calpe S.C.,903,903.0,1,1,Gibraltor,domestic league (tier 1)
2018/04/02,Premier Division Gibraltar,0,Gibraltar Phoenix,815,804.0,0 - 1,Gibraltar United FC,892,903.0,0,1,Gibraltor,domestic league (tier 1)
2018/04/19,Premier Division Gibraltar,0,Gibraltar Phoenix,827,825.0,0 - 2,Lincoln Red Imps,1369,1371.0,0,2,Gibraltor,domestic league (tier 1)
2018/05/15,Premier Division Gibraltar,0,Gibraltar Phoenix,854,860.0,2 - 0,Manchester 62 FC,703,697.0,2,0,Gibraltor,domestic league (tier 1)
2018/05/21,Premier Division Gibraltar,0,Gibraltar Phoenix,860,852.0,0 - 8,Europa FC,1238,1246.0,0,8,Gibraltor,domestic league (tier 1)
2018/05/31,Premier Division Gibraltar,0,Gibraltar Phoenix,848,858.0,5 - 2,Lions Gibraltar,792,782.0,5,2,Gibraltor,domestic league (tier 1)
2018/08/19,Premier Division Gibraltar,0,Gibraltar Phoenix,860,856.0,0 - 2,Lincoln Red Imps,1304,1308.0,0,2,Gibraltor,domestic league (tier 1)
2018/10/03,Premier Division Gibraltar,0,Gibraltar Phoenix,854,864.0,1 - 0,Mons Calpe S.C.,968,958.0,1,0,Gibraltor,domestic league (tier 1)
2018/10/24,Premier Division Gibraltar,0,Gibraltar Phoenix,885,881.0,0 - 1,Europa FC,1231,1235.0,0,1,Gibraltor,domestic league (tier 1)
2018/11/01,Premier Division Gibraltar,0,Gibraltar Phoenix,893,897.0,1 - 0,Lions Gibraltar,739,735.0,1,0,Gibraltor,domestic league (tier 1)
2018/12/02,Premier Division Gibraltar,0,Gibraltar Phoenix,904,915.0,2 - 1,Gibraltar United FC,1035,1024.0,2,1,Gibraltor,domestic league (tier 1)
2018/12/07,Premier Division Gibraltar,0,Gibraltar Phoenix,915,922.0,2 - 0,Lynx FC,808,801.0,2,0,Gibraltor,domestic league (tier 1)
2019/01/19,Premier Division Gibraltar,0,Gibraltar Phoenix,911,924.0,6 - 0,Glacis United FC,869,856.0,6,0,Gibraltor,domestic league (tier 1)
2019/01/27,Premier Division Gibraltar,0,Gibraltar Phoenix,924,927.0,3 - 1,Boca Gibraltar,663,660.0,3,1,Gibraltor,domestic league (tier 1)
2019/02/17,Premier Division Gibraltar,0,Gibraltar Phoenix,937,930.0,1 - 2,St. Josephs FC,1148,1155.0,1,2,Gibraltor,domestic league (tier 1)
2019/03/08,Premier Division Gibraltar,0,Gibraltar Phoenix,945,938.0,0 - 3,Lincoln Red Imps,1301,1308.0,0,3,Gibraltor,domestic league (tier 1)
2019/04/05,Premier Division Gibraltar,0,Gibraltar Phoenix,935,920.0,0 - 2,Mons Calpe S.C.,1025,1040.0,0,2,Gibraltor,domestic league (tier 1)
2019/05/06,Premier Division Gibraltar,0,Gibraltar Phoenix,932,934.0,1 - 0,Lions Gibraltar,670,668.0,1,0,Gibraltor,domestic league (tier 1)
2019/05/19,Premier Division Gibraltar,0,Gibraltar Phoenix,929,943.0,2 - 0,Gibraltar United FC,996,982.0,2,0,Gibraltor,domestic league (tier 1)
2016/09/30,Premier Division Gibraltar,0,Gibraltar United FC,797,795.0,0 - 2,Lincoln Red Imps,1366,1368.0,0,2,Gibraltor,domestic league (tier 1)
2016/10/22,Premier Division Gibraltar,0,Gibraltar United FC,782,776.0,0 - 1,St. Josephs FC,1037,1043.0,0,1,Gibraltor,domestic league (tier 1)
2016/11/20,Premier Division Gibraltar,0,Gibraltar United FC,797,783.0,0 - 2,Glacis United FC,915,929.0,0,2,Gibraltor,domestic league (tier 1)
2016/12/09,Premier Division Gibraltar,0,Gibraltar United FC,781,797.0,3 - 1,Manchester 62 FC,899,883.0,3,1,Gibraltor,domestic league (tier 1)
2017/01/08,Premier Division Gibraltar,0,Gibraltar United FC,796,794.0,2 - 2,Mons Calpe S.C.,824,826.0,2,2,Gibraltor,domestic league (tier 1)
2017/01/21,Premier Division Gibraltar,0,Gibraltar United FC,790,780.0,0 - 1,Lynx FC,883,893.0,0,1,Gibraltor,domestic league (tier 1)
2017/01/30,Premier Division Gibraltar,0,Gibraltar United FC,780,779.0,1 - 1,Lions Gibraltar,853,854.0,1,1,Gibraltor,domestic league (tier 1)
2017/02/20,Premier Division Gibraltar,0,Gibraltar United FC,785,783.0,0 - 1,Europa FC,1251,1253.0,0,1,Gibraltor,domestic league (tier 1)
2017/03/17,Premier Division Gibraltar,0,Gibraltar United FC,762,761.0,0 - 1,Lincoln Red Imps,1384,1385.0,0,1,Gibraltor,domestic league (tier 1)
2017/04/09,Premier Division Gibraltar,0,Gibraltar United FC,755,761.0,0 - 0,St. Josephs FC,1113,1107.0,0,0,Gibraltor,domestic league (tier 1)
2017/05/06,Premier Division Gibraltar,0,Gibraltar United FC,772,785.0,2 - 1,Glacis United FC,970,957.0,2,1,Gibraltor,domestic league (tier 1)
2017/05/22,Premier Division Gibraltar,0,Gibraltar United FC,783,776.0,2 - 2,Europa Point FC,589,596.0,2,2,Gibraltor,domestic league (tier 1)
2017/09/25,Premier Division Gibraltar,0,Gibraltar United FC,776,792.0,2 - 0,Lynx FC,906,890.0,2,0,Gibraltor,domestic league (tier 1)
2017/10/20,Premier Division Gibraltar,0,Gibraltar United FC,795,818.0,3 - 1,St. Josephs FC,1095,1072.0,3,1,Gibraltor,domestic league (tier 1)
2017/10/28,Premier Division Gibraltar,0,Gibraltar United FC,818,831.0,3 - 1,Lions Gibraltar,879,866.0,3,1,Gibraltor,domestic league (tier 1)
2017/11/10,Premier Division Gibraltar,0,Gibraltar United FC,852,851.0,0 - 1,Lincoln Red Imps,1407,1408.0,0,1,Gibraltor,domestic league (tier 1)
2017/11/25,Premier Division Gibraltar,0,Gibraltar United FC,843,840.0,2 - 2,Gibraltar Phoenix,820,823.0,2,2,Gibraltor,domestic league (tier 1)
2018/02/12,Premier Division Gibraltar,0,Gibraltar United FC,841,847.0,2 - 1,Manchester 62 FC,798,792.0,2,1,Gibraltor,domestic league (tier 1)
2018/02/28,Premier Division Gibraltar,0,Gibraltar United FC,867,879.0,3 - 1,Mons Calpe S.C.,900,888.0,3,1,Gibraltor,domestic league (tier 1)
2018/03/15,Premier Division Gibraltar,0,Gibraltar United FC,878,892.0,4 - 1,Glacis United FC,909,895.0,4,1,Gibraltor,domestic league (tier 1)
2018/04/06,Premier Division Gibraltar,0,Gibraltar United FC,903,927.0,2 - 0,Europa FC,1250,1226.0,2,0,Gibraltor,domestic league (tier 1)
2018/04/14,Premier Division Gibraltar,0,Gibraltar United FC,920,925.0,1 - 0,Lynx FC,848,843.0,1,0,Gibraltor,domestic league (tier 1)
2018/04/29,Premier Division Gibraltar,0,Gibraltar United FC,939,941.0,1 - 1,St. Josephs FC,1093,1091.0,1,1,Gibraltor,domestic league (tier 1)
2018/05/05,Premier Division Gibraltar,0,Gibraltar United FC,941,948.0,2 - 0,Lions Gibraltar,822,815.0,2,0,Gibraltor,domestic league (tier 1)
2018/05/12,Premier Division Gibraltar,0,Gibraltar United FC,948,974.0,3 - 1,Lincoln Red Imps,1367,1341.0,3,1,Gibraltor,domestic league (tier 1)
2018/05/26,Premier Division Gibraltar,0,Gibraltar United FC,994,998.0,2 - 1,Gibraltar Phoenix,852,848.0,2,1,Gibraltor,domestic league (tier 1)
2018/08/14,Premier Division Gibraltar,0,Gibraltar United FC,996,1001.0,4 - 0,Lions Gibraltar,782,777.0,4,0,Gibraltor,domestic league (tier 1)
2018/08/22,Premier Division Gibraltar,0,Gibraltar United FC,1007,1009.0,2 - 1,Boca Gibraltar,671,669.0,2,1,Gibraltor,domestic league (tier 1)
2018/10/04,Premier Division Gibraltar,0,Gibraltar United FC,1009,1015.0,4 - 1,Lynx FC,834,828.0,4,1,Gibraltor,domestic league (tier 1)
2018/10/28,Premier Division Gibraltar,0,Gibraltar United FC,1033,1022.0,1 - 3,Europa FC,1235,1246.0,1,3,Gibraltor,domestic league (tier 1)
2018/11/23,Premier Division Gibraltar,0,Gibraltar United FC,1024,1028.0,2 - 1,Glacis United FC,885,881.0,2,1,Gibraltor,domestic league (tier 1)
2018/12/17,Premier Division Gibraltar,0,Gibraltar United FC,1009,1000.0,0 - 1,St. Josephs FC,1130,1139.0,0,1,Gibraltor,domestic league (tier 1)
2019/01/17,Premier Division Gibraltar,0,Gibraltar United FC,997,987.0,1 - 5,Lincoln Red Imps,1282,1292.0,1,5,Gibraltor,domestic league (tier 1)
2019/01/31,Premier Division Gibraltar,0,Gibraltar United FC,985,994.0,2 - 1,Mons Calpe S.C.,1033,1024.0,2,1,Gibraltor,domestic league (tier 1)
2019/02/22,Premier Division Gibraltar,0,Gibraltar United FC,1007,1002.0,1 - 1,Gibraltar Phoenix,930,935.0,1,1,Gibraltor,domestic league (tier 1)
2019/03/03,Premier Division Gibraltar,0,Gibraltar United FC,1002,1005.0,4 - 1,Lions Gibraltar,705,702.0,4,1,Gibraltor,domestic league (tier 1)
2019/03/30,Premier Division Gibraltar,0,Gibraltar United FC,1001,1004.0,7 - 0,Boca Gibraltar,641,638.0,7,0,Gibraltor,domestic league (tier 1)
2019/04/06,Premier Division Gibraltar,0,Gibraltar United FC,1004,997.0,1 - 1,Lynx FC,832,839.0,1,1,Gibraltor,domestic league (tier 1)
2019/04/28,Premier Division Gibraltar,0,Gibraltar United FC,995,1000.0,1 - 1,Europa FC,1276,1271.0,1,1,Gibraltor,domestic league (tier 1)
2019/05/13,Premier Division Gibraltar,0,Gibraltar United FC,990,996.0,2 - 0,Glacis United FC,835,829.0,2,0,Gibraltor,domestic league (tier 1)
2016/09/28,Premier Division Gibraltar,0,Glacis United FC,897,906.0,1 - 0,Manchester 62 FC,951,942.0,1,0,Gibraltor,domestic league (tier 1)
2016/10/21,Premier Division Gibraltar,0,Glacis United FC,904,898.0,0 - 0,Mons Calpe S.C.,764,770.0,0,0,Gibraltor,domestic league (tier 1)
2016/11/05,Premier Division Gibraltar,0,Glacis United FC,904,915.0,2 - 0,Lynx FC,915,904.0,2,0,Gibraltor,domestic league (tier 1)
2016/12/05,Premier Division Gibraltar,0,Glacis United FC,931,923.0,0 - 2,Europa FC,1217,1225.0,0,2,Gibraltor,domestic league (tier 1)
2016/12/11,Premier Division Gibraltar,0,Glacis United FC,923,928.0,5 - 0,Europa Point FC,671,666.0,5,0,Gibraltor,domestic league (tier 1)
2017/01/07,Premier Division Gibraltar,0,Glacis United FC,948,943.0,0 - 5,Lincoln Red Imps,1373,1378.0,0,5,Gibraltor,domestic league (tier 1)
2017/01/21,Premier Division Gibraltar,0,Glacis United FC,957,943.0,0 - 2,St. Josephs FC,1076,1090.0,0,2,Gibraltor,domestic league (tier 1)
2017/02/04,Premier Division Gibraltar,0,Glacis United FC,944,938.0,0 - 0,Gibraltar United FC,779,785.0,0,0,Gibraltor,domestic league (tier 1)
2017/02/19,Premier Division Gibraltar,0,Glacis United FC,938,943.0,1 - 0,Lions Gibraltar,851,846.0,1,0,Gibraltor,domestic league (tier 1)
2017/03/16,Premier Division Gibraltar,0,Glacis United FC,951,945.0,1 - 1,Manchester 62 FC,832,838.0,1,1,Gibraltor,domestic league (tier 1)
2017/04/09,Premier Division Gibraltar,0,Glacis United FC,954,958.0,1 - 0,Mons Calpe S.C.,832,828.0,1,0,Gibraltor,domestic league (tier 1)
2017/04/30,Premier Division Gibraltar,0,Glacis United FC,964,970.0,1 - 0,Lynx FC,902,896.0,1,0,Gibraltor,domestic league (tier 1)
2017/05/21,Premier Division Gibraltar,0,Glacis United FC,957,950.0,0 - 2,Europa FC,1260,1267.0,0,2,Gibraltor,domestic league (tier 1)
2017/10/19,Premier Division Gibraltar,0,Glacis United FC,944,938.0,1 - 1,Gibraltar Phoenix,810,816.0,1,1,Gibraltor,domestic league (tier 1)
2017/11/01,Premier Division Gibraltar,0,Glacis United FC,936,931.0,0 - 0,Lynx FC,850,855.0,0,0,Gibraltor,domestic league (tier 1)
2017/11/13,Premier Division Gibraltar,0,Glacis United FC,930,935.0,1 - 0,Mons Calpe S.C.,860,855.0,1,0,Gibraltor,domestic league (tier 1)
2017/11/18,Premier Division Gibraltar,0,Glacis United FC,935,943.0,2 - 0,Gibraltar United FC,851,843.0,2,0,Gibraltor,domestic league (tier 1)
2018/02/04,Premier Division Gibraltar,0,Glacis United FC,953,949.0,0 - 3,Lincoln Red Imps,1413,1417.0,0,3,Gibraltor,domestic league (tier 1)
2018/02/10,Premier Division Gibraltar,0,Glacis United FC,949,932.0,0 - 3,St. Josephs FC,1060,1077.0,0,3,Gibraltor,domestic league (tier 1)
2018/02/24,Premier Division Gibraltar,0,Glacis United FC,922,918.0,1 - 2,Europa FC,1252,1256.0,1,2,Gibraltor,domestic league (tier 1)
2018/03/10,Premier Division Gibraltar,0,Glacis United FC,903,909.0,6 - 4,Manchester 62 FC,767,761.0,6,4,Gibraltor,domestic league (tier 1)
2018/03/31,Premier Division Gibraltar,0,Glacis United FC,895,907.0,6 - 2,Lions Gibraltar,859,847.0,6,2,Gibraltor,domestic league (tier 1)
2018/04/22,Premier Division Gibraltar,0,Glacis United FC,906,915.0,3 - 0,Lynx FC,829,820.0,3,0,Gibraltor,domestic league (tier 1)
2018/04/29,Premier Division Gibraltar,0,Glacis United FC,915,900.0,1 - 2,Gibraltar Phoenix,825,840.0,1,2,Gibraltor,domestic league (tier 1)
2018/05/18,Premier Division Gibraltar,0,Glacis United FC,914,894.0,0 - 3,Gibraltar United FC,974,994.0,0,3,Gibraltor,domestic league (tier 1)
2018/06/03,Premier Division Gibraltar,0,Glacis United FC,894,877.0,0 - 2,Mons Calpe S.C.,959,976.0,0,2,Gibraltor,domestic league (tier 1)
2018/08/20,Premier Division Gibraltar,0,Glacis United FC,875,882.0,0 - 0,Europa FC,1249,1242.0,0,0,Gibraltor,domestic league (tier 1)
2018/10/20,Premier Division Gibraltar,0,Glacis United FC,907,886.0,1 - 3,Gibraltar Phoenix,864,885.0,1,3,Gibraltor,domestic league (tier 1)
2018/11/04,Premier Division Gibraltar,0,Glacis United FC,895,885.0,0 - 2,St. Josephs FC,1125,1135.0,0,2,Gibraltor,domestic league (tier 1)
2018/11/29,Premier Division Gibraltar,0,Glacis United FC,881,876.0,0 - 0,Lynx FC,803,808.0,0,0,Gibraltor,domestic league (tier 1)
2018/12/04,Premier Division Gibraltar,0,Glacis United FC,876,867.0,2 - 3,Mons Calpe S.C.,998,1007.0,2,3,Gibraltor,domestic league (tier 1)
2018/12/08,Premier Division Gibraltar,0,Glacis United FC,867,864.0,1 - 2,Lincoln Red Imps,1300,1303.0,1,2,Gibraltor,domestic league (tier 1)
2019/01/14,Premier Division Gibraltar,0,Glacis United FC,863,869.0,6 - 1,Boca Gibraltar,669,663.0,6,1,Gibraltor,domestic league (tier 1)
2019/01/24,Premier Division Gibraltar,0,Glacis United FC,856,862.0,3 - 1,Lions Gibraltar,716,710.0,3,1,Gibraltor,domestic league (tier 1)
2019/02/15,Premier Division Gibraltar,0,Glacis United FC,857,844.0,0 - 2,Gibraltar United FC,994,1007.0,0,2,Gibraltor,domestic league (tier 1)
2019/03/07,Premier Division Gibraltar,0,Glacis United FC,835,830.0,1 - 6,Europa FC,1258,1263.0,1,6,Gibraltor,domestic league (tier 1)
2019/04/14,Premier Division Gibraltar,0,Glacis United FC,832,832.0,1 - 1,Gibraltar Phoenix,920,920.0,1,1,Gibraltor,domestic league (tier 1)
2019/05/03,Premier Division Gibraltar,0,Glacis United FC,840,835.0,0 - 1,St. Josephs FC,1140,1145.0,0,1,Gibraltor,domestic league (tier 1)
2019/05/20,Premier Division Gibraltar,0,Glacis United FC,829,811.0,0 - 2,Lynx FC,850,868.0,0,2,Gibraltor,domestic league (tier 1)
2019/08/15,Premier Division Gibraltar,0,Glacis United FC,811,768.0,0 - 9,FCB Magpies,588,631.0,0,9,Gibraltor,domestic league (tier 1)
2019/09/13,Premier Division Gibraltar,0,Glacis United FC,767,757.0,0 - 5,Mons Calpe S.C.,1049,1059.0,0,5,Gibraltor,domestic league (tier 1)
2019/10/26,Premier Division Gibraltar,0,Glacis United FC,769,754.0,2 - 3,Manchester 62 FC,690,705.0,2,3,Gibraltor,domestic league (tier 1)
2019/11/22,Premier Division Gibraltar,0,Glacis United FC,754,759.0,4 - 0,College 1975 FC,525,520.0,4,0,Gibraltor,domestic league (tier 1)
2019/12/05,Premier Division Gibraltar,0,Glacis United FC,758,734.0,0 - 2,Boca Gibraltar,601,625.0,0,2,Gibraltor,domestic league (tier 1)
2019/12/10,Premier Division Gibraltar,0,Glacis United FC,734,714.0,1 - 3,Lions Gibraltar,718,738.0,1,3,Gibraltor,domestic league (tier 1)
2020/01/22,Premier Division Gibraltar,0,Glacis United FC,703,698.0,2 - 2,Boca Gibraltar,598,603.0,2,2,Gibraltor,domestic league (tier 1)
2020/02/22,Premier Division Gibraltar,0,Glacis United FC,696,691.0,0 - 1,Mons Calpe S.C.,989,994.0,0,1,Gibraltor,domestic league (tier 1)
2020/02/27,Premier Division Gibraltar,0,Glacis United FC,691,677.0,1 - 2,Manchester 62 FC,650,664.0,1,2,Gibraltor,domestic league (tier 1)
2020/10/16,Premier Division Gibraltar,0,Glacis United FC,677,673.0,0 - 1,Mons Calpe S.C.,1008,1012.0,0,1,Gibraltor,domestic league (tier 1)
2020/11/01,Premier Division Gibraltar,0,Glacis United FC,663,653.0,0 - 3,Lynx FC,927,937.0,0,3,Gibraltor,domestic league (tier 1)
2020/11/21,Premier Division Gibraltar,0,Glacis United FC,653,665.0,3 - 0,Europa Point FC,638,626.0,3,0,Gibraltor,domestic league (tier 1)
2020/11/29,Premier Division Gibraltar,0,Glacis United FC,683,680.0,0 - 5,St. Josephs FC,1224,1227.0,0,5,Gibraltor,domestic league (tier 1)
2020/12/12,Premier Division Gibraltar,0,Glacis United FC,692,680.0,0 - 1,FCB Magpies,705,717.0,0,1,Gibraltor,domestic league (tier 1)
2021/02/25,Premier Division Gibraltar,0,Glacis United FC,680,678.0,0 - 3,Lincoln Red Imps,1257,1259.0,0,3,Gibraltor,domestic league (tier 1)
2021/03/20,Premier Division Gibraltar,0,Glacis United FC,678,682.0,4 - 1,College 1975 FC,428,424.0,4,1,Gibraltor,domestic league (tier 1)
2021/03/26,Premier Division Gibraltar,0,Glacis United FC,682,692.0,4 - 1,Manchester 62 FC,620,610.0,4,1,Gibraltor,domestic league (tier 1)
2021/04/11,Premier Division Gibraltar,0,Glacis United FC,719,724.0,3 - 1,Europa Point FC,543,538.0,3,1,Gibraltor,domestic league (tier 1)
2021/05/07,Premier Division Gibraltar,0,Glacis United FC,712,727.0,4 - 1,FCB Magpies,759,744.0,4,1,Gibraltor,domestic league (tier 1)
2021/10/24,Premier Division Gibraltar,0,Glacis United FC,738,753.0,1 - 0,Mons Calpe S.C.,1012,997.0,1,0,Gibraltor,domestic league (tier 1)
2021/11/21,Premier Division Gibraltar,0,Glacis United FC,752,751.0,2 - 4,Lincoln Red Imps,1371,1372.0,2,4,Gibraltor,domestic league (tier 1)
2021/12/04,Premier Division Gibraltar,0,Glacis United FC,764,759.0,1 - 1,Manchester 62 FC,669,674.0,1,1,Gibraltor,domestic league (tier 1)
2021/12/18,Premier Division Gibraltar,0,Glacis United FC,766,770.0,5 - 0,Europa Point FC,470,466.0,5,0,Gibraltor,domestic league (tier 1)
2022/01/14,Premier Division Gibraltar,0,Glacis United FC,769,785.0,3 - 1,Lynx FC,901,885.0,3,1,Gibraltor,domestic league (tier 1)
2022/02/20,Premier Division Gibraltar,0,Glacis United FC,793,788.0,2 - 5,St. Josephs FC,1216,1221.0,2,5,Gibraltor,domestic league (tier 1)
2022/02/27,Premier Division Gibraltar,0,Glacis United FC,788,800.0,1 - 0,Mons Calpe S.C.,970,958.0,1,0,Gibraltor,domestic league (tier 1)
2022/04/07,Premier Division Gibraltar,0,Glacis United FC,800,779.0,0 - 3,FCB Magpies,838,859.0,0,3,Gibraltor,domestic league (tier 1)
2022/04/12,Premier Division Gibraltar,0,Glacis United FC,779,777.0,1 - 2,Europa FC,1313,1315.0,1,2,Gibraltor,domestic league (tier 1)
2022/04/30,Premier Division Gibraltar,0,Glacis United FC,770,769.0,1 - 3,Lincoln Red Imps,1411,1412.0,1,3,Gibraltor,domestic league (tier 1)
2022/10/07,Premier Division Gibraltar,0,Glacis United FC,769,780.0,1 - 0,Mons Calpe S.C.,918,907.0,1,0,Gibraltor,domestic league (tier 1)
2022/10/22,Premier Division Gibraltar,0,Glacis United FC,765,770.0,1 - 0,Lions Gibraltar,655,650.0,1,0,Gibraltor,domestic league (tier 1)
2022/11/27,Premier Division Gibraltar,0,Glacis United FC,769,761.0,1 - 2,FCB Magpies,922,930.0,1,2,Gibraltor,domestic league (tier 1)
2022/12/10,Premier Division Gibraltar,0,Glacis United FC,751,768.0,2 - 1,St. Josephs FC,1189,1172.0,2,1,Gibraltor,domestic league (tier 1)
2022/12/20,Premier Division Gibraltar,0,Glacis United FC,778,760.0,0 - 2,Lynx FC,819,837.0,0,2,Gibraltor,domestic league (tier 1)
2023/01/07,Premier Division Gibraltar,0,Glacis United FC,760,756.0,0 - 2,St. Josephs FC,1165,1169.0,0,2,Gibraltor,domestic league (tier 1)
2023/02/04,Premier Division Gibraltar,0,Glacis United FC,755,739.0,0 - 2,Lynx FC,840,856.0,0,2,Gibraltor,domestic league (tier 1)
2023/03/05,Premier Division Gibraltar,0,Glacis United FC,734,732.0,0 - 1,Europa FC,1229,1231.0,0,1,Gibraltor,domestic league (tier 1)
2023/04/08,Premier Division Gibraltar,0,Glacis United FC,732,731.0,0 - 5,Lincoln Red Imps,1418,1419.0,0,5,Gibraltor,domestic league (tier 1)
2023/04/23,Premier Division Gibraltar,0,Glacis United FC,724,729.0,0 - 0,FCB Magpies,1007,1002.0,0,0,Gibraltor,domestic league (tier 1)
2023/09/17,Premier Division Gibraltar,0,Glacis United FC,729,740.0,2 - 1,Mons Calpe S.C.,880,869.0,2,1,Gibraltor,domestic league (tier 1)
2023/09/29,Premier Division Gibraltar,0,Glacis United FC,726,729.0,3 - 1,Europa Point FC,450,447.0,3,1,Gibraltor,domestic league (tier 1)
2023/10/22,Premier Division Gibraltar,0,Glacis United FC,729,736.0,3 - 1,Lions Gibraltar,616,609.0,3,1,Gibraltor,domestic league (tier 1)
2023/11/04,Premier Division Gibraltar,0,Glacis United FC,735,738.0,1 - 0,College 1975 FC,538,535.0,1,0,Gibraltor,domestic league (tier 1)
2023/12/02,Premier Division Gibraltar,0,Glacis United FC,736,755.0,2 - 0,Lynx FC,923,904.0,2,0,Gibraltor,domestic league (tier 1)
2024/01/20,Premier Division Gibraltar,0,Glacis United FC,731,719.0,0 - 1,Manchester 62 FC,778,790.0,0,1,Gibraltor,domestic league (tier 1)
2024/02/04,Premier Division Gibraltar,0,Glacis United FC,712,710.0,2 - 8,Lincoln Red Imps,1374,1376.0,2,8,Gibraltor,domestic league (tier 1)
2024/02/18,Premier Division Gibraltar,0,Glacis United FC,699,696.0,0 - 1,Europa FC,1088,1091.0,0,1,Gibraltor,domestic league (tier 1)
2024/03/02,Premier Division Gibraltar,0,Glacis United FC,693,690.0,1 - 3,St. Josephs FC,1180,1183.0,1,3,Gibraltor,domestic league (tier 1)
2024/03/30,Premier Division Gibraltar,0,Glacis United FC,687,683.0,1 - 2,FCB Magpies,1052,1056.0,1,2,Gibraltor,domestic league (tier 1)
2024/08/25,Premier Division Gibraltar,0,Glacis United FC,706,702.0,1 - 2,Europa FC,1062,1066.0,1,2,Gibraltor,domestic league (tier 1)
2024/09/13,Premier Division Gibraltar,0,Glacis United FC,701,696.0,1 - 1,Lions Gibraltar,618,623.0,1,1,Gibraltor,domestic league (tier 1)
2024/10/06,Premier Division Gibraltar,0,Glacis United FC,707,724.0,2 - 0,Mons Calpe S.C.,849,832.0,2,0,Gibraltor,domestic league (tier 1)
2024/10/26,Premier Division Gibraltar,0,Glacis United FC,716,699.0,0 - 2,Manchester 62 FC,764,781.0,0,2,Gibraltor,domestic league (tier 1)
2024/11/09,Premier Division Gibraltar,0,Glacis United FC,697,696.0,0 - 6,Lincoln Red Imps,1401,1402.0,0,6,Gibraltor,domestic league (tier 1)
2024/11/25,Premier Division Gibraltar,0,Glacis United FC,696,711.0,4 - 2,Lynx FC,807,792.0,4,2,Gibraltor,domestic league (tier 1)
2024/12/07,Premier Division Gibraltar,0,Glacis United FC,708,705.0,1 - 4,St. Josephs FC,1227,1230.0,1,4,Gibraltor,domestic league (tier 1)
2024/12/20,Premier Division Gibraltar,0,Glacis United FC,690,673.0,2 - 3,College 1975 FC,503,520.0,2,3,Gibraltor,domestic league (tier 1)
2025/02/10,Premier Division Gibraltar,0,Glacis United FC,695,703.0,3 - 0,Europa Point FC,570,562.0,3,0,Gibraltor,domestic league (tier 1)
2025/03/09,Premier Division Gibraltar,0,Glacis United FC,699,689.0,0 - 5,FCB Magpies,990,1000.0,0,5,Gibraltor,domestic league (tier 1)
2025/08/15,Premier Division Gibraltar,0,Glacis United FC,689,679.0,2 - 3,Lynx FC,794,804.0,2,3,Gibraltor,domestic league (tier 1)
2025/09/13,Premier Division Gibraltar,0,Glacis United FC,688,677.0,1 - 3,Manchester 62 FC,872,883.0,1,3,Gibraltor,domestic league (tier 1)
2025/09/28,Premier Division Gibraltar,0,Glacis United FC,669,663.0,0 - 1,FCB Magpies,930,936.0,0,1,Gibraltor,domestic league (tier 1)
2025/10/17,Premier Division Gibraltar,0,Glacis United FC,662,658.0,0 - 2,Europa FC,1079,1083.0,0,2,Gibraltor,domestic league (tier 1)
2025/10/25,Premier Division Gibraltar,0,Glacis United FC,658,653.0,0 - 0,FC Hound Dogs,560,565.0,0,0,Gibraltor,domestic league (tier 1)
2025/11/09,Premier Division Gibraltar,0,Glacis United FC,649,656.0,3 - 1,Europa Point FC,550,543.0,3,1,Gibraltor,domestic league (tier 1)
2025/11/30,Premier Division Gibraltar,0,Glacis United FC,646,645.0,0 - 3,Lincoln Red Imps,1435,1436.0,0,3,Gibraltor,domestic league (tier 1)
2025/12/08,Premier Division Gibraltar,0,Glacis United FC,645,640.0,1 - 1,College 1975 FC,551,556.0,1,1,Gibraltor,domestic league (tier 1)
2025/12/20,Premier Division Gibraltar,0,Glacis United FC,669,654.0,0 - 4,Mons Calpe S.C.,830,845.0,0,4,Gibraltor,domestic league (tier 1)
2026/01/17,Premier Division Gibraltar,0,Glacis United FC,650,649.0,0 - 4,St. Josephs FC,1317,1318.0,0,4,Gibraltor,domestic league (tier 1)
2026/02/23,Premier Division Gibraltar,0,Glacis United FC,646,628.0,0 - 5,Lions Gibraltar,778,796.0,0,5,Gibraltor,domestic league (tier 1)
2026/08/30,Premier Division Gibraltar,0,Glacis United FC,633,632.0,0 - 2,Lincoln Red Imps,1433,1434.0,0,2,Gibraltor,domestic league (tier 1)
2016/09/24,Premier Division Gibraltar,0,Lincoln Red Imps,1364,1366.0,5 - 0,Lynx FC,969,967.0,5,0,Gibraltor,domestic league (tier 1)
2016/10/16,Premier Division Gibraltar,0,Lincoln Red Imps,1368,1370.0,7 - 0,Glacis United FC,906,904.0,7,0,Gibraltor,domestic league (tier 1)
2016/10/28,Premier Division Gibraltar,0,Lincoln Red Imps,1358,1358.0,4 - 0,Europa Point FC,700,700.0,4,0,Gibraltor,domestic league (tier 1)
2016/11/21,Premier Division Gibraltar,0,Lincoln Red Imps,1363,1364.0,4 - 1,Lions Gibraltar,893,892.0,4,1,Gibraltor,domestic league (tier 1)
2016/11/26,Premier Division Gibraltar,0,Lincoln Red Imps,1364,1365.0,4 - 1,Mons Calpe S.C.,805,804.0,4,1,Gibraltor,domestic league (tier 1)
2016/12/17,Premier Division Gibraltar,0,Lincoln Red Imps,1372,1373.0,2 - 0,Gibraltar United FC,797,796.0,2,0,Gibraltor,domestic league (tier 1)
2017/01/14,Premier Division Gibraltar,0,Lincoln Red Imps,1378,1384.0,3 - 1,Europa FC,1239,1233.0,3,1,Gibraltor,domestic league (tier 1)
2017/01/29,Premier Division Gibraltar,0,Lincoln Red Imps,1386,1387.0,2 - 0,Manchester 62 FC,869,868.0,2,0,Gibraltor,domestic league (tier 1)
2017/02/27,Premier Division Gibraltar,0,Lincoln Red Imps,1391,1383.0,2 - 2,St. Josephs FC,1084,1092.0,2,2,Gibraltor,domestic league (tier 1)
2017/03/05,Premier Division Gibraltar,0,Lincoln Red Imps,1383,1384.0,1 - 0,Lynx FC,915,914.0,1,0,Gibraltor,domestic league (tier 1)
2017/04/02,Premier Division Gibraltar,0,Lincoln Red Imps,1385,1376.0,3 - 3,Glacis United FC,945,954.0,3,3,Gibraltor,domestic league (tier 1)
2017/04/20,Premier Division Gibraltar,0,Lincoln Red Imps,1393,1393.0,9 - 0,Europa Point FC,630,630.0,9,0,Gibraltor,domestic league (tier 1)
2017/05/08,Premier Division Gibraltar,0,Lincoln Red Imps,1395,1396.0,4 - 0,Lions Gibraltar,855,854.0,4,0,Gibraltor,domestic league (tier 1)
2017/05/13,Premier Division Gibraltar,0,Lincoln Red Imps,1396,1386.0,2 - 2,Mons Calpe S.C.,850,860.0,2,2,Gibraltor,domestic league (tier 1)
2017/09/27,Premier Division Gibraltar,0,Lincoln Red Imps,1394,1396.0,4 - 0,Glacis United FC,950,948.0,4,0,Gibraltor,domestic league (tier 1)
2017/10/21,Premier Division Gibraltar,0,Lincoln Red Imps,1398,1403.0,3 - 1,Europa FC,1238,1233.0,3,1,Gibraltor,domestic league (tier 1)
2017/11/02,Premier Division Gibraltar,0,Lincoln Red Imps,1406,1407.0,3 - 0,Manchester 62 FC,798,797.0,3,0,Gibraltor,domestic league (tier 1)
2017/11/15,Premier Division Gibraltar,0,Lincoln Red Imps,1408,1409.0,3 - 1,Lions Gibraltar,864,863.0,3,1,Gibraltor,domestic league (tier 1)
2017/11/29,Premier Division Gibraltar,0,Lincoln Red Imps,1411,1413.0,2 - 0,St. Josephs FC,1059,1057.0,2,0,Gibraltor,domestic league (tier 1)
2018/02/11,Premier Division Gibraltar,0,Lincoln Red Imps,1417,1417.0,1 - 0,Gibraltar Phoenix,823,823.0,1,0,Gibraltor,domestic league (tier 1)
2018/02/24,Premier Division Gibraltar,0,Lincoln Red Imps,1415,1416.0,2 - 0,Lynx FC,827,826.0,2,0,Gibraltor,domestic league (tier 1)
2018/03/07,Premier Division Gibraltar,0,Lincoln Red Imps,1417,1418.0,4 - 0,Gibraltar United FC,879,878.0,4,0,Gibraltor,domestic league (tier 1)
2018/04/01,Premier Division Gibraltar,0,Lincoln Red Imps,1420,1391.0,1 - 3,Mons Calpe S.C.,903,932.0,1,3,Gibraltor,domestic league (tier 1)
2018/04/12,Premier Division Gibraltar,0,Lincoln Red Imps,1368,1369.0,1 - 0,Glacis United FC,900,899.0,1,0,Gibraltor,domestic league (tier 1)
2018/04/28,Premier Division Gibraltar,0,Lincoln Red Imps,1371,1365.0,0 - 0,Europa FC,1234,1240.0,0,0,Gibraltor,domestic league (tier 1)
2018/05/07,Premier Division Gibraltar,0,Lincoln Red Imps,1366,1367.0,6 - 0,Manchester 62 FC,720,719.0,6,0,Gibraltor,domestic league (tier 1)
2018/05/19,Premier Division Gibraltar,0,Lincoln Red Imps,1341,1342.0,7 - 1,Lions Gibraltar,793,792.0,7,1,Gibraltor,domestic league (tier 1)
2018/06/02,Premier Division Gibraltar,0,Lincoln Red Imps,1349,1318.0,0 - 3,St. Josephs FC,1106,1137.0,0,3,Gibraltor,domestic league (tier 1)
2018/08/16,Premier Division Gibraltar,0,Lincoln Red Imps,1302,1304.0,4 - 0,Glacis United FC,877,875.0,4,0,Gibraltor,domestic league (tier 1)
2018/08/24,Premier Division Gibraltar,0,Lincoln Red Imps,1308,1309.0,3 - 0,Lions Gibraltar,757,756.0,3,0,Gibraltor,domestic league (tier 1)
2018/10/22,Premier Division Gibraltar,0,Lincoln Red Imps,1325,1307.0,0 - 1,Gibraltar United FC,1015,1033.0,0,1,Gibraltor,domestic league (tier 1)
2018/11/02,Premier Division Gibraltar,0,Lincoln Red Imps,1299,1299.0,3 - 0,Boca Gibraltar,663,663.0,3,0,Gibraltor,domestic league (tier 1)
2018/11/25,Premier Division Gibraltar,0,Lincoln Red Imps,1299,1305.0,3 - 2,Europa FC,1248,1242.0,3,2,Gibraltor,domestic league (tier 1)
2018/12/18,Premier Division Gibraltar,0,Lincoln Red Imps,1305,1307.0,4 - 0,Gibraltar Phoenix,922,920.0,4,0,Gibraltor,domestic league (tier 1)
2019/01/03,Premier Division Gibraltar,0,Lincoln Red Imps,1307,1282.0,1 - 3,St. Josephs FC,1139,1164.0,1,3,Gibraltor,domestic league (tier 1)
2019/01/26,Premier Division Gibraltar,0,Lincoln Red Imps,1292,1293.0,1 - 0,Lynx FC,807,806.0,1,0,Gibraltor,domestic league (tier 1)
2019/02/24,Premier Division Gibraltar,0,Lincoln Red Imps,1297,1300.0,3 - 1,Mons Calpe S.C.,1017,1014.0,3,1,Gibraltor,domestic league (tier 1)
2019/03/02,Premier Division Gibraltar,0,Lincoln Red Imps,1300,1301.0,2 - 1,Glacis United FC,836,835.0,2,1,Gibraltor,domestic league (tier 1)
2019/03/30,Premier Division Gibraltar,0,Lincoln Red Imps,1308,1309.0,5 - 1,Lions Gibraltar,685,684.0,5,1,Gibraltor,domestic league (tier 1)
2019/04/16,Premier Division Gibraltar,0,Lincoln Red Imps,1322,1324.0,2 - 0,Gibraltar United FC,997,995.0,2,0,Gibraltor,domestic league (tier 1)
2019/05/05,Premier Division Gibraltar,0,Lincoln Red Imps,1327,1327.0,10 - 0,Boca Gibraltar,615,615.0,10,0,Gibraltor,domestic league (tier 1)
2019/05/11,Premier Division Gibraltar,0,Lincoln Red Imps,1327,1336.0,2 - 0,Europa FC,1273,1264.0,2,0,Gibraltor,domestic league (tier 1)
2019/08/22,Premier Division Gibraltar,0,Lincoln Red Imps,1275,1276.0,8 - 0,Glacis United FC,768,767.0,8,0,Gibraltor,domestic league (tier 1)
2019/09/19,Premier Division Gibraltar,0,Lincoln Red Imps,1276,1276.0,9 - 1,College 1975 FC,565,565.0,9,1,Gibraltor,domestic league (tier 1)
2019/10/21,Premier Division Gibraltar,0,Lincoln Red Imps,1278,1280.0,4 - 0,Lynx FC,909,907.0,4,0,Gibraltor,domestic league (tier 1)
2019/11/03,Premier Division Gibraltar,0,Lincoln Red Imps,1289,1289.0,3 - 0,Europa Point FC,596,596.0,3,0,Gibraltor,domestic league (tier 1)
2019/12/19,Premier Division Gibraltar,0,Lincoln Red Imps,1282,1282.0,2 - 0,Manchester 62 FC,665,665.0,2,0,Gibraltor,domestic league (tier 1)
2020/01/18,Premier Division Gibraltar,0,Lincoln Red Imps,1282,1285.0,5 - 0,Lynx FC,923,920.0,5,0,Gibraltor,domestic league (tier 1)
2020/02/01,Premier Division Gibraltar,0,Lincoln Red Imps,1287,1269.0,0 - 2,Europa FC,1305,1323.0,0,2,Gibraltor,domestic league (tier 1)
2020/02/21,Premier Division Gibraltar,0,Lincoln Red Imps,1260,1261.0,7 - 1,Lions Gibraltar,721,720.0,7,1,Gibraltor,domestic league (tier 1)
2020/10/26,Premier Division Gibraltar,0,Lincoln Red Imps,1276,1277.0,3 - 0,FCB Magpies,689,688.0,3,0,Gibraltor,domestic league (tier 1)
2020/11/22,Premier Division Gibraltar,0,Lincoln Red Imps,1281,1271.0,0 - 0,Boca Gibraltar,614,624.0,0,0,Gibraltor,domestic league (tier 1)
2020/12/06,Premier Division Gibraltar,0,Lincoln Red Imps,1280,1281.0,3 - 0,Lions Gibraltar,758,757.0,3,0,Gibraltor,domestic league (tier 1)
2020/12/19,Premier Division Gibraltar,0,Lincoln Red Imps,1257,1257.0,2 - 0,Manchester 62 FC,618,618.0,2,0,Gibraltor,domestic league (tier 1)
2021/03/04,Premier Division Gibraltar,0,Lincoln Red Imps,1259,1268.0,4 - 2,St. Josephs FC,1222,1213.0,4,2,Gibraltor,domestic league (tier 1)
2021/04/17,Premier Division Gibraltar,0,Lincoln Red Imps,1303,1307.0,5 - 1,Mons Calpe S.C.,1018,1014.0,5,1,Gibraltor,domestic league (tier 1)
2021/04/24,Premier Division Gibraltar,0,Lincoln Red Imps,1307,1292.0,0 - 1,St. Josephs FC,1227,1242.0,0,1,Gibraltor,domestic league (tier 1)
2021/05/01,Premier Division Gibraltar,0,Lincoln Red Imps,1283,1296.0,3 - 1,Europa FC,1332,1319.0,3,1,Gibraltor,domestic league (tier 1)
2021/05/05,Premier Division Gibraltar,0,Lincoln Red Imps,1296,1297.0,1 - 0,Lynx FC,934,933.0,1,0,Gibraltor,domestic league (tier 1)
2021/05/16,Premier Division Gibraltar,0,Lincoln Red Imps,1309,1310.0,3 - 0,Lions Gibraltar,736,735.0,3,0,Gibraltor,domestic league (tier 1)
2021/10/17,Premier Division Gibraltar,0,Lincoln Red Imps,1362,1371.0,3 - 1,Europa FC,1306,1297.0,3,1,Gibraltor,domestic league (tier 1)
2021/10/30,Premier Division Gibraltar,0,Lincoln Red Imps,1375,1375.0,1 - 0,Lions Gibraltar,733,733.0,1,0,Gibraltor,domestic league (tier 1)
2021/11/30,Premier Division Gibraltar,0,Lincoln Red Imps,1369,1371.0,3 - 0,Mons Calpe S.C.,988,986.0,3,0,Gibraltor,domestic league (tier 1)
2021/12/19,Premier Division Gibraltar,0,Lincoln Red Imps,1379,1380.0,5 - 0,FCB Magpies,755,754.0,5,0,Gibraltor,domestic league (tier 1)
2022/01/16,Premier Division Gibraltar,0,Lincoln Red Imps,1381,1381.0,4 - 0,College 1975 FC,433,433.0,4,0,Gibraltor,domestic league (tier 1)
2022/01/30,Premier Division Gibraltar,0,Lincoln Red Imps,1381,1377.0,3 - 3,Europa FC,1322,1326.0,3,3,Gibraltor,domestic league (tier 1)
2022/02/13,Premier Division Gibraltar,0,Lincoln Red Imps,1377,1381.0,3 - 2,St. Josephs FC,1220,1216.0,3,2,Gibraltor,domestic league (tier 1)
2022/02/25,Premier Division Gibraltar,0,Lincoln Red Imps,1384,1384.0,1 - 0,FCB Magpies,821,821.0,1,0,Gibraltor,domestic league (tier 1)
2022/03/06,Premier Division Gibraltar,0,Lincoln Red Imps,1384,1384.0,1 - 0,Glacis United FC,800,800.0,1,0,Gibraltor,domestic league (tier 1)
2022/04/16,Premier Division Gibraltar,0,Lincoln Red Imps,1408,1409.0,4 - 2,Mons Calpe S.C.,936,935.0,4,2,Gibraltor,domestic league (tier 1)
2022/10/01,Premier Division Gibraltar,0,Lincoln Red Imps,1413,1413.0,3 - 0,Manchester 62 FC,678,678.0,3,0,Gibraltor,domestic league (tier 1)
2022/10/16,Premier Division Gibraltar,0,Lincoln Red Imps,1410,1410.0,10 - 0,Europa Point FC,502,502.0,10,0,Gibraltor,domestic league (tier 1)
2022/10/30,Premier Division Gibraltar,0,Lincoln Red Imps,1411,1411.0,4 - 1,Glacis United FC,770,770.0,4,1,Gibraltor,domestic league (tier 1)
2022/11/05,Premier Division Gibraltar,0,Lincoln Red Imps,1411,1412.0,2 - 1,Mons Calpe S.C.,904,903.0,2,1,Gibraltor,domestic league (tier 1)
2022/12/02,Premier Division Gibraltar,0,Lincoln Red Imps,1412,1412.0,6 - 0,Lions Gibraltar,661,661.0,6,0,Gibraltor,domestic league (tier 1)
2022/12/18,Premier Division Gibraltar,0,Lincoln Red Imps,1422,1393.0,1 - 3,FCB Magpies,947,976.0,1,3,Gibraltor,domestic league (tier 1)
2023/01/27,Premier Division Gibraltar,0,Lincoln Red Imps,1400,1400.0,4 - 1,Glacis United FC,755,755.0,4,1,Gibraltor,domestic league (tier 1)
2023/02/05,Premier Division Gibraltar,0,Lincoln Red Imps,1400,1402.0,1 - 0,St. Josephs FC,1161,1159.0,1,0,Gibraltor,domestic league (tier 1)
2023/02/25,Premier Division Gibraltar,0,Lincoln Red Imps,1416,1417.0,3 - 1,FCB Magpies,1002,1001.0,3,1,Gibraltor,domestic league (tier 1)
2023/03/03,Premier Division Gibraltar,0,Lincoln Red Imps,1417,1418.0,4 - 0,Lynx FC,886,885.0,4,0,Gibraltor,domestic league (tier 1)
2023/04/22,Premier Division Gibraltar,0,Lincoln Red Imps,1429,1412.0,1 - 2,Europa FC,1247,1264.0,1,2,Gibraltor,domestic league (tier 1)
2023/09/24,Premier Division Gibraltar,0,Lincoln Red Imps,1391,1392.0,3 - 2,Lynx FC,903,902.0,3,2,Gibraltor,domestic league (tier 1)
2023/10/04,Premier Division Gibraltar,0,Lincoln Red Imps,1378,1378.0,3 - 1,Glacis United FC,729,729.0,3,1,Gibraltor,domestic league (tier 1)
2023/10/29,Premier Division Gibraltar,0,Lincoln Red Imps,1372,1373.0,5 - 0,Manchester 62 FC,741,740.0,5,0,Gibraltor,domestic league (tier 1)
2023/12/01,Premier Division Gibraltar,0,Lincoln Red Imps,1376,1376.0,2 - 0,Lions Gibraltar,581,581.0,2,0,Gibraltor,domestic league (tier 1)
2023/12/17,Premier Division Gibraltar,0,Lincoln Red Imps,1385,1385.0,7 - 0,College 1975 FC,498,498.0,7,0,Gibraltor,domestic league (tier 1)
2023/12/21,Premier Division Gibraltar,0,Lincoln Red Imps,1385,1368.0,1 - 2,St. Josephs FC,1158,1175.0,1,2,Gibraltor,domestic league (tier 1)
2024/01/28,Premier Division Gibraltar,0,Lincoln Red Imps,1371,1374.0,3 - 0,FCB Magpies,1049,1046.0,3,0,Gibraltor,domestic league (tier 1)
2024/02/10,Premier Division Gibraltar,0,Lincoln Red Imps,1376,1376.0,1 - 0,Europa Point FC,594,594.0,1,0,Gibraltor,domestic league (tier 1)
2024/02/23,Premier Division Gibraltar,0,Lincoln Red Imps,1378,1379.0,2 - 1,Mons Calpe S.C.,879,878.0,2,1,Gibraltor,domestic league (tier 1)
2024/03/31,Premier Division Gibraltar,0,Lincoln Red Imps,1380,1382.0,2 - 1,Europa FC,1071,1069.0,2,1,Gibraltor,domestic league (tier 1)
2024/04/27,Premier Division Gibraltar,0,Lincoln Red Imps,1385,1385.0,4 - 0,Europa Point FC,627,627.0,4,0,Gibraltor,domestic league (tier 1)
2024/04/30,Premier Division Gibraltar,0,Lincoln Red Imps,1385,1386.0,5 - 1,Mons Calpe S.C.,871,870.0,5,1,Gibraltor,domestic league (tier 1)
2024/09/25,Premier Division Gibraltar,0,Lincoln Red Imps,1410,1411.0,3 - 0,Lynx FC,814,813.0,3,0,Gibraltor,domestic league (tier 1)
2024/10/20,Premier Division Gibraltar,0,Lincoln Red Imps,1405,1406.0,3 - 0,Mons Calpe S.C.,832,831.0,3,0,Gibraltor,domestic league (tier 1)
2024/10/23,Premier Division Gibraltar,0,Lincoln Red Imps,1406,1399.0,0 - 0,St. Josephs FC,1203,1210.0,0,0,Gibraltor,domestic league (tier 1)
2024/11/03,Premier Division Gibraltar,0,Lincoln Red Imps,1401,1401.0,5 - 1,College 1975 FC,488,488.0,5,1,Gibraltor,domestic league (tier 1)
2024/11/30,Premier Division Gibraltar,0,Lincoln Red Imps,1404,1404.0,2 - 0,Europa Point FC,597,597.0,2,0,Gibraltor,domestic league (tier 1)
2024/12/04,Premier Division Gibraltar,0,Lincoln Red Imps,1404,1405.0,3 - 0,Manchester 62 FC,837,836.0,3,0,Gibraltor,domestic league (tier 1)
2024/12/14,Premier Division Gibraltar,0,Lincoln Red Imps,1407,1409.0,2 - 0,FCB Magpies,1020,1018.0,2,0,Gibraltor,domestic league (tier 1)
2025/01/17,Premier Division Gibraltar,0,Lincoln Red Imps,1411,1413.0,3 - 1,Europa FC,1085,1083.0,3,1,Gibraltor,domestic league (tier 1)
2025/02/22,Premier Division Gibraltar,0,Lincoln Red Imps,1411,1391.0,1 - 2,Lions Gibraltar,713,733.0,1,2,Gibraltor,domestic league (tier 1)
2025/03/14,Premier Division Gibraltar,0,Lincoln Red Imps,1391,1391.0,4 - 1,Glacis United FC,689,689.0,4,1,Gibraltor,domestic league (tier 1)
2025/04/20,Premier Division Gibraltar,0,Lincoln Red Imps,1409,1409.0,3 - 0,Lions Gibraltar,709,709.0,3,0,Gibraltor,domestic league (tier 1)
2025/04/27,Premier Division Gibraltar,0,Lincoln Red Imps,1409,1410.0,1 - 0,FCB Magpies,975,974.0,1,0,Gibraltor,domestic league (tier 1)
2025/09/14,Premier Division Gibraltar,0,Lincoln Red Imps,1429,1429.0,4 - 0,Lions Gibraltar,719,719.0,4,0,Gibraltor,domestic league (tier 1)
2025/09/24,Premier Division Gibraltar,0,Lincoln Red Imps,1431,1432.0,7 - 0,FCB Magpies,931,930.0,7,0,Gibraltor,domestic league (tier 1)
2025/09/28,Premier Division Gibraltar,0,Lincoln Red Imps,1432,1432.0,7 - 0,Europa Point FC,538,538.0,7,0,Gibraltor,domestic league (tier 1)
2025/10/27,Premier Division Gibraltar,0,Lincoln Red Imps,1444,1444.0,3 - 2,Manchester 62 FC,872,872.0,3,2,Gibraltor,domestic league (tier 1)
2025/12/04,Premier Division Gibraltar,0,Lincoln Red Imps,1436,1436.0,6 - 1,Glacis United FC,645,645.0,6,1,Gibraltor,domestic league (tier 1)
2025/12/07,Premier Division Gibraltar,0,Lincoln Red Imps,1436,1436.0,4 - 0,FC Hound Dogs,518,518.0,4,0,Gibraltor,domestic league (tier 1)
2025/12/21,Premier Division Gibraltar,0,Lincoln Red Imps,1448,1449.0,3 - 0,Lynx FC,819,818.0,3,0,Gibraltor,domestic league (tier 1)
2026/01/14,Premier Division Gibraltar,0,Lincoln Red Imps,1449,1420.0,1 - 4,St. Josephs FC,1288,1317.0,1,4,Gibraltor,domestic league (tier 1)
2026/01/18,Premier Division Gibraltar,0,Lincoln Red Imps,1420,1422.0,3 - 1,Europa FC,1065,1063.0,3,1,Gibraltor,domestic league (tier 1)
2026/01/25,Premier Division Gibraltar,0,Lincoln Red Imps,1422,1422.0,4 - 0,College 1975 FC,559,559.0,4,0,Gibraltor,domestic league (tier 1)
2026/02/22,Premier Division Gibraltar,0,Lincoln Red Imps,1419,1420.0,3 - 0,Mons Calpe S.C.,871,870.0,3,0,Gibraltor,domestic league (tier 1)
2026/03/21,Premier Division Gibraltar,0,Lincoln Red Imps,1422,1426.0,1 - 0,St. Josephs FC,1303,1299.0,1,0,Gibraltor,domestic league (tier 1)
2026/04/05,Premier Division Gibraltar,0,Lincoln Red Imps,1426,1426.0,2 - 1,Mons Calpe S.C.,881,881.0,2,1,Gibraltor,domestic league (tier 1)
2026/04/18,Premier Division Gibraltar,0,Lincoln Red Imps,1417,1419.0,2 - 0,Europa FC,1098,1096.0,2,0,Gibraltor,domestic league (tier 1)
2026/04/25,Premier Division Gibraltar,0,Lincoln Red Imps,1419,1420.0,4 - 1,Lynx FC,817,816.0,4,1,Gibraltor,domestic league (tier 1)
2026/09/04,Premier Division Gibraltar,0,Lincoln Red Imps,1434,,Info,Europa Point FC,601,,,,Gibraltor,domestic league (tier 1)
2016/09/29,Premier Division Gibraltar,0,Lions Gibraltar,936,917.0,0 - 3,St. Josephs FC,1013,1032.0,0,3,Gibraltor,domestic league (tier 1)
2016/10/24,Premier Division Gibraltar,0,Lions Gibraltar,913,911.0,1 - 1,Lynx FC,929,931.0,1,1,Gibraltor,domestic league (tier 1)
2016/11/04,Premier Division Gibraltar,0,Lions Gibraltar,898,893.0,0 - 0,Gibraltar United FC,792,797.0,0,0,Gibraltor,domestic league (tier 1)
2016/11/26,Premier Division Gibraltar,0,Lions Gibraltar,892,890.0,1 - 1,Glacis United FC,929,931.0,1,1,Gibraltor,domestic league (tier 1)
2016/12/12,Premier Division Gibraltar,0,Lions Gibraltar,880,871.0,0 - 7,Europa FC,1225,1234.0,0,7,Gibraltor,domestic league (tier 1)
2017/01/06,Premier Division Gibraltar,0,Lions Gibraltar,866,870.0,2 - 0,Europa Point FC,664,660.0,2,0,Gibraltor,domestic league (tier 1)
2017/01/20,Premier Division Gibraltar,0,Lions Gibraltar,856,853.0,1 - 1,Manchester 62 FC,866,869.0,1,1,Gibraltor,domestic league (tier 1)
2017/02/04,Premier Division Gibraltar,0,Lions Gibraltar,854,851.0,0 - 5,Lincoln Red Imps,1387,1390.0,0,5,Gibraltor,domestic league (tier 1)
2017/02/24,Premier Division Gibraltar,0,Lions Gibraltar,846,843.0,1 - 1,Mons Calpe S.C.,837,840.0,1,1,Gibraltor,domestic league (tier 1)
2017/03/18,Premier Division Gibraltar,0,Lions Gibraltar,842,832.0,0 - 3,St. Josephs FC,1098,1108.0,0,3,Gibraltor,domestic league (tier 1)
2017/04/10,Premier Division Gibraltar,0,Lions Gibraltar,839,848.0,2 - 1,Lynx FC,917,908.0,2,1,Gibraltor,domestic league (tier 1)
2017/04/29,Premier Division Gibraltar,0,Lions Gibraltar,860,855.0,0 - 0,Gibraltar United FC,767,772.0,0,0,Gibraltor,domestic league (tier 1)
2017/05/13,Premier Division Gibraltar,0,Lions Gibraltar,854,854.0,0 - 0,Glacis United FC,957,957.0,0,0,Gibraltor,domestic league (tier 1)
2017/09/27,Premier Division Gibraltar,0,Lions Gibraltar,843,860.0,2 - 1,Europa FC,1255,1238.0,2,1,Gibraltor,domestic league (tier 1)
2017/10/21,Premier Division Gibraltar,0,Lions Gibraltar,884,879.0,2 - 2,Manchester 62 FC,813,818.0,2,2,Gibraltor,domestic league (tier 1)
2017/11/04,Premier Division Gibraltar,0,Lions Gibraltar,866,856.0,0 - 2,St. Josephs FC,1075,1085.0,0,2,Gibraltor,domestic league (tier 1)
2017/11/09,Premier Division Gibraltar,0,Lions Gibraltar,856,864.0,2 - 1,Mons Calpe S.C.,868,860.0,2,1,Gibraltor,domestic league (tier 1)
2017/11/25,Premier Division Gibraltar,0,Lions Gibraltar,854,844.0,0 - 1,Glacis United FC,943,953.0,0,1,Gibraltor,domestic league (tier 1)
2018/02/11,Premier Division Gibraltar,0,Lions Gibraltar,844,841.0,0 - 0,Lynx FC,849,852.0,0,0,Gibraltor,domestic league (tier 1)
2018/02/23,Premier Division Gibraltar,0,Lions Gibraltar,858,855.0,0 - 0,Gibraltar United FC,864,867.0,0,0,Gibraltor,domestic league (tier 1)
2018/03/17,Premier Division Gibraltar,0,Lions Gibraltar,861,859.0,1 - 4,Lincoln Red Imps,1418,1420.0,1,4,Gibraltor,domestic league (tier 1)
2018/04/05,Premier Division Gibraltar,0,Lions Gibraltar,847,819.0,1 - 6,Gibraltar Phoenix,804,832.0,1,6,Gibraltor,domestic league (tier 1)
2018/04/15,Premier Division Gibraltar,0,Lions Gibraltar,819,813.0,0 - 5,Europa FC,1226,1232.0,0,5,Gibraltor,domestic league (tier 1)
2018/04/28,Premier Division Gibraltar,0,Lions Gibraltar,827,822.0,0 - 0,Manchester 62 FC,726,731.0,0,0,Gibraltor,domestic league (tier 1)
2018/05/09,Premier Division Gibraltar,0,Lions Gibraltar,815,802.0,0 - 2,Mons Calpe S.C.,968,981.0,0,2,Gibraltor,domestic league (tier 1)
2018/05/14,Premier Division Gibraltar,0,Lions Gibraltar,802,793.0,0 - 3,St. Josephs FC,1080,1089.0,0,3,Gibraltor,domestic league (tier 1)
2018/05/25,Premier Division Gibraltar,0,Lions Gibraltar,792,792.0,0 - 0,Glacis United FC,894,894.0,0,0,Gibraltor,domestic league (tier 1)
2018/08/18,Premier Division Gibraltar,0,Lions Gibraltar,777,757.0,0 - 3,Lynx FC,819,839.0,0,3,Gibraltor,domestic league (tier 1)
2018/10/05,Premier Division Gibraltar,0,Lions Gibraltar,756,753.0,0 - 2,Europa FC,1244,1247.0,0,2,Gibraltor,domestic league (tier 1)
2018/10/26,Premier Division Gibraltar,0,Lions Gibraltar,748,739.0,0 - 1,Glacis United FC,886,895.0,0,1,Gibraltor,domestic league (tier 1)
2018/12/01,Premier Division Gibraltar,0,Lions Gibraltar,726,719.0,0 - 7,St. Josephs FC,1128,1135.0,0,7,Gibraltor,domestic league (tier 1)
2018/12/08,Premier Division Gibraltar,0,Lions Gibraltar,719,734.0,1 - 0,Gibraltar United FC,1024,1009.0,1,0,Gibraltor,domestic league (tier 1)
2018/12/12,Premier Division Gibraltar,0,Lions Gibraltar,734,732.0,0 - 2,Lincoln Red Imps,1303,1305.0,0,2,Gibraltor,domestic league (tier 1)
2019/01/18,Premier Division Gibraltar,0,Lions Gibraltar,725,716.0,0 - 4,Mons Calpe S.C.,1013,1022.0,0,4,Gibraltor,domestic league (tier 1)
2019/02/01,Premier Division Gibraltar,0,Lions Gibraltar,710,700.0,1 - 3,Gibraltar Phoenix,927,937.0,1,3,Gibraltor,domestic league (tier 1)
2019/02/18,Premier Division Gibraltar,0,Lions Gibraltar,700,706.0,2 - 1,Boca Gibraltar,658,652.0,2,1,Gibraltor,domestic league (tier 1)
2019/03/10,Premier Division Gibraltar,0,Lions Gibraltar,702,685.0,0 - 3,Lynx FC,819,836.0,0,3,Gibraltor,domestic league (tier 1)
2019/04/04,Premier Division Gibraltar,0,Lions Gibraltar,684,681.0,0 - 8,Europa FC,1266,1269.0,0,8,Gibraltor,domestic league (tier 1)
2019/04/27,Premier Division Gibraltar,0,Lions Gibraltar,678,670.0,1 - 2,Glacis United FC,832,840.0,1,2,Gibraltor,domestic league (tier 1)
2019/05/17,Premier Division Gibraltar,0,Lions Gibraltar,694,692.0,0 - 1,St. Josephs FC,1150,1152.0,0,1,Gibraltor,domestic league (tier 1)
2019/08/14,Premier Division Gibraltar,0,Lions Gibraltar,692,687.0,0 - 0,Europa Point FC,596,601.0,0,0,Gibraltor,domestic league (tier 1)
2019/09/12,Premier Division Gibraltar,0,Lions Gibraltar,674,678.0,0 - 0,Lynx FC,902,898.0,0,0,Gibraltor,domestic league (tier 1)
2019/09/29,Premier Division Gibraltar,0,Lions Gibraltar,687,685.0,1 - 7,Lincoln Red Imps,1276,1278.0,1,7,Gibraltor,domestic league (tier 1)
2019/10/26,Premier Division Gibraltar,0,Lions Gibraltar,685,682.0,0 - 4,St. Josephs FC,1192,1195.0,0,4,Gibraltor,domestic league (tier 1)
2019/12/04,Premier Division Gibraltar,0,Lions Gibraltar,720,718.0,2 - 5,Europa FC,1280,1282.0,2,5,Gibraltor,domestic league (tier 1)
2019/12/17,Premier Division Gibraltar,0,Lions Gibraltar,738,745.0,6 - 4,Boca Gibraltar,625,618.0,6,4,Gibraltor,domestic league (tier 1)
2020/01/25,Premier Division Gibraltar,0,Lions Gibraltar,744,736.0,2 - 3,Lynx FC,920,928.0,2,3,Gibraltor,domestic league (tier 1)
2020/02/08,Premier Division Gibraltar,0,Lions Gibraltar,735,721.0,2 - 3,FCB Magpies,680,694.0,2,3,Gibraltor,domestic league (tier 1)
2020/02/29,Premier Division Gibraltar,0,Lions Gibraltar,720,718.0,0 - 7,Europa FC,1327,1329.0,0,7,Gibraltor,domestic league (tier 1)
2020/10/24,Premier Division Gibraltar,0,Lions Gibraltar,739,749.0,3 - 0,Glacis United FC,673,663.0,3,0,Gibraltor,domestic league (tier 1)
2020/11/27,Premier Division Gibraltar,0,Lions Gibraltar,759,758.0,0 - 1,Europa FC,1329,1330.0,0,1,Gibraltor,domestic league (tier 1)
2021/02/22,Premier Division Gibraltar,0,Lions Gibraltar,765,766.0,3 - 2,College 1975 FC,416,415.0,3,2,Gibraltor,domestic league (tier 1)
2021/03/03,Premier Division Gibraltar,0,Lions Gibraltar,775,760.0,0 - 3,Lynx FC,935,950.0,0,3,Gibraltor,domestic league (tier 1)
2021/03/08,Premier Division Gibraltar,0,Lions Gibraltar,760,753.0,0 - 1,Lynx FC,950,957.0,0,1,Gibraltor,domestic league (tier 1)
2021/04/11,Premier Division Gibraltar,0,Lions Gibraltar,753,742.0,0 - 4,Mons Calpe S.C.,1007,1018.0,0,4,Gibraltor,domestic league (tier 1)
2021/04/23,Premier Division Gibraltar,0,Lions Gibraltar,741,739.0,0 - 2,Europa FC,1327,1329.0,0,2,Gibraltor,domestic league (tier 1)
2021/04/27,Premier Division Gibraltar,0,Lions Gibraltar,739,748.0,1 - 1,Lincoln Red Imps,1292,1283.0,1,1,Gibraltor,domestic league (tier 1)
2021/05/08,Premier Division Gibraltar,0,Lions Gibraltar,740,737.0,0 - 2,St. Josephs FC,1243,1246.0,0,2,Gibraltor,domestic league (tier 1)
2021/10/23,Premier Division Gibraltar,0,Lions Gibraltar,735,733.0,1 - 2,St. Josephs FC,1239,1241.0,1,2,Gibraltor,domestic league (tier 1)
2021/11/20,Premier Division Gibraltar,0,Lions Gibraltar,733,720.0,2 - 3,FCB Magpies,739,752.0,2,3,Gibraltor,domestic league (tier 1)
2021/12/04,Premier Division Gibraltar,0,Lions Gibraltar,704,706.0,1 - 0,College 1975 FC,444,442.0,1,0,Gibraltor,domestic league (tier 1)
2021/12/17,Premier Division Gibraltar,0,Lions Gibraltar,692,689.0,0 - 9,Europa FC,1302,1305.0,0,9,Gibraltor,domestic league (tier 1)
2022/01/23,Premier Division Gibraltar,0,Lions Gibraltar,693,670.0,0 - 7,Glacis United FC,785,808.0,0,7,Gibraltor,domestic league (tier 1)
2022/01/29,Premier Division Gibraltar,0,Lions Gibraltar,670,653.0,0 - 1,Europa Point FC,462,479.0,0,1,Gibraltor,domestic league (tier 1)
2022/02/20,Premier Division Gibraltar,0,Lions Gibraltar,649,646.0,0 - 0,Manchester 62 FC,660,663.0,0,0,Gibraltor,domestic league (tier 1)
2022/03/17,Premier Division Gibraltar,0,Lions Gibraltar,632,650.0,4 - 2,Lynx FC,809,791.0,4,2,Gibraltor,domestic league (tier 1)
2022/04/22,Premier Division Gibraltar,0,Lions Gibraltar,654,647.0,1 - 1,College 1975 FC,478,485.0,1,1,Gibraltor,domestic league (tier 1)
2022/10/02,Premier Division Gibraltar,0,Lions Gibraltar,647,645.0,1 - 4,St. Josephs FC,1202,1204.0,1,4,Gibraltor,domestic league (tier 1)
2022/10/16,Premier Division Gibraltar,0,Lions Gibraltar,654,655.0,0 - 0,Lynx FC,798,797.0,0,0,Gibraltor,domestic league (tier 1)
2022/10/29,Premier Division Gibraltar,0,Lions Gibraltar,650,654.0,1 - 1,Mons Calpe S.C.,908,904.0,1,1,Gibraltor,domestic league (tier 1)
2022/11/04,Premier Division Gibraltar,0,Lions Gibraltar,654,661.0,5 - 1,College 1975 FC,486,479.0,5,1,Gibraltor,domestic league (tier 1)
2022/12/10,Premier Division Gibraltar,0,Lions Gibraltar,661,659.0,0 - 3,Europa FC,1299,1301.0,0,3,Gibraltor,domestic league (tier 1)
2022/12/20,Premier Division Gibraltar,0,Lions Gibraltar,656,664.0,3 - 2,Manchester 62 FC,670,662.0,3,2,Gibraltor,domestic league (tier 1)
2023/01/28,Premier Division Gibraltar,0,Lions Gibraltar,680,669.0,2 - 5,Mons Calpe S.C.,910,921.0,2,5,Gibraltor,domestic league (tier 1)
2023/02/12,Premier Division Gibraltar,0,Lions Gibraltar,646,623.0,0 - 4,Manchester 62 FC,669,692.0,0,4,Gibraltor,domestic league (tier 1)
2023/02/25,Premier Division Gibraltar,0,Lions Gibraltar,623,617.0,0 - 0,Europa Point FC,466,472.0,0,0,Gibraltor,domestic league (tier 1)
2023/04/16,Premier Division Gibraltar,0,Lions Gibraltar,649,642.0,2 - 2,College 1975 FC,475,482.0,2,2,Gibraltor,domestic league (tier 1)
2023/09/23,Premier Division Gibraltar,0,Lions Gibraltar,633,630.0,1 - 5,St. Josephs FC,1135,1138.0,1,5,Gibraltor,domestic league (tier 1)
2023/10/05,Premier Division Gibraltar,0,Lions Gibraltar,620,616.0,0 - 2,FCB Magpies,1023,1027.0,0,2,Gibraltor,domestic league (tier 1)
2023/10/28,Premier Division Gibraltar,0,Lions Gibraltar,609,584.0,1 - 3,Europa Point FC,445,470.0,1,3,Gibraltor,domestic league (tier 1)
2023/11/24,Premier Division Gibraltar,0,Lions Gibraltar,576,581.0,0 - 0,Mons Calpe S.C.,859,854.0,0,0,Gibraltor,domestic league (tier 1)
2023/12/16,Premier Division Gibraltar,0,Lions Gibraltar,581,578.0,0 - 5,Europa FC,1092,1095.0,0,5,Gibraltor,domestic league (tier 1)
2024/01/08,Premier Division Gibraltar,0,Lions Gibraltar,578,573.0,1 - 1,College 1975 FC,498,503.0,1,1,Gibraltor,domestic league (tier 1)
2024/01/28,Premier Division Gibraltar,0,Lions Gibraltar,573,564.0,0 - 4,Lynx FC,875,884.0,0,4,Gibraltor,domestic league (tier 1)
2024/02/11,Premier Division Gibraltar,0,Lions Gibraltar,563,574.0,1 - 0,Glacis United FC,710,699.0,1,0,Gibraltor,domestic league (tier 1)
2024/02/24,Premier Division Gibraltar,0,Lions Gibraltar,577,589.0,2 - 1,Manchester 62 FC,755,743.0,2,1,Gibraltor,domestic league (tier 1)
2024/03/08,Premier Division Gibraltar,0,Lions Gibraltar,597,596.0,0 - 2,Lincoln Red Imps,1379,1380.0,0,2,Gibraltor,domestic league (tier 1)
2024/08/31,Premier Division Gibraltar,0,Lions Gibraltar,614,618.0,1 - 0,College 1975 FC,497,493.0,1,0,Gibraltor,domestic league (tier 1)
2024/09/21,Premier Division Gibraltar,0,Lions Gibraltar,623,644.0,4 - 2,Mons Calpe S.C.,868,847.0,4,2,Gibraltor,domestic league (tier 1)
2024/10/06,Premier Division Gibraltar,0,Lions Gibraltar,667,667.0,2 - 2,Manchester 62 FC,764,764.0,2,2,Gibraltor,domestic league (tier 1)
2024/10/27,Premier Division Gibraltar,0,Lions Gibraltar,666,665.0,0 - 2,Lincoln Red Imps,1399,1400.0,0,2,Gibraltor,domestic league (tier 1)
2024/11/10,Premier Division Gibraltar,0,Lions Gibraltar,661,656.0,2 - 4,Europa FC,1060,1065.0,2,4,Gibraltor,domestic league (tier 1)
2024/11/23,Premier Division Gibraltar,0,Lions Gibraltar,656,654.0,1 - 3,St. Josephs FC,1225,1227.0,1,3,Gibraltor,domestic league (tier 1)
2024/12/14,Premier Division Gibraltar,0,Lions Gibraltar,653,668.0,4 - 1,Glacis United FC,705,690.0,4,1,Gibraltor,domestic league (tier 1)
2025/01/12,Premier Division Gibraltar,0,Lions Gibraltar,692,697.0,3 - 2,Europa Point FC,596,591.0,3,2,Gibraltor,domestic league (tier 1)
2025/02/08,Premier Division Gibraltar,0,Lions Gibraltar,697,713.0,2 - 1,FCB Magpies,1014,998.0,2,1,Gibraltor,domestic league (tier 1)
2025/03/08,Premier Division Gibraltar,0,Lions Gibraltar,738,720.0,0 - 2,Lynx FC,772,790.0,0,2,Gibraltor,domestic league (tier 1)
2025/04/05,Premier Division Gibraltar,0,Lions Gibraltar,718,713.0,1 - 2,FCB Magpies,1003,1008.0,1,2,Gibraltor,domestic league (tier 1)
2025/04/25,Premier Division Gibraltar,0,Lions Gibraltar,709,703.0,1 - 4,Europa FC,1079,1085.0,1,4,Gibraltor,domestic league (tier 1)
2025/08/29,Premier Division Gibraltar,0,Lions Gibraltar,716,719.0,3 - 2,Europa Point FC,537,534.0,3,2,Gibraltor,domestic league (tier 1)
2025/09/21,Premier Division Gibraltar,0,Lions Gibraltar,719,724.0,4 - 1,College 1975 FC,527,522.0,4,1,Gibraltor,domestic league (tier 1)
2025/10/20,Premier Division Gibraltar,0,Lions Gibraltar,768,780.0,3 - 2,FCB Magpies,937,925.0,3,2,Gibraltor,domestic league (tier 1)
2025/10/31,Premier Division Gibraltar,0,Lions Gibraltar,779,783.0,2 - 1,Glacis United FC,653,649.0,2,1,Gibraltor,domestic league (tier 1)
2025/11/21,Premier Division Gibraltar,0,Lions Gibraltar,781,796.0,1 - 0,Europa FC,1085,1070.0,1,0,Gibraltor,domestic league (tier 1)
2025/12/01,Premier Division Gibraltar,0,Lions Gibraltar,796,784.0,0 - 1,Lynx FC,813,825.0,0,1,Gibraltor,domestic league (tier 1)
2026/01/12,Premier Division Gibraltar,0,Lions Gibraltar,782,798.0,7 - 0,Manchester 62 FC,785,769.0,7,0,Gibraltor,domestic league (tier 1)
2026/01/19,Premier Division Gibraltar,0,Lions Gibraltar,798,777.0,0 - 3,Mons Calpe S.C.,836,857.0,0,3,Gibraltor,domestic league (tier 1)
2026/02/07,Premier Division Gibraltar,0,Lions Gibraltar,782,779.0,0 - 4,St. Josephs FC,1318,1321.0,0,4,Gibraltor,domestic league (tier 1)
2026/02/19,Premier Division Gibraltar,0,Lions Gibraltar,779,778.0,1 - 2,Lincoln Red Imps,1418,1419.0,1,2,Gibraltor,domestic league (tier 1)
2026/03/08,Premier Division Gibraltar,0,Lions Gibraltar,796,799.0,5 - 1,FC Hound Dogs,495,492.0,5,1,Gibraltor,domestic league (tier 1)
2026/04/04,Premier Division Gibraltar,0,Lions Gibraltar,791,782.0,0 - 3,Europa FC,1086,1095.0,0,3,Gibraltor,domestic league (tier 1)
2026/04/11,Premier Division Gibraltar,0,Lions Gibraltar,782,791.0,1 - 1,Lincoln Red Imps,1426,1417.0,1,1,Gibraltor,domestic league (tier 1)
2026/08/22,Premier Division Gibraltar,0,Lions Gibraltar,814,813.0,1 - 1,FCB Magpies,885,886.0,1,1,Gibraltor,domestic league (tier 1)
2026/09/05,Premier Division Gibraltar,0,Lions Gibraltar,819,,Info,FC Hound Dogs,491,,,,Gibraltor,domestic league (tier 1)
2016/10/02,Premier Division Gibraltar,0,Lynx FC,967,934.0,0 - 4,Mons Calpe S.C.,718,751.0,0,4,Gibraltor,domestic league (tier 1)
2016/10/30,Premier Division Gibraltar,0,Lynx FC,931,915.0,0 - 1,Gibraltar United FC,776,792.0,0,1,Gibraltor,domestic league (tier 1)
2016/11/18,Premier Division Gibraltar,0,Lynx FC,904,893.0,0 - 7,Europa FC,1204,1215.0,0,7,Gibraltor,domestic league (tier 1)
2016/12/03,Premier Division Gibraltar,0,Lynx FC,900,897.0,2 - 2,Manchester 62 FC,896,899.0,2,2,Gibraltor,domestic league (tier 1)
2016/12/10,Premier Division Gibraltar,0,Lynx FC,897,895.0,1 - 2,Lincoln Red Imps,1370,1372.0,1,2,Gibraltor,domestic league (tier 1)
2017/01/09,Premier Division Gibraltar,0,Lynx FC,881,869.0,1 - 3,St. Josephs FC,1060,1072.0,1,3,Gibraltor,domestic league (tier 1)
2017/01/14,Premier Division Gibraltar,0,Lynx FC,869,883.0,7 - 2,Lions Gibraltar,870,856.0,7,2,Gibraltor,domestic league (tier 1)
2017/01/27,Premier Division Gibraltar,0,Lynx FC,893,892.0,1 - 1,Glacis United FC,943,944.0,1,1,Gibraltor,domestic league (tier 1)
2017/02/18,Premier Division Gibraltar,0,Lynx FC,890,894.0,3 - 0,Europa Point FC,641,637.0,3,0,Gibraltor,domestic league (tier 1)
2017/03/18,Premier Division Gibraltar,0,Lynx FC,914,922.0,2 - 0,Mons Calpe S.C.,834,826.0,2,0,Gibraltor,domestic league (tier 1)
2017/04/22,Premier Division Gibraltar,0,Lynx FC,908,902.0,1 - 1,Gibraltar United FC,761,767.0,1,1,Gibraltor,domestic league (tier 1)
2017/05/05,Premier Division Gibraltar,0,Lynx FC,896,892.0,0 - 1,Europa FC,1254,1258.0,0,1,Gibraltor,domestic league (tier 1)
2017/05/20,Premier Division Gibraltar,0,Lynx FC,901,906.0,1 - 0,Manchester 62 FC,827,822.0,1,0,Gibraltor,domestic league (tier 1)
2017/10/13,Premier Division Gibraltar,0,Lynx FC,890,866.0,0 - 3,Lions Gibraltar,860,884.0,0,3,Gibraltor,domestic league (tier 1)
2017/10/26,Premier Division Gibraltar,0,Lynx FC,853,850.0,0 - 4,Lincoln Red Imps,1403,1406.0,0,4,Gibraltor,domestic league (tier 1)
2017/11/11,Premier Division Gibraltar,0,Lynx FC,855,861.0,2 - 1,Gibraltar Phoenix,820,814.0,2,1,Gibraltor,domestic league (tier 1)
2017/11/28,Premier Division Gibraltar,0,Lynx FC,856,852.0,0 - 0,Manchester 62 FC,797,801.0,0,0,Gibraltor,domestic league (tier 1)
2018/02/03,Premier Division Gibraltar,0,Lynx FC,852,849.0,0 - 0,Gibraltar United FC,838,841.0,0,0,Gibraltor,domestic league (tier 1)
2018/02/14,Premier Division Gibraltar,0,Lynx FC,852,827.0,0 - 5,Mons Calpe S.C.,868,893.0,0,5,Gibraltor,domestic league (tier 1)
2018/03/01,Premier Division Gibraltar,0,Lynx FC,826,841.0,3 - 1,Glacis United FC,918,903.0,3,1,Gibraltor,domestic league (tier 1)
2018/03/17,Premier Division Gibraltar,0,Lynx FC,853,847.0,0 - 3,Europa FC,1243,1249.0,0,3,Gibraltor,domestic league (tier 1)
2018/03/31,Premier Division Gibraltar,0,Lynx FC,847,837.0,1 - 3,St. Josephs FC,1059,1069.0,1,3,Gibraltor,domestic league (tier 1)
2018/04/18,Premier Division Gibraltar,0,Lynx FC,843,829.0,0 - 1,Lions Gibraltar,813,827.0,0,1,Gibraltor,domestic league (tier 1)
2018/05/02,Premier Division Gibraltar,0,Lynx FC,812,811.0,0 - 1,Lincoln Red Imps,1365,1366.0,0,1,Gibraltor,domestic league (tier 1)
2018/05/11,Premier Division Gibraltar,0,Lynx FC,811,793.0,0 - 2,Gibraltar Phoenix,836,854.0,0,2,Gibraltor,domestic league (tier 1)
2018/06/03,Premier Division Gibraltar,0,Lynx FC,810,821.0,9 - 0,Manchester 62 FC,693,682.0,9,0,Gibraltor,domestic league (tier 1)
2018/08/15,Premier Division Gibraltar,0,Lynx FC,821,819.0,0 - 0,Gibraltar Phoenix,858,860.0,0,0,Gibraltor,domestic league (tier 1)
2018/08/23,Premier Division Gibraltar,0,Lynx FC,839,834.0,2 - 3,St. Josephs FC,1137,1142.0,2,3,Gibraltor,domestic league (tier 1)
2018/10/19,Premier Division Gibraltar,0,Lynx FC,828,812.0,0 - 1,Boca Gibraltar,659,675.0,0,1,Gibraltor,domestic league (tier 1)
2018/10/27,Premier Division Gibraltar,0,Lynx FC,812,820.0,1 - 1,Lincoln Red Imps,1307,1299.0,1,1,Gibraltor,domestic league (tier 1)
2018/11/24,Premier Division Gibraltar,0,Lynx FC,818,803.0,0 - 3,Mons Calpe S.C.,978,993.0,0,3,Gibraltor,domestic league (tier 1)
2018/12/16,Premier Division Gibraltar,0,Lynx FC,798,804.0,1 - 0,Lions Gibraltar,732,726.0,1,0,Gibraltor,domestic league (tier 1)
2019/01/04,Premier Division Gibraltar,0,Lynx FC,804,807.0,2 - 2,Gibraltar United FC,1000,997.0,2,2,Gibraltor,domestic league (tier 1)
2019/02/03,Premier Division Gibraltar,0,Lynx FC,806,814.0,1 - 1,Europa FC,1263,1255.0,1,1,Gibraltor,domestic league (tier 1)
2019/02/21,Premier Division Gibraltar,0,Lynx FC,821,829.0,2 - 1,Glacis United FC,844,836.0,2,1,Gibraltor,domestic league (tier 1)
2019/03/02,Premier Division Gibraltar,0,Lynx FC,829,819.0,1 - 2,Gibraltar Phoenix,935,945.0,1,2,Gibraltor,domestic league (tier 1)
2019/03/31,Premier Division Gibraltar,0,Lynx FC,836,832.0,0 - 1,St. Josephs FC,1161,1165.0,0,1,Gibraltor,domestic league (tier 1)
2019/04/13,Premier Division Gibraltar,0,Lynx FC,839,842.0,1 - 0,Boca Gibraltar,630,627.0,1,0,Gibraltor,domestic league (tier 1)
2019/04/26,Premier Division Gibraltar,0,Lynx FC,842,839.0,1 - 4,Lincoln Red Imps,1324,1327.0,1,4,Gibraltor,domestic league (tier 1)
2019/05/12,Premier Division Gibraltar,0,Lynx FC,837,850.0,2 - 1,Mons Calpe S.C.,1058,1045.0,2,1,Gibraltor,domestic league (tier 1)
2019/08/12,Premier Division Gibraltar,0,Lynx FC,868,892.0,5 - 1,Mons Calpe S.C.,1068,1044.0,5,1,Gibraltor,domestic league (tier 1)
2019/09/29,Premier Division Gibraltar,0,Lynx FC,905,909.0,2 - 0,FCB Magpies,659,655.0,2,0,Gibraltor,domestic league (tier 1)
2019/11/21,Premier Division Gibraltar,0,Lynx FC,915,920.0,5 - 0,Manchester 62 FC,682,677.0,5,0,Gibraltor,domestic league (tier 1)
2019/12/06,Premier Division Gibraltar,0,Lynx FC,920,922.0,4 - 0,College 1975 FC,505,503.0,4,0,Gibraltor,domestic league (tier 1)
2019/12/18,Premier Division Gibraltar,0,Lynx FC,920,923.0,3 - 2,Glacis United FC,714,711.0,3,2,Gibraltor,domestic league (tier 1)
2020/02/01,Premier Division Gibraltar,0,Lynx FC,928,932.0,3 - 1,FCB Magpies,684,680.0,3,1,Gibraltor,domestic league (tier 1)
2020/02/22,Premier Division Gibraltar,0,Lynx FC,930,925.0,2 - 3,St. Josephs FC,1221,1226.0,2,3,Gibraltor,domestic league (tier 1)
2020/02/28,Premier Division Gibraltar,0,Lynx FC,925,919.0,1 - 3,Lincoln Red Imps,1261,1267.0,1,3,Gibraltor,domestic league (tier 1)
2020/10/17,Premier Division Gibraltar,0,Lynx FC,919,923.0,3 - 0,Europa Point FC,656,652.0,3,0,Gibraltor,domestic league (tier 1)
2020/10/27,Premier Division Gibraltar,0,Lynx FC,923,927.0,5 - 0,Manchester 62 FC,632,628.0,5,0,Gibraltor,domestic league (tier 1)
2020/11/29,Premier Division Gibraltar,0,Lynx FC,941,933.0,1 - 1,FCB Magpies,692,700.0,1,1,Gibraltor,domestic league (tier 1)
2020/12/11,Premier Division Gibraltar,0,Lynx FC,931,955.0,2 - 0,Lincoln Red Imps,1281,1257.0,2,0,Gibraltor,domestic league (tier 1)
2020/12/16,Premier Division Gibraltar,0,Lynx FC,955,946.0,1 - 4,St. Josephs FC,1228,1237.0,1,4,Gibraltor,domestic league (tier 1)
2021/02/27,Premier Division Gibraltar,0,Lynx FC,946,935.0,0 - 1,Mons Calpe S.C.,998,1009.0,0,1,Gibraltor,domestic league (tier 1)
2021/04/10,Premier Division Gibraltar,0,Lynx FC,948,939.0,0 - 7,Lincoln Red Imps,1294,1303.0,0,7,Gibraltor,domestic league (tier 1)
2021/04/27,Premier Division Gibraltar,0,Lynx FC,937,928.0,0 - 5,St. Josephs FC,1242,1251.0,0,5,Gibraltor,domestic league (tier 1)
2021/05/02,Premier Division Gibraltar,0,Lynx FC,928,934.0,4 - 0,Lions Gibraltar,748,742.0,4,0,Gibraltor,domestic league (tier 1)
2021/05/08,Premier Division Gibraltar,0,Lynx FC,933,925.0,0 - 6,Europa FC,1296,1304.0,0,6,Gibraltor,domestic league (tier 1)
2021/05/12,Premier Division Gibraltar,0,Lynx FC,925,925.0,2 - 2,Mons Calpe S.C.,1033,1033.0,2,2,Gibraltor,domestic league (tier 1)
2021/10/25,Premier Division Gibraltar,0,Lynx FC,920,915.0,1 - 7,Lincoln Red Imps,1370,1375.0,1,7,Gibraltor,domestic league (tier 1)
2021/11/19,Premier Division Gibraltar,0,Lynx FC,923,905.0,1 - 2,Manchester 62 FC,635,653.0,1,2,Gibraltor,domestic league (tier 1)
2021/12/03,Premier Division Gibraltar,0,Lynx FC,908,910.0,6 - 2,Europa Point FC,458,456.0,6,2,Gibraltor,domestic league (tier 1)
2022/01/09,Premier Division Gibraltar,0,Lynx FC,908,901.0,0 - 0,Lions Gibraltar,686,693.0,0,0,Gibraltor,domestic league (tier 1)
2022/01/23,Premier Division Gibraltar,0,Lynx FC,885,875.0,2 - 3,Mons Calpe S.C.,986,996.0,2,3,Gibraltor,domestic league (tier 1)
2022/02/13,Premier Division Gibraltar,0,Lynx FC,875,879.0,2 - 0,Lions Gibraltar,653,649.0,2,0,Gibraltor,domestic league (tier 1)
2022/03/05,Premier Division Gibraltar,0,Lynx FC,867,837.0,1 - 4,Manchester 62 FC,656,686.0,1,4,Gibraltor,domestic league (tier 1)
2022/03/13,Premier Division Gibraltar,0,Lynx FC,837,809.0,0 - 2,College 1975 FC,447,475.0,0,2,Gibraltor,domestic league (tier 1)
2022/04/09,Premier Division Gibraltar,0,Lynx FC,791,764.0,0 - 2,Europa Point FC,488,515.0,0,2,Gibraltor,domestic league (tier 1)
2022/10/08,Premier Division Gibraltar,0,Lynx FC,796,798.0,1 - 0,College 1975 FC,474,472.0,1,0,Gibraltor,domestic league (tier 1)
2022/10/23,Premier Division Gibraltar,0,Lynx FC,797,796.0,1 - 2,Lincoln Red Imps,1410,1411.0,1,2,Gibraltor,domestic league (tier 1)
2022/11/26,Premier Division Gibraltar,0,Lynx FC,811,817.0,4 - 2,Manchester 62 FC,664,658.0,4,2,Gibraltor,domestic league (tier 1)
2022/12/09,Premier Division Gibraltar,0,Lynx FC,816,819.0,5 - 1,Europa Point FC,505,502.0,5,1,Gibraltor,domestic league (tier 1)
2023/01/22,Premier Division Gibraltar,0,Lynx FC,836,834.0,1 - 4,Lincoln Red Imps,1398,1400.0,1,4,Gibraltor,domestic league (tier 1)
2023/02/15,Premier Division Gibraltar,0,Lynx FC,856,861.0,1 - 1,St. Josephs FC,1159,1154.0,1,1,Gibraltor,domestic league (tier 1)
2023/02/24,Premier Division Gibraltar,0,Lynx FC,861,886.0,2 - 0,Europa FC,1254,1229.0,2,0,Gibraltor,domestic league (tier 1)
2023/04/08,Premier Division Gibraltar,0,Lynx FC,885,865.0,0 - 5,FCB Magpies,993,1013.0,0,5,Gibraltor,domestic league (tier 1)
2023/04/15,Premier Division Gibraltar,0,Lynx FC,865,872.0,5 - 2,Glacis United FC,731,724.0,5,2,Gibraltor,domestic league (tier 1)
2023/09/17,Premier Division Gibraltar,0,Lynx FC,899,903.0,4 - 1,Lions Gibraltar,637,633.0,4,1,Gibraltor,domestic league (tier 1)
2023/09/30,Premier Division Gibraltar,0,Lynx FC,902,908.0,2 - 1,Mons Calpe S.C.,856,850.0,2,1,Gibraltor,domestic league (tier 1)
2023/10/22,Premier Division Gibraltar,0,Lynx FC,935,916.0,2 - 3,College 1975 FC,522,541.0,2,3,Gibraltor,domestic league (tier 1)
2023/11/26,Premier Division Gibraltar,0,Lynx FC,912,923.0,1 - 0,FCB Magpies,1038,1027.0,1,0,Gibraltor,domestic league (tier 1)
2023/12/10,Premier Division Gibraltar,0,Lynx FC,904,895.0,1 - 1,Europa Point FC,536,545.0,1,1,Gibraltor,domestic league (tier 1)
2024/01/21,Premier Division Gibraltar,0,Lynx FC,878,875.0,0 - 3,Lincoln Red Imps,1368,1371.0,0,3,Gibraltor,domestic league (tier 1)
2024/02/03,Premier Division Gibraltar,0,Lynx FC,884,887.0,0 - 0,Europa FC,1085,1082.0,0,0,Gibraltor,domestic league (tier 1)
2024/02/16,Premier Division Gibraltar,0,Lynx FC,892,887.0,1 - 2,St. Josephs FC,1181,1186.0,1,2,Gibraltor,domestic league (tier 1)
2024/03/10,Premier Division Gibraltar,0,Lynx FC,883,886.0,2 - 1,Glacis United FC,690,687.0,2,1,Gibraltor,domestic league (tier 1)
2024/04/14,Premier Division Gibraltar,0,Lynx FC,892,868.0,1 - 3,Manchester 62 FC,753,777.0,1,3,Gibraltor,domestic league (tier 1)
2024/08/17,Premier Division Gibraltar,0,Lynx FC,868,856.0,1 - 3,Europa FC,1050,1062.0,1,3,Gibraltor,domestic league (tier 1)
2024/09/01,Premier Division Gibraltar,0,Lynx FC,849,842.0,2 - 2,Europa Point FC,646,653.0,2,2,Gibraltor,domestic league (tier 1)
2024/09/21,Premier Division Gibraltar,0,Lynx FC,827,814.0,0 - 3,FCB Magpies,1013,1026.0,0,3,Gibraltor,domestic league (tier 1)
2024/10/19,Premier Division Gibraltar,0,Lynx FC,813,821.0,3 - 1,Glacis United FC,724,716.0,3,1,Gibraltor,domestic league (tier 1)
2024/11/02,Premier Division Gibraltar,0,Lynx FC,819,823.0,2 - 1,Lions Gibraltar,665,661.0,2,1,Gibraltor,domestic league (tier 1)
2024/12/01,Premier Division Gibraltar,0,Lynx FC,792,780.0,1 - 2,Mons Calpe S.C.,805,817.0,1,2,Gibraltor,domestic league (tier 1)
2024/12/13,Premier Division Gibraltar,0,Lynx FC,778,787.0,3 - 2,Manchester 62 FC,834,825.0,3,2,Gibraltor,domestic league (tier 1)
2025/01/10,Premier Division Gibraltar,0,Lynx FC,782,780.0,1 - 5,Lincoln Red Imps,1409,1411.0,1,5,Gibraltor,domestic league (tier 1)
2025/02/23,Premier Division Gibraltar,0,Lynx FC,777,772.0,0 - 7,St. Josephs FC,1245,1250.0,0,7,Gibraltor,domestic league (tier 1)
2025/03/16,Premier Division Gibraltar,0,Lynx FC,790,794.0,3 - 1,College 1975 FC,558,554.0,3,1,Gibraltor,domestic league (tier 1)
2025/08/23,Premier Division Gibraltar,0,Lynx FC,804,789.0,1 - 2,Lions Gibraltar,701,716.0,1,2,Gibraltor,domestic league (tier 1)
2025/09/20,Premier Division Gibraltar,0,Lynx FC,811,809.0,2 - 5,Lincoln Red Imps,1429,1431.0,2,5,Gibraltor,domestic league (tier 1)
2025/10/03,Premier Division Gibraltar,0,Lynx FC,804,793.0,0 - 1,Manchester 62 FC,859,870.0,0,1,Gibraltor,domestic league (tier 1)
2025/11/01,Premier Division Gibraltar,0,Lynx FC,803,798.0,0 - 7,St. Josephs FC,1265,1270.0,0,7,Gibraltor,domestic league (tier 1)
2025/11/23,Premier Division Gibraltar,0,Lynx FC,810,813.0,2 - 0,FC Hound Dogs,553,550.0,2,0,Gibraltor,domestic league (tier 1)
2025/12/06,Premier Division Gibraltar,0,Lynx FC,825,815.0,0 - 2,Europa FC,1055,1065.0,0,2,Gibraltor,domestic league (tier 1)
2025/12/13,Premier Division Gibraltar,0,Lynx FC,815,819.0,3 - 1,Europa Point FC,595,591.0,3,1,Gibraltor,domestic league (tier 1)
2026/01/11,Premier Division Gibraltar,0,Lynx FC,818,810.0,0 - 0,College 1975 FC,563,571.0,0,0,Gibraltor,domestic league (tier 1)
2026/01/25,Premier Division Gibraltar,0,Lynx FC,833,821.0,1 - 2,Mons Calpe S.C.,857,869.0,1,2,Gibraltor,domestic league (tier 1)
2026/03/08,Premier Division Gibraltar,0,Lynx FC,844,848.0,2 - 0,Glacis United FC,628,624.0,2,0,Gibraltor,domestic league (tier 1)
2026/04/12,Premier Division Gibraltar,0,Lynx FC,843,831.0,2 - 3,Mons Calpe S.C.,881,893.0,2,3,Gibraltor,domestic league (tier 1)
2026/04/19,Premier Division Gibraltar,0,Lynx FC,831,817.0,0 - 1,Lions Gibraltar,791,805.0,0,1,Gibraltor,domestic league (tier 1)
2026/08/23,Premier Division Gibraltar,0,Lynx FC,816,809.0,2 - 2,Europa Point FC,597,604.0,2,2,Gibraltor,domestic league (tier 1)
2026/09/06,Premier Division Gibraltar,0,Lynx FC,801,,Info,College 1975 FC,551,,,,Gibraltor,domestic league (tier 1)
2016/09/22,Premier Division Gibraltar,0,Manchester 62 FC,957,951.0,2 - 2,Gibraltar United FC,791,797.0,2,2,Gibraltor,domestic league (tier 1)
2016/10/17,Premier Division Gibraltar,0,Manchester 62 FC,942,931.0,0 - 4,Europa FC,1184,1195.0,0,4,Gibraltor,domestic league (tier 1)
2016/10/29,Premier Division Gibraltar,0,Manchester 62 FC,917,930.0,5 - 1,Lions Gibraltar,911,898.0,5,1,Gibraltor,domestic league (tier 1)
2016/11/03,Premier Division Gibraltar,0,Manchester 62 FC,930,925.0,1 - 6,Lincoln Red Imps,1358,1363.0,1,6,Gibraltor,domestic league (tier 1)
2016/11/25,Premier Division Gibraltar,0,Manchester 62 FC,905,896.0,0 - 1,St. Josephs FC,1047,1056.0,0,1,Gibraltor,domestic league (tier 1)
2016/12/19,Premier Division Gibraltar,0,Manchester 62 FC,883,863.0,0 - 3,Glacis United FC,928,948.0,0,3,Gibraltor,domestic league (tier 1)
2017/01/13,Premier Division Gibraltar,0,Manchester 62 FC,860,866.0,4 - 0,Europa Point FC,660,654.0,4,0,Gibraltor,domestic league (tier 1)
2017/02/06,Premier Division Gibraltar,0,Manchester 62 FC,868,847.0,0 - 2,Mons Calpe S.C.,817,838.0,0,2,Gibraltor,domestic league (tier 1)
2017/02/26,Premier Division Gibraltar,0,Manchester 62 FC,843,822.0,0 - 4,Lynx FC,894,915.0,0,4,Gibraltor,domestic league (tier 1)
2017/03/04,Premier Division Gibraltar,0,Manchester 62 FC,822,832.0,3 - 0,Gibraltar United FC,772,762.0,3,0,Gibraltor,domestic league (tier 1)
2017/04/03,Premier Division Gibraltar,0,Manchester 62 FC,838,833.0,0 - 4,Europa FC,1257,1262.0,0,4,Gibraltor,domestic league (tier 1)
2017/04/19,Premier Division Gibraltar,0,Manchester 62 FC,833,821.0,0 - 1,Lions Gibraltar,848,860.0,0,1,Gibraltor,domestic league (tier 1)
2017/05/02,Premier Division Gibraltar,0,Manchester 62 FC,837,835.0,0 - 3,Lincoln Red Imps,1393,1395.0,0,3,Gibraltor,domestic league (tier 1)
2017/05/14,Premier Division Gibraltar,0,Manchester 62 FC,822,827.0,0 - 0,St. Josephs FC,1099,1094.0,0,0,Gibraltor,domestic league (tier 1)
2017/09/25,Premier Division Gibraltar,0,Manchester 62 FC,822,816.0,1 - 2,St. Josephs FC,1085,1091.0,1,2,Gibraltor,domestic league (tier 1)
2017/10/15,Premier Division Gibraltar,0,Manchester 62 FC,816,813.0,1 - 1,Gibraltar United FC,792,795.0,1,1,Gibraltor,domestic league (tier 1)
2017/10/28,Premier Division Gibraltar,0,Manchester 62 FC,818,798.0,0 - 3,Mons Calpe S.C.,869,889.0,0,3,Gibraltor,domestic league (tier 1)
2017/11/08,Premier Division Gibraltar,0,Manchester 62 FC,797,798.0,1 - 1,Glacis United FC,931,930.0,1,1,Gibraltor,domestic league (tier 1)
2017/11/22,Premier Division Gibraltar,0,Manchester 62 FC,801,797.0,0 - 2,Europa FC,1239,1243.0,0,2,Gibraltor,domestic league (tier 1)
2018/02/17,Premier Division Gibraltar,0,Manchester 62 FC,792,775.0,2 - 4,Lions Gibraltar,841,858.0,2,4,Gibraltor,domestic league (tier 1)
2018/03/02,Premier Division Gibraltar,0,Manchester 62 FC,768,767.0,1 - 3,Lincoln Red Imps,1416,1417.0,1,3,Gibraltor,domestic league (tier 1)
2018/03/16,Premier Division Gibraltar,0,Manchester 62 FC,761,760.0,1 - 1,Gibraltar Phoenix,814,815.0,1,1,Gibraltor,domestic league (tier 1)
2018/04/07,Premier Division Gibraltar,0,Manchester 62 FC,759,748.0,1 - 2,Lynx FC,837,848.0,1,2,Gibraltor,domestic league (tier 1)
2018/04/13,Premier Division Gibraltar,0,Manchester 62 FC,748,740.0,0 - 5,St. Josephs FC,1092,1100.0,0,5,Gibraltor,domestic league (tier 1)
2018/04/20,Premier Division Gibraltar,0,Manchester 62 FC,740,726.0,0 - 4,Gibraltar United FC,925,939.0,0,4,Gibraltor,domestic league (tier 1)
2018/05/03,Premier Division Gibraltar,0,Manchester 62 FC,731,720.0,0 - 3,Mons Calpe S.C.,957,968.0,0,3,Gibraltor,domestic league (tier 1)
2018/05/12,Premier Division Gibraltar,0,Manchester 62 FC,719,703.0,0 - 6,Glacis United FC,898,914.0,0,6,Gibraltor,domestic league (tier 1)
2018/05/30,Premier Division Gibraltar,0,Manchester 62 FC,697,693.0,0 - 9,Europa FC,1246,1250.0,0,9,Gibraltor,domestic league (tier 1)
2019/08/13,Premier Division Gibraltar,0,Manchester 62 FC,682,677.0,0 - 0,Boca Gibraltar,588,593.0,0,0,Gibraltor,domestic league (tier 1)
2019/10/20,Premier Division Gibraltar,0,Manchester 62 FC,693,690.0,0 - 7,Europa FC,1275,1278.0,0,7,Gibraltor,domestic league (tier 1)
2019/10/31,Premier Division Gibraltar,0,Manchester 62 FC,705,682.0,0 - 3,Lions Gibraltar,682,705.0,0,3,Gibraltor,domestic league (tier 1)
2019/11/30,Premier Division Gibraltar,0,Manchester 62 FC,677,669.0,1 - 4,Mons Calpe S.C.,993,1001.0,1,4,Gibraltor,domestic league (tier 1)
2019/12/12,Premier Division Gibraltar,0,Manchester 62 FC,685,665.0,0 - 2,FCB Magpies,667,687.0,0,2,Gibraltor,domestic league (tier 1)
2020/01/15,Premier Division Gibraltar,0,Manchester 62 FC,665,673.0,1 - 0,Glacis United FC,711,703.0,1,0,Gibraltor,domestic league (tier 1)
2020/01/29,Premier Division Gibraltar,0,Manchester 62 FC,670,676.0,5 - 0,College 1975 FC,473,467.0,5,0,Gibraltor,domestic league (tier 1)
2020/02/02,Premier Division Gibraltar,0,Manchester 62 FC,676,661.0,1 - 2,Boca Gibraltar,598,613.0,1,2,Gibraltor,domestic league (tier 1)
2020/03/12,Premier Division Gibraltar,0,Manchester 62 FC,664,653.0,1 - 11,Mons Calpe S.C.,997,1008.0,1,11,Gibraltor,domestic league (tier 1)
2020/10/17,Premier Division Gibraltar,0,Manchester 62 FC,653,632.0,0 - 4,Lions Gibraltar,718,739.0,0,4,Gibraltor,domestic league (tier 1)
2020/11/01,Premier Division Gibraltar,0,Manchester 62 FC,628,640.0,3 - 1,Europa Point FC,650,638.0,3,1,Gibraltor,domestic league (tier 1)
2020/11/25,Premier Division Gibraltar,0,Manchester 62 FC,639,621.0,0 - 2,Glacis United FC,665,683.0,0,2,Gibraltor,domestic league (tier 1)
2020/11/30,Premier Division Gibraltar,0,Manchester 62 FC,621,624.0,3 - 2,College 1975 FC,443,440.0,3,2,Gibraltor,domestic league (tier 1)
2020/12/13,Premier Division Gibraltar,0,Manchester 62 FC,619,618.0,0 - 9,Europa FC,1332,1333.0,0,9,Gibraltor,domestic league (tier 1)
2021/03/11,Premier Division Gibraltar,0,Manchester 62 FC,616,599.0,1 - 4,FCB Magpies,728,745.0,1,4,Gibraltor,domestic league (tier 1)
2021/04/03,Premier Division Gibraltar,0,Manchester 62 FC,610,603.0,3 - 3,College 1975 FC,424,431.0,3,3,Gibraltor,domestic league (tier 1)
2021/04/25,Premier Division Gibraltar,0,Manchester 62 FC,595,604.0,4 - 0,Europa Point FC,505,496.0,4,0,Gibraltor,domestic league (tier 1)
2021/04/29,Premier Division Gibraltar,0,Manchester 62 FC,604,624.0,4 - 0,Glacis United FC,732,712.0,4,0,Gibraltor,domestic league (tier 1)
2021/10/16,Premier Division Gibraltar,0,Manchester 62 FC,622,627.0,2 - 0,College 1975 FC,444,439.0,2,0,Gibraltor,domestic league (tier 1)
2021/10/27,Premier Division Gibraltar,0,Manchester 62 FC,636,635.0,0 - 2,Europa FC,1298,1299.0,0,2,Gibraltor,domestic league (tier 1)
2021/11/27,Premier Division Gibraltar,0,Manchester 62 FC,653,669.0,3 - 0,Lions Gibraltar,720,704.0,3,0,Gibraltor,domestic league (tier 1)
2021/12/11,Premier Division Gibraltar,0,Manchester 62 FC,674,667.0,0 - 2,Mons Calpe S.C.,978,985.0,0,2,Gibraltor,domestic league (tier 1)
2022/01/07,Premier Division Gibraltar,0,Manchester 62 FC,666,665.0,0 - 7,Lincoln Red Imps,1380,1381.0,0,7,Gibraltor,domestic league (tier 1)
2022/02/12,Premier Division Gibraltar,0,Manchester 62 FC,656,660.0,2 - 0,College 1975 FC,427,423.0,2,0,Gibraltor,domestic league (tier 1)
2022/02/27,Premier Division Gibraltar,0,Manchester 62 FC,663,656.0,2 - 2,Europa Point FC,473,480.0,2,2,Gibraltor,domestic league (tier 1)
2022/04/08,Premier Division Gibraltar,0,Manchester 62 FC,683,679.0,1 - 1,Lions Gibraltar,650,654.0,1,1,Gibraltor,domestic league (tier 1)
2022/04/23,Premier Division Gibraltar,0,Manchester 62 FC,694,678.0,0 - 2,Lynx FC,764,780.0,0,2,Gibraltor,domestic league (tier 1)
2022/10/08,Premier Division Gibraltar,0,Manchester 62 FC,678,676.0,1 - 4,Europa FC,1284,1286.0,1,4,Gibraltor,domestic league (tier 1)
2022/10/28,Premier Division Gibraltar,0,Manchester 62 FC,674,671.0,0 - 3,St. Josephs FC,1184,1187.0,0,3,Gibraltor,domestic league (tier 1)
2022/11/05,Premier Division Gibraltar,0,Manchester 62 FC,671,664.0,2 - 2,Europa Point FC,499,506.0,2,2,Gibraltor,domestic league (tier 1)
2022/12/04,Premier Division Gibraltar,0,Manchester 62 FC,658,668.0,3 - 2,Glacis United FC,761,751.0,3,2,Gibraltor,domestic league (tier 1)
2022/12/17,Premier Division Gibraltar,0,Manchester 62 FC,665,670.0,2 - 0,College 1975 FC,475,470.0,2,0,Gibraltor,domestic league (tier 1)
2023/01/08,Premier Division Gibraltar,0,Manchester 62 FC,662,653.0,0 - 2,Mons Calpe S.C.,900,909.0,0,2,Gibraltor,domestic league (tier 1)
2023/02/04,Premier Division Gibraltar,0,Manchester 62 FC,664,669.0,2 - 0,Europa Point FC,471,466.0,2,0,Gibraltor,domestic league (tier 1)
2023/03/04,Premier Division Gibraltar,0,Manchester 62 FC,709,714.0,4 - 1,College 1975 FC,483,478.0,4,1,Gibraltor,domestic league (tier 1)
2023/04/23,Premier Division Gibraltar,0,Manchester 62 FC,725,730.0,2 - 1,Lions Gibraltar,642,637.0,2,1,Gibraltor,domestic league (tier 1)
2023/09/23,Premier Division Gibraltar,0,Manchester 62 FC,740,754.0,5 - 0,Glacis United FC,740,726.0,5,0,Gibraltor,domestic league (tier 1)
2023/10/20,Premier Division Gibraltar,0,Manchester 62 FC,751,741.0,1 - 2,Mons Calpe S.C.,852,862.0,1,2,Gibraltor,domestic league (tier 1)
2023/11/05,Premier Division Gibraltar,0,Manchester 62 FC,740,748.0,7 - 0,Lions Gibraltar,584,576.0,7,0,Gibraltor,domestic league (tier 1)
2023/12/03,Premier Division Gibraltar,0,Manchester 62 FC,767,771.0,4 - 1,College 1975 FC,507,503.0,4,1,Gibraltor,domestic league (tier 1)
2023/12/15,Premier Division Gibraltar,0,Manchester 62 FC,769,789.0,5 - 1,Lynx FC,895,875.0,5,1,Gibraltor,domestic league (tier 1)
2023/12/19,Premier Division Gibraltar,0,Manchester 62 FC,789,778.0,1 - 5,FCB Magpies,1033,1044.0,1,5,Gibraltor,domestic league (tier 1)
2024/01/26,Premier Division Gibraltar,0,Manchester 62 FC,790,764.0,0 - 2,Europa Point FC,563,589.0,0,2,Gibraltor,domestic league (tier 1)
2024/02/17,Premier Division Gibraltar,0,Manchester 62 FC,757,755.0,0 - 7,Lincoln Red Imps,1376,1378.0,0,7,Gibraltor,domestic league (tier 1)
2024/03/03,Premier Division Gibraltar,0,Manchester 62 FC,743,749.0,1 - 1,Europa FC,1072,1066.0,1,1,Gibraltor,domestic league (tier 1)
2024/04/02,Premier Division Gibraltar,0,Manchester 62 FC,758,753.0,0 - 3,St. Josephs FC,1183,1188.0,0,3,Gibraltor,domestic league (tier 1)
2024/04/21,Premier Division Gibraltar,0,Manchester 62 FC,777,774.0,1 - 10,Lincoln Red Imps,1382,1385.0,1,10,Gibraltor,domestic league (tier 1)
2024/05/03,Premier Division Gibraltar,0,Manchester 62 FC,779,773.0,0 - 5,St. Josephs FC,1186,1192.0,0,5,Gibraltor,domestic league (tier 1)
2024/05/11,Premier Division Gibraltar,0,Manchester 62 FC,770,746.0,1 - 3,Europa Point FC,645,669.0,1,3,Gibraltor,domestic league (tier 1)
2024/08/16,Premier Division Gibraltar,0,Manchester 62 FC,746,728.0,1 - 2,College 1975 FC,480,498.0,1,2,Gibraltor,domestic league (tier 1)
2024/08/23,Premier Division Gibraltar,0,Manchester 62 FC,728,743.0,2 - 1,FCB Magpies,1034,1019.0,2,1,Gibraltor,domestic league (tier 1)
2024/09/14,Premier Division Gibraltar,0,Manchester 62 FC,743,758.0,4 - 2,Lynx FC,842,827.0,4,2,Gibraltor,domestic league (tier 1)
2024/09/29,Premier Division Gibraltar,0,Manchester 62 FC,756,764.0,1 - 1,St. Josephs FC,1207,1199.0,1,1,Gibraltor,domestic league (tier 1)
2024/11/02,Premier Division Gibraltar,0,Manchester 62 FC,781,796.0,4 - 1,Mons Calpe S.C.,834,819.0,4,1,Gibraltor,domestic league (tier 1)
2024/12/07,Premier Division Gibraltar,0,Manchester 62 FC,836,834.0,0 - 4,Lincoln Red Imps,1405,1407.0,0,4,Gibraltor,domestic league (tier 1)
2024/12/22,Premier Division Gibraltar,0,Manchester 62 FC,825,829.0,2 - 2,Europa FC,1080,1076.0,2,2,Gibraltor,domestic league (tier 1)
2025/02/22,Premier Division Gibraltar,0,Manchester 62 FC,837,841.0,3 - 2,Glacis United FC,703,699.0,3,2,Gibraltor,domestic league (tier 1)
2025/02/26,Premier Division Gibraltar,0,Manchester 62 FC,841,836.0,1 - 1,Lions Gibraltar,733,738.0,1,1,Gibraltor,domestic league (tier 1)
2025/03/16,Premier Division Gibraltar,0,Manchester 62 FC,855,859.0,7 - 0,Europa Point FC,564,560.0,7,0,Gibraltor,domestic league (tier 1)
2025/04/06,Premier Division Gibraltar,0,Manchester 62 FC,859,852.0,1 - 2,Europa FC,1084,1091.0,1,2,Gibraltor,domestic league (tier 1)
2025/04/13,Premier Division Gibraltar,0,Manchester 62 FC,852,856.0,1 - 0,Lions Gibraltar,713,709.0,1,0,Gibraltor,domestic league (tier 1)
2025/04/26,Premier Division Gibraltar,0,Manchester 62 FC,880,875.0,0 - 2,St. Josephs FC,1257,1262.0,0,2,Gibraltor,domestic league (tier 1)
2025/05/02,Premier Division Gibraltar,0,Manchester 62 FC,875,873.0,0 - 2,Lincoln Red Imps,1410,1412.0,0,2,Gibraltor,domestic league (tier 1)
2025/08/30,Premier Division Gibraltar,0,Manchester 62 FC,878,872.0,0 - 5,St. Josephs FC,1275,1281.0,0,5,Gibraltor,domestic league (tier 1)
2025/09/22,Premier Division Gibraltar,0,Manchester 62 FC,880,883.0,4 - 1,FC Hound Dogs,579,576.0,4,1,Gibraltor,domestic league (tier 1)
2025/09/29,Premier Division Gibraltar,0,Manchester 62 FC,883,859.0,2 - 4,Lions Gibraltar,724,748.0,2,4,Gibraltor,domestic league (tier 1)
2025/10/18,Premier Division Gibraltar,0,Manchester 62 FC,870,872.0,4 - 3,Europa Point FC,545,543.0,4,3,Gibraltor,domestic league (tier 1)
2025/11/02,Premier Division Gibraltar,0,Manchester 62 FC,872,853.0,3 - 4,College 1975 FC,520,539.0,3,4,Gibraltor,domestic league (tier 1)
2025/11/08,Premier Division Gibraltar,0,Manchester 62 FC,853,831.0,2 - 4,Mons Calpe S.C.,783,805.0,2,4,Gibraltor,domestic league (tier 1)
2025/12/15,Premier Division Gibraltar,0,Manchester 62 FC,806,777.0,0 - 3,Glacis United FC,640,669.0,0,3,Gibraltor,domestic league (tier 1)
2026/01/18,Premier Division Gibraltar,0,Manchester 62 FC,769,746.0,0 - 5,Lynx FC,810,833.0,0,5,Gibraltor,domestic league (tier 1)
2026/02/08,Premier Division Gibraltar,0,Manchester 62 FC,735,733.0,0 - 10,Lincoln Red Imps,1422,1424.0,0,10,Gibraltor,domestic league (tier 1)
2026/03/02,Premier Division Gibraltar,0,Manchester 62 FC,731,723.0,0 - 5,Europa FC,1074,1082.0,0,5,Gibraltor,domestic league (tier 1)
2016/09/23,Premier Division Gibraltar,0,Mons Calpe S.C.,694,718.0,2 - 0,St. Josephs FC,1037,1013.0,2,0,Gibraltor,domestic league (tier 1)
2016/10/15,Premier Division Gibraltar,0,Mons Calpe S.C.,751,764.0,3 - 1,Gibraltar United FC,795,782.0,3,1,Gibraltor,domestic league (tier 1)
2016/10/29,Premier Division Gibraltar,0,Mons Calpe S.C.,770,766.0,0 - 3,Europa FC,1207,1211.0,0,3,Gibraltor,domestic league (tier 1)
2016/11/19,Premier Division Gibraltar,0,Mons Calpe S.C.,785,805.0,3 - 0,Manchester 62 FC,925,905.0,3,0,Gibraltor,domestic league (tier 1)
2016/12/04,Premier Division Gibraltar,0,Mons Calpe S.C.,804,814.0,1 - 0,Lions Gibraltar,890,880.0,1,0,Gibraltor,domestic league (tier 1)
2016/12/16,Premier Division Gibraltar,0,Mons Calpe S.C.,810,824.0,2 - 0,Lynx FC,895,881.0,2,0,Gibraltor,domestic league (tier 1)
2017/01/16,Premier Division Gibraltar,0,Mons Calpe S.C.,826,812.0,1 - 3,Glacis United FC,943,957.0,1,3,Gibraltor,domestic league (tier 1)
2017/01/28,Premier Division Gibraltar,0,Mons Calpe S.C.,811,817.0,2 - 0,Europa Point FC,652,646.0,2,0,Gibraltor,domestic league (tier 1)
2017/02/17,Premier Division Gibraltar,0,Mons Calpe S.C.,838,837.0,1 - 2,Lincoln Red Imps,1390,1391.0,1,2,Gibraltor,domestic league (tier 1)
2017/03/06,Premier Division Gibraltar,0,Mons Calpe S.C.,840,834.0,0 - 1,St. Josephs FC,1092,1098.0,0,1,Gibraltor,domestic league (tier 1)
2017/04/01,Premier Division Gibraltar,0,Mons Calpe S.C.,826,832.0,2 - 1,Gibraltar United FC,761,755.0,2,1,Gibraltor,domestic league (tier 1)
2017/04/21,Premier Division Gibraltar,0,Mons Calpe S.C.,828,823.0,0 - 3,Europa FC,1245,1250.0,0,3,Gibraltor,domestic league (tier 1)
2017/05/07,Premier Division Gibraltar,0,Mons Calpe S.C.,837,850.0,3 - 0,Manchester 62 FC,835,822.0,3,0,Gibraltor,domestic league (tier 1)
2017/05/19,Premier Division Gibraltar,0,Mons Calpe S.C.,860,871.0,2 - 0,Lions Gibraltar,854,843.0,2,0,Gibraltor,domestic league (tier 1)
2017/09/26,Premier Division Gibraltar,0,Mons Calpe S.C.,871,856.0,1 - 2,Gibraltar Phoenix,797,812.0,1,2,Gibraltor,domestic league (tier 1)
2017/10/18,Premier Division Gibraltar,0,Mons Calpe S.C.,856,869.0,3 - 0,Lynx FC,866,853.0,3,0,Gibraltor,domestic league (tier 1)
2017/11/03,Premier Division Gibraltar,0,Mons Calpe S.C.,889,868.0,1 - 3,Gibraltar United FC,831,852.0,1,3,Gibraltor,domestic league (tier 1)
2017/11/18,Premier Division Gibraltar,0,Mons Calpe S.C.,855,875.0,3 - 1,St. Josephs FC,1076,1056.0,3,1,Gibraltor,domestic league (tier 1)
2017/11/24,Premier Division Gibraltar,0,Mons Calpe S.C.,875,873.0,0 - 1,Lincoln Red Imps,1409,1411.0,0,1,Gibraltor,domestic league (tier 1)
2018/02/10,Premier Division Gibraltar,0,Mons Calpe S.C.,871,868.0,0 - 1,Europa FC,1247,1250.0,0,1,Gibraltor,domestic league (tier 1)
2018/02/22,Premier Division Gibraltar,0,Mons Calpe S.C.,893,900.0,4 - 2,Manchester 62 FC,775,768.0,4,2,Gibraltor,domestic league (tier 1)
2018/03/08,Premier Division Gibraltar,0,Mons Calpe S.C.,888,897.0,3 - 1,Lions Gibraltar,851,842.0,3,1,Gibraltor,domestic league (tier 1)
2018/04/04,Premier Division Gibraltar,0,Mons Calpe S.C.,932,939.0,2 - 1,Glacis United FC,907,900.0,2,1,Gibraltor,domestic league (tier 1)
2018/04/10,Premier Division Gibraltar,0,Mons Calpe S.C.,939,946.0,2 - 1,Gibraltar United FC,927,920.0,2,1,Gibraltor,domestic league (tier 1)
2018/04/14,Premier Division Gibraltar,0,Mons Calpe S.C.,946,951.0,1 - 0,Gibraltar Phoenix,832,827.0,1,0,Gibraltor,domestic league (tier 1)
2018/04/27,Premier Division Gibraltar,0,Mons Calpe S.C.,949,957.0,5 - 0,Lynx FC,820,812.0,5,0,Gibraltor,domestic league (tier 1)
2018/05/19,Premier Division Gibraltar,0,Mons Calpe S.C.,981,966.0,2 - 4,St. Josephs FC,1089,1104.0,2,4,Gibraltor,domestic league (tier 1)
2018/05/22,Premier Division Gibraltar,0,Mons Calpe S.C.,966,959.0,0 - 6,Lincoln Red Imps,1342,1349.0,0,6,Gibraltor,domestic league (tier 1)
2018/08/25,Premier Division Gibraltar,0,Mons Calpe S.C.,983,968.0,0 - 1,Glacis United FC,882,897.0,0,1,Gibraltor,domestic league (tier 1)
2018/10/21,Premier Division Gibraltar,0,Mons Calpe S.C.,958,963.0,3 - 0,Lions Gibraltar,753,748.0,3,0,Gibraltor,domestic league (tier 1)
2018/11/03,Premier Division Gibraltar,0,Mons Calpe S.C.,980,978.0,1 - 1,Gibraltar United FC,1022,1024.0,1,1,Gibraltor,domestic league (tier 1)
2018/11/30,Premier Division Gibraltar,0,Mons Calpe S.C.,993,998.0,2 - 2,Lincoln Red Imps,1305,1300.0,2,2,Gibraltor,domestic league (tier 1)
2018/12/09,Premier Division Gibraltar,0,Mons Calpe S.C.,1007,1001.0,1 - 2,Europa FC,1243,1249.0,1,2,Gibraltor,domestic league (tier 1)
2018/12/15,Premier Division Gibraltar,0,Mons Calpe S.C.,1001,1004.0,3 - 0,Boca Gibraltar,672,669.0,3,0,Gibraltor,domestic league (tier 1)
2019/01/07,Premier Division Gibraltar,0,Mons Calpe S.C.,1004,1013.0,3 - 0,Gibraltar Phoenix,920,911.0,3,0,Gibraltor,domestic league (tier 1)
2019/01/25,Premier Division Gibraltar,0,Mons Calpe S.C.,1022,1033.0,2 - 1,St. Josephs FC,1154,1143.0,2,1,Gibraltor,domestic league (tier 1)
2019/02/16,Premier Division Gibraltar,0,Mons Calpe S.C.,1024,1017.0,1 - 1,Lynx FC,814,821.0,1,1,Gibraltor,domestic league (tier 1)
2019/03/28,Premier Division Gibraltar,0,Mons Calpe S.C.,1019,1025.0,4 - 1,Glacis United FC,830,824.0,4,1,Gibraltor,domestic league (tier 1)
2019/04/15,Premier Division Gibraltar,0,Mons Calpe S.C.,1040,1043.0,6 - 0,Lions Gibraltar,681,678.0,6,0,Gibraltor,domestic league (tier 1)
2019/05/04,Premier Division Gibraltar,0,Mons Calpe S.C.,1048,1058.0,5 - 2,Gibraltar United FC,1000,990.0,5,2,Gibraltor,domestic league (tier 1)
2019/05/18,Premier Division Gibraltar,0,Mons Calpe S.C.,1045,1068.0,2 - 0,Lincoln Red Imps,1336,1313.0,2,0,Gibraltor,domestic league (tier 1)
2019/09/22,Premier Division Gibraltar,0,Mons Calpe S.C.,1059,1050.0,1 - 1,Lions Gibraltar,678,687.0,1,1,Gibraltor,domestic league (tier 1)
2019/10/05,Premier Division Gibraltar,0,Mons Calpe S.C.,1042,1013.0,0 - 2,Europa Point FC,577,606.0,0,2,Gibraltor,domestic league (tier 1)
2019/10/27,Premier Division Gibraltar,0,Mons Calpe S.C.,1019,1010.0,0 - 2,Lincoln Red Imps,1280,1289.0,0,2,Gibraltor,domestic league (tier 1)
2019/11/24,Premier Division Gibraltar,0,Mons Calpe S.C.,1010,993.0,0 - 6,St. Josephs FC,1187,1204.0,0,6,Gibraltor,domestic league (tier 1)
2019/12/17,Premier Division Gibraltar,0,Mons Calpe S.C.,1001,989.0,0 - 7,Europa FC,1284,1296.0,0,7,Gibraltor,domestic league (tier 1)
2020/01/16,Premier Division Gibraltar,0,Mons Calpe S.C.,989,990.0,1 - 0,College 1975 FC,492,491.0,1,0,Gibraltor,domestic league (tier 1)
2020/01/21,Premier Division Gibraltar,0,Mons Calpe S.C.,990,993.0,3 - 0,Manchester 62 FC,673,670.0,3,0,Gibraltor,domestic league (tier 1)
2020/02/08,Premier Division Gibraltar,0,Mons Calpe S.C.,998,989.0,1 - 1,Europa Point FC,637,646.0,1,1,Gibraltor,domestic league (tier 1)
2020/10/24,Premier Division Gibraltar,0,Mons Calpe S.C.,1012,998.0,0 - 5,St. Josephs FC,1218,1232.0,0,5,Gibraltor,domestic league (tier 1)
2020/11/28,Premier Division Gibraltar,0,Mons Calpe S.C.,998,990.0,0 - 2,Lincoln Red Imps,1271,1279.0,0,2,Gibraltor,domestic league (tier 1)
2020/12/20,Premier Division Gibraltar,0,Mons Calpe S.C.,1002,994.0,0 - 0,Lions Gibraltar,757,765.0,0,0,Gibraltor,domestic league (tier 1)
2021/02/23,Premier Division Gibraltar,0,Mons Calpe S.C.,994,998.0,4 - 1,FCB Magpies,714,710.0,4,1,Gibraltor,domestic league (tier 1)
2021/03/05,Premier Division Gibraltar,0,Mons Calpe S.C.,1009,1011.0,5 - 0,Manchester 62 FC,618,616.0,5,0,Gibraltor,domestic league (tier 1)
2021/03/09,Premier Division Gibraltar,0,Mons Calpe S.C.,1011,998.0,0 - 4,St. Josephs FC,1213,1226.0,0,4,Gibraltor,domestic league (tier 1)
2021/04/04,Premier Division Gibraltar,0,Mons Calpe S.C.,998,1007.0,3 - 1,Lynx FC,957,948.0,3,1,Gibraltor,domestic league (tier 1)
2021/05/05,Premier Division Gibraltar,0,Mons Calpe S.C.,1042,1044.0,1 - 0,Lions Gibraltar,742,740.0,1,0,Gibraltor,domestic league (tier 1)
2021/05/09,Premier Division Gibraltar,0,Mons Calpe S.C.,1044,1033.0,0 - 4,Lincoln Red Imps,1297,1308.0,0,4,Gibraltor,domestic league (tier 1)
2021/05/15,Premier Division Gibraltar,0,Mons Calpe S.C.,1033,1024.0,0 - 3,Europa FC,1305,1314.0,0,3,Gibraltor,domestic league (tier 1)
2021/11/20,Premier Division Gibraltar,0,Mons Calpe S.C.,997,988.0,0 - 2,St. Josephs FC,1242,1251.0,0,2,Gibraltor,domestic league (tier 1)
2021/12/05,Premier Division Gibraltar,0,Mons Calpe S.C.,986,978.0,1 - 1,FCB Magpies,739,747.0,1,1,Gibraltor,domestic league (tier 1)
2021/12/18,Premier Division Gibraltar,0,Mons Calpe S.C.,985,986.0,3 - 0,College 1975 FC,435,434.0,3,0,Gibraltor,domestic league (tier 1)
2021/12/21,Premier Division Gibraltar,0,Mons Calpe S.C.,986,989.0,5 - 1,Lions Gibraltar,689,686.0,5,1,Gibraltor,domestic league (tier 1)
2022/01/15,Premier Division Gibraltar,0,Mons Calpe S.C.,993,986.0,1 - 3,Europa FC,1306,1313.0,1,3,Gibraltor,domestic league (tier 1)
2022/02/11,Premier Division Gibraltar,0,Mons Calpe S.C.,1003,973.0,0 - 3,FCB Magpies,783,813.0,0,3,Gibraltor,domestic league (tier 1)
2022/02/19,Premier Division Gibraltar,0,Mons Calpe S.C.,973,970.0,1 - 2,Lincoln Red Imps,1381,1384.0,1,2,Gibraltor,domestic league (tier 1)
2022/04/05,Premier Division Gibraltar,0,Mons Calpe S.C.,957,946.0,1 - 4,St. Josephs FC,1194,1205.0,1,4,Gibraltor,domestic league (tier 1)
2022/04/25,Premier Division Gibraltar,0,Mons Calpe S.C.,935,941.0,2 - 0,Glacis United FC,776,770.0,2,0,Gibraltor,domestic league (tier 1)
2022/04/30,Premier Division Gibraltar,0,Mons Calpe S.C.,941,934.0,0 - 4,Europa FC,1300,1307.0,0,4,Gibraltor,domestic league (tier 1)
2022/10/01,Premier Division Gibraltar,0,Mons Calpe S.C.,934,918.0,1 - 2,Lynx FC,780,796.0,1,2,Gibraltor,domestic league (tier 1)
2022/10/21,Premier Division Gibraltar,0,Mons Calpe S.C.,907,908.0,2 - 1,College 1975 FC,487,486.0,2,1,Gibraltor,domestic league (tier 1)
2022/11/27,Premier Division Gibraltar,0,Mons Calpe S.C.,903,898.0,0 - 2,Europa FC,1294,1299.0,0,2,Gibraltor,domestic league (tier 1)
2022/12/11,Premier Division Gibraltar,0,Mons Calpe S.C.,888,891.0,1 - 0,Manchester 62 FC,668,665.0,1,0,Gibraltor,domestic league (tier 1)
2022/12/19,Premier Division Gibraltar,0,Mons Calpe S.C.,899,900.0,1 - 0,Europa Point FC,492,491.0,1,0,Gibraltor,domestic league (tier 1)
2023/01/22,Premier Division Gibraltar,0,Mons Calpe S.C.,909,910.0,2 - 1,Europa Point FC,475,474.0,2,1,Gibraltor,domestic league (tier 1)
2023/02/11,Premier Division Gibraltar,0,Mons Calpe S.C.,921,922.0,2 - 1,College 1975 FC,484,483.0,2,1,Gibraltor,domestic league (tier 1)
2023/02/26,Premier Division Gibraltar,0,Mons Calpe S.C.,922,905.0,1 - 2,Manchester 62 FC,692,709.0,1,2,Gibraltor,domestic league (tier 1)
2023/04/11,Premier Division Gibraltar,0,Mons Calpe S.C.,909,877.0,0 - 3,Lions Gibraltar,617,649.0,0,3,Gibraltor,domestic league (tier 1)
2023/09/24,Premier Division Gibraltar,0,Mons Calpe S.C.,869,856.0,2 - 4,FCB Magpies,1007,1020.0,2,4,Gibraltor,domestic league (tier 1)
2023/10/07,Premier Division Gibraltar,0,Mons Calpe S.C.,850,852.0,3 - 1,Europa Point FC,447,445.0,3,1,Gibraltor,domestic league (tier 1)
2023/11/04,Premier Division Gibraltar,0,Mons Calpe S.C.,862,859.0,0 - 2,Lincoln Red Imps,1373,1376.0,0,2,Gibraltor,domestic league (tier 1)
2023/12/02,Premier Division Gibraltar,0,Mons Calpe S.C.,854,868.0,1 - 0,Europa FC,1115,1101.0,1,0,Gibraltor,domestic league (tier 1)
2024/01/09,Premier Division Gibraltar,0,Mons Calpe S.C.,873,870.0,1 - 1,Lynx FC,875,878.0,1,1,Gibraltor,domestic league (tier 1)
2024/01/16,Premier Division Gibraltar,0,Mons Calpe S.C.,870,875.0,1 - 1,St. Josephs FC,1175,1170.0,1,1,Gibraltor,domestic league (tier 1)
2024/01/27,Premier Division Gibraltar,0,Mons Calpe S.C.,870,877.0,5 - 1,Glacis United FC,719,712.0,5,1,Gibraltor,domestic league (tier 1)
2024/02/09,Premier Division Gibraltar,0,Mons Calpe S.C.,872,879.0,2 - 0,Manchester 62 FC,764,757.0,2,0,Gibraltor,domestic league (tier 1)
2024/03/02,Premier Division Gibraltar,0,Mons Calpe S.C.,878,870.0,2 - 2,Lions Gibraltar,589,597.0,2,2,Gibraltor,domestic league (tier 1)
2024/03/30,Premier Division Gibraltar,0,Mons Calpe S.C.,865,866.0,1 - 0,College 1975 FC,481,480.0,1,0,Gibraltor,domestic league (tier 1)
2024/04/20,Premier Division Gibraltar,0,Mons Calpe S.C.,884,876.0,0 - 2,St. Josephs FC,1170,1178.0,0,2,Gibraltor,domestic league (tier 1)
2024/04/26,Premier Division Gibraltar,0,Mons Calpe S.C.,876,871.0,2 - 2,Manchester 62 FC,774,779.0,2,2,Gibraltor,domestic league (tier 1)
2024/05/04,Premier Division Gibraltar,0,Mons Calpe S.C.,870,852.0,1 - 2,Europa Point FC,627,645.0,1,2,Gibraltor,domestic league (tier 1)
2024/05/12,Premier Division Gibraltar,0,Mons Calpe S.C.,852,870.0,2 - 0,FCB Magpies,1030,1012.0,2,0,Gibraltor,domestic league (tier 1)
2024/08/25,Premier Division Gibraltar,0,Mons Calpe S.C.,870,877.0,1 - 0,Lynx FC,856,849.0,1,0,Gibraltor,domestic league (tier 1)
2024/09/15,Premier Division Gibraltar,0,Mons Calpe S.C.,874,868.0,1 - 3,St. Josephs FC,1200,1206.0,1,3,Gibraltor,domestic league (tier 1)
2024/09/28,Premier Division Gibraltar,0,Mons Calpe S.C.,847,849.0,3 - 0,College 1975 FC,482,480.0,3,0,Gibraltor,domestic league (tier 1)
2024/10/25,Premier Division Gibraltar,0,Mons Calpe S.C.,831,834.0,2 - 1,Europa Point FC,622,619.0,2,1,Gibraltor,domestic league (tier 1)
2024/11/09,Premier Division Gibraltar,0,Mons Calpe S.C.,819,807.0,2 - 5,FCB Magpies,1028,1040.0,2,5,Gibraltor,domestic league (tier 1)
2024/11/24,Premier Division Gibraltar,0,Mons Calpe S.C.,807,805.0,0 - 3,Lincoln Red Imps,1402,1404.0,0,3,Gibraltor,domestic league (tier 1)
2024/12/08,Premier Division Gibraltar,0,Mons Calpe S.C.,817,808.0,1 - 3,Europa FC,1070,1079.0,1,3,Gibraltor,domestic league (tier 1)
2024/12/21,Premier Division Gibraltar,0,Mons Calpe S.C.,807,783.0,0 - 2,Lions Gibraltar,668,692.0,0,2,Gibraltor,domestic league (tier 1)
2025/01/13,Premier Division Gibraltar,0,Mons Calpe S.C.,756,734.0,1 - 3,Glacis United FC,673,695.0,1,3,Gibraltor,domestic league (tier 1)
2025/03/08,Premier Division Gibraltar,0,Mons Calpe S.C.,732,713.0,0 - 4,Manchester 62 FC,836,855.0,0,4,Gibraltor,domestic league (tier 1)
2025/08/22,Premier Division Gibraltar,0,Mons Calpe S.C.,727,723.0,0 - 1,Europa FC,1092,1096.0,0,1,Gibraltor,domestic league (tier 1)
2025/08/31,Premier Division Gibraltar,0,Mons Calpe S.C.,723,727.0,0 - 0,FCB Magpies,951,947.0,0,0,Gibraltor,domestic league (tier 1)
2025/09/20,Premier Division Gibraltar,0,Mons Calpe S.C.,756,764.0,2 - 0,Glacis United FC,677,669.0,2,0,Gibraltor,domestic league (tier 1)
2025/10/05,Premier Division Gibraltar,0,Mons Calpe S.C.,778,758.0,0 - 2,Lions Gibraltar,748,768.0,0,2,Gibraltor,domestic league (tier 1)
2025/10/19,Premier Division Gibraltar,0,Mons Calpe S.C.,758,772.0,5 - 2,Lynx FC,793,779.0,5,2,Gibraltor,domestic league (tier 1)
2025/11/01,Premier Division Gibraltar,0,Mons Calpe S.C.,784,783.0,0 - 3,Lincoln Red Imps,1444,1445.0,0,3,Gibraltor,domestic league (tier 1)
2025/11/22,Premier Division Gibraltar,0,Mons Calpe S.C.,805,822.0,6 - 0,Manchester 62 FC,831,814.0,6,0,Gibraltor,domestic league (tier 1)
2025/12/12,Premier Division Gibraltar,0,Mons Calpe S.C.,834,830.0,1 - 3,St. Josephs FC,1275,1279.0,1,3,Gibraltor,domestic league (tier 1)
2026/01/11,Premier Division Gibraltar,0,Mons Calpe S.C.,845,836.0,1 - 1,FC Hound Dogs,492,501.0,1,1,Gibraltor,domestic league (tier 1)
2026/02/09,Premier Division Gibraltar,0,Mons Calpe S.C.,869,871.0,2 - 1,Europa Point FC,610,608.0,2,1,Gibraltor,domestic league (tier 1)
2026/03/04,Premier Division Gibraltar,0,Mons Calpe S.C.,870,873.0,2 - 0,College 1975 FC,559,556.0,2,0,Gibraltor,domestic league (tier 1)
2026/03/22,Premier Division Gibraltar,0,Mons Calpe S.C.,873,881.0,3 - 1,Lions Gibraltar,799,791.0,3,1,Gibraltor,domestic league (tier 1)
2026/04/18,Premier Division Gibraltar,0,Mons Calpe S.C.,893,910.0,3 - 2,St. Josephs FC,1297,1280.0,3,2,Gibraltor,domestic league (tier 1)
2026/09/06,Premier Division Gibraltar,0,Mons Calpe S.C.,903,,Info,Glacis United FC,632,,,,Gibraltor,domestic league (tier 1)
2019/08/21,Premier Division Gibraltar,0,Olympique 13,588,587.0,0 - 3,Europa FC,1277,1278.0,0,3,Gibraltor,domestic league (tier 1)
2016/10/14,Premier Division Gibraltar,0,St. Josephs FC,1032,1037.0,2 - 1,Lynx FC,934,929.0,2,1,Gibraltor,domestic league (tier 1)
2016/10/31,Premier Division Gibraltar,0,St. Josephs FC,1043,1037.0,1 - 1,Glacis United FC,898,904.0,1,1,Gibraltor,domestic league (tier 1)
2016/11/19,Premier Division Gibraltar,0,St. Josephs FC,1044,1047.0,6 - 0,Europa Point FC,681,678.0,6,0,Gibraltor,domestic league (tier 1)
2016/12/02,Premier Division Gibraltar,0,St. Josephs FC,1056,1051.0,1 - 2,Lincoln Red Imps,1365,1370.0,1,2,Gibraltor,domestic league (tier 1)
2016/12/10,Premier Division Gibraltar,0,St. Josephs FC,1051,1055.0,2 - 0,Mons Calpe S.C.,814,810.0,2,0,Gibraltor,domestic league (tier 1)
2016/12/18,Premier Division Gibraltar,0,St. Josephs FC,1055,1060.0,2 - 0,Lions Gibraltar,871,866.0,2,0,Gibraltor,domestic league (tier 1)
2017/01/15,Premier Division Gibraltar,0,St. Josephs FC,1072,1076.0,4 - 1,Gibraltar United FC,794,790.0,4,1,Gibraltor,domestic league (tier 1)
2017/01/28,Premier Division Gibraltar,0,St. Josephs FC,1090,1075.0,1 - 4,Europa FC,1234,1249.0,1,4,Gibraltor,domestic league (tier 1)
2017/02/18,Premier Division Gibraltar,0,St. Josephs FC,1080,1084.0,2 - 0,Manchester 62 FC,847,843.0,2,0,Gibraltor,domestic league (tier 1)
2017/03/31,Premier Division Gibraltar,0,St. Josephs FC,1108,1113.0,2 - 0,Lynx FC,922,917.0,2,0,Gibraltor,domestic league (tier 1)
2017/04/18,Premier Division Gibraltar,0,St. Josephs FC,1107,1101.0,0 - 0,Glacis United FC,958,964.0,0,0,Gibraltor,domestic league (tier 1)
2017/05/06,Premier Division Gibraltar,0,St. Josephs FC,1097,1099.0,9 - 0,Europa Point FC,600,598.0,9,0,Gibraltor,domestic league (tier 1)
2017/05/20,Premier Division Gibraltar,0,St. Josephs FC,1094,1089.0,0 - 1,Lincoln Red Imps,1386,1391.0,0,1,Gibraltor,domestic league (tier 1)
2017/10/14,Premier Division Gibraltar,0,St. Josephs FC,1091,1095.0,1 - 0,Glacis United FC,948,944.0,1,0,Gibraltor,domestic league (tier 1)
2017/10/25,Premier Division Gibraltar,0,St. Josephs FC,1072,1075.0,3 - 1,Gibraltar Phoenix,816,813.0,3,1,Gibraltor,domestic league (tier 1)
2017/11/11,Premier Division Gibraltar,0,St. Josephs FC,1085,1076.0,0 - 1,Europa FC,1228,1237.0,0,1,Gibraltor,domestic league (tier 1)
2017/11/23,Premier Division Gibraltar,0,St. Josephs FC,1056,1059.0,2 - 1,Lynx FC,859,856.0,2,1,Gibraltor,domestic league (tier 1)
2018/02/03,Premier Division Gibraltar,0,St. Josephs FC,1057,1060.0,3 - 1,Manchester 62 FC,801,798.0,3,1,Gibraltor,domestic league (tier 1)
2018/02/17,Premier Division Gibraltar,0,St. Josephs FC,1077,1060.0,0 - 1,Gibraltar United FC,847,864.0,0,1,Gibraltor,domestic league (tier 1)
2018/03/03,Premier Division Gibraltar,0,St. Josephs FC,1066,1070.0,4 - 2,Lions Gibraltar,855,851.0,4,2,Gibraltor,domestic league (tier 1)
2018/03/14,Premier Division Gibraltar,0,St. Josephs FC,1065,1059.0,0 - 0,Mons Calpe S.C.,897,903.0,0,0,Gibraltor,domestic league (tier 1)
2018/04/07,Premier Division Gibraltar,0,St. Josephs FC,1069,1092.0,4 - 2,Lincoln Red Imps,1391,1368.0,4,2,Gibraltor,domestic league (tier 1)
2018/04/17,Premier Division Gibraltar,0,St. Josephs FC,1100,1093.0,1 - 1,Glacis United FC,899,906.0,1,1,Gibraltor,domestic league (tier 1)
2018/05/05,Premier Division Gibraltar,0,St. Josephs FC,1091,1095.0,3 - 0,Gibraltar Phoenix,840,836.0,3,0,Gibraltor,domestic league (tier 1)
2018/05/10,Premier Division Gibraltar,0,St. Josephs FC,1095,1080.0,1 - 4,Europa FC,1242,1257.0,1,4,Gibraltor,domestic league (tier 1)
2018/05/24,Premier Division Gibraltar,0,St. Josephs FC,1104,1106.0,2 - 1,Lynx FC,812,810.0,2,1,Gibraltor,domestic league (tier 1)
2018/08/13,Premier Division Gibraltar,0,St. Josephs FC,1141,1143.0,5 - 0,Boca Gibraltar,682,680.0,5,0,Gibraltor,domestic league (tier 1)
2018/08/17,Premier Division Gibraltar,0,St. Josephs FC,1143,1137.0,2 - 2,Gibraltar United FC,1001,1007.0,2,2,Gibraltor,domestic league (tier 1)
2018/10/01,Premier Division Gibraltar,0,St. Josephs FC,1142,1126.0,0 - 5,Lincoln Red Imps,1309,1325.0,0,5,Gibraltor,domestic league (tier 1)
2018/10/25,Premier Division Gibraltar,0,St. Josephs FC,1142,1125.0,1 - 2,Mons Calpe S.C.,963,980.0,1,2,Gibraltor,domestic league (tier 1)
2018/11/24,Premier Division Gibraltar,0,St. Josephs FC,1135,1128.0,0 - 0,Gibraltar Phoenix,897,904.0,0,0,Gibraltor,domestic league (tier 1)
2018/12/11,Premier Division Gibraltar,0,St. Josephs FC,1127,1130.0,7 - 1,Lynx FC,801,798.0,7,1,Gibraltor,domestic league (tier 1)
2019/01/19,Premier Division Gibraltar,0,St. Josephs FC,1164,1154.0,0 - 1,Europa FC,1251,1261.0,0,1,Gibraltor,domestic league (tier 1)
2019/02/02,Premier Division Gibraltar,0,St. Josephs FC,1143,1148.0,8 - 0,Glacis United FC,862,857.0,8,0,Gibraltor,domestic league (tier 1)
2019/02/23,Premier Division Gibraltar,0,St. Josephs FC,1155,1156.0,3 - 1,Lions Gibraltar,706,705.0,3,1,Gibraltor,domestic league (tier 1)
2019/02/28,Premier Division Gibraltar,0,St. Josephs FC,1156,1157.0,10 - 1,Boca Gibraltar,649,648.0,10,1,Gibraltor,domestic league (tier 1)
2019/03/09,Premier Division Gibraltar,0,St. Josephs FC,1157,1161.0,2 - 1,Gibraltar United FC,1005,1001.0,2,1,Gibraltor,domestic league (tier 1)
2019/04/06,Premier Division Gibraltar,0,St. Josephs FC,1165,1152.0,1 - 3,Lincoln Red Imps,1309,1322.0,1,3,Gibraltor,domestic league (tier 1)
2019/04/27,Premier Division Gibraltar,0,St. Josephs FC,1145,1140.0,1 - 1,Mons Calpe S.C.,1043,1048.0,1,1,Gibraltor,domestic league (tier 1)
2019/05/10,Premier Division Gibraltar,0,St. Josephs FC,1145,1150.0,3 - 0,Gibraltar Phoenix,934,929.0,3,0,Gibraltor,domestic league (tier 1)
2019/08/19,Premier Division Gibraltar,0,St. Josephs FC,1182,1183.0,7 - 0,College 1975 FC,588,587.0,7,0,Gibraltor,domestic league (tier 1)
2019/08/24,Premier Division Gibraltar,0,St. Josephs FC,1183,1184.0,3 - 0,Manchester 62 FC,677,676.0,3,0,Gibraltor,domestic league (tier 1)
2019/09/14,Premier Division Gibraltar,0,St. Josephs FC,1184,1185.0,2 - 0,Boca Gibraltar,593,592.0,2,0,Gibraltor,domestic league (tier 1)
2019/10/20,Premier Division Gibraltar,0,St. Josephs FC,1190,1192.0,8 - 1,Glacis United FC,771,769.0,8,1,Gibraltor,domestic league (tier 1)
2019/11/03,Premier Division Gibraltar,0,St. Josephs FC,1195,1187.0,1 - 1,Lynx FC,907,915.0,1,1,Gibraltor,domestic league (tier 1)
2019/11/30,Premier Division Gibraltar,0,St. Josephs FC,1204,1205.0,5 - 0,Europa Point FC,596,595.0,5,0,Gibraltor,domestic league (tier 1)
2019/12/13,Premier Division Gibraltar,0,St. Josephs FC,1208,1218.0,2 - 1,Lincoln Red Imps,1292,1282.0,2,1,Gibraltor,domestic league (tier 1)
2020/01/18,Premier Division Gibraltar,0,St. Josephs FC,1218,1219.0,3 - 1,FCB Magpies,687,686.0,3,1,Gibraltor,domestic league (tier 1)
2020/01/31,Premier Division Gibraltar,0,St. Josephs FC,1211,1212.0,5 - 3,Lions Gibraltar,736,735.0,5,3,Gibraltor,domestic league (tier 1)
2020/02/08,Premier Division Gibraltar,0,St. Josephs FC,1212,1221.0,1 - 0,Lincoln Red Imps,1269,1260.0,1,0,Gibraltor,domestic league (tier 1)
2020/10/18,Premier Division Gibraltar,0,St. Josephs FC,1217,1218.0,3 - 1,Boca Gibraltar,613,612.0,3,1,Gibraltor,domestic league (tier 1)
2020/10/30,Premier Division Gibraltar,0,St. Josephs FC,1232,1223.0,1 - 1,Lions Gibraltar,749,758.0,1,1,Gibraltor,domestic league (tier 1)
2020/11/21,Premier Division Gibraltar,0,St. Josephs FC,1223,1224.0,11 - 0,Manchester 62 FC,640,639.0,11,0,Gibraltor,domestic league (tier 1)
2020/12/06,Premier Division Gibraltar,0,St. Josephs FC,1227,1228.0,4 - 0,Europa Point FC,612,611.0,4,0,Gibraltor,domestic league (tier 1)
2020/12/12,Premier Division Gibraltar,0,St. Josephs FC,1228,1228.0,13 - 1,College 1975 FC,428,428.0,13,1,Gibraltor,domestic league (tier 1)
2021/02/24,Premier Division Gibraltar,0,St. Josephs FC,1240,1222.0,1 - 4,Europa FC,1333,1351.0,1,4,Gibraltor,domestic league (tier 1)
2021/04/10,Premier Division Gibraltar,0,St. Josephs FC,1226,1226.0,1 - 1,Europa FC,1325,1325.0,1,1,Gibraltor,domestic league (tier 1)
2021/04/17,Premier Division Gibraltar,0,St. Josephs FC,1226,1227.0,1 - 0,Lions Gibraltar,742,741.0,1,0,Gibraltor,domestic league (tier 1)
2021/05/01,Premier Division Gibraltar,0,St. Josephs FC,1251,1220.0,1 - 4,Mons Calpe S.C.,1011,1042.0,1,4,Gibraltor,domestic league (tier 1)
2021/05/13,Premier Division Gibraltar,0,St. Josephs FC,1246,1245.0,2 - 2,Lincoln Red Imps,1308,1309.0,2,2,Gibraltor,domestic league (tier 1)
2021/05/16,Premier Division Gibraltar,0,St. Josephs FC,1245,1247.0,3 - 2,Lynx FC,925,923.0,3,2,Gibraltor,domestic league (tier 1)
2021/10/16,Premier Division Gibraltar,0,St. Josephs FC,1236,1239.0,4 - 1,Lynx FC,923,920.0,4,1,Gibraltor,domestic league (tier 1)
2021/10/28,Premier Division Gibraltar,0,St. Josephs FC,1241,1242.0,4 - 1,Glacis United FC,753,752.0,4,1,Gibraltor,domestic league (tier 1)
2021/12/05,Premier Division Gibraltar,0,St. Josephs FC,1251,1242.0,0 - 1,Lincoln Red Imps,1371,1380.0,0,1,Gibraltor,domestic league (tier 1)
2021/12/19,Premier Division Gibraltar,0,St. Josephs FC,1234,1235.0,3 - 1,Manchester 62 FC,667,666.0,3,1,Gibraltor,domestic league (tier 1)
2022/01/15,Premier Division Gibraltar,0,St. Josephs FC,1236,1236.0,6 - 0,Europa Point FC,462,462.0,6,0,Gibraltor,domestic league (tier 1)
2022/02/02,Premier Division Gibraltar,0,St. Josephs FC,1227,1220.0,1 - 1,Mons Calpe S.C.,996,1003.0,1,1,Gibraltor,domestic league (tier 1)
2022/02/26,Premier Division Gibraltar,0,St. Josephs FC,1221,1211.0,1 - 2,Europa FC,1319,1329.0,1,2,Gibraltor,domestic league (tier 1)
2022/04/13,Premier Division Gibraltar,0,St. Josephs FC,1205,1198.0,1 - 2,Lincoln Red Imps,1401,1408.0,1,2,Gibraltor,domestic league (tier 1)
2022/04/17,Premier Division Gibraltar,0,St. Josephs FC,1198,1199.0,2 - 1,Glacis United FC,777,776.0,2,1,Gibraltor,domestic league (tier 1)
2022/04/29,Premier Division Gibraltar,0,St. Josephs FC,1215,1187.0,1 - 3,FCB Magpies,866,894.0,1,3,Gibraltor,domestic league (tier 1)
2022/10/09,Premier Division Gibraltar,0,St. Josephs FC,1204,1207.0,2 - 2,Lincoln Red Imps,1413,1410.0,2,2,Gibraltor,domestic league (tier 1)
2022/10/22,Premier Division Gibraltar,0,St. Josephs FC,1202,1184.0,1 - 2,FCB Magpies,918,936.0,1,2,Gibraltor,domestic league (tier 1)
2022/12/03,Premier Division Gibraltar,0,St. Josephs FC,1188,1189.0,2 - 1,Lynx FC,817,816.0,2,1,Gibraltor,domestic league (tier 1)
2022/12/16,Premier Division Gibraltar,0,St. Josephs FC,1172,1164.0,2 - 2,Mons Calpe S.C.,891,899.0,2,2,Gibraltor,domestic league (tier 1)
2023/01/21,Premier Division Gibraltar,0,St. Josephs FC,1169,1144.0,1 - 3,FCB Magpies,971,996.0,1,3,Gibraltor,domestic league (tier 1)
2023/01/28,Premier Division Gibraltar,0,St. Josephs FC,1144,1161.0,2 - 0,Europa FC,1293,1276.0,2,0,Gibraltor,domestic league (tier 1)
2023/02/26,Premier Division Gibraltar,0,St. Josephs FC,1154,1155.0,3 - 2,Glacis United FC,735,734.0,3,2,Gibraltor,domestic league (tier 1)
2023/04/14,Premier Division Gibraltar,0,St. Josephs FC,1153,1143.0,0 - 3,Lincoln Red Imps,1419,1429.0,0,3,Gibraltor,domestic league (tier 1)
2023/04/21,Premier Division Gibraltar,0,St. Josephs FC,1143,1116.0,0 - 2,Lynx FC,872,899.0,0,2,Gibraltor,domestic league (tier 1)
2023/09/16,Premier Division Gibraltar,0,St. Josephs FC,1116,1135.0,3 - 0,Europa FC,1250,1231.0,3,0,Gibraltor,domestic league (tier 1)
2023/09/28,Premier Division Gibraltar,0,St. Josephs FC,1138,1152.0,1 - 0,Lincoln Red Imps,1392,1378.0,1,0,Gibraltor,domestic league (tier 1)
2023/10/27,Premier Division Gibraltar,0,St. Josephs FC,1154,1158.0,2 - 0,Lynx FC,916,912.0,2,0,Gibraltor,domestic league (tier 1)
2023/11/25,Premier Division Gibraltar,0,St. Josephs FC,1173,1175.0,4 - 0,Glacis United FC,738,736.0,4,0,Gibraltor,domestic league (tier 1)
2023/12/10,Premier Division Gibraltar,0,St. Josephs FC,1156,1158.0,4 - 0,Manchester 62 FC,771,769.0,4,0,Gibraltor,domestic league (tier 1)
2024/01/20,Premier Division Gibraltar,0,St. Josephs FC,1170,1170.0,3 - 2,Lions Gibraltar,573,573.0,3,2,Gibraltor,domestic league (tier 1)
2024/02/02,Premier Division Gibraltar,0,St. Josephs FC,1181,1181.0,4 - 1,College 1975 FC,502,502.0,4,1,Gibraltor,domestic league (tier 1)
2024/02/24,Premier Division Gibraltar,0,St. Josephs FC,1186,1180.0,2 - 2,FCB Magpies,1042,1048.0,2,2,Gibraltor,domestic league (tier 1)
2024/03/09,Premier Division Gibraltar,0,St. Josephs FC,1183,1183.0,1 - 0,Europa Point FC,619,619.0,1,0,Gibraltor,domestic league (tier 1)
2024/04/14,Premier Division Gibraltar,0,St. Josephs FC,1188,1170.0,1 - 2,Mons Calpe S.C.,866,884.0,1,2,Gibraltor,domestic league (tier 1)
2024/04/28,Premier Division Gibraltar,0,St. Josephs FC,1180,1186.0,2 - 0,FCB Magpies,1040,1034.0,2,0,Gibraltor,domestic league (tier 1)
2024/05/10,Premier Division Gibraltar,0,St. Josephs FC,1192,1195.0,1 - 1,Lincoln Red Imps,1393,1390.0,1,1,Gibraltor,domestic league (tier 1)
2024/08/31,Premier Division Gibraltar,0,St. Josephs FC,1199,1200.0,1 - 0,Glacis United FC,702,701.0,1,0,Gibraltor,domestic league (tier 1)
2024/09/22,Premier Division Gibraltar,0,St. Josephs FC,1206,1207.0,4 - 0,Europa Point FC,648,647.0,4,0,Gibraltor,domestic league (tier 1)
2024/10/03,Premier Division Gibraltar,0,St. Josephs FC,1199,1202.0,2 - 1,FCB Magpies,1025,1022.0,2,1,Gibraltor,domestic league (tier 1)
2024/10/20,Premier Division Gibraltar,0,St. Josephs FC,1202,1203.0,2 - 1,Lions Gibraltar,667,666.0,2,1,Gibraltor,domestic league (tier 1)
2024/10/27,Premier Division Gibraltar,0,St. Josephs FC,1210,1212.0,3 - 1,Lynx FC,821,819.0,3,1,Gibraltor,domestic league (tier 1)
2024/11/30,Premier Division Gibraltar,0,St. Josephs FC,1227,1227.0,1 - 0,College 1975 FC,502,502.0,1,0,Gibraltor,domestic league (tier 1)
2024/12/15,Premier Division Gibraltar,0,St. Josephs FC,1230,1231.0,2 - 1,Mons Calpe S.C.,808,807.0,2,1,Gibraltor,domestic league (tier 1)
2025/01/12,Premier Division Gibraltar,0,St. Josephs FC,1233,1234.0,2 - 1,Manchester 62 FC,829,828.0,2,1,Gibraltor,domestic league (tier 1)
2025/02/09,Premier Division Gibraltar,0,St. Josephs FC,1234,1236.0,0 - 0,Lincoln Red Imps,1413,1411.0,0,0,Gibraltor,domestic league (tier 1)
2025/03/07,Premier Division Gibraltar,0,St. Josephs FC,1250,1254.0,2 - 1,Europa FC,1086,1082.0,2,1,Gibraltor,domestic league (tier 1)
2025/04/05,Premier Division Gibraltar,0,St. Josephs FC,1254,1245.0,0 - 1,Lincoln Red Imps,1391,1400.0,0,1,Gibraltor,domestic league (tier 1)
2025/04/19,Premier Division Gibraltar,0,St. Josephs FC,1254,1257.0,2 - 1,Europa FC,1082,1079.0,2,1,Gibraltor,domestic league (tier 1)
2025/05/03,Premier Division Gibraltar,0,St. Josephs FC,1262,1263.0,6 - 0,Lions Gibraltar,703,702.0,6,0,Gibraltor,domestic league (tier 1)
2025/08/17,Premier Division Gibraltar,0,St. Josephs FC,1275,1275.0,6 - 0,Europa Point FC,560,560.0,6,0,Gibraltor,domestic league (tier 1)
2025/08/24,Premier Division Gibraltar,0,St. Josephs FC,1275,1275.0,4 - 0,College 1975 FC,537,537.0,4,0,Gibraltor,domestic league (tier 1)
2025/09/13,Premier Division Gibraltar,0,St. Josephs FC,1281,1252.0,1 - 3,Mons Calpe S.C.,727,756.0,1,3,Gibraltor,domestic league (tier 1)
2025/09/26,Premier Division Gibraltar,0,St. Josephs FC,1259,1262.0,2 - 1,Europa FC,1082,1079.0,2,1,Gibraltor,domestic league (tier 1)
2025/10/02,Premier Division Gibraltar,0,St. Josephs FC,1262,1263.0,6 - 0,Glacis United FC,663,662.0,6,0,Gibraltor,domestic league (tier 1)
2025/10/26,Premier Division Gibraltar,0,St. Josephs FC,1264,1265.0,3 - 1,Lions Gibraltar,780,779.0,3,1,Gibraltor,domestic league (tier 1)
2025/11/23,Premier Division Gibraltar,0,St. Josephs FC,1270,1272.0,1 - 1,Lincoln Red Imps,1450,1448.0,1,1,Gibraltor,domestic league (tier 1)
2025/12/05,Premier Division Gibraltar,0,St. Josephs FC,1273,1275.0,10 - 0,Manchester 62 FC,808,806.0,10,0,Gibraltor,domestic league (tier 1)
2025/12/20,Premier Division Gibraltar,0,St. Josephs FC,1279,1281.0,4 - 0,FCB Magpies,878,876.0,4,0,Gibraltor,domestic league (tier 1)
2026/01/25,Premier Division Gibraltar,0,St. Josephs FC,1318,1318.0,6 - 0,FC Hound Dogs,495,495.0,6,0,Gibraltor,domestic league (tier 1)
2026/02/21,Premier Division Gibraltar,0,St. Josephs FC,1321,1302.0,0 - 1,Lynx FC,825,844.0,0,1,Gibraltor,domestic league (tier 1)
2026/04/04,Premier Division Gibraltar,0,St. Josephs FC,1299,1300.0,1 - 0,Lynx FC,844,843.0,1,0,Gibraltor,domestic league (tier 1)
2026/04/26,Premier Division Gibraltar,0,St. Josephs FC,1280,1271.0,3 - 3,Lions Gibraltar,805,814.0,3,3,Gibraltor,domestic league (tier 1)
2026/08/28,Premier Division Gibraltar,0,St. Josephs FC,1271,1272.0,2 - 1,Mons Calpe S.C.,904,903.0,2,1,Gibraltor,domestic league (tier 1)
2026/09/12,Premier Division Gibraltar,0,St. Josephs FC,1272,,Info,Europa FC,1092,,,,Gibraltor,domestic league (tier 1)
