Date,Competition,Neutral Venue,Home,PreHElo,PostHElo,Result,Away,PreAElo,PostAElo,Home Goals,Away Goals,Country,Category
2016/08/28,Superliga Kosovo,0,Besa Pejë,1263,1274.0,2 - 0,KF Ferizaj,1263,1252.0,2,0,Kosovo,domestic league (tier 1)
2016/09/11,Superliga Kosovo,0,Besa Pejë,1277,1278.0,1 - 1,KF Prishtina,1420,1419.0,1,1,Kosovo,domestic league (tier 1)
2016/09/25,Superliga Kosovo,0,Besa Pejë,1279,1288.0,2 - 0,Drita Gjilan,1220,1211.0,2,0,Kosovo,domestic league (tier 1)
2016/10/12,Superliga Kosovo,0,Besa Pejë,1281,1291.0,2 - 0,KF Liria,1257,1247.0,2,0,Kosovo,domestic league (tier 1)
2016/10/30,Superliga Kosovo,0,Besa Pejë,1285,1281.0,0 - 0,KF Gjilani,1257,1261.0,0,0,Kosovo,domestic league (tier 1)
2016/11/02,Superliga Kosovo,0,Besa Pejë,1281,1279.0,1 - 1,KF Feronikeli,1314,1316.0,1,1,Kosovo,domestic league (tier 1)
2016/11/16,Superliga Kosovo,0,Besa Pejë,1289,1295.0,2 - 1,FK Drenica,1246,1240.0,2,1,Kosovo,domestic league (tier 1)
2016/11/27,Superliga Kosovo,0,Besa Pejë,1288,1273.0,1 - 2,KF Trepça,1188,1203.0,1,2,Kosovo,domestic league (tier 1)
2017/02/25,Superliga Kosovo,0,Besa Pejë,1274,1282.0,1 - 0,KF Llapi,1317,1309.0,1,0,Kosovo,domestic league (tier 1)
2017/03/08,Superliga Kosovo,0,Besa Pejë,1294,1300.0,4 - 0,KF Hajvalia,1117,1111.0,4,0,Kosovo,domestic league (tier 1)
2017/03/12,Superliga Kosovo,0,Besa Pejë,1300,1289.0,2 - 3,KF Trepça89,1381,1392.0,2,3,Kosovo,domestic league (tier 1)
2017/04/02,Superliga Kosovo,0,Besa Pejë,1301,1277.0,1 - 3,KF Trepça,1159,1183.0,1,3,Kosovo,domestic league (tier 1)
2017/04/09,Superliga Kosovo,0,Besa Pejë,1292,1289.0,1 - 1,KF Gjilani,1274,1277.0,1,1,Kosovo,domestic league (tier 1)
2017/04/16,Superliga Kosovo,0,Besa Pejë,1289,1294.0,1 - 0,KF Liria,1210,1205.0,1,0,Kosovo,domestic league (tier 1)
2017/04/30,Superliga Kosovo,0,Besa Pejë,1284,1275.0,1 - 2,KF Prishtina,1417,1426.0,1,2,Kosovo,domestic league (tier 1)
2017/05/09,Superliga Kosovo,0,Besa Pejë,1266,1253.0,0 - 2,KF Trepça89,1423,1436.0,0,2,Kosovo,domestic league (tier 1)
2017/05/20,Superliga Kosovo,0,Besa Pejë,1242,1249.0,1 - 0,KF Ferizaj,1216,1209.0,1,0,Kosovo,domestic league (tier 1)
2017/08/27,Superliga Kosovo,0,Besa Pejë,1230,1241.0,2 - 0,Drita Gjilan,1234,1223.0,2,0,Kosovo,domestic league (tier 1)
2017/09/13,Superliga Kosovo,0,Besa Pejë,1237,1242.0,2 - 0,KF Flamurtari,1077,1072.0,2,0,Kosovo,domestic league (tier 1)
2017/09/23,Superliga Kosovo,0,Besa Pejë,1236,1247.0,2 - 0,KF Liria,1233,1222.0,2,0,Kosovo,domestic league (tier 1)
2017/10/01,Superliga Kosovo,0,Besa Pejë,1236,1216.0,0 - 2,FK Drenica,1224,1244.0,0,2,Kosovo,domestic league (tier 1)
2017/10/15,Superliga Kosovo,0,Besa Pejë,1209,1215.0,3 - 1,KF Vllaznia,1051,1045.0,3,1,Kosovo,domestic league (tier 1)
2017/10/26,Superliga Kosovo,0,Besa Pejë,1210,1210.0,0 - 0,KF Gjilani,1311,1311.0,0,0,Kosovo,domestic league (tier 1)
2017/11/05,Superliga Kosovo,0,Besa Pejë,1201,1183.0,0 - 5,KF Feronikeli,1344,1362.0,0,5,Kosovo,domestic league (tier 1)
2017/11/22,Superliga Kosovo,0,Besa Pejë,1167,1152.0,1 - 6,KF Llapi,1348,1363.0,1,6,Kosovo,domestic league (tier 1)
2017/12/03,Superliga Kosovo,0,Besa Pejë,1144,1131.0,1 - 2,KF Vëllaznimi,1142,1155.0,1,2,Kosovo,domestic league (tier 1)
2018/02/24,Superliga Kosovo,0,Besa Pejë,1137,1130.0,0 - 1,KF Trepça89,1354,1361.0,0,1,Kosovo,domestic league (tier 1)
2018/03/11,Superliga Kosovo,0,Besa Pejë,1120,1113.0,1 - 3,KF Prishtina,1421,1428.0,1,3,Kosovo,domestic league (tier 1)
2018/03/18,Superliga Kosovo,0,Besa Pejë,1111,1124.0,1 - 0,KF Gjilani,1301,1288.0,1,0,Kosovo,domestic league (tier 1)
2018/04/07,Superliga Kosovo,0,Besa Pejë,1130,1119.0,0 - 2,Drita Gjilan,1327,1338.0,0,2,Kosovo,domestic league (tier 1)
2018/04/22,Superliga Kosovo,0,Besa Pejë,1117,1108.0,0 - 1,FK Drenica,1264,1273.0,0,1,Kosovo,domestic league (tier 1)
2018/05/03,Superliga Kosovo,0,Besa Pejë,1112,1085.0,0 - 4,KF Flamurtari,1058,1085.0,0,4,Kosovo,domestic league (tier 1)
2018/05/18,Superliga Kosovo,0,Besa Pejë,1101,1094.0,3 - 4,KF Llapi,1303,1310.0,3,4,Kosovo,domestic league (tier 1)
2020/09/19,Superliga Kosovo,0,Besa Pejë,1087,1077.0,1 - 4,KF Ballkani,1337,1347.0,1,4,Kosovo,domestic league (tier 1)
2020/09/25,Superliga Kosovo,0,Besa Pejë,1073,1047.0,0 - 3,KF Arbëria,982,1008.0,0,3,Kosovo,domestic league (tier 1)
2020/10/03,Superliga Kosovo,0,Besa Pejë,1045,1058.0,2 - 1,KF Trepça89,1256,1243.0,2,1,Kosovo,domestic league (tier 1)
2020/10/20,Superliga Kosovo,0,Besa Pejë,1055,1056.0,2 - 2,KF Llapi,1199,1198.0,2,2,Kosovo,domestic league (tier 1)
2020/10/24,Superliga Kosovo,0,Besa Pejë,1056,1060.0,1 - 1,KF Feronikeli,1299,1295.0,1,1,Kosovo,domestic league (tier 1)
2020/11/04,Superliga Kosovo,0,Besa Pejë,1055,1057.0,0 - 0,FK Drenica,1238,1236.0,0,0,Kosovo,domestic league (tier 1)
2020/11/21,Superliga Kosovo,0,Besa Pejë,1048,1042.0,1 - 4,Drita Gjilan,1430,1436.0,1,4,Kosovo,domestic league (tier 1)
2020/11/28,Superliga Kosovo,0,Besa Pejë,1037,1032.0,0 - 2,KF Prishtina,1401,1406.0,0,2,Kosovo,domestic league (tier 1)
2020/12/12,Superliga Kosovo,0,Besa Pejë,1024,1019.0,1 - 2,KF Gjilani,1324,1329.0,1,2,Kosovo,domestic league (tier 1)
2021/02/13,Superliga Kosovo,0,Besa Pejë,1019,1012.0,0 - 3,KF Ballkani,1374,1381.0,0,3,Kosovo,domestic league (tier 1)
2021/02/25,Superliga Kosovo,0,Besa Pejë,1019,998.0,0 - 3,KF Arbëria,1046,1067.0,0,3,Kosovo,domestic league (tier 1)
2021/03/05,Superliga Kosovo,0,Besa Pejë,997,991.0,1 - 2,KF Trepça89,1240,1246.0,1,2,Kosovo,domestic league (tier 1)
2021/03/13,Superliga Kosovo,0,Besa Pejë,990,979.0,1 - 4,KF Llapi,1234,1245.0,1,4,Kosovo,domestic league (tier 1)
2021/03/20,Superliga Kosovo,0,Besa Pejë,979,995.0,2 - 1,KF Feronikeli,1304,1288.0,2,1,Kosovo,domestic league (tier 1)
2021/04/16,Superliga Kosovo,0,Besa Pejë,990,984.0,1 - 2,FK Drenica,1219,1225.0,1,2,Kosovo,domestic league (tier 1)
2021/04/28,Superliga Kosovo,0,Besa Pejë,978,986.0,1 - 1,Drita Gjilan,1436,1428.0,1,1,Kosovo,domestic league (tier 1)
2021/05/05,Superliga Kosovo,0,Besa Pejë,993,990.0,0 - 3,KF Prishtina,1492,1495.0,0,3,Kosovo,domestic league (tier 1)
2021/05/23,Superliga Kosovo,0,Besa Pejë,985,1000.0,1 - 0,KF Gjilani,1298,1283.0,1,0,Kosovo,domestic league (tier 1)
2016/09/07,Superliga Kosovo,0,Drita Gjilan,1256,1243.0,0 - 1,KF Llapi,1251,1264.0,0,1,Kosovo,domestic league (tier 1)
2016/09/18,Superliga Kosovo,0,Drita Gjilan,1233,1220.0,0 - 1,KF Hajvalia,1216,1229.0,0,1,Kosovo,domestic league (tier 1)
2016/09/30,Superliga Kosovo,0,Drita Gjilan,1211,1200.0,0 - 1,KF Gjilani,1260,1271.0,0,1,Kosovo,domestic league (tier 1)
2016/10/16,Superliga Kosovo,0,Drita Gjilan,1195,1192.0,0 - 0,KF Ferizaj,1202,1205.0,0,0,Kosovo,domestic league (tier 1)
2016/11/02,Superliga Kosovo,0,Drita Gjilan,1189,1186.0,2 - 2,KF Trepça,1187,1190.0,2,2,Kosovo,domestic league (tier 1)
2016/11/06,Superliga Kosovo,0,Drita Gjilan,1186,1188.0,0 - 0,KF Trepça89,1345,1343.0,0,0,Kosovo,domestic league (tier 1)
2016/11/20,Superliga Kosovo,0,Drita Gjilan,1183,1192.0,1 - 0,KF Liria,1258,1249.0,1,0,Kosovo,domestic league (tier 1)
2016/12/01,Superliga Kosovo,0,Drita Gjilan,1204,1203.0,1 - 1,Besa Pejë,1273,1274.0,1,1,Kosovo,domestic league (tier 1)
2017/03/05,Superliga Kosovo,0,Drita Gjilan,1208,1199.0,0 - 1,KF Feronikeli,1327,1336.0,0,1,Kosovo,domestic league (tier 1)
2017/03/12,Superliga Kosovo,0,Drita Gjilan,1192,1200.0,2 - 1,FK Drenica,1220,1212.0,2,1,Kosovo,domestic league (tier 1)
2017/04/16,Superliga Kosovo,0,Drita Gjilan,1204,1193.0,0 - 2,KF Trepça89,1394,1405.0,0,2,Kosovo,domestic league (tier 1)
2017/04/30,Superliga Kosovo,0,Drita Gjilan,1185,1193.0,2 - 1,KF Ferizaj,1211,1203.0,2,1,Kosovo,domestic league (tier 1)
2017/05/14,Superliga Kosovo,0,Drita Gjilan,1183,1189.0,2 - 0,KF Hajvalia,1043,1037.0,2,0,Kosovo,domestic league (tier 1)
2017/05/28,Superliga Kosovo,0,Drita Gjilan,1204,1217.0,2 - 0,Besa Pejë,1249,1236.0,2,0,Kosovo,domestic league (tier 1)
2017/09/09,Superliga Kosovo,0,Drita Gjilan,1223,1217.0,0 - 0,KF Flamurtari,1071,1077.0,0,0,Kosovo,domestic league (tier 1)
2017/09/17,Superliga Kosovo,0,Drita Gjilan,1206,1220.0,3 - 0,FK Drenica,1238,1224.0,3,0,Kosovo,domestic league (tier 1)
2017/09/28,Superliga Kosovo,0,Drita Gjilan,1236,1235.0,1 - 1,KF Gjilani,1305,1306.0,1,1,Kosovo,domestic league (tier 1)
2017/10/10,Superliga Kosovo,0,Drita Gjilan,1241,1258.0,3 - 1,KF Llapi,1384,1367.0,3,1,Kosovo,domestic league (tier 1)
2017/10/20,Superliga Kosovo,0,Drita Gjilan,1257,1257.0,1 - 1,KF Trepça89,1354,1354.0,1,1,Kosovo,domestic league (tier 1)
2017/10/29,Superliga Kosovo,0,Drita Gjilan,1259,1268.0,2 - 0,Besa Pejë,1210,1201.0,2,0,Kosovo,domestic league (tier 1)
2017/11/18,Superliga Kosovo,0,Drita Gjilan,1265,1272.0,4 - 3,KF Liria,1260,1253.0,4,3,Kosovo,domestic league (tier 1)
2017/11/26,Superliga Kosovo,0,Drita Gjilan,1275,1279.0,3 - 0,KF Vllaznia,1021,1017.0,3,0,Kosovo,domestic league (tier 1)
2018/02/18,Superliga Kosovo,0,Drita Gjilan,1283,1293.0,1 - 0,KF Feronikeli,1369,1359.0,1,0,Kosovo,domestic league (tier 1)
2018/03/02,Superliga Kosovo,0,Drita Gjilan,1308,1302.0,1 - 1,KF Vëllaznimi,1156,1162.0,1,1,Kosovo,domestic league (tier 1)
2018/03/14,Superliga Kosovo,0,Drita Gjilan,1306,1315.0,3 - 1,FK Drenica,1272,1263.0,3,1,Kosovo,domestic league (tier 1)
2018/03/31,Superliga Kosovo,0,Drita Gjilan,1324,1327.0,3 - 1,KF Flamurtari,1052,1049.0,3,1,Kosovo,domestic league (tier 1)
2018/04/15,Superliga Kosovo,0,Drita Gjilan,1338,1341.0,2 - 0,KF Vllaznia,1041,1038.0,2,0,Kosovo,domestic league (tier 1)
2018/04/29,Superliga Kosovo,0,Drita Gjilan,1360,1370.0,3 - 1,KF Feronikeli,1342,1332.0,3,1,Kosovo,domestic league (tier 1)
2018/05/06,Superliga Kosovo,0,Drita Gjilan,1371,1379.0,3 - 0,KF Liria,1264,1256.0,3,0,Kosovo,domestic league (tier 1)
2018/05/11,Superliga Kosovo,0,Drita Gjilan,1379,1389.0,3 - 1,KF Trepça89,1365,1355.0,3,1,Kosovo,domestic league (tier 1)
2018/08/19,Superliga Kosovo,0,Drita Gjilan,1428,1430.0,5 - 0,KEK-u Kastriot,984,982.0,5,0,Kosovo,domestic league (tier 1)
2018/08/26,Superliga Kosovo,0,Drita Gjilan,1430,1402.0,1 - 3,KF Flamurtari,1091,1119.0,1,3,Kosovo,domestic league (tier 1)
2018/09/12,Superliga Kosovo,0,Drita Gjilan,1390,1375.0,1 - 2,KF Llapi,1314,1329.0,1,2,Kosovo,domestic league (tier 1)
2018/10/03,Superliga Kosovo,0,Drita Gjilan,1359,1356.0,1 - 1,KF Trepça89,1336,1339.0,1,1,Kosovo,domestic league (tier 1)
2018/10/17,Superliga Kosovo,0,Drita Gjilan,1367,1370.0,6 - 1,KF Ballkani,1027,1024.0,6,1,Kosovo,domestic league (tier 1)
2018/11/04,Superliga Kosovo,0,Drita Gjilan,1390,1373.0,0 - 1,KF Liria,1180,1197.0,0,1,Kosovo,domestic league (tier 1)
2018/11/25,Superliga Kosovo,0,Drita Gjilan,1365,1363.0,1 - 1,KF Feronikeli,1396,1398.0,1,1,Kosovo,domestic league (tier 1)
2019/02/16,Superliga Kosovo,0,Drita Gjilan,1356,1363.0,3 - 1,KF Gjilani,1260,1253.0,3,1,Kosovo,domestic league (tier 1)
2019/03/01,Superliga Kosovo,0,Drita Gjilan,1354,1361.0,2 - 0,FK Drenica,1258,1251.0,2,0,Kosovo,domestic league (tier 1)
2019/03/09,Superliga Kosovo,0,Drita Gjilan,1367,1370.0,1 - 0,KF Ferizaj,1175,1172.0,1,0,Kosovo,domestic league (tier 1)
2019/03/16,Superliga Kosovo,0,Drita Gjilan,1370,1375.0,2 - 0,KF Liria,1205,1200.0,2,0,Kosovo,domestic league (tier 1)
2019/04/03,Superliga Kosovo,0,Drita Gjilan,1382,1383.0,4 - 0,KEK-u Kastriot,889,888.0,4,0,Kosovo,domestic league (tier 1)
2019/04/14,Superliga Kosovo,0,Drita Gjilan,1382,1376.0,2 - 2,FK Drenica,1260,1266.0,2,2,Kosovo,domestic league (tier 1)
2019/04/21,Superliga Kosovo,0,Drita Gjilan,1376,1371.0,1 - 1,KF Trepça89,1282,1287.0,1,1,Kosovo,domestic league (tier 1)
2019/05/15,Superliga Kosovo,0,Drita Gjilan,1356,1339.0,1 - 2,KF Flamurtari,1143,1160.0,1,2,Kosovo,domestic league (tier 1)
2019/08/18,Superliga Kosovo,0,Drita Gjilan,1319,1304.0,0 - 1,KF Ferizaj,1238,1253.0,0,1,Kosovo,domestic league (tier 1)
2019/08/25,Superliga Kosovo,0,Drita Gjilan,1304,1311.0,3 - 0,KF Flamurtari,1178,1171.0,3,0,Kosovo,domestic league (tier 1)
2019/09/14,Superliga Kosovo,0,Drita Gjilan,1319,1330.0,1 - 0,KF Feronikeli,1454,1443.0,1,0,Kosovo,domestic league (tier 1)
2019/09/21,Superliga Kosovo,0,Drita Gjilan,1334,1339.0,1 - 0,KF Trepça89,1260,1255.0,1,0,Kosovo,domestic league (tier 1)
2019/09/22,Superliga Kosovo,0,Drita Gjilan,1339,1334.0,1 - 1,KF Trepça89,1255,1260.0,1,1,Kosovo,domestic league (tier 1)
2019/10/03,Superliga Kosovo,0,Drita Gjilan,1344,1347.0,5 - 1,FC Vushtrria,999,996.0,5,1,Kosovo,domestic league (tier 1)
2019/10/20,Superliga Kosovo,0,Drita Gjilan,1347,1353.0,2 - 0,KF Ballkani,1222,1216.0,2,0,Kosovo,domestic league (tier 1)
2019/11/06,Superliga Kosovo,0,Drita Gjilan,1346,1347.0,1 - 0,KF Dukagjini,985,984.0,1,0,Kosovo,domestic league (tier 1)
2019/11/23,Superliga Kosovo,0,Drita Gjilan,1351,1361.0,2 - 0,KF Llapi,1333,1323.0,2,0,Kosovo,domestic league (tier 1)
2020/02/16,Superliga Kosovo,0,Drita Gjilan,1346,1354.0,2 - 0,KF Gjilani,1283,1275.0,2,0,Kosovo,domestic league (tier 1)
2020/02/28,Superliga Kosovo,0,Drita Gjilan,1358,1365.0,4 - 1,FK Drenica,1226,1219.0,4,1,Kosovo,domestic league (tier 1)
2020/06/06,Superliga Kosovo,0,Drita Gjilan,1361,1364.0,1 - 0,KF Flamurtari,1186,1183.0,1,0,Kosovo,domestic league (tier 1)
2020/06/19,Superliga Kosovo,0,Drita Gjilan,1378,1383.0,2 - 0,KF Ferizaj,1185,1180.0,2,0,Kosovo,domestic league (tier 1)
2020/06/28,Superliga Kosovo,0,Drita Gjilan,1389,1390.0,2 - 0,KF Dukagjini,947,946.0,2,0,Kosovo,domestic league (tier 1)
2020/07/09,Superliga Kosovo,0,Drita Gjilan,1408,1414.0,2 - 1,KF Feronikeli,1355,1349.0,2,1,Kosovo,domestic league (tier 1)
2020/07/18,Superliga Kosovo,0,Drita Gjilan,1418,1396.0,0 - 2,KF Gjilani,1352,1374.0,0,2,Kosovo,domestic league (tier 1)
2020/07/21,Superliga Kosovo,0,Drita Gjilan,1396,1400.0,1 - 0,FK Drenica,1234,1230.0,1,0,Kosovo,domestic league (tier 1)
2020/09/30,Superliga Kosovo,0,Drita Gjilan,1411,1413.0,3 - 1,Besa Pejë,1047,1045.0,3,1,Kosovo,domestic league (tier 1)
2020/10/14,Superliga Kosovo,0,Drita Gjilan,1423,1426.0,1 - 0,KF Trepça89,1243,1240.0,1,0,Kosovo,domestic league (tier 1)
2020/10/18,Superliga Kosovo,0,Drita Gjilan,1426,1422.0,0 - 0,KF Gjilani,1367,1371.0,0,0,Kosovo,domestic league (tier 1)
2020/10/24,Superliga Kosovo,0,Drita Gjilan,1410,1416.0,4 - 1,FK Drenica,1224,1218.0,4,1,Kosovo,domestic league (tier 1)
2020/11/24,Superliga Kosovo,0,Drita Gjilan,1436,1430.0,1 - 1,KF Feronikeli,1298,1304.0,1,1,Kosovo,domestic league (tier 1)
2020/12/03,Superliga Kosovo,0,Drita Gjilan,1441,1443.0,1 - 0,KF Llapi,1202,1200.0,1,0,Kosovo,domestic league (tier 1)
2020/12/06,Superliga Kosovo,0,Drita Gjilan,1443,1449.0,2 - 1,KF Ballkani,1409,1403.0,2,1,Kosovo,domestic league (tier 1)
2020/12/14,Superliga Kosovo,0,Drita Gjilan,1460,1451.0,1 - 1,KF Arbëria,1036,1045.0,1,1,Kosovo,domestic league (tier 1)
2021/02/13,Superliga Kosovo,0,Drita Gjilan,1437,1440.0,1 - 0,KF Llapi,1223,1220.0,1,0,Kosovo,domestic league (tier 1)
2021/02/20,Superliga Kosovo,0,Drita Gjilan,1440,1423.0,1 - 2,KF Trepça89,1223,1240.0,1,2,Kosovo,domestic league (tier 1)
2021/02/28,Superliga Kosovo,0,Drita Gjilan,1413,1414.0,3 - 1,Besa Pejë,998,997.0,3,1,Kosovo,domestic league (tier 1)
2021/03/11,Superliga Kosovo,0,Drita Gjilan,1423,1430.0,2 - 0,KF Gjilani,1330,1323.0,2,0,Kosovo,domestic league (tier 1)
2021/03/20,Superliga Kosovo,0,Drita Gjilan,1432,1425.0,1 - 1,FK Drenica,1207,1214.0,1,1,Kosovo,domestic league (tier 1)
2021/05/01,Superliga Kosovo,0,Drita Gjilan,1428,1433.0,3 - 1,KF Feronikeli,1263,1258.0,3,1,Kosovo,domestic league (tier 1)
2021/05/09,Superliga Kosovo,0,Drita Gjilan,1433,1429.0,1 - 1,KF Ballkani,1383,1387.0,1,1,Kosovo,domestic league (tier 1)
2021/05/23,Superliga Kosovo,0,Drita Gjilan,1443,1445.0,2 - 0,KF Arbëria,1093,1091.0,2,0,Kosovo,domestic league (tier 1)
2021/08/21,Superliga Kosovo,0,Drita Gjilan,1458,1461.0,2 - 1,KF Feronikeli,1269,1266.0,2,1,Kosovo,domestic league (tier 1)
2021/08/28,Superliga Kosovo,0,Drita Gjilan,1461,1454.0,0 - 0,KF Llapi,1238,1245.0,0,0,Kosovo,domestic league (tier 1)
2021/09/15,Superliga Kosovo,0,Drita Gjilan,1457,1453.0,0 - 0,KF Ballkani,1423,1427.0,0,0,Kosovo,domestic league (tier 1)
2021/09/26,Superliga Kosovo,0,Drita Gjilan,1464,1439.0,0 - 2,KF Gjilani,1276,1301.0,0,2,Kosovo,domestic league (tier 1)
2021/10/30,Superliga Kosovo,0,Drita Gjilan,1435,1436.0,1 - 0,KF Malisheva,1043,1042.0,1,0,Kosovo,domestic league (tier 1)
2021/11/20,Superliga Kosovo,0,Drita Gjilan,1424,1427.0,1 - 0,FK Drenica,1234,1231.0,1,0,Kosovo,domestic league (tier 1)
2021/11/29,Superliga Kosovo,0,Drita Gjilan,1417,1419.0,4 - 0,KF Dukagjini,1055,1053.0,4,0,Kosovo,domestic league (tier 1)
2021/12/11,Superliga Kosovo,0,Drita Gjilan,1431,1433.0,3 - 1,KF Ulpiana,1033,1031.0,3,1,Kosovo,domestic league (tier 1)
2022/02/12,Superliga Kosovo,0,Drita Gjilan,1433,1437.0,7 - 0,KF Feronikeli,1147,1143.0,7,0,Kosovo,domestic league (tier 1)
2022/02/19,Superliga Kosovo,0,Drita Gjilan,1437,1431.0,1 - 1,KF Llapi,1287,1293.0,1,1,Kosovo,domestic league (tier 1)
2022/02/26,Superliga Kosovo,0,Drita Gjilan,1435,1422.0,0 - 1,KF Ballkani,1420,1433.0,0,1,Kosovo,domestic league (tier 1)
2022/03/10,Superliga Kosovo,0,Drita Gjilan,1409,1405.0,1 - 1,KF Gjilani,1363,1367.0,1,1,Kosovo,domestic league (tier 1)
2022/04/23,Superliga Kosovo,0,Drita Gjilan,1409,1412.0,3 - 1,KF Malisheva,1132,1129.0,3,1,Kosovo,domestic league (tier 1)
2022/05/01,Superliga Kosovo,0,Drita Gjilan,1405,1398.0,1 - 1,FK Drenica,1194,1201.0,1,1,Kosovo,domestic league (tier 1)
2022/05/08,Superliga Kosovo,0,Drita Gjilan,1399,1392.0,0 - 0,KF Dukagjini,1170,1177.0,0,0,Kosovo,domestic league (tier 1)
2022/05/22,Superliga Kosovo,0,Drita Gjilan,1403,1405.0,5 - 0,KF Ulpiana,1017,1015.0,5,0,Kosovo,domestic league (tier 1)
2022/08/20,Superliga Kosovo,0,Drita Gjilan,1418,1421.0,1 - 0,KF Dukagjini,1180,1177.0,1,0,Kosovo,domestic league (tier 1)
2022/09/03,Superliga Kosovo,0,Drita Gjilan,1415,1422.0,4 - 0,KF Llapi,1263,1256.0,4,0,Kosovo,domestic league (tier 1)
2022/09/14,Superliga Kosovo,0,Drita Gjilan,1442,1451.0,4 - 1,KF Gjilani,1351,1342.0,4,1,Kosovo,domestic league (tier 1)
2022/10/01,Superliga Kosovo,0,Drita Gjilan,1458,1461.0,2 - 1,FK Drenica,1228,1225.0,2,1,Kosovo,domestic league (tier 1)
2022/10/08,Superliga Kosovo,0,Drita Gjilan,1461,1465.0,3 - 1,KF Trepça89,1217,1213.0,3,1,Kosovo,domestic league (tier 1)
2022/10/19,Superliga Kosovo,0,Drita Gjilan,1470,1454.0,1 - 2,FC Prishtina,1328,1344.0,1,2,Kosovo,domestic league (tier 1)
2022/10/22,Superliga Kosovo,0,Drita Gjilan,1454,1455.0,1 - 0,KF Ferizaj,1086,1085.0,1,0,Kosovo,domestic league (tier 1)
2022/11/06,Superliga Kosovo,0,Drita Gjilan,1432,1430.0,2 - 2,KF Ballkani,1453,1455.0,2,2,Kosovo,domestic league (tier 1)
2022/11/13,Superliga Kosovo,0,Drita Gjilan,1429,1433.0,3 - 1,KF Malisheva,1196,1192.0,3,1,Kosovo,domestic league (tier 1)
2023/02/18,Superliga Kosovo,0,Drita Gjilan,1430,1436.0,5 - 1,KF Dukagjini,1231,1225.0,5,1,Kosovo,domestic league (tier 1)
2023/03/04,Superliga Kosovo,0,Drita Gjilan,1429,1434.0,2 - 0,KF Llapi,1262,1257.0,2,0,Kosovo,domestic league (tier 1)
2023/03/12,Superliga Kosovo,0,Drita Gjilan,1437,1441.0,1 - 0,KF Gjilani,1316,1312.0,1,0,Kosovo,domestic league (tier 1)
2023/04/02,Superliga Kosovo,0,Drita Gjilan,1437,1441.0,3 - 0,FK Drenica,1163,1159.0,3,0,Kosovo,domestic league (tier 1)
2023/04/08,Superliga Kosovo,0,Drita Gjilan,1441,1433.0,1 - 1,KF Trepça89,1190,1198.0,1,1,Kosovo,domestic league (tier 1)
2023/04/22,Superliga Kosovo,0,Drita Gjilan,1431,1436.0,1 - 0,FC Prishtina,1322,1317.0,1,0,Kosovo,domestic league (tier 1)
2023/04/29,Superliga Kosovo,0,Drita Gjilan,1436,1439.0,3 - 0,KF Ferizaj,1150,1147.0,3,0,Kosovo,domestic league (tier 1)
2023/05/07,Superliga Kosovo,0,Drita Gjilan,1451,1438.0,1 - 2,KF Ballkani,1434,1447.0,1,2,Kosovo,domestic league (tier 1)
2023/05/20,Superliga Kosovo,0,Drita Gjilan,1437,1420.0,0 - 1,KF Malisheva,1214,1231.0,0,1,Kosovo,domestic league (tier 1)
2022/09/04,Superliga Kosovo,0,FC Prishtina,1354,1344.0,0 - 1,KF Ballkani,1438,1448.0,0,1,Kosovo,domestic league (tier 1)
2022/09/14,Superliga Kosovo,0,FC Prishtina,1347,1352.0,4 - 2,KF Malisheva,1177,1172.0,4,2,Kosovo,domestic league (tier 1)
2022/09/28,Superliga Kosovo,0,FC Prishtina,1341,1342.0,0 - 0,Drita Gjilan,1459,1458.0,0,0,Kosovo,domestic league (tier 1)
2022/10/08,Superliga Kosovo,0,FC Prishtina,1342,1325.0,0 - 1,KF Dukagjini,1159,1176.0,0,1,Kosovo,domestic league (tier 1)
2022/10/15,Superliga Kosovo,0,FC Prishtina,1325,1328.0,2 - 1,KF Ferizaj,1114,1111.0,2,1,Kosovo,domestic league (tier 1)
2022/10/22,Superliga Kosovo,0,FC Prishtina,1344,1352.0,2 - 0,KF Llapi,1262,1254.0,2,0,Kosovo,domestic league (tier 1)
2022/11/02,Superliga Kosovo,0,FC Prishtina,1357,1351.0,2 - 2,KF Trepça89,1193,1199.0,2,2,Kosovo,domestic league (tier 1)
2022/11/05,Superliga Kosovo,0,FC Prishtina,1351,1347.0,2 - 2,KF Gjilani,1307,1311.0,2,2,Kosovo,domestic league (tier 1)
2022/11/12,Superliga Kosovo,0,FC Prishtina,1335,1319.0,0 - 1,FK Drenica,1218,1234.0,0,1,Kosovo,domestic league (tier 1)
2023/02/22,Superliga Kosovo,0,FC Prishtina,1317,1308.0,1 - 2,Drita Gjilan,1436,1445.0,1,2,Kosovo,domestic league (tier 1)
2023/03/05,Superliga Kosovo,0,FC Prishtina,1326,1327.0,2 - 2,KF Ballkani,1457,1456.0,2,2,Kosovo,domestic league (tier 1)
2023/03/12,Superliga Kosovo,0,FC Prishtina,1330,1314.0,1 - 2,KF Malisheva,1185,1201.0,1,2,Kosovo,domestic league (tier 1)
2023/04/01,Superliga Kosovo,0,FC Prishtina,1323,1331.0,4 - 1,KF Trepça89,1198,1190.0,4,1,Kosovo,domestic league (tier 1)
2023/04/09,Superliga Kosovo,0,FC Prishtina,1331,1316.0,1 - 2,KF Dukagjini,1232,1247.0,1,2,Kosovo,domestic league (tier 1)
2023/04/15,Superliga Kosovo,0,FC Prishtina,1316,1322.0,2 - 0,KF Ferizaj,1168,1162.0,2,0,Kosovo,domestic league (tier 1)
2023/04/30,Superliga Kosovo,0,FC Prishtina,1317,1313.0,0 - 0,KF Llapi,1266,1270.0,0,0,Kosovo,domestic league (tier 1)
2023/05/07,Superliga Kosovo,0,FC Prishtina,1319,1316.0,0 - 0,KF Gjilani,1314,1317.0,0,0,Kosovo,domestic league (tier 1)
2023/05/20,Superliga Kosovo,0,FC Prishtina,1316,1321.0,4 - 1,FK Drenica,1097,1092.0,4,1,Kosovo,domestic league (tier 1)
2023/08/12,Superliga Kosovo,0,FC Prishtina,1310,1312.0,3 - 1,KF Feronikeli,986,984.0,3,1,Kosovo,domestic league (tier 1)
2023/08/26,Superliga Kosovo,0,FC Prishtina,1315,1324.0,3 - 1,KF Malisheva,1263,1254.0,3,1,Kosovo,domestic league (tier 1)
2023/09/17,Superliga Kosovo,0,FC Prishtina,1325,1318.0,1 - 1,KF Liria,1141,1148.0,1,1,Kosovo,domestic league (tier 1)
2023/09/28,Superliga Kosovo,0,FC Prishtina,1310,1306.0,2 - 2,KF Dukagjini,1259,1263.0,2,2,Kosovo,domestic league (tier 1)
2023/10/08,Superliga Kosovo,0,FC Prishtina,1303,1307.0,1 - 1,KF Ballkani,1564,1560.0,1,1,Kosovo,domestic league (tier 1)
2023/10/28,Superliga Kosovo,0,FC Prishtina,1302,1308.0,2 - 1,KF Gjilani,1269,1263.0,2,1,Kosovo,domestic league (tier 1)
2023/11/05,Superliga Kosovo,0,FC Prishtina,1298,1295.0,2 - 2,KF Llapi,1274,1277.0,2,2,Kosovo,domestic league (tier 1)
2023/11/27,Superliga Kosovo,0,FC Prishtina,1292,1303.0,1 - 0,KF Drita,1431,1420.0,1,0,Kosovo,domestic league (tier 1)
2023/12/09,Superliga Kosovo,0,FC Prishtina,1305,1308.0,1 - 0,KF Fushë Kosova,1106,1103.0,1,0,Kosovo,domestic league (tier 1)
2024/02/11,Superliga Kosovo,0,FC Prishtina,1330,1333.0,2 - 0,KF Feronikeli,1066,1063.0,2,0,Kosovo,domestic league (tier 1)
2024/02/21,Superliga Kosovo,0,FC Prishtina,1333,1311.0,0 - 2,KF Malisheva,1266,1288.0,0,2,Kosovo,domestic league (tier 1)
2024/03/03,Superliga Kosovo,0,FC Prishtina,1315,1318.0,3 - 1,KF Liria,1055,1052.0,3,1,Kosovo,domestic league (tier 1)
2024/03/14,Superliga Kosovo,0,FC Prishtina,1313,1325.0,5 - 0,KF Dukagjini,1265,1253.0,5,0,Kosovo,domestic league (tier 1)
2024/03/30,Superliga Kosovo,0,FC Prishtina,1322,1323.0,0 - 0,KF Ballkani,1461,1460.0,0,0,Kosovo,domestic league (tier 1)
2024/04/13,Superliga Kosovo,0,FC Prishtina,1319,1297.0,1 - 3,KF Gjilani,1250,1272.0,1,3,Kosovo,domestic league (tier 1)
2024/04/28,Superliga Kosovo,0,FC Prishtina,1310,1292.0,0 - 2,KF Llapi,1344,1362.0,0,2,Kosovo,domestic league (tier 1)
2024/05/09,Superliga Kosovo,0,FC Prishtina,1298,1289.0,1 - 2,KF Drita,1432,1441.0,1,2,Kosovo,domestic league (tier 1)
2024/05/18,Superliga Kosovo,0,FC Prishtina,1281,1287.0,5 - 0,KF Fushë Kosova,1064,1058.0,5,0,Kosovo,domestic league (tier 1)
2024/08/11,Superliga Kosovo,0,FC Prishtina,1284,1276.0,0 - 0,FC Suhareka,1021,1029.0,0,0,Kosovo,domestic league (tier 1)
2024/08/31,Superliga Kosovo,0,FC Prishtina,1291,1300.0,3 - 2,KF Llapi,1350,1341.0,3,2,Kosovo,domestic league (tier 1)
2024/09/20,Superliga Kosovo,0,FC Prishtina,1297,1307.0,3 - 0,KF Dukagjini,1227,1217.0,3,0,Kosovo,domestic league (tier 1)
2024/10/05,Superliga Kosovo,0,FC Prishtina,1299,1304.0,2 - 0,KF Feronikeli,1104,1099.0,2,0,Kosovo,domestic league (tier 1)
2024/11/03,Superliga Kosovo,0,FC Prishtina,1302,1306.0,1 - 0,KF Ferizaj,1180,1176.0,1,0,Kosovo,domestic league (tier 1)
2024/11/06,Superliga Kosovo,0,FC Prishtina,1306,1307.0,1 - 1,KF Drita,1441,1440.0,1,1,Kosovo,domestic league (tier 1)
2024/11/24,Superliga Kosovo,0,FC Prishtina,1310,1312.0,1 - 1,KF Ballkani,1478,1476.0,1,1,Kosovo,domestic league (tier 1)
2024/12/07,Superliga Kosovo,0,FC Prishtina,1322,1318.0,2 - 2,KF Gjilani,1273,1277.0,2,2,Kosovo,domestic league (tier 1)
2024/12/21,Superliga Kosovo,0,FC Prishtina,1305,1302.0,0 - 0,KF Malisheva,1312,1315.0,0,0,Kosovo,domestic league (tier 1)
2025/02/08,Superliga Kosovo,0,FC Prishtina,1302,1295.0,2 - 2,FC Suhareka,1120,1127.0,2,2,Kosovo,domestic league (tier 1)
2025/02/15,Superliga Kosovo,0,FC Prishtina,1295,1297.0,3 - 3,KF Drita,1464,1462.0,3,3,Kosovo,domestic league (tier 1)
2025/03/03,Superliga Kosovo,0,FC Prishtina,1287,1284.0,0 - 0,KF Llapi,1278,1281.0,0,0,Kosovo,domestic league (tier 1)
2025/03/12,Superliga Kosovo,0,FC Prishtina,1290,1276.0,0 - 1,KF Dukagjini,1226,1240.0,0,1,Kosovo,domestic league (tier 1)
2025/03/28,Superliga Kosovo,0,FC Prishtina,1279,1282.0,2 - 1,KF Feronikeli,1101,1098.0,2,1,Kosovo,domestic league (tier 1)
2025/04/20,Superliga Kosovo,0,FC Prishtina,1286,1282.0,0 - 0,KF Ferizaj,1234,1238.0,0,0,Kosovo,domestic league (tier 1)
2025/05/03,Superliga Kosovo,0,FC Prishtina,1286,1298.0,1 - 0,KF Ballkani,1439,1427.0,1,0,Kosovo,domestic league (tier 1)
2025/05/11,Superliga Kosovo,0,FC Prishtina,1299,1286.0,1 - 2,KF Gjilani,1284,1297.0,1,2,Kosovo,domestic league (tier 1)
2025/05/25,Superliga Kosovo,0,FC Prishtina,1292,1289.0,2 - 2,KF Malisheva,1283,1286.0,2,2,Kosovo,domestic league (tier 1)
2025/08/24,Superliga Kosovo,0,FC Prishtina,1317,1329.0,3 - 0,KF Llapi,1297,1285.0,3,0,Kosovo,domestic league (tier 1)
2025/09/14,Superliga Kosovo,0,FC Prishtina,1316,1317.0,2 - 2,KF Drita,1465,1464.0,2,2,Kosovo,domestic league (tier 1)
2025/09/25,Superliga Kosovo,0,FC Prishtina,1334,1338.0,2 - 0,KF Prishtina e Re,1122,1118.0,2,0,Kosovo,domestic league (tier 1)
2025/10/04,Superliga Kosovo,0,FC Prishtina,1357,1367.0,1 - 0,KF Ballkani,1449,1439.0,1,0,Kosovo,domestic league (tier 1)
2025/10/25,Superliga Kosovo,0,FC Prishtina,1373,1380.0,2 - 0,KF Dukagjini,1271,1264.0,2,0,Kosovo,domestic league (tier 1)
2025/11/01,Superliga Kosovo,0,FC Prishtina,1370,1364.0,0 - 0,KF Gjilani,1250,1256.0,0,0,Kosovo,domestic league (tier 1)
2025/11/22,Superliga Kosovo,0,FC Prishtina,1364,1341.0,0 - 2,KF Malisheva,1248,1271.0,0,2,Kosovo,domestic league (tier 1)
2025/12/07,Superliga Kosovo,0,FC Prishtina,1316,1310.0,1 - 1,KF Ferizaj,1201,1207.0,1,1,Kosovo,domestic league (tier 1)
2025/12/20,Superliga Kosovo,0,FC Prishtina,1303,1307.0,2 - 1,FK Drenica,1141,1137.0,2,1,Kosovo,domestic league (tier 1)
2026/02/15,Superliga Kosovo,0,FC Prishtina,1308,1319.0,4 - 1,KF Llapi,1271,1260.0,4,1,Kosovo,domestic league (tier 1)
2026/03/01,Superliga Kosovo,0,FC Prishtina,1311,1313.0,1 - 1,KF Drita,1470,1468.0,1,1,Kosovo,domestic league (tier 1)
2026/03/14,Superliga Kosovo,0,FC Prishtina,1300,1294.0,1 - 1,KF Prishtina e Re,1132,1138.0,1,1,Kosovo,domestic league (tier 1)
2026/03/21,Superliga Kosovo,0,FC Prishtina,1278,1289.0,1 - 0,KF Ballkani,1412,1401.0,1,0,Kosovo,domestic league (tier 1)
2026/04/13,Superliga Kosovo,0,FC Prishtina,1288,1284.0,1 - 1,KF Dukagjini,1257,1261.0,1,1,Kosovo,domestic league (tier 1)
2026/04/25,Superliga Kosovo,0,FC Prishtina,1286,1284.0,1 - 1,KF Gjilani,1303,1305.0,1,1,Kosovo,domestic league (tier 1)
2026/05/02,Superliga Kosovo,0,FC Prishtina,1281,1269.0,0 - 1,KF Malisheva,1316,1328.0,0,1,Kosovo,domestic league (tier 1)
2026/05/17,Superliga Kosovo,0,FC Prishtina,1258,1254.0,3 - 3,KF Ferizaj,1211,1215.0,3,3,Kosovo,domestic league (tier 1)
2026/05/31,Superliga Kosovo,0,FC Prishtina,1270,1256.0,1 - 2,FK Drenica,1208,1222.0,1,2,Kosovo,domestic league (tier 1)
2026/08/16,Superliga Kosovo,0,FC Prishtina,1256,1271.0,4 - 2,KF Ballkani,1360,1345.0,4,2,Kosovo,domestic league (tier 1)
2026/08/30,Superliga Kosovo,0,FC Prishtina,1271,1284.0,4 - 0,KF Llapi,1270,1257.0,4,0,Kosovo,domestic league (tier 1)
2026/09/04,Superliga Kosovo,0,FC Prishtina,1284,,Info,FC Vushtrria,985,,,,Kosovo,domestic league (tier 1)
2024/08/17,Superliga Kosovo,0,FC Suhareka,1029,1049.0,3 - 1,KF Dukagjini,1238,1218.0,3,1,Kosovo,domestic league (tier 1)
2024/09/01,Superliga Kosovo,0,FC Suhareka,1049,1063.0,3 - 2,KF Gjilani,1294,1280.0,3,2,Kosovo,domestic league (tier 1)
2024/09/21,Superliga Kosovo,0,FC Suhareka,1078,1090.0,2 - 0,KF Feronikeli,1113,1101.0,2,0,Kosovo,domestic league (tier 1)
2024/10/06,Superliga Kosovo,0,FC Suhareka,1086,1077.0,1 - 3,KF Malisheva,1324,1333.0,1,3,Kosovo,domestic league (tier 1)
2024/10/27,Superliga Kosovo,0,FC Suhareka,1076,1090.0,2 - 1,FC Prishtina,1324,1310.0,2,1,Kosovo,domestic league (tier 1)
2024/11/03,Superliga Kosovo,0,FC Suhareka,1096,1092.0,1 - 2,KF Drita,1437,1441.0,1,2,Kosovo,domestic league (tier 1)
2024/11/24,Superliga Kosovo,0,FC Suhareka,1097,1096.0,0 - 0,KF Ferizaj,1170,1171.0,0,0,Kosovo,domestic league (tier 1)
2024/12/10,Superliga Kosovo,0,FC Suhareka,1084,1109.0,4 - 0,KF Llapi,1311,1286.0,4,0,Kosovo,domestic league (tier 1)
2024/12/22,Superliga Kosovo,0,FC Suhareka,1126,1120.0,0 - 2,KF Ballkani,1461,1467.0,0,2,Kosovo,domestic league (tier 1)
2025/02/15,Superliga Kosovo,0,FC Suhareka,1127,1117.0,1 - 2,KF Dukagjini,1218,1228.0,1,2,Kosovo,domestic league (tier 1)
2025/03/01,Superliga Kosovo,0,FC Suhareka,1115,1107.0,1 - 2,KF Gjilani,1300,1308.0,1,2,Kosovo,domestic league (tier 1)
2025/03/13,Superliga Kosovo,0,FC Suhareka,1100,1107.0,2 - 1,KF Feronikeli,1104,1097.0,2,1,Kosovo,domestic league (tier 1)
2025/03/28,Superliga Kosovo,0,FC Suhareka,1102,1116.0,2 - 1,KF Malisheva,1330,1316.0,2,1,Kosovo,domestic league (tier 1)
2025/04/12,Superliga Kosovo,0,FC Suhareka,1113,1098.0,0 - 4,FC Prishtina,1276,1291.0,0,4,Kosovo,domestic league (tier 1)
2025/04/20,Superliga Kosovo,0,FC Suhareka,1104,1100.0,1 - 2,KF Drita,1466,1470.0,1,2,Kosovo,domestic league (tier 1)
2025/05/04,Superliga Kosovo,0,FC Suhareka,1094,1086.0,1 - 2,KF Ferizaj,1252,1260.0,1,2,Kosovo,domestic league (tier 1)
2025/05/11,Superliga Kosovo,0,FC Suhareka,1105,1124.0,4 - 2,KF Llapi,1300,1281.0,4,2,Kosovo,domestic league (tier 1)
2025/05/25,Superliga Kosovo,0,FC Suhareka,1141,1146.0,2 - 2,KF Ballkani,1417,1412.0,2,2,Kosovo,domestic league (tier 1)
2019/08/25,Superliga Kosovo,0,FC Vushtrria,988,993.0,1 - 1,KF Trepça89,1287,1282.0,1,1,Kosovo,domestic league (tier 1)
2019/09/19,Superliga Kosovo,0,FC Vushtrria,1006,1010.0,2 - 2,FK Drenica,1247,1243.0,2,2,Kosovo,domestic league (tier 1)
2019/09/29,Superliga Kosovo,0,FC Vushtrria,1004,999.0,0 - 3,KF Prishtina,1429,1434.0,0,3,Kosovo,domestic league (tier 1)
2019/10/07,Superliga Kosovo,0,FC Vushtrria,996,997.0,2 - 2,KF Flamurtari,1142,1141.0,2,2,Kosovo,domestic league (tier 1)
2019/10/22,Superliga Kosovo,0,FC Vushtrria,989,986.0,0 - 1,KF Feronikeli,1421,1424.0,0,1,Kosovo,domestic league (tier 1)
2019/10/26,Superliga Kosovo,0,FC Vushtrria,986,1003.0,1 - 0,KF Llapi,1365,1348.0,1,0,Kosovo,domestic league (tier 1)
2019/11/07,Superliga Kosovo,0,FC Vushtrria,1001,993.0,1 - 3,KF Gjilani,1284,1292.0,1,3,Kosovo,domestic league (tier 1)
2019/11/11,Superliga Kosovo,0,FC Vushtrria,993,1011.0,3 - 1,KF Ferizaj,1175,1157.0,3,1,Kosovo,domestic league (tier 1)
2019/12/02,Superliga Kosovo,0,FC Vushtrria,1007,1021.0,1 - 0,KF Ballkani,1264,1250.0,1,0,Kosovo,domestic league (tier 1)
2020/02/21,Superliga Kosovo,0,FC Vushtrria,1019,1015.0,2 - 3,Drita Gjilan,1354,1358.0,2,3,Kosovo,domestic league (tier 1)
2020/03/05,Superliga Kosovo,0,FC Vushtrria,1010,1006.0,3 - 3,KF Dukagjini,965,969.0,3,3,Kosovo,domestic league (tier 1)
2020/06/13,Superliga Kosovo,0,FC Vushtrria,1002,998.0,0 - 2,KF Prishtina,1436,1440.0,0,2,Kosovo,domestic league (tier 1)
2020/06/24,Superliga Kosovo,0,FC Vushtrria,995,989.0,0 - 4,Drita Gjilan,1383,1389.0,0,4,Kosovo,domestic league (tier 1)
2020/07/03,Superliga Kosovo,0,FC Vushtrria,986,989.0,2 - 2,KF Flamurtari,1208,1205.0,2,2,Kosovo,domestic league (tier 1)
2020/07/13,Superliga Kosovo,0,FC Vushtrria,997,984.0,1 - 3,KF Ferizaj,1144,1157.0,1,3,Kosovo,domestic league (tier 1)
2020/07/26,Superliga Kosovo,0,FC Vushtrria,975,997.0,5 - 3,KF Llapi,1255,1233.0,5,3,Kosovo,domestic league (tier 1)
2022/05/28,Superliga Kosovo rel.,0,FC Vushtrria,997,989.0,1 - 3,KF Malisheva,1165,1173.0,1,3,Kosovo,domestic relegation
2025/05/31,Superliga Kosovo rel.,0,FC Vushtrria,989,996.0,0 - 0,KF Llapi,1307,1300.0,0,0,Kosovo,domestic relegation
2026/08/15,Superliga Kosovo,0,FC Vushtrria,996,989.0,1 - 6,KF Malisheva,1362,1369.0,1,6,Kosovo,domestic league (tier 1)
2026/08/30,Superliga Kosovo,0,FC Vushtrria,988,985.0,0 - 1,KF Drita,1413,1416.0,0,1,Kosovo,domestic league (tier 1)
2016/08/20,Superliga Kosovo,0,FK Drenica,1250,1257.0,2 - 1,KF Liria,1250,1243.0,2,1,Kosovo,domestic league (tier 1)
2016/09/07,Superliga Kosovo,0,FK Drenica,1269,1266.0,1 - 1,Besa Pejë,1274,1277.0,1,1,Kosovo,domestic league (tier 1)
2016/09/17,Superliga Kosovo,0,FK Drenica,1255,1242.0,1 - 2,KF Feronikeli,1252,1265.0,1,2,Kosovo,domestic league (tier 1)
2016/09/28,Superliga Kosovo,0,FK Drenica,1254,1242.0,2 - 3,KF Trepça89,1290,1302.0,2,3,Kosovo,domestic league (tier 1)
2016/10/12,Superliga Kosovo,0,FK Drenica,1242,1245.0,0 - 0,KF Prishtina,1434,1431.0,0,0,Kosovo,domestic league (tier 1)
2016/10/22,Superliga Kosovo,0,FK Drenica,1247,1243.0,1 - 1,Drita Gjilan,1192,1196.0,1,1,Kosovo,domestic league (tier 1)
2016/11/05,Superliga Kosovo,0,FK Drenica,1240,1246.0,1 - 0,KF Hajvalia,1177,1171.0,1,0,Kosovo,domestic league (tier 1)
2016/11/19,Superliga Kosovo,0,FK Drenica,1240,1237.0,1 - 1,KF Gjilani,1245,1248.0,1,1,Kosovo,domestic league (tier 1)
2016/11/30,Superliga Kosovo,0,FK Drenica,1232,1229.0,1 - 1,KF Ferizaj,1208,1211.0,1,1,Kosovo,domestic league (tier 1)
2017/03/08,Superliga Kosovo,0,FK Drenica,1214,1220.0,1 - 0,KF Trepça,1176,1170.0,1,0,Kosovo,domestic league (tier 1)
2017/03/18,Superliga Kosovo,0,FK Drenica,1212,1227.0,2 - 0,KF Llapi,1303,1288.0,2,0,Kosovo,domestic league (tier 1)
2017/04/06,Superliga Kosovo,0,FK Drenica,1251,1252.0,0 - 0,KF Trepça89,1402,1401.0,0,0,Kosovo,domestic league (tier 1)
2017/04/23,Superliga Kosovo,0,FK Drenica,1256,1264.0,2 - 0,Drita Gjilan,1193,1185.0,2,0,Kosovo,domestic league (tier 1)
2017/05/06,Superliga Kosovo,0,FK Drenica,1254,1260.0,4 - 0,KF Hajvalia,1057,1051.0,4,0,Kosovo,domestic league (tier 1)
2017/05/14,Superliga Kosovo,0,FK Drenica,1248,1259.0,3 - 1,Besa Pejë,1253,1242.0,3,1,Kosovo,domestic league (tier 1)
2017/05/28,Superliga Kosovo,0,FK Drenica,1250,1239.0,1 - 3,KF Prishtina,1434,1445.0,1,3,Kosovo,domestic league (tier 1)
2017/08/26,Superliga Kosovo,0,FK Drenica,1235,1239.0,1 - 0,KF Vëllaznimi,1091,1087.0,1,0,Kosovo,domestic league (tier 1)
2017/09/13,Superliga Kosovo,0,FK Drenica,1235,1238.0,1 - 1,KF Prishtina,1430,1427.0,1,1,Kosovo,domestic league (tier 1)
2017/09/23,Superliga Kosovo,0,FK Drenica,1224,1231.0,4 - 1,KF Flamurtari,1074,1067.0,4,1,Kosovo,domestic league (tier 1)
2017/10/11,Superliga Kosovo,0,FK Drenica,1244,1247.0,1 - 0,KF Vllaznia,1054,1051.0,1,0,Kosovo,domestic league (tier 1)
2017/10/20,Superliga Kosovo,0,FK Drenica,1241,1241.0,0 - 0,KF Feronikeli,1328,1328.0,0,0,Kosovo,domestic league (tier 1)
2017/10/25,Superliga Kosovo,0,FK Drenica,1241,1231.0,1 - 2,KF Llapi,1350,1360.0,1,2,Kosovo,domestic league (tier 1)
2017/11/03,Superliga Kosovo,0,FK Drenica,1231,1242.0,1 - 0,KF Trepça89,1356,1345.0,1,0,Kosovo,domestic league (tier 1)
2017/11/22,Superliga Kosovo,0,FK Drenica,1267,1264.0,0 - 0,Drita Gjilan,1272,1275.0,0,0,Kosovo,domestic league (tier 1)
2017/12/02,Superliga Kosovo,0,FK Drenica,1271,1278.0,1 - 0,KF Liria,1266,1259.0,1,0,Kosovo,domestic league (tier 1)
2018/02/18,Superliga Kosovo,0,FK Drenica,1278,1272.0,2 - 2,Besa Pejë,1131,1137.0,2,2,Kosovo,domestic league (tier 1)
2018/03/04,Superliga Kosovo,0,FK Drenica,1268,1277.0,1 - 0,KF Gjilani,1316,1307.0,1,0,Kosovo,domestic league (tier 1)
2018/03/17,Superliga Kosovo,0,FK Drenica,1263,1275.0,1 - 0,KF Prishtina,1423,1411.0,1,0,Kosovo,domestic league (tier 1)
2018/04/14,Superliga Kosovo,0,FK Drenica,1260,1264.0,2 - 0,KF Flamurtari,1043,1039.0,2,0,Kosovo,domestic league (tier 1)
2018/04/28,Superliga Kosovo,0,FK Drenica,1273,1278.0,6 - 2,KF Vllaznia,1035,1030.0,6,2,Kosovo,domestic league (tier 1)
2018/05/05,Superliga Kosovo,0,FK Drenica,1272,1271.0,0 - 0,KF Feronikeli,1332,1333.0,0,0,Kosovo,domestic league (tier 1)
2018/05/19,Superliga Kosovo,0,FK Drenica,1274,1271.0,1 - 1,KF Liria,1248,1251.0,1,1,Kosovo,domestic league (tier 1)
2018/08/25,Superliga Kosovo,0,FK Drenica,1285,1284.0,0 - 0,KF Feronikeli,1336,1337.0,0,0,Kosovo,domestic league (tier 1)
2018/09/11,Superliga Kosovo,0,FK Drenica,1280,1278.0,0 - 0,KF Gjilani,1297,1299.0,0,0,Kosovo,domestic league (tier 1)
2018/09/28,Superliga Kosovo,0,FK Drenica,1289,1291.0,2 - 1,KF Ballkani,1032,1030.0,2,1,Kosovo,domestic league (tier 1)
2018/10/06,Superliga Kosovo,0,FK Drenica,1275,1264.0,1 - 2,Drita Gjilan,1356,1367.0,1,2,Kosovo,domestic league (tier 1)
2018/10/20,Superliga Kosovo,0,FK Drenica,1281,1286.0,1 - 0,KF Liria,1200,1195.0,1,0,Kosovo,domestic league (tier 1)
2018/10/27,Superliga Kosovo,0,FK Drenica,1286,1269.0,0 - 2,KF Llapi,1329,1346.0,0,2,Kosovo,domestic league (tier 1)
2018/11/03,Superliga Kosovo,0,FK Drenica,1265,1257.0,0 - 1,KF Prishtina,1444,1452.0,0,1,Kosovo,domestic league (tier 1)
2018/11/23,Superliga Kosovo,0,FK Drenica,1250,1266.0,3 - 0,KF Trepça89,1326,1310.0,3,0,Kosovo,domestic league (tier 1)
2018/12/01,Superliga Kosovo,0,FK Drenica,1266,1269.0,5 - 1,KEK-u Kastriot,919,916.0,5,1,Kosovo,domestic league (tier 1)
2019/02/23,Superliga Kosovo,0,FK Drenica,1250,1258.0,3 - 1,KF Ferizaj,1173,1165.0,3,1,Kosovo,domestic league (tier 1)
2019/03/06,Superliga Kosovo,0,FK Drenica,1251,1246.0,1 - 1,KF Flamurtari,1141,1146.0,1,1,Kosovo,domestic league (tier 1)
2019/03/16,Superliga Kosovo,0,FK Drenica,1248,1243.0,0 - 0,KF Ferizaj,1172,1177.0,0,0,Kosovo,domestic league (tier 1)
2019/04/03,Superliga Kosovo,0,FK Drenica,1250,1247.0,0 - 0,KF Gjilani,1234,1237.0,0,0,Kosovo,domestic league (tier 1)
2019/04/06,Superliga Kosovo,0,FK Drenica,1247,1260.0,2 - 0,KF Trepça89,1291,1278.0,2,0,Kosovo,domestic league (tier 1)
2019/04/20,Superliga Kosovo,0,FK Drenica,1266,1252.0,0 - 2,KF Llapi,1395,1409.0,0,2,Kosovo,domestic league (tier 1)
2019/05/04,Superliga Kosovo,0,FK Drenica,1249,1241.0,0 - 1,KF Feronikeli,1436,1444.0,0,1,Kosovo,domestic league (tier 1)
2019/05/15,Superliga Kosovo,0,FK Drenica,1241,1235.0,1 - 1,KF Ballkani,1115,1121.0,1,1,Kosovo,domestic league (tier 1)
2019/08/23,Superliga Kosovo,0,FK Drenica,1245,1265.0,3 - 0,KF Llapi,1387,1367.0,3,0,Kosovo,domestic league (tier 1)
2019/09/14,Superliga Kosovo,0,FK Drenica,1268,1247.0,0 - 2,KF Gjilani,1228,1249.0,0,2,Kosovo,domestic league (tier 1)
2019/09/29,Superliga Kosovo,0,FK Drenica,1255,1240.0,0 - 1,KF Ballkani,1181,1196.0,0,1,Kosovo,domestic league (tier 1)
2019/10/08,Superliga Kosovo,0,FK Drenica,1240,1240.0,1 - 1,Drita Gjilan,1347,1347.0,1,1,Kosovo,domestic league (tier 1)
2019/10/23,Superliga Kosovo,0,FK Drenica,1247,1251.0,3 - 0,KF Dukagjini,985,981.0,3,0,Kosovo,domestic league (tier 1)
2019/10/26,Superliga Kosovo,0,FK Drenica,1251,1263.0,1 - 0,KF Feronikeli,1424,1412.0,1,0,Kosovo,domestic league (tier 1)
2019/11/06,Superliga Kosovo,0,FK Drenica,1258,1266.0,3 - 2,KF Trepça89,1277,1269.0,3,2,Kosovo,domestic league (tier 1)
2019/11/23,Superliga Kosovo,0,FK Drenica,1269,1273.0,3 - 0,FC Vushtrria,1011,1007.0,3,0,Kosovo,domestic league (tier 1)
2019/12/02,Superliga Kosovo,0,FK Drenica,1273,1250.0,0 - 2,KF Ferizaj,1162,1185.0,0,2,Kosovo,domestic league (tier 1)
2020/02/22,Superliga Kosovo,0,FK Drenica,1237,1226.0,1 - 3,KF Prishtina,1434,1445.0,1,3,Kosovo,domestic league (tier 1)
2020/03/05,Superliga Kosovo,0,FK Drenica,1219,1228.0,3 - 1,KF Flamurtari,1185,1176.0,3,1,Kosovo,domestic league (tier 1)
2020/06/20,Superliga Kosovo,0,FK Drenica,1263,1248.0,1 - 2,KF Flamurtari,1183,1198.0,1,2,Kosovo,domestic league (tier 1)
2020/06/28,Superliga Kosovo,0,FK Drenica,1254,1233.0,2 - 4,KF Trepça89,1211,1232.0,2,4,Kosovo,domestic league (tier 1)
2020/07/08,Superliga Kosovo,0,FK Drenica,1230,1239.0,3 - 0,KF Ferizaj,1153,1144.0,3,0,Kosovo,domestic league (tier 1)
2020/07/18,Superliga Kosovo,0,FK Drenica,1232,1234.0,2 - 1,FC Vushtrria,984,982.0,2,1,Kosovo,domestic league (tier 1)
2020/07/26,Superliga Kosovo,0,FK Drenica,1230,1232.0,1 - 0,KF Dukagjini,991,989.0,1,0,Kosovo,domestic league (tier 1)
2020/09/22,Superliga Kosovo,0,FK Drenica,1227,1231.0,2 - 1,Besa Pejë,1077,1073.0,2,1,Kosovo,domestic league (tier 1)
2020/10/01,Superliga Kosovo,0,FK Drenica,1236,1237.0,0 - 0,KF Gjilani,1366,1365.0,0,0,Kosovo,domestic league (tier 1)
2020/10/20,Superliga Kosovo,0,FK Drenica,1241,1224.0,0 - 1,KF Arbëria,1007,1024.0,0,1,Kosovo,domestic league (tier 1)
2020/10/28,Superliga Kosovo,0,FK Drenica,1218,1226.0,2 - 1,KF Trepça89,1256,1248.0,2,1,Kosovo,domestic league (tier 1)
2020/11/01,Superliga Kosovo,0,FK Drenica,1226,1238.0,1 - 0,KF Prishtina,1391,1379.0,1,0,Kosovo,domestic league (tier 1)
2020/11/10,Superliga Kosovo,0,FK Drenica,1236,1245.0,1 - 0,KF Feronikeli,1305,1296.0,1,0,Kosovo,domestic league (tier 1)
2020/11/26,Superliga Kosovo,0,FK Drenica,1241,1233.0,1 - 2,KF Ballkani,1400,1408.0,1,2,Kosovo,domestic league (tier 1)
2020/11/30,Superliga Kosovo,0,FK Drenica,1233,1219.0,0 - 1,KF Llapi,1188,1202.0,0,1,Kosovo,domestic league (tier 1)
2020/12/09,Superliga Kosovo,0,FK Drenica,1207,1196.0,0 - 3,Drita Gjilan,1449,1460.0,0,3,Kosovo,domestic league (tier 1)
2021/02/20,Superliga Kosovo,0,FK Drenica,1196,1189.0,0 - 0,Besa Pejë,1012,1019.0,0,0,Kosovo,domestic league (tier 1)
2021/03/01,Superliga Kosovo,0,FK Drenica,1212,1213.0,0 - 0,KF Gjilani,1339,1338.0,0,0,Kosovo,domestic league (tier 1)
2021/03/14,Superliga Kosovo,0,FK Drenica,1213,1207.0,1 - 1,KF Arbëria,1055,1061.0,1,1,Kosovo,domestic league (tier 1)
2021/04/03,Superliga Kosovo,0,FK Drenica,1214,1225.0,2 - 0,KF Trepça89,1226,1215.0,2,0,Kosovo,domestic league (tier 1)
2021/04/11,Superliga Kosovo,0,FK Drenica,1225,1219.0,0 - 1,KF Prishtina,1460,1466.0,0,1,Kosovo,domestic league (tier 1)
2021/04/24,Superliga Kosovo,0,FK Drenica,1225,1224.0,1 - 1,KF Feronikeli,1279,1280.0,1,1,Kosovo,domestic league (tier 1)
2021/05/02,Superliga Kosovo,0,FK Drenica,1229,1241.0,2 - 1,KF Ballkani,1414,1402.0,2,1,Kosovo,domestic league (tier 1)
2021/05/06,Superliga Kosovo,0,FK Drenica,1241,1252.0,4 - 2,KF Llapi,1240,1229.0,4,2,Kosovo,domestic league (tier 1)
2021/05/16,Superliga Kosovo,0,FK Drenica,1250,1236.0,0 - 3,Drita Gjilan,1429,1443.0,0,3,Kosovo,domestic league (tier 1)
2021/08/21,Superliga Kosovo,0,FK Drenica,1228,1227.0,1 - 1,KF Gjilani,1283,1284.0,1,1,Kosovo,domestic league (tier 1)
2021/09/11,Superliga Kosovo,0,FK Drenica,1234,1247.0,2 - 1,KF Prishtina,1434,1421.0,2,1,Kosovo,domestic league (tier 1)
2021/09/19,Superliga Kosovo,0,FK Drenica,1253,1242.0,0 - 2,Drita Gjilan,1453,1464.0,0,2,Kosovo,domestic league (tier 1)
2021/09/29,Superliga Kosovo,0,FK Drenica,1243,1246.0,1 - 0,KF Malisheva,1070,1067.0,1,0,Kosovo,domestic league (tier 1)
2021/10/15,Superliga Kosovo,0,FK Drenica,1243,1257.0,4 - 0,KF Feronikeli,1255,1241.0,4,0,Kosovo,domestic league (tier 1)
2021/10/24,Superliga Kosovo,0,FK Drenica,1251,1255.0,2 - 0,KF Dukagjini,1036,1032.0,2,0,Kosovo,domestic league (tier 1)
2021/11/06,Superliga Kosovo,0,FK Drenica,1251,1234.0,0 - 1,KF Ulpiana,1024,1041.0,0,1,Kosovo,domestic league (tier 1)
2021/11/25,Superliga Kosovo,0,FK Drenica,1231,1213.0,3 - 5,KF Llapi,1260,1278.0,3,5,Kosovo,domestic league (tier 1)
2021/12/04,Superliga Kosovo,0,FK Drenica,1195,1188.0,0 - 1,KF Ballkani,1405,1412.0,0,1,Kosovo,domestic league (tier 1)
2022/02/12,Superliga Kosovo,0,FK Drenica,1206,1207.0,1 - 1,KF Gjilani,1345,1344.0,1,1,Kosovo,domestic league (tier 1)
2022/02/24,Superliga Kosovo,0,FK Drenica,1216,1217.0,0 - 0,KF Prishtina,1349,1348.0,0,0,Kosovo,domestic league (tier 1)
2022/03/06,Superliga Kosovo,0,FK Drenica,1198,1211.0,2 - 1,Drita Gjilan,1422,1409.0,2,1,Kosovo,domestic league (tier 1)
2022/03/13,Superliga Kosovo,0,FK Drenica,1216,1201.0,2 - 3,KF Malisheva,1109,1124.0,2,3,Kosovo,domestic league (tier 1)
2022/04/03,Superliga Kosovo,0,FK Drenica,1197,1206.0,6 - 0,KF Feronikeli,1067,1058.0,6,0,Kosovo,domestic league (tier 1)
2022/04/16,Superliga Kosovo,0,FK Drenica,1198,1183.0,0 - 1,KF Dukagjini,1104,1119.0,0,1,Kosovo,domestic league (tier 1)
2022/04/27,Superliga Kosovo,0,FK Drenica,1189,1194.0,3 - 1,KF Ulpiana,1029,1024.0,3,1,Kosovo,domestic league (tier 1)
2022/05/05,Superliga Kosovo,0,FK Drenica,1201,1211.0,1 - 0,KF Llapi,1317,1307.0,1,0,Kosovo,domestic league (tier 1)
2022/05/15,Superliga Kosovo,0,FK Drenica,1212,1232.0,3 - 1,KF Ballkani,1420,1400.0,3,1,Kosovo,domestic league (tier 1)
2022/08/14,Superliga Kosovo,0,FK Drenica,1238,1226.0,0 - 1,KF Llapi,1267,1279.0,0,1,Kosovo,domestic league (tier 1)
2022/08/24,Superliga Kosovo,0,FK Drenica,1223,1223.0,0 - 0,KF Gjilani,1340,1340.0,0,0,Kosovo,domestic league (tier 1)
2022/09/04,Superliga Kosovo,0,FK Drenica,1235,1229.0,0 - 0,KF Ferizaj,1108,1114.0,0,0,Kosovo,domestic league (tier 1)
2022/09/10,Superliga Kosovo,0,FK Drenica,1229,1205.0,2 - 5,KF Trepça89,1188,1212.0,2,5,Kosovo,domestic league (tier 1)
2022/09/18,Superliga Kosovo,0,FK Drenica,1217,1228.0,2 - 1,FC Prishtina,1352,1341.0,2,1,Kosovo,domestic league (tier 1)
2022/10/16,Superliga Kosovo,0,FK Drenica,1219,1223.0,1 - 1,KF Ballkani,1466,1462.0,1,1,Kosovo,domestic league (tier 1)
2022/10/23,Superliga Kosovo,0,FK Drenica,1246,1242.0,0 - 0,KF Malisheva,1179,1183.0,0,0,Kosovo,domestic league (tier 1)
2022/11/09,Superliga Kosovo,0,FK Drenica,1232,1218.0,0 - 1,KF Dukagjini,1200,1214.0,0,1,Kosovo,domestic league (tier 1)
2022/11/26,Superliga Kosovo,0,FK Drenica,1234,1223.0,1 - 3,Drita Gjilan,1433,1444.0,1,3,Kosovo,domestic league (tier 1)
2023/02/11,Superliga Kosovo,0,FK Drenica,1223,1211.0,0 - 1,KF Llapi,1250,1262.0,0,1,Kosovo,domestic league (tier 1)
2023/02/22,Superliga Kosovo,0,FK Drenica,1209,1199.0,1 - 2,KF Gjilani,1294,1304.0,1,2,Kosovo,domestic league (tier 1)
2023/03/04,Superliga Kosovo,0,FK Drenica,1188,1194.0,1 - 0,KF Ferizaj,1135,1129.0,1,0,Kosovo,domestic league (tier 1)
2023/03/08,Superliga Kosovo,0,FK Drenica,1194,1181.0,1 - 2,KF Trepça89,1191,1204.0,1,2,Kosovo,domestic league (tier 1)
2023/03/18,Superliga Kosovo,0,FK Drenica,1172,1163.0,0 - 1,FC Prishtina,1314,1323.0,0,1,Kosovo,domestic league (tier 1)
2023/04/16,Superliga Kosovo,0,FK Drenica,1150,1145.0,0 - 1,KF Ballkani,1433,1438.0,0,1,Kosovo,domestic league (tier 1)
2023/04/29,Superliga Kosovo,0,FK Drenica,1141,1130.0,1 - 2,KF Malisheva,1203,1214.0,1,2,Kosovo,domestic league (tier 1)
2023/05/14,Superliga Kosovo,0,FK Drenica,1112,1097.0,1 - 4,KF Dukagjini,1253,1268.0,1,4,Kosovo,domestic league (tier 1)
2023/05/28,Superliga Kosovo,0,FK Drenica,1092,1086.0,1 - 3,Drita Gjilan,1420,1426.0,1,3,Kosovo,domestic league (tier 1)
2025/08/17,Superliga Kosovo,0,FK Drenica,1086,1089.0,0 - 0,KF Llapi,1300,1297.0,0,0,Kosovo,domestic league (tier 1)
2025/08/31,Superliga Kosovo,0,FK Drenica,1089,1097.0,1 - 0,KF Prishtina e Re,1120,1112.0,1,0,Kosovo,domestic league (tier 1)
2025/09/21,Superliga Kosovo,0,FK Drenica,1113,1115.0,1 - 1,KF Dukagjini,1280,1278.0,1,1,Kosovo,domestic league (tier 1)
2025/09/28,Superliga Kosovo,0,FK Drenica,1132,1123.0,3 - 4,KF Malisheva,1256,1265.0,3,4,Kosovo,domestic league (tier 1)
2025/10/19,Superliga Kosovo,0,FK Drenica,1115,1109.0,3 - 4,FC Prishtina,1367,1373.0,3,4,Kosovo,domestic league (tier 1)
2025/10/29,Superliga Kosovo,0,FK Drenica,1106,1131.0,3 - 1,KF Drita,1468,1443.0,3,1,Kosovo,domestic league (tier 1)
2025/11/08,Superliga Kosovo,0,FK Drenica,1133,1156.0,2 - 0,KF Ballkani,1446,1423.0,2,0,Kosovo,domestic league (tier 1)
2025/11/29,Superliga Kosovo,0,FK Drenica,1148,1138.0,0 - 1,KF Gjilani,1265,1275.0,0,1,Kosovo,domestic league (tier 1)
2025/12/13,Superliga Kosovo,0,FK Drenica,1132,1141.0,2 - 1,KF Ferizaj,1207,1198.0,2,1,Kosovo,domestic league (tier 1)
2026/02/07,Superliga Kosovo,0,FK Drenica,1137,1138.0,1 - 1,KF Llapi,1272,1271.0,1,1,Kosovo,domestic league (tier 1)
2026/02/23,Superliga Kosovo,0,FK Drenica,1136,1116.0,0 - 2,KF Prishtina e Re,1115,1135.0,0,2,Kosovo,domestic league (tier 1)
2026/03/08,Superliga Kosovo,0,FK Drenica,1114,1116.0,2 - 2,KF Dukagjini,1285,1283.0,2,2,Kosovo,domestic league (tier 1)
2026/03/17,Superliga Kosovo,0,FK Drenica,1133,1151.0,4 - 2,KF Malisheva,1302,1284.0,4,2,Kosovo,domestic league (tier 1)
2026/04/05,Superliga Kosovo,0,FK Drenica,1146,1147.0,2 - 2,FC Prishtina,1289,1288.0,2,2,Kosovo,domestic league (tier 1)
2026/04/19,Superliga Kosovo,0,FK Drenica,1163,1178.0,1 - 0,KF Drita,1473,1458.0,1,0,Kosovo,domestic league (tier 1)
2026/04/30,Superliga Kosovo,0,FK Drenica,1190,1183.0,1 - 2,KF Ballkani,1390,1397.0,1,2,Kosovo,domestic league (tier 1)
2026/05/09,Superliga Kosovo,0,FK Drenica,1198,1208.0,2 - 1,KF Gjilani,1289,1279.0,2,1,Kosovo,domestic league (tier 1)
2026/05/24,Superliga Kosovo,0,FK Drenica,1200,1208.0,3 - 2,KF Ferizaj,1215,1207.0,3,2,Kosovo,domestic league (tier 1)
2026/08/15,Superliga Kosovo,0,FK Drenica,1222,1221.0,0 - 0,KF Dukagjini,1299,1300.0,0,0,Kosovo,domestic league (tier 1)
2026/08/28,Superliga Kosovo,0,FK Drenica,1227,1213.0,0 - 2,KF Ballkani,1346,1360.0,0,2,Kosovo,domestic league (tier 1)
2018/08/25,Superliga Kosovo,0,KEK-u Kastriot,982,977.0,2 - 3,KF Gjilani,1283,1288.0,2,3,Kosovo,domestic league (tier 1)
2018/09/12,Superliga Kosovo,0,KEK-u Kastriot,973,966.0,1 - 5,KF Trepça89,1334,1341.0,1,5,Kosovo,domestic league (tier 1)
2018/09/22,Superliga Kosovo,0,KEK-u Kastriot,962,955.0,2 - 4,FK Drenica,1282,1289.0,2,4,Kosovo,domestic league (tier 1)
2018/10/03,Superliga Kosovo,0,KEK-u Kastriot,953,952.0,2 - 2,KF Ballkani,1030,1031.0,2,2,Kosovo,domestic league (tier 1)
2018/10/26,Superliga Kosovo,0,KEK-u Kastriot,950,947.0,1 - 2,Drita Gjilan,1381,1384.0,1,2,Kosovo,domestic league (tier 1)
2018/11/03,Superliga Kosovo,0,KEK-u Kastriot,945,937.0,3 - 4,KF Flamurtari,1133,1141.0,3,4,Kosovo,domestic league (tier 1)
2018/11/07,Superliga Kosovo,0,KEK-u Kastriot,937,930.0,1 - 2,KF Ferizaj,1153,1160.0,1,2,Kosovo,domestic league (tier 1)
2018/11/24,Superliga Kosovo,0,KEK-u Kastriot,928,919.0,0 - 3,KF Liria,1203,1212.0,0,3,Kosovo,domestic league (tier 1)
2019/02/15,Superliga Kosovo,0,KEK-u Kastriot,916,912.0,0 - 3,KF Llapi,1355,1359.0,0,3,Kosovo,domestic league (tier 1)
2019/03/02,Superliga Kosovo,0,KEK-u Kastriot,906,904.0,0 - 1,KF Feronikeli,1421,1423.0,0,1,Kosovo,domestic league (tier 1)
2019/03/10,Superliga Kosovo,0,KEK-u Kastriot,900,898.0,1 - 2,KF Prishtina,1435,1437.0,1,2,Kosovo,domestic league (tier 1)
2019/03/30,Superliga Kosovo,0,KEK-u Kastriot,896,889.0,1 - 5,FK Drenica,1243,1250.0,1,5,Kosovo,domestic league (tier 1)
2019/04/06,Superliga Kosovo,0,KEK-u Kastriot,888,886.0,0 - 1,KF Llapi,1389,1391.0,0,1,Kosovo,domestic league (tier 1)
2019/04/21,Superliga Kosovo,0,KEK-u Kastriot,886,883.0,0 - 4,KF Feronikeli,1429,1432.0,0,4,Kosovo,domestic league (tier 1)
2019/05/05,Superliga Kosovo,0,KEK-u Kastriot,881,869.0,0 - 3,KF Ballkani,1093,1105.0,0,3,Kosovo,domestic league (tier 1)
2019/05/16,Superliga Kosovo,0,KEK-u Kastriot,866,860.0,2 - 5,KF Ferizaj,1225,1231.0,2,5,Kosovo,domestic league (tier 1)
2020/09/22,Superliga Kosovo,0,KF Arbëria,974,982.0,1 - 1,KF Prishtina,1434,1426.0,1,1,Kosovo,domestic league (tier 1)
2020/09/29,Superliga Kosovo,0,KF Arbëria,1008,1014.0,0 - 0,KF Feronikeli,1324,1318.0,0,0,Kosovo,domestic league (tier 1)
2020/10/16,Superliga Kosovo,0,KF Arbëria,1012,1007.0,2 - 4,KF Ballkani,1378,1383.0,2,4,Kosovo,domestic league (tier 1)
2020/10/27,Superliga Kosovo,0,KF Arbëria,1019,1016.0,0 - 1,Drita Gjilan,1416,1419.0,0,1,Kosovo,domestic league (tier 1)
2020/10/31,Superliga Kosovo,0,KF Arbëria,1016,1010.0,1 - 2,KF Trepça89,1248,1254.0,1,2,Kosovo,domestic league (tier 1)
2020/11/11,Superliga Kosovo,0,KF Arbëria,1009,1018.0,1 - 0,Besa Pejë,1057,1048.0,1,0,Kosovo,domestic league (tier 1)
2020/11/24,Superliga Kosovo,0,KF Arbëria,1016,1033.0,1 - 0,KF Gjilani,1392,1375.0,1,0,Kosovo,domestic league (tier 1)
2020/12/05,Superliga Kosovo,0,KF Arbëria,1032,1044.0,1 - 0,FK Drenica,1219,1207.0,1,0,Kosovo,domestic league (tier 1)
2020/12/10,Superliga Kosovo,0,KF Arbëria,1044,1036.0,1 - 2,KF Llapi,1205,1213.0,1,2,Kosovo,domestic league (tier 1)
2021/02/19,Superliga Kosovo,0,KF Arbëria,1052,1046.0,0 - 4,KF Prishtina,1446,1452.0,0,4,Kosovo,domestic league (tier 1)
2021/03/01,Superliga Kosovo,0,KF Arbëria,1067,1055.0,0 - 3,KF Feronikeli,1280,1292.0,0,3,Kosovo,domestic league (tier 1)
2021/03/11,Superliga Kosovo,0,KF Arbëria,1063,1055.0,2 - 6,KF Ballkani,1380,1388.0,2,6,Kosovo,domestic league (tier 1)
2021/04/03,Superliga Kosovo,0,KF Arbëria,1058,1053.0,1 - 3,Drita Gjilan,1425,1430.0,1,3,Kosovo,domestic league (tier 1)
2021/04/09,Superliga Kosovo,0,KF Arbëria,1053,1045.0,0 - 1,KF Trepça89,1215,1223.0,0,1,Kosovo,domestic league (tier 1)
2021/04/24,Superliga Kosovo,0,KF Arbëria,1044,1050.0,2 - 1,Besa Pejë,984,978.0,2,1,Kosovo,domestic league (tier 1)
2021/05/01,Superliga Kosovo,0,KF Arbëria,1067,1061.0,3 - 4,KF Gjilani,1310,1316.0,3,4,Kosovo,domestic league (tier 1)
2021/05/09,Superliga Kosovo,0,KF Arbëria,1080,1082.0,1 - 1,FK Drenica,1252,1250.0,1,1,Kosovo,domestic league (tier 1)
2021/05/16,Superliga Kosovo,0,KF Arbëria,1082,1093.0,3 - 2,KF Llapi,1231,1220.0,3,2,Kosovo,domestic league (tier 1)
2018/08/25,Superliga Kosovo,0,KF Ballkani,1002,993.0,0 - 3,KF Llapi,1296,1305.0,0,3,Kosovo,domestic league (tier 1)
2018/09/11,Superliga Kosovo,0,KF Ballkani,992,1000.0,1 - 1,KF Prishtina,1438,1430.0,1,1,Kosovo,domestic league (tier 1)
2018/09/21,Superliga Kosovo,0,KF Ballkani,1027,1032.0,0 - 0,KF Trepça89,1337,1332.0,0,0,Kosovo,domestic league (tier 1)
2018/10/20,Superliga Kosovo,0,KF Ballkani,1024,1034.0,1 - 0,KF Flamurtari,1135,1125.0,1,0,Kosovo,domestic league (tier 1)
2018/10/26,Superliga Kosovo,0,KF Ballkani,1034,1046.0,1 - 0,KF Liria,1195,1183.0,1,0,Kosovo,domestic league (tier 1)
2018/11/03,Superliga Kosovo,0,KF Ballkani,1064,1060.0,0 - 1,KF Feronikeli,1399,1403.0,0,1,Kosovo,domestic league (tier 1)
2018/11/24,Superliga Kosovo,0,KF Ballkani,1058,1081.0,4 - 1,KF Gjilani,1278,1255.0,4,1,Kosovo,domestic league (tier 1)
2019/02/16,Superliga Kosovo,0,KF Ballkani,1078,1097.0,2 - 0,FK Drenica,1269,1250.0,2,0,Kosovo,domestic league (tier 1)
2019/02/23,Superliga Kosovo,0,KF Ballkani,1097,1103.0,3 - 0,KEK-u Kastriot,912,906.0,3,0,Kosovo,domestic league (tier 1)
2019/03/05,Superliga Kosovo,0,KF Ballkani,1097,1091.0,1 - 2,Drita Gjilan,1361,1367.0,1,2,Kosovo,domestic league (tier 1)
2019/03/31,Superliga Kosovo,0,KF Ballkani,1103,1097.0,0 - 2,KF Prishtina,1440,1446.0,0,2,Kosovo,domestic league (tier 1)
2019/04/07,Superliga Kosovo,0,KF Ballkani,1096,1109.0,2 - 0,KF Flamurtari,1140,1127.0,2,0,Kosovo,domestic league (tier 1)
2019/04/27,Superliga Kosovo,0,KF Ballkani,1109,1093.0,2 - 4,KF Ferizaj,1185,1201.0,2,4,Kosovo,domestic league (tier 1)
2019/05/10,Superliga Kosovo,0,KF Ballkani,1105,1115.0,1 - 0,KF Gjilani,1208,1198.0,1,0,Kosovo,domestic league (tier 1)
2019/05/19,Superliga Kosovo,0,KF Ballkani,1121,1141.0,2 - 0,Drita Gjilan,1339,1319.0,2,0,Kosovo,domestic league (tier 1)
2019/08/24,Superliga Kosovo,0,KF Ballkani,1140,1164.0,3 - 1,KF Feronikeli,1471,1447.0,3,1,Kosovo,domestic league (tier 1)
2019/09/13,Superliga Kosovo,0,KF Ballkani,1171,1181.0,3 - 2,KF Trepça89,1279,1269.0,3,2,Kosovo,domestic league (tier 1)
2019/09/23,Superliga Kosovo,0,KF Ballkani,1175,1181.0,5 - 2,FC Vushtrria,1010,1004.0,5,2,Kosovo,domestic league (tier 1)
2019/10/07,Superliga Kosovo,0,KF Ballkani,1209,1222.0,1 - 0,KF Prishtina,1434,1421.0,1,0,Kosovo,domestic league (tier 1)
2019/10/24,Superliga Kosovo,0,KF Ballkani,1216,1224.0,3 - 1,KF Flamurtari,1141,1133.0,3,1,Kosovo,domestic league (tier 1)
2019/10/27,Superliga Kosovo,0,KF Ballkani,1224,1228.0,3 - 0,KF Dukagjini,981,977.0,3,0,Kosovo,domestic league (tier 1)
2019/11/06,Superliga Kosovo,0,KF Ballkani,1253,1253.0,1 - 1,KF Llapi,1353,1353.0,1,1,Kosovo,domestic league (tier 1)
2019/11/22,Superliga Kosovo,0,KF Ballkani,1256,1264.0,2 - 1,KF Gjilani,1289,1281.0,2,1,Kosovo,domestic league (tier 1)
2020/02/15,Superliga Kosovo,0,KF Ballkani,1250,1263.0,3 - 0,FK Drenica,1250,1237.0,3,0,Kosovo,domestic league (tier 1)
2020/02/23,Superliga Kosovo,0,KF Ballkani,1263,1272.0,3 - 0,KF Ferizaj,1188,1179.0,3,0,Kosovo,domestic league (tier 1)
2020/03/04,Superliga Kosovo,0,KF Ballkani,1279,1293.0,2 - 0,Drita Gjilan,1365,1351.0,2,0,Kosovo,domestic league (tier 1)
2020/06/07,Superliga Kosovo,0,KF Ballkani,1283,1279.0,0 - 0,FK Drenica,1237,1241.0,0,0,Kosovo,domestic league (tier 1)
2020/06/21,Superliga Kosovo,0,KF Ballkani,1279,1288.0,3 - 1,KF Trepça89,1223,1214.0,3,1,Kosovo,domestic league (tier 1)
2020/06/29,Superliga Kosovo,0,KF Ballkani,1288,1291.0,3 - 1,FC Vushtrria,989,986.0,3,1,Kosovo,domestic league (tier 1)
2020/07/08,Superliga Kosovo,0,KF Ballkani,1298,1310.0,5 - 1,KF Llapi,1265,1253.0,5,1,Kosovo,domestic league (tier 1)
2020/07/18,Superliga Kosovo,0,KF Ballkani,1324,1324.0,2 - 2,KF Prishtina,1437,1437.0,2,2,Kosovo,domestic league (tier 1)
2020/07/26,Superliga Kosovo,0,KF Ballkani,1328,1337.0,2 - 1,Drita Gjilan,1400,1391.0,2,1,Kosovo,domestic league (tier 1)
2020/09/23,Superliga Kosovo,0,KF Ballkani,1347,1354.0,3 - 2,KF Feronikeli,1336,1329.0,3,2,Kosovo,domestic league (tier 1)
2020/10/04,Superliga Kosovo,0,KF Ballkani,1370,1378.0,5 - 0,FK Drenica,1237,1229.0,5,0,Kosovo,domestic league (tier 1)
2020/10/21,Superliga Kosovo,0,KF Ballkani,1383,1395.0,2 - 0,Drita Gjilan,1422,1410.0,2,0,Kosovo,domestic league (tier 1)
2020/10/28,Superliga Kosovo,0,KF Ballkani,1384,1392.0,2 - 1,KF Prishtina,1399,1391.0,2,1,Kosovo,domestic league (tier 1)
2020/10/31,Superliga Kosovo,0,KF Ballkani,1392,1395.0,4 - 1,Besa Pejë,1058,1055.0,4,1,Kosovo,domestic league (tier 1)
2020/11/22,Superliga Kosovo,0,KF Ballkani,1395,1400.0,4 - 2,KF Llapi,1204,1199.0,4,2,Kosovo,domestic league (tier 1)
2020/11/30,Superliga Kosovo,0,KF Ballkani,1408,1409.0,2 - 1,KF Arbëria,1033,1032.0,2,1,Kosovo,domestic league (tier 1)
2020/12/10,Superliga Kosovo,0,KF Ballkani,1403,1408.0,2 - 0,KF Trepça89,1239,1234.0,2,0,Kosovo,domestic league (tier 1)
2020/12/19,Superliga Kosovo,0,KF Ballkani,1401,1374.0,0 - 4,KF Gjilani,1329,1356.0,0,4,Kosovo,domestic league (tier 1)
2021/02/21,Superliga Kosovo,0,KF Ballkani,1381,1386.0,1 - 0,KF Feronikeli,1308,1303.0,1,0,Kosovo,domestic league (tier 1)
2021/03/05,Superliga Kosovo,0,KF Ballkani,1376,1380.0,2 - 1,FK Drenica,1213,1209.0,2,1,Kosovo,domestic league (tier 1)
2021/03/14,Superliga Kosovo,0,KF Ballkani,1388,1386.0,0 - 0,Drita Gjilan,1430,1432.0,0,0,Kosovo,domestic league (tier 1)
2021/04/04,Superliga Kosovo,0,KF Ballkani,1399,1388.0,0 - 1,KF Prishtina,1449,1460.0,0,1,Kosovo,domestic league (tier 1)
2021/04/10,Superliga Kosovo,0,KF Ballkani,1388,1390.0,4 - 1,Besa Pejë,992,990.0,4,1,Kosovo,domestic league (tier 1)
2021/04/25,Superliga Kosovo,0,KF Ballkani,1405,1410.0,1 - 0,KF Gjilani,1320,1315.0,1,0,Kosovo,domestic league (tier 1)
2021/04/28,Superliga Kosovo,0,KF Ballkani,1410,1414.0,1 - 0,KF Llapi,1254,1250.0,1,0,Kosovo,domestic league (tier 1)
2021/05/06,Superliga Kosovo,0,KF Ballkani,1402,1383.0,2 - 3,KF Arbëria,1061,1080.0,2,3,Kosovo,domestic league (tier 1)
2021/05/16,Superliga Kosovo,0,KF Ballkani,1387,1390.0,4 - 3,KF Trepça89,1201,1198.0,4,3,Kosovo,domestic league (tier 1)
2021/08/22,Superliga Kosovo,0,KF Ballkani,1417,1408.0,2 - 2,KF Dukagjini,995,1004.0,2,2,Kosovo,domestic league (tier 1)
2021/09/11,Superliga Kosovo,0,KF Ballkani,1422,1423.0,3 - 2,KF Ulpiana,986,985.0,3,2,Kosovo,domestic league (tier 1)
2021/09/18,Superliga Kosovo,0,KF Ballkani,1427,1431.0,2 - 0,KF Llapi,1196,1192.0,2,0,Kosovo,domestic league (tier 1)
2021/09/29,Superliga Kosovo,0,KF Ballkani,1425,1418.0,0 - 0,KF Feronikeli,1246,1253.0,0,0,Kosovo,domestic league (tier 1)
2021/10/02,Superliga Kosovo,0,KF Ballkani,1418,1421.0,3 - 2,FK Drenica,1246,1243.0,3,2,Kosovo,domestic league (tier 1)
2021/10/24,Superliga Kosovo,0,KF Ballkani,1413,1424.0,2 - 0,KF Prishtina,1412,1401.0,2,0,Kosovo,domestic league (tier 1)
2021/11/06,Superliga Kosovo,0,KF Ballkani,1407,1419.0,2 - 0,Drita Gjilan,1436,1424.0,2,0,Kosovo,domestic league (tier 1)
2021/11/25,Superliga Kosovo,0,KF Ballkani,1397,1399.0,2 - 0,KF Malisheva,1051,1049.0,2,0,Kosovo,domestic league (tier 1)
2021/12/12,Superliga Kosovo,0,KF Ballkani,1412,1397.0,0 - 1,KF Gjilani,1330,1345.0,0,1,Kosovo,domestic league (tier 1)
2022/02/12,Superliga Kosovo,0,KF Ballkani,1397,1400.0,4 - 1,KF Dukagjini,1059,1056.0,4,1,Kosovo,domestic league (tier 1)
2022/02/23,Superliga Kosovo,0,KF Ballkani,1418,1420.0,3 - 0,KF Ulpiana,1027,1025.0,3,0,Kosovo,domestic league (tier 1)
2022/03/06,Superliga Kosovo,0,KF Ballkani,1433,1437.0,1 - 0,KF Llapi,1303,1299.0,1,0,Kosovo,domestic league (tier 1)
2022/03/12,Superliga Kosovo,0,KF Ballkani,1413,1416.0,6 - 0,KF Feronikeli,1074,1071.0,6,0,Kosovo,domestic league (tier 1)
2022/03/20,Superliga Kosovo,0,KF Ballkani,1416,1420.0,2 - 0,FK Drenica,1201,1197.0,2,0,Kosovo,domestic league (tier 1)
2022/04/17,Superliga Kosovo,0,KF Ballkani,1426,1434.0,2 - 0,KF Prishtina,1344,1336.0,2,0,Kosovo,domestic league (tier 1)
2022/04/28,Superliga Kosovo,0,KF Ballkani,1427,1434.0,3 - 2,Drita Gjilan,1412,1405.0,3,2,Kosovo,domestic league (tier 1)
2022/05/05,Superliga Kosovo,0,KF Ballkani,1434,1416.0,2 - 3,KF Malisheva,1133,1151.0,2,3,Kosovo,domestic league (tier 1)
2022/05/22,Superliga Kosovo,0,KF Ballkani,1400,1409.0,2 - 0,KF Gjilani,1343,1334.0,2,0,Kosovo,domestic league (tier 1)
2022/08/21,Superliga Kosovo,0,KF Ballkani,1426,1429.0,1 - 0,FK Drenica,1226,1223.0,1,0,Kosovo,domestic league (tier 1)
2022/08/28,Superliga Kosovo,0,KF Ballkani,1436,1438.0,1 - 0,KF Dukagjini,1177,1175.0,1,0,Kosovo,domestic league (tier 1)
2022/09/11,Superliga Kosovo,0,KF Ballkani,1454,1434.0,0 - 2,Drita Gjilan,1422,1442.0,0,2,Kosovo,domestic league (tier 1)
2022/10/02,Superliga Kosovo,0,KF Ballkani,1447,1454.0,2 - 0,KF Gjilani,1327,1320.0,2,0,Kosovo,domestic league (tier 1)
2022/10/09,Superliga Kosovo,0,KF Ballkani,1471,1473.0,2 - 1,KF Malisheva,1164,1162.0,2,1,Kosovo,domestic league (tier 1)
2022/10/20,Superliga Kosovo,0,KF Ballkani,1462,1466.0,2 - 0,KF Trepça89,1212,1208.0,2,0,Kosovo,domestic league (tier 1)
2022/10/30,Superliga Kosovo,0,KF Ballkani,1459,1454.0,1 - 1,FC Prishtina,1352,1357.0,1,1,Kosovo,domestic league (tier 1)
2022/11/10,Superliga Kosovo,0,KF Ballkani,1455,1425.0,1 - 4,KF Llapi,1245,1275.0,1,4,Kosovo,domestic league (tier 1)
2022/11/13,Superliga Kosovo,0,KF Ballkani,1425,1427.0,2 - 0,KF Ferizaj,1094,1092.0,2,0,Kosovo,domestic league (tier 1)
2022/12/11,Superliga Kosovo,0,KF Ballkani,1454,1448.0,1 - 1,FC Prishtina,1336,1342.0,1,1,Kosovo,domestic league (tier 1)
2023/02/19,Superliga Kosovo,0,KF Ballkani,1457,1459.0,2 - 1,FK Drenica,1211,1209.0,2,1,Kosovo,domestic league (tier 1)
2023/02/26,Superliga Kosovo,0,KF Ballkani,1465,1457.0,1 - 1,KF Dukagjini,1213,1221.0,1,1,Kosovo,domestic league (tier 1)
2023/03/09,Superliga Kosovo,0,KF Ballkani,1456,1453.0,1 - 1,Drita Gjilan,1434,1437.0,1,1,Kosovo,domestic league (tier 1)
2023/04/01,Superliga Kosovo,0,KF Ballkani,1435,1441.0,2 - 0,KF Gjilani,1308,1302.0,2,0,Kosovo,domestic league (tier 1)
2023/04/08,Superliga Kosovo,0,KF Ballkani,1441,1433.0,2 - 2,KF Malisheva,1199,1207.0,2,2,Kosovo,domestic league (tier 1)
2023/04/23,Superliga Kosovo,0,KF Ballkani,1438,1443.0,7 - 2,KF Trepça89,1207,1202.0,7,2,Kosovo,domestic league (tier 1)
2023/05/04,Superliga Kosovo,0,KF Ballkani,1440,1434.0,1 - 1,FC Prishtina,1313,1319.0,1,1,Kosovo,domestic league (tier 1)
2023/05/14,Superliga Kosovo,0,KF Ballkani,1447,1450.0,1 - 0,KF Llapi,1253,1250.0,1,0,Kosovo,domestic league (tier 1)
2023/05/20,Superliga Kosovo,0,KF Ballkani,1450,1453.0,2 - 0,KF Ferizaj,1170,1167.0,2,0,Kosovo,domestic league (tier 1)
2023/08/13,Superliga Kosovo,0,KF Ballkani,1515,1516.0,1 - 0,KF Liria,1124,1123.0,1,0,Kosovo,domestic league (tier 1)
2023/08/20,Superliga Kosovo,0,KF Ballkani,1527,1528.0,2 - 0,KF Feronikeli,984,983.0,2,0,Kosovo,domestic league (tier 1)
2023/09/03,Superliga Kosovo,0,KF Ballkani,1535,1537.0,2 - 1,KF Gjilani,1294,1292.0,2,1,Kosovo,domestic league (tier 1)
2023/09/24,Superliga Kosovo,0,KF Ballkani,1531,1533.0,3 - 2,KF Malisheva,1252,1250.0,3,2,Kosovo,domestic league (tier 1)
2023/09/30,Superliga Kosovo,0,KF Ballkani,1537,1539.0,2 - 1,KF Llapi,1283,1281.0,2,1,Kosovo,domestic league (tier 1)
2023/10/20,Superliga Kosovo,0,KF Ballkani,1560,1561.0,4 - 1,KF Liria,1105,1104.0,4,1,Kosovo,domestic league (tier 1)
2023/11/01,Superliga Kosovo,0,KF Ballkani,1552,1557.0,1 - 0,KF Drita,1446,1441.0,1,0,Kosovo,domestic league (tier 1)
2023/11/13,Superliga Kosovo,0,KF Ballkani,1561,1564.0,3 - 1,KF Dukagjini,1278,1275.0,3,1,Kosovo,domestic league (tier 1)
2023/12/03,Superliga Kosovo,0,KF Ballkani,1565,1566.0,2 - 1,KF Fushë Kosova,1107,1106.0,2,1,Kosovo,domestic league (tier 1)
2023/12/17,Superliga Kosovo,0,KF Ballkani,1541,1534.0,0 - 0,FC Prishtina,1308,1315.0,0,0,Kosovo,domestic league (tier 1)
2024/01/20,Supercup KOS,0,KF Ballkani,1518,1503.0,1 - 2,FC Prishtina,1315,1330.0,1,2,Kosovo,domestic supercup
2024/02/16,Superliga Kosovo,0,KF Ballkani,1507,1498.0,2 - 2,KF Feronikeli,1063,1072.0,2,2,Kosovo,domestic league (tier 1)
2024/02/24,Superliga Kosovo,0,KF Ballkani,1488,1480.0,1 - 1,KF Gjilani,1242,1250.0,1,1,Kosovo,domestic league (tier 1)
2024/03/10,Superliga Kosovo,0,KF Ballkani,1487,1492.0,2 - 0,KF Malisheva,1303,1298.0,2,0,Kosovo,domestic league (tier 1)
2024/03/16,Superliga Kosovo,0,KF Ballkani,1467,1461.0,0 - 0,KF Llapi,1343,1349.0,0,0,Kosovo,domestic league (tier 1)
2024/04/07,Superliga Kosovo,0,KF Ballkani,1460,1461.0,2 - 0,KF Liria,1016,1015.0,2,0,Kosovo,domestic league (tier 1)
2024/04/20,Superliga Kosovo,0,KF Ballkani,1466,1462.0,2 - 2,KF Drita,1428,1432.0,2,2,Kosovo,domestic league (tier 1)
2024/05/05,Superliga Kosovo,0,KF Ballkani,1473,1478.0,3 - 0,KF Dukagjini,1260,1255.0,3,0,Kosovo,domestic league (tier 1)
2024/05/12,Superliga Kosovo,0,KF Ballkani,1489,1491.0,3 - 0,KF Fushë Kosova,1066,1064.0,3,0,Kosovo,domestic league (tier 1)
2024/05/25,Superliga Kosovo,0,KF Ballkani,1500,1503.0,2 - 1,FC Prishtina,1287,1284.0,2,1,Kosovo,domestic league (tier 1)
2024/08/11,Superliga Kosovo,0,KF Ballkani,1483,1487.0,2 - 0,KF Dukagjini,1242,1238.0,2,0,Kosovo,domestic league (tier 1)
2024/08/25,Superliga Kosovo,0,KF Ballkani,1494,1496.0,3 - 1,KF Feronikeli,1135,1133.0,3,1,Kosovo,domestic league (tier 1)
2024/09/14,Superliga Kosovo,0,KF Ballkani,1483,1486.0,1 - 0,FC Prishtina,1300,1297.0,1,0,Kosovo,domestic league (tier 1)
2024/09/28,Superliga Kosovo,0,KF Ballkani,1477,1480.0,4 - 0,KF Ferizaj,1146,1143.0,4,0,Kosovo,domestic league (tier 1)
2024/10/20,Superliga Kosovo,0,KF Ballkani,1479,1480.0,1 - 0,FC Suhareka,1077,1076.0,1,0,Kosovo,domestic league (tier 1)
2024/10/29,Superliga Kosovo,0,KF Ballkani,1475,1468.0,3 - 3,KF Gjilani,1286,1293.0,3,3,Kosovo,domestic league (tier 1)
2024/11/11,Superliga Kosovo,0,KF Ballkani,1474,1478.0,1 - 0,KF Malisheva,1320,1316.0,1,0,Kosovo,domestic league (tier 1)
2024/11/30,Superliga Kosovo,0,KF Ballkani,1476,1463.0,2 - 3,KF Drita,1454,1467.0,2,3,Kosovo,domestic league (tier 1)
2024/12/14,Superliga Kosovo,0,KF Ballkani,1458,1461.0,2 - 1,KF Llapi,1286,1283.0,2,1,Kosovo,domestic league (tier 1)
2025/02/07,Superliga Kosovo,0,KF Ballkani,1467,1469.0,1 - 0,KF Dukagjini,1220,1218.0,1,0,Kosovo,domestic league (tier 1)
2025/02/21,Superliga Kosovo,0,KF Ballkani,1457,1448.0,1 - 1,KF Feronikeli,1087,1096.0,1,1,Kosovo,domestic league (tier 1)
2025/03/08,Superliga Kosovo,0,KF Ballkani,1432,1426.0,1 - 1,FC Prishtina,1284,1290.0,1,1,Kosovo,domestic league (tier 1)
2025/03/14,Superliga Kosovo,0,KF Ballkani,1416,1419.0,2 - 1,KF Ferizaj,1216,1213.0,2,1,Kosovo,domestic league (tier 1)
2025/04/05,Superliga Kosovo,0,KF Ballkani,1418,1421.0,3 - 1,FC Suhareka,1116,1113.0,3,1,Kosovo,domestic league (tier 1)
2025/04/17,Superliga Kosovo,0,KF Ballkani,1437,1441.0,1 - 0,KF Gjilani,1282,1278.0,1,0,Kosovo,domestic league (tier 1)
2025/04/26,Superliga Kosovo,0,KF Ballkani,1435,1439.0,3 - 2,KF Malisheva,1303,1299.0,3,2,Kosovo,domestic league (tier 1)
2025/05/08,Superliga Kosovo,0,KF Ballkani,1427,1425.0,1 - 1,KF Drita,1460,1462.0,1,1,Kosovo,domestic league (tier 1)
2025/05/17,Superliga Kosovo,0,KF Ballkani,1433,1417.0,0 - 1,KF Llapi,1281,1297.0,0,1,Kosovo,domestic league (tier 1)
2025/08/24,Superliga Kosovo,0,KF Ballkani,1422,1415.0,1 - 1,KF Malisheva,1248,1255.0,1,1,Kosovo,domestic league (tier 1)
2025/09/14,Superliga Kosovo,0,KF Ballkani,1428,1431.0,3 - 0,FK Drenica,1097,1094.0,3,0,Kosovo,domestic league (tier 1)
2025/09/25,Superliga Kosovo,0,KF Ballkani,1429,1441.0,2 - 0,KF Drita,1447,1435.0,2,0,Kosovo,domestic league (tier 1)
2025/10/19,Superliga Kosovo,0,KF Ballkani,1439,1444.0,2 - 0,KF Dukagjini,1276,1271.0,2,0,Kosovo,domestic league (tier 1)
2025/10/25,Superliga Kosovo,0,KF Ballkani,1444,1437.0,1 - 1,KF Gjilani,1262,1269.0,1,1,Kosovo,domestic league (tier 1)
2025/11/01,Superliga Kosovo,0,KF Ballkani,1453,1446.0,1 - 1,KF Ferizaj,1219,1226.0,1,1,Kosovo,domestic league (tier 1)
2025/11/23,Superliga Kosovo,0,KF Ballkani,1423,1399.0,2 - 4,KF Llapi,1288,1312.0,2,4,Kosovo,domestic league (tier 1)
2025/12/06,Superliga Kosovo,0,KF Ballkani,1414,1418.0,6 - 1,KF Prishtina e Re,1112,1108.0,6,1,Kosovo,domestic league (tier 1)
2025/12/14,Superliga Kosovo,0,KF Ballkani,1418,1425.0,3 - 1,FC Prishtina,1310,1303.0,3,1,Kosovo,domestic league (tier 1)
2026/02/16,Superliga Kosovo,0,KF Ballkani,1433,1417.0,1 - 2,KF Malisheva,1301,1317.0,1,2,Kosovo,domestic league (tier 1)
2026/03/01,Superliga Kosovo,0,KF Ballkani,1404,1406.0,1 - 0,FK Drenica,1116,1114.0,1,0,Kosovo,domestic league (tier 1)
2026/03/15,Superliga Kosovo,0,KF Ballkani,1389,1406.0,3 - 0,KF Drita,1471,1454.0,3,0,Kosovo,domestic league (tier 1)
2026/04/04,Superliga Kosovo,0,KF Ballkani,1401,1405.0,2 - 1,KF Dukagjini,1261,1257.0,2,1,Kosovo,domestic league (tier 1)
2026/04/12,Superliga Kosovo,0,KF Ballkani,1405,1400.0,1 - 1,KF Gjilani,1312,1317.0,1,1,Kosovo,domestic league (tier 1)
2026/04/26,Superliga Kosovo,0,KF Ballkani,1384,1390.0,3 - 0,KF Ferizaj,1223,1217.0,3,0,Kosovo,domestic league (tier 1)
2026/05/03,Superliga Kosovo,0,KF Ballkani,1397,1381.0,0 - 1,KF Llapi,1250,1266.0,0,1,Kosovo,domestic league (tier 1)
2026/05/17,Superliga Kosovo,0,KF Ballkani,1373,1375.0,3 - 2,KF Prishtina e Re,1133,1131.0,3,2,Kosovo,domestic league (tier 1)
2026/05/24,Superliga Kosovo,0,KF Ballkani,1375,1359.0,1 - 2,FC Prishtina,1254,1270.0,1,2,Kosovo,domestic league (tier 1)
2026/08/22,Superliga Kosovo,0,KF Ballkani,1345,1346.0,2 - 1,FC Vushtrria,989,988.0,2,1,Kosovo,domestic league (tier 1)
2026/09/06,Superliga Kosovo,0,KF Ballkani,1360,,Info,KF Feronikeli,1030,,,,Kosovo,domestic league (tier 1)
2023/08/13,Superliga Kosovo,0,KF Drita,1431,1436.0,2 - 0,KF Llapi,1236,1231.0,2,0,Kosovo,domestic league (tier 1)
2023/09/03,Superliga Kosovo,0,KF Drita,1431,1424.0,2 - 2,KF Dukagjini,1243,1250.0,2,2,Kosovo,domestic league (tier 1)
2023/09/24,Superliga Kosovo,0,KF Drita,1418,1426.0,3 - 0,FC Prishtina,1318,1310.0,3,0,Kosovo,domestic league (tier 1)
2023/10/01,Superliga Kosovo,0,KF Drita,1430,1436.0,2 - 0,KF Gjilani,1294,1288.0,2,0,Kosovo,domestic league (tier 1)
2023/10/29,Superliga Kosovo,0,KF Drita,1455,1446.0,1 - 1,KF Liria,1104,1113.0,1,1,Kosovo,domestic league (tier 1)
2023/11/11,Superliga Kosovo,0,KF Drita,1429,1431.0,1 - 0,KF Fushë Kosova,1124,1122.0,1,0,Kosovo,domestic league (tier 1)
2023/12/03,Superliga Kosovo,0,KF Drita,1420,1422.0,3 - 1,KF Feronikeli,1040,1038.0,3,1,Kosovo,domestic league (tier 1)
2023/12/16,Superliga Kosovo,0,KF Drita,1430,1413.0,1 - 2,KF Malisheva,1250,1267.0,1,2,Kosovo,domestic league (tier 1)
2023/12/20,Superliga Kosovo,0,KF Drita,1413,1424.0,2 - 1,KF Ballkani,1534,1523.0,2,1,Kosovo,domestic league (tier 1)
2024/02/10,Superliga Kosovo,0,KF Drita,1424,1409.0,0 - 1,KF Llapi,1315,1330.0,0,1,Kosovo,domestic league (tier 1)
2024/02/21,Superliga Kosovo,0,KF Drita,1413,1423.0,1 - 0,KF Ballkani,1498,1488.0,1,0,Kosovo,domestic league (tier 1)
2024/02/25,Superliga Kosovo,0,KF Drita,1423,1429.0,2 - 0,KF Dukagjini,1285,1279.0,2,0,Kosovo,domestic league (tier 1)
2024/03/09,Superliga Kosovo,0,KF Drita,1413,1418.0,1 - 0,FC Prishtina,1318,1313.0,1,0,Kosovo,domestic league (tier 1)
2024/03/17,Superliga Kosovo,0,KF Drita,1422,1415.0,2 - 2,KF Gjilani,1238,1245.0,2,2,Kosovo,domestic league (tier 1)
2024/04/13,Superliga Kosovo,0,KF Drita,1426,1428.0,4 - 2,KF Liria,1015,1013.0,4,2,Kosovo,domestic league (tier 1)
2024/05/05,Superliga Kosovo,0,KF Drita,1430,1432.0,3 - 1,KF Fushë Kosova,1076,1074.0,3,1,Kosovo,domestic league (tier 1)
2024/05/12,Superliga Kosovo,0,KF Drita,1441,1433.0,0 - 0,KF Feronikeli,1114,1122.0,0,0,Kosovo,domestic league (tier 1)
2024/05/25,Superliga Kosovo,0,KF Drita,1421,1415.0,1 - 1,KF Malisheva,1281,1287.0,1,1,Kosovo,domestic league (tier 1)
2024/09/02,Superliga Kosovo,0,KF Drita,1423,1427.0,3 - 1,KF Ferizaj,1172,1168.0,3,1,Kosovo,domestic league (tier 1)
2024/09/18,Superliga Kosovo,0,KF Drita,1417,1422.0,2 - 1,KF Malisheva,1326,1321.0,2,1,Kosovo,domestic league (tier 1)
2024/09/22,Superliga Kosovo,0,KF Drita,1422,1431.0,1 - 0,KF Ballkani,1486,1477.0,1,0,Kosovo,domestic league (tier 1)
2024/10/05,Superliga Kosovo,0,KF Drita,1441,1435.0,1 - 1,KF Gjilani,1287,1293.0,1,1,Kosovo,domestic league (tier 1)
2024/10/31,Superliga Kosovo,0,KF Drita,1429,1437.0,3 - 0,FC Prishtina,1310,1302.0,3,0,Kosovo,domestic league (tier 1)
2024/11/20,Superliga Kosovo,0,KF Drita,1446,1448.0,4 - 2,FC Suhareka,1099,1097.0,4,2,Kosovo,domestic league (tier 1)
2024/11/25,Superliga Kosovo,0,KF Drita,1448,1454.0,3 - 1,KF Llapi,1323,1317.0,3,1,Kosovo,domestic league (tier 1)
2024/12/07,Superliga Kosovo,0,KF Drita,1467,1470.0,2 - 0,KF Dukagjini,1213,1210.0,2,0,Kosovo,domestic league (tier 1)
2024/12/22,Superliga Kosovo,0,KF Drita,1457,1458.0,2 - 1,KF Feronikeli,1107,1106.0,2,1,Kosovo,domestic league (tier 1)
2025/02/07,Superliga Kosovo,0,KF Drita,1458,1464.0,2 - 0,KF Malisheva,1315,1309.0,2,0,Kosovo,domestic league (tier 1)
2025/02/22,Superliga Kosovo,0,KF Drita,1462,1464.0,2 - 0,FC Suhareka,1117,1115.0,2,0,Kosovo,domestic league (tier 1)
2025/03/02,Superliga Kosovo,0,KF Drita,1464,1467.0,2 - 0,KF Ferizaj,1202,1199.0,2,0,Kosovo,domestic league (tier 1)
2025/03/11,Superliga Kosovo,0,KF Drita,1455,1465.0,2 - 0,KF Ballkani,1426,1416.0,2,0,Kosovo,domestic league (tier 1)
2025/03/27,Superliga Kosovo,0,KF Drita,1462,1469.0,4 - 0,KF Gjilani,1296,1289.0,4,0,Kosovo,domestic league (tier 1)
2025/04/17,Superliga Kosovo,0,KF Drita,1461,1466.0,2 - 0,FC Prishtina,1291,1286.0,2,0,Kosovo,domestic league (tier 1)
2025/05/04,Superliga Kosovo,0,KF Drita,1456,1460.0,1 - 0,KF Llapi,1308,1304.0,1,0,Kosovo,domestic league (tier 1)
2025/05/11,Superliga Kosovo,0,KF Drita,1462,1445.0,0 - 1,KF Dukagjini,1237,1254.0,0,1,Kosovo,domestic league (tier 1)
2025/05/25,Superliga Kosovo,0,KF Drita,1444,1446.0,4 - 1,KF Feronikeli,1051,1049.0,4,1,Kosovo,domestic league (tier 1)
2025/09/17,Superliga Kosovo,0,KF Drita,1464,1445.0,0 - 1,FK Drenica,1094,1113.0,0,1,Kosovo,domestic league (tier 1)
2025/09/21,Superliga Kosovo,0,KF Drita,1445,1447.0,2 - 1,KF Prishtina e Re,1124,1122.0,2,1,Kosovo,domestic league (tier 1)
2025/09/28,Superliga Kosovo,0,KF Drita,1435,1441.0,3 - 1,KF Dukagjini,1289,1283.0,3,1,Kosovo,domestic league (tier 1)
2025/10/18,Superliga Kosovo,0,KF Drita,1456,1459.0,2 - 1,KF Malisheva,1253,1250.0,2,1,Kosovo,domestic league (tier 1)
2025/10/26,Superliga Kosovo,0,KF Drita,1464,1468.0,3 - 1,KF Ferizaj,1215,1211.0,3,1,Kosovo,domestic league (tier 1)
2025/11/02,Superliga Kosovo,0,KF Drita,1443,1447.0,1 - 0,KF Llapi,1299,1295.0,1,0,Kosovo,domestic league (tier 1)
2025/11/30,Superliga Kosovo,0,KF Drita,1476,1461.0,2 - 3,KF Ballkani,1399,1414.0,2,3,Kosovo,domestic league (tier 1)
2025/12/14,Superliga Kosovo,0,KF Drita,1454,1448.0,1 - 1,KF Gjilani,1289,1295.0,1,1,Kosovo,domestic league (tier 1)
2025/12/24,Superliga Kosovo,0,KF Drita,1446,1452.0,2 - 0,FC Prishtina,1307,1301.0,2,0,Kosovo,domestic league (tier 1)
2026/01/25,Supercup KOS,0,KF Drita,1452,1458.0,2 - 1,FC Prishtina,1301,1295.0,2,1,Kosovo,domestic supercup
2026/02/14,Superliga Kosovo,0,KF Drita,1464,1466.0,1 - 0,FK Drenica,1138,1136.0,1,0,Kosovo,domestic league (tier 1)
2026/03/07,Superliga Kosovo,0,KF Drita,1468,1471.0,3 - 0,KF Prishtina e Re,1135,1132.0,3,0,Kosovo,domestic league (tier 1)
2026/03/18,Superliga Kosovo,0,KF Drita,1454,1457.0,2 - 1,KF Dukagjini,1270,1267.0,2,1,Kosovo,domestic league (tier 1)
2026/04/05,Superliga Kosovo,0,KF Drita,1466,1471.0,2 - 0,KF Malisheva,1294,1289.0,2,0,Kosovo,domestic league (tier 1)
2026/04/12,Superliga Kosovo,0,KF Drita,1471,1473.0,2 - 1,KF Ferizaj,1230,1228.0,2,1,Kosovo,domestic league (tier 1)
2026/04/26,Superliga Kosovo,0,KF Drita,1458,1463.0,3 - 0,KF Llapi,1246,1241.0,3,0,Kosovo,domestic league (tier 1)
2026/04/29,Superliga Kosovo,0,KF Drita,1463,1466.0,1 - 0,FC Prishtina,1284,1281.0,1,0,Kosovo,domestic league (tier 1)
2026/05/09,Superliga Kosovo,0,KF Drita,1470,1478.0,2 - 0,KF Ballkani,1381,1373.0,2,0,Kosovo,domestic league (tier 1)
2026/05/24,Superliga Kosovo,0,KF Drita,1458,1433.0,0 - 2,KF Gjilani,1266,1291.0,0,2,Kosovo,domestic league (tier 1)
2026/08/16,Superliga Kosovo,0,KF Drita,1416,1423.0,5 - 3,KF Llapi,1296,1289.0,5,3,Kosovo,domestic league (tier 1)
2026/09/05,Superliga Kosovo,0,KF Drita,1416,,Info,FK Drenica,1213,,,,Kosovo,domestic league (tier 1)
2019/08/18,Superliga Kosovo,0,KF Dukagjini,990,991.0,0 - 0,KF Ballkani,1141,1140.0,0,0,Kosovo,domestic league (tier 1)
2019/08/31,Superliga Kosovo,0,KF Dukagjini,991,983.0,0 - 4,Drita Gjilan,1311,1319.0,0,4,Kosovo,domestic league (tier 1)
2019/09/19,Superliga Kosovo,0,KF Dukagjini,978,971.0,0 - 1,KF Ferizaj,1202,1209.0,0,1,Kosovo,domestic league (tier 1)
2019/09/21,Superliga Kosovo,0,KF Dukagjini,971,969.0,0 - 1,KF Feronikeli,1445,1447.0,0,1,Kosovo,domestic league (tier 1)
2019/09/22,Superliga Kosovo,0,KF Dukagjini,969,966.0,0 - 2,KF Feronikeli,1447,1450.0,0,2,Kosovo,domestic league (tier 1)
2019/10/02,Superliga Kosovo,0,KF Dukagjini,964,979.0,1 - 0,KF Trepça89,1269,1254.0,1,0,Kosovo,domestic league (tier 1)
2019/10/18,Superliga Kosovo,0,KF Dukagjini,977,985.0,1 - 0,FC Vushtrria,997,989.0,1,0,Kosovo,domestic league (tier 1)
2019/11/02,Superliga Kosovo,0,KF Dukagjini,977,985.0,0 - 0,KF Prishtina,1432,1424.0,0,0,Kosovo,domestic league (tier 1)
2019/11/11,Superliga Kosovo,0,KF Dukagjini,984,976.0,1 - 2,KF Flamurtari,1137,1145.0,1,2,Kosovo,domestic league (tier 1)
2020/02/16,Superliga Kosovo,0,KF Dukagjini,970,976.0,0 - 0,KF Llapi,1294,1288.0,0,0,Kosovo,domestic league (tier 1)
2020/02/29,Superliga Kosovo,0,KF Dukagjini,974,965.0,0 - 4,KF Gjilani,1283,1292.0,0,4,Kosovo,domestic league (tier 1)
2020/03/09,Superliga Kosovo,0,KF Dukagjini,969,960.0,1 - 3,FK Drenica,1228,1237.0,1,3,Kosovo,domestic league (tier 1)
2020/06/12,Superliga Kosovo,0,KF Dukagjini,957,953.0,0 - 2,KF Feronikeli,1383,1387.0,0,2,Kosovo,domestic league (tier 1)
2020/06/24,Superliga Kosovo,0,KF Dukagjini,952,947.0,1 - 3,KF Gjilani,1312,1317.0,1,3,Kosovo,domestic league (tier 1)
2020/07/04,Superliga Kosovo,0,KF Dukagjini,946,939.0,1 - 5,KF Ballkani,1291,1298.0,1,5,Kosovo,domestic league (tier 1)
2020/07/13,Superliga Kosovo,0,KF Dukagjini,937,952.0,3 - 2,KF Trepça89,1244,1229.0,3,2,Kosovo,domestic league (tier 1)
2020/07/22,Superliga Kosovo,0,KF Dukagjini,984,991.0,2 - 1,FC Vushtrria,982,975.0,2,1,Kosovo,domestic league (tier 1)
2021/08/30,Superliga Kosovo,0,KF Dukagjini,1004,997.0,1 - 2,FK Drenica,1227,1234.0,1,2,Kosovo,domestic league (tier 1)
2021/09/19,Superliga Kosovo,0,KF Dukagjini,1003,1000.0,1 - 2,KF Prishtina,1415,1418.0,1,2,Kosovo,domestic league (tier 1)
2021/09/30,Superliga Kosovo,0,KF Dukagjini,1003,1020.0,2 - 1,Drita Gjilan,1439,1422.0,2,1,Kosovo,domestic league (tier 1)
2021/10/15,Superliga Kosovo,0,KF Dukagjini,1016,1029.0,2 - 0,KF Malisheva,1071,1058.0,2,0,Kosovo,domestic league (tier 1)
2021/10/20,Superliga Kosovo,0,KF Dukagjini,1029,1036.0,0 - 0,KF Ballkani,1420,1413.0,0,0,Kosovo,domestic league (tier 1)
2021/10/30,Superliga Kosovo,0,KF Dukagjini,1032,1037.0,1 - 1,KF Gjilani,1314,1309.0,1,1,Kosovo,domestic league (tier 1)
2021/11/07,Superliga Kosovo,0,KF Dukagjini,1037,1049.0,1 - 0,KF Feronikeli,1204,1192.0,1,0,Kosovo,domestic league (tier 1)
2021/11/23,Superliga Kosovo,0,KF Dukagjini,1058,1055.0,1 - 1,KF Ulpiana,1035,1038.0,1,1,Kosovo,domestic league (tier 1)
2021/12/05,Superliga Kosovo,0,KF Dukagjini,1053,1056.0,0 - 0,KF Llapi,1276,1273.0,0,0,Kosovo,domestic league (tier 1)
2022/02/20,Superliga Kosovo,0,KF Dukagjini,1056,1047.0,1 - 2,FK Drenica,1207,1216.0,1,2,Kosovo,domestic league (tier 1)
2022/03/05,Superliga Kosovo,0,KF Dukagjini,1071,1086.0,2 - 1,KF Prishtina,1345,1330.0,2,1,Kosovo,domestic league (tier 1)
2022/03/13,Superliga Kosovo,0,KF Dukagjini,1088,1094.0,0 - 0,Drita Gjilan,1405,1399.0,0,0,Kosovo,domestic league (tier 1)
2022/04/01,Superliga Kosovo,0,KF Dukagjini,1111,1109.0,0 - 0,KF Malisheva,1128,1130.0,0,0,Kosovo,domestic league (tier 1)
2022/04/09,Superliga Kosovo,0,KF Dukagjini,1109,1104.0,0 - 1,KF Ballkani,1421,1426.0,0,1,Kosovo,domestic league (tier 1)
2022/04/24,Superliga Kosovo,0,KF Dukagjini,1119,1140.0,2 - 0,KF Gjilani,1368,1347.0,2,0,Kosovo,domestic league (tier 1)
2022/04/27,Superliga Kosovo,0,KF Dukagjini,1140,1149.0,4 - 0,KF Feronikeli,1038,1029.0,4,0,Kosovo,domestic league (tier 1)
2022/05/04,Superliga Kosovo,0,KF Dukagjini,1166,1170.0,2 - 1,KF Ulpiana,1015,1011.0,2,1,Kosovo,domestic league (tier 1)
2022/05/15,Superliga Kosovo,0,KF Dukagjini,1177,1187.0,3 - 2,KF Llapi,1289,1279.0,3,2,Kosovo,domestic league (tier 1)
2022/08/13,Superliga Kosovo,0,KF Dukagjini,1189,1180.0,1 - 2,FC Prishtina,1338,1347.0,1,2,Kosovo,domestic league (tier 1)
2022/08/25,Superliga Kosovo,0,KF Dukagjini,1177,1177.0,1 - 1,KF Llapi,1274,1274.0,1,1,Kosovo,domestic league (tier 1)
2022/09/04,Superliga Kosovo,0,KF Dukagjini,1175,1167.0,0 - 1,KF Gjilani,1346,1354.0,0,1,Kosovo,domestic league (tier 1)
2022/09/15,Superliga Kosovo,0,KF Dukagjini,1170,1158.0,1 - 2,FK Drenica,1205,1217.0,1,2,Kosovo,domestic league (tier 1)
2022/10/01,Superliga Kosovo,0,KF Dukagjini,1148,1159.0,4 - 1,KF Ferizaj,1122,1111.0,4,1,Kosovo,domestic league (tier 1)
2022/10/15,Superliga Kosovo,0,KF Dukagjini,1176,1171.0,0 - 1,Drita Gjilan,1465,1470.0,0,1,Kosovo,domestic league (tier 1)
2022/10/23,Superliga Kosovo,0,KF Dukagjini,1171,1176.0,1 - 1,KF Ballkani,1466,1461.0,1,1,Kosovo,domestic league (tier 1)
2022/11/05,Superliga Kosovo,0,KF Dukagjini,1186,1200.0,4 - 0,KF Malisheva,1198,1184.0,4,0,Kosovo,domestic league (tier 1)
2022/11/12,Superliga Kosovo,0,KF Dukagjini,1214,1221.0,1 - 0,KF Trepça89,1217,1210.0,1,0,Kosovo,domestic league (tier 1)
2023/02/12,Superliga Kosovo,0,KF Dukagjini,1220,1231.0,1 - 0,FC Prishtina,1342,1331.0,1,0,Kosovo,domestic league (tier 1)
2023/02/23,Superliga Kosovo,0,KF Dukagjini,1225,1213.0,0 - 1,KF Llapi,1268,1280.0,0,1,Kosovo,domestic league (tier 1)
2023/03/04,Superliga Kosovo,0,KF Dukagjini,1221,1211.0,0 - 1,KF Gjilani,1309,1319.0,0,1,Kosovo,domestic league (tier 1)
2023/03/11,Superliga Kosovo,0,KF Dukagjini,1223,1232.0,2 - 0,FK Drenica,1181,1172.0,2,0,Kosovo,domestic league (tier 1)
2023/04/02,Superliga Kosovo,0,KF Dukagjini,1224,1232.0,3 - 1,KF Ferizaj,1159,1151.0,3,1,Kosovo,domestic league (tier 1)
2023/04/16,Superliga Kosovo,0,KF Dukagjini,1247,1249.0,0 - 0,Drita Gjilan,1433,1431.0,0,0,Kosovo,domestic league (tier 1)
2023/04/30,Superliga Kosovo,0,KF Dukagjini,1252,1255.0,1 - 1,KF Ballkani,1443,1440.0,1,1,Kosovo,domestic league (tier 1)
2023/05/06,Superliga Kosovo,0,KF Dukagjini,1246,1253.0,1 - 0,KF Malisheva,1221,1214.0,1,0,Kosovo,domestic league (tier 1)
2023/05/20,Superliga Kosovo,0,KF Dukagjini,1268,1276.0,3 - 1,KF Trepça89,1195,1187.0,3,1,Kosovo,domestic league (tier 1)
2023/08/12,Superliga Kosovo,0,KF Dukagjini,1277,1263.0,0 - 1,KF Malisheva,1240,1254.0,0,1,Kosovo,domestic league (tier 1)
2023/08/27,Superliga Kosovo,0,KF Dukagjini,1249,1243.0,0 - 0,KF Liria,1128,1134.0,0,0,Kosovo,domestic league (tier 1)
2023/09/17,Superliga Kosovo,0,KF Dukagjini,1250,1255.0,1 - 1,KF Ballkani,1537,1532.0,1,1,Kosovo,domestic league (tier 1)
2023/09/23,Superliga Kosovo,0,KF Dukagjini,1255,1259.0,1 - 0,KF Fushë Kosova,1112,1108.0,1,0,Kosovo,domestic league (tier 1)
2023/10/01,Superliga Kosovo,0,KF Dukagjini,1263,1255.0,1 - 1,KF Feronikeli,1006,1014.0,1,1,Kosovo,domestic league (tier 1)
2023/10/29,Superliga Kosovo,0,KF Dukagjini,1271,1268.0,0 - 0,KF Llapi,1278,1281.0,0,0,Kosovo,domestic league (tier 1)
2023/11/05,Superliga Kosovo,0,KF Dukagjini,1266,1278.0,1 - 0,KF Drita,1441,1429.0,1,0,Kosovo,domestic league (tier 1)
2023/12/03,Superliga Kosovo,0,KF Dukagjini,1290,1288.0,0 - 0,FC Prishtina,1303,1305.0,0,0,Kosovo,domestic league (tier 1)
2023/12/16,Superliga Kosovo,0,KF Dukagjini,1274,1281.0,1 - 0,KF Gjilani,1248,1241.0,1,0,Kosovo,domestic league (tier 1)
2024/02/11,Superliga Kosovo,0,KF Dukagjini,1281,1288.0,2 - 1,KF Malisheva,1267,1260.0,2,1,Kosovo,domestic league (tier 1)
2024/02/22,Superliga Kosovo,0,KF Dukagjini,1282,1285.0,2 - 1,KF Liria,1060,1057.0,2,1,Kosovo,domestic league (tier 1)
2024/03/02,Superliga Kosovo,0,KF Dukagjini,1279,1272.0,1 - 2,KF Ballkani,1480,1487.0,1,2,Kosovo,domestic league (tier 1)
2024/03/09,Superliga Kosovo,0,KF Dukagjini,1272,1265.0,0 - 0,KF Fushë Kosova,1093,1100.0,0,0,Kosovo,domestic league (tier 1)
2024/03/17,Superliga Kosovo,0,KF Dukagjini,1253,1256.0,1 - 0,KF Feronikeli,1081,1078.0,1,0,Kosovo,domestic league (tier 1)
2024/04/14,Superliga Kosovo,0,KF Dukagjini,1263,1262.0,1 - 1,KF Llapi,1341,1342.0,1,1,Kosovo,domestic league (tier 1)
2024/04/28,Superliga Kosovo,0,KF Dukagjini,1258,1260.0,1 - 1,KF Drita,1432,1430.0,1,1,Kosovo,domestic league (tier 1)
2024/05/12,Superliga Kosovo,0,KF Dukagjini,1263,1271.0,1 - 0,FC Prishtina,1289,1281.0,1,0,Kosovo,domestic league (tier 1)
2024/05/25,Superliga Kosovo,0,KF Dukagjini,1260,1242.0,2 - 4,KF Gjilani,1279,1297.0,2,4,Kosovo,domestic league (tier 1)
2024/08/25,Superliga Kosovo,0,KF Dukagjini,1218,1228.0,2 - 1,KF Gjilani,1304,1294.0,2,1,Kosovo,domestic league (tier 1)
2024/09/15,Superliga Kosovo,0,KF Dukagjini,1243,1227.0,1 - 3,KF Malisheva,1310,1326.0,1,3,Kosovo,domestic league (tier 1)
2024/09/28,Superliga Kosovo,0,KF Dukagjini,1217,1207.0,0 - 2,KF Drita,1431,1441.0,0,2,Kosovo,domestic league (tier 1)
2024/10/20,Superliga Kosovo,0,KF Dukagjini,1198,1210.0,1 - 0,KF Llapi,1363,1351.0,1,0,Kosovo,domestic league (tier 1)
2024/10/26,Superliga Kosovo,0,KF Dukagjini,1210,1215.0,0 - 0,KF Ballkani,1480,1475.0,0,0,Kosovo,domestic league (tier 1)
2024/10/30,Superliga Kosovo,0,KF Dukagjini,1215,1209.0,2 - 2,FC Suhareka,1090,1096.0,2,2,Kosovo,domestic league (tier 1)
2024/11/09,Superliga Kosovo,0,KF Dukagjini,1224,1228.0,2 - 1,KF Feronikeli,1096,1092.0,2,1,Kosovo,domestic league (tier 1)
2024/12/01,Superliga Kosovo,0,KF Dukagjini,1223,1213.0,0 - 1,FC Prishtina,1312,1322.0,0,1,Kosovo,domestic league (tier 1)
2024/12/13,Superliga Kosovo,0,KF Dukagjini,1210,1216.0,1 - 0,KF Ferizaj,1182,1176.0,1,0,Kosovo,domestic league (tier 1)
2025/02/23,Superliga Kosovo,0,KF Dukagjini,1228,1227.0,0 - 0,KF Gjilani,1299,1300.0,0,0,Kosovo,domestic league (tier 1)
2025/03/09,Superliga Kosovo,0,KF Dukagjini,1216,1226.0,1 - 0,KF Malisheva,1332,1322.0,1,0,Kosovo,domestic league (tier 1)
2025/03/15,Superliga Kosovo,0,KF Dukagjini,1240,1243.0,1 - 1,KF Drita,1465,1462.0,1,1,Kosovo,domestic league (tier 1)
2025/04/06,Superliga Kosovo,0,KF Dukagjini,1235,1248.0,3 - 1,KF Llapi,1289,1276.0,3,1,Kosovo,domestic league (tier 1)
2025/04/11,Superliga Kosovo,0,KF Dukagjini,1248,1232.0,0 - 5,KF Ballkani,1421,1437.0,0,5,Kosovo,domestic league (tier 1)
2025/04/15,Superliga Kosovo,0,KF Dukagjini,1232,1226.0,1 - 1,FC Suhareka,1098,1104.0,1,1,Kosovo,domestic league (tier 1)
2025/04/27,Superliga Kosovo,0,KF Dukagjini,1230,1234.0,2 - 1,KF Feronikeli,1089,1085.0,2,1,Kosovo,domestic league (tier 1)
2025/05/07,Superliga Kosovo,0,KF Dukagjini,1238,1237.0,0 - 0,FC Prishtina,1298,1299.0,0,0,Kosovo,domestic league (tier 1)
2025/05/17,Superliga Kosovo,0,KF Dukagjini,1254,1265.0,3 - 1,KF Ferizaj,1256,1245.0,3,1,Kosovo,domestic league (tier 1)
2025/08/17,Superliga Kosovo,0,KF Dukagjini,1255,1244.0,2 - 3,FC Prishtina,1306,1317.0,2,3,Kosovo,domestic league (tier 1)
2025/08/24,Superliga Kosovo,0,KF Dukagjini,1244,1257.0,2 - 0,KF Gjilani,1300,1287.0,2,0,Kosovo,domestic league (tier 1)
2025/09/14,Superliga Kosovo,0,KF Dukagjini,1270,1280.0,2 - 0,KF Ferizaj,1253,1243.0,2,0,Kosovo,domestic league (tier 1)
2025/09/25,Superliga Kosovo,0,KF Dukagjini,1278,1289.0,3 - 1,KF Llapi,1277,1266.0,3,1,Kosovo,domestic league (tier 1)
2025/10/05,Superliga Kosovo,0,KF Dukagjini,1283,1276.0,1 - 1,KF Prishtina e Re,1110,1117.0,1,1,Kosovo,domestic league (tier 1)
2025/11/02,Superliga Kosovo,0,KF Dukagjini,1283,1269.0,1 - 2,KF Malisheva,1247,1261.0,1,2,Kosovo,domestic league (tier 1)
2025/11/23,Superliga Kosovo,0,KF Dukagjini,1281,1289.0,3 - 0,FK Drenica,1156,1148.0,3,0,Kosovo,domestic league (tier 1)
2025/12/06,Superliga Kosovo,0,KF Dukagjini,1302,1304.0,1 - 1,KF Drita,1461,1459.0,1,1,Kosovo,domestic league (tier 1)
2025/12/21,Superliga Kosovo,0,KF Dukagjini,1301,1302.0,0 - 0,KF Ballkani,1425,1424.0,0,0,Kosovo,domestic league (tier 1)
2026/02/07,Superliga Kosovo,0,KF Dukagjini,1302,1289.0,0 - 1,FC Prishtina,1295,1308.0,0,1,Kosovo,domestic league (tier 1)
2026/02/15,Superliga Kosovo,0,KF Dukagjini,1289,1286.0,1 - 1,KF Gjilani,1289,1292.0,1,1,Kosovo,domestic league (tier 1)
2026/02/28,Superliga Kosovo,0,KF Dukagjini,1290,1285.0,1 - 1,KF Ferizaj,1205,1210.0,1,1,Kosovo,domestic league (tier 1)
2026/03/15,Superliga Kosovo,0,KF Dukagjini,1283,1270.0,1 - 2,KF Llapi,1266,1279.0,1,2,Kosovo,domestic league (tier 1)
2026/03/22,Superliga Kosovo,0,KF Dukagjini,1267,1261.0,1 - 1,KF Prishtina e Re,1132,1138.0,1,1,Kosovo,domestic league (tier 1)
2026/04/26,Superliga Kosovo,0,KF Dukagjini,1275,1263.0,0 - 1,KF Malisheva,1293,1305.0,0,1,Kosovo,domestic league (tier 1)
2026/05/03,Superliga Kosovo,0,KF Dukagjini,1275,1260.0,0 - 1,FK Drenica,1183,1198.0,0,1,Kosovo,domestic league (tier 1)
2026/05/17,Superliga Kosovo,0,KF Dukagjini,1263,1283.0,2 - 0,KF Drita,1478,1458.0,2,0,Kosovo,domestic league (tier 1)
2026/05/31,Superliga Kosovo,0,KF Dukagjini,1292,1301.0,1 - 0,KF Ballkani,1359,1350.0,1,0,Kosovo,domestic league (tier 1)
2026/08/22,Superliga Kosovo,0,KF Dukagjini,1300,1302.0,1 - 0,KF Feronikeli,1040,1038.0,1,0,Kosovo,domestic league (tier 1)
2016/08/21,Superliga Kosovo,0,KF Ferizaj,1250,1263.0,4 - 0,KF Hajvalia,1250,1237.0,4,0,Kosovo,domestic league (tier 1)
2016/09/07,Superliga Kosovo,0,KF Ferizaj,1252,1239.0,1 - 2,KF Gjilani,1244,1257.0,1,2,Kosovo,domestic league (tier 1)
2016/09/18,Superliga Kosovo,0,KF Ferizaj,1232,1220.0,0 - 1,KF Trepça89,1268,1280.0,0,1,Kosovo,domestic league (tier 1)
2016/09/25,Superliga Kosovo,0,KF Ferizaj,1220,1208.0,2 - 3,FK Drenica,1242,1254.0,2,3,Kosovo,domestic league (tier 1)
2016/10/12,Superliga Kosovo,0,KF Ferizaj,1205,1202.0,2 - 2,KF Trepça,1202,1205.0,2,2,Kosovo,domestic league (tier 1)
2016/10/23,Superliga Kosovo,0,KF Ferizaj,1205,1204.0,0 - 0,KF Llapi,1275,1276.0,0,0,Kosovo,domestic league (tier 1)
2016/11/06,Superliga Kosovo,0,KF Ferizaj,1195,1185.0,0 - 1,Besa Pejë,1279,1289.0,0,1,Kosovo,domestic league (tier 1)
2016/11/20,Superliga Kosovo,0,KF Ferizaj,1200,1216.0,2 - 0,KF Feronikeli,1325,1309.0,2,0,Kosovo,domestic league (tier 1)
2017/02/25,Superliga Kosovo,0,KF Ferizaj,1211,1214.0,0 - 0,KF Prishtina,1406,1403.0,0,0,Kosovo,domestic league (tier 1)
2017/03/08,Superliga Kosovo,0,KF Ferizaj,1216,1223.0,1 - 0,Drita Gjilan,1199,1192.0,1,0,Kosovo,domestic league (tier 1)
2017/03/19,Superliga Kosovo,0,KF Ferizaj,1228,1225.0,0 - 0,KF Liria,1223,1226.0,0,0,Kosovo,domestic league (tier 1)
2017/04/05,Superliga Kosovo,0,KF Ferizaj,1221,1203.0,0 - 4,KF Feronikeli,1339,1357.0,0,4,Kosovo,domestic league (tier 1)
2017/04/16,Superliga Kosovo,0,KF Ferizaj,1210,1208.0,1 - 1,FK Drenica,1254,1256.0,1,1,Kosovo,domestic league (tier 1)
2017/05/07,Superliga Kosovo,0,KF Ferizaj,1203,1209.0,2 - 1,KF Trepça,1161,1155.0,2,1,Kosovo,domestic league (tier 1)
2017/05/14,Superliga Kosovo,0,KF Ferizaj,1217,1216.0,0 - 0,KF Gjilani,1286,1287.0,0,0,Kosovo,domestic league (tier 1)
2017/05/28,Superliga Kosovo,0,KF Ferizaj,1209,1200.0,1 - 2,KF Llapi,1356,1365.0,1,2,Kosovo,domestic league (tier 1)
2018/08/26,Superliga Kosovo,0,KF Ferizaj,1189,1197.0,1 - 0,KF Liria,1233,1225.0,1,0,Kosovo,domestic league (tier 1)
2018/09/12,Superliga Kosovo,0,KF Ferizaj,1188,1175.0,0 - 2,KF Feronikeli,1338,1351.0,0,2,Kosovo,domestic league (tier 1)
2018/09/23,Superliga Kosovo,0,KF Ferizaj,1183,1167.0,0 - 2,KF Gjilani,1268,1284.0,0,2,Kosovo,domestic league (tier 1)
2018/10/02,Superliga Kosovo,0,KF Ferizaj,1163,1179.0,2 - 0,FK Drenica,1291,1275.0,2,0,Kosovo,domestic league (tier 1)
2018/10/06,Superliga Kosovo,0,KF Ferizaj,1179,1183.0,1 - 0,KF Ballkani,1031,1027.0,1,0,Kosovo,domestic league (tier 1)
2018/10/20,Superliga Kosovo,0,KF Ferizaj,1183,1172.0,0 - 2,Drita Gjilan,1370,1381.0,0,2,Kosovo,domestic league (tier 1)
2018/10/26,Superliga Kosovo,0,KF Ferizaj,1172,1158.0,2 - 3,KF Flamurtari,1125,1139.0,2,3,Kosovo,domestic league (tier 1)
2018/11/04,Superliga Kosovo,0,KF Ferizaj,1161,1153.0,0 - 1,KF Llapi,1328,1336.0,0,1,Kosovo,domestic league (tier 1)
2018/11/23,Superliga Kosovo,0,KF Ferizaj,1156,1161.0,0 - 0,KF Prishtina,1465,1460.0,0,0,Kosovo,domestic league (tier 1)
2019/02/16,Superliga Kosovo,0,KF Ferizaj,1156,1173.0,2 - 0,KF Trepça89,1313,1296.0,2,0,Kosovo,domestic league (tier 1)
2019/03/01,Superliga Kosovo,0,KF Ferizaj,1165,1171.0,1 - 0,KF Ballkani,1103,1097.0,1,0,Kosovo,domestic league (tier 1)
2019/03/06,Superliga Kosovo,0,KF Ferizaj,1171,1175.0,4 - 1,KEK-u Kastriot,904,900.0,4,1,Kosovo,domestic league (tier 1)
2019/03/29,Superliga Kosovo,0,KF Ferizaj,1177,1170.0,1 - 2,Drita Gjilan,1375,1382.0,1,2,Kosovo,domestic league (tier 1)
2019/04/08,Superliga Kosovo,0,KF Ferizaj,1166,1158.0,0 - 2,KF Prishtina,1450,1458.0,0,2,Kosovo,domestic league (tier 1)
2019/04/22,Superliga Kosovo,0,KF Ferizaj,1176,1185.0,3 - 1,KF Flamurtari,1135,1126.0,3,1,Kosovo,domestic league (tier 1)
2019/05/05,Superliga Kosovo,0,KF Ferizaj,1201,1210.0,3 - 1,KF Liria,1154,1145.0,3,1,Kosovo,domestic league (tier 1)
2019/05/19,Superliga Kosovo,0,KF Ferizaj,1231,1238.0,2 - 1,KF Gjilani,1209,1202.0,2,1,Kosovo,domestic league (tier 1)
2019/08/24,Superliga Kosovo,0,KF Ferizaj,1253,1228.0,0 - 3,KF Gjilani,1199,1224.0,0,3,Kosovo,domestic league (tier 1)
2019/09/15,Superliga Kosovo,0,KF Ferizaj,1219,1202.0,0 - 1,FC Vushtrria,989,1006.0,0,1,Kosovo,domestic league (tier 1)
2019/09/23,Superliga Kosovo,0,KF Ferizaj,1209,1197.0,0 - 1,FK Drenica,1243,1255.0,0,1,Kosovo,domestic league (tier 1)
2019/10/02,Superliga Kosovo,0,KF Ferizaj,1192,1179.0,1 - 2,KF Ballkani,1196,1209.0,1,2,Kosovo,domestic league (tier 1)
2019/10/20,Superliga Kosovo,0,KF Ferizaj,1205,1195.0,0 - 2,KF Prishtina,1414,1424.0,0,2,Kosovo,domestic league (tier 1)
2019/10/27,Superliga Kosovo,0,KF Ferizaj,1189,1177.0,0 - 2,Drita Gjilan,1348,1360.0,0,2,Kosovo,domestic league (tier 1)
2019/11/07,Superliga Kosovo,0,KF Ferizaj,1168,1175.0,1 - 0,KF Flamurtari,1144,1137.0,1,0,Kosovo,domestic league (tier 1)
2019/11/24,Superliga Kosovo,0,KF Ferizaj,1157,1162.0,2 - 0,KF Dukagjini,976,971.0,2,0,Kosovo,domestic league (tier 1)
2020/02/15,Superliga Kosovo,0,KF Ferizaj,1185,1188.0,1 - 1,KF Feronikeli,1394,1391.0,1,1,Kosovo,domestic league (tier 1)
2020/02/29,Superliga Kosovo,0,KF Ferizaj,1179,1195.0,2 - 0,KF Llapi,1298,1282.0,2,0,Kosovo,domestic league (tier 1)
2020/03/07,Superliga Kosovo,0,KF Ferizaj,1193,1209.0,4 - 0,KF Trepça89,1249,1233.0,4,0,Kosovo,domestic league (tier 1)
2020/06/14,Superliga Kosovo,0,KF Ferizaj,1203,1185.0,0 - 3,KF Gjilani,1291,1309.0,0,3,Kosovo,domestic league (tier 1)
2020/06/25,Superliga Kosovo,0,KF Ferizaj,1180,1180.0,1 - 1,KF Ballkani,1288,1288.0,1,1,Kosovo,domestic league (tier 1)
2020/07/05,Superliga Kosovo,0,KF Ferizaj,1173,1153.0,2 - 5,KF Trepça89,1232,1252.0,2,5,Kosovo,domestic league (tier 1)
2020/07/18,Superliga Kosovo,0,KF Ferizaj,1157,1125.0,0 - 4,KF Dukagjini,952,984.0,0,4,Kosovo,domestic league (tier 1)
2020/07/26,Superliga Kosovo,0,KF Ferizaj,1121,1110.0,2 - 4,KF Feronikeli,1309,1320.0,2,4,Kosovo,domestic league (tier 1)
2022/08/21,Superliga Kosovo,0,KF Ferizaj,1107,1111.0,0 - 0,FC Prishtina,1347,1343.0,0,0,Kosovo,domestic league (tier 1)
2022/08/28,Superliga Kosovo,0,KF Ferizaj,1102,1108.0,1 - 1,Drita Gjilan,1421,1415.0,1,1,Kosovo,domestic league (tier 1)
2022/09/11,Superliga Kosovo,0,KF Ferizaj,1114,1125.0,2 - 1,KF Llapi,1256,1245.0,2,1,Kosovo,domestic league (tier 1)
2022/09/19,Superliga Kosovo,0,KF Ferizaj,1130,1122.0,0 - 3,KF Ballkani,1434,1442.0,0,3,Kosovo,domestic league (tier 1)
2022/10/09,Superliga Kosovo,0,KF Ferizaj,1111,1114.0,1 - 1,KF Gjilani,1320,1317.0,1,1,Kosovo,domestic league (tier 1)
2022/10/19,Superliga Kosovo,0,KF Ferizaj,1111,1086.0,0 - 6,KF Malisheva,1154,1179.0,0,6,Kosovo,domestic league (tier 1)
2022/10/29,Superliga Kosovo,0,KF Ferizaj,1085,1087.0,1 - 1,FK Drenica,1242,1240.0,1,1,Kosovo,domestic league (tier 1)
2022/11/09,Superliga Kosovo,0,KF Ferizaj,1104,1094.0,2 - 3,KF Trepça89,1207,1217.0,2,3,Kosovo,domestic league (tier 1)
2022/11/26,Superliga Kosovo,0,KF Ferizaj,1092,1093.0,0 - 0,KF Dukagjini,1221,1220.0,0,0,Kosovo,domestic league (tier 1)
2023/02/18,Superliga Kosovo,0,KF Ferizaj,1100,1114.0,1 - 0,FC Prishtina,1331,1317.0,1,0,Kosovo,domestic league (tier 1)
2023/02/25,Superliga Kosovo,0,KF Ferizaj,1119,1135.0,2 - 1,Drita Gjilan,1445,1429.0,2,1,Kosovo,domestic league (tier 1)
2023/03/08,Superliga Kosovo,0,KF Ferizaj,1129,1140.0,2 - 1,KF Llapi,1257,1246.0,2,1,Kosovo,domestic league (tier 1)
2023/03/19,Superliga Kosovo,0,KF Ferizaj,1154,1159.0,0 - 0,KF Ballkani,1440,1435.0,0,0,Kosovo,domestic league (tier 1)
2023/04/09,Superliga Kosovo,0,KF Ferizaj,1151,1168.0,2 - 0,KF Gjilani,1302,1285.0,2,0,Kosovo,domestic league (tier 1)
2023/04/22,Superliga Kosovo,0,KF Ferizaj,1162,1150.0,1 - 2,KF Malisheva,1191,1203.0,1,2,Kosovo,domestic league (tier 1)
2023/05/03,Superliga Kosovo,0,KF Ferizaj,1147,1157.0,2 - 0,FK Drenica,1130,1120.0,2,0,Kosovo,domestic league (tier 1)
2023/05/14,Superliga Kosovo,0,KF Ferizaj,1162,1170.0,1 - 0,KF Trepça89,1203,1195.0,1,0,Kosovo,domestic league (tier 1)
2023/05/28,Superliga Kosovo,0,KF Ferizaj,1167,1177.0,2 - 1,KF Dukagjini,1276,1266.0,2,1,Kosovo,domestic league (tier 1)
2024/08/10,Superliga Kosovo,0,KF Ferizaj,1175,1182.0,2 - 1,KF Feronikeli,1152,1145.0,2,1,Kosovo,domestic league (tier 1)
2024/08/24,Superliga Kosovo,0,KF Ferizaj,1187,1172.0,1 - 3,FC Prishtina,1276,1291.0,1,3,Kosovo,domestic league (tier 1)
2024/09/14,Superliga Kosovo,0,KF Ferizaj,1168,1153.0,0 - 1,FC Suhareka,1063,1078.0,0,1,Kosovo,domestic league (tier 1)
2024/09/21,Superliga Kosovo,0,KF Ferizaj,1153,1146.0,0 - 1,KF Llapi,1351,1358.0,0,1,Kosovo,domestic league (tier 1)
2024/10/04,Superliga Kosovo,0,KF Ferizaj,1143,1152.0,2 - 1,KF Dukagjini,1207,1198.0,2,1,Kosovo,domestic league (tier 1)
2024/10/31,Superliga Kosovo,0,KF Ferizaj,1179,1180.0,1 - 1,KF Malisheva,1313,1312.0,1,1,Kosovo,domestic league (tier 1)
2024/11/10,Superliga Kosovo,0,KF Ferizaj,1176,1170.0,1 - 2,KF Drita,1440,1446.0,1,2,Kosovo,domestic league (tier 1)
2024/12/08,Superliga Kosovo,0,KF Ferizaj,1177,1182.0,1 - 1,KF Ballkani,1463,1458.0,1,1,Kosovo,domestic league (tier 1)
2024/12/21,Superliga Kosovo,0,KF Ferizaj,1176,1192.0,3 - 1,KF Gjilani,1290,1274.0,3,1,Kosovo,domestic league (tier 1)
2025/02/10,Superliga Kosovo,0,KF Ferizaj,1192,1197.0,2 - 1,KF Feronikeli,1106,1101.0,2,1,Kosovo,domestic league (tier 1)
2025/02/23,Superliga Kosovo,0,KF Ferizaj,1192,1202.0,1 - 0,FC Prishtina,1297,1287.0,1,0,Kosovo,domestic league (tier 1)
2025/03/07,Superliga Kosovo,0,KF Ferizaj,1199,1206.0,3 - 1,FC Suhareka,1107,1100.0,3,1,Kosovo,domestic league (tier 1)
2025/03/11,Superliga Kosovo,0,KF Ferizaj,1206,1216.0,2 - 1,KF Llapi,1293,1283.0,2,1,Kosovo,domestic league (tier 1)
2025/03/29,Superliga Kosovo,0,KF Ferizaj,1213,1221.0,2 - 1,KF Dukagjini,1243,1235.0,2,1,Kosovo,domestic league (tier 1)
2025/04/16,Superliga Kosovo,0,KF Ferizaj,1224,1234.0,1 - 0,KF Malisheva,1333,1323.0,1,0,Kosovo,domestic league (tier 1)
2025/04/28,Superliga Kosovo,0,KF Ferizaj,1238,1252.0,2 - 1,KF Drita,1470,1456.0,2,1,Kosovo,domestic league (tier 1)
2025/05/11,Superliga Kosovo,0,KF Ferizaj,1264,1256.0,2 - 3,KF Ballkani,1425,1433.0,2,3,Kosovo,domestic league (tier 1)
2025/05/25,Superliga Kosovo,0,KF Ferizaj,1245,1244.0,2 - 2,KF Gjilani,1298,1299.0,2,2,Kosovo,domestic league (tier 1)
2025/08/17,Superliga Kosovo,0,KF Ferizaj,1244,1257.0,1 - 0,KF Drita,1464,1451.0,1,0,Kosovo,domestic league (tier 1)
2025/08/31,Superliga Kosovo,0,KF Ferizaj,1266,1253.0,1 - 3,KF Ballkani,1415,1428.0,1,3,Kosovo,domestic league (tier 1)
2025/09/21,Superliga Kosovo,0,KF Ferizaj,1243,1231.0,0 - 1,KF Gjilani,1279,1291.0,0,1,Kosovo,domestic league (tier 1)
2025/09/28,Superliga Kosovo,0,KF Ferizaj,1221,1202.0,0 - 5,FC Prishtina,1338,1357.0,0,5,Kosovo,domestic league (tier 1)
2025/10/05,Superliga Kosovo,0,KF Ferizaj,1202,1210.0,2 - 0,FK Drenica,1123,1115.0,2,0,Kosovo,domestic league (tier 1)
2025/10/29,Superliga Kosovo,0,KF Ferizaj,1211,1219.0,3 - 0,KF Prishtina e Re,1095,1087.0,3,0,Kosovo,domestic league (tier 1)
2025/11/09,Superliga Kosovo,0,KF Ferizaj,1226,1214.0,0 - 1,KF Dukagjini,1269,1281.0,0,1,Kosovo,domestic league (tier 1)
2025/11/30,Superliga Kosovo,0,KF Ferizaj,1218,1201.0,0 - 2,KF Malisheva,1271,1288.0,0,2,Kosovo,domestic league (tier 1)
2025/12/20,Superliga Kosovo,0,KF Ferizaj,1198,1208.0,2 - 1,KF Llapi,1282,1272.0,2,1,Kosovo,domestic league (tier 1)
2026/02/07,Superliga Kosovo,0,KF Ferizaj,1208,1202.0,0 - 1,KF Drita,1458,1464.0,0,1,Kosovo,domestic league (tier 1)
2026/02/22,Superliga Kosovo,0,KF Ferizaj,1192,1205.0,2 - 1,KF Ballkani,1417,1404.0,2,1,Kosovo,domestic league (tier 1)
2026/03/09,Superliga Kosovo,0,KF Ferizaj,1210,1200.0,1 - 2,KF Gjilani,1308,1318.0,1,2,Kosovo,domestic league (tier 1)
2026/03/17,Superliga Kosovo,0,KF Ferizaj,1216,1232.0,3 - 0,FC Prishtina,1294,1278.0,3,0,Kosovo,domestic league (tier 1)
2026/03/21,Superliga Kosovo,0,KF Ferizaj,1232,1237.0,1 - 0,FK Drenica,1151,1146.0,1,0,Kosovo,domestic league (tier 1)
2026/04/18,Superliga Kosovo,0,KF Ferizaj,1228,1223.0,1 - 1,KF Prishtina e Re,1142,1147.0,1,1,Kosovo,domestic league (tier 1)
2026/04/30,Superliga Kosovo,0,KF Ferizaj,1217,1205.0,1 - 2,KF Dukagjini,1263,1275.0,1,2,Kosovo,domestic league (tier 1)
2026/05/10,Superliga Kosovo,0,KF Ferizaj,1210,1211.0,1 - 1,KF Malisheva,1328,1327.0,1,1,Kosovo,domestic league (tier 1)
2026/05/31,Superliga Kosovo,0,KF Ferizaj,1207,1196.0,2 - 3,KF Llapi,1285,1296.0,2,3,Kosovo,domestic league (tier 1)
2016/08/20,Superliga Kosovo,0,KF Feronikeli,1250,1237.0,1 - 2,Besa Pejë,1250,1263.0,1,2,Kosovo,domestic league (tier 1)
2016/09/08,Superliga Kosovo,0,KF Feronikeli,1230,1245.0,4 - 1,KF Trepça89,1270,1255.0,4,1,Kosovo,domestic league (tier 1)
2016/09/11,Superliga Kosovo,0,KF Feronikeli,1245,1252.0,2 - 1,KF Ferizaj,1239,1232.0,2,1,Kosovo,domestic league (tier 1)
2016/09/24,Superliga Kosovo,0,KF Feronikeli,1265,1257.0,0 - 1,KF Prishtina,1423,1431.0,0,1,Kosovo,domestic league (tier 1)
2016/10/11,Superliga Kosovo,0,KF Feronikeli,1269,1274.0,1 - 0,Drita Gjilan,1200,1195.0,1,0,Kosovo,domestic league (tier 1)
2016/10/22,Superliga Kosovo,0,KF Feronikeli,1298,1304.0,1 - 0,KF Liria,1255,1249.0,1,0,Kosovo,domestic league (tier 1)
2016/11/05,Superliga Kosovo,0,KF Feronikeli,1316,1322.0,1 - 0,KF Gjilani,1266,1260.0,1,0,Kosovo,domestic league (tier 1)
2016/11/25,Superliga Kosovo,0,KF Feronikeli,1309,1314.0,1 - 0,FK Drenica,1237,1232.0,1,0,Kosovo,domestic league (tier 1)
2017/02/25,Superliga Kosovo,0,KF Feronikeli,1319,1327.0,5 - 1,KF Trepça,1186,1178.0,5,1,Kosovo,domestic league (tier 1)
2017/03/08,Superliga Kosovo,0,KF Feronikeli,1336,1343.0,1 - 0,KF Llapi,1315,1308.0,1,0,Kosovo,domestic league (tier 1)
2017/03/17,Superliga Kosovo,0,KF Feronikeli,1358,1363.0,6 - 1,KF Hajvalia,1102,1097.0,6,1,Kosovo,domestic league (tier 1)
2017/04/01,Superliga Kosovo,0,KF Feronikeli,1363,1339.0,1 - 3,FK Drenica,1227,1251.0,1,3,Kosovo,domestic league (tier 1)
2017/04/08,Superliga Kosovo,0,KF Feronikeli,1357,1351.0,0 - 0,Drita Gjilan,1198,1204.0,0,0,Kosovo,domestic league (tier 1)
2017/04/21,Superliga Kosovo,0,KF Feronikeli,1362,1366.0,6 - 0,KF Hajvalia,1068,1064.0,6,0,Kosovo,domestic league (tier 1)
2017/05/06,Superliga Kosovo,0,KF Feronikeli,1356,1365.0,4 - 1,Besa Pejë,1275,1266.0,4,1,Kosovo,domestic league (tier 1)
2017/05/14,Superliga Kosovo,0,KF Feronikeli,1353,1342.0,1 - 2,KF Prishtina,1415,1426.0,1,2,Kosovo,domestic league (tier 1)
2017/05/20,Superliga Kosovo,0,KF Feronikeli,1342,1336.0,1 - 1,KF Liria,1213,1219.0,1,1,Kosovo,domestic league (tier 1)
2017/08/19,Superliga Kosovo,0,KF Feronikeli,1363,1365.0,1 - 0,KF Vllaznia,1080,1078.0,1,0,Kosovo,domestic league (tier 1)
2017/09/08,Superliga Kosovo,0,KF Feronikeli,1366,1370.0,2 - 1,Besa Pejë,1241,1237.0,2,1,Kosovo,domestic league (tier 1)
2017/09/12,Superliga Kosovo,0,KF Feronikeli,1370,1367.0,0 - 0,KF Llapi,1369,1372.0,0,0,Kosovo,domestic league (tier 1)
2017/09/22,Superliga Kosovo,0,KF Feronikeli,1363,1350.0,0 - 1,KF Trepça89,1344,1357.0,0,1,Kosovo,domestic league (tier 1)
2017/10/02,Superliga Kosovo,0,KF Feronikeli,1355,1349.0,1 - 1,Drita Gjilan,1235,1241.0,1,1,Kosovo,domestic league (tier 1)
2017/10/14,Superliga Kosovo,0,KF Feronikeli,1344,1328.0,0 - 1,KF Liria,1226,1242.0,0,1,Kosovo,domestic league (tier 1)
2017/10/30,Superliga Kosovo,0,KF Feronikeli,1337,1344.0,2 - 1,KF Gjilani,1311,1304.0,2,1,Kosovo,domestic league (tier 1)
2017/11/22,Superliga Kosovo,0,KF Feronikeli,1364,1369.0,3 - 0,KF Vëllaznimi,1159,1154.0,3,0,Kosovo,domestic league (tier 1)
2017/12/02,Superliga Kosovo,0,KF Feronikeli,1371,1369.0,0 - 0,KF Prishtina,1405,1407.0,0,0,Kosovo,domestic league (tier 1)
2018/02/24,Superliga Kosovo,0,KF Feronikeli,1359,1361.0,1 - 0,KF Flamurtari,1045,1043.0,1,0,Kosovo,domestic league (tier 1)
2018/03/10,Superliga Kosovo,0,KF Feronikeli,1351,1356.0,1 - 0,FK Drenica,1277,1272.0,1,0,Kosovo,domestic league (tier 1)
2018/03/14,Superliga Kosovo,0,KF Feronikeli,1356,1358.0,2 - 1,Besa Pejë,1113,1111.0,2,1,Kosovo,domestic league (tier 1)
2018/04/01,Superliga Kosovo,0,KF Feronikeli,1352,1348.0,2 - 2,KF Llapi,1311,1315.0,2,2,Kosovo,domestic league (tier 1)
2018/04/07,Superliga Kosovo,0,KF Feronikeli,1348,1346.0,0 - 0,KF Trepça89,1360,1362.0,0,0,Kosovo,domestic league (tier 1)
2018/04/21,Superliga Kosovo,0,KF Feronikeli,1347,1342.0,0 - 0,KF Liria,1267,1272.0,0,0,Kosovo,domestic league (tier 1)
2018/05/02,Superliga Kosovo,0,KF Feronikeli,1332,1332.0,0 - 0,KF Prishtina,1419,1419.0,0,0,Kosovo,domestic league (tier 1)
2018/05/12,Superliga Kosovo,0,KF Feronikeli,1333,1327.0,1 - 1,KF Vëllaznimi,1194,1200.0,1,1,Kosovo,domestic league (tier 1)
2018/08/18,Superliga Kosovo,0,KF Feronikeli,1338,1336.0,1 - 1,KF Trepça89,1358,1360.0,1,1,Kosovo,domestic league (tier 1)
2018/09/01,Superliga Kosovo,0,KF Feronikeli,1337,1338.0,1 - 0,KF Ballkani,993,992.0,1,0,Kosovo,domestic league (tier 1)
2018/09/15,Superliga Kosovo,0,KF Feronikeli,1351,1366.0,4 - 0,Drita Gjilan,1375,1360.0,4,0,Kosovo,domestic league (tier 1)
2018/09/29,Superliga Kosovo,0,KF Feronikeli,1376,1381.0,4 - 2,KF Liria,1215,1210.0,4,2,Kosovo,domestic league (tier 1)
2018/10/06,Superliga Kosovo,0,KF Feronikeli,1393,1394.0,4 - 1,KEK-u Kastriot,952,951.0,4,1,Kosovo,domestic league (tier 1)
2018/10/31,Superliga Kosovo,0,KF Feronikeli,1395,1399.0,2 - 1,FK Drenica,1269,1265.0,2,1,Kosovo,domestic league (tier 1)
2018/11/07,Superliga Kosovo,0,KF Feronikeli,1403,1392.0,0 - 1,KF Prishtina,1452,1463.0,0,1,Kosovo,domestic league (tier 1)
2018/11/12,Superliga Kosovo,0,KF Feronikeli,1392,1396.0,2 - 0,KF Ferizaj,1160,1156.0,2,0,Kosovo,domestic league (tier 1)
2018/12/01,Superliga Kosovo,0,KF Feronikeli,1398,1401.0,2 - 0,KF Flamurtari,1128,1125.0,2,0,Kosovo,domestic league (tier 1)
2019/02/24,Superliga Kosovo,0,KF Feronikeli,1412,1421.0,2 - 0,KF Llapi,1359,1350.0,2,0,Kosovo,domestic league (tier 1)
2019/03/10,Superliga Kosovo,0,KF Feronikeli,1426,1432.0,3 - 0,KF Gjilani,1239,1233.0,3,0,Kosovo,domestic league (tier 1)
2019/03/17,Superliga Kosovo,0,KF Feronikeli,1432,1440.0,5 - 0,KF Trepça89,1294,1286.0,5,0,Kosovo,domestic league (tier 1)
2019/04/04,Superliga Kosovo,0,KF Feronikeli,1435,1436.0,1 - 0,KF Ballkani,1097,1096.0,1,0,Kosovo,domestic league (tier 1)
2019/04/13,Superliga Kosovo,0,KF Feronikeli,1447,1429.0,1 - 2,KF Ferizaj,1158,1176.0,1,2,Kosovo,domestic league (tier 1)
2019/04/27,Superliga Kosovo,0,KF Feronikeli,1432,1436.0,2 - 0,KF Gjilani,1227,1223.0,2,0,Kosovo,domestic league (tier 1)
2019/05/11,Superliga Kosovo,0,KF Feronikeli,1444,1453.0,4 - 1,Drita Gjilan,1365,1356.0,4,1,Kosovo,domestic league (tier 1)
2019/05/19,Superliga Kosovo,0,KF Feronikeli,1471,1478.0,1 - 0,KF Prishtina,1479,1472.0,1,0,Kosovo,domestic league (tier 1)
2019/08/17,Superliga Kosovo,0,KF Feronikeli,1466,1471.0,4 - 1,FK Drenica,1250,1245.0,4,1,Kosovo,domestic league (tier 1)
2019/08/31,Superliga Kosovo,0,KF Feronikeli,1447,1454.0,1 - 0,KF Prishtina,1437,1430.0,1,0,Kosovo,domestic league (tier 1)
2019/09/19,Superliga Kosovo,0,KF Feronikeli,1443,1445.0,2 - 1,KF Flamurtari,1185,1183.0,2,1,Kosovo,domestic league (tier 1)
2019/09/28,Superliga Kosovo,0,KF Feronikeli,1450,1455.0,5 - 0,KF Ferizaj,1197,1192.0,5,0,Kosovo,domestic league (tier 1)
2019/10/02,Superliga Kosovo,0,KF Feronikeli,1455,1440.0,1 - 2,KF Llapi,1386,1401.0,1,2,Kosovo,domestic league (tier 1)
2019/10/18,Superliga Kosovo,0,KF Feronikeli,1438,1421.0,1 - 2,KF Gjilani,1261,1278.0,1,2,Kosovo,domestic league (tier 1)
2019/11/02,Superliga Kosovo,0,KF Feronikeli,1412,1387.0,0 - 2,KF Ballkani,1228,1253.0,0,2,Kosovo,domestic league (tier 1)
2019/11/09,Superliga Kosovo,0,KF Feronikeli,1401,1397.0,0 - 0,Drita Gjilan,1347,1351.0,0,0,Kosovo,domestic league (tier 1)
2019/12/02,Superliga Kosovo,0,KF Feronikeli,1393,1394.0,4 - 2,KF Dukagjini,971,970.0,4,2,Kosovo,domestic league (tier 1)
2020/02/29,Superliga Kosovo,0,KF Feronikeli,1381,1389.0,3 - 0,KF Trepça89,1269,1261.0,3,0,Kosovo,domestic league (tier 1)
2020/03/09,Superliga Kosovo,0,KF Feronikeli,1379,1381.0,2 - 0,FC Vushtrria,1006,1004.0,2,0,Kosovo,domestic league (tier 1)
2020/06/06,Superliga Kosovo,0,KF Feronikeli,1381,1383.0,3 - 1,FC Vushtrria,1004,1002.0,3,1,Kosovo,domestic league (tier 1)
2020/06/21,Superliga Kosovo,0,KF Feronikeli,1387,1392.0,2 - 1,KF Llapi,1282,1277.0,2,1,Kosovo,domestic league (tier 1)
2020/06/25,Superliga Kosovo,0,KF Feronikeli,1392,1386.0,0 - 0,FK Drenica,1248,1254.0,0,0,Kosovo,domestic league (tier 1)
2020/07/04,Superliga Kosovo,0,KF Feronikeli,1377,1355.0,0 - 2,KF Gjilani,1313,1335.0,0,2,Kosovo,domestic league (tier 1)
2020/07/13,Superliga Kosovo,0,KF Feronikeli,1349,1335.0,0 - 1,KF Ballkani,1310,1324.0,0,1,Kosovo,domestic league (tier 1)
2020/07/22,Superliga Kosovo,0,KF Feronikeli,1324,1309.0,1 - 2,KF Trepça89,1237,1252.0,1,2,Kosovo,domestic league (tier 1)
2020/09/20,Superliga Kosovo,0,KF Feronikeli,1320,1336.0,4 - 0,KF Gjilani,1376,1360.0,4,0,Kosovo,domestic league (tier 1)
2020/09/26,Superliga Kosovo,0,KF Feronikeli,1329,1324.0,2 - 2,FK Drenica,1231,1236.0,2,2,Kosovo,domestic league (tier 1)
2020/10/04,Superliga Kosovo,0,KF Feronikeli,1318,1308.0,1 - 2,Drita Gjilan,1413,1423.0,1,2,Kosovo,domestic league (tier 1)
2020/10/21,Superliga Kosovo,0,KF Feronikeli,1309,1299.0,1 - 2,KF Prishtina,1410,1420.0,1,2,Kosovo,domestic league (tier 1)
2020/10/27,Superliga Kosovo,0,KF Feronikeli,1295,1300.0,1 - 0,KF Llapi,1203,1198.0,1,0,Kosovo,domestic league (tier 1)
2020/11/05,Superliga Kosovo,0,KF Feronikeli,1305,1305.0,1 - 1,KF Ballkani,1395,1395.0,1,1,Kosovo,domestic league (tier 1)
2020/11/21,Superliga Kosovo,0,KF Feronikeli,1296,1298.0,1 - 0,KF Arbëria,1018,1016.0,1,0,Kosovo,domestic league (tier 1)
2020/11/29,Superliga Kosovo,0,KF Feronikeli,1304,1312.0,2 - 0,KF Trepça89,1227,1219.0,2,0,Kosovo,domestic league (tier 1)
2020/12/09,Superliga Kosovo,0,KF Feronikeli,1317,1320.0,3 - 0,Besa Pejë,1027,1024.0,3,0,Kosovo,domestic league (tier 1)
2021/02/15,Superliga Kosovo,0,KF Feronikeli,1310,1308.0,1 - 1,KF Gjilani,1356,1358.0,1,1,Kosovo,domestic league (tier 1)
2021/02/25,Superliga Kosovo,0,KF Feronikeli,1303,1280.0,1 - 3,FK Drenica,1189,1212.0,1,3,Kosovo,domestic league (tier 1)
2021/03/07,Superliga Kosovo,0,KF Feronikeli,1292,1283.0,0 - 1,Drita Gjilan,1414,1423.0,0,1,Kosovo,domestic league (tier 1)
2021/03/13,Superliga Kosovo,0,KF Feronikeli,1285,1304.0,2 - 0,KF Prishtina,1474,1455.0,2,0,Kosovo,domestic league (tier 1)
2021/04/04,Superliga Kosovo,0,KF Feronikeli,1288,1300.0,4 - 0,KF Llapi,1248,1236.0,4,0,Kosovo,domestic league (tier 1)
2021/04/18,Superliga Kosovo,0,KF Feronikeli,1294,1279.0,0 - 2,KF Ballkani,1390,1405.0,0,2,Kosovo,domestic league (tier 1)
2021/04/27,Superliga Kosovo,0,KF Feronikeli,1280,1263.0,0 - 1,KF Arbëria,1050,1067.0,0,1,Kosovo,domestic league (tier 1)
2021/05/05,Superliga Kosovo,0,KF Feronikeli,1258,1268.0,3 - 0,KF Trepça89,1200,1190.0,3,0,Kosovo,domestic league (tier 1)
2021/05/16,Superliga Kosovo,0,KF Feronikeli,1265,1268.0,3 - 1,Besa Pejë,988,985.0,3,1,Kosovo,domestic league (tier 1)
2021/08/29,Superliga Kosovo,0,KF Feronikeli,1266,1254.0,0 - 1,KF Gjilani,1284,1296.0,0,1,Kosovo,domestic league (tier 1)
2021/09/15,Superliga Kosovo,0,KF Feronikeli,1273,1275.0,1 - 0,KF Dukagjini,1005,1003.0,1,0,Kosovo,domestic league (tier 1)
2021/09/26,Superliga Kosovo,0,KF Feronikeli,1262,1246.0,0 - 4,KF Prishtina,1418,1434.0,0,4,Kosovo,domestic league (tier 1)
2021/10/03,Superliga Kosovo,0,KF Feronikeli,1253,1255.0,1 - 0,KF Ulpiana,1003,1001.0,1,0,Kosovo,domestic league (tier 1)
2021/10/19,Superliga Kosovo,0,KF Feronikeli,1241,1229.0,0 - 2,Drita Gjilan,1412,1424.0,0,2,Kosovo,domestic league (tier 1)
2021/10/30,Superliga Kosovo,0,KF Feronikeli,1224,1204.0,0 - 2,KF Llapi,1211,1231.0,0,2,Kosovo,domestic league (tier 1)
2021/11/20,Superliga Kosovo,0,KF Feronikeli,1192,1176.0,0 - 1,KF Malisheva,1035,1051.0,0,1,Kosovo,domestic league (tier 1)
2021/11/28,Superliga Kosovo,0,KF Feronikeli,1172,1166.0,0 - 1,KF Ballkani,1399,1405.0,0,1,Kosovo,domestic league (tier 1)
2021/12/11,Superliga Kosovo,0,KF Feronikeli,1165,1147.0,0 - 2,FK Drenica,1188,1206.0,0,2,Kosovo,domestic league (tier 1)
2022/02/20,Superliga Kosovo,0,KF Feronikeli,1143,1132.0,1 - 3,KF Gjilani,1344,1355.0,1,3,Kosovo,domestic league (tier 1)
2022/02/27,Superliga Kosovo,0,KF Feronikeli,1127,1101.0,0 - 3,KF Dukagjini,1045,1071.0,0,3,Kosovo,domestic league (tier 1)
2022/03/09,Superliga Kosovo,0,KF Feronikeli,1085,1074.0,0 - 3,KF Prishtina,1330,1341.0,0,3,Kosovo,domestic league (tier 1)
2022/03/19,Superliga Kosovo,0,KF Feronikeli,1071,1067.0,2 - 2,KF Ulpiana,1036,1040.0,2,2,Kosovo,domestic league (tier 1)
2022/04/10,Superliga Kosovo,0,KF Feronikeli,1058,1050.0,0 - 5,Drita Gjilan,1412,1420.0,0,5,Kosovo,domestic league (tier 1)
2022/04/23,Superliga Kosovo,0,KF Feronikeli,1047,1038.0,0 - 2,KF Llapi,1296,1305.0,0,2,Kosovo,domestic league (tier 1)
2022/05/01,Superliga Kosovo,0,KF Feronikeli,1029,1013.0,0 - 2,KF Malisheva,1117,1133.0,0,2,Kosovo,domestic league (tier 1)
2022/05/08,Superliga Kosovo,0,KF Feronikeli,1010,1006.0,0 - 2,KF Ballkani,1416,1420.0,0,2,Kosovo,domestic league (tier 1)
2022/05/22,Superliga Kosovo,0,KF Feronikeli,992,986.0,2 - 3,FK Drenica,1232,1238.0,2,3,Kosovo,domestic league (tier 1)
2023/08/26,Superliga Kosovo,0,KF Feronikeli,983,999.0,1 - 0,KF Gjilani,1310,1294.0,1,0,Kosovo,domestic league (tier 1)
2023/09/16,Superliga Kosovo,0,KF Feronikeli,995,985.0,0 - 3,KF Llapi,1253,1263.0,0,3,Kosovo,domestic league (tier 1)
2023/09/28,Superliga Kosovo,0,KF Feronikeli,1010,1006.0,0 - 2,KF Drita,1426,1430.0,0,2,Kosovo,domestic league (tier 1)
2023/10/07,Superliga Kosovo,0,KF Feronikeli,1014,1031.0,3 - 0,KF Fushë Kosova,1107,1090.0,3,0,Kosovo,domestic league (tier 1)
2023/10/21,Superliga Kosovo,0,KF Feronikeli,1031,1036.0,0 - 0,FC Prishtina,1307,1302.0,0,0,Kosovo,domestic league (tier 1)
2023/10/29,Superliga Kosovo,0,KF Feronikeli,1036,1033.0,0 - 3,KF Ballkani,1549,1552.0,0,3,Kosovo,domestic league (tier 1)
2023/11/04,Superliga Kosovo,0,KF Feronikeli,1030,1033.0,0 - 0,KF Malisheva,1233,1230.0,0,0,Kosovo,domestic league (tier 1)
2023/11/27,Superliga Kosovo,0,KF Feronikeli,1031,1040.0,2 - 1,KF Liria,1107,1098.0,2,1,Kosovo,domestic league (tier 1)
2023/12/10,Superliga Kosovo,0,KF Feronikeli,1038,1052.0,1 - 0,KF Dukagjini,1288,1274.0,1,0,Kosovo,domestic league (tier 1)
2024/02/21,Superliga Kosovo,0,KF Feronikeli,1072,1074.0,0 - 0,KF Gjilani,1244,1242.0,0,0,Kosovo,domestic league (tier 1)
2024/03/02,Superliga Kosovo,0,KF Feronikeli,1071,1066.0,0 - 1,KF Llapi,1342,1347.0,0,1,Kosovo,domestic league (tier 1)
2024/03/14,Superliga Kosovo,0,KF Feronikeli,1085,1081.0,0 - 1,KF Drita,1418,1422.0,0,1,Kosovo,domestic league (tier 1)
2024/03/31,Superliga Kosovo,0,KF Feronikeli,1078,1087.0,1 - 0,KF Fushë Kosova,1128,1119.0,1,0,Kosovo,domestic league (tier 1)
2024/04/07,Superliga Kosovo,0,KF Feronikeli,1087,1091.0,0 - 0,FC Prishtina,1323,1319.0,0,0,Kosovo,domestic league (tier 1)
2024/04/13,Superliga Kosovo,0,KF Feronikeli,1091,1086.0,0 - 2,KF Ballkani,1461,1466.0,0,2,Kosovo,domestic league (tier 1)
2024/04/27,Superliga Kosovo,0,KF Feronikeli,1093,1106.0,2 - 1,KF Malisheva,1310,1297.0,2,1,Kosovo,domestic league (tier 1)
2024/05/09,Superliga Kosovo,0,KF Feronikeli,1104,1114.0,4 - 1,KF Liria,1033,1023.0,4,1,Kosovo,domestic league (tier 1)
2024/05/18,Superliga Kosovo,0,KF Feronikeli,1122,1133.0,3 - 2,KF Dukagjini,1271,1260.0,3,2,Kosovo,domestic league (tier 1)
2024/08/18,Superliga Kosovo,0,KF Feronikeli,1145,1135.0,0 - 2,KF Llapi,1355,1365.0,0,2,Kosovo,domestic league (tier 1)
2024/08/31,Superliga Kosovo,0,KF Feronikeli,1133,1118.0,0 - 2,KF Dukagjini,1228,1243.0,0,2,Kosovo,domestic league (tier 1)
2024/09/29,Superliga Kosovo,0,KF Feronikeli,1101,1104.0,1 - 1,KF Malisheva,1327,1324.0,1,1,Kosovo,domestic league (tier 1)
2024/10/19,Superliga Kosovo,0,KF Feronikeli,1099,1105.0,0 - 0,KF Drita,1435,1429.0,0,0,Kosovo,domestic league (tier 1)
2024/10/25,Superliga Kosovo,0,KF Feronikeli,1105,1094.0,0 - 1,KF Ferizaj,1168,1179.0,0,1,Kosovo,domestic league (tier 1)
2024/11/04,Superliga Kosovo,0,KF Feronikeli,1102,1096.0,1 - 4,KF Ballkani,1468,1474.0,1,4,Kosovo,domestic league (tier 1)
2024/11/23,Superliga Kosovo,0,KF Feronikeli,1092,1078.0,0 - 3,KF Gjilani,1271,1285.0,0,3,Kosovo,domestic league (tier 1)
2024/11/29,Superliga Kosovo,0,KF Feronikeli,1078,1090.0,3 - 1,FC Suhareka,1096,1084.0,3,1,Kosovo,domestic league (tier 1)
2024/12/08,Superliga Kosovo,0,KF Feronikeli,1090,1094.0,0 - 0,KF Malisheva,1333,1329.0,0,0,Kosovo,domestic league (tier 1)
2024/12/15,Superliga Kosovo,0,KF Feronikeli,1094,1107.0,1 - 0,FC Prishtina,1318,1305.0,1,0,Kosovo,domestic league (tier 1)
2025/02/16,Superliga Kosovo,0,KF Feronikeli,1101,1087.0,0 - 3,KF Llapi,1266,1280.0,0,3,Kosovo,domestic league (tier 1)
2025/03/01,Superliga Kosovo,0,KF Feronikeli,1096,1107.0,1 - 0,KF Dukagjini,1227,1216.0,1,0,Kosovo,domestic league (tier 1)
2025/03/16,Superliga Kosovo,0,KF Feronikeli,1097,1101.0,0 - 0,KF Malisheva,1334,1330.0,0,0,Kosovo,domestic league (tier 1)
2025/04/04,Superliga Kosovo,0,KF Feronikeli,1098,1095.0,0 - 1,KF Drita,1469,1472.0,0,1,Kosovo,domestic league (tier 1)
2025/04/11,Superliga Kosovo,0,KF Feronikeli,1095,1086.0,0 - 1,KF Ferizaj,1215,1224.0,0,1,Kosovo,domestic league (tier 1)
2025/04/21,Superliga Kosovo,0,KF Feronikeli,1083,1089.0,3 - 3,KF Ballkani,1441,1435.0,3,3,Kosovo,domestic league (tier 1)
2025/05/02,Superliga Kosovo,0,KF Feronikeli,1085,1078.0,2 - 3,KF Gjilani,1280,1287.0,2,3,Kosovo,domestic league (tier 1)
2025/05/07,Superliga Kosovo,0,KF Feronikeli,1078,1059.0,1 - 3,FC Suhareka,1086,1105.0,1,3,Kosovo,domestic league (tier 1)
2025/05/17,Superliga Kosovo,0,KF Feronikeli,1057,1051.0,0 - 1,FC Prishtina,1286,1292.0,0,1,Kosovo,domestic league (tier 1)
2026/08/14,Superliga Kosovo,0,KF Feronikeli,1049,1040.0,1 - 3,KF Gjilani,1295,1304.0,1,3,Kosovo,domestic league (tier 1)
2026/08/29,Superliga Kosovo,0,KF Feronikeli,1038,1030.0,0 - 3,KF Malisheva,1363,1371.0,0,3,Kosovo,domestic league (tier 1)
2017/08/26,Superliga Kosovo,0,KF Flamurtari,1077,1071.0,0 - 2,KF Prishtina,1421,1427.0,0,2,Kosovo,domestic league (tier 1)
2017/09/16,Superliga Kosovo,0,KF Flamurtari,1072,1074.0,0 - 0,KF Liria,1235,1233.0,0,0,Kosovo,domestic league (tier 1)
2017/09/27,Superliga Kosovo,0,KF Flamurtari,1067,1074.0,2 - 1,KF Vllaznia,1059,1052.0,2,1,Kosovo,domestic league (tier 1)
2017/10/10,Superliga Kosovo,0,KF Flamurtari,1071,1076.0,2 - 2,KF Feronikeli,1349,1344.0,2,2,Kosovo,domestic league (tier 1)
2017/10/20,Superliga Kosovo,0,KF Flamurtari,1074,1054.0,0 - 3,KF Vëllaznimi,1121,1141.0,0,3,Kosovo,domestic league (tier 1)
2017/10/25,Superliga Kosovo,0,KF Flamurtari,1054,1059.0,2 - 2,KF Trepça89,1354,1349.0,2,2,Kosovo,domestic league (tier 1)
2017/11/04,Superliga Kosovo,0,KF Flamurtari,1057,1060.0,1 - 1,Drita Gjilan,1268,1265.0,1,1,Kosovo,domestic league (tier 1)
2017/11/17,Superliga Kosovo,0,KF Flamurtari,1060,1076.0,3 - 1,Besa Pejë,1183,1167.0,3,1,Kosovo,domestic league (tier 1)
2017/11/26,Superliga Kosovo,0,KF Flamurtari,1071,1064.0,1 - 2,FK Drenica,1264,1271.0,1,2,Kosovo,domestic league (tier 1)
2018/02/19,Superliga Kosovo,0,KF Flamurtari,1051,1045.0,0 - 1,KF Gjilani,1304,1310.0,0,1,Kosovo,domestic league (tier 1)
2018/03/03,Superliga Kosovo,0,KF Flamurtari,1043,1058.0,2 - 1,KF Llapi,1347,1332.0,2,1,Kosovo,domestic league (tier 1)
2018/03/18,Superliga Kosovo,0,KF Flamurtari,1059,1052.0,1 - 2,KF Liria,1282,1289.0,1,2,Kosovo,domestic league (tier 1)
2018/04/09,Superliga Kosovo,0,KF Flamurtari,1049,1043.0,0 - 2,KF Prishtina,1403,1409.0,0,2,Kosovo,domestic league (tier 1)
2018/04/22,Superliga Kosovo,0,KF Flamurtari,1039,1050.0,1 - 0,KF Vëllaznimi,1178,1167.0,1,0,Kosovo,domestic league (tier 1)
2018/05/06,Superliga Kosovo,0,KF Flamurtari,1085,1095.0,4 - 1,KF Vllaznia,1016,1006.0,4,1,Kosovo,domestic league (tier 1)
2018/05/18,Superliga Kosovo,0,KF Flamurtari,1091,1080.0,0 - 3,KF Feronikeli,1327,1338.0,0,3,Kosovo,domestic league (tier 1)
2018/08/19,Superliga Kosovo,0,KF Flamurtari,1080,1091.0,1 - 0,KF Ferizaj,1200,1189.0,1,0,Kosovo,domestic league (tier 1)
2018/09/02,Superliga Kosovo,0,KF Flamurtari,1119,1123.0,1 - 0,KEK-u Kastriot,977,973.0,1,0,Kosovo,domestic league (tier 1)
2018/09/12,Superliga Kosovo,0,KF Flamurtari,1123,1139.0,3 - 1,KF Liria,1237,1221.0,3,1,Kosovo,domestic league (tier 1)
2018/09/22,Superliga Kosovo,0,KF Flamurtari,1146,1136.0,1 - 3,KF Feronikeli,1366,1376.0,1,3,Kosovo,domestic league (tier 1)
2018/10/04,Superliga Kosovo,0,KF Flamurtari,1144,1145.0,1 - 1,KF Gjilani,1294,1293.0,1,1,Kosovo,domestic league (tier 1)
2018/10/16,Superliga Kosovo,0,KF Flamurtari,1152,1135.0,0 - 3,FK Drenica,1264,1281.0,0,3,Kosovo,domestic league (tier 1)
2018/10/30,Superliga Kosovo,0,KF Flamurtari,1139,1133.0,0 - 1,Drita Gjilan,1384,1390.0,0,1,Kosovo,domestic league (tier 1)
2018/11/24,Superliga Kosovo,0,KF Flamurtari,1135,1128.0,0 - 1,KF Llapi,1344,1351.0,0,1,Kosovo,domestic league (tier 1)
2019/02/18,Superliga Kosovo,0,KF Flamurtari,1125,1149.0,2 - 0,KF Prishtina,1467,1443.0,2,0,Kosovo,domestic league (tier 1)
2019/03/02,Superliga Kosovo,0,KF Flamurtari,1154,1141.0,0 - 2,KF Trepça89,1305,1318.0,0,2,Kosovo,domestic league (tier 1)
2019/03/10,Superliga Kosovo,0,KF Flamurtari,1146,1142.0,0 - 0,KF Ballkani,1091,1095.0,0,0,Kosovo,domestic league (tier 1)
2019/03/31,Superliga Kosovo,0,KF Flamurtari,1139,1144.0,0 - 0,KF Feronikeli,1440,1435.0,0,0,Kosovo,domestic league (tier 1)
2019/04/14,Superliga Kosovo,0,KF Flamurtari,1127,1135.0,1 - 0,KF Liria,1170,1162.0,1,0,Kosovo,domestic league (tier 1)
2019/04/29,Superliga Kosovo,0,KF Flamurtari,1126,1128.0,2 - 1,KEK-u Kastriot,883,881.0,2,1,Kosovo,domestic league (tier 1)
2019/05/10,Superliga Kosovo,0,KF Flamurtari,1143,1143.0,0 - 0,FK Drenica,1241,1241.0,0,0,Kosovo,domestic league (tier 1)
2019/05/19,Superliga Kosovo,0,KF Flamurtari,1160,1174.0,3 - 2,KF Llapi,1399,1385.0,3,2,Kosovo,domestic league (tier 1)
2019/08/17,Superliga Kosovo,0,KF Flamurtari,1174,1178.0,1 - 1,KF Prishtina,1441,1437.0,1,1,Kosovo,domestic league (tier 1)
2019/08/31,Superliga Kosovo,0,KF Flamurtari,1171,1180.0,1 - 0,KF Ferizaj,1228,1219.0,1,0,Kosovo,domestic league (tier 1)
2019/09/15,Superliga Kosovo,0,KF Flamurtari,1180,1185.0,2 - 0,KF Dukagjini,983,978.0,2,0,Kosovo,domestic league (tier 1)
2019/09/23,Superliga Kosovo,0,KF Flamurtari,1183,1169.0,1 - 5,KF Llapi,1371,1385.0,1,5,Kosovo,domestic league (tier 1)
2019/10/03,Superliga Kosovo,0,KF Flamurtari,1160,1142.0,1 - 4,KF Gjilani,1241,1259.0,1,4,Kosovo,domestic league (tier 1)
2019/10/19,Superliga Kosovo,0,KF Flamurtari,1141,1141.0,0 - 0,FK Drenica,1247,1247.0,0,0,Kosovo,domestic league (tier 1)
2019/11/03,Superliga Kosovo,0,KF Flamurtari,1130,1144.0,1 - 0,Drita Gjilan,1360,1346.0,1,0,Kosovo,domestic league (tier 1)
2019/11/23,Superliga Kosovo,0,KF Flamurtari,1145,1149.0,2 - 2,KF Feronikeli,1397,1393.0,2,2,Kosovo,domestic league (tier 1)
2020/02/16,Superliga Kosovo,0,KF Flamurtari,1178,1188.0,4 - 3,KF Trepça89,1277,1267.0,4,3,Kosovo,domestic league (tier 1)
2020/03/02,Superliga Kosovo,0,KF Flamurtari,1180,1185.0,2 - 0,FC Vushtrria,1015,1010.0,2,0,Kosovo,domestic league (tier 1)
2020/03/09,Superliga Kosovo,0,KF Flamurtari,1176,1186.0,2 - 1,KF Ballkani,1293,1283.0,2,1,Kosovo,domestic league (tier 1)
2020/06/12,Superliga Kosovo,0,KF Flamurtari,1183,1183.0,0 - 0,KF Ballkani,1279,1279.0,0,0,Kosovo,domestic league (tier 1)
2020/06/28,Superliga Kosovo,0,KF Flamurtari,1201,1208.0,3 - 2,KF Ferizaj,1180,1173.0,3,2,Kosovo,domestic league (tier 1)
2020/07/09,Superliga Kosovo,0,KF Flamurtari,1205,1207.0,4 - 3,KF Dukagjini,939,937.0,4,3,Kosovo,domestic league (tier 1)
2020/07/18,Superliga Kosovo,0,KF Flamurtari,1201,1212.0,1 - 0,KF Feronikeli,1335,1324.0,1,0,Kosovo,domestic league (tier 1)
2020/07/26,Superliga Kosovo,0,KF Flamurtari,1207,1199.0,0 - 1,KF Gjilani,1370,1378.0,0,1,Kosovo,domestic league (tier 1)
2023/08/27,Superliga Kosovo,0,KF Fushë Kosova,1122,1113.0,1 - 2,KF Llapi,1245,1254.0,1,2,Kosovo,domestic league (tier 1)
2023/09/16,Superliga Kosovo,0,KF Fushë Kosova,1106,1112.0,1 - 1,KF Drita,1424,1418.0,1,1,Kosovo,domestic league (tier 1)
2023/09/27,Superliga Kosovo,0,KF Fushë Kosova,1108,1104.0,0 - 2,KF Ballkani,1533,1537.0,0,2,Kosovo,domestic league (tier 1)
2023/10/02,Superliga Kosovo,0,KF Fushë Kosova,1104,1107.0,2 - 2,FC Prishtina,1306,1303.0,2,2,Kosovo,domestic league (tier 1)
2023/10/11,Superliga Kosovo,0,KF Fushë Kosova,1090,1109.0,2 - 0,KF Gjilani,1284,1265.0,2,0,Kosovo,domestic league (tier 1)
2023/10/28,Superliga Kosovo,0,KF Fushë Kosova,1105,1106.0,0 - 0,KF Malisheva,1224,1223.0,0,0,Kosovo,domestic league (tier 1)
2023/11/05,Superliga Kosovo,0,KF Fushë Kosova,1113,1124.0,2 - 0,KF Liria,1115,1104.0,2,0,Kosovo,domestic league (tier 1)
2023/11/28,Superliga Kosovo,0,KF Fushë Kosova,1122,1107.0,0 - 3,KF Dukagjini,1275,1290.0,0,3,Kosovo,domestic league (tier 1)
2023/12/16,Superliga Kosovo,0,KF Fushë Kosova,1103,1089.0,0 - 1,KF Feronikeli,1052,1066.0,0,1,Kosovo,domestic league (tier 1)
2024/02/10,Superliga Kosovo,0,KF Fushë Kosova,1089,1091.0,1 - 1,KF Gjilani,1246,1244.0,1,1,Kosovo,domestic league (tier 1)
2024/02/22,Superliga Kosovo,0,KF Fushë Kosova,1085,1075.0,0 - 3,KF Llapi,1336,1346.0,0,3,Kosovo,domestic league (tier 1)
2024/03/02,Superliga Kosovo,0,KF Fushë Kosova,1077,1093.0,1 - 0,KF Drita,1429,1413.0,1,0,Kosovo,domestic league (tier 1)
2024/03/13,Superliga Kosovo,0,KF Fushë Kosova,1100,1125.0,2 - 0,KF Ballkani,1492,1467.0,2,0,Kosovo,domestic league (tier 1)
2024/03/17,Superliga Kosovo,0,KF Fushë Kosova,1125,1128.0,0 - 0,FC Prishtina,1325,1322.0,0,0,Kosovo,domestic league (tier 1)
2024/04/14,Superliga Kosovo,0,KF Fushë Kosova,1111,1100.0,1 - 3,KF Malisheva,1312,1323.0,1,3,Kosovo,domestic league (tier 1)
2024/04/27,Superliga Kosovo,0,KF Fushë Kosova,1098,1076.0,0 - 2,KF Liria,1017,1039.0,0,2,Kosovo,domestic league (tier 1)
2024/05/09,Superliga Kosovo,0,KF Fushë Kosova,1074,1066.0,1 - 2,KF Dukagjini,1255,1263.0,1,2,Kosovo,domestic league (tier 1)
2024/05/25,Superliga Kosovo,0,KF Fushë Kosova,1058,1039.0,0 - 3,KF Feronikeli,1133,1152.0,0,3,Kosovo,domestic league (tier 1)
2016/08/21,Superliga Kosovo,0,KF Gjilani,1250,1237.0,1 - 2,KF Trepça89,1250,1263.0,1,2,Kosovo,domestic league (tier 1)
2016/08/28,Superliga Kosovo,0,KF Gjilani,1237,1244.0,2 - 1,KF Feronikeli,1237,1230.0,2,1,Kosovo,domestic league (tier 1)
2016/09/10,Superliga Kosovo,0,KF Gjilani,1257,1268.0,2 - 0,FK Drenica,1266,1255.0,2,0,Kosovo,domestic league (tier 1)
2016/09/25,Superliga Kosovo,0,KF Gjilani,1264,1260.0,0 - 0,KF Trepça,1210,1214.0,0,0,Kosovo,domestic league (tier 1)
2016/10/12,Superliga Kosovo,0,KF Gjilani,1271,1259.0,0 - 1,KF Llapi,1287,1299.0,0,1,Kosovo,domestic league (tier 1)
2016/10/23,Superliga Kosovo,0,KF Gjilani,1251,1257.0,1 - 0,KF Hajvalia,1195,1189.0,1,0,Kosovo,domestic league (tier 1)
2016/11/16,Superliga Kosovo,0,KF Gjilani,1260,1245.0,0 - 1,KF Ferizaj,1185,1200.0,0,1,Kosovo,domestic league (tier 1)
2016/11/26,Superliga Kosovo,0,KF Gjilani,1248,1260.0,1 - 0,KF Prishtina,1423,1411.0,1,0,Kosovo,domestic league (tier 1)
2017/02/26,Superliga Kosovo,0,KF Gjilani,1277,1272.0,1 - 1,Drita Gjilan,1203,1208.0,1,1,Kosovo,domestic league (tier 1)
2017/03/08,Superliga Kosovo,0,KF Gjilani,1266,1262.0,0 - 0,KF Liria,1234,1238.0,0,0,Kosovo,domestic league (tier 1)
2017/03/19,Superliga Kosovo,0,KF Gjilani,1271,1259.0,0 - 1,Besa Pejë,1289,1301.0,0,1,Kosovo,domestic league (tier 1)
2017/04/02,Superliga Kosovo,0,KF Gjilani,1259,1265.0,3 - 0,KF Hajvalia,1097,1091.0,3,0,Kosovo,domestic league (tier 1)
2017/04/06,Superliga Kosovo,0,KF Gjilani,1265,1274.0,2 - 0,KF Liria,1221,1212.0,2,0,Kosovo,domestic league (tier 1)
2017/04/15,Superliga Kosovo,0,KF Gjilani,1277,1275.0,1 - 1,KF Llapi,1314,1316.0,1,1,Kosovo,domestic league (tier 1)
2017/04/29,Superliga Kosovo,0,KF Gjilani,1271,1281.0,1 - 0,KF Feronikeli,1366,1356.0,1,0,Kosovo,domestic league (tier 1)
2017/05/10,Superliga Kosovo,0,KF Gjilani,1274,1286.0,4 - 1,FK Drenica,1260,1248.0,4,1,Kosovo,domestic league (tier 1)
2017/05/20,Superliga Kosovo,0,KF Gjilani,1287,1272.0,0 - 1,Drita Gjilan,1189,1204.0,0,1,Kosovo,domestic league (tier 1)
2017/08/20,Superliga Kosovo,0,KF Gjilani,1286,1292.0,2 - 1,Besa Pejë,1236,1230.0,2,1,Kosovo,domestic league (tier 1)
2017/08/27,Superliga Kosovo,0,KF Gjilani,1292,1291.0,1 - 1,KF Feronikeli,1365,1366.0,1,1,Kosovo,domestic league (tier 1)
2017/09/14,Superliga Kosovo,0,KF Gjilani,1296,1289.0,1 - 1,KF Vëllaznimi,1099,1106.0,1,1,Kosovo,domestic league (tier 1)
2017/09/23,Superliga Kosovo,0,KF Gjilani,1304,1305.0,0 - 0,KF Prishtina,1428,1427.0,0,0,Kosovo,domestic league (tier 1)
2017/10/02,Superliga Kosovo,0,KF Gjilani,1306,1309.0,1 - 0,KF Flamurtari,1074,1071.0,1,0,Kosovo,domestic league (tier 1)
2017/10/15,Superliga Kosovo,0,KF Gjilani,1310,1316.0,2 - 1,FK Drenica,1247,1241.0,2,1,Kosovo,domestic league (tier 1)
2017/11/05,Superliga Kosovo,0,KF Gjilani,1304,1317.0,2 - 0,KF Llapi,1363,1350.0,2,0,Kosovo,domestic league (tier 1)
2017/11/22,Superliga Kosovo,0,KF Gjilani,1315,1313.0,0 - 0,KF Trepça89,1347,1349.0,0,0,Kosovo,domestic league (tier 1)
2017/12/03,Superliga Kosovo,0,KF Gjilani,1308,1304.0,0 - 0,Drita Gjilan,1279,1283.0,0,0,Kosovo,domestic league (tier 1)
2018/02/25,Superliga Kosovo,0,KF Gjilani,1310,1316.0,1 - 0,KF Liria,1262,1256.0,1,0,Kosovo,domestic league (tier 1)
2018/03/11,Superliga Kosovo,0,KF Gjilani,1307,1309.0,1 - 0,KF Vllaznia,1041,1039.0,1,0,Kosovo,domestic league (tier 1)
2018/03/15,Superliga Kosovo,0,KF Gjilani,1309,1301.0,0 - 0,KF Flamurtari,1051,1059.0,0,0,Kosovo,domestic league (tier 1)
2018/04/01,Superliga Kosovo,0,KF Gjilani,1288,1293.0,4 - 0,KF Vllaznia,1042,1037.0,4,0,Kosovo,domestic league (tier 1)
2018/04/13,Superliga Kosovo,0,KF Gjilani,1286,1285.0,0 - 0,KF Feronikeli,1346,1347.0,0,0,Kosovo,domestic league (tier 1)
2018/04/21,Superliga Kosovo,0,KF Gjilani,1285,1299.0,2 - 0,KF Trepça89,1368,1354.0,2,0,Kosovo,domestic league (tier 1)
2018/05/02,Superliga Kosovo,0,KF Gjilani,1291,1290.0,1 - 1,Drita Gjilan,1370,1371.0,1,1,Kosovo,domestic league (tier 1)
2018/05/12,Superliga Kosovo,0,KF Gjilani,1286,1283.0,1 - 1,FK Drenica,1271,1274.0,1,1,Kosovo,domestic league (tier 1)
2018/09/02,Superliga Kosovo,0,KF Gjilani,1288,1297.0,1 - 0,KF Trepça89,1343,1334.0,1,0,Kosovo,domestic league (tier 1)
2018/09/15,Superliga Kosovo,0,KF Gjilani,1299,1272.0,1 - 3,KF Ballkani,1000,1027.0,1,3,Kosovo,domestic league (tier 1)
2018/09/30,Superliga Kosovo,0,KF Gjilani,1284,1294.0,1 - 0,Drita Gjilan,1369,1359.0,1,0,Kosovo,domestic league (tier 1)
2018/10/07,Superliga Kosovo,0,KF Gjilani,1293,1278.0,0 - 1,KF Liria,1203,1218.0,0,1,Kosovo,domestic league (tier 1)
2018/10/21,Superliga Kosovo,0,KF Gjilani,1269,1280.0,1 - 0,KF Feronikeli,1394,1383.0,1,0,Kosovo,domestic league (tier 1)
2018/10/27,Superliga Kosovo,0,KF Gjilani,1280,1265.0,0 - 3,KF Prishtina,1422,1437.0,0,3,Kosovo,domestic league (tier 1)
2018/10/31,Superliga Kosovo,0,KF Gjilani,1265,1267.0,2 - 0,KEK-u Kastriot,947,945.0,2,0,Kosovo,domestic league (tier 1)
2018/11/11,Superliga Kosovo,0,KF Gjilani,1271,1278.0,1 - 0,FK Drenica,1257,1250.0,1,0,Kosovo,domestic league (tier 1)
2018/12/01,Superliga Kosovo,0,KF Gjilani,1255,1260.0,1 - 0,KF Ferizaj,1161,1156.0,1,0,Kosovo,domestic league (tier 1)
2019/02/23,Superliga Kosovo,0,KF Gjilani,1253,1248.0,0 - 0,KF Flamurtari,1149,1154.0,0,0,Kosovo,domestic league (tier 1)
2019/03/06,Superliga Kosovo,0,KF Gjilani,1249,1239.0,0 - 1,KF Llapi,1360,1370.0,0,1,Kosovo,domestic league (tier 1)
2019/03/17,Superliga Kosovo,0,KF Gjilani,1233,1235.0,2 - 0,KEK-u Kastriot,898,896.0,2,0,Kosovo,domestic league (tier 1)
2019/03/30,Superliga Kosovo,0,KF Gjilani,1235,1234.0,1 - 1,KF Trepça89,1286,1287.0,1,1,Kosovo,domestic league (tier 1)
2019/04/07,Superliga Kosovo,0,KF Gjilani,1237,1238.0,0 - 0,Drita Gjilan,1383,1382.0,0,0,Kosovo,domestic league (tier 1)
2019/04/20,Superliga Kosovo,0,KF Gjilani,1234,1227.0,0 - 1,KF Prishtina,1458,1465.0,0,1,Kosovo,domestic league (tier 1)
2019/05/05,Superliga Kosovo,0,KF Gjilani,1223,1208.0,0 - 1,KF Flamurtari,1128,1143.0,0,1,Kosovo,domestic league (tier 1)
2019/05/16,Superliga Kosovo,0,KF Gjilani,1198,1209.0,4 - 0,KF Liria,1148,1137.0,4,0,Kosovo,domestic league (tier 1)
2019/09/01,Superliga Kosovo,0,KF Gjilani,1224,1228.0,2 - 0,FC Vushtrria,993,989.0,2,0,Kosovo,domestic league (tier 1)
2019/09/18,Superliga Kosovo,0,KF Gjilani,1249,1255.0,1 - 0,KF Ballkani,1181,1175.0,1,0,Kosovo,domestic league (tier 1)
2019/09/29,Superliga Kosovo,0,KF Gjilani,1251,1241.0,0 - 1,Drita Gjilan,1334,1344.0,0,1,Kosovo,domestic league (tier 1)
2019/10/08,Superliga Kosovo,0,KF Gjilani,1259,1261.0,1 - 0,KF Dukagjini,979,977.0,1,0,Kosovo,domestic league (tier 1)
2019/10/23,Superliga Kosovo,0,KF Gjilani,1278,1296.0,3 - 0,KF Llapi,1383,1365.0,3,0,Kosovo,domestic league (tier 1)
2019/10/27,Superliga Kosovo,0,KF Gjilani,1296,1275.0,0 - 2,KF Trepça89,1254,1275.0,0,2,Kosovo,domestic league (tier 1)
2019/11/03,Superliga Kosovo,0,KF Gjilani,1275,1284.0,4 - 0,KF Ferizaj,1177,1168.0,4,0,Kosovo,domestic league (tier 1)
2019/11/10,Superliga Kosovo,0,KF Gjilani,1292,1289.0,1 - 1,FK Drenica,1266,1269.0,1,1,Kosovo,domestic league (tier 1)
2019/12/01,Superliga Kosovo,0,KF Gjilani,1281,1283.0,0 - 0,KF Prishtina,1434,1432.0,0,0,Kosovo,domestic league (tier 1)
2020/02/23,Superliga Kosovo,0,KF Gjilani,1275,1283.0,2 - 0,KF Flamurtari,1188,1180.0,2,0,Kosovo,domestic league (tier 1)
2020/03/04,Superliga Kosovo,0,KF Gjilani,1292,1302.0,2 - 1,KF Feronikeli,1389,1379.0,2,1,Kosovo,domestic league (tier 1)
2020/06/07,Superliga Kosovo,0,KF Gjilani,1295,1291.0,1 - 1,KF Trepça89,1233,1237.0,1,1,Kosovo,domestic league (tier 1)
2020/06/20,Superliga Kosovo,0,KF Gjilani,1309,1312.0,3 - 0,FC Vushtrria,998,995.0,3,0,Kosovo,domestic league (tier 1)
2020/06/29,Superliga Kosovo,0,KF Gjilani,1317,1313.0,2 - 2,KF Llapi,1279,1283.0,2,2,Kosovo,domestic league (tier 1)
2020/07/08,Superliga Kosovo,0,KF Gjilani,1335,1345.0,2 - 1,KF Prishtina,1451,1441.0,2,1,Kosovo,domestic league (tier 1)
2020/07/12,Superliga Kosovo,0,KF Gjilani,1345,1352.0,2 - 0,FK Drenica,1239,1232.0,2,0,Kosovo,domestic league (tier 1)
2020/07/22,Superliga Kosovo,0,KF Gjilani,1374,1370.0,2 - 2,KF Ballkani,1324,1328.0,2,2,Kosovo,domestic league (tier 1)
2020/09/27,Superliga Kosovo,0,KF Gjilani,1369,1366.0,0 - 0,KF Ballkani,1354,1357.0,0,0,Kosovo,domestic league (tier 1)
2020/10/05,Superliga Kosovo,0,KF Gjilani,1365,1367.0,3 - 1,KF Arbëria,1014,1012.0,3,1,Kosovo,domestic league (tier 1)
2020/10/21,Superliga Kosovo,0,KF Gjilani,1371,1365.0,0 - 0,KF Trepça89,1239,1245.0,0,0,Kosovo,domestic league (tier 1)
2020/10/28,Superliga Kosovo,0,KF Gjilani,1386,1388.0,1 - 0,Besa Pejë,1060,1058.0,1,0,Kosovo,domestic league (tier 1)
2020/10/31,Superliga Kosovo,0,KF Gjilani,1388,1383.0,0 - 0,KF Feronikeli,1300,1305.0,0,0,Kosovo,domestic league (tier 1)
2020/11/05,Superliga Kosovo,0,KF Gjilani,1383,1388.0,2 - 0,KF Llapi,1191,1186.0,2,0,Kosovo,domestic league (tier 1)
2020/11/21,Superliga Kosovo,0,KF Gjilani,1388,1392.0,1 - 0,FK Drenica,1245,1241.0,1,0,Kosovo,domestic league (tier 1)
2020/11/29,Superliga Kosovo,0,KF Gjilani,1375,1364.0,2 - 3,Drita Gjilan,1430,1441.0,2,3,Kosovo,domestic league (tier 1)
2020/12/09,Superliga Kosovo,0,KF Gjilani,1344,1324.0,0 - 3,KF Prishtina,1401,1421.0,0,3,Kosovo,domestic league (tier 1)
2021/02/24,Superliga Kosovo,0,KF Gjilani,1341,1339.0,1 - 1,KF Ballkani,1386,1388.0,1,1,Kosovo,domestic league (tier 1)
2021/03/06,Superliga Kosovo,0,KF Gjilani,1338,1330.0,1 - 1,KF Arbëria,1055,1063.0,1,1,Kosovo,domestic league (tier 1)
2021/03/14,Superliga Kosovo,0,KF Gjilani,1323,1328.0,2 - 1,KF Trepça89,1244,1239.0,2,1,Kosovo,domestic league (tier 1)
2021/04/05,Superliga Kosovo,0,KF Gjilani,1334,1337.0,5 - 1,Besa Pejë,995,992.0,5,1,Kosovo,domestic league (tier 1)
2021/04/10,Superliga Kosovo,0,KF Gjilani,1337,1343.0,1 - 0,KF Feronikeli,1300,1294.0,1,0,Kosovo,domestic league (tier 1)
2021/04/17,Superliga Kosovo,0,KF Gjilani,1343,1320.0,0 - 2,KF Llapi,1225,1248.0,0,2,Kosovo,domestic league (tier 1)
2021/04/28,Superliga Kosovo,0,KF Gjilani,1315,1310.0,0 - 0,FK Drenica,1224,1229.0,0,0,Kosovo,domestic league (tier 1)
2021/05/05,Superliga Kosovo,0,KF Gjilani,1316,1316.0,1 - 1,Drita Gjilan,1433,1433.0,1,1,Kosovo,domestic league (tier 1)
2021/05/16,Superliga Kosovo,0,KF Gjilani,1305,1298.0,1 - 2,KF Prishtina,1498,1505.0,1,2,Kosovo,domestic league (tier 1)
2021/09/12,Superliga Kosovo,0,KF Gjilani,1296,1288.0,0 - 0,KF Dukagjini,997,1005.0,0,0,Kosovo,domestic league (tier 1)
2021/09/19,Superliga Kosovo,0,KF Gjilani,1294,1276.0,2 - 3,KF Ulpiana,979,997.0,2,3,Kosovo,domestic league (tier 1)
2021/09/29,Superliga Kosovo,0,KF Gjilani,1301,1306.0,2 - 1,KF Llapi,1191,1186.0,2,1,Kosovo,domestic league (tier 1)
2021/10/16,Superliga Kosovo,0,KF Gjilani,1302,1303.0,1 - 1,KF Ballkani,1421,1420.0,1,1,Kosovo,domestic league (tier 1)
2021/10/20,Superliga Kosovo,0,KF Gjilani,1303,1309.0,2 - 1,FK Drenica,1257,1251.0,2,1,Kosovo,domestic league (tier 1)
2021/10/24,Superliga Kosovo,0,KF Gjilani,1309,1314.0,1 - 0,KF Feronikeli,1229,1224.0,1,0,Kosovo,domestic league (tier 1)
2021/11/07,Superliga Kosovo,0,KF Gjilani,1309,1309.0,1 - 1,KF Prishtina,1405,1405.0,1,1,Kosovo,domestic league (tier 1)
2021/11/25,Superliga Kosovo,0,KF Gjilani,1315,1325.0,1 - 0,Drita Gjilan,1427,1417.0,1,0,Kosovo,domestic league (tier 1)
2021/12/04,Superliga Kosovo,0,KF Gjilani,1327,1330.0,3 - 1,KF Malisheva,1067,1064.0,3,1,Kosovo,domestic league (tier 1)
2022/02/24,Superliga Kosovo,0,KF Gjilani,1355,1357.0,2 - 1,KF Dukagjini,1047,1045.0,2,1,Kosovo,domestic league (tier 1)
2022/03/06,Superliga Kosovo,0,KF Gjilani,1360,1363.0,2 - 0,KF Ulpiana,1044,1041.0,2,0,Kosovo,domestic league (tier 1)
2022/03/13,Superliga Kosovo,0,KF Gjilani,1367,1362.0,1 - 1,KF Llapi,1294,1299.0,1,1,Kosovo,domestic league (tier 1)
2022/04/03,Superliga Kosovo,0,KF Gjilani,1358,1357.0,1 - 1,KF Ballkani,1420,1421.0,1,1,Kosovo,domestic league (tier 1)
2022/04/09,Superliga Kosovo,0,KF Gjilani,1357,1365.0,5 - 0,FK Drenica,1206,1198.0,5,0,Kosovo,domestic league (tier 1)
2022/04/16,Superliga Kosovo,0,KF Gjilani,1365,1368.0,5 - 1,KF Feronikeli,1050,1047.0,5,1,Kosovo,domestic league (tier 1)
2022/04/27,Superliga Kosovo,0,KF Gjilani,1347,1334.0,1 - 2,KF Prishtina,1330,1343.0,1,2,Kosovo,domestic league (tier 1)
2022/05/04,Superliga Kosovo,0,KF Gjilani,1343,1342.0,0 - 0,Drita Gjilan,1398,1399.0,0,0,Kosovo,domestic league (tier 1)
2022/05/15,Superliga Kosovo,0,KF Gjilani,1360,1343.0,3 - 4,KF Malisheva,1150,1167.0,3,4,Kosovo,domestic league (tier 1)
2022/08/13,Superliga Kosovo,0,KF Gjilani,1333,1336.0,3 - 2,KF Ferizaj,1110,1107.0,3,2,Kosovo,domestic league (tier 1)
2022/08/21,Superliga Kosovo,0,KF Gjilani,1336,1340.0,1 - 0,KF Malisheva,1173,1169.0,1,0,Kosovo,domestic league (tier 1)
2022/08/27,Superliga Kosovo,0,KF Gjilani,1340,1346.0,3 - 1,KF Trepça89,1208,1202.0,3,1,Kosovo,domestic league (tier 1)
2022/09/11,Superliga Kosovo,0,KF Gjilani,1354,1351.0,1 - 1,FC Prishtina,1344,1347.0,1,1,Kosovo,domestic league (tier 1)
2022/09/17,Superliga Kosovo,0,KF Gjilani,1342,1327.0,0 - 1,KF Llapi,1245,1260.0,0,1,Kosovo,domestic league (tier 1)
2022/10/20,Superliga Kosovo,0,KF Gjilani,1325,1302.0,0 - 2,FK Drenica,1223,1246.0,0,2,Kosovo,domestic league (tier 1)
2022/10/30,Superliga Kosovo,0,KF Gjilani,1302,1307.0,1 - 0,KF Dukagjini,1191,1186.0,1,0,Kosovo,domestic league (tier 1)
2022/11/10,Superliga Kosovo,0,KF Gjilani,1311,1312.0,1 - 1,Drita Gjilan,1430,1429.0,1,1,Kosovo,domestic league (tier 1)
2022/11/27,Superliga Kosovo,0,KF Gjilani,1324,1307.0,0 - 3,KF Ballkani,1427,1444.0,0,3,Kosovo,domestic league (tier 1)
2023/02/11,Superliga Kosovo,0,KF Gjilani,1307,1300.0,0 - 0,KF Ferizaj,1093,1100.0,0,0,Kosovo,domestic league (tier 1)
2023/02/19,Superliga Kosovo,0,KF Gjilani,1300,1294.0,2 - 2,KF Malisheva,1182,1188.0,2,2,Kosovo,domestic league (tier 1)
2023/02/26,Superliga Kosovo,0,KF Gjilani,1304,1309.0,1 - 0,KF Trepça89,1199,1194.0,1,0,Kosovo,domestic league (tier 1)
2023/03/09,Superliga Kosovo,0,KF Gjilani,1319,1316.0,0 - 0,FC Prishtina,1327,1330.0,0,0,Kosovo,domestic league (tier 1)
2023/03/19,Superliga Kosovo,0,KF Gjilani,1312,1308.0,2 - 2,KF Llapi,1259,1263.0,2,2,Kosovo,domestic league (tier 1)
2023/04/23,Superliga Kosovo,0,KF Gjilani,1301,1305.0,1 - 0,FK Drenica,1145,1141.0,1,0,Kosovo,domestic league (tier 1)
2023/05/03,Superliga Kosovo,0,KF Gjilani,1305,1314.0,2 - 0,KF Dukagjini,1255,1246.0,2,0,Kosovo,domestic league (tier 1)
2023/05/14,Superliga Kosovo,0,KF Gjilani,1317,1318.0,1 - 1,Drita Gjilan,1438,1437.0,1,1,Kosovo,domestic league (tier 1)
2023/05/28,Superliga Kosovo,0,KF Gjilani,1319,1320.0,0 - 0,KF Ballkani,1453,1452.0,0,0,Kosovo,domestic league (tier 1)
2023/08/21,Superliga Kosovo,0,KF Gjilani,1313,1310.0,0 - 0,FC Prishtina,1312,1315.0,0,0,Kosovo,domestic league (tier 1)
2023/09/16,Superliga Kosovo,0,KF Gjilani,1292,1298.0,1 - 0,KF Malisheva,1258,1252.0,1,0,Kosovo,domestic league (tier 1)
2023/09/27,Superliga Kosovo,0,KF Gjilani,1290,1294.0,1 - 0,KF Liria,1123,1119.0,1,0,Kosovo,domestic league (tier 1)
2023/10/07,Superliga Kosovo,0,KF Gjilani,1288,1284.0,1 - 1,KF Dukagjini,1255,1259.0,1,1,Kosovo,domestic league (tier 1)
2023/10/21,Superliga Kosovo,0,KF Gjilani,1265,1269.0,1 - 0,KF Fushë Kosova,1109,1105.0,1,0,Kosovo,domestic league (tier 1)
2023/11/01,Superliga Kosovo,0,KF Gjilani,1263,1266.0,2 - 1,KF Feronikeli,1033,1030.0,2,1,Kosovo,domestic league (tier 1)
2023/11/26,Superliga Kosovo,0,KF Gjilani,1258,1240.0,0 - 2,KF Llapi,1279,1297.0,0,2,Kosovo,domestic league (tier 1)
2023/12/10,Superliga Kosovo,0,KF Gjilani,1256,1248.0,0 - 1,KF Drita,1422,1430.0,0,1,Kosovo,domestic league (tier 1)
2023/12/24,Superliga Kosovo,0,KF Gjilani,1241,1246.0,0 - 0,KF Ballkani,1523,1518.0,0,0,Kosovo,domestic league (tier 1)
2024/02/16,Superliga Kosovo,0,KF Gjilani,1244,1244.0,1 - 1,FC Prishtina,1333,1333.0,1,1,Kosovo,domestic league (tier 1)
2024/03/03,Superliga Kosovo,0,KF Gjilani,1250,1238.0,2 - 3,KF Malisheva,1291,1303.0,2,3,Kosovo,domestic league (tier 1)
2024/03/13,Superliga Kosovo,0,KF Gjilani,1233,1238.0,3 - 0,KF Liria,1033,1028.0,3,0,Kosovo,domestic league (tier 1)
2024/03/31,Superliga Kosovo,0,KF Gjilani,1245,1242.0,1 - 1,KF Dukagjini,1256,1259.0,1,1,Kosovo,domestic league (tier 1)
2024/04/06,Superliga Kosovo,0,KF Gjilani,1242,1250.0,4 - 0,KF Fushë Kosova,1119,1111.0,4,0,Kosovo,domestic league (tier 1)
2024/04/20,Superliga Kosovo,0,KF Gjilani,1272,1265.0,1 - 1,KF Feronikeli,1086,1093.0,1,1,Kosovo,domestic league (tier 1)
2024/04/28,Superliga Kosovo,0,KF Gjilani,1265,1254.0,0 - 2,KF Ballkani,1462,1473.0,0,2,Kosovo,domestic league (tier 1)
2024/05/09,Superliga Kosovo,0,KF Gjilani,1258,1258.0,1 - 1,KF Llapi,1364,1364.0,1,1,Kosovo,domestic league (tier 1)
2024/05/18,Superliga Kosovo,0,KF Gjilani,1267,1279.0,2 - 1,KF Drita,1433,1421.0,2,1,Kosovo,domestic league (tier 1)
2024/08/19,Superliga Kosovo,0,KF Gjilani,1301,1304.0,1 - 1,KF Ballkani,1497,1494.0,1,1,Kosovo,domestic league (tier 1)
2024/09/16,Superliga Kosovo,0,KF Gjilani,1280,1285.0,2 - 0,KF Feronikeli,1118,1113.0,2,0,Kosovo,domestic league (tier 1)
2024/09/29,Superliga Kosovo,0,KF Gjilani,1279,1287.0,2 - 1,FC Prishtina,1307,1299.0,2,1,Kosovo,domestic league (tier 1)
2024/10/18,Superliga Kosovo,0,KF Gjilani,1293,1277.0,1 - 2,KF Ferizaj,1152,1168.0,1,2,Kosovo,domestic league (tier 1)
2024/10/26,Superliga Kosovo,0,KF Gjilani,1277,1286.0,2 - 1,KF Llapi,1351,1342.0,2,1,Kosovo,domestic league (tier 1)
2024/11/02,Superliga Kosovo,0,KF Gjilani,1293,1278.0,1 - 2,KF Dukagjini,1209,1224.0,1,2,Kosovo,domestic league (tier 1)
2024/11/09,Superliga Kosovo,0,KF Gjilani,1278,1271.0,1 - 1,FC Suhareka,1092,1099.0,1,1,Kosovo,domestic league (tier 1)
2024/12/01,Superliga Kosovo,0,KF Gjilani,1285,1273.0,0 - 1,KF Malisheva,1321,1333.0,0,1,Kosovo,domestic league (tier 1)
2024/12/15,Superliga Kosovo,0,KF Gjilani,1277,1290.0,1 - 0,KF Drita,1470,1457.0,1,0,Kosovo,domestic league (tier 1)
2025/02/16,Superliga Kosovo,0,KF Gjilani,1287,1299.0,2 - 1,KF Ballkani,1469,1457.0,2,1,Kosovo,domestic league (tier 1)
2025/03/09,Superliga Kosovo,0,KF Gjilani,1308,1311.0,1 - 0,KF Feronikeli,1107,1104.0,1,0,Kosovo,domestic league (tier 1)
2025/03/15,Superliga Kosovo,0,KF Gjilani,1299,1296.0,1 - 1,FC Prishtina,1276,1279.0,1,1,Kosovo,domestic league (tier 1)
2025/04/05,Superliga Kosovo,0,KF Gjilani,1289,1295.0,1 - 0,KF Ferizaj,1221,1215.0,1,0,Kosovo,domestic league (tier 1)
2025/04/13,Superliga Kosovo,0,KF Gjilani,1295,1282.0,2 - 3,KF Llapi,1276,1289.0,2,3,Kosovo,domestic league (tier 1)
2025/04/21,Superliga Kosovo,0,KF Gjilani,1278,1274.0,1 - 1,KF Dukagjini,1226,1230.0,1,1,Kosovo,domestic league (tier 1)
2025/04/26,Superliga Kosovo,0,KF Gjilani,1274,1280.0,3 - 0,FC Suhareka,1100,1094.0,3,0,Kosovo,domestic league (tier 1)
2025/05/06,Superliga Kosovo,0,KF Gjilani,1287,1284.0,0 - 0,KF Malisheva,1295,1298.0,0,0,Kosovo,domestic league (tier 1)
2025/05/17,Superliga Kosovo,0,KF Gjilani,1297,1298.0,0 - 0,KF Drita,1445,1444.0,0,0,Kosovo,domestic league (tier 1)
2025/08/18,Superliga Kosovo,0,KF Gjilani,1299,1300.0,1 - 1,KF Ballkani,1423,1422.0,1,1,Kosovo,domestic league (tier 1)
2025/08/31,Superliga Kosovo,0,KF Gjilani,1287,1300.0,3 - 1,FC Prishtina,1329,1316.0,3,1,Kosovo,domestic league (tier 1)
2025/09/14,Superliga Kosovo,0,KF Gjilani,1300,1279.0,1 - 3,KF Malisheva,1242,1263.0,1,3,Kosovo,domestic league (tier 1)
2025/09/25,Superliga Kosovo,0,KF Gjilani,1291,1274.0,0 - 1,FK Drenica,1115,1132.0,0,1,Kosovo,domestic league (tier 1)
2025/10/06,Superliga Kosovo,0,KF Gjilani,1261,1253.0,1 - 2,KF Drita,1448,1456.0,1,2,Kosovo,domestic league (tier 1)
2025/10/28,Superliga Kosovo,0,KF Gjilani,1269,1250.0,0 - 2,KF Dukagjini,1264,1283.0,0,2,Kosovo,domestic league (tier 1)
2025/11/23,Superliga Kosovo,0,KF Gjilani,1269,1265.0,2 - 2,KF Ferizaj,1214,1218.0,2,2,Kosovo,domestic league (tier 1)
2025/12/07,Superliga Kosovo,0,KF Gjilani,1275,1289.0,3 - 0,KF Llapi,1299,1285.0,3,0,Kosovo,domestic league (tier 1)
2025/12/21,Superliga Kosovo,0,KF Gjilani,1295,1298.0,3 - 2,KF Prishtina e Re,1111,1108.0,3,2,Kosovo,domestic league (tier 1)
2026/02/08,Superliga Kosovo,0,KF Gjilani,1298,1289.0,1 - 2,KF Ballkani,1424,1433.0,1,2,Kosovo,domestic league (tier 1)
2026/02/22,Superliga Kosovo,0,KF Gjilani,1292,1300.0,1 - 0,FC Prishtina,1319,1311.0,1,0,Kosovo,domestic league (tier 1)
2026/02/28,Superliga Kosovo,0,KF Gjilani,1300,1308.0,2 - 1,KF Malisheva,1313,1305.0,2,1,Kosovo,domestic league (tier 1)
2026/03/14,Superliga Kosovo,0,KF Gjilani,1318,1301.0,0 - 1,FK Drenica,1116,1133.0,0,1,Kosovo,domestic league (tier 1)
2026/03/22,Superliga Kosovo,0,KF Gjilani,1313,1304.0,0 - 1,KF Drita,1457,1466.0,0,1,Kosovo,domestic league (tier 1)
2026/04/19,Superliga Kosovo,0,KF Gjilani,1317,1303.0,2 - 3,KF Dukagjini,1261,1275.0,2,3,Kosovo,domestic league (tier 1)
2026/05/03,Superliga Kosovo,0,KF Gjilani,1294,1289.0,1 - 1,KF Ferizaj,1205,1210.0,1,1,Kosovo,domestic league (tier 1)
2026/05/17,Superliga Kosovo,0,KF Gjilani,1279,1266.0,1 - 2,KF Llapi,1263,1276.0,1,2,Kosovo,domestic league (tier 1)
2026/05/31,Superliga Kosovo,0,KF Gjilani,1291,1295.0,3 - 2,KF Prishtina e Re,1122,1118.0,3,2,Kosovo,domestic league (tier 1)
2026/08/29,Superliga Kosovo,0,KF Gjilani,1323,1320.0,2 - 2,KF Dukagjini,1302,1305.0,2,2,Kosovo,domestic league (tier 1)
2016/08/28,Superliga Kosovo,0,KF Hajvalia,1237,1225.0,0 - 1,FK Drenica,1257,1269.0,0,1,Kosovo,domestic league (tier 1)
2016/09/10,Superliga Kosovo,0,KF Hajvalia,1219,1216.0,1 - 1,KF Trepça,1208,1211.0,1,1,Kosovo,domestic league (tier 1)
2016/09/24,Superliga Kosovo,0,KF Hajvalia,1229,1211.0,0 - 2,KF Llapi,1262,1280.0,0,2,Kosovo,domestic league (tier 1)
2016/10/15,Superliga Kosovo,0,KF Hajvalia,1195,1195.0,0 - 0,Besa Pejë,1291,1291.0,0,0,Kosovo,domestic league (tier 1)
2016/10/28,Superliga Kosovo,0,KF Hajvalia,1189,1179.0,2 - 3,KF Feronikeli,1304,1314.0,2,3,Kosovo,domestic league (tier 1)
2016/11/02,Superliga Kosovo,0,KF Hajvalia,1179,1177.0,0 - 0,KF Ferizaj,1193,1195.0,0,0,Kosovo,domestic league (tier 1)
2016/11/16,Superliga Kosovo,0,KF Hajvalia,1171,1175.0,0 - 0,KF Prishtina,1420,1416.0,0,0,Kosovo,domestic league (tier 1)
2016/11/26,Superliga Kosovo,0,KF Hajvalia,1162,1150.0,0 - 1,Drita Gjilan,1192,1204.0,0,1,Kosovo,domestic league (tier 1)
2017/02/25,Superliga Kosovo,0,KF Hajvalia,1145,1129.0,2 - 4,KF Liria,1230,1246.0,2,4,Kosovo,domestic league (tier 1)
2017/03/03,Superliga Kosovo,0,KF Hajvalia,1129,1117.0,0 - 4,KF Trepça89,1361,1373.0,0,4,Kosovo,domestic league (tier 1)
2017/03/11,Superliga Kosovo,0,KF Hajvalia,1111,1102.0,1 - 2,KF Gjilani,1262,1271.0,1,2,Kosovo,domestic league (tier 1)
2017/04/05,Superliga Kosovo,0,KF Hajvalia,1091,1076.0,1 - 6,Besa Pejë,1277,1292.0,1,6,Kosovo,domestic league (tier 1)
2017/04/14,Superliga Kosovo,0,KF Hajvalia,1072,1068.0,0 - 1,KF Prishtina,1409,1413.0,0,1,Kosovo,domestic league (tier 1)
2017/04/28,Superliga Kosovo,0,KF Hajvalia,1064,1057.0,0 - 3,KF Trepça89,1409,1416.0,0,3,Kosovo,domestic league (tier 1)
2017/05/10,Superliga Kosovo,0,KF Hajvalia,1051,1043.0,0 - 1,KF Ferizaj,1209,1217.0,0,1,Kosovo,domestic league (tier 1)
2017/05/20,Superliga Kosovo,0,KF Hajvalia,1037,1022.0,1 - 3,KF Trepça,1144,1159.0,1,3,Kosovo,domestic league (tier 1)
2016/08/27,Superliga Kosovo,0,KF Liria,1243,1235.0,1 - 2,KF Prishtina,1406,1414.0,1,2,Kosovo,domestic league (tier 1)
2016/09/11,Superliga Kosovo,0,KF Liria,1257,1267.0,3 - 1,Drita Gjilan,1243,1233.0,3,1,Kosovo,domestic league (tier 1)
2016/09/28,Superliga Kosovo,0,KF Liria,1246,1257.0,3 - 0,KF Hajvalia,1211,1200.0,3,0,Kosovo,domestic league (tier 1)
2016/10/15,Superliga Kosovo,0,KF Liria,1247,1255.0,1 - 0,KF Gjilani,1259,1251.0,1,0,Kosovo,domestic league (tier 1)
2016/10/30,Superliga Kosovo,0,KF Liria,1249,1260.0,3 - 0,KF Ferizaj,1204,1193.0,3,0,Kosovo,domestic league (tier 1)
2016/11/02,Superliga Kosovo,0,KF Liria,1260,1257.0,1 - 1,FK Drenica,1237,1240.0,1,1,Kosovo,domestic league (tier 1)
2016/11/16,Superliga Kosovo,0,KF Liria,1253,1258.0,1 - 0,KF Trepça,1180,1175.0,1,0,Kosovo,domestic league (tier 1)
2016/11/27,Superliga Kosovo,0,KF Liria,1249,1248.0,0 - 0,KF Llapi,1311,1312.0,0,0,Kosovo,domestic league (tier 1)
2016/11/30,Superliga Kosovo,0,KF Liria,1248,1230.0,0 - 3,KF Trepça89,1335,1353.0,0,3,Kosovo,domestic league (tier 1)
2017/03/05,Superliga Kosovo,0,KF Liria,1246,1234.0,0 - 1,Besa Pejë,1282,1294.0,0,1,Kosovo,domestic league (tier 1)
2017/03/12,Superliga Kosovo,0,KF Liria,1238,1223.0,1 - 3,KF Feronikeli,1343,1358.0,1,3,Kosovo,domestic league (tier 1)
2017/04/09,Superliga Kosovo,0,KF Liria,1212,1210.0,0 - 0,FK Drenica,1252,1254.0,0,0,Kosovo,domestic league (tier 1)
2017/04/23,Superliga Kosovo,0,KF Liria,1205,1202.0,1 - 1,KF Ferizaj,1208,1211.0,1,1,Kosovo,domestic league (tier 1)
2017/05/07,Superliga Kosovo,0,KF Liria,1196,1208.0,3 - 0,Drita Gjilan,1193,1181.0,3,0,Kosovo,domestic league (tier 1)
2017/05/14,Superliga Kosovo,0,KF Liria,1204,1213.0,3 - 1,KF Trepça,1153,1144.0,3,1,Kosovo,domestic league (tier 1)
2017/05/28,Superliga Kosovo,0,KF Liria,1219,1226.0,9 - 1,KF Hajvalia,1022,1015.0,9,1,Kosovo,domestic league (tier 1)
2017/08/26,Superliga Kosovo,0,KF Liria,1215,1227.0,1 - 0,KF Trepça89,1382,1370.0,1,0,Kosovo,domestic league (tier 1)
2017/09/13,Superliga Kosovo,0,KF Liria,1224,1235.0,2 - 0,Drita Gjilan,1217,1206.0,2,0,Kosovo,domestic league (tier 1)
2017/09/27,Superliga Kosovo,0,KF Liria,1222,1229.0,1 - 0,FK Drenica,1231,1224.0,1,0,Kosovo,domestic league (tier 1)
2017/10/10,Superliga Kosovo,0,KF Liria,1227,1226.0,0 - 0,KF Gjilani,1309,1310.0,0,0,Kosovo,domestic league (tier 1)
2017/10/20,Superliga Kosovo,0,KF Liria,1242,1261.0,3 - 0,KF Llapi,1369,1350.0,3,0,Kosovo,domestic league (tier 1)
2017/10/24,Superliga Kosovo,0,KF Liria,1261,1255.0,2 - 2,KF Vëllaznimi,1141,1147.0,2,2,Kosovo,domestic league (tier 1)
2017/11/04,Superliga Kosovo,0,KF Liria,1248,1260.0,1 - 0,KF Prishtina,1432,1420.0,1,0,Kosovo,domestic league (tier 1)
2017/11/22,Superliga Kosovo,0,KF Liria,1253,1258.0,2 - 0,KF Flamurtari,1076,1071.0,2,0,Kosovo,domestic league (tier 1)
2017/11/25,Superliga Kosovo,0,KF Liria,1258,1266.0,3 - 0,Besa Pejë,1152,1144.0,3,0,Kosovo,domestic league (tier 1)
2018/02/18,Superliga Kosovo,0,KF Liria,1259,1262.0,2 - 1,KF Vllaznia,1030,1027.0,2,1,Kosovo,domestic league (tier 1)
2018/03/02,Superliga Kosovo,0,KF Liria,1256,1266.0,1 - 0,KF Feronikeli,1361,1351.0,1,0,Kosovo,domestic league (tier 1)
2018/03/14,Superliga Kosovo,0,KF Liria,1288,1282.0,1 - 1,KF Vëllaznimi,1169,1175.0,1,1,Kosovo,domestic league (tier 1)
2018/03/30,Superliga Kosovo,0,KF Liria,1289,1283.0,2 - 2,Besa Pejë,1124,1130.0,2,2,Kosovo,domestic league (tier 1)
2018/04/14,Superliga Kosovo,0,KF Liria,1279,1267.0,1 - 2,KF Llapi,1322,1334.0,1,2,Kosovo,domestic league (tier 1)
2018/04/28,Superliga Kosovo,0,KF Liria,1272,1280.0,3 - 2,KF Gjilani,1299,1291.0,3,2,Kosovo,domestic league (tier 1)
2018/05/02,Superliga Kosovo,0,KF Liria,1280,1264.0,0 - 2,KF Trepça89,1346,1362.0,0,2,Kosovo,domestic league (tier 1)
2018/05/11,Superliga Kosovo,0,KF Liria,1256,1248.0,0 - 1,KF Prishtina,1423,1431.0,0,1,Kosovo,domestic league (tier 1)
2018/08/19,Superliga Kosovo,0,KF Liria,1251,1233.0,0 - 1,KF Ballkani,984,1002.0,0,1,Kosovo,domestic league (tier 1)
2018/08/31,Superliga Kosovo,0,KF Liria,1225,1237.0,3 - 2,Drita Gjilan,1402,1390.0,3,2,Kosovo,domestic league (tier 1)
2018/09/16,Superliga Kosovo,0,KF Liria,1221,1225.0,6 - 2,KEK-u Kastriot,966,962.0,6,2,Kosovo,domestic league (tier 1)
2018/09/22,Superliga Kosovo,0,KF Liria,1225,1215.0,2 - 3,KF Llapi,1322,1332.0,2,3,Kosovo,domestic league (tier 1)
2018/10/03,Superliga Kosovo,0,KF Liria,1210,1203.0,0 - 1,KF Prishtina,1409,1416.0,0,1,Kosovo,domestic league (tier 1)
2018/10/16,Superliga Kosovo,0,KF Liria,1218,1200.0,0 - 4,KF Trepça89,1332,1350.0,0,4,Kosovo,domestic league (tier 1)
2018/10/30,Superliga Kosovo,0,KF Liria,1183,1180.0,0 - 0,KF Ferizaj,1158,1161.0,0,0,Kosovo,domestic league (tier 1)
2018/11/10,Superliga Kosovo,0,KF Liria,1197,1203.0,1 - 0,KF Flamurtari,1141,1135.0,1,0,Kosovo,domestic league (tier 1)
2019/02/18,Superliga Kosovo,0,KF Liria,1208,1197.0,0 - 2,KF Feronikeli,1401,1412.0,0,2,Kosovo,domestic league (tier 1)
2019/03/01,Superliga Kosovo,0,KF Liria,1192,1191.0,1 - 1,KF Gjilani,1248,1249.0,1,1,Kosovo,domestic league (tier 1)
2019/03/10,Superliga Kosovo,0,KF Liria,1207,1205.0,1 - 1,FK Drenica,1246,1248.0,1,1,Kosovo,domestic league (tier 1)
2019/03/29,Superliga Kosovo,0,KF Liria,1200,1185.0,0 - 4,KF Llapi,1370,1385.0,0,4,Kosovo,domestic league (tier 1)
2019/04/08,Superliga Kosovo,0,KF Liria,1181,1170.0,0 - 4,KF Feronikeli,1436,1447.0,0,4,Kosovo,domestic league (tier 1)
2019/04/22,Superliga Kosovo,0,KF Liria,1162,1158.0,0 - 0,KF Ballkani,1105,1109.0,0,0,Kosovo,domestic league (tier 1)
2019/05/11,Superliga Kosovo,0,KF Liria,1145,1148.0,3 - 1,KEK-u Kastriot,869,866.0,3,1,Kosovo,domestic league (tier 1)
2019/05/19,Superliga Kosovo,0,KF Liria,1137,1122.0,1 - 3,FK Drenica,1235,1250.0,1,3,Kosovo,domestic league (tier 1)
2023/06/04,Superliga Kosovo rel.,0,KF Liria,1122,1124.0,0 - 0,KF Ferizaj,1177,1175.0,0,0,Kosovo,domestic relegation
2023/08/19,Superliga Kosovo,0,KF Liria,1123,1128.0,0 - 0,KF Drita,1436,1431.0,0,0,Kosovo,domestic league (tier 1)
2023/09/02,Superliga Kosovo,0,KF Liria,1134,1141.0,2 - 1,KF Fushë Kosova,1113,1106.0,2,1,Kosovo,domestic league (tier 1)
2023/09/24,Superliga Kosovo,0,KF Liria,1148,1123.0,3 - 5,KF Feronikeli,985,1010.0,3,5,Kosovo,domestic league (tier 1)
2023/09/30,Superliga Kosovo,0,KF Liria,1119,1110.0,0 - 1,KF Malisheva,1238,1247.0,0,1,Kosovo,domestic league (tier 1)
2023/11/02,Superliga Kosovo,0,KF Liria,1113,1115.0,2 - 2,KF Dukagjini,1268,1266.0,2,2,Kosovo,domestic league (tier 1)
2023/11/11,Superliga Kosovo,0,KF Liria,1104,1107.0,2 - 2,FC Prishtina,1295,1292.0,2,2,Kosovo,domestic league (tier 1)
2023/12/02,Superliga Kosovo,0,KF Liria,1098,1082.0,0 - 4,KF Gjilani,1240,1256.0,0,4,Kosovo,domestic league (tier 1)
2023/12/17,Superliga Kosovo,0,KF Liria,1078,1068.0,0 - 2,KF Llapi,1305,1315.0,0,2,Kosovo,domestic league (tier 1)
2024/02/11,Superliga Kosovo,0,KF Liria,1068,1064.0,0 - 3,KF Ballkani,1503,1507.0,0,3,Kosovo,domestic league (tier 1)
2024/02/16,Superliga Kosovo,0,KF Liria,1064,1060.0,0 - 1,KF Drita,1409,1413.0,0,1,Kosovo,domestic league (tier 1)
2024/02/25,Superliga Kosovo,0,KF Liria,1057,1055.0,0 - 0,KF Fushë Kosova,1075,1077.0,0,0,Kosovo,domestic league (tier 1)
2024/03/10,Superliga Kosovo,0,KF Liria,1052,1033.0,0 - 2,KF Feronikeli,1066,1085.0,0,2,Kosovo,domestic league (tier 1)
2024/03/16,Superliga Kosovo,0,KF Liria,1028,1019.0,0 - 3,KF Malisheva,1307,1316.0,0,3,Kosovo,domestic league (tier 1)
2024/04/20,Superliga Kosovo,0,KF Liria,1013,1017.0,0 - 0,KF Dukagjini,1262,1258.0,0,0,Kosovo,domestic league (tier 1)
2024/05/05,Superliga Kosovo,0,KF Liria,1039,1033.0,0 - 1,FC Prishtina,1292,1298.0,0,1,Kosovo,domestic league (tier 1)
2024/05/12,Superliga Kosovo,0,KF Liria,1023,1014.0,1 - 3,KF Gjilani,1258,1267.0,1,3,Kosovo,domestic league (tier 1)
2024/05/25,Superliga Kosovo,0,KF Liria,1010,1003.0,1 - 5,KF Llapi,1360,1367.0,1,5,Kosovo,domestic league (tier 1)
2016/08/28,Superliga Kosovo,0,KF Llapi,1244,1251.0,2 - 1,KF Trepça,1237,1230.0,2,1,Kosovo,domestic league (tier 1)
2016/09/18,Superliga Kosovo,0,KF Llapi,1251,1262.0,2 - 0,KF Liria,1267,1256.0,2,0,Kosovo,domestic league (tier 1)
2016/09/29,Superliga Kosovo,0,KF Llapi,1280,1287.0,3 - 2,Besa Pejë,1288,1281.0,3,2,Kosovo,domestic league (tier 1)
2016/10/16,Superliga Kosovo,0,KF Llapi,1299,1275.0,0 - 3,KF Feronikeli,1274,1298.0,0,3,Kosovo,domestic league (tier 1)
2016/10/30,Superliga Kosovo,0,KF Llapi,1276,1282.0,1 - 0,FK Drenica,1243,1237.0,1,0,Kosovo,domestic league (tier 1)
2016/11/03,Superliga Kosovo,0,KF Llapi,1282,1283.0,0 - 0,KF Prishtina,1417,1416.0,0,0,Kosovo,domestic league (tier 1)
2016/11/16,Superliga Kosovo,0,KF Llapi,1293,1298.0,1 - 0,Drita Gjilan,1188,1183.0,1,0,Kosovo,domestic league (tier 1)
2016/11/20,Superliga Kosovo,0,KF Llapi,1298,1311.0,2 - 0,KF Trepça89,1340,1327.0,2,0,Kosovo,domestic league (tier 1)
2016/12/01,Superliga Kosovo,0,KF Llapi,1312,1317.0,3 - 1,KF Hajvalia,1150,1145.0,3,1,Kosovo,domestic league (tier 1)
2017/03/04,Superliga Kosovo,0,KF Llapi,1309,1315.0,1 - 0,KF Gjilani,1272,1266.0,1,0,Kosovo,domestic league (tier 1)
2017/03/11,Superliga Kosovo,0,KF Llapi,1308,1303.0,0 - 0,KF Ferizaj,1223,1228.0,0,0,Kosovo,domestic league (tier 1)
2017/04/02,Superliga Kosovo,0,KF Llapi,1288,1296.0,2 - 0,Drita Gjilan,1217,1209.0,2,0,Kosovo,domestic league (tier 1)
2017/04/09,Superliga Kosovo,0,KF Llapi,1310,1314.0,2 - 0,KF Hajvalia,1076,1072.0,2,0,Kosovo,domestic league (tier 1)
2017/04/23,Superliga Kosovo,0,KF Llapi,1316,1326.0,2 - 0,Besa Pejë,1294,1284.0,2,0,Kosovo,domestic league (tier 1)
2017/04/29,Superliga Kosovo,0,KF Llapi,1326,1332.0,2 - 0,KF Liria,1202,1196.0,2,0,Kosovo,domestic league (tier 1)
2017/05/10,Superliga Kosovo,0,KF Llapi,1347,1359.0,2 - 0,KF Feronikeli,1365,1353.0,2,0,Kosovo,domestic league (tier 1)
2017/05/20,Superliga Kosovo,0,KF Llapi,1347,1356.0,4 - 1,FK Drenica,1259,1250.0,4,1,Kosovo,domestic league (tier 1)
2017/08/19,Superliga Kosovo,0,KF Llapi,1365,1369.0,1 - 0,FK Drenica,1239,1235.0,1,0,Kosovo,domestic league (tier 1)
2017/09/08,Superliga Kosovo,0,KF Llapi,1374,1369.0,1 - 1,KF Gjilani,1291,1296.0,1,1,Kosovo,domestic league (tier 1)
2017/09/16,Superliga Kosovo,0,KF Llapi,1372,1378.0,2 - 0,Besa Pejë,1242,1236.0,2,0,Kosovo,domestic league (tier 1)
2017/09/23,Superliga Kosovo,0,KF Llapi,1378,1381.0,2 - 0,KF Vëllaznimi,1110,1107.0,2,0,Kosovo,domestic league (tier 1)
2017/10/01,Superliga Kosovo,0,KF Llapi,1369,1384.0,3 - 0,KF Prishtina,1422,1407.0,3,0,Kosovo,domestic league (tier 1)
2017/10/14,Superliga Kosovo,0,KF Llapi,1367,1369.0,1 - 0,KF Flamurtari,1076,1074.0,1,0,Kosovo,domestic league (tier 1)
2017/10/29,Superliga Kosovo,0,KF Llapi,1360,1363.0,4 - 1,KF Vllaznia,1041,1038.0,4,1,Kosovo,domestic league (tier 1)
2017/11/18,Superliga Kosovo,0,KF Llapi,1350,1348.0,1 - 1,KF Feronikeli,1362,1364.0,1,1,Kosovo,domestic league (tier 1)
2017/12/03,Superliga Kosovo,0,KF Llapi,1375,1371.0,0 - 0,KF Trepça89,1347,1351.0,0,0,Kosovo,domestic league (tier 1)
2018/02/25,Superliga Kosovo,0,KF Llapi,1362,1347.0,0 - 1,Drita Gjilan,1293,1308.0,0,1,Kosovo,domestic league (tier 1)
2018/03/11,Superliga Kosovo,0,KF Llapi,1332,1310.0,0 - 2,KF Liria,1266,1288.0,0,2,Kosovo,domestic league (tier 1)
2018/03/14,Superliga Kosovo,0,KF Llapi,1310,1313.0,2 - 0,KF Vllaznia,1039,1036.0,2,0,Kosovo,domestic league (tier 1)
2018/03/17,Superliga Kosovo,0,KF Llapi,1313,1311.0,3 - 3,KF Trepça89,1353,1355.0,3,3,Kosovo,domestic league (tier 1)
2018/04/08,Superliga Kosovo,0,KF Llapi,1315,1322.0,1 - 0,KF Gjilani,1293,1286.0,1,0,Kosovo,domestic league (tier 1)
2018/04/22,Superliga Kosovo,0,KF Llapi,1334,1315.0,1 - 3,Drita Gjilan,1341,1360.0,1,3,Kosovo,domestic league (tier 1)
2018/05/02,Superliga Kosovo,0,KF Llapi,1310,1316.0,1 - 0,FK Drenica,1278,1272.0,1,0,Kosovo,domestic league (tier 1)
2018/05/11,Superliga Kosovo,0,KF Llapi,1299,1303.0,3 - 1,KF Flamurtari,1095,1091.0,3,1,Kosovo,domestic league (tier 1)
2018/08/19,Superliga Kosovo,0,KF Llapi,1310,1296.0,0 - 1,FK Drenica,1271,1285.0,0,1,Kosovo,domestic league (tier 1)
2018/09/01,Superliga Kosovo,0,KF Llapi,1305,1314.0,5 - 1,KF Ferizaj,1197,1188.0,5,1,Kosovo,domestic league (tier 1)
2018/09/16,Superliga Kosovo,0,KF Llapi,1329,1322.0,0 - 0,KF Flamurtari,1139,1146.0,0,0,Kosovo,domestic league (tier 1)
2018/09/29,Superliga Kosovo,0,KF Llapi,1332,1334.0,2 - 0,KEK-u Kastriot,955,953.0,2,0,Kosovo,domestic league (tier 1)
2018/10/03,Superliga Kosovo,0,KF Llapi,1334,1322.0,0 - 1,KF Feronikeli,1381,1393.0,0,1,Kosovo,domestic league (tier 1)
2018/10/17,Superliga Kosovo,0,KF Llapi,1317,1326.0,3 - 1,KF Gjilani,1278,1269.0,3,1,Kosovo,domestic league (tier 1)
2018/10/31,Superliga Kosovo,0,KF Llapi,1346,1328.0,0 - 1,KF Ballkani,1046,1064.0,0,1,Kosovo,domestic league (tier 1)
2018/11/10,Superliga Kosovo,0,KF Llapi,1336,1344.0,1 - 0,Drita Gjilan,1373,1365.0,1,0,Kosovo,domestic league (tier 1)
2018/12/01,Superliga Kosovo,0,KF Llapi,1351,1355.0,1 - 0,KF Liria,1212,1208.0,1,0,Kosovo,domestic league (tier 1)
2019/03/02,Superliga Kosovo,0,KF Llapi,1350,1360.0,1 - 0,KF Prishtina,1448,1438.0,1,0,Kosovo,domestic league (tier 1)
2019/03/09,Superliga Kosovo,0,KF Llapi,1370,1378.0,3 - 1,KF Trepça89,1302,1294.0,3,1,Kosovo,domestic league (tier 1)
2019/03/16,Superliga Kosovo,0,KF Llapi,1378,1370.0,1 - 1,KF Ballkani,1095,1103.0,1,1,Kosovo,domestic league (tier 1)
2019/04/03,Superliga Kosovo,0,KF Llapi,1385,1389.0,2 - 0,KF Ferizaj,1170,1166.0,2,0,Kosovo,domestic league (tier 1)
2019/04/13,Superliga Kosovo,0,KF Llapi,1391,1395.0,2 - 1,KF Gjilani,1238,1234.0,2,1,Kosovo,domestic league (tier 1)
2019/04/27,Superliga Kosovo,0,KF Llapi,1409,1415.0,1 - 0,Drita Gjilan,1371,1365.0,1,0,Kosovo,domestic league (tier 1)
2019/05/05,Superliga Kosovo,0,KF Llapi,1415,1423.0,4 - 1,KF Trepça89,1291,1283.0,4,1,Kosovo,domestic league (tier 1)
2019/05/15,Superliga Kosovo,0,KF Llapi,1417,1399.0,1 - 3,KF Feronikeli,1453,1471.0,1,3,Kosovo,domestic league (tier 1)
2019/08/17,Superliga Kosovo,0,KF Llapi,1385,1387.0,4 - 1,FC Vushtrria,990,988.0,4,1,Kosovo,domestic league (tier 1)
2019/08/31,Superliga Kosovo,0,KF Llapi,1367,1360.0,0 - 0,KF Ballkani,1164,1171.0,0,0,Kosovo,domestic league (tier 1)
2019/09/18,Superliga Kosovo,0,KF Llapi,1375,1371.0,2 - 2,Drita Gjilan,1330,1334.0,2,2,Kosovo,domestic league (tier 1)
2019/09/28,Superliga Kosovo,0,KF Llapi,1385,1386.0,2 - 1,KF Dukagjini,965,964.0,2,1,Kosovo,domestic league (tier 1)
2019/10/05,Superliga Kosovo,0,KF Llapi,1401,1375.0,2 - 4,KF Ferizaj,1179,1205.0,2,4,Kosovo,domestic league (tier 1)
2019/10/18,Superliga Kosovo,0,KF Llapi,1375,1383.0,4 - 1,KF Trepça89,1256,1248.0,4,1,Kosovo,domestic league (tier 1)
2019/11/01,Superliga Kosovo,0,KF Llapi,1348,1353.0,1 - 0,FK Drenica,1263,1258.0,1,0,Kosovo,domestic league (tier 1)
2019/11/09,Superliga Kosovo,0,KF Llapi,1353,1333.0,1 - 4,KF Prishtina,1410,1430.0,1,4,Kosovo,domestic league (tier 1)
2019/12/01,Superliga Kosovo,0,KF Llapi,1323,1294.0,1 - 4,KF Flamurtari,1149,1178.0,1,4,Kosovo,domestic league (tier 1)
2020/02/22,Superliga Kosovo,0,KF Llapi,1288,1298.0,2 - 1,KF Feronikeli,1391,1381.0,2,1,Kosovo,domestic league (tier 1)
2020/03/08,Superliga Kosovo,0,KF Llapi,1294,1301.0,2 - 1,KF Gjilani,1302,1295.0,2,1,Kosovo,domestic league (tier 1)
2020/06/05,Superliga Kosovo,0,KF Llapi,1301,1304.0,4 - 1,KF Dukagjini,960,957.0,4,1,Kosovo,domestic league (tier 1)
2020/06/13,Superliga Kosovo,0,KF Llapi,1304,1282.0,0 - 2,FK Drenica,1241,1263.0,0,2,Kosovo,domestic league (tier 1)
2020/06/25,Superliga Kosovo,0,KF Llapi,1277,1279.0,1 - 1,KF Prishtina,1441,1439.0,1,1,Kosovo,domestic league (tier 1)
2020/07/05,Superliga Kosovo,0,KF Llapi,1283,1265.0,0 - 4,Drita Gjilan,1390,1408.0,0,4,Kosovo,domestic league (tier 1)
2020/07/13,Superliga Kosovo,0,KF Llapi,1253,1259.0,1 - 0,KF Flamurtari,1207,1201.0,1,0,Kosovo,domestic league (tier 1)
2020/07/22,Superliga Kosovo,0,KF Llapi,1251,1255.0,2 - 1,KF Ferizaj,1125,1121.0,2,1,Kosovo,domestic league (tier 1)
2020/09/23,Superliga Kosovo,0,KF Llapi,1233,1224.0,0 - 1,KF Gjilani,1360,1369.0,0,1,Kosovo,domestic league (tier 1)
2020/09/30,Superliga Kosovo,0,KF Llapi,1217,1204.0,1 - 3,KF Ballkani,1357,1370.0,1,3,Kosovo,domestic league (tier 1)
2020/10/17,Superliga Kosovo,0,KF Llapi,1211,1199.0,0 - 1,FK Drenica,1229,1241.0,0,1,Kosovo,domestic league (tier 1)
2020/10/24,Superliga Kosovo,0,KF Llapi,1198,1203.0,2 - 0,KF Arbëria,1024,1019.0,2,0,Kosovo,domestic league (tier 1)
2020/11/01,Superliga Kosovo,0,KF Llapi,1198,1191.0,1 - 2,Drita Gjilan,1419,1426.0,1,2,Kosovo,domestic league (tier 1)
2020/11/10,Superliga Kosovo,0,KF Llapi,1186,1204.0,5 - 0,KF Trepça89,1246,1228.0,5,0,Kosovo,domestic league (tier 1)
2020/11/25,Superliga Kosovo,0,KF Llapi,1199,1188.0,0 - 2,KF Prishtina,1390,1401.0,0,2,Kosovo,domestic league (tier 1)
2020/12/06,Superliga Kosovo,0,KF Llapi,1200,1205.0,2 - 0,Besa Pejë,1032,1027.0,2,0,Kosovo,domestic league (tier 1)
2020/12/13,Superliga Kosovo,0,KF Llapi,1213,1223.0,3 - 2,KF Feronikeli,1320,1310.0,3,2,Kosovo,domestic league (tier 1)
2021/02/21,Superliga Kosovo,0,KF Llapi,1220,1237.0,3 - 1,KF Gjilani,1358,1341.0,3,1,Kosovo,domestic league (tier 1)
2021/02/28,Superliga Kosovo,0,KF Llapi,1230,1242.0,1 - 0,KF Ballkani,1388,1376.0,1,0,Kosovo,domestic league (tier 1)
2021/03/10,Superliga Kosovo,0,KF Llapi,1238,1234.0,3 - 3,FK Drenica,1209,1213.0,3,3,Kosovo,domestic league (tier 1)
2021/03/21,Superliga Kosovo,0,KF Llapi,1245,1248.0,4 - 3,KF Arbëria,1061,1058.0,4,3,Kosovo,domestic league (tier 1)
2021/04/11,Superliga Kosovo,0,KF Llapi,1236,1225.0,2 - 4,Drita Gjilan,1430,1441.0,2,4,Kosovo,domestic league (tier 1)
2021/04/25,Superliga Kosovo,0,KF Llapi,1248,1254.0,2 - 1,KF Trepça89,1216,1210.0,2,1,Kosovo,domestic league (tier 1)
2021/05/02,Superliga Kosovo,0,KF Llapi,1250,1240.0,1 - 3,KF Prishtina,1482,1492.0,1,3,Kosovo,domestic league (tier 1)
2021/05/09,Superliga Kosovo,0,KF Llapi,1229,1231.0,1 - 0,Besa Pejë,990,988.0,1,0,Kosovo,domestic league (tier 1)
2021/05/23,Superliga Kosovo,0,KF Llapi,1220,1219.0,1 - 1,KF Feronikeli,1268,1269.0,1,1,Kosovo,domestic league (tier 1)
2021/08/21,Superliga Kosovo,0,KF Llapi,1246,1238.0,1 - 1,KF Ulpiana,997,1005.0,1,1,Kosovo,domestic league (tier 1)
2021/09/12,Superliga Kosovo,0,KF Llapi,1245,1226.0,0 - 2,KF Feronikeli,1254,1273.0,0,2,Kosovo,domestic league (tier 1)
2021/09/15,Superliga Kosovo,0,KF Llapi,1226,1196.0,0 - 3,KF Malisheva,1021,1051.0,0,3,Kosovo,domestic league (tier 1)
2021/09/25,Superliga Kosovo,0,KF Llapi,1192,1191.0,1 - 1,FK Drenica,1242,1243.0,1,1,Kosovo,domestic league (tier 1)
2021/10/03,Superliga Kosovo,0,KF Llapi,1186,1190.0,1 - 0,KF Dukagjini,1020,1016.0,1,0,Kosovo,domestic league (tier 1)
2021/10/23,Superliga Kosovo,0,KF Llapi,1222,1211.0,1 - 3,Drita Gjilan,1424,1435.0,1,3,Kosovo,domestic league (tier 1)
2021/11/21,Superliga Kosovo,0,KF Llapi,1238,1260.0,4 - 1,KF Ballkani,1419,1397.0,4,1,Kosovo,domestic league (tier 1)
2021/11/28,Superliga Kosovo,0,KF Llapi,1278,1276.0,0 - 0,KF Gjilani,1325,1327.0,0,0,Kosovo,domestic league (tier 1)
2021/12/11,Superliga Kosovo,0,KF Llapi,1273,1284.0,3 - 2,KF Prishtina,1394,1383.0,3,2,Kosovo,domestic league (tier 1)
2022/02/13,Superliga Kosovo,0,KF Llapi,1284,1287.0,2 - 0,KF Ulpiana,1031,1028.0,2,0,Kosovo,domestic league (tier 1)
2022/02/23,Superliga Kosovo,0,KF Llapi,1293,1298.0,4 - 2,KF Feronikeli,1132,1127.0,4,2,Kosovo,domestic league (tier 1)
2022/02/26,Superliga Kosovo,0,KF Llapi,1298,1303.0,3 - 0,KF Malisheva,1074,1069.0,3,0,Kosovo,domestic league (tier 1)
2022/03/10,Superliga Kosovo,0,KF Llapi,1299,1294.0,3 - 3,FK Drenica,1211,1216.0,3,3,Kosovo,domestic league (tier 1)
2022/03/19,Superliga Kosovo,0,KF Llapi,1299,1282.0,1 - 2,KF Dukagjini,1094,1111.0,1,2,Kosovo,domestic league (tier 1)
2022/04/17,Superliga Kosovo,0,KF Llapi,1285,1296.0,1 - 0,Drita Gjilan,1420,1409.0,1,0,Kosovo,domestic league (tier 1)
2022/05/01,Superliga Kosovo,0,KF Llapi,1317,1317.0,1 - 1,KF Ballkani,1434,1434.0,1,1,Kosovo,domestic league (tier 1)
2022/05/08,Superliga Kosovo,0,KF Llapi,1307,1289.0,2 - 4,KF Gjilani,1342,1360.0,2,4,Kosovo,domestic league (tier 1)
2022/05/22,Superliga Kosovo,0,KF Llapi,1279,1267.0,1 - 2,KF Prishtina,1326,1338.0,1,2,Kosovo,domestic league (tier 1)
2022/08/20,Superliga Kosovo,0,KF Llapi,1279,1274.0,2 - 2,KF Trepça89,1203,1208.0,2,2,Kosovo,domestic league (tier 1)
2022/08/28,Superliga Kosovo,0,KF Llapi,1274,1263.0,1 - 2,FC Prishtina,1343,1354.0,1,2,Kosovo,domestic league (tier 1)
2022/10/01,Superliga Kosovo,0,KF Llapi,1260,1255.0,1 - 1,KF Malisheva,1159,1164.0,1,1,Kosovo,domestic league (tier 1)
2022/10/09,Superliga Kosovo,0,KF Llapi,1255,1261.0,3 - 2,FK Drenica,1225,1219.0,3,2,Kosovo,domestic league (tier 1)
2022/10/26,Superliga Kosovo,0,KF Llapi,1254,1239.0,0 - 1,KF Dukagjini,1176,1191.0,0,1,Kosovo,domestic league (tier 1)
2022/10/30,Superliga Kosovo,0,KF Llapi,1239,1262.0,4 - 1,Drita Gjilan,1455,1432.0,4,1,Kosovo,domestic league (tier 1)
2022/11/06,Superliga Kosovo,0,KF Llapi,1262,1245.0,1 - 2,KF Ferizaj,1087,1104.0,1,2,Kosovo,domestic league (tier 1)
2022/11/13,Superliga Kosovo,0,KF Llapi,1275,1263.0,0 - 1,KF Gjilani,1312,1324.0,0,1,Kosovo,domestic league (tier 1)
2022/12/04,Superliga Kosovo,0,KF Llapi,1264,1250.0,0 - 3,KF Ballkani,1440,1454.0,0,3,Kosovo,domestic league (tier 1)
2023/02/18,Superliga Kosovo,0,KF Llapi,1262,1268.0,2 - 1,KF Trepça89,1211,1205.0,2,1,Kosovo,domestic league (tier 1)
2023/02/26,Superliga Kosovo,0,KF Llapi,1280,1262.0,0 - 2,FC Prishtina,1308,1326.0,0,2,Kosovo,domestic league (tier 1)
2023/03/12,Superliga Kosovo,0,KF Llapi,1246,1259.0,3 - 2,KF Ballkani,1453,1440.0,3,2,Kosovo,domestic league (tier 1)
2023/04/01,Superliga Kosovo,0,KF Llapi,1263,1269.0,1 - 0,KF Malisheva,1205,1199.0,1,0,Kosovo,domestic league (tier 1)
2023/04/09,Superliga Kosovo,0,KF Llapi,1269,1278.0,4 - 0,FK Drenica,1159,1150.0,4,0,Kosovo,domestic league (tier 1)
2023/04/23,Superliga Kosovo,0,KF Llapi,1269,1266.0,1 - 1,KF Dukagjini,1249,1252.0,1,1,Kosovo,domestic league (tier 1)
2023/05/04,Superliga Kosovo,0,KF Llapi,1270,1258.0,0 - 2,Drita Gjilan,1439,1451.0,0,2,Kosovo,domestic league (tier 1)
2023/05/07,Superliga Kosovo,0,KF Llapi,1258,1253.0,0 - 0,KF Ferizaj,1157,1162.0,0,0,Kosovo,domestic league (tier 1)
2023/05/20,Superliga Kosovo,0,KF Llapi,1250,1249.0,2 - 2,KF Gjilani,1318,1319.0,2,2,Kosovo,domestic league (tier 1)
2023/08/20,Superliga Kosovo,0,KF Llapi,1231,1245.0,3 - 0,KF Dukagjini,1263,1249.0,3,0,Kosovo,domestic league (tier 1)
2023/09/03,Superliga Kosovo,0,KF Llapi,1254,1253.0,0 - 0,FC Prishtina,1324,1325.0,0,0,Kosovo,domestic league (tier 1)
2023/09/23,Superliga Kosovo,0,KF Llapi,1263,1271.0,2 - 1,KF Gjilani,1298,1290.0,2,1,Kosovo,domestic league (tier 1)
2023/10/08,Superliga Kosovo,0,KF Llapi,1281,1286.0,2 - 0,KF Liria,1110,1105.0,2,0,Kosovo,domestic league (tier 1)
2023/10/22,Superliga Kosovo,0,KF Llapi,1286,1278.0,0 - 1,KF Drita,1447,1455.0,0,1,Kosovo,domestic league (tier 1)
2023/11/02,Superliga Kosovo,0,KF Llapi,1281,1274.0,1 - 1,KF Fushë Kosova,1106,1113.0,1,1,Kosovo,domestic league (tier 1)
2023/11/11,Superliga Kosovo,0,KF Llapi,1277,1279.0,1 - 0,KF Feronikeli,1033,1031.0,1,0,Kosovo,domestic league (tier 1)
2023/12/02,Superliga Kosovo,0,KF Llapi,1297,1283.0,0 - 1,KF Malisheva,1232,1246.0,0,1,Kosovo,domestic league (tier 1)
2023/12/09,Superliga Kosovo,0,KF Llapi,1283,1305.0,5 - 3,KF Ballkani,1566,1544.0,5,3,Kosovo,domestic league (tier 1)
2024/02/18,Superliga Kosovo,0,KF Llapi,1330,1336.0,2 - 1,KF Dukagjini,1288,1282.0,2,1,Kosovo,domestic league (tier 1)
2024/02/25,Superliga Kosovo,0,KF Llapi,1346,1342.0,0 - 0,FC Prishtina,1311,1315.0,0,0,Kosovo,domestic league (tier 1)
2024/03/09,Superliga Kosovo,0,KF Llapi,1347,1352.0,2 - 1,KF Gjilani,1238,1233.0,2,1,Kosovo,domestic league (tier 1)
2024/03/31,Superliga Kosovo,0,KF Llapi,1349,1352.0,3 - 0,KF Liria,1019,1016.0,3,0,Kosovo,domestic league (tier 1)
2024/04/07,Superliga Kosovo,0,KF Llapi,1352,1341.0,0 - 1,KF Drita,1415,1426.0,0,1,Kosovo,domestic league (tier 1)
2024/04/21,Superliga Kosovo,0,KF Llapi,1342,1344.0,1 - 0,KF Fushë Kosova,1100,1098.0,1,0,Kosovo,domestic league (tier 1)
2024/05/05,Superliga Kosovo,0,KF Llapi,1362,1364.0,3 - 2,KF Feronikeli,1106,1104.0,3,2,Kosovo,domestic league (tier 1)
2024/05/12,Superliga Kosovo,0,KF Llapi,1364,1369.0,1 - 0,KF Malisheva,1282,1277.0,1,0,Kosovo,domestic league (tier 1)
2024/05/18,Superliga Kosovo,0,KF Llapi,1369,1360.0,0 - 1,KF Ballkani,1491,1500.0,0,1,Kosovo,domestic league (tier 1)
2024/08/10,Superliga Kosovo,0,KF Llapi,1359,1355.0,1 - 1,KF Gjilani,1297,1301.0,1,1,Kosovo,domestic league (tier 1)
2024/08/24,Superliga Kosovo,0,KF Llapi,1365,1350.0,0 - 1,KF Malisheva,1282,1297.0,0,1,Kosovo,domestic league (tier 1)
2024/09/15,Superliga Kosovo,0,KF Llapi,1341,1351.0,1 - 0,KF Drita,1427,1417.0,1,0,Kosovo,domestic league (tier 1)
2024/09/27,Superliga Kosovo,0,KF Llapi,1358,1362.0,3 - 0,FC Suhareka,1090,1086.0,3,0,Kosovo,domestic league (tier 1)
2024/10/06,Superliga Kosovo,0,KF Llapi,1362,1363.0,0 - 0,KF Ballkani,1480,1479.0,0,0,Kosovo,domestic league (tier 1)
2024/10/30,Superliga Kosovo,0,KF Llapi,1342,1334.0,2 - 2,KF Feronikeli,1094,1102.0,2,2,Kosovo,domestic league (tier 1)
2024/11/10,Superliga Kosovo,0,KF Llapi,1326,1323.0,1 - 1,FC Prishtina,1307,1310.0,1,1,Kosovo,domestic league (tier 1)
2024/11/30,Superliga Kosovo,0,KF Llapi,1317,1311.0,1 - 1,KF Ferizaj,1171,1177.0,1,1,Kosovo,domestic league (tier 1)
2024/12/20,Superliga Kosovo,0,KF Llapi,1283,1279.0,0 - 0,KF Dukagjini,1216,1220.0,0,0,Kosovo,domestic league (tier 1)
2025/02/08,Superliga Kosovo,0,KF Llapi,1279,1266.0,0 - 1,KF Gjilani,1274,1287.0,0,1,Kosovo,domestic league (tier 1)
2025/02/22,Superliga Kosovo,0,KF Llapi,1280,1278.0,0 - 0,KF Malisheva,1314,1316.0,0,0,Kosovo,domestic league (tier 1)
2025/03/08,Superliga Kosovo,0,KF Llapi,1281,1293.0,1 - 0,KF Drita,1467,1455.0,1,0,Kosovo,domestic league (tier 1)
2025/03/16,Superliga Kosovo,0,KF Llapi,1283,1288.0,2 - 0,FC Suhareka,1107,1102.0,2,0,Kosovo,domestic league (tier 1)
2025/03/29,Superliga Kosovo,0,KF Llapi,1288,1289.0,1 - 1,KF Ballkani,1419,1418.0,1,1,Kosovo,domestic league (tier 1)
2025/04/16,Superliga Kosovo,0,KF Llapi,1289,1292.0,1 - 0,KF Feronikeli,1086,1083.0,1,0,Kosovo,domestic league (tier 1)
2025/04/28,Superliga Kosovo,0,KF Llapi,1312,1308.0,1 - 1,FC Prishtina,1282,1286.0,1,1,Kosovo,domestic league (tier 1)
2025/05/08,Superliga Kosovo,0,KF Llapi,1304,1300.0,1 - 1,KF Ferizaj,1260,1264.0,1,1,Kosovo,domestic league (tier 1)
2025/05/25,Superliga Kosovo,0,KF Llapi,1297,1307.0,3 - 1,KF Dukagjini,1265,1255.0,3,1,Kosovo,domestic league (tier 1)
2025/09/01,Superliga Kosovo,0,KF Llapi,1285,1287.0,1 - 1,KF Drita,1467,1465.0,1,1,Kosovo,domestic league (tier 1)
2025/09/21,Superliga Kosovo,0,KF Llapi,1275,1277.0,2 - 2,KF Ballkani,1431,1429.0,2,2,Kosovo,domestic league (tier 1)
2025/09/28,Superliga Kosovo,0,KF Llapi,1266,1279.0,4 - 1,KF Gjilani,1274,1261.0,4,1,Kosovo,domestic league (tier 1)
2025/10/19,Superliga Kosovo,0,KF Llapi,1291,1286.0,1 - 1,KF Ferizaj,1210,1215.0,1,1,Kosovo,domestic league (tier 1)
2025/10/26,Superliga Kosovo,0,KF Llapi,1286,1289.0,4 - 3,FK Drenica,1109,1106.0,4,3,Kosovo,domestic league (tier 1)
2025/10/29,Superliga Kosovo,0,KF Llapi,1289,1299.0,2 - 1,FC Prishtina,1380,1370.0,2,1,Kosovo,domestic league (tier 1)
2025/11/08,Superliga Kosovo,0,KF Llapi,1295,1288.0,1 - 1,KF Prishtina e Re,1085,1092.0,1,1,Kosovo,domestic league (tier 1)
2025/11/30,Superliga Kosovo,0,KF Llapi,1312,1299.0,0 - 1,KF Dukagjini,1289,1302.0,0,1,Kosovo,domestic league (tier 1)
2025/12/14,Superliga Kosovo,0,KF Llapi,1285,1282.0,0 - 0,KF Malisheva,1294,1297.0,0,0,Kosovo,domestic league (tier 1)
2026/02/22,Superliga Kosovo,0,KF Llapi,1260,1249.0,0 - 2,KF Drita,1461,1472.0,0,2,Kosovo,domestic league (tier 1)
2026/03/09,Superliga Kosovo,0,KF Llapi,1249,1266.0,2 - 0,KF Ballkani,1406,1389.0,2,0,Kosovo,domestic league (tier 1)
2026/03/18,Superliga Kosovo,0,KF Llapi,1279,1267.0,2 - 3,KF Gjilani,1301,1313.0,2,3,Kosovo,domestic league (tier 1)
2026/04/04,Superliga Kosovo,0,KF Llapi,1257,1264.0,1 - 0,KF Ferizaj,1237,1230.0,1,0,Kosovo,domestic league (tier 1)
2026/04/12,Superliga Kosovo,0,KF Llapi,1264,1248.0,0 - 1,FK Drenica,1147,1163.0,0,1,Kosovo,domestic league (tier 1)
2026/04/18,Superliga Kosovo,0,KF Llapi,1248,1246.0,0 - 0,FC Prishtina,1284,1286.0,0,0,Kosovo,domestic league (tier 1)
2026/04/29,Superliga Kosovo,0,KF Llapi,1241,1250.0,4 - 0,KF Prishtina e Re,1135,1126.0,4,0,Kosovo,domestic league (tier 1)
2026/05/10,Superliga Kosovo,0,KF Llapi,1266,1263.0,0 - 0,KF Dukagjini,1260,1263.0,0,0,Kosovo,domestic league (tier 1)
2026/05/24,Superliga Kosovo,0,KF Llapi,1276,1285.0,3 - 2,KF Malisheva,1335,1326.0,3,2,Kosovo,domestic league (tier 1)
2026/08/23,Superliga Kosovo,0,KF Llapi,1289,1270.0,0 - 2,KF Gjilani,1304,1323.0,0,2,Kosovo,domestic league (tier 1)
2026/09/05,Superliga Kosovo,0,KF Llapi,1257,,Info,KF Dukagjini,1305,,,,Kosovo,domestic league (tier 1)
2021/08/22,Superliga Kosovo,0,KF Malisheva,997,1005.0,1 - 1,KF Prishtina,1456,1448.0,1,1,Kosovo,domestic league (tier 1)
2021/09/11,Superliga Kosovo,0,KF Malisheva,1024,1021.0,0 - 1,Drita Gjilan,1454,1457.0,0,1,Kosovo,domestic league (tier 1)
2021/09/18,Superliga Kosovo,0,KF Malisheva,1051,1064.0,1 - 0,KF Feronikeli,1275,1262.0,1,0,Kosovo,domestic league (tier 1)
2021/09/26,Superliga Kosovo,0,KF Malisheva,1064,1070.0,0 - 0,KF Ballkani,1431,1425.0,0,0,Kosovo,domestic league (tier 1)
2021/10/02,Superliga Kosovo,0,KF Malisheva,1067,1071.0,1 - 1,KF Gjilani,1306,1302.0,1,1,Kosovo,domestic league (tier 1)
2021/10/23,Superliga Kosovo,0,KF Malisheva,1057,1043.0,1 - 2,KF Ulpiana,993,1007.0,1,2,Kosovo,domestic league (tier 1)
2021/11/06,Superliga Kosovo,0,KF Malisheva,1042,1035.0,0 - 1,KF Llapi,1231,1238.0,0,1,Kosovo,domestic league (tier 1)
2021/11/28,Superliga Kosovo,0,KF Malisheva,1049,1067.0,2 - 0,FK Drenica,1213,1195.0,2,0,Kosovo,domestic league (tier 1)
2021/12/12,Superliga Kosovo,0,KF Malisheva,1064,1061.0,2 - 2,KF Dukagjini,1056,1059.0,2,2,Kosovo,domestic league (tier 1)
2022/02/13,Superliga Kosovo,0,KF Malisheva,1061,1077.0,2 - 1,KF Prishtina,1383,1367.0,2,1,Kosovo,domestic league (tier 1)
2022/02/23,Superliga Kosovo,0,KF Malisheva,1078,1074.0,1 - 2,Drita Gjilan,1431,1435.0,1,2,Kosovo,domestic league (tier 1)
2022/03/05,Superliga Kosovo,0,KF Malisheva,1069,1085.0,6 - 1,KF Feronikeli,1101,1085.0,6,1,Kosovo,domestic league (tier 1)
2022/03/09,Superliga Kosovo,0,KF Malisheva,1085,1109.0,2 - 0,KF Ballkani,1437,1413.0,2,0,Kosovo,domestic league (tier 1)
2022/03/19,Superliga Kosovo,0,KF Malisheva,1124,1128.0,0 - 0,KF Gjilani,1362,1358.0,0,0,Kosovo,domestic league (tier 1)
2022/04/16,Superliga Kosovo,0,KF Malisheva,1127,1132.0,1 - 0,KF Ulpiana,1027,1022.0,1,0,Kosovo,domestic league (tier 1)
2022/04/28,Superliga Kosovo,0,KF Malisheva,1129,1117.0,0 - 2,KF Llapi,1305,1317.0,0,2,Kosovo,domestic league (tier 1)
2022/05/08,Superliga Kosovo,0,KF Malisheva,1151,1150.0,0 - 0,FK Drenica,1211,1212.0,0,0,Kosovo,domestic league (tier 1)
2022/05/22,Superliga Kosovo,0,KF Malisheva,1167,1165.0,0 - 0,KF Dukagjini,1187,1189.0,0,0,Kosovo,domestic league (tier 1)
2022/08/24,Superliga Kosovo,0,KF Malisheva,1169,1178.0,3 - 1,KF Ferizaj,1111,1102.0,3,1,Kosovo,domestic league (tier 1)
2022/08/27,Superliga Kosovo,0,KF Malisheva,1178,1166.0,1 - 2,FK Drenica,1223,1235.0,1,2,Kosovo,domestic league (tier 1)
2022/09/10,Superliga Kosovo,0,KF Malisheva,1180,1177.0,1 - 1,KF Dukagjini,1167,1170.0,1,1,Kosovo,domestic league (tier 1)
2022/09/17,Superliga Kosovo,0,KF Malisheva,1172,1164.0,2 - 4,Drita Gjilan,1451,1459.0,2,4,Kosovo,domestic league (tier 1)
2022/09/28,Superliga Kosovo,0,KF Malisheva,1164,1159.0,2 - 3,KF Ballkani,1442,1447.0,2,3,Kosovo,domestic league (tier 1)
2022/10/16,Superliga Kosovo,0,KF Malisheva,1162,1154.0,0 - 1,KF Gjilani,1317,1325.0,0,1,Kosovo,domestic league (tier 1)
2022/10/29,Superliga Kosovo,0,KF Malisheva,1183,1198.0,4 - 0,KF Trepça89,1208,1193.0,4,0,Kosovo,domestic league (tier 1)
2022/11/09,Superliga Kosovo,0,KF Malisheva,1184,1196.0,2 - 1,FC Prishtina,1347,1335.0,2,1,Kosovo,domestic league (tier 1)
2022/11/27,Superliga Kosovo,0,KF Malisheva,1192,1191.0,0 - 0,KF Llapi,1263,1264.0,0,0,Kosovo,domestic league (tier 1)
2023/02/11,Superliga Kosovo,0,KF Malisheva,1191,1182.0,2 - 4,KF Ballkani,1448,1457.0,2,4,Kosovo,domestic league (tier 1)
2023/02/22,Superliga Kosovo,0,KF Malisheva,1188,1183.0,1 - 1,KF Ferizaj,1114,1119.0,1,1,Kosovo,domestic league (tier 1)
2023/02/25,Superliga Kosovo,0,KF Malisheva,1183,1194.0,3 - 1,FK Drenica,1199,1188.0,3,1,Kosovo,domestic league (tier 1)
2023/03/08,Superliga Kosovo,0,KF Malisheva,1197,1185.0,1 - 2,KF Dukagjini,1211,1223.0,1,2,Kosovo,domestic league (tier 1)
2023/03/18,Superliga Kosovo,0,KF Malisheva,1201,1205.0,0 - 0,Drita Gjilan,1441,1437.0,0,0,Kosovo,domestic league (tier 1)
2023/04/15,Superliga Kosovo,0,KF Malisheva,1207,1191.0,0 - 2,KF Gjilani,1285,1301.0,0,2,Kosovo,domestic league (tier 1)
2023/05/03,Superliga Kosovo,0,KF Malisheva,1214,1221.0,1 - 0,KF Trepça89,1202,1195.0,1,0,Kosovo,domestic league (tier 1)
2023/05/14,Superliga Kosovo,0,KF Malisheva,1214,1214.0,1 - 1,FC Prishtina,1316,1316.0,1,1,Kosovo,domestic league (tier 1)
2023/05/28,Superliga Kosovo,0,KF Malisheva,1231,1239.0,3 - 2,KF Llapi,1249,1241.0,3,2,Kosovo,domestic league (tier 1)
2023/08/19,Superliga Kosovo,0,KF Malisheva,1254,1263.0,6 - 1,KF Fushë Kosova,1131,1122.0,6,1,Kosovo,domestic league (tier 1)
2023/09/02,Superliga Kosovo,0,KF Malisheva,1254,1258.0,4 - 1,KF Feronikeli,999,995.0,4,1,Kosovo,domestic league (tier 1)
2023/09/27,Superliga Kosovo,0,KF Malisheva,1250,1238.0,2 - 3,KF Llapi,1271,1283.0,2,3,Kosovo,domestic league (tier 1)
2023/10/07,Superliga Kosovo,0,KF Malisheva,1247,1236.0,1 - 3,KF Drita,1436,1447.0,1,3,Kosovo,domestic league (tier 1)
2023/10/22,Superliga Kosovo,0,KF Malisheva,1236,1224.0,3 - 4,KF Dukagjini,1259,1271.0,3,4,Kosovo,domestic league (tier 1)
2023/11/01,Superliga Kosovo,0,KF Malisheva,1223,1233.0,1 - 0,FC Prishtina,1308,1298.0,1,0,Kosovo,domestic league (tier 1)
2023/11/10,Superliga Kosovo,0,KF Malisheva,1230,1238.0,1 - 0,KF Gjilani,1266,1258.0,1,0,Kosovo,domestic league (tier 1)
2023/11/24,Superliga Kosovo,0,KF Malisheva,1238,1232.0,0 - 2,KF Ballkani,1564,1570.0,0,2,Kosovo,domestic league (tier 1)
2023/12/09,Superliga Kosovo,0,KF Malisheva,1246,1250.0,1 - 0,KF Liria,1082,1078.0,1,0,Kosovo,domestic league (tier 1)
2024/02/18,Superliga Kosovo,0,KF Malisheva,1260,1266.0,4 - 1,KF Fushë Kosova,1091,1085.0,4,1,Kosovo,domestic league (tier 1)
2024/02/24,Superliga Kosovo,0,KF Malisheva,1288,1291.0,2 - 1,KF Feronikeli,1074,1071.0,2,1,Kosovo,domestic league (tier 1)
2024/03/13,Superliga Kosovo,0,KF Malisheva,1298,1307.0,2 - 1,KF Llapi,1352,1343.0,2,1,Kosovo,domestic league (tier 1)
2024/03/30,Superliga Kosovo,0,KF Malisheva,1316,1316.0,1 - 1,KF Drita,1415,1415.0,1,1,Kosovo,domestic league (tier 1)
2024/04/06,Superliga Kosovo,0,KF Malisheva,1316,1312.0,1 - 1,KF Dukagjini,1259,1263.0,1,1,Kosovo,domestic league (tier 1)
2024/04/21,Superliga Kosovo,0,KF Malisheva,1323,1310.0,0 - 1,FC Prishtina,1297,1310.0,0,1,Kosovo,domestic league (tier 1)
2024/05/05,Superliga Kosovo,0,KF Malisheva,1297,1293.0,0 - 0,KF Gjilani,1254,1258.0,0,0,Kosovo,domestic league (tier 1)
2024/05/09,Superliga Kosovo,0,KF Malisheva,1293,1282.0,0 - 2,KF Ballkani,1478,1489.0,0,2,Kosovo,domestic league (tier 1)
2024/05/18,Superliga Kosovo,0,KF Malisheva,1277,1281.0,7 - 4,KF Liria,1014,1010.0,7,4,Kosovo,domestic league (tier 1)
2024/08/18,Superliga Kosovo,0,KF Malisheva,1287,1282.0,1 - 1,KF Ferizaj,1182,1187.0,1,1,Kosovo,domestic league (tier 1)
2024/09/01,Superliga Kosovo,0,KF Malisheva,1297,1310.0,3 - 2,KF Ballkani,1496,1483.0,3,2,Kosovo,domestic league (tier 1)
2024/09/22,Superliga Kosovo,0,KF Malisheva,1321,1327.0,2 - 1,KF Gjilani,1285,1279.0,2,1,Kosovo,domestic league (tier 1)
2024/10/19,Superliga Kosovo,0,KF Malisheva,1333,1313.0,1 - 3,FC Prishtina,1304,1324.0,1,3,Kosovo,domestic league (tier 1)
2024/10/27,Superliga Kosovo,0,KF Malisheva,1313,1313.0,0 - 0,KF Drita,1429,1429.0,0,0,Kosovo,domestic league (tier 1)
2024/11/04,Superliga Kosovo,0,KF Malisheva,1312,1320.0,2 - 1,KF Llapi,1334,1326.0,2,1,Kosovo,domestic league (tier 1)
2024/11/23,Superliga Kosovo,0,KF Malisheva,1316,1321.0,2 - 1,KF Dukagjini,1228,1223.0,2,1,Kosovo,domestic league (tier 1)
2024/12/14,Superliga Kosovo,0,KF Malisheva,1329,1312.0,1 - 2,FC Suhareka,1109,1126.0,1,2,Kosovo,domestic league (tier 1)
2025/02/18,Superliga Kosovo,0,KF Malisheva,1309,1314.0,3 - 2,KF Ferizaj,1197,1192.0,3,2,Kosovo,domestic league (tier 1)
2025/03/02,Superliga Kosovo,0,KF Malisheva,1316,1332.0,3 - 1,KF Ballkani,1448,1432.0,3,1,Kosovo,domestic league (tier 1)
2025/03/12,Superliga Kosovo,0,KF Malisheva,1322,1334.0,4 - 1,KF Gjilani,1311,1299.0,4,1,Kosovo,domestic league (tier 1)
2025/04/04,Superliga Kosovo,0,KF Malisheva,1316,1322.0,1 - 0,FC Prishtina,1282,1276.0,1,0,Kosovo,domestic league (tier 1)
2025/04/13,Superliga Kosovo,0,KF Malisheva,1322,1333.0,1 - 0,KF Drita,1472,1461.0,1,0,Kosovo,domestic league (tier 1)
2025/04/19,Superliga Kosovo,0,KF Malisheva,1323,1303.0,1 - 3,KF Llapi,1292,1312.0,1,3,Kosovo,domestic league (tier 1)
2025/05/03,Superliga Kosovo,0,KF Malisheva,1299,1295.0,1 - 1,KF Dukagjini,1234,1238.0,1,1,Kosovo,domestic league (tier 1)
2025/05/11,Superliga Kosovo,0,KF Malisheva,1298,1300.0,1 - 0,KF Feronikeli,1059,1057.0,1,0,Kosovo,domestic league (tier 1)
2025/05/17,Superliga Kosovo,0,KF Malisheva,1300,1283.0,1 - 2,FC Suhareka,1124,1141.0,1,2,Kosovo,domestic league (tier 1)
2025/08/17,Superliga Kosovo,0,KF Malisheva,1279,1248.0,0 - 4,KF Prishtina e Re,1098,1129.0,0,4,Kosovo,domestic league (tier 1)
2025/08/31,Superliga Kosovo,0,KF Malisheva,1255,1242.0,0 - 1,KF Dukagjini,1257,1270.0,0,1,Kosovo,domestic league (tier 1)
2025/09/21,Superliga Kosovo,0,KF Malisheva,1263,1246.0,1 - 3,FC Prishtina,1317,1334.0,1,3,Kosovo,domestic league (tier 1)
2025/09/25,Superliga Kosovo,0,KF Malisheva,1246,1256.0,3 - 1,KF Ferizaj,1231,1221.0,3,1,Kosovo,domestic league (tier 1)
2025/10/04,Superliga Kosovo,0,KF Malisheva,1265,1253.0,1 - 2,KF Llapi,1279,1291.0,1,2,Kosovo,domestic league (tier 1)
2025/10/28,Superliga Kosovo,0,KF Malisheva,1263,1247.0,0 - 5,KF Ballkani,1437,1453.0,0,5,Kosovo,domestic league (tier 1)
2025/11/09,Superliga Kosovo,0,KF Malisheva,1261,1248.0,1 - 2,KF Gjilani,1256,1269.0,1,2,Kosovo,domestic league (tier 1)
2025/12/06,Superliga Kosovo,0,KF Malisheva,1288,1294.0,2 - 0,FK Drenica,1138,1132.0,2,0,Kosovo,domestic league (tier 1)
2025/12/21,Superliga Kosovo,0,KF Malisheva,1297,1298.0,1 - 1,KF Drita,1447,1446.0,1,1,Kosovo,domestic league (tier 1)
2026/02/08,Superliga Kosovo,0,KF Malisheva,1298,1301.0,1 - 0,KF Prishtina e Re,1108,1105.0,1,0,Kosovo,domestic league (tier 1)
2026/02/21,Superliga Kosovo,0,KF Malisheva,1317,1313.0,0 - 0,KF Dukagjini,1286,1290.0,0,0,Kosovo,domestic league (tier 1)
2026/03/09,Superliga Kosovo,0,KF Malisheva,1305,1318.0,3 - 0,FC Prishtina,1313,1300.0,3,0,Kosovo,domestic league (tier 1)
2026/03/14,Superliga Kosovo,0,KF Malisheva,1318,1302.0,1 - 2,KF Ferizaj,1200,1216.0,1,2,Kosovo,domestic league (tier 1)
2026/03/22,Superliga Kosovo,0,KF Malisheva,1284,1294.0,2 - 0,KF Llapi,1267,1257.0,2,0,Kosovo,domestic league (tier 1)
2026/04/19,Superliga Kosovo,0,KF Malisheva,1277,1293.0,4 - 2,KF Ballkani,1400,1384.0,4,2,Kosovo,domestic league (tier 1)
2026/04/29,Superliga Kosovo,0,KF Malisheva,1305,1316.0,3 - 1,KF Gjilani,1305,1294.0,3,1,Kosovo,domestic league (tier 1)
2026/05/17,Superliga Kosovo,0,KF Malisheva,1327,1335.0,4 - 1,FK Drenica,1208,1200.0,4,1,Kosovo,domestic league (tier 1)
2026/05/31,Superliga Kosovo,0,KF Malisheva,1326,1336.0,3 - 2,KF Drita,1433,1423.0,3,2,Kosovo,domestic league (tier 1)
2026/08/21,Superliga Kosovo,0,KF Malisheva,1369,1363.0,1 - 1,FK Drenica,1221,1227.0,1,1,Kosovo,domestic league (tier 1)
2026/09/06,Superliga Kosovo,0,KF Malisheva,1371,,Info,KF Gjilani,1320,,,,Kosovo,domestic league (tier 1)
2016/08/19,Superliga Kosovo,0,KF Prishtina,1400,1406.0,3 - 1,KF Llapi,1250,1244.0,3,1,Kosovo,domestic league (tier 1)
2016/09/07,Superliga Kosovo,0,KF Prishtina,1414,1420.0,3 - 0,KF Hajvalia,1225,1219.0,3,0,Kosovo,domestic league (tier 1)
2016/09/16,Superliga Kosovo,0,KF Prishtina,1419,1423.0,1 - 0,KF Gjilani,1268,1264.0,1,0,Kosovo,domestic league (tier 1)
2016/09/29,Superliga Kosovo,0,KF Prishtina,1431,1434.0,1 - 0,KF Ferizaj,1208,1205.0,1,0,Kosovo,domestic league (tier 1)
2016/10/16,Superliga Kosovo,0,KF Prishtina,1431,1407.0,0 - 2,KF Trepça89,1307,1331.0,0,2,Kosovo,domestic league (tier 1)
2016/10/22,Superliga Kosovo,0,KF Prishtina,1407,1410.0,2 - 1,KF Trepça,1203,1200.0,2,1,Kosovo,domestic league (tier 1)
2016/11/06,Superliga Kosovo,0,KF Prishtina,1416,1420.0,1 - 0,KF Liria,1257,1253.0,1,0,Kosovo,domestic league (tier 1)
2016/11/19,Superliga Kosovo,0,KF Prishtina,1416,1423.0,2 - 0,Besa Pejë,1295,1288.0,2,0,Kosovo,domestic league (tier 1)
2016/11/30,Superliga Kosovo,0,KF Prishtina,1411,1406.0,0 - 0,KF Feronikeli,1314,1319.0,0,0,Kosovo,domestic league (tier 1)
2017/03/03,Superliga Kosovo,0,KF Prishtina,1403,1410.0,6 - 0,FK Drenica,1221,1214.0,6,0,Kosovo,domestic league (tier 1)
2017/03/31,Superliga Kosovo,0,KF Prishtina,1391,1395.0,1 - 0,KF Ferizaj,1225,1221.0,1,0,Kosovo,domestic league (tier 1)
2017/04/08,Superliga Kosovo,0,KF Prishtina,1406,1409.0,2 - 1,KF Trepça,1169,1166.0,2,1,Kosovo,domestic league (tier 1)
2017/04/22,Superliga Kosovo,0,KF Prishtina,1413,1417.0,1 - 0,KF Gjilani,1275,1271.0,1,0,Kosovo,domestic league (tier 1)
2017/05/07,Superliga Kosovo,0,KF Prishtina,1426,1411.0,1 - 2,KF Llapi,1332,1347.0,1,2,Kosovo,domestic league (tier 1)
2017/05/10,Superliga Kosovo,0,KF Prishtina,1411,1415.0,3 - 1,KF Liria,1208,1204.0,3,1,Kosovo,domestic league (tier 1)
2017/05/20,Superliga Kosovo,0,KF Prishtina,1426,1434.0,1 - 0,KF Trepça89,1448,1440.0,1,0,Kosovo,domestic league (tier 1)
2017/09/09,Superliga Kosovo,0,KF Prishtina,1427,1430.0,1 - 0,KF Liria,1227,1224.0,1,0,Kosovo,domestic league (tier 1)
2017/09/16,Superliga Kosovo,0,KF Prishtina,1427,1428.0,2 - 1,KF Vllaznia,1076,1075.0,2,1,Kosovo,domestic league (tier 1)
2017/09/27,Superliga Kosovo,0,KF Prishtina,1427,1422.0,0 - 0,KF Feronikeli,1350,1355.0,0,0,Kosovo,domestic league (tier 1)
2017/10/11,Superliga Kosovo,0,KF Prishtina,1407,1409.0,1 - 0,KF Vëllaznimi,1122,1120.0,1,0,Kosovo,domestic league (tier 1)
2017/10/21,Superliga Kosovo,0,KF Prishtina,1427,1432.0,4 - 0,Besa Pejë,1215,1210.0,4,0,Kosovo,domestic league (tier 1)
2017/10/28,Superliga Kosovo,0,KF Prishtina,1430,1432.0,3 - 1,KF Flamurtari,1059,1057.0,3,1,Kosovo,domestic league (tier 1)
2017/11/17,Superliga Kosovo,0,KF Prishtina,1420,1395.0,0 - 2,FK Drenica,1242,1267.0,0,2,Kosovo,domestic league (tier 1)
2017/11/27,Superliga Kosovo,0,KF Prishtina,1400,1405.0,2 - 1,KF Gjilani,1313,1308.0,2,1,Kosovo,domestic league (tier 1)
2018/02/18,Superliga Kosovo,0,KF Prishtina,1407,1416.0,2 - 0,KF Llapi,1371,1362.0,2,0,Kosovo,domestic league (tier 1)
2018/03/03,Superliga Kosovo,0,KF Prishtina,1412,1421.0,2 - 0,KF Trepça89,1361,1352.0,2,0,Kosovo,domestic league (tier 1)
2018/03/14,Superliga Kosovo,0,KF Prishtina,1428,1423.0,0 - 0,KF Trepça89,1348,1353.0,0,0,Kosovo,domestic league (tier 1)
2018/03/31,Superliga Kosovo,0,KF Prishtina,1411,1403.0,2 - 2,KF Vëllaznimi,1166,1174.0,2,2,Kosovo,domestic league (tier 1)
2018/04/14,Superliga Kosovo,0,KF Prishtina,1409,1411.0,1 - 0,Besa Pejë,1119,1117.0,1,0,Kosovo,domestic league (tier 1)
2018/04/29,Superliga Kosovo,0,KF Prishtina,1414,1419.0,3 - 2,KF Llapi,1315,1310.0,3,2,Kosovo,domestic league (tier 1)
2018/05/06,Superliga Kosovo,0,KF Prishtina,1419,1423.0,2 - 1,KF Gjilani,1290,1286.0,2,1,Kosovo,domestic league (tier 1)
2018/09/02,Superliga Kosovo,0,KF Prishtina,1434,1438.0,1 - 0,FK Drenica,1284,1280.0,1,0,Kosovo,domestic league (tier 1)
2018/09/15,Superliga Kosovo,0,KF Prishtina,1430,1422.0,0 - 0,KF Ferizaj,1175,1183.0,0,0,Kosovo,domestic league (tier 1)
2018/09/19,Superliga Kosovo,0,KF Prishtina,1422,1426.0,1 - 0,KF Gjilani,1272,1268.0,1,0,Kosovo,domestic league (tier 1)
2018/09/30,Superliga Kosovo,0,KF Prishtina,1417,1409.0,1 - 1,KF Flamurtari,1136,1144.0,1,1,Kosovo,domestic league (tier 1)
2018/10/06,Superliga Kosovo,0,KF Prishtina,1416,1421.0,2 - 1,KF Llapi,1322,1317.0,2,1,Kosovo,domestic league (tier 1)
2018/10/20,Superliga Kosovo,0,KF Prishtina,1421,1422.0,3 - 0,KEK-u Kastriot,951,950.0,3,0,Kosovo,domestic league (tier 1)
2018/10/31,Superliga Kosovo,0,KF Prishtina,1437,1444.0,2 - 0,KF Trepça89,1335,1328.0,2,0,Kosovo,domestic league (tier 1)
2018/11/11,Superliga Kosovo,0,KF Prishtina,1463,1465.0,2 - 0,KF Ballkani,1060,1058.0,2,0,Kosovo,domestic league (tier 1)
2019/02/24,Superliga Kosovo,0,KF Prishtina,1443,1448.0,4 - 0,KF Liria,1197,1192.0,4,0,Kosovo,domestic league (tier 1)
2019/03/06,Superliga Kosovo,0,KF Prishtina,1438,1435.0,1 - 1,KF Feronikeli,1423,1426.0,1,1,Kosovo,domestic league (tier 1)
2019/03/27,Superliga Kosovo,0,KF Prishtina,1437,1440.0,3 - 0,KF Flamurtari,1142,1139.0,3,0,Kosovo,domestic league (tier 1)
2019/04/04,Superliga Kosovo,0,KF Prishtina,1446,1450.0,3 - 0,KF Liria,1185,1181.0,3,0,Kosovo,domestic league (tier 1)
2019/04/13,Superliga Kosovo,0,KF Prishtina,1458,1458.0,1 - 0,KEK-u Kastriot,886,886.0,1,0,Kosovo,domestic league (tier 1)
2019/04/28,Superliga Kosovo,0,KF Prishtina,1465,1468.0,2 - 1,FK Drenica,1252,1249.0,2,1,Kosovo,domestic league (tier 1)
2019/05/11,Superliga Kosovo,0,KF Prishtina,1468,1474.0,1 - 0,KF Llapi,1423,1417.0,1,0,Kosovo,domestic league (tier 1)
2019/05/15,Superliga Kosovo,0,KF Prishtina,1474,1479.0,3 - 0,KF Trepça89,1268,1263.0,3,0,Kosovo,domestic league (tier 1)
2019/09/13,Superliga Kosovo,0,KF Prishtina,1430,1415.0,0 - 1,KF Llapi,1360,1375.0,0,1,Kosovo,domestic league (tier 1)
2019/09/22,Superliga Kosovo,0,KF Prishtina,1424,1428.0,2 - 1,KF Gjilani,1255,1251.0,2,1,Kosovo,domestic league (tier 1)
2019/09/25,Superliga Kosovo,0,KF Prishtina,1428,1429.0,2 - 0,KF Dukagjini,966,965.0,2,0,Kosovo,domestic league (tier 1)
2019/10/16,Superliga Kosovo,0,KF Prishtina,1421,1414.0,0 - 0,FK Drenica,1240,1247.0,0,0,Kosovo,domestic league (tier 1)
2019/10/28,Superliga Kosovo,0,KF Prishtina,1429,1432.0,2 - 0,KF Flamurtari,1133,1130.0,2,0,Kosovo,domestic league (tier 1)
2019/11/06,Superliga Kosovo,0,KF Prishtina,1424,1410.0,2 - 3,KF Feronikeli,1387,1401.0,2,3,Kosovo,domestic league (tier 1)
2019/11/23,Superliga Kosovo,0,KF Prishtina,1430,1434.0,1 - 0,KF Trepça89,1266,1262.0,1,0,Kosovo,domestic league (tier 1)
2020/02/15,Superliga Kosovo,0,KF Prishtina,1432,1434.0,4 - 0,FC Vushtrria,1021,1019.0,4,0,Kosovo,domestic league (tier 1)
2020/02/29,Superliga Kosovo,0,KF Prishtina,1445,1438.0,0 - 0,KF Ballkani,1272,1279.0,0,0,Kosovo,domestic league (tier 1)
2020/03/04,Superliga Kosovo,0,KF Prishtina,1438,1440.0,3 - 2,KF Ferizaj,1195,1193.0,3,2,Kosovo,domestic league (tier 1)
2020/06/07,Superliga Kosovo,0,KF Prishtina,1430,1436.0,8 - 1,KF Ferizaj,1209,1203.0,8,1,Kosovo,domestic league (tier 1)
2020/06/20,Superliga Kosovo,0,KF Prishtina,1440,1441.0,4 - 1,KF Dukagjini,953,952.0,4,1,Kosovo,domestic league (tier 1)
2020/06/29,Superliga Kosovo,0,KF Prishtina,1439,1448.0,3 - 1,KF Feronikeli,1386,1377.0,3,1,Kosovo,domestic league (tier 1)
2020/07/03,Superliga Kosovo,0,KF Prishtina,1448,1451.0,1 - 0,FK Drenica,1233,1230.0,1,0,Kosovo,domestic league (tier 1)
2020/07/22,Superliga Kosovo,0,KF Prishtina,1437,1442.0,3 - 0,KF Flamurtari,1212,1207.0,3,0,Kosovo,domestic league (tier 1)
2020/09/19,Superliga Kosovo,0,KF Prishtina,1429,1434.0,3 - 0,FK Drenica,1232,1227.0,3,0,Kosovo,domestic league (tier 1)
2020/10/04,Superliga Kosovo,0,KF Prishtina,1414,1407.0,0 - 0,KF Llapi,1204,1211.0,0,0,Kosovo,domestic league (tier 1)
2020/10/17,Superliga Kosovo,0,KF Prishtina,1407,1410.0,4 - 0,Besa Pejë,1058,1055.0,4,0,Kosovo,domestic league (tier 1)
2020/10/25,Superliga Kosovo,0,KF Prishtina,1420,1399.0,0 - 2,KF Gjilani,1365,1386.0,0,2,Kosovo,domestic league (tier 1)
2020/11/04,Superliga Kosovo,0,KF Prishtina,1379,1380.0,1 - 0,KF Arbëria,1010,1009.0,1,0,Kosovo,domestic league (tier 1)
2020/11/22,Superliga Kosovo,0,KF Prishtina,1384,1390.0,4 - 2,KF Trepça89,1228,1222.0,4,2,Kosovo,domestic league (tier 1)
2020/12/04,Superliga Kosovo,0,KF Prishtina,1406,1401.0,0 - 0,KF Feronikeli,1312,1317.0,0,0,Kosovo,domestic league (tier 1)
2020/12/13,Superliga Kosovo,0,KF Prishtina,1421,1428.0,2 - 1,KF Ballkani,1408,1401.0,2,1,Kosovo,domestic league (tier 1)
2021/02/13,Superliga Kosovo,0,KF Prishtina,1442,1446.0,3 - 1,FK Drenica,1200,1196.0,3,1,Kosovo,domestic league (tier 1)
2021/03/06,Superliga Kosovo,0,KF Prishtina,1469,1473.0,2 - 0,KF Llapi,1242,1238.0,2,0,Kosovo,domestic league (tier 1)
2021/03/10,Superliga Kosovo,0,KF Prishtina,1473,1474.0,5 - 1,Besa Pejë,991,990.0,5,1,Kosovo,domestic league (tier 1)
2021/03/30,Superliga Kosovo,0,KF Prishtina,1455,1449.0,0 - 0,KF Gjilani,1328,1334.0,0,0,Kosovo,domestic league (tier 1)
2021/04/17,Superliga Kosovo,0,KF Prishtina,1466,1467.0,2 - 0,KF Arbëria,1045,1044.0,2,0,Kosovo,domestic league (tier 1)
2021/04/28,Superliga Kosovo,0,KF Prishtina,1479,1482.0,3 - 1,KF Trepça89,1210,1207.0,3,1,Kosovo,domestic league (tier 1)
2021/05/09,Superliga Kosovo,0,KF Prishtina,1495,1498.0,2 - 1,KF Feronikeli,1268,1265.0,2,1,Kosovo,domestic league (tier 1)
2021/05/23,Superliga Kosovo,0,KF Prishtina,1505,1478.0,2 - 5,KF Ballkani,1390,1417.0,2,5,Kosovo,domestic league (tier 1)
2021/08/17,Supercup KOS,0,KF Prishtina,1483,1456.0,1 - 3,KF Llapi,1219,1246.0,1,3,Kosovo,domestic supercup
2021/08/29,Superliga Kosovo,0,KF Prishtina,1448,1434.0,0 - 1,KF Ballkani,1408,1422.0,0,1,Kosovo,domestic league (tier 1)
2021/09/16,Superliga Kosovo,0,KF Prishtina,1421,1415.0,1 - 1,KF Gjilani,1288,1294.0,1,1,Kosovo,domestic league (tier 1)
2021/09/30,Superliga Kosovo,0,KF Prishtina,1434,1425.0,1 - 1,KF Ulpiana,994,1003.0,1,1,Kosovo,domestic league (tier 1)
2021/10/16,Superliga Kosovo,0,KF Prishtina,1428,1411.0,1 - 2,KF Llapi,1190,1207.0,1,2,Kosovo,domestic league (tier 1)
2021/10/19,Superliga Kosovo,0,KF Prishtina,1411,1412.0,2 - 1,KF Malisheva,1058,1057.0,2,1,Kosovo,domestic league (tier 1)
2021/10/31,Superliga Kosovo,0,KF Prishtina,1401,1405.0,1 - 0,FK Drenica,1255,1251.0,1,0,Kosovo,domestic league (tier 1)
2021/11/19,Superliga Kosovo,0,KF Prishtina,1405,1396.0,0 - 0,KF Dukagjini,1049,1058.0,0,0,Kosovo,domestic league (tier 1)
2021/11/23,Superliga Kosovo,0,KF Prishtina,1396,1400.0,2 - 0,KF Feronikeli,1176,1172.0,2,0,Kosovo,domestic league (tier 1)
2022/02/20,Superliga Kosovo,0,KF Prishtina,1367,1349.0,0 - 2,KF Ballkani,1400,1418.0,0,2,Kosovo,domestic league (tier 1)
2022/02/27,Superliga Kosovo,0,KF Prishtina,1348,1345.0,2 - 2,KF Gjilani,1357,1360.0,2,2,Kosovo,domestic league (tier 1)
2022/03/12,Superliga Kosovo,0,KF Prishtina,1341,1344.0,2 - 0,KF Ulpiana,1039,1036.0,2,0,Kosovo,domestic league (tier 1)
2022/04/02,Superliga Kosovo,0,KF Prishtina,1335,1341.0,2 - 1,KF Llapi,1282,1276.0,2,1,Kosovo,domestic league (tier 1)
2022/04/10,Superliga Kosovo,0,KF Prishtina,1341,1344.0,3 - 2,KF Malisheva,1130,1127.0,3,2,Kosovo,domestic league (tier 1)
2022/04/24,Superliga Kosovo,0,KF Prishtina,1336,1330.0,1 - 1,FK Drenica,1183,1189.0,1,1,Kosovo,domestic league (tier 1)
2022/04/30,Superliga Kosovo,0,KF Prishtina,1343,1326.0,0 - 1,KF Dukagjini,1149,1166.0,0,1,Kosovo,domestic league (tier 1)
2022/05/04,Superliga Kosovo,0,KF Prishtina,1326,1329.0,5 - 0,KF Feronikeli,1013,1010.0,5,0,Kosovo,domestic league (tier 1)
2025/08/24,Superliga Kosovo,0,KF Prishtina e Re,1129,1120.0,0 - 1,KF Ferizaj,1257,1266.0,0,1,Kosovo,domestic league (tier 1)
2025/09/14,Superliga Kosovo,0,KF Prishtina e Re,1112,1124.0,1 - 0,KF Llapi,1287,1275.0,1,0,Kosovo,domestic league (tier 1)
2025/09/28,Superliga Kosovo,0,KF Prishtina e Re,1118,1110.0,0 - 3,KF Ballkani,1441,1449.0,0,3,Kosovo,domestic league (tier 1)
2025/10/18,Superliga Kosovo,0,KF Prishtina e Re,1117,1108.0,0 - 1,KF Gjilani,1253,1262.0,0,1,Kosovo,domestic league (tier 1)
2025/10/25,Superliga Kosovo,0,KF Prishtina e Re,1108,1095.0,0 - 2,KF Malisheva,1250,1263.0,0,2,Kosovo,domestic league (tier 1)
2025/11/02,Superliga Kosovo,0,KF Prishtina e Re,1087,1085.0,0 - 0,FK Drenica,1131,1133.0,0,0,Kosovo,domestic league (tier 1)
2025/11/22,Superliga Kosovo,0,KF Prishtina e Re,1092,1087.0,0 - 2,KF Drita,1462,1467.0,0,2,Kosovo,domestic league (tier 1)
2025/11/29,Superliga Kosovo,0,KF Prishtina e Re,1087,1112.0,4 - 1,FC Prishtina,1341,1316.0,4,1,Kosovo,domestic league (tier 1)
2025/12/13,Superliga Kosovo,0,KF Prishtina e Re,1108,1111.0,0 - 0,KF Dukagjini,1304,1301.0,0,0,Kosovo,domestic league (tier 1)
2026/02/15,Superliga Kosovo,0,KF Prishtina e Re,1105,1115.0,1 - 0,KF Ferizaj,1202,1192.0,1,0,Kosovo,domestic league (tier 1)
2026/02/28,Superliga Kosovo,0,KF Prishtina e Re,1135,1135.0,1 - 1,KF Llapi,1249,1249.0,1,1,Kosovo,domestic league (tier 1)
2026/03/18,Superliga Kosovo,0,KF Prishtina e Re,1138,1132.0,0 - 1,KF Ballkani,1406,1412.0,0,1,Kosovo,domestic league (tier 1)
2026/04/04,Superliga Kosovo,0,KF Prishtina e Re,1138,1130.0,1 - 2,KF Gjilani,1304,1312.0,1,2,Kosovo,domestic league (tier 1)
2026/04/11,Superliga Kosovo,0,KF Prishtina e Re,1130,1142.0,2 - 1,KF Malisheva,1289,1277.0,2,1,Kosovo,domestic league (tier 1)
2026/04/25,Superliga Kosovo,0,KF Prishtina e Re,1147,1135.0,2 - 3,FK Drenica,1178,1190.0,2,3,Kosovo,domestic league (tier 1)
2026/05/02,Superliga Kosovo,0,KF Prishtina e Re,1126,1122.0,0 - 1,KF Drita,1466,1470.0,0,1,Kosovo,domestic league (tier 1)
2026/05/06,Superliga Kosovo,0,KF Prishtina e Re,1122,1133.0,3 - 2,FC Prishtina,1269,1258.0,3,2,Kosovo,domestic league (tier 1)
2026/05/24,Superliga Kosovo,0,KF Prishtina e Re,1131,1122.0,2 - 3,KF Dukagjini,1283,1292.0,2,3,Kosovo,domestic league (tier 1)
2016/08/21,Superliga Kosovo,0,KF Trepça,1250,1237.0,0 - 1,Drita Gjilan,1250,1263.0,0,1,Kosovo,domestic league (tier 1)
2016/09/07,Superliga Kosovo,0,KF Trepça,1230,1208.0,1 - 4,KF Liria,1235,1257.0,1,4,Kosovo,domestic league (tier 1)
2016/09/18,Superliga Kosovo,0,KF Trepça,1211,1210.0,1 - 1,Besa Pejë,1278,1279.0,1,1,Kosovo,domestic league (tier 1)
2016/09/28,Superliga Kosovo,0,KF Trepça,1214,1202.0,0 - 1,KF Feronikeli,1257,1269.0,0,1,Kosovo,domestic league (tier 1)
2016/10/16,Superliga Kosovo,0,KF Trepça,1205,1203.0,0 - 0,FK Drenica,1245,1247.0,0,0,Kosovo,domestic league (tier 1)
2016/10/29,Superliga Kosovo,0,KF Trepça,1200,1187.0,1 - 3,KF Trepça89,1337,1350.0,1,3,Kosovo,domestic league (tier 1)
2016/11/06,Superliga Kosovo,0,KF Trepça,1190,1180.0,0 - 1,KF Llapi,1283,1293.0,0,1,Kosovo,domestic league (tier 1)
2016/11/20,Superliga Kosovo,0,KF Trepça,1175,1188.0,3 - 0,KF Hajvalia,1175,1162.0,3,0,Kosovo,domestic league (tier 1)
2016/11/30,Superliga Kosovo,0,KF Trepça,1203,1186.0,0 - 2,KF Gjilani,1260,1277.0,0,2,Kosovo,domestic league (tier 1)
2017/03/04,Superliga Kosovo,0,KF Trepça,1178,1176.0,1 - 1,KF Ferizaj,1214,1216.0,1,1,Kosovo,domestic league (tier 1)
2017/03/11,Superliga Kosovo,0,KF Trepça,1170,1164.0,1 - 2,KF Prishtina,1402,1408.0,1,2,Kosovo,domestic league (tier 1)
2017/04/05,Superliga Kosovo,0,KF Trepça,1183,1169.0,1 - 3,KF Llapi,1296,1310.0,1,3,Kosovo,domestic league (tier 1)
2017/04/15,Superliga Kosovo,0,KF Trepça,1166,1155.0,1 - 3,KF Feronikeli,1351,1362.0,1,3,Kosovo,domestic league (tier 1)
2017/04/30,Superliga Kosovo,0,KF Trepça,1151,1161.0,2 - 1,FK Drenica,1264,1254.0,2,1,Kosovo,domestic league (tier 1)
2017/05/10,Superliga Kosovo,0,KF Trepça,1155,1153.0,1 - 1,Drita Gjilan,1181,1183.0,1,1,Kosovo,domestic league (tier 1)
2017/05/26,Superliga Kosovo,0,KF Trepça,1159,1145.0,3 - 5,KF Gjilani,1272,1286.0,3,5,Kosovo,domestic league (tier 1)
2016/08/28,Superliga Kosovo,0,KF Trepça89,1263,1270.0,1 - 0,Drita Gjilan,1263,1256.0,1,0,Kosovo,domestic league (tier 1)
2016/09/11,Superliga Kosovo,0,KF Trepça89,1255,1268.0,3 - 0,KF Llapi,1264,1251.0,3,0,Kosovo,domestic league (tier 1)
2016/09/23,Superliga Kosovo,0,KF Trepça89,1280,1290.0,2 - 0,KF Liria,1256,1246.0,2,0,Kosovo,domestic league (tier 1)
2016/10/12,Superliga Kosovo,0,KF Trepça89,1302,1307.0,1 - 0,KF Hajvalia,1200,1195.0,1,0,Kosovo,domestic league (tier 1)
2016/10/23,Superliga Kosovo,0,KF Trepça89,1331,1337.0,2 - 1,Besa Pejë,1291,1285.0,2,1,Kosovo,domestic league (tier 1)
2016/11/02,Superliga Kosovo,0,KF Trepça89,1350,1345.0,1 - 1,KF Gjilani,1261,1266.0,1,1,Kosovo,domestic league (tier 1)
2016/11/16,Superliga Kosovo,0,KF Trepça89,1343,1340.0,0 - 0,KF Feronikeli,1322,1325.0,0,0,Kosovo,domestic league (tier 1)
2016/11/27,Superliga Kosovo,0,KF Trepça89,1327,1335.0,4 - 1,KF Ferizaj,1216,1208.0,4,1,Kosovo,domestic league (tier 1)
2017/02/26,Superliga Kosovo,0,KF Trepça89,1353,1361.0,4 - 0,FK Drenica,1229,1221.0,4,0,Kosovo,domestic league (tier 1)
2017/03/07,Superliga Kosovo,0,KF Trepça89,1373,1381.0,1 - 0,KF Prishtina,1410,1402.0,1,0,Kosovo,domestic league (tier 1)
2017/03/19,Superliga Kosovo,0,KF Trepça89,1392,1397.0,6 - 1,KF Trepça,1164,1159.0,6,1,Kosovo,domestic league (tier 1)
2017/04/02,Superliga Kosovo,0,KF Trepça89,1397,1402.0,2 - 0,KF Liria,1226,1221.0,2,0,Kosovo,domestic league (tier 1)
2017/04/09,Superliga Kosovo,0,KF Trepça89,1401,1394.0,0 - 0,KF Ferizaj,1203,1210.0,0,0,Kosovo,domestic league (tier 1)
2017/04/23,Superliga Kosovo,0,KF Trepça89,1405,1409.0,3 - 1,KF Trepça,1155,1151.0,3,1,Kosovo,domestic league (tier 1)
2017/05/05,Superliga Kosovo,0,KF Trepça89,1416,1423.0,5 - 2,KF Gjilani,1281,1274.0,5,2,Kosovo,domestic league (tier 1)
2017/05/14,Superliga Kosovo,0,KF Trepça89,1436,1448.0,8 - 1,KF Llapi,1359,1347.0,8,1,Kosovo,domestic league (tier 1)
2017/05/28,Superliga Kosovo,0,KF Trepça89,1440,1413.0,0 - 3,KF Feronikeli,1336,1363.0,0,3,Kosovo,domestic league (tier 1)
2017/08/18,Superliga Kosovo,0,KF Trepça89,1379,1382.0,3 - 1,KF Flamurtari,1080,1077.0,3,1,Kosovo,domestic league (tier 1)
2017/09/10,Superliga Kosovo,0,KF Trepça89,1370,1374.0,1 - 0,FK Drenica,1239,1235.0,1,0,Kosovo,domestic league (tier 1)
2017/09/17,Superliga Kosovo,0,KF Trepça89,1359,1344.0,1 - 2,KF Gjilani,1289,1304.0,1,2,Kosovo,domestic league (tier 1)
2017/09/27,Superliga Kosovo,0,KF Trepça89,1357,1369.0,3 - 1,KF Llapi,1381,1369.0,3,1,Kosovo,domestic league (tier 1)
2017/10/11,Superliga Kosovo,0,KF Trepça89,1365,1372.0,3 - 0,Besa Pejë,1216,1209.0,3,0,Kosovo,domestic league (tier 1)
2017/10/15,Superliga Kosovo,0,KF Trepça89,1372,1354.0,0 - 2,KF Prishtina,1409,1427.0,0,2,Kosovo,domestic league (tier 1)
2017/10/29,Superliga Kosovo,0,KF Trepça89,1349,1356.0,2 - 0,KF Liria,1255,1248.0,2,0,Kosovo,domestic league (tier 1)
2017/11/18,Superliga Kosovo,0,KF Trepça89,1345,1347.0,2 - 0,KF Vllaznia,1028,1026.0,2,0,Kosovo,domestic league (tier 1)
2017/11/26,Superliga Kosovo,0,KF Trepça89,1349,1347.0,0 - 0,KF Feronikeli,1369,1371.0,0,0,Kosovo,domestic league (tier 1)
2018/02/18,Superliga Kosovo,0,KF Trepça89,1351,1354.0,1 - 0,KF Vëllaznimi,1155,1152.0,1,0,Kosovo,domestic league (tier 1)
2018/03/11,Superliga Kosovo,0,KF Trepça89,1352,1348.0,1 - 1,Drita Gjilan,1302,1306.0,1,1,Kosovo,domestic league (tier 1)
2018/04/01,Superliga Kosovo,0,KF Trepça89,1355,1360.0,1 - 0,FK Drenica,1275,1270.0,1,0,Kosovo,domestic league (tier 1)
2018/04/15,Superliga Kosovo,0,KF Trepça89,1362,1368.0,3 - 0,KF Vëllaznimi,1184,1178.0,3,0,Kosovo,domestic league (tier 1)
2018/04/29,Superliga Kosovo,0,KF Trepça89,1354,1346.0,0 - 0,KF Flamurtari,1050,1058.0,0,0,Kosovo,domestic league (tier 1)
2018/05/06,Superliga Kosovo,0,KF Trepça89,1362,1365.0,2 - 0,Besa Pejë,1085,1082.0,2,0,Kosovo,domestic league (tier 1)
2018/05/18,Superliga Kosovo,0,KF Trepça89,1355,1358.0,6 - 1,KF Vllaznia,987,984.0,6,1,Kosovo,domestic league (tier 1)
2018/08/26,Superliga Kosovo,0,KF Trepça89,1360,1343.0,0 - 2,KF Prishtina,1417,1434.0,0,2,Kosovo,domestic league (tier 1)
2018/09/16,Superliga Kosovo,0,KF Trepça89,1341,1337.0,1 - 1,FK Drenica,1278,1282.0,1,1,Kosovo,domestic league (tier 1)
2018/09/28,Superliga Kosovo,0,KF Trepça89,1332,1336.0,1 - 0,KF Ferizaj,1167,1163.0,1,0,Kosovo,domestic league (tier 1)
2018/10/07,Superliga Kosovo,0,KF Trepça89,1339,1332.0,2 - 2,KF Flamurtari,1145,1152.0,2,2,Kosovo,domestic league (tier 1)
2018/10/21,Superliga Kosovo,0,KF Trepça89,1350,1347.0,1 - 1,KF Llapi,1326,1329.0,1,1,Kosovo,domestic league (tier 1)
2018/10/27,Superliga Kosovo,0,KF Trepça89,1347,1335.0,0 - 1,KF Feronikeli,1383,1395.0,0,1,Kosovo,domestic league (tier 1)
2018/11/04,Superliga Kosovo,0,KF Trepça89,1328,1324.0,1 - 1,KF Gjilani,1267,1271.0,1,1,Kosovo,domestic league (tier 1)
2018/11/11,Superliga Kosovo,0,KF Trepça89,1324,1326.0,4 - 1,KEK-u Kastriot,930,928.0,4,1,Kosovo,domestic league (tier 1)
2018/12/02,Superliga Kosovo,0,KF Trepça89,1310,1313.0,1 - 0,KF Ballkani,1081,1078.0,1,0,Kosovo,domestic league (tier 1)
2019/02/24,Superliga Kosovo,0,KF Trepça89,1296,1305.0,1 - 0,Drita Gjilan,1363,1354.0,1,0,Kosovo,domestic league (tier 1)
2019/03/06,Superliga Kosovo,0,KF Trepça89,1318,1302.0,1 - 2,KF Liria,1191,1207.0,1,2,Kosovo,domestic league (tier 1)
2019/04/03,Superliga Kosovo,0,KF Trepça89,1287,1291.0,1 - 0,KF Flamurtari,1144,1140.0,1,0,Kosovo,domestic league (tier 1)
2019/04/12,Superliga Kosovo,0,KF Trepça89,1278,1282.0,2 - 1,KF Ballkani,1109,1105.0,2,1,Kosovo,domestic league (tier 1)
2019/04/28,Superliga Kosovo,0,KF Trepça89,1287,1291.0,2 - 1,KF Liria,1158,1154.0,2,1,Kosovo,domestic league (tier 1)
2019/05/10,Superliga Kosovo,0,KF Trepça89,1283,1268.0,1 - 2,KF Ferizaj,1210,1225.0,1,2,Kosovo,domestic league (tier 1)
2019/05/19,Superliga Kosovo,0,KF Trepça89,1263,1265.0,4 - 0,KEK-u Kastriot,860,858.0,4,0,Kosovo,domestic league (tier 1)
2019/08/18,Superliga Kosovo,0,KF Trepça89,1277,1287.0,4 - 1,KF Gjilani,1209,1199.0,4,1,Kosovo,domestic league (tier 1)
2019/09/01,Superliga Kosovo,0,KF Trepça89,1282,1279.0,1 - 1,FK Drenica,1265,1268.0,1,1,Kosovo,domestic league (tier 1)
2019/09/18,Superliga Kosovo,0,KF Trepça89,1269,1260.0,0 - 1,KF Prishtina,1415,1424.0,0,1,Kosovo,domestic league (tier 1)
2019/09/28,Superliga Kosovo,0,KF Trepça89,1260,1269.0,5 - 1,KF Flamurtari,1169,1160.0,5,1,Kosovo,domestic league (tier 1)
2019/10/07,Superliga Kosovo,0,KF Trepça89,1254,1256.0,1 - 1,KF Feronikeli,1440,1438.0,1,1,Kosovo,domestic league (tier 1)
2019/10/23,Superliga Kosovo,0,KF Trepça89,1248,1254.0,1 - 0,KF Ferizaj,1195,1189.0,1,0,Kosovo,domestic league (tier 1)
2019/11/02,Superliga Kosovo,0,KF Trepça89,1275,1277.0,1 - 0,FC Vushtrria,1003,1001.0,1,0,Kosovo,domestic league (tier 1)
2019/11/10,Superliga Kosovo,0,KF Trepça89,1269,1266.0,0 - 0,KF Ballkani,1253,1256.0,0,0,Kosovo,domestic league (tier 1)
2019/12/01,Superliga Kosovo,0,KF Trepça89,1262,1277.0,3 - 1,Drita Gjilan,1361,1346.0,3,1,Kosovo,domestic league (tier 1)
2020/02/23,Superliga Kosovo,0,KF Trepça89,1267,1269.0,2 - 1,KF Dukagjini,976,974.0,2,1,Kosovo,domestic league (tier 1)
2020/03/04,Superliga Kosovo,0,KF Trepça89,1261,1249.0,1 - 2,KF Llapi,1282,1294.0,1,2,Kosovo,domestic league (tier 1)
2020/06/14,Superliga Kosovo,0,KF Trepça89,1237,1223.0,0 - 2,Drita Gjilan,1364,1378.0,0,2,Kosovo,domestic league (tier 1)
2020/06/24,Superliga Kosovo,0,KF Trepça89,1214,1211.0,1 - 1,KF Flamurtari,1198,1201.0,1,1,Kosovo,domestic league (tier 1)
2020/07/09,Superliga Kosovo,0,KF Trepça89,1252,1244.0,1 - 1,FC Vushtrria,989,997.0,1,1,Kosovo,domestic league (tier 1)
2020/07/18,Superliga Kosovo,0,KF Trepça89,1229,1237.0,5 - 4,KF Llapi,1259,1251.0,5,4,Kosovo,domestic league (tier 1)
2020/07/26,Superliga Kosovo,0,KF Trepça89,1252,1265.0,2 - 1,KF Prishtina,1442,1429.0,2,1,Kosovo,domestic league (tier 1)
2020/09/18,Superliga Kosovo,0,KF Trepça89,1265,1237.0,0 - 2,KF Arbëria,946,974.0,0,2,Kosovo,domestic league (tier 1)
2020/09/26,Superliga Kosovo,0,KF Trepça89,1237,1244.0,1 - 0,KF Llapi,1224,1217.0,1,0,Kosovo,domestic league (tier 1)
2020/09/30,Superliga Kosovo,0,KF Trepça89,1244,1256.0,1 - 0,KF Prishtina,1426,1414.0,1,0,Kosovo,domestic league (tier 1)
2020/10/18,Superliga Kosovo,0,KF Trepça89,1240,1239.0,0 - 0,KF Feronikeli,1308,1309.0,0,0,Kosovo,domestic league (tier 1)
2020/10/25,Superliga Kosovo,0,KF Trepça89,1245,1256.0,4 - 3,KF Ballkani,1395,1384.0,4,3,Kosovo,domestic league (tier 1)
2020/11/04,Superliga Kosovo,0,KF Trepça89,1254,1246.0,0 - 1,Drita Gjilan,1426,1434.0,0,1,Kosovo,domestic league (tier 1)
2020/11/25,Superliga Kosovo,0,KF Trepça89,1222,1227.0,4 - 2,Besa Pejë,1042,1037.0,4,2,Kosovo,domestic league (tier 1)
2020/12/05,Superliga Kosovo,0,KF Trepça89,1219,1239.0,3 - 0,KF Gjilani,1364,1344.0,3,0,Kosovo,domestic league (tier 1)
2020/12/14,Superliga Kosovo,0,KF Trepça89,1234,1230.0,0 - 0,FK Drenica,1196,1200.0,0,0,Kosovo,domestic league (tier 1)
2021/02/15,Superliga Kosovo,0,KF Trepça89,1230,1223.0,1 - 1,KF Arbëria,1045,1052.0,1,1,Kosovo,domestic league (tier 1)
2021/02/24,Superliga Kosovo,0,KF Trepça89,1240,1247.0,1 - 0,KF Llapi,1237,1230.0,1,0,Kosovo,domestic league (tier 1)
2021/02/27,Superliga Kosovo,0,KF Trepça89,1247,1240.0,1 - 2,KF Prishtina,1462,1469.0,1,2,Kosovo,domestic league (tier 1)
2021/03/10,Superliga Kosovo,0,KF Trepça89,1246,1244.0,0 - 0,KF Feronikeli,1283,1285.0,0,0,Kosovo,domestic league (tier 1)
2021/03/21,Superliga Kosovo,0,KF Trepça89,1239,1226.0,0 - 2,KF Ballkani,1386,1399.0,0,2,Kosovo,domestic league (tier 1)
2021/04/18,Superliga Kosovo,0,KF Trepça89,1223,1216.0,0 - 1,Drita Gjilan,1441,1448.0,0,1,Kosovo,domestic league (tier 1)
2021/05/01,Superliga Kosovo,0,KF Trepça89,1207,1200.0,1 - 1,Besa Pejë,986,993.0,1,1,Kosovo,domestic league (tier 1)
2021/05/09,Superliga Kosovo,0,KF Trepça89,1190,1201.0,2 - 1,KF Gjilani,1316,1305.0,2,1,Kosovo,domestic league (tier 1)
2021/05/23,Superliga Kosovo,0,KF Trepça89,1198,1206.0,2 - 1,FK Drenica,1236,1228.0,2,1,Kosovo,domestic league (tier 1)
2022/08/13,Superliga Kosovo,0,KF Trepça89,1200,1203.0,2 - 2,Drita Gjilan,1421,1418.0,2,2,Kosovo,domestic league (tier 1)
2022/09/03,Superliga Kosovo,0,KF Trepça89,1202,1188.0,2 - 3,KF Malisheva,1166,1180.0,2,3,Kosovo,domestic league (tier 1)
2022/09/15,Superliga Kosovo,0,KF Trepça89,1212,1207.0,1 - 1,KF Ferizaj,1125,1130.0,1,1,Kosovo,domestic league (tier 1)
2022/09/18,Superliga Kosovo,0,KF Trepça89,1207,1217.0,3 - 0,KF Dukagjini,1158,1148.0,3,0,Kosovo,domestic league (tier 1)
2022/10/16,Superliga Kosovo,0,KF Trepça89,1213,1212.0,3 - 3,KF Llapi,1261,1262.0,3,3,Kosovo,domestic league (tier 1)
2022/10/23,Superliga Kosovo,0,KF Trepça89,1208,1208.0,1 - 1,KF Gjilani,1302,1302.0,1,1,Kosovo,domestic league (tier 1)
2022/11/05,Superliga Kosovo,0,KF Trepça89,1199,1207.0,1 - 0,FK Drenica,1240,1232.0,1,0,Kosovo,domestic league (tier 1)
2022/11/27,Superliga Kosovo,0,KF Trepça89,1210,1193.0,0 - 3,FC Prishtina,1319,1336.0,0,3,Kosovo,domestic league (tier 1)
2022/11/30,Superliga Kosovo,0,KF Trepça89,1193,1197.0,1 - 1,KF Ballkani,1444,1440.0,1,1,Kosovo,domestic league (tier 1)
2023/02/12,Superliga Kosovo,0,KF Trepça89,1197,1211.0,1 - 0,Drita Gjilan,1444,1430.0,1,0,Kosovo,domestic league (tier 1)
2023/02/23,Superliga Kosovo,0,KF Trepça89,1205,1199.0,0 - 1,KF Ballkani,1459,1465.0,0,1,Kosovo,domestic league (tier 1)
2023/03/05,Superliga Kosovo,0,KF Trepça89,1194,1191.0,0 - 0,KF Malisheva,1194,1197.0,0,0,Kosovo,domestic league (tier 1)
2023/03/11,Superliga Kosovo,0,KF Trepça89,1204,1190.0,0 - 1,KF Ferizaj,1140,1154.0,0,1,Kosovo,domestic league (tier 1)
2023/03/19,Superliga Kosovo,0,KF Trepça89,1190,1198.0,2 - 1,KF Dukagjini,1232,1224.0,2,1,Kosovo,domestic league (tier 1)
2023/04/15,Superliga Kosovo,0,KF Trepça89,1198,1207.0,2 - 1,KF Llapi,1278,1269.0,2,1,Kosovo,domestic league (tier 1)
2023/04/30,Superliga Kosovo,0,KF Trepça89,1202,1202.0,0 - 0,KF Gjilani,1305,1305.0,0,0,Kosovo,domestic league (tier 1)
2023/05/06,Superliga Kosovo,0,KF Trepça89,1195,1203.0,3 - 1,FK Drenica,1120,1112.0,3,1,Kosovo,domestic league (tier 1)
2023/05/28,Superliga Kosovo,0,KF Trepça89,1187,1198.0,2 - 1,FC Prishtina,1321,1310.0,2,1,Kosovo,domestic league (tier 1)
2021/08/28,Superliga Kosovo,0,KF Ulpiana,1005,986.0,1 - 3,KF Malisheva,1005,1024.0,1,3,Kosovo,domestic league (tier 1)
2021/09/16,Superliga Kosovo,0,KF Ulpiana,985,979.0,0 - 1,FK Drenica,1247,1253.0,0,1,Kosovo,domestic league (tier 1)
2021/09/25,Superliga Kosovo,0,KF Ulpiana,997,994.0,0 - 0,KF Dukagjini,1000,1003.0,0,0,Kosovo,domestic league (tier 1)
2021/10/15,Superliga Kosovo,0,KF Ulpiana,1001,1008.0,1 - 1,Drita Gjilan,1419,1412.0,1,1,Kosovo,domestic league (tier 1)
2021/10/19,Superliga Kosovo,0,KF Ulpiana,1008,993.0,0 - 6,KF Llapi,1207,1222.0,0,6,Kosovo,domestic league (tier 1)
2021/10/31,Superliga Kosovo,0,KF Ulpiana,1007,1024.0,2 - 1,KF Ballkani,1424,1407.0,2,1,Kosovo,domestic league (tier 1)
2021/11/20,Superliga Kosovo,0,KF Ulpiana,1041,1035.0,1 - 2,KF Gjilani,1309,1315.0,1,2,Kosovo,domestic league (tier 1)
2021/11/27,Superliga Kosovo,0,KF Ulpiana,1038,1032.0,0 - 3,KF Prishtina,1400,1406.0,0,3,Kosovo,domestic league (tier 1)
2021/12/05,Superliga Kosovo,0,KF Ulpiana,1032,1033.0,0 - 0,KF Feronikeli,1166,1165.0,0,0,Kosovo,domestic league (tier 1)
2022/02/19,Superliga Kosovo,0,KF Ulpiana,1028,1027.0,1 - 1,KF Malisheva,1077,1078.0,1,1,Kosovo,domestic league (tier 1)
2022/02/27,Superliga Kosovo,0,KF Ulpiana,1025,1044.0,3 - 1,FK Drenica,1217,1198.0,3,1,Kosovo,domestic league (tier 1)
2022/03/09,Superliga Kosovo,0,KF Ulpiana,1041,1039.0,1 - 1,KF Dukagjini,1086,1088.0,1,1,Kosovo,domestic league (tier 1)
2022/04/02,Superliga Kosovo,0,KF Ulpiana,1040,1036.0,2 - 3,Drita Gjilan,1408,1412.0,2,3,Kosovo,domestic league (tier 1)
2022/04/10,Superliga Kosovo,0,KF Ulpiana,1036,1027.0,0 - 2,KF Llapi,1276,1285.0,0,2,Kosovo,domestic league (tier 1)
2022/04/23,Superliga Kosovo,0,KF Ulpiana,1022,1029.0,1 - 1,KF Ballkani,1434,1427.0,1,1,Kosovo,domestic league (tier 1)
2022/04/30,Superliga Kosovo,0,KF Ulpiana,1024,1015.0,0 - 4,KF Gjilani,1334,1343.0,0,4,Kosovo,domestic league (tier 1)
2022/05/08,Superliga Kosovo,0,KF Ulpiana,1011,1003.0,0 - 3,KF Prishtina,1329,1337.0,0,3,Kosovo,domestic league (tier 1)
2022/05/15,Superliga Kosovo,0,KF Ulpiana,1003,1017.0,6 - 2,KF Feronikeli,1006,992.0,6,2,Kosovo,domestic league (tier 1)
2017/08/25,Superliga Kosovo,0,KF Vllaznia,1078,1073.0,0 - 1,KF Llapi,1369,1374.0,0,1,Kosovo,domestic league (tier 1)
2017/09/13,Superliga Kosovo,0,KF Vllaznia,1061,1076.0,2 - 1,KF Trepça89,1374,1359.0,2,1,Kosovo,domestic league (tier 1)
2017/09/24,Superliga Kosovo,0,KF Vllaznia,1075,1059.0,0 - 4,Drita Gjilan,1220,1236.0,0,4,Kosovo,domestic league (tier 1)
2017/10/01,Superliga Kosovo,0,KF Vllaznia,1052,1054.0,0 - 0,KF Liria,1229,1227.0,0,0,Kosovo,domestic league (tier 1)
2017/10/21,Superliga Kosovo,0,KF Vllaznia,1045,1050.0,0 - 0,KF Gjilani,1316,1311.0,0,0,Kosovo,domestic league (tier 1)
2017/10/26,Superliga Kosovo,0,KF Vllaznia,1050,1041.0,0 - 3,KF Feronikeli,1328,1337.0,0,3,Kosovo,domestic league (tier 1)
2017/11/04,Superliga Kosovo,0,KF Vllaznia,1038,1028.0,1 - 2,KF Vëllaznimi,1147,1157.0,1,2,Kosovo,domestic league (tier 1)
2017/11/23,Superliga Kosovo,0,KF Vllaznia,1026,1021.0,0 - 2,KF Prishtina,1395,1400.0,0,2,Kosovo,domestic league (tier 1)
2017/12/01,Superliga Kosovo,0,KF Vllaznia,1017,1030.0,2 - 0,KF Flamurtari,1064,1051.0,2,0,Kosovo,domestic league (tier 1)
2018/02/27,Superliga Kosovo,0,KF Vllaznia,1027,1031.0,0 - 0,FK Drenica,1272,1268.0,0,0,Kosovo,domestic league (tier 1)
2018/03/05,Superliga Kosovo,0,KF Vllaznia,1031,1041.0,1 - 0,Besa Pejë,1130,1120.0,1,0,Kosovo,domestic league (tier 1)
2018/03/18,Superliga Kosovo,0,KF Vllaznia,1036,1042.0,0 - 0,KF Feronikeli,1358,1352.0,0,0,Kosovo,domestic league (tier 1)
2018/04/06,Superliga Kosovo,0,KF Vllaznia,1037,1041.0,0 - 0,KF Liria,1283,1279.0,0,0,Kosovo,domestic league (tier 1)
2018/04/22,Superliga Kosovo,0,KF Vllaznia,1038,1035.0,0 - 1,KF Prishtina,1411,1414.0,0,1,Kosovo,domestic league (tier 1)
2018/05/03,Superliga Kosovo,0,KF Vllaznia,1030,1016.0,0 - 2,KF Vëllaznimi,1163,1177.0,0,2,Kosovo,domestic league (tier 1)
2018/05/13,Superliga Kosovo,0,KF Vllaznia,1006,987.0,1 - 4,Besa Pejë,1082,1101.0,1,4,Kosovo,domestic league (tier 1)
2017/08/20,Superliga Kosovo,0,KF Vëllaznimi,1080,1091.0,1 - 0,KF Liria,1226,1215.0,1,0,Kosovo,domestic league (tier 1)
2017/09/10,Superliga Kosovo,0,KF Vëllaznimi,1087,1099.0,3 - 0,KF Vllaznia,1073,1061.0,3,0,Kosovo,domestic league (tier 1)
2017/09/17,Superliga Kosovo,0,KF Vëllaznimi,1106,1110.0,0 - 0,KF Feronikeli,1367,1363.0,0,0,Kosovo,domestic league (tier 1)
2017/09/27,Superliga Kosovo,0,KF Vëllaznimi,1107,1118.0,1 - 0,Besa Pejë,1247,1236.0,1,0,Kosovo,domestic league (tier 1)
2017/10/01,Superliga Kosovo,0,KF Vëllaznimi,1118,1122.0,0 - 0,KF Trepça89,1369,1365.0,0,0,Kosovo,domestic league (tier 1)
2017/10/15,Superliga Kosovo,0,KF Vëllaznimi,1120,1121.0,1 - 1,Drita Gjilan,1258,1257.0,1,1,Kosovo,domestic league (tier 1)
2017/10/29,Superliga Kosovo,0,KF Vëllaznimi,1147,1147.0,1 - 1,FK Drenica,1231,1231.0,1,1,Kosovo,domestic league (tier 1)
2017/11/17,Superliga Kosovo,0,KF Vëllaznimi,1157,1159.0,0 - 0,KF Gjilani,1317,1315.0,0,0,Kosovo,domestic league (tier 1)
2017/11/25,Superliga Kosovo,0,KF Vëllaznimi,1154,1142.0,0 - 3,KF Llapi,1363,1375.0,0,3,Kosovo,domestic league (tier 1)
2018/02/24,Superliga Kosovo,0,KF Vëllaznimi,1152,1156.0,0 - 0,KF Prishtina,1416,1412.0,0,0,Kosovo,domestic league (tier 1)
2018/03/11,Superliga Kosovo,0,KF Vëllaznimi,1162,1169.0,2 - 0,KF Flamurtari,1058,1051.0,2,0,Kosovo,domestic league (tier 1)
2018/03/18,Superliga Kosovo,0,KF Vëllaznimi,1175,1166.0,0 - 1,Drita Gjilan,1315,1324.0,0,1,Kosovo,domestic league (tier 1)
2018/04/08,Superliga Kosovo,0,KF Vëllaznimi,1174,1184.0,1 - 0,FK Drenica,1270,1260.0,1,0,Kosovo,domestic league (tier 1)
2018/04/29,Superliga Kosovo,0,KF Vëllaznimi,1167,1163.0,0 - 0,Besa Pejë,1108,1112.0,0,0,Kosovo,domestic league (tier 1)
2018/05/06,Superliga Kosovo,0,KF Vëllaznimi,1177,1194.0,2 - 0,KF Llapi,1316,1299.0,2,0,Kosovo,domestic league (tier 1)
2018/05/19,Superliga Kosovo,0,KF Vëllaznimi,1200,1200.0,0 - 0,KF Gjilani,1283,1283.0,0,0,Kosovo,domestic league (tier 1)
