Date,Competition,Neutral Venue,Home,PreHElo,PostHElo,Result,Away,PreAElo,PostAElo,Home Goals,Away Goals,Country,Category
2023/07/02,A Lyga,0,Banga Gargždai,1074,1070.0,1 - 4,FK Žalgiris,1510,1514.0,1,4,Lithuania,domestic league (tier 1)
2023/07/14,A Lyga,0,Banga Gargždai,1083,1069.0,0 - 1,FC Džiugas,1040,1054.0,0,1,Lithuania,domestic league (tier 1)
2023/07/18,A Lyga,0,Banga Gargždai,1069,1073.0,1 - 1,Kauno Žalgiris,1312,1308.0,1,1,Lithuania,domestic league (tier 1)
2023/07/25,A Lyga,0,Banga Gargždai,1073,1058.0,0 - 3,FC Hegelmann,1233,1248.0,0,3,Lithuania,domestic league (tier 1)
2023/08/19,A Lyga,0,Banga Gargždai,1068,1069.0,1 - 1,FA Šiauliai,1217,1216.0,1,1,Lithuania,domestic league (tier 1)
2023/09/16,A Lyga,0,Banga Gargždai,1066,1073.0,1 - 0,DFK Dainava,1070,1063.0,1,0,Lithuania,domestic league (tier 1)
2023/10/21,A Lyga,0,Banga Gargždai,1079,1066.0,1 - 2,FK Riteriai,1082,1095.0,1,2,Lithuania,domestic league (tier 1)
2023/11/03,A Lyga,0,Banga Gargždai,1066,1076.0,1 - 0,FK Suduva,1178,1168.0,1,0,Lithuania,domestic league (tier 1)
2024/03/02,A Lyga,0,Banga Gargždai,1069,1074.0,1 - 1,Kauno Žalgiris,1366,1361.0,1,1,Lithuania,domestic league (tier 1)
2024/03/13,A Lyga,0,Banga Gargždai,1080,1074.0,1 - 4,FK Žalgiris,1452,1458.0,1,4,Lithuania,domestic league (tier 1)
2024/03/29,A Lyga,0,Banga Gargždai,1093,1074.0,0 - 2,FC Džiugas,1092,1111.0,0,2,Lithuania,domestic league (tier 1)
2024/04/10,A Lyga,0,Banga Gargždai,1077,1076.0,0 - 0,FK Suduva,1147,1148.0,0,0,Lithuania,domestic league (tier 1)
2024/04/28,A Lyga,0,Banga Gargždai,1119,1108.0,0 - 1,FA Šiauliai,1197,1208.0,0,1,Lithuania,domestic league (tier 1)
2024/05/11,A Lyga,0,Banga Gargždai,1136,1156.0,2 - 0,FK Panevežys,1363,1343.0,2,0,Lithuania,domestic league (tier 1)
2024/05/26,A Lyga,0,Banga Gargždai,1159,1133.0,0 - 3,DFK Dainava,1064,1090.0,0,3,Lithuania,domestic league (tier 1)
2024/06/15,A Lyga,0,Banga Gargždai,1126,1129.0,2 - 0,FK TransINVEST,846,843.0,2,0,Lithuania,domestic league (tier 1)
2024/06/26,A Lyga,0,Banga Gargždai,1133,1127.0,0 - 2,FK Žalgiris,1461,1467.0,0,2,Lithuania,domestic league (tier 1)
2024/07/06,A Lyga,0,Banga Gargždai,1144,1140.0,0 - 0,FC Džiugas,1107,1111.0,0,0,Lithuania,domestic league (tier 1)
2024/07/12,A Lyga,0,Banga Gargždai,1140,1129.0,2 - 4,FC Hegelmann,1347,1358.0,2,4,Lithuania,domestic league (tier 1)
2024/07/26,A Lyga,0,Banga Gargždai,1116,1119.0,1 - 1,Kauno Žalgiris,1328,1325.0,1,1,Lithuania,domestic league (tier 1)
2024/08/02,A Lyga,0,Banga Gargždai,1119,1126.0,1 - 0,FK Suduva,1110,1103.0,1,0,Lithuania,domestic league (tier 1)
2024/08/24,A Lyga,0,Banga Gargždai,1140,1155.0,4 - 1,FA Šiauliai,1180,1165.0,4,1,Lithuania,domestic league (tier 1)
2024/09/15,A Lyga,0,Banga Gargždai,1153,1144.0,2 - 3,FK Panevežys,1289,1298.0,2,3,Lithuania,domestic league (tier 1)
2024/09/29,Lithuania Cup,0,Banga Gargždai,1175,1180.0,0 - 0,FC Hegelmann,1362,1357.0,0,0,Lithuania,domestic cup
2024/10/05,A Lyga,0,Banga Gargždai,1180,1154.0,0 - 3,DFK Dainava,1093,1119.0,0,3,Lithuania,domestic league (tier 1)
2024/11/02,A Lyga,0,Banga Gargždai,1147,1140.0,1 - 1,FK TransINVEST,977,984.0,1,1,Lithuania,domestic league (tier 1)
2024/11/09,A Lyga,0,Banga Gargždai,1140,1143.0,1 - 1,FC Hegelmann,1331,1328.0,1,1,Lithuania,domestic league (tier 1)
2025/02/22,Lithuania Supercup,0,Banga Gargždai,1143,1150.0,2 - 2,FK Žalgiris,1443,1436.0,2,2,Lithuania,domestic supercup
2025/03/01,A Lyga,0,Banga Gargždai,1150,1168.0,2 - 0,FC Hegelmann,1328,1310.0,2,0,Lithuania,domestic league (tier 1)
2025/04/05,A Lyga,0,Banga Gargždai,1173,1160.0,1 - 2,FA Šiauliai,1160,1173.0,1,2,Lithuania,domestic league (tier 1)
2025/04/12,A Lyga,0,Banga Gargždai,1160,1139.0,1 - 3,FK Riteriai,1105,1126.0,1,3,Lithuania,domestic league (tier 1)
2025/04/16,A Lyga,0,Banga Gargždai,1139,1126.0,0 - 1,FC Džiugas,1133,1146.0,0,1,Lithuania,domestic league (tier 1)
2025/04/20,A Lyga,0,Banga Gargždai,1126,1132.0,2 - 1,DFK Dainava,1094,1088.0,2,1,Lithuania,domestic league (tier 1)
2025/05/03,A Lyga,0,Banga Gargždai,1148,1168.0,2 - 0,FK Žalgiris,1379,1359.0,2,0,Lithuania,domestic league (tier 1)
2025/05/11,A Lyga,0,Banga Gargždai,1168,1156.0,0 - 1,FK Suduva,1188,1200.0,0,1,Lithuania,domestic league (tier 1)
2025/05/23,A Lyga,0,Banga Gargždai,1146,1147.0,1 - 1,FK Panevežys,1265,1264.0,1,1,Lithuania,domestic league (tier 1)
2025/05/27,Lithuania Cup,0,Banga Gargždai,1147,1136.0,0 - 1,FA Šiauliai,1207,1218.0,0,1,Lithuania,domestic cup
2025/06/30,A Lyga,0,Banga Gargždai,1145,1135.0,0 - 2,Kauno Žalgiris,1364,1374.0,0,2,Lithuania,domestic league (tier 1)
2025/08/04,A Lyga,0,Banga Gargždai,1134,1144.0,1 - 0,FA Šiauliai,1224,1214.0,1,0,Lithuania,domestic league (tier 1)
2025/08/10,A Lyga,0,Banga Gargždai,1144,1151.0,2 - 0,FK Riteriai,1027,1020.0,2,0,Lithuania,domestic league (tier 1)
2025/08/13,A Lyga,0,Banga Gargždai,1151,1143.0,0 - 1,FC Hegelmann,1307,1315.0,0,1,Lithuania,domestic league (tier 1)
2025/08/30,A Lyga,0,Banga Gargždai,1155,1159.0,0 - 0,Kauno Žalgiris,1382,1378.0,0,0,Lithuania,domestic league (tier 1)
2025/09/13,A Lyga,0,Banga Gargždai,1159,1147.0,0 - 2,FK Žalgiris,1329,1341.0,0,2,Lithuania,domestic league (tier 1)
2025/09/21,A Lyga,0,Banga Gargždai,1147,1137.0,0 - 1,FK Suduva,1240,1250.0,0,1,Lithuania,domestic league (tier 1)
2025/09/26,A Lyga,0,Banga Gargždai,1137,1124.0,0 - 1,FC Džiugas,1139,1152.0,0,1,Lithuania,domestic league (tier 1)
2025/10/18,A Lyga,0,Banga Gargždai,1131,1132.0,2 - 2,FK Panevežys,1278,1277.0,2,2,Lithuania,domestic league (tier 1)
2025/11/02,A Lyga,0,Banga Gargždai,1155,1164.0,6 - 0,DFK Dainava,1017,1008.0,6,0,Lithuania,domestic league (tier 1)
2026/03/08,A Lyga,0,Banga Gargždai,1192,1199.0,5 - 0,FK Riteriai,1021,1014.0,5,0,Lithuania,domestic league (tier 1)
2026/03/15,A Lyga,0,Banga Gargždai,1187,1174.0,0 - 1,FC Džiugas,1165,1178.0,0,1,Lithuania,domestic league (tier 1)
2026/03/21,A Lyga,0,Banga Gargždai,1174,1163.0,0 - 1,FK Panevežys,1256,1267.0,0,1,Lithuania,domestic league (tier 1)
2026/04/11,A Lyga,0,Banga Gargždai,1166,1176.0,2 - 1,FK Suduva,1250,1240.0,2,1,Lithuania,domestic league (tier 1)
2026/04/26,A Lyga,0,Banga Gargždai,1182,1191.0,2 - 1,FC Hegelmann,1263,1254.0,2,1,Lithuania,domestic league (tier 1)
2026/05/01,A Lyga,0,Banga Gargždai,1191,1194.0,2 - 2,Kauno Žalgiris,1413,1410.0,2,2,Lithuania,domestic league (tier 1)
2026/05/10,A Lyga,0,Banga Gargždai,1207,1202.0,2 - 2,FK TransINVEST,1112,1117.0,2,2,Lithuania,domestic league (tier 1)
2026/05/30,A Lyga,0,Banga Gargždai,1210,1206.0,1 - 1,FA Šiauliai,1183,1187.0,1,1,Lithuania,domestic league (tier 1)
2026/06/20,A Lyga,0,Banga Gargždai,1226,1244.0,3 - 0,FK Žalgiris,1327,1309.0,3,0,Lithuania,domestic league (tier 1)
2026/06/28,A Lyga,0,Banga Gargždai,1244,1254.0,2 - 0,FC Hegelmann,1233,1223.0,2,0,Lithuania,domestic league (tier 1)
2026/08/09,A Lyga,0,Banga Gargždai,1274,1252.0,0 - 3,FK Suduva,1292,1314.0,0,3,Lithuania,domestic league (tier 1)
2026/08/30,A Lyga,0,Banga Gargždai,1268,1269.0,0 - 0,Kauno Žalgiris,1418,1417.0,0,0,Lithuania,domestic league (tier 1)
2026/09/03,A Lyga,0,Banga Gargždai,1269,,Info,FK Panevežys,1213,,,,Lithuania,domestic league (tier 1)
2021/03/06,A Lyga,0,DFK Dainava,931,913.0,0 - 2,FK Nevežis,951,969.0,0,2,Lithuania,domestic league (tier 1)
2021/03/21,A Lyga,0,DFK Dainava,923,922.0,1 - 1,FC Džiugas,980,981.0,1,1,Lithuania,domestic league (tier 1)
2021/04/09,A Lyga,0,DFK Dainava,931,924.0,1 - 3,FK Panevežys,1238,1245.0,1,3,Lithuania,domestic league (tier 1)
2021/04/16,A Lyga,0,DFK Dainava,919,916.0,0 - 1,Kauno Žalgiris,1355,1358.0,0,1,Lithuania,domestic league (tier 1)
2021/04/30,A Lyga,0,DFK Dainava,929,927.0,1 - 5,FK Žalgiris,1538,1540.0,1,5,Lithuania,domestic league (tier 1)
2021/05/14,A Lyga,0,DFK Dainava,955,961.0,1 - 1,FK Riteriai,1270,1264.0,1,1,Lithuania,domestic league (tier 1)
2021/05/29,A Lyga,0,DFK Dainava,963,979.0,3 - 1,FK Banga Gargždai,1090,1074.0,3,1,Lithuania,domestic league (tier 1)
2021/06/19,A Lyga,0,DFK Dainava,976,985.0,1 - 1,FK Suduva,1523,1514.0,1,1,Lithuania,domestic league (tier 1)
2021/06/26,A Lyga,0,DFK Dainava,985,974.0,1 - 2,FC Hegelmann,1065,1076.0,1,2,Lithuania,domestic league (tier 1)
2021/07/01,A Lyga,0,DFK Dainava,974,969.0,1 - 2,FK Panevežys,1269,1274.0,1,2,Lithuania,domestic league (tier 1)
2021/07/09,A Lyga,0,DFK Dainava,969,965.0,1 - 1,FK Nevežis,909,913.0,1,1,Lithuania,domestic league (tier 1)
2021/07/19,A Lyga,0,DFK Dainava,965,979.0,2 - 1,FK Riteriai,1221,1207.0,2,1,Lithuania,domestic league (tier 1)
2021/08/20,A Lyga,0,DFK Dainava,993,989.0,0 - 1,Kauno Žalgiris,1344,1348.0,0,1,Lithuania,domestic league (tier 1)
2021/08/29,A Lyga,0,DFK Dainava,989,987.0,2 - 4,FK Žalgiris,1553,1555.0,2,4,Lithuania,domestic league (tier 1)
2021/09/12,A Lyga,0,DFK Dainava,987,1000.0,3 - 1,FK Banga Gargždai,1051,1038.0,3,1,Lithuania,domestic league (tier 1)
2021/09/17,A Lyga,0,DFK Dainava,1000,998.0,1 - 2,FK Suduva,1521,1523.0,1,2,Lithuania,domestic league (tier 1)
2021/10/02,A Lyga,0,DFK Dainava,1006,1007.0,1 - 1,FC Hegelmann,1145,1144.0,1,1,Lithuania,domestic league (tier 1)
2021/10/24,A Lyga,0,DFK Dainava,1010,1018.0,3 - 2,FC Džiugas,1044,1036.0,3,2,Lithuania,domestic league (tier 1)
2021/11/07,A Lyga,0,DFK Dainava,1015,1013.0,0 - 2,FK Žalgiris,1554,1556.0,0,2,Lithuania,domestic league (tier 1)
2022/05/18,Lithuania Cup,0,DFK Dainava,1036,1028.0,0 - 2,FK Panevežys,1321,1329.0,0,2,Lithuania,domestic cup
2023/03/18,A Lyga,0,DFK Dainava,1043,1050.0,2 - 1,FK Banga Gargždai,1050,1043.0,2,1,Lithuania,domestic league (tier 1)
2023/04/02,A Lyga,0,DFK Dainava,1050,1055.0,0 - 0,Kauno Žalgiris,1348,1343.0,0,0,Lithuania,domestic league (tier 1)
2023/04/08,A Lyga,0,DFK Dainava,1051,1052.0,0 - 0,FA Šiauliai,1172,1171.0,0,0,Lithuania,domestic league (tier 1)
2023/04/19,A Lyga,0,DFK Dainava,1060,1057.0,0 - 2,FK Žalgiris,1522,1525.0,0,2,Lithuania,domestic league (tier 1)
2023/04/23,A Lyga,0,DFK Dainava,1057,1069.0,1 - 0,FC Hegelmann,1229,1217.0,1,0,Lithuania,domestic league (tier 1)
2023/04/29,A Lyga,0,DFK Dainava,1069,1064.0,2 - 2,FC Džiugas,990,995.0,2,2,Lithuania,domestic league (tier 1)
2023/05/13,A Lyga,0,DFK Dainava,1056,1079.0,5 - 0,FK Riteriai,1205,1182.0,5,0,Lithuania,domestic league (tier 1)
2023/06/03,A Lyga,0,DFK Dainava,1071,1082.0,2 - 1,FK Suduva,1218,1207.0,2,1,Lithuania,domestic league (tier 1)
2023/06/07,A Lyga,0,DFK Dainava,1082,1077.0,0 - 1,FK Panevežys,1374,1379.0,0,1,Lithuania,domestic league (tier 1)
2023/07/09,A Lyga,0,DFK Dainava,1080,1067.0,0 - 1,Banga Gargždai,1070,1083.0,0,1,Lithuania,domestic league (tier 1)
2023/07/22,A Lyga,0,DFK Dainava,1090,1093.0,1 - 1,Kauno Žalgiris,1308,1305.0,1,1,Lithuania,domestic league (tier 1)
2023/07/28,A Lyga,0,DFK Dainava,1093,1084.0,1 - 2,FA Šiauliai,1220,1229.0,1,2,Lithuania,domestic league (tier 1)
2023/08/20,A Lyga,0,DFK Dainava,1075,1071.0,0 - 2,FK Žalgiris,1515,1519.0,0,2,Lithuania,domestic league (tier 1)
2023/08/26,A Lyga,0,DFK Dainava,1071,1063.0,1 - 2,FC Hegelmann,1254,1262.0,1,2,Lithuania,domestic league (tier 1)
2023/09/02,A Lyga,0,DFK Dainava,1063,1070.0,1 - 0,FC Džiugas,1071,1064.0,1,0,Lithuania,domestic league (tier 1)
2023/09/22,A Lyga,0,DFK Dainava,1063,1051.0,0 - 1,FK Riteriai,1082,1094.0,0,1,Lithuania,domestic league (tier 1)
2023/10/20,A Lyga,0,DFK Dainava,1066,1056.0,1 - 2,FK Suduva,1154,1164.0,1,2,Lithuania,domestic league (tier 1)
2023/11/05,A Lyga,0,DFK Dainava,1056,1053.0,1 - 2,FK Panevežys,1453,1456.0,1,2,Lithuania,domestic league (tier 1)
2024/03/03,A Lyga,0,DFK Dainava,1052,1049.0,0 - 1,FK Žalgiris,1457,1460.0,0,1,Lithuania,domestic league (tier 1)
2024/03/13,A Lyga,0,DFK Dainava,1058,1056.0,0 - 0,FC Džiugas,1081,1083.0,0,0,Lithuania,domestic league (tier 1)
2024/04/06,A Lyga,0,DFK Dainava,1079,1076.0,2 - 2,Banga Gargždai,1074,1077.0,2,2,Lithuania,domestic league (tier 1)
2024/04/28,A Lyga,0,DFK Dainava,1085,1090.0,0 - 0,FK Panevežys,1370,1365.0,0,0,Lithuania,domestic league (tier 1)
2024/05/06,Lithuania Cup,0,DFK Dainava,1084,1073.0,0 - 2,FC Hegelmann,1289,1300.0,0,2,Lithuania,domestic cup
2024/05/11,A Lyga,0,DFK Dainava,1073,1075.0,1 - 0,FK TransINVEST,817,815.0,1,0,Lithuania,domestic league (tier 1)
2024/05/17,A Lyga,0,DFK Dainava,1075,1064.0,0 - 1,FK Suduva,1140,1151.0,0,1,Lithuania,domestic league (tier 1)
2024/05/31,A Lyga,0,DFK Dainava,1090,1081.0,0 - 2,FC Hegelmann,1327,1336.0,0,2,Lithuania,domestic league (tier 1)
2024/06/15,A Lyga,0,DFK Dainava,1081,1084.0,0 - 0,Kauno Žalgiris,1304,1301.0,0,0,Lithuania,domestic league (tier 1)
2024/06/18,A Lyga,0,DFK Dainava,1084,1084.0,2 - 2,FA Šiauliai,1186,1186.0,2,2,Lithuania,domestic league (tier 1)
2024/06/26,A Lyga,0,DFK Dainava,1080,1092.0,3 - 1,FC Džiugas,1111,1099.0,3,1,Lithuania,domestic league (tier 1)
2024/07/21,A Lyga,0,DFK Dainava,1083,1096.0,3 - 1,Banga Gargždai,1129,1116.0,3,1,Lithuania,domestic league (tier 1)
2024/08/03,A Lyga,0,DFK Dainava,1096,1091.0,0 - 1,FC Hegelmann,1367,1372.0,0,1,Lithuania,domestic league (tier 1)
2024/08/11,A Lyga,0,DFK Dainava,1091,1085.0,0 - 1,Kauno Žalgiris,1332,1338.0,0,1,Lithuania,domestic league (tier 1)
2024/08/25,A Lyga,0,DFK Dainava,1090,1093.0,1 - 1,FK Panevežys,1293,1290.0,1,1,Lithuania,domestic league (tier 1)
2024/09/14,A Lyga,0,DFK Dainava,1112,1095.0,0 - 1,FK TransINVEST,920,937.0,0,1,Lithuania,domestic league (tier 1)
2024/10/20,A Lyga,0,DFK Dainava,1119,1111.0,0 - 5,FK Žalgiris,1473,1481.0,0,5,Lithuania,domestic league (tier 1)
2024/11/09,A Lyga,0,DFK Dainava,1145,1153.0,3 - 2,FA Šiauliai,1162,1154.0,3,2,Lithuania,domestic league (tier 1)
2025/02/28,A Lyga,0,DFK Dainava,1153,1138.0,1 - 3,Kauno Žalgiris,1257,1272.0,1,3,Lithuania,domestic league (tier 1)
2025/03/14,A Lyga,0,DFK Dainava,1142,1122.0,0 - 2,FC Džiugas,1115,1135.0,0,2,Lithuania,domestic league (tier 1)
2025/03/30,A Lyga,0,DFK Dainava,1122,1117.0,0 - 1,FK Žalgiris,1423,1428.0,0,1,Lithuania,domestic league (tier 1)
2025/04/16,A Lyga,0,DFK Dainava,1108,1094.0,1 - 3,FK Panevežys,1228,1242.0,1,3,Lithuania,domestic league (tier 1)
2025/04/26,A Lyga,0,DFK Dainava,1088,1086.0,1 - 1,FK Riteriai,1118,1120.0,1,1,Lithuania,domestic league (tier 1)
2025/05/06,Lithuania Cup,0,DFK Dainava,1077,1066.0,0 - 6,FK Žalgiris,1359,1370.0,0,6,Lithuania,domestic cup
2025/05/11,A Lyga,0,DFK Dainava,1066,1057.0,1 - 2,FA Šiauliai,1196,1205.0,1,2,Lithuania,domestic league (tier 1)
2025/05/16,A Lyga,0,DFK Dainava,1057,1042.0,0 - 3,FK Suduva,1200,1215.0,0,3,Lithuania,domestic league (tier 1)
2025/06/14,A Lyga,0,DFK Dainava,1046,1051.0,2 - 2,FC Hegelmann,1336,1331.0,2,2,Lithuania,domestic league (tier 1)
2025/06/24,A Lyga,0,DFK Dainava,1047,1057.0,2 - 1,Banga Gargždai,1155,1145.0,2,1,Lithuania,domestic league (tier 1)
2025/07/06,A Lyga,0,DFK Dainava,1077,1060.0,0 - 2,FC Džiugas,1136,1153.0,0,2,Lithuania,domestic league (tier 1)
2025/07/14,A Lyga,0,DFK Dainava,1060,1046.0,0 - 3,FK Panevežys,1222,1236.0,0,3,Lithuania,domestic league (tier 1)
2025/08/03,A Lyga,0,DFK Dainava,1038,1041.0,2 - 2,FK Suduva,1240,1237.0,2,2,Lithuania,domestic league (tier 1)
2025/08/24,A Lyga,0,DFK Dainava,1067,1045.0,0 - 5,Banga Gargždai,1133,1155.0,0,5,Lithuania,domestic league (tier 1)
2025/09/19,A Lyga,0,DFK Dainava,1043,1030.0,0 - 3,FA Šiauliai,1225,1238.0,0,3,Lithuania,domestic league (tier 1)
2025/10/04,A Lyga,0,DFK Dainava,1026,1022.0,0 - 1,Kauno Žalgiris,1378,1382.0,0,1,Lithuania,domestic league (tier 1)
2025/10/18,A Lyga,0,DFK Dainava,1022,1028.0,1 - 1,FK Žalgiris,1369,1363.0,1,1,Lithuania,domestic league (tier 1)
2025/10/27,A Lyga,0,DFK Dainava,1025,1017.0,0 - 2,FC Hegelmann,1299,1307.0,0,2,Lithuania,domestic league (tier 1)
2025/11/08,A Lyga,0,DFK Dainava,1008,1006.0,1 - 1,FK Riteriai,1037,1039.0,1,1,Lithuania,domestic league (tier 1)
2026/06/24,Lithuania Cup,0,DFK Dainava,1006,1007.0,1 - 1,FK TransINVEST,1157,1156.0,1,1,Lithuania,domestic cup
2022/03/06,A Lyga,0,FA Šiauliai,901,910.0,0 - 0,FK Suduva,1472,1463.0,0,0,Lithuania,domestic league (tier 1)
2022/03/16,A Lyga,0,FA Šiauliai,920,931.0,3 - 0,FK Jonava,890,879.0,3,0,Lithuania,domestic league (tier 1)
2022/04/06,A Lyga,0,FA Šiauliai,934,950.0,1 - 0,FK Riteriai,1257,1241.0,1,0,Lithuania,domestic league (tier 1)
2022/04/16,A Lyga,0,FA Šiauliai,959,952.0,0 - 3,FK Panevežys,1298,1305.0,0,3,Lithuania,domestic league (tier 1)
2022/04/30,A Lyga,0,FA Šiauliai,956,955.0,0 - 1,FK Žalgiris,1528,1529.0,0,1,Lithuania,domestic league (tier 1)
2022/05/15,A Lyga,0,FA Šiauliai,970,974.0,0 - 0,FC Hegelmann,1227,1223.0,0,0,Lithuania,domestic league (tier 1)
2022/05/22,A Lyga,0,FA Šiauliai,974,974.0,1 - 1,FK Banga Gargždai,1062,1062.0,1,1,Lithuania,domestic league (tier 1)
2022/06/22,A Lyga,0,FA Šiauliai,982,977.0,0 - 1,Kauno Žalgiris,1264,1269.0,0,1,Lithuania,domestic league (tier 1)
2022/07/03,A Lyga,0,FA Šiauliai,996,1004.0,3 - 2,FC Džiugas,1021,1013.0,3,2,Lithuania,domestic league (tier 1)
2022/07/15,A Lyga,0,FA Šiauliai,1003,1017.0,3 - 2,FK Riteriai,1251,1237.0,3,2,Lithuania,domestic league (tier 1)
2022/08/05,A Lyga,0,FA Šiauliai,1024,1027.0,0 - 0,FC Hegelmann,1250,1247.0,0,0,Lithuania,domestic league (tier 1)
2022/08/20,A Lyga,0,FA Šiauliai,1045,1041.0,2 - 2,FC Džiugas,983,987.0,2,2,Lithuania,domestic league (tier 1)
2022/08/28,A Lyga,0,FA Šiauliai,1041,1030.0,0 - 3,Kauno Žalgiris,1278,1289.0,0,3,Lithuania,domestic league (tier 1)
2022/09/11,A Lyga,0,FA Šiauliai,1030,1028.0,1 - 1,FK Banga Gargždai,1060,1062.0,1,1,Lithuania,domestic league (tier 1)
2022/09/17,A Lyga,0,FA Šiauliai,1028,1042.0,1 - 0,FK Panevežys,1261,1247.0,1,0,Lithuania,domestic league (tier 1)
2022/10/15,A Lyga,0,FA Šiauliai,1031,1035.0,2 - 0,FK Jonava,792,788.0,2,0,Lithuania,domestic league (tier 1)
2022/10/29,A Lyga,0,FA Šiauliai,1033,1057.0,2 - 0,FK Suduva,1357,1333.0,2,0,Lithuania,domestic league (tier 1)
2022/11/13,A Lyga,0,FA Šiauliai,1057,1090.0,3 - 0,FK Žalgiris,1606,1573.0,3,0,Lithuania,domestic league (tier 1)
2023/03/14,A Lyga,0,FA Šiauliai,1125,1141.0,3 - 1,FC Hegelmann,1246,1230.0,3,1,Lithuania,domestic league (tier 1)
2023/03/19,A Lyga,0,FA Šiauliai,1141,1160.0,3 - 0,FK Suduva,1280,1261.0,3,0,Lithuania,domestic league (tier 1)
2023/04/04,A Lyga,0,FA Šiauliai,1155,1172.0,1 - 0,FK Žalgiris,1539,1522.0,1,0,Lithuania,domestic league (tier 1)
2023/04/15,A Lyga,0,FA Šiauliai,1171,1176.0,2 - 0,FC Džiugas,1003,998.0,2,0,Lithuania,domestic league (tier 1)
2023/04/22,A Lyga,0,FA Šiauliai,1185,1183.0,1 - 1,FK Riteriai,1216,1218.0,1,1,Lithuania,domestic league (tier 1)
2023/04/29,A Lyga,0,FA Šiauliai,1183,1195.0,1 - 0,Kauno Žalgiris,1355,1343.0,1,0,Lithuania,domestic league (tier 1)
2023/05/21,A Lyga,0,FA Šiauliai,1228,1229.0,0 - 0,FK Panevežys,1375,1374.0,0,0,Lithuania,domestic league (tier 1)
2023/05/27,A Lyga,0,FA Šiauliai,1229,1235.0,2 - 0,DFK Dainava,1077,1071.0,2,0,Lithuania,domestic league (tier 1)
2023/06/10,A Lyga,0,FA Šiauliai,1239,1233.0,1 - 1,FK Banga Gargždai,1071,1077.0,1,1,Lithuania,domestic league (tier 1)
2023/07/08,A Lyga,0,FA Šiauliai,1219,1225.0,3 - 2,FK Suduva,1187,1181.0,3,2,Lithuania,domestic league (tier 1)
2023/08/06,A Lyga,0,FA Šiauliai,1229,1234.0,0 - 0,FK Žalgiris,1525,1520.0,0,0,Lithuania,domestic league (tier 1)
2023/08/11,A Lyga,0,FA Šiauliai,1234,1217.0,0 - 1,FC Džiugas,1063,1080.0,0,1,Lithuania,domestic league (tier 1)
2023/08/29,Lithuania Cup,0,FA Šiauliai,1226,1232.0,2 - 0,FK Riteriai,1099,1093.0,2,0,Lithuania,domestic cup
2023/09/03,A Lyga,0,FA Šiauliai,1232,1232.0,1 - 1,Kauno Žalgiris,1320,1320.0,1,1,Lithuania,domestic league (tier 1)
2023/09/17,Lithuania Cup,0,FA Šiauliai,1232,1246.0,3 - 1,Kauno Žalgiris,1320,1306.0,3,1,Lithuania,domestic cup
2023/10/08,A Lyga,0,FA Šiauliai,1236,1229.0,0 - 0,DFK Dainava,1059,1066.0,0,0,Lithuania,domestic league (tier 1)
2023/10/30,A Lyga,0,FA Šiauliai,1223,1227.0,1 - 1,FK Panevežys,1457,1453.0,1,1,Lithuania,domestic league (tier 1)
2023/11/12,A Lyga,0,FA Šiauliai,1225,1232.0,3 - 0,Banga Gargždai,1076,1069.0,3,0,Lithuania,domestic league (tier 1)
2024/03/10,A Lyga,0,FA Šiauliai,1232,1226.0,0 - 0,Banga Gargždai,1074,1080.0,0,0,Lithuania,domestic league (tier 1)
2024/03/17,A Lyga,0,FA Šiauliai,1230,1240.0,2 - 1,Kauno Žalgiris,1346,1336.0,2,1,Lithuania,domestic league (tier 1)
2024/03/30,A Lyga,0,FA Šiauliai,1240,1221.0,0 - 1,FK TransINVEST,786,805.0,0,1,Lithuania,domestic league (tier 1)
2024/04/10,A Lyga,0,FA Šiauliai,1216,1218.0,1 - 1,FK Panevežys,1393,1391.0,1,1,Lithuania,domestic league (tier 1)
2024/04/20,A Lyga,0,FA Šiauliai,1208,1212.0,1 - 0,DFK Dainava,1091,1087.0,1,0,Lithuania,domestic league (tier 1)
2024/04/23,A Lyga,0,FA Šiauliai,1212,1197.0,0 - 1,FK Suduva,1136,1151.0,0,1,Lithuania,domestic league (tier 1)
2024/05/01,A Lyga,0,FA Šiauliai,1208,1207.0,1 - 1,FC Hegelmann,1288,1289.0,1,1,Lithuania,domestic league (tier 1)
2024/05/21,Lithuania Cup,0,FA Šiauliai,1207,1203.0,1 - 1,FK Suduva,1151,1155.0,1,1,Lithuania,domestic cup
2024/05/26,A Lyga,0,FA Šiauliai,1203,1197.0,1 - 2,FK Žalgiris,1456,1462.0,1,2,Lithuania,domestic league (tier 1)
2024/06/15,A Lyga,0,FA Šiauliai,1190,1186.0,3 - 3,FC Džiugas,1141,1145.0,3,3,Lithuania,domestic league (tier 1)
2024/06/23,A Lyga,0,FA Šiauliai,1186,1182.0,0 - 0,Banga Gargždai,1129,1133.0,0,0,Lithuania,domestic league (tier 1)
2024/07/01,A Lyga,0,FA Šiauliai,1188,1199.0,1 - 0,Kauno Žalgiris,1315,1304.0,1,0,Lithuania,domestic league (tier 1)
2024/07/05,A Lyga,0,FA Šiauliai,1199,1201.0,1 - 0,FK TransINVEST,911,909.0,1,0,Lithuania,domestic league (tier 1)
2024/08/18,A Lyga,0,FA Šiauliai,1191,1186.0,0 - 0,DFK Dainava,1085,1090.0,0,0,Lithuania,domestic league (tier 1)
2024/09/01,A Lyga,0,FA Šiauliai,1165,1185.0,3 - 1,FC Hegelmann,1377,1357.0,3,1,Lithuania,domestic league (tier 1)
2024/09/26,A Lyga,0,FA Šiauliai,1160,1171.0,2 - 1,FK Panevežys,1303,1292.0,2,1,Lithuania,domestic league (tier 1)
2024/10/04,A Lyga,0,FA Šiauliai,1171,1164.0,1 - 3,FK Žalgiris,1466,1473.0,1,3,Lithuania,domestic league (tier 1)
2024/10/20,A Lyga,0,FA Šiauliai,1164,1170.0,2 - 1,FK Suduva,1115,1109.0,2,1,Lithuania,domestic league (tier 1)
2024/11/02,A Lyga,0,FA Šiauliai,1193,1165.0,0 - 3,FC Džiugas,1054,1082.0,0,3,Lithuania,domestic league (tier 1)
2025/03/08,A Lyga,0,FA Šiauliai,1178,1174.0,2 - 2,DFK Dainava,1138,1142.0,2,2,Lithuania,domestic league (tier 1)
2025/03/29,A Lyga,0,FA Šiauliai,1170,1160.0,2 - 3,Kauno Žalgiris,1253,1263.0,2,3,Lithuania,domestic league (tier 1)
2025/04/12,A Lyga,0,FA Šiauliai,1173,1194.0,2 - 0,FK Žalgiris,1422,1401.0,2,0,Lithuania,domestic league (tier 1)
2025/04/16,A Lyga,0,FA Šiauliai,1194,1190.0,2 - 2,FK Riteriai,1126,1130.0,2,2,Lithuania,domestic league (tier 1)
2025/05/02,A Lyga,0,FA Šiauliai,1214,1196.0,0 - 3,FC Hegelmann,1311,1329.0,0,3,Lithuania,domestic league (tier 1)
2025/05/18,A Lyga,0,FA Šiauliai,1205,1215.0,3 - 0,Banga Gargždai,1156,1146.0,3,0,Lithuania,domestic league (tier 1)
2025/06/01,A Lyga,0,FA Šiauliai,1218,1226.0,2 - 1,FK Panevežys,1264,1256.0,2,1,Lithuania,domestic league (tier 1)
2025/06/25,A Lyga,0,FA Šiauliai,1219,1216.0,2 - 2,FK Suduva,1224,1227.0,2,2,Lithuania,domestic league (tier 1)
2025/06/29,A Lyga,0,FA Šiauliai,1216,1227.0,5 - 0,FC Džiugas,1147,1136.0,5,0,Lithuania,domestic league (tier 1)
2025/07/28,A Lyga,0,FA Šiauliai,1219,1224.0,3 - 1,DFK Dainava,1043,1038.0,3,1,Lithuania,domestic league (tier 1)
2025/08/11,A Lyga,0,FA Šiauliai,1207,1208.0,2 - 2,FK Žalgiris,1328,1327.0,2,2,Lithuania,domestic league (tier 1)
2025/08/20,A Lyga,0,FA Šiauliai,1208,1210.0,2 - 2,Kauno Žalgiris,1389,1387.0,2,2,Lithuania,domestic league (tier 1)
2025/08/25,A Lyga,0,FA Šiauliai,1210,1219.0,2 - 1,FK Suduva,1262,1253.0,2,1,Lithuania,domestic league (tier 1)
2025/09/14,A Lyga,0,FA Šiauliai,1236,1225.0,0 - 1,FC Hegelmann,1305,1316.0,0,1,Lithuania,domestic league (tier 1)
2025/09/27,A Lyga,0,FA Šiauliai,1238,1241.0,2 - 1,FK Riteriai,1004,1001.0,2,1,Lithuania,domestic league (tier 1)
2025/10/05,A Lyga,0,FA Šiauliai,1241,1239.0,3 - 3,FK Panevežys,1276,1278.0,3,3,Lithuania,domestic league (tier 1)
2025/10/22,A Lyga,0,FA Šiauliai,1233,1210.0,1 - 3,Banga Gargždai,1132,1155.0,1,3,Lithuania,domestic league (tier 1)
2025/11/08,A Lyga,0,FA Šiauliai,1210,1205.0,2 - 2,FC Džiugas,1131,1136.0,2,2,Lithuania,domestic league (tier 1)
2026/03/07,A Lyga,0,FA Šiauliai,1206,1193.0,0 - 2,FK Žalgiris,1364,1377.0,0,2,Lithuania,domestic league (tier 1)
2026/03/15,A Lyga,0,FA Šiauliai,1198,1183.0,0 - 5,Kauno Žalgiris,1392,1407.0,0,5,Lithuania,domestic league (tier 1)
2026/04/04,A Lyga,0,FA Šiauliai,1181,1178.0,0 - 0,Banga Gargždai,1163,1166.0,0,0,Lithuania,domestic league (tier 1)
2026/04/18,A Lyga,0,FA Šiauliai,1171,1185.0,3 - 1,FK Panevežys,1259,1245.0,3,1,Lithuania,domestic league (tier 1)
2026/04/26,A Lyga,0,FA Šiauliai,1185,1156.0,0 - 4,FK TransINVEST,1061,1090.0,0,4,Lithuania,domestic league (tier 1)
2026/05/02,A Lyga,0,FA Šiauliai,1162,1172.0,2 - 1,FK Suduva,1250,1240.0,2,1,Lithuania,domestic league (tier 1)
2026/05/25,A Lyga,0,FA Šiauliai,1179,1183.0,2 - 0,FK Riteriai,966,962.0,2,0,Lithuania,domestic league (tier 1)
2026/06/24,Lithuania Cup,0,FA Šiauliai,1169,1177.0,2 - 1,FC Džiugas,1208,1200.0,2,1,Lithuania,domestic cup
2026/06/29,A Lyga,0,FA Šiauliai,1177,1157.0,1 - 3,FK TransINVEST,1156,1176.0,1,3,Lithuania,domestic league (tier 1)
2026/07/05,A Lyga,0,FA Šiauliai,1157,1142.0,0 - 3,FK Žalgiris,1309,1324.0,0,3,Lithuania,domestic league (tier 1)
2026/07/24,A Lyga,0,FA Šiauliai,1137,1120.0,0 - 2,FC Hegelmann,1195,1212.0,0,2,Lithuania,domestic league (tier 1)
2026/08/03,A Lyga,0,FA Šiauliai,1120,1107.0,1 - 3,Banga Gargždai,1261,1274.0,1,3,Lithuania,domestic league (tier 1)
2026/08/09,A Lyga,0,FA Šiauliai,1107,1097.0,3 - 4,FC Džiugas,1205,1215.0,3,4,Lithuania,domestic league (tier 1)
2026/08/17,A Lyga,0,FA Šiauliai,1097,1107.0,1 - 0,FK Panevežys,1212,1202.0,1,0,Lithuania,domestic league (tier 1)
2026/08/30,A Lyga,0,FA Šiauliai,1097,1091.0,1 - 2,FK Suduva,1335,1341.0,1,2,Lithuania,domestic league (tier 1)
2026/09/03,Lithuania Cup,0,FA Šiauliai,1091,,Info,Kauno Žalgiris,1417,,,,Lithuania,domestic cup
2021/03/06,A Lyga,0,FC Džiugas,976,983.0,2 - 1,FC Hegelmann,976,969.0,2,1,Lithuania,domestic league (tier 1)
2021/04/03,A Lyga,0,FC Džiugas,981,988.0,1 - 1,Kauno Žalgiris,1372,1365.0,1,1,Lithuania,domestic league (tier 1)
2021/04/08,A Lyga,0,FC Džiugas,988,999.0,3 - 0,FK Nevežis,956,945.0,3,0,Lithuania,domestic league (tier 1)
2021/04/16,A Lyga,0,FC Džiugas,999,988.0,1 - 4,FK Riteriai,1246,1257.0,1,4,Lithuania,domestic league (tier 1)
2021/04/29,A Lyga,0,FC Džiugas,1001,992.0,0 - 2,FK Panevežys,1236,1245.0,0,2,Lithuania,domestic league (tier 1)
2021/05/03,A Lyga,0,FC Džiugas,992,992.0,1 - 1,FK Banga Gargždai,1095,1095.0,1,1,Lithuania,domestic league (tier 1)
2021/05/08,A Lyga,0,FC Džiugas,992,978.0,2 - 3,DFK Dainava,941,955.0,2,3,Lithuania,domestic league (tier 1)
2021/05/27,A Lyga,0,FC Džiugas,968,987.0,2 - 1,FK Suduva,1562,1543.0,2,1,Lithuania,domestic league (tier 1)
2021/06/18,A Lyga,0,FC Džiugas,995,993.0,0 - 3,FK Žalgiris,1555,1557.0,0,3,Lithuania,domestic league (tier 1)
2021/07/03,A Lyga,0,FC Džiugas,987,997.0,2 - 1,FC Hegelmann,1076,1066.0,2,1,Lithuania,domestic league (tier 1)
2021/07/10,A Lyga,0,FC Džiugas,997,1018.0,2 - 0,FK Riteriai,1242,1221.0,2,0,Lithuania,domestic league (tier 1)
2021/07/16,A Lyga,0,FC Džiugas,1018,1016.0,1 - 1,FK Banga Gargždai,1051,1053.0,1,1,Lithuania,domestic league (tier 1)
2021/08/06,A Lyga,0,FC Džiugas,1006,1012.0,2 - 0,FK Nevežis,882,876.0,2,0,Lithuania,domestic league (tier 1)
2021/08/18,Lithuania Cup,0,FC Džiugas,1012,1003.0,1 - 3,FK Panevežys,1270,1279.0,1,3,Lithuania,domestic cup
2021/08/21,A Lyga,0,FC Džiugas,1003,1008.0,2 - 2,FK Panevežys,1279,1274.0,2,2,Lithuania,domestic league (tier 1)
2021/09/11,A Lyga,0,FC Džiugas,1008,1006.0,2 - 3,FK Suduva,1519,1521.0,2,3,Lithuania,domestic league (tier 1)
2021/09/18,A Lyga,0,FC Džiugas,1006,1025.0,2 - 1,FK Žalgiris,1560,1541.0,2,1,Lithuania,domestic league (tier 1)
2021/10/16,A Lyga,0,FC Džiugas,1029,1026.0,1 - 1,DFK Dainava,1007,1010.0,1,1,Lithuania,domestic league (tier 1)
2021/11/06,A Lyga,0,FC Džiugas,1043,1033.0,1 - 5,Kauno Žalgiris,1315,1325.0,1,5,Lithuania,domestic league (tier 1)
2022/03/12,A Lyga,0,FC Džiugas,1031,1024.0,0 - 1,FK Riteriai,1231,1238.0,0,1,Lithuania,domestic league (tier 1)
2022/03/20,A Lyga,0,FC Džiugas,1022,1016.0,0 - 1,FK Panevežys,1270,1276.0,0,1,Lithuania,domestic league (tier 1)
2022/04/02,A Lyga,0,FC Džiugas,1020,1021.0,1 - 1,FC Hegelmann,1169,1168.0,1,1,Lithuania,domestic league (tier 1)
2022/04/13,A Lyga,0,FC Džiugas,1030,1027.0,3 - 5,FK Žalgiris,1536,1539.0,3,5,Lithuania,domestic league (tier 1)
2022/04/23,A Lyga,0,FC Džiugas,1035,1030.0,0 - 0,FA Šiauliai,952,957.0,0,0,Lithuania,domestic league (tier 1)
2022/04/26,A Lyga,0,FC Džiugas,1030,1028.0,0 - 0,FK Banga Gargždai,1072,1074.0,0,0,Lithuania,domestic league (tier 1)
2022/05/04,A Lyga,0,FC Džiugas,1023,1017.0,1 - 2,Kauno Žalgiris,1252,1258.0,1,2,Lithuania,domestic league (tier 1)
2022/06/18,A Lyga,0,FC Džiugas,1010,1017.0,2 - 2,FK Suduva,1443,1436.0,2,2,Lithuania,domestic league (tier 1)
2022/06/26,A Lyga,0,FC Džiugas,1016,1021.0,2 - 0,FK Jonava,829,824.0,2,0,Lithuania,domestic league (tier 1)
2022/07/10,A Lyga,0,FC Džiugas,1013,1002.0,1 - 4,FK Riteriai,1240,1251.0,1,4,Lithuania,domestic league (tier 1)
2022/07/17,A Lyga,0,FC Džiugas,1002,991.0,0 - 1,FK Banga Gargždai,1051,1062.0,0,1,Lithuania,domestic league (tier 1)
2022/08/06,A Lyga,0,FC Džiugas,994,987.0,2 - 2,FK Jonava,807,814.0,2,2,Lithuania,domestic league (tier 1)
2022/09/03,A Lyga,0,FC Džiugas,985,994.0,1 - 1,FK Žalgiris,1622,1613.0,1,1,Lithuania,domestic league (tier 1)
2022/09/10,A Lyga,0,FC Džiugas,991,1008.0,2 - 1,FK Suduva,1405,1388.0,2,1,Lithuania,domestic league (tier 1)
2022/09/17,A Lyga,0,FC Džiugas,1008,1002.0,0 - 1,FC Hegelmann,1244,1250.0,0,1,Lithuania,domestic league (tier 1)
2022/10/08,A Lyga,0,FC Džiugas,1009,1017.0,1 - 0,FA Šiauliai,1039,1031.0,1,0,Lithuania,domestic league (tier 1)
2022/10/23,A Lyga,0,FC Džiugas,1017,1021.0,0 - 0,FK Panevežys,1260,1256.0,0,0,Lithuania,domestic league (tier 1)
2022/11/13,A Lyga,0,FC Džiugas,1020,1011.0,0 - 3,Kauno Žalgiris,1311,1320.0,0,3,Lithuania,domestic league (tier 1)
2023/03/12,A Lyga,0,FC Džiugas,1038,1025.0,0 - 1,DFK Dainava,1023,1036.0,0,1,Lithuania,domestic league (tier 1)
2023/04/01,A Lyga,0,FC Džiugas,1011,1014.0,1 - 1,FK Riteriai,1210,1207.0,1,1,Lithuania,domestic league (tier 1)
2023/04/09,A Lyga,0,FC Džiugas,1012,1003.0,0 - 2,FK Suduva,1261,1270.0,0,2,Lithuania,domestic league (tier 1)
2023/04/19,A Lyga,0,FC Džiugas,998,992.0,0 - 3,FK Panevežys,1356,1362.0,0,3,Lithuania,domestic league (tier 1)
2023/04/23,A Lyga,0,FC Džiugas,992,990.0,0 - 2,FK Žalgiris,1525,1527.0,0,2,Lithuania,domestic league (tier 1)
2023/05/02,A Lyga,0,FC Džiugas,995,1016.0,2 - 0,FC Hegelmann,1233,1212.0,2,0,Lithuania,domestic league (tier 1)
2023/05/14,A Lyga,0,FC Džiugas,1016,1004.0,1 - 2,FK Banga Gargždai,1048,1060.0,1,2,Lithuania,domestic league (tier 1)
2023/06/02,A Lyga,0,FC Džiugas,1008,1013.0,0 - 0,Kauno Žalgiris,1322,1317.0,0,0,Lithuania,domestic league (tier 1)
2023/06/07,A Lyga,0,FC Džiugas,1013,1017.0,1 - 1,FA Šiauliai,1243,1239.0,1,1,Lithuania,domestic league (tier 1)
2023/07/01,A Lyga,0,FC Džiugas,1039,1048.0,2 - 1,DFK Dainava,1089,1080.0,2,1,Lithuania,domestic league (tier 1)
2023/07/08,A Lyga,0,FC Džiugas,1048,1040.0,1 - 2,FC Hegelmann,1226,1234.0,1,2,Lithuania,domestic league (tier 1)
2023/07/23,A Lyga,0,FC Džiugas,1054,1054.0,2 - 2,FK Riteriai,1143,1143.0,2,2,Lithuania,domestic league (tier 1)
2023/07/29,A Lyga,0,FC Džiugas,1054,1055.0,1 - 1,FK Suduva,1178,1177.0,1,1,Lithuania,domestic league (tier 1)
2023/08/15,Lithuania Cup,0,FC Džiugas,1080,1080.0,0 - 0,FK Suduva,1189,1189.0,0,0,Lithuania,domestic cup
2023/08/19,A Lyga,0,FC Džiugas,1080,1073.0,0 - 3,FK Panevežys,1424,1431.0,0,3,Lithuania,domestic league (tier 1)
2023/09/23,A Lyga,0,FC Džiugas,1071,1058.0,0 - 1,Banga Gargždai,1073,1086.0,0,1,Lithuania,domestic league (tier 1)
2023/10/21,A Lyga,0,FC Džiugas,1067,1058.0,0 - 2,Kauno Žalgiris,1328,1337.0,0,2,Lithuania,domestic league (tier 1)
2023/11/04,A Lyga,0,FC Džiugas,1058,1060.0,3 - 3,FA Šiauliai,1227,1225.0,3,3,Lithuania,domestic league (tier 1)
2024/03/02,A Lyga,0,FC Džiugas,1069,1076.0,0 - 0,FK Panevežys,1447,1440.0,0,0,Lithuania,domestic league (tier 1)
2024/03/16,A Lyga,0,FC Džiugas,1083,1092.0,1 - 0,FK Suduva,1165,1156.0,1,0,Lithuania,domestic league (tier 1)
2024/04/06,A Lyga,0,FC Džiugas,1111,1114.0,0 - 0,FC Hegelmann,1318,1315.0,0,0,Lithuania,domestic league (tier 1)
2024/04/14,A Lyga,0,FC Džiugas,1109,1119.0,2 - 1,FA Šiauliai,1218,1208.0,2,1,Lithuania,domestic league (tier 1)
2024/04/27,A Lyga,0,FC Džiugas,1117,1120.0,2 - 0,FK TransINVEST,802,799.0,2,0,Lithuania,domestic league (tier 1)
2024/05/02,A Lyga,0,FC Džiugas,1120,1126.0,2 - 1,DFK Dainava,1090,1084.0,2,1,Lithuania,domestic league (tier 1)
2024/05/19,A Lyga,0,FC Džiugas,1157,1154.0,1 - 1,Banga Gargždai,1156,1159.0,1,1,Lithuania,domestic league (tier 1)
2024/06/02,A Lyga,0,FC Džiugas,1150,1141.0,0 - 1,Kauno Žalgiris,1295,1304.0,0,1,Lithuania,domestic league (tier 1)
2024/06/19,A Lyga,0,FC Džiugas,1145,1136.0,0 - 4,FK Žalgiris,1449,1458.0,0,4,Lithuania,domestic league (tier 1)
2024/06/30,A Lyga,0,FC Džiugas,1099,1107.0,1 - 0,FK Suduva,1126,1118.0,1,0,Lithuania,domestic league (tier 1)
2024/07/19,A Lyga,0,FC Džiugas,1111,1102.0,0 - 2,FC Hegelmann,1358,1367.0,0,2,Lithuania,domestic league (tier 1)
2024/07/27,A Lyga,0,FC Džiugas,1102,1105.0,3 - 3,FK Panevežys,1304,1301.0,3,3,Lithuania,domestic league (tier 1)
2024/08/04,A Lyga,0,FC Džiugas,1105,1098.0,2 - 3,Kauno Žalgiris,1325,1332.0,2,3,Lithuania,domestic league (tier 1)
2024/08/09,A Lyga,0,FC Džiugas,1098,1098.0,2 - 2,FA Šiauliai,1191,1191.0,2,2,Lithuania,domestic league (tier 1)
2024/08/23,A Lyga,0,FC Džiugas,1097,1067.0,0 - 3,FK TransINVEST,904,934.0,0,3,Lithuania,domestic league (tier 1)
2024/09/01,A Lyga,0,FC Džiugas,1076,1057.0,0 - 2,DFK Dainava,1093,1112.0,0,2,Lithuania,domestic league (tier 1)
2024/09/18,Lithuania Cup,0,FC Džiugas,1051,1046.0,1 - 2,FC Hegelmann,1362,1367.0,1,2,Lithuania,domestic cup
2024/09/22,A Lyga,0,FC Džiugas,1046,1032.0,0 - 2,Banga Gargždai,1161,1175.0,0,2,Lithuania,domestic league (tier 1)
2024/11/09,A Lyga,0,FC Džiugas,1082,1099.0,1 - 0,FK Žalgiris,1460,1443.0,1,0,Lithuania,domestic league (tier 1)
2025/04/06,A Lyga,0,FC Džiugas,1128,1117.0,0 - 2,FC Hegelmann,1323,1334.0,0,2,Lithuania,domestic league (tier 1)
2025/04/26,A Lyga,0,FC Džiugas,1158,1146.0,0 - 1,FA Šiauliai,1192,1204.0,0,1,Lithuania,domestic league (tier 1)
2025/05/03,A Lyga,0,FC Džiugas,1146,1155.0,2 - 0,DFK Dainava,1086,1077.0,2,0,Lithuania,domestic league (tier 1)
2025/05/09,A Lyga,0,FC Džiugas,1155,1146.0,0 - 1,Kauno Žalgiris,1285,1294.0,0,1,Lithuania,domestic league (tier 1)
2025/05/25,A Lyga,0,FC Džiugas,1153,1152.0,1 - 1,FK Suduva,1215,1216.0,1,1,Lithuania,domestic league (tier 1)
2025/05/31,A Lyga,0,FC Džiugas,1152,1154.0,1 - 1,FK Žalgiris,1328,1326.0,1,1,Lithuania,domestic league (tier 1)
2025/06/13,A Lyga,0,FC Džiugas,1154,1154.0,1 - 1,FK Panevežys,1256,1256.0,1,1,Lithuania,domestic league (tier 1)
2025/06/19,A Lyga,0,FC Džiugas,1154,1141.0,0 - 1,Banga Gargždai,1142,1155.0,0,1,Lithuania,domestic league (tier 1)
2025/06/25,A Lyga,0,FC Džiugas,1141,1147.0,2 - 1,FK Riteriai,1080,1074.0,2,1,Lithuania,domestic league (tier 1)
2025/07/13,A Lyga,0,FC Džiugas,1153,1150.0,0 - 0,Banga Gargždai,1132,1135.0,0,0,Lithuania,domestic league (tier 1)
2025/08/04,A Lyga,0,FC Džiugas,1160,1151.0,0 - 1,FC Hegelmann,1309,1318.0,0,1,Lithuania,domestic league (tier 1)
2025/08/17,A Lyga,0,FC Džiugas,1166,1159.0,1 - 2,Kauno Žalgiris,1382,1389.0,1,2,Lithuania,domestic league (tier 1)
2025/08/31,A Lyga,0,FC Džiugas,1172,1155.0,1 - 3,FA Šiauliai,1219,1236.0,1,3,Lithuania,domestic league (tier 1)
2025/09/12,A Lyga,0,FC Džiugas,1155,1149.0,1 - 1,DFK Dainava,1037,1043.0,1,1,Lithuania,domestic league (tier 1)
2025/09/17,Lithuania Cup,0,FC Džiugas,1149,1141.0,1 - 2,FC Hegelmann,1316,1324.0,1,2,Lithuania,domestic cup
2025/10/05,A Lyga,0,FC Džiugas,1152,1145.0,1 - 2,FK Žalgiris,1362,1369.0,1,2,Lithuania,domestic league (tier 1)
2025/10/18,A Lyga,0,FC Džiugas,1145,1145.0,0 - 0,FK Suduva,1237,1237.0,0,0,Lithuania,domestic league (tier 1)
2025/10/26,A Lyga,0,FC Džiugas,1138,1122.0,1 - 4,FK Panevežys,1259,1275.0,1,4,Lithuania,domestic league (tier 1)
2025/11/02,A Lyga,0,FC Džiugas,1122,1131.0,4 - 1,FK Riteriai,1046,1037.0,4,1,Lithuania,domestic league (tier 1)
2026/03/07,A Lyga,0,FC Džiugas,1159,1152.0,1 - 2,Kauno Žalgiris,1377,1384.0,1,2,Lithuania,domestic league (tier 1)
2026/04/12,A Lyga,0,FC Džiugas,1192,1199.0,1 - 0,FA Šiauliai,1178,1171.0,1,0,Lithuania,domestic league (tier 1)
2026/04/26,A Lyga,0,FC Džiugas,1193,1177.0,0 - 3,FK Žalgiris,1329,1345.0,0,3,Lithuania,domestic league (tier 1)
2026/05/01,A Lyga,0,FC Džiugas,1177,1193.0,3 - 0,FC Hegelmann,1254,1238.0,3,0,Lithuania,domestic league (tier 1)
2026/05/09,A Lyga,0,FC Džiugas,1200,1203.0,1 - 0,FK Riteriai,974,971.0,1,0,Lithuania,domestic league (tier 1)
2026/05/16,A Lyga,0,FC Džiugas,1203,1190.0,0 - 1,Banga Gargždai,1202,1215.0,0,1,Lithuania,domestic league (tier 1)
2026/05/20,Lithuania Cup,0,FC Džiugas,1190,1188.0,0 - 0,Banga Gargždai,1215,1217.0,0,0,Lithuania,domestic cup
2026/05/24,A Lyga,0,FC Džiugas,1188,1194.0,3 - 2,FK TransINVEST,1145,1139.0,3,2,Lithuania,domestic league (tier 1)
2026/05/30,A Lyga,0,FC Džiugas,1194,1210.0,4 - 0,FK Panevežys,1250,1234.0,4,0,Lithuania,domestic league (tier 1)
2026/06/12,A Lyga,0,FC Džiugas,1210,1217.0,4 - 3,FA Šiauliai,1187,1180.0,4,3,Lithuania,domestic league (tier 1)
2026/06/21,A Lyga,0,FC Džiugas,1220,1208.0,1 - 2,FK Suduva,1264,1276.0,1,2,Lithuania,domestic league (tier 1)
2026/06/28,A Lyga,0,FC Džiugas,1200,1200.0,0 - 0,FK Žalgiris,1309,1309.0,0,0,Lithuania,domestic league (tier 1)
2026/07/03,A Lyga,0,FC Džiugas,1200,1202.0,0 - 0,Kauno Žalgiris,1362,1360.0,0,0,Lithuania,domestic league (tier 1)
2026/07/19,A Lyga,0,FC Džiugas,1202,1211.0,1 - 0,Banga Gargždai,1270,1261.0,1,0,Lithuania,domestic league (tier 1)
2026/08/17,A Lyga,0,FC Džiugas,1215,1200.0,0 - 2,FK Suduva,1314,1329.0,0,2,Lithuania,domestic league (tier 1)
2026/08/31,A Lyga,0,FC Džiugas,1194,1191.0,2 - 2,FC Hegelmann,1184,1187.0,2,2,Lithuania,domestic league (tier 1)
2021/04/02,A Lyga,0,FC Hegelmann,967,978.0,2 - 0,FK Nevežis,967,956.0,2,0,Lithuania,domestic league (tier 1)
2021/04/08,A Lyga,0,FC Hegelmann,978,1000.0,2 - 0,FK Riteriai,1265,1243.0,2,0,Lithuania,domestic league (tier 1)
2021/04/17,A Lyga,0,FC Hegelmann,1008,998.0,0 - 1,FK Banga Gargždai,1103,1113.0,0,1,Lithuania,domestic league (tier 1)
2021/04/24,A Lyga,0,FC Hegelmann,997,994.0,1 - 1,FC Džiugas,998,1001.0,1,1,Lithuania,domestic league (tier 1)
2021/04/30,A Lyga,0,FC Hegelmann,994,993.0,0 - 1,FK Suduva,1567,1568.0,0,1,Lithuania,domestic league (tier 1)
2021/05/04,A Lyga,0,FC Hegelmann,993,979.0,0 - 1,DFK Dainava,927,941.0,0,1,Lithuania,domestic league (tier 1)
2021/05/08,A Lyga,0,FC Hegelmann,979,998.0,2 - 1,FK Žalgiris,1542,1523.0,2,1,Lithuania,domestic league (tier 1)
2021/05/28,A Lyga,0,FC Hegelmann,1035,1038.0,0 - 0,FK Panevežys,1255,1252.0,0,0,Lithuania,domestic league (tier 1)
2021/06/20,A Lyga,0,FC Hegelmann,1059,1065.0,2 - 2,Kauno Žalgiris,1393,1387.0,2,2,Lithuania,domestic league (tier 1)
2021/07/11,A Lyga,0,FC Hegelmann,1066,1078.0,4 - 1,FK Banga Gargždai,1063,1051.0,4,1,Lithuania,domestic league (tier 1)
2021/07/17,A Lyga,0,FC Hegelmann,1078,1083.0,2 - 0,FK Nevežis,913,908.0,2,0,Lithuania,domestic league (tier 1)
2021/08/07,A Lyga,0,FC Hegelmann,1119,1113.0,1 - 1,DFK Dainava,987,993.0,1,1,Lithuania,domestic league (tier 1)
2021/08/22,A Lyga,0,FC Hegelmann,1110,1118.0,1 - 1,FK Žalgiris,1562,1554.0,1,1,Lithuania,domestic league (tier 1)
2021/09/19,A Lyga,0,FC Hegelmann,1142,1153.0,1 - 0,FK Panevežys,1278,1267.0,1,0,Lithuania,domestic league (tier 1)
2021/09/26,A Lyga,0,FC Hegelmann,1153,1147.0,1 - 1,FC Džiugas,1025,1031.0,1,1,Lithuania,domestic league (tier 1)
2021/10/16,A Lyga,0,FC Hegelmann,1144,1136.0,1 - 2,Kauno Žalgiris,1327,1335.0,1,2,Lithuania,domestic league (tier 1)
2021/11/07,A Lyga,0,FC Hegelmann,1135,1151.0,2 - 1,FK Suduva,1504,1488.0,2,1,Lithuania,domestic league (tier 1)
2021/11/20,A Lyga,0,FC Hegelmann,1151,1150.0,0 - 0,FK Riteriai,1225,1226.0,0,0,Lithuania,domestic league (tier 1)
2022/03/05,A Lyga,0,FC Hegelmann,1155,1167.0,2 - 1,Kauno Žalgiris,1314,1302.0,2,1,Lithuania,domestic league (tier 1)
2022/03/15,A Lyga,0,FC Hegelmann,1177,1166.0,0 - 1,FK Panevežys,1259,1270.0,0,1,Lithuania,domestic league (tier 1)
2022/03/20,A Lyga,0,FC Hegelmann,1166,1169.0,1 - 0,FA Šiauliai,931,928.0,1,0,Lithuania,domestic league (tier 1)
2022/04/06,A Lyga,0,FC Hegelmann,1168,1175.0,2 - 0,FK Banga Gargždai,1065,1058.0,2,0,Lithuania,domestic league (tier 1)
2022/04/16,A Lyga,0,FC Hegelmann,1193,1192.0,1 - 1,FK Riteriai,1244,1245.0,1,1,Lithuania,domestic league (tier 1)
2022/04/23,A Lyga,0,FC Hegelmann,1192,1198.0,2 - 2,FK Žalgiris,1533,1527.0,2,2,Lithuania,domestic league (tier 1)
2022/04/30,A Lyga,0,FC Hegelmann,1220,1222.0,4 - 0,FK Jonava,850,848.0,4,0,Lithuania,domestic league (tier 1)
2022/05/21,A Lyga,0,FC Hegelmann,1223,1227.0,2 - 0,FC Džiugas,1014,1010.0,2,0,Lithuania,domestic league (tier 1)
2022/06/21,A Lyga,0,FC Hegelmann,1215,1218.0,2 - 2,FK Suduva,1436,1433.0,2,2,Lithuania,domestic league (tier 1)
2022/07/09,A Lyga,0,FC Hegelmann,1241,1248.0,5 - 0,FK Banga Gargždai,1058,1051.0,5,0,Lithuania,domestic league (tier 1)
2022/07/16,A Lyga,0,FC Hegelmann,1248,1250.0,6 - 0,FK Jonava,822,820.0,6,0,Lithuania,domestic league (tier 1)
2022/08/12,A Lyga,0,FC Hegelmann,1247,1251.0,5 - 0,FC Džiugas,987,983.0,5,0,Lithuania,domestic league (tier 1)
2022/08/20,A Lyga,0,FC Hegelmann,1255,1253.0,1 - 1,Kauno Žalgiris,1276,1278.0,1,1,Lithuania,domestic league (tier 1)
2022/08/28,A Lyga,0,FC Hegelmann,1253,1247.0,1 - 4,FK Žalgiris,1615,1621.0,1,4,Lithuania,domestic league (tier 1)
2022/09/02,A Lyga,0,FC Hegelmann,1247,1245.0,1 - 1,FK Panevežys,1281,1283.0,1,1,Lithuania,domestic league (tier 1)
2022/10/01,A Lyga,0,FC Hegelmann,1250,1253.0,2 - 1,FA Šiauliai,1042,1039.0,2,1,Lithuania,domestic league (tier 1)
2022/10/05,Lithuania Cup,0,FC Hegelmann,1253,1250.0,0 - 0,FK Panevežys,1264,1267.0,0,0,Lithuania,domestic cup
2022/11/13,A Lyga,0,FC Hegelmann,1240,1254.0,2 - 0,FK Suduva,1328,1314.0,2,0,Lithuania,domestic league (tier 1)
2022/11/23,A Lyga,0,FC Hegelmann,1254,1251.0,2 - 2,FK Riteriai,1253,1256.0,2,2,Lithuania,domestic league (tier 1)
2023/03/04,A Lyga,0,FC Hegelmann,1251,1256.0,3 - 0,DFK Dainava,1028,1023.0,3,0,Lithuania,domestic league (tier 1)
2023/03/18,A Lyga,0,FC Hegelmann,1230,1234.0,2 - 0,FC Džiugas,1015,1011.0,2,0,Lithuania,domestic league (tier 1)
2023/04/04,A Lyga,0,FC Hegelmann,1249,1234.0,2 - 4,FK Panevežys,1347,1362.0,2,4,Lithuania,domestic league (tier 1)
2023/04/09,A Lyga,0,FC Hegelmann,1234,1220.0,0 - 1,FK Riteriai,1200,1214.0,0,1,Lithuania,domestic league (tier 1)
2023/04/19,A Lyga,0,FC Hegelmann,1218,1229.0,3 - 2,Kauno Žalgiris,1358,1347.0,3,2,Lithuania,domestic league (tier 1)
2023/04/28,A Lyga,0,FC Hegelmann,1217,1233.0,6 - 0,FK Suduva,1228,1212.0,6,0,Lithuania,domestic league (tier 1)
2023/05/12,A Lyga,0,FC Hegelmann,1212,1199.0,2 - 3,FA Šiauliai,1215,1228.0,2,3,Lithuania,domestic league (tier 1)
2023/05/19,A Lyga,0,FC Hegelmann,1199,1207.0,5 - 0,FK Banga Gargždai,1060,1052.0,5,0,Lithuania,domestic league (tier 1)
2023/06/07,A Lyga,0,FC Hegelmann,1225,1220.0,0 - 1,FK Žalgiris,1520,1525.0,0,1,Lithuania,domestic league (tier 1)
2023/07/30,A Lyga,0,FC Hegelmann,1248,1253.0,1 - 0,FK Riteriai,1143,1138.0,1,0,Lithuania,domestic league (tier 1)
2023/08/20,A Lyga,0,FC Hegelmann,1256,1254.0,1 - 1,Kauno Žalgiris,1299,1301.0,1,1,Lithuania,domestic league (tier 1)
2023/09/02,A Lyga,0,FC Hegelmann,1262,1270.0,2 - 0,FK Suduva,1181,1173.0,2,0,Lithuania,domestic league (tier 1)
2023/09/17,A Lyga,0,FC Hegelmann,1270,1263.0,1 - 1,FC Džiugas,1064,1071.0,1,1,Lithuania,domestic league (tier 1)
2023/09/24,A Lyga,0,FC Hegelmann,1263,1273.0,3 - 1,FA Šiauliai,1246,1236.0,3,1,Lithuania,domestic league (tier 1)
2023/09/29,A Lyga,0,FC Hegelmann,1273,1276.0,1 - 0,Banga Gargždai,1086,1083.0,1,0,Lithuania,domestic league (tier 1)
2023/10/21,A Lyga,0,FC Hegelmann,1284,1286.0,0 - 0,FK Panevežys,1460,1458.0,0,0,Lithuania,domestic league (tier 1)
2023/11/04,A Lyga,0,FC Hegelmann,1275,1294.0,2 - 0,FK Žalgiris,1475,1456.0,2,0,Lithuania,domestic league (tier 1)
2024/03/03,A Lyga,0,FC Hegelmann,1286,1267.0,2 - 3,FK TransINVEST,780,799.0,2,3,Lithuania,domestic league (tier 1)
2024/03/13,A Lyga,0,FC Hegelmann,1282,1278.0,2 - 2,FA Šiauliai,1226,1230.0,2,2,Lithuania,domestic league (tier 1)
2024/03/30,A Lyga,0,FC Hegelmann,1303,1318.0,4 - 2,FK Panevežys,1397,1382.0,4,2,Lithuania,domestic league (tier 1)
2024/04/09,A Lyga,0,FC Hegelmann,1315,1297.0,0 - 1,DFK Dainava,1076,1094.0,0,1,Lithuania,domestic league (tier 1)
2024/04/21,A Lyga,0,FC Hegelmann,1306,1299.0,2 - 2,Banga Gargždai,1081,1088.0,2,2,Lithuania,domestic league (tier 1)
2024/04/28,A Lyga,0,FC Hegelmann,1301,1288.0,0 - 1,Kauno Žalgiris,1295,1308.0,0,1,Lithuania,domestic league (tier 1)
2024/05/12,A Lyga,0,FC Hegelmann,1300,1302.0,0 - 0,FK Žalgiris,1454,1452.0,0,0,Lithuania,domestic league (tier 1)
2024/05/25,A Lyga,0,FC Hegelmann,1323,1327.0,2 - 1,FC Džiugas,1154,1150.0,2,1,Lithuania,domestic league (tier 1)
2024/06/15,A Lyga,0,FC Hegelmann,1336,1339.0,3 - 2,FK Suduva,1143,1140.0,3,2,Lithuania,domestic league (tier 1)
2024/06/26,A Lyga,0,FC Hegelmann,1324,1318.0,0 - 0,FA Šiauliai,1182,1188.0,0,0,Lithuania,domestic league (tier 1)
2024/06/30,A Lyga,0,FC Hegelmann,1318,1335.0,3 - 1,FK Žalgiris,1467,1450.0,3,1,Lithuania,domestic league (tier 1)
2024/08/16,A Lyga,0,FC Hegelmann,1377,1381.0,3 - 0,Banga Gargždai,1144,1140.0,3,0,Lithuania,domestic league (tier 1)
2024/08/24,A Lyga,0,FC Hegelmann,1381,1377.0,1 - 1,Kauno Žalgiris,1340,1344.0,1,1,Lithuania,domestic league (tier 1)
2024/09/22,A Lyga,0,FC Hegelmann,1367,1362.0,2 - 2,FK Panevežys,1298,1303.0,2,2,Lithuania,domestic league (tier 1)
2024/10/06,A Lyga,0,FC Hegelmann,1357,1359.0,1 - 0,FC Džiugas,1032,1030.0,1,0,Lithuania,domestic league (tier 1)
2024/10/25,A Lyga,0,FC Hegelmann,1342,1325.0,1 - 2,DFK Dainava,1111,1128.0,1,2,Lithuania,domestic league (tier 1)
2024/11/02,A Lyga,0,FC Hegelmann,1325,1328.0,2 - 1,FK Suduva,1122,1119.0,2,1,Lithuania,domestic league (tier 1)
2024/11/06,A Lyga,0,FC Hegelmann,1328,1331.0,4 - 1,FK TransINVEST,984,981.0,4,1,Lithuania,domestic league (tier 1)
2025/03/09,A Lyga,0,FC Hegelmann,1310,1316.0,2 - 1,FK Panevežys,1266,1260.0,2,1,Lithuania,domestic league (tier 1)
2025/03/15,A Lyga,0,FC Hegelmann,1316,1320.0,1 - 0,FA Šiauliai,1174,1170.0,1,0,Lithuania,domestic league (tier 1)
2025/03/29,A Lyga,0,FC Hegelmann,1320,1323.0,2 - 1,FK Riteriai,1090,1087.0,2,1,Lithuania,domestic league (tier 1)
2025/04/12,A Lyga,0,FC Hegelmann,1334,1337.0,3 - 2,DFK Dainava,1111,1108.0,3,2,Lithuania,domestic league (tier 1)
2025/04/20,A Lyga,0,FC Hegelmann,1323,1333.0,2 - 1,FK Žalgiris,1406,1396.0,2,1,Lithuania,domestic league (tier 1)
2025/05/17,A Lyga,0,FC Hegelmann,1312,1316.0,1 - 0,FC Džiugas,1146,1142.0,1,0,Lithuania,domestic league (tier 1)
2025/05/31,A Lyga,0,FC Hegelmann,1331,1336.0,2 - 0,Banga Gargždai,1136,1131.0,2,0,Lithuania,domestic league (tier 1)
2025/06/19,A Lyga,0,FC Hegelmann,1331,1318.0,1 - 2,Kauno Žalgiris,1342,1355.0,1,2,Lithuania,domestic league (tier 1)
2025/06/30,A Lyga,0,FC Hegelmann,1331,1308.0,0 - 2,FK Suduva,1227,1250.0,0,2,Lithuania,domestic league (tier 1)
2025/07/05,A Lyga,0,FC Hegelmann,1308,1317.0,5 - 2,FA Šiauliai,1227,1218.0,5,2,Lithuania,domestic league (tier 1)
2025/07/28,A Lyga,0,FC Hegelmann,1305,1309.0,3 - 0,FK Riteriai,1041,1037.0,3,0,Lithuania,domestic league (tier 1)
2025/08/07,Lithuania Cup,0,FC Hegelmann,1318,1325.0,3 - 1,FA Šiauliai,1214,1207.0,3,1,Lithuania,domestic cup
2025/08/10,A Lyga,0,FC Hegelmann,1325,1307.0,0 - 1,DFK Dainava,1041,1059.0,0,1,Lithuania,domestic league (tier 1)
2025/08/17,A Lyga,0,FC Hegelmann,1315,1323.0,3 - 1,FK Panevežys,1246,1238.0,3,1,Lithuania,domestic league (tier 1)
2025/08/24,A Lyga,0,FC Hegelmann,1323,1320.0,2 - 2,FK Žalgiris,1321,1324.0,2,2,Lithuania,domestic league (tier 1)
2025/10/01,A Lyga,0,FC Hegelmann,1323,1322.0,1 - 1,Kauno Žalgiris,1377,1378.0,1,1,Lithuania,domestic league (tier 1)
2025/10/05,A Lyga,0,FC Hegelmann,1322,1315.0,0 - 0,Banga Gargždai,1124,1131.0,0,0,Lithuania,domestic league (tier 1)
2025/10/23,A Lyga,0,FC Hegelmann,1292,1299.0,4 - 1,FC Džiugas,1145,1138.0,4,1,Lithuania,domestic league (tier 1)
2025/11/08,A Lyga,0,FC Hegelmann,1299,1305.0,2 - 1,FK Suduva,1247,1241.0,2,1,Lithuania,domestic league (tier 1)
2026/02/22,A Lyga,0,FC Hegelmann,1305,1281.0,0 - 2,Banga Gargždai,1171,1195.0,0,2,Lithuania,domestic league (tier 1)
2026/02/28,A Lyga,0,FC Hegelmann,1281,1275.0,1 - 1,FC Džiugas,1153,1159.0,1,1,Lithuania,domestic league (tier 1)
2026/03/11,A Lyga,0,FC Hegelmann,1278,1273.0,1 - 1,FA Šiauliai,1193,1198.0,1,1,Lithuania,domestic league (tier 1)
2026/03/22,A Lyga,0,FC Hegelmann,1275,1275.0,0 - 0,FK Žalgiris,1362,1362.0,0,0,Lithuania,domestic league (tier 1)
2026/04/04,A Lyga,0,FC Hegelmann,1275,1279.0,3 - 1,FK TransINVEST,1053,1049.0,3,1,Lithuania,domestic league (tier 1)
2026/04/17,A Lyga,0,FC Hegelmann,1271,1263.0,0 - 0,FK Riteriai,1002,1010.0,0,0,Lithuania,domestic league (tier 1)
2026/05/06,A Lyga,0,FC Hegelmann,1238,1245.0,3 - 2,FK Panevežys,1248,1241.0,3,2,Lithuania,domestic league (tier 1)
2026/05/09,A Lyga,0,FC Hegelmann,1245,1240.0,1 - 1,FA Šiauliai,1167,1172.0,1,1,Lithuania,domestic league (tier 1)
2026/05/16,A Lyga,0,FC Hegelmann,1240,1237.0,2 - 2,FK Suduva,1239,1242.0,2,2,Lithuania,domestic league (tier 1)
2026/06/14,A Lyga,0,FC Hegelmann,1235,1236.0,1 - 1,Kauno Žalgiris,1372,1371.0,1,1,Lithuania,domestic league (tier 1)
2026/06/17,A Lyga,0,FC Hegelmann,1236,1233.0,1 - 1,FC Džiugas,1217,1220.0,1,1,Lithuania,domestic league (tier 1)
2026/07/27,A Lyga,0,FC Hegelmann,1212,1203.0,2 - 3,FK Žalgiris,1340,1349.0,2,3,Lithuania,domestic league (tier 1)
2026/08/02,A Lyga,0,FC Hegelmann,1203,1189.0,1 - 2,FK TransINVEST,1169,1183.0,1,2,Lithuania,domestic league (tier 1)
2026/08/23,A Lyga,0,FC Hegelmann,1185,1184.0,1 - 1,Banga Gargždai,1267,1268.0,1,1,Lithuania,domestic league (tier 1)
2026/09/07,A Lyga,0,FC Hegelmann,1187,,Info,FK Panevežys,1213,,,,Lithuania,domestic league (tier 1)
2016/07/26,A Lyga,0,FC Stumbras,1145,1139.0,2 - 3,FK Suduva,1388,1394.0,2,3,Lithuania,domestic league (tier 1)
2016/08/11,A Lyga,0,FC Stumbras,1139,1143.0,2 - 1,FK Lietava Jonava,1017,1013.0,2,1,Lithuania,domestic league (tier 1)
2016/08/16,A Lyga,0,FC Stumbras,1143,1134.0,0 - 2,FK Atlantas,1378,1387.0,0,2,Lithuania,domestic league (tier 1)
2016/09/07,A Lyga,0,FC Stumbras,1148,1138.0,1 - 4,FK Riteriai (as FK Trakai),1412,1422.0,1,4,Lithuania,domestic league (tier 1)
2016/09/14,A Lyga,0,FC Stumbras,1129,1124.0,2 - 2,Kauno Žalgiris,1027,1032.0,2,2,Lithuania,domestic league (tier 1)
2016/10/02,A Lyga,0,FC Stumbras,1121,1116.0,1 - 1,Utenis Utena,1048,1053.0,1,1,Lithuania,domestic league (tier 1)
2016/10/29,A Lyga,0,FC Stumbras,1133,1141.0,3 - 1,FK Lietava Jonava,1055,1047.0,3,1,Lithuania,domestic league (tier 1)
2016/11/26,A Lyga,0,FC Stumbras,1158,1161.0,1 - 1,FK Atlantas,1361,1358.0,1,1,Lithuania,domestic league (tier 1)
2017/03/09,A Lyga,0,FC Stumbras,1159,1152.0,1 - 2,FK Suduva,1382,1389.0,1,2,Lithuania,domestic league (tier 1)
2017/03/30,A Lyga,0,FC Stumbras,1147,1142.0,1 - 1,Utenis Utena,1066,1071.0,1,1,Lithuania,domestic league (tier 1)
2017/04/12,A Lyga,0,FC Stumbras,1141,1138.0,1 - 3,FK Žalgiris,1614,1617.0,1,3,Lithuania,domestic league (tier 1)
2017/04/19,A Lyga,0,FC Stumbras,1138,1144.0,1 - 0,FK Lietava Jonava,1078,1072.0,1,0,Lithuania,domestic league (tier 1)
2017/04/29,A Lyga,0,FC Stumbras,1140,1145.0,1 - 1,FK Riteriai (as FK Trakai),1419,1414.0,1,1,Lithuania,domestic league (tier 1)
2017/05/11,A Lyga,0,FC Stumbras,1144,1151.0,3 - 0,Kauno Žalgiris,988,981.0,3,0,Lithuania,domestic league (tier 1)
2017/05/24,A Lyga,0,FC Stumbras,1152,1155.0,1 - 1,FK Atlantas,1347,1344.0,1,1,Lithuania,domestic league (tier 1)
2017/06/14,A Lyga,0,FC Stumbras,1177,1181.0,0 - 0,FK Riteriai (as FK Trakai),1429,1425.0,0,0,Lithuania,domestic league (tier 1)
2017/06/20,A Lyga,0,FC Stumbras,1181,1164.0,0 - 1,Kauno Žalgiris,1010,1027.0,0,1,Lithuania,domestic league (tier 1)
2017/07/28,A Lyga,0,FC Stumbras,1163,1158.0,0 - 0,FK Lietava Jonava,1089,1094.0,0,0,Lithuania,domestic league (tier 1)
2017/08/13,A Lyga,0,FC Stumbras,1156,1140.0,0 - 3,FK Atlantas,1292,1308.0,0,3,Lithuania,domestic league (tier 1)
2017/08/22,A Lyga,0,FC Stumbras,1155,1162.0,1 - 1,FK Žalgiris,1592,1585.0,1,1,Lithuania,domestic league (tier 1)
2017/09/20,A Lyga,0,FC Stumbras,1178,1171.0,1 - 3,FK Suduva,1492,1499.0,1,3,Lithuania,domestic league (tier 1)
2017/10/22,A Lyga,0,FC Stumbras,1182,1156.0,0 - 3,Utenis Utena,1109,1135.0,0,3,Lithuania,domestic league (tier 1)
2018/03/04,A Lyga,0,FC Stumbras,1170,1176.0,0 - 0,FK Žalgiris,1521,1515.0,0,0,Lithuania,domestic league (tier 1)
2018/03/14,A Lyga,0,FC Stumbras,1184,1168.0,0 - 2,FK Atlantas,1268,1284.0,0,2,Lithuania,domestic league (tier 1)
2018/04/04,A Lyga,0,FC Stumbras,1177,1189.0,4 - 0,FK Lietava Jonava,1148,1136.0,4,0,Lithuania,domestic league (tier 1)
2018/04/11,A Lyga,0,FC Stumbras,1189,1173.0,0 - 1,FK Palanga,1047,1063.0,0,1,Lithuania,domestic league (tier 1)
2018/04/17,A Lyga,0,FC Stumbras,1173,1170.0,0 - 1,FK Suduva,1569,1572.0,0,1,Lithuania,domestic league (tier 1)
2018/04/29,A Lyga,0,FC Stumbras,1179,1170.0,0 - 2,FK Riteriai (as FK Trakai),1433,1442.0,0,2,Lithuania,domestic league (tier 1)
2018/05/08,A Lyga,0,FC Stumbras,1175,1151.0,0 - 2,Kauno Žalgiris,1038,1062.0,0,2,Lithuania,domestic league (tier 1)
2018/06/19,A Lyga,0,FC Stumbras,1200,1213.0,1 - 0,FK Riteriai (as FK Trakai),1404,1391.0,1,0,Lithuania,domestic league (tier 1)
2018/07/03,A Lyga,0,FC Stumbras,1213,1219.0,2 - 0,FK Palanga,1074,1068.0,2,0,Lithuania,domestic league (tier 1)
2018/08/22,A Lyga,0,FC Stumbras,1282,1273.0,0 - 2,FK Žalgiris,1530,1539.0,0,2,Lithuania,domestic league (tier 1)
2018/08/25,A Lyga,0,FC Stumbras,1273,1278.0,2 - 1,FK Atlantas,1188,1183.0,2,1,Lithuania,domestic league (tier 1)
2018/09/22,A Lyga,0,FC Stumbras,1306,1299.0,0 - 0,Kauno Žalgiris,1126,1133.0,0,0,Lithuania,domestic league (tier 1)
2018/10/04,A Lyga,0,FC Stumbras,1293,1298.0,3 - 0,FK Lietava Jonava,1091,1086.0,3,0,Lithuania,domestic league (tier 1)
2018/10/07,A Lyga,0,FC Stumbras,1298,1292.0,1 - 2,FK Suduva,1565,1571.0,1,2,Lithuania,domestic league (tier 1)
2018/10/28,A Lyga,0,FC Stumbras,1303,1311.0,6 - 0,FK Atlantas,1136,1128.0,6,0,Lithuania,domestic league (tier 1)
2018/11/03,A Lyga,0,FC Stumbras,1308,1298.0,1 - 4,FK Suduva,1571,1581.0,1,4,Lithuania,domestic league (tier 1)
2018/11/07,A Lyga,0,FC Stumbras,1298,1281.0,0 - 3,FK Riteriai (as FK Trakai),1417,1434.0,0,3,Lithuania,domestic league (tier 1)
2019/03/02,A Lyga,0,FC Stumbras,1290,1293.0,1 - 0,FK Panevežys,1074,1071.0,1,0,Lithuania,domestic league (tier 1)
2019/03/16,A Lyga,0,FC Stumbras,1299,1304.0,2 - 0,FK Atlantas,1118,1113.0,2,0,Lithuania,domestic league (tier 1)
2019/03/31,A Lyga,0,FC Stumbras,1304,1326.0,2 - 0,FK Suduva,1591,1569.0,2,0,Lithuania,domestic league (tier 1)
2019/04/06,A Lyga,0,FC Stumbras,1326,1309.0,0 - 1,Kauno Žalgiris,1156,1173.0,0,1,Lithuania,domestic league (tier 1)
2019/04/13,A Lyga,0,FC Stumbras,1309,1324.0,1 - 0,FK Žalgiris,1593,1578.0,1,0,Lithuania,domestic league (tier 1)
2019/05/04,A Lyga,0,FC Stumbras,1305,1287.0,0 - 3,FK Riteriai,1404,1422.0,0,3,Lithuania,domestic league (tier 1)
2016/07/12,A Lyga,0,FK Atlantas,1401,1403.0,2 - 0,Utenis Utena,1056,1054.0,2,0,Lithuania,domestic league (tier 1)
2016/07/27,A Lyga,0,FK Atlantas,1406,1397.0,1 - 1,Kauno Žalgiris,1041,1050.0,1,1,Lithuania,domestic league (tier 1)
2016/08/02,A Lyga,0,FK Atlantas,1397,1390.0,0 - 1,FK Žalgiris,1620,1627.0,0,1,Lithuania,domestic league (tier 1)
2016/08/24,A Lyga,0,FK Atlantas,1387,1395.0,2 - 1,FK Suduva,1405,1397.0,2,1,Lithuania,domestic league (tier 1)
2016/09/15,A Lyga,0,FK Atlantas,1383,1374.0,0 - 0,FK Lietava Jonava,1043,1052.0,0,0,Lithuania,domestic league (tier 1)
2016/10/16,A Lyga,0,FK Atlantas,1386,1374.0,0 - 1,FK Riteriai (as FK Trakai),1407,1419.0,0,1,Lithuania,domestic league (tier 1)
2016/10/21,A Lyga,0,FK Atlantas,1374,1372.0,0 - 0,FK Riteriai (as FK Trakai),1419,1421.0,0,0,Lithuania,domestic league (tier 1)
2016/11/06,A Lyga,0,FK Atlantas,1369,1371.0,2 - 1,FK Lietava Jonava,1047,1045.0,2,1,Lithuania,domestic league (tier 1)
2017/03/04,A Lyga,0,FK Atlantas,1358,1352.0,1 - 2,FK Žalgiris,1619,1625.0,1,2,Lithuania,domestic league (tier 1)
2017/03/15,A Lyga,0,FK Atlantas,1356,1361.0,4 - 1,FC Stumbras,1152,1147.0,4,1,Lithuania,domestic league (tier 1)
2017/04/04,A Lyga,0,FK Atlantas,1364,1363.0,1 - 1,FK Riteriai (as FK Trakai),1423,1424.0,1,1,Lithuania,domestic league (tier 1)
2017/04/26,A Lyga,0,FK Atlantas,1379,1381.0,3 - 1,Kauno Žalgiris,1019,1017.0,3,1,Lithuania,domestic league (tier 1)
2017/05/04,A Lyga,0,FK Atlantas,1379,1377.0,1 - 1,FK Suduva,1401,1403.0,1,1,Lithuania,domestic league (tier 1)
2017/05/17,A Lyga,0,FK Atlantas,1365,1347.0,0 - 1,FK Lietava Jonava,1078,1096.0,0,1,Lithuania,domestic league (tier 1)
2017/06/01,A Lyga,0,FK Atlantas,1344,1336.0,2 - 2,Utenis Utena,1077,1085.0,2,2,Lithuania,domestic league (tier 1)
2017/07/23,A Lyga,0,FK Atlantas,1330,1321.0,0 - 1,FK Riteriai (as FK Trakai),1472,1481.0,0,1,Lithuania,domestic league (tier 1)
2017/08/03,A Lyga,0,FK Atlantas,1317,1309.0,1 - 1,Kauno Žalgiris,1045,1053.0,1,1,Lithuania,domestic league (tier 1)
2017/08/10,A Lyga,0,FK Atlantas,1309,1292.0,0 - 1,FK Lietava Jonava,1089,1106.0,0,1,Lithuania,domestic league (tier 1)
2017/09/14,A Lyga,0,FK Atlantas,1303,1286.0,0 - 1,Utenis Utena,1110,1127.0,0,1,Lithuania,domestic league (tier 1)
2017/09/27,A Lyga,0,FK Atlantas,1292,1297.0,1 - 1,FK Žalgiris,1581,1576.0,1,1,Lithuania,domestic league (tier 1)
2017/10/02,A Lyga,0,FK Atlantas,1297,1290.0,1 - 2,FK Suduva,1501,1508.0,1,2,Lithuania,domestic league (tier 1)
2017/10/12,A Lyga,0,FK Atlantas,1290,1295.0,3 - 2,FC Stumbras,1187,1182.0,3,2,Lithuania,domestic league (tier 1)
2017/10/26,A Lyga,0,FK Atlantas,1282,1272.0,0 - 3,FK Žalgiris,1545,1555.0,0,3,Lithuania,domestic league (tier 1)
2017/11/04,A Lyga,0,FK Atlantas,1270,1264.0,2 - 2,Utenis Utena,1118,1124.0,2,2,Lithuania,domestic league (tier 1)
2018/03/07,A Lyga,0,FK Atlantas,1286,1268.0,0 - 1,Kauno Žalgiris,1011,1029.0,0,1,Lithuania,domestic league (tier 1)
2018/03/30,A Lyga,0,FK Atlantas,1284,1276.0,1 - 1,FK Palanga,1032,1040.0,1,1,Lithuania,domestic league (tier 1)
2018/04/11,A Lyga,0,FK Atlantas,1274,1263.0,2 - 5,FK Žalgiris,1506,1517.0,2,5,Lithuania,domestic league (tier 1)
2018/04/18,A Lyga,0,FK Atlantas,1263,1250.0,0 - 2,FK Riteriai (as FK Trakai),1418,1431.0,0,2,Lithuania,domestic league (tier 1)
2018/04/25,A Lyga,0,FK Atlantas,1250,1255.0,1 - 0,FK Lietava Jonava,1154,1149.0,1,0,Lithuania,domestic league (tier 1)
2018/05/03,A Lyga,0,FK Atlantas,1262,1257.0,0 - 0,FC Stumbras,1170,1175.0,0,0,Lithuania,domestic league (tier 1)
2018/05/12,A Lyga,0,FK Atlantas,1268,1260.0,0 - 3,FK Suduva,1572,1580.0,0,3,Lithuania,domestic league (tier 1)
2018/08/15,A Lyga,0,FK Atlantas,1220,1204.0,0 - 1,Kauno Žalgiris,1098,1114.0,0,1,Lithuania,domestic league (tier 1)
2018/08/19,A Lyga,0,FK Atlantas,1204,1193.0,0 - 2,FK Riteriai (as FK Trakai),1404,1415.0,0,2,Lithuania,domestic league (tier 1)
2018/08/22,A Lyga,0,FK Atlantas,1193,1188.0,1 - 1,FK Lietava Jonava,1086,1091.0,1,1,Lithuania,domestic league (tier 1)
2018/09/19,A Lyga,0,FK Atlantas,1166,1152.0,1 - 3,FC Stumbras,1292,1306.0,1,3,Lithuania,domestic league (tier 1)
2018/09/25,A Lyga,0,FK Atlantas,1152,1147.0,1 - 1,FK Palanga,1048,1053.0,1,1,Lithuania,domestic league (tier 1)
2018/10/04,A Lyga,0,FK Atlantas,1147,1142.0,2 - 5,FK Suduva,1560,1565.0,2,5,Lithuania,domestic league (tier 1)
2018/10/07,A Lyga,0,FK Atlantas,1142,1137.0,1 - 5,FK Žalgiris,1577,1582.0,1,5,Lithuania,domestic league (tier 1)
2018/10/31,A Lyga,0,FK Atlantas,1128,1110.0,1 - 3,Kauno Žalgiris,1147,1165.0,1,3,Lithuania,domestic league (tier 1)
2018/11/11,A Lyga,0,FK Atlantas,1117,1109.0,1 - 5,FK Riteriai (as FK Trakai),1434,1442.0,1,5,Lithuania,domestic league (tier 1)
2019/03/02,A Lyga,0,FK Atlantas,1109,1122.0,2 - 0,Kauno Žalgiris,1152,1139.0,2,0,Lithuania,domestic league (tier 1)
2019/03/10,A Lyga,0,FK Atlantas,1122,1118.0,0 - 5,FK Suduva,1586,1590.0,0,5,Lithuania,domestic league (tier 1)
2019/03/30,A Lyga,0,FK Atlantas,1113,1109.0,0 - 3,FK Žalgiris,1582,1586.0,0,3,Lithuania,domestic league (tier 1)
2019/04/14,A Lyga,0,FK Atlantas,1100,1106.0,2 - 1,FK Panevežys,1059,1053.0,2,1,Lithuania,domestic league (tier 1)
2019/05/12,A Lyga,0,FK Atlantas,1108,1110.0,0 - 0,FC Stumbras,1287,1285.0,0,0,Lithuania,domestic league (tier 1)
2019/05/21,A Lyga,0,FK Atlantas,1109,1114.0,2 - 1,FK Palanga,1037,1032.0,2,1,Lithuania,domestic league (tier 1)
2019/06/14,A Lyga,0,FK Atlantas,1096,1092.0,2 - 3,FK Riteriai,1430,1434.0,2,3,Lithuania,domestic league (tier 1)
2019/06/22,A Lyga,0,FK Atlantas,1092,1093.0,1 - 1,Kauno Žalgiris,1212,1211.0,1,1,Lithuania,domestic league (tier 1)
2019/08/04,A Lyga,0,FK Atlantas,1092,1089.0,1 - 3,FK Žalgiris,1574,1577.0,1,3,Lithuania,domestic league (tier 1)
2019/08/18,A Lyga,0,FK Atlantas,1098,1080.0,0 - 2,FK Panevežys,1127,1145.0,0,2,Lithuania,domestic league (tier 1)
2019/10/05,A Lyga,0,FK Atlantas,1090,1105.0,2 - 1,FK Riteriai,1400,1385.0,2,1,Lithuania,domestic league (tier 1)
2019/10/26,A Lyga,0,FK Atlantas,1109,1093.0,0 - 1,FK Palanga,968,984.0,0,1,Lithuania,domestic league (tier 1)
2019/11/08,A Lyga,0,FK Atlantas,1088,1068.0,1 - 4,FK Panevežys,1144,1164.0,1,4,Lithuania,domestic league (tier 1)
2019/11/27,A Lyga,0,FK Atlantas,1067,1055.0,0 - 2,Kauno Žalgiris,1246,1258.0,0,2,Lithuania,domestic league (tier 1)
2020/05/30,A Lyga,0,FK Banga Gargždai,1069,1084.0,2 - 0,FK Panevežys,1178,1163.0,2,0,Lithuania,domestic league (tier 1)
2020/06/13,A Lyga,0,FK Banga Gargždai,1102,1099.0,0 - 1,FK Žalgiris,1540,1543.0,0,1,Lithuania,domestic league (tier 1)
2020/06/20,A Lyga,0,FK Banga Gargždai,1099,1101.0,1 - 1,Kauno Žalgiris,1286,1284.0,1,1,Lithuania,domestic league (tier 1)
2020/06/24,A Lyga,0,FK Banga Gargždai,1101,1105.0,1 - 1,FK Riteriai,1354,1350.0,1,1,Lithuania,domestic league (tier 1)
2020/07/19,A Lyga,0,FK Banga Gargždai,1100,1098.0,0 - 2,FK Suduva,1637,1639.0,0,2,Lithuania,domestic league (tier 1)
2020/08/01,A Lyga,0,FK Banga Gargždai,1125,1127.0,1 - 1,FK Riteriai,1310,1308.0,1,1,Lithuania,domestic league (tier 1)
2020/08/16,A Lyga,0,FK Banga Gargždai,1126,1124.0,3 - 3,FK Panevežys,1172,1174.0,3,3,Lithuania,domestic league (tier 1)
2020/09/27,A Lyga,0,FK Banga Gargždai,1124,1118.0,1 - 2,Kauno Žalgiris,1351,1357.0,1,2,Lithuania,domestic league (tier 1)
2020/10/10,A Lyga,0,FK Banga Gargždai,1112,1110.0,1 - 2,FK Suduva,1588,1590.0,1,2,Lithuania,domestic league (tier 1)
2020/10/20,A Lyga,0,FK Banga Gargždai,1110,1105.0,0 - 4,FK Žalgiris,1554,1559.0,0,4,Lithuania,domestic league (tier 1)
2021/04/02,A Lyga,0,FK Banga Gargždai,1101,1099.0,1 - 2,FK Suduva,1555,1557.0,1,2,Lithuania,domestic league (tier 1)
2021/04/13,A Lyga,0,FK Banga Gargždai,1098,1103.0,2 - 0,DFK Dainava,924,919.0,2,0,Lithuania,domestic league (tier 1)
2021/04/21,A Lyga,0,FK Banga Gargždai,1113,1119.0,5 - 2,FK Nevežis,939,933.0,5,2,Lithuania,domestic league (tier 1)
2021/04/25,A Lyga,0,FK Banga Gargždai,1119,1107.0,1 - 5,Kauno Žalgiris,1359,1371.0,1,5,Lithuania,domestic league (tier 1)
2021/04/29,A Lyga,0,FK Banga Gargždai,1107,1095.0,0 - 2,FK Riteriai,1272,1284.0,0,2,Lithuania,domestic league (tier 1)
2021/05/07,A Lyga,0,FK Banga Gargždai,1095,1097.0,2 - 2,FK Panevežys,1256,1254.0,2,2,Lithuania,domestic league (tier 1)
2021/05/20,A Lyga,0,FK Banga Gargždai,1096,1092.0,1 - 3,FK Žalgiris,1533,1537.0,1,3,Lithuania,domestic league (tier 1)
2021/06/11,A Lyga,0,FK Banga Gargždai,1074,1053.0,0 - 2,FC Hegelmann,1038,1059.0,0,2,Lithuania,domestic league (tier 1)
2021/06/27,A Lyga,0,FK Banga Gargždai,1061,1067.0,1 - 0,FC Džiugas,993,987.0,1,0,Lithuania,domestic league (tier 1)
2021/07/02,A Lyga,0,FK Banga Gargždai,1067,1063.0,0 - 2,FK Suduva,1510,1514.0,0,2,Lithuania,domestic league (tier 1)
2021/07/23,A Lyga,0,FK Banga Gargždai,1053,1032.0,1 - 4,FC Hegelmann,1083,1104.0,1,4,Lithuania,domestic league (tier 1)
2021/07/30,A Lyga,0,FK Banga Gargždai,1032,1039.0,2 - 1,FC Džiugas,1013,1006.0,2,1,Lithuania,domestic league (tier 1)
2021/08/21,A Lyga,0,FK Banga Gargždai,1034,1036.0,1 - 1,FK Riteriai,1212,1210.0,1,1,Lithuania,domestic league (tier 1)
2021/09/18,A Lyga,0,FK Banga Gargždai,1038,1033.0,2 - 3,Kauno Žalgiris,1321,1326.0,2,3,Lithuania,domestic league (tier 1)
2021/10/03,A Lyga,0,FK Banga Gargždai,1032,1029.0,0 - 3,FK Žalgiris,1537,1540.0,0,3,Lithuania,domestic league (tier 1)
2021/10/17,A Lyga,0,FK Banga Gargždai,1029,1043.0,2 - 1,FK Panevežys,1263,1249.0,2,1,Lithuania,domestic league (tier 1)
2021/11/19,A Lyga,0,FK Banga Gargždai,1050,1046.0,1 - 1,DFK Dainava,1013,1017.0,1,1,Lithuania,domestic league (tier 1)
2021/11/24,A Lyga,0,FK Banga Gargždai,1046,1051.0,3 - 1,FK Nevežis,853,848.0,3,1,Lithuania,domestic league (tier 1)
2022/03/16,A Lyga,0,FK Banga Gargždai,1067,1064.0,0 - 2,FK Žalgiris,1542,1545.0,0,2,Lithuania,domestic league (tier 1)
2022/03/26,A Lyga,0,FK Banga Gargždai,1075,1071.0,3 - 3,FC Džiugas,1016,1020.0,3,3,Lithuania,domestic league (tier 1)
2022/04/03,A Lyga,0,FK Banga Gargždai,1071,1065.0,0 - 0,FA Šiauliai,928,934.0,0,0,Lithuania,domestic league (tier 1)
2022/04/15,A Lyga,0,FK Banga Gargždai,1055,1076.0,3 - 1,Kauno Žalgiris,1300,1279.0,3,1,Lithuania,domestic league (tier 1)
2022/05/01,A Lyga,0,FK Banga Gargždai,1074,1070.0,0 - 1,FK Suduva,1408,1412.0,0,1,Lithuania,domestic league (tier 1)
2022/05/14,A Lyga,0,FK Banga Gargždai,1069,1062.0,1 - 1,FK Jonava,831,838.0,1,1,Lithuania,domestic league (tier 1)
2022/06/17,A Lyga,0,FK Banga Gargždai,1060,1072.0,1 - 0,FC Hegelmann,1227,1215.0,1,0,Lithuania,domestic league (tier 1)
2022/06/21,A Lyga,0,FK Banga Gargždai,1072,1057.0,0 - 4,FK Riteriai,1252,1267.0,0,4,Lithuania,domestic league (tier 1)
2022/07/02,A Lyga,0,FK Banga Gargždai,1064,1058.0,1 - 2,FK Panevežys,1298,1304.0,1,2,Lithuania,domestic league (tier 1)
2022/07/24,A Lyga,0,FK Banga Gargždai,1062,1064.0,1 - 1,FC Hegelmann,1250,1248.0,1,1,Lithuania,domestic league (tier 1)
2022/07/29,A Lyga,0,FK Banga Gargždai,1064,1059.0,1 - 1,FC Džiugas,989,994.0,1,1,Lithuania,domestic league (tier 1)
2022/08/14,A Lyga,0,FK Banga Gargždai,1059,1065.0,0 - 0,FK Suduva,1418,1412.0,0,0,Lithuania,domestic league (tier 1)
2022/08/26,A Lyga,0,FK Banga Gargždai,1062,1054.0,0 - 1,FK Riteriai,1224,1232.0,0,1,Lithuania,domestic league (tier 1)
2022/09/04,A Lyga,0,FK Banga Gargždai,1054,1048.0,0 - 1,Kauno Žalgiris,1305,1311.0,0,1,Lithuania,domestic league (tier 1)
2022/10/09,A Lyga,0,FK Banga Gargždai,1060,1063.0,1 - 1,FK Panevežys,1267,1264.0,1,1,Lithuania,domestic league (tier 1)
2022/11/11,A Lyga,0,FK Banga Gargždai,1065,1068.0,2 - 0,FK Jonava,784,781.0,2,0,Lithuania,domestic league (tier 1)
2022/11/17,A Lyga,0,FK Banga Gargždai,1068,1065.0,0 - 2,FK Žalgiris,1573,1576.0,0,2,Lithuania,domestic league (tier 1)
2022/11/23,A Lyga,0,FK Banga Gargždai,1065,1053.0,2 - 3,FA Šiauliai,1089,1101.0,2,3,Lithuania,domestic league (tier 1)
2023/03/05,A Lyga,0,FK Banga Gargždai,1053,1041.0,0 - 4,FK Panevežys,1283,1295.0,0,4,Lithuania,domestic league (tier 1)
2023/03/15,A Lyga,0,FK Banga Gargždai,1040,1050.0,2 - 0,FC Džiugas,1025,1015.0,2,0,Lithuania,domestic league (tier 1)
2023/03/31,A Lyga,0,FK Banga Gargždai,1043,1028.0,0 - 5,FC Hegelmann,1234,1249.0,0,5,Lithuania,domestic league (tier 1)
2023/04/09,A Lyga,0,FK Banga Gargždai,1035,1028.0,0 - 2,Kauno Žalgiris,1345,1352.0,0,2,Lithuania,domestic league (tier 1)
2023/04/18,A Lyga,0,FK Banga Gargždai,1054,1045.0,0 - 1,FA Šiauliai,1176,1185.0,0,1,Lithuania,domestic league (tier 1)
2023/04/30,A Lyga,0,FK Banga Gargždai,1043,1040.0,0 - 2,FK Žalgiris,1527,1530.0,0,2,Lithuania,domestic league (tier 1)
2023/05/03,A Lyga,0,FK Banga Gargždai,1040,1048.0,2 - 1,DFK Dainava,1064,1056.0,2,1,Lithuania,domestic league (tier 1)
2023/06/03,A Lyga,0,FK Banga Gargždai,1060,1060.0,1 - 1,FK Riteriai,1153,1153.0,1,1,Lithuania,domestic league (tier 1)
2023/06/06,A Lyga,0,FK Banga Gargždai,1060,1071.0,1 - 0,FK Suduva,1207,1196.0,1,0,Lithuania,domestic league (tier 1)
2022/05/07,Lithuania Cup,0,FK Ekranas,1281,1265.0,0 - 3,FK Suduva,1406,1422.0,0,3,Lithuania,domestic cup
2022/03/11,A Lyga,0,FK Jonava,900,890.0,1 - 4,FC Hegelmann,1167,1177.0,1,4,Lithuania,domestic league (tier 1)
2022/03/19,A Lyga,0,FK Jonava,879,868.0,1 - 3,FK Banga Gargždai,1064,1075.0,1,3,Lithuania,domestic league (tier 1)
2022/04/05,A Lyga,0,FK Jonava,866,862.0,0 - 2,Kauno Žalgiris,1305,1309.0,0,2,Lithuania,domestic league (tier 1)
2022/04/16,A Lyga,0,FK Jonava,860,852.0,0 - 1,FC Džiugas,1027,1035.0,0,1,Lithuania,domestic league (tier 1)
2022/04/27,A Lyga,0,FK Jonava,851,850.0,0 - 5,FK Žalgiris,1527,1528.0,0,5,Lithuania,domestic league (tier 1)
2022/05/03,A Lyga,0,FK Jonava,848,831.0,0 - 3,FA Šiauliai,955,972.0,0,3,Lithuania,domestic league (tier 1)
2022/05/29,A Lyga,0,FK Jonava,838,835.0,0 - 1,FK Riteriai,1257,1260.0,0,1,Lithuania,domestic league (tier 1)
2022/06/22,A Lyga,0,FK Jonava,833,829.0,0 - 5,FK Panevežys,1313,1317.0,0,5,Lithuania,domestic league (tier 1)
2022/07/02,A Lyga,0,FK Jonava,824,822.0,0 - 4,FK Suduva,1413,1415.0,0,4,Lithuania,domestic league (tier 1)
2022/07/23,A Lyga,0,FK Jonava,820,809.0,1 - 3,FA Šiauliai,1017,1028.0,1,3,Lithuania,domestic league (tier 1)
2022/07/31,A Lyga,0,FK Jonava,809,807.0,0 - 1,FC Hegelmann,1248,1250.0,0,1,Lithuania,domestic league (tier 1)
2022/08/13,A Lyga,0,FK Jonava,814,812.0,1 - 2,Kauno Žalgiris,1274,1276.0,1,2,Lithuania,domestic league (tier 1)
2022/08/16,Lithuania Cup,0,FK Jonava,812,808.0,0 - 2,FC Hegelmann,1251,1255.0,0,2,Lithuania,domestic cup
2022/08/27,A Lyga,0,FK Jonava,808,806.0,0 - 2,FK Suduva,1415,1417.0,0,2,Lithuania,domestic league (tier 1)
2022/09/07,A Lyga,0,FK Jonava,805,793.0,0 - 5,FK Banga Gargždai,1048,1060.0,0,5,Lithuania,domestic league (tier 1)
2022/09/10,A Lyga,0,FK Jonava,793,801.0,1 - 1,FK Panevežys,1269,1261.0,1,1,Lithuania,domestic league (tier 1)
2022/10/01,A Lyga,0,FK Jonava,800,793.0,0 - 1,FC Džiugas,1002,1009.0,0,1,Lithuania,domestic league (tier 1)
2022/10/09,A Lyga,0,FK Jonava,793,792.0,0 - 4,FK Žalgiris,1608,1609.0,0,4,Lithuania,domestic league (tier 1)
2022/10/29,A Lyga,0,FK Jonava,788,784.0,0 - 3,FK Riteriai,1226,1230.0,0,3,Lithuania,domestic league (tier 1)
2025/08/13,Lithuania Cup,0,FK Jonava,780,776.0,1 - 4,FK Panevežys,1242,1246.0,1,4,Lithuania,domestic cup
2026/04/29,Lithuania Cup,0,FK Jonava,776,770.0,0 - 4,FA Šiauliai,1156,1162.0,0,4,Lithuania,domestic cup
2016/07/14,A Lyga,0,FK Lietava Jonava,1006,1014.0,3 - 2,Kauno Žalgiris,1038,1030.0,3,2,Lithuania,domestic league (tier 1)
2016/07/19,A Lyga,0,FK Lietava Jonava,1014,1011.0,1 - 2,FK Atlantas,1403,1406.0,1,2,Lithuania,domestic league (tier 1)
2016/08/03,A Lyga,0,FK Lietava Jonava,1010,1017.0,1 - 1,FK Riteriai (as FK Trakai),1427,1420.0,1,1,Lithuania,domestic league (tier 1)
2016/08/25,A Lyga,0,FK Lietava Jonava,1022,1030.0,1 - 0,Utenis Utena,1053,1045.0,1,0,Lithuania,domestic league (tier 1)
2016/09/20,A Lyga,0,FK Lietava Jonava,1052,1050.0,0 - 4,FK Žalgiris,1642,1644.0,0,4,Lithuania,domestic league (tier 1)
2016/10/16,A Lyga,0,FK Lietava Jonava,1078,1057.0,1 - 4,FC Stumbras,1116,1137.0,1,4,Lithuania,domestic league (tier 1)
2016/10/22,A Lyga,0,FK Lietava Jonava,1057,1055.0,1 - 4,FK Žalgiris,1634,1636.0,1,4,Lithuania,domestic league (tier 1)
2016/11/26,A Lyga,0,FK Lietava Jonava,1043,1059.0,3 - 2,FK Suduva,1406,1390.0,3,2,Lithuania,domestic league (tier 1)
2017/03/12,A Lyga,0,FK Lietava Jonava,1067,1073.0,0 - 0,FK Riteriai (as FK Trakai),1435,1429.0,0,0,Lithuania,domestic league (tier 1)
2017/04/01,A Lyga,0,FK Lietava Jonava,1076,1087.0,5 - 2,Kauno Žalgiris,1030,1019.0,5,2,Lithuania,domestic league (tier 1)
2017/04/12,A Lyga,0,FK Lietava Jonava,1086,1078.0,0 - 2,FK Atlantas,1363,1371.0,0,2,Lithuania,domestic league (tier 1)
2017/04/29,A Lyga,0,FK Lietava Jonava,1071,1063.0,1 - 4,FK Suduva,1393,1401.0,1,4,Lithuania,domestic league (tier 1)
2017/05/10,A Lyga,0,FK Lietava Jonava,1080,1078.0,0 - 2,FK Žalgiris,1626,1628.0,0,2,Lithuania,domestic league (tier 1)
2017/05/23,A Lyga,0,FK Lietava Jonava,1096,1103.0,1 - 0,Utenis Utena,1084,1077.0,1,0,Lithuania,domestic league (tier 1)
2017/05/31,A Lyga,0,FK Lietava Jonava,1103,1092.0,1 - 2,FC Stumbras,1166,1177.0,1,2,Lithuania,domestic league (tier 1)
2017/06/20,A Lyga,0,FK Lietava Jonava,1100,1098.0,1 - 2,FK Žalgiris,1584,1586.0,1,2,Lithuania,domestic league (tier 1)
2017/08/06,A Lyga,0,FK Lietava Jonava,1094,1089.0,1 - 3,FK Riteriai (as FK Trakai),1487,1492.0,1,3,Lithuania,domestic league (tier 1)
2017/08/13,A Lyga,0,FK Lietava Jonava,1106,1086.0,1 - 3,Utenis Utena,1095,1115.0,1,3,Lithuania,domestic league (tier 1)
2017/09/13,A Lyga,0,FK Lietava Jonava,1069,1069.0,1 - 1,FC Stumbras,1178,1178.0,1,1,Lithuania,domestic league (tier 1)
2017/09/28,A Lyga,0,FK Lietava Jonava,1078,1084.0,2 - 1,Kauno Žalgiris,1028,1022.0,2,1,Lithuania,domestic league (tier 1)
2017/10/17,A Lyga,0,FK Lietava Jonava,1098,1092.0,0 - 5,FK Suduva,1513,1519.0,0,5,Lithuania,domestic league (tier 1)
2017/10/22,A Lyga,0,FK Lietava Jonava,1092,1105.0,2 - 1,FK Atlantas,1295,1282.0,2,1,Lithuania,domestic league (tier 1)
2017/10/29,A Lyga,0,FK Lietava Jonava,1104,1118.0,3 - 0,Utenis Utena,1132,1118.0,3,0,Lithuania,domestic league (tier 1)
2017/11/19,A Lyga,0,FK Lietava Jonava,1146,1147.0,2 - 2,FK Atlantas,1271,1270.0,2,2,Lithuania,domestic league (tier 1)
2018/03/04,A Lyga,0,FK Lietava Jonava,1146,1147.0,1 - 1,FK Atlantas,1287,1286.0,1,1,Lithuania,domestic league (tier 1)
2018/03/17,A Lyga,0,FK Lietava Jonava,1145,1129.0,0 - 1,Kauno Žalgiris,1029,1045.0,0,1,Lithuania,domestic league (tier 1)
2018/04/17,A Lyga,0,FK Lietava Jonava,1144,1154.0,4 - 0,FK Palanga,1063,1053.0,4,0,Lithuania,domestic league (tier 1)
2018/04/28,A Lyga,0,FK Lietava Jonava,1149,1156.0,0 - 0,FK Suduva,1574,1567.0,0,0,Lithuania,domestic league (tier 1)
2018/05/08,A Lyga,0,FK Lietava Jonava,1145,1141.0,1 - 2,FK Žalgiris,1491,1495.0,1,2,Lithuania,domestic league (tier 1)
2018/05/13,A Lyga,0,FK Lietava Jonava,1141,1122.0,0 - 2,FC Stumbras,1151,1170.0,0,2,Lithuania,domestic league (tier 1)
2018/05/16,A Lyga,0,FK Lietava Jonava,1122,1127.0,0 - 0,FK Riteriai (as FK Trakai),1420,1415.0,0,0,Lithuania,domestic league (tier 1)
2018/06/15,A Lyga,0,FK Lietava Jonava,1111,1123.0,2 - 1,FK Atlantas,1272,1260.0,2,1,Lithuania,domestic league (tier 1)
2018/06/27,A Lyga,0,FK Lietava Jonava,1122,1101.0,0 - 2,Kauno Žalgiris,1063,1084.0,0,2,Lithuania,domestic league (tier 1)
2018/08/04,A Lyga,0,FK Lietava Jonava,1095,1082.0,1 - 3,FC Stumbras,1237,1250.0,1,3,Lithuania,domestic league (tier 1)
2018/08/12,A Lyga,0,FK Lietava Jonava,1082,1075.0,1 - 3,FK Riteriai (as FK Trakai),1397,1404.0,1,3,Lithuania,domestic league (tier 1)
2018/08/18,A Lyga,0,FK Lietava Jonava,1075,1086.0,3 - 1,FK Palanga,1074,1063.0,3,1,Lithuania,domestic league (tier 1)
2018/09/26,A Lyga,0,FK Lietava Jonava,1095,1091.0,0 - 6,FK Žalgiris,1579,1583.0,0,6,Lithuania,domestic league (tier 1)
2018/10/21,A Lyga,0,FK Lietava Jonava,1085,1083.0,1 - 2,FK Suduva,1571,1573.0,1,2,Lithuania,domestic league (tier 1)
2021/04/24,A Lyga,0,FK Nevežis,933,920.0,0 - 1,DFK Dainava,916,929.0,0,1,Lithuania,domestic league (tier 1)
2021/04/29,A Lyga,0,FK Nevežis,920,918.0,1 - 2,Kauno Žalgiris,1371,1373.0,1,2,Lithuania,domestic league (tier 1)
2021/05/04,A Lyga,0,FK Nevežis,918,916.0,0 - 3,FK Žalgiris,1540,1542.0,0,3,Lithuania,domestic league (tier 1)
2021/05/09,A Lyga,0,FK Nevežis,916,915.0,0 - 2,FK Suduva,1571,1572.0,0,2,Lithuania,domestic league (tier 1)
2021/05/14,A Lyga,0,FK Nevežis,915,905.0,0 - 1,FC Hegelmann,998,1008.0,0,1,Lithuania,domestic league (tier 1)
2021/05/19,A Lyga,0,FK Nevežis,905,914.0,2 - 1,FC Džiugas,977,968.0,2,1,Lithuania,domestic league (tier 1)
2021/05/27,A Lyga,0,FK Nevežis,914,920.0,0 - 0,FK Riteriai,1235,1229.0,0,0,Lithuania,domestic league (tier 1)
2021/06/12,A Lyga,0,FK Nevežis,920,916.0,0 - 1,FK Panevežys,1252,1256.0,0,1,Lithuania,domestic league (tier 1)
2021/06/18,A Lyga,0,FK Nevežis,916,902.0,0 - 2,FK Banga Gargždai,1047,1061.0,0,2,Lithuania,domestic league (tier 1)
2021/07/02,A Lyga,0,FK Nevežis,901,909.0,1 - 1,Kauno Žalgiris,1371,1363.0,1,1,Lithuania,domestic league (tier 1)
2021/07/25,A Lyga,0,FK Nevežis,908,897.0,0 - 1,DFK Dainava,979,990.0,0,1,Lithuania,domestic league (tier 1)
2021/07/31,A Lyga,0,FK Nevežis,897,882.0,0 - 6,FC Hegelmann,1104,1119.0,0,6,Lithuania,domestic league (tier 1)
2021/08/28,A Lyga,0,FK Nevežis,876,861.0,0 - 3,FK Banga Gargždai,1036,1051.0,0,3,Lithuania,domestic league (tier 1)
2021/09/11,A Lyga,0,FK Nevežis,861,857.0,1 - 3,FK Panevežys,1269,1273.0,1,3,Lithuania,domestic league (tier 1)
2021/10/02,A Lyga,0,FK Nevežis,854,856.0,1 - 1,FC Džiugas,1031,1029.0,1,1,Lithuania,domestic league (tier 1)
2021/10/30,A Lyga,0,FK Nevežis,856,855.0,0 - 3,FK Suduva,1504,1505.0,0,3,Lithuania,domestic league (tier 1)
2021/11/28,A Lyga,0,FK Nevežis,848,841.0,0 - 6,FK Riteriai,1226,1233.0,0,6,Lithuania,domestic league (tier 1)
2024/05/28,Lithuania Cup,0,FK Nevežis,841,858.0,2 - 1,FK Ekranas,1265,1248.0,2,1,Lithuania,domestic cup
2024/08/13,Lithuania Cup,0,FK Nevežis,858,847.0,0 - 5,Banga Gargždai,1133,1144.0,0,5,Lithuania,domestic cup
2025/04/29,Lithuania Cup,0,FK Nevežis,847,836.0,1 - 3,Minija Kretinga,1049,1060.0,1,3,Lithuania,domestic cup
2018/02/25,A Lyga,0,FK Palanga,1027,1028.0,1 - 1,FK Lietava Jonava,1147,1146.0,1,1,Lithuania,domestic league (tier 1)
2018/03/13,A Lyga,0,FK Palanga,1026,1033.0,1 - 1,FK Riteriai (as FK Trakai),1455,1448.0,1,1,Lithuania,domestic league (tier 1)
2018/04/05,A Lyga,0,FK Palanga,1040,1047.0,1 - 0,Kauno Žalgiris,1036,1029.0,1,0,Lithuania,domestic league (tier 1)
2018/04/24,A Lyga,0,FK Palanga,1053,1051.0,0 - 2,FK Suduva,1572,1574.0,0,2,Lithuania,domestic league (tier 1)
2018/04/28,A Lyga,0,FK Palanga,1051,1049.0,1 - 2,FK Žalgiris,1500,1502.0,1,2,Lithuania,domestic league (tier 1)
2018/05/02,A Lyga,0,FK Palanga,1049,1066.0,1 - 0,FK Riteriai (as FK Trakai),1442,1425.0,1,0,Lithuania,domestic league (tier 1)
2018/05/09,A Lyga,0,FK Palanga,1066,1055.0,0 - 2,FK Atlantas,1257,1268.0,0,2,Lithuania,domestic league (tier 1)
2018/05/16,A Lyga,0,FK Palanga,1058,1044.0,0 - 2,FC Stumbras,1170,1184.0,0,2,Lithuania,domestic league (tier 1)
2018/05/24,A Lyga,0,FK Palanga,1044,1058.0,3 - 1,FK Lietava Jonava,1125,1111.0,3,1,Lithuania,domestic league (tier 1)
2018/06/16,A Lyga,0,FK Palanga,1058,1055.0,1 - 4,FK Suduva,1585,1588.0,1,4,Lithuania,domestic league (tier 1)
2018/08/07,A Lyga,0,FK Palanga,1068,1056.0,0 - 1,Kauno Žalgiris,1099,1111.0,0,1,Lithuania,domestic league (tier 1)
2018/08/11,A Lyga,0,FK Palanga,1056,1074.0,2 - 0,FK Atlantas,1238,1220.0,2,0,Lithuania,domestic league (tier 1)
2018/08/29,A Lyga,0,FK Palanga,1063,1059.0,0 - 5,FK Žalgiris,1539,1543.0,0,5,Lithuania,domestic league (tier 1)
2018/10/24,A Lyga,0,FK Palanga,1045,1034.0,1 - 5,FC Stumbras,1292,1303.0,1,5,Lithuania,domestic league (tier 1)
2019/03/17,A Lyga,0,FK Palanga,1049,1047.0,1 - 1,FK Panevežys,1068,1070.0,1,1,Lithuania,domestic league (tier 1)
2019/04/06,A Lyga,0,FK Palanga,1045,1054.0,2 - 1,FK Atlantas,1109,1100.0,2,1,Lithuania,domestic league (tier 1)
2019/04/20,A Lyga,0,FK Palanga,1053,1068.0,2 - 1,FC Stumbras,1324,1309.0,2,1,Lithuania,domestic league (tier 1)
2019/04/27,A Lyga,0,FK Palanga,1068,1065.0,1 - 4,FK Žalgiris,1580,1583.0,1,4,Lithuania,domestic league (tier 1)
2019/05/05,A Lyga,0,FK Palanga,1065,1049.0,0 - 3,Kauno Žalgiris,1198,1214.0,0,3,Lithuania,domestic league (tier 1)
2019/05/18,A Lyga,0,FK Palanga,1042,1037.0,1 - 3,FK Riteriai,1434,1439.0,1,3,Lithuania,domestic league (tier 1)
2019/06/01,A Lyga,0,FK Palanga,1032,1030.0,0 - 2,FK Suduva,1591,1593.0,0,2,Lithuania,domestic league (tier 1)
2019/07/04,A Lyga,0,FK Palanga,1024,1013.0,1 - 2,FK Panevežys,1104,1115.0,1,2,Lithuania,domestic league (tier 1)
2019/08/25,A Lyga,0,FK Palanga,1005,989.0,0 - 2,FK Atlantas,1080,1096.0,0,2,Lithuania,domestic league (tier 1)
2019/08/31,A Lyga,0,FK Palanga,989,987.0,0 - 4,FK Žalgiris,1581,1583.0,0,4,Lithuania,domestic league (tier 1)
2019/09/14,A Lyga,0,FK Palanga,987,981.0,2 - 3,Kauno Žalgiris,1228,1234.0,2,3,Lithuania,domestic league (tier 1)
2019/09/25,A Lyga,0,FK Palanga,973,969.0,1 - 3,FK Riteriai,1396,1400.0,1,3,Lithuania,domestic league (tier 1)
2019/10/12,A Lyga,0,FK Palanga,969,968.0,0 - 4,FK Suduva,1643,1644.0,0,4,Lithuania,domestic league (tier 1)
2019/03/09,A Lyga,0,FK Panevežys,1071,1068.0,0 - 3,FK Žalgiris,1585,1588.0,0,3,Lithuania,domestic league (tier 1)
2019/04/07,A Lyga,0,FK Panevežys,1062,1059.0,1 - 2,FK Riteriai,1440,1443.0,1,2,Lithuania,domestic league (tier 1)
2019/04/19,A Lyga,0,FK Panevežys,1053,1051.0,1 - 2,FK Suduva,1563,1565.0,1,2,Lithuania,domestic league (tier 1)
2019/04/27,A Lyga,0,FK Panevežys,1051,1055.0,1 - 1,FC Stumbras,1309,1305.0,1,1,Lithuania,domestic league (tier 1)
2019/05/12,A Lyga,0,FK Panevežys,1054,1061.0,2 - 1,FK Palanga,1049,1042.0,2,1,Lithuania,domestic league (tier 1)
2019/05/18,A Lyga,0,FK Panevežys,1061,1062.0,1 - 1,Kauno Žalgiris,1208,1207.0,1,1,Lithuania,domestic league (tier 1)
2019/06/02,A Lyga,0,FK Panevežys,1071,1086.0,4 - 1,FK Atlantas,1111,1096.0,4,1,Lithuania,domestic league (tier 1)
2019/06/29,A Lyga,0,FK Panevežys,1107,1104.0,0 - 2,FK Žalgiris,1575,1578.0,0,2,Lithuania,domestic league (tier 1)
2019/08/12,A Lyga,0,FK Panevežys,1120,1127.0,3 - 1,FK Palanga,1012,1005.0,3,1,Lithuania,domestic league (tier 1)
2019/08/23,A Lyga,0,FK Panevežys,1145,1167.0,4 - 2,FK Riteriai,1416,1394.0,4,2,Lithuania,domestic league (tier 1)
2019/09/24,A Lyga,0,FK Panevežys,1164,1160.0,2 - 7,FK Suduva,1637,1641.0,2,7,Lithuania,domestic league (tier 1)
2019/09/28,A Lyga,0,FK Panevežys,1160,1159.0,3 - 3,Kauno Žalgiris,1229,1230.0,3,3,Lithuania,domestic league (tier 1)
2019/10/19,A Lyga,0,FK Panevežys,1158,1154.0,1 - 1,FK Atlantas,1105,1109.0,1,1,Lithuania,domestic league (tier 1)
2019/11/03,A Lyga,0,FK Panevežys,1147,1144.0,1 - 5,FK Suduva,1672,1675.0,1,5,Lithuania,domestic league (tier 1)
2019/11/27,A Lyga,0,FK Panevežys,1159,1180.0,2 - 0,FK Riteriai,1419,1398.0,2,0,Lithuania,domestic league (tier 1)
2020/06/06,A Lyga,0,FK Panevežys,1163,1160.0,1 - 3,FK Suduva,1642,1645.0,1,3,Lithuania,domestic league (tier 1)
2020/06/28,A Lyga,0,FK Panevežys,1159,1165.0,2 - 1,FK Banga Gargždai,1105,1099.0,2,1,Lithuania,domestic league (tier 1)
2020/07/03,A Lyga,0,FK Panevežys,1165,1151.0,0 - 2,Kauno Žalgiris,1298,1312.0,0,2,Lithuania,domestic league (tier 1)
2020/07/11,A Lyga,0,FK Panevežys,1151,1163.0,2 - 1,FK Riteriai,1331,1319.0,2,1,Lithuania,domestic league (tier 1)
2020/07/19,A Lyga,0,FK Panevežys,1182,1179.0,1 - 2,FK Žalgiris,1558,1561.0,1,2,Lithuania,domestic league (tier 1)
2020/07/28,A Lyga,0,FK Panevežys,1175,1172.0,1 - 2,FK Žalgiris,1563,1566.0,1,2,Lithuania,domestic league (tier 1)
2020/08/08,A Lyga,0,FK Panevežys,1171,1172.0,1 - 1,FK Riteriai,1308,1307.0,1,1,Lithuania,domestic league (tier 1)
2020/08/20,A Lyga,0,FK Panevežys,1174,1166.0,0 - 1,Kauno Žalgiris,1347,1355.0,0,1,Lithuania,domestic league (tier 1)
2020/10/03,A Lyga,0,FK Panevežys,1165,1172.0,1 - 1,FK Suduva,1595,1588.0,1,1,Lithuania,domestic league (tier 1)
2020/10/31,A Lyga,0,FK Panevežys,1205,1200.0,1 - 1,FK Banga Gargždai,1105,1110.0,1,1,Lithuania,domestic league (tier 1)
2021/03/14,A Lyga,0,FK Panevežys,1219,1222.0,1 - 0,FC Džiugas,983,980.0,1,0,Lithuania,domestic league (tier 1)
2021/03/20,A Lyga,0,FK Panevežys,1222,1229.0,4 - 2,FK Banga Gargždai,1108,1101.0,4,2,Lithuania,domestic league (tier 1)
2021/04/13,A Lyga,0,FK Panevežys,1245,1237.0,2 - 2,FC Hegelmann,1000,1008.0,2,2,Lithuania,domestic league (tier 1)
2021/04/17,A Lyga,0,FK Panevežys,1237,1240.0,4 - 2,FK Nevežis,942,939.0,4,2,Lithuania,domestic league (tier 1)
2021/04/25,A Lyga,0,FK Panevežys,1230,1236.0,0 - 0,FK Suduva,1573,1567.0,0,0,Lithuania,domestic league (tier 1)
2021/05/03,A Lyga,0,FK Panevežys,1245,1256.0,2 - 1,Kauno Žalgiris,1373,1362.0,2,1,Lithuania,domestic league (tier 1)
2021/05/11,A Lyga,0,FK Panevežys,1254,1246.0,0 - 2,FK Žalgiris,1523,1531.0,0,2,Lithuania,domestic league (tier 1)
2021/05/19,A Lyga,0,FK Panevežys,1244,1247.0,3 - 0,DFK Dainava,961,958.0,3,0,Lithuania,domestic league (tier 1)
2021/06/20,A Lyga,0,FK Panevežys,1257,1253.0,1 - 1,FK Riteriai,1227,1231.0,1,1,Lithuania,domestic league (tier 1)
2021/08/13,A Lyga,0,FK Panevežys,1266,1270.0,3 - 1,FK Banga Gargždai,1038,1034.0,3,1,Lithuania,domestic league (tier 1)
2021/08/25,A Lyga,0,FK Panevežys,1274,1291.0,4 - 0,Kauno Žalgiris,1348,1331.0,4,0,Lithuania,domestic league (tier 1)
2021/08/29,A Lyga,0,FK Panevežys,1291,1269.0,0 - 2,FK Riteriai,1210,1232.0,0,2,Lithuania,domestic league (tier 1)
2021/09/15,A Lyga,0,FK Panevežys,1273,1278.0,1 - 1,FK Žalgiris,1565,1560.0,1,1,Lithuania,domestic league (tier 1)
2021/09/24,A Lyga,0,FK Panevežys,1267,1259.0,0 - 0,DFK Dainava,998,1006.0,0,0,Lithuania,domestic league (tier 1)
2021/10/03,A Lyga,0,FK Panevežys,1259,1263.0,1 - 1,FK Suduva,1522,1518.0,1,1,Lithuania,domestic league (tier 1)
2021/10/31,A Lyga,0,FK Panevežys,1248,1241.0,2 - 2,FC Džiugas,1036,1043.0,2,2,Lithuania,domestic league (tier 1)
2021/11/21,A Lyga,0,FK Panevežys,1254,1256.0,3 - 0,FK Nevežis,855,853.0,3,0,Lithuania,domestic league (tier 1)
2021/11/28,A Lyga,0,FK Panevežys,1253,1248.0,2 - 2,FC Hegelmann,1150,1155.0,2,2,Lithuania,domestic league (tier 1)
2022/03/11,A Lyga,0,FK Panevežys,1250,1259.0,1 - 0,Kauno Žalgiris,1302,1293.0,1,0,Lithuania,domestic league (tier 1)
2022/04/02,A Lyga,0,FK Panevežys,1276,1288.0,2 - 1,FK Suduva,1439,1427.0,2,1,Lithuania,domestic league (tier 1)
2022/04/09,A Lyga,0,FK Panevežys,1296,1298.0,4 - 0,FK Jonava,862,860.0,4,0,Lithuania,domestic league (tier 1)
2022/04/23,A Lyga,0,FK Panevežys,1305,1309.0,2 - 0,FK Banga Gargždai,1076,1072.0,2,0,Lithuania,domestic league (tier 1)
2022/04/27,A Lyga,0,FK Panevežys,1309,1319.0,3 - 0,FK Riteriai,1259,1249.0,3,0,Lithuania,domestic league (tier 1)
2022/05/03,A Lyga,0,FK Panevežys,1310,1305.0,1 - 1,FC Hegelmann,1222,1227.0,1,1,Lithuania,domestic league (tier 1)
2022/05/15,A Lyga,0,FK Panevežys,1319,1321.0,1 - 0,FC Džiugas,1016,1014.0,1,0,Lithuania,domestic league (tier 1)
2022/06/19,A Lyga,0,FK Panevežys,1324,1313.0,0 - 2,FK Žalgiris,1518,1529.0,0,2,Lithuania,domestic league (tier 1)
2022/06/25,A Lyga,0,FK Panevežys,1317,1298.0,1 - 2,FA Šiauliai,977,996.0,1,2,Lithuania,domestic league (tier 1)
2022/07/23,A Lyga,0,FK Panevežys,1296,1302.0,2 - 1,Kauno Žalgiris,1269,1263.0,2,1,Lithuania,domestic league (tier 1)
2022/08/13,A Lyga,0,FK Panevežys,1294,1276.0,1 - 2,FA Šiauliai,1027,1045.0,1,2,Lithuania,domestic league (tier 1)
2022/08/21,A Lyga,0,FK Panevežys,1276,1279.0,2 - 1,FK Banga Gargždai,1065,1062.0,2,1,Lithuania,domestic league (tier 1)
2022/08/27,A Lyga,0,FK Panevežys,1279,1281.0,3 - 2,FC Džiugas,987,985.0,3,2,Lithuania,domestic league (tier 1)
2022/09/07,A Lyga,0,FK Panevežys,1283,1269.0,0 - 1,FK Riteriai,1232,1246.0,0,1,Lithuania,domestic league (tier 1)
2022/10/02,A Lyga,0,FK Panevežys,1247,1264.0,2 - 0,FK Suduva,1387,1370.0,2,0,Lithuania,domestic league (tier 1)
2022/10/19,A Lyga,0,FK Panevežys,1264,1260.0,0 - 1,FK Žalgiris,1615,1619.0,0,1,Lithuania,domestic league (tier 1)
2022/10/30,A Lyga,0,FK Panevežys,1256,1267.0,3 - 1,FC Hegelmann,1251,1240.0,3,1,Lithuania,domestic league (tier 1)
2022/11/23,A Lyga,0,FK Panevežys,1282,1283.0,2 - 1,FK Jonava,781,780.0,2,1,Lithuania,domestic league (tier 1)
2023/03/19,A Lyga,0,FK Panevežys,1334,1342.0,2 - 1,Kauno Žalgiris,1356,1348.0,2,1,Lithuania,domestic league (tier 1)
2023/04/01,A Lyga,0,FK Panevežys,1342,1347.0,3 - 1,FA Šiauliai,1160,1155.0,3,1,Lithuania,domestic league (tier 1)
2023/04/08,A Lyga,0,FK Panevežys,1362,1364.0,0 - 0,FK Žalgiris,1522,1520.0,0,0,Lithuania,domestic league (tier 1)
2023/04/15,A Lyga,0,FK Panevežys,1364,1356.0,0 - 0,DFK Dainava,1052,1060.0,0,0,Lithuania,domestic league (tier 1)
2023/04/24,A Lyga,0,FK Panevežys,1362,1364.0,2 - 0,FK Banga Gargždai,1045,1043.0,2,0,Lithuania,domestic league (tier 1)
2023/04/29,A Lyga,0,FK Panevežys,1364,1370.0,3 - 1,FK Riteriai,1218,1212.0,3,1,Lithuania,domestic league (tier 1)
2023/05/13,A Lyga,0,FK Panevežys,1382,1375.0,0 - 0,FK Suduva,1192,1199.0,0,0,Lithuania,domestic league (tier 1)
2023/06/03,A Lyga,0,FK Panevežys,1370,1374.0,1 - 0,FC Hegelmann,1229,1225.0,1,0,Lithuania,domestic league (tier 1)
2023/06/11,A Lyga,0,FK Panevežys,1379,1381.0,4 - 0,FC Džiugas,1017,1015.0,4,0,Lithuania,domestic league (tier 1)
2023/07/07,A Lyga,0,FK Panevežys,1390,1400.0,3 - 0,Kauno Žalgiris,1322,1312.0,3,0,Lithuania,domestic league (tier 1)
2023/07/24,A Lyga,0,FK Panevežys,1404,1409.0,2 - 0,FA Šiauliai,1225,1220.0,2,0,Lithuania,domestic league (tier 1)
2023/08/07,A Lyga,0,FK Panevežys,1429,1422.0,2 - 2,FC Hegelmann,1253,1260.0,2,2,Lithuania,domestic league (tier 1)
2023/08/13,A Lyga,0,FK Panevežys,1422,1424.0,2 - 0,DFK Dainava,1077,1075.0,2,0,Lithuania,domestic league (tier 1)
2023/08/27,A Lyga,0,FK Panevežys,1431,1433.0,2 - 0,Banga Gargždai,1069,1067.0,2,0,Lithuania,domestic league (tier 1)
2023/09/23,A Lyga,0,FK Panevežys,1445,1447.0,2 - 1,FK Suduva,1167,1165.0,2,1,Lithuania,domestic league (tier 1)
2023/10/08,A Lyga,0,FK Panevežys,1447,1460.0,2 - 0,FK Žalgiris,1496,1483.0,2,0,Lithuania,domestic league (tier 1)
2023/11/12,A Lyga,0,FK Panevežys,1456,1447.0,0 - 0,FC Džiugas,1060,1069.0,0,0,Lithuania,domestic league (tier 1)
2024/03/10,A Lyga,0,FK Panevežys,1440,1431.0,0 - 0,DFK Dainava,1049,1058.0,0,0,Lithuania,domestic league (tier 1)
2024/03/16,A Lyga,0,FK Panevežys,1416,1397.0,0 - 1,Banga Gargždai,1074,1093.0,0,1,Lithuania,domestic league (tier 1)
2024/04/14,A Lyga,0,FK Panevežys,1391,1380.0,1 - 2,FK Žalgiris,1448,1459.0,1,2,Lithuania,domestic league (tier 1)
2024/04/21,A Lyga,0,FK Panevežys,1380,1370.0,1 - 1,FK TransINVEST,794,804.0,1,1,Lithuania,domestic league (tier 1)
2024/05/02,A Lyga,0,FK Panevežys,1365,1368.0,1 - 0,FK Suduva,1156,1153.0,1,0,Lithuania,domestic league (tier 1)
2024/05/18,A Lyga,0,FK Panevežys,1343,1322.0,0 - 2,FC Hegelmann,1302,1323.0,0,2,Lithuania,domestic league (tier 1)
2024/05/25,A Lyga,0,FK Panevežys,1322,1318.0,0 - 0,Kauno Žalgiris,1291,1295.0,0,0,Lithuania,domestic league (tier 1)
2024/06/01,A Lyga,0,FK Panevežys,1318,1325.0,2 - 0,FA Šiauliai,1197,1190.0,2,0,Lithuania,domestic league (tier 1)
2024/06/22,A Lyga,0,FK Panevežys,1290,1294.0,2 - 0,DFK Dainava,1084,1080.0,2,0,Lithuania,domestic league (tier 1)
2024/06/29,A Lyga,0,FK Panevežys,1307,1290.0,0 - 1,Banga Gargždai,1127,1144.0,0,1,Lithuania,domestic league (tier 1)
2024/07/04,A Lyga,0,FK Panevežys,1290,1278.0,0 - 1,FC Hegelmann,1335,1347.0,0,1,Lithuania,domestic league (tier 1)
2024/07/20,A Lyga,0,FK Panevežys,1323,1310.0,1 - 2,Kauno Žalgiris,1315,1328.0,1,2,Lithuania,domestic league (tier 1)
2024/08/11,A Lyga,0,FK Panevežys,1299,1301.0,0 - 0,FK Žalgiris,1464,1462.0,0,0,Lithuania,domestic league (tier 1)
2024/09/01,A Lyga,0,FK Panevežys,1296,1289.0,0 - 0,FK Suduva,1108,1115.0,0,0,Lithuania,domestic league (tier 1)
2024/10/01,A Lyga,0,FK Panevežys,1292,1294.0,2 - 1,FK TransINVEST,958,956.0,2,1,Lithuania,domestic league (tier 1)
2024/10/18,A Lyga,0,FK Panevežys,1298,1300.0,1 - 0,FC Džiugas,1030,1028.0,1,0,Lithuania,domestic league (tier 1)
2024/10/22,A Lyga,0,FK Panevežys,1300,1292.0,0 - 0,FC Džiugas,1028,1036.0,0,0,Lithuania,domestic league (tier 1)
2024/10/27,A Lyga,0,FK Panevežys,1292,1269.0,1 - 3,FA Šiauliai,1170,1193.0,1,3,Lithuania,domestic league (tier 1)
2025/03/02,A Lyga,0,FK Panevežys,1290,1266.0,1 - 3,FA Šiauliai,1154,1178.0,1,3,Lithuania,domestic league (tier 1)
2025/03/16,A Lyga,0,FK Panevežys,1260,1267.0,2 - 0,FK Suduva,1163,1156.0,2,0,Lithuania,domestic league (tier 1)
2025/03/30,A Lyga,0,FK Panevežys,1267,1262.0,1 - 1,Banga Gargždai,1168,1173.0,1,1,Lithuania,domestic league (tier 1)
2025/04/12,A Lyga,0,FK Panevežys,1244,1228.0,0 - 1,FC Džiugas,1117,1133.0,0,1,Lithuania,domestic league (tier 1)
2025/04/19,A Lyga,0,FK Panevežys,1242,1224.0,0 - 2,Kauno Žalgiris,1278,1296.0,0,2,Lithuania,domestic league (tier 1)
2025/05/10,A Lyga,0,FK Panevežys,1242,1259.0,3 - 0,FC Hegelmann,1329,1312.0,3,0,Lithuania,domestic league (tier 1)
2025/05/17,A Lyga,0,FK Panevežys,1259,1265.0,3 - 0,FK Riteriai,1102,1096.0,3,0,Lithuania,domestic league (tier 1)
2025/06/19,A Lyga,0,FK Panevežys,1256,1260.0,2 - 0,DFK Dainava,1051,1047.0,2,0,Lithuania,domestic league (tier 1)
2025/06/29,A Lyga,0,FK Panevežys,1251,1234.0,2 - 4,FK Žalgiris,1308,1325.0,2,4,Lithuania,domestic league (tier 1)
2025/07/07,A Lyga,0,FK Panevežys,1234,1222.0,1 - 2,FK Suduva,1250,1262.0,1,2,Lithuania,domestic league (tier 1)
2025/07/20,A Lyga,0,FK Panevežys,1236,1247.0,2 - 0,FA Šiauliai,1230,1219.0,2,0,Lithuania,domestic league (tier 1)
2025/08/08,A Lyga,0,FK Panevežys,1257,1242.0,0 - 1,FC Džiugas,1151,1166.0,0,1,Lithuania,domestic league (tier 1)
2025/08/20,A Lyga,0,FK Panevežys,1238,1243.0,1 - 0,Banga Gargždai,1138,1133.0,1,0,Lithuania,domestic league (tier 1)
2025/08/24,A Lyga,0,FK Panevežys,1243,1254.0,1 - 0,Kauno Žalgiris,1387,1376.0,1,0,Lithuania,domestic league (tier 1)
2025/09/21,A Lyga,0,FK Panevežys,1271,1260.0,0 - 1,FC Hegelmann,1324,1335.0,0,1,Lithuania,domestic league (tier 1)
2025/09/28,Lithuania Cup,0,FK Panevežys,1260,1272.0,1 - 0,FC Hegelmann,1335,1323.0,1,0,Lithuania,domestic cup
2025/10/01,A Lyga,0,FK Panevežys,1272,1276.0,3 - 1,DFK Dainava,1030,1026.0,3,1,Lithuania,domestic league (tier 1)
2025/10/22,A Lyga,0,FK Panevežys,1277,1259.0,0 - 1,FK Riteriai,1028,1046.0,0,1,Lithuania,domestic league (tier 1)
2025/11/08,A Lyga,0,FK Panevežys,1270,1286.0,3 - 1,FK Žalgiris,1388,1372.0,3,1,Lithuania,domestic league (tier 1)
2026/02/16,Lithuania Supercup,0,FK Panevežys,1286,1278.0,0 - 1,Kauno Žalgiris,1362,1370.0,0,1,Lithuania,domestic supercup
2026/02/22,A Lyga,0,FK Panevežys,1278,1274.0,0 - 0,FK Suduva,1241,1245.0,0,0,Lithuania,domestic league (tier 1)
2026/03/07,A Lyga,0,FK Panevežys,1265,1262.0,1 - 1,FC Hegelmann,1275,1278.0,1,1,Lithuania,domestic league (tier 1)
2026/03/15,A Lyga,0,FK Panevežys,1254,1256.0,2 - 1,FK Riteriai,1001,999.0,2,1,Lithuania,domestic league (tier 1)
2026/04/05,A Lyga,0,FK Panevežys,1267,1252.0,0 - 1,FC Džiugas,1177,1192.0,0,1,Lithuania,domestic league (tier 1)
2026/05/03,A Lyga,0,FK Panevežys,1238,1248.0,2 - 1,FK Žalgiris,1345,1335.0,2,1,Lithuania,domestic league (tier 1)
2026/05/10,A Lyga,0,FK Panevežys,1241,1243.0,1 - 1,Kauno Žalgiris,1403,1401.0,1,1,Lithuania,domestic league (tier 1)
2026/05/24,A Lyga,0,FK Panevežys,1243,1250.0,1 - 0,Banga Gargždai,1217,1210.0,1,0,Lithuania,domestic league (tier 1)
2026/06/12,A Lyga,0,FK Panevežys,1234,1219.0,1 - 2,FK TransINVEST,1149,1164.0,1,2,Lithuania,domestic league (tier 1)
2026/06/20,A Lyga,0,FK Panevežys,1211,1217.0,3 - 2,FA Šiauliai,1175,1169.0,3,2,Lithuania,domestic league (tier 1)
2026/06/29,A Lyga,0,FK Panevežys,1205,1194.0,1 - 2,FK Suduva,1276,1287.0,1,2,Lithuania,domestic league (tier 1)
2026/07/04,A Lyga,0,FK Panevežys,1194,1192.0,1 - 1,FC Hegelmann,1223,1225.0,1,1,Lithuania,domestic league (tier 1)
2026/08/03,A Lyga,0,FK Panevežys,1196,1193.0,1 - 1,FC Džiugas,1202,1205.0,1,1,Lithuania,domestic league (tier 1)
2026/08/30,A Lyga,0,FK Panevežys,1196,1213.0,2 - 0,FK Žalgiris,1348,1331.0,2,0,Lithuania,domestic league (tier 1)
2019/03/11,A Lyga,0,FK Riteriai,1438,1432.0,0 - 0,FC Stumbras,1293,1299.0,0,0,Lithuania,domestic league (tier 1)
2019/04/02,A Lyga,0,FK Riteriai,1438,1440.0,3 - 1,FK Palanga,1047,1045.0,3,1,Lithuania,domestic league (tier 1)
2019/04/20,A Lyga,0,FK Riteriai,1421,1413.0,0 - 0,FK Atlantas,1106,1114.0,0,0,Lithuania,domestic league (tier 1)
2019/04/27,A Lyga,0,FK Riteriai,1413,1404.0,1 - 2,FK Suduva,1565,1574.0,1,2,Lithuania,domestic league (tier 1)
2019/05/11,A Lyga,0,FK Riteriai,1422,1434.0,1 - 0,FK Žalgiris,1584,1572.0,1,0,Lithuania,domestic league (tier 1)
2019/05/21,A Lyga,0,FK Riteriai,1439,1430.0,1 - 1,FK Panevežys,1062,1071.0,1,1,Lithuania,domestic league (tier 1)
2019/06/01,A Lyga,0,FK Riteriai,1427,1430.0,1 - 0,Kauno Žalgiris,1219,1216.0,1,0,Lithuania,domestic league (tier 1)
2019/08/03,A Lyga,0,FK Riteriai,1437,1438.0,1 - 0,FK Palanga,1013,1012.0,1,0,Lithuania,domestic league (tier 1)
2019/08/10,A Lyga,0,FK Riteriai,1438,1429.0,1 - 1,FK Atlantas,1089,1098.0,1,1,Lithuania,domestic league (tier 1)
2019/09/21,A Lyga,0,FK Riteriai,1394,1396.0,1 - 1,FK Žalgiris,1576,1574.0,1,1,Lithuania,domestic league (tier 1)
2019/10/15,A Lyga,0,FK Riteriai,1385,1379.0,1 - 2,FK Suduva,1644,1650.0,1,2,Lithuania,domestic league (tier 1)
2019/10/19,A Lyga,0,FK Riteriai,1379,1373.0,0 - 0,Kauno Žalgiris,1226,1232.0,0,0,Lithuania,domestic league (tier 1)
2019/10/26,A Lyga,0,FK Riteriai,1373,1378.0,4 - 0,FK Panevežys,1154,1149.0,4,0,Lithuania,domestic league (tier 1)
2019/10/31,A Lyga,0,FK Riteriai,1378,1362.0,0 - 1,Kauno Žalgiris,1232,1248.0,0,1,Lithuania,domestic league (tier 1)
2019/11/04,A Lyga,0,FK Riteriai,1362,1366.0,5 - 2,FK Atlantas,1092,1088.0,5,2,Lithuania,domestic league (tier 1)
2019/11/23,A Lyga,0,FK Riteriai,1391,1419.0,5 - 1,FK Suduva,1677,1649.0,5,1,Lithuania,domestic league (tier 1)
2020/03/08,A Lyga,0,FK Riteriai,1398,1370.0,0 - 3,Kauno Žalgiris,1258,1286.0,0,3,Lithuania,domestic league (tier 1)
2020/06/07,A Lyga,0,FK Riteriai,1387,1369.0,0 - 1,FK Banga Gargždai,1084,1102.0,0,1,Lithuania,domestic league (tier 1)
2020/06/14,A Lyga,0,FK Riteriai,1369,1361.0,1 - 3,FK Suduva,1645,1653.0,1,3,Lithuania,domestic league (tier 1)
2020/06/19,A Lyga,0,FK Riteriai,1361,1354.0,1 - 1,FK Panevežys,1153,1160.0,1,1,Lithuania,domestic league (tier 1)
2020/06/28,A Lyga,0,FK Riteriai,1350,1333.0,0 - 7,FK Žalgiris,1530,1547.0,0,7,Lithuania,domestic league (tier 1)
2020/07/28,A Lyga,0,FK Riteriai,1314,1310.0,1 - 2,FK Suduva,1629,1633.0,1,2,Lithuania,domestic league (tier 1)
2020/08/14,A Lyga,0,FK Riteriai,1312,1300.0,0 - 1,Kauno Žalgiris,1335,1347.0,0,1,Lithuania,domestic league (tier 1)
2020/08/20,A Lyga,0,FK Riteriai,1300,1304.0,2 - 2,FK Žalgiris,1561,1557.0,2,2,Lithuania,domestic league (tier 1)
2020/10/02,A Lyga,0,FK Riteriai,1307,1313.0,4 - 0,FK Banga Gargždai,1118,1112.0,4,0,Lithuania,domestic league (tier 1)
2020/10/28,A Lyga,0,FK Riteriai,1292,1287.0,1 - 1,FK Panevežys,1200,1205.0,1,1,Lithuania,domestic league (tier 1)
2021/04/02,A Lyga,0,FK Riteriai,1274,1265.0,2 - 2,DFK Dainava,922,931.0,2,2,Lithuania,domestic league (tier 1)
2021/04/12,A Lyga,0,FK Riteriai,1243,1246.0,4 - 0,FK Nevežis,945,942.0,4,0,Lithuania,domestic league (tier 1)
2021/04/20,A Lyga,0,FK Riteriai,1257,1267.0,2 - 0,FK Panevežys,1240,1230.0,2,0,Lithuania,domestic league (tier 1)
2021/04/23,A Lyga,0,FK Riteriai,1267,1272.0,1 - 1,FK Žalgiris,1543,1538.0,1,1,Lithuania,domestic league (tier 1)
2021/05/09,A Lyga,0,FK Riteriai,1281,1270.0,1 - 2,Kauno Žalgiris,1362,1373.0,1,2,Lithuania,domestic league (tier 1)
2021/05/19,A Lyga,0,FK Riteriai,1264,1237.0,1 - 3,FC Hegelmann,1008,1035.0,1,3,Lithuania,domestic league (tier 1)
2021/06/12,A Lyga,0,FK Riteriai,1229,1221.0,1 - 1,FC Džiugas,987,995.0,1,1,Lithuania,domestic league (tier 1)
2021/06/15,A Lyga,0,FK Riteriai,1221,1227.0,3 - 0,FK Banga Gargždai,1053,1047.0,3,0,Lithuania,domestic league (tier 1)
2021/06/25,A Lyga,0,FK Riteriai,1231,1236.0,1 - 1,FK Suduva,1515,1510.0,1,1,Lithuania,domestic league (tier 1)
2021/07/02,A Lyga,0,FK Riteriai,1236,1242.0,0 - 0,FK Žalgiris,1557,1551.0,0,0,Lithuania,domestic league (tier 1)
2021/07/23,A Lyga,0,FK Riteriai,1207,1210.0,3 - 2,FC Džiugas,1016,1013.0,3,2,Lithuania,domestic league (tier 1)
2021/08/01,A Lyga,0,FK Riteriai,1210,1213.0,2 - 1,DFK Dainava,990,987.0,2,1,Lithuania,domestic league (tier 1)
2021/08/15,A Lyga,0,FK Riteriai,1219,1212.0,1 - 3,FK Suduva,1531,1538.0,1,3,Lithuania,domestic league (tier 1)
2021/09/10,A Lyga,0,FK Riteriai,1232,1227.0,0 - 0,FC Hegelmann,1137,1142.0,0,0,Lithuania,domestic league (tier 1)
2021/09/19,A Lyga,0,FK Riteriai,1227,1229.0,4 - 0,FK Nevežis,857,855.0,4,0,Lithuania,domestic league (tier 1)
2021/10/01,A Lyga,0,FK Riteriai,1237,1237.0,0 - 0,Kauno Žalgiris,1327,1327.0,0,0,Lithuania,domestic league (tier 1)
2021/10/29,A Lyga,0,FK Riteriai,1245,1238.0,0 - 0,FK Banga Gargždai,1043,1050.0,0,0,Lithuania,domestic league (tier 1)
2021/11/05,A Lyga,0,FK Riteriai,1238,1225.0,1 - 2,FK Panevežys,1241,1254.0,1,2,Lithuania,domestic league (tier 1)
2022/03/06,A Lyga,0,FK Riteriai,1233,1231.0,0 - 0,FK Panevežys,1248,1250.0,0,0,Lithuania,domestic league (tier 1)
2022/03/16,A Lyga,0,FK Riteriai,1238,1258.0,2 - 0,FK Suduva,1465,1445.0,2,0,Lithuania,domestic league (tier 1)
2022/04/01,A Lyga,0,FK Riteriai,1255,1257.0,5 - 0,FK Jonava,868,866.0,5,0,Lithuania,domestic league (tier 1)
2022/04/10,A Lyga,0,FK Riteriai,1241,1244.0,1 - 0,FK Banga Gargždai,1058,1055.0,1,0,Lithuania,domestic league (tier 1)
2022/05/01,A Lyga,0,FK Riteriai,1249,1254.0,3 - 0,FC Džiugas,1028,1023.0,3,0,Lithuania,domestic league (tier 1)
2022/05/09,Lithuania Cup,0,FK Riteriai,1260,1262.0,2 - 1,FA Šiauliai,972,970.0,2,1,Lithuania,domestic cup
2022/05/14,A Lyga,0,FK Riteriai,1262,1257.0,0 - 1,FK Žalgiris,1531,1536.0,0,1,Lithuania,domestic league (tier 1)
2022/06/18,A Lyga,0,FK Riteriai,1260,1252.0,1 - 1,FA Šiauliai,974,982.0,1,1,Lithuania,domestic league (tier 1)
2022/06/25,A Lyga,0,FK Riteriai,1267,1242.0,0 - 3,FC Hegelmann,1218,1243.0,0,3,Lithuania,domestic league (tier 1)
2022/07/02,A Lyga,0,FK Riteriai,1242,1240.0,1 - 1,Kauno Žalgiris,1262,1264.0,1,1,Lithuania,domestic league (tier 1)
2022/07/22,A Lyga,0,FK Riteriai,1237,1239.0,2 - 1,FC Džiugas,991,989.0,2,1,Lithuania,domestic league (tier 1)
2022/07/30,A Lyga,0,FK Riteriai,1239,1243.0,3 - 1,FA Šiauliai,1028,1024.0,3,1,Lithuania,domestic league (tier 1)
2022/08/14,A Lyga,0,FK Riteriai,1233,1227.0,1 - 5,FK Žalgiris,1608,1614.0,1,5,Lithuania,domestic league (tier 1)
2022/09/03,A Lyga,0,FK Riteriai,1231,1232.0,2 - 1,FK Jonava,806,805.0,2,1,Lithuania,domestic league (tier 1)
2022/09/11,A Lyga,0,FK Riteriai,1246,1243.0,0 - 0,FC Hegelmann,1241,1244.0,0,0,Lithuania,domestic league (tier 1)
2022/10/09,A Lyga,0,FK Riteriai,1241,1232.0,2 - 3,FK Suduva,1370,1379.0,2,3,Lithuania,domestic league (tier 1)
2022/10/21,A Lyga,0,FK Riteriai,1232,1226.0,2 - 2,FK Banga Gargždai,1063,1069.0,2,2,Lithuania,domestic league (tier 1)
2022/11/08,A Lyga,0,FK Riteriai,1230,1245.0,2 - 0,Kauno Žalgiris,1326,1311.0,2,0,Lithuania,domestic league (tier 1)
2022/11/13,A Lyga,0,FK Riteriai,1245,1253.0,2 - 1,FK Panevežys,1290,1282.0,2,1,Lithuania,domestic league (tier 1)
2023/03/03,A Lyga,0,FK Riteriai,1256,1240.0,0 - 1,FA Šiauliai,1101,1117.0,0,1,Lithuania,domestic league (tier 1)
2023/03/12,A Lyga,0,FK Riteriai,1240,1219.0,0 - 4,FK Panevežys,1295,1316.0,0,4,Lithuania,domestic league (tier 1)
2023/03/15,A Lyga,0,FK Riteriai,1219,1212.0,0 - 0,DFK Dainava,1036,1043.0,0,0,Lithuania,domestic league (tier 1)
2023/04/05,A Lyga,0,FK Riteriai,1207,1200.0,0 - 0,FK Banga Gargždai,1028,1035.0,0,0,Lithuania,domestic league (tier 1)
2023/04/18,A Lyga,0,FK Riteriai,1208,1216.0,1 - 0,FK Suduva,1244,1236.0,1,0,Lithuania,domestic league (tier 1)
2023/05/03,A Lyga,0,FK Riteriai,1212,1205.0,0 - 2,FK Žalgiris,1530,1537.0,0,2,Lithuania,domestic league (tier 1)
2023/05/21,A Lyga,0,FK Riteriai,1182,1175.0,1 - 1,FC Džiugas,1004,1011.0,1,1,Lithuania,domestic league (tier 1)
2023/05/27,A Lyga,0,FK Riteriai,1175,1153.0,0 - 4,FC Hegelmann,1207,1229.0,0,4,Lithuania,domestic league (tier 1)
2023/06/06,A Lyga,0,FK Riteriai,1153,1155.0,1 - 1,Kauno Žalgiris,1317,1315.0,1,1,Lithuania,domestic league (tier 1)
2023/07/16,A Lyga,0,FK Riteriai,1166,1143.0,1 - 3,DFK Dainava,1067,1090.0,1,3,Lithuania,domestic league (tier 1)
2023/08/05,A Lyga,0,FK Riteriai,1138,1123.0,0 - 1,Banga Gargždai,1058,1073.0,0,1,Lithuania,domestic league (tier 1)
2023/08/18,A Lyga,0,FK Riteriai,1120,1109.0,1 - 2,FK Suduva,1189,1200.0,1,2,Lithuania,domestic league (tier 1)
2023/08/25,A Lyga,0,FK Riteriai,1109,1099.0,0 - 1,FA Šiauliai,1216,1226.0,0,1,Lithuania,domestic league (tier 1)
2023/09/02,A Lyga,0,FK Riteriai,1093,1087.0,0 - 2,FK Panevežys,1433,1439.0,0,2,Lithuania,domestic league (tier 1)
2023/09/17,A Lyga,0,FK Riteriai,1087,1082.0,2 - 6,FK Žalgiris,1511,1516.0,2,6,Lithuania,domestic league (tier 1)
2023/09/30,A Lyga,0,FK Riteriai,1094,1090.0,0 - 0,FC Džiugas,1058,1062.0,0,0,Lithuania,domestic league (tier 1)
2023/10/07,A Lyga,0,FK Riteriai,1090,1082.0,2 - 3,FC Hegelmann,1276,1284.0,2,3,Lithuania,domestic league (tier 1)
2023/11/05,A Lyga,0,FK Riteriai,1095,1086.0,1 - 3,Kauno Žalgiris,1349,1358.0,1,3,Lithuania,domestic league (tier 1)
2024/05/07,Lithuania Cup,0,FK Riteriai,1112,1093.0,3 - 5,Banga Gargždai,1117,1136.0,3,5,Lithuania,domestic cup
2025/03/01,A Lyga,0,FK Riteriai,1093,1082.0,3 - 4,FK Suduva,1144,1155.0,3,4,Lithuania,domestic league (tier 1)
2025/03/07,A Lyga,0,FK Riteriai,1082,1088.0,3 - 3,FK Žalgiris,1437,1431.0,3,3,Lithuania,domestic league (tier 1)
2025/03/16,A Lyga,0,FK Riteriai,1088,1090.0,0 - 0,Kauno Žalgiris,1255,1253.0,0,0,Lithuania,domestic league (tier 1)
2025/04/05,A Lyga,0,FK Riteriai,1087,1105.0,3 - 1,FK Panevežys,1262,1244.0,3,1,Lithuania,domestic league (tier 1)
2025/04/19,A Lyga,0,FK Riteriai,1130,1118.0,0 - 1,FC Džiugas,1146,1158.0,0,1,Lithuania,domestic league (tier 1)
2025/04/29,Lithuania Cup,0,FK Riteriai,1120,1110.0,1 - 2,FA Šiauliai,1204,1214.0,1,2,Lithuania,domestic cup
2025/05/24,A Lyga,0,FK Riteriai,1096,1086.0,2 - 4,FC Hegelmann,1316,1326.0,2,4,Lithuania,domestic league (tier 1)
2025/06/14,A Lyga,0,FK Riteriai,1079,1068.0,1 - 2,Banga Gargždai,1131,1142.0,1,2,Lithuania,domestic league (tier 1)
2025/06/19,A Lyga,0,FK Riteriai,1068,1080.0,1 - 0,FA Šiauliai,1231,1219.0,1,0,Lithuania,domestic league (tier 1)
2025/06/29,A Lyga,0,FK Riteriai,1074,1054.0,0 - 2,DFK Dainava,1057,1077.0,0,2,Lithuania,domestic league (tier 1)
2025/07/05,A Lyga,0,FK Riteriai,1054,1046.0,1 - 5,Kauno Žalgiris,1374,1382.0,1,5,Lithuania,domestic league (tier 1)
2025/07/11,A Lyga,0,FK Riteriai,1046,1034.0,0 - 2,FA Šiauliai,1218,1230.0,0,2,Lithuania,domestic league (tier 1)
2025/08/01,A Lyga,0,FK Riteriai,1037,1027.0,1 - 3,FK Panevežys,1247,1257.0,1,3,Lithuania,domestic league (tier 1)
2025/08/22,A Lyga,0,FK Riteriai,1018,1005.0,0 - 2,FC Džiugas,1159,1172.0,0,2,Lithuania,domestic league (tier 1)
2025/08/30,A Lyga,0,FK Riteriai,1005,1013.0,2 - 1,DFK Dainava,1045,1037.0,2,1,Lithuania,domestic league (tier 1)
2025/09/19,A Lyga,0,FK Riteriai,1010,1004.0,0 - 2,FK Žalgiris,1341,1347.0,0,2,Lithuania,domestic league (tier 1)
2025/10/04,A Lyga,0,FK Riteriai,1001,1005.0,0 - 0,FK Suduva,1241,1237.0,0,0,Lithuania,domestic league (tier 1)
2025/10/18,A Lyga,0,FK Riteriai,1005,1028.0,2 - 0,FC Hegelmann,1315,1292.0,2,0,Lithuania,domestic league (tier 1)
2025/10/26,A Lyga,0,FK Riteriai,1046,1046.0,2 - 2,Banga Gargždai,1155,1155.0,2,2,Lithuania,domestic league (tier 1)
2026/02/23,A Lyga,0,FK Riteriai,1039,1035.0,1 - 2,Kauno Žalgiris,1370,1374.0,1,2,Lithuania,domestic league (tier 1)
2026/03/11,A Lyga,0,FK Riteriai,1014,1001.0,0 - 2,FC Džiugas,1152,1165.0,0,2,Lithuania,domestic league (tier 1)
2026/03/20,A Lyga,0,FK Riteriai,999,1001.0,1 - 1,FA Šiauliai,1183,1181.0,1,1,Lithuania,domestic league (tier 1)
2026/04/10,A Lyga,0,FK Riteriai,996,1002.0,0 - 0,FK Žalgiris,1341,1335.0,0,0,Lithuania,domestic league (tier 1)
2026/05/02,A Lyga,0,FK Riteriai,1008,987.0,0 - 5,FK TransINVEST,1090,1111.0,0,5,Lithuania,domestic league (tier 1)
2026/05/05,A Lyga,0,FK Riteriai,987,974.0,0 - 4,Banga Gargždai,1194,1207.0,0,4,Lithuania,domestic league (tier 1)
2026/05/19,Lithuania Cup,0,FK Riteriai,971,966.0,0 - 4,Kauno Žalgiris,1394,1399.0,0,4,Lithuania,domestic cup
2026/05/29,A Lyga,0,FK Riteriai,962,953.0,0 - 3,FK Suduva,1254,1263.0,0,3,Lithuania,domestic league (tier 1)
2026/09/07,A Lyga,0,FK Riteriai,953,,Info,Banga Gargždai,1269,,,,Lithuania,domestic league (tier 1)
2016/07/14,A Lyga,0,FK Riteriai (as FK Trakai),1463,1435.0,0 - 2,FC Stumbras,1128,1156.0,0,2,Lithuania,domestic league (tier 1)
2016/07/28,A Lyga,0,FK Riteriai (as FK Trakai),1426,1427.0,4 - 3,Utenis Utena,1052,1051.0,4,3,Lithuania,domestic league (tier 1)
2016/08/10,A Lyga,0,FK Riteriai (as FK Trakai),1405,1417.0,3 - 0,FK Atlantas,1390,1378.0,3,0,Lithuania,domestic league (tier 1)
2016/08/17,A Lyga,0,FK Riteriai (as FK Trakai),1417,1410.0,1 - 2,FK Žalgiris,1628,1635.0,1,2,Lithuania,domestic league (tier 1)
2016/08/25,A Lyga,0,FK Riteriai (as FK Trakai),1410,1412.0,3 - 0,Kauno Žalgiris,1042,1040.0,3,0,Lithuania,domestic league (tier 1)
2016/09/14,A Lyga,0,FK Riteriai (as FK Trakai),1422,1432.0,2 - 0,FK Suduva,1406,1396.0,2,0,Lithuania,domestic league (tier 1)
2016/10/02,A Lyga,0,FK Riteriai (as FK Trakai),1435,1407.0,0 - 2,FK Lietava Jonava,1050,1078.0,0,2,Lithuania,domestic league (tier 1)
2016/10/29,A Lyga,0,FK Riteriai (as FK Trakai),1421,1418.0,1 - 1,FK Suduva,1403,1406.0,1,1,Lithuania,domestic league (tier 1)
2016/11/06,A Lyga,0,FK Riteriai (as FK Trakai),1418,1410.0,1 - 1,FC Stumbras,1141,1149.0,1,1,Lithuania,domestic league (tier 1)
2016/11/20,A Lyga,0,FK Riteriai (as FK Trakai),1410,1412.0,3 - 1,FK Lietava Jonava,1045,1043.0,3,1,Lithuania,domestic league (tier 1)
2017/03/03,A Lyga,0,FK Riteriai (as FK Trakai),1433,1435.0,1 - 0,FC Stumbras,1161,1159.0,1,0,Lithuania,domestic league (tier 1)
2017/03/29,A Lyga,0,FK Riteriai (as FK Trakai),1431,1423.0,0 - 1,FK Žalgiris,1605,1613.0,0,1,Lithuania,domestic league (tier 1)
2017/04/13,A Lyga,0,FK Riteriai (as FK Trakai),1424,1425.0,1 - 0,Utenis Utena,1064,1063.0,1,0,Lithuania,domestic league (tier 1)
2017/04/26,A Lyga,0,FK Riteriai (as FK Trakai),1418,1419.0,1 - 0,FK Lietava Jonava,1072,1071.0,1,0,Lithuania,domestic league (tier 1)
2017/05/10,A Lyga,0,FK Riteriai (as FK Trakai),1398,1410.0,4 - 1,FK Atlantas,1377,1365.0,4,1,Lithuania,domestic league (tier 1)
2017/05/23,A Lyga,0,FK Riteriai (as FK Trakai),1417,1418.0,4 - 1,Kauno Žalgiris,977,976.0,4,1,Lithuania,domestic league (tier 1)
2017/05/31,A Lyga,0,FK Riteriai (as FK Trakai),1418,1429.0,2 - 0,FK Suduva,1412,1401.0,2,0,Lithuania,domestic league (tier 1)
2017/06/21,A Lyga,0,FK Riteriai (as FK Trakai),1425,1428.0,3 - 0,Utenis Utena,1080,1077.0,3,0,Lithuania,domestic league (tier 1)
2017/08/12,A Lyga,0,FK Riteriai (as FK Trakai),1494,1494.0,2 - 2,FK Žalgiris,1591,1591.0,2,2,Lithuania,domestic league (tier 1)
2017/08/22,A Lyga,0,FK Riteriai (as FK Trakai),1500,1505.0,2 - 0,FK Atlantas,1308,1303.0,2,0,Lithuania,domestic league (tier 1)
2017/09/16,A Lyga,0,FK Riteriai (as FK Trakai),1475,1462.0,2 - 3,FK Suduva,1479,1492.0,2,3,Lithuania,domestic league (tier 1)
2017/09/19,A Lyga,0,FK Riteriai (as FK Trakai),1462,1453.0,0 - 0,FK Lietava Jonava,1069,1078.0,0,0,Lithuania,domestic league (tier 1)
2017/09/27,A Lyga,0,FK Riteriai (as FK Trakai),1453,1455.0,1 - 0,FC Stumbras,1189,1187.0,1,0,Lithuania,domestic league (tier 1)
2017/10/22,A Lyga,0,FK Riteriai (as FK Trakai),1471,1472.0,5 - 1,Kauno Žalgiris,1017,1016.0,5,1,Lithuania,domestic league (tier 1)
2017/10/25,A Lyga,0,FK Riteriai (as FK Trakai),1472,1473.0,2 - 1,FK Lietava Jonava,1105,1104.0,2,1,Lithuania,domestic league (tier 1)
2017/11/04,A Lyga,0,FK Riteriai (as FK Trakai),1468,1477.0,1 - 0,FK Suduva,1539,1530.0,1,0,Lithuania,domestic league (tier 1)
2017/11/12,A Lyga,0,FK Riteriai (as FK Trakai),1477,1470.0,2 - 2,FK Atlantas,1264,1271.0,2,2,Lithuania,domestic league (tier 1)
2018/02/24,A Lyga,0,FK Riteriai (as FK Trakai),1476,1459.0,0 - 1,FK Atlantas,1270,1287.0,0,1,Lithuania,domestic league (tier 1)
2018/03/07,A Lyga,0,FK Riteriai (as FK Trakai),1463,1455.0,1 - 1,FC Stumbras,1176,1184.0,1,1,Lithuania,domestic league (tier 1)
2018/03/18,A Lyga,0,FK Riteriai (as FK Trakai),1448,1449.0,3 - 1,FK Palanga,1033,1032.0,3,1,Lithuania,domestic league (tier 1)
2018/03/31,A Lyga,0,FK Riteriai (as FK Trakai),1449,1431.0,1 - 4,FK Suduva,1548,1566.0,1,4,Lithuania,domestic league (tier 1)
2018/04/12,A Lyga,0,FK Riteriai (as FK Trakai),1426,1418.0,1 - 1,FK Lietava Jonava,1136,1144.0,1,1,Lithuania,domestic league (tier 1)
2018/04/24,A Lyga,0,FK Riteriai (as FK Trakai),1431,1433.0,2 - 0,Kauno Žalgiris,1036,1034.0,2,0,Lithuania,domestic league (tier 1)
2018/05/12,A Lyga,0,FK Riteriai (as FK Trakai),1431,1420.0,0 - 1,FK Žalgiris,1495,1506.0,0,1,Lithuania,domestic league (tier 1)
2018/05/20,A Lyga,0,FK Riteriai (as FK Trakai),1415,1417.0,1 - 0,FK Lietava Jonava,1127,1125.0,1,0,Lithuania,domestic league (tier 1)
2018/05/23,A Lyga,0,FK Riteriai (as FK Trakai),1417,1401.0,1 - 2,FK Atlantas,1256,1272.0,1,2,Lithuania,domestic league (tier 1)
2018/08/23,A Lyga,0,FK Riteriai (as FK Trakai),1415,1417.0,1 - 0,Kauno Žalgiris,1112,1110.0,1,0,Lithuania,domestic league (tier 1)
2018/08/29,A Lyga,0,FK Riteriai (as FK Trakai),1417,1411.0,2 - 2,FC Stumbras,1278,1284.0,2,2,Lithuania,domestic league (tier 1)
2018/09/20,A Lyga,0,FK Riteriai (as FK Trakai),1411,1413.0,3 - 0,FK Palanga,1050,1048.0,3,0,Lithuania,domestic league (tier 1)
2018/09/26,A Lyga,0,FK Riteriai (as FK Trakai),1413,1414.0,0 - 0,FK Suduva,1557,1556.0,0,0,Lithuania,domestic league (tier 1)
2018/10/04,A Lyga,0,FK Riteriai (as FK Trakai),1410,1422.0,1 - 0,FK Žalgiris,1589,1577.0,1,0,Lithuania,domestic league (tier 1)
2018/10/28,A Lyga,0,FK Riteriai (as FK Trakai),1428,1419.0,0 - 1,FK Žalgiris,1578,1587.0,0,1,Lithuania,domestic league (tier 1)
2018/11/03,A Lyga,0,FK Riteriai (as FK Trakai),1415,1417.0,1 - 0,Kauno Žalgiris,1165,1163.0,1,0,Lithuania,domestic league (tier 1)
2016/07/20,A Lyga,0,FK Suduva,1379,1388.0,1 - 0,FK Riteriai (as FK Trakai),1435,1426.0,1,0,Lithuania,domestic league (tier 1)
2016/08/10,A Lyga,0,FK Suduva,1413,1414.0,2 - 1,Utenis Utena,1051,1050.0,2,1,Lithuania,domestic league (tier 1)
2016/08/17,A Lyga,0,FK Suduva,1414,1405.0,0 - 0,FK Lietava Jonava,1013,1022.0,0,0,Lithuania,domestic league (tier 1)
2016/09/07,A Lyga,0,FK Suduva,1393,1397.0,0 - 0,FK Žalgiris,1640,1636.0,0,0,Lithuania,domestic league (tier 1)
2016/09/20,A Lyga,0,FK Suduva,1396,1399.0,2 - 0,FC Stumbras,1124,1121.0,2,0,Lithuania,domestic league (tier 1)
2016/10/01,A Lyga,0,FK Suduva,1393,1395.0,2 - 0,Kauno Žalgiris,1038,1036.0,2,0,Lithuania,domestic league (tier 1)
2016/10/22,A Lyga,0,FK Suduva,1399,1403.0,6 - 1,FC Stumbras,1137,1133.0,6,1,Lithuania,domestic league (tier 1)
2016/11/05,A Lyga,0,FK Suduva,1406,1396.0,1 - 3,FK Žalgiris,1639,1649.0,1,3,Lithuania,domestic league (tier 1)
2016/11/20,A Lyga,0,FK Suduva,1396,1406.0,3 - 1,FK Atlantas,1371,1361.0,3,1,Lithuania,domestic league (tier 1)
2017/03/04,A Lyga,0,FK Suduva,1390,1382.0,3 - 3,FK Lietava Jonava,1059,1067.0,3,3,Lithuania,domestic league (tier 1)
2017/03/16,A Lyga,0,FK Suduva,1389,1387.0,1 - 1,FK Riteriai (as FK Trakai),1429,1431.0,1,1,Lithuania,domestic league (tier 1)
2017/03/30,A Lyga,0,FK Suduva,1387,1384.0,0 - 0,FK Atlantas,1361,1364.0,0,0,Lithuania,domestic league (tier 1)
2017/04/13,A Lyga,0,FK Suduva,1391,1393.0,3 - 1,Kauno Žalgiris,1020,1018.0,3,1,Lithuania,domestic league (tier 1)
2017/04/25,A Lyga,0,FK Suduva,1389,1393.0,2 - 0,FC Stumbras,1144,1140.0,2,0,Lithuania,domestic league (tier 1)
2017/05/11,A Lyga,0,FK Suduva,1403,1405.0,2 - 1,Utenis Utena,1087,1085.0,2,1,Lithuania,domestic league (tier 1)
2017/05/24,A Lyga,0,FK Suduva,1409,1412.0,0 - 0,FK Žalgiris,1621,1618.0,0,0,Lithuania,domestic league (tier 1)
2017/06/15,A Lyga,0,FK Suduva,1401,1393.0,1 - 1,FK Lietava Jonava,1092,1100.0,1,1,Lithuania,domestic league (tier 1)
2017/06/21,A Lyga,0,FK Suduva,1393,1389.0,1 - 1,FK Atlantas,1332,1336.0,1,1,Lithuania,domestic league (tier 1)
2017/08/06,A Lyga,0,FK Suduva,1432,1435.0,4 - 2,FC Stumbras,1158,1155.0,4,2,Lithuania,domestic league (tier 1)
2017/09/13,A Lyga,0,FK Suduva,1464,1479.0,5 - 1,FK Riteriai (as FK Trakai),1490,1475.0,5,1,Lithuania,domestic league (tier 1)
2017/09/28,A Lyga,0,FK Suduva,1499,1501.0,2 - 0,Utenis Utena,1125,1123.0,2,0,Lithuania,domestic league (tier 1)
2017/10/11,A Lyga,0,FK Suduva,1508,1509.0,5 - 0,Kauno Žalgiris,1022,1021.0,5,0,Lithuania,domestic league (tier 1)
2017/10/22,A Lyga,0,FK Suduva,1519,1534.0,3 - 0,FK Žalgiris,1560,1545.0,3,0,Lithuania,domestic league (tier 1)
2017/10/29,A Lyga,0,FK Suduva,1537,1539.0,1 - 0,FK Atlantas,1272,1270.0,1,0,Lithuania,domestic league (tier 1)
2017/11/15,A Lyga,0,FK Suduva,1530,1531.0,2 - 1,FK Lietava Jonava,1147,1146.0,2,1,Lithuania,domestic league (tier 1)
2017/11/19,A Lyga,0,FK Suduva,1531,1544.0,3 - 0,FK Žalgiris,1533,1520.0,3,0,Lithuania,domestic league (tier 1)
2018/02/24,A Lyga,0,FK Suduva,1547,1549.0,2 - 0,FC Stumbras,1172,1170.0,2,0,Lithuania,domestic league (tier 1)
2018/03/03,A Lyga,0,FK Suduva,1549,1550.0,2 - 0,FK Palanga,1028,1027.0,2,0,Lithuania,domestic league (tier 1)
2018/03/08,A Lyga,0,FK Suduva,1550,1552.0,4 - 2,FK Lietava Jonava,1147,1145.0,4,2,Lithuania,domestic league (tier 1)
2018/03/14,A Lyga,0,FK Suduva,1552,1548.0,0 - 0,FK Žalgiris,1516,1520.0,0,0,Lithuania,domestic league (tier 1)
2018/04/05,A Lyga,0,FK Suduva,1566,1568.0,2 - 1,FK Atlantas,1276,1274.0,2,1,Lithuania,domestic league (tier 1)
2018/04/12,A Lyga,0,FK Suduva,1568,1569.0,4 - 1,Kauno Žalgiris,1029,1028.0,4,1,Lithuania,domestic league (tier 1)
2018/05/06,A Lyga,0,FK Suduva,1578,1572.0,0 - 0,FK Riteriai (as FK Trakai),1425,1431.0,0,0,Lithuania,domestic league (tier 1)
2018/05/22,A Lyga,0,FK Suduva,1580,1582.0,3 - 0,FC Stumbras,1184,1182.0,3,0,Lithuania,domestic league (tier 1)
2018/06/20,A Lyga,0,FK Suduva,1588,1589.0,2 - 0,FK Lietava Jonava,1123,1122.0,2,0,Lithuania,domestic league (tier 1)
2018/06/27,A Lyga,0,FK Suduva,1602,1587.0,0 - 1,FK Žalgiris,1499,1514.0,0,1,Lithuania,domestic league (tier 1)
2018/08/04,A Lyga,0,FK Suduva,1583,1586.0,3 - 0,FK Atlantas,1260,1257.0,3,0,Lithuania,domestic league (tier 1)
2018/09/15,A Lyga,0,FK Suduva,1563,1564.0,5 - 0,FK Palanga,1051,1050.0,5,0,Lithuania,domestic league (tier 1)
2018/09/29,A Lyga,0,FK Suduva,1556,1560.0,2 - 1,FK Riteriai (as FK Trakai),1414,1410.0,2,1,Lithuania,domestic league (tier 1)
2018/10/24,A Lyga,0,FK Suduva,1573,1574.0,1 - 0,Kauno Žalgiris,1141,1140.0,1,0,Lithuania,domestic league (tier 1)
2018/10/31,A Lyga,0,FK Suduva,1567,1571.0,1 - 0,FK Riteriai (as FK Trakai),1419,1415.0,1,0,Lithuania,domestic league (tier 1)
2018/11/07,A Lyga,0,FK Suduva,1581,1583.0,6 - 0,FK Atlantas,1119,1117.0,6,0,Lithuania,domestic league (tier 1)
2018/11/11,A Lyga,0,FK Suduva,1583,1570.0,1 - 2,FK Žalgiris,1583,1596.0,1,2,Lithuania,domestic league (tier 1)
2019/03/03,A Lyga,0,FK Suduva,1582,1586.0,2 - 1,FK Riteriai,1442,1438.0,2,1,Lithuania,domestic league (tier 1)
2019/03/16,A Lyga,0,FK Suduva,1590,1591.0,1 - 0,Kauno Žalgiris,1149,1148.0,1,0,Lithuania,domestic league (tier 1)
2019/04/14,A Lyga,0,FK Suduva,1562,1563.0,3 - 0,FK Palanga,1054,1053.0,3,0,Lithuania,domestic league (tier 1)
2019/05/05,A Lyga,0,FK Suduva,1574,1575.0,4 - 0,FK Atlantas,1109,1108.0,4,0,Lithuania,domestic league (tier 1)
2019/05/18,A Lyga,0,FK Suduva,1581,1584.0,2 - 0,FC Stumbras,1285,1282.0,2,0,Lithuania,domestic league (tier 1)
2019/05/22,A Lyga,0,FK Suduva,1584,1591.0,1 - 0,FK Žalgiris,1573,1566.0,1,0,Lithuania,domestic league (tier 1)
2019/06/15,A Lyga,0,FK Suduva,1593,1594.0,2 - 1,FK Panevežys,1086,1085.0,2,1,Lithuania,domestic league (tier 1)
2019/06/22,A Lyga,0,FK Suduva,1594,1578.0,1 - 2,FK Riteriai,1434,1450.0,1,2,Lithuania,domestic league (tier 1)
2019/06/29,A Lyga,0,FK Suduva,1578,1579.0,4 - 1,FK Atlantas,1093,1092.0,4,1,Lithuania,domestic league (tier 1)
2019/07/03,A Lyga,0,FK Suduva,1579,1581.0,3 - 0,Kauno Žalgiris,1226,1224.0,3,0,Lithuania,domestic league (tier 1)
2019/09/13,A Lyga,0,FK Suduva,1622,1623.0,4 - 0,FK Atlantas,1092,1091.0,4,0,Lithuania,domestic league (tier 1)
2019/10/02,A Lyga,0,FK Suduva,1642,1642.0,5 - 0,FK Palanga,969,969.0,5,0,Lithuania,domestic league (tier 1)
2019/10/05,A Lyga,0,FK Suduva,1642,1643.0,3 - 1,FK Panevežys,1159,1158.0,3,1,Lithuania,domestic league (tier 1)
2019/10/26,A Lyga,0,FK Suduva,1666,1671.0,1 - 0,FK Žalgiris,1563,1558.0,1,0,Lithuania,domestic league (tier 1)
2019/10/30,A Lyga,0,FK Suduva,1671,1672.0,9 - 1,FK Atlantas,1093,1092.0,9,1,Lithuania,domestic league (tier 1)
2019/11/09,A Lyga,0,FK Suduva,1675,1677.0,4 - 1,Kauno Žalgiris,1243,1241.0,4,1,Lithuania,domestic league (tier 1)
2019/11/27,A Lyga,0,FK Suduva,1649,1654.0,2 - 1,FK Žalgiris,1541,1536.0,2,1,Lithuania,domestic league (tier 1)
2020/03/07,A Lyga,0,FK Suduva,1641,1641.0,1 - 0,FK Banga Gargždai,1069,1069.0,1,0,Lithuania,domestic league (tier 1)
2020/06/01,A Lyga,0,FK Suduva,1641,1642.0,1 - 0,Kauno Žalgiris,1286,1285.0,1,0,Lithuania,domestic league (tier 1)
2020/06/20,A Lyga,0,FK Suduva,1653,1648.0,1 - 1,FK Žalgiris,1543,1548.0,1,1,Lithuania,domestic league (tier 1)
2020/06/24,A Lyga,0,FK Suduva,1648,1649.0,3 - 0,FK Panevežys,1160,1159.0,3,0,Lithuania,domestic league (tier 1)
2020/07/04,A Lyga,0,FK Suduva,1653,1655.0,1 - 0,FK Riteriai,1333,1331.0,1,0,Lithuania,domestic league (tier 1)
2020/07/23,A Lyga,0,FK Suduva,1639,1629.0,0 - 0,FK Banga Gargždai,1098,1108.0,0,0,Lithuania,domestic league (tier 1)
2020/08/02,A Lyga,0,FK Suduva,1633,1634.0,1 - 0,FK Panevežys,1172,1171.0,1,0,Lithuania,domestic league (tier 1)
2020/08/12,A Lyga,0,FK Suduva,1606,1615.0,2 - 0,FK Žalgiris,1570,1561.0,2,0,Lithuania,domestic league (tier 1)
2020/09/27,A Lyga,0,FK Suduva,1591,1595.0,7 - 1,FK Riteriai,1311,1307.0,7,1,Lithuania,domestic league (tier 1)
2020/10/20,A Lyga,0,FK Suduva,1602,1594.0,1 - 1,Kauno Žalgiris,1350,1358.0,1,1,Lithuania,domestic league (tier 1)
2021/03/07,A Lyga,0,FK Suduva,1573,1554.0,0 - 1,FK Panevežys,1200,1219.0,0,1,Lithuania,domestic league (tier 1)
2021/03/12,A Lyga,0,FK Suduva,1554,1555.0,2 - 0,FC Hegelmann,969,968.0,2,0,Lithuania,domestic league (tier 1)
2021/03/19,A Lyga,0,FK Suduva,1555,1555.0,1 - 0,FK Nevežis,967,967.0,1,0,Lithuania,domestic league (tier 1)
2021/04/07,A Lyga,0,FK Suduva,1557,1560.0,2 - 1,Kauno Žalgiris,1365,1362.0,2,1,Lithuania,domestic league (tier 1)
2021/04/12,A Lyga,0,FK Suduva,1560,1560.0,2 - 1,FC Džiugas,999,999.0,2,1,Lithuania,domestic league (tier 1)
2021/04/20,A Lyga,0,FK Suduva,1573,1573.0,3 - 1,DFK Dainava,916,916.0,3,1,Lithuania,domestic league (tier 1)
2021/05/05,A Lyga,0,FK Suduva,1568,1571.0,2 - 0,FK Riteriai,1284,1281.0,2,0,Lithuania,domestic league (tier 1)
2021/05/16,A Lyga,0,FK Suduva,1572,1573.0,4 - 0,FK Banga Gargždai,1097,1096.0,4,0,Lithuania,domestic league (tier 1)
2021/06/11,A Lyga,0,FK Suduva,1543,1523.0,0 - 2,FK Žalgiris,1533,1553.0,0,2,Lithuania,domestic league (tier 1)
2021/08/07,A Lyga,0,FK Suduva,1522,1526.0,3 - 0,FK Panevežys,1270,1266.0,3,0,Lithuania,domestic league (tier 1)
2021/08/11,A Lyga,0,FK Suduva,1526,1531.0,2 - 0,Kauno Žalgiris,1346,1341.0,2,0,Lithuania,domestic league (tier 1)
2021/08/22,A Lyga,0,FK Suduva,1538,1538.0,2 - 0,FK Nevežis,876,876.0,2,0,Lithuania,domestic league (tier 1)
2021/08/27,A Lyga,0,FK Suduva,1538,1519.0,1 - 2,FC Hegelmann,1118,1137.0,1,2,Lithuania,domestic league (tier 1)
2021/09/22,Lithuania Cup,0,FK Suduva,1523,1521.0,0 - 0,FK Žalgiris,1541,1543.0,0,0,Lithuania,domestic cup
2021/09/26,A Lyga,0,FK Suduva,1521,1522.0,4 - 0,FK Banga Gargždai,1033,1032.0,4,0,Lithuania,domestic league (tier 1)
2021/10/15,A Lyga,0,FK Suduva,1518,1510.0,1 - 1,FK Riteriai,1237,1245.0,1,1,Lithuania,domestic league (tier 1)
2021/11/03,A Lyga,0,FK Suduva,1505,1504.0,2 - 2,FK Žalgiris,1553,1554.0,2,2,Lithuania,domestic league (tier 1)
2021/11/20,A Lyga,0,FK Suduva,1488,1489.0,3 - 1,FC Džiugas,1033,1032.0,3,1,Lithuania,domestic league (tier 1)
2021/11/28,A Lyga,0,FK Suduva,1489,1470.0,0 - 1,DFK Dainava,1017,1036.0,0,1,Lithuania,domestic league (tier 1)
2022/03/12,A Lyga,0,FK Suduva,1463,1465.0,3 - 0,FK Banga Gargždai,1069,1067.0,3,0,Lithuania,domestic league (tier 1)
2022/03/19,A Lyga,0,FK Suduva,1445,1439.0,1 - 1,Kauno Žalgiris,1295,1301.0,1,1,Lithuania,domestic league (tier 1)
2022/04/05,A Lyga,0,FK Suduva,1427,1418.0,1 - 1,FC Džiugas,1021,1030.0,1,1,Lithuania,domestic league (tier 1)
2022/04/10,A Lyga,0,FK Suduva,1418,1400.0,0 - 1,FC Hegelmann,1175,1193.0,0,1,Lithuania,domestic league (tier 1)
2022/04/24,A Lyga,0,FK Suduva,1406,1407.0,2 - 0,FK Jonava,852,851.0,2,0,Lithuania,domestic league (tier 1)
2022/04/27,A Lyga,0,FK Suduva,1407,1408.0,2 - 0,FA Šiauliai,957,956.0,2,0,Lithuania,domestic league (tier 1)
2022/05/04,A Lyga,0,FK Suduva,1412,1406.0,1 - 1,FK Riteriai,1254,1260.0,1,1,Lithuania,domestic league (tier 1)
2022/05/21,A Lyga,0,FK Suduva,1436,1441.0,2 - 1,FK Panevežys,1329,1324.0,2,1,Lithuania,domestic league (tier 1)
2022/05/25,Lithuania Cup,0,FK Suduva,1441,1443.0,2 - 0,FK Banga Gargždai,1062,1060.0,2,0,Lithuania,domestic cup
2022/06/26,A Lyga,0,FK Suduva,1433,1413.0,0 - 5,FK Žalgiris,1530,1550.0,0,5,Lithuania,domestic league (tier 1)
2022/07/09,A Lyga,0,FK Suduva,1415,1416.0,2 - 1,FA Šiauliai,1004,1003.0,2,1,Lithuania,domestic league (tier 1)
2022/08/07,A Lyga,0,FK Suduva,1410,1418.0,4 - 1,FK Panevežys,1302,1294.0,4,1,Lithuania,domestic league (tier 1)
2022/08/21,A Lyga,0,FK Suduva,1412,1415.0,2 - 1,FK Riteriai,1227,1224.0,2,1,Lithuania,domestic league (tier 1)
2022/08/31,Lithuania Cup,0,FK Suduva,1417,1401.0,0 - 1,Kauno Žalgiris,1289,1305.0,0,1,Lithuania,domestic cup
2022/09/06,A Lyga,0,FK Suduva,1401,1405.0,2 - 1,FC Hegelmann,1245,1241.0,2,1,Lithuania,domestic league (tier 1)
2022/09/18,A Lyga,0,FK Suduva,1388,1390.0,2 - 0,FK Banga Gargždai,1062,1060.0,2,0,Lithuania,domestic league (tier 1)
2022/10/19,A Lyga,0,FK Suduva,1379,1357.0,0 - 2,Kauno Žalgiris,1302,1324.0,0,2,Lithuania,domestic league (tier 1)
2022/10/23,A Lyga,0,FK Suduva,1357,1357.0,1 - 0,FK Jonava,788,788.0,1,0,Lithuania,domestic league (tier 1)
2022/11/06,A Lyga,0,FK Suduva,1333,1328.0,1 - 2,FK Žalgiris,1620,1625.0,1,2,Lithuania,domestic league (tier 1)
2022/11/23,A Lyga,0,FK Suduva,1314,1306.0,1 - 1,FC Džiugas,1011,1019.0,1,1,Lithuania,domestic league (tier 1)
2023/03/04,A Lyga,0,FK Suduva,1306,1288.0,2 - 4,Kauno Žalgiris,1344,1362.0,2,4,Lithuania,domestic league (tier 1)
2023/03/11,A Lyga,0,FK Suduva,1288,1298.0,2 - 0,FC Hegelmann,1256,1246.0,2,0,Lithuania,domestic league (tier 1)
2023/03/15,A Lyga,0,FK Suduva,1298,1280.0,0 - 2,FK Panevežys,1316,1334.0,0,2,Lithuania,domestic league (tier 1)
2023/04/05,A Lyga,0,FK Suduva,1257,1261.0,2 - 0,DFK Dainava,1055,1051.0,2,0,Lithuania,domestic league (tier 1)
2023/04/14,A Lyga,0,FK Suduva,1270,1244.0,0 - 2,FK Banga Gargždai,1028,1054.0,0,2,Lithuania,domestic league (tier 1)
2023/05/02,A Lyga,0,FK Suduva,1212,1192.0,0 - 2,FA Šiauliai,1195,1215.0,0,2,Lithuania,domestic league (tier 1)
2023/05/20,A Lyga,0,FK Suduva,1199,1215.0,2 - 1,FK Žalgiris,1540,1524.0,2,1,Lithuania,domestic league (tier 1)
2023/05/26,A Lyga,0,FK Suduva,1215,1218.0,1 - 0,FC Džiugas,1011,1008.0,1,0,Lithuania,domestic league (tier 1)
2023/06/10,A Lyga,0,FK Suduva,1196,1192.0,0 - 0,FK Riteriai,1155,1159.0,0,0,Lithuania,domestic league (tier 1)
2023/07/02,A Lyga,0,FK Suduva,1199,1187.0,0 - 1,FC Hegelmann,1214,1226.0,0,1,Lithuania,domestic league (tier 1)
2023/08/04,A Lyga,0,FK Suduva,1177,1184.0,2 - 0,DFK Dainava,1084,1077.0,2,0,Lithuania,domestic league (tier 1)
2023/08/11,A Lyga,0,FK Suduva,1184,1189.0,1 - 0,Banga Gargždai,1073,1068.0,1,0,Lithuania,domestic league (tier 1)
2023/08/26,A Lyga,0,FK Suduva,1200,1181.0,2 - 6,Kauno Žalgiris,1301,1320.0,2,6,Lithuania,domestic league (tier 1)
2023/09/16,A Lyga,0,FK Suduva,1173,1167.0,0 - 1,FK Panevežys,1439,1445.0,0,1,Lithuania,domestic league (tier 1)
2023/09/30,A Lyga,0,FK Suduva,1165,1159.0,0 - 2,FK Žalgiris,1490,1496.0,0,2,Lithuania,domestic league (tier 1)
2023/10/07,A Lyga,0,FK Suduva,1159,1154.0,0 - 0,FC Džiugas,1062,1067.0,0,0,Lithuania,domestic league (tier 1)
2023/10/25,A Lyga,0,FK Suduva,1164,1178.0,2 - 0,FA Šiauliai,1237,1223.0,2,0,Lithuania,domestic league (tier 1)
2023/11/12,A Lyga,0,FK Suduva,1168,1142.0,0 - 3,FK Riteriai,1086,1112.0,0,3,Lithuania,domestic league (tier 1)
2024/03/01,A Lyga,0,FK Suduva,1142,1142.0,0 - 0,FA Šiauliai,1232,1232.0,0,0,Lithuania,domestic league (tier 1)
2024/03/13,A Lyga,0,FK Suduva,1150,1165.0,1 - 0,FK Panevežys,1431,1416.0,1,0,Lithuania,domestic league (tier 1)
2024/03/31,A Lyga,0,FK Suduva,1156,1141.0,0 - 1,DFK Dainava,1064,1079.0,0,1,Lithuania,domestic league (tier 1)
2024/04/13,A Lyga,0,FK Suduva,1148,1139.0,0 - 1,FC Hegelmann,1297,1306.0,0,1,Lithuania,domestic league (tier 1)
2024/04/28,A Lyga,0,FK Suduva,1151,1156.0,1 - 1,FK Žalgiris,1463,1458.0,1,1,Lithuania,domestic league (tier 1)
2024/05/11,A Lyga,0,FK Suduva,1153,1140.0,0 - 1,FC Džiugas,1144,1157.0,0,1,Lithuania,domestic league (tier 1)
2024/05/24,A Lyga,0,FK Suduva,1155,1136.0,0 - 1,FK TransINVEST,810,829.0,0,1,Lithuania,domestic league (tier 1)
2024/06/01,A Lyga,0,FK Suduva,1136,1143.0,1 - 0,Banga Gargždai,1133,1126.0,1,0,Lithuania,domestic league (tier 1)
2024/06/19,A Lyga,0,FK Suduva,1140,1142.0,2 - 2,Kauno Žalgiris,1301,1299.0,2,2,Lithuania,domestic league (tier 1)
2024/06/26,A Lyga,0,FK Suduva,1139,1126.0,1 - 3,FK Panevežys,1294,1307.0,1,3,Lithuania,domestic league (tier 1)
2024/07/07,A Lyga,0,FK Suduva,1118,1114.0,0 - 0,DFK Dainava,1079,1083.0,0,0,Lithuania,domestic league (tier 1)
2024/07/28,A Lyga,0,FK Suduva,1111,1110.0,0 - 0,FA Šiauliai,1190,1191.0,0,0,Lithuania,domestic league (tier 1)
2024/08/10,A Lyga,0,FK Suduva,1103,1098.0,0 - 1,FC Hegelmann,1372,1377.0,0,1,Lithuania,domestic league (tier 1)
2024/08/17,A Lyga,0,FK Suduva,1098,1102.0,1 - 1,Kauno Žalgiris,1338,1334.0,1,1,Lithuania,domestic league (tier 1)
2024/08/25,A Lyga,0,FK Suduva,1102,1108.0,1 - 1,FK Žalgiris,1464,1458.0,1,1,Lithuania,domestic league (tier 1)
2024/09/14,A Lyga,0,FK Suduva,1115,1121.0,2 - 1,FC Džiugas,1057,1051.0,2,1,Lithuania,domestic league (tier 1)
2024/10/06,A Lyga,0,FK Suduva,1121,1115.0,0 - 0,FK TransINVEST,956,962.0,0,0,Lithuania,domestic league (tier 1)
2024/10/27,A Lyga,0,FK Suduva,1109,1122.0,2 - 0,Banga Gargždai,1160,1147.0,2,0,Lithuania,domestic league (tier 1)
2025/03/09,A Lyga,0,FK Suduva,1155,1163.0,1 - 0,Banga Gargždai,1168,1160.0,1,0,Lithuania,domestic league (tier 1)
2025/03/28,A Lyga,0,FK Suduva,1156,1163.0,1 - 0,FC Džiugas,1135,1128.0,1,0,Lithuania,domestic league (tier 1)
2025/04/04,A Lyga,0,FK Suduva,1163,1169.0,1 - 0,DFK Dainava,1117,1111.0,1,0,Lithuania,domestic league (tier 1)
2025/04/19,A Lyga,0,FK Suduva,1169,1167.0,1 - 1,FA Šiauliai,1190,1192.0,1,1,Lithuania,domestic league (tier 1)
2025/04/27,A Lyga,0,FK Suduva,1167,1189.0,4 - 0,FC Hegelmann,1333,1311.0,4,0,Lithuania,domestic league (tier 1)
2025/05/04,A Lyga,0,FK Suduva,1189,1188.0,0 - 0,FK Panevežys,1241,1242.0,0,0,Lithuania,domestic league (tier 1)
2025/06/01,A Lyga,0,FK Suduva,1216,1223.0,4 - 1,FK Riteriai,1086,1079.0,4,1,Lithuania,domestic league (tier 1)
2025/06/13,A Lyga,0,FK Suduva,1223,1224.0,0 - 0,Kauno Žalgiris,1343,1342.0,0,0,Lithuania,domestic league (tier 1)
2025/06/19,A Lyga,0,FK Suduva,1224,1224.0,2 - 2,FK Žalgiris,1321,1321.0,2,2,Lithuania,domestic league (tier 1)
2025/07/20,A Lyga,0,FK Suduva,1262,1255.0,0 - 0,FK Riteriai,1034,1041.0,0,0,Lithuania,domestic league (tier 1)
2025/07/27,A Lyga,0,FK Suduva,1255,1240.0,2 - 3,FC Džiugas,1145,1160.0,2,3,Lithuania,domestic league (tier 1)
2025/08/17,A Lyga,0,FK Suduva,1257,1262.0,2 - 1,Banga Gargždai,1143,1138.0,2,1,Lithuania,domestic league (tier 1)
2025/08/30,A Lyga,0,FK Suduva,1253,1262.0,2 - 1,FC Hegelmann,1314,1305.0,2,1,Lithuania,domestic league (tier 1)
2025/09/12,A Lyga,0,FK Suduva,1262,1259.0,1 - 1,FK Panevežys,1249,1252.0,1,1,Lithuania,domestic league (tier 1)
2025/09/16,Lithuania Cup,0,FK Suduva,1259,1240.0,0 - 2,FK Panevežys,1252,1271.0,0,2,Lithuania,domestic cup
2025/09/29,A Lyga,0,FK Suduva,1256,1241.0,1 - 3,FK Žalgiris,1347,1362.0,1,3,Lithuania,domestic league (tier 1)
2025/10/23,A Lyga,0,FK Suduva,1237,1240.0,2 - 1,DFK Dainava,1028,1025.0,2,1,Lithuania,domestic league (tier 1)
2025/10/27,A Lyga,0,FK Suduva,1240,1251.0,1 - 0,Kauno Žalgiris,1375,1364.0,1,0,Lithuania,domestic league (tier 1)
2025/11/02,A Lyga,0,FK Suduva,1251,1247.0,2 - 2,FA Šiauliai,1206,1210.0,2,2,Lithuania,domestic league (tier 1)
2026/03/01,A Lyga,0,FK Suduva,1245,1241.0,0 - 0,FA Šiauliai,1202,1206.0,0,0,Lithuania,domestic league (tier 1)
2026/03/07,A Lyga,0,FK Suduva,1241,1245.0,2 - 0,FK TransINVEST,1025,1021.0,2,0,Lithuania,domestic league (tier 1)
2026/03/14,A Lyga,0,FK Suduva,1241,1239.0,0 - 0,FC Hegelmann,1273,1275.0,0,0,Lithuania,domestic league (tier 1)
2026/04/03,A Lyga,0,FK Suduva,1245,1250.0,5 - 0,FK Riteriai,1001,996.0,5,0,Lithuania,domestic league (tier 1)
2026/04/19,A Lyga,0,FK Suduva,1240,1246.0,3 - 2,FC Džiugas,1199,1193.0,3,2,Lithuania,domestic league (tier 1)
2026/04/25,A Lyga,0,FK Suduva,1246,1253.0,1 - 0,FK Panevežys,1245,1238.0,1,0,Lithuania,domestic league (tier 1)
2026/05/10,A Lyga,0,FK Suduva,1239,1239.0,1 - 1,FK Žalgiris,1340,1340.0,1,1,Lithuania,domestic league (tier 1)
2026/05/23,A Lyga,0,FK Suduva,1242,1254.0,2 - 1,Kauno Žalgiris,1399,1387.0,2,1,Lithuania,domestic league (tier 1)
2026/06/13,A Lyga,0,FK Suduva,1263,1259.0,0 - 0,Banga Gargždai,1206,1210.0,0,0,Lithuania,domestic league (tier 1)
2026/06/16,A Lyga,0,FK Suduva,1259,1264.0,2 - 1,FA Šiauliai,1180,1175.0,2,1,Lithuania,domestic league (tier 1)
2026/07/06,A Lyga,0,FK Suduva,1287,1282.0,0 - 0,FK TransINVEST,1176,1181.0,0,0,Lithuania,domestic league (tier 1)
2026/07/20,A Lyga,0,FK Suduva,1282,1292.0,5 - 1,FC Hegelmann,1205,1195.0,5,1,Lithuania,domestic league (tier 1)
2026/08/23,A Lyga,0,FK Suduva,1329,1335.0,2 - 0,FK Panevežys,1202,1196.0,2,0,Lithuania,domestic league (tier 1)
2024/03/09,A Lyga,0,FK TransINVEST,799,794.0,0 - 1,FC Džiugas,1076,1081.0,0,1,Lithuania,domestic league (tier 1)
2024/03/17,A Lyga,0,FK TransINVEST,794,786.0,0 - 2,DFK Dainava,1056,1064.0,0,2,Lithuania,domestic league (tier 1)
2024/04/07,A Lyga,0,FK TransINVEST,805,799.0,0 - 2,FK Suduva,1141,1147.0,0,2,Lithuania,domestic league (tier 1)
2024/04/13,A Lyga,0,FK TransINVEST,799,794.0,0 - 1,Banga Gargždai,1076,1081.0,0,1,Lithuania,domestic league (tier 1)
2024/04/24,A Lyga,0,FK TransINVEST,804,802.0,1 - 2,FC Hegelmann,1299,1301.0,1,2,Lithuania,domestic league (tier 1)
2024/05/02,A Lyga,0,FK TransINVEST,799,817.0,3 - 2,Kauno Žalgiris,1308,1290.0,3,2,Lithuania,domestic league (tier 1)
2024/05/18,A Lyga,0,FK TransINVEST,815,810.0,1 - 3,FA Šiauliai,1202,1207.0,1,3,Lithuania,domestic league (tier 1)
2024/05/30,Lithuania Cup,0,FK TransINVEST,829,848.0,2 - 1,FK Žalgiris,1462,1443.0,2,1,Lithuania,domestic cup
2024/06/02,A Lyga,0,FK TransINVEST,848,846.0,1 - 3,FK Žalgiris,1443,1445.0,1,3,Lithuania,domestic league (tier 1)
2024/06/19,A Lyga,0,FK TransINVEST,843,874.0,3 - 0,FK Panevežys,1321,1290.0,3,0,Lithuania,domestic league (tier 1)
2024/06/22,A Lyga,0,FK TransINVEST,874,899.0,3 - 0,FC Džiugas,1136,1111.0,3,0,Lithuania,domestic league (tier 1)
2024/06/30,A Lyga,0,FK TransINVEST,898,911.0,2 - 1,DFK Dainava,1092,1079.0,2,1,Lithuania,domestic league (tier 1)
2024/07/20,A Lyga,0,FK TransINVEST,909,912.0,2 - 2,FK Suduva,1114,1111.0,2,2,Lithuania,domestic league (tier 1)
2024/08/10,A Lyga,0,FK TransINVEST,912,905.0,0 - 1,Banga Gargždai,1126,1133.0,0,1,Lithuania,domestic league (tier 1)
2024/08/27,Lithuania Cup,0,FK TransINVEST,934,925.0,1 - 2,FC Džiugas,1067,1076.0,1,2,Lithuania,domestic cup
2024/08/31,A Lyga,0,FK TransINVEST,925,920.0,0 - 3,Kauno Žalgiris,1344,1349.0,0,3,Lithuania,domestic league (tier 1)
2024/09/21,A Lyga,0,FK TransINVEST,937,958.0,2 - 0,FA Šiauliai,1181,1160.0,2,0,Lithuania,domestic league (tier 1)
2024/10/19,A Lyga,0,FK TransINVEST,962,979.0,3 - 2,FC Hegelmann,1359,1342.0,3,2,Lithuania,domestic league (tier 1)
2024/10/26,A Lyga,0,FK TransINVEST,979,977.0,0 - 1,FK Žalgiris,1481,1483.0,0,1,Lithuania,domestic league (tier 1)
2024/11/09,A Lyga,0,FK TransINVEST,981,986.0,0 - 0,FK Panevežys,1295,1290.0,0,0,Lithuania,domestic league (tier 1)
2025/05/27,Lithuania Cup,0,FK TransINVEST,1013,1008.0,0 - 1,FC Hegelmann,1326,1331.0,0,1,Lithuania,domestic cup
2026/02/22,A Lyga,0,FK TransINVEST,1008,1011.0,2 - 2,FA Šiauliai,1205,1202.0,2,2,Lithuania,domestic league (tier 1)
2026/03/01,A Lyga,0,FK TransINVEST,1011,1025.0,3 - 0,FK Riteriai,1035,1021.0,3,0,Lithuania,domestic league (tier 1)
2026/03/11,A Lyga,0,FK TransINVEST,1021,1033.0,1 - 0,Banga Gargždai,1199,1187.0,1,0,Lithuania,domestic league (tier 1)
2026/03/22,A Lyga,0,FK TransINVEST,1052,1053.0,0 - 0,FC Džiugas,1178,1177.0,0,0,Lithuania,domestic league (tier 1)
2026/04/12,A Lyga,0,FK TransINVEST,1049,1042.0,1 - 2,FK Panevežys,1252,1259.0,1,2,Lithuania,domestic league (tier 1)
2026/05/06,A Lyga,0,FK TransINVEST,1111,1112.0,1 - 1,FK Suduva,1240,1239.0,1,1,Lithuania,domestic league (tier 1)
2026/05/17,A Lyga,0,FK TransINVEST,1117,1130.0,1 - 0,FK Žalgiris,1340,1327.0,1,0,Lithuania,domestic league (tier 1)
2026/05/20,Lithuania Cup,0,FK TransINVEST,1130,1145.0,2 - 0,FC Hegelmann,1237,1222.0,2,0,Lithuania,domestic cup
2026/05/29,A Lyga,0,FK TransINVEST,1139,1149.0,2 - 1,FC Hegelmann,1245,1235.0,2,1,Lithuania,domestic league (tier 1)
2026/06/20,A Lyga,0,FK TransINVEST,1164,1157.0,1 - 2,Kauno Žalgiris,1355,1362.0,1,2,Lithuania,domestic league (tier 1)
2026/07/12,A Lyga,0,FK TransINVEST,1181,1165.0,1 - 3,Banga Gargždai,1254,1270.0,1,3,Lithuania,domestic league (tier 1)
2026/07/26,A Lyga,0,FK TransINVEST,1160,1169.0,1 - 0,FC Džiugas,1211,1202.0,1,0,Lithuania,domestic league (tier 1)
2026/08/10,A Lyga,0,FK TransINVEST,1183,1164.0,0 - 2,FK Panevežys,1193,1212.0,0,2,Lithuania,domestic league (tier 1)
2026/08/24,A Lyga,0,FK TransINVEST,1172,1182.0,3 - 0,FA Šiauliai,1107,1097.0,3,0,Lithuania,domestic league (tier 1)
2026/09/06,A Lyga,0,FK TransINVEST,1182,,Info,FK Suduva,1341,,,,Lithuania,domestic league (tier 1)
2016/07/27,A Lyga,0,FK Žalgiris,1619,1620.0,4 - 1,FK Lietava Jonava,1011,1010.0,4,1,Lithuania,domestic league (tier 1)
2016/08/11,A Lyga,0,FK Žalgiris,1627,1628.0,3 - 1,Kauno Žalgiris,1046,1045.0,3,1,Lithuania,domestic league (tier 1)
2016/08/24,A Lyga,0,FK Žalgiris,1635,1636.0,3 - 1,FC Stumbras,1149,1148.0,3,1,Lithuania,domestic league (tier 1)
2016/08/28,A Lyga,0,FK Žalgiris,1636,1640.0,4 - 1,FK Suduva,1397,1393.0,4,1,Lithuania,domestic league (tier 1)
2016/09/15,A Lyga,0,FK Žalgiris,1642,1642.0,2 - 1,Utenis Utena,1051,1051.0,2,1,Lithuania,domestic league (tier 1)
2016/10/01,A Lyga,0,FK Žalgiris,1650,1632.0,0 - 1,FK Atlantas,1368,1386.0,0,1,Lithuania,domestic league (tier 1)
2016/10/30,A Lyga,0,FK Žalgiris,1636,1639.0,2 - 0,FK Atlantas,1372,1369.0,2,0,Lithuania,domestic league (tier 1)
2016/11/18,A Lyga,0,FK Žalgiris,1649,1640.0,2 - 2,FC Stumbras,1149,1158.0,2,2,Lithuania,domestic league (tier 1)
2016/11/26,A Lyga,0,FK Žalgiris,1640,1614.0,1 - 3,FK Riteriai (as FK Trakai),1412,1438.0,1,3,Lithuania,domestic league (tier 1)
2017/03/12,A Lyga,0,FK Žalgiris,1625,1605.0,0 - 1,Utenis Utena,1049,1069.0,0,1,Lithuania,domestic league (tier 1)
2017/03/16,A Lyga,0,FK Žalgiris,1605,1605.0,1 - 0,Kauno Žalgiris,1030,1030.0,1,0,Lithuania,domestic league (tier 1)
2017/04/05,A Lyga,0,FK Žalgiris,1613,1614.0,2 - 1,FK Lietava Jonava,1087,1086.0,2,1,Lithuania,domestic league (tier 1)
2017/04/19,A Lyga,0,FK Žalgiris,1617,1621.0,3 - 1,FK Suduva,1393,1389.0,3,1,Lithuania,domestic league (tier 1)
2017/04/30,A Lyga,0,FK Žalgiris,1623,1625.0,1 - 0,FK Atlantas,1381,1379.0,1,0,Lithuania,domestic league (tier 1)
2017/05/03,A Lyga,0,FK Žalgiris,1625,1626.0,4 - 1,FC Stumbras,1145,1144.0,4,1,Lithuania,domestic league (tier 1)
2017/05/16,A Lyga,0,FK Žalgiris,1628,1621.0,1 - 1,FK Riteriai (as FK Trakai),1410,1417.0,1,1,Lithuania,domestic league (tier 1)
2017/06/14,A Lyga,0,FK Žalgiris,1580,1584.0,3 - 0,FK Atlantas,1336,1332.0,3,0,Lithuania,domestic league (tier 1)
2017/07/22,A Lyga,0,FK Žalgiris,1604,1605.0,1 - 0,FC Stumbras,1164,1163.0,1,0,Lithuania,domestic league (tier 1)
2017/08/02,A Lyga,0,FK Žalgiris,1596,1597.0,5 - 0,Utenis Utena,1097,1096.0,5,0,Lithuania,domestic league (tier 1)
2017/08/09,A Lyga,0,FK Žalgiris,1597,1591.0,1 - 1,FK Suduva,1435,1441.0,1,1,Lithuania,domestic league (tier 1)
2017/08/16,A Lyga,0,FK Žalgiris,1591,1592.0,5 - 0,FK Lietava Jonava,1086,1085.0,5,0,Lithuania,domestic league (tier 1)
2017/09/14,A Lyga,0,FK Žalgiris,1596,1597.0,3 - 1,Kauno Žalgiris,1035,1034.0,3,1,Lithuania,domestic league (tier 1)
2017/10/12,A Lyga,0,FK Žalgiris,1576,1560.0,0 - 1,FK Riteriai (as FK Trakai),1455,1471.0,0,1,Lithuania,domestic league (tier 1)
2017/10/31,A Lyga,0,FK Žalgiris,1555,1560.0,1 - 0,FK Riteriai (as FK Trakai),1473,1468.0,1,0,Lithuania,domestic league (tier 1)
2017/11/04,A Lyga,0,FK Žalgiris,1560,1531.0,2 - 4,FK Lietava Jonava,1118,1147.0,2,4,Lithuania,domestic league (tier 1)
2017/11/15,A Lyga,0,FK Žalgiris,1531,1533.0,5 - 2,Utenis Utena,1124,1122.0,5,2,Lithuania,domestic league (tier 1)
2018/02/25,A Lyga,0,FK Žalgiris,1520,1521.0,2 - 0,Kauno Žalgiris,1016,1015.0,2,0,Lithuania,domestic league (tier 1)
2018/03/08,A Lyga,0,FK Žalgiris,1515,1516.0,4 - 0,FK Palanga,1027,1026.0,4,0,Lithuania,domestic league (tier 1)
2018/03/30,A Lyga,0,FK Žalgiris,1520,1501.0,1 - 2,FK Lietava Jonava,1129,1148.0,1,2,Lithuania,domestic league (tier 1)
2018/04/07,A Lyga,0,FK Žalgiris,1501,1506.0,3 - 2,FK Riteriai (as FK Trakai),1431,1426.0,3,2,Lithuania,domestic league (tier 1)
2018/04/22,A Lyga,0,FK Žalgiris,1509,1500.0,1 - 1,FC Stumbras,1170,1179.0,1,1,Lithuania,domestic league (tier 1)
2018/05/02,A Lyga,0,FK Žalgiris,1502,1491.0,2 - 3,FK Suduva,1567,1578.0,2,3,Lithuania,domestic league (tier 1)
2018/05/19,A Lyga,0,FK Žalgiris,1506,1510.0,3 - 1,FK Atlantas,1260,1256.0,3,1,Lithuania,domestic league (tier 1)
2018/06/16,A Lyga,0,FK Žalgiris,1516,1498.0,0 - 1,FC Stumbras,1182,1200.0,0,1,Lithuania,domestic league (tier 1)
2018/06/20,A Lyga,0,FK Žalgiris,1498,1499.0,2 - 0,FK Palanga,1055,1054.0,2,0,Lithuania,domestic league (tier 1)
2018/08/19,A Lyga,0,FK Žalgiris,1528,1530.0,4 - 0,Kauno Žalgiris,1114,1112.0,4,0,Lithuania,domestic league (tier 1)
2018/09/21,A Lyga,0,FK Žalgiris,1572,1579.0,1 - 0,FK Suduva,1564,1557.0,1,0,Lithuania,domestic league (tier 1)
2018/10/17,A Lyga,0,FK Žalgiris,1582,1583.0,2 - 1,FK Lietava Jonava,1086,1085.0,2,1,Lithuania,domestic league (tier 1)
2018/10/21,A Lyga,0,FK Žalgiris,1583,1577.0,2 - 2,FK Riteriai (as FK Trakai),1422,1428.0,2,2,Lithuania,domestic league (tier 1)
2018/10/24,A Lyga,0,FK Žalgiris,1577,1578.0,3 - 1,FK Atlantas,1137,1136.0,3,1,Lithuania,domestic league (tier 1)
2018/10/31,A Lyga,0,FK Žalgiris,1587,1590.0,2 - 0,FC Stumbras,1311,1308.0,2,0,Lithuania,domestic league (tier 1)
2018/11/03,A Lyga,0,FK Žalgiris,1590,1581.0,0 - 0,FK Atlantas,1110,1119.0,0,0,Lithuania,domestic league (tier 1)
2018/11/07,A Lyga,0,FK Žalgiris,1581,1583.0,5 - 2,Kauno Žalgiris,1163,1161.0,5,2,Lithuania,domestic league (tier 1)
2019/03/03,A Lyga,0,FK Žalgiris,1584,1585.0,5 - 1,FK Palanga,1060,1059.0,5,1,Lithuania,domestic league (tier 1)
2019/03/15,A Lyga,0,FK Žalgiris,1588,1582.0,1 - 1,FK Riteriai,1432,1438.0,1,1,Lithuania,domestic league (tier 1)
2019/04/07,A Lyga,0,FK Žalgiris,1586,1593.0,1 - 0,FK Suduva,1569,1562.0,1,0,Lithuania,domestic league (tier 1)
2019/04/19,A Lyga,0,FK Žalgiris,1578,1580.0,3 - 1,Kauno Žalgiris,1195,1193.0,3,1,Lithuania,domestic league (tier 1)
2019/05/05,A Lyga,0,FK Žalgiris,1583,1584.0,2 - 1,FK Panevežys,1055,1054.0,2,1,Lithuania,domestic league (tier 1)
2019/05/17,A Lyga,0,FK Žalgiris,1572,1573.0,3 - 0,FK Atlantas,1110,1109.0,3,0,Lithuania,domestic league (tier 1)
2019/05/31,A Lyga,0,FK Žalgiris,1569,1571.0,2 - 1,FC Stumbras,1273,1271.0,2,1,Lithuania,domestic league (tier 1)
2019/06/23,A Lyga,0,FK Žalgiris,1575,1575.0,3 - 2,FK Palanga,1030,1030.0,3,2,Lithuania,domestic league (tier 1)
2019/07/05,A Lyga,0,FK Žalgiris,1578,1582.0,2 - 1,FK Riteriai,1450,1446.0,2,1,Lithuania,domestic league (tier 1)
2019/08/11,A Lyga,0,FK Žalgiris,1577,1579.0,3 - 0,Kauno Žalgiris,1215,1213.0,3,0,Lithuania,domestic league (tier 1)
2019/09/13,A Lyga,0,FK Žalgiris,1583,1585.0,5 - 0,FK Panevežys,1166,1164.0,5,0,Lithuania,domestic league (tier 1)
2019/09/25,A Lyga,0,FK Žalgiris,1574,1575.0,4 - 0,FK Atlantas,1091,1090.0,4,0,Lithuania,domestic league (tier 1)
2019/10/20,A Lyga,0,FK Žalgiris,1579,1563.0,1 - 3,FK Suduva,1650,1666.0,1,3,Lithuania,domestic league (tier 1)
2019/10/30,A Lyga,0,FK Žalgiris,1558,1560.0,3 - 1,FK Panevežys,1149,1147.0,3,1,Lithuania,domestic league (tier 1)
2019/11/08,A Lyga,0,FK Žalgiris,1565,1540.0,1 - 3,FK Riteriai,1366,1391.0,1,3,Lithuania,domestic league (tier 1)
2019/11/22,A Lyga,0,FK Žalgiris,1540,1541.0,5 - 0,FK Atlantas,1068,1067.0,5,0,Lithuania,domestic league (tier 1)
2020/03/06,A Lyga,0,FK Žalgiris,1549,1551.0,4 - 0,FK Panevežys,1180,1178.0,4,0,Lithuania,domestic league (tier 1)
2020/05/30,A Lyga,0,FK Žalgiris,1551,1534.0,0 - 1,FK Riteriai,1370,1387.0,0,1,Lithuania,domestic league (tier 1)
2020/06/24,A Lyga,0,FK Žalgiris,1548,1530.0,2 - 3,Kauno Žalgiris,1284,1302.0,2,3,Lithuania,domestic league (tier 1)
2020/07/03,A Lyga,0,FK Žalgiris,1547,1538.0,0 - 0,FK Banga Gargždai,1099,1108.0,0,0,Lithuania,domestic league (tier 1)
2020/07/12,A Lyga,0,FK Žalgiris,1538,1558.0,4 - 0,FK Suduva,1655,1635.0,4,0,Lithuania,domestic league (tier 1)
2020/07/23,A Lyga,0,FK Žalgiris,1561,1563.0,1 - 0,FK Riteriai,1316,1314.0,1,0,Lithuania,domestic league (tier 1)
2020/08/02,A Lyga,0,FK Žalgiris,1566,1569.0,3 - 1,Kauno Žalgiris,1310,1307.0,3,1,Lithuania,domestic league (tier 1)
2020/08/07,A Lyga,0,FK Žalgiris,1569,1570.0,1 - 0,FK Banga Gargždai,1127,1126.0,1,0,Lithuania,domestic league (tier 1)
2020/09/27,A Lyga,0,FK Žalgiris,1558,1559.0,3 - 2,FK Panevežys,1166,1165.0,3,2,Lithuania,domestic league (tier 1)
2020/11/14,A Lyga,0,FK Žalgiris,1559,1573.0,3 - 0,FK Suduva,1587,1573.0,3,0,Lithuania,domestic league (tier 1)
2021/03/13,A Lyga,0,FK Žalgiris,1573,1563.0,2 - 2,DFK Dainava,913,923.0,2,2,Lithuania,domestic league (tier 1)
2021/03/16,A Lyga,0,FK Žalgiris,1563,1566.0,2 - 0,FK Riteriai,1282,1279.0,2,0,Lithuania,domestic league (tier 1)
2021/03/20,A Lyga,0,FK Žalgiris,1566,1567.0,2 - 0,FC Hegelmann,968,967.0,2,0,Lithuania,domestic league (tier 1)
2021/04/07,A Lyga,0,FK Žalgiris,1558,1559.0,2 - 0,FK Banga Gargždai,1099,1098.0,2,0,Lithuania,domestic league (tier 1)
2021/04/16,A Lyga,0,FK Žalgiris,1566,1553.0,1 - 2,FK Suduva,1560,1573.0,1,2,Lithuania,domestic league (tier 1)
2021/04/20,A Lyga,0,FK Žalgiris,1553,1543.0,2 - 2,FC Džiugas,988,998.0,2,2,Lithuania,domestic league (tier 1)
2021/05/14,A Lyga,0,FK Žalgiris,1531,1533.0,1 - 0,FK Panevežys,1246,1244.0,1,0,Lithuania,domestic league (tier 1)
2021/05/28,A Lyga,0,FK Žalgiris,1539,1533.0,2 - 2,Kauno Žalgiris,1387,1393.0,2,2,Lithuania,domestic league (tier 1)
2021/06/27,A Lyga,0,FK Žalgiris,1557,1557.0,2 - 0,FK Nevežis,901,901.0,2,0,Lithuania,domestic league (tier 1)
2021/08/09,A Lyga,0,FK Žalgiris,1568,1569.0,3 - 0,FK Banga Gargždai,1039,1038.0,3,0,Lithuania,domestic league (tier 1)
2021/09/25,A Lyga,0,FK Žalgiris,1543,1535.0,1 - 1,FK Riteriai,1229,1237.0,1,1,Lithuania,domestic league (tier 1)
2021/09/29,Lithuania Cup,0,FK Žalgiris,1535,1537.0,4 - 0,FC Hegelmann,1147,1145.0,4,0,Lithuania,domestic cup
2021/10/14,A Lyga,0,FK Žalgiris,1540,1540.0,6 - 0,FK Nevežis,856,856.0,6,0,Lithuania,domestic league (tier 1)
2021/10/18,A Lyga,0,FK Žalgiris,1540,1540.0,3 - 1,FK Nevežis,856,856.0,3,1,Lithuania,domestic league (tier 1)
2021/10/23,Lithuania Cup,0,FK Žalgiris,1540,1546.0,5 - 1,FK Panevežys,1249,1243.0,5,1,Lithuania,domestic cup
2021/10/27,A Lyga,0,FK Žalgiris,1546,1552.0,3 - 2,FK Suduva,1510,1504.0,3,2,Lithuania,domestic league (tier 1)
2021/10/30,A Lyga,0,FK Žalgiris,1552,1553.0,2 - 1,FC Hegelmann,1136,1135.0,2,1,Lithuania,domestic league (tier 1)
2021/11/19,A Lyga,0,FK Žalgiris,1556,1549.0,0 - 0,Kauno Žalgiris,1325,1332.0,0,0,Lithuania,domestic league (tier 1)
2021/11/24,A Lyga,0,FK Žalgiris,1549,1552.0,2 - 0,FK Panevežys,1256,1253.0,2,0,Lithuania,domestic league (tier 1)
2021/11/28,A Lyga,0,FK Žalgiris,1552,1553.0,3 - 2,FC Džiugas,1032,1031.0,3,2,Lithuania,domestic league (tier 1)
2022/02/26,Lithuania Supercup,0,FK Žalgiris,1553,1551.0,0 - 0,FK Suduva,1470,1472.0,0,0,Lithuania,domestic supercup
2022/03/04,A Lyga,0,FK Žalgiris,1551,1552.0,6 - 0,FK Jonava,901,900.0,6,0,Lithuania,domestic league (tier 1)
2022/03/13,A Lyga,0,FK Žalgiris,1552,1542.0,0 - 0,FA Šiauliai,910,920.0,0,0,Lithuania,domestic league (tier 1)
2022/03/20,A Lyga,0,FK Žalgiris,1545,1548.0,2 - 0,FK Riteriai,1258,1255.0,2,0,Lithuania,domestic league (tier 1)
2022/04/05,A Lyga,0,FK Žalgiris,1544,1536.0,0 - 0,FK Panevežys,1288,1296.0,0,0,Lithuania,domestic league (tier 1)
2022/04/17,A Lyga,0,FK Žalgiris,1539,1533.0,0 - 0,FK Suduva,1400,1406.0,0,0,Lithuania,domestic league (tier 1)
2022/05/04,A Lyga,0,FK Žalgiris,1529,1530.0,2 - 1,FK Banga Gargždai,1070,1069.0,2,1,Lithuania,domestic league (tier 1)
2022/05/08,Lithuania Cup,0,FK Žalgiris,1530,1531.0,3 - 1,FC Džiugas,1017,1016.0,3,1,Lithuania,domestic cup
2022/05/22,A Lyga,0,FK Žalgiris,1536,1518.0,1 - 2,Kauno Žalgiris,1244,1262.0,1,2,Lithuania,domestic league (tier 1)
2022/06/22,A Lyga,0,FK Žalgiris,1529,1530.0,2 - 1,FC Džiugas,1017,1016.0,2,1,Lithuania,domestic league (tier 1)
2022/07/01,A Lyga,0,FK Žalgiris,1550,1552.0,2 - 1,FC Hegelmann,1243,1241.0,2,1,Lithuania,domestic league (tier 1)
2022/08/06,A Lyga,0,FK Žalgiris,1602,1602.0,2 - 1,FK Banga Gargždai,1059,1059.0,2,1,Lithuania,domestic league (tier 1)
2022/08/21,A Lyga,0,FK Žalgiris,1611,1611.0,3 - 1,FK Jonava,808,808.0,3,1,Lithuania,domestic league (tier 1)
2022/08/31,Lithuania Cup,0,FK Žalgiris,1621,1622.0,2 - 1,FK Riteriai,1232,1231.0,2,1,Lithuania,domestic cup
2022/09/18,A Lyga,0,FK Žalgiris,1620,1622.0,3 - 1,FK Riteriai,1243,1241.0,3,1,Lithuania,domestic league (tier 1)
2022/09/27,A Lyga,0,FK Žalgiris,1622,1625.0,1 - 0,FK Suduva,1390,1387.0,1,0,Lithuania,domestic league (tier 1)
2022/10/01,Lithuania Cup,0,FK Žalgiris,1625,1627.0,2 - 1,Kauno Žalgiris,1308,1306.0,2,1,Lithuania,domestic cup
2022/10/16,Lithuania Cup,0,FK Žalgiris,1613,1615.0,2 - 1,FC Hegelmann,1254,1252.0,2,1,Lithuania,domestic cup
2022/10/23,A Lyga,0,FK Žalgiris,1619,1620.0,2 - 1,FC Hegelmann,1252,1251.0,2,1,Lithuania,domestic league (tier 1)
2022/10/30,A Lyga,0,FK Žalgiris,1627,1628.0,6 - 0,FC Džiugas,1021,1020.0,6,0,Lithuania,domestic league (tier 1)
2022/11/09,A Lyga,0,FK Žalgiris,1625,1606.0,0 - 1,FK Panevežys,1271,1290.0,0,1,Lithuania,domestic league (tier 1)
2022/11/20,A Lyga,0,FK Žalgiris,1576,1577.0,5 - 0,FA Šiauliai,1090,1089.0,5,0,Lithuania,domestic league (tier 1)
2022/11/23,A Lyga,0,FK Žalgiris,1577,1559.0,2 - 3,Kauno Žalgiris,1320,1338.0,2,3,Lithuania,domestic league (tier 1)
2023/02/26,Lithuania Supercup,0,FK Žalgiris,1559,1553.0,1 - 1,Kauno Žalgiris,1338,1344.0,1,1,Lithuania,domestic supercup
2023/03/05,A Lyga,0,FK Žalgiris,1553,1534.0,2 - 3,FC Džiugas,1019,1038.0,2,3,Lithuania,domestic league (tier 1)
2023/03/11,A Lyga,0,FK Žalgiris,1534,1535.0,1 - 0,FK Banga Gargždai,1041,1040.0,1,0,Lithuania,domestic league (tier 1)
2023/03/19,A Lyga,0,FK Žalgiris,1533,1535.0,1 - 0,FK Riteriai,1212,1210.0,1,0,Lithuania,domestic league (tier 1)
2023/04/01,A Lyga,0,FK Žalgiris,1535,1539.0,4 - 0,FK Suduva,1261,1257.0,4,0,Lithuania,domestic league (tier 1)
2023/04/16,A Lyga,0,FK Žalgiris,1520,1522.0,1 - 0,FC Hegelmann,1220,1218.0,1,0,Lithuania,domestic league (tier 1)
2023/05/14,A Lyga,0,FK Žalgiris,1537,1540.0,2 - 1,Kauno Žalgiris,1331,1328.0,2,1,Lithuania,domestic league (tier 1)
2023/05/28,A Lyga,0,FK Žalgiris,1524,1528.0,2 - 1,FK Panevežys,1374,1370.0,2,1,Lithuania,domestic league (tier 1)
2023/06/04,A Lyga,0,FK Žalgiris,1528,1520.0,2 - 2,FA Šiauliai,1235,1243.0,2,2,Lithuania,domestic league (tier 1)
2023/06/11,A Lyga,0,FK Žalgiris,1525,1516.0,0 - 0,DFK Dainava,1077,1086.0,0,0,Lithuania,domestic league (tier 1)
2023/07/06,A Lyga,0,FK Žalgiris,1514,1516.0,3 - 0,FK Riteriai,1168,1166.0,3,0,Lithuania,domestic league (tier 1)
2023/07/21,A Lyga,0,FK Žalgiris,1530,1533.0,4 - 0,FK Suduva,1181,1178.0,4,0,Lithuania,domestic league (tier 1)
2023/07/30,A Lyga,0,FK Žalgiris,1542,1526.0,1 - 2,FK Panevežys,1408,1424.0,1,2,Lithuania,domestic league (tier 1)
2023/08/13,A Lyga,0,FK Žalgiris,1514,1518.0,4 - 0,FC Hegelmann,1260,1256.0,4,0,Lithuania,domestic league (tier 1)
2023/08/27,A Lyga,0,FK Žalgiris,1511,1513.0,4 - 1,FC Džiugas,1073,1071.0,4,1,Lithuania,domestic league (tier 1)
2023/09/03,A Lyga,0,FK Žalgiris,1510,1511.0,1 - 0,Banga Gargždai,1067,1066.0,1,0,Lithuania,domestic league (tier 1)
2023/09/24,A Lyga,0,FK Žalgiris,1516,1490.0,0 - 2,Kauno Žalgiris,1306,1332.0,0,2,Lithuania,domestic league (tier 1)
2023/10/22,A Lyga,0,FK Žalgiris,1483,1475.0,2 - 2,FA Šiauliai,1229,1237.0,2,2,Lithuania,domestic league (tier 1)
2023/11/12,A Lyga,0,FK Žalgiris,1456,1457.0,1 - 0,DFK Dainava,1053,1052.0,1,0,Lithuania,domestic league (tier 1)
2024/03/10,A Lyga,0,FK Žalgiris,1460,1452.0,3 - 3,FK Suduva,1142,1150.0,3,3,Lithuania,domestic league (tier 1)
2024/03/17,A Lyga,0,FK Žalgiris,1458,1433.0,1 - 3,FC Hegelmann,1278,1303.0,1,3,Lithuania,domestic league (tier 1)
2024/04/07,A Lyga,0,FK Žalgiris,1443,1448.0,3 - 0,FA Šiauliai,1221,1216.0,3,0,Lithuania,domestic league (tier 1)
2024/04/10,A Lyga,0,FK Žalgiris,1448,1448.0,2 - 0,FK TransINVEST,799,799.0,2,0,Lithuania,domestic league (tier 1)
2024/04/21,A Lyga,0,FK Žalgiris,1459,1461.0,3 - 1,FC Džiugas,1119,1117.0,3,1,Lithuania,domestic league (tier 1)
2024/04/24,A Lyga,0,FK Žalgiris,1461,1463.0,4 - 0,DFK Dainava,1087,1085.0,4,0,Lithuania,domestic league (tier 1)
2024/05/01,A Lyga,0,FK Žalgiris,1458,1449.0,2 - 2,Banga Gargždai,1108,1117.0,2,2,Lithuania,domestic league (tier 1)
2024/05/06,Lithuania Cup,0,FK Žalgiris,1449,1454.0,2 - 1,FK Panevežys,1368,1363.0,2,1,Lithuania,domestic cup
2024/05/19,A Lyga,0,FK Žalgiris,1452,1456.0,1 - 0,Kauno Žalgiris,1295,1291.0,1,0,Lithuania,domestic league (tier 1)
2024/06/16,A Lyga,0,FK Žalgiris,1445,1449.0,2 - 1,FK Panevežys,1325,1321.0,2,1,Lithuania,domestic league (tier 1)
2024/06/23,A Lyga,0,FK Žalgiris,1458,1461.0,4 - 0,FK Suduva,1142,1139.0,4,0,Lithuania,domestic league (tier 1)
2024/08/14,A Lyga,0,FK Žalgiris,1462,1463.0,2 - 0,FK TransINVEST,905,904.0,2,0,Lithuania,domestic league (tier 1)
2024/08/18,A Lyga,0,FK Žalgiris,1463,1464.0,2 - 1,FC Džiugas,1098,1097.0,2,1,Lithuania,domestic league (tier 1)
2024/09/01,A Lyga,0,FK Žalgiris,1458,1460.0,2 - 1,Banga Gargždai,1155,1153.0,2,1,Lithuania,domestic league (tier 1)
2024/09/14,A Lyga,0,FK Žalgiris,1460,1455.0,1 - 1,FC Hegelmann,1357,1362.0,1,1,Lithuania,domestic league (tier 1)
2024/09/22,A Lyga,0,FK Žalgiris,1455,1464.0,5 - 0,Kauno Žalgiris,1336,1327.0,5,0,Lithuania,domestic league (tier 1)
2024/09/27,A Lyga,0,FK Žalgiris,1464,1466.0,3 - 1,DFK Dainava,1095,1093.0,3,1,Lithuania,domestic league (tier 1)
2024/11/03,A Lyga,0,FK Žalgiris,1483,1457.0,2 - 4,FK Panevežys,1269,1295.0,2,4,Lithuania,domestic league (tier 1)
2024/11/06,A Lyga,0,FK Žalgiris,1457,1460.0,3 - 1,FA Šiauliai,1165,1162.0,3,1,Lithuania,domestic league (tier 1)
2025/03/02,A Lyga,0,FK Žalgiris,1436,1437.0,2 - 1,FC Džiugas,1099,1098.0,2,1,Lithuania,domestic league (tier 1)
2025/03/15,A Lyga,0,FK Žalgiris,1431,1423.0,1 - 1,Banga Gargždai,1160,1168.0,1,1,Lithuania,domestic league (tier 1)
2025/04/06,A Lyga,0,FK Žalgiris,1428,1422.0,0 - 0,Kauno Žalgiris,1263,1269.0,0,0,Lithuania,domestic league (tier 1)
2025/04/16,A Lyga,0,FK Žalgiris,1401,1406.0,3 - 0,FK Suduva,1174,1169.0,3,0,Lithuania,domestic league (tier 1)
2025/04/25,A Lyga,0,FK Žalgiris,1396,1379.0,2 - 3,FK Panevežys,1224,1241.0,2,3,Lithuania,domestic league (tier 1)
2025/05/09,A Lyga,0,FK Žalgiris,1370,1373.0,2 - 0,FK Riteriai,1105,1102.0,2,0,Lithuania,domestic league (tier 1)
2025/05/20,Lithuania Cup,0,FK Žalgiris,1357,1336.0,2 - 4,Kauno Žalgiris,1310,1331.0,2,4,Lithuania,domestic cup
2025/05/25,A Lyga,0,FK Žalgiris,1336,1328.0,1 - 1,DFK Dainava,1042,1050.0,1,1,Lithuania,domestic league (tier 1)
2025/06/13,A Lyga,0,FK Žalgiris,1326,1321.0,0 - 0,FA Šiauliai,1226,1231.0,0,0,Lithuania,domestic league (tier 1)
2025/06/24,A Lyga,0,FK Žalgiris,1321,1308.0,0 - 1,FC Hegelmann,1318,1331.0,0,1,Lithuania,domestic league (tier 1)
2025/07/04,A Lyga,0,FK Žalgiris,1325,1328.0,1 - 0,Banga Gargždai,1135,1132.0,1,0,Lithuania,domestic league (tier 1)
2025/07/19,A Lyga,0,FK Žalgiris,1333,1338.0,2 - 0,FC Džiugas,1150,1145.0,2,0,Lithuania,domestic league (tier 1)
2025/08/04,A Lyga,0,FK Žalgiris,1334,1323.0,1 - 2,Kauno Žalgiris,1402,1413.0,1,2,Lithuania,domestic league (tier 1)
2025/08/07,A Lyga,0,FK Žalgiris,1323,1328.0,1 - 0,FK Suduva,1237,1232.0,1,0,Lithuania,domestic league (tier 1)
2025/08/17,A Lyga,0,FK Žalgiris,1327,1329.0,2 - 1,FK Riteriai,1020,1018.0,2,1,Lithuania,domestic league (tier 1)
2025/08/20,A Lyga,0,FK Žalgiris,1329,1321.0,1 - 1,DFK Dainava,1059,1067.0,1,1,Lithuania,domestic league (tier 1)
2025/08/31,A Lyga,0,FK Žalgiris,1324,1329.0,2 - 1,FK Panevežys,1254,1249.0,2,1,Lithuania,domestic league (tier 1)
2025/10/26,A Lyga,0,FK Žalgiris,1376,1380.0,1 - 0,FA Šiauliai,1210,1206.0,1,0,Lithuania,domestic league (tier 1)
2025/11/02,A Lyga,0,FK Žalgiris,1380,1388.0,3 - 1,FC Hegelmann,1307,1299.0,3,1,Lithuania,domestic league (tier 1)
2026/02/21,A Lyga,0,FK Žalgiris,1372,1355.0,2 - 3,FC Džiugas,1136,1153.0,2,3,Lithuania,domestic league (tier 1)
2026/02/27,A Lyga,0,FK Žalgiris,1355,1364.0,4 - 1,FK Panevežys,1274,1265.0,4,1,Lithuania,domestic league (tier 1)
2026/03/10,A Lyga,0,FK Žalgiris,1377,1381.0,1 - 0,FK Suduva,1245,1241.0,1,0,Lithuania,domestic league (tier 1)
2026/03/16,A Lyga,0,FK Žalgiris,1381,1362.0,1 - 2,FK TransINVEST,1033,1052.0,1,2,Lithuania,domestic league (tier 1)
2026/04/05,A Lyga,0,FK Žalgiris,1362,1341.0,0 - 3,Kauno Žalgiris,1401,1422.0,0,3,Lithuania,domestic league (tier 1)
2026/04/17,A Lyga,0,FK Žalgiris,1335,1329.0,1 - 1,Banga Gargždai,1176,1182.0,1,1,Lithuania,domestic league (tier 1)
2026/05/06,A Lyga,0,FK Žalgiris,1335,1340.0,3 - 1,FA Šiauliai,1172,1167.0,3,1,Lithuania,domestic league (tier 1)
2026/05/24,A Lyga,0,FK Žalgiris,1327,1304.0,1 - 3,FC Hegelmann,1222,1245.0,1,3,Lithuania,domestic league (tier 1)
2026/06/16,A Lyga,0,FK Žalgiris,1319,1327.0,3 - 0,FK Panevežys,1219,1211.0,3,0,Lithuania,domestic league (tier 1)
2026/07/19,A Lyga,0,FK Žalgiris,1342,1347.0,3 - 1,FK TransINVEST,1165,1160.0,3,1,Lithuania,domestic league (tier 1)
2026/08/16,A Lyga,0,FK Žalgiris,1357,1342.0,2 - 3,Banga Gargždai,1252,1267.0,2,3,Lithuania,domestic league (tier 1)
2026/08/23,A Lyga,0,FK Žalgiris,1342,1348.0,2 - 0,FC Džiugas,1200,1194.0,2,0,Lithuania,domestic league (tier 1)
2026/09/06,A Lyga,0,FK Žalgiris,1331,,Info,FA Šiauliai,1091,,,,Lithuania,domestic league (tier 1)
2016/07/20,A Lyga,0,Kauno Žalgiris,1030,1041.0,2 - 1,FC Stumbras,1156,1145.0,2,1,Lithuania,domestic league (tier 1)
2016/08/04,A Lyga,0,Kauno Žalgiris,1050,1046.0,0 - 1,FK Suduva,1394,1398.0,0,1,Lithuania,domestic league (tier 1)
2016/08/18,A Lyga,0,Kauno Žalgiris,1045,1042.0,1 - 1,Utenis Utena,1050,1053.0,1,1,Lithuania,domestic league (tier 1)
2016/09/08,A Lyga,0,Kauno Žalgiris,1040,1027.0,0 - 1,FK Lietava Jonava,1030,1043.0,0,1,Lithuania,domestic league (tier 1)
2016/09/21,A Lyga,0,Kauno Žalgiris,1032,1038.0,1 - 1,FK Atlantas,1374,1368.0,1,1,Lithuania,domestic league (tier 1)
2016/10/16,A Lyga,0,Kauno Žalgiris,1036,1034.0,0 - 2,FK Žalgiris,1632,1634.0,0,2,Lithuania,domestic league (tier 1)
2017/03/11,A Lyga,0,Kauno Žalgiris,1034,1030.0,0 - 1,FK Atlantas,1352,1356.0,0,1,Lithuania,domestic league (tier 1)
2017/04/05,A Lyga,0,Kauno Žalgiris,1019,1020.0,0 - 0,FC Stumbras,1142,1141.0,0,0,Lithuania,domestic league (tier 1)
2017/04/20,A Lyga,0,Kauno Žalgiris,1012,1019.0,1 - 1,FK Riteriai (as FK Trakai),1425,1418.0,1,1,Lithuania,domestic league (tier 1)
2017/04/30,A Lyga,0,Kauno Žalgiris,1017,1005.0,0 - 1,Utenis Utena,1059,1071.0,0,1,Lithuania,domestic league (tier 1)
2017/05/04,A Lyga,0,Kauno Žalgiris,1005,988.0,1 - 3,FK Lietava Jonava,1063,1080.0,1,3,Lithuania,domestic league (tier 1)
2017/05/16,A Lyga,0,Kauno Žalgiris,981,977.0,0 - 2,FK Suduva,1405,1409.0,0,2,Lithuania,domestic league (tier 1)
2017/06/01,A Lyga,0,Kauno Žalgiris,976,1005.0,2 - 0,FK Žalgiris,1609,1580.0,2,0,Lithuania,domestic league (tier 1)
2017/07/22,A Lyga,0,Kauno Žalgiris,1027,1036.0,1 - 0,FK Lietava Jonava,1098,1089.0,1,0,Lithuania,domestic league (tier 1)
2017/07/25,A Lyga,0,Kauno Žalgiris,1036,1045.0,1 - 1,FK Žalgiris,1605,1596.0,1,1,Lithuania,domestic league (tier 1)
2017/08/09,A Lyga,0,Kauno Žalgiris,1053,1051.0,1 - 2,FK Riteriai (as FK Trakai),1492,1494.0,1,2,Lithuania,domestic league (tier 1)
2017/08/17,A Lyga,0,Kauno Žalgiris,1051,1036.0,0 - 2,FC Stumbras,1140,1155.0,0,2,Lithuania,domestic league (tier 1)
2017/08/23,A Lyga,0,Kauno Žalgiris,1036,1035.0,1 - 1,Utenis Utena,1109,1110.0,1,1,Lithuania,domestic league (tier 1)
2017/09/19,A Lyga,0,Kauno Žalgiris,1034,1028.0,0 - 1,FK Atlantas,1286,1292.0,0,1,Lithuania,domestic league (tier 1)
2017/10/14,A Lyga,0,Kauno Žalgiris,1021,1017.0,1 - 5,FK Suduva,1509,1513.0,1,5,Lithuania,domestic league (tier 1)
2018/03/03,A Lyga,0,Kauno Žalgiris,1015,1011.0,1 - 4,FK Riteriai (as FK Trakai),1459,1463.0,1,4,Lithuania,domestic league (tier 1)
2018/03/31,A Lyga,0,Kauno Žalgiris,1045,1036.0,0 - 1,FC Stumbras,1168,1177.0,0,1,Lithuania,domestic league (tier 1)
2018/04/18,A Lyga,0,Kauno Žalgiris,1028,1036.0,0 - 0,FK Žalgiris,1517,1509.0,0,0,Lithuania,domestic league (tier 1)
2018/04/29,A Lyga,0,Kauno Žalgiris,1034,1027.0,2 - 3,FK Atlantas,1255,1262.0,2,3,Lithuania,domestic league (tier 1)
2018/05/03,A Lyga,0,Kauno Žalgiris,1027,1038.0,1 - 0,FK Lietava Jonava,1156,1145.0,1,0,Lithuania,domestic league (tier 1)
2018/05/13,A Lyga,0,Kauno Žalgiris,1062,1059.0,0 - 0,FK Palanga,1055,1058.0,0,0,Lithuania,domestic league (tier 1)
2018/05/23,A Lyga,0,Kauno Žalgiris,1059,1057.0,0 - 1,FK Žalgiris,1510,1512.0,0,1,Lithuania,domestic league (tier 1)
2018/06/14,A Lyga,0,Kauno Žalgiris,1057,1063.0,1 - 1,FK Riteriai (as FK Trakai),1410,1404.0,1,1,Lithuania,domestic league (tier 1)
2018/07/01,A Lyga,0,Kauno Žalgiris,1084,1081.0,0 - 3,FK Suduva,1587,1590.0,0,3,Lithuania,domestic league (tier 1)
2018/07/04,A Lyga,0,Kauno Žalgiris,1081,1099.0,1 - 0,FK Suduva,1590,1572.0,1,0,Lithuania,domestic league (tier 1)
2018/08/11,A Lyga,0,Kauno Žalgiris,1111,1098.0,0 - 2,FC Stumbras,1269,1282.0,0,2,Lithuania,domestic league (tier 1)
2018/08/28,A Lyga,0,Kauno Žalgiris,1110,1127.0,4 - 0,FK Atlantas,1183,1166.0,4,0,Lithuania,domestic league (tier 1)
2018/09/19,A Lyga,0,Kauno Žalgiris,1130,1126.0,1 - 1,FK Lietava Jonava,1091,1095.0,1,1,Lithuania,domestic league (tier 1)
2018/10/05,A Lyga,0,Kauno Žalgiris,1133,1141.0,2 - 0,FK Palanga,1053,1045.0,2,0,Lithuania,domestic league (tier 1)
2018/10/28,A Lyga,0,Kauno Žalgiris,1140,1147.0,1 - 1,FK Suduva,1574,1567.0,1,1,Lithuania,domestic league (tier 1)
2018/11/11,A Lyga,0,Kauno Žalgiris,1161,1152.0,1 - 2,FC Stumbras,1281,1290.0,1,2,Lithuania,domestic league (tier 1)
2019/03/09,A Lyga,0,Kauno Žalgiris,1139,1149.0,6 - 1,FK Palanga,1059,1049.0,6,1,Lithuania,domestic league (tier 1)
2019/03/30,A Lyga,0,Kauno Žalgiris,1148,1156.0,2 - 0,FK Panevežys,1070,1062.0,2,0,Lithuania,domestic league (tier 1)
2019/04/13,A Lyga,0,Kauno Žalgiris,1173,1195.0,3 - 1,FK Riteriai,1443,1421.0,3,1,Lithuania,domestic league (tier 1)
2019/04/27,A Lyga,0,Kauno Žalgiris,1193,1198.0,2 - 1,FK Atlantas,1114,1109.0,2,1,Lithuania,domestic league (tier 1)
2019/05/11,A Lyga,0,Kauno Žalgiris,1214,1208.0,0 - 3,FK Suduva,1575,1581.0,0,3,Lithuania,domestic league (tier 1)
2019/05/22,A Lyga,0,Kauno Žalgiris,1207,1216.0,4 - 3,FC Stumbras,1282,1273.0,4,3,Lithuania,domestic league (tier 1)
2019/06/14,A Lyga,0,Kauno Žalgiris,1216,1212.0,3 - 4,FK Žalgiris,1571,1575.0,3,4,Lithuania,domestic league (tier 1)
2019/06/29,A Lyga,0,Kauno Žalgiris,1220,1226.0,4 - 0,FK Palanga,1030,1024.0,4,0,Lithuania,domestic league (tier 1)
2019/08/03,A Lyga,0,Kauno Žalgiris,1220,1215.0,2 - 2,FK Panevežys,1115,1120.0,2,2,Lithuania,domestic league (tier 1)
2019/08/17,A Lyga,0,Kauno Žalgiris,1213,1226.0,1 - 0,FK Riteriai,1429,1416.0,1,0,Lithuania,domestic league (tier 1)
2019/08/31,A Lyga,0,Kauno Žalgiris,1224,1228.0,1 - 0,FK Atlantas,1096,1092.0,1,0,Lithuania,domestic league (tier 1)
2019/09/21,A Lyga,0,Kauno Žalgiris,1234,1229.0,0 - 2,FK Suduva,1632,1637.0,0,2,Lithuania,domestic league (tier 1)
2019/10/05,A Lyga,0,Kauno Žalgiris,1230,1226.0,1 - 2,FK Žalgiris,1575,1579.0,1,2,Lithuania,domestic league (tier 1)
2019/11/04,A Lyga,0,Kauno Žalgiris,1248,1243.0,1 - 2,FK Žalgiris,1560,1565.0,1,2,Lithuania,domestic league (tier 1)
2019/11/23,A Lyga,0,Kauno Žalgiris,1241,1246.0,1 - 0,FK Panevežys,1164,1159.0,1,0,Lithuania,domestic league (tier 1)
2020/06/06,A Lyga,0,Kauno Žalgiris,1285,1279.0,0 - 1,FK Žalgiris,1534,1540.0,0,1,Lithuania,domestic league (tier 1)
2020/06/13,A Lyga,0,Kauno Žalgiris,1279,1286.0,2 - 0,FK Panevežys,1160,1153.0,2,0,Lithuania,domestic league (tier 1)
2020/06/28,A Lyga,0,Kauno Žalgiris,1302,1298.0,0 - 1,FK Suduva,1649,1653.0,0,1,Lithuania,domestic league (tier 1)
2020/07/11,A Lyga,0,Kauno Žalgiris,1312,1316.0,2 - 0,FK Banga Gargždai,1108,1104.0,2,0,Lithuania,domestic league (tier 1)
2020/07/18,A Lyga,0,Kauno Žalgiris,1316,1323.0,2 - 1,FK Riteriai,1323,1316.0,2,1,Lithuania,domestic league (tier 1)
2020/07/23,A Lyga,0,Kauno Žalgiris,1323,1327.0,3 - 2,FK Panevežys,1179,1175.0,3,2,Lithuania,domestic league (tier 1)
2020/07/28,A Lyga,0,Kauno Žalgiris,1327,1310.0,2 - 3,FK Banga Gargždai,1108,1125.0,2,3,Lithuania,domestic league (tier 1)
2020/08/07,A Lyga,0,Kauno Žalgiris,1307,1335.0,3 - 0,FK Suduva,1634,1606.0,3,0,Lithuania,domestic league (tier 1)
2020/10/03,A Lyga,0,Kauno Žalgiris,1357,1350.0,0 - 1,FK Žalgiris,1559,1566.0,0,1,Lithuania,domestic league (tier 1)
2020/10/31,A Lyga,0,Kauno Žalgiris,1358,1363.0,1 - 0,FK Riteriai,1287,1282.0,1,0,Lithuania,domestic league (tier 1)
2021/03/05,A Lyga,0,Kauno Žalgiris,1363,1365.0,1 - 0,FK Banga Gargždai,1110,1108.0,1,0,Lithuania,domestic league (tier 1)
2021/03/14,A Lyga,0,Kauno Žalgiris,1365,1367.0,5 - 0,FK Nevežis,969,967.0,5,0,Lithuania,domestic league (tier 1)
2021/03/20,A Lyga,0,Kauno Žalgiris,1367,1372.0,2 - 1,FK Riteriai,1279,1274.0,2,1,Lithuania,domestic league (tier 1)
2021/04/11,A Lyga,0,Kauno Žalgiris,1362,1355.0,0 - 1,FK Žalgiris,1559,1566.0,0,1,Lithuania,domestic league (tier 1)
2021/04/21,A Lyga,0,Kauno Žalgiris,1358,1359.0,3 - 2,FC Hegelmann,998,997.0,3,2,Lithuania,domestic league (tier 1)
2021/05/15,A Lyga,0,Kauno Žalgiris,1373,1374.0,1 - 0,FC Džiugas,978,977.0,1,0,Lithuania,domestic league (tier 1)
2021/05/20,A Lyga,0,Kauno Žalgiris,1374,1387.0,1 - 0,FK Suduva,1573,1560.0,1,0,Lithuania,domestic league (tier 1)
2021/06/12,A Lyga,0,Kauno Žalgiris,1393,1394.0,1 - 0,DFK Dainava,979,978.0,1,0,Lithuania,domestic league (tier 1)
2021/06/26,A Lyga,0,Kauno Žalgiris,1387,1371.0,1 - 2,FK Panevežys,1253,1269.0,1,2,Lithuania,domestic league (tier 1)
2021/08/02,A Lyga,0,Kauno Žalgiris,1350,1352.0,3 - 3,FK Suduva,1524,1522.0,3,3,Lithuania,domestic league (tier 1)
2021/08/06,A Lyga,0,Kauno Žalgiris,1352,1346.0,1 - 1,FK Riteriai,1213,1219.0,1,1,Lithuania,domestic league (tier 1)
2021/08/15,A Lyga,0,Kauno Žalgiris,1341,1344.0,2 - 1,FC Hegelmann,1113,1110.0,2,1,Lithuania,domestic league (tier 1)
2021/09/12,A Lyga,0,Kauno Žalgiris,1331,1321.0,0 - 2,FK Žalgiris,1555,1565.0,0,2,Lithuania,domestic league (tier 1)
2021/09/25,A Lyga,0,Kauno Žalgiris,1326,1327.0,2 - 0,FK Nevežis,855,854.0,2,0,Lithuania,domestic league (tier 1)
2021/10/20,A Lyga,0,Kauno Žalgiris,1335,1317.0,0 - 1,FC Džiugas,1026,1044.0,0,1,Lithuania,domestic league (tier 1)
2021/10/27,A Lyga,0,Kauno Žalgiris,1317,1312.0,1 - 1,FK Panevežys,1243,1248.0,1,1,Lithuania,domestic league (tier 1)
2021/10/31,A Lyga,0,Kauno Žalgiris,1312,1315.0,2 - 0,DFK Dainava,1018,1015.0,2,0,Lithuania,domestic league (tier 1)
2021/11/28,A Lyga,0,Kauno Žalgiris,1332,1314.0,0 - 1,FK Banga Gargždai,1051,1069.0,0,1,Lithuania,domestic league (tier 1)
2022/03/15,A Lyga,0,Kauno Žalgiris,1293,1295.0,2 - 1,FC Džiugas,1024,1022.0,2,1,Lithuania,domestic league (tier 1)
2022/04/02,A Lyga,0,Kauno Žalgiris,1301,1305.0,2 - 2,FK Žalgiris,1548,1544.0,2,2,Lithuania,domestic league (tier 1)
2022/04/10,A Lyga,0,Kauno Žalgiris,1309,1300.0,0 - 0,FA Šiauliai,950,959.0,0,0,Lithuania,domestic league (tier 1)
2022/04/22,A Lyga,0,Kauno Žalgiris,1279,1265.0,0 - 1,FK Riteriai,1245,1259.0,0,1,Lithuania,domestic league (tier 1)
2022/04/26,A Lyga,0,Kauno Žalgiris,1265,1243.0,1 - 3,FC Hegelmann,1198,1220.0,1,3,Lithuania,domestic league (tier 1)
2022/04/30,A Lyga,0,Kauno Žalgiris,1243,1252.0,2 - 1,FK Panevežys,1319,1310.0,2,1,Lithuania,domestic league (tier 1)
2022/05/14,A Lyga,0,Kauno Žalgiris,1258,1244.0,0 - 3,FK Suduva,1422,1436.0,0,3,Lithuania,domestic league (tier 1)
2022/06/19,A Lyga,0,Kauno Žalgiris,1262,1264.0,4 - 0,FK Jonava,835,833.0,4,0,Lithuania,domestic league (tier 1)
2022/06/26,A Lyga,0,Kauno Žalgiris,1269,1262.0,1 - 1,FK Banga Gargždai,1057,1064.0,1,1,Lithuania,domestic league (tier 1)
2022/08/02,A Lyga,0,Kauno Žalgiris,1263,1264.0,2 - 2,FK Suduva,1411,1410.0,2,2,Lithuania,domestic league (tier 1)
2022/08/07,A Lyga,0,Kauno Žalgiris,1264,1274.0,2 - 0,FK Riteriai,1243,1233.0,2,0,Lithuania,domestic league (tier 1)
2022/09/07,A Lyga,0,Kauno Žalgiris,1311,1314.0,5 - 1,FC Džiugas,994,991.0,5,1,Lithuania,domestic league (tier 1)
2022/09/11,A Lyga,0,Kauno Žalgiris,1314,1307.0,0 - 2,FK Žalgiris,1620,1627.0,0,2,Lithuania,domestic league (tier 1)
2022/09/16,A Lyga,0,Kauno Žalgiris,1307,1308.0,2 - 1,FK Jonava,801,800.0,2,1,Lithuania,domestic league (tier 1)
2022/10/09,A Lyga,0,Kauno Žalgiris,1306,1302.0,1 - 1,FC Hegelmann,1250,1254.0,1,1,Lithuania,domestic league (tier 1)
2022/10/23,A Lyga,0,Kauno Žalgiris,1324,1326.0,1 - 0,FA Šiauliai,1035,1033.0,1,0,Lithuania,domestic league (tier 1)
2022/10/29,A Lyga,0,Kauno Žalgiris,1326,1330.0,3 - 0,FK Banga Gargždai,1069,1065.0,3,0,Lithuania,domestic league (tier 1)
2022/11/05,A Lyga,0,Kauno Žalgiris,1330,1326.0,0 - 0,FK Panevežys,1267,1271.0,0,0,Lithuania,domestic league (tier 1)
2023/03/10,A Lyga,0,Kauno Žalgiris,1362,1354.0,0 - 0,FA Šiauliai,1117,1125.0,0,0,Lithuania,domestic league (tier 1)
2023/03/14,A Lyga,0,Kauno Žalgiris,1354,1356.0,1 - 1,FK Žalgiris,1535,1533.0,1,1,Lithuania,domestic league (tier 1)
2023/04/05,A Lyga,0,Kauno Žalgiris,1343,1345.0,3 - 1,FC Džiugas,1014,1012.0,3,1,Lithuania,domestic league (tier 1)
2023/04/15,A Lyga,0,Kauno Žalgiris,1352,1358.0,3 - 1,FK Riteriai,1214,1208.0,3,1,Lithuania,domestic league (tier 1)
2023/04/23,A Lyga,0,Kauno Žalgiris,1347,1355.0,3 - 0,FK Suduva,1236,1228.0,3,0,Lithuania,domestic league (tier 1)
2023/05/04,A Lyga,0,Kauno Žalgiris,1343,1331.0,0 - 1,FK Panevežys,1370,1382.0,0,1,Lithuania,domestic league (tier 1)
2023/05/20,A Lyga,0,Kauno Žalgiris,1328,1330.0,1 - 0,DFK Dainava,1079,1077.0,1,0,Lithuania,domestic league (tier 1)
2023/05/28,A Lyga,0,Kauno Žalgiris,1330,1322.0,0 - 0,FK Banga Gargždai,1052,1060.0,0,0,Lithuania,domestic league (tier 1)
2023/07/02,A Lyga,0,Kauno Žalgiris,1317,1322.0,3 - 2,FA Šiauliai,1224,1219.0,3,2,Lithuania,domestic league (tier 1)
2023/08/06,A Lyga,0,Kauno Žalgiris,1304,1296.0,0 - 0,FC Džiugas,1055,1063.0,0,0,Lithuania,domestic league (tier 1)
2023/08/13,A Lyga,0,Kauno Žalgiris,1296,1299.0,3 - 2,FK Riteriai,1123,1120.0,3,2,Lithuania,domestic league (tier 1)
2023/09/28,A Lyga,0,Kauno Žalgiris,1332,1324.0,1 - 1,DFK Dainava,1051,1059.0,1,1,Lithuania,domestic league (tier 1)
2023/10/07,A Lyga,0,Kauno Žalgiris,1324,1328.0,3 - 1,Banga Gargždai,1083,1079.0,3,1,Lithuania,domestic league (tier 1)
2023/10/25,A Lyga,0,Kauno Žalgiris,1337,1338.0,1 - 1,FK Panevežys,1458,1457.0,1,1,Lithuania,domestic league (tier 1)
2023/10/29,A Lyga,0,Kauno Žalgiris,1338,1349.0,4 - 0,FC Hegelmann,1286,1275.0,4,0,Lithuania,domestic league (tier 1)
2023/11/12,A Lyga,0,Kauno Žalgiris,1358,1366.0,4 - 2,FC Hegelmann,1294,1286.0,4,2,Lithuania,domestic league (tier 1)
2024/03/09,A Lyga,0,Kauno Žalgiris,1361,1346.0,1 - 2,FC Hegelmann,1267,1282.0,1,2,Lithuania,domestic league (tier 1)
2024/03/12,A Lyga,0,Kauno Žalgiris,1346,1346.0,2 - 1,FK TransINVEST,794,794.0,2,1,Lithuania,domestic league (tier 1)
2024/03/31,A Lyga,0,Kauno Žalgiris,1336,1326.0,0 - 1,FK Žalgiris,1433,1443.0,0,1,Lithuania,domestic league (tier 1)
2024/04/07,A Lyga,0,Kauno Žalgiris,1326,1315.0,0 - 1,FK Panevežys,1382,1393.0,0,1,Lithuania,domestic league (tier 1)
2024/04/10,A Lyga,0,Kauno Žalgiris,1315,1320.0,3 - 0,FC Džiugas,1114,1109.0,3,0,Lithuania,domestic league (tier 1)
2024/04/14,A Lyga,0,Kauno Žalgiris,1320,1323.0,1 - 0,DFK Dainava,1094,1091.0,1,0,Lithuania,domestic league (tier 1)
2024/04/20,A Lyga,0,Kauno Žalgiris,1323,1326.0,2 - 1,FK Suduva,1139,1136.0,2,1,Lithuania,domestic league (tier 1)
2024/04/24,A Lyga,0,Kauno Žalgiris,1326,1295.0,0 - 3,Banga Gargždai,1088,1119.0,0,3,Lithuania,domestic league (tier 1)
2024/05/12,A Lyga,0,Kauno Žalgiris,1290,1295.0,2 - 1,FA Šiauliai,1207,1202.0,2,1,Lithuania,domestic league (tier 1)
2024/06/23,A Lyga,0,Kauno Žalgiris,1299,1314.0,4 - 1,FC Hegelmann,1339,1324.0,4,1,Lithuania,domestic league (tier 1)
2024/06/26,A Lyga,0,Kauno Žalgiris,1314,1315.0,2 - 0,FK TransINVEST,899,898.0,2,0,Lithuania,domestic league (tier 1)
2024/07/05,A Lyga,0,Kauno Žalgiris,1304,1315.0,1 - 0,FK Žalgiris,1450,1439.0,1,0,Lithuania,domestic league (tier 1)
2024/08/21,Lithuania Cup,0,Kauno Žalgiris,1334,1340.0,3 - 1,FA Šiauliai,1186,1180.0,3,1,Lithuania,domestic cup
2024/09/15,A Lyga,0,Kauno Žalgiris,1349,1353.0,2 - 1,FA Šiauliai,1185,1181.0,2,1,Lithuania,domestic league (tier 1)
2024/09/18,Lithuania Cup,0,Kauno Žalgiris,1353,1336.0,0 - 1,Banga Gargždai,1144,1161.0,0,1,Lithuania,domestic cup
2024/10/05,A Lyga,0,Kauno Žalgiris,1327,1323.0,0 - 0,FK Panevežys,1294,1298.0,0,0,Lithuania,domestic league (tier 1)
2024/10/19,A Lyga,0,Kauno Žalgiris,1323,1317.0,1 - 1,Banga Gargždai,1154,1160.0,1,1,Lithuania,domestic league (tier 1)
2024/10/27,A Lyga,0,Kauno Žalgiris,1317,1299.0,0 - 1,FC Džiugas,1036,1054.0,0,1,Lithuania,domestic league (tier 1)
2024/11/03,A Lyga,0,Kauno Žalgiris,1299,1282.0,0 - 1,DFK Dainava,1128,1145.0,0,1,Lithuania,domestic league (tier 1)
2024/11/09,A Lyga,0,Kauno Žalgiris,1282,1257.0,2 - 4,FK Suduva,1119,1144.0,2,4,Lithuania,domestic league (tier 1)
2025/03/08,A Lyga,0,Kauno Žalgiris,1272,1255.0,1 - 2,FC Džiugas,1098,1115.0,1,2,Lithuania,domestic league (tier 1)
2025/04/12,A Lyga,0,Kauno Žalgiris,1269,1264.0,0 - 0,FK Suduva,1169,1174.0,0,0,Lithuania,domestic league (tier 1)
2025/04/16,A Lyga,0,Kauno Žalgiris,1264,1278.0,3 - 1,FC Hegelmann,1337,1323.0,3,1,Lithuania,domestic league (tier 1)
2025/04/27,A Lyga,0,Kauno Žalgiris,1296,1280.0,0 - 1,Banga Gargždai,1132,1148.0,0,1,Lithuania,domestic league (tier 1)
2025/05/04,A Lyga,0,Kauno Žalgiris,1280,1285.0,3 - 1,FK Riteriai,1110,1105.0,3,1,Lithuania,domestic league (tier 1)
2025/05/17,A Lyga,0,Kauno Žalgiris,1294,1310.0,3 - 0,FK Žalgiris,1373,1357.0,3,0,Lithuania,domestic league (tier 1)
2025/05/23,A Lyga,0,Kauno Žalgiris,1331,1339.0,3 - 0,FA Šiauliai,1215,1207.0,3,0,Lithuania,domestic league (tier 1)
2025/05/30,A Lyga,0,Kauno Žalgiris,1339,1343.0,4 - 0,DFK Dainava,1050,1046.0,4,0,Lithuania,domestic league (tier 1)
2025/06/24,A Lyga,0,Kauno Žalgiris,1355,1364.0,3 - 0,FK Panevežys,1260,1251.0,3,0,Lithuania,domestic league (tier 1)
2025/07/21,A Lyga,0,Kauno Žalgiris,1386,1389.0,3 - 0,DFK Dainava,1046,1043.0,3,0,Lithuania,domestic league (tier 1)
2025/08/10,Lithuania Cup,0,Kauno Žalgiris,1409,1384.0,0 - 2,FK Suduva,1232,1257.0,0,2,Lithuania,domestic cup
2025/08/27,A Lyga,0,Kauno Žalgiris,1376,1382.0,2 - 1,FC Hegelmann,1320,1314.0,2,1,Lithuania,domestic league (tier 1)
2025/09/14,A Lyga,0,Kauno Žalgiris,1378,1381.0,6 - 1,FK Riteriai,1013,1010.0,6,1,Lithuania,domestic league (tier 1)
2025/09/21,A Lyga,0,Kauno Žalgiris,1381,1383.0,2 - 1,FC Džiugas,1141,1139.0,2,1,Lithuania,domestic league (tier 1)
2025/09/24,A Lyga,0,Kauno Žalgiris,1383,1377.0,1 - 1,FK Suduva,1250,1256.0,1,1,Lithuania,domestic league (tier 1)
2025/10/17,A Lyga,0,Kauno Žalgiris,1382,1388.0,3 - 1,FA Šiauliai,1239,1233.0,3,1,Lithuania,domestic league (tier 1)
2025/10/22,A Lyga,0,Kauno Žalgiris,1388,1375.0,1 - 2,FK Žalgiris,1363,1376.0,1,2,Lithuania,domestic league (tier 1)
2025/11/02,A Lyga,0,Kauno Žalgiris,1364,1369.0,3 - 2,FK Panevežys,1275,1270.0,3,2,Lithuania,domestic league (tier 1)
2025/11/08,A Lyga,0,Kauno Žalgiris,1369,1362.0,0 - 0,Banga Gargždai,1164,1171.0,0,0,Lithuania,domestic league (tier 1)
2026/02/28,A Lyga,0,Kauno Žalgiris,1374,1377.0,1 - 0,Banga Gargždai,1195,1192.0,1,0,Lithuania,domestic league (tier 1)
2026/03/10,A Lyga,0,Kauno Žalgiris,1384,1392.0,4 - 0,FK Panevežys,1262,1254.0,4,0,Lithuania,domestic league (tier 1)
2026/03/21,A Lyga,0,Kauno Žalgiris,1407,1401.0,1 - 1,FK Suduva,1239,1245.0,1,1,Lithuania,domestic league (tier 1)
2026/04/11,A Lyga,0,Kauno Žalgiris,1422,1430.0,5 - 0,FC Hegelmann,1279,1271.0,5,0,Lithuania,domestic league (tier 1)
2026/04/18,A Lyga,0,Kauno Žalgiris,1430,1411.0,1 - 2,FK TransINVEST,1042,1061.0,1,2,Lithuania,domestic league (tier 1)
2026/04/25,A Lyga,0,Kauno Žalgiris,1411,1413.0,4 - 0,FK Riteriai,1010,1008.0,4,0,Lithuania,domestic league (tier 1)
2026/05/05,A Lyga,0,Kauno Žalgiris,1410,1403.0,2 - 2,FC Džiugas,1193,1200.0,2,2,Lithuania,domestic league (tier 1)
2026/05/16,A Lyga,0,Kauno Žalgiris,1401,1394.0,0 - 0,FA Šiauliai,1172,1179.0,0,0,Lithuania,domestic league (tier 1)
2026/05/31,A Lyga,0,Kauno Žalgiris,1387,1372.0,0 - 1,FK Žalgiris,1304,1319.0,0,1,Lithuania,domestic league (tier 1)
2026/06/17,A Lyga,0,Kauno Žalgiris,1371,1355.0,0 - 1,Banga Gargždai,1210,1226.0,0,1,Lithuania,domestic league (tier 1)
2026/07/11,A Lyga,0,Kauno Žalgiris,1359,1365.0,3 - 0,FK Panevežys,1192,1186.0,3,0,Lithuania,domestic league (tier 1)
2026/07/18,A Lyga,0,Kauno Žalgiris,1383,1388.0,4 - 0,FA Šiauliai,1142,1137.0,4,0,Lithuania,domestic league (tier 1)
2026/08/08,A Lyga,0,Kauno Žalgiris,1407,1411.0,2 - 0,FC Hegelmann,1189,1185.0,2,0,Lithuania,domestic league (tier 1)
2026/08/16,A Lyga,0,Kauno Žalgiris,1409,1401.0,1 - 1,FK TransINVEST,1164,1172.0,1,1,Lithuania,domestic league (tier 1)
2026/09/06,A Lyga,0,Kauno Žalgiris,1417,,Info,FC Džiugas,1191,,,,Lithuania,domestic league (tier 1)
2024/05/07,Lithuania Cup,0,Minija Kretinga,1049,1049.0,1 - 1,FK Suduva,1153,1153.0,1,1,Lithuania,domestic cup
2025/05/21,Lithuania Cup,0,Minija Kretinga,1060,1049.0,0 - 1,FC Džiugas,1142,1153.0,0,1,Lithuania,domestic cup
2026/04/28,Lithuania Cup,0,Minija Kretinga,1049,1052.0,2 - 2,FK Suduva,1253,1250.0,2,2,Lithuania,domestic cup
2026/06/23,Lithuania Cup,0,Minija Kretinga,1052,1064.0,2 - 1,FK Panevežys,1217,1205.0,2,1,Lithuania,domestic cup
2026/09/01,Lithuania Cup,0,Minija Kretinga,1064,1070.0,3 - 2,DFK Dainava,1007,1001.0,3,2,Lithuania,domestic cup
2024/05/05,Lithuania Cup,0,Sirijus Klaipeda,1039,1021.0,2 - 5,FC Džiugas,1126,1144.0,2,5,Lithuania,domestic cup
2025/05/06,Lithuania Cup,0,Sirijus Klaipeda,1021,994.0,0 - 5,FK TransINVEST,986,1013.0,0,5,Lithuania,domestic cup
2016/07/23,A Lyga,0,Utenis Utena,1054,1052.0,2 - 4,FK Žalgiris,1617,1619.0,2,4,Lithuania,domestic league (tier 1)
2016/08/03,A Lyga,0,Utenis Utena,1051,1051.0,0 - 0,FC Stumbras,1139,1139.0,0,0,Lithuania,domestic league (tier 1)
2016/09/08,A Lyga,0,Utenis Utena,1045,1051.0,1 - 1,FK Atlantas,1395,1389.0,1,1,Lithuania,domestic league (tier 1)
2016/09/19,A Lyga,0,Utenis Utena,1051,1048.0,0 - 1,FK Riteriai (as FK Trakai),1432,1435.0,0,1,Lithuania,domestic league (tier 1)
2016/10/16,A Lyga,0,Utenis Utena,1053,1049.0,1 - 2,FK Suduva,1395,1399.0,1,2,Lithuania,domestic league (tier 1)
2017/03/18,A Lyga,0,Utenis Utena,1069,1066.0,1 - 1,FK Lietava Jonava,1073,1076.0,1,1,Lithuania,domestic league (tier 1)
2017/04/09,A Lyga,0,Utenis Utena,1071,1064.0,2 - 4,FK Suduva,1384,1391.0,2,4,Lithuania,domestic league (tier 1)
2017/04/17,A Lyga,0,Utenis Utena,1063,1069.0,1 - 0,Kauno Žalgiris,1018,1012.0,1,0,Lithuania,domestic league (tier 1)
2017/04/20,A Lyga,0,Utenis Utena,1069,1061.0,0 - 3,FK Atlantas,1371,1379.0,0,3,Lithuania,domestic league (tier 1)
2017/04/25,A Lyga,0,Utenis Utena,1061,1059.0,0 - 4,FK Žalgiris,1621,1623.0,0,4,Lithuania,domestic league (tier 1)
2017/05/03,A Lyga,0,Utenis Utena,1071,1087.0,1 - 0,FK Riteriai (as FK Trakai),1414,1398.0,1,0,Lithuania,domestic league (tier 1)
2017/05/17,A Lyga,0,Utenis Utena,1085,1084.0,0 - 0,FC Stumbras,1151,1152.0,0,0,Lithuania,domestic league (tier 1)
2017/06/15,A Lyga,0,Utenis Utena,1085,1080.0,0 - 0,Kauno Žalgiris,1005,1010.0,0,0,Lithuania,domestic league (tier 1)
2017/07/23,A Lyga,0,Utenis Utena,1077,1093.0,1 - 0,FK Suduva,1411,1395.0,1,0,Lithuania,domestic league (tier 1)
2017/07/26,A Lyga,0,Utenis Utena,1093,1097.0,1 - 1,FK Atlantas,1321,1317.0,1,1,Lithuania,domestic league (tier 1)
2017/08/10,A Lyga,0,Utenis Utena,1096,1095.0,1 - 1,FC Stumbras,1155,1156.0,1,1,Lithuania,domestic league (tier 1)
2017/08/16,A Lyga,0,Utenis Utena,1115,1109.0,0 - 4,FK Riteriai (as FK Trakai),1494,1500.0,0,4,Lithuania,domestic league (tier 1)
2017/09/20,A Lyga,0,Utenis Utena,1127,1125.0,1 - 2,FK Žalgiris,1597,1599.0,1,2,Lithuania,domestic league (tier 1)
2017/10/14,A Lyga,0,Utenis Utena,1123,1109.0,1 - 2,FK Lietava Jonava,1084,1098.0,1,2,Lithuania,domestic league (tier 1)
2017/10/25,A Lyga,0,Utenis Utena,1135,1132.0,1 - 2,FK Suduva,1534,1537.0,1,2,Lithuania,domestic league (tier 1)
2017/11/19,A Lyga,0,Utenis Utena,1122,1116.0,1 - 3,FK Riteriai (as FK Trakai),1470,1476.0,1,3,Lithuania,domestic league (tier 1)
2022/05/07,Lithuania Cup,0,Utenis Utena,1092,1078.0,0 - 5,FK Panevežys,1305,1319.0,0,5,Lithuania,domestic cup
