Date,Competition,Neutral Venue,Home,PreHElo,PostHElo,Result,Away,PreAElo,PostAElo,Home Goals,Away Goals,Country,Category
2017/08/20,1. MFL,0,Akademija Pandev,1276,1285.0,2 - 0,FK Skopje,1227,1218.0,2,0,North Macedonia,domestic league (tier 1)
2017/09/10,1. MFL,0,Akademija Pandev,1284,1295.0,1 - 0,FK Renova,1427,1416.0,1,0,North Macedonia,domestic league (tier 1)
2017/09/20,1. MFL,0,Akademija Pandev,1295,1312.0,2 - 0,FK Pelister,1435,1418.0,2,0,North Macedonia,domestic league (tier 1)
2017/10/14,1. MFL,0,Akademija Pandev,1322,1333.0,2 - 0,KF Shkupi,1333,1322.0,2,0,North Macedonia,domestic league (tier 1)
2017/10/25,1. MFL,0,Akademija Pandev,1350,1366.0,3 - 2,KF Shkëndija 79,1678,1662.0,3,2,North Macedonia,domestic league (tier 1)
2017/11/05,1. MFL,0,Akademija Pandev,1358,1345.0,0 - 1,FK Pobeda,1352,1365.0,0,1,North Macedonia,domestic league (tier 1)
2017/11/19,1. MFL,0,Akademija Pandev,1371,1371.0,1 - 1,FK Rabotnicki,1461,1461.0,1,1,North Macedonia,domestic league (tier 1)
2017/12/03,1. MFL,0,Akademija Pandev,1373,1361.0,0 - 1,Sileks Kratovo,1416,1428.0,0,1,North Macedonia,domestic league (tier 1)
2018/02/18,1. MFL,0,Akademija Pandev,1346,1340.0,0 - 0,FK Skopje,1231,1237.0,0,0,North Macedonia,domestic league (tier 1)
2018/03/04,1. MFL,0,Akademija Pandev,1339,1338.0,1 - 1,FK Renova,1402,1403.0,1,1,North Macedonia,domestic league (tier 1)
2018/03/17,1. MFL,0,Akademija Pandev,1335,1334.0,1 - 1,FK Pelister,1387,1388.0,1,1,North Macedonia,domestic league (tier 1)
2018/04/07,1. MFL,0,Akademija Pandev,1339,1344.0,1 - 1,Vardar Skopje,1624,1619.0,1,1,North Macedonia,domestic league (tier 1)
2018/04/18,1. MFL,0,Akademija Pandev,1357,1344.0,1 - 2,KF Shkupi,1350,1363.0,1,2,North Macedonia,domestic league (tier 1)
2018/04/25,1. MFL,0,Akademija Pandev,1362,1369.0,2 - 2,KF Shkëndija 79,1743,1736.0,2,2,North Macedonia,domestic league (tier 1)
2018/05/02,1. MFL,0,Akademija Pandev,1363,1370.0,1 - 0,FK Pobeda,1349,1342.0,1,0,North Macedonia,domestic league (tier 1)
2018/05/13,1. MFL,0,Akademija Pandev,1389,1378.0,0 - 1,FK Rabotnicki,1462,1473.0,0,1,North Macedonia,domestic league (tier 1)
2018/05/20,1. MFL,0,Akademija Pandev,1374,1361.0,1 - 2,Sileks Kratovo,1383,1396.0,1,2,North Macedonia,domestic league (tier 1)
2018/08/12,1. MFL,0,Akademija Pandev,1361,1365.0,2 - 1,Makedonija GP,1244,1240.0,2,1,North Macedonia,domestic league (tier 1)
2018/08/26,1. MFL,0,Akademija Pandev,1373,1382.0,1 - 0,KF Shkupi,1437,1428.0,1,0,North Macedonia,domestic league (tier 1)
2018/09/16,1. MFL,0,Akademija Pandev,1377,1390.0,3 - 0,Sileks Kratovo,1392,1379.0,3,0,North Macedonia,domestic league (tier 1)
2018/09/26,1. MFL,0,Akademija Pandev,1425,1402.0,0 - 2,FK Renova,1333,1356.0,0,2,North Macedonia,domestic league (tier 1)
2018/09/29,1. MFL,0,Akademija Pandev,1402,1406.0,0 - 0,KF Shkëndija 79,1669,1665.0,0,0,North Macedonia,domestic league (tier 1)
2018/10/28,1. MFL,0,Akademija Pandev,1373,1379.0,3 - 0,FK Belasica,1189,1183.0,3,0,North Macedonia,domestic league (tier 1)
2018/11/04,1. MFL,0,Akademija Pandev,1372,1381.0,1 - 0,FK Rabotnicki,1445,1436.0,1,0,North Macedonia,domestic league (tier 1)
2018/11/22,1. MFL,0,Akademija Pandev,1373,1380.0,2 - 1,FK Pobeda,1373,1366.0,2,1,North Macedonia,domestic league (tier 1)
2018/12/02,1. MFL,0,Akademija Pandev,1400,1400.0,0 - 0,Vardar Skopje,1496,1496.0,0,0,North Macedonia,domestic league (tier 1)
2019/02/24,1. MFL,0,Akademija Pandev,1420,1423.0,1 - 0,FK Belasica,1219,1216.0,1,0,North Macedonia,domestic league (tier 1)
2019/03/03,1. MFL,0,Akademija Pandev,1423,1404.0,0 - 2,KF Shkupi,1435,1454.0,0,2,North Macedonia,domestic league (tier 1)
2019/03/16,1. MFL,0,Akademija Pandev,1425,1433.0,2 - 0,Sileks Kratovo,1345,1337.0,2,0,North Macedonia,domestic league (tier 1)
2019/03/31,1. MFL,0,Akademija Pandev,1433,1439.0,2 - 1,FK Renova,1397,1391.0,2,1,North Macedonia,domestic league (tier 1)
2019/04/03,1. MFL,0,Akademija Pandev,1439,1432.0,0 - 1,KF Shkëndija 79,1647,1654.0,0,1,North Macedonia,domestic league (tier 1)
2019/04/20,1. MFL,0,Akademija Pandev,1450,1424.0,0 - 2,FK Belasica,1215,1241.0,0,2,North Macedonia,domestic league (tier 1)
2019/04/27,1. MFL,0,Akademija Pandev,1417,1427.0,3 - 1,FK Rabotnicki,1388,1378.0,3,1,North Macedonia,domestic league (tier 1)
2019/05/08,1. MFL,0,Akademija Pandev,1422,1428.0,4 - 0,FK Pobeda,1243,1237.0,4,0,North Macedonia,domestic league (tier 1)
2019/05/26,1. MFL,0,Akademija Pandev,1422,1421.0,1 - 1,Vardar Skopje,1485,1486.0,1,1,North Macedonia,domestic league (tier 1)
2019/08/10,1. MFL,0,Akademija Pandev,1403,1416.0,1 - 0,KF Shkëndija 79,1606,1593.0,1,0,North Macedonia,domestic league (tier 1)
2019/08/25,1. MFL,0,Akademija Pandev,1417,1420.0,2 - 0,FK Borec,1129,1126.0,2,0,North Macedonia,domestic league (tier 1)
2019/09/13,1. MFL,0,Akademija Pandev,1432,1441.0,2 - 0,FK Renova,1393,1384.0,2,0,North Macedonia,domestic league (tier 1)
2019/09/22,1. MFL,0,Akademija Pandev,1439,1435.0,0 - 0,KF Shkupi,1399,1403.0,0,0,North Macedonia,domestic league (tier 1)
2019/10/05,1. MFL,0,Akademija Pandev,1434,1442.0,2 - 0,Sileks Kratovo,1361,1353.0,2,0,North Macedonia,domestic league (tier 1)
2019/10/23,1. MFL,0,Akademija Pandev,1458,1468.0,4 - 0,Makedonija GP,1371,1361.0,4,0,North Macedonia,domestic league (tier 1)
2019/11/02,1. MFL,0,Akademija Pandev,1462,1456.0,1 - 1,FK Rabotnicki,1341,1347.0,1,1,North Macedonia,domestic league (tier 1)
2019/11/24,1. MFL,0,Akademija Pandev,1456,1449.0,1 - 1,FC Struga,1282,1289.0,1,1,North Macedonia,domestic league (tier 1)
2019/12/01,1. MFL,0,Akademija Pandev,1436,1417.0,0 - 3,Vardar Skopje,1509,1528.0,0,3,North Macedonia,domestic league (tier 1)
2020/02/16,1. MFL,0,Akademija Pandev,1405,1396.0,1 - 2,KF Shkëndija 79,1556,1565.0,1,2,North Macedonia,domestic league (tier 1)
2020/03/01,1. MFL,0,Akademija Pandev,1388,1381.0,0 - 0,FK Borec,1179,1186.0,0,0,North Macedonia,domestic league (tier 1)
2020/03/11,1. MFL,0,Akademija Pandev,1370,1357.0,0 - 1,FK Renova,1353,1366.0,0,1,North Macedonia,domestic league (tier 1)
2020/08/16,1. MFL,0,Akademija Pandev,1348,1339.0,0 - 1,Vardar Skopje,1495,1504.0,0,1,North Macedonia,domestic league (tier 1)
2020/08/29,1. MFL,0,Akademija Pandev,1329,1335.0,1 - 0,FC Struga,1288,1282.0,1,0,North Macedonia,domestic league (tier 1)
2020/09/27,1. MFL,0,Akademija Pandev,1319,1329.0,1 - 0,Sileks Kratovo,1416,1406.0,1,0,North Macedonia,domestic league (tier 1)
2020/10/18,1. MFL,0,Akademija Pandev,1333,1322.0,0 - 1,KF Shkupi,1400,1411.0,0,1,North Macedonia,domestic league (tier 1)
2020/11/07,1. MFL,0,Akademija Pandev,1324,1309.0,1 - 2,FK Belasica,1215,1230.0,1,2,North Macedonia,domestic league (tier 1)
2020/11/22,1. MFL,0,Akademija Pandev,1309,1316.0,3 - 2,FK Pelister,1290,1283.0,3,2,North Macedonia,domestic league (tier 1)
2020/12/02,1. MFL,0,Akademija Pandev,1320,1307.0,0 - 1,FK Renova,1323,1336.0,0,1,North Macedonia,domestic league (tier 1)
2020/12/09,1. MFL,0,Akademija Pandev,1310,1317.0,2 - 1,FK Borec,1285,1278.0,2,1,North Macedonia,domestic league (tier 1)
2020/12/13,1. MFL,0,Akademija Pandev,1317,1312.0,0 - 1,KF Shkëndija 79,1593,1598.0,0,1,North Macedonia,domestic league (tier 1)
2021/02/13,1. MFL,0,Akademija Pandev,1326,1315.0,0 - 1,FK Rabotnicki,1383,1394.0,0,1,North Macedonia,domestic league (tier 1)
2021/03/03,1. MFL,0,Akademija Pandev,1320,1330.0,2 - 1,Makedonija GP,1419,1409.0,2,1,North Macedonia,domestic league (tier 1)
2021/03/20,1. MFL,0,Akademija Pandev,1351,1358.0,1 - 0,FC Struga,1351,1344.0,1,0,North Macedonia,domestic league (tier 1)
2021/04/11,1. MFL,0,Akademija Pandev,1392,1380.0,0 - 1,KF Shkupi,1426,1438.0,0,1,North Macedonia,domestic league (tier 1)
2021/04/18,1. MFL,0,Akademija Pandev,1377,1389.0,3 - 0,Vardar Skopje,1357,1345.0,3,0,North Macedonia,domestic league (tier 1)
2021/04/28,1. MFL,0,Akademija Pandev,1381,1377.0,1 - 1,FK Renova,1334,1338.0,1,1,North Macedonia,domestic league (tier 1)
2021/05/16,1. MFL,0,Akademija Pandev,1375,1383.0,3 - 1,FK Borec,1290,1282.0,3,1,North Macedonia,domestic league (tier 1)
2021/08/08,1. MFL,0,Akademija Pandev,1382,1380.0,1 - 1,FC Struga,1397,1399.0,1,1,North Macedonia,domestic league (tier 1)
2021/08/15,1. MFL,0,Akademija Pandev,1380,1392.0,2 - 0,FK Rabotnicki,1413,1401.0,2,0,North Macedonia,domestic league (tier 1)
2021/08/22,1. MFL,0,Akademija Pandev,1400,1406.0,2 - 1,FK Renova,1345,1339.0,2,1,North Macedonia,domestic league (tier 1)
2021/09/12,1. MFL,0,Akademija Pandev,1396,1409.0,4 - 1,Makedonija GP,1397,1384.0,4,1,North Macedonia,domestic league (tier 1)
2021/09/26,1. MFL,0,Akademija Pandev,1409,1392.0,1 - 3,KF Shkupi,1458,1475.0,1,3,North Macedonia,domestic league (tier 1)
2021/10/16,1. MFL,0,Akademija Pandev,1392,1403.0,2 - 1,KF Shkëndija 79,1536,1525.0,2,1,North Macedonia,domestic league (tier 1)
2021/10/20,North Macedonia Cup,0,Akademija Pandev,1403,1398.0,1 - 1,Makedonija GP,1325,1330.0,1,1,North Macedonia,domestic cup
2021/11/21,1. MFL,0,Akademija Pandev,1432,1434.0,3 - 2,GFK Tikvesh,1152,1150.0,3,2,North Macedonia,domestic league (tier 1)
2021/12/05,1. MFL,0,Akademija Pandev,1445,1440.0,0 - 0,FK Bregalnica Štip,1345,1350.0,0,0,North Macedonia,domestic league (tier 1)
2021/12/12,1. MFL,0,Akademija Pandev,1424,1427.0,1 - 0,FK Pelister,1217,1214.0,1,0,North Macedonia,domestic league (tier 1)
2022/02/20,1. MFL,0,Akademija Pandev,1422,1430.0,5 - 0,FK Skopje,1289,1281.0,5,0,North Macedonia,domestic league (tier 1)
2022/03/09,1. MFL,0,Akademija Pandev,1436,1441.0,5 - 0,FK Borec,1213,1208.0,5,0,North Macedonia,domestic league (tier 1)
2022/03/13,1. MFL,0,Akademija Pandev,1441,1447.0,1 - 0,FC Struga,1377,1371.0,1,0,North Macedonia,domestic league (tier 1)
2022/04/03,1. MFL,0,Akademija Pandev,1453,1436.0,1 - 2,FK Skopje,1252,1269.0,1,2,North Macedonia,domestic league (tier 1)
2022/04/10,1. MFL,0,Akademija Pandev,1432,1436.0,2 - 0,FK Pelister,1204,1200.0,2,0,North Macedonia,domestic league (tier 1)
2022/04/22,1. MFL,0,Akademija Pandev,1447,1451.0,2 - 1,FK Bregalnica Štip,1316,1312.0,2,1,North Macedonia,domestic league (tier 1)
2022/05/04,1. MFL,0,Akademija Pandev,1443,1458.0,4 - 2,KF Shkëndija 79,1548,1533.0,4,2,North Macedonia,domestic league (tier 1)
2022/05/08,1. MFL,0,Akademija Pandev,1458,1463.0,2 - 1,FK Rabotnicki,1351,1346.0,2,1,North Macedonia,domestic league (tier 1)
2022/08/07,1. MFL,0,Akademija Pandev,1446,1430.0,1 - 2,FK Bregalnica Štip,1318,1334.0,1,2,North Macedonia,domestic league (tier 1)
2022/08/21,1. MFL,0,Akademija Pandev,1451,1441.0,0 - 1,KF Shkëndija 79,1547,1557.0,0,1,North Macedonia,domestic league (tier 1)
2022/08/31,1. MFL,0,Akademija Pandev,1442,1448.0,3 - 0,FK Skopje,1261,1255.0,3,0,North Macedonia,domestic league (tier 1)
2022/09/04,1. MFL,0,Akademija Pandev,1448,1425.0,0 - 3,FC Struga,1437,1460.0,0,3,North Macedonia,domestic league (tier 1)
2022/09/17,1. MFL,0,Akademija Pandev,1424,1410.0,0 - 1,Makedonija GP,1392,1406.0,0,1,North Macedonia,domestic league (tier 1)
2022/10/09,1. MFL,0,Akademija Pandev,1410,1399.0,0 - 1,KF Shkupi,1479,1490.0,0,1,North Macedonia,domestic league (tier 1)
2022/10/30,1. MFL,0,Akademija Pandev,1387,1365.0,0 - 2,FK Rabotnicki,1317,1339.0,0,2,North Macedonia,domestic league (tier 1)
2022/11/12,1. MFL,0,Akademija Pandev,1366,1380.0,3 - 0,Sileks Kratovo,1392,1378.0,3,0,North Macedonia,domestic league (tier 1)
2022/12/11,1. MFL,0,Akademija Pandev,1364,1342.0,0 - 2,GFK Tikvesh,1278,1300.0,0,2,North Macedonia,domestic league (tier 1)
2023/03/08,1. MFL,0,Akademija Pandev,1363,1368.0,3 - 0,FK Pobeda Junior,1164,1159.0,3,0,North Macedonia,domestic league (tier 1)
2023/03/18,1. MFL,0,Akademija Pandev,1364,1366.0,1 - 1,KF Shkupi,1519,1517.0,1,1,North Macedonia,domestic league (tier 1)
2023/04/09,1. MFL,0,Akademija Pandev,1359,1355.0,0 - 0,FK Rabotnicki,1312,1316.0,0,0,North Macedonia,domestic league (tier 1)
2023/04/26,1. MFL,0,Akademija Pandev,1359,1363.0,2 - 0,FK Pobeda Junior,1121,1117.0,2,0,North Macedonia,domestic league (tier 1)
2023/05/07,1. MFL,0,Akademija Pandev,1363,1337.0,1 - 4,GFK Tikvesh,1266,1292.0,1,4,North Macedonia,domestic league (tier 1)
2023/05/14,1. MFL,0,Akademija Pandev,1340,1338.0,2 - 2,Sileks Kratovo,1386,1388.0,2,2,North Macedonia,domestic league (tier 1)
2019/08/10,1. MFL,0,FC Struga,1248,1259.0,2 - 1,FK Rabotnicki,1385,1374.0,2,1,North Macedonia,domestic league (tier 1)
2019/08/25,1. MFL,0,FC Struga,1255,1266.0,2 - 1,Sileks Kratovo,1381,1370.0,2,1,North Macedonia,domestic league (tier 1)
2019/08/31,1. MFL,0,FC Struga,1266,1267.0,1 - 1,KF Shkupi,1404,1403.0,1,1,North Macedonia,domestic league (tier 1)
2019/09/18,1. MFL,0,FC Struga,1262,1264.0,0 - 0,Akademija Pandev,1441,1439.0,0,0,North Macedonia,domestic league (tier 1)
2019/09/29,1. MFL,0,FC Struga,1260,1245.0,0 - 2,Makedonija GP,1357,1372.0,0,2,North Macedonia,domestic league (tier 1)
2019/10/23,1. MFL,0,FC Struga,1251,1262.0,1 - 0,FK Renova,1374,1363.0,1,0,North Macedonia,domestic league (tier 1)
2019/11/09,1. MFL,0,FC Struga,1268,1282.0,2 - 1,Vardar Skopje,1529,1515.0,2,1,North Macedonia,domestic league (tier 1)
2019/11/27,1. MFL,0,FC Struga,1289,1304.0,2 - 1,KF Shkëndija 79,1568,1553.0,2,1,North Macedonia,domestic league (tier 1)
2019/12/08,1. MFL,0,FC Struga,1306,1300.0,1 - 1,FK Borec,1182,1188.0,1,1,North Macedonia,domestic league (tier 1)
2020/02/16,1. MFL,0,FC Struga,1300,1288.0,0 - 1,FK Rabotnicki,1332,1344.0,0,1,North Macedonia,domestic league (tier 1)
2020/02/29,1. MFL,0,FC Struga,1279,1280.0,0 - 0,Sileks Kratovo,1422,1421.0,0,0,North Macedonia,domestic league (tier 1)
2020/03/08,1. MFL,0,FC Struga,1295,1284.0,1 - 2,KF Shkupi,1370,1381.0,1,2,North Macedonia,domestic league (tier 1)
2020/08/23,1. MFL,0,FC Struga,1282,1288.0,1 - 0,FK Borec,1253,1247.0,1,0,North Macedonia,domestic league (tier 1)
2020/09/12,1. MFL,0,FC Struga,1282,1301.0,2 - 0,Sileks Kratovo,1472,1453.0,2,0,North Macedonia,domestic league (tier 1)
2020/09/27,1. MFL,0,FC Struga,1306,1321.0,2 - 0,KF Shkupi,1407,1392.0,2,0,North Macedonia,domestic league (tier 1)
2020/10/18,1. MFL,0,FC Struga,1312,1320.0,3 - 0,FK Belasica,1209,1201.0,3,0,North Macedonia,domestic league (tier 1)
2020/11/07,1. MFL,0,FC Struga,1321,1321.0,2 - 2,Vardar Skopje,1437,1437.0,2,2,North Macedonia,domestic league (tier 1)
2020/11/22,1. MFL,0,FC Struga,1321,1328.0,1 - 0,FK Renova,1331,1324.0,1,0,North Macedonia,domestic league (tier 1)
2020/11/29,1. MFL,0,FC Struga,1335,1339.0,1 - 1,KF Shkëndija 79,1580,1576.0,1,1,North Macedonia,domestic league (tier 1)
2020/12/06,1. MFL,0,FC Struga,1330,1327.0,1 - 1,Akademija Pandev,1307,1310.0,1,1,North Macedonia,domestic league (tier 1)
2020/12/13,1. MFL,0,FC Struga,1331,1340.0,2 - 1,FK Rabotnicki,1387,1378.0,2,1,North Macedonia,domestic league (tier 1)
2021/02/21,1. MFL,0,FC Struga,1355,1354.0,1 - 1,Makedonija GP,1424,1425.0,1,1,North Macedonia,domestic league (tier 1)
2021/03/03,1. MFL,0,FC Struga,1363,1349.0,0 - 1,FK Pelister,1296,1310.0,0,1,North Macedonia,domestic league (tier 1)
2021/03/14,1. MFL,0,FC Struga,1354,1351.0,0 - 0,FK Renova,1332,1335.0,0,0,North Macedonia,domestic league (tier 1)
2021/04/04,1. MFL,0,FC Struga,1344,1350.0,3 - 1,FK Belasica,1206,1200.0,3,1,North Macedonia,domestic league (tier 1)
2021/04/14,1. MFL,0,FC Struga,1348,1347.0,1 - 1,FK Rabotnicki,1403,1404.0,1,1,North Macedonia,domestic league (tier 1)
2021/04/18,1. MFL,0,FC Struga,1347,1359.0,3 - 0,FK Pelister,1332,1320.0,3,0,North Macedonia,domestic league (tier 1)
2021/04/28,1. MFL,0,FC Struga,1373,1372.0,0 - 0,KF Shkupi,1438,1439.0,0,0,North Macedonia,domestic league (tier 1)
2021/05/09,1. MFL,0,FC Struga,1399,1404.0,1 - 0,Vardar Skopje,1317,1312.0,1,0,North Macedonia,domestic league (tier 1)
2021/08/15,1. MFL,0,FC Struga,1399,1405.0,1 - 0,FK Pelister,1334,1328.0,1,0,North Macedonia,domestic league (tier 1)
2021/08/22,1. MFL,0,FC Struga,1408,1421.0,4 - 2,KF Shkupi,1453,1440.0,4,2,North Macedonia,domestic league (tier 1)
2021/09/12,1. MFL,0,FC Struga,1416,1420.0,1 - 0,FK Skopje,1288,1284.0,1,0,North Macedonia,domestic league (tier 1)
2021/09/26,1. MFL,0,FC Struga,1422,1422.0,1 - 1,KF Shkëndija 79,1533,1533.0,1,1,North Macedonia,domestic league (tier 1)
2021/10/16,1. MFL,0,FC Struga,1411,1405.0,1 - 1,FK Borec,1247,1253.0,1,1,North Macedonia,domestic league (tier 1)
2021/10/20,North Macedonia Cup,0,FC Struga,1405,1399.0,1 - 1,FK Borec,1253,1259.0,1,1,North Macedonia,domestic cup
2021/10/30,1. MFL,0,FC Struga,1400,1397.0,0 - 0,Akademija Pandev,1407,1410.0,0,0,North Macedonia,domestic league (tier 1)
2021/11/21,1. MFL,0,FC Struga,1406,1412.0,1 - 0,FK Rabotnicki,1376,1370.0,1,0,North Macedonia,domestic league (tier 1)
2021/12/05,1. MFL,0,FC Struga,1408,1401.0,0 - 0,GFK Tikvesh,1170,1177.0,0,0,North Macedonia,domestic league (tier 1)
2021/12/14,1. MFL,0,FC Struga,1391,1398.0,1 - 0,FK Renova,1369,1362.0,1,0,North Macedonia,domestic league (tier 1)
2022/02/20,1. MFL,0,FC Struga,1392,1388.0,1 - 1,FK Bregalnica Štip,1338,1342.0,1,1,North Macedonia,domestic league (tier 1)
2022/03/09,1. MFL,0,FC Struga,1396,1377.0,1 - 3,Makedonija GP,1410,1429.0,1,3,North Macedonia,domestic league (tier 1)
2022/03/18,1. MFL,0,FC Struga,1371,1359.0,1 - 3,KF Shkupi,1540,1552.0,1,3,North Macedonia,domestic league (tier 1)
2022/04/10,1. MFL,0,FC Struga,1359,1364.0,1 - 0,FK Skopje,1274,1269.0,1,0,North Macedonia,domestic league (tier 1)
2022/04/20,North Macedonia Cup,0,FC Struga,1346,1346.0,0 - 0,Makedonija GP,1444,1444.0,0,0,North Macedonia,domestic cup
2022/04/23,1. MFL,0,FC Struga,1346,1353.0,4 - 0,FK Pelister,1187,1180.0,4,0,North Macedonia,domestic league (tier 1)
2022/05/04,1. MFL,0,FC Struga,1356,1363.0,1 - 0,FK Bregalnica Štip,1336,1329.0,1,0,North Macedonia,domestic league (tier 1)
2022/05/15,1. MFL,0,FC Struga,1385,1386.0,1 - 1,KF Shkëndija 79,1530,1529.0,1,1,North Macedonia,domestic league (tier 1)
2022/08/06,1. MFL,0,FC Struga,1386,1391.0,3 - 0,FK Pobeda Junior,1182,1177.0,3,0,North Macedonia,domestic league (tier 1)
2022/08/21,1. MFL,0,FC Struga,1402,1407.0,2 - 1,FK Rabotnicki,1319,1314.0,2,1,North Macedonia,domestic league (tier 1)
2022/08/31,1. MFL,0,FC Struga,1431,1437.0,2 - 1,Sileks Kratovo,1381,1375.0,2,1,North Macedonia,domestic league (tier 1)
2022/09/11,1. MFL,0,FC Struga,1460,1465.0,3 - 0,FK Skopje,1260,1255.0,3,0,North Macedonia,domestic league (tier 1)
2022/09/17,1. MFL,0,FC Struga,1465,1469.0,2 - 0,GFK Tikvesh,1254,1250.0,2,0,North Macedonia,domestic league (tier 1)
2022/10/05,North Macedonia Cup,0,FC Struga,1470,1474.0,2 - 1,FK Rabotnicki,1343,1339.0,2,1,North Macedonia,domestic cup
2022/10/30,1. MFL,0,FC Struga,1445,1439.0,2 - 2,FK Bregalnica Štip,1327,1333.0,2,2,North Macedonia,domestic league (tier 1)
2022/11/09,North Macedonia Cup,0,FC Struga,1439,1446.0,2 - 0,FK Bregalnica Štip,1339,1332.0,2,0,North Macedonia,domestic cup
2022/11/12,1. MFL,0,FC Struga,1446,1456.0,1 - 0,KF Shkëndija 79,1541,1531.0,1,0,North Macedonia,domestic league (tier 1)
2022/12/04,1. MFL,0,FC Struga,1467,1472.0,1 - 0,Akademija Pandev,1369,1364.0,1,0,North Macedonia,domestic league (tier 1)
2023/02/25,1. MFL,0,FC Struga,1466,1461.0,0 - 0,Makedonija GP,1388,1393.0,0,0,North Macedonia,domestic league (tier 1)
2023/03/08,1. MFL,0,FC Struga,1461,1470.0,2 - 1,KF Shkupi,1523,1514.0,2,1,North Macedonia,domestic league (tier 1)
2023/03/12,1. MFL,0,FC Struga,1470,1465.0,0 - 0,Makedonija GP,1400,1405.0,0,0,North Macedonia,domestic league (tier 1)
2023/04/02,1. MFL,0,FC Struga,1474,1481.0,3 - 1,Akademija Pandev,1366,1359.0,3,1,North Macedonia,domestic league (tier 1)
2023/04/05,North Macedonia Cup,0,FC Struga,1481,1486.0,1 - 0,Sileks Kratovo,1393,1388.0,1,0,North Macedonia,domestic cup
2023/04/15,1. MFL,0,FC Struga,1482,1485.0,6 - 2,FK Pobeda Junior,1131,1128.0,6,2,North Macedonia,domestic league (tier 1)
2023/04/26,1. MFL,0,FC Struga,1485,1490.0,2 - 0,GFK Tikvesh,1288,1283.0,2,0,North Macedonia,domestic league (tier 1)
2023/05/07,1. MFL,0,FC Struga,1505,1513.0,3 - 0,Sileks Kratovo,1384,1376.0,3,0,North Macedonia,domestic league (tier 1)
2023/05/14,1. MFL,0,FC Struga,1527,1535.0,2 - 1,KF Shkupi,1540,1532.0,2,1,North Macedonia,domestic league (tier 1)
2023/05/20,North Macedonia Cup,0,FC Struga,1535,1531.0,1 - 1,Makedonija GP,1400,1404.0,1,1,North Macedonia,domestic cup
2023/08/06,1. MFL,0,FC Struga,1527,1528.0,2 - 0,KF Gostivari,1087,1086.0,2,0,North Macedonia,domestic league (tier 1)
2023/08/21,1. MFL,0,FC Struga,1529,1512.0,1 - 2,FK AP Brera Strumica,1350,1367.0,1,2,North Macedonia,domestic league (tier 1)
2023/09/04,1. MFL,0,FC Struga,1500,1505.0,3 - 1,GFK Tikvesh,1314,1309.0,3,1,North Macedonia,domestic league (tier 1)
2023/09/24,1. MFL,0,FC Struga,1517,1520.0,1 - 0,FK Rabotnicki,1345,1342.0,1,0,North Macedonia,domestic league (tier 1)
2023/10/08,1. MFL,0,FC Struga,1506,1513.0,2 - 0,Sileks Kratovo,1413,1406.0,2,0,North Macedonia,domestic league (tier 1)
2023/11/01,1. MFL,0,FC Struga,1505,1510.0,4 - 0,Vardar Skopje,1287,1282.0,4,0,North Macedonia,domestic league (tier 1)
2023/11/05,1. MFL,0,FC Struga,1510,1517.0,2 - 1,KF Shkëndija 79,1513,1506.0,2,1,North Macedonia,domestic league (tier 1)
2023/12/06,1. MFL,0,FC Struga,1521,1523.0,1 - 0,FK Voska Sport,1210,1208.0,1,0,North Macedonia,domestic league (tier 1)
2023/12/10,1. MFL,0,FC Struga,1523,1525.0,2 - 1,FK Bregalnica Štip,1279,1277.0,2,1,North Macedonia,domestic league (tier 1)
2024/02/24,1. MFL,0,FC Struga,1522,1520.0,2 - 2,KF Shkupi,1550,1552.0,2,2,North Macedonia,domestic league (tier 1)
2024/03/06,1. MFL,0,FC Struga,1518,1521.0,2 - 1,Makedonija GP,1307,1304.0,2,1,North Macedonia,domestic league (tier 1)
2024/03/10,1. MFL,0,FC Struga,1521,1526.0,3 - 1,FK AP Brera Strumica,1329,1324.0,3,1,North Macedonia,domestic league (tier 1)
2024/03/31,1. MFL,0,FC Struga,1533,1536.0,3 - 1,FK Voska Sport,1243,1240.0,3,1,North Macedonia,domestic league (tier 1)
2024/04/14,1. MFL,0,FC Struga,1522,1514.0,2 - 2,FK Bregalnica Štip,1271,1279.0,2,2,North Macedonia,domestic league (tier 1)
2024/04/28,1. MFL,0,FC Struga,1521,1505.0,2 - 3,Sileks Kratovo,1363,1379.0,2,3,North Macedonia,domestic league (tier 1)
2024/05/04,1. MFL,0,FC Struga,1493,1496.0,1 - 0,KF Gostivari,1256,1253.0,1,0,North Macedonia,domestic league (tier 1)
2024/05/18,1. MFL,0,FC Struga,1516,1502.0,1 - 2,KF Shkupi,1476,1490.0,1,2,North Macedonia,domestic league (tier 1)
2024/08/11,1. MFL,0,FC Struga,1489,1493.0,1 - 0,GFK Tikvesh,1361,1357.0,1,0,North Macedonia,domestic league (tier 1)
2024/08/18,1. MFL,0,FC Struga,1493,1495.0,1 - 0,KF Besa Dobërdoll,1223,1221.0,1,0,North Macedonia,domestic league (tier 1)
2024/08/31,1. MFL,0,FC Struga,1478,1484.0,2 - 0,FK AP Brera Strumica,1321,1315.0,2,0,North Macedonia,domestic league (tier 1)
2024/09/22,1. MFL,0,FC Struga,1479,1456.0,0 - 3,KF Shkupi,1457,1480.0,0,3,North Macedonia,domestic league (tier 1)
2024/09/29,1. MFL,0,FC Struga,1453,1447.0,2 - 2,KF Gostivari,1331,1337.0,2,2,North Macedonia,domestic league (tier 1)
2024/10/20,1. MFL,0,FC Struga,1461,1435.0,1 - 4,Sileks Kratovo,1374,1400.0,1,4,North Macedonia,domestic league (tier 1)
2024/10/23,North Macedonia Cup,0,FC Struga,1435,1441.0,2 - 0,Makedonija GP,1280,1274.0,2,0,North Macedonia,domestic cup
2024/11/09,1. MFL,0,FC Struga,1461,1467.0,1 - 0,FK Rabotnicki,1408,1402.0,1,0,North Macedonia,domestic league (tier 1)
2024/11/27,1. MFL,0,FC Struga,1465,1467.0,1 - 0,FK Pelister,1221,1219.0,1,0,North Macedonia,domestic league (tier 1)
2024/12/08,1. MFL,0,FC Struga,1453,1456.0,2 - 1,FK Voska Sport,1243,1240.0,2,1,North Macedonia,domestic league (tier 1)
2025/02/22,1. MFL,0,FC Struga,1447,1421.0,0 - 2,Vardar Skopje,1239,1265.0,0,2,North Macedonia,domestic league (tier 1)
2025/02/26,North Macedonia Cup,0,FC Struga,1421,1428.0,1 - 0,KF Gostivari,1401,1394.0,1,0,North Macedonia,domestic cup
2025/03/05,1. MFL,0,FC Struga,1417,1435.0,3 - 0,KF Shkëndija 79,1527,1509.0,3,0,North Macedonia,domestic league (tier 1)
2025/03/09,1. MFL,0,FC Struga,1435,1438.0,1 - 0,FK Voska Sport,1252,1249.0,1,0,North Macedonia,domestic league (tier 1)
2025/03/31,1. MFL,0,FC Struga,1424,1420.0,0 - 0,KF Shkupi,1397,1401.0,0,0,North Macedonia,domestic league (tier 1)
2025/04/05,1. MFL,0,FC Struga,1420,1426.0,4 - 1,FK Pelister,1237,1231.0,4,1,North Macedonia,domestic league (tier 1)
2025/04/19,1. MFL,0,FC Struga,1453,1448.0,1 - 1,KF Gostivari,1364,1369.0,1,1,North Macedonia,domestic league (tier 1)
2025/04/23,North Macedonia Cup,0,FC Struga,1448,1447.0,1 - 1,KF Shkëndija 79,1512,1513.0,1,1,North Macedonia,domestic cup
2025/05/04,1. MFL,0,FC Struga,1450,1449.0,1 - 1,KF Shkëndija 79,1507,1508.0,1,1,North Macedonia,domestic league (tier 1)
2025/05/11,1. MFL,0,FC Struga,1450,1443.0,1 - 1,FK AP Brera Strumica,1244,1251.0,1,1,North Macedonia,domestic league (tier 1)
2025/08/09,1. MFL,0,FC Struga,1429,1435.0,2 - 0,Makedonija GP,1274,1268.0,2,0,North Macedonia,domestic league (tier 1)
2025/08/22,1. MFL,0,FC Struga,1442,1449.0,2 - 0,FK Rabotnicki,1346,1339.0,2,0,North Macedonia,domestic league (tier 1)
2025/09/14,1. MFL,0,FC Struga,1465,1471.0,3 - 0,GFK Tikvesh,1290,1284.0,3,0,North Macedonia,domestic league (tier 1)
2025/09/17,1. MFL,0,FC Struga,1471,1471.0,1 - 1,KF Shkëndija 79,1557,1557.0,1,1,North Macedonia,domestic league (tier 1)
2025/09/29,1. MFL,0,FC Struga,1491,1494.0,2 - 0,FK Pelister,1193,1190.0,2,0,North Macedonia,domestic league (tier 1)
2025/10/25,1. MFL,0,FC Struga,1510,1484.0,2 - 4,FK AP Brera Strumica,1268,1294.0,2,4,North Macedonia,domestic league (tier 1)
2025/11/08,1. MFL,0,FC Struga,1500,1505.0,4 - 0,KF Arsimi,1267,1262.0,4,0,North Macedonia,domestic league (tier 1)
2025/11/30,1. MFL,0,FC Struga,1515,1520.0,6 - 0,KF Bashkimi,1274,1269.0,6,0,North Macedonia,domestic league (tier 1)
2026/02/15,1. MFL,0,FC Struga,1518,1504.0,2 - 3,Sileks Kratovo,1463,1477.0,2,3,North Macedonia,domestic league (tier 1)
2026/02/28,1. MFL,0,FC Struga,1499,1497.0,1 - 1,Vardar Skopje,1511,1513.0,1,1,North Macedonia,domestic league (tier 1)
2026/03/07,1. MFL,0,FC Struga,1494,1496.0,5 - 0,KF Shkupi,1099,1097.0,5,0,North Macedonia,domestic league (tier 1)
2026/03/14,1. MFL,0,FC Struga,1496,1500.0,3 - 0,Makedonija GP,1259,1255.0,3,0,North Macedonia,domestic league (tier 1)
2026/03/18,North Macedonia Cup,0,FC Struga,1500,1500.0,2 - 2,KF Shkëndija 79,1584,1584.0,2,2,North Macedonia,domestic cup
2026/04/05,1. MFL,0,FC Struga,1509,1492.0,1 - 2,FK Rabotnicki,1283,1300.0,1,2,North Macedonia,domestic league (tier 1)
2026/04/13,1. MFL,0,FC Struga,1497,1481.0,1 - 2,GFK Tikvesh,1353,1369.0,1,2,North Macedonia,domestic league (tier 1)
2026/04/27,1. MFL,0,FC Struga,1494,1503.0,2 - 0,Sileks Kratovo,1460,1451.0,2,0,North Macedonia,domestic league (tier 1)
2026/05/03,1. MFL,0,FC Struga,1503,1486.0,0 - 1,FK AP Brera Strumica,1268,1285.0,0,1,North Macedonia,domestic league (tier 1)
2026/05/15,1. MFL,0,FC Struga,1478,1467.0,0 - 1,Vardar Skopje,1534,1545.0,0,1,North Macedonia,domestic league (tier 1)
2026/07/25,1. MFL,0,FC Struga,1455,1457.0,3 - 0,Shkëndija Haraçinë,1023,1021.0,3,0,North Macedonia,domestic league (tier 1)
2026/08/16,1. MFL,0,FC Struga,1453,1462.0,1 - 0,Vardar Skopje,1524,1515.0,1,0,North Macedonia,domestic league (tier 1)
2026/08/28,1. MFL,0,FC Struga,1458,1464.0,4 - 0,FK Bregalnica Štip,1256,1250.0,4,0,North Macedonia,domestic league (tier 1)
2026/09/07,1. MFL,0,FC Struga,1464,,Info,Sileks Kratovo,1419,,,,North Macedonia,domestic league (tier 1)
2023/08/06,1. MFL,0,FK AP Brera Strumica,1338,1345.0,1 - 0,Vardar Skopje,1331,1324.0,1,0,North Macedonia,domestic league (tier 1)
2023/08/13,1. MFL,0,FK AP Brera Strumica,1345,1350.0,2 - 0,FK Voska Sport,1149,1144.0,2,0,North Macedonia,domestic league (tier 1)
2023/08/24,1. MFL,0,FK AP Brera Strumica,1367,1376.0,2 - 0,GFK Tikvesh,1329,1320.0,2,0,North Macedonia,domestic league (tier 1)
2023/09/02,1. MFL,0,FK AP Brera Strumica,1368,1364.0,0 - 0,FK Rabotnicki,1323,1327.0,0,0,North Macedonia,domestic league (tier 1)
2023/09/24,1. MFL,0,FK AP Brera Strumica,1360,1359.0,1 - 1,Sileks Kratovo,1408,1409.0,1,1,North Macedonia,domestic league (tier 1)
2023/10/07,1. MFL,0,FK AP Brera Strumica,1352,1335.0,0 - 1,KF Gostivari,1122,1139.0,0,1,North Macedonia,domestic league (tier 1)
2023/10/25,North Macedonia Cup,0,FK AP Brera Strumica,1342,1335.0,0 - 0,KF Gostivari,1137,1144.0,0,0,North Macedonia,domestic cup
2023/11/11,1. MFL,0,FK AP Brera Strumica,1328,1341.0,2 - 1,FC Struga,1517,1504.0,2,1,North Macedonia,domestic league (tier 1)
2023/11/29,1. MFL,0,FK AP Brera Strumica,1333,1329.0,1 - 1,FK Bregalnica Štip,1280,1284.0,1,1,North Macedonia,domestic league (tier 1)
2023/12/10,1. MFL,0,FK AP Brera Strumica,1322,1315.0,0 - 1,KF Shkupi,1540,1547.0,0,1,North Macedonia,domestic league (tier 1)
2024/02/25,1. MFL,0,FK AP Brera Strumica,1329,1342.0,3 - 0,Makedonija GP,1335,1322.0,3,0,North Macedonia,domestic league (tier 1)
2024/03/06,1. MFL,0,FK AP Brera Strumica,1326,1329.0,0 - 0,KF Shkëndija 79,1515,1512.0,0,0,North Macedonia,domestic league (tier 1)
2024/03/31,1. MFL,0,FK AP Brera Strumica,1318,1325.0,2 - 1,FK Rabotnicki,1317,1310.0,2,1,North Macedonia,domestic league (tier 1)
2024/04/13,1. MFL,0,FK AP Brera Strumica,1315,1321.0,1 - 0,FK Voska Sport,1253,1247.0,1,0,North Macedonia,domestic league (tier 1)
2024/04/28,1. MFL,0,FK AP Brera Strumica,1321,1330.0,2 - 0,Vardar Skopje,1285,1276.0,2,0,North Macedonia,domestic league (tier 1)
2024/05/04,1. MFL,0,FK AP Brera Strumica,1327,1322.0,1 - 1,FK Bregalnica Štip,1232,1237.0,1,1,North Macedonia,domestic league (tier 1)
2024/05/18,1. MFL,0,FK AP Brera Strumica,1328,1337.0,5 - 3,Makedonija GP,1290,1281.0,5,3,North Macedonia,domestic league (tier 1)
2024/08/11,1. MFL,0,FK AP Brera Strumica,1337,1347.0,3 - 1,Vardar Skopje,1306,1296.0,3,1,North Macedonia,domestic league (tier 1)
2024/08/25,1. MFL,0,FK AP Brera Strumica,1333,1321.0,0 - 2,KF Shkëndija 79,1495,1507.0,0,2,North Macedonia,domestic league (tier 1)
2024/09/15,1. MFL,0,FK AP Brera Strumica,1315,1320.0,3 - 2,KF Besa Dobërdoll,1233,1228.0,3,2,North Macedonia,domestic league (tier 1)
2024/09/25,1. MFL,0,FK AP Brera Strumica,1324,1321.0,0 - 0,GFK Tikvesh,1324,1327.0,0,0,North Macedonia,domestic league (tier 1)
2024/09/29,1. MFL,0,FK AP Brera Strumica,1321,1330.0,4 - 0,FK Pelister,1215,1206.0,4,0,North Macedonia,domestic league (tier 1)
2024/10/20,1. MFL,0,FK AP Brera Strumica,1324,1319.0,1 - 1,FK Voska Sport,1248,1253.0,1,1,North Macedonia,domestic league (tier 1)
2024/10/23,North Macedonia Cup,0,FK AP Brera Strumica,1319,1328.0,2 - 0,KF Besa Dobërdoll,1259,1250.0,2,0,North Macedonia,domestic cup
2024/11/03,1. MFL,0,FK AP Brera Strumica,1328,1317.0,0 - 1,Sileks Kratovo,1402,1413.0,0,1,North Macedonia,domestic league (tier 1)
2024/11/24,1. MFL,0,FK AP Brera Strumica,1314,1316.0,1 - 1,FC Struga,1467,1465.0,1,1,North Macedonia,domestic league (tier 1)
2024/12/03,1. MFL,0,FK AP Brera Strumica,1326,1311.0,1 - 3,FK Rabotnicki,1422,1437.0,1,3,North Macedonia,domestic league (tier 1)
2025/02/23,1. MFL,0,FK AP Brera Strumica,1300,1291.0,1 - 2,KF Shkupi,1430,1439.0,1,2,North Macedonia,domestic league (tier 1)
2025/03/05,1. MFL,0,FK AP Brera Strumica,1278,1268.0,0 - 1,KF Gostivari,1392,1402.0,0,1,North Macedonia,domestic league (tier 1)
2025/03/15,1. MFL,0,FK AP Brera Strumica,1274,1262.0,0 - 2,Sileks Kratovo,1438,1450.0,0,2,North Macedonia,domestic league (tier 1)
2025/04/06,1. MFL,0,FK AP Brera Strumica,1260,1243.0,0 - 2,Vardar Skopje,1323,1340.0,0,2,North Macedonia,domestic league (tier 1)
2025/04/23,North Macedonia Cup,0,FK AP Brera Strumica,1241,1241.0,1 - 1,Vardar Skopje,1345,1345.0,1,1,North Macedonia,domestic cup
2025/05/07,1. MFL,0,FK AP Brera Strumica,1233,1244.0,4 - 3,KF Shkupi,1361,1350.0,4,3,North Macedonia,domestic league (tier 1)
2025/05/17,1. MFL,0,FK AP Brera Strumica,1251,1262.0,3 - 2,FK Rabotnicki,1388,1377.0,3,2,North Macedonia,domestic league (tier 1)
2025/08/18,1. MFL,0,FK AP Brera Strumica,1256,1242.0,1 - 2,FK Pelister,1205,1219.0,1,2,North Macedonia,domestic league (tier 1)
2025/09/13,1. MFL,0,FK AP Brera Strumica,1251,1259.0,1 - 0,KF Shkupi,1294,1286.0,1,0,North Macedonia,domestic league (tier 1)
2025/09/22,1. MFL,0,FK AP Brera Strumica,1248,1255.0,2 - 1,KF Arsimi,1250,1243.0,2,1,North Macedonia,domestic league (tier 1)
2025/10/04,1. MFL,0,FK AP Brera Strumica,1270,1268.0,1 - 1,KF Bashkimi,1284,1286.0,1,1,North Macedonia,domestic league (tier 1)
2025/10/31,1. MFL,0,FK AP Brera Strumica,1294,1288.0,2 - 3,KF Shkëndija 79,1554,1560.0,2,3,North Macedonia,domestic league (tier 1)
2025/11/05,1. MFL,0,FK AP Brera Strumica,1288,1290.0,3 - 3,Sileks Kratovo,1473,1471.0,3,3,North Macedonia,domestic league (tier 1)
2025/11/22,1. MFL,0,FK AP Brera Strumica,1280,1269.0,0 - 2,Vardar Skopje,1482,1493.0,0,2,North Macedonia,domestic league (tier 1)
2025/11/29,1. MFL,0,FK AP Brera Strumica,1269,1247.0,0 - 4,GFK Tikvesh,1303,1325.0,0,4,North Macedonia,domestic league (tier 1)
2026/02/12,1. MFL,0,FK AP Brera Strumica,1263,1260.0,1 - 1,Makedonija GP,1256,1259.0,1,1,North Macedonia,domestic league (tier 1)
2026/02/20,1. MFL,0,FK AP Brera Strumica,1281,1267.0,3 - 4,FK Rabotnicki,1230,1244.0,3,4,North Macedonia,domestic league (tier 1)
2026/03/03,1. MFL,0,FK AP Brera Strumica,1286,1289.0,0 - 0,FC Struga,1497,1494.0,0,0,North Macedonia,domestic league (tier 1)
2026/04/03,1. MFL,0,FK AP Brera Strumica,1283,1290.0,2 - 1,KF Arsimi,1273,1266.0,2,1,North Macedonia,domestic league (tier 1)
2026/04/14,1. MFL,0,FK AP Brera Strumica,1292,1288.0,1 - 1,Makedonija GP,1235,1239.0,1,1,North Macedonia,domestic league (tier 1)
2026/04/26,1. MFL,0,FK AP Brera Strumica,1281,1268.0,0 - 1,FK Pelister,1260,1273.0,0,1,North Macedonia,domestic league (tier 1)
2026/05/10,1. MFL,0,FK AP Brera Strumica,1285,1282.0,2 - 2,FK Rabotnicki,1286,1289.0,2,2,North Macedonia,domestic league (tier 1)
2026/05/24,1. MFL,0,FK AP Brera Strumica,1280,1285.0,6 - 0,KF Shkupi,1028,1023.0,6,0,North Macedonia,domestic league (tier 1)
2026/05/31,1. MFL rel.,0,FK AP Brera Strumica,1285,1270.0,0 - 1,FK Skopje,1196,1211.0,0,1,North Macedonia,domestic relegation
2018/08/19,1. MFL,0,FK Belasica,1076,1068.0,0 - 2,Akademija Pandev,1365,1373.0,0,2,North Macedonia,domestic league (tier 1)
2018/09/01,1. MFL,0,FK Belasica,1067,1074.0,1 - 1,Vardar Skopje,1505,1498.0,1,1,North Macedonia,domestic league (tier 1)
2018/09/26,1. MFL,0,FK Belasica,1134,1149.0,1 - 0,KF Shkupi,1421,1406.0,1,0,North Macedonia,domestic league (tier 1)
2018/10/06,1. MFL,0,FK Belasica,1174,1177.0,1 - 1,Sileks Kratovo,1386,1383.0,1,1,North Macedonia,domestic league (tier 1)
2018/10/21,1. MFL,0,FK Belasica,1177,1189.0,2 - 1,FK Pobeda,1357,1345.0,2,1,North Macedonia,domestic league (tier 1)
2018/10/31,1. MFL,0,FK Belasica,1183,1180.0,0 - 2,KF Shkëndija 79,1672,1675.0,0,2,North Macedonia,domestic league (tier 1)
2018/11/10,1. MFL,0,FK Belasica,1213,1195.0,1 - 4,Makedonija GP,1297,1315.0,1,4,North Macedonia,domestic league (tier 1)
2018/11/22,1. MFL,0,FK Belasica,1195,1214.0,3 - 1,FK Renova,1382,1363.0,3,1,North Macedonia,domestic league (tier 1)
2018/11/28,1. MFL,0,FK Belasica,1211,1205.0,1 - 2,FK Rabotnicki,1442,1448.0,1,2,North Macedonia,domestic league (tier 1)
2019/02/17,1. MFL,0,FK Belasica,1218,1219.0,1 - 1,FK Pobeda,1355,1354.0,1,1,North Macedonia,domestic league (tier 1)
2019/03/10,1. MFL,0,FK Belasica,1205,1209.0,0 - 0,Vardar Skopje,1464,1460.0,0,0,North Macedonia,domestic league (tier 1)
2019/03/31,1. MFL,0,FK Belasica,1202,1223.0,2 - 0,KF Shkupi,1444,1423.0,2,0,North Macedonia,domestic league (tier 1)
2019/04/07,1. MFL,0,FK Belasica,1230,1220.0,0 - 1,Sileks Kratovo,1323,1333.0,0,1,North Macedonia,domestic league (tier 1)
2019/04/14,1. MFL,0,FK Belasica,1216,1215.0,1 - 1,FK Pobeda,1276,1277.0,1,1,North Macedonia,domestic league (tier 1)
2019/04/24,1. MFL,0,FK Belasica,1241,1258.0,2 - 1,KF Shkëndija 79,1657,1640.0,2,1,North Macedonia,domestic league (tier 1)
2019/05/04,1. MFL,0,FK Belasica,1266,1281.0,3 - 1,Makedonija GP,1364,1349.0,3,1,North Macedonia,domestic league (tier 1)
2019/05/08,1. MFL,0,FK Belasica,1281,1291.0,3 - 2,FK Renova,1382,1372.0,3,2,North Macedonia,domestic league (tier 1)
2019/05/19,1. MFL,0,FK Belasica,1297,1287.0,0 - 1,FK Rabotnicki,1388,1398.0,0,1,North Macedonia,domestic league (tier 1)
2020/08/09,1. MFL,0,FK Belasica,1280,1262.0,0 - 6,Sileks Kratovo,1429,1447.0,0,6,North Macedonia,domestic league (tier 1)
2020/08/21,1. MFL,0,FK Belasica,1255,1241.0,0 - 2,KF Shkupi,1389,1403.0,0,2,North Macedonia,domestic league (tier 1)
2020/09/12,1. MFL,0,FK Belasica,1236,1228.0,0 - 3,KF Shkëndija 79,1541,1549.0,0,3,North Macedonia,domestic league (tier 1)
2020/09/20,1. MFL,0,FK Belasica,1228,1211.0,0 - 2,FK Pelister,1287,1304.0,0,2,North Macedonia,domestic league (tier 1)
2020/10/03,1. MFL,0,FK Belasica,1208,1209.0,1 - 1,FK Renova,1344,1343.0,1,1,North Macedonia,domestic league (tier 1)
2020/10/25,1. MFL,0,FK Belasica,1216,1215.0,2 - 2,FK Borec,1288,1289.0,2,2,North Macedonia,domestic league (tier 1)
2020/11/29,1. MFL,0,FK Belasica,1232,1233.0,2 - 2,FK Rabotnicki,1369,1368.0,2,2,North Macedonia,domestic league (tier 1)
2020/12/06,1. MFL,0,FK Belasica,1228,1217.0,1 - 3,Makedonija GP,1422,1433.0,1,3,North Macedonia,domestic league (tier 1)
2020/12/16,1. MFL,0,FK Belasica,1209,1198.0,0 - 3,Vardar Skopje,1442,1453.0,0,3,North Macedonia,domestic league (tier 1)
2021/02/28,1. MFL,0,FK Belasica,1222,1213.0,1 - 2,FC Struga,1354,1363.0,1,2,North Macedonia,domestic league (tier 1)
2021/03/07,1. MFL,0,FK Belasica,1208,1209.0,0 - 0,Akademija Pandev,1330,1329.0,0,0,North Macedonia,domestic league (tier 1)
2021/03/20,1. MFL,0,FK Belasica,1204,1206.0,1 - 1,FK Rabotnicki,1392,1390.0,1,1,North Macedonia,domestic league (tier 1)
2021/04/11,1. MFL,0,FK Belasica,1200,1188.0,0 - 2,Makedonija GP,1366,1378.0,0,2,North Macedonia,domestic league (tier 1)
2021/04/18,1. MFL,0,FK Belasica,1206,1201.0,0 - 3,KF Shkëndija 79,1612,1617.0,0,3,North Macedonia,domestic league (tier 1)
2021/04/28,1. MFL,0,FK Belasica,1197,1185.0,1 - 3,Sileks Kratovo,1368,1380.0,1,3,North Macedonia,domestic league (tier 1)
2021/05/09,1. MFL,0,FK Belasica,1179,1168.0,0 - 2,Akademija Pandev,1364,1375.0,0,2,North Macedonia,domestic league (tier 1)
2021/10/20,North Macedonia Cup,0,FK Belasica,1163,1151.0,2 - 4,Sileks Kratovo,1338,1350.0,2,4,North Macedonia,domestic cup
2022/09/14,North Macedonia Cup,0,FK Belasica,1147,1141.0,1 - 3,KF Shkupi,1474,1480.0,1,3,North Macedonia,domestic cup
2023/09/20,North Macedonia Cup,0,FK Belasica,1141,1137.0,0 - 0,KF Gostivari,1085,1089.0,0,0,North Macedonia,domestic cup
2024/10/02,North Macedonia Cup,0,FK Belasica,1137,1138.0,2 - 2,Makedonija GP,1281,1280.0,2,2,North Macedonia,domestic cup
2025/08/27,North Macedonia Cup,0,FK Belasica,1138,1138.0,2 - 2,KF Arsimi,1246,1246.0,2,2,North Macedonia,domestic cup
2019/08/18,1. MFL,0,FK Borec,1123,1129.0,0 - 0,Vardar Skopje,1462,1456.0,0,0,North Macedonia,domestic league (tier 1)
2019/08/31,1. MFL,0,FK Borec,1126,1144.0,1 - 0,KF Shkëndija 79,1577,1559.0,1,0,North Macedonia,domestic league (tier 1)
2019/09/21,1. MFL,0,FK Borec,1135,1139.0,1 - 1,FK Rabotnicki,1369,1365.0,1,1,North Macedonia,domestic league (tier 1)
2019/10/05,1. MFL,0,FK Borec,1138,1148.0,3 - 2,FC Struga,1245,1235.0,3,2,North Macedonia,domestic league (tier 1)
2019/10/19,1. MFL,0,FK Borec,1148,1163.0,2 - 1,KF Shkupi,1419,1404.0,2,1,North Macedonia,domestic league (tier 1)
2019/10/27,1. MFL,0,FK Borec,1161,1176.0,1 - 0,Akademija Pandev,1468,1453.0,1,0,North Macedonia,domestic league (tier 1)
2019/11/09,1. MFL,0,FK Borec,1169,1171.0,1 - 1,Makedonija GP,1345,1343.0,1,1,North Macedonia,domestic league (tier 1)
2019/11/24,1. MFL,0,FK Borec,1171,1174.0,0 - 0,Sileks Kratovo,1386,1383.0,0,0,North Macedonia,domestic league (tier 1)
2019/12/01,1. MFL,0,FK Borec,1170,1182.0,1 - 0,FK Renova,1340,1328.0,1,0,North Macedonia,domestic league (tier 1)
2020/02/22,1. MFL,0,FK Borec,1183,1179.0,0 - 1,Vardar Skopje,1532,1536.0,0,1,North Macedonia,domestic league (tier 1)
2020/03/08,1. MFL,0,FK Borec,1186,1211.0,4 - 2,KF Shkëndija 79,1566,1541.0,4,2,North Macedonia,domestic league (tier 1)
2020/08/16,1. MFL,0,FK Borec,1253,1253.0,1 - 1,FK Renova,1361,1361.0,1,1,North Macedonia,domestic league (tier 1)
2020/09/13,1. MFL,0,FK Borec,1255,1269.0,2 - 0,Akademija Pandev,1335,1321.0,2,0,North Macedonia,domestic league (tier 1)
2020/09/26,1. MFL,0,FK Borec,1286,1286.0,0 - 0,FK Rabotnicki,1393,1393.0,0,0,North Macedonia,domestic league (tier 1)
2020/10/18,1. MFL,0,FK Borec,1278,1288.0,2 - 1,Makedonija GP,1368,1358.0,2,1,North Macedonia,domestic league (tier 1)
2020/11/07,1. MFL,0,FK Borec,1289,1302.0,3 - 0,FK Pelister,1303,1290.0,3,0,North Macedonia,domestic league (tier 1)
2020/11/21,1. MFL,0,FK Borec,1302,1289.0,0 - 2,Vardar Skopje,1437,1450.0,0,2,North Macedonia,domestic league (tier 1)
2020/12/02,1. MFL,0,FK Borec,1283,1292.0,2 - 1,FC Struga,1339,1330.0,2,1,North Macedonia,domestic league (tier 1)
2020/12/05,1. MFL,0,FK Borec,1292,1285.0,0 - 2,KF Shkëndija 79,1584,1591.0,0,2,North Macedonia,domestic league (tier 1)
2020/12/13,1. MFL,0,FK Borec,1278,1294.0,2 - 0,Sileks Kratovo,1391,1375.0,2,0,North Macedonia,domestic league (tier 1)
2021/02/21,1. MFL,0,FK Borec,1289,1280.0,0 - 1,KF Shkupi,1420,1429.0,0,1,North Macedonia,domestic league (tier 1)
2021/03/03,1. MFL,0,FK Borec,1286,1291.0,2 - 1,FK Belasica,1213,1208.0,2,1,North Macedonia,domestic league (tier 1)
2021/03/14,1. MFL,0,FK Borec,1284,1289.0,1 - 0,FK Belasica,1209,1204.0,1,0,North Macedonia,domestic league (tier 1)
2021/03/21,1. MFL,0,FK Borec,1289,1287.0,0 - 0,FK Pelister,1315,1317.0,0,0,North Macedonia,domestic league (tier 1)
2021/04/11,1. MFL,0,FK Borec,1282,1271.0,0 - 1,FC Struga,1337,1348.0,0,1,North Macedonia,domestic league (tier 1)
2021/04/18,1. MFL,0,FK Borec,1266,1258.0,0 - 1,KF Shkupi,1420,1428.0,0,1,North Macedonia,domestic league (tier 1)
2021/04/28,1. MFL,0,FK Borec,1256,1271.0,2 - 0,Vardar Skopje,1349,1334.0,2,0,North Macedonia,domestic league (tier 1)
2021/05/09,1. MFL,0,FK Borec,1276,1290.0,2 - 0,FK Renova,1344,1330.0,2,0,North Macedonia,domestic league (tier 1)
2021/08/15,1. MFL,0,FK Borec,1278,1282.0,2 - 1,GFK Tikvesh,1133,1129.0,2,1,North Macedonia,domestic league (tier 1)
2021/08/22,1. MFL,0,FK Borec,1273,1271.0,1 - 1,FK Bregalnica Štip,1291,1293.0,1,1,North Macedonia,domestic league (tier 1)
2021/09/12,1. MFL,0,FK Borec,1267,1275.0,2 - 1,FK Pelister,1309,1301.0,2,1,North Macedonia,domestic league (tier 1)
2021/09/26,1. MFL,0,FK Borec,1269,1250.0,0 - 2,FK Skopje,1275,1294.0,0,2,North Macedonia,domestic league (tier 1)
2021/10/24,1. MFL,0,FK Borec,1259,1250.0,1 - 2,Akademija Pandev,1398,1407.0,1,2,North Macedonia,domestic league (tier 1)
2021/10/30,1. MFL,0,FK Borec,1250,1241.0,0 - 1,FK Rabotnicki,1389,1398.0,0,1,North Macedonia,domestic league (tier 1)
2021/11/21,1. MFL,0,FK Borec,1231,1215.0,1 - 4,FK Renova,1369,1385.0,1,4,North Macedonia,domestic league (tier 1)
2021/12/05,1. MFL,0,FK Borec,1211,1212.0,1 - 1,Makedonija GP,1362,1361.0,1,1,North Macedonia,domestic league (tier 1)
2021/12/12,1. MFL,0,FK Borec,1232,1223.0,0 - 3,KF Shkupi,1513,1522.0,0,3,North Macedonia,domestic league (tier 1)
2022/02/19,1. MFL,0,FK Borec,1228,1221.0,0 - 3,KF Shkëndija 79,1555,1562.0,0,3,North Macedonia,domestic league (tier 1)
2022/02/27,1. MFL,0,FK Borec,1221,1213.0,0 - 1,FC Struga,1388,1396.0,0,1,North Macedonia,domestic league (tier 1)
2022/03/19,1. MFL,0,FK Borec,1201,1194.0,0 - 1,Makedonija GP,1422,1429.0,0,1,North Macedonia,domestic league (tier 1)
2022/04/06,1. MFL,0,FK Borec,1203,1207.0,1 - 1,Akademija Pandev,1436,1432.0,1,1,North Macedonia,domestic league (tier 1)
2022/04/16,1. MFL,0,FK Borec,1205,1223.0,2 - 0,FC Struga,1364,1346.0,2,0,North Macedonia,domestic league (tier 1)
2022/05/01,1. MFL,0,FK Borec,1208,1217.0,1 - 0,FK Skopje,1269,1260.0,1,0,North Macedonia,domestic league (tier 1)
2022/05/15,1. MFL,0,FK Borec,1205,1189.0,1 - 5,FK Renova,1361,1377.0,1,5,North Macedonia,domestic league (tier 1)
2016/08/07,1. MFL,0,FK Bregalnica Štip,1386,1384.0,1 - 1,FK Renova,1409,1411.0,1,1,North Macedonia,domestic league (tier 1)
2016/08/21,1. MFL,0,FK Bregalnica Štip,1368,1348.0,0 - 2,Sileks Kratovo,1359,1379.0,0,2,North Macedonia,domestic league (tier 1)
2016/09/11,1. MFL,0,FK Bregalnica Štip,1344,1350.0,1 - 1,KF Shkëndija 79,1678,1672.0,1,1,North Macedonia,domestic league (tier 1)
2016/09/25,1. MFL,0,FK Bregalnica Štip,1357,1363.0,1 - 0,KF Shkupi,1292,1286.0,1,0,North Macedonia,domestic league (tier 1)
2016/09/28,1. MFL,0,FK Bregalnica Štip,1363,1348.0,1 - 2,Makedonija GP,1278,1293.0,1,2,North Macedonia,domestic league (tier 1)
2016/10/23,1. MFL,0,FK Bregalnica Štip,1355,1352.0,0 - 0,FK Pelister,1353,1356.0,0,0,North Macedonia,domestic league (tier 1)
2016/11/05,1. MFL,0,FK Bregalnica Štip,1345,1341.0,0 - 1,Vardar Skopje,1670,1674.0,0,1,North Macedonia,domestic league (tier 1)
2016/11/20,1. MFL,0,FK Bregalnica Štip,1338,1324.0,2 - 3,FK Pobeda,1305,1319.0,2,3,North Macedonia,domestic league (tier 1)
2016/12/04,1. MFL,0,FK Bregalnica Štip,1331,1332.0,0 - 0,FK Rabotnicki,1477,1476.0,0,0,North Macedonia,domestic league (tier 1)
2017/02/19,1. MFL,0,FK Bregalnica Štip,1343,1332.0,0 - 1,FK Renova,1415,1426.0,0,1,North Macedonia,domestic league (tier 1)
2017/03/05,1. MFL,0,FK Bregalnica Štip,1327,1326.0,3 - 3,Sileks Kratovo,1380,1381.0,3,3,North Macedonia,domestic league (tier 1)
2017/03/18,1. MFL,0,FK Bregalnica Štip,1323,1317.0,1 - 3,KF Shkëndija 79,1660,1666.0,1,3,North Macedonia,domestic league (tier 1)
2017/04/05,1. MFL,0,FK Bregalnica Štip,1319,1332.0,3 - 0,KF Shkupi,1317,1304.0,3,0,North Macedonia,domestic league (tier 1)
2017/04/09,1. MFL,0,FK Bregalnica Štip,1332,1338.0,1 - 0,Makedonija GP,1265,1259.0,1,0,North Macedonia,domestic league (tier 1)
2017/04/26,1. MFL,0,FK Bregalnica Štip,1317,1316.0,1 - 1,FK Pelister,1391,1392.0,1,1,North Macedonia,domestic league (tier 1)
2017/05/03,1. MFL,0,FK Bregalnica Štip,1310,1316.0,3 - 3,Vardar Skopje,1671,1665.0,3,3,North Macedonia,domestic league (tier 1)
2017/05/14,1. MFL,0,FK Bregalnica Štip,1313,1300.0,1 - 2,FK Pobeda,1319,1332.0,1,2,North Macedonia,domestic league (tier 1)
2017/05/31,1. MFL,0,FK Bregalnica Štip,1275,1299.0,6 - 2,FK Rabotnicki,1474,1450.0,6,2,North Macedonia,domestic league (tier 1)
2021/08/08,1. MFL,0,FK Bregalnica Štip,1283,1284.0,0 - 0,KF Shkupi,1429,1428.0,0,0,North Macedonia,domestic league (tier 1)
2021/08/18,1. MFL,0,FK Bregalnica Štip,1287,1291.0,3 - 3,KF Shkëndija 79,1529,1525.0,3,3,North Macedonia,domestic league (tier 1)
2021/08/28,1. MFL,0,FK Bregalnica Štip,1293,1303.0,3 - 2,Akademija Pandev,1406,1396.0,3,2,North Macedonia,domestic league (tier 1)
2021/09/19,1. MFL,0,FK Bregalnica Štip,1296,1301.0,2 - 0,GFK Tikvesh,1114,1109.0,2,0,North Macedonia,domestic league (tier 1)
2021/10/02,1. MFL,0,FK Bregalnica Štip,1291,1302.0,1 - 0,FC Struga,1422,1411.0,1,0,North Macedonia,domestic league (tier 1)
2021/10/16,1. MFL,0,FK Bregalnica Štip,1302,1316.0,4 - 1,Makedonija GP,1339,1325.0,4,1,North Macedonia,domestic league (tier 1)
2021/10/20,North Macedonia Cup,0,FK Bregalnica Štip,1316,1321.0,4 - 0,FK Ohrid,1105,1100.0,4,0,North Macedonia,domestic cup
2021/11/06,1. MFL,0,FK Bregalnica Štip,1334,1341.0,2 - 1,FK Skopje,1314,1307.0,2,1,North Macedonia,domestic league (tier 1)
2021/11/28,1. MFL,0,FK Bregalnica Štip,1338,1342.0,2 - 1,FK Borec,1215,1211.0,2,1,North Macedonia,domestic league (tier 1)
2021/12/08,1. MFL,0,FK Bregalnica Štip,1350,1337.0,1 - 2,FK Rabotnicki,1348,1361.0,1,2,North Macedonia,domestic league (tier 1)
2022/02/12,1. MFL,0,FK Bregalnica Štip,1350,1338.0,1 - 2,FK Renova,1362,1374.0,1,2,North Macedonia,domestic league (tier 1)
2022/03/09,1. MFL,0,FK Bregalnica Štip,1336,1340.0,2 - 1,FK Pelister,1194,1190.0,2,1,North Macedonia,domestic league (tier 1)
2022/03/13,1. MFL,0,FK Bregalnica Štip,1340,1347.0,3 - 0,FK Borec,1208,1201.0,3,0,North Macedonia,domestic league (tier 1)
2022/04/03,1. MFL,0,FK Bregalnica Štip,1330,1328.0,2 - 2,FK Renova,1363,1365.0,2,2,North Macedonia,domestic league (tier 1)
2022/04/06,1. MFL,0,FK Bregalnica Štip,1328,1306.0,0 - 3,FK Rabotnicki,1345,1367.0,0,3,North Macedonia,domestic league (tier 1)
2022/04/17,1. MFL,0,FK Bregalnica Štip,1312,1316.0,0 - 0,KF Shkëndija 79,1542,1538.0,0,0,North Macedonia,domestic league (tier 1)
2022/04/30,1. MFL,0,FK Bregalnica Štip,1312,1336.0,4 - 1,KF Shkupi,1558,1534.0,4,1,North Macedonia,domestic league (tier 1)
2022/05/08,1. MFL,0,FK Bregalnica Štip,1329,1334.0,1 - 0,GFK Tikvesh,1220,1215.0,1,0,North Macedonia,domestic league (tier 1)
2022/08/14,1. MFL,0,FK Bregalnica Štip,1334,1323.0,0 - 1,FC Struga,1391,1402.0,0,1,North Macedonia,domestic league (tier 1)
2022/08/28,1. MFL,0,FK Bregalnica Štip,1323,1333.0,1 - 0,Makedonija GP,1414,1404.0,1,0,North Macedonia,domestic league (tier 1)
2022/09/04,1. MFL,0,FK Bregalnica Štip,1333,1351.0,2 - 0,KF Shkupi,1506,1488.0,2,0,North Macedonia,domestic league (tier 1)
2022/10/01,1. MFL,0,FK Bregalnica Štip,1339,1319.0,1 - 3,FK Rabotnicki,1323,1343.0,1,3,North Macedonia,domestic league (tier 1)
2022/10/05,North Macedonia Cup,0,FK Bregalnica Štip,1319,1323.0,1 - 0,FK Pelister,1186,1182.0,1,0,North Macedonia,domestic cup
2022/10/15,1. MFL,0,FK Bregalnica Štip,1330,1318.0,2 - 3,Sileks Kratovo,1375,1387.0,2,3,North Macedonia,domestic league (tier 1)
2022/10/25,1. MFL,0,FK Bregalnica Štip,1318,1327.0,1 - 0,Akademija Pandev,1396,1387.0,1,0,North Macedonia,domestic league (tier 1)
2022/11/06,1. MFL,0,FK Bregalnica Štip,1333,1339.0,2 - 1,GFK Tikvesh,1276,1270.0,2,1,North Macedonia,domestic league (tier 1)
2022/12/11,1. MFL,0,FK Bregalnica Štip,1332,1326.0,2 - 2,FK Pobeda Junior,1185,1191.0,2,2,North Macedonia,domestic league (tier 1)
2023/02/19,1. MFL,0,FK Bregalnica Štip,1326,1321.0,0 - 0,FK Skopje,1244,1249.0,0,0,North Macedonia,domestic league (tier 1)
2023/03/05,1. MFL,0,FK Bregalnica Štip,1334,1337.0,0 - 0,KF Shkëndija 79,1527,1524.0,0,0,North Macedonia,domestic league (tier 1)
2023/03/12,1. MFL,0,FK Bregalnica Štip,1351,1357.0,4 - 0,FK Pobeda Junior,1159,1153.0,4,0,North Macedonia,domestic league (tier 1)
2023/04/02,1. MFL,0,FK Bregalnica Štip,1357,1352.0,0 - 0,GFK Tikvesh,1284,1289.0,0,0,North Macedonia,domestic league (tier 1)
2023/04/09,1. MFL,0,FK Bregalnica Štip,1352,1361.0,2 - 1,Makedonija GP,1426,1417.0,2,1,North Macedonia,domestic league (tier 1)
2023/04/22,1. MFL,0,FK Bregalnica Štip,1365,1357.0,0 - 1,KF Shkëndija 79,1540,1548.0,0,1,North Macedonia,domestic league (tier 1)
2023/04/30,1. MFL,0,FK Bregalnica Štip,1350,1335.0,0 - 3,FC Struga,1490,1505.0,0,3,North Macedonia,domestic league (tier 1)
2023/05/10,1. MFL,0,FK Bregalnica Štip,1328,1325.0,1 - 1,Akademija Pandev,1337,1340.0,1,1,North Macedonia,domestic league (tier 1)
2023/08/06,1. MFL,0,FK Bregalnica Štip,1336,1345.0,2 - 1,Sileks Kratovo,1388,1379.0,2,1,North Macedonia,domestic league (tier 1)
2023/08/20,1. MFL,0,FK Bregalnica Štip,1339,1341.0,2 - 1,KF Gostivari,1075,1073.0,2,1,North Macedonia,domestic league (tier 1)
2023/08/27,1. MFL,0,FK Bregalnica Štip,1336,1344.0,1 - 0,FK AP Brera Strumica,1376,1368.0,1,0,North Macedonia,domestic league (tier 1)
2023/09/17,1. MFL,0,FK Bregalnica Štip,1326,1314.0,1 - 3,FC Struga,1505,1517.0,1,3,North Macedonia,domestic league (tier 1)
2023/10/01,1. MFL,0,FK Bregalnica Štip,1307,1303.0,0 - 0,Vardar Skopje,1280,1284.0,0,0,North Macedonia,domestic league (tier 1)
2023/10/07,1. MFL,0,FK Bregalnica Štip,1303,1311.0,2 - 1,FK Rabotnicki,1349,1341.0,2,1,North Macedonia,domestic league (tier 1)
2023/11/04,1. MFL,0,FK Bregalnica Štip,1313,1302.0,2 - 3,Makedonija GP,1361,1372.0,2,3,North Macedonia,domestic league (tier 1)
2023/11/08,North Macedonia Cup,0,FK Bregalnica Štip,1302,1287.0,0 - 1,FK Voska Sport,1193,1208.0,0,1,North Macedonia,domestic cup
2023/11/25,1. MFL,0,FK Bregalnica Štip,1276,1280.0,2 - 2,KF Shkëndija 79,1509,1505.0,2,2,North Macedonia,domestic league (tier 1)
2023/12/03,1. MFL,0,FK Bregalnica Štip,1284,1279.0,2 - 2,FK Voska Sport,1205,1210.0,2,2,North Macedonia,domestic league (tier 1)
2024/02/18,1. MFL,0,FK Bregalnica Štip,1277,1285.0,2 - 1,GFK Tikvesh,1319,1311.0,2,1,North Macedonia,domestic league (tier 1)
2024/03/06,1. MFL,0,FK Bregalnica Štip,1265,1270.0,0 - 0,KF Shkupi,1545,1540.0,0,0,North Macedonia,domestic league (tier 1)
2024/03/16,1. MFL,0,FK Bregalnica Štip,1264,1260.0,0 - 0,KF Gostivari,1235,1239.0,0,0,North Macedonia,domestic league (tier 1)
2024/04/07,1. MFL,0,FK Bregalnica Štip,1256,1271.0,1 - 0,KF Shkupi,1535,1520.0,1,0,North Macedonia,domestic league (tier 1)
2024/04/20,1. MFL,0,FK Bregalnica Štip,1279,1267.0,0 - 1,FK Rabotnicki,1322,1334.0,0,1,North Macedonia,domestic league (tier 1)
2024/05/01,1. MFL,0,FK Bregalnica Štip,1253,1232.0,0 - 3,Vardar Skopje,1276,1297.0,0,3,North Macedonia,domestic league (tier 1)
2024/05/18,1. MFL,0,FK Bregalnica Štip,1231,1232.0,1 - 1,Sileks Kratovo,1352,1351.0,1,1,North Macedonia,domestic league (tier 1)
2026/08/08,1. MFL,0,FK Bregalnica Štip,1230,1247.0,4 - 0,KF Arsimi,1299,1282.0,4,0,North Macedonia,domestic league (tier 1)
2026/08/21,1. MFL,0,FK Bregalnica Štip,1244,1256.0,3 - 0,KF Bashkimi,1224,1212.0,3,0,North Macedonia,domestic league (tier 1)
2026/09/04,1. MFL,0,FK Bregalnica Štip,1250,,Info,Shkëndija Haraçinë,1055,,,,North Macedonia,domestic league (tier 1)
2021/09/15,North Macedonia Cup,0,FK Gostivar,1110,1098.0,0 - 4,FK Renova,1348,1360.0,0,4,North Macedonia,domestic cup
2022/09/14,North Macedonia Cup,0,FK Gostivar,1098,1087.0,0 - 1,FK Pelister,1175,1186.0,0,1,North Macedonia,domestic cup
2024/09/18,North Macedonia Cup,0,FK Ohrid,1098,1081.0,1 - 5,KF Besa Dobërdoll,1228,1245.0,1,5,North Macedonia,domestic cup
2025/08/26,North Macedonia Cup,0,FK Ohrid,1081,1083.0,1 - 1,FK AP Brera Strumica,1249,1247.0,1,1,North Macedonia,domestic cup
2025/09/24,North Macedonia Cup,0,FK Ohrid,1083,1104.0,3 - 0,KF Shkupi,1259,1238.0,3,0,North Macedonia,domestic cup
2026/04/22,North Macedonia Cup,0,FK Ohrid,1113,1119.0,1 - 1,Sileks Kratovo,1466,1460.0,1,1,North Macedonia,domestic cup
2026/09/09,North Macedonia Cup,0,FK Osogovo,1152,,Info,FK Belasica,1138,,,,North Macedonia,domestic cup
2016/08/14,1. MFL,0,FK Pelister,1317,1333.0,3 - 0,FK Bregalnica Štip,1384,1368.0,3,0,North Macedonia,domestic league (tier 1)
2016/08/27,1. MFL,0,FK Pelister,1331,1352.0,3 - 0,FK Rabotnicki,1501,1480.0,3,0,North Macedonia,domestic league (tier 1)
2016/09/25,1. MFL,0,FK Pelister,1350,1348.0,0 - 0,Sileks Kratovo,1373,1375.0,0,0,North Macedonia,domestic league (tier 1)
2016/10/02,1. MFL,0,FK Pelister,1356,1352.0,1 - 2,KF Shkëndija 79,1687,1691.0,1,2,North Macedonia,domestic league (tier 1)
2016/10/16,1. MFL,0,FK Pelister,1352,1361.0,2 - 0,FK Pobeda,1317,1308.0,2,0,North Macedonia,domestic league (tier 1)
2016/10/30,1. MFL,0,FK Pelister,1356,1362.0,1 - 0,Makedonija GP,1294,1288.0,1,0,North Macedonia,domestic league (tier 1)
2016/11/16,1. MFL,0,FK Pelister,1377,1385.0,1 - 0,FK Renova,1420,1412.0,1,0,North Macedonia,domestic league (tier 1)
2016/11/20,1. MFL,0,FK Pelister,1385,1393.0,2 - 0,KF Shkupi,1316,1308.0,2,0,North Macedonia,domestic league (tier 1)
2016/11/30,1. MFL,0,FK Pelister,1402,1396.0,0 - 1,Vardar Skopje,1658,1664.0,0,1,North Macedonia,domestic league (tier 1)
2017/02/25,1. MFL,0,FK Pelister,1406,1411.0,2 - 1,FK Bregalnica Štip,1332,1327.0,2,1,North Macedonia,domestic league (tier 1)
2017/03/12,1. MFL,0,FK Pelister,1420,1409.0,0 - 1,FK Rabotnicki,1483,1494.0,0,1,North Macedonia,domestic league (tier 1)
2017/04/05,1. MFL,0,FK Pelister,1392,1389.0,0 - 0,Sileks Kratovo,1395,1398.0,0,0,North Macedonia,domestic league (tier 1)
2017/04/15,1. MFL,0,FK Pelister,1386,1380.0,0 - 1,KF Shkëndija 79,1648,1654.0,0,1,North Macedonia,domestic league (tier 1)
2017/04/23,1. MFL,0,FK Pelister,1386,1391.0,1 - 0,FK Pobeda,1287,1282.0,1,0,North Macedonia,domestic league (tier 1)
2017/04/30,1. MFL,0,FK Pelister,1392,1398.0,3 - 1,Makedonija GP,1253,1247.0,3,1,North Macedonia,domestic league (tier 1)
2017/05/07,1. MFL,0,FK Pelister,1403,1417.0,3 - 0,FK Renova,1439,1425.0,3,0,North Macedonia,domestic league (tier 1)
2017/05/13,1. MFL,0,FK Pelister,1417,1422.0,1 - 0,KF Shkupi,1319,1314.0,1,0,North Macedonia,domestic league (tier 1)
2017/05/28,1. MFL,0,FK Pelister,1428,1422.0,2 - 3,Vardar Skopje,1669,1675.0,2,3,North Macedonia,domestic league (tier 1)
2017/08/20,1. MFL,0,FK Pelister,1427,1425.0,1 - 1,FK Rabotnicki,1445,1447.0,1,1,North Macedonia,domestic league (tier 1)
2017/09/10,1. MFL,0,FK Pelister,1447,1440.0,0 - 0,FK Skopje,1221,1228.0,0,0,North Macedonia,domestic league (tier 1)
2017/09/24,1. MFL,0,FK Pelister,1418,1413.0,0 - 1,Vardar Skopje,1720,1725.0,0,1,North Macedonia,domestic league (tier 1)
2017/09/30,1. MFL,0,FK Pelister,1414,1406.0,1 - 3,KF Shkëndija 79,1686,1694.0,1,3,North Macedonia,domestic league (tier 1)
2017/10/14,1. MFL,0,FK Pelister,1406,1412.0,2 - 1,FK Pobeda,1347,1341.0,2,1,North Macedonia,domestic league (tier 1)
2017/10/25,1. MFL,0,FK Pelister,1409,1395.0,1 - 2,Sileks Kratovo,1368,1382.0,1,2,North Macedonia,domestic league (tier 1)
2017/11/05,1. MFL,0,FK Pelister,1384,1393.0,2 - 1,FK Renova,1436,1427.0,2,1,North Macedonia,domestic league (tier 1)
2017/11/16,1. MFL,0,FK Pelister,1404,1390.0,3 - 4,Akademija Pandev,1357,1371.0,3,4,North Macedonia,domestic league (tier 1)
2017/11/26,1. MFL,0,FK Pelister,1388,1384.0,2 - 2,KF Shkupi,1333,1337.0,2,2,North Macedonia,domestic league (tier 1)
2018/02/18,1. MFL,0,FK Pelister,1385,1394.0,3 - 2,FK Rabotnicki,1450,1441.0,3,2,North Macedonia,domestic league (tier 1)
2018/03/04,1. MFL,0,FK Pelister,1394,1388.0,0 - 0,FK Skopje,1239,1245.0,0,0,North Macedonia,domestic league (tier 1)
2018/04/01,1. MFL,0,FK Pelister,1388,1392.0,0 - 0,Vardar Skopje,1628,1624.0,0,0,North Macedonia,domestic league (tier 1)
2018/04/15,1. MFL,0,FK Pelister,1387,1378.0,0 - 6,KF Shkëndija 79,1723,1732.0,0,6,North Macedonia,domestic league (tier 1)
2018/04/18,1. MFL,0,FK Pelister,1378,1374.0,1 - 1,FK Pobeda,1316,1320.0,1,1,North Macedonia,domestic league (tier 1)
2018/04/25,1. MFL,0,FK Pelister,1363,1372.0,2 - 1,Sileks Kratovo,1418,1409.0,2,1,North Macedonia,domestic league (tier 1)
2018/05/02,1. MFL,0,FK Pelister,1354,1363.0,3 - 2,FK Renova,1429,1420.0,3,2,North Macedonia,domestic league (tier 1)
2018/05/06,1. MFL,0,FK Pelister,1363,1344.0,1 - 3,Akademija Pandev,1370,1389.0,1,3,North Macedonia,domestic league (tier 1)
2018/05/16,1. MFL,0,FK Pelister,1350,1333.0,0 - 2,KF Shkupi,1400,1417.0,0,2,North Macedonia,domestic league (tier 1)
2020/08/09,1. MFL,0,FK Pelister,1279,1288.0,1 - 0,Akademija Pandev,1357,1348.0,1,0,North Macedonia,domestic league (tier 1)
2020/08/23,1. MFL,0,FK Pelister,1294,1294.0,0 - 0,FK Rabotnicki,1385,1385.0,0,0,North Macedonia,domestic league (tier 1)
2020/09/13,1. MFL,0,FK Pelister,1289,1287.0,0 - 0,Makedonija GP,1332,1334.0,0,0,North Macedonia,domestic league (tier 1)
2020/09/27,1. MFL,0,FK Pelister,1304,1295.0,1 - 3,KF Shkëndija 79,1565,1574.0,1,3,North Macedonia,domestic league (tier 1)
2020/10/04,1. MFL,0,FK Pelister,1295,1297.0,1 - 1,Vardar Skopje,1474,1472.0,1,1,North Macedonia,domestic league (tier 1)
2020/10/25,1. MFL,0,FK Pelister,1305,1303.0,1 - 1,FC Struga,1319,1321.0,1,1,North Macedonia,domestic league (tier 1)
2020/11/29,1. MFL,0,FK Pelister,1283,1273.0,1 - 2,Sileks Kratovo,1375,1385.0,1,2,North Macedonia,domestic league (tier 1)
2020/12/06,1. MFL,0,FK Pelister,1268,1255.0,1 - 3,KF Shkupi,1425,1438.0,1,3,North Macedonia,domestic league (tier 1)
2020/12/13,1. MFL,0,FK Pelister,1252,1258.0,1 - 0,FK Belasica,1215,1209.0,1,0,North Macedonia,domestic league (tier 1)
2021/02/28,1. MFL,0,FK Pelister,1284,1296.0,3 - 1,FK Renova,1317,1305.0,3,1,North Macedonia,domestic league (tier 1)
2021/03/07,1. MFL,0,FK Pelister,1310,1317.0,1 - 0,FK Borec,1291,1284.0,1,0,North Macedonia,domestic league (tier 1)
2021/04/04,1. MFL,0,FK Pelister,1317,1331.0,2 - 0,Vardar Skopje,1391,1377.0,2,0,North Macedonia,domestic league (tier 1)
2021/04/14,1. MFL,0,FK Pelister,1323,1332.0,3 - 2,Sileks Kratovo,1377,1368.0,3,2,North Macedonia,domestic league (tier 1)
2021/04/25,1. MFL,0,FK Pelister,1320,1328.0,1 - 0,FK Renova,1342,1334.0,1,0,North Macedonia,domestic league (tier 1)
2021/05/01,1. MFL,0,FK Pelister,1317,1330.0,3 - 1,Akademija Pandev,1377,1364.0,3,1,North Macedonia,domestic league (tier 1)
2021/05/16,1. MFL,0,FK Pelister,1335,1340.0,2 - 0,FK Belasica,1168,1163.0,2,0,North Macedonia,domestic league (tier 1)
2021/08/18,1. MFL,0,FK Pelister,1328,1313.0,0 - 2,KF Shkupi,1438,1453.0,0,2,North Macedonia,domestic league (tier 1)
2021/08/28,1. MFL,0,FK Pelister,1305,1309.0,2 - 2,KF Shkëndija 79,1533,1529.0,2,2,North Macedonia,domestic league (tier 1)
2021/09/19,1. MFL,0,FK Pelister,1301,1301.0,0 - 0,Akademija Pandev,1409,1409.0,0,0,North Macedonia,domestic league (tier 1)
2021/10/02,1. MFL,0,FK Pelister,1307,1300.0,0 - 0,GFK Tikvesh,1134,1141.0,0,0,North Macedonia,domestic league (tier 1)
2021/10/20,North Macedonia Cup,0,FK Pelister,1292,1292.0,0 - 0,FK Rabotnicki,1395,1395.0,0,0,North Macedonia,domestic cup
2021/10/24,1. MFL,0,FK Pelister,1292,1271.0,0 - 3,FK Bregalnica Štip,1321,1342.0,0,3,North Macedonia,domestic league (tier 1)
2021/10/30,1. MFL,0,FK Pelister,1271,1254.0,0 - 2,Makedonija GP,1329,1346.0,0,2,North Macedonia,domestic league (tier 1)
2021/11/06,1. MFL,0,FK Pelister,1254,1245.0,0 - 1,FC Struga,1397,1406.0,0,1,North Macedonia,domestic league (tier 1)
2021/11/28,1. MFL,0,FK Pelister,1240,1239.0,0 - 0,FK Skopje,1296,1297.0,0,0,North Macedonia,domestic league (tier 1)
2021/12/08,1. MFL,0,FK Pelister,1237,1217.0,1 - 3,FK Borec,1212,1232.0,1,3,North Macedonia,domestic league (tier 1)
2021/12/15,North Macedonia Cup,0,FK Pelister,1214,1213.0,0 - 0,Vardar Skopje,1294,1295.0,0,0,North Macedonia,domestic cup
2022/02/13,1. MFL,0,FK Pelister,1213,1200.0,0 - 2,FK Rabotnicki,1349,1362.0,0,2,North Macedonia,domestic league (tier 1)
2022/02/28,1. MFL,0,FK Pelister,1192,1194.0,1 - 1,FK Renova,1362,1360.0,1,1,North Macedonia,domestic league (tier 1)
2022/03/19,1. MFL,0,FK Pelister,1197,1214.0,2 - 0,FK Bregalnica Štip,1347,1330.0,2,0,North Macedonia,domestic league (tier 1)
2022/04/06,1. MFL,0,FK Pelister,1210,1204.0,0 - 2,KF Shkëndija 79,1543,1549.0,0,2,North Macedonia,domestic league (tier 1)
2022/04/16,1. MFL,0,FK Pelister,1200,1196.0,0 - 1,KF Shkupi,1550,1554.0,0,1,North Macedonia,domestic league (tier 1)
2022/04/20,North Macedonia Cup,0,FK Pelister,1196,1187.0,0 - 1,Sileks Kratovo,1347,1356.0,0,1,North Macedonia,domestic cup
2022/05/01,1. MFL,0,FK Pelister,1180,1179.0,1 - 1,GFK Tikvesh,1229,1230.0,1,1,North Macedonia,domestic league (tier 1)
2022/05/08,1. MFL,0,FK Pelister,1171,1179.0,2 - 1,FK Borec,1213,1205.0,2,1,North Macedonia,domestic league (tier 1)
2023/10/25,North Macedonia Cup,0,FK Pelister,1182,1173.0,0 - 1,GFK Tikvesh,1314,1323.0,0,1,North Macedonia,domestic cup
2024/08/11,1. MFL,0,FK Pelister,1173,1173.0,1 - 1,KF Gostivari,1257,1257.0,1,1,North Macedonia,domestic league (tier 1)
2024/08/25,1. MFL,0,FK Pelister,1169,1182.0,1 - 0,Sileks Kratovo,1358,1345.0,1,0,North Macedonia,domestic league (tier 1)
2024/09/15,1. MFL,0,FK Pelister,1180,1185.0,1 - 1,FC Struga,1484,1479.0,1,1,North Macedonia,domestic league (tier 1)
2024/09/25,1. MFL,0,FK Pelister,1213,1215.0,0 - 0,FK Rabotnicki,1378,1376.0,0,0,North Macedonia,domestic league (tier 1)
2024/10/05,1. MFL,0,FK Pelister,1206,1207.0,0 - 0,GFK Tikvesh,1325,1324.0,0,0,North Macedonia,domestic league (tier 1)
2024/10/20,1. MFL,0,FK Pelister,1207,1211.0,0 - 0,KF Shkupi,1468,1464.0,0,0,North Macedonia,domestic league (tier 1)
2024/11/03,1. MFL,0,FK Pelister,1221,1229.0,1 - 0,Vardar Skopje,1258,1250.0,1,0,North Macedonia,domestic league (tier 1)
2024/11/24,1. MFL,0,FK Pelister,1226,1221.0,0 - 1,KF Shkëndija 79,1499,1504.0,0,1,North Macedonia,domestic league (tier 1)
2024/12/03,1. MFL,0,FK Pelister,1219,1226.0,1 - 0,KF Besa Dobërdoll,1223,1216.0,1,0,North Macedonia,domestic league (tier 1)
2025/02/16,1. MFL,0,FK Pelister,1221,1220.0,0 - 0,FK AP Brera Strumica,1299,1300.0,0,0,North Macedonia,domestic league (tier 1)
2025/03/05,1. MFL,0,FK Pelister,1231,1239.0,1 - 0,FK Voska Sport,1260,1252.0,1,0,North Macedonia,domestic league (tier 1)
2025/03/29,1. MFL,0,FK Pelister,1254,1237.0,1 - 3,Vardar Skopje,1306,1323.0,1,3,North Macedonia,domestic league (tier 1)
2025/04/13,1. MFL,0,FK Pelister,1231,1218.0,1 - 2,FK AP Brera Strumica,1234,1247.0,1,2,North Macedonia,domestic league (tier 1)
2025/04/27,1. MFL,0,FK Pelister,1215,1225.0,1 - 0,GFK Tikvesh,1306,1296.0,1,0,North Macedonia,domestic league (tier 1)
2025/05/17,1. MFL,0,FK Pelister,1233,1210.0,1 - 4,KF Besa Dobërdoll,1219,1242.0,1,4,North Macedonia,domestic league (tier 1)
2025/08/25,1. MFL,0,FK Pelister,1219,1234.0,2 - 0,KF Shkupi,1324,1309.0,2,0,North Macedonia,domestic league (tier 1)
2025/09/14,1. MFL,0,FK Pelister,1236,1212.0,0 - 4,KF Arsimi,1240,1264.0,0,4,North Macedonia,domestic league (tier 1)
2025/09/23,1. MFL,0,FK Pelister,1204,1193.0,1 - 2,KF Bashkimi,1271,1282.0,1,2,North Macedonia,domestic league (tier 1)
2025/10/06,1. MFL,0,FK Pelister,1190,1197.0,0 - 0,KF Shkëndija 79,1571,1564.0,0,0,North Macedonia,domestic league (tier 1)
2025/10/30,1. MFL,0,FK Pelister,1194,1194.0,0 - 0,GFK Tikvesh,1279,1279.0,0,0,North Macedonia,domestic league (tier 1)
2025/11/05,1. MFL,0,FK Pelister,1194,1189.0,1 - 2,Vardar Skopje,1472,1477.0,1,2,North Macedonia,domestic league (tier 1)
2025/11/09,1. MFL,0,FK Pelister,1189,1199.0,1 - 0,FK AP Brera Strumica,1290,1280.0,1,0,North Macedonia,domestic league (tier 1)
2025/11/29,1. MFL,0,FK Pelister,1222,1220.0,1 - 1,Makedonija GP,1260,1262.0,1,1,North Macedonia,domestic league (tier 1)
2026/02/12,1. MFL,0,FK Pelister,1225,1239.0,4 - 1,FK Rabotnicki,1254,1240.0,4,1,North Macedonia,domestic league (tier 1)
2026/02/21,1. MFL,0,FK Pelister,1233,1238.0,1 - 1,FC Struga,1504,1499.0,1,1,North Macedonia,domestic league (tier 1)
2026/03/05,1. MFL,0,FK Pelister,1237,1241.0,0 - 0,Sileks Kratovo,1476,1472.0,0,0,North Macedonia,domestic league (tier 1)
2026/03/22,1. MFL,0,FK Pelister,1243,1234.0,0 - 2,FC Struga,1500,1509.0,0,2,North Macedonia,domestic league (tier 1)
2026/04/08,1. MFL,0,FK Pelister,1253,1257.0,0 - 0,Vardar Skopje,1507,1503.0,0,0,North Macedonia,domestic league (tier 1)
2026/04/18,1. MFL,0,FK Pelister,1250,1260.0,2 - 0,Makedonija GP,1239,1229.0,2,0,North Macedonia,domestic league (tier 1)
2026/05/09,1. MFL,0,FK Pelister,1276,1282.0,7 - 0,KF Shkupi,1048,1042.0,7,0,North Macedonia,domestic league (tier 1)
2026/05/24,1. MFL,0,FK Pelister,1287,1294.0,1 - 0,KF Bashkimi,1262,1255.0,1,0,North Macedonia,domestic league (tier 1)
2016/08/07,1. MFL,0,FK Pobeda,1323,1303.0,0 - 2,FK Pelister,1297,1317.0,0,2,North Macedonia,domestic league (tier 1)
2016/08/21,1. MFL,0,FK Pobeda,1297,1293.0,0 - 1,Vardar Skopje,1638,1642.0,0,1,North Macedonia,domestic league (tier 1)
2016/09/11,1. MFL,0,FK Pobeda,1291,1298.0,2 - 1,KF Shkupi,1290,1283.0,2,1,North Macedonia,domestic league (tier 1)
2016/09/18,1. MFL,0,FK Pobeda,1298,1297.0,0 - 0,FK Bregalnica Štip,1350,1351.0,0,0,North Macedonia,domestic league (tier 1)
2016/09/28,1. MFL,0,FK Pobeda,1299,1311.0,2 - 1,FK Rabotnicki,1462,1450.0,2,1,North Macedonia,domestic league (tier 1)
2016/10/23,1. MFL,0,FK Pobeda,1308,1307.0,1 - 1,Sileks Kratovo,1362,1363.0,1,1,North Macedonia,domestic league (tier 1)
2016/11/05,1. MFL,0,FK Pobeda,1306,1302.0,1 - 2,KF Shkëndija 79,1644,1648.0,1,2,North Macedonia,domestic league (tier 1)
2016/11/27,1. MFL,0,FK Pobeda,1316,1312.0,0 - 0,Makedonija GP,1278,1282.0,0,0,North Macedonia,domestic league (tier 1)
2016/12/04,1. MFL,0,FK Pobeda,1307,1292.0,0 - 2,FK Renova,1400,1415.0,0,2,North Macedonia,domestic league (tier 1)
2017/02/19,1. MFL,0,FK Pobeda,1281,1282.0,2 - 2,FK Pelister,1407,1406.0,2,2,North Macedonia,domestic league (tier 1)
2017/03/05,1. MFL,0,FK Pobeda,1275,1292.0,2 - 1,Vardar Skopje,1650,1633.0,2,1,North Macedonia,domestic league (tier 1)
2017/03/18,1. MFL,0,FK Pobeda,1290,1288.0,1 - 1,KF Shkupi,1305,1307.0,1,1,North Macedonia,domestic league (tier 1)
2017/04/02,1. MFL,0,FK Pobeda,1288,1286.0,0 - 0,FK Bregalnica Štip,1317,1319.0,0,0,North Macedonia,domestic league (tier 1)
2017/04/09,1. MFL,0,FK Pobeda,1288,1291.0,0 - 0,FK Rabotnicki,1507,1504.0,0,0,North Macedonia,domestic league (tier 1)
2017/04/26,1. MFL,0,FK Pobeda,1282,1292.0,1 - 0,Sileks Kratovo,1382,1372.0,1,0,North Macedonia,domestic league (tier 1)
2017/05/03,1. MFL,0,FK Pobeda,1290,1306.0,1 - 0,KF Shkëndija 79,1644,1628.0,1,0,North Macedonia,domestic league (tier 1)
2017/05/21,1. MFL,0,FK Pobeda,1332,1339.0,4 - 2,Makedonija GP,1233,1226.0,4,2,North Macedonia,domestic league (tier 1)
2017/05/31,1. MFL,0,FK Pobeda,1368,1349.0,0 - 3,FK Renova,1430,1449.0,0,3,North Macedonia,domestic league (tier 1)
2017/08/13,1. MFL,0,FK Pobeda,1349,1338.0,1 - 2,FK Pelister,1410,1421.0,1,2,North Macedonia,domestic league (tier 1)
2017/08/26,1. MFL,0,FK Pobeda,1336,1342.0,2 - 1,KF Shkupi,1305,1299.0,2,1,North Macedonia,domestic league (tier 1)
2017/09/17,1. MFL,0,FK Pobeda,1362,1357.0,2 - 2,Akademija Pandev,1290,1295.0,2,2,North Macedonia,domestic league (tier 1)
2017/09/20,1. MFL,0,FK Pobeda,1357,1341.0,2 - 4,FK Rabotnicki,1428,1444.0,2,4,North Macedonia,domestic league (tier 1)
2017/09/27,1. MFL,0,FK Pobeda,1335,1342.0,4 - 2,FK Skopje,1242,1235.0,4,2,North Macedonia,domestic league (tier 1)
2017/10/22,1. MFL,0,FK Pobeda,1352,1368.0,1 - 0,Vardar Skopje,1715,1699.0,1,0,North Macedonia,domestic league (tier 1)
2017/10/29,1. MFL,0,FK Pobeda,1359,1352.0,0 - 2,KF Shkëndija 79,1662,1669.0,0,2,North Macedonia,domestic league (tier 1)
2017/11/19,1. MFL,0,FK Pobeda,1345,1328.0,0 - 2,Sileks Kratovo,1390,1407.0,0,2,North Macedonia,domestic league (tier 1)
2017/12/03,1. MFL,0,FK Pobeda,1337,1336.0,1 - 1,FK Renova,1401,1402.0,1,1,North Macedonia,domestic league (tier 1)
2018/02/14,1. MFL,0,FK Pobeda,1336,1334.0,1 - 1,FK Pelister,1383,1385.0,1,1,North Macedonia,domestic league (tier 1)
2018/02/25,1. MFL,0,FK Pobeda,1331,1329.0,3 - 3,KF Shkupi,1367,1369.0,3,3,North Macedonia,domestic league (tier 1)
2018/03/11,1. MFL,0,FK Pobeda,1327,1324.0,0 - 0,Akademija Pandev,1338,1341.0,0,0,North Macedonia,domestic league (tier 1)
2018/03/17,1. MFL,0,FK Pobeda,1324,1340.0,2 - 0,FK Rabotnicki,1446,1430.0,2,0,North Macedonia,domestic league (tier 1)
2018/04/07,1. MFL,0,FK Pobeda,1335,1321.0,0 - 1,FK Skopje,1299,1313.0,0,1,North Macedonia,domestic league (tier 1)
2018/04/22,1. MFL,0,FK Pobeda,1320,1342.0,2 - 0,Vardar Skopje,1602,1580.0,2,0,North Macedonia,domestic league (tier 1)
2018/04/29,1. MFL,0,FK Pobeda,1332,1349.0,2 - 1,KF Shkëndija 79,1736,1719.0,2,1,North Macedonia,domestic league (tier 1)
2018/05/13,1. MFL,0,FK Pobeda,1335,1344.0,1 - 0,Sileks Kratovo,1392,1383.0,1,0,North Macedonia,domestic league (tier 1)
2018/05/20,1. MFL,0,FK Pobeda,1336,1345.0,1 - 0,FK Renova,1399,1390.0,1,0,North Macedonia,domestic league (tier 1)
2018/08/12,1. MFL,0,FK Pobeda,1349,1351.0,1 - 0,FK Belasica,1078,1076.0,1,0,North Macedonia,domestic league (tier 1)
2018/08/26,1. MFL,0,FK Pobeda,1356,1342.0,0 - 2,FK Rabotnicki,1473,1487.0,0,2,North Macedonia,domestic league (tier 1)
2018/09/16,1. MFL,0,FK Pobeda,1346,1354.0,1 - 0,FK Renova,1367,1359.0,1,0,North Macedonia,domestic league (tier 1)
2018/09/23,1. MFL,0,FK Pobeda,1360,1343.0,2 - 4,Akademija Pandev,1408,1425.0,2,4,North Macedonia,domestic league (tier 1)
2018/09/29,1. MFL,0,FK Pobeda,1371,1362.0,0 - 1,Vardar Skopje,1518,1527.0,0,1,North Macedonia,domestic league (tier 1)
2018/10/28,1. MFL,0,FK Pobeda,1345,1358.0,2 - 0,KF Shkupi,1401,1388.0,2,0,North Macedonia,domestic league (tier 1)
2018/11/04,1. MFL,0,FK Pobeda,1350,1362.0,2 - 0,Sileks Kratovo,1389,1377.0,2,0,North Macedonia,domestic league (tier 1)
2018/11/25,1. MFL,0,FK Pobeda,1366,1359.0,0 - 2,KF Shkëndija 79,1671,1678.0,0,2,North Macedonia,domestic league (tier 1)
2018/12/02,1. MFL,0,FK Pobeda,1352,1331.0,0 - 2,Makedonija GP,1305,1326.0,0,2,North Macedonia,domestic league (tier 1)
2019/02/24,1. MFL,0,FK Pobeda,1354,1335.0,0 - 3,KF Shkupi,1416,1435.0,0,3,North Macedonia,domestic league (tier 1)
2019/03/03,1. MFL,0,FK Pobeda,1335,1324.0,0 - 1,FK Rabotnicki,1414,1425.0,0,1,North Macedonia,domestic league (tier 1)
2019/03/16,1. MFL,0,FK Pobeda,1309,1298.0,2 - 3,FK Renova,1383,1394.0,2,3,North Macedonia,domestic league (tier 1)
2019/04/03,1. MFL,0,FK Pobeda,1296,1299.0,0 - 0,Vardar Skopje,1488,1485.0,0,0,North Macedonia,domestic league (tier 1)
2019/04/20,1. MFL,0,FK Pobeda,1277,1261.0,0 - 3,KF Shkupi,1407,1423.0,0,3,North Macedonia,domestic league (tier 1)
2019/04/27,1. MFL,0,FK Pobeda,1277,1266.0,0 - 1,Sileks Kratovo,1331,1342.0,0,1,North Macedonia,domestic league (tier 1)
2019/04/30,1. MFL,0,FK Pobeda,1266,1254.0,1 - 3,Akademija Pandev,1427,1439.0,1,3,North Macedonia,domestic league (tier 1)
2019/05/12,1. MFL,0,FK Pobeda,1237,1232.0,1 - 4,KF Shkëndija 79,1643,1648.0,1,4,North Macedonia,domestic league (tier 1)
2019/05/26,1. MFL,0,FK Pobeda,1227,1214.0,1 - 3,Makedonija GP,1362,1375.0,1,3,North Macedonia,domestic league (tier 1)
2022/08/14,1. MFL,0,FK Pobeda Junior,1177,1166.0,0 - 1,GFK Tikvesh,1228,1239.0,0,1,North Macedonia,domestic league (tier 1)
2022/09/11,1. MFL,0,FK Pobeda Junior,1166,1178.0,1 - 0,FK Bregalnica Štip,1351,1339.0,1,0,North Macedonia,domestic league (tier 1)
2022/10/02,1. MFL,0,FK Pobeda Junior,1174,1168.0,1 - 3,KF Shkëndija 79,1530,1536.0,1,3,North Macedonia,domestic league (tier 1)
2022/10/15,1. MFL,0,FK Pobeda Junior,1199,1202.0,1 - 1,Akademija Pandev,1399,1396.0,1,1,North Macedonia,domestic league (tier 1)
2022/10/19,North Macedonia Cup,0,FK Pobeda Junior,1202,1191.0,0 - 2,Makedonija GP,1389,1400.0,0,2,North Macedonia,domestic cup
2022/10/26,1. MFL,0,FK Pobeda Junior,1191,1213.0,2 - 0,FC Struga,1467,1445.0,2,0,North Macedonia,domestic league (tier 1)
2022/11/06,1. MFL,0,FK Pobeda Junior,1207,1196.0,1 - 3,Makedonija GP,1400,1411.0,1,3,North Macedonia,domestic league (tier 1)
2022/11/27,1. MFL,0,FK Pobeda Junior,1196,1186.0,0 - 6,KF Shkupi,1504,1514.0,0,6,North Macedonia,domestic league (tier 1)
2022/12/04,1. MFL,0,FK Pobeda Junior,1186,1185.0,0 - 0,FK Skopje,1239,1240.0,0,0,North Macedonia,domestic league (tier 1)
2023/02/19,1. MFL,0,FK Pobeda Junior,1191,1178.0,0 - 2,FK Rabotnicki,1326,1339.0,0,2,North Macedonia,domestic league (tier 1)
2023/03/05,1. MFL,0,FK Pobeda Junior,1177,1164.0,1 - 4,Sileks Kratovo,1376,1389.0,1,4,North Macedonia,domestic league (tier 1)
2023/03/18,1. MFL,0,FK Pobeda Junior,1153,1141.0,1 - 5,Sileks Kratovo,1381,1393.0,1,5,North Macedonia,domestic league (tier 1)
2023/04/09,1. MFL,0,FK Pobeda Junior,1139,1131.0,0 - 6,KF Shkupi,1499,1507.0,0,6,North Macedonia,domestic league (tier 1)
2023/04/23,1. MFL,0,FK Pobeda Junior,1128,1121.0,0 - 1,FK Rabotnicki,1322,1329.0,0,1,North Macedonia,domestic league (tier 1)
2023/04/30,1. MFL,0,FK Pobeda Junior,1117,1099.0,0 - 4,FK Skopje,1239,1257.0,0,4,North Macedonia,domestic league (tier 1)
2023/05/14,1. MFL,0,FK Pobeda Junior,1095,1083.0,1 - 4,GFK Tikvesh,1304,1316.0,1,4,North Macedonia,domestic league (tier 1)
2024/10/02,North Macedonia Cup,0,FK Pobeda Junior,1083,1074.0,1 - 3,KF Gostivari,1337,1346.0,1,3,North Macedonia,domestic cup
2016/08/21,1. MFL,0,FK Rabotnicki,1495,1501.0,1 - 0,FK Renova,1428,1422.0,1,0,North Macedonia,domestic league (tier 1)
2016/09/10,1. MFL,0,FK Rabotnicki,1480,1487.0,3 - 1,Sileks Kratovo,1374,1367.0,3,1,North Macedonia,domestic league (tier 1)
2016/09/24,1. MFL,0,FK Rabotnicki,1472,1462.0,1 - 3,KF Shkëndija 79,1685,1695.0,1,3,North Macedonia,domestic league (tier 1)
2016/10/01,1. MFL,0,FK Rabotnicki,1450,1445.0,1 - 1,FK Bregalnica Štip,1348,1353.0,1,1,North Macedonia,domestic league (tier 1)
2016/10/15,1. MFL,0,FK Rabotnicki,1445,1449.0,2 - 1,Makedonija GP,1280,1276.0,2,1,North Macedonia,domestic league (tier 1)
2016/10/23,1. MFL,0,FK Rabotnicki,1457,1463.0,3 - 1,KF Shkupi,1305,1299.0,3,1,North Macedonia,domestic league (tier 1)
2016/11/05,1. MFL,0,FK Rabotnicki,1465,1450.0,0 - 1,FK Pelister,1362,1377.0,0,1,North Macedonia,domestic league (tier 1)
2016/11/20,1. MFL,0,FK Rabotnicki,1441,1465.0,3 - 0,Vardar Skopje,1676,1652.0,3,0,North Macedonia,domestic league (tier 1)
2016/11/30,1. MFL,0,FK Rabotnicki,1472,1477.0,3 - 1,FK Pobeda,1312,1307.0,3,1,North Macedonia,domestic league (tier 1)
2017/03/04,1. MFL,0,FK Rabotnicki,1487,1483.0,0 - 0,FK Renova,1420,1424.0,0,0,North Macedonia,domestic league (tier 1)
2017/03/18,1. MFL,0,FK Rabotnicki,1494,1501.0,2 - 0,Sileks Kratovo,1388,1381.0,2,0,North Macedonia,domestic league (tier 1)
2017/04/05,1. MFL,0,FK Rabotnicki,1495,1507.0,1 - 0,KF Shkëndija 79,1668,1656.0,1,0,North Macedonia,domestic league (tier 1)
2017/04/15,1. MFL,0,FK Rabotnicki,1504,1509.0,3 - 1,FK Bregalnica Štip,1338,1333.0,3,1,North Macedonia,domestic league (tier 1)
2017/04/22,1. MFL,0,FK Rabotnicki,1509,1501.0,1 - 1,Makedonija GP,1258,1266.0,1,1,North Macedonia,domestic league (tier 1)
2017/04/27,1. MFL,0,FK Rabotnicki,1501,1484.0,0 - 1,KF Shkupi,1314,1331.0,0,1,North Macedonia,domestic league (tier 1)
2017/05/03,1. MFL,0,FK Rabotnicki,1485,1480.0,1 - 1,FK Pelister,1398,1403.0,1,1,North Macedonia,domestic league (tier 1)
2017/05/14,1. MFL,0,FK Rabotnicki,1495,1497.0,2 - 2,Vardar Skopje,1667,1665.0,2,2,North Macedonia,domestic league (tier 1)
2017/05/28,1. MFL,0,FK Rabotnicki,1503,1474.0,0 - 3,FK Pobeda,1339,1368.0,0,3,North Macedonia,domestic league (tier 1)
2017/08/12,1. MFL,0,FK Rabotnicki,1448,1445.0,0 - 0,FK Renova,1449,1452.0,0,0,North Macedonia,domestic league (tier 1)
2017/09/17,1. MFL,0,FK Rabotnicki,1440,1428.0,2 - 6,KF Shkëndija 79,1664,1676.0,2,6,North Macedonia,domestic league (tier 1)
2017/09/24,1. MFL,0,FK Rabotnicki,1444,1428.0,1 - 2,Akademija Pandev,1312,1328.0,1,2,North Macedonia,domestic league (tier 1)
2017/09/27,1. MFL,0,FK Rabotnicki,1428,1424.0,0 - 0,Sileks Kratovo,1377,1381.0,0,0,North Macedonia,domestic league (tier 1)
2017/10/22,1. MFL,0,FK Rabotnicki,1418,1429.0,2 - 0,FK Pelister,1420,1409.0,2,0,North Macedonia,domestic league (tier 1)
2017/10/25,1. MFL,0,FK Rabotnicki,1429,1451.0,3 - 1,Vardar Skopje,1699,1677.0,3,1,North Macedonia,domestic league (tier 1)
2017/10/29,1. MFL,0,FK Rabotnicki,1451,1455.0,1 - 0,KF Shkupi,1329,1325.0,1,0,North Macedonia,domestic league (tier 1)
2017/11/16,1. MFL,0,FK Rabotnicki,1452,1461.0,4 - 0,FK Pobeda,1354,1345.0,4,0,North Macedonia,domestic league (tier 1)
2017/12/03,1. MFL,0,FK Rabotnicki,1452,1457.0,3 - 0,FK Skopje,1236,1231.0,3,0,North Macedonia,domestic league (tier 1)
2018/02/14,1. MFL,0,FK Rabotnicki,1454,1450.0,0 - 0,FK Renova,1402,1406.0,0,0,North Macedonia,domestic league (tier 1)
2018/02/24,1. MFL,0,FK Rabotnicki,1441,1455.0,2 - 1,Vardar Skopje,1674,1660.0,2,1,North Macedonia,domestic league (tier 1)
2018/03/10,1. MFL,0,FK Rabotnicki,1455,1446.0,0 - 2,KF Shkëndija 79,1716,1725.0,0,2,North Macedonia,domestic league (tier 1)
2018/04/01,1. MFL,0,FK Rabotnicki,1430,1425.0,1 - 1,Akademija Pandev,1334,1339.0,1,1,North Macedonia,domestic league (tier 1)
2018/04/07,1. MFL,0,FK Rabotnicki,1425,1436.0,2 - 0,Sileks Kratovo,1425,1414.0,2,0,North Macedonia,domestic league (tier 1)
2018/04/22,1. MFL,0,FK Rabotnicki,1437,1448.0,4 - 0,FK Pelister,1374,1363.0,4,0,North Macedonia,domestic league (tier 1)
2018/04/29,1. MFL,0,FK Rabotnicki,1464,1459.0,1 - 1,KF Shkupi,1371,1376.0,1,1,North Macedonia,domestic league (tier 1)
2018/05/06,1. MFL,0,FK Rabotnicki,1455,1462.0,4 - 2,FK Pobeda,1342,1335.0,4,2,North Macedonia,domestic league (tier 1)
2018/05/20,1. MFL,0,FK Rabotnicki,1473,1477.0,3 - 2,FK Skopje,1322,1318.0,3,2,North Macedonia,domestic league (tier 1)
2018/08/11,1. MFL,0,FK Rabotnicki,1483,1468.0,3 - 4,FK Renova,1390,1405.0,3,4,North Macedonia,domestic league (tier 1)
2018/08/18,1. MFL,0,FK Rabotnicki,1468,1473.0,2 - 1,Sileks Kratovo,1394,1389.0,2,1,North Macedonia,domestic league (tier 1)
2018/09/01,1. MFL,0,FK Rabotnicki,1487,1492.0,1 - 0,Akademija Pandev,1382,1377.0,1,0,North Macedonia,domestic league (tier 1)
2018/09/22,1. MFL,0,FK Rabotnicki,1490,1471.0,0 - 2,Vardar Skopje,1495,1514.0,0,2,North Macedonia,domestic league (tier 1)
2018/09/29,1. MFL,0,FK Rabotnicki,1448,1440.0,1 - 1,FK Belasica,1149,1157.0,1,1,North Macedonia,domestic league (tier 1)
2018/10/31,1. MFL,0,FK Rabotnicki,1437,1445.0,3 - 1,FK Pobeda,1358,1350.0,3,1,North Macedonia,domestic league (tier 1)
2018/11/10,1. MFL,0,FK Rabotnicki,1425,1419.0,1 - 2,KF Shkëndija 79,1661,1667.0,1,2,North Macedonia,domestic league (tier 1)
2018/11/25,1. MFL,0,FK Rabotnicki,1434,1442.0,5 - 1,Makedonija GP,1315,1307.0,5,1,North Macedonia,domestic league (tier 1)
2018/12/02,1. MFL,0,FK Rabotnicki,1448,1427.0,0 - 2,KF Shkupi,1400,1421.0,0,2,North Macedonia,domestic league (tier 1)
2019/03/10,1. MFL,0,FK Rabotnicki,1425,1412.0,1 - 2,Akademija Pandev,1412,1425.0,1,2,North Macedonia,domestic league (tier 1)
2019/03/28,1. MFL,0,FK Rabotnicki,1409,1392.0,0 - 2,Vardar Skopje,1467,1484.0,0,2,North Macedonia,domestic league (tier 1)
2019/04/03,1. MFL,0,FK Rabotnicki,1394,1387.0,1 - 1,FK Belasica,1223,1230.0,1,1,North Macedonia,domestic league (tier 1)
2019/04/24,1. MFL,0,FK Rabotnicki,1404,1388.0,1 - 2,FK Pobeda,1261,1277.0,1,2,North Macedonia,domestic league (tier 1)
2019/05/04,1. MFL,0,FK Rabotnicki,1378,1372.0,0 - 1,KF Shkëndija 79,1645,1651.0,0,1,North Macedonia,domestic league (tier 1)
2019/05/12,1. MFL,0,FK Rabotnicki,1378,1388.0,2 - 0,Makedonija GP,1358,1348.0,2,0,North Macedonia,domestic league (tier 1)
2019/05/26,1. MFL,0,FK Rabotnicki,1398,1385.0,1 - 2,KF Shkupi,1405,1418.0,1,2,North Macedonia,domestic league (tier 1)
2019/08/17,1. MFL,0,FK Rabotnicki,1374,1386.0,2 - 0,KF Shkupi,1408,1396.0,2,0,North Macedonia,domestic league (tier 1)
2019/08/31,1. MFL,0,FK Rabotnicki,1378,1366.0,1 - 2,Akademija Pandev,1420,1432.0,1,2,North Macedonia,domestic league (tier 1)
2019/09/18,1. MFL,0,FK Rabotnicki,1361,1369.0,1 - 0,Makedonija GP,1388,1380.0,1,0,North Macedonia,domestic league (tier 1)
2019/10/04,1. MFL,0,FK Rabotnicki,1358,1366.0,1 - 0,FK Renova,1396,1388.0,1,0,North Macedonia,domestic league (tier 1)
2019/10/19,1. MFL,0,FK Rabotnicki,1366,1350.0,1 - 2,FC Struga,1235,1251.0,1,2,North Macedonia,domestic league (tier 1)
2019/10/26,1. MFL,0,FK Rabotnicki,1341,1329.0,0 - 2,Vardar Skopje,1519,1531.0,0,2,North Macedonia,domestic league (tier 1)
2019/11/10,1. MFL,0,FK Rabotnicki,1347,1340.0,1 - 2,KF Shkëndija 79,1555,1562.0,1,2,North Macedonia,domestic league (tier 1)
2019/11/27,1. MFL,0,FK Rabotnicki,1329,1333.0,2 - 1,FK Borec,1174,1170.0,2,1,North Macedonia,domestic league (tier 1)
2019/12/01,1. MFL,0,FK Rabotnicki,1333,1332.0,1 - 1,Sileks Kratovo,1384,1385.0,1,1,North Macedonia,domestic league (tier 1)
2020/02/23,1. MFL,0,FK Rabotnicki,1344,1352.0,2 - 1,KF Shkupi,1389,1381.0,2,1,North Macedonia,domestic league (tier 1)
2020/03/07,1. MFL,0,FK Rabotnicki,1362,1370.0,1 - 0,Akademija Pandev,1378,1370.0,1,0,North Macedonia,domestic league (tier 1)
2020/08/15,1. MFL,0,FK Rabotnicki,1378,1385.0,2 - 0,FK Belasica,1262,1255.0,2,0,North Macedonia,domestic league (tier 1)
2020/08/29,1. MFL,0,FK Rabotnicki,1385,1385.0,1 - 1,Vardar Skopje,1477,1477.0,1,1,North Macedonia,domestic league (tier 1)
2020/09/19,1. MFL,0,FK Rabotnicki,1398,1393.0,1 - 1,FC Struga,1301,1306.0,1,1,North Macedonia,domestic league (tier 1)
2020/10/03,1. MFL,0,FK Rabotnicki,1393,1389.0,0 - 0,Akademija Pandev,1329,1333.0,0,0,North Macedonia,domestic league (tier 1)
2020/11/07,1. MFL,0,FK Rabotnicki,1390,1388.0,2 - 2,KF Shkupi,1418,1420.0,2,2,North Macedonia,domestic league (tier 1)
2020/11/22,1. MFL,0,FK Rabotnicki,1388,1369.0,1 - 3,Makedonija GP,1400,1419.0,1,3,North Macedonia,domestic league (tier 1)
2020/12/02,1. MFL,0,FK Rabotnicki,1368,1373.0,1 - 0,FK Pelister,1273,1268.0,1,0,North Macedonia,domestic league (tier 1)
2020/12/09,1. MFL,0,FK Rabotnicki,1378,1387.0,3 - 1,FK Renova,1335,1326.0,3,1,North Macedonia,domestic league (tier 1)
2020/12/16,1. MFL,0,FK Rabotnicki,1378,1383.0,2 - 1,FK Borec,1294,1289.0,2,1,North Macedonia,domestic league (tier 1)
2021/02/27,1. MFL,0,FK Rabotnicki,1394,1390.0,1 - 1,Sileks Kratovo,1354,1358.0,1,1,North Macedonia,domestic league (tier 1)
2021/03/03,1. MFL,0,FK Rabotnicki,1390,1393.0,0 - 0,KF Shkëndija 79,1590,1587.0,0,0,North Macedonia,domestic league (tier 1)
2021/03/13,1. MFL,0,FK Rabotnicki,1414,1392.0,0 - 2,Akademija Pandev,1329,1351.0,0,2,North Macedonia,domestic league (tier 1)
2021/04/04,1. MFL,0,FK Rabotnicki,1390,1395.0,2 - 1,FK Borec,1287,1282.0,2,1,North Macedonia,domestic league (tier 1)
2021/04/10,1. MFL,0,FK Rabotnicki,1395,1403.0,3 - 1,FK Pelister,1331,1323.0,3,1,North Macedonia,domestic league (tier 1)
2021/04/18,1. MFL,0,FK Rabotnicki,1404,1401.0,2 - 2,Makedonija GP,1383,1386.0,2,2,North Macedonia,domestic league (tier 1)
2021/04/28,1. MFL,0,FK Rabotnicki,1391,1381.0,3 - 5,KF Shkëndija 79,1619,1629.0,3,5,North Macedonia,domestic league (tier 1)
2021/05/09,1. MFL,0,FK Rabotnicki,1398,1408.0,3 - 1,Sileks Kratovo,1375,1365.0,3,1,North Macedonia,domestic league (tier 1)
2021/08/08,1. MFL,0,FK Rabotnicki,1409,1413.0,1 - 0,FK Borec,1282,1278.0,1,0,North Macedonia,domestic league (tier 1)
2021/08/18,1. MFL,0,FK Rabotnicki,1401,1398.0,0 - 0,FC Struga,1405,1408.0,0,0,North Macedonia,domestic league (tier 1)
2021/08/22,1. MFL,0,FK Rabotnicki,1398,1400.0,2 - 1,GFK Tikvesh,1121,1119.0,2,1,North Macedonia,domestic league (tier 1)
2021/09/12,1. MFL,0,FK Rabotnicki,1401,1408.0,2 - 0,FK Bregalnica Štip,1303,1296.0,2,0,North Macedonia,domestic league (tier 1)
2021/09/26,1. MFL,0,FK Rabotnicki,1426,1420.0,1 - 1,FK Pelister,1301,1307.0,1,1,North Macedonia,domestic league (tier 1)
2021/10/15,1. MFL,0,FK Rabotnicki,1411,1395.0,0 - 1,FK Skopje,1294,1310.0,0,1,North Macedonia,domestic league (tier 1)
2021/11/06,1. MFL,0,FK Rabotnicki,1398,1376.0,0 - 3,Akademija Pandev,1410,1432.0,0,3,North Macedonia,domestic league (tier 1)
2021/12/04,1. MFL,0,FK Rabotnicki,1350,1348.0,0 - 0,FK Renova,1374,1376.0,0,0,North Macedonia,domestic league (tier 1)
2021/12/12,1. MFL,0,FK Rabotnicki,1361,1349.0,1 - 2,Makedonija GP,1377,1389.0,1,2,North Macedonia,domestic league (tier 1)
2022/02/20,1. MFL,0,FK Rabotnicki,1362,1354.0,0 - 1,KF Shkupi,1527,1535.0,0,1,North Macedonia,domestic league (tier 1)
2022/03/09,1. MFL,0,FK Rabotnicki,1365,1378.0,2 - 1,KF Shkëndija 79,1556,1543.0,2,1,North Macedonia,domestic league (tier 1)
2022/04/02,1. MFL,0,FK Rabotnicki,1364,1345.0,1 - 3,FC Struga,1359,1378.0,1,3,North Macedonia,domestic league (tier 1)
2022/04/10,1. MFL,0,FK Rabotnicki,1367,1371.0,1 - 0,GFK Tikvesh,1203,1199.0,1,0,North Macedonia,domestic league (tier 1)
2022/04/22,1. MFL,0,FK Rabotnicki,1365,1350.0,0 - 1,FK Skopje,1254,1269.0,0,1,North Macedonia,domestic league (tier 1)
2022/05/04,1. MFL,0,FK Rabotnicki,1347,1351.0,2 - 1,FK Borec,1217,1213.0,2,1,North Macedonia,domestic league (tier 1)
2022/05/15,1. MFL,0,FK Rabotnicki,1346,1350.0,2 - 1,FK Pelister,1179,1175.0,2,1,North Macedonia,domestic league (tier 1)
2022/08/14,1. MFL,0,FK Rabotnicki,1340,1319.0,0 - 5,Akademija Pandev,1430,1451.0,0,5,North Macedonia,domestic league (tier 1)
2022/08/28,1. MFL,0,FK Rabotnicki,1314,1322.0,2 - 0,GFK Tikvesh,1239,1231.0,2,0,North Macedonia,domestic league (tier 1)
2022/09/17,1. MFL,0,FK Rabotnicki,1319,1323.0,1 - 0,FK Pobeda Junior,1178,1174.0,1,0,North Macedonia,domestic league (tier 1)
2022/10/15,1. MFL,0,FK Rabotnicki,1339,1328.0,2 - 4,KF Shkëndija 79,1533,1544.0,2,4,North Macedonia,domestic league (tier 1)
2022/10/26,1. MFL,0,FK Rabotnicki,1328,1317.0,0 - 1,Sileks Kratovo,1387,1398.0,0,1,North Macedonia,domestic league (tier 1)
2022/11/06,1. MFL,0,FK Rabotnicki,1339,1339.0,1 - 1,FC Struga,1439,1439.0,1,1,North Macedonia,domestic league (tier 1)
2022/11/27,1. MFL,0,FK Rabotnicki,1323,1338.0,2 - 0,Makedonija GP,1412,1397.0,2,0,North Macedonia,domestic league (tier 1)
2022/12/11,1. MFL,0,FK Rabotnicki,1338,1326.0,2 - 4,KF Shkupi,1519,1531.0,2,4,North Macedonia,domestic league (tier 1)
2023/02/26,1. MFL,0,FK Rabotnicki,1339,1326.0,0 - 1,FK Bregalnica Štip,1321,1334.0,0,1,North Macedonia,domestic league (tier 1)
2023/03/04,1. MFL,0,FK Rabotnicki,1326,1336.0,4 - 0,FK Skopje,1248,1238.0,4,0,North Macedonia,domestic league (tier 1)
2023/03/18,1. MFL,0,FK Rabotnicki,1326,1317.0,0 - 1,FC Struga,1465,1474.0,0,1,North Macedonia,domestic league (tier 1)
2023/04/15,1. MFL,0,FK Rabotnicki,1316,1322.0,1 - 0,FK Skopje,1249,1243.0,1,0,North Macedonia,domestic league (tier 1)
2023/05/07,1. MFL,0,FK Rabotnicki,1346,1353.0,5 - 4,FK Bregalnica Štip,1335,1328.0,5,4,North Macedonia,domestic league (tier 1)
2023/05/14,1. MFL,0,FK Rabotnicki,1343,1335.0,1 - 2,KF Shkëndija 79,1526,1534.0,1,2,North Macedonia,domestic league (tier 1)
2023/08/07,1. MFL,0,FK Rabotnicki,1335,1354.0,3 - 1,KF Shkupi,1524,1505.0,3,1,North Macedonia,domestic league (tier 1)
2023/08/20,1. MFL,0,FK Rabotnicki,1344,1352.0,1 - 0,Makedonija GP,1389,1381.0,1,0,North Macedonia,domestic league (tier 1)
2023/08/27,1. MFL,0,FK Rabotnicki,1330,1323.0,1 - 2,KF Shkëndija 79,1537,1544.0,1,2,North Macedonia,domestic league (tier 1)
2023/09/17,1. MFL,0,FK Rabotnicki,1327,1333.0,2 - 0,FK Voska Sport,1180,1174.0,2,0,North Macedonia,domestic league (tier 1)
2023/10/01,1. MFL,0,FK Rabotnicki,1342,1349.0,1 - 0,GFK Tikvesh,1323,1316.0,1,0,North Macedonia,domestic league (tier 1)
2023/10/22,1. MFL,0,FK Rabotnicki,1341,1327.0,0 - 1,Vardar Skopje,1275,1289.0,0,1,North Macedonia,domestic league (tier 1)
2023/10/25,North Macedonia Cup,0,FK Rabotnicki,1327,1340.0,3 - 2,KF Shkëndija 79,1535,1522.0,3,2,North Macedonia,domestic cup
2023/11/04,1. MFL,0,FK Rabotnicki,1335,1344.0,1 - 0,Sileks Kratovo,1406,1397.0,1,0,North Macedonia,domestic league (tier 1)
2023/11/09,North Macedonia Cup,0,FK Rabotnicki,1344,1337.0,0 - 1,KF Shkupi,1541,1548.0,0,1,North Macedonia,domestic cup
2023/11/26,1. MFL,0,FK Rabotnicki,1351,1344.0,0 - 0,KF Gostivari,1178,1185.0,0,0,North Macedonia,domestic league (tier 1)
2023/12/03,1. MFL,0,FK Rabotnicki,1339,1346.0,1 - 0,FK AP Brera Strumica,1329,1322.0,1,0,North Macedonia,domestic league (tier 1)
2024/02/18,1. MFL,0,FK Rabotnicki,1335,1338.0,0 - 0,FC Struga,1525,1522.0,0,0,North Macedonia,domestic league (tier 1)
2024/03/03,1. MFL,0,FK Rabotnicki,1326,1335.0,2 - 0,FK Bregalnica Štip,1274,1265.0,2,0,North Macedonia,domestic league (tier 1)
2024/03/17,1. MFL,0,FK Rabotnicki,1324,1317.0,1 - 2,FC Struga,1526,1533.0,1,2,North Macedonia,domestic league (tier 1)
2024/04/14,1. MFL,0,FK Rabotnicki,1311,1322.0,2 - 0,Vardar Skopje,1310,1299.0,2,0,North Macedonia,domestic league (tier 1)
2024/04/28,1. MFL,0,FK Rabotnicki,1334,1331.0,1 - 1,Makedonija GP,1309,1312.0,1,1,North Macedonia,domestic league (tier 1)
2024/05/04,1. MFL,0,FK Rabotnicki,1345,1356.0,3 - 1,GFK Tikvesh,1362,1351.0,3,1,North Macedonia,domestic league (tier 1)
2024/05/18,1. MFL,0,FK Rabotnicki,1356,1343.0,0 - 2,KF Shkëndija 79,1504,1517.0,0,2,North Macedonia,domestic league (tier 1)
2024/08/11,1. MFL,0,FK Rabotnicki,1343,1350.0,1 - 0,Sileks Kratovo,1351,1344.0,1,0,North Macedonia,domestic league (tier 1)
2024/08/25,1. MFL,0,FK Rabotnicki,1356,1373.0,2 - 0,FC Struga,1495,1478.0,2,0,North Macedonia,domestic league (tier 1)
2024/09/15,1. MFL,0,FK Rabotnicki,1372,1382.0,3 - 1,GFK Tikvesh,1348,1338.0,3,1,North Macedonia,domestic league (tier 1)
2024/09/22,1. MFL,0,FK Rabotnicki,1382,1378.0,1 - 1,FK AP Brera Strumica,1320,1324.0,1,1,North Macedonia,domestic league (tier 1)
2024/09/29,1. MFL,0,FK Rabotnicki,1376,1386.0,2 - 1,KF Shkupi,1472,1462.0,2,1,North Macedonia,domestic league (tier 1)
2024/10/20,1. MFL,0,FK Rabotnicki,1400,1406.0,1 - 0,KF Gostivari,1341,1335.0,1,0,North Macedonia,domestic league (tier 1)
2024/11/03,1. MFL,0,FK Rabotnicki,1408,1408.0,0 - 0,KF Shkëndija 79,1496,1496.0,0,0,North Macedonia,domestic league (tier 1)
2024/11/24,1. MFL,0,FK Rabotnicki,1402,1408.0,4 - 1,KF Besa Dobërdoll,1239,1233.0,4,1,North Macedonia,domestic league (tier 1)
2024/12/08,1. MFL,0,FK Rabotnicki,1437,1442.0,3 - 0,FK Pelister,1226,1221.0,3,0,North Macedonia,domestic league (tier 1)
2025/02/23,1. MFL,0,FK Rabotnicki,1430,1433.0,1 - 0,FK Voska Sport,1250,1247.0,1,0,North Macedonia,domestic league (tier 1)
2025/03/05,1. MFL,0,FK Rabotnicki,1435,1410.0,0 - 2,Vardar Skopje,1272,1297.0,0,2,North Macedonia,domestic league (tier 1)
2025/03/10,1. MFL,0,FK Rabotnicki,1410,1414.0,1 - 0,GFK Tikvesh,1291,1287.0,1,0,North Macedonia,domestic league (tier 1)
2025/03/31,1. MFL,0,FK Rabotnicki,1412,1415.0,1 - 0,KF Besa Dobërdoll,1225,1222.0,1,0,North Macedonia,domestic league (tier 1)
2025/04/13,1. MFL,0,FK Rabotnicki,1417,1405.0,0 - 1,FC Struga,1441,1453.0,0,1,North Macedonia,domestic league (tier 1)
2025/04/19,1. MFL,0,FK Rabotnicki,1405,1408.0,2 - 1,FK Pelister,1218,1215.0,2,1,North Macedonia,domestic league (tier 1)
2025/05/04,1. MFL,0,FK Rabotnicki,1408,1407.0,0 - 0,Sileks Kratovo,1465,1466.0,0,0,North Macedonia,domestic league (tier 1)
2025/05/11,1. MFL,0,FK Rabotnicki,1402,1388.0,0 - 1,Vardar Skopje,1371,1385.0,0,1,North Macedonia,domestic league (tier 1)
2025/08/16,1. MFL,0,FK Rabotnicki,1370,1346.0,0 - 2,KF Bashkimi,1239,1263.0,0,2,North Macedonia,domestic league (tier 1)
2025/09/18,1. MFL,0,FK Rabotnicki,1334,1342.0,3 - 0,FK Pelister,1212,1204.0,3,0,North Macedonia,domestic league (tier 1)
2025/09/24,1. MFL,0,FK Rabotnicki,1335,1328.0,0 - 1,KF Shkëndija 79,1559,1566.0,0,1,North Macedonia,domestic league (tier 1)
2025/09/28,1. MFL,0,FK Rabotnicki,1328,1313.0,3 - 4,FK AP Brera Strumica,1255,1270.0,3,4,North Macedonia,domestic league (tier 1)
2025/10/21,North Macedonia Cup,0,FK Rabotnicki,1313,1308.0,1 - 1,FK Bregalnica Štip,1227,1232.0,1,1,North Macedonia,domestic cup
2025/10/25,1. MFL,0,FK Rabotnicki,1308,1304.0,0 - 0,Makedonija GP,1280,1284.0,0,0,North Macedonia,domestic league (tier 1)
2025/11/04,1. MFL,0,FK Rabotnicki,1306,1286.0,0 - 2,GFK Tikvesh,1279,1299.0,0,2,North Macedonia,domestic league (tier 1)
2025/11/24,1. MFL,0,FK Rabotnicki,1279,1269.0,1 - 3,FC Struga,1505,1515.0,1,3,North Macedonia,domestic league (tier 1)
2025/12/07,1. MFL,0,FK Rabotnicki,1267,1254.0,0 - 3,Sileks Kratovo,1457,1470.0,0,3,North Macedonia,domestic league (tier 1)
2026/02/15,1. MFL,0,FK Rabotnicki,1240,1230.0,0 - 3,Vardar Skopje,1508,1518.0,0,3,North Macedonia,domestic league (tier 1)
2026/02/28,1. MFL,0,FK Rabotnicki,1244,1252.0,3 - 0,KF Shkupi,1120,1112.0,3,0,North Macedonia,domestic league (tier 1)
2026/03/10,1. MFL,0,FK Rabotnicki,1242,1250.0,1 - 0,KF Arsimi,1269,1261.0,1,0,North Macedonia,domestic league (tier 1)
2026/03/20,1. MFL,0,FK Rabotnicki,1264,1283.0,2 - 0,Sileks Kratovo,1453,1434.0,2,0,North Macedonia,domestic league (tier 1)
2026/04/08,1. MFL,0,FK Rabotnicki,1300,1290.0,0 - 3,KF Shkëndija 79,1569,1579.0,0,3,North Macedonia,domestic league (tier 1)
2026/04/19,1. MFL,0,FK Rabotnicki,1287,1298.0,2 - 0,KF Arsimi,1285,1274.0,2,0,North Macedonia,domestic league (tier 1)
2026/05/02,1. MFL,0,FK Rabotnicki,1289,1286.0,3 - 3,FK Pelister,1273,1276.0,3,3,North Macedonia,domestic league (tier 1)
2026/05/25,1. MFL,0,FK Rabotnicki,1303,1286.0,1 - 3,GFK Tikvesh,1357,1374.0,1,3,North Macedonia,domestic league (tier 1)
2016/08/14,1. MFL,0,FK Renova,1411,1415.0,1 - 0,Makedonija GP,1290,1286.0,1,0,North Macedonia,domestic league (tier 1)
2016/09/11,1. MFL,0,FK Renova,1421,1429.0,2 - 0,FK Pelister,1352,1344.0,2,0,North Macedonia,domestic league (tier 1)
2016/09/25,1. MFL,0,FK Renova,1415,1419.0,0 - 0,Vardar Skopje,1658,1654.0,0,0,North Macedonia,domestic league (tier 1)
2016/10/02,1. MFL,0,FK Renova,1427,1421.0,1 - 1,FK Pobeda,1311,1317.0,1,1,North Macedonia,domestic league (tier 1)
2016/10/16,1. MFL,0,FK Renova,1421,1427.0,1 - 0,FK Bregalnica Štip,1361,1355.0,1,0,North Macedonia,domestic league (tier 1)
2016/10/30,1. MFL,0,FK Renova,1417,1415.0,1 - 1,FK Rabotnicki,1463,1465.0,1,1,North Macedonia,domestic league (tier 1)
2016/11/05,1. MFL,0,FK Renova,1415,1420.0,1 - 0,KF Shkupi,1324,1319.0,1,0,North Macedonia,domestic league (tier 1)
2016/11/20,1. MFL,0,FK Renova,1412,1408.0,2 - 2,Sileks Kratovo,1380,1384.0,2,2,North Macedonia,domestic league (tier 1)
2016/11/30,1. MFL,0,FK Renova,1406,1400.0,1 - 2,KF Shkëndija 79,1645,1651.0,1,2,North Macedonia,domestic league (tier 1)
2017/02/26,1. MFL,0,FK Renova,1426,1420.0,2 - 2,Makedonija GP,1286,1292.0,2,2,North Macedonia,domestic league (tier 1)
2017/03/18,1. MFL,0,FK Renova,1413,1420.0,2 - 1,FK Pelister,1409,1402.0,2,1,North Macedonia,domestic league (tier 1)
2017/04/05,1. MFL,0,FK Renova,1406,1400.0,0 - 1,Vardar Skopje,1649,1655.0,0,1,North Macedonia,domestic league (tier 1)
2017/04/15,1. MFL,0,FK Renova,1408,1412.0,1 - 0,FK Pobeda,1291,1287.0,1,0,North Macedonia,domestic league (tier 1)
2017/04/23,1. MFL,0,FK Renova,1412,1422.0,4 - 0,FK Bregalnica Štip,1327,1317.0,4,0,North Macedonia,domestic league (tier 1)
2017/04/30,1. MFL,0,FK Renova,1435,1434.0,1 - 1,FK Rabotnicki,1484,1485.0,1,1,North Macedonia,domestic league (tier 1)
2017/05/03,1. MFL,0,FK Renova,1434,1439.0,2 - 1,KF Shkupi,1337,1332.0,2,1,North Macedonia,domestic league (tier 1)
2017/05/14,1. MFL,0,FK Renova,1425,1431.0,1 - 0,Sileks Kratovo,1372,1366.0,1,0,North Macedonia,domestic league (tier 1)
2017/05/28,1. MFL,0,FK Renova,1427,1430.0,4 - 4,KF Shkëndija 79,1623,1620.0,4,4,North Macedonia,domestic league (tier 1)
2017/08/19,1. MFL,0,FK Renova,1456,1430.0,0 - 3,Sileks Kratovo,1383,1409.0,0,3,North Macedonia,domestic league (tier 1)
2017/09/16,1. MFL,0,FK Renova,1416,1424.0,1 - 0,FK Pelister,1443,1435.0,1,0,North Macedonia,domestic league (tier 1)
2017/09/23,1. MFL,0,FK Renova,1422,1417.0,0 - 0,KF Shkupi,1330,1335.0,0,0,North Macedonia,domestic league (tier 1)
2017/09/30,1. MFL,0,FK Renova,1414,1409.0,0 - 0,FK Pobeda,1342,1347.0,0,0,North Macedonia,domestic league (tier 1)
2017/10/14,1. MFL,0,FK Renova,1409,1420.0,3 - 1,FK Rabotnicki,1421,1410.0,3,1,North Macedonia,domestic league (tier 1)
2017/10/25,1. MFL,0,FK Renova,1421,1428.0,5 - 1,FK Skopje,1262,1255.0,5,1,North Macedonia,domestic league (tier 1)
2017/10/28,1. MFL,0,FK Renova,1428,1436.0,3 - 1,Akademija Pandev,1366,1358.0,3,1,North Macedonia,domestic league (tier 1)
2017/11/16,1. MFL,0,FK Renova,1432,1421.0,2 - 5,Vardar Skopje,1671,1682.0,2,5,North Macedonia,domestic league (tier 1)
2017/11/25,1. MFL,0,FK Renova,1403,1392.0,1 - 6,KF Shkëndija 79,1682,1693.0,1,6,North Macedonia,domestic league (tier 1)
2018/02/17,1. MFL,0,FK Renova,1406,1404.0,0 - 0,Sileks Kratovo,1428,1430.0,0,0,North Macedonia,domestic league (tier 1)
2018/03/10,1. MFL,0,FK Renova,1403,1410.0,1 - 0,FK Pelister,1388,1381.0,1,0,North Macedonia,domestic league (tier 1)
2018/04/01,1. MFL,0,FK Renova,1415,1423.0,3 - 1,KF Shkupi,1350,1342.0,3,1,North Macedonia,domestic league (tier 1)
2018/04/15,1. MFL,0,FK Renova,1412,1417.0,2 - 1,FK Pobeda,1321,1316.0,2,1,North Macedonia,domestic league (tier 1)
2018/04/18,1. MFL,0,FK Renova,1417,1425.0,2 - 1,FK Rabotnicki,1445,1437.0,2,1,North Macedonia,domestic league (tier 1)
2018/04/25,1. MFL,0,FK Renova,1417,1423.0,2 - 0,FK Skopje,1286,1280.0,2,0,North Macedonia,domestic league (tier 1)
2018/04/29,1. MFL,0,FK Renova,1423,1429.0,2 - 1,Akademija Pandev,1369,1363.0,2,1,North Macedonia,domestic league (tier 1)
2018/05/06,1. MFL,0,FK Renova,1420,1421.0,1 - 1,Vardar Skopje,1559,1558.0,1,1,North Macedonia,domestic league (tier 1)
2018/05/16,1. MFL,0,FK Renova,1407,1399.0,0 - 3,KF Shkëndija 79,1730,1738.0,0,3,North Macedonia,domestic league (tier 1)
2018/08/19,1. MFL,0,FK Renova,1405,1395.0,0 - 1,Vardar Skopje,1493,1503.0,0,1,North Macedonia,domestic league (tier 1)
2018/09/01,1. MFL,0,FK Renova,1373,1367.0,1 - 1,Makedonija GP,1246,1252.0,1,1,North Macedonia,domestic league (tier 1)
2018/09/23,1. MFL,0,FK Renova,1359,1333.0,0 - 2,FK Belasica,1108,1134.0,0,2,North Macedonia,domestic league (tier 1)
2018/09/29,1. MFL,0,FK Renova,1356,1369.0,2 - 0,KF Shkupi,1406,1393.0,2,0,North Macedonia,domestic league (tier 1)
2018/10/21,1. MFL,0,FK Renova,1377,1360.0,0 - 2,FK Rabotnicki,1434,1451.0,0,2,North Macedonia,domestic league (tier 1)
2018/10/31,1. MFL,0,FK Renova,1366,1364.0,1 - 1,Sileks Kratovo,1387,1389.0,1,1,North Macedonia,domestic league (tier 1)
2018/11/10,1. MFL,0,FK Renova,1375,1382.0,2 - 1,FK Pobeda,1380,1373.0,2,1,North Macedonia,domestic league (tier 1)
2018/11/25,1. MFL,0,FK Renova,1363,1361.0,1 - 1,Akademija Pandev,1380,1382.0,1,1,North Macedonia,domestic league (tier 1)
2018/12/02,1. MFL,0,FK Renova,1365,1356.0,0 - 3,KF Shkëndija 79,1660,1669.0,0,3,North Macedonia,domestic league (tier 1)
2019/02/17,1. MFL,0,FK Renova,1356,1355.0,1 - 1,FK Rabotnicki,1412,1413.0,1,1,North Macedonia,domestic league (tier 1)
2019/03/10,1. MFL,0,FK Renova,1387,1383.0,0 - 0,Makedonija GP,1332,1336.0,0,0,North Macedonia,domestic league (tier 1)
2019/03/28,1. MFL,0,FK Renova,1394,1397.0,3 - 2,FK Belasica,1205,1202.0,3,2,North Macedonia,domestic league (tier 1)
2019/04/03,1. MFL,0,FK Renova,1391,1399.0,1 - 0,KF Shkupi,1423,1415.0,1,0,North Macedonia,domestic league (tier 1)
2019/04/14,1. MFL,0,FK Renova,1397,1384.0,1 - 2,FK Rabotnicki,1401,1414.0,1,2,North Macedonia,domestic league (tier 1)
2019/04/24,1. MFL,0,FK Renova,1377,1383.0,1 - 0,Sileks Kratovo,1337,1331.0,1,0,North Macedonia,domestic league (tier 1)
2019/05/04,1. MFL,0,FK Renova,1371,1382.0,9 - 1,FK Pobeda,1254,1243.0,9,1,North Macedonia,domestic league (tier 1)
2019/05/12,1. MFL,0,FK Renova,1372,1371.0,1 - 1,Akademija Pandev,1428,1429.0,1,1,North Macedonia,domestic league (tier 1)
2019/05/26,1. MFL,0,FK Renova,1375,1390.0,3 - 2,KF Shkëndija 79,1653,1638.0,3,2,North Macedonia,domestic league (tier 1)
2019/08/10,1. MFL,0,FK Renova,1390,1397.0,1 - 0,Sileks Kratovo,1375,1368.0,1,0,North Macedonia,domestic league (tier 1)
2019/08/18,1. MFL,0,FK Renova,1397,1401.0,2 - 1,FC Struga,1259,1255.0,2,1,North Macedonia,domestic league (tier 1)
2019/09/01,1. MFL,0,FK Renova,1404,1393.0,0 - 1,Vardar Skopje,1477,1488.0,0,1,North Macedonia,domestic league (tier 1)
2019/09/18,1. MFL,0,FK Renova,1384,1372.0,0 - 2,KF Shkëndija 79,1564,1576.0,0,2,North Macedonia,domestic league (tier 1)
2019/09/29,1. MFL,0,FK Renova,1394,1396.0,2 - 1,FK Borec,1140,1138.0,2,1,North Macedonia,domestic league (tier 1)
2019/10/27,1. MFL,0,FK Renova,1363,1362.0,2 - 2,KF Shkupi,1413,1414.0,2,2,North Macedonia,domestic league (tier 1)
2019/11/09,1. MFL,0,FK Renova,1349,1349.0,1 - 1,Akademija Pandev,1456,1456.0,1,1,North Macedonia,domestic league (tier 1)
2019/11/27,1. MFL,0,FK Renova,1343,1340.0,1 - 1,Makedonija GP,1354,1357.0,1,1,North Macedonia,domestic league (tier 1)
2019/12/08,1. MFL,0,FK Renova,1330,1337.0,4 - 3,FK Rabotnicki,1339,1332.0,4,3,North Macedonia,domestic league (tier 1)
2020/02/16,1. MFL,0,FK Renova,1337,1326.0,0 - 1,Sileks Kratovo,1410,1421.0,0,1,North Macedonia,domestic league (tier 1)
2020/02/23,1. MFL,0,FK Renova,1326,1335.0,2 - 0,FC Struga,1288,1279.0,2,0,North Macedonia,domestic league (tier 1)
2020/03/08,1. MFL,0,FK Renova,1334,1353.0,2 - 0,Vardar Skopje,1529,1510.0,2,0,North Macedonia,domestic league (tier 1)
2020/08/09,1. MFL,0,FK Renova,1366,1361.0,0 - 0,FC Struga,1281,1286.0,0,0,North Macedonia,domestic league (tier 1)
2020/08/22,1. MFL,0,FK Renova,1361,1371.0,2 - 0,Akademija Pandev,1339,1329.0,2,0,North Macedonia,domestic league (tier 1)
2020/09/13,1. MFL,0,FK Renova,1376,1363.0,0 - 1,FK Rabotnicki,1385,1398.0,0,1,North Macedonia,domestic league (tier 1)
2020/09/27,1. MFL,0,FK Renova,1364,1344.0,1 - 3,Makedonija GP,1339,1359.0,1,3,North Macedonia,domestic league (tier 1)
2020/10/18,1. MFL,0,FK Renova,1343,1339.0,0 - 0,FK Pelister,1297,1301.0,0,0,North Macedonia,domestic league (tier 1)
2020/11/07,1. MFL,0,FK Renova,1340,1331.0,1 - 3,KF Shkëndija 79,1581,1590.0,1,3,North Macedonia,domestic league (tier 1)
2020/11/29,1. MFL,0,FK Renova,1317,1323.0,1 - 0,FK Borec,1289,1283.0,1,0,North Macedonia,domestic league (tier 1)
2020/12/06,1. MFL,0,FK Renova,1336,1335.0,0 - 0,Sileks Kratovo,1394,1395.0,0,0,North Macedonia,domestic league (tier 1)
2020/12/12,1. MFL,0,FK Renova,1326,1326.0,0 - 0,KF Shkupi,1435,1435.0,0,0,North Macedonia,domestic league (tier 1)
2021/02/21,1. MFL,0,FK Renova,1341,1317.0,2 - 4,FK Belasica,1198,1222.0,2,4,North Macedonia,domestic league (tier 1)
2021/03/03,1. MFL,0,FK Renova,1305,1324.0,3 - 0,Vardar Skopje,1442,1423.0,3,0,North Macedonia,domestic league (tier 1)
2021/03/20,1. MFL,0,FK Renova,1335,1324.0,1 - 2,Makedonija GP,1389,1400.0,1,2,North Macedonia,domestic league (tier 1)
2021/04/11,1. MFL,0,FK Renova,1340,1330.0,0 - 3,KF Shkëndija 79,1599,1609.0,0,3,North Macedonia,domestic league (tier 1)
2021/04/17,1. MFL,0,FK Renova,1334,1342.0,2 - 1,Sileks Kratovo,1368,1360.0,2,1,North Macedonia,domestic league (tier 1)
2021/05/01,1. MFL,0,FK Renova,1338,1344.0,3 - 1,FK Belasica,1185,1179.0,3,1,North Macedonia,domestic league (tier 1)
2021/05/16,1. MFL,0,FK Renova,1330,1329.0,1 - 1,FK Rabotnicki,1408,1409.0,1,1,North Macedonia,domestic league (tier 1)
2021/08/08,1. MFL,0,FK Renova,1322,1319.0,1 - 1,FK Skopje,1296,1299.0,1,1,North Macedonia,domestic league (tier 1)
2021/08/18,1. MFL,0,FK Renova,1336,1345.0,2 - 0,FK Borec,1282,1273.0,2,0,North Macedonia,domestic league (tier 1)
2021/08/28,1. MFL,0,FK Renova,1339,1338.0,1 - 1,FK Rabotnicki,1400,1401.0,1,1,North Macedonia,domestic league (tier 1)
2021/09/19,1. MFL,0,FK Renova,1360,1369.0,1 - 0,FC Struga,1431,1422.0,1,0,North Macedonia,domestic league (tier 1)
2021/09/26,1. MFL,0,FK Renova,1369,1379.0,5 - 2,FK Bregalnica Štip,1301,1291.0,5,2,North Macedonia,domestic league (tier 1)
2021/10/16,1. MFL,0,FK Renova,1381,1389.0,2 - 0,FK Pelister,1300,1292.0,2,0,North Macedonia,domestic league (tier 1)
2021/11/06,1. MFL,0,FK Renova,1377,1369.0,0 - 1,KF Shkëndija 79,1530,1538.0,0,1,North Macedonia,domestic league (tier 1)
2021/11/27,1. MFL,0,FK Renova,1385,1374.0,1 - 2,Akademija Pandev,1434,1445.0,1,2,North Macedonia,domestic league (tier 1)
2021/12/08,1. MFL,0,FK Renova,1376,1369.0,1 - 1,GFK Tikvesh,1177,1184.0,1,1,North Macedonia,domestic league (tier 1)
2022/02/20,1. MFL,0,FK Renova,1374,1362.0,0 - 1,Makedonija GP,1392,1404.0,0,1,North Macedonia,domestic league (tier 1)
2022/03/09,1. MFL,0,FK Renova,1360,1362.0,0 - 0,KF Shkupi,1536,1534.0,0,0,North Macedonia,domestic league (tier 1)
2022/03/14,1. MFL,0,FK Renova,1362,1355.0,0 - 0,FK Pelister,1190,1197.0,0,0,North Macedonia,domestic league (tier 1)
2022/03/19,1. MFL,0,FK Renova,1355,1363.0,2 - 1,FK Rabotnicki,1372,1364.0,2,1,North Macedonia,domestic league (tier 1)
2022/04/06,1. MFL,0,FK Renova,1365,1354.0,0 - 1,Makedonija GP,1433,1444.0,0,1,North Macedonia,domestic league (tier 1)
2022/04/17,1. MFL,0,FK Renova,1361,1350.0,0 - 1,Akademija Pandev,1436,1447.0,0,1,North Macedonia,domestic league (tier 1)
2022/05/01,1. MFL,0,FK Renova,1346,1343.0,1 - 1,FC Struga,1353,1356.0,1,1,North Macedonia,domestic league (tier 1)
2022/05/08,1. MFL,0,FK Renova,1353,1361.0,2 - 0,FK Skopje,1268,1260.0,2,0,North Macedonia,domestic league (tier 1)
2017/08/26,1. MFL,0,FK Skopje,1218,1221.0,0 - 0,FK Renova,1430,1427.0,0,0,North Macedonia,domestic league (tier 1)
2017/09/17,1. MFL,0,FK Skopje,1242,1250.0,1 - 1,Vardar Skopje,1726,1718.0,1,1,North Macedonia,domestic league (tier 1)
2017/09/24,1. MFL,0,FK Skopje,1245,1242.0,1 - 2,KF Shkëndija 79,1680,1683.0,1,2,North Macedonia,domestic league (tier 1)
2017/09/30,1. MFL,0,FK Skopje,1235,1238.0,0 - 0,FK Rabotnicki,1424,1421.0,0,0,North Macedonia,domestic league (tier 1)
2017/10/14,1. MFL,0,FK Skopje,1238,1239.0,1 - 1,Sileks Kratovo,1387,1386.0,1,1,North Macedonia,domestic league (tier 1)
2017/10/22,1. MFL,0,FK Skopje,1262,1262.0,1 - 1,Akademija Pandev,1350,1350.0,1,1,North Macedonia,domestic league (tier 1)
2017/10/29,1. MFL,0,FK Skopje,1255,1266.0,1 - 0,FK Pelister,1395,1384.0,1,0,North Macedonia,domestic league (tier 1)
2017/11/22,1. MFL,0,FK Skopje,1257,1256.0,0 - 0,KF Shkupi,1332,1333.0,0,0,North Macedonia,domestic league (tier 1)
2017/11/26,1. MFL,0,FK Skopje,1256,1245.0,0 - 1,FK Pobeda,1328,1339.0,0,1,North Macedonia,domestic league (tier 1)
2018/02/25,1. MFL,0,FK Skopje,1237,1239.0,1 - 1,FK Renova,1404,1402.0,1,1,North Macedonia,domestic league (tier 1)
2018/03/11,1. MFL,0,FK Skopje,1262,1269.0,0 - 0,Vardar Skopje,1632,1625.0,0,0,North Macedonia,domestic league (tier 1)
2018/04/01,1. MFL,0,FK Skopje,1292,1299.0,0 - 0,KF Shkëndija 79,1719,1712.0,0,0,North Macedonia,domestic league (tier 1)
2018/04/15,1. MFL,0,FK Skopje,1313,1304.0,0 - 1,FK Rabotnicki,1436,1445.0,0,1,North Macedonia,domestic league (tier 1)
2018/04/18,1. MFL,0,FK Skopje,1304,1304.0,1 - 1,Sileks Kratovo,1410,1410.0,1,1,North Macedonia,domestic league (tier 1)
2018/04/22,1. MFL,0,FK Skopje,1304,1286.0,0 - 2,Akademija Pandev,1344,1362.0,0,2,North Macedonia,domestic league (tier 1)
2018/04/29,1. MFL,0,FK Skopje,1280,1298.0,4 - 0,FK Pelister,1372,1354.0,4,0,North Macedonia,domestic league (tier 1)
2018/05/06,1. MFL,0,FK Skopje,1316,1315.0,1 - 1,KF Shkupi,1374,1375.0,1,1,North Macedonia,domestic league (tier 1)
2018/05/16,1. MFL,0,FK Skopje,1314,1322.0,1 - 0,FK Pobeda,1344,1336.0,1,0,North Macedonia,domestic league (tier 1)
2021/08/15,1. MFL,0,FK Skopje,1299,1296.0,0 - 0,FK Bregalnica Štip,1284,1287.0,0,0,North Macedonia,domestic league (tier 1)
2021/08/22,1. MFL,0,FK Skopje,1287,1295.0,1 - 0,FK Pelister,1313,1305.0,1,0,North Macedonia,domestic league (tier 1)
2021/09/19,1. MFL,0,FK Skopje,1284,1275.0,0 - 2,KF Shkëndija 79,1524,1533.0,0,2,North Macedonia,domestic league (tier 1)
2021/10/02,1. MFL,0,FK Skopje,1294,1294.0,0 - 0,Akademija Pandev,1392,1392.0,0,0,North Macedonia,domestic league (tier 1)
2021/10/24,1. MFL,0,FK Skopje,1312,1315.0,2 - 1,GFK Tikvesh,1136,1133.0,2,1,North Macedonia,domestic league (tier 1)
2021/10/30,1. MFL,0,FK Skopje,1315,1314.0,0 - 0,FK Renova,1376,1377.0,0,0,North Macedonia,domestic league (tier 1)
2021/11/20,1. MFL,0,FK Skopje,1307,1296.0,1 - 2,Makedonija GP,1358,1369.0,1,2,North Macedonia,domestic league (tier 1)
2021/12/05,1. MFL,0,FK Skopje,1297,1286.0,1 - 3,KF Shkupi,1504,1515.0,1,3,North Macedonia,domestic league (tier 1)
2021/12/08,1. MFL,0,FK Skopje,1286,1296.0,1 - 0,FC Struga,1401,1391.0,1,0,North Macedonia,domestic league (tier 1)
2022/02/13,1. MFL,0,FK Skopje,1294,1289.0,1 - 1,FK Borec,1223,1228.0,1,1,North Macedonia,domestic league (tier 1)
2022/02/27,1. MFL,0,FK Skopje,1281,1270.0,0 - 1,FK Rabotnicki,1354,1365.0,0,1,North Macedonia,domestic league (tier 1)
2022/03/19,1. MFL,0,FK Skopje,1260,1252.0,0 - 2,KF Shkëndija 79,1544,1552.0,0,2,North Macedonia,domestic league (tier 1)
2022/04/06,1. MFL,0,FK Skopje,1269,1274.0,0 - 0,KF Shkupi,1553,1548.0,0,0,North Macedonia,domestic league (tier 1)
2022/04/17,1. MFL,0,FK Skopje,1269,1254.0,1 - 2,GFK Tikvesh,1199,1214.0,1,2,North Macedonia,domestic league (tier 1)
2022/05/04,1. MFL,0,FK Skopje,1260,1268.0,4 - 2,FK Pelister,1179,1171.0,4,2,North Macedonia,domestic league (tier 1)
2022/05/15,1. MFL,0,FK Skopje,1260,1276.0,4 - 1,FK Bregalnica Štip,1334,1318.0,4,1,North Macedonia,domestic league (tier 1)
2022/05/22,1. MFL rel.,0,FK Skopje,1276,1280.0,2 - 1,FK Belasica,1151,1147.0,2,1,North Macedonia,domestic relegation
2022/08/28,1. MFL,0,FK Skopje,1270,1261.0,0 - 2,KF Shkupi,1506,1515.0,0,2,North Macedonia,domestic league (tier 1)
2022/09/04,1. MFL,0,FK Skopje,1255,1260.0,1 - 0,FK Pobeda Junior,1171,1166.0,1,0,North Macedonia,domestic league (tier 1)
2022/09/18,1. MFL,0,FK Skopje,1255,1255.0,0 - 0,FK Bregalnica Štip,1339,1339.0,0,0,North Macedonia,domestic league (tier 1)
2022/10/09,1. MFL,0,FK Skopje,1240,1240.0,0 - 0,FK Rabotnicki,1339,1339.0,0,0,North Macedonia,domestic league (tier 1)
2022/10/26,1. MFL,0,FK Skopje,1234,1229.0,0 - 1,KF Shkëndija 79,1544,1549.0,0,1,North Macedonia,domestic league (tier 1)
2022/11/05,1. MFL,0,FK Skopje,1229,1231.0,0 - 0,Sileks Kratovo,1399,1397.0,0,0,North Macedonia,domestic league (tier 1)
2022/11/27,1. MFL,0,FK Skopje,1228,1239.0,2 - 1,Akademija Pandev,1380,1369.0,2,1,North Macedonia,domestic league (tier 1)
2022/12/11,1. MFL,0,FK Skopje,1240,1244.0,1 - 1,FC Struga,1472,1468.0,1,1,North Macedonia,domestic league (tier 1)
2023/02/26,1. MFL,0,FK Skopje,1249,1248.0,0 - 0,GFK Tikvesh,1302,1303.0,0,0,North Macedonia,domestic league (tier 1)
2023/03/08,1. MFL,0,FK Skopje,1238,1240.0,1 - 1,Makedonija GP,1402,1400.0,1,1,North Macedonia,domestic league (tier 1)
2023/03/19,1. MFL,0,FK Skopje,1234,1227.0,0 - 2,KF Shkëndija 79,1533,1540.0,0,2,North Macedonia,domestic league (tier 1)
2023/04/09,1. MFL,0,FK Skopje,1245,1249.0,1 - 1,FC Struga,1486,1482.0,1,1,North Macedonia,domestic league (tier 1)
2023/04/23,1. MFL,0,FK Skopje,1243,1243.0,1 - 1,Akademija Pandev,1359,1359.0,1,1,North Macedonia,domestic league (tier 1)
2023/05/14,1. MFL,0,FK Skopje,1245,1234.0,1 - 2,FK Bregalnica Štip,1325,1336.0,1,2,North Macedonia,domestic league (tier 1)
2023/05/21,1. MFL rel.,0,FK Skopje,1234,1221.0,0 - 3,Vardar Skopje,1318,1331.0,0,3,North Macedonia,domestic relegation
2024/09/18,North Macedonia Cup,0,FK Skopje,1221,1207.0,0 - 1,FK Pelister,1185,1199.0,0,1,North Macedonia,domestic cup
2025/09/10,North Macedonia Cup,0,FK Skopje,1207,1196.0,0 - 1,GFK Tikvesh,1279,1290.0,0,1,North Macedonia,domestic cup
2026/08/09,1. MFL,0,FK Skopje,1208,1212.0,1 - 1,FC Struga,1457,1453.0,1,1,North Macedonia,domestic league (tier 1)
2026/08/21,1. MFL,0,FK Skopje,1207,1209.0,1 - 1,GFK Tikvesh,1384,1382.0,1,1,North Macedonia,domestic league (tier 1)
2026/09/05,1. MFL,0,FK Skopje,1214,,Info,KF Bashkimi,1195,,,,North Macedonia,domestic league (tier 1)
2022/09/14,North Macedonia Cup,0,FK Teteks,1130,1119.0,0 - 6,Akademija Pandev,1413,1424.0,0,6,North Macedonia,domestic cup
2023/09/20,North Macedonia Cup,0,FK Teteks,1119,1107.0,0 - 3,FK Rabotnicki,1333,1345.0,0,3,North Macedonia,domestic cup
2025/09/03,North Macedonia Cup,0,FK Teteks,1107,1098.0,1 - 2,FK Pelister,1227,1236.0,1,2,North Macedonia,domestic cup
2026/09/09,North Macedonia Cup,0,FK Teteks,1098,,Info,FK Bregalnica Štip,1250,,,,North Macedonia,domestic cup
2023/08/06,1. MFL,0,FK Voska Sport,1152,1149.0,0 - 1,KF Shkëndija 79,1522,1525.0,0,1,North Macedonia,domestic league (tier 1)
2023/08/20,1. MFL,0,FK Voska Sport,1144,1156.0,3 - 2,Vardar Skopje,1316,1304.0,3,2,North Macedonia,domestic league (tier 1)
2023/09/02,1. MFL,0,FK Voska Sport,1162,1180.0,2 - 0,FK Bregalnica Štip,1344,1326.0,2,0,North Macedonia,domestic league (tier 1)
2023/09/24,1. MFL,0,FK Voska Sport,1174,1170.0,2 - 3,KF Shkupi,1516,1520.0,2,3,North Macedonia,domestic league (tier 1)
2023/09/27,1. MFL,0,FK Voska Sport,1170,1166.0,0 - 1,FC Struga,1520,1524.0,0,1,North Macedonia,domestic league (tier 1)
2023/10/07,1. MFL,0,FK Voska Sport,1162,1175.0,2 - 1,Makedonija GP,1382,1369.0,2,1,North Macedonia,domestic league (tier 1)
2023/10/25,North Macedonia Cup,0,FK Voska Sport,1177,1183.0,0 - 0,FC Struga,1528,1522.0,0,0,North Macedonia,domestic cup
2023/11/04,1. MFL,0,FK Voska Sport,1192,1193.0,1 - 1,FK AP Brera Strumica,1326,1325.0,1,1,North Macedonia,domestic league (tier 1)
2023/11/29,1. MFL,0,FK Voska Sport,1223,1205.0,0 - 3,GFK Tikvesh,1323,1341.0,0,3,North Macedonia,domestic league (tier 1)
2023/12/10,1. MFL,0,FK Voska Sport,1208,1219.0,3 - 2,FK Rabotnicki,1346,1335.0,3,2,North Macedonia,domestic league (tier 1)
2024/02/25,1. MFL,0,FK Voska Sport,1216,1218.0,0 - 0,Sileks Kratovo,1369,1367.0,0,0,North Macedonia,domestic league (tier 1)
2024/03/06,1. MFL,0,FK Voska Sport,1233,1230.0,1 - 1,KF Gostivari,1233,1236.0,1,1,North Macedonia,domestic league (tier 1)
2024/03/16,1. MFL,0,FK Voska Sport,1238,1243.0,0 - 0,KF Shkupi,1543,1538.0,0,0,North Macedonia,domestic league (tier 1)
2024/04/03,North Macedonia Cup,0,FK Voska Sport,1240,1254.0,2 - 0,Makedonija GP,1325,1311.0,2,0,North Macedonia,domestic cup
2024/04/07,1. MFL,0,FK Voska Sport,1254,1253.0,1 - 1,FK Rabotnicki,1310,1311.0,1,1,North Macedonia,domestic league (tier 1)
2024/04/28,1. MFL,0,FK Voska Sport,1255,1269.0,4 - 0,FK Bregalnica Štip,1267,1253.0,4,0,North Macedonia,domestic league (tier 1)
2024/05/04,1. MFL,0,FK Voska Sport,1290,1299.0,2 - 1,Sileks Kratovo,1365,1356.0,2,1,North Macedonia,domestic league (tier 1)
2024/05/18,1. MFL,0,FK Voska Sport,1303,1299.0,1 - 1,KF Gostivari,1253,1257.0,1,1,North Macedonia,domestic league (tier 1)
2024/08/25,1. MFL,0,FK Voska Sport,1291,1271.0,0 - 2,KF Gostivari,1277,1297.0,0,2,North Macedonia,domestic league (tier 1)
2024/09/15,1. MFL,0,FK Voska Sport,1291,1272.0,0 - 3,Sileks Kratovo,1356,1375.0,0,3,North Macedonia,domestic league (tier 1)
2024/09/25,1. MFL,0,FK Voska Sport,1267,1270.0,1 - 1,FC Struga,1456,1453.0,1,1,North Macedonia,domestic league (tier 1)
2024/10/05,1. MFL,0,FK Voska Sport,1262,1248.0,0 - 2,FK Rabotnicki,1386,1400.0,0,2,North Macedonia,domestic league (tier 1)
2024/10/27,1. MFL,0,FK Voska Sport,1253,1249.0,1 - 1,FK Pelister,1211,1215.0,1,1,North Macedonia,domestic league (tier 1)
2024/10/30,1. MFL,0,FK Voska Sport,1249,1269.0,3 - 1,KF Shkupi,1471,1451.0,3,1,North Macedonia,domestic league (tier 1)
2024/11/03,1. MFL,0,FK Voska Sport,1269,1267.0,0 - 0,GFK Tikvesh,1297,1299.0,0,0,North Macedonia,domestic league (tier 1)
2024/11/24,1. MFL,0,FK Voska Sport,1258,1255.0,0 - 0,Vardar Skopje,1262,1265.0,0,0,North Macedonia,domestic league (tier 1)
2024/12/03,1. MFL,0,FK Voska Sport,1249,1243.0,0 - 1,KF Shkëndija 79,1511,1517.0,0,1,North Macedonia,domestic league (tier 1)
2025/02/16,1. MFL,0,FK Voska Sport,1240,1250.0,2 - 0,KF Besa Dobërdoll,1209,1199.0,2,0,North Macedonia,domestic league (tier 1)
2025/03/02,1. MFL,0,FK Voska Sport,1247,1260.0,3 - 1,FK AP Brera Strumica,1291,1278.0,3,1,North Macedonia,domestic league (tier 1)
2025/03/15,1. MFL,0,FK Voska Sport,1249,1251.0,1 - 1,FK Rabotnicki,1414,1412.0,1,1,North Macedonia,domestic league (tier 1)
2025/04/06,1. MFL,0,FK Voska Sport,1275,1267.0,1 - 2,Sileks Kratovo,1444,1452.0,1,2,North Macedonia,domestic league (tier 1)
2021/08/08,1. MFL,0,GFK Tikvesh,1126,1133.0,0 - 0,KF Shkëndija 79,1553,1546.0,0,0,North Macedonia,domestic league (tier 1)
2021/08/18,1. MFL,0,GFK Tikvesh,1129,1121.0,0 - 2,Akademija Pandev,1392,1400.0,0,2,North Macedonia,domestic league (tier 1)
2021/08/28,1. MFL,0,GFK Tikvesh,1119,1124.0,1 - 1,FC Struga,1421,1416.0,1,1,North Macedonia,domestic league (tier 1)
2021/09/12,1. MFL,0,GFK Tikvesh,1124,1114.0,0 - 2,FK Renova,1338,1348.0,0,2,North Macedonia,domestic league (tier 1)
2021/09/26,1. MFL,0,GFK Tikvesh,1109,1134.0,3 - 0,Makedonija GP,1366,1341.0,3,0,North Macedonia,domestic league (tier 1)
2021/10/16,1. MFL,0,GFK Tikvesh,1141,1137.0,0 - 1,KF Shkupi,1484,1488.0,0,1,North Macedonia,domestic league (tier 1)
2021/11/06,1. MFL,0,GFK Tikvesh,1142,1152.0,2 - 1,FK Borec,1241,1231.0,2,1,North Macedonia,domestic league (tier 1)
2021/11/28,1. MFL,0,GFK Tikvesh,1150,1170.0,2 - 0,FK Rabotnicki,1370,1350.0,2,0,North Macedonia,domestic league (tier 1)
2021/12/11,1. MFL,0,GFK Tikvesh,1184,1171.0,1 - 3,FK Bregalnica Štip,1337,1350.0,1,3,North Macedonia,domestic league (tier 1)
2022/02/20,1. MFL,0,GFK Tikvesh,1168,1176.0,1 - 0,FK Pelister,1200,1192.0,1,0,North Macedonia,domestic league (tier 1)
2022/03/05,1. MFL,0,GFK Tikvesh,1175,1192.0,3 - 0,FK Skopje,1270,1253.0,3,0,North Macedonia,domestic league (tier 1)
2022/03/19,1. MFL,0,GFK Tikvesh,1191,1185.0,1 - 2,Akademija Pandev,1447,1453.0,1,2,North Macedonia,domestic league (tier 1)
2022/04/06,1. MFL,0,GFK Tikvesh,1184,1203.0,2 - 0,FC Struga,1378,1359.0,2,0,North Macedonia,domestic league (tier 1)
2022/04/23,1. MFL,0,GFK Tikvesh,1214,1229.0,5 - 0,FK Borec,1223,1208.0,5,0,North Macedonia,domestic league (tier 1)
2022/05/04,1. MFL,0,GFK Tikvesh,1230,1220.0,0 - 1,FK Renova,1343,1353.0,0,1,North Macedonia,domestic league (tier 1)
2022/05/15,1. MFL,0,GFK Tikvesh,1215,1228.0,2 - 1,Makedonija GP,1428,1415.0,2,1,North Macedonia,domestic league (tier 1)
2022/08/21,1. MFL,0,GFK Tikvesh,1239,1239.0,1 - 1,FK Bregalnica Štip,1323,1323.0,1,1,North Macedonia,domestic league (tier 1)
2022/08/31,1. MFL,0,GFK Tikvesh,1231,1224.0,1 - 3,KF Shkëndija 79,1533,1540.0,1,3,North Macedonia,domestic league (tier 1)
2022/09/07,1. MFL,0,GFK Tikvesh,1220,1242.0,3 - 1,KF Shkupi,1488,1466.0,3,1,North Macedonia,domestic league (tier 1)
2022/09/11,1. MFL,0,GFK Tikvesh,1242,1254.0,2 - 1,Akademija Pandev,1425,1413.0,2,1,North Macedonia,domestic league (tier 1)
2022/10/02,1. MFL,0,GFK Tikvesh,1250,1261.0,2 - 0,FK Skopje,1255,1244.0,2,0,North Macedonia,domestic league (tier 1)
2022/10/05,North Macedonia Cup,0,GFK Tikvesh,1261,1252.0,0 - 1,Sileks Kratovo,1397,1406.0,0,1,North Macedonia,domestic cup
2022/10/08,1. MFL,0,GFK Tikvesh,1252,1274.0,4 - 0,Makedonija GP,1405,1383.0,4,0,North Macedonia,domestic league (tier 1)
2022/10/30,1. MFL,0,GFK Tikvesh,1270,1276.0,1 - 0,FK Pobeda Junior,1213,1207.0,1,0,North Macedonia,domestic league (tier 1)
2022/11/12,1. MFL,0,GFK Tikvesh,1270,1286.0,3 - 0,FK Rabotnicki,1339,1323.0,3,0,North Macedonia,domestic league (tier 1)
2022/12/04,1. MFL,0,GFK Tikvesh,1294,1278.0,0 - 2,Sileks Kratovo,1367,1383.0,0,2,North Macedonia,domestic league (tier 1)
2023/02/19,1. MFL,0,GFK Tikvesh,1300,1302.0,1 - 1,FC Struga,1468,1466.0,1,1,North Macedonia,domestic league (tier 1)
2023/03/18,1. MFL,0,GFK Tikvesh,1294,1284.0,0 - 1,Makedonija GP,1405,1415.0,0,1,North Macedonia,domestic league (tier 1)
2023/04/09,1. MFL,0,GFK Tikvesh,1289,1289.0,0 - 0,Sileks Kratovo,1388,1388.0,0,0,North Macedonia,domestic league (tier 1)
2023/04/23,1. MFL,0,GFK Tikvesh,1285,1288.0,0 - 0,KF Shkupi,1507,1504.0,0,0,North Macedonia,domestic league (tier 1)
2023/04/30,1. MFL,0,GFK Tikvesh,1283,1266.0,1 - 3,FK Rabotnicki,1329,1346.0,1,3,North Macedonia,domestic league (tier 1)
2023/05/10,1. MFL,0,GFK Tikvesh,1292,1304.0,4 - 0,FK Skopje,1257,1245.0,4,0,North Macedonia,domestic league (tier 1)
2023/08/06,1. MFL,0,GFK Tikvesh,1316,1325.0,1 - 0,Makedonija GP,1392,1383.0,1,0,North Macedonia,domestic league (tier 1)
2023/08/20,1. MFL,0,GFK Tikvesh,1336,1329.0,1 - 2,KF Shkëndija 79,1525,1532.0,1,2,North Macedonia,domestic league (tier 1)
2023/08/27,1. MFL,0,GFK Tikvesh,1320,1314.0,1 - 1,FK Voska Sport,1156,1162.0,1,1,North Macedonia,domestic league (tier 1)
2023/09/17,1. MFL,0,GFK Tikvesh,1309,1316.0,1 - 0,Vardar Skopje,1313,1306.0,1,0,North Macedonia,domestic league (tier 1)
2023/09/24,1. MFL,0,GFK Tikvesh,1316,1323.0,2 - 1,FK Bregalnica Štip,1314,1307.0,2,1,North Macedonia,domestic league (tier 1)
2023/10/07,1. MFL,0,GFK Tikvesh,1316,1319.0,1 - 1,KF Shkupi,1531,1528.0,1,1,North Macedonia,domestic league (tier 1)
2023/11/04,1. MFL,0,GFK Tikvesh,1327,1321.0,2 - 2,KF Gostivari,1161,1167.0,2,2,North Macedonia,domestic league (tier 1)
2023/11/08,North Macedonia Cup,0,GFK Tikvesh,1321,1318.0,1 - 1,FK AP Brera Strumica,1325,1328.0,1,1,North Macedonia,domestic cup
2023/11/26,1. MFL,0,GFK Tikvesh,1315,1323.0,1 - 0,FK AP Brera Strumica,1341,1333.0,1,0,North Macedonia,domestic league (tier 1)
2023/12/03,1. MFL,0,GFK Tikvesh,1341,1333.0,2 - 3,FC Struga,1513,1521.0,2,3,North Macedonia,domestic league (tier 1)
2024/02/25,1. MFL,0,GFK Tikvesh,1311,1323.0,2 - 0,FK Rabotnicki,1338,1326.0,2,0,North Macedonia,domestic league (tier 1)
2024/03/06,1. MFL,0,GFK Tikvesh,1330,1338.0,1 - 0,Sileks Kratovo,1369,1361.0,1,0,North Macedonia,domestic league (tier 1)
2024/03/10,1. MFL,0,GFK Tikvesh,1338,1344.0,2 - 1,FK Bregalnica Štip,1270,1264.0,2,1,North Macedonia,domestic league (tier 1)
2024/03/30,1. MFL,0,GFK Tikvesh,1336,1334.0,1 - 1,Sileks Kratovo,1373,1375.0,1,1,North Macedonia,domestic league (tier 1)
2024/04/07,1. MFL,0,GFK Tikvesh,1341,1351.0,3 - 1,FK AP Brera Strumica,1325,1315.0,3,1,North Macedonia,domestic league (tier 1)
2024/04/17,North Macedonia Cup,0,GFK Tikvesh,1340,1342.0,0 - 0,KF Shkupi,1524,1522.0,0,0,North Macedonia,domestic cup
2024/04/21,1. MFL,0,GFK Tikvesh,1342,1354.0,2 - 1,KF Shkëndija 79,1510,1498.0,2,1,North Macedonia,domestic league (tier 1)
2024/05/01,1. MFL,0,GFK Tikvesh,1350,1362.0,3 - 2,FC Struga,1505,1493.0,3,2,North Macedonia,domestic league (tier 1)
2024/05/12,1. MFL,0,GFK Tikvesh,1351,1347.0,0 - 0,FK Voska Sport,1299,1303.0,0,0,North Macedonia,domestic league (tier 1)
2024/05/22,North Macedonia Cup,0,GFK Tikvesh,1349,1358.0,2 - 1,FK Voska Sport,1299,1290.0,2,1,North Macedonia,domestic cup
2024/08/18,1. MFL,0,GFK Tikvesh,1357,1363.0,2 - 1,FK Voska Sport,1297,1291.0,2,1,North Macedonia,domestic league (tier 1)
2024/08/31,1. MFL,0,GFK Tikvesh,1352,1348.0,0 - 0,KF Gostivari,1297,1301.0,0,0,North Macedonia,domestic league (tier 1)
2024/09/22,1. MFL,0,GFK Tikvesh,1338,1324.0,0 - 1,Vardar Skopje,1278,1292.0,0,1,North Macedonia,domestic league (tier 1)
2024/09/29,1. MFL,0,GFK Tikvesh,1327,1325.0,0 - 0,Sileks Kratovo,1371,1373.0,0,0,North Macedonia,domestic league (tier 1)
2024/10/20,1. MFL,0,GFK Tikvesh,1324,1326.0,0 - 0,KF Shkëndija 79,1500,1498.0,0,0,North Macedonia,domestic league (tier 1)
2024/10/30,1. MFL,0,GFK Tikvesh,1306,1297.0,0 - 1,FC Struga,1445,1454.0,0,1,North Macedonia,domestic league (tier 1)
2024/11/09,1. MFL,0,GFK Tikvesh,1299,1295.0,0 - 0,KF Besa Dobërdoll,1235,1239.0,0,0,North Macedonia,domestic league (tier 1)
2024/11/27,1. MFL,0,GFK Tikvesh,1290,1276.0,0 - 2,FK Rabotnicki,1408,1422.0,0,2,North Macedonia,domestic league (tier 1)
2024/12/08,1. MFL,0,GFK Tikvesh,1278,1290.0,2 - 0,FK AP Brera Strumica,1311,1299.0,2,0,North Macedonia,domestic league (tier 1)
2025/02/23,1. MFL,0,GFK Tikvesh,1296,1281.0,1 - 2,FK Pelister,1220,1235.0,1,2,North Macedonia,domestic league (tier 1)
2025/03/05,1. MFL,0,GFK Tikvesh,1279,1291.0,1 - 0,KF Shkupi,1443,1431.0,1,0,North Macedonia,domestic league (tier 1)
2025/03/15,1. MFL,0,GFK Tikvesh,1287,1297.0,2 - 1,KF Gostivari,1396,1386.0,2,1,North Macedonia,domestic league (tier 1)
2025/04/06,1. MFL,0,GFK Tikvesh,1303,1296.0,0 - 1,KF Shkëndija 79,1510,1517.0,0,1,North Macedonia,domestic league (tier 1)
2025/04/19,1. MFL,0,GFK Tikvesh,1300,1306.0,2 - 1,FK AP Brera Strumica,1247,1241.0,2,1,North Macedonia,domestic league (tier 1)
2025/05/07,1. MFL,0,GFK Tikvesh,1296,1301.0,1 - 0,KF Besa Dobërdoll,1224,1219.0,1,0,North Macedonia,domestic league (tier 1)
2025/05/17,1. MFL,0,GFK Tikvesh,1305,1306.0,3 - 3,FC Struga,1443,1442.0,3,3,North Macedonia,domestic league (tier 1)
2025/08/10,1. MFL,0,GFK Tikvesh,1306,1305.0,0 - 0,FK Rabotnicki,1369,1370.0,0,0,North Macedonia,domestic league (tier 1)
2025/08/15,1. MFL,0,GFK Tikvesh,1305,1295.0,1 - 2,Vardar Skopje,1409,1419.0,1,2,North Macedonia,domestic league (tier 1)
2025/08/31,1. MFL,0,GFK Tikvesh,1283,1279.0,0 - 0,FK AP Brera Strumica,1247,1251.0,0,0,North Macedonia,domestic league (tier 1)
2025/09/17,1. MFL,0,GFK Tikvesh,1284,1291.0,1 - 0,KF Shkupi,1286,1279.0,1,0,North Macedonia,domestic league (tier 1)
2025/09/27,1. MFL,0,GFK Tikvesh,1289,1296.0,2 - 1,Makedonija GP,1290,1283.0,2,1,North Macedonia,domestic league (tier 1)
2025/10/24,1. MFL,0,GFK Tikvesh,1293,1279.0,3 - 4,KF Arsimi,1243,1257.0,3,4,North Macedonia,domestic league (tier 1)
2025/11/23,1. MFL,0,GFK Tikvesh,1291,1303.0,3 - 0,KF Bashkimi,1286,1274.0,3,0,North Macedonia,domestic league (tier 1)
2025/12/05,1. MFL,0,GFK Tikvesh,1325,1318.0,0 - 1,FC Struga,1520,1527.0,0,1,North Macedonia,domestic league (tier 1)
2026/02/14,1. MFL,0,GFK Tikvesh,1336,1325.0,1 - 4,KF Shkëndija 79,1573,1584.0,1,4,North Macedonia,domestic league (tier 1)
2026/03/01,1. MFL,0,GFK Tikvesh,1336,1327.0,0 - 1,Sileks Kratovo,1467,1476.0,0,1,North Macedonia,domestic league (tier 1)
2026/03/08,1. MFL,0,GFK Tikvesh,1351,1356.0,1 - 0,FK Pelister,1241,1236.0,1,0,North Macedonia,domestic league (tier 1)
2026/03/15,1. MFL,0,GFK Tikvesh,1356,1361.0,6 - 0,KF Shkupi,1097,1092.0,6,0,North Macedonia,domestic league (tier 1)
2026/03/20,1. MFL,0,GFK Tikvesh,1361,1372.0,6 - 1,FK AP Brera Strumica,1294,1283.0,6,1,North Macedonia,domestic league (tier 1)
2026/04/07,1. MFL,0,GFK Tikvesh,1372,1353.0,0 - 3,Sileks Kratovo,1437,1456.0,0,3,North Macedonia,domestic league (tier 1)
2026/04/17,1. MFL,0,GFK Tikvesh,1369,1357.0,1 - 4,KF Shkëndija 79,1580,1592.0,1,4,North Macedonia,domestic league (tier 1)
2026/05/03,1. MFL,0,GFK Tikvesh,1349,1344.0,1 - 1,KF Arsimi,1280,1285.0,1,1,North Macedonia,domestic league (tier 1)
2026/05/16,1. MFL,0,GFK Tikvesh,1362,1357.0,2 - 2,FK Pelister,1282,1287.0,2,2,North Macedonia,domestic league (tier 1)
2026/07/24,1. MFL,0,GFK Tikvesh,1374,1385.0,5 - 1,KF Arsimi,1310,1299.0,5,1,North Macedonia,domestic league (tier 1)
2026/08/15,1. MFL,0,GFK Tikvesh,1403,1384.0,0 - 1,Shkëndija Haraçinë,1028,1047.0,0,1,North Macedonia,domestic league (tier 1)
2026/08/31,1. MFL,0,GFK Tikvesh,1382,1383.0,1 - 1,Vardar Skopje,1524,1523.0,1,1,North Macedonia,domestic league (tier 1)
2025/08/15,1. MFL,0,KF Arsimi,1245,1238.0,1 - 2,FC Struga,1435,1442.0,1,2,North Macedonia,domestic league (tier 1)
2025/08/30,1. MFL,0,KF Arsimi,1246,1240.0,0 - 1,Sileks Kratovo,1497,1503.0,0,1,North Macedonia,domestic league (tier 1)
2025/09/18,1. MFL,0,KF Arsimi,1264,1250.0,1 - 4,Vardar Skopje,1431,1445.0,1,4,North Macedonia,domestic league (tier 1)
2025/09/27,1. MFL,0,KF Arsimi,1243,1254.0,4 - 2,KF Shkupi,1238,1227.0,4,2,North Macedonia,domestic league (tier 1)
2025/10/29,1. MFL,0,KF Arsimi,1257,1255.0,2 - 2,FK Rabotnicki,1304,1306.0,2,2,North Macedonia,domestic league (tier 1)
2025/11/03,1. MFL,0,KF Arsimi,1255,1267.0,4 - 2,KF Bashkimi,1291,1279.0,4,2,North Macedonia,domestic league (tier 1)
2025/11/23,1. MFL,0,KF Arsimi,1262,1289.0,3 - 0,KF Shkëndija 79,1574,1547.0,3,0,North Macedonia,domestic league (tier 1)
2025/12/08,1. MFL,0,KF Arsimi,1314,1309.0,3 - 3,FK Pelister,1220,1225.0,3,3,North Macedonia,domestic league (tier 1)
2026/02/16,1. MFL,0,KF Arsimi,1303,1282.0,0 - 2,FK AP Brera Strumica,1260,1281.0,0,2,North Macedonia,domestic league (tier 1)
2026/03/01,1. MFL,0,KF Arsimi,1297,1293.0,1 - 1,Makedonija GP,1256,1260.0,1,1,North Macedonia,domestic league (tier 1)
2026/03/04,1. MFL,0,KF Arsimi,1293,1269.0,0 - 5,GFK Tikvesh,1327,1351.0,0,5,North Macedonia,domestic league (tier 1)
2026/03/21,1. MFL,0,KF Arsimi,1259,1273.0,1 - 0,Vardar Skopje,1517,1503.0,1,0,North Macedonia,domestic league (tier 1)
2026/04/14,1. MFL,0,KF Arsimi,1278,1285.0,1 - 0,FK Pelister,1257,1250.0,1,0,North Macedonia,domestic league (tier 1)
2026/04/24,1. MFL,0,KF Arsimi,1274,1280.0,5 - 1,KF Shkupi,1069,1063.0,5,1,North Macedonia,domestic league (tier 1)
2026/05/10,1. MFL,0,KF Arsimi,1285,1282.0,1 - 1,KF Bashkimi,1263,1266.0,1,1,North Macedonia,domestic league (tier 1)
2026/05/23,1. MFL,0,KF Arsimi,1298,1310.0,1 - 0,FC Struga,1467,1455.0,1,0,North Macedonia,domestic league (tier 1)
2026/08/14,1. MFL,0,KF Arsimi,1282,1288.0,1 - 0,KF Bashkimi,1230,1224.0,1,0,North Macedonia,domestic league (tier 1)
2026/08/29,1. MFL,0,KF Arsimi,1297,1292.0,0 - 0,FK Skopje,1209,1214.0,0,0,North Macedonia,domestic league (tier 1)
2025/08/09,1. MFL,0,KF Bashkimi,1242,1239.0,1 - 1,KF Arsimi,1242,1245.0,1,1,North Macedonia,domestic league (tier 1)
2025/08/25,1. MFL,0,KF Bashkimi,1263,1275.0,3 - 1,GFK Tikvesh,1295,1283.0,3,1,North Macedonia,domestic league (tier 1)
2025/08/30,1. MFL,0,KF Bashkimi,1275,1259.0,0 - 5,FC Struga,1449,1465.0,0,5,North Macedonia,domestic league (tier 1)
2025/09/16,1. MFL,0,KF Bashkimi,1257,1271.0,2 - 1,Sileks Kratovo,1508,1494.0,2,1,North Macedonia,domestic league (tier 1)
2025/09/29,1. MFL,0,KF Bashkimi,1282,1284.0,0 - 0,Vardar Skopje,1452,1450.0,0,0,North Macedonia,domestic league (tier 1)
2025/10/21,North Macedonia Cup,0,KF Bashkimi,1286,1278.0,1 - 2,Sileks Kratovo,1470,1478.0,1,2,North Macedonia,domestic cup
2025/10/24,1. MFL,0,KF Bashkimi,1278,1288.0,4 - 1,KF Shkupi,1227,1217.0,4,1,North Macedonia,domestic league (tier 1)
2025/11/08,1. MFL,0,KF Bashkimi,1279,1286.0,2 - 1,FK Rabotnicki,1286,1279.0,2,1,North Macedonia,domestic league (tier 1)
2025/12/06,1. MFL,0,KF Bashkimi,1269,1261.0,1 - 3,KF Shkëndija 79,1540,1548.0,1,3,North Macedonia,domestic league (tier 1)
2026/02/17,1. MFL,0,KF Bashkimi,1268,1274.0,1 - 0,FK Pelister,1239,1233.0,1,0,North Macedonia,domestic league (tier 1)
2026/02/27,1. MFL,0,KF Bashkimi,1272,1253.0,0 - 2,FK AP Brera Strumica,1267,1286.0,0,2,North Macedonia,domestic league (tier 1)
2026/03/08,1. MFL,0,KF Bashkimi,1266,1277.0,2 - 0,Makedonija GP,1270,1259.0,2,0,North Macedonia,domestic league (tier 1)
2026/03/16,1. MFL,0,KF Bashkimi,1277,1263.0,1 - 2,FK Rabotnicki,1250,1264.0,1,2,North Macedonia,domestic league (tier 1)
2026/04/02,1. MFL,0,KF Bashkimi,1271,1271.0,2 - 2,GFK Tikvesh,1372,1372.0,2,2,North Macedonia,domestic league (tier 1)
2026/04/07,1. MFL,0,KF Bashkimi,1271,1269.0,0 - 0,FK AP Brera Strumica,1290,1292.0,0,0,North Macedonia,domestic league (tier 1)
2026/04/19,1. MFL,0,KF Bashkimi,1266,1253.0,0 - 4,FC Struga,1481,1494.0,0,4,North Macedonia,domestic league (tier 1)
2026/05/02,1. MFL,0,KF Bashkimi,1272,1263.0,0 - 2,Vardar Skopje,1520,1529.0,0,2,North Macedonia,domestic league (tier 1)
2026/05/16,1. MFL,0,KF Bashkimi,1266,1262.0,3 - 3,Makedonija GP,1235,1239.0,3,3,North Macedonia,domestic league (tier 1)
2026/08/08,1. MFL,0,KF Bashkimi,1248,1230.0,0 - 5,GFK Tikvesh,1385,1403.0,0,5,North Macedonia,domestic league (tier 1)
2026/08/30,1. MFL,0,KF Bashkimi,1212,1195.0,1 - 2,Shkëndija Haraçinë,1038,1055.0,1,2,North Macedonia,domestic league (tier 1)
2024/08/11,1. MFL,0,KF Besa Dobërdoll,1232,1223.0,1 - 3,KF Shkëndija 79,1492,1501.0,1,3,North Macedonia,domestic league (tier 1)
2024/08/25,1. MFL,0,KF Besa Dobërdoll,1221,1232.0,1 - 0,GFK Tikvesh,1363,1352.0,1,0,North Macedonia,domestic league (tier 1)
2024/08/31,1. MFL,0,KF Besa Dobërdoll,1232,1233.0,0 - 0,FK Rabotnicki,1373,1372.0,0,0,North Macedonia,domestic league (tier 1)
2024/09/22,1. MFL,0,KF Besa Dobërdoll,1245,1231.0,2 - 3,FK Pelister,1199,1213.0,2,3,North Macedonia,domestic league (tier 1)
2024/09/29,1. MFL,0,KF Besa Dobërdoll,1239,1247.0,1 - 0,FK Voska Sport,1270,1262.0,1,0,North Macedonia,domestic league (tier 1)
2024/10/20,1. MFL,0,KF Besa Dobërdoll,1252,1259.0,2 - 1,Vardar Skopje,1262,1255.0,2,1,North Macedonia,domestic league (tier 1)
2024/11/03,1. MFL,0,KF Besa Dobërdoll,1242,1235.0,1 - 2,FC Struga,1454,1461.0,1,2,North Macedonia,domestic league (tier 1)
2024/11/27,1. MFL,0,KF Besa Dobërdoll,1233,1223.0,0 - 1,FK AP Brera Strumica,1316,1326.0,0,1,North Macedonia,domestic league (tier 1)
2024/12/08,1. MFL,0,KF Besa Dobërdoll,1216,1209.0,0 - 1,KF Shkupi,1411,1418.0,0,1,North Macedonia,domestic league (tier 1)
2025/02/23,1. MFL,0,KF Besa Dobërdoll,1199,1202.0,0 - 0,KF Gostivari,1404,1401.0,0,0,North Macedonia,domestic league (tier 1)
2025/03/05,1. MFL,0,KF Besa Dobërdoll,1207,1194.0,0 - 5,Sileks Kratovo,1431,1444.0,0,5,North Macedonia,domestic league (tier 1)
2025/03/15,1. MFL,0,KF Besa Dobërdoll,1211,1225.0,3 - 2,FC Struga,1438,1424.0,3,2,North Macedonia,domestic league (tier 1)
2025/04/06,1. MFL,0,KF Besa Dobërdoll,1222,1233.0,2 - 1,KF Gostivari,1362,1351.0,2,1,North Macedonia,domestic league (tier 1)
2025/04/19,1. MFL,0,KF Besa Dobërdoll,1228,1223.0,2 - 3,KF Shkëndija 79,1507,1512.0,2,3,North Macedonia,domestic league (tier 1)
2025/05/04,1. MFL,0,KF Besa Dobërdoll,1216,1224.0,2 - 1,FK AP Brera Strumica,1241,1233.0,2,1,North Macedonia,domestic league (tier 1)
2023/08/13,1. MFL,0,KF Gostivari,1086,1075.0,0 - 3,GFK Tikvesh,1325,1336.0,0,3,North Macedonia,domestic league (tier 1)
2023/08/23,1. MFL,0,KF Gostivari,1073,1095.0,2 - 0,FK Rabotnicki,1352,1330.0,2,0,North Macedonia,domestic league (tier 1)
2023/09/02,1. MFL,0,KF Gostivari,1093,1088.0,1 - 2,Sileks Kratovo,1392,1397.0,1,2,North Macedonia,domestic league (tier 1)
2023/10/01,1. MFL,0,KF Gostivari,1115,1122.0,2 - 2,KF Shkëndija 79,1533,1526.0,2,2,North Macedonia,domestic league (tier 1)
2023/10/22,1. MFL,0,KF Gostivari,1139,1137.0,1 - 1,FK Voska Sport,1175,1177.0,1,1,North Macedonia,domestic league (tier 1)
2023/10/29,1. MFL,0,KF Gostivari,1144,1161.0,2 - 1,FC Struga,1522,1505.0,2,1,North Macedonia,domestic league (tier 1)
2023/11/11,1. MFL,0,KF Gostivari,1167,1178.0,1 - 0,FK Bregalnica Štip,1287,1276.0,1,0,North Macedonia,domestic league (tier 1)
2023/11/29,1. MFL,0,KF Gostivari,1185,1191.0,0 - 0,KF Shkupi,1539,1533.0,0,0,North Macedonia,domestic league (tier 1)
2023/12/09,1. MFL,0,KF Gostivari,1198,1210.0,1 - 0,Makedonija GP,1355,1343.0,1,0,North Macedonia,domestic league (tier 1)
2024/02/17,1. MFL,0,KF Gostivari,1210,1209.0,1 - 1,Vardar Skopje,1281,1282.0,1,1,North Macedonia,domestic league (tier 1)
2024/03/03,1. MFL,0,KF Gostivari,1217,1233.0,2 - 0,FK AP Brera Strumica,1342,1326.0,2,0,North Macedonia,domestic league (tier 1)
2024/03/10,1. MFL,0,KF Gostivari,1236,1235.0,0 - 0,Vardar Skopje,1296,1297.0,0,0,North Macedonia,domestic league (tier 1)
2024/03/31,1. MFL,0,KF Gostivari,1239,1220.0,1 - 4,Makedonija GP,1306,1325.0,1,4,North Macedonia,domestic league (tier 1)
2024/04/13,1. MFL,0,KF Gostivari,1226,1237.0,2 - 1,GFK Tikvesh,1351,1340.0,2,1,North Macedonia,domestic league (tier 1)
2024/04/21,1. MFL,0,KF Gostivari,1237,1237.0,1 - 1,FK AP Brera Strumica,1321,1321.0,1,1,North Macedonia,domestic league (tier 1)
2024/05/01,1. MFL,0,KF Gostivari,1233,1256.0,2 - 0,KF Shkupi,1524,1501.0,2,0,North Macedonia,domestic league (tier 1)
2024/05/12,1. MFL,0,KF Gostivari,1253,1253.0,0 - 0,FK Rabotnicki,1356,1356.0,0,0,North Macedonia,domestic league (tier 1)
2024/08/18,1. MFL,0,KF Gostivari,1257,1277.0,2 - 0,KF Shkupi,1483,1463.0,2,0,North Macedonia,domestic league (tier 1)
2024/09/15,1. MFL,0,KF Gostivari,1301,1297.0,1 - 1,Vardar Skopje,1274,1278.0,1,1,North Macedonia,domestic league (tier 1)
2024/09/25,1. MFL,0,KF Gostivari,1312,1331.0,3 - 1,KF Shkëndija 79,1515,1496.0,3,1,North Macedonia,domestic league (tier 1)
2024/10/05,1. MFL,0,KF Gostivari,1346,1341.0,1 - 1,KF Besa Dobërdoll,1247,1252.0,1,1,North Macedonia,domestic league (tier 1)
2024/10/23,North Macedonia Cup,0,KF Gostivari,1335,1340.0,1 - 0,FK Bregalnica Štip,1232,1227.0,1,0,North Macedonia,domestic cup
2024/10/27,1. MFL,0,KF Gostivari,1340,1352.0,4 - 1,FK AP Brera Strumica,1328,1316.0,4,1,North Macedonia,domestic league (tier 1)
2024/10/30,1. MFL,0,KF Gostivari,1352,1346.0,0 - 0,FK Pelister,1215,1221.0,0,0,North Macedonia,domestic league (tier 1)
2024/11/09,1. MFL,0,KF Gostivari,1361,1370.0,4 - 0,FK Voska Sport,1267,1258.0,4,0,North Macedonia,domestic league (tier 1)
2024/11/24,1. MFL,0,KF Gostivari,1370,1375.0,1 - 0,GFK Tikvesh,1295,1290.0,1,0,North Macedonia,domestic league (tier 1)
2024/12/03,1. MFL,0,KF Gostivari,1390,1389.0,0 - 0,Sileks Kratovo,1442,1443.0,0,0,North Macedonia,domestic league (tier 1)
2025/02/16,1. MFL,0,KF Gostivari,1395,1404.0,1 - 0,FC Struga,1456,1447.0,1,0,North Macedonia,domestic league (tier 1)
2025/03/02,1. MFL,0,KF Gostivari,1394,1392.0,0 - 0,FK Rabotnicki,1433,1435.0,0,0,North Macedonia,domestic league (tier 1)
2025/03/09,1. MFL,0,KF Gostivari,1402,1396.0,2 - 2,FK AP Brera Strumica,1268,1274.0,2,2,North Macedonia,domestic league (tier 1)
2025/03/31,1. MFL,0,KF Gostivari,1386,1362.0,0 - 2,FK Voska Sport,1251,1275.0,0,2,North Macedonia,domestic league (tier 1)
2025/04/13,1. MFL,0,KF Gostivari,1351,1364.0,3 - 1,KF Shkupi,1399,1386.0,3,1,North Macedonia,domestic league (tier 1)
2016/08/14,1. MFL,0,KF Shkupi,1296,1289.0,0 - 1,FK Rabotnicki,1488,1495.0,0,1,North Macedonia,domestic league (tier 1)
2016/08/27,1. MFL,0,KF Shkupi,1289,1290.0,0 - 0,FK Renova,1422,1421.0,0,0,North Macedonia,domestic league (tier 1)
2016/09/17,1. MFL,0,KF Shkupi,1283,1292.0,2 - 1,FK Pelister,1344,1335.0,2,1,North Macedonia,domestic league (tier 1)
2016/09/28,1. MFL,0,KF Shkupi,1286,1286.0,1 - 1,Sileks Kratovo,1375,1375.0,1,1,North Macedonia,domestic league (tier 1)
2016/10/16,1. MFL,0,KF Shkupi,1299,1305.0,0 - 0,Vardar Skopje,1654,1648.0,0,0,North Macedonia,domestic league (tier 1)
2016/10/30,1. MFL,0,KF Shkupi,1318,1324.0,0 - 0,KF Shkëndija 79,1650,1644.0,0,0,North Macedonia,domestic league (tier 1)
2016/11/16,1. MFL,0,KF Shkupi,1319,1316.0,1 - 1,FK Pobeda,1302,1305.0,1,1,North Macedonia,domestic league (tier 1)
2016/11/27,1. MFL,0,KF Shkupi,1314,1312.0,1 - 1,FK Bregalnica Štip,1327,1329.0,1,1,North Macedonia,domestic league (tier 1)
2016/12/04,1. MFL,0,KF Shkupi,1306,1286.0,0 - 2,Makedonija GP,1280,1300.0,0,2,North Macedonia,domestic league (tier 1)
2017/02/26,1. MFL,0,KF Shkupi,1282,1285.0,1 - 1,FK Rabotnicki,1490,1487.0,1,1,North Macedonia,domestic league (tier 1)
2017/03/12,1. MFL,0,KF Shkupi,1294,1305.0,3 - 2,FK Renova,1424,1413.0,3,2,North Macedonia,domestic league (tier 1)
2017/04/02,1. MFL,0,KF Shkupi,1307,1317.0,1 - 0,FK Pelister,1402,1392.0,1,0,North Macedonia,domestic league (tier 1)
2017/04/09,1. MFL,0,KF Shkupi,1304,1319.0,3 - 1,Sileks Kratovo,1398,1383.0,3,1,North Macedonia,domestic league (tier 1)
2017/04/23,1. MFL,0,KF Shkupi,1320,1314.0,0 - 2,Vardar Skopje,1676,1682.0,0,2,North Macedonia,domestic league (tier 1)
2017/04/30,1. MFL,0,KF Shkupi,1331,1337.0,1 - 1,KF Shkëndija 79,1650,1644.0,1,1,North Macedonia,domestic league (tier 1)
2017/05/07,1. MFL,0,KF Shkupi,1332,1319.0,1 - 2,FK Pobeda,1306,1319.0,1,2,North Macedonia,domestic league (tier 1)
2017/05/21,1. MFL,0,KF Shkupi,1314,1326.0,3 - 0,FK Bregalnica Štip,1300,1288.0,3,0,North Macedonia,domestic league (tier 1)
2017/05/31,1. MFL,0,KF Shkupi,1320,1315.0,1 - 1,Makedonija GP,1239,1244.0,1,1,North Macedonia,domestic league (tier 1)
2017/08/13,1. MFL,0,KF Shkupi,1315,1311.0,1 - 1,Akademija Pandev,1272,1276.0,1,1,North Macedonia,domestic league (tier 1)
2017/08/21,1. MFL,0,KF Shkupi,1311,1305.0,0 - 3,KF Shkëndija 79,1671,1677.0,0,3,North Macedonia,domestic league (tier 1)
2017/09/10,1. MFL,0,KF Shkupi,1299,1310.0,2 - 1,FK Rabotnicki,1447,1436.0,2,1,North Macedonia,domestic league (tier 1)
2017/09/20,1. MFL,0,KF Shkupi,1325,1330.0,1 - 0,FK Skopje,1250,1245.0,1,0,North Macedonia,domestic league (tier 1)
2017/09/27,1. MFL,0,KF Shkupi,1335,1334.0,1 - 1,FK Pelister,1413,1414.0,1,1,North Macedonia,domestic league (tier 1)
2017/10/25,1. MFL,0,KF Shkupi,1320,1329.0,1 - 0,FK Pobeda,1368,1359.0,1,0,North Macedonia,domestic league (tier 1)
2017/11/05,1. MFL,0,KF Shkupi,1325,1314.0,0 - 1,Sileks Kratovo,1387,1398.0,0,1,North Macedonia,domestic league (tier 1)
2017/11/19,1. MFL,0,KF Shkupi,1314,1332.0,4 - 1,FK Renova,1421,1403.0,4,1,North Macedonia,domestic league (tier 1)
2017/12/03,1. MFL,0,KF Shkupi,1346,1370.0,2 - 0,Vardar Skopje,1676,1652.0,2,0,North Macedonia,domestic league (tier 1)
2018/02/14,1. MFL,0,KF Shkupi,1363,1375.0,5 - 2,Akademija Pandev,1358,1346.0,5,2,North Macedonia,domestic league (tier 1)
2018/02/18,1. MFL,0,KF Shkupi,1375,1367.0,0 - 3,KF Shkëndija 79,1692,1700.0,0,3,North Macedonia,domestic league (tier 1)
2018/03/04,1. MFL,0,KF Shkupi,1369,1369.0,1 - 1,FK Rabotnicki,1455,1455.0,1,1,North Macedonia,domestic league (tier 1)
2018/03/18,1. MFL,0,KF Shkupi,1373,1350.0,0 - 2,FK Skopje,1269,1292.0,0,2,North Macedonia,domestic league (tier 1)
2018/04/25,1. MFL,0,KF Shkupi,1361,1371.0,3 - 1,FK Pobeda,1342,1332.0,3,1,North Macedonia,domestic league (tier 1)
2018/05/02,1. MFL,0,KF Shkupi,1376,1374.0,1 - 1,Sileks Kratovo,1396,1398.0,1,1,North Macedonia,domestic league (tier 1)
2018/05/09,1. MFL,0,KF Shkupi,1375,1386.0,5 - 2,FK Pelister,1344,1333.0,5,2,North Macedonia,domestic league (tier 1)
2018/05/13,1. MFL,0,KF Shkupi,1386,1400.0,3 - 0,FK Renova,1421,1407.0,3,0,North Macedonia,domestic league (tier 1)
2018/05/20,1. MFL,0,KF Shkupi,1417,1436.0,4 - 1,Vardar Skopje,1545,1526.0,4,1,North Macedonia,domestic league (tier 1)
2018/08/19,1. MFL,0,KF Shkupi,1442,1437.0,0 - 0,FK Pobeda,1351,1356.0,0,0,North Macedonia,domestic league (tier 1)
2018/09/02,1. MFL,0,KF Shkupi,1428,1422.0,1 - 2,KF Shkëndija 79,1680,1686.0,1,2,North Macedonia,domestic league (tier 1)
2018/09/23,1. MFL,0,KF Shkupi,1417,1421.0,2 - 1,Makedonija GP,1253,1249.0,2,1,North Macedonia,domestic league (tier 1)
2018/10/06,1. MFL,0,KF Shkupi,1393,1391.0,1 - 1,FK Rabotnicki,1432,1434.0,1,1,North Macedonia,domestic league (tier 1)
2018/10/21,1. MFL,0,KF Shkupi,1391,1401.0,2 - 0,Sileks Kratovo,1383,1373.0,2,0,North Macedonia,domestic league (tier 1)
2018/10/31,1. MFL,0,KF Shkupi,1388,1395.0,1 - 0,Akademija Pandev,1379,1372.0,1,0,North Macedonia,domestic league (tier 1)
2018/11/10,1. MFL,0,KF Shkupi,1391,1401.0,1 - 0,Vardar Skopje,1505,1495.0,1,0,North Macedonia,domestic league (tier 1)
2018/11/25,1. MFL,0,KF Shkupi,1401,1404.0,1 - 0,FK Belasica,1214,1211.0,1,0,North Macedonia,domestic league (tier 1)
2018/11/28,1. MFL,0,KF Shkupi,1404,1400.0,1 - 1,FK Renova,1361,1365.0,1,1,North Macedonia,domestic league (tier 1)
2019/02/17,1. MFL,0,KF Shkupi,1421,1416.0,2 - 2,Sileks Kratovo,1336,1341.0,2,2,North Macedonia,domestic league (tier 1)
2019/03/10,1. MFL,0,KF Shkupi,1454,1467.0,1 - 0,KF Shkëndija 79,1647,1634.0,1,0,North Macedonia,domestic league (tier 1)
2019/03/28,1. MFL,0,KF Shkupi,1460,1444.0,0 - 1,Makedonija GP,1340,1356.0,0,1,North Macedonia,domestic league (tier 1)
2019/04/07,1. MFL,0,KF Shkupi,1415,1401.0,1 - 2,FK Rabotnicki,1387,1401.0,1,2,North Macedonia,domestic league (tier 1)
2019/04/14,1. MFL,0,KF Shkupi,1401,1407.0,2 - 1,Sileks Kratovo,1333,1327.0,2,1,North Macedonia,domestic league (tier 1)
2019/04/24,1. MFL,0,KF Shkupi,1423,1430.0,1 - 0,Akademija Pandev,1424,1417.0,1,0,North Macedonia,domestic league (tier 1)
2019/05/04,1. MFL,0,KF Shkupi,1425,1424.0,2 - 2,Vardar Skopje,1496,1497.0,2,2,North Macedonia,domestic league (tier 1)
2019/05/12,1. MFL,0,KF Shkupi,1415,1409.0,2 - 2,FK Belasica,1291,1297.0,2,2,North Macedonia,domestic league (tier 1)
2019/05/19,1. MFL,0,KF Shkupi,1409,1405.0,2 - 2,FK Renova,1371,1375.0,2,2,North Macedonia,domestic league (tier 1)
2019/08/10,1. MFL,0,KF Shkupi,1405,1408.0,2 - 0,FK Borec,1126,1123.0,2,0,North Macedonia,domestic league (tier 1)
2019/08/25,1. MFL,0,KF Shkupi,1407,1404.0,2 - 2,FK Renova,1401,1404.0,2,2,North Macedonia,domestic league (tier 1)
2019/09/14,1. MFL,0,KF Shkupi,1403,1409.0,1 - 0,Sileks Kratovo,1357,1351.0,1,0,North Macedonia,domestic league (tier 1)
2019/09/18,1. MFL,0,KF Shkupi,1409,1399.0,1 - 2,Vardar Skopje,1493,1503.0,1,2,North Macedonia,domestic league (tier 1)
2019/09/28,1. MFL,0,KF Shkupi,1399,1417.0,2 - 0,KF Shkëndija 79,1580,1562.0,2,0,North Macedonia,domestic league (tier 1)
2019/10/23,1. MFL,0,KF Shkupi,1404,1413.0,2 - 0,FK Rabotnicki,1350,1341.0,2,0,North Macedonia,domestic league (tier 1)
2019/11/03,1. MFL,0,KF Shkupi,1415,1409.0,0 - 0,FC Struga,1262,1268.0,0,0,North Macedonia,domestic league (tier 1)
2019/11/27,1. MFL,0,KF Shkupi,1406,1419.0,3 - 1,Akademija Pandev,1449,1436.0,3,1,North Macedonia,domestic league (tier 1)
2019/12/08,1. MFL,0,KF Shkupi,1398,1384.0,2 - 3,Makedonija GP,1353,1367.0,2,3,North Macedonia,domestic league (tier 1)
2020/02/16,1. MFL,0,KF Shkupi,1384,1389.0,2 - 0,FK Borec,1188,1183.0,2,0,North Macedonia,domestic league (tier 1)
2020/03/01,1. MFL,0,KF Shkupi,1381,1367.0,2 - 3,FK Renova,1335,1349.0,2,3,North Macedonia,domestic league (tier 1)
2020/03/11,1. MFL,0,KF Shkupi,1381,1379.0,1 - 1,Sileks Kratovo,1427,1429.0,1,1,North Macedonia,domestic league (tier 1)
2020/08/09,1. MFL,0,KF Shkupi,1379,1380.0,2 - 2,KF Shkëndija 79,1524,1523.0,2,2,North Macedonia,domestic league (tier 1)
2020/08/16,1. MFL,0,KF Shkupi,1380,1389.0,3 - 1,Makedonija GP,1343,1334.0,3,1,North Macedonia,domestic league (tier 1)
2020/08/30,1. MFL,0,KF Shkupi,1401,1406.0,1 - 0,FK Pelister,1294,1289.0,1,0,North Macedonia,domestic league (tier 1)
2020/09/20,1. MFL,0,KF Shkupi,1401,1407.0,4 - 3,FK Renova,1359,1353.0,4,3,North Macedonia,domestic league (tier 1)
2020/10/03,1. MFL,0,KF Shkupi,1392,1400.0,3 - 0,FK Borec,1286,1278.0,3,0,North Macedonia,domestic league (tier 1)
2020/10/24,1. MFL,0,KF Shkupi,1411,1418.0,1 - 0,Sileks Kratovo,1419,1412.0,1,0,North Macedonia,domestic league (tier 1)
2020/12/02,1. MFL,0,KF Shkupi,1420,1425.0,3 - 1,FK Belasica,1233,1228.0,3,1,North Macedonia,domestic league (tier 1)
2020/12/09,1. MFL,0,KF Shkupi,1438,1435.0,1 - 1,Vardar Skopje,1442,1445.0,1,1,North Macedonia,domestic league (tier 1)
2020/12/16,1. MFL,0,KF Shkupi,1435,1420.0,1 - 2,FC Struga,1340,1355.0,1,2,North Macedonia,domestic league (tier 1)
2021/02/28,1. MFL,0,KF Shkupi,1429,1424.0,0 - 0,Akademija Pandev,1315,1320.0,0,0,North Macedonia,domestic league (tier 1)
2021/03/07,1. MFL,0,KF Shkupi,1435,1414.0,0 - 2,FK Rabotnicki,1393,1414.0,0,2,North Macedonia,domestic league (tier 1)
2021/03/14,1. MFL,0,KF Shkupi,1414,1425.0,2 - 0,Vardar Skopje,1418,1407.0,2,0,North Macedonia,domestic league (tier 1)
2021/04/04,1. MFL,0,KF Shkupi,1442,1426.0,1 - 2,FK Renova,1324,1340.0,1,2,North Macedonia,domestic league (tier 1)
2021/04/14,1. MFL,0,KF Shkupi,1438,1420.0,0 - 1,FK Belasica,1188,1206.0,0,1,North Macedonia,domestic league (tier 1)
2021/04/25,1. MFL,0,KF Shkupi,1428,1438.0,2 - 0,FK Rabotnicki,1401,1391.0,2,0,North Macedonia,domestic league (tier 1)
2021/05/01,1. MFL,0,KF Shkupi,1439,1435.0,0 - 0,Makedonija GP,1383,1387.0,0,0,North Macedonia,domestic league (tier 1)
2021/05/09,1. MFL,0,KF Shkupi,1435,1430.0,0 - 0,FK Pelister,1330,1335.0,0,0,North Macedonia,domestic league (tier 1)
2021/08/15,1. MFL,0,KF Shkupi,1428,1438.0,2 - 0,Makedonija GP,1402,1392.0,2,0,North Macedonia,domestic league (tier 1)
2021/08/28,1. MFL,0,KF Shkupi,1440,1447.0,4 - 1,FK Skopje,1295,1288.0,4,1,North Macedonia,domestic league (tier 1)
2021/09/19,1. MFL,0,KF Shkupi,1452,1458.0,3 - 0,FK Borec,1275,1269.0,3,0,North Macedonia,domestic league (tier 1)
2021/10/03,1. MFL,0,KF Shkupi,1475,1484.0,2 - 0,FK Rabotnicki,1420,1411.0,2,0,North Macedonia,domestic league (tier 1)
2021/10/20,North Macedonia Cup,0,KF Shkupi,1488,1489.0,1 - 0,GFK Tikvesh,1137,1136.0,1,0,North Macedonia,domestic cup
2021/10/23,1. MFL,0,KF Shkupi,1489,1494.0,2 - 1,FK Renova,1381,1376.0,2,1,North Macedonia,domestic league (tier 1)
2021/10/29,1. MFL,0,KF Shkupi,1494,1502.0,5 - 0,FK Bregalnica Štip,1342,1334.0,5,0,North Macedonia,domestic league (tier 1)
2021/11/21,1. MFL,0,KF Shkupi,1490,1495.0,5 - 0,FK Pelister,1245,1240.0,5,0,North Macedonia,domestic league (tier 1)
2021/11/28,1. MFL,0,KF Shkupi,1495,1505.0,4 - 0,FC Struga,1412,1402.0,4,0,North Macedonia,domestic league (tier 1)
2021/12/08,1. MFL,0,KF Shkupi,1515,1513.0,1 - 1,KF Shkëndija 79,1545,1547.0,1,1,North Macedonia,domestic league (tier 1)
2022/02/13,1. MFL,0,KF Shkupi,1522,1527.0,2 - 1,Akademija Pandev,1427,1422.0,2,1,North Macedonia,domestic league (tier 1)
2022/02/27,1. MFL,0,KF Shkupi,1535,1536.0,3 - 2,GFK Tikvesh,1176,1175.0,3,2,North Macedonia,domestic league (tier 1)
2022/03/12,1. MFL,0,KF Shkupi,1534,1540.0,2 - 0,FK Rabotnicki,1378,1372.0,2,0,North Macedonia,domestic league (tier 1)
2022/04/03,1. MFL,0,KF Shkupi,1552,1553.0,1 - 0,GFK Tikvesh,1185,1184.0,1,0,North Macedonia,domestic league (tier 1)
2022/04/10,1. MFL,0,KF Shkupi,1548,1550.0,3 - 1,FK Borec,1207,1205.0,3,1,North Macedonia,domestic league (tier 1)
2022/04/23,1. MFL,0,KF Shkupi,1554,1558.0,2 - 0,FK Renova,1350,1346.0,2,0,North Macedonia,domestic league (tier 1)
2022/05/04,1. MFL,0,KF Shkupi,1534,1529.0,1 - 1,Makedonija GP,1445,1450.0,1,1,North Macedonia,domestic league (tier 1)
2022/05/15,1. MFL,0,KF Shkupi,1532,1542.0,3 - 0,Akademija Pandev,1463,1453.0,3,0,North Macedonia,domestic league (tier 1)
2022/08/13,1. MFL,0,KF Shkupi,1520,1525.0,2 - 1,Makedonija GP,1415,1410.0,2,1,North Macedonia,domestic league (tier 1)
2022/08/31,1. MFL,0,KF Shkupi,1515,1506.0,1 - 1,FK Pobeda Junior,1162,1171.0,1,1,North Macedonia,domestic league (tier 1)
2022/09/11,1. MFL,0,KF Shkupi,1466,1474.0,5 - 0,FK Rabotnicki,1327,1319.0,5,0,North Macedonia,domestic league (tier 1)
2022/10/02,1. MFL,0,KF Shkupi,1484,1479.0,0 - 0,Sileks Kratovo,1392,1397.0,0,0,North Macedonia,domestic league (tier 1)
2022/10/16,1. MFL,0,KF Shkupi,1490,1497.0,1 - 0,FC Struga,1474,1467.0,1,0,North Macedonia,domestic league (tier 1)
2022/10/26,1. MFL,0,KF Shkupi,1497,1501.0,4 - 2,GFK Tikvesh,1274,1270.0,4,2,North Macedonia,domestic league (tier 1)
2022/11/12,1. MFL,0,KF Shkupi,1501,1504.0,3 - 1,FK Skopje,1231,1228.0,3,1,North Macedonia,domestic league (tier 1)
2022/12/04,1. MFL,0,KF Shkupi,1514,1519.0,3 - 1,FK Bregalnica Štip,1337,1332.0,3,1,North Macedonia,domestic league (tier 1)
2023/02/19,1. MFL,0,KF Shkupi,1531,1542.0,2 - 0,KF Shkëndija 79,1537,1526.0,2,0,North Macedonia,domestic league (tier 1)
2023/03/04,1. MFL,0,KF Shkupi,1530,1523.0,3 - 3,Akademija Pandev,1356,1363.0,3,3,North Macedonia,domestic league (tier 1)
2023/03/12,1. MFL,0,KF Shkupi,1514,1519.0,3 - 1,FK Rabotnicki,1331,1326.0,3,1,North Macedonia,domestic league (tier 1)
2023/04/02,1. MFL,0,KF Shkupi,1517,1499.0,0 - 1,FK Skopje,1227,1245.0,0,1,North Macedonia,domestic league (tier 1)
2023/04/26,1. MFL,0,KF Shkupi,1504,1511.0,3 - 0,FK Bregalnica Štip,1357,1350.0,3,0,North Macedonia,domestic league (tier 1)
2023/05/07,1. MFL,0,KF Shkupi,1525,1533.0,2 - 1,KF Shkëndija 79,1548,1540.0,2,1,North Macedonia,domestic league (tier 1)
2023/05/10,1. MFL,0,KF Shkupi,1533,1540.0,3 - 0,Makedonija GP,1407,1400.0,3,0,North Macedonia,domestic league (tier 1)
2023/08/20,1. MFL,0,KF Shkupi,1513,1507.0,1 - 1,Sileks Kratovo,1389,1395.0,1,1,North Macedonia,domestic league (tier 1)
2023/08/27,1. MFL,0,KF Shkupi,1506,1508.0,3 - 1,KF Gostivari,1095,1093.0,3,1,North Macedonia,domestic league (tier 1)
2023/09/16,1. MFL,0,KF Shkupi,1512,1516.0,1 - 0,FK AP Brera Strumica,1364,1360.0,1,0,North Macedonia,domestic league (tier 1)
2023/10/01,1. MFL,0,KF Shkupi,1520,1531.0,2 - 0,FC Struga,1524,1513.0,2,0,North Macedonia,domestic league (tier 1)
2023/10/22,1. MFL,0,KF Shkupi,1528,1531.0,1 - 0,FK Bregalnica Štip,1311,1308.0,1,0,North Macedonia,domestic league (tier 1)
2023/10/25,North Macedonia Cup,0,KF Shkupi,1531,1533.0,4 - 0,FK Ohrid,1100,1098.0,4,0,North Macedonia,domestic cup
2023/10/29,1. MFL,0,KF Shkupi,1533,1538.0,3 - 0,FK Rabotnicki,1340,1335.0,3,0,North Macedonia,domestic league (tier 1)
2023/11/05,1. MFL,0,KF Shkupi,1538,1541.0,2 - 0,Vardar Skopje,1282,1279.0,2,0,North Macedonia,domestic league (tier 1)
2023/11/26,1. MFL,0,KF Shkupi,1536,1539.0,1 - 0,Makedonija GP,1366,1363.0,1,0,North Macedonia,domestic league (tier 1)
2023/12/03,1. MFL,0,KF Shkupi,1533,1540.0,1 - 0,KF Shkëndija 79,1510,1503.0,1,0,North Macedonia,domestic league (tier 1)
2024/02/18,1. MFL,0,KF Shkupi,1547,1550.0,3 - 0,FK Voska Sport,1219,1216.0,3,0,North Macedonia,domestic league (tier 1)
2024/03/03,1. MFL,0,KF Shkupi,1552,1545.0,0 - 0,GFK Tikvesh,1323,1330.0,0,0,North Macedonia,domestic league (tier 1)
2024/03/10,1. MFL,0,KF Shkupi,1540,1543.0,3 - 2,FK Rabotnicki,1327,1324.0,3,2,North Macedonia,domestic league (tier 1)
2024/03/30,1. MFL,0,KF Shkupi,1538,1542.0,3 - 0,Vardar Skopje,1300,1296.0,3,0,North Macedonia,domestic league (tier 1)
2024/04/02,North Macedonia Cup,0,KF Shkupi,1542,1535.0,0 - 0,GFK Tikvesh,1334,1341.0,0,0,North Macedonia,domestic cup
2024/04/13,1. MFL,0,KF Shkupi,1520,1524.0,3 - 1,Makedonija GP,1314,1310.0,3,1,North Macedonia,domestic league (tier 1)
2024/04/28,1. MFL,0,KF Shkupi,1520,1524.0,3 - 2,GFK Tikvesh,1354,1350.0,3,2,North Macedonia,domestic league (tier 1)
2024/05/04,1. MFL,0,KF Shkupi,1501,1482.0,0 - 2,KF Shkëndija 79,1505,1524.0,0,2,North Macedonia,domestic league (tier 1)
2024/05/12,1. MFL,0,KF Shkupi,1482,1476.0,0 - 0,FK AP Brera Strumica,1322,1328.0,0,0,North Macedonia,domestic league (tier 1)
2024/08/11,1. MFL,0,KF Shkupi,1490,1483.0,3 - 3,FK Voska Sport,1290,1297.0,3,3,North Macedonia,domestic league (tier 1)
2024/08/25,1. MFL,0,KF Shkupi,1463,1469.0,3 - 0,Vardar Skopje,1300,1294.0,3,0,North Macedonia,domestic league (tier 1)
2024/09/15,1. MFL,0,KF Shkupi,1458,1457.0,1 - 1,KF Shkëndija 79,1509,1510.0,1,1,North Macedonia,domestic league (tier 1)
2024/09/25,1. MFL,0,KF Shkupi,1480,1472.0,1 - 1,KF Besa Dobërdoll,1231,1239.0,1,1,North Macedonia,domestic league (tier 1)
2024/10/05,1. MFL,0,KF Shkupi,1462,1468.0,3 - 1,FK AP Brera Strumica,1330,1324.0,3,1,North Macedonia,domestic league (tier 1)
2024/10/27,1. MFL,0,KF Shkupi,1465,1471.0,3 - 1,GFK Tikvesh,1312,1306.0,3,1,North Macedonia,domestic league (tier 1)
2024/11/03,1. MFL,0,KF Shkupi,1451,1436.0,0 - 1,KF Gostivari,1346,1361.0,0,1,North Macedonia,domestic league (tier 1)
2024/11/24,1. MFL,0,KF Shkupi,1424,1404.0,0 - 2,Sileks Kratovo,1416,1436.0,0,2,North Macedonia,domestic league (tier 1)
2024/12/03,1. MFL,0,KF Shkupi,1397,1411.0,3 - 1,FC Struga,1467,1453.0,3,1,North Macedonia,domestic league (tier 1)
2025/02/16,1. MFL,0,KF Shkupi,1418,1430.0,2 - 0,FK Rabotnicki,1442,1430.0,2,0,North Macedonia,domestic league (tier 1)
2025/03/02,1. MFL,0,KF Shkupi,1439,1443.0,3 - 1,FK Pelister,1235,1231.0,3,1,North Macedonia,domestic league (tier 1)
2025/03/09,1. MFL,0,KF Shkupi,1431,1414.0,2 - 3,KF Besa Dobërdoll,1194,1211.0,2,3,North Macedonia,domestic league (tier 1)
2025/03/15,1. MFL,0,KF Shkupi,1414,1397.0,0 - 1,FK Pelister,1237,1254.0,0,1,North Macedonia,domestic league (tier 1)
2025/04/06,1. MFL,0,KF Shkupi,1401,1399.0,0 - 0,FK Rabotnicki,1415,1417.0,0,0,North Macedonia,domestic league (tier 1)
2025/04/19,1. MFL,0,KF Shkupi,1386,1375.0,1 - 2,Sileks Kratovo,1457,1468.0,1,2,North Macedonia,domestic league (tier 1)
2025/05/03,1. MFL,0,KF Shkupi,1381,1361.0,0 - 2,Vardar Skopje,1352,1372.0,0,2,North Macedonia,domestic league (tier 1)
2025/05/11,1. MFL,0,KF Shkupi,1350,1346.0,1 - 1,GFK Tikvesh,1301,1305.0,1,1,North Macedonia,domestic league (tier 1)
2025/08/17,1. MFL,0,KF Shkupi,1340,1324.0,0 - 3,Sileks Kratovo,1477,1493.0,0,3,North Macedonia,domestic league (tier 1)
2025/08/29,1. MFL,0,KF Shkupi,1309,1294.0,2 - 4,Vardar Skopje,1412,1427.0,2,4,North Macedonia,domestic league (tier 1)
2025/09/20,1. MFL,0,KF Shkupi,1279,1259.0,0 - 2,Makedonija GP,1270,1290.0,0,2,North Macedonia,domestic league (tier 1)
2025/10/04,1. MFL,0,KF Shkupi,1227,1227.0,1 - 1,FK Rabotnicki,1313,1313.0,1,1,North Macedonia,domestic league (tier 1)
2025/10/30,1. MFL,0,KF Shkupi,1217,1211.0,1 - 2,FC Struga,1484,1490.0,1,2,North Macedonia,domestic league (tier 1)
2025/11/15,1. MFL,0,KF Shkupi,1207,1203.0,1 - 2,KF Shkëndija 79,1567,1571.0,1,2,North Macedonia,domestic league (tier 1)
2025/11/25,1. MFL,0,KF Shkupi,1203,1180.0,0 - 3,FK Pelister,1199,1222.0,0,3,North Macedonia,domestic league (tier 1)
2025/12/07,1. MFL,0,KF Shkupi,1177,1161.0,1 - 3,FK AP Brera Strumica,1247,1263.0,1,3,North Macedonia,domestic league (tier 1)
2026/02/10,1. MFL,0,KF Shkupi,1161,1143.0,0 - 6,GFK Tikvesh,1318,1336.0,0,6,North Macedonia,domestic league (tier 1)
2026/02/22,1. MFL,0,KF Shkupi,1135,1120.0,0 - 3,KF Arsimi,1282,1297.0,0,3,North Macedonia,domestic league (tier 1)
2026/03/03,1. MFL,0,KF Shkupi,1112,1099.0,0 - 2,KF Bashkimi,1253,1266.0,0,2,North Macedonia,domestic league (tier 1)
2026/03/23,1. MFL,0,KF Shkupi,1092,1084.0,2 - 3,KF Bashkimi,1263,1271.0,2,3,North Macedonia,domestic league (tier 1)
2026/04/09,1. MFL,0,KF Shkupi,1081,1076.0,0 - 3,FC Struga,1492,1497.0,0,3,North Macedonia,domestic league (tier 1)
2026/04/18,1. MFL,0,KF Shkupi,1075,1069.0,0 - 7,Vardar Skopje,1506,1512.0,0,7,North Macedonia,domestic league (tier 1)
2026/05/01,1. MFL,0,KF Shkupi,1063,1048.0,0 - 4,Makedonija GP,1238,1253.0,0,4,North Macedonia,domestic league (tier 1)
2026/05/16,1. MFL,0,KF Shkupi,1042,1028.0,0 - 7,FK Rabotnicki,1289,1303.0,0,7,North Macedonia,domestic league (tier 1)
2016/08/08,1. MFL,0,KF Shkëndija 79,1709,1710.0,2 - 1,Sileks Kratovo,1354,1353.0,2,1,North Macedonia,domestic league (tier 1)
2016/08/28,1. MFL,0,KF Shkëndija 79,1676,1678.0,3 - 1,FK Pobeda,1293,1291.0,3,1,North Macedonia,domestic league (tier 1)
2016/09/18,1. MFL,0,KF Shkëndija 79,1672,1674.0,3 - 0,Makedonija GP,1282,1280.0,3,0,North Macedonia,domestic league (tier 1)
2016/09/28,1. MFL,0,KF Shkëndija 79,1695,1687.0,1 - 1,FK Renova,1419,1427.0,1,1,North Macedonia,domestic league (tier 1)
2016/10/23,1. MFL,0,KF Shkëndija 79,1690,1669.0,0 - 2,Vardar Skopje,1648,1669.0,0,2,North Macedonia,domestic league (tier 1)
2016/10/26,1. MFL,0,KF Shkëndija 79,1669,1650.0,0 - 1,KF Shkupi,1299,1318.0,0,1,North Macedonia,domestic league (tier 1)
2016/11/16,1. MFL,0,KF Shkëndija 79,1648,1651.0,5 - 2,FK Bregalnica Štip,1341,1338.0,5,2,North Macedonia,domestic league (tier 1)
2016/11/27,1. MFL,0,KF Shkëndija 79,1652,1645.0,2 - 2,FK Rabotnicki,1465,1472.0,2,2,North Macedonia,domestic league (tier 1)
2016/12/04,1. MFL,0,KF Shkëndija 79,1651,1653.0,1 - 0,FK Pelister,1396,1394.0,1,0,North Macedonia,domestic league (tier 1)
2017/02/19,1. MFL,0,KF Shkëndija 79,1655,1658.0,2 - 0,Sileks Kratovo,1376,1373.0,2,0,North Macedonia,domestic league (tier 1)
2017/03/05,1. MFL,0,KF Shkëndija 79,1667,1658.0,0 - 0,KF Shkupi,1285,1294.0,0,0,North Macedonia,domestic league (tier 1)
2017/03/12,1. MFL,0,KF Shkëndija 79,1658,1660.0,4 - 0,FK Pobeda,1292,1290.0,4,0,North Macedonia,domestic league (tier 1)
2017/04/02,1. MFL,0,KF Shkëndija 79,1666,1668.0,5 - 1,Makedonija GP,1269,1267.0,5,1,North Macedonia,domestic league (tier 1)
2017/04/09,1. MFL,0,KF Shkëndija 79,1656,1648.0,1 - 1,FK Renova,1400,1408.0,1,1,North Macedonia,domestic league (tier 1)
2017/04/26,1. MFL,0,KF Shkëndija 79,1637,1650.0,3 - 1,Vardar Skopje,1682,1669.0,3,1,North Macedonia,domestic league (tier 1)
2017/05/07,1. MFL,0,KF Shkëndija 79,1628,1631.0,3 - 0,FK Bregalnica Štip,1316,1313.0,3,0,North Macedonia,domestic league (tier 1)
2017/05/21,1. MFL,0,KF Shkëndija 79,1629,1623.0,2 - 2,FK Rabotnicki,1497,1503.0,2,2,North Macedonia,domestic league (tier 1)
2017/05/31,1. MFL,0,KF Shkëndija 79,1620,1625.0,3 - 1,FK Pelister,1422,1417.0,3,1,North Macedonia,domestic league (tier 1)
2017/08/12,1. MFL,0,KF Shkëndija 79,1662,1675.0,2 - 0,Vardar Skopje,1711,1698.0,2,0,North Macedonia,domestic league (tier 1)
2017/08/27,1. MFL,0,KF Shkëndija 79,1673,1674.0,2 - 1,Akademija Pandev,1285,1284.0,2,1,North Macedonia,domestic league (tier 1)
2017/09/10,1. MFL,0,KF Shkëndija 79,1676,1668.0,3 - 3,FK Pobeda,1342,1350.0,3,3,North Macedonia,domestic league (tier 1)
2017/09/20,1. MFL,0,KF Shkëndija 79,1676,1680.0,5 - 0,Sileks Kratovo,1375,1371.0,5,0,North Macedonia,domestic league (tier 1)
2017/09/27,1. MFL,0,KF Shkëndija 79,1683,1686.0,2 - 0,FK Renova,1417,1414.0,2,0,North Macedonia,domestic league (tier 1)
2017/10/22,1. MFL,0,KF Shkëndija 79,1676,1678.0,4 - 1,KF Shkupi,1322,1320.0,4,1,North Macedonia,domestic league (tier 1)
2017/11/05,1. MFL,0,KF Shkëndija 79,1669,1672.0,2 - 1,FK Rabotnicki,1455,1452.0,2,1,North Macedonia,domestic league (tier 1)
2017/11/19,1. MFL,0,KF Shkëndija 79,1680,1682.0,4 - 0,FK Skopje,1259,1257.0,4,0,North Macedonia,domestic league (tier 1)
2017/12/03,1. MFL,0,KF Shkëndija 79,1693,1696.0,3 - 0,FK Pelister,1386,1383.0,3,0,North Macedonia,domestic league (tier 1)
2018/02/14,1. MFL,0,KF Shkëndija 79,1696,1692.0,1 - 1,Vardar Skopje,1669,1673.0,1,1,North Macedonia,domestic league (tier 1)
2018/02/25,1. MFL,0,KF Shkëndija 79,1702,1703.0,1 - 0,Akademija Pandev,1340,1339.0,1,0,North Macedonia,domestic league (tier 1)
2018/03/03,1. MFL,0,KF Shkëndija 79,1703,1705.0,3 - 0,FK Pobeda,1329,1327.0,3,0,North Macedonia,domestic league (tier 1)
2018/03/17,1. MFL,0,KF Shkëndija 79,1717,1719.0,1 - 0,Sileks Kratovo,1426,1424.0,1,0,North Macedonia,domestic league (tier 1)
2018/04/07,1. MFL,0,KF Shkëndija 79,1712,1716.0,5 - 0,FK Renova,1423,1419.0,5,0,North Macedonia,domestic league (tier 1)
2018/04/22,1. MFL,0,KF Shkëndija 79,1741,1743.0,2 - 0,KF Shkupi,1363,1361.0,2,0,North Macedonia,domestic league (tier 1)
2018/05/02,1. MFL,0,KF Shkëndija 79,1719,1723.0,3 - 0,FK Rabotnicki,1459,1455.0,3,0,North Macedonia,domestic league (tier 1)
2018/05/13,1. MFL,0,KF Shkëndija 79,1729,1730.0,3 - 1,FK Skopje,1315,1314.0,3,1,North Macedonia,domestic league (tier 1)
2018/05/20,1. MFL,0,KF Shkëndija 79,1738,1740.0,4 - 0,FK Pelister,1333,1331.0,4,0,North Macedonia,domestic league (tier 1)
2018/08/11,1. MFL,0,KF Shkëndija 79,1717,1710.0,2 - 2,Vardar Skopje,1486,1493.0,2,2,North Macedonia,domestic league (tier 1)
2018/08/27,1. MFL,0,KF Shkëndija 79,1691,1692.0,4 - 1,FK Belasica,1068,1067.0,4,1,North Macedonia,domestic league (tier 1)
2018/09/16,1. MFL,0,KF Shkëndija 79,1686,1692.0,6 - 2,FK Rabotnicki,1492,1486.0,6,2,North Macedonia,domestic league (tier 1)
2018/09/26,1. MFL,0,KF Shkëndija 79,1697,1669.0,0 - 2,FK Pobeda,1343,1371.0,0,2,North Macedonia,domestic league (tier 1)
2018/10/06,1. MFL,0,KF Shkëndija 79,1665,1657.0,2 - 2,FK Renova,1369,1377.0,2,2,North Macedonia,domestic league (tier 1)
2018/10/28,1. MFL,0,KF Shkëndija 79,1670,1672.0,5 - 1,Makedonija GP,1310,1308.0,5,1,North Macedonia,domestic league (tier 1)
2018/11/04,1. MFL,0,KF Shkëndija 79,1675,1679.0,3 - 0,KF Shkupi,1395,1391.0,3,0,North Macedonia,domestic league (tier 1)
2018/11/22,1. MFL,0,KF Shkëndija 79,1667,1671.0,5 - 0,Sileks Kratovo,1360,1356.0,5,0,North Macedonia,domestic league (tier 1)
2018/11/28,1. MFL,0,KF Shkëndija 79,1678,1660.0,0 - 1,Akademija Pandev,1382,1400.0,0,1,North Macedonia,domestic league (tier 1)
2019/02/24,1. MFL,0,KF Shkëndija 79,1654,1646.0,1 - 1,Makedonija GP,1321,1329.0,1,1,North Macedonia,domestic league (tier 1)
2019/03/03,1. MFL,0,KF Shkëndija 79,1646,1647.0,3 - 0,FK Belasica,1206,1205.0,3,0,North Macedonia,domestic league (tier 1)
2019/03/16,1. MFL,0,KF Shkëndija 79,1634,1637.0,1 - 0,FK Rabotnicki,1412,1409.0,1,0,North Macedonia,domestic league (tier 1)
2019/03/31,1. MFL,0,KF Shkëndija 79,1645,1647.0,5 - 2,FK Pobeda,1298,1296.0,5,2,North Macedonia,domestic league (tier 1)
2019/04/07,1. MFL,0,KF Shkëndija 79,1654,1656.0,2 - 1,FK Renova,1399,1397.0,2,1,North Macedonia,domestic league (tier 1)
2019/04/20,1. MFL,0,KF Shkëndija 79,1654,1657.0,4 - 2,Makedonija GP,1369,1366.0,4,2,North Macedonia,domestic league (tier 1)
2019/04/27,1. MFL,0,KF Shkëndija 79,1640,1645.0,5 - 1,KF Shkupi,1430,1425.0,5,1,North Macedonia,domestic league (tier 1)
2019/05/08,1. MFL,0,KF Shkëndija 79,1651,1643.0,0 - 0,Sileks Kratovo,1359,1367.0,0,0,North Macedonia,domestic league (tier 1)
2019/05/19,1. MFL,0,KF Shkëndija 79,1648,1653.0,4 - 1,Akademija Pandev,1429,1424.0,4,1,North Macedonia,domestic league (tier 1)
2019/08/25,1. MFL,0,KF Shkëndija 79,1584,1577.0,1 - 1,Makedonija GP,1364,1371.0,1,1,North Macedonia,domestic league (tier 1)
2019/09/14,1. MFL,0,KF Shkëndija 79,1559,1564.0,3 - 0,FK Rabotnicki,1366,1361.0,3,0,North Macedonia,domestic league (tier 1)
2019/09/22,1. MFL,0,KF Shkëndija 79,1576,1579.0,2 - 0,FC Struga,1264,1261.0,2,0,North Macedonia,domestic league (tier 1)
2019/10/05,1. MFL,0,KF Shkëndija 79,1562,1558.0,0 - 0,Vardar Skopje,1514,1518.0,0,0,North Macedonia,domestic league (tier 1)
2019/10/18,1. MFL,0,KF Shkëndija 79,1558,1542.0,0 - 1,Akademija Pandev,1442,1458.0,0,1,North Macedonia,domestic league (tier 1)
2019/10/23,1. MFL,0,KF Shkëndija 79,1542,1548.0,3 - 0,Sileks Kratovo,1367,1361.0,3,0,North Macedonia,domestic league (tier 1)
2019/11/03,1. MFL,0,KF Shkëndija 79,1553,1555.0,4 - 0,FK Borec,1171,1169.0,4,0,North Macedonia,domestic league (tier 1)
2019/11/24,1. MFL,0,KF Shkëndija 79,1562,1568.0,6 - 1,FK Renova,1349,1343.0,6,1,North Macedonia,domestic league (tier 1)
2019/12/01,1. MFL,0,KF Shkëndija 79,1553,1561.0,4 - 0,KF Shkupi,1419,1411.0,4,0,North Macedonia,domestic league (tier 1)
2020/03/01,1. MFL,0,KF Shkëndija 79,1564,1569.0,4 - 1,Makedonija GP,1369,1364.0,4,1,North Macedonia,domestic league (tier 1)
2020/03/11,1. MFL,0,KF Shkëndija 79,1541,1524.0,0 - 1,FK Rabotnicki,1370,1387.0,0,1,North Macedonia,domestic league (tier 1)
2020/08/16,1. MFL,0,KF Shkëndija 79,1523,1527.0,2 - 0,FC Struga,1286,1282.0,2,0,North Macedonia,domestic league (tier 1)
2020/08/31,1. MFL,0,KF Shkëndija 79,1549,1541.0,1 - 1,FK Borec,1247,1255.0,1,1,North Macedonia,domestic league (tier 1)
2020/09/20,1. MFL,0,KF Shkëndija 79,1566,1568.0,2 - 1,Akademija Pandev,1321,1319.0,2,1,North Macedonia,domestic league (tier 1)
2020/10/03,1. MFL,0,KF Shkëndija 79,1574,1568.0,1 - 1,Sileks Kratovo,1406,1412.0,1,1,North Macedonia,domestic league (tier 1)
2020/10/25,1. MFL,0,KF Shkëndija 79,1588,1581.0,1 - 1,FK Rabotnicki,1383,1390.0,1,1,North Macedonia,domestic league (tier 1)
2020/11/22,1. MFL,0,KF Shkëndija 79,1590,1583.0,1 - 1,KF Shkupi,1420,1427.0,1,1,North Macedonia,domestic league (tier 1)
2020/12/02,1. MFL,0,KF Shkëndija 79,1576,1584.0,5 - 0,Makedonija GP,1430,1422.0,5,0,North Macedonia,domestic league (tier 1)
2020/12/09,1. MFL,0,KF Shkëndija 79,1591,1593.0,2 - 0,FK Belasica,1217,1215.0,2,0,North Macedonia,domestic league (tier 1)
2020/12/16,1. MFL,0,KF Shkëndija 79,1598,1579.0,0 - 1,FK Pelister,1258,1277.0,0,1,North Macedonia,domestic league (tier 1)
2021/02/28,1. MFL,0,KF Shkëndija 79,1586,1590.0,2 - 1,Vardar Skopje,1446,1442.0,2,1,North Macedonia,domestic league (tier 1)
2021/03/07,1. MFL,0,KF Shkëndija 79,1587,1579.0,0 - 0,FK Renova,1324,1332.0,0,0,North Macedonia,domestic league (tier 1)
2021/03/14,1. MFL,0,KF Shkëndija 79,1579,1581.0,1 - 0,FK Pelister,1317,1315.0,1,0,North Macedonia,domestic league (tier 1)
2021/04/04,1. MFL,0,KF Shkëndija 79,1597,1599.0,2 - 1,Sileks Kratovo,1350,1348.0,2,1,North Macedonia,domestic league (tier 1)
2021/04/14,1. MFL,0,KF Shkëndija 79,1609,1612.0,1 - 0,Akademija Pandev,1380,1377.0,1,0,North Macedonia,domestic league (tier 1)
2021/04/25,1. MFL,0,KF Shkëndija 79,1617,1619.0,3 - 1,FK Borec,1258,1256.0,3,1,North Macedonia,domestic league (tier 1)
2021/05/01,1. MFL,0,KF Shkëndija 79,1629,1602.0,0 - 2,FC Struga,1372,1399.0,0,2,North Macedonia,domestic league (tier 1)
2021/05/16,1. MFL,0,KF Shkëndija 79,1609,1602.0,1 - 1,KF Shkupi,1430,1437.0,1,1,North Macedonia,domestic league (tier 1)
2021/08/15,1. MFL,0,KF Shkëndija 79,1546,1529.0,1 - 2,FK Renova,1319,1336.0,1,2,North Macedonia,domestic league (tier 1)
2021/08/22,1. MFL,0,KF Shkëndija 79,1525,1533.0,4 - 0,Makedonija GP,1401,1393.0,4,0,North Macedonia,domestic league (tier 1)
2021/09/14,1. MFL,0,KF Shkëndija 79,1529,1524.0,0 - 0,KF Shkupi,1447,1452.0,0,0,North Macedonia,domestic league (tier 1)
2021/10/02,1. MFL,0,KF Shkëndija 79,1533,1536.0,3 - 0,FK Borec,1250,1247.0,3,0,North Macedonia,domestic league (tier 1)
2021/10/20,North Macedonia Cup,0,KF Shkëndija 79,1525,1533.0,5 - 0,FK Renova,1389,1381.0,5,0,North Macedonia,domestic cup
2021/10/24,1. MFL,0,KF Shkëndija 79,1533,1539.0,2 - 0,FK Rabotnicki,1395,1389.0,2,0,North Macedonia,domestic league (tier 1)
2021/10/30,1. MFL,0,KF Shkëndija 79,1539,1530.0,1 - 1,GFK Tikvesh,1133,1142.0,1,1,North Macedonia,domestic league (tier 1)
2021/11/21,1. MFL,0,KF Shkëndija 79,1538,1541.0,1 - 0,FK Bregalnica Štip,1341,1338.0,1,0,North Macedonia,domestic league (tier 1)
2021/12/01,North Macedonia Cup,0,KF Shkëndija 79,1549,1543.0,0 - 0,FC Struga,1402,1408.0,0,0,North Macedonia,domestic cup
2021/12/05,1. MFL,0,KF Shkëndija 79,1543,1545.0,2 - 1,FK Pelister,1239,1237.0,2,1,North Macedonia,domestic league (tier 1)
2021/12/12,1. MFL,0,KF Shkëndija 79,1547,1549.0,1 - 0,FK Skopje,1296,1294.0,1,0,North Macedonia,domestic league (tier 1)
2022/02/13,1. MFL,0,KF Shkëndija 79,1549,1555.0,3 - 1,FC Struga,1398,1392.0,3,1,North Macedonia,domestic league (tier 1)
2022/02/27,1. MFL,0,KF Shkëndija 79,1562,1556.0,0 - 0,Akademija Pandev,1430,1436.0,0,0,North Macedonia,domestic league (tier 1)
2022/03/13,1. MFL,0,KF Shkëndija 79,1543,1544.0,2 - 1,GFK Tikvesh,1192,1191.0,2,1,North Macedonia,domestic league (tier 1)
2022/04/03,1. MFL,0,KF Shkëndija 79,1552,1543.0,0 - 0,FK Borec,1194,1203.0,0,0,North Macedonia,domestic league (tier 1)
2022/04/10,1. MFL,0,KF Shkëndija 79,1549,1542.0,1 - 1,FK Renova,1354,1361.0,1,1,North Macedonia,domestic league (tier 1)
2022/04/23,1. MFL,0,KF Shkëndija 79,1538,1545.0,3 - 1,Makedonija GP,1444,1437.0,3,1,North Macedonia,domestic league (tier 1)
2022/04/30,1. MFL,0,KF Shkëndija 79,1545,1548.0,1 - 0,FK Rabotnicki,1350,1347.0,1,0,North Macedonia,domestic league (tier 1)
2022/05/08,1. MFL,0,KF Shkëndija 79,1533,1530.0,0 - 0,KF Shkupi,1529,1532.0,0,0,North Macedonia,domestic league (tier 1)
2022/08/14,1. MFL,0,KF Shkëndija 79,1551,1544.0,1 - 1,Sileks Kratovo,1368,1375.0,1,1,North Macedonia,domestic league (tier 1)
2022/08/17,1. MFL,0,KF Shkëndija 79,1544,1547.0,2 - 0,FK Skopje,1280,1277.0,2,0,North Macedonia,domestic league (tier 1)
2022/08/28,1. MFL,0,KF Shkëndija 79,1557,1533.0,0 - 2,FC Struga,1407,1431.0,0,2,North Macedonia,domestic league (tier 1)
2022/09/04,1. MFL,0,KF Shkëndija 79,1540,1534.0,1 - 1,Makedonija GP,1399,1405.0,1,1,North Macedonia,domestic league (tier 1)
2022/09/17,1. MFL,0,KF Shkëndija 79,1534,1530.0,0 - 0,KF Shkupi,1480,1484.0,0,0,North Macedonia,domestic league (tier 1)
2022/10/05,North Macedonia Cup,0,KF Shkëndija 79,1536,1540.0,5 - 0,FK Skopje,1244,1240.0,5,0,North Macedonia,domestic cup
2022/10/09,1. MFL,0,KF Shkëndija 79,1540,1533.0,0 - 0,FK Bregalnica Štip,1323,1330.0,0,0,North Macedonia,domestic league (tier 1)
2022/11/06,1. MFL,0,KF Shkëndija 79,1548,1541.0,1 - 1,Akademija Pandev,1365,1372.0,1,1,North Macedonia,domestic league (tier 1)
2022/11/27,1. MFL,0,KF Shkëndija 79,1531,1523.0,0 - 0,GFK Tikvesh,1286,1294.0,0,0,North Macedonia,domestic league (tier 1)
2023/02/26,1. MFL,0,KF Shkëndija 79,1526,1527.0,1 - 0,FK Pobeda Junior,1178,1177.0,1,0,North Macedonia,domestic league (tier 1)
2023/03/08,1. MFL,0,KF Shkëndija 79,1524,1529.0,3 - 1,FK Rabotnicki,1336,1331.0,3,1,North Macedonia,domestic league (tier 1)
2023/03/12,1. MFL,0,KF Shkëndija 79,1529,1533.0,2 - 1,Akademija Pandev,1368,1364.0,2,1,North Macedonia,domestic league (tier 1)
2023/04/02,1. MFL,0,KF Shkëndija 79,1540,1542.0,2 - 0,FK Pobeda Junior,1141,1139.0,2,0,North Macedonia,domestic league (tier 1)
2023/04/05,North Macedonia Cup,0,KF Shkëndija 79,1542,1536.0,1 - 1,Makedonija GP,1420,1426.0,1,1,North Macedonia,domestic cup
2023/04/15,1. MFL,0,KF Shkëndija 79,1536,1540.0,4 - 1,GFK Tikvesh,1289,1285.0,4,1,North Macedonia,domestic league (tier 1)
2023/04/26,1. MFL,0,KF Shkëndija 79,1548,1542.0,0 - 0,Sileks Kratovo,1392,1398.0,0,0,North Macedonia,domestic league (tier 1)
2023/04/29,1. MFL,0,KF Shkëndija 79,1542,1548.0,3 - 1,Makedonija GP,1409,1403.0,3,1,North Macedonia,domestic league (tier 1)
2023/05/10,1. MFL,0,KF Shkëndija 79,1540,1526.0,1 - 2,FC Struga,1513,1527.0,1,2,North Macedonia,domestic league (tier 1)
2023/08/23,1. MFL,0,KF Shkëndija 79,1532,1537.0,2 - 0,FK Bregalnica Štip,1341,1336.0,2,0,North Macedonia,domestic league (tier 1)
2023/09/02,1. MFL,0,KF Shkëndija 79,1544,1540.0,0 - 0,KF Shkupi,1508,1512.0,0,0,North Macedonia,domestic league (tier 1)
2023/09/24,1. MFL,0,KF Shkëndija 79,1529,1533.0,1 - 0,Makedonija GP,1379,1375.0,1,0,North Macedonia,domestic league (tier 1)
2023/10/04,1. MFL,0,KF Shkëndija 79,1526,1533.0,1 - 0,FC Struga,1513,1506.0,1,0,North Macedonia,domestic league (tier 1)
2023/10/22,1. MFL,0,KF Shkëndija 79,1542,1535.0,1 - 1,FK AP Brera Strumica,1335,1342.0,1,1,North Macedonia,domestic league (tier 1)
2023/10/29,1. MFL,0,KF Shkëndija 79,1522,1513.0,1 - 1,FK Voska Sport,1183,1192.0,1,1,North Macedonia,domestic league (tier 1)
2023/11/11,1. MFL,0,KF Shkëndija 79,1506,1509.0,1 - 0,GFK Tikvesh,1318,1315.0,1,0,North Macedonia,domestic league (tier 1)
2023/11/29,1. MFL,0,KF Shkëndija 79,1505,1510.0,2 - 0,FK Rabotnicki,1344,1339.0,2,0,North Macedonia,domestic league (tier 1)
2023/12/10,1. MFL,0,KF Shkëndija 79,1503,1510.0,3 - 1,Sileks Kratovo,1390,1383.0,3,1,North Macedonia,domestic league (tier 1)
2024/02/25,1. MFL,0,KF Shkëndija 79,1518,1510.0,2 - 2,KF Gostivari,1209,1217.0,2,2,North Macedonia,domestic league (tier 1)
2024/03/03,1. MFL,0,KF Shkëndija 79,1510,1515.0,3 - 0,Vardar Skopje,1293,1288.0,3,0,North Macedonia,domestic league (tier 1)
2024/03/10,1. MFL,0,KF Shkëndija 79,1512,1504.0,0 - 0,FK Voska Sport,1230,1238.0,0,0,North Macedonia,domestic league (tier 1)
2024/03/31,1. MFL,0,KF Shkëndija 79,1501,1505.0,4 - 1,FK Bregalnica Štip,1260,1256.0,4,1,North Macedonia,domestic league (tier 1)
2024/04/14,1. MFL,0,KF Shkëndija 79,1502,1510.0,6 - 1,Sileks Kratovo,1369,1361.0,6,1,North Macedonia,domestic league (tier 1)
2024/04/28,1. MFL,0,KF Shkëndija 79,1498,1502.0,4 - 1,KF Gostivari,1237,1233.0,4,1,North Macedonia,domestic league (tier 1)
2024/05/01,1. MFL,0,KF Shkëndija 79,1502,1505.0,3 - 2,FK AP Brera Strumica,1330,1327.0,3,2,North Macedonia,domestic league (tier 1)
2024/05/12,1. MFL,0,KF Shkëndija 79,1524,1504.0,0 - 2,FC Struga,1496,1516.0,0,2,North Macedonia,domestic league (tier 1)
2024/08/18,1. MFL,0,KF Shkëndija 79,1501,1495.0,1 - 1,FK Rabotnicki,1350,1356.0,1,1,North Macedonia,domestic league (tier 1)
2024/08/31,1. MFL,0,KF Shkëndija 79,1507,1509.0,2 - 0,FK Pelister,1182,1180.0,2,0,North Macedonia,domestic league (tier 1)
2024/09/22,1. MFL,0,KF Shkëndija 79,1510,1515.0,5 - 1,FK Voska Sport,1272,1267.0,5,1,North Macedonia,domestic league (tier 1)
2024/09/29,1. MFL,0,KF Shkëndija 79,1496,1501.0,4 - 0,Vardar Skopje,1281,1276.0,4,0,North Macedonia,domestic league (tier 1)
2024/10/27,1. MFL,0,KF Shkëndija 79,1498,1494.0,1 - 1,FC Struga,1441,1445.0,1,1,North Macedonia,domestic league (tier 1)
2024/10/30,1. MFL,0,KF Shkëndija 79,1494,1496.0,2 - 1,KF Besa Dobërdoll,1244,1242.0,2,1,North Macedonia,domestic league (tier 1)
2024/11/09,1. MFL,0,KF Shkëndija 79,1496,1499.0,4 - 3,FK AP Brera Strumica,1317,1314.0,4,3,North Macedonia,domestic league (tier 1)
2024/11/27,1. MFL,0,KF Shkëndija 79,1504,1511.0,2 - 0,KF Shkupi,1404,1397.0,2,0,North Macedonia,domestic league (tier 1)
2024/12/08,1. MFL,0,KF Shkëndija 79,1517,1511.0,0 - 0,KF Gostivari,1389,1395.0,0,0,North Macedonia,domestic league (tier 1)
2025/02/23,1. MFL,0,KF Shkëndija 79,1517,1525.0,4 - 2,Sileks Kratovo,1440,1432.0,4,2,North Macedonia,domestic league (tier 1)
2025/03/02,1. MFL,0,KF Shkëndija 79,1525,1527.0,1 - 0,GFK Tikvesh,1281,1279.0,1,0,North Macedonia,domestic league (tier 1)
2025/03/09,1. MFL,0,KF Shkëndija 79,1509,1511.0,1 - 0,FK Pelister,1239,1237.0,1,0,North Macedonia,domestic league (tier 1)
2025/03/31,1. MFL,0,KF Shkëndija 79,1508,1510.0,2 - 1,FK AP Brera Strumica,1262,1260.0,2,1,North Macedonia,domestic league (tier 1)
2025/04/09,North Macedonia Cup,0,KF Shkëndija 79,1517,1502.0,1 - 2,FC Struga,1426,1441.0,1,2,North Macedonia,domestic cup
2025/04/13,1. MFL,0,KF Shkëndija 79,1502,1507.0,4 - 0,FK Voska Sport,1267,1262.0,4,0,North Macedonia,domestic league (tier 1)
2025/04/27,1. MFL,0,KF Shkëndija 79,1513,1507.0,3 - 3,KF Shkupi,1375,1381.0,3,3,North Macedonia,domestic league (tier 1)
2025/05/07,1. MFL,0,KF Shkëndija 79,1508,1513.0,2 - 1,FK Rabotnicki,1407,1402.0,2,1,North Macedonia,domestic league (tier 1)
2025/05/17,1. MFL,0,KF Shkëndija 79,1513,1492.0,1 - 3,Sileks Kratovo,1458,1479.0,1,3,North Macedonia,domestic league (tier 1)
2025/08/08,1. MFL,0,KF Shkëndija 79,1543,1549.0,5 - 1,KF Shkupi,1346,1340.0,5,1,North Macedonia,domestic league (tier 1)
2025/08/24,1. MFL,0,KF Shkëndija 79,1566,1558.0,0 - 0,KF Arsimi,1238,1246.0,0,0,North Macedonia,domestic league (tier 1)
2025/09/12,1. MFL,0,KF Shkëndija 79,1555,1557.0,2 - 1,KF Bashkimi,1259,1257.0,2,1,North Macedonia,domestic league (tier 1)
2025/09/21,1. MFL,0,KF Shkëndija 79,1557,1559.0,1 - 0,GFK Tikvesh,1291,1289.0,1,0,North Macedonia,domestic league (tier 1)
2025/09/28,1. MFL,0,KF Shkëndija 79,1566,1573.0,2 - 0,Sileks Kratovo,1474,1467.0,2,0,North Macedonia,domestic league (tier 1)
2025/10/27,1. MFL,0,KF Shkëndija 79,1570,1554.0,0 - 1,Vardar Skopje,1448,1464.0,0,1,North Macedonia,domestic league (tier 1)
2025/11/10,1. MFL,0,KF Shkëndija 79,1563,1567.0,7 - 2,Makedonija GP,1271,1267.0,7,2,North Macedonia,domestic league (tier 1)
2025/11/19,North Macedonia Cup,0,KF Shkëndija 79,1571,1574.0,2 - 0,GFK Tikvesh,1294,1291.0,2,0,North Macedonia,domestic cup
2025/12/01,1. MFL,0,KF Shkëndija 79,1538,1540.0,1 - 0,FK Rabotnicki,1269,1267.0,1,0,North Macedonia,domestic league (tier 1)
2026/02/10,1. MFL,0,KF Shkëndija 79,1564,1573.0,2 - 0,FC Struga,1527,1518.0,2,0,North Macedonia,domestic league (tier 1)
2026/03/02,1. MFL,0,KF Shkëndija 79,1578,1579.0,2 - 1,FK Pelister,1238,1237.0,2,1,North Macedonia,domestic league (tier 1)
2026/03/09,1. MFL,0,KF Shkëndija 79,1590,1582.0,1 - 1,FK AP Brera Strumica,1289,1297.0,1,1,North Macedonia,domestic league (tier 1)
2026/03/15,1. MFL,0,KF Shkëndija 79,1582,1584.0,1 - 0,KF Arsimi,1261,1259.0,1,0,North Macedonia,domestic league (tier 1)
2026/04/04,1. MFL,0,KF Shkëndija 79,1588,1569.0,1 - 2,FK Pelister,1234,1253.0,1,2,North Macedonia,domestic league (tier 1)
2026/04/13,1. MFL,0,KF Shkëndija 79,1579,1580.0,6 - 0,KF Shkupi,1076,1075.0,6,0,North Macedonia,domestic league (tier 1)
2026/04/27,1. MFL,0,KF Shkëndija 79,1592,1573.0,2 - 3,KF Bashkimi,1253,1272.0,2,3,North Macedonia,domestic league (tier 1)
2026/05/09,1. MFL,0,KF Shkëndija 79,1572,1580.0,3 - 1,FC Struga,1486,1478.0,3,1,North Macedonia,domestic league (tier 1)
2026/05/15,1. MFL,0,KF Shkëndija 79,1580,1582.0,2 - 1,FK AP Brera Strumica,1282,1280.0,2,1,North Macedonia,domestic league (tier 1)
2026/07/26,1. MFL,0,KF Shkëndija 79,1554,1557.0,3 - 0,FK Skopje,1211,1208.0,3,0,North Macedonia,domestic league (tier 1)
2026/08/16,1. MFL,0,KF Shkëndija 79,1583,1586.0,4 - 1,FK Bregalnica Štip,1247,1244.0,4,1,North Macedonia,domestic league (tier 1)
2026/08/24,1. MFL,0,KF Shkëndija 79,1586,1590.0,2 - 1,FC Struga,1462,1458.0,2,1,North Macedonia,domestic league (tier 1)
2026/09/04,1. MFL,0,KF Shkëndija 79,1602,,Info,GFK Tikvesh,1383,,,,North Macedonia,domestic league (tier 1)
2021/09/15,North Macedonia Cup,0,Kamenica Sasa,1213,1202.0,0 - 2,FC Struga,1420,1431.0,0,2,North Macedonia,domestic cup
2022/09/14,North Macedonia Cup,0,Kamenica Sasa,1202,1184.0,0 - 3,Vardar Skopje,1295,1313.0,0,3,North Macedonia,domestic cup
2026/09/09,North Macedonia Cup,0,Kamenica Sasa,1184,,Info,KF Shkupi,1023,,,,North Macedonia,domestic cup
2016/08/10,1. MFL,0,Makedonija GP,1305,1290.0,0 - 4,FK Rabotnicki,1473,1488.0,0,4,North Macedonia,domestic league (tier 1)
2016/08/21,1. MFL,0,Makedonija GP,1286,1284.0,2 - 2,FK Pelister,1329,1331.0,2,2,North Macedonia,domestic league (tier 1)
2016/09/11,1. MFL,0,Makedonija GP,1289,1282.0,0 - 4,Vardar Skopje,1646,1653.0,0,4,North Macedonia,domestic league (tier 1)
2016/09/25,1. MFL,0,Makedonija GP,1280,1278.0,1 - 1,FK Pobeda,1297,1299.0,1,1,North Macedonia,domestic league (tier 1)
2016/10/02,1. MFL,0,Makedonija GP,1293,1280.0,0 - 1,KF Shkupi,1286,1299.0,0,1,North Macedonia,domestic league (tier 1)
2016/10/23,1. MFL,0,Makedonija GP,1276,1294.0,3 - 1,FK Renova,1435,1417.0,3,1,North Macedonia,domestic league (tier 1)
2016/11/05,1. MFL,0,Makedonija GP,1288,1287.0,1 - 1,Sileks Kratovo,1370,1371.0,1,1,North Macedonia,domestic league (tier 1)
2016/11/20,1. MFL,0,Makedonija GP,1285,1278.0,0 - 4,KF Shkëndija 79,1651,1658.0,0,4,North Macedonia,domestic league (tier 1)
2016/11/30,1. MFL,0,Makedonija GP,1282,1280.0,2 - 2,FK Bregalnica Štip,1329,1331.0,2,2,North Macedonia,domestic league (tier 1)
2017/02/19,1. MFL,0,Makedonija GP,1300,1286.0,0 - 3,FK Rabotnicki,1476,1490.0,0,3,North Macedonia,domestic league (tier 1)
2017/03/05,1. MFL,0,Makedonija GP,1292,1283.0,1 - 2,FK Pelister,1411,1420.0,1,2,North Macedonia,domestic league (tier 1)
2017/03/18,1. MFL,0,Makedonija GP,1276,1269.0,0 - 5,Vardar Skopje,1636,1643.0,0,5,North Macedonia,domestic league (tier 1)
2017/04/05,1. MFL,0,Makedonija GP,1267,1265.0,0 - 0,FK Pobeda,1286,1288.0,0,0,North Macedonia,domestic league (tier 1)
2017/04/15,1. MFL,0,Makedonija GP,1259,1258.0,0 - 0,KF Shkupi,1319,1320.0,0,0,North Macedonia,domestic league (tier 1)
2017/04/26,1. MFL,0,Makedonija GP,1266,1253.0,1 - 3,FK Renova,1422,1435.0,1,3,North Macedonia,domestic league (tier 1)
2017/05/03,1. MFL,0,Makedonija GP,1247,1238.0,0 - 1,Sileks Kratovo,1378,1387.0,0,1,North Macedonia,domestic league (tier 1)
2017/05/14,1. MFL,0,Makedonija GP,1236,1233.0,2 - 3,KF Shkëndija 79,1631,1634.0,2,3,North Macedonia,domestic league (tier 1)
2017/05/28,1. MFL,0,Makedonija GP,1226,1239.0,5 - 3,FK Bregalnica Štip,1288,1275.0,5,3,North Macedonia,domestic league (tier 1)
2018/08/19,1. MFL,0,Makedonija GP,1240,1248.0,0 - 0,KF Shkëndija 79,1704,1696.0,0,0,North Macedonia,domestic league (tier 1)
2018/09/16,1. MFL,0,Makedonija GP,1252,1245.0,0 - 0,FK Belasica,1074,1081.0,0,0,North Macedonia,domestic league (tier 1)
2018/09/26,1. MFL,0,Makedonija GP,1249,1272.0,3 - 0,FK Rabotnicki,1471,1448.0,3,0,North Macedonia,domestic league (tier 1)
2018/10/06,1. MFL,0,Makedonija GP,1292,1301.0,1 - 0,FK Pobeda,1366,1357.0,1,0,North Macedonia,domestic league (tier 1)
2018/10/21,1. MFL,0,Makedonija GP,1301,1310.0,1 - 0,Akademija Pandev,1382,1373.0,1,0,North Macedonia,domestic league (tier 1)
2018/10/31,1. MFL,0,Makedonija GP,1308,1297.0,1 - 3,Vardar Skopje,1502,1513.0,1,3,North Macedonia,domestic league (tier 1)
2018/11/04,1. MFL,0,Makedonija GP,1297,1286.0,1 - 2,FK Renova,1364,1375.0,1,2,North Macedonia,domestic league (tier 1)
2018/11/22,1. MFL,0,Makedonija GP,1315,1315.0,2 - 2,KF Shkupi,1401,1401.0,2,2,North Macedonia,domestic league (tier 1)
2018/11/28,1. MFL,0,Makedonija GP,1307,1305.0,1 - 1,Sileks Kratovo,1347,1349.0,1,1,North Macedonia,domestic league (tier 1)
2019/02/17,1. MFL,0,Makedonija GP,1341,1321.0,0 - 3,Akademija Pandev,1400,1420.0,0,3,North Macedonia,domestic league (tier 1)
2019/03/16,1. MFL,0,Makedonija GP,1336,1340.0,2 - 1,FK Belasica,1209,1205.0,2,1,North Macedonia,domestic league (tier 1)
2019/03/31,1. MFL,0,Makedonija GP,1356,1354.0,1 - 1,FK Rabotnicki,1392,1394.0,1,1,North Macedonia,domestic league (tier 1)
2019/04/07,1. MFL,0,Makedonija GP,1356,1366.0,3 - 0,FK Pobeda,1299,1289.0,3,0,North Macedonia,domestic league (tier 1)
2019/04/14,1. MFL,0,Makedonija GP,1370,1369.0,1 - 1,Akademija Pandev,1449,1450.0,1,1,North Macedonia,domestic league (tier 1)
2019/04/24,1. MFL,0,Makedonija GP,1366,1352.0,0 - 2,Vardar Skopje,1490,1504.0,0,2,North Macedonia,domestic league (tier 1)
2019/04/27,1. MFL,0,Makedonija GP,1352,1364.0,3 - 1,FK Renova,1383,1371.0,3,1,North Macedonia,domestic league (tier 1)
2019/05/08,1. MFL,0,Makedonija GP,1349,1358.0,1 - 0,KF Shkupi,1424,1415.0,1,0,North Macedonia,domestic league (tier 1)
2019/05/19,1. MFL,0,Makedonija GP,1348,1360.0,2 - 0,Sileks Kratovo,1378,1366.0,2,0,North Macedonia,domestic league (tier 1)
2019/08/18,1. MFL,0,Makedonija GP,1365,1364.0,0 - 0,Akademija Pandev,1416,1417.0,0,0,North Macedonia,domestic league (tier 1)
2019/09/14,1. MFL,0,Makedonija GP,1384,1388.0,3 - 1,FK Borec,1144,1140.0,3,1,North Macedonia,domestic league (tier 1)
2019/09/22,1. MFL,0,Makedonija GP,1380,1367.0,0 - 1,FK Renova,1372,1385.0,0,1,North Macedonia,domestic league (tier 1)
2019/10/05,1. MFL,0,Makedonija GP,1372,1370.0,0 - 0,KF Shkupi,1417,1419.0,0,0,North Macedonia,domestic league (tier 1)
2019/10/19,1. MFL,0,Makedonija GP,1370,1371.0,1 - 1,Vardar Skopje,1518,1517.0,1,1,North Macedonia,domestic league (tier 1)
2019/10/27,1. MFL,0,Makedonija GP,1361,1363.0,0 - 0,KF Shkëndija 79,1548,1546.0,0,0,North Macedonia,domestic league (tier 1)
2019/11/03,1. MFL,0,Makedonija GP,1358,1345.0,0 - 1,Sileks Kratovo,1365,1378.0,0,1,North Macedonia,domestic league (tier 1)
2019/11/23,1. MFL,0,Makedonija GP,1343,1354.0,2 - 0,FK Rabotnicki,1340,1329.0,2,0,North Macedonia,domestic league (tier 1)
2019/11/30,1. MFL,0,Makedonija GP,1357,1353.0,1 - 1,FC Struga,1304,1308.0,1,1,North Macedonia,domestic league (tier 1)
2020/02/23,1. MFL,0,Makedonija GP,1361,1369.0,1 - 0,Akademija Pandev,1396,1388.0,1,0,North Macedonia,domestic league (tier 1)
2020/03/11,1. MFL,0,Makedonija GP,1358,1334.0,0 - 2,FK Borec,1211,1235.0,0,2,North Macedonia,domestic league (tier 1)
2020/08/09,1. MFL,0,Makedonija GP,1334,1343.0,2 - 1,FK Rabotnicki,1387,1378.0,2,1,North Macedonia,domestic league (tier 1)
2020/08/22,1. MFL,0,Makedonija GP,1334,1327.0,0 - 1,KF Shkëndija 79,1527,1534.0,0,1,North Macedonia,domestic league (tier 1)
2020/08/29,1. MFL,0,Makedonija GP,1327,1332.0,2 - 1,FK Belasica,1241,1236.0,2,1,North Macedonia,domestic league (tier 1)
2020/09/19,1. MFL,0,Makedonija GP,1334,1345.0,2 - 1,Vardar Skopje,1482,1471.0,2,1,North Macedonia,domestic league (tier 1)
2020/10/03,1. MFL,0,Makedonija GP,1359,1368.0,2 - 0,FC Struga,1321,1312.0,2,0,North Macedonia,domestic league (tier 1)
2020/10/25,1. MFL,0,Makedonija GP,1367,1376.0,3 - 1,Akademija Pandev,1333,1324.0,3,1,North Macedonia,domestic league (tier 1)
2020/11/29,1. MFL,0,Makedonija GP,1433,1430.0,0 - 0,KF Shkupi,1417,1420.0,0,0,North Macedonia,domestic league (tier 1)
2020/12/09,1. MFL,0,Makedonija GP,1433,1436.0,2 - 1,FK Pelister,1255,1252.0,2,1,North Macedonia,domestic league (tier 1)
2020/12/16,1. MFL,0,Makedonija GP,1439,1424.0,2 - 3,FK Renova,1326,1341.0,2,3,North Macedonia,domestic league (tier 1)
2021/02/28,1. MFL,0,Makedonija GP,1425,1419.0,0 - 0,FK Borec,1280,1286.0,0,0,North Macedonia,domestic league (tier 1)
2021/03/06,1. MFL,0,Makedonija GP,1409,1415.0,1 - 0,Sileks Kratovo,1347,1341.0,1,0,North Macedonia,domestic league (tier 1)
2021/03/14,1. MFL,0,Makedonija GP,1415,1389.0,0 - 3,Sileks Kratovo,1341,1367.0,0,3,North Macedonia,domestic league (tier 1)
2021/04/03,1. MFL,0,Makedonija GP,1400,1386.0,1 - 2,Akademija Pandev,1358,1372.0,1,2,North Macedonia,domestic league (tier 1)
2021/04/14,1. MFL,0,Makedonija GP,1378,1383.0,2 - 1,FK Borec,1271,1266.0,2,1,North Macedonia,domestic league (tier 1)
2021/04/25,1. MFL,0,Makedonija GP,1386,1372.0,2 - 3,FC Struga,1359,1373.0,2,3,North Macedonia,domestic league (tier 1)
2021/04/28,1. MFL,0,Makedonija GP,1372,1383.0,3 - 0,FK Pelister,1328,1317.0,3,0,North Macedonia,domestic league (tier 1)
2021/05/09,1. MFL,0,Makedonija GP,1387,1380.0,3 - 4,KF Shkëndija 79,1602,1609.0,3,4,North Macedonia,domestic league (tier 1)
2021/08/08,1. MFL,0,Makedonija GP,1396,1402.0,1 - 0,FK Pelister,1340,1334.0,1,0,North Macedonia,domestic league (tier 1)
2021/08/18,1. MFL,0,Makedonija GP,1392,1401.0,5 - 1,FK Skopje,1296,1287.0,5,1,North Macedonia,domestic league (tier 1)
2021/08/28,1. MFL,0,Makedonija GP,1393,1397.0,3 - 2,FK Borec,1271,1267.0,3,2,North Macedonia,domestic league (tier 1)
2021/09/19,1. MFL,0,Makedonija GP,1384,1366.0,0 - 2,FK Rabotnicki,1408,1426.0,0,2,North Macedonia,domestic league (tier 1)
2021/10/02,1. MFL,0,Makedonija GP,1341,1339.0,1 - 1,FK Renova,1379,1381.0,1,1,North Macedonia,domestic league (tier 1)
2021/10/24,1. MFL,0,Makedonija GP,1330,1329.0,1 - 1,FC Struga,1399,1400.0,1,1,North Macedonia,domestic league (tier 1)
2021/11/06,1. MFL,0,Makedonija GP,1346,1358.0,2 - 1,KF Shkupi,1502,1490.0,2,1,North Macedonia,domestic league (tier 1)
2021/11/28,1. MFL,0,Makedonija GP,1369,1361.0,1 - 2,KF Shkëndija 79,1541,1549.0,1,2,North Macedonia,domestic league (tier 1)
2021/12/01,North Macedonia Cup,0,Makedonija GP,1361,1362.0,0 - 0,KF Shkupi,1505,1504.0,0,0,North Macedonia,domestic cup
2021/12/08,1. MFL,0,Makedonija GP,1361,1377.0,4 - 1,Akademija Pandev,1440,1424.0,4,1,North Macedonia,domestic league (tier 1)
2022/02/13,1. MFL,0,Makedonija GP,1389,1392.0,1 - 0,GFK Tikvesh,1171,1168.0,1,0,North Macedonia,domestic league (tier 1)
2022/02/26,1. MFL,0,Makedonija GP,1404,1410.0,2 - 1,FK Bregalnica Štip,1342,1336.0,2,1,North Macedonia,domestic league (tier 1)
2022/03/13,1. MFL,0,Makedonija GP,1429,1422.0,1 - 1,FK Skopje,1253,1260.0,1,1,North Macedonia,domestic league (tier 1)
2022/04/03,1. MFL,0,Makedonija GP,1429,1433.0,2 - 0,FK Pelister,1214,1210.0,2,0,North Macedonia,domestic league (tier 1)
2022/04/10,1. MFL,0,Makedonija GP,1444,1438.0,1 - 1,FK Bregalnica Štip,1306,1312.0,1,1,North Macedonia,domestic league (tier 1)
2022/04/16,1. MFL,0,Makedonija GP,1438,1444.0,1 - 0,FK Rabotnicki,1371,1365.0,1,0,North Macedonia,domestic league (tier 1)
2022/05/01,1. MFL,0,Makedonija GP,1437,1445.0,1 - 0,Akademija Pandev,1451,1443.0,1,0,North Macedonia,domestic league (tier 1)
2022/05/08,1. MFL,0,Makedonija GP,1450,1428.0,1 - 3,FC Struga,1363,1385.0,1,3,North Macedonia,domestic league (tier 1)
2022/08/20,1. MFL,0,Makedonija GP,1410,1414.0,4 - 1,FK Pobeda Junior,1166,1162.0,4,1,North Macedonia,domestic league (tier 1)
2022/08/31,1. MFL,0,Makedonija GP,1404,1399.0,1 - 1,FK Rabotnicki,1322,1327.0,1,1,North Macedonia,domestic league (tier 1)
2022/09/10,1. MFL,0,Makedonija GP,1405,1392.0,0 - 1,Sileks Kratovo,1379,1392.0,0,1,North Macedonia,domestic league (tier 1)
2022/10/01,1. MFL,0,Makedonija GP,1406,1405.0,1 - 1,FC Struga,1469,1470.0,1,1,North Macedonia,domestic league (tier 1)
2022/10/15,1. MFL,0,Makedonija GP,1383,1389.0,2 - 0,FK Skopje,1240,1234.0,2,0,North Macedonia,domestic league (tier 1)
2022/10/30,1. MFL,0,Makedonija GP,1400,1400.0,1 - 1,KF Shkupi,1501,1501.0,1,1,North Macedonia,domestic league (tier 1)
2022/11/09,North Macedonia Cup,0,Makedonija GP,1411,1417.0,1 - 0,Akademija Pandev,1372,1366.0,1,0,North Macedonia,domestic cup
2022/11/13,1. MFL,0,Makedonija GP,1417,1412.0,0 - 0,FK Bregalnica Štip,1332,1337.0,0,0,North Macedonia,domestic league (tier 1)
2022/12/04,1. MFL,0,Makedonija GP,1397,1383.0,1 - 3,KF Shkëndija 79,1523,1537.0,1,3,North Macedonia,domestic league (tier 1)
2023/02/19,1. MFL,0,Makedonija GP,1402,1388.0,0 - 1,Akademija Pandev,1342,1356.0,0,1,North Macedonia,domestic league (tier 1)
2023/03/05,1. MFL,0,Makedonija GP,1393,1402.0,3 - 0,GFK Tikvesh,1303,1294.0,3,0,North Macedonia,domestic league (tier 1)
2023/04/02,1. MFL,0,Makedonija GP,1415,1420.0,2 - 1,FK Rabotnicki,1317,1312.0,2,1,North Macedonia,domestic league (tier 1)
2023/04/15,1. MFL,0,Makedonija GP,1417,1413.0,0 - 0,Akademija Pandev,1355,1359.0,0,0,North Macedonia,domestic league (tier 1)
2023/04/26,1. MFL,0,Makedonija GP,1405,1409.0,2 - 1,FK Skopje,1243,1239.0,2,1,North Macedonia,domestic league (tier 1)
2023/05/07,1. MFL,0,Makedonija GP,1403,1407.0,7 - 0,FK Pobeda Junior,1099,1095.0,7,0,North Macedonia,domestic league (tier 1)
2023/08/13,1. MFL,0,Makedonija GP,1383,1389.0,1 - 0,FK Bregalnica Štip,1345,1339.0,1,0,North Macedonia,domestic league (tier 1)
2023/08/23,1. MFL,0,Makedonija GP,1381,1382.0,0 - 0,KF Shkupi,1507,1506.0,0,0,North Macedonia,domestic league (tier 1)
2023/09/17,1. MFL,0,Makedonija GP,1376,1379.0,3 - 0,KF Gostivari,1088,1085.0,3,0,North Macedonia,domestic league (tier 1)
2023/09/30,1. MFL,0,Makedonija GP,1375,1382.0,1 - 0,FK AP Brera Strumica,1359,1352.0,1,0,North Macedonia,domestic league (tier 1)
2023/10/22,1. MFL,0,Makedonija GP,1369,1354.0,0 - 3,FC Struga,1513,1528.0,0,3,North Macedonia,domestic league (tier 1)
2023/10/29,1. MFL,0,Makedonija GP,1365,1361.0,1 - 1,GFK Tikvesh,1323,1327.0,1,1,North Macedonia,domestic league (tier 1)
2023/11/08,North Macedonia Cup,0,Makedonija GP,1372,1380.0,1 - 0,Sileks Kratovo,1397,1389.0,1,0,North Macedonia,domestic cup
2023/11/12,1. MFL,0,Makedonija GP,1380,1366.0,0 - 1,FK Rabotnicki,1337,1351.0,0,1,North Macedonia,domestic league (tier 1)
2023/11/29,1. MFL,0,Makedonija GP,1363,1371.0,1 - 0,Sileks Kratovo,1401,1393.0,1,0,North Macedonia,domestic league (tier 1)
2023/12/02,1. MFL,0,Makedonija GP,1371,1355.0,0 - 1,Vardar Skopje,1255,1271.0,0,1,North Macedonia,domestic league (tier 1)
2024/02/18,1. MFL,0,Makedonija GP,1343,1335.0,0 - 1,KF Shkëndija 79,1510,1518.0,0,1,North Macedonia,domestic league (tier 1)
2024/03/03,1. MFL,0,Makedonija GP,1322,1307.0,1 - 2,FK Voska Sport,1218,1233.0,1,2,North Macedonia,domestic league (tier 1)
2024/03/16,1. MFL,0,Makedonija GP,1298,1306.0,1 - 0,GFK Tikvesh,1344,1336.0,1,0,North Macedonia,domestic league (tier 1)
2024/04/07,1. MFL,0,Makedonija GP,1311,1314.0,1 - 1,KF Shkëndija 79,1505,1502.0,1,1,North Macedonia,domestic league (tier 1)
2024/04/17,North Macedonia Cup,0,Makedonija GP,1310,1316.0,2 - 1,FK Voska Sport,1247,1241.0,2,1,North Macedonia,domestic cup
2024/04/21,1. MFL,0,Makedonija GP,1316,1309.0,0 - 1,FC Struga,1514,1521.0,0,1,North Macedonia,domestic league (tier 1)
2024/05/01,1. MFL,0,Makedonija GP,1312,1291.0,0 - 2,FK Voska Sport,1269,1290.0,0,2,North Macedonia,domestic league (tier 1)
2024/05/12,1. MFL,0,Makedonija GP,1284,1290.0,2 - 1,FK Bregalnica Štip,1237,1231.0,2,1,North Macedonia,domestic league (tier 1)
2025/08/16,1. MFL,0,Makedonija GP,1268,1260.0,1 - 3,KF Shkëndija 79,1543,1551.0,1,3,North Macedonia,domestic league (tier 1)
2025/08/31,1. MFL,0,Makedonija GP,1256,1263.0,2 - 1,FK Pelister,1234,1227.0,2,1,North Macedonia,domestic league (tier 1)
2025/09/16,1. MFL,0,Makedonija GP,1259,1270.0,2 - 0,FK AP Brera Strumica,1259,1248.0,2,0,North Macedonia,domestic league (tier 1)
2025/10/03,1. MFL,0,Makedonija GP,1283,1294.0,4 - 1,KF Arsimi,1254,1243.0,4,1,North Macedonia,domestic league (tier 1)
2025/10/21,North Macedonia Cup,0,Makedonija GP,1294,1280.0,0 - 5,FC Struga,1496,1510.0,0,5,North Macedonia,domestic cup
2025/10/29,1. MFL,0,Makedonija GP,1284,1281.0,1 - 1,KF Bashkimi,1288,1291.0,1,1,North Macedonia,domestic league (tier 1)
2025/11/04,1. MFL,0,Makedonija GP,1281,1271.0,0 - 2,FC Struga,1490,1500.0,0,2,North Macedonia,domestic league (tier 1)
2025/11/21,1. MFL,0,Makedonija GP,1267,1260.0,1 - 2,Sileks Kratovo,1475,1482.0,1,2,North Macedonia,domestic league (tier 1)
2025/12/05,1. MFL,0,Makedonija GP,1262,1256.0,1 - 2,Vardar Skopje,1496,1502.0,1,2,North Macedonia,domestic league (tier 1)
2026/02/16,1. MFL,0,Makedonija GP,1259,1267.0,3 - 0,KF Shkupi,1143,1135.0,3,0,North Macedonia,domestic league (tier 1)
2026/02/23,1. MFL,0,Makedonija GP,1267,1256.0,0 - 1,GFK Tikvesh,1325,1336.0,0,1,North Macedonia,domestic league (tier 1)
2026/03/04,1. MFL,0,Makedonija GP,1260,1270.0,3 - 1,FK Rabotnicki,1252,1242.0,3,1,North Macedonia,domestic league (tier 1)
2026/03/21,1. MFL,0,Makedonija GP,1255,1251.0,0 - 1,KF Shkëndija 79,1584,1588.0,0,1,North Macedonia,domestic league (tier 1)
2026/04/09,1. MFL,0,Makedonija GP,1247,1235.0,0 - 1,KF Arsimi,1266,1278.0,0,1,North Macedonia,domestic league (tier 1)
2026/04/25,1. MFL,0,Makedonija GP,1229,1238.0,2 - 1,FK Rabotnicki,1298,1289.0,2,1,North Macedonia,domestic league (tier 1)
2026/05/10,1. MFL,0,Makedonija GP,1253,1235.0,1 - 4,GFK Tikvesh,1344,1362.0,1,4,North Macedonia,domestic league (tier 1)
2026/05/25,1. MFL,0,Makedonija GP,1239,1259.0,4 - 2,Sileks Kratovo,1447,1427.0,4,2,North Macedonia,domestic league (tier 1)
2026/08/07,1. MFL,0,Shkëndija Haraçinë,1021,1028.0,1 - 1,Sileks Kratovo,1442,1435.0,1,1,North Macedonia,domestic league (tier 1)
2026/08/22,1. MFL,0,Shkëndija Haraçinë,1047,1038.0,0 - 2,KF Arsimi,1288,1297.0,0,2,North Macedonia,domestic league (tier 1)
2016/08/14,1. MFL,0,Sileks Kratovo,1353,1359.0,2 - 1,FK Pobeda,1303,1297.0,2,1,North Macedonia,domestic league (tier 1)
2016/08/27,1. MFL,0,Sileks Kratovo,1379,1374.0,1 - 1,Makedonija GP,1284,1289.0,1,1,North Macedonia,domestic league (tier 1)
2016/09/18,1. MFL,0,Sileks Kratovo,1367,1366.0,0 - 0,FK Renova,1429,1430.0,0,0,North Macedonia,domestic league (tier 1)
2016/10/02,1. MFL,0,Sileks Kratovo,1375,1367.0,1 - 3,Vardar Skopje,1646,1654.0,1,3,North Macedonia,domestic league (tier 1)
2016/10/16,1. MFL,0,Sileks Kratovo,1369,1362.0,1 - 3,KF Shkëndija 79,1691,1698.0,1,3,North Macedonia,domestic league (tier 1)
2016/10/30,1. MFL,0,Sileks Kratovo,1363,1370.0,1 - 0,FK Bregalnica Štip,1352,1345.0,1,0,North Macedonia,domestic league (tier 1)
2016/11/16,1. MFL,0,Sileks Kratovo,1371,1380.0,2 - 1,FK Rabotnicki,1450,1441.0,2,1,North Macedonia,domestic league (tier 1)
2016/11/27,1. MFL,0,Sileks Kratovo,1377,1375.0,0 - 0,FK Pelister,1400,1402.0,0,0,North Macedonia,domestic league (tier 1)
2016/11/30,1. MFL,0,Sileks Kratovo,1375,1381.0,1 - 0,KF Shkupi,1312,1306.0,1,0,North Macedonia,domestic league (tier 1)
2017/02/26,1. MFL,0,Sileks Kratovo,1373,1380.0,2 - 0,FK Pobeda,1282,1275.0,2,0,North Macedonia,domestic league (tier 1)
2017/03/12,1. MFL,0,Sileks Kratovo,1381,1388.0,4 - 2,Makedonija GP,1283,1276.0,4,2,North Macedonia,domestic league (tier 1)
2017/04/02,1. MFL,0,Sileks Kratovo,1381,1395.0,3 - 0,FK Renova,1420,1406.0,3,0,North Macedonia,domestic league (tier 1)
2017/04/15,1. MFL,0,Sileks Kratovo,1383,1378.0,0 - 1,Vardar Skopje,1658,1663.0,0,1,North Macedonia,domestic league (tier 1)
2017/04/23,1. MFL,0,Sileks Kratovo,1378,1382.0,1 - 1,KF Shkëndija 79,1641,1637.0,1,1,North Macedonia,domestic league (tier 1)
2017/04/30,1. MFL,0,Sileks Kratovo,1372,1378.0,3 - 2,FK Bregalnica Štip,1316,1310.0,3,2,North Macedonia,domestic league (tier 1)
2017/05/07,1. MFL,0,Sileks Kratovo,1387,1372.0,0 - 2,FK Rabotnicki,1480,1495.0,0,2,North Macedonia,domestic league (tier 1)
2017/05/21,1. MFL,0,Sileks Kratovo,1366,1365.0,3 - 3,FK Pelister,1427,1428.0,3,3,North Macedonia,domestic league (tier 1)
2017/05/28,1. MFL,0,Sileks Kratovo,1365,1371.0,1 - 0,KF Shkupi,1326,1320.0,1,0,North Macedonia,domestic league (tier 1)
2017/08/13,1. MFL,0,Sileks Kratovo,1379,1383.0,1 - 0,FK Skopje,1231,1227.0,1,0,North Macedonia,domestic league (tier 1)
2017/08/26,1. MFL,0,Sileks Kratovo,1409,1387.0,1 - 4,FK Pelister,1425,1447.0,1,4,North Macedonia,domestic league (tier 1)
2017/09/17,1. MFL,0,Sileks Kratovo,1390,1375.0,0 - 1,KF Shkupi,1310,1325.0,0,1,North Macedonia,domestic league (tier 1)
2017/09/24,1. MFL,0,Sileks Kratovo,1371,1377.0,1 - 0,FK Pobeda,1341,1335.0,1,0,North Macedonia,domestic league (tier 1)
2017/09/30,1. MFL,0,Sileks Kratovo,1381,1387.0,1 - 0,Akademija Pandev,1328,1322.0,1,0,North Macedonia,domestic league (tier 1)
2017/10/22,1. MFL,0,Sileks Kratovo,1369,1368.0,0 - 0,FK Renova,1420,1421.0,0,0,North Macedonia,domestic league (tier 1)
2017/10/29,1. MFL,0,Sileks Kratovo,1382,1387.0,0 - 0,Vardar Skopje,1677,1672.0,0,0,North Macedonia,domestic league (tier 1)
2017/11/16,1. MFL,0,Sileks Kratovo,1398,1390.0,0 - 2,KF Shkëndija 79,1672,1680.0,0,2,North Macedonia,domestic league (tier 1)
2017/11/26,1. MFL,0,Sileks Kratovo,1407,1416.0,2 - 1,FK Rabotnicki,1461,1452.0,2,1,North Macedonia,domestic league (tier 1)
2018/03/07,1. MFL,0,Sileks Kratovo,1447,1430.0,0 - 1,FK Skopje,1245,1262.0,0,1,North Macedonia,domestic league (tier 1)
2018/03/11,1. MFL,0,Sileks Kratovo,1430,1426.0,1 - 1,KF Shkupi,1369,1373.0,1,1,North Macedonia,domestic league (tier 1)
2018/04/01,1. MFL,0,Sileks Kratovo,1424,1429.0,1 - 0,FK Pobeda,1340,1335.0,1,0,North Macedonia,domestic league (tier 1)
2018/04/04,1. MFL,0,Sileks Kratovo,1429,1425.0,1 - 1,FK Pelister,1392,1396.0,1,1,North Macedonia,domestic league (tier 1)
2018/04/15,1. MFL,0,Sileks Kratovo,1414,1410.0,0 - 0,Akademija Pandev,1353,1357.0,0,0,North Macedonia,domestic league (tier 1)
2018/04/22,1. MFL,0,Sileks Kratovo,1410,1418.0,1 - 0,FK Renova,1425,1417.0,1,0,North Macedonia,domestic league (tier 1)
2018/04/29,1. MFL,0,Sileks Kratovo,1409,1396.0,0 - 2,Vardar Skopje,1564,1577.0,0,2,North Macedonia,domestic league (tier 1)
2018/05/06,1. MFL,0,Sileks Kratovo,1398,1392.0,1 - 3,KF Shkëndija 79,1723,1729.0,1,3,North Macedonia,domestic league (tier 1)
2018/05/16,1. MFL,0,Sileks Kratovo,1383,1383.0,0 - 0,FK Rabotnicki,1473,1473.0,0,0,North Macedonia,domestic league (tier 1)
2018/08/12,1. MFL,0,Sileks Kratovo,1396,1394.0,1 - 1,KF Shkupi,1440,1442.0,1,1,North Macedonia,domestic league (tier 1)
2018/08/26,1. MFL,0,Sileks Kratovo,1389,1396.0,1 - 0,FK Renova,1380,1373.0,1,0,North Macedonia,domestic league (tier 1)
2018/09/01,1. MFL,0,Sileks Kratovo,1396,1392.0,0 - 0,FK Pobeda,1342,1346.0,0,0,North Macedonia,domestic league (tier 1)
2018/09/23,1. MFL,0,Sileks Kratovo,1396,1391.0,1 - 2,KF Shkëndija 79,1692,1697.0,1,2,North Macedonia,domestic league (tier 1)
2018/09/29,1. MFL,0,Sileks Kratovo,1387,1381.0,1 - 1,Makedonija GP,1272,1278.0,1,1,North Macedonia,domestic league (tier 1)
2018/10/28,1. MFL,0,Sileks Kratovo,1373,1387.0,2 - 0,FK Rabotnicki,1451,1437.0,2,0,North Macedonia,domestic league (tier 1)
2018/11/10,1. MFL,0,Sileks Kratovo,1352,1360.0,1 - 0,Akademija Pandev,1381,1373.0,1,0,North Macedonia,domestic league (tier 1)
2018/11/25,1. MFL,0,Sileks Kratovo,1356,1347.0,0 - 1,Vardar Skopje,1480,1489.0,0,1,North Macedonia,domestic league (tier 1)
2018/12/02,1. MFL,0,Sileks Kratovo,1349,1353.0,1 - 0,FK Belasica,1205,1201.0,1,0,North Macedonia,domestic league (tier 1)
2019/02/24,1. MFL,0,Sileks Kratovo,1341,1340.0,1 - 1,FK Rabotnicki,1413,1414.0,1,1,North Macedonia,domestic league (tier 1)
2019/03/03,1. MFL,0,Sileks Kratovo,1340,1338.0,0 - 0,FK Renova,1385,1387.0,0,0,North Macedonia,domestic league (tier 1)
2019/03/10,1. MFL,0,Sileks Kratovo,1338,1345.0,1 - 0,FK Pobeda,1316,1309.0,1,0,North Macedonia,domestic league (tier 1)
2019/03/28,1. MFL,0,Sileks Kratovo,1337,1329.0,0 - 3,KF Shkëndija 79,1637,1645.0,0,3,North Macedonia,domestic league (tier 1)
2019/04/03,1. MFL,0,Sileks Kratovo,1325,1323.0,1 - 1,Makedonija GP,1354,1356.0,1,1,North Macedonia,domestic league (tier 1)
2019/04/20,1. MFL,0,Sileks Kratovo,1327,1337.0,1 - 0,FK Rabotnicki,1414,1404.0,1,0,North Macedonia,domestic league (tier 1)
2019/05/04,1. MFL,0,Sileks Kratovo,1342,1359.0,3 - 0,Akademija Pandev,1439,1422.0,3,0,North Macedonia,domestic league (tier 1)
2019/05/12,1. MFL,0,Sileks Kratovo,1367,1378.0,1 - 0,Vardar Skopje,1491,1480.0,1,0,North Macedonia,domestic league (tier 1)
2019/05/26,1. MFL,0,Sileks Kratovo,1366,1371.0,2 - 1,FK Belasica,1287,1282.0,2,1,North Macedonia,domestic league (tier 1)
2019/08/18,1. MFL,0,Sileks Kratovo,1368,1381.0,1 - 0,KF Shkëndija 79,1593,1580.0,1,0,North Macedonia,domestic league (tier 1)
2019/08/31,1. MFL,0,Sileks Kratovo,1370,1357.0,3 - 4,Makedonija GP,1371,1384.0,3,4,North Macedonia,domestic league (tier 1)
2019/09/18,1. MFL,0,Sileks Kratovo,1351,1356.0,3 - 0,FK Borec,1140,1135.0,3,0,North Macedonia,domestic league (tier 1)
2019/09/29,1. MFL,0,Sileks Kratovo,1353,1361.0,1 - 0,FK Rabotnicki,1366,1358.0,1,0,North Macedonia,domestic league (tier 1)
2019/10/19,1. MFL,0,Sileks Kratovo,1353,1367.0,3 - 0,FK Renova,1388,1374.0,3,0,North Macedonia,domestic league (tier 1)
2019/10/27,1. MFL,0,Sileks Kratovo,1361,1366.0,1 - 0,FC Struga,1262,1257.0,1,0,North Macedonia,domestic league (tier 1)
2019/11/09,1. MFL,0,Sileks Kratovo,1378,1386.0,1 - 0,KF Shkupi,1409,1401.0,1,0,North Macedonia,domestic league (tier 1)
2019/11/27,1. MFL,0,Sileks Kratovo,1383,1384.0,2 - 2,Vardar Skopje,1510,1509.0,2,2,North Macedonia,domestic league (tier 1)
2019/12/07,1. MFL,0,Sileks Kratovo,1385,1398.0,3 - 1,Akademija Pandev,1430,1417.0,3,1,North Macedonia,domestic league (tier 1)
2019/12/08,1. MFL,0,Sileks Kratovo,1398,1410.0,3 - 1,Akademija Pandev,1417,1405.0,3,1,North Macedonia,domestic league (tier 1)
2020/02/23,1. MFL,0,Sileks Kratovo,1421,1422.0,0 - 0,KF Shkëndija 79,1565,1564.0,0,0,North Macedonia,domestic league (tier 1)
2020/03/08,1. MFL,0,Sileks Kratovo,1421,1427.0,1 - 0,Makedonija GP,1364,1358.0,1,0,North Macedonia,domestic league (tier 1)
2020/08/14,1. MFL,0,Sileks Kratovo,1447,1441.0,2 - 2,FK Pelister,1288,1294.0,2,2,North Macedonia,domestic league (tier 1)
2020/08/31,1. MFL,0,Sileks Kratovo,1464,1472.0,3 - 1,FK Renova,1384,1376.0,3,1,North Macedonia,domestic league (tier 1)
2020/09/20,1. MFL,0,Sileks Kratovo,1432,1416.0,1 - 2,FK Borec,1269,1285.0,1,2,North Macedonia,domestic league (tier 1)
2020/10/18,1. MFL,0,Sileks Kratovo,1412,1419.0,4 - 3,FK Rabotnicki,1389,1382.0,4,3,North Macedonia,domestic league (tier 1)
2020/11/08,1. MFL,0,Sileks Kratovo,1412,1388.0,0 - 3,Makedonija GP,1376,1400.0,0,3,North Macedonia,domestic league (tier 1)
2020/11/22,1. MFL,0,Sileks Kratovo,1388,1372.0,0 - 1,FK Belasica,1230,1246.0,0,1,North Macedonia,domestic league (tier 1)
2020/12/02,1. MFL,0,Sileks Kratovo,1385,1394.0,1 - 0,Vardar Skopje,1456,1447.0,1,0,North Macedonia,domestic league (tier 1)
2020/12/09,1. MFL,0,Sileks Kratovo,1395,1391.0,0 - 0,FC Struga,1327,1331.0,0,0,North Macedonia,domestic league (tier 1)
2020/12/16,1. MFL,0,Sileks Kratovo,1375,1361.0,1 - 2,Akademija Pandev,1312,1326.0,1,2,North Macedonia,domestic league (tier 1)
2021/02/21,1. MFL,0,Sileks Kratovo,1361,1354.0,1 - 2,KF Shkëndija 79,1579,1586.0,1,2,North Macedonia,domestic league (tier 1)
2021/03/03,1. MFL,0,Sileks Kratovo,1358,1347.0,0 - 1,KF Shkupi,1424,1435.0,0,1,North Macedonia,domestic league (tier 1)
2021/03/20,1. MFL,0,Sileks Kratovo,1367,1350.0,1 - 3,KF Shkupi,1425,1442.0,1,3,North Macedonia,domestic league (tier 1)
2021/04/11,1. MFL,0,Sileks Kratovo,1361,1377.0,6 - 0,Vardar Skopje,1377,1361.0,6,0,North Macedonia,domestic league (tier 1)
2021/04/24,1. MFL,0,Sileks Kratovo,1360,1368.0,3 - 2,Akademija Pandev,1389,1381.0,3,2,North Macedonia,domestic league (tier 1)
2021/05/01,1. MFL,0,Sileks Kratovo,1380,1375.0,1 - 1,FK Borec,1271,1276.0,1,1,North Macedonia,domestic league (tier 1)
2021/05/16,1. MFL,0,Sileks Kratovo,1365,1353.0,0 - 1,FC Struga,1404,1416.0,0,1,North Macedonia,domestic league (tier 1)
2021/12/01,North Macedonia Cup,0,Sileks Kratovo,1350,1347.0,1 - 1,FK Bregalnica Štip,1342,1345.0,1,1,North Macedonia,domestic cup
2022/05/20,North Macedonia Cup,0,Sileks Kratovo,1356,1358.0,0 - 0,Makedonija GP,1415,1413.0,0,0,North Macedonia,domestic cup
2022/08/07,1. MFL,0,Sileks Kratovo,1358,1368.0,2 - 0,FK Rabotnicki,1350,1340.0,2,0,North Macedonia,domestic league (tier 1)
2022/08/21,1. MFL,0,Sileks Kratovo,1375,1382.0,3 - 1,FK Skopje,1277,1270.0,3,1,North Macedonia,domestic league (tier 1)
2022/08/27,1. MFL,0,Sileks Kratovo,1382,1381.0,1 - 1,Akademija Pandev,1441,1442.0,1,1,North Macedonia,domestic league (tier 1)
2022/09/04,1. MFL,0,Sileks Kratovo,1375,1379.0,3 - 2,GFK Tikvesh,1224,1220.0,3,2,North Macedonia,domestic league (tier 1)
2022/10/09,1. MFL,0,Sileks Kratovo,1406,1375.0,0 - 3,FK Pobeda Junior,1168,1199.0,0,3,North Macedonia,domestic league (tier 1)
2022/10/30,1. MFL,0,Sileks Kratovo,1398,1399.0,1 - 1,KF Shkëndija 79,1549,1548.0,1,1,North Macedonia,domestic league (tier 1)
2022/11/09,North Macedonia Cup,0,Sileks Kratovo,1397,1392.0,0 - 0,Vardar Skopje,1313,1318.0,0,0,North Macedonia,domestic cup
2022/11/26,1. MFL,0,Sileks Kratovo,1378,1367.0,1 - 2,FC Struga,1456,1467.0,1,2,North Macedonia,domestic league (tier 1)
2022/12/11,1. MFL,0,Sileks Kratovo,1383,1364.0,1 - 3,Makedonija GP,1383,1402.0,1,3,North Macedonia,domestic league (tier 1)
2023/02/26,1. MFL,0,Sileks Kratovo,1364,1376.0,2 - 1,KF Shkupi,1542,1530.0,2,1,North Macedonia,domestic league (tier 1)
2023/03/08,1. MFL,0,Sileks Kratovo,1389,1375.0,1 - 2,FK Bregalnica Štip,1337,1351.0,1,2,North Macedonia,domestic league (tier 1)
2023/03/11,1. MFL,0,Sileks Kratovo,1375,1381.0,3 - 1,FK Skopje,1240,1234.0,3,1,North Macedonia,domestic league (tier 1)
2023/04/15,1. MFL,0,Sileks Kratovo,1388,1384.0,0 - 0,FK Bregalnica Štip,1361,1365.0,0,0,North Macedonia,domestic league (tier 1)
2023/04/23,1. MFL,0,Sileks Kratovo,1384,1392.0,1 - 0,Makedonija GP,1413,1405.0,1,0,North Macedonia,domestic league (tier 1)
2023/04/30,1. MFL,0,Sileks Kratovo,1398,1384.0,0 - 2,KF Shkupi,1511,1525.0,0,2,North Macedonia,domestic league (tier 1)
2023/05/10,1. MFL,0,Sileks Kratovo,1376,1386.0,2 - 0,FK Rabotnicki,1353,1343.0,2,0,North Macedonia,domestic league (tier 1)
2023/08/13,1. MFL,0,Sileks Kratovo,1379,1389.0,2 - 0,FK Rabotnicki,1354,1344.0,2,0,North Macedonia,domestic league (tier 1)
2023/08/27,1. MFL,0,Sileks Kratovo,1395,1392.0,2 - 2,Makedonija GP,1382,1385.0,2,2,North Macedonia,domestic league (tier 1)
2023/09/17,1. MFL,0,Sileks Kratovo,1397,1408.0,2 - 1,KF Shkëndija 79,1540,1529.0,2,1,North Macedonia,domestic league (tier 1)
2023/10/01,1. MFL,0,Sileks Kratovo,1409,1413.0,4 - 2,FK Voska Sport,1166,1162.0,4,2,North Macedonia,domestic league (tier 1)
2023/10/22,1. MFL,0,Sileks Kratovo,1406,1411.0,1 - 0,GFK Tikvesh,1319,1314.0,1,0,North Macedonia,domestic league (tier 1)
2023/10/28,1. MFL,0,Sileks Kratovo,1411,1406.0,0 - 0,FK Bregalnica Štip,1308,1313.0,0,0,North Macedonia,domestic league (tier 1)
2023/11/12,1. MFL,0,Sileks Kratovo,1389,1401.0,2 - 1,KF Shkupi,1548,1536.0,2,1,North Macedonia,domestic league (tier 1)
2023/12/03,1. MFL,0,Sileks Kratovo,1393,1386.0,1 - 1,KF Gostivari,1191,1198.0,1,1,North Macedonia,domestic league (tier 1)
2023/12/06,1. MFL,0,Sileks Kratovo,1386,1390.0,3 - 2,Vardar Skopje,1271,1267.0,3,2,North Macedonia,domestic league (tier 1)
2024/02/18,1. MFL,0,Sileks Kratovo,1383,1369.0,0 - 1,FK AP Brera Strumica,1315,1329.0,0,1,North Macedonia,domestic league (tier 1)
2024/03/03,1. MFL,0,Sileks Kratovo,1367,1369.0,0 - 0,FC Struga,1520,1518.0,0,0,North Macedonia,domestic league (tier 1)
2024/03/10,1. MFL,0,Sileks Kratovo,1361,1367.0,1 - 0,Makedonija GP,1304,1298.0,1,0,North Macedonia,domestic league (tier 1)
2024/03/16,1. MFL,0,Sileks Kratovo,1367,1373.0,2 - 1,FK AP Brera Strumica,1324,1318.0,2,1,North Macedonia,domestic league (tier 1)
2024/04/06,1. MFL,0,Sileks Kratovo,1375,1369.0,0 - 0,KF Gostivari,1220,1226.0,0,0,North Macedonia,domestic league (tier 1)
2024/04/21,1. MFL,0,Sileks Kratovo,1361,1363.0,0 - 0,KF Shkupi,1522,1520.0,0,0,North Macedonia,domestic league (tier 1)
2024/05/01,1. MFL,0,Sileks Kratovo,1379,1365.0,0 - 1,FK Rabotnicki,1331,1345.0,0,1,North Macedonia,domestic league (tier 1)
2024/05/12,1. MFL,0,Sileks Kratovo,1356,1352.0,1 - 1,Vardar Skopje,1304,1308.0,1,1,North Macedonia,domestic league (tier 1)
2024/08/18,1. MFL,0,Sileks Kratovo,1344,1358.0,4 - 0,FK AP Brera Strumica,1347,1333.0,4,0,North Macedonia,domestic league (tier 1)
2024/08/31,1. MFL,0,Sileks Kratovo,1345,1356.0,2 - 1,KF Shkupi,1469,1458.0,2,1,North Macedonia,domestic league (tier 1)
2024/09/22,1. MFL,0,Sileks Kratovo,1375,1360.0,1 - 2,KF Gostivari,1297,1312.0,1,2,North Macedonia,domestic league (tier 1)
2024/10/05,1. MFL,0,Sileks Kratovo,1373,1374.0,0 - 0,KF Shkëndija 79,1501,1500.0,0,0,North Macedonia,domestic league (tier 1)
2024/10/23,North Macedonia Cup,0,Sileks Kratovo,1400,1399.0,0 - 0,KF Shkupi,1464,1465.0,0,0,North Macedonia,domestic cup
2024/10/27,1. MFL,0,Sileks Kratovo,1399,1405.0,2 - 0,KF Besa Dobërdoll,1250,1244.0,2,0,North Macedonia,domestic league (tier 1)
2024/10/30,1. MFL,0,Sileks Kratovo,1405,1402.0,1 - 1,FK Rabotnicki,1405,1408.0,1,1,North Macedonia,domestic league (tier 1)
2024/11/09,1. MFL,0,Sileks Kratovo,1413,1416.0,1 - 0,FK Pelister,1229,1226.0,1,0,North Macedonia,domestic league (tier 1)
2024/11/27,1. MFL,0,Sileks Kratovo,1436,1442.0,4 - 1,FK Voska Sport,1255,1249.0,4,1,North Macedonia,domestic league (tier 1)
2024/12/08,1. MFL,0,Sileks Kratovo,1443,1446.0,1 - 0,Vardar Skopje,1248,1245.0,1,0,North Macedonia,domestic league (tier 1)
2025/02/16,1. MFL,0,Sileks Kratovo,1446,1440.0,1 - 1,GFK Tikvesh,1290,1296.0,1,1,North Macedonia,domestic league (tier 1)
2025/03/02,1. MFL,0,Sileks Kratovo,1420,1431.0,3 - 1,FC Struga,1428,1417.0,3,1,North Macedonia,domestic league (tier 1)
2025/03/09,1. MFL,0,Sileks Kratovo,1444,1438.0,1 - 1,Vardar Skopje,1297,1303.0,1,1,North Macedonia,domestic league (tier 1)
2025/03/31,1. MFL,0,Sileks Kratovo,1450,1444.0,1 - 1,GFK Tikvesh,1297,1303.0,1,1,North Macedonia,domestic league (tier 1)
2025/04/13,1. MFL,0,Sileks Kratovo,1452,1457.0,5 - 0,KF Besa Dobërdoll,1233,1228.0,5,0,North Macedonia,domestic league (tier 1)
2025/04/27,1. MFL,0,Sileks Kratovo,1468,1465.0,0 - 0,FC Struga,1447,1450.0,0,0,North Macedonia,domestic league (tier 1)
2025/05/11,1. MFL,0,Sileks Kratovo,1466,1458.0,0 - 0,FK Pelister,1225,1233.0,0,0,North Macedonia,domestic league (tier 1)
2025/08/11,1. MFL,0,Sileks Kratovo,1471,1477.0,5 - 0,FK AP Brera Strumica,1262,1256.0,5,0,North Macedonia,domestic league (tier 1)
2025/08/23,1. MFL,0,Sileks Kratovo,1493,1497.0,3 - 0,Makedonija GP,1260,1256.0,3,0,North Macedonia,domestic league (tier 1)
2025/09/13,1. MFL,0,Sileks Kratovo,1503,1508.0,3 - 1,FK Rabotnicki,1339,1334.0,3,1,North Macedonia,domestic league (tier 1)
2025/09/22,1. MFL,0,Sileks Kratovo,1494,1474.0,1 - 3,FC Struga,1471,1491.0,1,3,North Macedonia,domestic league (tier 1)
2025/10/05,1. MFL,0,Sileks Kratovo,1467,1470.0,1 - 0,GFK Tikvesh,1296,1293.0,1,0,North Macedonia,domestic league (tier 1)
2025/10/26,1. MFL,0,Sileks Kratovo,1478,1481.0,3 - 1,FK Pelister,1197,1194.0,3,1,North Macedonia,domestic league (tier 1)
2025/11/10,1. MFL,0,Sileks Kratovo,1471,1475.0,5 - 1,KF Shkupi,1211,1207.0,5,1,North Macedonia,domestic league (tier 1)
2025/11/28,1. MFL,0,Sileks Kratovo,1482,1457.0,1 - 3,KF Arsimi,1289,1314.0,1,3,North Macedonia,domestic league (tier 1)
2026/02/11,1. MFL,0,Sileks Kratovo,1470,1463.0,0 - 0,KF Bashkimi,1261,1268.0,0,0,North Macedonia,domestic league (tier 1)
2026/02/22,1. MFL,0,Sileks Kratovo,1477,1467.0,1 - 2,KF Shkëndija 79,1575,1585.0,1,2,North Macedonia,domestic league (tier 1)
2026/03/09,1. MFL,0,Sileks Kratovo,1472,1460.0,0 - 1,Vardar Skopje,1502,1514.0,0,1,North Macedonia,domestic league (tier 1)
2026/03/16,1. MFL,0,Sileks Kratovo,1460,1453.0,0 - 0,FK Pelister,1236,1243.0,0,0,North Macedonia,domestic league (tier 1)
2026/04/03,1. MFL,0,Sileks Kratovo,1434,1437.0,6 - 0,KF Shkupi,1084,1081.0,6,0,North Macedonia,domestic league (tier 1)
2026/04/11,1. MFL,0,Sileks Kratovo,1456,1459.0,1 - 0,KF Bashkimi,1269,1266.0,1,0,North Macedonia,domestic league (tier 1)
2026/04/17,1. MFL,0,Sileks Kratovo,1459,1466.0,4 - 0,FK AP Brera Strumica,1288,1281.0,4,0,North Macedonia,domestic league (tier 1)
2026/05/01,1. MFL,0,Sileks Kratovo,1451,1452.0,1 - 1,KF Shkëndija 79,1573,1572.0,1,1,North Macedonia,domestic league (tier 1)
2026/05/06,North Macedonia Cup,0,Sileks Kratovo,1452,1454.0,1 - 0,FK Ohrid,1119,1117.0,1,0,North Macedonia,domestic cup
2026/05/15,1. MFL,0,Sileks Kratovo,1449,1433.0,0 - 1,KF Arsimi,1282,1298.0,0,1,North Macedonia,domestic league (tier 1)
2026/05/20,North Macedonia Cup,0,Sileks Kratovo,1433,1447.0,1 - 0,KF Shkëndija 79,1582,1568.0,1,0,North Macedonia,domestic cup
2026/07/26,1. MFL,0,Sileks Kratovo,1435,1442.0,6 - 0,KF Bashkimi,1255,1248.0,6,0,North Macedonia,domestic league (tier 1)
2026/08/15,1. MFL,0,Sileks Kratovo,1435,1440.0,3 - 0,FK Skopje,1212,1207.0,3,0,North Macedonia,domestic league (tier 1)
2026/08/28,1. MFL,0,Sileks Kratovo,1431,1419.0,0 - 2,KF Shkëndija 79,1590,1602.0,0,2,North Macedonia,domestic league (tier 1)
2016/08/07,1. MFL,0,Vardar Skopje,1630,1621.0,1 - 1,KF Shkupi,1287,1296.0,1,1,North Macedonia,domestic league (tier 1)
2016/08/14,1. MFL,0,Vardar Skopje,1621,1638.0,3 - 0,KF Shkëndija 79,1710,1693.0,3,0,North Macedonia,domestic league (tier 1)
2016/08/27,1. MFL,0,Vardar Skopje,1642,1646.0,5 - 1,FK Bregalnica Štip,1348,1344.0,5,1,North Macedonia,domestic league (tier 1)
2016/09/18,1. MFL,0,Vardar Skopje,1653,1657.0,1 - 0,FK Rabotnicki,1487,1483.0,1,0,North Macedonia,domestic league (tier 1)
2016/09/28,1. MFL,0,Vardar Skopje,1654,1646.0,1 - 1,FK Pelister,1348,1356.0,1,1,North Macedonia,domestic league (tier 1)
2016/10/30,1. MFL,0,Vardar Skopje,1669,1670.0,2 - 1,FK Pobeda,1307,1306.0,2,1,North Macedonia,domestic league (tier 1)
2016/11/16,1. MFL,0,Vardar Skopje,1674,1676.0,4 - 1,Makedonija GP,1287,1285.0,4,1,North Macedonia,domestic league (tier 1)
2016/11/27,1. MFL,0,Vardar Skopje,1656,1658.0,1 - 0,FK Renova,1408,1406.0,1,0,North Macedonia,domestic league (tier 1)
2016/12/04,1. MFL,0,Vardar Skopje,1664,1656.0,1 - 1,Sileks Kratovo,1381,1389.0,1,1,North Macedonia,domestic league (tier 1)
2017/02/19,1. MFL,0,Vardar Skopje,1657,1659.0,3 - 0,KF Shkupi,1284,1282.0,3,0,North Macedonia,domestic league (tier 1)
2017/02/26,1. MFL,0,Vardar Skopje,1659,1670.0,3 - 1,KF Shkëndija 79,1658,1647.0,3,1,North Macedonia,domestic league (tier 1)
2017/03/12,1. MFL,0,Vardar Skopje,1633,1636.0,2 - 0,FK Bregalnica Štip,1326,1323.0,2,0,North Macedonia,domestic league (tier 1)
2017/04/02,1. MFL,0,Vardar Skopje,1643,1649.0,2 - 0,FK Rabotnicki,1501,1495.0,2,0,North Macedonia,domestic league (tier 1)
2017/04/09,1. MFL,0,Vardar Skopje,1655,1658.0,3 - 1,FK Pelister,1389,1386.0,3,1,North Macedonia,domestic league (tier 1)
2017/04/30,1. MFL,0,Vardar Skopje,1669,1671.0,4 - 0,FK Pobeda,1292,1290.0,4,0,North Macedonia,domestic league (tier 1)
2017/05/07,1. MFL,0,Vardar Skopje,1665,1667.0,6 - 0,Makedonija GP,1238,1236.0,6,0,North Macedonia,domestic league (tier 1)
2017/05/21,1. MFL,0,Vardar Skopje,1665,1669.0,2 - 0,FK Renova,1431,1427.0,2,0,North Macedonia,domestic league (tier 1)
2017/05/31,1. MFL,0,Vardar Skopje,1675,1667.0,0 - 0,Sileks Kratovo,1371,1379.0,0,0,North Macedonia,domestic league (tier 1)
2017/08/20,1. MFL,0,Vardar Skopje,1718,1720.0,4 - 0,FK Pobeda,1338,1336.0,4,0,North Macedonia,domestic league (tier 1)
2017/09/09,1. MFL,0,Vardar Skopje,1737,1739.0,3 - 1,Sileks Kratovo,1387,1385.0,3,1,North Macedonia,domestic league (tier 1)
2017/09/20,1. MFL,0,Vardar Skopje,1718,1720.0,2 - 1,FK Renova,1424,1422.0,2,1,North Macedonia,domestic league (tier 1)
2017/10/01,1. MFL,0,Vardar Skopje,1718,1719.0,1 - 0,KF Shkupi,1334,1333.0,1,0,North Macedonia,domestic league (tier 1)
2017/10/14,1. MFL,0,Vardar Skopje,1719,1729.0,4 - 2,KF Shkëndija 79,1694,1684.0,4,2,North Macedonia,domestic league (tier 1)
2017/11/05,1. MFL,0,Vardar Skopje,1669,1671.0,3 - 0,FK Skopje,1266,1264.0,3,0,North Macedonia,domestic league (tier 1)
2017/11/19,1. MFL,0,Vardar Skopje,1682,1684.0,1 - 0,FK Pelister,1390,1388.0,1,0,North Macedonia,domestic league (tier 1)
2017/11/26,1. MFL,0,Vardar Skopje,1682,1685.0,2 - 0,Akademija Pandev,1371,1368.0,2,0,North Macedonia,domestic league (tier 1)
2017/12/10,1. MFL,0,Vardar Skopje,1656,1659.0,3 - 1,Akademija Pandev,1361,1358.0,3,1,North Macedonia,domestic league (tier 1)
2017/12/13,1. MFL,0,Vardar Skopje,1659,1662.0,1 - 0,FK Rabotnicki,1457,1454.0,1,0,North Macedonia,domestic league (tier 1)
2018/02/18,1. MFL,0,Vardar Skopje,1673,1676.0,3 - 0,FK Pobeda,1334,1331.0,3,0,North Macedonia,domestic league (tier 1)
2018/03/04,1. MFL,0,Vardar Skopje,1660,1643.0,2 - 3,Sileks Kratovo,1430,1447.0,2,3,North Macedonia,domestic league (tier 1)
2018/03/17,1. MFL,0,Vardar Skopje,1625,1628.0,1 - 0,FK Renova,1418,1415.0,1,0,North Macedonia,domestic league (tier 1)
2018/04/15,1. MFL,0,Vardar Skopje,1619,1611.0,1 - 1,KF Shkupi,1342,1350.0,1,1,North Macedonia,domestic league (tier 1)
2018/04/18,1. MFL,0,Vardar Skopje,1611,1602.0,2 - 3,KF Shkëndija 79,1732,1741.0,2,3,North Macedonia,domestic league (tier 1)
2018/04/25,1. MFL,0,Vardar Skopje,1580,1564.0,0 - 1,FK Rabotnicki,1448,1464.0,0,1,North Macedonia,domestic league (tier 1)
2018/05/02,1. MFL,0,Vardar Skopje,1577,1559.0,0 - 1,FK Skopje,1298,1316.0,0,1,North Macedonia,domestic league (tier 1)
2018/05/13,1. MFL,0,Vardar Skopje,1558,1541.0,2 - 3,FK Pelister,1333,1350.0,2,3,North Macedonia,domestic league (tier 1)
2018/05/16,1. MFL,0,Vardar Skopje,1541,1545.0,3 - 2,Akademija Pandev,1378,1374.0,3,2,North Macedonia,domestic league (tier 1)
2018/08/26,1. MFL,0,Vardar Skopje,1503,1505.0,1 - 0,Makedonija GP,1248,1246.0,1,0,North Macedonia,domestic league (tier 1)
2018/09/16,1. MFL,0,Vardar Skopje,1498,1503.0,2 - 1,KF Shkupi,1422,1417.0,2,1,North Macedonia,domestic league (tier 1)
2018/09/26,1. MFL,0,Vardar Skopje,1514,1518.0,1 - 0,Sileks Kratovo,1391,1387.0,1,0,North Macedonia,domestic league (tier 1)
2018/10/06,1. MFL,0,Vardar Skopje,1513,1521.0,3 - 0,Akademija Pandev,1390,1382.0,3,0,North Macedonia,domestic league (tier 1)
2018/10/21,1. MFL,0,Vardar Skopje,1521,1508.0,0 - 2,KF Shkëndija 79,1657,1670.0,0,2,North Macedonia,domestic league (tier 1)
2018/10/28,1. MFL,0,Vardar Skopje,1508,1502.0,0 - 0,FK Renova,1360,1366.0,0,0,North Macedonia,domestic league (tier 1)
2018/11/04,1. MFL,0,Vardar Skopje,1513,1505.0,1 - 1,FK Belasica,1180,1188.0,1,1,North Macedonia,domestic league (tier 1)
2018/11/22,1. MFL,0,Vardar Skopje,1495,1480.0,0 - 1,FK Rabotnicki,1419,1434.0,0,1,North Macedonia,domestic league (tier 1)
2018/11/28,1. MFL,0,Vardar Skopje,1489,1496.0,3 - 0,FK Pobeda,1359,1352.0,3,0,North Macedonia,domestic league (tier 1)
2019/02/17,1. MFL,0,Vardar Skopje,1496,1487.0,0 - 1,KF Shkëndija 79,1645,1654.0,0,1,North Macedonia,domestic league (tier 1)
2019/02/24,1. MFL,0,Vardar Skopje,1487,1457.0,0 - 4,FK Renova,1355,1385.0,0,4,North Macedonia,domestic league (tier 1)
2019/03/03,1. MFL,0,Vardar Skopje,1457,1464.0,3 - 1,Makedonija GP,1339,1332.0,3,1,North Macedonia,domestic league (tier 1)
2019/03/16,1. MFL,0,Vardar Skopje,1460,1467.0,1 - 0,KF Shkupi,1467,1460.0,1,0,North Macedonia,domestic league (tier 1)
2019/03/31,1. MFL,0,Vardar Skopje,1484,1488.0,1 - 0,Sileks Kratovo,1329,1325.0,1,0,North Macedonia,domestic league (tier 1)
2019/04/07,1. MFL,0,Vardar Skopje,1485,1481.0,1 - 1,Akademija Pandev,1432,1436.0,1,1,North Macedonia,domestic league (tier 1)
2019/04/14,1. MFL,0,Vardar Skopje,1481,1483.0,0 - 0,KF Shkëndija 79,1656,1654.0,0,0,North Macedonia,domestic league (tier 1)
2019/04/20,1. MFL,0,Vardar Skopje,1483,1490.0,2 - 0,FK Renova,1384,1377.0,2,0,North Macedonia,domestic league (tier 1)
2019/04/27,1. MFL,0,Vardar Skopje,1504,1496.0,1 - 1,FK Belasica,1258,1266.0,1,1,North Macedonia,domestic league (tier 1)
2019/05/08,1. MFL,0,Vardar Skopje,1497,1491.0,1 - 1,FK Rabotnicki,1372,1378.0,1,1,North Macedonia,domestic league (tier 1)
2019/05/19,1. MFL,0,Vardar Skopje,1480,1485.0,6 - 0,FK Pobeda,1232,1227.0,6,0,North Macedonia,domestic league (tier 1)
2019/08/11,1. MFL,0,Vardar Skopje,1486,1462.0,0 - 2,Makedonija GP,1341,1365.0,0,2,North Macedonia,domestic league (tier 1)
2019/08/24,1. MFL,0,Vardar Skopje,1456,1464.0,2 - 0,FK Rabotnicki,1386,1378.0,2,0,North Macedonia,domestic league (tier 1)
2019/09/14,1. MFL,0,Vardar Skopje,1488,1493.0,3 - 0,FC Struga,1267,1262.0,3,0,North Macedonia,domestic league (tier 1)
2019/09/22,1. MFL,0,Vardar Skopje,1503,1510.0,3 - 0,Sileks Kratovo,1356,1349.0,3,0,North Macedonia,domestic league (tier 1)
2019/09/29,1. MFL,0,Vardar Skopje,1509,1514.0,1 - 0,Akademija Pandev,1439,1434.0,1,0,North Macedonia,domestic league (tier 1)
2019/10/23,1. MFL,0,Vardar Skopje,1517,1519.0,2 - 0,FK Borec,1163,1161.0,2,0,North Macedonia,domestic league (tier 1)
2019/11/03,1. MFL,0,Vardar Skopje,1524,1529.0,2 - 0,FK Renova,1354,1349.0,2,0,North Macedonia,domestic league (tier 1)
2019/11/24,1. MFL,0,Vardar Skopje,1515,1510.0,1 - 1,KF Shkupi,1401,1406.0,1,1,North Macedonia,domestic league (tier 1)
2019/12/08,1. MFL,0,Vardar Skopje,1528,1526.0,2 - 2,KF Shkëndija 79,1554,1556.0,2,2,North Macedonia,domestic league (tier 1)
2020/02/15,1. MFL,0,Vardar Skopje,1526,1532.0,3 - 1,Makedonija GP,1367,1361.0,3,1,North Macedonia,domestic league (tier 1)
2020/02/29,1. MFL,0,Vardar Skopje,1536,1529.0,0 - 0,FK Rabotnicki,1352,1359.0,0,0,North Macedonia,domestic league (tier 1)
2020/03/11,1. MFL,0,Vardar Skopje,1510,1513.0,1 - 0,FC Struga,1284,1281.0,1,0,North Macedonia,domestic league (tier 1)
2020/08/08,1. MFL,0,Vardar Skopje,1513,1495.0,0 - 1,FK Borec,1235,1253.0,0,1,North Macedonia,domestic league (tier 1)
2020/08/23,1. MFL,0,Vardar Skopje,1504,1477.0,0 - 4,Sileks Kratovo,1437,1464.0,0,4,North Macedonia,domestic league (tier 1)
2020/09/13,1. MFL,0,Vardar Skopje,1477,1482.0,1 - 0,KF Shkupi,1406,1401.0,1,0,North Macedonia,domestic league (tier 1)
2020/09/27,1. MFL,0,Vardar Skopje,1471,1474.0,3 - 1,FK Belasica,1211,1208.0,3,1,North Macedonia,domestic league (tier 1)
2020/10/17,1. MFL,0,Vardar Skopje,1472,1453.0,1 - 5,KF Shkëndija 79,1568,1587.0,1,5,North Macedonia,domestic league (tier 1)
2020/10/25,1. MFL,0,Vardar Skopje,1442,1437.0,3 - 3,FK Renova,1335,1340.0,3,3,North Macedonia,domestic league (tier 1)
2020/11/28,1. MFL,0,Vardar Skopje,1450,1456.0,2 - 0,Akademija Pandev,1326,1320.0,2,0,North Macedonia,domestic league (tier 1)
2020/12/06,1. MFL,0,Vardar Skopje,1447,1442.0,0 - 0,FK Rabotnicki,1373,1378.0,0,0,North Macedonia,domestic league (tier 1)
2020/12/13,1. MFL,0,Vardar Skopje,1445,1442.0,2 - 2,Makedonija GP,1436,1439.0,2,2,North Macedonia,domestic league (tier 1)
2021/02/21,1. MFL,0,Vardar Skopje,1453,1446.0,2 - 2,FK Pelister,1277,1284.0,2,2,North Macedonia,domestic league (tier 1)
2021/03/07,1. MFL,0,Vardar Skopje,1423,1418.0,1 - 1,FC Struga,1349,1354.0,1,1,North Macedonia,domestic league (tier 1)
2021/03/20,1. MFL,0,Vardar Skopje,1407,1391.0,1 - 6,KF Shkëndija 79,1581,1597.0,1,6,North Macedonia,domestic league (tier 1)
2021/04/14,1. MFL,0,Vardar Skopje,1361,1357.0,1 - 1,FK Renova,1330,1334.0,1,1,North Macedonia,domestic league (tier 1)
2021/04/25,1. MFL,0,Vardar Skopje,1345,1349.0,1 - 0,FK Belasica,1201,1197.0,1,0,North Macedonia,domestic league (tier 1)
2021/05/01,1. MFL,0,Vardar Skopje,1334,1317.0,1 - 3,FK Rabotnicki,1381,1398.0,1,3,North Macedonia,domestic league (tier 1)
2021/05/16,1. MFL,0,Vardar Skopje,1312,1296.0,0 - 2,Makedonija GP,1380,1396.0,0,2,North Macedonia,domestic league (tier 1)
2021/10/20,North Macedonia Cup,0,Vardar Skopje,1296,1294.0,0 - 0,FK Skopje,1310,1312.0,0,0,North Macedonia,domestic cup
2023/08/13,1. MFL,0,Vardar Skopje,1324,1316.0,0 - 1,KF Shkupi,1505,1513.0,0,1,North Macedonia,domestic league (tier 1)
2023/08/23,1. MFL,0,Vardar Skopje,1304,1304.0,2 - 2,Sileks Kratovo,1395,1395.0,2,2,North Macedonia,domestic league (tier 1)
2023/09/02,1. MFL,0,Vardar Skopje,1304,1313.0,2 - 1,Makedonija GP,1385,1376.0,2,1,North Macedonia,domestic league (tier 1)
2023/09/24,1. MFL,0,Vardar Skopje,1306,1280.0,0 - 2,KF Gostivari,1089,1115.0,0,2,North Macedonia,domestic league (tier 1)
2023/10/08,1. MFL,0,Vardar Skopje,1284,1275.0,0 - 2,KF Shkëndija 79,1533,1542.0,0,2,North Macedonia,domestic league (tier 1)
2023/10/25,North Macedonia Cup,0,Vardar Skopje,1289,1278.0,0 - 1,Makedonija GP,1354,1365.0,0,1,North Macedonia,domestic cup
2023/10/29,1. MFL,0,Vardar Skopje,1278,1287.0,1 - 0,FK AP Brera Strumica,1335,1326.0,1,0,North Macedonia,domestic league (tier 1)
2023/11/11,1. MFL,0,Vardar Skopje,1279,1264.0,1 - 2,FK Voska Sport,1208,1223.0,1,2,North Macedonia,domestic league (tier 1)
2023/11/29,1. MFL,0,Vardar Skopje,1264,1255.0,1 - 3,FC Struga,1504,1513.0,1,3,North Macedonia,domestic league (tier 1)
2023/12/10,1. MFL,0,Vardar Skopje,1267,1281.0,2 - 0,GFK Tikvesh,1333,1319.0,2,0,North Macedonia,domestic league (tier 1)
2024/02/25,1. MFL,0,Vardar Skopje,1282,1293.0,2 - 0,FK Bregalnica Štip,1285,1274.0,2,0,North Macedonia,domestic league (tier 1)
2024/03/06,1. MFL,0,Vardar Skopje,1288,1296.0,1 - 0,FK Rabotnicki,1335,1327.0,1,0,North Macedonia,domestic league (tier 1)
2024/03/16,1. MFL,0,Vardar Skopje,1297,1300.0,1 - 1,KF Shkëndija 79,1504,1501.0,1,1,North Macedonia,domestic league (tier 1)
2024/04/07,1. MFL,0,Vardar Skopje,1296,1310.0,1 - 0,FC Struga,1536,1522.0,1,0,North Macedonia,domestic league (tier 1)
2024/04/21,1. MFL,0,Vardar Skopje,1299,1285.0,0 - 1,FK Voska Sport,1241,1255.0,0,1,North Macedonia,domestic league (tier 1)
2024/05/04,1. MFL,0,Vardar Skopje,1297,1304.0,1 - 0,Makedonija GP,1291,1284.0,1,0,North Macedonia,domestic league (tier 1)
2024/05/18,1. MFL,0,Vardar Skopje,1308,1306.0,2 - 2,GFK Tikvesh,1347,1349.0,2,2,North Macedonia,domestic league (tier 1)
2024/08/18,1. MFL,0,Vardar Skopje,1296,1300.0,1 - 0,FK Pelister,1173,1169.0,1,0,North Macedonia,domestic league (tier 1)
2024/08/31,1. MFL,0,Vardar Skopje,1294,1274.0,1 - 3,FK Voska Sport,1271,1291.0,1,3,North Macedonia,domestic league (tier 1)
2024/09/25,1. MFL,0,Vardar Skopje,1292,1281.0,0 - 1,Sileks Kratovo,1360,1371.0,0,1,North Macedonia,domestic league (tier 1)
2024/10/05,1. MFL,0,Vardar Skopje,1276,1262.0,1 - 4,FC Struga,1447,1461.0,1,4,North Macedonia,domestic league (tier 1)
2024/10/23,North Macedonia Cup,0,Vardar Skopje,1255,1269.0,2 - 0,GFK Tikvesh,1326,1312.0,2,0,North Macedonia,domestic cup
2024/10/27,1. MFL,0,Vardar Skopje,1269,1270.0,0 - 0,FK Rabotnicki,1406,1405.0,0,0,North Macedonia,domestic league (tier 1)
2024/10/30,1. MFL,0,Vardar Skopje,1270,1258.0,0 - 1,FK AP Brera Strumica,1316,1328.0,0,1,North Macedonia,domestic league (tier 1)
2024/11/09,1. MFL,0,Vardar Skopje,1250,1262.0,3 - 2,KF Shkupi,1436,1424.0,3,2,North Macedonia,domestic league (tier 1)
2024/11/27,1. MFL,0,Vardar Skopje,1265,1250.0,0 - 2,KF Gostivari,1375,1390.0,0,2,North Macedonia,domestic league (tier 1)
2024/12/03,1. MFL,0,Vardar Skopje,1250,1248.0,1 - 1,GFK Tikvesh,1276,1278.0,1,1,North Macedonia,domestic league (tier 1)
2025/02/16,1. MFL,0,Vardar Skopje,1245,1239.0,1 - 2,KF Shkëndija 79,1511,1517.0,1,2,North Macedonia,domestic league (tier 1)
2025/02/26,North Macedonia Cup,0,Vardar Skopje,1265,1277.0,1 - 0,Sileks Kratovo,1432,1420.0,1,0,North Macedonia,domestic cup
2025/03/01,1. MFL,0,Vardar Skopje,1277,1272.0,0 - 0,KF Besa Dobërdoll,1202,1207.0,0,0,North Macedonia,domestic league (tier 1)
2025/03/14,1. MFL,0,Vardar Skopje,1303,1306.0,1 - 1,KF Shkëndija 79,1511,1508.0,1,1,North Macedonia,domestic league (tier 1)
2025/04/09,North Macedonia Cup,0,Vardar Skopje,1340,1349.0,3 - 0,FK AP Brera Strumica,1243,1234.0,3,0,North Macedonia,domestic cup
2025/04/13,1. MFL,0,Vardar Skopje,1349,1345.0,2 - 2,GFK Tikvesh,1296,1300.0,2,2,North Macedonia,domestic league (tier 1)
2025/04/26,1. MFL,0,Vardar Skopje,1345,1352.0,3 - 1,KF Besa Dobërdoll,1223,1216.0,3,1,North Macedonia,domestic league (tier 1)
2025/05/06,1. MFL,0,Vardar Skopje,1372,1371.0,0 - 0,FC Struga,1449,1450.0,0,0,North Macedonia,domestic league (tier 1)
2025/05/21,North Macedonia Cup,0,Vardar Skopje,1385,1398.0,2 - 0,FC Struga,1442,1429.0,2,0,North Macedonia,domestic cup
2025/08/08,1. MFL,0,Vardar Skopje,1404,1409.0,4 - 1,FK Pelister,1210,1205.0,4,1,North Macedonia,domestic league (tier 1)
2025/08/22,1. MFL,0,Vardar Skopje,1419,1412.0,2 - 2,FK AP Brera Strumica,1242,1249.0,2,2,North Macedonia,domestic league (tier 1)
2025/09/12,1. MFL,0,Vardar Skopje,1427,1431.0,1 - 0,Makedonija GP,1263,1259.0,1,0,North Macedonia,domestic league (tier 1)
2025/09/21,1. MFL,0,Vardar Skopje,1445,1452.0,3 - 1,FK Rabotnicki,1342,1335.0,3,1,North Macedonia,domestic league (tier 1)
2025/10/05,1. MFL,0,Vardar Skopje,1450,1448.0,2 - 2,FC Struga,1494,1496.0,2,2,North Macedonia,domestic league (tier 1)
2025/10/31,1. MFL,0,Vardar Skopje,1464,1472.0,2 - 1,Sileks Kratovo,1481,1473.0,2,1,North Macedonia,domestic league (tier 1)
2025/11/09,1. MFL,0,Vardar Skopje,1477,1482.0,3 - 1,GFK Tikvesh,1299,1294.0,3,1,North Macedonia,domestic league (tier 1)
2025/11/30,1. MFL,0,Vardar Skopje,1493,1496.0,6 - 1,KF Shkupi,1180,1177.0,6,1,North Macedonia,domestic league (tier 1)
2026/02/11,1. MFL,0,Vardar Skopje,1502,1508.0,5 - 1,KF Arsimi,1309,1303.0,5,1,North Macedonia,domestic league (tier 1)
2026/02/21,1. MFL,0,Vardar Skopje,1518,1520.0,1 - 0,KF Bashkimi,1274,1272.0,1,0,North Macedonia,domestic league (tier 1)
2026/02/24,North Macedonia Cup,0,Vardar Skopje,1520,1511.0,1 - 1,FK Ohrid,1104,1113.0,1,1,North Macedonia,domestic cup
2026/03/05,1. MFL,0,Vardar Skopje,1513,1502.0,0 - 1,KF Shkëndija 79,1579,1590.0,0,1,North Macedonia,domestic league (tier 1)
2026/03/14,1. MFL,0,Vardar Skopje,1514,1517.0,1 - 0,FK AP Brera Strumica,1297,1294.0,1,0,North Macedonia,domestic league (tier 1)
2026/04/04,1. MFL,0,Vardar Skopje,1503,1507.0,5 - 1,Makedonija GP,1251,1247.0,5,1,North Macedonia,domestic league (tier 1)
2026/04/11,1. MFL,0,Vardar Skopje,1503,1506.0,1 - 0,FK Rabotnicki,1290,1287.0,1,0,North Macedonia,domestic league (tier 1)
2026/04/26,1. MFL,0,Vardar Skopje,1512,1520.0,7 - 0,GFK Tikvesh,1357,1349.0,7,0,North Macedonia,domestic league (tier 1)
2026/05/09,1. MFL,0,Vardar Skopje,1529,1534.0,2 - 1,Sileks Kratovo,1454,1449.0,2,1,North Macedonia,domestic league (tier 1)
2026/05/23,1. MFL,0,Vardar Skopje,1545,1559.0,3 - 0,KF Shkëndija 79,1568,1554.0,3,0,North Macedonia,domestic league (tier 1)
2026/07/25,1. MFL,0,Vardar Skopje,1550,1552.0,2 - 0,FK Bregalnica Štip,1232,1230.0,2,0,North Macedonia,domestic league (tier 1)
2026/08/09,1. MFL,0,Vardar Skopje,1542,1524.0,0 - 2,KF Shkëndija 79,1564,1582.0,0,2,North Macedonia,domestic league (tier 1)
2026/08/24,1. MFL,0,Vardar Skopje,1515,1524.0,4 - 1,Sileks Kratovo,1440,1431.0,4,1,North Macedonia,domestic league (tier 1)
2026/09/07,1. MFL,0,Vardar Skopje,1523,,Info,KF Arsimi,1292,,,,North Macedonia,domestic league (tier 1)
