Date,Competition,Neutral Venue,Home,PreHElo,PostHElo,Result,Away,PreAElo,PostAElo,Home Goals,Away Goals,Country,Category
2016/08/06,Irish League,0,Ards FC,1006,1012.0,2 - 2,Cliftonville FC,1330,1324.0,2,2,Northern Ireland,domestic league (tier 1)
2016/08/13,Irish League,0,Ards FC,1028,1039.0,1 - 0,Portadown FC,1177,1166.0,1,0,Northern Ireland,domestic league (tier 1)
2016/09/03,Irish League,0,Ards FC,1059,1057.0,0 - 1,Crusaders FC,1520,1522.0,0,1,Northern Ireland,domestic league (tier 1)
2016/09/10,Irish League,0,Ards FC,1057,1076.0,2 - 0,Glentoran FC,1248,1229.0,2,0,Northern Ireland,domestic league (tier 1)
2016/10/01,Irish League,0,Ards FC,1068,1078.0,3 - 1,Carrick Rangers,1053,1043.0,3,1,Northern Ireland,domestic league (tier 1)
2016/10/08,Irish League,0,Ards FC,1078,1070.0,1 - 2,Coleraine FC,1253,1261.0,1,2,Northern Ireland,domestic league (tier 1)
2016/10/22,Irish League,0,Ards FC,1055,1056.0,3 - 3,Dungannon Swifts,1196,1195.0,3,3,Northern Ireland,domestic league (tier 1)
2016/11/05,Irish League,0,Ards FC,1048,1037.0,2 - 4,Ballymena United,1243,1254.0,2,4,Northern Ireland,domestic league (tier 1)
2016/11/12,Irish League,0,Ards FC,1037,1033.0,0 - 1,Glenavon FC,1364,1368.0,0,1,Northern Ireland,domestic league (tier 1)
2016/12/02,Irish League,0,Ards FC,1029,1027.0,3 - 3,Ballinamallard United FC,1072,1074.0,3,3,Northern Ireland,domestic league (tier 1)
2016/12/10,Irish League,0,Ards FC,1027,1023.0,0 - 2,Linfield FC,1473,1477.0,0,2,Northern Ireland,domestic league (tier 1)
2016/12/31,Irish League,0,Ards FC,1034,1054.0,4 - 2,Ballymena United,1262,1242.0,4,2,Northern Ireland,domestic league (tier 1)
2017/01/03,Irish League,0,Ards FC,1054,1051.0,2 - 4,Crusaders FC,1530,1533.0,2,4,Northern Ireland,domestic league (tier 1)
2017/01/20,Irish League,0,Ards FC,1048,1036.0,1 - 3,Glentoran FC,1219,1231.0,1,3,Northern Ireland,domestic league (tier 1)
2017/02/04,Irish League,0,Ards FC,1032,1009.0,0 - 4,Carrick Rangers,1057,1080.0,0,4,Northern Ireland,domestic league (tier 1)
2017/03/10,Irish League,0,Ards FC,1041,1055.0,2 - 0,Ballinamallard United FC,1119,1105.0,2,0,Northern Ireland,domestic league (tier 1)
2017/03/25,Irish League,0,Ards FC,1054,1069.0,1 - 0,Glenavon FC,1339,1324.0,1,0,Northern Ireland,domestic league (tier 1)
2017/04/08,Irish League,0,Ards FC,1069,1088.0,4 - 1,Dungannon Swifts,1194,1175.0,4,1,Northern Ireland,domestic league (tier 1)
2017/04/18,Irish League,0,Ards FC,1090,1097.0,3 - 2,Portadown FC,1076,1069.0,3,2,Northern Ireland,domestic league (tier 1)
2017/08/15,Irish League,0,Ards FC,1108,1105.0,0 - 2,Linfield FC,1560,1563.0,0,2,Northern Ireland,domestic league (tier 1)
2017/08/25,Irish League,0,Ards FC,1098,1087.0,0 - 1,Dungannon Swifts,1175,1186.0,0,1,Northern Ireland,domestic league (tier 1)
2017/09/09,Irish League,0,Ards FC,1099,1090.0,0 - 3,Coleraine FC,1382,1391.0,0,3,Northern Ireland,domestic league (tier 1)
2017/10/07,Irish League,0,Ards FC,1112,1103.0,0 - 1,Glentoran FC,1252,1261.0,0,1,Northern Ireland,domestic league (tier 1)
2017/10/20,Irish League,0,Ards FC,1116,1122.0,2 - 1,Warrenpoint Town,1087,1081.0,2,1,Northern Ireland,domestic league (tier 1)
2017/11/04,Irish League,0,Ards FC,1120,1115.0,2 - 4,Crusaders FC,1516,1521.0,2,4,Northern Ireland,domestic league (tier 1)
2017/11/18,Irish League,0,Ards FC,1112,1105.0,0 - 1,Cliftonville FC,1311,1318.0,0,1,Northern Ireland,domestic league (tier 1)
2017/12/02,Irish League,0,Ards FC,1126,1117.0,0 - 2,Glenavon FC,1384,1393.0,0,2,Northern Ireland,domestic league (tier 1)
2017/12/23,Irish League,0,Ards FC,1121,1126.0,2 - 1,Ballinamallard United FC,1008,1003.0,2,1,Northern Ireland,domestic league (tier 1)
2017/12/26,Irish League,0,Ards FC,1126,1131.0,1 - 0,Carrick Rangers,1017,1012.0,1,0,Northern Ireland,domestic league (tier 1)
2018/01/20,Irish League,0,Ards FC,1131,1142.0,1 - 0,Ballymena United,1277,1266.0,1,0,Northern Ireland,domestic league (tier 1)
2018/02/10,Irish League,0,Ards FC,1122,1092.0,0 - 4,Carrick Rangers,994,1024.0,0,4,Northern Ireland,domestic league (tier 1)
2018/02/13,Irish League,0,Ards FC,1092,1083.0,1 - 6,Glenavon FC,1399,1408.0,1,6,Northern Ireland,domestic league (tier 1)
2018/02/24,Irish League,0,Ards FC,1099,1093.0,0 - 3,Linfield FC,1482,1488.0,0,3,Northern Ireland,domestic league (tier 1)
2018/02/27,Irish League,0,Ards FC,1093,1105.0,1 - 0,Ballymena United,1255,1243.0,1,0,Northern Ireland,domestic league (tier 1)
2018/03/17,Irish League,0,Ards FC,1124,1118.0,1 - 3,Coleraine FC,1471,1477.0,1,3,Northern Ireland,domestic league (tier 1)
2018/04/03,Irish League,0,Ards FC,1113,1124.0,4 - 2,Warrenpoint Town,1113,1102.0,4,2,Northern Ireland,domestic league (tier 1)
2018/04/07,Irish League,0,Ards FC,1124,1107.0,1 - 4,Glentoran FC,1225,1242.0,1,4,Northern Ireland,domestic league (tier 1)
2018/04/21,Irish League,0,Ards FC,1117,1112.0,1 - 1,Ballinamallard United FC,1030,1035.0,1,1,Northern Ireland,domestic league (tier 1)
2018/04/28,Irish League,0,Ards FC,1112,1101.0,3 - 4,Dungannon Swifts,1180,1191.0,3,4,Northern Ireland,domestic league (tier 1)
2018/08/11,Irish League,0,Ards FC,1100,1085.0,0 - 2,Glentoran FC,1201,1216.0,0,2,Northern Ireland,domestic league (tier 1)
2018/08/18,Irish League,0,Ards FC,1085,1076.0,1 - 2,Ballymena United,1231,1240.0,1,2,Northern Ireland,domestic league (tier 1)
2018/08/24,Irish League,0,Ards FC,1076,1087.0,4 - 0,Newry City FC,1031,1020.0,4,0,Northern Ireland,domestic league (tier 1)
2018/09/15,Irish League,0,Ards FC,1096,1103.0,0 - 0,Coleraine FC,1508,1501.0,0,0,Northern Ireland,domestic league (tier 1)
2018/09/25,Irish League,0,Ards FC,1107,1100.0,0 - 2,Glenavon FC,1406,1413.0,0,2,Northern Ireland,domestic league (tier 1)
2018/10/05,Irish League,0,Ards FC,1096,1081.0,0 - 1,Institute FC Drumahoe,1008,1023.0,0,1,Northern Ireland,domestic league (tier 1)
2018/10/20,Irish League,0,Ards FC,1073,1090.0,2 - 1,Linfield FC,1461,1444.0,2,1,Northern Ireland,domestic league (tier 1)
2018/11/03,Irish League,0,Ards FC,1082,1081.0,2 - 2,Dungannon Swifts,1152,1153.0,2,2,Northern Ireland,domestic league (tier 1)
2018/11/10,Irish League,0,Ards FC,1081,1077.0,0 - 1,Crusaders FC,1442,1446.0,0,1,Northern Ireland,domestic league (tier 1)
2018/12/01,Irish League,0,Ards FC,1056,1054.0,1 - 1,Warrenpoint Town,1092,1094.0,1,1,Northern Ireland,domestic league (tier 1)
2018/12/15,Irish League,0,Ards FC,1053,1046.0,1 - 3,Cliftonville FC,1355,1362.0,1,3,Northern Ireland,domestic league (tier 1)
2018/12/22,Irish League,0,Ards FC,1046,1039.0,0 - 2,Ballymena United,1355,1362.0,0,2,Northern Ireland,domestic league (tier 1)
2019/01/01,Irish League,0,Ards FC,1061,1057.0,0 - 2,Linfield FC,1466,1470.0,0,2,Northern Ireland,domestic league (tier 1)
2019/01/18,Irish League,0,Ards FC,1039,1036.0,1 - 2,Coleraine FC,1415,1418.0,1,2,Northern Ireland,domestic league (tier 1)
2019/02/15,Irish League,0,Ards FC,1031,1009.0,0 - 3,Institute FC Drumahoe,1041,1063.0,0,3,Northern Ireland,domestic league (tier 1)
2019/02/23,Irish League,0,Ards FC,1009,1019.0,3 - 1,Newry City FC,994,984.0,3,1,Northern Ireland,domestic league (tier 1)
2019/03/16,Irish League,0,Ards FC,1026,1015.0,0 - 1,Warrenpoint Town,1095,1106.0,0,1,Northern Ireland,domestic league (tier 1)
2019/03/23,Irish League,0,Ards FC,1015,1023.0,2 - 2,Crusaders FC,1487,1479.0,2,2,Northern Ireland,domestic league (tier 1)
2019/04/13,Irish League,0,Ards FC,1008,1011.0,1 - 1,Glentoran FC,1225,1222.0,1,1,Northern Ireland,domestic league (tier 1)
2019/04/23,Irish League,0,Ards FC,1026,1037.0,1 - 0,Dungannon Swifts,1177,1166.0,1,0,Northern Ireland,domestic league (tier 1)
2021/10/26,Northern Ireland League Cup,0,Ards FC,996,991.0,1 - 4,Cliftonville FC,1355,1360.0,1,4,Northern Ireland,domestic cup
2022/09/14,Northern Ireland League Cup,0,Ards FC,991,984.0,2 - 4,Ballymena United,1240,1247.0,2,4,Northern Ireland,domestic cup
2023/11/07,Northern Ireland League Cup,0,Ards FC,995,993.0,3 - 5,Larne FC,1458,1460.0,3,5,Northern Ireland,domestic cup
2025/03/01,Northern Ireland Cup,0,Ards FC,1019,1030.0,2 - 0,Loughgall FC,1036,1025.0,2,0,Northern Ireland,domestic cup
2025/10/08,Northern Ireland League Cup,0,Ards FC,1027,1029.0,1 - 1,Dungannon Swifts,1241,1239.0,1,1,Northern Ireland,domestic cup
2024/11/05,Northern Ireland League Cup,0,Armagh City FC,955,957.0,0 - 0,Glenavon FC,1130,1128.0,0,0,Northern Ireland,domestic cup
2024/12/04,Northern Ireland League Cup,0,Armagh City FC,957,954.0,0 - 3,Cliftonville FC,1397,1400.0,0,3,Northern Ireland,domestic cup
2025/10/07,Northern Ireland League Cup,0,Armagh City FC,950,959.0,3 - 2,Carrick Rangers,1135,1126.0,3,2,Northern Ireland,domestic cup
2016/08/06,Irish League,0,Ballinamallard United FC,1131,1127.0,1 - 2,Linfield FC,1470,1474.0,1,2,Northern Ireland,domestic league (tier 1)
2016/08/13,Irish League,0,Ballinamallard United FC,1121,1109.0,0 - 1,Ballymena United,1140,1152.0,0,1,Northern Ireland,domestic league (tier 1)
2016/08/27,Irish League,0,Ballinamallard United FC,1112,1105.0,1 - 2,Cliftonville FC,1311,1318.0,1,2,Northern Ireland,domestic league (tier 1)
2016/09/03,Irish League,0,Ballinamallard United FC,1105,1089.0,0 - 3,Coleraine FC,1242,1258.0,0,3,Northern Ireland,domestic league (tier 1)
2016/09/16,Irish League,0,Ballinamallard United FC,1107,1113.0,2 - 1,Ards FC,1076,1070.0,2,1,Northern Ireland,domestic league (tier 1)
2016/10/01,Irish League,0,Ballinamallard United FC,1111,1126.0,2 - 0,Dungannon Swifts,1204,1189.0,2,0,Northern Ireland,domestic league (tier 1)
2016/10/22,Irish League,0,Ballinamallard United FC,1120,1107.0,1 - 2,Portadown FC,1109,1122.0,1,2,Northern Ireland,domestic league (tier 1)
2016/11/04,Irish League,0,Ballinamallard United FC,1099,1078.0,1 - 3,Carrick Rangers,1050,1071.0,1,3,Northern Ireland,domestic league (tier 1)
2016/12/10,Irish League,0,Ballinamallard United FC,1074,1072.0,0 - 1,Crusaders FC,1522,1524.0,0,1,Northern Ireland,domestic league (tier 1)
2016/12/17,Irish League,0,Ballinamallard United FC,1072,1083.0,2 - 1,Glentoran FC,1218,1207.0,2,1,Northern Ireland,domestic league (tier 1)
2016/12/30,Irish League,0,Ballinamallard United FC,1079,1088.0,1 - 0,Portadown FC,1134,1125.0,1,0,Northern Ireland,domestic league (tier 1)
2017/01/17,Irish League,0,Ballinamallard United FC,1110,1113.0,1 - 1,Glenavon FC,1334,1331.0,1,1,Northern Ireland,domestic league (tier 1)
2017/01/21,Irish League,0,Ballinamallard United FC,1113,1104.0,1 - 2,Coleraine FC,1260,1269.0,1,2,Northern Ireland,domestic league (tier 1)
2017/02/11,Irish League,0,Ballinamallard United FC,1120,1134.0,1 - 0,Cliftonville FC,1365,1351.0,1,0,Northern Ireland,domestic league (tier 1)
2017/02/25,Irish League,0,Ballinamallard United FC,1129,1119.0,1 - 2,Ballymena United,1245,1255.0,1,2,Northern Ireland,domestic league (tier 1)
2017/03/25,Irish League,0,Ballinamallard United FC,1104,1101.0,1 - 2,Linfield FC,1527,1530.0,1,2,Northern Ireland,domestic league (tier 1)
2017/04/08,Irish League,0,Ballinamallard United FC,1101,1120.0,3 - 0,Glentoran FC,1233,1214.0,3,0,Northern Ireland,domestic league (tier 1)
2017/04/18,Irish League,0,Ballinamallard United FC,1111,1092.0,1 - 4,Dungannon Swifts,1183,1202.0,1,4,Northern Ireland,domestic league (tier 1)
2017/04/21,Irish League,0,Ballinamallard United FC,1092,1079.0,2 - 3,Ards FC,1097,1110.0,2,3,Northern Ireland,domestic league (tier 1)
2017/04/29,Irish League,0,Ballinamallard United FC,1079,1090.0,4 - 1,Carrick Rangers,1051,1040.0,4,1,Northern Ireland,domestic league (tier 1)
2017/08/12,Irish League,0,Ballinamallard United FC,1090,1081.0,1 - 2,Glentoran FC,1217,1226.0,1,2,Northern Ireland,domestic league (tier 1)
2017/08/19,Irish League,0,Ballinamallard United FC,1077,1079.0,1 - 1,Cliftonville FC,1258,1256.0,1,1,Northern Ireland,domestic league (tier 1)
2017/09/09,Irish League,0,Ballinamallard United FC,1062,1057.0,1 - 5,Crusaders FC,1494,1499.0,1,5,Northern Ireland,domestic league (tier 1)
2017/09/23,Irish League,0,Ballinamallard United FC,1056,1044.0,1 - 3,Ballymena United,1233,1245.0,1,3,Northern Ireland,domestic league (tier 1)
2017/09/30,Irish League,0,Ballinamallard United FC,1044,1027.0,0 - 2,Ards FC,1095,1112.0,0,2,Northern Ireland,domestic league (tier 1)
2017/10/21,Irish League,0,Ballinamallard United FC,1019,1032.0,2 - 0,Carrick Rangers,1076,1063.0,2,0,Northern Ireland,domestic league (tier 1)
2017/11/04,Irish League,0,Ballinamallard United FC,1030,1026.0,0 - 6,Linfield FC,1521,1525.0,0,6,Northern Ireland,domestic league (tier 1)
2017/11/18,Irish League,0,Ballinamallard United FC,1022,1016.0,0 - 3,Glenavon FC,1388,1394.0,0,3,Northern Ireland,domestic league (tier 1)
2017/11/25,Irish League,0,Ballinamallard United FC,1016,1015.0,1 - 1,Warrenpoint Town,1086,1087.0,1,1,Northern Ireland,domestic league (tier 1)
2017/12/16,Irish League,0,Ballinamallard United FC,1012,1008.0,0 - 2,Coleraine FC,1434,1438.0,0,2,Northern Ireland,domestic league (tier 1)
2017/12/26,Irish League,0,Ballinamallard United FC,1003,995.0,0 - 1,Dungannon Swifts,1166,1174.0,0,1,Northern Ireland,domestic league (tier 1)
2018/01/01,Irish League,0,Ballinamallard United FC,998,996.0,0 - 3,Crusaders FC,1567,1569.0,0,3,Northern Ireland,domestic league (tier 1)
2018/01/13,Irish League,0,Ballinamallard United FC,996,999.0,2 - 2,Glentoran FC,1219,1216.0,2,2,Northern Ireland,domestic league (tier 1)
2018/01/26,Irish League,0,Ballinamallard United FC,994,1018.0,6 - 4,Cliftonville FC,1339,1315.0,6,4,Northern Ireland,domestic league (tier 1)
2018/02/16,Irish League,0,Ballinamallard United FC,1023,1018.0,2 - 5,Coleraine FC,1451,1456.0,2,5,Northern Ireland,domestic league (tier 1)
2018/03/10,Irish League,0,Ballinamallard United FC,1013,994.0,0 - 4,Ards FC,1105,1124.0,0,4,Northern Ireland,domestic league (tier 1)
2018/03/23,Irish League,0,Ballinamallard United FC,1003,1011.0,2 - 2,Linfield FC,1444,1436.0,2,2,Northern Ireland,domestic league (tier 1)
2018/04/07,Irish League,0,Ballinamallard United FC,1007,1022.0,2 - 0,Warrenpoint Town,1102,1087.0,2,0,Northern Ireland,domestic league (tier 1)
2018/04/14,Irish League,0,Ballinamallard United FC,1022,1024.0,2 - 2,Dungannon Swifts,1183,1181.0,2,2,Northern Ireland,domestic league (tier 1)
2018/04/17,Irish League,0,Ballinamallard United FC,1024,1030.0,2 - 1,Carrick Rangers,995,989.0,2,1,Northern Ireland,domestic league (tier 1)
2022/02/05,Northern Ireland Cup,0,Ballinamallard United FC,1046,1042.0,0 - 1,Crusaders FC,1362,1366.0,0,1,Northern Ireland,domestic cup
2023/01/07,Northern Ireland Cup,0,Ballinamallard United FC,1031,1023.0,1 - 2,Glenavon FC,1215,1223.0,1,2,Northern Ireland,domestic cup
2023/10/03,Northern Ireland League Cup,0,Ballinamallard United FC,1023,1003.0,1 - 5,Ards FC,975,995.0,1,5,Northern Ireland,domestic cup
2024/10/01,Northern Ireland League Cup,0,Ballinamallard United FC,995,987.0,0 - 4,Coleraine FC,1244,1252.0,0,4,Northern Ireland,domestic cup
2025/02/01,Northern Ireland Cup,0,Ballinamallard United FC,987,972.0,0 - 3,Carrick Rangers,1142,1157.0,0,3,Northern Ireland,domestic cup
2026/01/13,Northern Ireland Cup,0,Ballinamallard United FC,970,947.0,0 - 3,Institute FC Drumahoe,966,989.0,0,3,Northern Ireland,domestic cup
2021/09/14,Northern Ireland League Cup,0,Ballyclare Comrades,969,967.0,0 - 4,Linfield FC,1480,1482.0,0,4,Northern Ireland,domestic cup
2022/01/08,Northern Ireland Cup,0,Ballyclare Comrades,967,951.0,0 - 2,Carrick Rangers,1041,1057.0,0,2,Northern Ireland,domestic cup
2022/09/13,Northern Ireland League Cup,0,Ballyclare Comrades,951,962.0,4 - 2,Ballinamallard United FC,1042,1031.0,4,2,Northern Ireland,domestic cup
2022/10/04,Northern Ireland League Cup,0,Ballyclare Comrades,962,954.0,1 - 2,Newry City FC,1027,1035.0,1,2,Northern Ireland,domestic cup
2023/03/04,Northern Ireland Cup,0,Ballyclare Comrades,968,958.0,1 - 3,Ballymena United,1200,1210.0,1,3,Northern Ireland,domestic cup
2024/02/03,Northern Ireland Cup,0,Ballyclare Comrades,954,966.0,3 - 2,Dungannon Swifts,1127,1115.0,3,2,Northern Ireland,domestic cup
2024/10/01,Northern Ireland League Cup,0,Ballyclare Comrades,965,962.0,2 - 3,Crusaders FC,1331,1334.0,2,3,Northern Ireland,domestic cup
2016/08/10,Irish League,0,Ballymena United,1136,1140.0,3 - 3,Glenavon FC,1398,1394.0,3,3,Northern Ireland,domestic league (tier 1)
2016/08/20,Irish League,0,Ballymena United,1152,1137.0,3 - 4,Ards FC,1039,1054.0,3,4,Northern Ireland,domestic league (tier 1)
2016/09/10,Irish League,0,Ballymena United,1161,1173.0,3 - 2,Cliftonville FC,1321,1309.0,3,2,Northern Ireland,domestic league (tier 1)
2016/09/24,Irish League,0,Ballymena United,1192,1206.0,4 - 1,Glentoran FC,1223,1209.0,4,1,Northern Ireland,domestic league (tier 1)
2016/10/15,Irish League,0,Ballymena United,1229,1244.0,2 - 1,Crusaders FC,1538,1523.0,2,1,Northern Ireland,domestic league (tier 1)
2016/10/29,Irish League,0,Ballymena United,1235,1243.0,4 - 0,Ballinamallard United FC,1107,1099.0,4,0,Northern Ireland,domestic league (tier 1)
2016/11/08,Irish League,0,Ballymena United,1254,1241.0,1 - 4,Linfield FC,1456,1469.0,1,4,Northern Ireland,domestic league (tier 1)
2016/11/12,Irish League,0,Ballymena United,1241,1246.0,2 - 0,Carrick Rangers,1071,1066.0,2,0,Northern Ireland,domestic league (tier 1)
2016/11/19,Irish League,0,Ballymena United,1257,1231.0,1 - 4,Dungannon Swifts,1179,1205.0,1,4,Northern Ireland,domestic league (tier 1)
2016/12/03,Irish League,0,Ballymena United,1225,1232.0,2 - 0,Portadown FC,1125,1118.0,2,0,Northern Ireland,domestic league (tier 1)
2016/12/26,Irish League,0,Ballymena United,1252,1262.0,2 - 0,Coleraine FC,1233,1223.0,2,0,Northern Ireland,domestic league (tier 1)
2017/01/03,Irish League,0,Ballymena United,1242,1232.0,3 - 4,Glenavon FC,1333,1343.0,3,4,Northern Ireland,domestic league (tier 1)
2017/01/14,Irish League,0,Ballymena United,1233,1240.0,3 - 2,Dungannon Swifts,1210,1203.0,3,2,Northern Ireland,domestic league (tier 1)
2017/01/28,Irish League,0,Ballymena United,1236,1241.0,3 - 1,Carrick Rangers,1062,1057.0,3,1,Northern Ireland,domestic league (tier 1)
2017/03/11,Irish League,0,Ballymena United,1232,1239.0,3 - 0,Portadown FC,1082,1075.0,3,0,Northern Ireland,domestic league (tier 1)
2017/03/18,Irish League,0,Ballymena United,1239,1219.0,2 - 4,Glentoran FC,1209,1229.0,2,4,Northern Ireland,domestic league (tier 1)
2017/03/21,Irish League,0,Ballymena United,1219,1219.0,1 - 1,Coleraine FC,1327,1327.0,1,1,Northern Ireland,domestic league (tier 1)
2017/04/15,Irish League,0,Ballymena United,1207,1201.0,0 - 2,Linfield FC,1541,1547.0,0,2,Northern Ireland,domestic league (tier 1)
2017/04/18,Irish League,0,Ballymena United,1201,1220.0,4 - 1,Cliftonville FC,1321,1302.0,4,1,Northern Ireland,domestic league (tier 1)
2017/04/22,Irish League,0,Ballymena United,1220,1247.0,3 - 0,Crusaders FC,1523,1496.0,3,0,Northern Ireland,domestic league (tier 1)
2017/05/08,Irish League,0,Ballymena United,1252,1263.0,5 - 2,Dungannon Swifts,1215,1204.0,5,2,Northern Ireland,domestic league (tier 1)
2017/05/12,Irish League,0,Ballymena United,1263,1273.0,2 - 1,Glenavon FC,1351,1341.0,2,1,Northern Ireland,domestic league (tier 1)
2017/08/11,Irish League,0,Ballymena United,1267,1255.0,1 - 4,Crusaders FC,1490,1502.0,1,4,Northern Ireland,domestic league (tier 1)
2017/08/19,Irish League,0,Ballymena United,1252,1232.0,1 - 6,Glenavon FC,1352,1372.0,1,6,Northern Ireland,domestic league (tier 1)
2017/09/02,Irish League,0,Ballymena United,1231,1239.0,1 - 0,Cliftonville FC,1250,1242.0,1,0,Northern Ireland,domestic league (tier 1)
2017/09/16,Irish League,0,Ballymena United,1253,1233.0,1 - 3,Glentoran FC,1242,1262.0,1,3,Northern Ireland,domestic league (tier 1)
2017/09/30,Irish League,0,Ballymena United,1245,1232.0,0 - 2,Coleraine FC,1393,1406.0,0,2,Northern Ireland,domestic league (tier 1)
2017/10/14,Irish League,0,Ballymena United,1228,1236.0,6 - 3,Ards FC,1103,1095.0,6,3,Northern Ireland,domestic league (tier 1)
2017/10/28,Irish League,0,Ballymena United,1228,1222.0,3 - 3,Warrenpoint Town,1081,1087.0,3,3,Northern Ireland,domestic league (tier 1)
2017/11/10,Irish League,0,Ballymena United,1225,1240.0,2 - 1,Linfield FC,1525,1510.0,2,1,Northern Ireland,domestic league (tier 1)
2017/11/18,Irish League,0,Ballymena United,1243,1249.0,2 - 1,Dungannon Swifts,1192,1186.0,2,1,Northern Ireland,domestic league (tier 1)
2017/12/02,Irish League,0,Ballymena United,1244,1247.0,2 - 1,Ballinamallard United FC,1015,1012.0,2,1,Northern Ireland,domestic league (tier 1)
2017/12/16,Irish League,0,Ballymena United,1247,1251.0,3 - 1,Carrick Rangers,1018,1014.0,3,1,Northern Ireland,domestic league (tier 1)
2017/12/30,Irish League,0,Ballymena United,1256,1273.0,3 - 1,Glenavon FC,1398,1381.0,3,1,Northern Ireland,domestic league (tier 1)
2018/01/13,Irish League,0,Ballymena United,1273,1277.0,3 - 0,Carrick Rangers,1002,998.0,3,0,Northern Ireland,domestic league (tier 1)
2018/01/27,Irish League,0,Ballymena United,1266,1269.0,2 - 2,Linfield FC,1476,1473.0,2,2,Northern Ireland,domestic league (tier 1)
2018/03/10,Irish League,0,Ballymena United,1255,1244.0,0 - 2,Coleraine FC,1457,1468.0,0,2,Northern Ireland,domestic league (tier 1)
2018/03/17,Irish League,0,Ballymena United,1226,1202.0,1 - 3,Warrenpoint Town,1075,1099.0,1,3,Northern Ireland,domestic league (tier 1)
2018/03/26,Irish League,0,Ballymena United,1231,1235.0,2 - 0,Ballinamallard United FC,1011,1007.0,2,0,Northern Ireland,domestic league (tier 1)
2018/04/03,Irish League,0,Ballymena United,1235,1218.0,0 - 3,Cliftonville FC,1349,1366.0,0,3,Northern Ireland,domestic league (tier 1)
2018/04/28,Irish League,0,Ballymena United,1219,1215.0,1 - 2,Crusaders FC,1534,1538.0,1,2,Northern Ireland,domestic league (tier 1)
2018/08/11,Irish League,0,Ballymena United,1226,1231.0,2 - 2,Crusaders FC,1526,1521.0,2,2,Northern Ireland,domestic league (tier 1)
2018/10/06,Irish League,0,Ballymena United,1248,1253.0,3 - 0,Newry City FC,1036,1031.0,3,0,Northern Ireland,domestic league (tier 1)
2018/10/20,Irish League,0,Ballymena United,1259,1254.0,1 - 1,Dungannon Swifts,1152,1157.0,1,1,Northern Ireland,domestic league (tier 1)
2018/10/27,Irish League,0,Ballymena United,1254,1277.0,3 - 0,Crusaders FC,1460,1437.0,3,0,Northern Ireland,domestic league (tier 1)
2018/11/02,Irish League,0,Ballymena United,1277,1289.0,2 - 1,Glenavon FC,1448,1436.0,2,1,Northern Ireland,domestic league (tier 1)
2018/11/17,Irish League,0,Ballymena United,1305,1314.0,2 - 1,Cliftonville FC,1363,1354.0,2,1,Northern Ireland,domestic league (tier 1)
2018/11/20,Irish League,0,Ballymena United,1314,1319.0,2 - 1,Glentoran FC,1217,1212.0,2,1,Northern Ireland,domestic league (tier 1)
2018/12/01,Irish League,0,Ballymena United,1324,1335.0,2 - 1,Linfield FC,1442,1431.0,2,1,Northern Ireland,domestic league (tier 1)
2018/12/26,Irish League,0,Ballymena United,1362,1360.0,3 - 3,Coleraine FC,1405,1407.0,3,3,Northern Ireland,domestic league (tier 1)
2018/12/29,Irish League,0,Ballymena United,1360,1362.0,3 - 1,Newry City FC,1038,1036.0,3,1,Northern Ireland,domestic league (tier 1)
2019/01/12,Irish League,0,Ballymena United,1357,1350.0,2 - 2,Dungannon Swifts,1171,1178.0,2,2,Northern Ireland,domestic league (tier 1)
2019/01/26,Irish League,0,Ballymena United,1370,1373.0,4 - 1,Ards FC,1036,1033.0,4,1,Northern Ireland,domestic league (tier 1)
2019/02/26,Irish League,0,Ballymena United,1371,1376.0,2 - 1,Cliftonville FC,1286,1281.0,2,1,Northern Ireland,domestic league (tier 1)
2019/03/16,Irish League,0,Ballymena United,1393,1368.0,0 - 2,Glentoran FC,1193,1218.0,0,2,Northern Ireland,domestic league (tier 1)
2019/03/19,Irish League,0,Ballymena United,1368,1372.0,6 - 1,Institute FC Drumahoe,1076,1072.0,6,1,Northern Ireland,domestic league (tier 1)
2019/03/23,Irish League,0,Ballymena United,1372,1354.0,1 - 2,Warrenpoint Town,1101,1119.0,1,2,Northern Ireland,domestic league (tier 1)
2019/04/05,Irish League,0,Ballymena United,1354,1345.0,0 - 1,Linfield FC,1491,1500.0,0,1,Northern Ireland,domestic league (tier 1)
2019/04/20,Irish League,0,Ballymena United,1347,1354.0,1 - 0,Coleraine FC,1346,1339.0,1,0,Northern Ireland,domestic league (tier 1)
2019/04/23,Irish League,0,Ballymena United,1354,1362.0,4 - 3,Glenavon FC,1399,1391.0,4,3,Northern Ireland,domestic league (tier 1)
2019/04/27,Irish League,0,Ballymena United,1362,1344.0,0 - 3,Crusaders FC,1452,1470.0,0,3,Northern Ireland,domestic league (tier 1)
2019/08/24,Irish League,0,Ballymena United,1350,1335.0,1 - 2,Glentoran FC,1241,1256.0,1,2,Northern Ireland,domestic league (tier 1)
2019/09/07,Irish League,0,Ballymena United,1339,1343.0,4 - 0,Warrenpoint Town,1064,1060.0,4,0,Northern Ireland,domestic league (tier 1)
2019/09/14,Irish League,0,Ballymena United,1343,1341.0,1 - 1,Coleraine FC,1388,1390.0,1,1,Northern Ireland,domestic league (tier 1)
2019/09/28,Irish League,0,Ballymena United,1329,1337.0,2 - 1,Cliftonville FC,1359,1351.0,2,1,Northern Ireland,domestic league (tier 1)
2019/10/12,Irish League,0,Ballymena United,1332,1334.0,1 - 1,Crusaders FC,1500,1498.0,1,1,Northern Ireland,domestic league (tier 1)
2019/11/02,Irish League,0,Ballymena United,1311,1280.0,0 - 3,Larne FC,1061,1092.0,0,3,Northern Ireland,domestic league (tier 1)
2019/11/09,Irish League,0,Ballymena United,1280,1262.0,1 - 2,Carrick Rangers,1036,1054.0,1,2,Northern Ireland,domestic league (tier 1)
2019/11/23,Irish League,0,Ballymena United,1258,1251.0,1 - 1,Institute FC Drumahoe,1053,1060.0,1,1,Northern Ireland,domestic league (tier 1)
2019/11/26,Irish League,0,Ballymena United,1251,1245.0,1 - 2,Linfield FC,1497,1503.0,1,2,Northern Ireland,domestic league (tier 1)
2019/12/14,Irish League,0,Ballymena United,1250,1254.0,3 - 2,Dungannon Swifts,1118,1114.0,3,2,Northern Ireland,domestic league (tier 1)
2019/12/20,Irish League,0,Ballymena United,1254,1261.0,2 - 1,Glenavon FC,1259,1252.0,2,1,Northern Ireland,domestic league (tier 1)
2020/01/01,Irish League,0,Ballymena United,1247,1232.0,2 - 3,Larne FC,1149,1164.0,2,3,Northern Ireland,domestic league (tier 1)
2020/01/18,Irish League,0,Ballymena United,1232,1210.0,0 - 3,Glenavon FC,1230,1252.0,0,3,Northern Ireland,domestic league (tier 1)
2020/02/08,Irish League,0,Ballymena United,1215,1192.0,0 - 2,Carrick Rangers,1092,1115.0,0,2,Northern Ireland,domestic league (tier 1)
2020/02/14,Irish League,0,Ballymena United,1192,1182.0,1 - 4,Linfield FC,1458,1468.0,1,4,Northern Ireland,domestic league (tier 1)
2020/03/07,Irish League,0,Ballymena United,1194,1186.0,0 - 2,Coleraine FC,1460,1468.0,0,2,Northern Ireland,domestic league (tier 1)
2020/10/24,Irish League,0,Ballymena United,1203,1197.0,2 - 3,Linfield FC,1471,1477.0,2,3,Northern Ireland,domestic league (tier 1)
2020/11/07,Irish League,0,Ballymena United,1189,1178.0,1 - 4,Crusaders FC,1434,1445.0,1,4,Northern Ireland,domestic league (tier 1)
2020/11/10,Irish League,0,Ballymena United,1178,1161.0,0 - 2,Glenavon FC,1220,1237.0,0,2,Northern Ireland,domestic league (tier 1)
2020/11/21,Irish League,0,Ballymena United,1161,1168.0,2 - 0,Warrenpoint Town,1038,1031.0,2,0,Northern Ireland,domestic league (tier 1)
2020/12/01,Irish League,0,Ballymena United,1199,1206.0,2 - 0,Carrick Rangers,1098,1091.0,2,0,Northern Ireland,domestic league (tier 1)
2020/12/19,Irish League,0,Ballymena United,1223,1223.0,1 - 1,Glentoran FC,1324,1324.0,1,1,Northern Ireland,domestic league (tier 1)
2021/02/02,Irish League,0,Ballymena United,1251,1234.0,0 - 1,Dungannon Swifts,1077,1094.0,0,1,Northern Ireland,domestic league (tier 1)
2021/02/16,Irish League,0,Ballymena United,1227,1219.0,0 - 1,Coleraine FC,1415,1423.0,0,1,Northern Ireland,domestic league (tier 1)
2021/03/02,Irish League,0,Ballymena United,1219,1220.0,1 - 1,Cliftonville FC,1339,1338.0,1,1,Northern Ireland,domestic league (tier 1)
2021/03/06,Irish League,0,Ballymena United,1220,1219.0,1 - 1,Larne FC,1291,1292.0,1,1,Northern Ireland,domestic league (tier 1)
2021/03/13,Irish League,0,Ballymena United,1244,1247.0,2 - 1,Portadown FC,1068,1065.0,2,1,Northern Ireland,domestic league (tier 1)
2021/03/23,Irish League,0,Ballymena United,1245,1258.0,2 - 1,Linfield FC,1468,1455.0,2,1,Northern Ireland,domestic league (tier 1)
2021/03/27,Irish League,0,Ballymena United,1258,1263.0,5 - 1,Dungannon Swifts,1038,1033.0,5,1,Northern Ireland,domestic league (tier 1)
2021/03/30,Irish League,0,Ballymena United,1263,1268.0,2 - 0,Carrick Rangers,1072,1067.0,2,0,Northern Ireland,domestic league (tier 1)
2021/04/02,Irish League,0,Ballymena United,1268,1257.0,0 - 1,Crusaders FC,1337,1348.0,0,1,Northern Ireland,domestic league (tier 1)
2021/04/06,Irish League,0,Ballymena United,1257,1258.0,2 - 2,Glentoran FC,1384,1383.0,2,2,Northern Ireland,domestic league (tier 1)
2021/04/24,Irish League,0,Ballymena United,1248,1240.0,1 - 2,Coleraine FC,1430,1438.0,1,2,Northern Ireland,domestic league (tier 1)
2021/05/01,Irish League,0,Ballymena United,1247,1259.0,3 - 1,Glenavon FC,1269,1257.0,3,1,Northern Ireland,domestic league (tier 1)
2021/05/25,Irish League,0,Ballymena United,1267,1272.0,3 - 0,Warrenpoint Town,1066,1061.0,3,0,Northern Ireland,domestic league (tier 1)
2021/05/29,Irish League,0,Ballymena United,1272,1277.0,4 - 2,Portadown FC,1082,1077.0,4,2,Northern Ireland,domestic league (tier 1)
2021/09/18,Irish League,0,Ballymena United,1256,1253.0,1 - 1,Glenavon FC,1245,1248.0,1,1,Northern Ireland,domestic league (tier 1)
2021/09/28,Irish League,0,Ballymena United,1247,1249.0,4 - 3,Dungannon Swifts,1005,1003.0,4,3,Northern Ireland,domestic league (tier 1)
2021/10/09,Irish League,0,Ballymena United,1237,1228.0,0 - 1,Crusaders FC,1359,1368.0,0,1,Northern Ireland,domestic league (tier 1)
2021/10/23,Irish League,0,Ballymena United,1247,1258.0,1 - 0,Cliftonville FC,1366,1355.0,1,0,Northern Ireland,domestic league (tier 1)
2021/10/30,Irish League,0,Ballymena United,1258,1242.0,0 - 3,Larne FC,1391,1407.0,0,3,Northern Ireland,domestic league (tier 1)
2021/11/09,Northern Ireland League Cup,0,Ballymena United,1255,1270.0,3 - 1,Linfield FC,1485,1470.0,3,1,Northern Ireland,domestic cup
2021/11/20,Irish League,0,Ballymena United,1261,1244.0,0 - 1,Carrick Rangers,1061,1078.0,0,1,Northern Ireland,domestic league (tier 1)
2021/11/27,Irish League,0,Ballymena United,1244,1260.0,2 - 0,Crusaders FC,1367,1351.0,2,0,Northern Ireland,domestic league (tier 1)
2021/12/10,Irish League,0,Ballymena United,1262,1273.0,2 - 1,Larne FC,1396,1385.0,2,1,Northern Ireland,domestic league (tier 1)
2021/12/27,Irish League,0,Ballymena United,1273,1284.0,2 - 1,Coleraine FC,1415,1404.0,2,1,Northern Ireland,domestic league (tier 1)
2022/01/01,Irish League,0,Ballymena United,1284,1289.0,4 - 0,Portadown FC,1051,1046.0,4,0,Northern Ireland,domestic league (tier 1)
2022/01/08,Northern Ireland Cup,0,Ballymena United,1289,1291.0,2 - 0,Loughgall FC,947,945.0,2,0,Northern Ireland,domestic cup
2022/01/22,Irish League,0,Ballymena United,1288,1290.0,1 - 0,Warrenpoint Town,996,994.0,1,0,Northern Ireland,domestic league (tier 1)
2022/01/28,Irish League,0,Ballymena United,1266,1266.0,2 - 2,Cliftonville FC,1382,1382.0,2,2,Northern Ireland,domestic league (tier 1)
2022/02/12,Irish League,0,Ballymena United,1266,1269.0,1 - 0,Dungannon Swifts,1037,1034.0,1,0,Northern Ireland,domestic league (tier 1)
2022/02/19,Irish League,0,Ballymena United,1269,1266.0,3 - 3,Glenavon FC,1249,1252.0,3,3,Northern Ireland,domestic league (tier 1)
2022/03/05,Northern Ireland Cup,0,Ballymena United,1272,1273.0,3 - 3,Larne FC,1395,1394.0,3,3,Northern Ireland,domestic cup
2022/03/08,Irish League,0,Ballymena United,1273,1262.0,0 - 2,Linfield FC,1466,1477.0,0,2,Northern Ireland,domestic league (tier 1)
2022/03/19,Irish League,0,Ballymena United,1245,1248.0,1 - 1,Glentoran FC,1438,1435.0,1,1,Northern Ireland,domestic league (tier 1)
2022/04/16,Irish League,0,Ballymena United,1261,1264.0,2 - 1,Portadown FC,1064,1061.0,2,1,Northern Ireland,domestic league (tier 1)
2022/04/19,Irish League,0,Ballymena United,1264,1246.0,0 - 1,Warrenpoint Town,984,1002.0,0,1,Northern Ireland,domestic league (tier 1)
2022/04/23,Irish League,0,Ballymena United,1246,1251.0,3 - 0,Carrick Rangers,1051,1046.0,3,0,Northern Ireland,domestic league (tier 1)
2022/05/07,Northern Ireland Cup,0,Ballymena United,1264,1258.0,1 - 2,Crusaders FC,1412,1418.0,1,2,Northern Ireland,domestic cup
2022/08/13,Irish League,0,Ballymena United,1258,1255.0,2 - 2,Glenavon FC,1239,1242.0,2,2,Northern Ireland,domestic league (tier 1)
2022/08/23,Irish League,0,Ballymena United,1265,1257.0,1 - 2,Cliftonville FC,1433,1441.0,1,2,Northern Ireland,domestic league (tier 1)
2022/09/03,Irish League,0,Ballymena United,1251,1240.0,0 - 4,Linfield FC,1494,1505.0,0,4,Northern Ireland,domestic league (tier 1)
2022/09/17,Irish League,0,Ballymena United,1247,1231.0,0 - 1,Carrick Rangers,1092,1108.0,0,1,Northern Ireland,domestic league (tier 1)
2022/10/04,Northern Ireland League Cup,0,Ballymena United,1225,1217.0,0 - 1,Coleraine FC,1312,1320.0,0,1,Northern Ireland,domestic cup
2022/10/08,Irish League,0,Ballymena United,1217,1221.0,2 - 0,Portadown FC,1003,999.0,2,0,Northern Ireland,domestic league (tier 1)
2022/10/15,Irish League,0,Ballymena United,1221,1231.0,2 - 1,Coleraine FC,1322,1312.0,2,1,Northern Ireland,domestic league (tier 1)
2022/11/04,Irish League,0,Ballymena United,1219,1225.0,3 - 0,Newry City FC,1041,1035.0,3,0,Northern Ireland,domestic league (tier 1)
2022/11/18,Irish League,0,Ballymena United,1229,1219.0,0 - 2,Linfield FC,1459,1469.0,0,2,Northern Ireland,domestic league (tier 1)
2022/12/03,Irish League,0,Ballymena United,1233,1257.0,4 - 1,Cliftonville FC,1467,1443.0,4,1,Northern Ireland,domestic league (tier 1)
2023/01/02,Irish League,0,Ballymena United,1235,1253.0,2 - 0,Glentoran FC,1400,1382.0,2,0,Northern Ireland,domestic league (tier 1)
2023/01/14,Irish League,0,Ballymena United,1251,1255.0,2 - 0,Dungannon Swifts,1043,1039.0,2,0,Northern Ireland,domestic league (tier 1)
2023/01/24,Irish League,0,Ballymena United,1251,1243.0,0 - 0,Newry City FC,1012,1020.0,0,0,Northern Ireland,domestic league (tier 1)
2023/02/11,Irish League,0,Ballymena United,1237,1229.0,0 - 0,Portadown FC,973,981.0,0,0,Northern Ireland,domestic league (tier 1)
2023/02/17,Irish League,0,Ballymena United,1218,1207.0,1 - 3,Glentoran FC,1418,1429.0,1,3,Northern Ireland,domestic league (tier 1)
2023/02/21,Irish League,0,Ballymena United,1207,1196.0,0 - 3,Larne FC,1453,1464.0,0,3,Northern Ireland,domestic league (tier 1)
2023/02/25,Irish League,0,Ballymena United,1196,1200.0,0 - 0,Crusaders FC,1423,1419.0,0,0,Northern Ireland,domestic league (tier 1)
2023/04/03,Irish League,0,Ballymena United,1226,1213.0,0 - 1,Glenavon FC,1214,1227.0,0,1,Northern Ireland,domestic league (tier 1)
2023/04/15,Irish League,0,Ballymena United,1193,1199.0,2 - 0,Dungannon Swifts,1054,1048.0,2,0,Northern Ireland,domestic league (tier 1)
2023/04/29,Irish League,0,Ballymena United,1197,1201.0,1 - 0,Carrick Rangers,1066,1062.0,1,0,Northern Ireland,domestic league (tier 1)
2023/05/07,Northern Ireland Cup,0,Ballymena United,1201,1192.0,0 - 4,Crusaders FC,1407,1416.0,0,4,Northern Ireland,domestic cup
2023/08/11,Irish League,0,Ballymena United,1188,1182.0,1 - 2,Crusaders FC,1427,1433.0,1,2,Northern Ireland,domestic league (tier 1)
2023/08/18,Irish League,0,Ballymena United,1178,1174.0,0 - 1,Linfield FC,1514,1518.0,0,1,Northern Ireland,domestic league (tier 1)
2023/08/25,Irish League,0,Ballymena United,1174,1166.0,0 - 2,Glentoran FC,1439,1447.0,0,2,Northern Ireland,domestic league (tier 1)
2023/09/16,Irish League,0,Ballymena United,1169,1144.0,1 - 3,Loughgall FC,1001,1026.0,1,3,Northern Ireland,domestic league (tier 1)
2023/09/23,Irish League,0,Ballymena United,1144,1135.0,0 - 2,Cliftonville FC,1392,1401.0,0,2,Northern Ireland,domestic league (tier 1)
2023/10/03,Northern Ireland League Cup,0,Ballymena United,1146,1151.0,4 - 0,Lisburn Distillery,960,955.0,4,0,Northern Ireland,domestic cup
2023/10/07,Irish League,0,Ballymena United,1151,1127.0,0 - 2,Newry City FC,1015,1039.0,0,2,Northern Ireland,domestic league (tier 1)
2023/10/21,Irish League,0,Ballymena United,1125,1144.0,3 - 1,Coleraine FC,1319,1300.0,3,1,Northern Ireland,domestic league (tier 1)
2023/10/28,Irish League,0,Ballymena United,1144,1139.0,1 - 1,Dungannon Swifts,1062,1067.0,1,1,Northern Ireland,domestic league (tier 1)
2023/11/07,Northern Ireland League Cup,0,Ballymena United,1122,1124.0,1 - 1,Coleraine FC,1314,1312.0,1,1,Northern Ireland,domestic cup
2023/11/11,Irish League,0,Ballymena United,1124,1113.0,0 - 1,Glenavon FC,1173,1184.0,0,1,Northern Ireland,domestic league (tier 1)
2023/12/02,Irish League,0,Ballymena United,1107,1114.0,0 - 0,Larne FC,1485,1478.0,0,0,Northern Ireland,domestic league (tier 1)
2023/12/15,Irish League,0,Ballymena United,1114,1094.0,0 - 2,Carrick Rangers,1085,1105.0,0,2,Northern Ireland,domestic league (tier 1)
2023/12/26,Irish League,0,Ballymena United,1092,1110.0,3 - 1,Coleraine FC,1271,1253.0,3,1,Northern Ireland,domestic league (tier 1)
2024/01/13,Irish League,0,Ballymena United,1125,1105.0,2 - 4,Dungannon Swifts,1095,1115.0,2,4,Northern Ireland,domestic league (tier 1)
2024/01/27,Irish League,0,Ballymena United,1102,1088.0,0 - 1,Loughgall FC,1062,1076.0,0,1,Northern Ireland,domestic league (tier 1)
2024/02/17,Irish League,0,Ballymena United,1086,1083.0,0 - 1,Larne FC,1517,1520.0,0,1,Northern Ireland,domestic league (tier 1)
2024/03/09,Irish League,0,Ballymena United,1082,1074.0,2 - 4,Crusaders FC,1344,1352.0,2,4,Northern Ireland,domestic league (tier 1)
2024/03/16,Irish League,0,Ballymena United,1074,1056.0,0 - 2,Carrick Rangers,1109,1127.0,0,2,Northern Ireland,domestic league (tier 1)
2024/04/16,Irish League,0,Ballymena United,1061,1071.0,1 - 0,Glenavon FC,1169,1159.0,1,0,Northern Ireland,domestic league (tier 1)
2024/04/20,Irish League,0,Ballymena United,1071,1079.0,4 - 0,Newry City FC,946,938.0,4,0,Northern Ireland,domestic league (tier 1)
2024/05/03,Premier League NIR rel.,0,Ballymena United,1060,1068.0,2 - 0,Institute FC Drumahoe,990,982.0,2,0,Northern Ireland,domestic relegation
2024/08/10,Irish League,0,Ballymena United,1068,1064.0,0 - 2,Linfield FC,1508,1512.0,0,2,Northern Ireland,domestic league (tier 1)
2024/08/20,Irish League,0,Ballymena United,1059,1055.0,0 - 1,Crusaders FC,1376,1380.0,0,1,Northern Ireland,domestic league (tier 1)
2024/08/30,Irish League,0,Ballymena United,1050,1065.0,3 - 1,Glenavon FC,1139,1124.0,3,1,Northern Ireland,domestic league (tier 1)
2024/09/14,Irish League,0,Ballymena United,1084,1098.0,1 - 0,Glentoran FC,1334,1320.0,1,0,Northern Ireland,domestic league (tier 1)
2024/09/21,Irish League,0,Ballymena United,1121,1136.0,3 - 2,Cliftonville FC,1424,1409.0,3,2,Northern Ireland,domestic league (tier 1)
2024/10/05,Irish League,0,Ballymena United,1149,1158.0,4 - 1,Loughgall FC,1058,1049.0,4,1,Northern Ireland,domestic league (tier 1)
2024/10/19,Irish League,0,Ballymena United,1171,1160.0,0 - 1,Coleraine FC,1236,1247.0,0,1,Northern Ireland,domestic league (tier 1)
2024/11/01,Irish League,0,Ballymena United,1157,1133.0,0 - 3,Portadown FC,1112,1136.0,0,3,Northern Ireland,domestic league (tier 1)
2024/11/05,Northern Ireland League Cup,0,Ballymena United,1133,1136.0,1 - 0,Ards FC,1006,1003.0,1,0,Northern Ireland,domestic cup
2024/11/30,Irish League,0,Ballymena United,1152,1139.0,1 - 2,Carrick Rangers,1136,1149.0,1,2,Northern Ireland,domestic league (tier 1)
2024/12/14,Irish League,0,Ballymena United,1139,1128.0,0 - 1,Dungannon Swifts,1212,1223.0,0,1,Northern Ireland,domestic league (tier 1)
2024/12/30,Irish League,0,Ballymena United,1144,1124.0,0 - 2,Glenavon FC,1135,1155.0,0,2,Northern Ireland,domestic league (tier 1)
2025/01/04,Northern Ireland Cup,0,Ballymena United,1124,1108.0,1 - 2,Ards FC,1003,1019.0,1,2,Northern Ireland,domestic cup
2025/01/07,Northern Ireland League Cup,0,Ballymena United,1108,1102.0,0 - 2,Glentoran FC,1367,1373.0,0,2,Northern Ireland,domestic cup
2025/02/07,Irish League,0,Ballymena United,1104,1111.0,2 - 2,Linfield FC,1495,1488.0,2,2,Northern Ireland,domestic league (tier 1)
2025/02/18,Irish League,0,Ballymena United,1106,1111.0,1 - 1,Glentoran FC,1406,1401.0,1,1,Northern Ireland,domestic league (tier 1)
2025/02/22,Irish League,0,Ballymena United,1111,1125.0,2 - 0,Portadown FC,1199,1185.0,2,0,Northern Ireland,domestic league (tier 1)
2025/03/11,Irish League,0,Ballymena United,1150,1143.0,1 - 2,Larne FC,1365,1372.0,1,2,Northern Ireland,domestic league (tier 1)
2025/03/15,Irish League,0,Ballymena United,1143,1156.0,1 - 0,Cliftonville FC,1345,1332.0,1,0,Northern Ireland,domestic league (tier 1)
2025/04/01,Irish League,0,Ballymena United,1145,1153.0,5 - 2,Loughgall FC,1028,1020.0,5,2,Northern Ireland,domestic league (tier 1)
2025/04/12,Irish League,0,Ballymena United,1147,1144.0,1 - 1,Carrick Rangers,1124,1127.0,1,1,Northern Ireland,domestic league (tier 1)
2025/08/23,Irish League,0,Ballymena United,1171,1179.0,4 - 0,Bangor FC,1054,1046.0,4,0,Northern Ireland,domestic league (tier 1)
2025/09/06,Irish League,0,Ballymena United,1175,1163.0,0 - 2,Glentoran FC,1353,1365.0,0,2,Northern Ireland,domestic league (tier 1)
2025/09/16,Irish League,0,Ballymena United,1160,1175.0,1 - 0,Linfield FC,1460,1445.0,1,0,Northern Ireland,domestic league (tier 1)
2025/09/27,Irish League,0,Ballymena United,1179,1161.0,0 - 2,Dungannon Swifts,1204,1222.0,0,2,Northern Ireland,domestic league (tier 1)
2025/10/07,Northern Ireland League Cup,0,Ballymena United,1173,1175.0,1 - 0,Ballinamallard United FC,972,970.0,1,0,Northern Ireland,domestic cup
2025/10/11,Irish League,0,Ballymena United,1175,1162.0,1 - 3,Coleraine FC,1318,1331.0,1,3,Northern Ireland,domestic league (tier 1)
2025/11/01,Irish League,0,Ballymena United,1155,1146.0,0 - 2,Larne FC,1398,1407.0,0,2,Northern Ireland,domestic league (tier 1)
2025/11/22,Irish League,0,Ballymena United,1158,1157.0,2 - 2,Crusaders FC,1224,1225.0,2,2,Northern Ireland,domestic league (tier 1)
2025/12/02,Northern Ireland League Cup,0,Ballymena United,1144,1161.0,2 - 0,Larne FC,1433,1416.0,2,0,Northern Ireland,domestic cup
2025/12/06,Irish League,0,Ballymena United,1161,1151.0,1 - 2,Dungannon Swifts,1258,1268.0,1,2,Northern Ireland,domestic league (tier 1)
2025/12/20,Irish League,0,Ballymena United,1145,1141.0,1 - 1,Carrick Rangers,1105,1109.0,1,1,Northern Ireland,domestic league (tier 1)
2025/12/26,Irish League,0,Ballymena United,1141,1161.0,2 - 0,Coleraine FC,1357,1337.0,2,0,Northern Ireland,domestic league (tier 1)
2026/01/13,Irish League,0,Ballymena United,1149,1151.0,2 - 2,Cliftonville FC,1335,1333.0,2,2,Northern Ireland,domestic league (tier 1)
2026/02/03,Northern Ireland Cup,0,Ballymena United,1141,1137.0,1 - 2,Larne FC,1463,1467.0,1,2,Northern Ireland,domestic cup
2026/02/17,Irish League,0,Ballymena United,1135,1147.0,2 - 0,Crusaders FC,1165,1153.0,2,0,Northern Ireland,domestic league (tier 1)
2026/02/24,Irish League,0,Ballymena United,1144,1140.0,2 - 2,Glenavon FC,1102,1106.0,2,2,Northern Ireland,domestic league (tier 1)
2026/02/28,Irish League,0,Ballymena United,1140,1132.0,0 - 2,Larne FC,1428,1436.0,0,2,Northern Ireland,domestic league (tier 1)
2026/03/07,Irish League,0,Ballymena United,1132,1129.0,1 - 1,Portadown FC,1134,1137.0,1,1,Northern Ireland,domestic league (tier 1)
2026/03/14,Irish League,0,Ballymena United,1129,1138.0,2 - 1,Carrick Rangers,1186,1177.0,2,1,Northern Ireland,domestic league (tier 1)
2026/04/07,Irish League,0,Ballymena United,1145,1142.0,1 - 1,Glenavon FC,1132,1135.0,1,1,Northern Ireland,domestic league (tier 1)
2026/04/15,Irish League,0,Ballymena United,1156,1152.0,0 - 0,Bangor FC,1109,1113.0,0,0,Northern Ireland,domestic league (tier 1)
2026/04/18,Irish League,0,Ballymena United,1152,1138.0,1 - 2,Portadown FC,1118,1132.0,1,2,Northern Ireland,domestic league (tier 1)
2026/08/21,Irish League,0,Ballymena United,1153,1144.0,0 - 2,Glentoran FC,1389,1398.0,0,2,Northern Ireland,domestic league (tier 1)
2021/09/14,Northern Ireland League Cup,0,Bangor FC,1048,1043.0,0 - 5,Coleraine FC,1428,1433.0,0,5,Northern Ireland,domestic cup
2022/01/08,Northern Ireland Cup,0,Bangor FC,1043,1035.0,0 - 5,Larne FC,1395,1403.0,0,5,Northern Ireland,domestic cup
2023/02/03,Northern Ireland Cup,0,Bangor FC,1035,1032.0,1 - 2,Crusaders FC,1411,1414.0,1,2,Northern Ireland,domestic cup
2024/10/01,Northern Ireland League Cup,0,Bangor FC,1024,1034.0,4 - 0,Warrenpoint Town,1009,999.0,4,0,Northern Ireland,domestic cup
2024/11/05,Northern Ireland League Cup,0,Bangor FC,1034,1031.0,0 - 1,Cliftonville FC,1392,1395.0,0,1,Northern Ireland,domestic cup
2025/02/28,Northern Ireland Cup,0,Bangor FC,1031,1055.0,3 - 1,Glentoran FC,1387,1363.0,3,1,Northern Ireland,domestic cup
2025/03/29,Northern Ireland Cup,0,Bangor FC,1055,1044.0,0 - 2,Dungannon Swifts,1250,1261.0,0,2,Northern Ireland,domestic cup
2025/08/10,Irish League,0,Bangor FC,1044,1068.0,3 - 1,Cliftonville FC,1373,1349.0,3,1,Northern Ireland,domestic league (tier 1)
2025/08/19,Irish League,0,Bangor FC,1066,1054.0,1 - 3,Crusaders FC,1243,1255.0,1,3,Northern Ireland,domestic league (tier 1)
2025/08/30,Irish League,0,Bangor FC,1046,1058.0,2 - 1,Dungannon Swifts,1210,1198.0,2,1,Northern Ireland,domestic league (tier 1)
2025/09/06,Irish League,0,Bangor FC,1058,1052.0,0 - 2,Larne FC,1390,1396.0,0,2,Northern Ireland,domestic league (tier 1)
2025/09/26,Irish League,0,Bangor FC,1079,1073.0,0 - 3,Linfield FC,1448,1454.0,0,3,Northern Ireland,domestic league (tier 1)
2025/10/04,Irish League,0,Bangor FC,1073,1087.0,2 - 1,Coleraine FC,1332,1318.0,2,1,Northern Ireland,domestic league (tier 1)
2025/10/07,Northern Ireland League Cup,0,Bangor FC,1087,1092.0,4 - 1,Lisburn Distillery,948,943.0,4,1,Northern Ireland,domestic cup
2025/10/18,Irish League,0,Bangor FC,1115,1126.0,2 - 1,Crusaders FC,1238,1227.0,2,1,Northern Ireland,domestic league (tier 1)
2025/10/31,Irish League,0,Bangor FC,1134,1121.0,0 - 1,Carrick Rangers,1118,1131.0,0,1,Northern Ireland,domestic league (tier 1)
2025/11/08,Irish League,0,Bangor FC,1120,1108.0,2 - 3,Ballymena United,1146,1158.0,2,3,Northern Ireland,domestic league (tier 1)
2025/11/22,Irish League,0,Bangor FC,1112,1108.0,0 - 1,Linfield FC,1429,1433.0,0,1,Northern Ireland,domestic league (tier 1)
2025/11/28,Irish League,0,Bangor FC,1108,1112.0,1 - 1,Glentoran FC,1344,1340.0,1,1,Northern Ireland,domestic league (tier 1)
2025/12/20,Irish League,0,Bangor FC,1121,1125.0,1 - 1,Cliftonville FC,1351,1347.0,1,1,Northern Ireland,domestic league (tier 1)
2025/12/30,Irish League,0,Bangor FC,1121,1133.0,2 - 0,Ballymena United,1161,1149.0,2,0,Northern Ireland,domestic league (tier 1)
2026/01/17,Irish League,0,Bangor FC,1127,1136.0,1 - 0,Portadown FC,1180,1171.0,1,0,Northern Ireland,domestic league (tier 1)
2026/01/31,Irish League,0,Bangor FC,1134,1124.0,0 - 2,Coleraine FC,1359,1369.0,0,2,Northern Ireland,domestic league (tier 1)
2026/02/21,Irish League,0,Bangor FC,1117,1096.0,1 - 3,Glenavon FC,1081,1102.0,1,3,Northern Ireland,domestic league (tier 1)
2026/03/10,Irish League,0,Bangor FC,1101,1092.0,0 - 4,Glentoran FC,1404,1413.0,0,4,Northern Ireland,domestic league (tier 1)
2026/04/11,Irish League,0,Bangor FC,1111,1109.0,0 - 0,Glenavon FC,1135,1137.0,0,0,Northern Ireland,domestic league (tier 1)
2026/04/18,Irish League,0,Bangor FC,1113,1095.0,0 - 3,Carrick Rangers,1195,1213.0,0,3,Northern Ireland,domestic league (tier 1)
2026/04/25,Irish League,0,Bangor FC,1095,1077.0,2 - 4,Portadown FC,1132,1150.0,2,4,Northern Ireland,domestic league (tier 1)
2026/08/15,Irish League,0,Bangor FC,1077,1065.0,0 - 3,Cliftonville FC,1283,1295.0,0,3,Northern Ireland,domestic league (tier 1)
2026/08/29,Irish League,0,Bangor FC,1059,1043.0,0 - 4,Carrick Rangers,1214,1230.0,0,4,Northern Ireland,domestic league (tier 1)
2026/09/05,Irish League,0,Bangor FC,1043,,Info,Ballymena United,1144,,,,Northern Ireland,domestic league (tier 1)
2016/08/10,Irish League,0,Carrick Rangers,1087,1083.0,1 - 4,Crusaders FC,1524,1528.0,1,4,Northern Ireland,domestic league (tier 1)
2016/08/20,Irish League,0,Carrick Rangers,1100,1097.0,3 - 3,Ballinamallard United FC,1109,1112.0,3,3,Northern Ireland,domestic league (tier 1)
2016/08/26,Irish League,0,Carrick Rangers,1097,1077.0,1 - 4,Ballymena United,1137,1157.0,1,4,Northern Ireland,domestic league (tier 1)
2016/09/17,Irish League,0,Carrick Rangers,1074,1070.0,0 - 2,Linfield FC,1476,1480.0,0,2,Northern Ireland,domestic league (tier 1)
2016/09/24,Irish League,0,Carrick Rangers,1070,1053.0,0 - 3,Dungannon Swifts,1187,1204.0,0,3,Northern Ireland,domestic league (tier 1)
2016/10/15,Irish League,0,Carrick Rangers,1053,1059.0,0 - 0,Glenavon FC,1374,1368.0,0,0,Northern Ireland,domestic league (tier 1)
2016/10/29,Irish League,0,Carrick Rangers,1058,1050.0,1 - 2,Glentoran FC,1223,1231.0,1,2,Northern Ireland,domestic league (tier 1)
2016/11/19,Irish League,0,Carrick Rangers,1078,1077.0,1 - 1,Portadown FC,1132,1133.0,1,1,Northern Ireland,domestic league (tier 1)
2016/11/26,Irish League,0,Carrick Rangers,1077,1097.0,2 - 0,Coleraine FC,1285,1265.0,2,0,Northern Ireland,domestic league (tier 1)
2016/12/17,Irish League,0,Carrick Rangers,1101,1092.0,0 - 3,Cliftonville FC,1376,1385.0,0,3,Northern Ireland,domestic league (tier 1)
2016/12/26,Irish League,0,Carrick Rangers,1092,1088.0,1 - 1,Ards FC,1030,1034.0,1,1,Northern Ireland,domestic league (tier 1)
2017/01/13,Irish League,0,Carrick Rangers,1083,1071.0,1 - 2,Ballinamallard United FC,1098,1110.0,1,2,Northern Ireland,domestic league (tier 1)
2017/01/21,Irish League,0,Carrick Rangers,1071,1062.0,0 - 1,Dungannon Swifts,1203,1212.0,0,1,Northern Ireland,domestic league (tier 1)
2017/02/11,Irish League,0,Carrick Rangers,1080,1076.0,0 - 2,Linfield FC,1500,1504.0,0,2,Northern Ireland,domestic league (tier 1)
2017/02/25,Irish League,0,Carrick Rangers,1070,1075.0,0 - 0,Glenavon FC,1340,1335.0,0,0,Northern Ireland,domestic league (tier 1)
2017/03/18,Irish League,0,Carrick Rangers,1074,1081.0,3 - 2,Portadown FC,1075,1068.0,3,2,Northern Ireland,domestic league (tier 1)
2017/04/15,Irish League,0,Carrick Rangers,1069,1067.0,2 - 2,Ards FC,1088,1090.0,2,2,Northern Ireland,domestic league (tier 1)
2017/04/18,Irish League,0,Carrick Rangers,1067,1058.0,1 - 2,Glentoran FC,1206,1215.0,1,2,Northern Ireland,domestic league (tier 1)
2017/08/15,Irish League,0,Carrick Rangers,1052,1055.0,1 - 1,Ballymena United,1255,1252.0,1,1,Northern Ireland,domestic league (tier 1)
2017/08/25,Irish League,0,Carrick Rangers,1062,1073.0,2 - 0,Ballinamallard United FC,1079,1068.0,2,0,Northern Ireland,domestic league (tier 1)
2017/09/05,Irish League,0,Carrick Rangers,1073,1061.0,0 - 1,Ards FC,1087,1099.0,0,1,Northern Ireland,domestic league (tier 1)
2017/09/23,Irish League,0,Carrick Rangers,1055,1047.0,1 - 2,Cliftonville FC,1241,1249.0,1,2,Northern Ireland,domestic league (tier 1)
2017/10/14,Irish League,0,Carrick Rangers,1064,1076.0,2 - 1,Dungannon Swifts,1231,1219.0,2,1,Northern Ireland,domestic league (tier 1)
2017/10/28,Irish League,0,Carrick Rangers,1063,1056.0,0 - 2,Glenavon FC,1368,1375.0,0,2,Northern Ireland,domestic league (tier 1)
2017/11/11,Irish League,0,Carrick Rangers,1052,1034.0,0 - 2,Warrenpoint Town,1077,1095.0,0,2,Northern Ireland,domestic league (tier 1)
2017/12/02,Irish League,0,Carrick Rangers,1022,1018.0,1 - 3,Coleraine FC,1428,1432.0,1,3,Northern Ireland,domestic league (tier 1)
2017/12/23,Irish League,0,Carrick Rangers,1014,1017.0,1 - 1,Glentoran FC,1205,1202.0,1,1,Northern Ireland,domestic league (tier 1)
2017/12/29,Irish League,0,Carrick Rangers,1012,1009.0,2 - 2,Ballinamallard United FC,995,998.0,2,2,Northern Ireland,domestic league (tier 1)
2018/01/09,Irish League,0,Carrick Rangers,1004,1002.0,0 - 1,Linfield FC,1489,1491.0,0,1,Northern Ireland,domestic league (tier 1)
2018/02/06,Irish League,0,Carrick Rangers,997,994.0,0 - 3,Crusaders FC,1532,1535.0,0,3,Northern Ireland,domestic league (tier 1)
2018/02/13,Irish League,0,Carrick Rangers,1024,1017.0,1 - 2,Glentoran FC,1219,1226.0,1,2,Northern Ireland,domestic league (tier 1)
2018/02/17,Irish League,0,Carrick Rangers,1017,1006.0,1 - 2,Warrenpoint Town,1073,1084.0,1,2,Northern Ireland,domestic league (tier 1)
2018/02/24,Irish League,0,Carrick Rangers,1006,1003.0,1 - 2,Glenavon FC,1408,1411.0,1,2,Northern Ireland,domestic league (tier 1)
2018/02/27,Irish League,0,Carrick Rangers,1003,1016.0,1 - 0,Dungannon Swifts,1210,1197.0,1,0,Northern Ireland,domestic league (tier 1)
2018/03/17,Irish League,0,Carrick Rangers,1015,1011.0,0 - 1,Cliftonville FC,1354,1358.0,0,1,Northern Ireland,domestic league (tier 1)
2018/04/14,Irish League,0,Carrick Rangers,1005,995.0,0 - 1,Ards FC,1107,1117.0,0,1,Northern Ireland,domestic league (tier 1)
2019/08/13,Irish League,0,Carrick Rangers,1022,1008.0,1 - 2,Larne FC,985,999.0,1,2,Northern Ireland,domestic league (tier 1)
2019/08/24,Irish League,0,Carrick Rangers,1029,1024.0,0 - 1,Cliftonville FC,1334,1339.0,0,1,Northern Ireland,domestic league (tier 1)
2019/08/30,Irish League,0,Carrick Rangers,1017,1013.0,0 - 1,Ballymena United,1335,1339.0,0,1,Northern Ireland,domestic league (tier 1)
2019/09/23,Irish League,0,Carrick Rangers,1037,1033.0,0 - 3,Linfield FC,1491,1495.0,0,3,Northern Ireland,domestic league (tier 1)
2019/10/05,Irish League,0,Carrick Rangers,1029,1023.0,1 - 4,Coleraine FC,1396,1402.0,1,4,Northern Ireland,domestic league (tier 1)
2019/10/19,Irish League,0,Carrick Rangers,1019,1030.0,1 - 0,Dungannon Swifts,1162,1151.0,1,0,Northern Ireland,domestic league (tier 1)
2019/10/26,Irish League,0,Carrick Rangers,1030,1037.0,1 - 0,Warrenpoint Town,1014,1007.0,1,0,Northern Ireland,domestic league (tier 1)
2019/11/15,Irish League,0,Carrick Rangers,1054,1050.0,1 - 3,Crusaders FC,1463,1467.0,1,3,Northern Ireland,domestic league (tier 1)
2019/11/30,Irish League,0,Carrick Rangers,1049,1075.0,6 - 2,Glenavon FC,1291,1265.0,6,2,Northern Ireland,domestic league (tier 1)
2019/12/07,Irish League,0,Carrick Rangers,1075,1088.0,3 - 0,Institute FC Drumahoe,1080,1067.0,3,0,Northern Ireland,domestic league (tier 1)
2019/12/21,Irish League,0,Carrick Rangers,1084,1078.0,0 - 1,Glentoran FC,1316,1322.0,0,1,Northern Ireland,domestic league (tier 1)
2020/01/01,Irish League,0,Carrick Rangers,1103,1096.0,0 - 2,Coleraine FC,1408,1415.0,0,2,Northern Ireland,domestic league (tier 1)
2020/01/18,Irish League,0,Carrick Rangers,1101,1116.0,1 - 0,Cliftonville FC,1381,1366.0,1,0,Northern Ireland,domestic league (tier 1)
2020/01/25,Irish League,0,Carrick Rangers,1116,1101.0,1 - 2,Warrenpoint Town,1016,1031.0,1,2,Northern Ireland,domestic league (tier 1)
2020/02/22,Irish League,0,Carrick Rangers,1122,1109.0,1 - 2,Dungannon Swifts,1115,1128.0,1,2,Northern Ireland,domestic league (tier 1)
2020/03/07,Irish League,0,Carrick Rangers,1109,1104.0,0 - 2,Linfield FC,1481,1486.0,0,2,Northern Ireland,domestic league (tier 1)
2020/10/24,Irish League,0,Carrick Rangers,1102,1093.0,1 - 2,Larne FC,1253,1262.0,1,2,Northern Ireland,domestic league (tier 1)
2020/11/07,Irish League,0,Carrick Rangers,1090,1087.0,0 - 0,Dungannon Swifts,1099,1102.0,0,0,Northern Ireland,domestic league (tier 1)
2020/11/10,Irish League,0,Carrick Rangers,1087,1098.0,4 - 1,Portadown FC,1060,1049.0,4,1,Northern Ireland,domestic league (tier 1)
2020/12/05,Irish League,0,Carrick Rangers,1091,1070.0,1 - 3,Warrenpoint Town,1049,1070.0,1,3,Northern Ireland,domestic league (tier 1)
2021/01/30,Irish League,0,Carrick Rangers,1059,1047.0,0 - 2,Ballymena United,1239,1251.0,0,2,Northern Ireland,domestic league (tier 1)
2021/02/09,Irish League,0,Carrick Rangers,1068,1075.0,1 - 1,Linfield FC,1482,1475.0,1,1,Northern Ireland,domestic league (tier 1)
2021/02/20,Irish League,0,Carrick Rangers,1109,1100.0,3 - 4,Glenavon FC,1235,1244.0,3,4,Northern Ireland,domestic league (tier 1)
2021/02/23,Irish League,0,Carrick Rangers,1100,1094.0,0 - 2,Coleraine FC,1427,1433.0,0,2,Northern Ireland,domestic league (tier 1)
2021/02/27,Irish League,0,Carrick Rangers,1094,1088.0,0 - 1,Cliftonville FC,1333,1339.0,0,1,Northern Ireland,domestic league (tier 1)
2021/03/05,Irish League,0,Carrick Rangers,1095,1085.0,0 - 5,Glentoran FC,1379,1389.0,0,5,Northern Ireland,domestic league (tier 1)
2021/03/09,Irish League,0,Carrick Rangers,1085,1077.0,1 - 3,Crusaders FC,1364,1372.0,1,3,Northern Ireland,domestic league (tier 1)
2021/03/16,Irish League,0,Carrick Rangers,1074,1064.0,1 - 3,Larne FC,1301,1311.0,1,3,Northern Ireland,domestic league (tier 1)
2021/03/23,Irish League,0,Carrick Rangers,1063,1074.0,5 - 3,Portadown FC,1077,1066.0,5,3,Northern Ireland,domestic league (tier 1)
2021/03/27,Irish League,0,Carrick Rangers,1074,1072.0,1 - 1,Warrenpoint Town,1106,1108.0,1,1,Northern Ireland,domestic league (tier 1)
2021/04/06,Irish League,0,Carrick Rangers,1063,1068.0,1 - 1,Crusaders FC,1348,1343.0,1,1,Northern Ireland,domestic league (tier 1)
2021/04/16,Irish League,0,Carrick Rangers,1060,1056.0,1 - 1,Dungannon Swifts,1005,1009.0,1,1,Northern Ireland,domestic league (tier 1)
2021/05/04,Irish League,0,Carrick Rangers,1070,1056.0,0 - 4,Ballymena United,1259,1273.0,0,4,Northern Ireland,domestic league (tier 1)
2021/05/25,Irish League,0,Carrick Rangers,1044,1033.0,3 - 6,Glenavon FC,1269,1280.0,3,6,Northern Ireland,domestic league (tier 1)
2021/08/31,Irish League,0,Carrick Rangers,1021,1030.0,1 - 0,Warrenpoint Town,1084,1075.0,1,0,Northern Ireland,domestic league (tier 1)
2021/09/04,Irish League,0,Carrick Rangers,1030,1024.0,0 - 3,Coleraine FC,1417,1423.0,0,3,Northern Ireland,domestic league (tier 1)
2021/09/18,Irish League,0,Carrick Rangers,1057,1065.0,1 - 0,Portadown FC,1069,1061.0,1,0,Northern Ireland,domestic league (tier 1)
2021/10/02,Irish League,0,Carrick Rangers,1073,1085.0,2 - 1,Ballymena United,1249,1237.0,2,1,Northern Ireland,domestic league (tier 1)
2021/10/13,Northern Ireland League Cup,0,Carrick Rangers,1083,1079.0,0 - 2,Coleraine FC,1452,1456.0,0,2,Northern Ireland,domestic cup
2021/10/29,Irish League,0,Carrick Rangers,1065,1058.0,0 - 2,Glentoran FC,1357,1364.0,0,2,Northern Ireland,domestic league (tier 1)
2021/11/06,Irish League,0,Carrick Rangers,1058,1065.0,0 - 0,Coleraine FC,1459,1452.0,0,0,Northern Ireland,domestic league (tier 1)
2021/11/16,Irish League,0,Carrick Rangers,1068,1061.0,0 - 2,Crusaders FC,1367,1374.0,0,2,Northern Ireland,domestic league (tier 1)
2021/11/27,Irish League,0,Carrick Rangers,1078,1064.0,1 - 2,Warrenpoint Town,1025,1039.0,1,2,Northern Ireland,domestic league (tier 1)
2021/12/04,Irish League,0,Carrick Rangers,1063,1048.0,1 - 2,Dungannon Swifts,994,1009.0,1,2,Northern Ireland,domestic league (tier 1)
2021/12/11,Irish League,0,Carrick Rangers,1048,1041.0,0 - 3,Glentoran FC,1390,1397.0,0,3,Northern Ireland,domestic league (tier 1)
2021/12/27,Irish League,0,Carrick Rangers,1039,1033.0,1 - 3,Larne FC,1375,1381.0,1,3,Northern Ireland,domestic league (tier 1)
2022/01/15,Irish League,0,Carrick Rangers,1057,1059.0,2 - 2,Glenavon FC,1229,1227.0,2,2,Northern Ireland,domestic league (tier 1)
2022/01/25,Irish League,0,Carrick Rangers,1056,1080.0,3 - 0,Ballymena United,1290,1266.0,3,0,Northern Ireland,domestic league (tier 1)
2022/02/05,Northern Ireland Cup,0,Carrick Rangers,1071,1066.0,0 - 1,Cliftonville FC,1382,1387.0,0,1,Northern Ireland,domestic cup
2022/02/08,Irish League,0,Carrick Rangers,1066,1062.0,2 - 3,Cliftonville FC,1387,1391.0,2,3,Northern Ireland,domestic league (tier 1)
2022/03/04,Irish League,0,Carrick Rangers,1046,1043.0,1 - 2,Linfield FC,1463,1466.0,1,2,Northern Ireland,domestic league (tier 1)
2022/03/08,Irish League,0,Carrick Rangers,1043,1040.0,2 - 2,Portadown FC,1046,1049.0,2,2,Northern Ireland,domestic league (tier 1)
2022/03/18,Irish League,0,Carrick Rangers,1036,1042.0,1 - 1,Larne FC,1388,1382.0,1,1,Northern Ireland,domestic league (tier 1)
2022/04/09,Irish League,0,Carrick Rangers,1040,1047.0,1 - 0,Dungannon Swifts,1024,1017.0,1,0,Northern Ireland,domestic league (tier 1)
2022/04/19,Irish League,0,Carrick Rangers,1058,1051.0,0 - 1,Glenavon FC,1253,1260.0,0,1,Northern Ireland,domestic league (tier 1)
2022/08/13,Irish League,0,Carrick Rangers,1072,1078.0,2 - 1,Newry City FC,1005,999.0,2,1,Northern Ireland,domestic league (tier 1)
2022/08/23,Irish League,0,Carrick Rangers,1077,1068.0,2 - 4,Coleraine FC,1325,1334.0,2,4,Northern Ireland,domestic league (tier 1)
2022/08/28,Irish League,0,Carrick Rangers,1068,1086.0,2 - 1,Linfield FC,1512,1494.0,2,1,Northern Ireland,domestic league (tier 1)
2022/09/23,Irish League,0,Carrick Rangers,1108,1104.0,0 - 1,Larne FC,1426,1430.0,0,1,Northern Ireland,domestic league (tier 1)
2022/10/01,Irish League,0,Carrick Rangers,1104,1119.0,4 - 3,Crusaders FC,1418,1403.0,4,3,Northern Ireland,domestic league (tier 1)
2022/10/15,Irish League,0,Carrick Rangers,1113,1121.0,3 - 0,Dungannon Swifts,1011,1003.0,3,0,Northern Ireland,domestic league (tier 1)
2022/11/05,Irish League,0,Carrick Rangers,1112,1105.0,0 - 1,Coleraine FC,1303,1310.0,0,1,Northern Ireland,domestic league (tier 1)
2022/11/08,Irish League,0,Carrick Rangers,1105,1111.0,2 - 0,Portadown FC,972,966.0,2,0,Northern Ireland,domestic league (tier 1)
2022/11/19,Irish League,0,Carrick Rangers,1095,1101.0,2 - 0,Portadown FC,962,956.0,2,0,Northern Ireland,domestic league (tier 1)
2022/11/26,Irish League,0,Carrick Rangers,1101,1087.0,0 - 2,Ballymena United,1219,1233.0,0,2,Northern Ireland,domestic league (tier 1)
2023/01/02,Irish League,0,Carrick Rangers,1078,1071.0,0 - 3,Crusaders FC,1415,1422.0,0,3,Northern Ireland,domestic league (tier 1)
2023/01/07,Northern Ireland Cup,0,Carrick Rangers,1071,1073.0,1 - 1,Ballymena United,1253,1251.0,1,1,Northern Ireland,domestic cup
2023/01/13,Irish League,0,Carrick Rangers,1073,1080.0,3 - 3,Cliftonville FC,1448,1441.0,3,3,Northern Ireland,domestic league (tier 1)
2023/01/28,Irish League,0,Carrick Rangers,1078,1079.0,1 - 1,Glenavon FC,1207,1206.0,1,1,Northern Ireland,domestic league (tier 1)
2023/02/14,Irish League,0,Carrick Rangers,1096,1107.0,1 - 0,Ballymena United,1229,1218.0,1,0,Northern Ireland,domestic league (tier 1)
2023/02/25,Irish League,0,Carrick Rangers,1105,1101.0,2 - 3,Larne FC,1464,1468.0,2,3,Northern Ireland,domestic league (tier 1)
2023/03/07,Irish League,0,Carrick Rangers,1117,1108.0,1 - 5,Glentoran FC,1407,1416.0,1,5,Northern Ireland,domestic league (tier 1)
2023/03/18,Irish League,0,Carrick Rangers,1119,1109.0,0 - 4,Glentoran FC,1393,1403.0,0,4,Northern Ireland,domestic league (tier 1)
2023/04/07,Irish League,0,Carrick Rangers,1106,1083.0,0 - 2,Newry City FC,990,1013.0,0,2,Northern Ireland,domestic league (tier 1)
2023/04/11,Irish League,0,Carrick Rangers,1083,1093.0,2 - 0,Dungannon Swifts,1064,1054.0,2,0,Northern Ireland,domestic league (tier 1)
2023/04/22,Irish League,0,Carrick Rangers,1079,1066.0,1 - 3,Glenavon FC,1235,1248.0,1,3,Northern Ireland,domestic league (tier 1)
2023/08/12,Irish League,0,Carrick Rangers,1062,1040.0,0 - 2,Newry City FC,990,1012.0,0,2,Northern Ireland,domestic league (tier 1)
2023/08/15,Irish League,0,Carrick Rangers,1040,1063.0,2 - 0,Coleraine FC,1352,1329.0,2,0,Northern Ireland,domestic league (tier 1)
2023/09/01,Irish League,0,Carrick Rangers,1066,1073.0,2 - 1,Dungannon Swifts,1055,1048.0,2,1,Northern Ireland,domestic league (tier 1)
2023/09/09,Irish League,0,Carrick Rangers,1073,1063.0,0 - 1,Ballymena United,1159,1169.0,0,1,Northern Ireland,domestic league (tier 1)
2023/09/30,Irish League,0,Carrick Rangers,1057,1074.0,2 - 1,Glentoran FC,1428,1411.0,2,1,Northern Ireland,domestic league (tier 1)
2023/10/13,Irish League,0,Carrick Rangers,1086,1084.0,1 - 2,Linfield FC,1528,1530.0,1,2,Northern Ireland,domestic league (tier 1)
2023/10/28,Irish League,0,Carrick Rangers,1082,1066.0,1 - 3,Glenavon FC,1152,1168.0,1,3,Northern Ireland,domestic league (tier 1)
2023/11/07,Northern Ireland League Cup,0,Carrick Rangers,1085,1082.0,2 - 2,Newry City FC,1015,1018.0,2,2,Northern Ireland,domestic cup
2023/11/19,Irish League,0,Carrick Rangers,1095,1087.0,0 - 3,Cliftonville FC,1396,1404.0,0,3,Northern Ireland,domestic league (tier 1)
2023/12/02,Irish League,0,Carrick Rangers,1094,1090.0,2 - 2,Loughgall FC,1042,1046.0,2,2,Northern Ireland,domestic league (tier 1)
2023/12/08,Irish League,0,Carrick Rangers,1090,1085.0,0 - 1,Crusaders FC,1384,1389.0,0,1,Northern Ireland,domestic league (tier 1)
2023/12/26,Irish League,0,Carrick Rangers,1115,1112.0,1 - 2,Larne FC,1492,1495.0,1,2,Northern Ireland,domestic league (tier 1)
2024/01/06,Northern Ireland Cup,0,Carrick Rangers,1109,1105.0,1 - 1,Portadown FC,1050,1054.0,1,1,Northern Ireland,domestic cup
2024/01/13,Irish League,0,Carrick Rangers,1105,1090.0,0 - 2,Glenavon FC,1195,1210.0,0,2,Northern Ireland,domestic league (tier 1)
2024/01/26,Irish League,0,Carrick Rangers,1113,1109.0,0 - 1,Cliftonville FC,1452,1456.0,0,1,Northern Ireland,domestic league (tier 1)
2024/02/17,Irish League,0,Carrick Rangers,1117,1124.0,2 - 1,Dungannon Swifts,1118,1111.0,2,1,Northern Ireland,domestic league (tier 1)
2024/03/09,Irish League,0,Carrick Rangers,1125,1109.0,0 - 1,Newry City FC,963,979.0,0,1,Northern Ireland,domestic league (tier 1)
2024/04/02,Irish League,0,Carrick Rangers,1127,1124.0,2 - 3,Linfield FC,1546,1549.0,2,3,Northern Ireland,domestic league (tier 1)
2024/04/13,Irish League,0,Carrick Rangers,1117,1123.0,2 - 1,Ballymena United,1067,1061.0,2,1,Northern Ireland,domestic league (tier 1)
2024/04/20,Irish League,0,Carrick Rangers,1135,1141.0,2 - 1,Loughgall FC,1097,1091.0,2,1,Northern Ireland,domestic league (tier 1)
2024/08/10,Irish League,0,Carrick Rangers,1150,1160.0,2 - 0,Glenavon FC,1135,1125.0,2,0,Northern Ireland,domestic league (tier 1)
2024/08/23,Irish League,0,Carrick Rangers,1145,1137.0,2 - 3,Glentoran FC,1328,1336.0,2,3,Northern Ireland,domestic league (tier 1)
2024/09/07,Irish League,0,Carrick Rangers,1135,1121.0,0 - 1,Portadown FC,1070,1084.0,0,1,Northern Ireland,domestic league (tier 1)
2024/09/17,Irish League,0,Carrick Rangers,1115,1092.0,1 - 4,Ballymena United,1098,1121.0,1,4,Northern Ireland,domestic league (tier 1)
2024/10/05,Irish League,0,Carrick Rangers,1082,1105.0,2 - 0,Cliftonville FC,1396,1373.0,2,0,Northern Ireland,domestic league (tier 1)
2024/10/12,Irish League,0,Carrick Rangers,1105,1116.0,2 - 1,Coleraine FC,1247,1236.0,2,1,Northern Ireland,domestic league (tier 1)
2024/11/03,Irish League,0,Carrick Rangers,1127,1121.0,1 - 3,Linfield FC,1483,1489.0,1,3,Northern Ireland,domestic league (tier 1)
2024/11/16,Irish League,0,Carrick Rangers,1124,1147.0,3 - 0,Crusaders FC,1340,1317.0,3,0,Northern Ireland,domestic league (tier 1)
2024/11/23,Irish League,0,Carrick Rangers,1147,1136.0,0 - 1,Dungannon Swifts,1200,1211.0,0,1,Northern Ireland,domestic league (tier 1)
2024/12/14,Irish League,0,Carrick Rangers,1149,1144.0,0 - 0,Loughgall FC,1066,1071.0,0,0,Northern Ireland,domestic league (tier 1)
2024/12/30,Irish League,0,Carrick Rangers,1152,1153.0,0 - 0,Crusaders FC,1294,1293.0,0,0,Northern Ireland,domestic league (tier 1)
2025/01/04,Northern Ireland Cup,0,Carrick Rangers,1153,1156.0,4 - 3,Newry City FC,923,920.0,4,3,Northern Ireland,domestic cup
2025/01/18,Irish League,0,Carrick Rangers,1153,1149.0,0 - 0,Ballymena United,1102,1106.0,0,0,Northern Ireland,domestic league (tier 1)
2025/02/04,Irish League,0,Carrick Rangers,1157,1152.0,1 - 2,Larne FC,1426,1431.0,1,2,Northern Ireland,domestic league (tier 1)
2025/02/08,Irish League,0,Carrick Rangers,1152,1142.0,0 - 1,Coleraine FC,1238,1248.0,0,1,Northern Ireland,domestic league (tier 1)
2025/02/22,Irish League,0,Carrick Rangers,1130,1125.0,0 - 0,Loughgall FC,1039,1044.0,0,0,Northern Ireland,domestic league (tier 1)
2025/03/01,Northern Ireland Cup,0,Carrick Rangers,1125,1111.0,1 - 3,Dungannon Swifts,1251,1265.0,1,3,Northern Ireland,domestic cup
2025/03/04,Irish League,0,Carrick Rangers,1111,1125.0,1 - 0,Larne FC,1375,1361.0,1,0,Northern Ireland,domestic league (tier 1)
2025/03/15,Irish League,0,Carrick Rangers,1119,1123.0,0 - 0,Glentoran FC,1352,1348.0,0,0,Northern Ireland,domestic league (tier 1)
2025/04/01,Irish League,0,Carrick Rangers,1118,1108.0,1 - 3,Cliftonville FC,1342,1352.0,1,3,Northern Ireland,domestic league (tier 1)
2025/04/05,Irish League,0,Carrick Rangers,1108,1124.0,4 - 1,Portadown FC,1174,1158.0,4,1,Northern Ireland,domestic league (tier 1)
2025/04/26,Irish League,0,Carrick Rangers,1127,1106.0,0 - 4,Glenavon FC,1177,1198.0,0,4,Northern Ireland,domestic league (tier 1)
2025/08/16,Irish League,0,Carrick Rangers,1122,1131.0,1 - 0,Glenavon FC,1176,1167.0,1,0,Northern Ireland,domestic league (tier 1)
2025/09/06,Irish League,0,Carrick Rangers,1161,1153.0,1 - 2,Cliftonville FC,1344,1352.0,1,2,Northern Ireland,domestic league (tier 1)
2025/10/04,Irish League,0,Carrick Rangers,1147,1135.0,1 - 2,Ballymena United,1161,1173.0,1,2,Northern Ireland,domestic league (tier 1)
2025/10/11,Irish League,0,Carrick Rangers,1126,1134.0,1 - 0,Portadown FC,1158,1150.0,1,0,Northern Ireland,domestic league (tier 1)
2025/10/25,Irish League,0,Carrick Rangers,1126,1118.0,0 - 1,Cliftonville FC,1309,1317.0,0,1,Northern Ireland,domestic league (tier 1)
2025/11/08,Irish League,0,Carrick Rangers,1131,1120.0,1 - 2,Crusaders FC,1205,1216.0,1,2,Northern Ireland,domestic league (tier 1)
2025/11/22,Irish League,0,Carrick Rangers,1120,1108.0,1 - 2,Portadown FC,1150,1162.0,1,2,Northern Ireland,domestic league (tier 1)
2025/12/13,Irish League,0,Carrick Rangers,1103,1105.0,3 - 3,Dungannon Swifts,1268,1266.0,3,3,Northern Ireland,domestic league (tier 1)
2025/12/26,Irish League,0,Carrick Rangers,1109,1105.0,1 - 2,Larne FC,1425,1429.0,1,2,Northern Ireland,domestic league (tier 1)
2026/01/03,Irish League,0,Carrick Rangers,1110,1096.0,0 - 7,Glentoran FC,1357,1371.0,0,7,Northern Ireland,domestic league (tier 1)
2026/01/13,Irish League,0,Carrick Rangers,1096,1101.0,0 - 0,Linfield FC,1406,1401.0,0,0,Northern Ireland,domestic league (tier 1)
2026/01/24,Irish League,0,Carrick Rangers,1131,1152.0,5 - 1,Dungannon Swifts,1281,1260.0,5,1,Northern Ireland,domestic league (tier 1)
2026/02/03,Irish League,0,Carrick Rangers,1175,1181.0,3 - 2,Bangor FC,1124,1118.0,3,2,Northern Ireland,domestic league (tier 1)
2026/02/07,Northern Ireland Cup,0,Carrick Rangers,1181,1168.0,1 - 4,Coleraine FC,1364,1377.0,1,4,Northern Ireland,domestic cup
2026/02/10,Irish League,0,Carrick Rangers,1168,1173.0,2 - 1,Glenavon FC,1094,1089.0,2,1,Northern Ireland,domestic league (tier 1)
2026/02/14,Irish League,0,Carrick Rangers,1173,1176.0,1 - 1,Coleraine FC,1379,1376.0,1,1,Northern Ireland,domestic league (tier 1)
2026/02/28,Irish League,0,Carrick Rangers,1194,1189.0,1 - 1,Bangor FC,1096,1101.0,1,1,Northern Ireland,domestic league (tier 1)
2026/03/20,Irish League,0,Carrick Rangers,1177,1198.0,2 - 0,Linfield FC,1427,1406.0,2,0,Northern Ireland,domestic league (tier 1)
2026/03/28,Irish League,0,Carrick Rangers,1198,1208.0,6 - 1,Crusaders FC,1114,1104.0,6,1,Northern Ireland,domestic league (tier 1)
2026/04/11,Irish League,0,Carrick Rangers,1209,1195.0,2 - 3,Ballymena United,1142,1156.0,2,3,Northern Ireland,domestic league (tier 1)
2026/08/08,Irish League,0,Carrick Rangers,1211,1217.0,1 - 0,Portadown FC,1150,1144.0,1,0,Northern Ireland,domestic league (tier 1)
2026/08/22,Irish League,0,Carrick Rangers,1224,1214.0,0 - 2,Coleraine FC,1453,1463.0,0,2,Northern Ireland,domestic league (tier 1)
2016/08/10,Irish League,0,Cliftonville FC,1324,1333.0,2 - 0,Glentoran FC,1278,1269.0,2,0,Northern Ireland,domestic league (tier 1)
2016/08/20,Irish League,0,Cliftonville FC,1327,1311.0,1 - 2,Dungannon Swifts,1167,1183.0,1,2,Northern Ireland,domestic league (tier 1)
2016/09/17,Irish League,0,Cliftonville FC,1309,1315.0,1 - 0,Coleraine FC,1263,1257.0,1,0,Northern Ireland,domestic league (tier 1)
2016/10/08,Irish League,0,Cliftonville FC,1326,1328.0,1 - 0,Carrick Rangers,1043,1041.0,1,0,Northern Ireland,domestic league (tier 1)
2016/10/15,Irish League,0,Cliftonville FC,1328,1331.0,2 - 0,Ards FC,1058,1055.0,2,0,Northern Ireland,domestic league (tier 1)
2016/10/18,Irish League,0,Cliftonville FC,1331,1342.0,2 - 1,Linfield FC,1471,1460.0,2,1,Northern Ireland,domestic league (tier 1)
2016/10/29,Irish League,0,Cliftonville FC,1331,1346.0,3 - 0,Glenavon FC,1377,1362.0,3,0,Northern Ireland,domestic league (tier 1)
2016/11/12,Irish League,0,Cliftonville FC,1345,1347.0,1 - 0,Ballinamallard United FC,1078,1076.0,1,0,Northern Ireland,domestic league (tier 1)
2016/11/26,Irish League,0,Cliftonville FC,1358,1364.0,2 - 0,Ballymena United,1231,1225.0,2,0,Northern Ireland,domestic league (tier 1)
2016/12/10,Irish League,0,Cliftonville FC,1374,1376.0,1 - 0,Portadown FC,1118,1116.0,1,0,Northern Ireland,domestic league (tier 1)
2016/12/26,Irish League,0,Cliftonville FC,1385,1369.0,0 - 4,Crusaders FC,1529,1545.0,0,4,Northern Ireland,domestic league (tier 1)
2017/01/03,Irish League,0,Cliftonville FC,1371,1363.0,0 - 0,Carrick Rangers,1082,1090.0,0,0,Northern Ireland,domestic league (tier 1)
2017/01/14,Irish League,0,Cliftonville FC,1362,1364.0,2 - 1,Ards FC,1050,1048.0,2,1,Northern Ireland,domestic league (tier 1)
2017/01/28,Irish League,0,Cliftonville FC,1361,1365.0,3 - 0,Portadown FC,1099,1095.0,3,0,Northern Ireland,domestic league (tier 1)
2017/02/17,Irish League,0,Cliftonville FC,1351,1345.0,1 - 1,Glentoran FC,1216,1222.0,1,1,Northern Ireland,domestic league (tier 1)
2017/02/25,Irish League,0,Cliftonville FC,1345,1341.0,0 - 0,Coleraine FC,1278,1282.0,0,0,Northern Ireland,domestic league (tier 1)
2017/03/25,Irish League,0,Cliftonville FC,1335,1339.0,2 - 1,Ballymena United,1219,1215.0,2,1,Northern Ireland,domestic league (tier 1)
2017/04/15,Irish League,0,Cliftonville FC,1329,1321.0,2 - 3,Crusaders FC,1511,1519.0,2,3,Northern Ireland,domestic league (tier 1)
2017/04/22,Irish League,0,Cliftonville FC,1302,1284.0,1 - 3,Glenavon FC,1324,1342.0,1,3,Northern Ireland,domestic league (tier 1)
2017/04/29,Irish League,0,Cliftonville FC,1284,1276.0,1 - 3,Linfield FC,1565,1573.0,1,3,Northern Ireland,domestic league (tier 1)
2017/05/08,Irish League,0,Cliftonville FC,1276,1259.0,3 - 5,Glenavon FC,1334,1351.0,3,5,Northern Ireland,domestic league (tier 1)
2017/08/12,Irish League,0,Cliftonville FC,1259,1266.0,6 - 3,Ards FC,1115,1108.0,6,3,Northern Ireland,domestic league (tier 1)
2017/08/26,Irish League,0,Cliftonville FC,1256,1250.0,1 - 2,Crusaders FC,1488,1494.0,1,2,Northern Ireland,domestic league (tier 1)
2017/09/09,Irish League,0,Cliftonville FC,1242,1248.0,2 - 1,Dungannon Swifts,1203,1197.0,2,1,Northern Ireland,domestic league (tier 1)
2017/09/30,Irish League,0,Cliftonville FC,1249,1265.0,3 - 2,Linfield FC,1569,1553.0,3,2,Northern Ireland,domestic league (tier 1)
2017/10/07,Irish League,0,Cliftonville FC,1265,1270.0,2 - 0,Warrenpoint Town,1093,1088.0,2,0,Northern Ireland,domestic league (tier 1)
2017/10/21,Irish League,0,Cliftonville FC,1288,1279.0,1 - 2,Coleraine FC,1413,1422.0,1,2,Northern Ireland,domestic league (tier 1)
2017/11/04,Irish League,0,Cliftonville FC,1299,1303.0,3 - 0,Carrick Rangers,1056,1052.0,3,0,Northern Ireland,domestic league (tier 1)
2017/11/11,Irish League,0,Cliftonville FC,1303,1307.0,5 - 0,Ballinamallard United FC,1026,1022.0,5,0,Northern Ireland,domestic league (tier 1)
2017/11/25,Irish League,0,Cliftonville FC,1318,1323.0,1 - 0,Ballymena United,1249,1244.0,1,0,Northern Ireland,domestic league (tier 1)
2017/12/16,Irish League,0,Cliftonville FC,1332,1336.0,1 - 0,Glentoran FC,1209,1205.0,1,0,Northern Ireland,domestic league (tier 1)
2017/12/30,Irish League,0,Cliftonville FC,1327,1327.0,0 - 0,Coleraine FC,1437,1437.0,0,0,Northern Ireland,domestic league (tier 1)
2018/01/20,Irish League,0,Cliftonville FC,1333,1339.0,3 - 0,Dungannon Swifts,1173,1167.0,3,0,Northern Ireland,domestic league (tier 1)
2018/01/29,Irish League,0,Cliftonville FC,1315,1314.0,1 - 1,Glenavon FC,1389,1390.0,1,1,Northern Ireland,domestic league (tier 1)
2018/02/17,Irish League,0,Cliftonville FC,1336,1327.0,1 - 2,Linfield FC,1473,1482.0,1,2,Northern Ireland,domestic league (tier 1)
2018/03/10,Irish League,0,Cliftonville FC,1317,1338.0,3 - 1,Crusaders FC,1559,1538.0,3,1,Northern Ireland,domestic league (tier 1)
2018/03/20,Irish League,0,Cliftonville FC,1358,1342.0,1 - 2,Ballymena United,1202,1218.0,1,2,Northern Ireland,domestic league (tier 1)
2018/03/23,Irish League,0,Cliftonville FC,1342,1347.0,3 - 0,Ards FC,1118,1113.0,3,0,Northern Ireland,domestic league (tier 1)
2018/04/14,Irish League,0,Cliftonville FC,1362,1343.0,1 - 3,Glenavon FC,1364,1383.0,1,3,Northern Ireland,domestic league (tier 1)
2018/05/09,Irish League,0,Cliftonville FC,1355,1363.0,4 - 0,Ballymena United,1215,1207.0,4,0,Northern Ireland,domestic league (tier 1)
2018/05/12,Irish League,0,Cliftonville FC,1363,1367.0,3 - 2,Glentoran FC,1213,1209.0,3,2,Northern Ireland,domestic league (tier 1)
2018/08/11,Irish League,0,Cliftonville FC,1371,1362.0,1 - 2,Coleraine FC,1490,1499.0,1,2,Northern Ireland,domestic league (tier 1)
2018/08/25,Irish League,0,Cliftonville FC,1359,1359.0,1 - 1,Linfield FC,1446,1446.0,1,1,Northern Ireland,domestic league (tier 1)
2018/09/07,Irish League,0,Cliftonville FC,1345,1348.0,3 - 0,Institute FC Drumahoe,1024,1021.0,3,0,Northern Ireland,domestic league (tier 1)
2018/09/22,Irish League,0,Cliftonville FC,1332,1337.0,3 - 2,Ballymena United,1248,1243.0,3,2,Northern Ireland,domestic league (tier 1)
2018/09/29,Irish League,0,Cliftonville FC,1337,1341.0,3 - 1,Ards FC,1100,1096.0,3,1,Northern Ireland,domestic league (tier 1)
2018/10/20,Irish League,0,Cliftonville FC,1338,1341.0,3 - 1,Warrenpoint Town,1074,1071.0,3,1,Northern Ireland,domestic league (tier 1)
2018/11/03,Irish League,0,Cliftonville FC,1357,1361.0,1 - 0,Glentoran FC,1231,1227.0,1,0,Northern Ireland,domestic league (tier 1)
2018/11/12,Irish League,0,Cliftonville FC,1361,1363.0,3 - 1,Newry City FC,1002,1000.0,3,1,Northern Ireland,domestic league (tier 1)
2018/12/01,Irish League,0,Cliftonville FC,1334,1341.0,5 - 1,Dungannon Swifts,1179,1172.0,5,1,Northern Ireland,domestic league (tier 1)
2018/12/08,Irish League,0,Cliftonville FC,1341,1355.0,4 - 2,Glenavon FC,1409,1395.0,4,2,Northern Ireland,domestic league (tier 1)
2018/12/26,Irish League,0,Cliftonville FC,1339,1320.0,1 - 5,Crusaders FC,1440,1459.0,1,5,Northern Ireland,domestic league (tier 1)
2018/12/29,Irish League,0,Cliftonville FC,1320,1306.0,0 - 2,Linfield FC,1452,1466.0,0,2,Northern Ireland,domestic league (tier 1)
2019/01/12,Irish League,0,Cliftonville FC,1282,1286.0,4 - 1,Ards FC,1043,1039.0,4,1,Northern Ireland,domestic league (tier 1)
2019/01/26,Irish League,0,Cliftonville FC,1271,1271.0,1 - 1,Glenavon FC,1358,1358.0,1,1,Northern Ireland,domestic league (tier 1)
2019/02/09,Irish League,0,Cliftonville FC,1271,1273.0,1 - 0,Newry City FC,996,994.0,1,0,Northern Ireland,domestic league (tier 1)
2019/03/09,Irish League,0,Cliftonville FC,1303,1306.0,1 - 0,Institute FC Drumahoe,1081,1078.0,1,0,Northern Ireland,domestic league (tier 1)
2019/03/30,Irish League,0,Cliftonville FC,1301,1306.0,2 - 1,Glentoran FC,1218,1213.0,2,1,Northern Ireland,domestic league (tier 1)
2019/04/06,Irish League,0,Cliftonville FC,1306,1319.0,4 - 2,Coleraine FC,1355,1342.0,4,2,Northern Ireland,domestic league (tier 1)
2019/04/13,Irish League,0,Cliftonville FC,1319,1317.0,1 - 1,Ballymena United,1345,1347.0,1,1,Northern Ireland,domestic league (tier 1)
2019/04/20,Irish League,0,Cliftonville FC,1317,1335.0,2 - 0,Crusaders FC,1486,1468.0,2,0,Northern Ireland,domestic league (tier 1)
2019/05/07,Irish League,0,Cliftonville FC,1316,1328.0,5 - 3,Coleraine FC,1356,1344.0,5,3,Northern Ireland,domestic league (tier 1)
2019/05/11,Irish League,0,Cliftonville FC,1328,1336.0,2 - 0,Glentoran FC,1257,1249.0,2,0,Northern Ireland,domestic league (tier 1)
2019/08/13,Irish League,0,Cliftonville FC,1336,1348.0,3 - 1,Glenavon FC,1371,1359.0,3,1,Northern Ireland,domestic league (tier 1)
2019/08/17,Irish League,0,Cliftonville FC,1348,1334.0,0 - 2,Crusaders FC,1481,1495.0,0,2,Northern Ireland,domestic league (tier 1)
2019/09/07,Irish League,0,Cliftonville FC,1350,1341.0,0 - 1,Linfield FC,1477,1486.0,0,1,Northern Ireland,domestic league (tier 1)
2019/09/21,Irish League,0,Cliftonville FC,1358,1359.0,1 - 0,Institute FC Drumahoe,1015,1014.0,1,0,Northern Ireland,domestic league (tier 1)
2019/10/12,Irish League,0,Cliftonville FC,1362,1364.0,1 - 0,Larne FC,1075,1073.0,1,0,Northern Ireland,domestic league (tier 1)
2019/10/26,Irish League,0,Cliftonville FC,1372,1377.0,5 - 0,Dungannon Swifts,1151,1146.0,5,0,Northern Ireland,domestic league (tier 1)
2019/11/09,Irish League,0,Cliftonville FC,1384,1386.0,4 - 0,Warrenpoint Town,997,995.0,4,0,Northern Ireland,domestic league (tier 1)
2019/11/16,Irish League,0,Cliftonville FC,1386,1390.0,1 - 0,Ballymena United,1262,1258.0,1,0,Northern Ireland,domestic league (tier 1)
2019/11/30,Irish League,0,Cliftonville FC,1385,1362.0,0 - 2,Glentoran FC,1287,1310.0,0,2,Northern Ireland,domestic league (tier 1)
2019/12/21,Irish League,0,Cliftonville FC,1358,1367.0,1 - 0,Coleraine FC,1412,1403.0,1,0,Northern Ireland,domestic league (tier 1)
2020/01/01,Irish League,0,Cliftonville FC,1388,1392.0,1 - 0,Glenavon FC,1253,1249.0,1,0,Northern Ireland,domestic league (tier 1)
2020/01/13,Irish League,0,Cliftonville FC,1392,1381.0,1 - 2,Linfield FC,1468,1479.0,1,2,Northern Ireland,domestic league (tier 1)
2020/02/04,Irish League,0,Cliftonville FC,1360,1363.0,3 - 1,Carrick Rangers,1095,1092.0,3,1,Northern Ireland,domestic league (tier 1)
2020/02/08,Irish League,0,Cliftonville FC,1363,1355.0,1 - 1,Dungannon Swifts,1122,1130.0,1,1,Northern Ireland,domestic league (tier 1)
2020/02/22,Irish League,0,Cliftonville FC,1355,1348.0,1 - 1,Ballymena United,1182,1189.0,1,1,Northern Ireland,domestic league (tier 1)
2020/10/17,Irish League,0,Cliftonville FC,1375,1381.0,1 - 0,Glentoran FC,1343,1337.0,1,0,Northern Ireland,domestic league (tier 1)
2020/10/31,Irish League,0,Cliftonville FC,1375,1378.0,3 - 0,Carrick Rangers,1093,1090.0,3,0,Northern Ireland,domestic league (tier 1)
2020/11/07,Irish League,0,Cliftonville FC,1378,1381.0,3 - 0,Warrenpoint Town,1037,1034.0,3,0,Northern Ireland,domestic league (tier 1)
2020/11/24,Irish League,0,Cliftonville FC,1356,1325.0,0 - 4,Ballymena United,1168,1199.0,0,4,Northern Ireland,domestic league (tier 1)
2020/11/28,Irish League,0,Cliftonville FC,1325,1329.0,5 - 0,Portadown FC,1049,1045.0,5,0,Northern Ireland,domestic league (tier 1)
2020/12/19,Irish League,0,Cliftonville FC,1324,1307.0,0 - 2,Coleraine FC,1389,1406.0,0,2,Northern Ireland,domestic league (tier 1)
2021/01/09,Irish League,0,Cliftonville FC,1314,1315.0,2 - 2,Crusaders FC,1436,1435.0,2,2,Northern Ireland,domestic league (tier 1)
2021/01/26,Irish League,0,Cliftonville FC,1315,1327.0,4 - 3,Linfield FC,1481,1469.0,4,3,Northern Ireland,domestic league (tier 1)
2021/01/30,Irish League,0,Cliftonville FC,1327,1322.0,1 - 1,Glenavon FC,1248,1253.0,1,1,Northern Ireland,domestic league (tier 1)
2021/02/09,Irish League,0,Cliftonville FC,1320,1325.0,3 - 0,Warrenpoint Town,1092,1087.0,3,0,Northern Ireland,domestic league (tier 1)
2021/02/20,Irish League,0,Cliftonville FC,1321,1328.0,1 - 0,Larne FC,1322,1315.0,1,0,Northern Ireland,domestic league (tier 1)
2021/02/23,Irish League,0,Cliftonville FC,1328,1333.0,2 - 1,Ballymena United,1215,1210.0,2,1,Northern Ireland,domestic league (tier 1)
2021/03/13,Irish League,0,Cliftonville FC,1331,1336.0,2 - 1,Glenavon FC,1246,1241.0,2,1,Northern Ireland,domestic league (tier 1)
2021/03/27,Irish League,0,Cliftonville FC,1338,1348.0,2 - 1,Coleraine FC,1445,1435.0,2,1,Northern Ireland,domestic league (tier 1)
2021/04/06,Irish League,0,Cliftonville FC,1360,1363.0,3 - 0,Dungannon Swifts,1016,1013.0,3,0,Northern Ireland,domestic league (tier 1)
2021/04/20,Irish League,0,Cliftonville FC,1370,1351.0,0 - 2,Glentoran FC,1387,1406.0,0,2,Northern Ireland,domestic league (tier 1)
2021/04/24,Irish League,0,Cliftonville FC,1351,1355.0,5 - 0,Carrick Rangers,1056,1052.0,5,0,Northern Ireland,domestic league (tier 1)
2021/05/04,Irish League,0,Cliftonville FC,1347,1334.0,1 - 2,Larne FC,1324,1337.0,1,2,Northern Ireland,domestic league (tier 1)
2021/05/25,Irish League,0,Cliftonville FC,1351,1348.0,1 - 1,Crusaders FC,1350,1353.0,1,1,Northern Ireland,domestic league (tier 1)
2021/05/29,Irish League,0,Cliftonville FC,1348,1334.0,0 - 2,Linfield FC,1475,1489.0,0,2,Northern Ireland,domestic league (tier 1)
2021/06/01,Irish League,0,Cliftonville FC,1334,1331.0,0 - 0,Crusaders FC,1344,1347.0,0,0,Northern Ireland,domestic league (tier 1)
2021/08/28,Irish League,0,Cliftonville FC,1320,1322.0,2 - 1,Carrick Rangers,1023,1021.0,2,1,Northern Ireland,domestic league (tier 1)
2021/08/31,Irish League,0,Cliftonville FC,1322,1332.0,2 - 1,Coleraine FC,1427,1417.0,2,1,Northern Ireland,domestic league (tier 1)
2021/09/04,Irish League,0,Cliftonville FC,1332,1341.0,1 - 0,Glentoran FC,1393,1384.0,1,0,Northern Ireland,domestic league (tier 1)
2021/09/25,Irish League,0,Cliftonville FC,1350,1352.0,1 - 0,Warrenpoint Town,1059,1057.0,1,0,Northern Ireland,domestic league (tier 1)
2021/10/16,Irish League,0,Cliftonville FC,1358,1366.0,2 - 1,Larne FC,1399,1391.0,2,1,Northern Ireland,domestic league (tier 1)
2021/10/30,Irish League,0,Cliftonville FC,1360,1364.0,2 - 1,Glenavon FC,1245,1241.0,2,1,Northern Ireland,domestic league (tier 1)
2021/11/02,Irish League,0,Cliftonville FC,1364,1367.0,4 - 0,Portadown FC,1052,1049.0,4,0,Northern Ireland,domestic league (tier 1)
2021/11/06,Irish League,0,Cliftonville FC,1367,1369.0,3 - 0,Dungannon Swifts,1002,1000.0,3,0,Northern Ireland,domestic league (tier 1)
2021/12/04,Irish League,0,Cliftonville FC,1381,1386.0,1 - 0,Ballymena United,1267,1262.0,1,0,Northern Ireland,domestic league (tier 1)
2021/12/14,Northern Ireland League Cup,0,Cliftonville FC,1380,1386.0,3 - 0,Ballymena United,1273,1267.0,3,0,Northern Ireland,domestic cup
2021/12/18,Irish League,0,Cliftonville FC,1386,1388.0,2 - 0,Carrick Rangers,1041,1039.0,2,0,Northern Ireland,domestic league (tier 1)
2022/01/04,Irish League,0,Cliftonville FC,1402,1381.0,0 - 2,Crusaders FC,1344,1365.0,0,2,Northern Ireland,domestic league (tier 1)
2022/01/17,Irish League,0,Cliftonville FC,1381,1369.0,1 - 2,Glentoran FC,1414,1426.0,1,2,Northern Ireland,domestic league (tier 1)
2022/01/25,Irish League,0,Cliftonville FC,1382,1382.0,2 - 2,Linfield FC,1498,1498.0,2,2,Northern Ireland,domestic league (tier 1)
2022/02/12,Irish League,0,Cliftonville FC,1391,1403.0,2 - 0,Coleraine FC,1417,1405.0,2,0,Northern Ireland,domestic league (tier 1)
2022/02/22,Irish League,0,Cliftonville FC,1403,1404.0,1 - 0,Warrenpoint Town,1008,1007.0,1,0,Northern Ireland,domestic league (tier 1)
2022/02/26,Irish League,0,Cliftonville FC,1404,1414.0,3 - 1,Crusaders FC,1375,1365.0,3,1,Northern Ireland,domestic league (tier 1)
2022/03/04,Northern Ireland Cup,0,Cliftonville FC,1414,1421.0,2 - 1,Coleraine FC,1397,1390.0,2,1,Northern Ireland,domestic cup
2022/04/01,Northern Ireland Cup,0,Cliftonville FC,1455,1440.0,1 - 2,Crusaders FC,1381,1396.0,1,2,Northern Ireland,domestic cup
2022/04/09,Irish League,0,Cliftonville FC,1446,1444.0,0 - 0,Linfield FC,1486,1488.0,0,0,Northern Ireland,domestic league (tier 1)
2022/04/16,Irish League,0,Cliftonville FC,1444,1439.0,0 - 0,Larne FC,1370,1375.0,0,0,Northern Ireland,domestic league (tier 1)
2022/08/20,Irish League,0,Cliftonville FC,1432,1433.0,3 - 2,Carrick Rangers,1078,1077.0,3,2,Northern Ireland,domestic league (tier 1)
2022/08/27,Irish League,0,Cliftonville FC,1441,1442.0,4 - 2,Dungannon Swifts,1022,1021.0,4,2,Northern Ireland,domestic league (tier 1)
2022/10/01,Irish League,0,Cliftonville FC,1451,1453.0,4 - 0,Newry City FC,1029,1027.0,4,0,Northern Ireland,domestic league (tier 1)
2022/10/04,Northern Ireland League Cup,0,Cliftonville FC,1453,1455.0,6 - 0,Carrick Rangers,1119,1117.0,6,0,Northern Ireland,domestic cup
2022/10/07,Irish League,0,Cliftonville FC,1455,1451.0,0 - 0,Crusaders FC,1403,1407.0,0,0,Northern Ireland,domestic league (tier 1)
2022/10/29,Irish League,0,Cliftonville FC,1451,1452.0,1 - 0,Carrick Rangers,1113,1112.0,1,0,Northern Ireland,domestic league (tier 1)
2022/11/01,Northern Ireland League Cup,0,Cliftonville FC,1452,1453.0,3 - 2,Newry City FC,1042,1041.0,3,2,Northern Ireland,domestic cup
2022/11/05,Irish League,0,Cliftonville FC,1453,1445.0,2 - 2,Glenavon FC,1214,1222.0,2,2,Northern Ireland,domestic league (tier 1)
2022/11/26,Irish League,0,Cliftonville FC,1465,1467.0,2 - 0,Newry City FC,1061,1059.0,2,0,Northern Ireland,domestic league (tier 1)
2022/12/06,Northern Ireland League Cup,0,Cliftonville FC,1443,1439.0,2 - 2,Coleraine FC,1329,1333.0,2,2,Northern Ireland,domestic cup
2022/12/17,Irish League,0,Cliftonville FC,1439,1440.0,4 - 1,Portadown FC,991,990.0,4,1,Northern Ireland,domestic league (tier 1)
2022/12/20,Irish League,0,Cliftonville FC,1440,1447.0,1 - 0,Glentoran FC,1418,1411.0,1,0,Northern Ireland,domestic league (tier 1)
2023/01/02,Irish League,0,Cliftonville FC,1432,1439.0,2 - 1,Larne FC,1443,1436.0,2,1,Northern Ireland,domestic league (tier 1)
2023/01/10,Irish League,0,Cliftonville FC,1439,1448.0,1 - 0,Linfield FC,1495,1486.0,1,0,Northern Ireland,domestic league (tier 1)
2023/01/21,Irish League,0,Cliftonville FC,1441,1436.0,2 - 2,Coleraine FC,1368,1373.0,2,2,Northern Ireland,domestic league (tier 1)
2023/01/28,Irish League,0,Cliftonville FC,1446,1452.0,4 - 0,Ballymena United,1243,1237.0,4,0,Northern Ireland,domestic league (tier 1)
2023/02/04,Northern Ireland Cup,0,Cliftonville FC,1452,1447.0,2 - 2,Coleraine FC,1382,1387.0,2,2,Northern Ireland,domestic cup
2023/02/14,Irish League,0,Cliftonville FC,1441,1442.0,3 - 0,Portadown FC,981,980.0,3,0,Northern Ireland,domestic league (tier 1)
2023/02/25,Irish League,0,Cliftonville FC,1435,1442.0,2 - 1,Glentoran FC,1429,1422.0,2,1,Northern Ireland,domestic league (tier 1)
2023/03/04,Northern Ireland Cup,0,Cliftonville FC,1442,1423.0,1 - 2,Dungannon Swifts,1040,1059.0,1,2,Northern Ireland,domestic cup
2023/03/18,Irish League,0,Cliftonville FC,1426,1407.0,1 - 2,Dungannon Swifts,1048,1067.0,1,2,Northern Ireland,domestic league (tier 1)
2023/04/07,Irish League,0,Cliftonville FC,1410,1406.0,2 - 2,Coleraine FC,1354,1358.0,2,2,Northern Ireland,domestic league (tier 1)
2023/04/11,Irish League,0,Cliftonville FC,1406,1389.0,0 - 2,Larne FC,1450,1467.0,0,2,Northern Ireland,domestic league (tier 1)
2023/04/22,Irish League,0,Cliftonville FC,1377,1375.0,3 - 3,Crusaders FC,1418,1420.0,3,3,Northern Ireland,domestic league (tier 1)
2023/04/29,Irish League,0,Cliftonville FC,1375,1361.0,0 - 2,Linfield FC,1507,1521.0,0,2,Northern Ireland,domestic league (tier 1)
2023/05/10,Irish League,0,Cliftonville FC,1361,1368.0,2 - 1,Coleraine FC,1352,1345.0,2,1,Northern Ireland,domestic league (tier 1)
2023/08/12,Irish League,0,Cliftonville FC,1360,1367.0,3 - 0,Glenavon FC,1228,1221.0,3,0,Northern Ireland,domestic league (tier 1)
2023/08/19,Irish League,0,Cliftonville FC,1374,1377.0,4 - 0,Carrick Rangers,1063,1060.0,4,0,Northern Ireland,domestic league (tier 1)
2023/08/26,Irish League,0,Cliftonville FC,1373,1372.0,1 - 1,Larne FC,1446,1447.0,1,1,Northern Ireland,domestic league (tier 1)
2023/09/26,Irish League,0,Cliftonville FC,1401,1412.0,5 - 0,Coleraine FC,1332,1321.0,5,0,Northern Ireland,domestic league (tier 1)
2023/09/30,Irish League,0,Cliftonville FC,1412,1403.0,1 - 1,Loughgall FC,1041,1050.0,1,1,Northern Ireland,domestic league (tier 1)
2023/10/03,Northern Ireland League Cup,0,Cliftonville FC,1403,1404.0,3 - 0,Institute FC Drumahoe,975,974.0,3,0,Northern Ireland,domestic cup
2023/10/07,Irish League,0,Cliftonville FC,1404,1407.0,5 - 0,Dungannon Swifts,1064,1061.0,5,0,Northern Ireland,domestic league (tier 1)
2023/10/20,Irish League,0,Cliftonville FC,1413,1403.0,0 - 1,Linfield FC,1530,1540.0,0,1,Northern Ireland,domestic league (tier 1)
2023/11/11,Irish League,0,Cliftonville FC,1395,1396.0,1 - 0,Newry City FC,1018,1017.0,1,0,Northern Ireland,domestic league (tier 1)
2023/11/25,Irish League,0,Cliftonville FC,1404,1417.0,3 - 0,Crusaders FC,1406,1393.0,3,0,Northern Ireland,domestic league (tier 1)
2023/12/09,Irish League,0,Cliftonville FC,1424,1421.0,2 - 2,Glentoran FC,1411,1414.0,2,2,Northern Ireland,domestic league (tier 1)
2023/12/23,Irish League,0,Cliftonville FC,1427,1429.0,2 - 0,Ballymena United,1094,1092.0,2,0,Northern Ireland,domestic league (tier 1)
2023/12/26,Irish League,0,Cliftonville FC,1429,1435.0,2 - 1,Crusaders FC,1383,1377.0,2,1,Northern Ireland,domestic league (tier 1)
2024/01/20,Irish League,0,Cliftonville FC,1449,1452.0,3 - 0,Ballymena United,1105,1102.0,3,0,Northern Ireland,domestic league (tier 1)
2024/02/03,Northern Ireland Cup,0,Cliftonville FC,1456,1458.0,4 - 0,Loughgall FC,1076,1074.0,4,0,Northern Ireland,domestic cup
2024/02/10,Irish League,0,Cliftonville FC,1460,1464.0,4 - 1,Coleraine FC,1193,1189.0,4,1,Northern Ireland,domestic league (tier 1)
2024/02/17,Irish League,0,Cliftonville FC,1464,1467.0,4 - 2,Glenavon FC,1193,1190.0,4,2,Northern Ireland,domestic league (tier 1)
2024/02/20,Irish League,0,Cliftonville FC,1467,1447.0,0 - 3,Linfield FC,1508,1528.0,0,3,Northern Ireland,domestic league (tier 1)
2024/03/30,Northern Ireland Cup,0,Cliftonville FC,1433,1448.0,2 - 0,Larne FC,1526,1511.0,2,0,Northern Ireland,domestic cup
2024/04/02,Irish League,0,Cliftonville FC,1448,1431.0,0 - 2,Larne FC,1511,1528.0,0,2,Northern Ireland,domestic league (tier 1)
2024/04/20,Irish League,0,Cliftonville FC,1407,1416.0,2 - 0,Glentoran FC,1361,1352.0,2,0,Northern Ireland,domestic league (tier 1)
2024/08/11,Irish League,0,Cliftonville FC,1417,1418.0,1 - 0,Portadown FC,1065,1064.0,1,0,Northern Ireland,domestic league (tier 1)
2024/08/20,Irish League,0,Cliftonville FC,1423,1425.0,1 - 0,Dungannon Swifts,1167,1165.0,1,0,Northern Ireland,domestic league (tier 1)
2024/09/17,Irish League,0,Cliftonville FC,1425,1424.0,0 - 0,Linfield FC,1499,1500.0,0,0,Northern Ireland,domestic league (tier 1)
2024/09/27,Irish League,0,Cliftonville FC,1409,1393.0,1 - 3,Larne FC,1486,1502.0,1,3,Northern Ireland,domestic league (tier 1)
2024/10/19,Irish League,0,Cliftonville FC,1373,1366.0,0 - 0,Glenavon FC,1144,1151.0,0,0,Northern Ireland,domestic league (tier 1)
2024/10/22,Irish League,0,Cliftonville FC,1366,1370.0,2 - 1,Coleraine FC,1247,1243.0,2,1,Northern Ireland,domestic league (tier 1)
2024/11/01,Irish League,0,Cliftonville FC,1386,1392.0,1 - 0,Crusaders FC,1339,1333.0,1,0,Northern Ireland,domestic league (tier 1)
2024/11/16,Irish League,0,Cliftonville FC,1408,1390.0,0 - 1,Ballymena United,1134,1152.0,0,1,Northern Ireland,domestic league (tier 1)
2024/11/23,Irish League,0,Cliftonville FC,1390,1393.0,4 - 0,Loughgall FC,1065,1062.0,4,0,Northern Ireland,domestic league (tier 1)
2024/12/21,Irish League,0,Cliftonville FC,1379,1365.0,1 - 2,Glentoran FC,1340,1354.0,1,2,Northern Ireland,domestic league (tier 1)
2025/01/18,Irish League,0,Cliftonville FC,1354,1357.0,2 - 0,Loughgall FC,1047,1044.0,2,0,Northern Ireland,domestic league (tier 1)
2025/02/01,Northern Ireland Cup,0,Cliftonville FC,1353,1356.0,3 - 2,Glenavon FC,1177,1174.0,3,2,Northern Ireland,domestic cup
2025/02/09,Irish League,0,Cliftonville FC,1355,1348.0,2 - 2,Portadown FC,1172,1179.0,2,2,Northern Ireland,domestic league (tier 1)
2025/02/12,Irish League,0,Cliftonville FC,1348,1353.0,3 - 0,Carrick Rangers,1142,1137.0,3,0,Northern Ireland,domestic league (tier 1)
2025/02/21,Irish League,0,Cliftonville FC,1335,1349.0,2 - 0,Glentoran FC,1401,1387.0,2,0,Northern Ireland,domestic league (tier 1)
2025/03/09,Northern Ireland League Cup,0,Cliftonville FC,1361,1369.0,1 - 0,Glentoran FC,1366,1358.0,1,0,Northern Ireland,domestic cup
2025/03/12,Irish League,0,Cliftonville FC,1369,1345.0,0 - 2,Dungannon Swifts,1237,1261.0,0,2,Northern Ireland,domestic league (tier 1)
2025/03/22,Irish League,0,Cliftonville FC,1334,1339.0,3 - 0,Carrick Rangers,1123,1118.0,3,0,Northern Ireland,domestic league (tier 1)
2025/03/28,Northern Ireland Cup,0,Cliftonville FC,1339,1342.0,3 - 0,Ards FC,1030,1027.0,3,0,Northern Ireland,domestic cup
2025/04/05,Irish League,0,Cliftonville FC,1352,1358.0,5 - 0,Ballymena United,1153,1147.0,5,0,Northern Ireland,domestic league (tier 1)
2025/04/12,Irish League,0,Cliftonville FC,1358,1363.0,2 - 0,Glenavon FC,1172,1167.0,2,0,Northern Ireland,domestic league (tier 1)
2025/05/03,Northern Ireland Cup,0,Cliftonville FC,1352,1350.0,1 - 1,Dungannon Swifts,1268,1270.0,1,1,Northern Ireland,domestic cup
2025/08/16,Irish League,0,Cliftonville FC,1349,1345.0,0 - 0,Coleraine FC,1284,1288.0,0,0,Northern Ireland,domestic league (tier 1)
2025/08/19,Irish League,0,Cliftonville FC,1345,1343.0,1 - 1,Larne FC,1378,1380.0,1,1,Northern Ireland,domestic league (tier 1)
2025/08/30,Irish League,0,Cliftonville FC,1339,1344.0,3 - 1,Glenavon FC,1153,1148.0,3,1,Northern Ireland,domestic league (tier 1)
2025/09/13,Irish League,0,Cliftonville FC,1352,1355.0,3 - 2,Ballymena United,1163,1160.0,3,2,Northern Ireland,domestic league (tier 1)
2025/09/27,Irish League,0,Cliftonville FC,1343,1326.0,1 - 2,Portadown FC,1143,1160.0,1,2,Northern Ireland,domestic league (tier 1)
2025/10/18,Irish League,0,Cliftonville FC,1326,1309.0,0 - 2,Larne FC,1389,1406.0,0,2,Northern Ireland,domestic league (tier 1)
2025/11/02,Irish League,0,Cliftonville FC,1317,1317.0,0 - 0,Linfield FC,1434,1434.0,0,0,Northern Ireland,domestic league (tier 1)
2025/11/08,Irish League,0,Cliftonville FC,1317,1326.0,2 - 0,Dungannon Swifts,1260,1251.0,2,0,Northern Ireland,domestic league (tier 1)
2025/11/22,Irish League,0,Cliftonville FC,1326,1334.0,1 - 0,Coleraine FC,1363,1355.0,1,0,Northern Ireland,domestic league (tier 1)
2025/12/13,Irish League,0,Cliftonville FC,1347,1351.0,5 - 2,Glenavon FC,1094,1090.0,5,2,Northern Ireland,domestic league (tier 1)
2025/12/26,Irish League,0,Cliftonville FC,1347,1330.0,1 - 2,Crusaders FC,1171,1188.0,1,2,Northern Ireland,domestic league (tier 1)
2026/01/17,Irish League,0,Cliftonville FC,1333,1303.0,1 - 4,Carrick Rangers,1101,1131.0,1,4,Northern Ireland,domestic league (tier 1)
2026/02/07,Northern Ireland Cup,0,Cliftonville FC,1290,1293.0,2 - 1,Glenavon FC,1097,1094.0,2,1,Northern Ireland,domestic cup
2026/02/10,Irish League,0,Cliftonville FC,1293,1298.0,3 - 1,Bangor FC,1118,1113.0,3,1,Northern Ireland,domestic league (tier 1)
2026/02/21,Irish League,0,Cliftonville FC,1289,1296.0,5 - 2,Crusaders FC,1153,1146.0,5,2,Northern Ireland,domestic league (tier 1)
2026/02/24,Irish League,0,Cliftonville FC,1296,1276.0,0 - 4,Glentoran FC,1379,1399.0,0,4,Northern Ireland,domestic league (tier 1)
2026/03/01,Irish League,0,Cliftonville FC,1276,1294.0,2 - 0,Linfield FC,1435,1417.0,2,0,Northern Ireland,domestic league (tier 1)
2026/03/21,Irish League,0,Cliftonville FC,1309,1302.0,2 - 2,Ballymena United,1138,1145.0,2,2,Northern Ireland,domestic league (tier 1)
2026/04/03,Northern Ireland Cup,0,Cliftonville FC,1296,1291.0,1 - 1,Dungannon Swifts,1219,1224.0,1,1,Northern Ireland,domestic cup
2026/04/07,Irish League,0,Cliftonville FC,1291,1281.0,1 - 2,Glentoran FC,1408,1418.0,1,2,Northern Ireland,domestic league (tier 1)
2026/04/18,Irish League,0,Cliftonville FC,1273,1279.0,1 - 0,Dungannon Swifts,1207,1201.0,1,0,Northern Ireland,domestic league (tier 1)
2026/05/09,Irish League,0,Cliftonville FC,1294,1279.0,1 - 2,Dungannon Swifts,1203,1218.0,1,2,Northern Ireland,domestic league (tier 1)
2026/08/07,Irish League,0,Cliftonville FC,1279,1283.0,2 - 1,Crusaders FC,1136,1132.0,2,1,Northern Ireland,domestic league (tier 1)
2026/08/29,Irish League,0,Cliftonville FC,1289,1267.0,0 - 2,Dungannon Swifts,1220,1242.0,0,2,Northern Ireland,domestic league (tier 1)
2026/09/05,Irish League,0,Cliftonville FC,1267,,Info,Portadown FC,1119,,,,Northern Ireland,domestic league (tier 1)
2016/08/20,Irish League,0,Coleraine FC,1220,1225.0,1 - 1,Crusaders FC,1524,1519.0,1,1,Northern Ireland,domestic league (tier 1)
2016/08/26,Irish League,0,Coleraine FC,1225,1239.0,4 - 1,Glentoran FC,1262,1248.0,4,1,Northern Ireland,domestic league (tier 1)
2016/09/10,Irish League,0,Coleraine FC,1258,1263.0,2 - 0,Carrick Rangers,1079,1074.0,2,0,Northern Ireland,domestic league (tier 1)
2016/09/24,Irish League,0,Coleraine FC,1257,1257.0,2 - 2,Glenavon FC,1371,1371.0,2,2,Northern Ireland,domestic league (tier 1)
2016/10/01,Irish League,0,Coleraine FC,1257,1253.0,2 - 2,Ballymena United,1206,1210.0,2,2,Northern Ireland,domestic league (tier 1)
2016/10/22,Irish League,0,Coleraine FC,1270,1273.0,1 - 1,Linfield FC,1460,1457.0,1,1,Northern Ireland,domestic league (tier 1)
2016/10/28,Irish League,0,Coleraine FC,1273,1268.0,2 - 2,Dungannon Swifts,1195,1200.0,2,2,Northern Ireland,domestic league (tier 1)
2016/11/19,Irish League,0,Coleraine FC,1281,1285.0,3 - 1,Ballinamallard United FC,1076,1072.0,3,1,Northern Ireland,domestic league (tier 1)
2016/12/02,Irish League,0,Coleraine FC,1265,1255.0,0 - 1,Cliftonville FC,1364,1374.0,0,1,Northern Ireland,domestic league (tier 1)
2016/12/17,Irish League,0,Coleraine FC,1240,1233.0,1 - 1,Ards FC,1023,1030.0,1,1,Northern Ireland,domestic league (tier 1)
2016/12/31,Irish League,0,Coleraine FC,1223,1229.0,2 - 0,Carrick Rangers,1088,1082.0,2,0,Northern Ireland,domestic league (tier 1)
2017/01/14,Irish League,0,Coleraine FC,1254,1260.0,4 - 2,Portadown FC,1112,1106.0,4,2,Northern Ireland,domestic league (tier 1)
2017/01/28,Irish League,0,Coleraine FC,1269,1273.0,3 - 1,Ards FC,1036,1032.0,3,1,Northern Ireland,domestic league (tier 1)
2017/02/11,Irish League,0,Coleraine FC,1273,1278.0,2 - 1,Dungannon Swifts,1203,1198.0,2,1,Northern Ireland,domestic league (tier 1)
2017/03/11,Irish League,0,Coleraine FC,1305,1313.0,2 - 0,Glentoran FC,1217,1209.0,2,0,Northern Ireland,domestic league (tier 1)
2017/03/25,Irish League,0,Coleraine FC,1327,1340.0,1 - 0,Crusaders FC,1531,1518.0,1,0,Northern Ireland,domestic league (tier 1)
2017/04/08,Irish League,0,Coleraine FC,1347,1357.0,2 - 0,Cliftonville FC,1339,1329.0,2,0,Northern Ireland,domestic league (tier 1)
2017/04/15,Irish League,0,Coleraine FC,1357,1353.0,1 - 1,Glenavon FC,1325,1329.0,1,1,Northern Ireland,domestic league (tier 1)
2017/04/22,Irish League,0,Coleraine FC,1349,1336.0,1 - 5,Linfield FC,1552,1565.0,1,5,Northern Ireland,domestic league (tier 1)
2017/04/29,Irish League,0,Coleraine FC,1336,1331.0,1 - 1,Ballymena United,1247,1252.0,1,1,Northern Ireland,domestic league (tier 1)
2017/08/15,Irish League,0,Coleraine FC,1344,1352.0,2 - 0,Cliftonville FC,1266,1258.0,2,0,Northern Ireland,domestic league (tier 1)
2017/08/25,Irish League,0,Coleraine FC,1368,1370.0,2 - 1,Warrenpoint Town,1129,1127.0,2,1,Northern Ireland,domestic league (tier 1)
2017/09/02,Irish League,0,Coleraine FC,1371,1382.0,4 - 2,Glenavon FC,1368,1357.0,4,2,Northern Ireland,domestic league (tier 1)
2017/09/16,Irish League,0,Coleraine FC,1391,1394.0,3 - 0,Carrick Rangers,1058,1055.0,3,0,Northern Ireland,domestic league (tier 1)
2017/10/14,Irish League,0,Coleraine FC,1406,1417.0,2 - 1,Linfield FC,1555,1544.0,2,1,Northern Ireland,domestic league (tier 1)
2017/10/28,Irish League,0,Coleraine FC,1422,1428.0,3 - 0,Glentoran FC,1249,1243.0,3,0,Northern Ireland,domestic league (tier 1)
2017/10/31,Irish League,0,Coleraine FC,1428,1429.0,2 - 1,Ballinamallard United FC,1031,1030.0,2,1,Northern Ireland,domestic league (tier 1)
2017/11/21,Irish League,0,Coleraine FC,1425,1428.0,4 - 1,Ards FC,1105,1102.0,4,1,Northern Ireland,domestic league (tier 1)
2017/11/25,Irish League,0,Coleraine FC,1428,1428.0,1 - 1,Crusaders FC,1537,1537.0,1,1,Northern Ireland,domestic league (tier 1)
2017/12/09,Irish League,0,Coleraine FC,1432,1434.0,1 - 0,Dungannon Swifts,1184,1182.0,1,0,Northern Ireland,domestic league (tier 1)
2017/12/26,Irish League,0,Coleraine FC,1444,1437.0,1 - 1,Ballymena United,1249,1256.0,1,1,Northern Ireland,domestic league (tier 1)
2018/01/20,Irish League,0,Coleraine FC,1445,1446.0,3 - 3,Crusaders FC,1570,1569.0,3,3,Northern Ireland,domestic league (tier 1)
2018/01/30,Irish League,0,Coleraine FC,1456,1454.0,2 - 2,Linfield FC,1473,1475.0,2,2,Northern Ireland,domestic league (tier 1)
2018/02/10,Irish League,0,Coleraine FC,1455,1451.0,1 - 1,Glenavon FC,1395,1399.0,1,1,Northern Ireland,domestic league (tier 1)
2018/02/24,Irish League,0,Coleraine FC,1456,1457.0,1 - 0,Warrenpoint Town,1084,1083.0,1,0,Northern Ireland,domestic league (tier 1)
2018/03/23,Irish League,0,Coleraine FC,1477,1478.0,3 - 2,Carrick Rangers,1011,1010.0,3,2,Northern Ireland,domestic league (tier 1)
2018/04/07,Irish League,0,Coleraine FC,1483,1487.0,2 - 1,Cliftonville FC,1366,1362.0,2,1,Northern Ireland,domestic league (tier 1)
2018/04/14,Irish League,0,Coleraine FC,1487,1489.0,1 - 0,Ballymena United,1214,1212.0,1,0,Northern Ireland,domestic league (tier 1)
2018/08/04,Irish League,0,Coleraine FC,1488,1490.0,3 - 0,Warrenpoint Town,1076,1074.0,3,0,Northern Ireland,domestic league (tier 1)
2018/08/24,Irish League,0,Coleraine FC,1494,1485.0,2 - 2,Institute FC Drumahoe,1006,1015.0,2,2,Northern Ireland,domestic league (tier 1)
2018/09/22,Irish League,0,Coleraine FC,1501,1497.0,0 - 0,Linfield FC,1446,1450.0,0,0,Northern Ireland,domestic league (tier 1)
2018/09/25,Irish League,0,Coleraine FC,1497,1489.0,2 - 2,Ballymena United,1243,1251.0,2,2,Northern Ireland,domestic league (tier 1)
2018/10/06,Irish League,0,Coleraine FC,1481,1456.0,1 - 4,Glenavon FC,1415,1440.0,1,4,Northern Ireland,domestic league (tier 1)
2018/10/20,Irish League,0,Coleraine FC,1456,1463.0,1 - 0,Crusaders FC,1467,1460.0,1,0,Northern Ireland,domestic league (tier 1)
2018/10/27,Irish League,0,Coleraine FC,1463,1447.0,1 - 2,Cliftonville FC,1341,1357.0,1,2,Northern Ireland,domestic league (tier 1)
2018/11/17,Irish League,0,Coleraine FC,1461,1453.0,1 - 1,Glentoran FC,1209,1217.0,1,1,Northern Ireland,domestic league (tier 1)
2018/11/30,Irish League,0,Coleraine FC,1436,1417.0,0 - 1,Newry City FC,1009,1028.0,0,1,Northern Ireland,domestic league (tier 1)
2018/12/08,Irish League,0,Coleraine FC,1417,1418.0,1 - 0,Ards FC,1054,1053.0,1,0,Northern Ireland,domestic league (tier 1)
2018/12/22,Irish League,0,Coleraine FC,1403,1405.0,2 - 1,Dungannon Swifts,1160,1158.0,2,1,Northern Ireland,domestic league (tier 1)
2019/01/01,Irish League,0,Coleraine FC,1411,1419.0,4 - 1,Cliftonville FC,1306,1298.0,4,1,Northern Ireland,domestic league (tier 1)
2019/01/12,Irish League,0,Coleraine FC,1419,1415.0,1 - 1,Glenavon FC,1374,1378.0,1,1,Northern Ireland,domestic league (tier 1)
2019/01/26,Irish League,0,Coleraine FC,1418,1401.0,1 - 2,Dungannon Swifts,1193,1210.0,1,2,Northern Ireland,domestic league (tier 1)
2019/02/23,Irish League,0,Coleraine FC,1397,1402.0,2 - 0,Glentoran FC,1197,1192.0,2,0,Northern Ireland,domestic league (tier 1)
2019/03/09,Irish League,0,Coleraine FC,1406,1380.0,0 - 4,Ballymena United,1367,1393.0,0,4,Northern Ireland,domestic league (tier 1)
2019/04/23,Irish League,0,Coleraine FC,1339,1355.0,4 - 2,Crusaders FC,1468,1452.0,4,2,Northern Ireland,domestic league (tier 1)
2019/04/27,Irish League,0,Coleraine FC,1355,1356.0,1 - 1,Linfield FC,1475,1474.0,1,1,Northern Ireland,domestic league (tier 1)
2019/08/10,Irish League,0,Coleraine FC,1344,1341.0,1 - 1,Cliftonville FC,1333,1336.0,1,1,Northern Ireland,domestic league (tier 1)
2019/08/24,Irish League,0,Coleraine FC,1365,1357.0,0 - 0,Institute FC Drumahoe,1041,1049.0,0,0,Northern Ireland,domestic league (tier 1)
2019/09/07,Irish League,0,Coleraine FC,1381,1388.0,5 - 0,Dungannon Swifts,1208,1201.0,5,0,Northern Ireland,domestic league (tier 1)
2019/09/21,Irish League,0,Coleraine FC,1390,1405.0,4 - 2,Crusaders FC,1499,1484.0,4,2,Northern Ireland,domestic league (tier 1)
2019/09/28,Irish League,0,Coleraine FC,1405,1396.0,0 - 0,Larne FC,1034,1043.0,0,0,Northern Ireland,domestic league (tier 1)
2019/10/12,Irish League,0,Coleraine FC,1405,1407.0,3 - 0,Warrenpoint Town,1025,1023.0,3,0,Northern Ireland,domestic league (tier 1)
2019/10/26,Irish League,0,Coleraine FC,1430,1439.0,1 - 0,Linfield FC,1512,1503.0,1,0,Northern Ireland,domestic league (tier 1)
2019/11/09,Irish League,0,Coleraine FC,1446,1453.0,4 - 0,Glenavon FC,1280,1273.0,4,0,Northern Ireland,domestic league (tier 1)
2019/11/23,Irish League,0,Coleraine FC,1426,1427.0,3 - 2,Carrick Rangers,1050,1049.0,3,2,Northern Ireland,domestic league (tier 1)
2019/12/07,Irish League,0,Coleraine FC,1422,1417.0,2 - 2,Glentoran FC,1310,1315.0,2,2,Northern Ireland,domestic league (tier 1)
2019/12/26,Irish League,0,Coleraine FC,1403,1409.0,2 - 0,Ballymena United,1261,1255.0,2,0,Northern Ireland,domestic league (tier 1)
2019/12/28,Irish League,0,Coleraine FC,1409,1408.0,1 - 1,Linfield FC,1466,1467.0,1,1,Northern Ireland,domestic league (tier 1)
2020/01/10,Irish League,0,Coleraine FC,1427,1415.0,0 - 1,Crusaders FC,1456,1468.0,0,1,Northern Ireland,domestic league (tier 1)
2020/01/27,Irish League,0,Coleraine FC,1421,1427.0,1 - 0,Cliftonville FC,1366,1360.0,1,0,Northern Ireland,domestic league (tier 1)
2020/03/03,Irish League,0,Coleraine FC,1457,1460.0,2 - 1,Glenavon FC,1251,1248.0,2,1,Northern Ireland,domestic league (tier 1)
2020/10/16,Irish League,0,Coleraine FC,1472,1454.0,0 - 1,Ballymena United,1185,1203.0,0,1,Northern Ireland,domestic league (tier 1)
2020/10/31,Irish League,0,Coleraine FC,1460,1464.0,2 - 1,Glentoran FC,1331,1327.0,2,1,Northern Ireland,domestic league (tier 1)
2020/11/14,Irish League,0,Coleraine FC,1452,1434.0,0 - 2,Linfield FC,1486,1504.0,0,2,Northern Ireland,domestic league (tier 1)
2020/11/28,Irish League,0,Coleraine FC,1434,1410.0,0 - 2,Larne FC,1292,1316.0,0,2,Northern Ireland,domestic league (tier 1)
2020/12/12,Irish League,0,Coleraine FC,1387,1389.0,2 - 1,Warrenpoint Town,1070,1068.0,2,1,Northern Ireland,domestic league (tier 1)
2021/01/02,Irish League,0,Coleraine FC,1406,1409.0,3 - 0,Carrick Rangers,1065,1062.0,3,0,Northern Ireland,domestic league (tier 1)
2021/01/23,Irish League,0,Coleraine FC,1409,1411.0,2 - 0,Dungannon Swifts,1079,1077.0,2,0,Northern Ireland,domestic league (tier 1)
2021/01/30,Irish League,0,Coleraine FC,1422,1429.0,2 - 1,Crusaders FC,1424,1417.0,2,1,Northern Ireland,domestic league (tier 1)
2021/02/02,Irish League,0,Coleraine FC,1429,1424.0,2 - 2,Cliftonville FC,1322,1327.0,2,2,Northern Ireland,domestic league (tier 1)
2021/02/06,Irish League,0,Coleraine FC,1424,1415.0,1 - 1,Portadown FC,1052,1061.0,1,1,Northern Ireland,domestic league (tier 1)
2021/02/27,Irish League,0,Coleraine FC,1433,1434.0,2 - 1,Warrenpoint Town,1084,1083.0,2,1,Northern Ireland,domestic league (tier 1)
2021/03/02,Irish League,0,Coleraine FC,1434,1436.0,2 - 0,Portadown FC,1055,1053.0,2,0,Northern Ireland,domestic league (tier 1)
2021/03/12,Irish League,0,Coleraine FC,1439,1447.0,2 - 0,Crusaders FC,1372,1364.0,2,0,Northern Ireland,domestic league (tier 1)
2021/03/20,Irish League,0,Coleraine FC,1447,1448.0,1 - 0,Carrick Rangers,1064,1063.0,1,0,Northern Ireland,domestic league (tier 1)
2021/03/30,Irish League,0,Coleraine FC,1435,1441.0,2 - 0,Larne FC,1310,1304.0,2,0,Northern Ireland,domestic league (tier 1)
2021/04/03,Irish League,0,Coleraine FC,1441,1434.0,0 - 0,Glenavon FC,1260,1267.0,0,0,Northern Ireland,domestic league (tier 1)
2021/04/16,Irish League,0,Coleraine FC,1434,1430.0,1 - 1,Glentoran FC,1383,1387.0,1,1,Northern Ireland,domestic league (tier 1)
2021/05/01,Irish League,0,Coleraine FC,1423,1431.0,2 - 0,Cliftonville FC,1355,1347.0,2,0,Northern Ireland,domestic league (tier 1)
2021/05/25,Irish League,0,Coleraine FC,1444,1442.0,1 - 1,Linfield FC,1473,1475.0,1,1,Northern Ireland,domestic league (tier 1)
2021/09/25,Irish League,0,Coleraine FC,1437,1443.0,3 - 0,Ballymena United,1253,1247.0,3,0,Northern Ireland,domestic league (tier 1)
2021/10/08,Irish League,0,Coleraine FC,1459,1452.0,0 - 0,Glenavon FC,1233,1240.0,0,0,Northern Ireland,domestic league (tier 1)
2021/10/23,Irish League,0,Coleraine FC,1456,1457.0,2 - 0,Warrenpoint Town,1044,1043.0,2,0,Northern Ireland,domestic league (tier 1)
2021/10/30,Irish League,0,Coleraine FC,1457,1459.0,2 - 0,Portadown FC,1054,1052.0,2,0,Northern Ireland,domestic league (tier 1)
2021/11/09,Northern Ireland League Cup,0,Coleraine FC,1452,1458.0,2 - 0,Glentoran FC,1370,1364.0,2,0,Northern Ireland,domestic cup
2021/11/13,Irish League,0,Coleraine FC,1458,1459.0,2 - 0,Dungannon Swifts,1000,999.0,2,0,Northern Ireland,domestic league (tier 1)
2021/11/19,Irish League,0,Coleraine FC,1459,1468.0,3 - 1,Larne FC,1412,1403.0,3,1,Northern Ireland,domestic league (tier 1)
2021/11/27,Irish League,0,Coleraine FC,1468,1463.0,0 - 0,Cliftonville FC,1373,1378.0,0,0,Northern Ireland,domestic league (tier 1)
2021/12/04,Irish League,0,Coleraine FC,1463,1451.0,1 - 2,Linfield FC,1477,1489.0,1,2,Northern Ireland,domestic league (tier 1)
2021/12/14,Northern Ireland League Cup,0,Coleraine FC,1438,1440.0,6 - 1,Warrenpoint Town,1039,1037.0,6,1,Northern Ireland,domestic cup
2021/12/18,Irish League,0,Coleraine FC,1440,1435.0,0 - 0,Crusaders FC,1347,1352.0,0,0,Northern Ireland,domestic league (tier 1)
2021/12/22,Irish League,0,Coleraine FC,1435,1415.0,0 - 2,Glentoran FC,1403,1423.0,0,2,Northern Ireland,domestic league (tier 1)
2022/01/22,Irish League,0,Coleraine FC,1398,1401.0,3 - 0,Carrick Rangers,1059,1056.0,3,0,Northern Ireland,domestic league (tier 1)
2022/01/29,Irish League,0,Coleraine FC,1395,1413.0,3 - 0,Linfield FC,1498,1480.0,3,0,Northern Ireland,domestic league (tier 1)
2022/02/05,Northern Ireland Cup,0,Coleraine FC,1413,1415.0,2 - 0,Portadown FC,1042,1040.0,2,0,Northern Ireland,domestic cup
2022/02/08,Irish League,0,Coleraine FC,1415,1417.0,2 - 0,Dungannon Swifts,1039,1037.0,2,0,Northern Ireland,domestic league (tier 1)
2022/02/15,Irish League,0,Coleraine FC,1405,1406.0,2 - 1,Warrenpoint Town,1009,1008.0,2,1,Northern Ireland,domestic league (tier 1)
2022/02/26,Irish League,0,Coleraine FC,1406,1400.0,1 - 1,Ballymena United,1266,1272.0,1,1,Northern Ireland,domestic league (tier 1)
2022/03/01,Irish League,0,Coleraine FC,1400,1397.0,1 - 1,Larne FC,1392,1395.0,1,1,Northern Ireland,domestic league (tier 1)
2022/03/13,Northern Ireland League Cup,0,Coleraine FC,1382,1376.0,3 - 4,Cliftonville FC,1435,1441.0,3,4,Northern Ireland,domestic cup
2022/03/26,Irish League,0,Coleraine FC,1359,1343.0,2 - 3,Glenavon FC,1240,1256.0,2,3,Northern Ireland,domestic league (tier 1)
2022/04/16,Irish League,0,Coleraine FC,1331,1313.0,1 - 4,Crusaders FC,1422,1440.0,1,4,Northern Ireland,domestic league (tier 1)
2022/04/19,Irish League,0,Coleraine FC,1313,1304.0,1 - 2,Cliftonville FC,1439,1448.0,1,2,Northern Ireland,domestic league (tier 1)
2022/04/23,Irish League,0,Coleraine FC,1304,1314.0,3 - 2,Glentoran FC,1412,1402.0,3,2,Northern Ireland,domestic league (tier 1)
2022/08/13,Irish League,0,Coleraine FC,1301,1318.0,3 - 1,Cliftonville FC,1449,1432.0,3,1,Northern Ireland,domestic league (tier 1)
2022/08/26,Irish League,0,Coleraine FC,1334,1311.0,1 - 3,Glenavon FC,1234,1257.0,1,3,Northern Ireland,domestic league (tier 1)
2022/09/23,Irish League,0,Coleraine FC,1316,1319.0,2 - 0,Newry City FC,1032,1029.0,2,0,Northern Ireland,domestic league (tier 1)
2022/10/08,Irish League,0,Coleraine FC,1320,1322.0,0 - 0,Linfield FC,1497,1495.0,0,0,Northern Ireland,domestic league (tier 1)
2022/10/22,Irish League,0,Coleraine FC,1312,1298.0,2 - 4,Cliftonville FC,1437,1451.0,2,4,Northern Ireland,domestic league (tier 1)
2022/10/29,Irish League,0,Coleraine FC,1298,1301.0,4 - 0,Portadown FC,979,976.0,4,0,Northern Ireland,domestic league (tier 1)
2022/11/01,Northern Ireland League Cup,0,Coleraine FC,1301,1303.0,3 - 0,Dungannon Swifts,1003,1001.0,3,0,Northern Ireland,domestic cup
2022/11/08,Irish League,0,Coleraine FC,1310,1300.0,1 - 2,Crusaders FC,1405,1415.0,1,2,Northern Ireland,domestic league (tier 1)
2022/11/11,Irish League,0,Coleraine FC,1300,1301.0,0 - 0,Glentoran FC,1452,1451.0,0,0,Northern Ireland,domestic league (tier 1)
2022/12/03,Irish League,0,Coleraine FC,1327,1329.0,2 - 0,Dungannon Swifts,1008,1006.0,2,0,Northern Ireland,domestic league (tier 1)
2022/12/09,Irish League,0,Coleraine FC,1333,1347.0,2 - 0,Crusaders FC,1414,1400.0,2,0,Northern Ireland,domestic league (tier 1)
2022/12/26,Irish League,0,Coleraine FC,1347,1354.0,2 - 0,Ballymena United,1242,1235.0,2,0,Northern Ireland,domestic league (tier 1)
2023/01/07,Northern Ireland Cup,0,Coleraine FC,1360,1362.0,3 - 1,Loughgall FC,956,954.0,3,1,Northern Ireland,domestic cup
2023/01/14,Irish League,0,Coleraine FC,1366,1368.0,4 - 1,Portadown FC,985,983.0,4,1,Northern Ireland,domestic league (tier 1)
2023/01/24,Irish League,0,Coleraine FC,1373,1375.0,1 - 0,Carrick Rangers,1080,1078.0,1,0,Northern Ireland,domestic league (tier 1)
2023/02/11,Irish League,0,Coleraine FC,1387,1384.0,2 - 2,Glentoran FC,1398,1401.0,2,2,Northern Ireland,domestic league (tier 1)
2023/02/14,Irish League,0,Coleraine FC,1384,1385.0,1 - 0,Newry City FC,1010,1009.0,1,0,Northern Ireland,domestic league (tier 1)
2023/03/07,Irish League,0,Coleraine FC,1368,1374.0,3 - 1,Ballymena United,1210,1204.0,3,1,Northern Ireland,domestic league (tier 1)
2023/03/25,Irish League,0,Coleraine FC,1354,1354.0,0 - 0,Larne FC,1468,1468.0,0,0,Northern Ireland,domestic league (tier 1)
2023/04/15,Irish League,0,Coleraine FC,1350,1341.0,0 - 1,Linfield FC,1496,1505.0,0,1,Northern Ireland,domestic league (tier 1)
2023/04/29,Irish League,0,Coleraine FC,1332,1352.0,3 - 0,Larne FC,1483,1463.0,3,0,Northern Ireland,domestic league (tier 1)
2023/08/04,Irish League,0,Coleraine FC,1345,1349.0,2 - 1,Ballymena United,1192,1188.0,2,1,Northern Ireland,domestic league (tier 1)
2023/08/19,Irish League,0,Coleraine FC,1329,1329.0,0 - 0,Larne FC,1446,1446.0,0,0,Northern Ireland,domestic league (tier 1)
2023/09/02,Irish League,0,Coleraine FC,1324,1313.0,1 - 3,Linfield FC,1513,1524.0,1,3,Northern Ireland,domestic league (tier 1)
2023/09/16,Irish League,0,Coleraine FC,1313,1316.0,3 - 1,Newry City FC,1020,1017.0,3,1,Northern Ireland,domestic league (tier 1)
2023/09/30,Irish League,0,Coleraine FC,1321,1302.0,0 - 4,Crusaders FC,1409,1428.0,0,4,Northern Ireland,domestic league (tier 1)
2023/10/03,Northern Ireland League Cup,0,Coleraine FC,1302,1304.0,2 - 1,Bangor FC,1032,1030.0,2,1,Northern Ireland,domestic cup
2023/10/07,Irish League,0,Coleraine FC,1304,1311.0,4 - 1,Glenavon FC,1169,1162.0,4,1,Northern Ireland,domestic league (tier 1)
2023/10/28,Irish League,0,Coleraine FC,1300,1290.0,1 - 2,Cliftonville FC,1403,1413.0,1,2,Northern Ireland,domestic league (tier 1)
2023/11/13,Irish League,0,Coleraine FC,1312,1311.0,0 - 0,Glentoran FC,1390,1391.0,0,0,Northern Ireland,domestic league (tier 1)
2023/11/25,Irish League,0,Coleraine FC,1306,1299.0,1 - 1,Carrick Rangers,1087,1094.0,1,1,Northern Ireland,domestic league (tier 1)
2023/12/05,Northern Ireland League Cup,0,Coleraine FC,1299,1288.0,2 - 3,Glenavon FC,1209,1220.0,2,3,Northern Ireland,domestic cup
2023/12/09,Irish League,0,Coleraine FC,1288,1290.0,3 - 2,Loughgall FC,1038,1036.0,3,2,Northern Ireland,domestic league (tier 1)
2023/12/16,Irish League,0,Coleraine FC,1290,1273.0,2 - 3,Dungannon Swifts,1082,1099.0,2,3,Northern Ireland,domestic league (tier 1)
2023/12/30,Irish League,0,Coleraine FC,1253,1227.0,1 - 3,Loughgall FC,1038,1064.0,1,3,Northern Ireland,domestic league (tier 1)
2024/01/05,Northern Ireland Cup,0,Coleraine FC,1227,1215.0,0 - 3,Cliftonville FC,1435,1447.0,0,3,Northern Ireland,domestic cup
2024/01/20,Irish League,0,Coleraine FC,1208,1185.0,0 - 2,Carrick Rangers,1090,1113.0,0,2,Northern Ireland,domestic league (tier 1)
2024/01/27,Irish League,0,Coleraine FC,1185,1193.0,1 - 0,Glenavon FC,1198,1190.0,1,0,Northern Ireland,domestic league (tier 1)
2024/02/16,Irish League,0,Coleraine FC,1189,1217.0,3 - 0,Linfield FC,1536,1508.0,3,0,Northern Ireland,domestic league (tier 1)
2024/03/09,Irish League,0,Coleraine FC,1226,1231.0,0 - 0,Larne FC,1528,1523.0,0,0,Northern Ireland,domestic league (tier 1)
2024/03/23,Irish League,0,Coleraine FC,1237,1231.0,1 - 1,Dungannon Swifts,1114,1120.0,1,1,Northern Ireland,domestic league (tier 1)
2024/04/06,Irish League,0,Coleraine FC,1231,1234.0,2 - 2,Cliftonville FC,1431,1428.0,2,2,Northern Ireland,domestic league (tier 1)
2024/04/13,Irish League,0,Coleraine FC,1234,1245.0,2 - 1,Glentoran FC,1380,1369.0,2,1,Northern Ireland,domestic league (tier 1)
2024/04/20,Irish League,0,Coleraine FC,1253,1239.0,0 - 2,Crusaders FC,1368,1382.0,0,2,Northern Ireland,domestic league (tier 1)
2024/08/16,Irish League,0,Coleraine FC,1256,1261.0,4 - 2,Ballymena United,1064,1059.0,4,2,Northern Ireland,domestic league (tier 1)
2024/08/24,Irish League,0,Coleraine FC,1266,1242.0,0 - 2,Glenavon FC,1115,1139.0,0,2,Northern Ireland,domestic league (tier 1)
2024/09/01,Irish League,0,Coleraine FC,1242,1246.0,1 - 1,Larne FC,1493,1489.0,1,1,Northern Ireland,domestic league (tier 1)
2024/09/14,Irish League,0,Coleraine FC,1246,1252.0,3 - 1,Carrick Rangers,1121,1115.0,3,1,Northern Ireland,domestic league (tier 1)
2024/09/21,Irish League,0,Coleraine FC,1250,1255.0,2 - 0,Loughgall FC,1089,1084.0,2,0,Northern Ireland,domestic league (tier 1)
2024/09/28,Irish League,0,Coleraine FC,1255,1244.0,0 - 3,Linfield FC,1501,1512.0,0,3,Northern Ireland,domestic league (tier 1)
2024/10/26,Irish League,0,Coleraine FC,1243,1253.0,2 - 1,Glentoran FC,1336,1326.0,2,1,Northern Ireland,domestic league (tier 1)
2024/11/02,Irish League,0,Coleraine FC,1253,1264.0,4 - 1,Dungannon Swifts,1216,1205.0,4,1,Northern Ireland,domestic league (tier 1)
2024/11/24,Irish League,0,Coleraine FC,1272,1260.0,1 - 2,Crusaders FC,1317,1329.0,1,2,Northern Ireland,domestic league (tier 1)
2024/12/26,Irish League,0,Coleraine FC,1253,1248.0,2 - 2,Ballymena United,1139,1144.0,2,2,Northern Ireland,domestic league (tier 1)
2025/01/04,Northern Ireland Cup,0,Coleraine FC,1259,1263.0,5 - 0,Armagh City FC,954,950.0,5,0,Northern Ireland,domestic cup
2025/01/18,Irish League,0,Coleraine FC,1263,1243.0,0 - 2,Crusaders FC,1247,1267.0,0,2,Northern Ireland,domestic league (tier 1)
2025/02/04,Irish League,0,Coleraine FC,1237,1238.0,0 - 0,Cliftonville FC,1356,1355.0,0,0,Northern Ireland,domestic league (tier 1)
2025/02/14,Irish League,0,Coleraine FC,1248,1239.0,1 - 2,Glentoran FC,1397,1406.0,1,2,Northern Ireland,domestic league (tier 1)
2025/03/01,Irish League,0,Coleraine FC,1266,1274.0,2 - 0,Portadown FC,1185,1177.0,2,0,Northern Ireland,domestic league (tier 1)
2025/03/18,Irish League,0,Coleraine FC,1290,1288.0,2 - 2,Cliftonville FC,1332,1334.0,2,2,Northern Ireland,domestic league (tier 1)
2025/03/22,Irish League,0,Coleraine FC,1288,1293.0,1 - 0,Portadown FC,1182,1177.0,1,0,Northern Ireland,domestic league (tier 1)
2025/04/05,Irish League,0,Coleraine FC,1287,1294.0,3 - 2,Dungannon Swifts,1261,1254.0,3,2,Northern Ireland,domestic league (tier 1)
2025/04/12,Irish League,0,Coleraine FC,1294,1284.0,1 - 2,Larne FC,1377,1387.0,1,2,Northern Ireland,domestic league (tier 1)
2025/04/26,Irish League,0,Coleraine FC,1270,1283.0,1 - 0,Linfield FC,1495,1482.0,1,0,Northern Ireland,domestic league (tier 1)
2025/05/07,Irish League,0,Coleraine FC,1283,1290.0,1 - 0,Crusaders FC,1266,1259.0,1,0,Northern Ireland,domestic league (tier 1)
2025/05/11,Irish League,0,Coleraine FC,1290,1274.0,0 - 2,Cliftonville FC,1369,1385.0,0,2,Northern Ireland,domestic league (tier 1)
2025/08/10,Irish League,0,Coleraine FC,1274,1284.0,1 - 0,Larne FC,1381,1371.0,1,0,Northern Ireland,domestic league (tier 1)
2025/08/19,Irish League,0,Coleraine FC,1288,1297.0,2 - 0,Dungannon Swifts,1242,1233.0,2,0,Northern Ireland,domestic league (tier 1)
2025/09/19,Irish League,0,Coleraine FC,1341,1329.0,1 - 2,Glentoran FC,1365,1377.0,1,2,Northern Ireland,domestic league (tier 1)
2025/09/27,Irish League,0,Coleraine FC,1329,1332.0,2 - 1,Carrick Rangers,1150,1147.0,2,1,Northern Ireland,domestic league (tier 1)
2025/10/18,Irish League,0,Coleraine FC,1331,1341.0,4 - 0,Dungannon Swifts,1256,1246.0,4,0,Northern Ireland,domestic league (tier 1)
2025/10/28,Irish League,0,Coleraine FC,1353,1352.0,2 - 2,Linfield FC,1433,1434.0,2,2,Northern Ireland,domestic league (tier 1)
2025/11/01,Irish League,0,Coleraine FC,1352,1356.0,5 - 1,Glenavon FC,1094,1090.0,5,1,Northern Ireland,domestic league (tier 1)
2025/11/04,Northern Ireland League Cup,0,Coleraine FC,1356,1358.0,7 - 1,Armagh City FC,959,957.0,7,1,Northern Ireland,domestic cup
2025/11/25,Irish League,0,Coleraine FC,1355,1344.0,1 - 2,Larne FC,1414,1425.0,1,2,Northern Ireland,domestic league (tier 1)
2025/12/06,Irish League,0,Coleraine FC,1358,1361.0,3 - 1,Carrick Rangers,1106,1103.0,3,1,Northern Ireland,domestic league (tier 1)
2025/12/12,Irish League,0,Coleraine FC,1361,1365.0,2 - 0,Bangor FC,1125,1121.0,2,0,Northern Ireland,domestic league (tier 1)
2025/12/30,Irish League,0,Coleraine FC,1337,1351.0,3 - 1,Linfield FC,1414,1400.0,3,1,Northern Ireland,domestic league (tier 1)
2026/01/09,Northern Ireland Cup,0,Coleraine FC,1342,1349.0,4 - 0,Crusaders FC,1198,1191.0,4,0,Northern Ireland,domestic cup
2026/01/17,Irish League,0,Coleraine FC,1349,1356.0,5 - 1,Crusaders FC,1191,1184.0,5,1,Northern Ireland,domestic league (tier 1)
2026/01/23,Irish League,0,Coleraine FC,1356,1359.0,2 - 0,Glenavon FC,1087,1084.0,2,0,Northern Ireland,domestic league (tier 1)
2026/02/10,Irish League,0,Coleraine FC,1377,1379.0,2 - 1,Portadown FC,1138,1136.0,2,1,Northern Ireland,domestic league (tier 1)
2026/02/20,Irish League,0,Coleraine FC,1376,1379.0,1 - 0,Ballymena United,1147,1144.0,1,0,Northern Ireland,domestic league (tier 1)
2026/03/14,Irish League,0,Coleraine FC,1368,1374.0,1 - 0,Cliftonville FC,1324,1318.0,1,0,Northern Ireland,domestic league (tier 1)
2026/04/04,Northern Ireland Cup,0,Coleraine FC,1387,1396.0,2 - 1,Larne FC,1456,1447.0,2,1,Northern Ireland,domestic cup
2026/04/11,Irish League,0,Coleraine FC,1421,1429.0,6 - 2,Cliftonville FC,1281,1273.0,6,2,Northern Ireland,domestic league (tier 1)
2026/04/25,Irish League,0,Coleraine FC,1450,1462.0,6 - 2,Glentoran FC,1422,1410.0,6,2,Northern Ireland,domestic league (tier 1)
2026/05/02,Northern Ireland Cup,0,Coleraine FC,1462,1466.0,3 - 2,Dungannon Swifts,1195,1191.0,3,2,Northern Ireland,domestic cup
2026/08/15,Irish League,0,Coleraine FC,1456,1453.0,0 - 0,Larne FC,1438,1441.0,0,0,Northern Ireland,domestic league (tier 1)
2026/09/05,Irish League,0,Coleraine FC,1470,,Info,Crusaders FC,1165,,,,Northern Ireland,domestic league (tier 1)
2016/08/06,Irish League,0,Crusaders FC,1522,1524.0,6 - 0,Ballymena United,1138,1136.0,6,0,Northern Ireland,domestic league (tier 1)
2016/08/13,Irish League,0,Crusaders FC,1528,1524.0,0 - 0,Linfield FC,1466,1470.0,0,0,Northern Ireland,domestic league (tier 1)
2016/08/27,Irish League,0,Crusaders FC,1519,1520.0,2 - 1,Portadown FC,1156,1155.0,2,1,Northern Ireland,domestic league (tier 1)
2016/09/10,Irish League,0,Crusaders FC,1522,1524.0,3 - 1,Dungannon Swifts,1187,1185.0,3,1,Northern Ireland,domestic league (tier 1)
2016/09/24,Irish League,0,Crusaders FC,1531,1533.0,5 - 1,Ballinamallard United FC,1113,1111.0,5,1,Northern Ireland,domestic league (tier 1)
2016/10/01,Irish League,0,Crusaders FC,1533,1536.0,4 - 3,Cliftonville FC,1329,1326.0,4,3,Northern Ireland,domestic league (tier 1)
2016/10/22,Irish League,0,Crusaders FC,1523,1524.0,3 - 1,Carrick Rangers,1059,1058.0,3,1,Northern Ireland,domestic league (tier 1)
2016/11/05,Irish League,0,Crusaders FC,1525,1527.0,1 - 0,Coleraine FC,1268,1266.0,1,0,Northern Ireland,domestic league (tier 1)
2016/11/19,Irish League,0,Crusaders FC,1525,1526.0,1 - 0,Ards FC,1033,1032.0,1,0,Northern Ireland,domestic league (tier 1)
2016/12/03,Irish League,0,Crusaders FC,1530,1522.0,2 - 2,Glentoran FC,1223,1231.0,2,2,Northern Ireland,domestic league (tier 1)
2016/12/17,Irish League,0,Crusaders FC,1524,1529.0,3 - 1,Glenavon FC,1343,1338.0,3,1,Northern Ireland,domestic league (tier 1)
2016/12/31,Irish League,0,Crusaders FC,1545,1530.0,1 - 2,Linfield FC,1472,1487.0,1,2,Northern Ireland,domestic league (tier 1)
2017/01/21,Irish League,0,Crusaders FC,1542,1545.0,1 - 0,Cliftonville FC,1364,1361.0,1,0,Northern Ireland,domestic league (tier 1)
2017/02/11,Irish League,0,Crusaders FC,1552,1554.0,2 - 1,Ballymena United,1241,1239.0,2,1,Northern Ireland,domestic league (tier 1)
2017/03/11,Irish League,0,Crusaders FC,1529,1530.0,3 - 0,Carrick Rangers,1075,1074.0,3,0,Northern Ireland,domestic league (tier 1)
2017/03/20,Irish League,0,Crusaders FC,1530,1531.0,3 - 1,Ballinamallard United FC,1105,1104.0,3,1,Northern Ireland,domestic league (tier 1)
2017/04/18,Irish League,0,Crusaders FC,1519,1523.0,3 - 2,Coleraine FC,1353,1349.0,3,2,Northern Ireland,domestic league (tier 1)
2017/04/29,Irish League,0,Crusaders FC,1496,1504.0,6 - 1,Glenavon FC,1342,1334.0,6,1,Northern Ireland,domestic league (tier 1)
2017/08/15,Irish League,0,Crusaders FC,1502,1504.0,5 - 0,Warrenpoint Town,1124,1122.0,5,0,Northern Ireland,domestic league (tier 1)
2017/08/19,Irish League,0,Crusaders FC,1504,1488.0,1 - 2,Coleraine FC,1352,1368.0,1,2,Northern Ireland,domestic league (tier 1)
2017/09/12,Irish League,0,Crusaders FC,1499,1508.0,2 - 1,Linfield FC,1573,1564.0,2,1,Northern Ireland,domestic league (tier 1)
2017/09/16,Irish League,0,Crusaders FC,1508,1499.0,0 - 0,Ards FC,1090,1099.0,0,0,Northern Ireland,domestic league (tier 1)
2017/09/23,Irish League,0,Crusaders FC,1499,1491.0,1 - 1,Dungannon Swifts,1202,1210.0,1,1,Northern Ireland,domestic league (tier 1)
2017/10/14,Irish League,0,Crusaders FC,1502,1486.0,2 - 3,Glenavon FC,1365,1381.0,2,3,Northern Ireland,domestic league (tier 1)
2017/10/27,Irish League,0,Crusaders FC,1515,1516.0,2 - 0,Ballinamallard United FC,1032,1031.0,2,0,Northern Ireland,domestic league (tier 1)
2017/11/18,Irish League,0,Crusaders FC,1529,1530.0,7 - 1,Carrick Rangers,1030,1029.0,7,1,Northern Ireland,domestic league (tier 1)
2017/12/02,Irish League,0,Crusaders FC,1537,1539.0,1 - 0,Glentoran FC,1211,1209.0,1,0,Northern Ireland,domestic league (tier 1)
2017/12/22,Irish League,0,Crusaders FC,1550,1552.0,2 - 1,Ballymena United,1251,1249.0,2,1,Northern Ireland,domestic league (tier 1)
2017/12/26,Irish League,0,Crusaders FC,1552,1556.0,2 - 0,Cliftonville FC,1331,1327.0,2,0,Northern Ireland,domestic league (tier 1)
2018/01/13,Irish League,0,Crusaders FC,1569,1570.0,1 - 0,Ards FC,1132,1131.0,1,0,Northern Ireland,domestic league (tier 1)
2018/01/27,Irish League,0,Crusaders FC,1569,1570.0,6 - 0,Carrick Rangers,998,997.0,6,0,Northern Ireland,domestic league (tier 1)
2018/02/10,Irish League,0,Crusaders FC,1535,1538.0,4 - 2,Glentoran FC,1222,1219.0,4,2,Northern Ireland,domestic league (tier 1)
2018/02/24,Irish League,0,Crusaders FC,1538,1541.0,3 - 1,Ballymena United,1258,1255.0,3,1,Northern Ireland,domestic league (tier 1)
2018/03/17,Irish League,0,Crusaders FC,1538,1540.0,3 - 0,Dungannon Swifts,1185,1183.0,3,0,Northern Ireland,domestic league (tier 1)
2018/04/03,Irish League,0,Crusaders FC,1544,1540.0,1 - 1,Coleraine FC,1479,1483.0,1,1,Northern Ireland,domestic league (tier 1)
2018/04/07,Irish League,0,Crusaders FC,1540,1533.0,1 - 1,Glenavon FC,1357,1364.0,1,1,Northern Ireland,domestic league (tier 1)
2018/04/14,Irish League,0,Crusaders FC,1533,1541.0,2 - 0,Linfield FC,1451,1443.0,2,0,Northern Ireland,domestic league (tier 1)
2018/04/21,Irish League,0,Crusaders FC,1541,1534.0,1 - 1,Cliftonville FC,1343,1350.0,1,1,Northern Ireland,domestic league (tier 1)
2018/08/06,Irish League,0,Crusaders FC,1525,1526.0,4 - 2,Ards FC,1101,1100.0,4,2,Northern Ireland,domestic league (tier 1)
2018/08/18,Irish League,0,Crusaders FC,1521,1498.0,0 - 2,Linfield FC,1423,1446.0,0,2,Northern Ireland,domestic league (tier 1)
2018/09/03,Irish League,0,Crusaders FC,1500,1477.0,0 - 3,Coleraine FC,1485,1508.0,0,3,Northern Ireland,domestic league (tier 1)
2018/09/15,Irish League,0,Crusaders FC,1477,1478.0,1 - 0,Newry City FC,1031,1030.0,1,0,Northern Ireland,domestic league (tier 1)
2018/10/05,Irish League,0,Crusaders FC,1457,1461.0,3 - 2,Cliftonville FC,1341,1337.0,3,2,Northern Ireland,domestic league (tier 1)
2018/10/13,Irish League,0,Crusaders FC,1462,1467.0,3 - 0,Glentoran FC,1233,1228.0,3,0,Northern Ireland,domestic league (tier 1)
2018/11/17,Irish League,0,Crusaders FC,1453,1464.0,3 - 0,Glenavon FC,1427,1416.0,3,0,Northern Ireland,domestic league (tier 1)
2018/11/24,Irish League,0,Crusaders FC,1464,1465.0,3 - 2,Institute FC Drumahoe,1035,1034.0,3,2,Northern Ireland,domestic league (tier 1)
2018/12/15,Irish League,0,Crusaders FC,1436,1438.0,1 - 0,Dungannon Swifts,1162,1160.0,1,0,Northern Ireland,domestic league (tier 1)
2018/12/22,Irish League,0,Crusaders FC,1438,1440.0,3 - 1,Warrenpoint Town,1085,1083.0,3,1,Northern Ireland,domestic league (tier 1)
2019/01/01,Irish League,0,Crusaders FC,1465,1470.0,3 - 2,Ballymena United,1362,1357.0,3,2,Northern Ireland,domestic league (tier 1)
2019/01/19,Irish League,0,Crusaders FC,1475,1462.0,0 - 1,Linfield FC,1474,1487.0,0,1,Northern Ireland,domestic league (tier 1)
2019/02/15,Irish League,0,Crusaders FC,1465,1474.0,4 - 2,Coleraine FC,1406,1397.0,4,2,Northern Ireland,domestic league (tier 1)
2019/02/22,Irish League,0,Crusaders FC,1474,1468.0,1 - 1,Glenavon FC,1353,1359.0,1,1,Northern Ireland,domestic league (tier 1)
2019/03/16,Irish League,0,Crusaders FC,1477,1482.0,2 - 0,Cliftonville FC,1306,1301.0,2,0,Northern Ireland,domestic league (tier 1)
2019/08/10,Irish League,0,Crusaders FC,1478,1479.0,3 - 0,Carrick Rangers,1023,1022.0,3,0,Northern Ireland,domestic league (tier 1)
2019/08/13,Irish League,0,Crusaders FC,1479,1481.0,4 - 0,Warrenpoint Town,1080,1078.0,4,0,Northern Ireland,domestic league (tier 1)
2019/08/24,Irish League,0,Crusaders FC,1495,1486.0,2 - 2,Larne FC,993,1002.0,2,2,Northern Ireland,domestic league (tier 1)
2019/08/31,Irish League,0,Crusaders FC,1486,1490.0,3 - 0,Dungannon Swifts,1212,1208.0,3,0,Northern Ireland,domestic league (tier 1)
2019/09/14,Irish League,0,Crusaders FC,1495,1499.0,3 - 2,Glenavon FC,1326,1322.0,3,2,Northern Ireland,domestic league (tier 1)
2019/09/28,Irish League,0,Crusaders FC,1484,1489.0,5 - 2,Glentoran FC,1266,1261.0,5,2,Northern Ireland,domestic league (tier 1)
2019/10/04,Irish League,0,Crusaders FC,1489,1497.0,1 - 0,Linfield FC,1503,1495.0,1,0,Northern Ireland,domestic league (tier 1)
2019/10/19,Irish League,0,Crusaders FC,1498,1475.0,0 - 2,Coleraine FC,1407,1430.0,0,2,Northern Ireland,domestic league (tier 1)
2019/11/02,Irish League,0,Crusaders FC,1479,1470.0,1 - 1,Institute FC Drumahoe,1044,1053.0,1,1,Northern Ireland,domestic league (tier 1)
2019/12/07,Irish League,0,Crusaders FC,1478,1460.0,0 - 1,Ballymena United,1232,1250.0,0,1,Northern Ireland,domestic league (tier 1)
2019/12/26,Irish League,0,Crusaders FC,1463,1448.0,1 - 2,Cliftonville FC,1367,1382.0,1,2,Northern Ireland,domestic league (tier 1)
2019/12/28,Irish League,0,Crusaders FC,1448,1451.0,5 - 0,Dungannon Swifts,1102,1099.0,5,0,Northern Ireland,domestic league (tier 1)
2020/01/18,Irish League,0,Crusaders FC,1468,1471.0,3 - 0,Larne FC,1175,1172.0,3,0,Northern Ireland,domestic league (tier 1)
2020/01/25,Irish League,0,Crusaders FC,1471,1474.0,2 - 0,Ballymena United,1210,1207.0,2,0,Northern Ireland,domestic league (tier 1)
2020/03/03,Irish League,0,Crusaders FC,1435,1430.0,0 - 0,Cliftonville FC,1355,1360.0,0,0,Northern Ireland,domestic league (tier 1)
2020/03/07,Irish League,0,Crusaders FC,1430,1431.0,2 - 1,Institute FC Drumahoe,992,991.0,2,1,Northern Ireland,domestic league (tier 1)
2020/10/23,Irish League,0,Crusaders FC,1434,1440.0,1 - 0,Cliftonville FC,1381,1375.0,1,0,Northern Ireland,domestic league (tier 1)
2020/11/10,Irish League,0,Crusaders FC,1445,1453.0,1 - 0,Coleraine FC,1460,1452.0,1,0,Northern Ireland,domestic league (tier 1)
2020/11/21,Irish League,0,Crusaders FC,1441,1443.0,3 - 1,Dungannon Swifts,1117,1115.0,3,1,Northern Ireland,domestic league (tier 1)
2020/12/05,Irish League,0,Crusaders FC,1423,1431.0,2 - 0,Glentoran FC,1335,1327.0,2,0,Northern Ireland,domestic league (tier 1)
2020/12/12,Irish League,0,Crusaders FC,1431,1434.0,5 - 0,Portadown FC,1073,1070.0,5,0,Northern Ireland,domestic league (tier 1)
2021/01/02,Irish League,0,Crusaders FC,1434,1436.0,4 - 0,Warrenpoint Town,1068,1066.0,4,0,Northern Ireland,domestic league (tier 1)
2021/01/23,Irish League,0,Crusaders FC,1435,1430.0,3 - 3,Larne FC,1324,1329.0,3,3,Northern Ireland,domestic league (tier 1)
2021/02/02,Irish League,0,Crusaders FC,1417,1422.0,1 - 0,Glentoran FC,1332,1327.0,1,0,Northern Ireland,domestic league (tier 1)
2021/02/06,Irish League,0,Crusaders FC,1422,1411.0,1 - 2,Linfield FC,1471,1482.0,1,2,Northern Ireland,domestic league (tier 1)
2021/02/13,Irish League,0,Crusaders FC,1411,1383.0,1 - 3,Carrick Rangers,1075,1103.0,1,3,Northern Ireland,domestic league (tier 1)
2021/02/20,Irish League,0,Crusaders FC,1383,1387.0,2 - 1,Ballymena United,1219,1215.0,2,1,Northern Ireland,domestic league (tier 1)
2021/02/27,Irish League,0,Crusaders FC,1387,1371.0,0 - 1,Glenavon FC,1252,1268.0,0,1,Northern Ireland,domestic league (tier 1)
2021/03/06,Irish League,0,Crusaders FC,1391,1364.0,0 - 2,Warrenpoint Town,1095,1122.0,0,2,Northern Ireland,domestic league (tier 1)
2021/03/19,Irish League,0,Crusaders FC,1364,1354.0,1 - 2,Linfield FC,1458,1468.0,1,2,Northern Ireland,domestic league (tier 1)
2021/04/10,Irish League,0,Crusaders FC,1343,1341.0,2 - 2,Cliftonville FC,1363,1365.0,2,2,Northern Ireland,domestic league (tier 1)
2021/04/16,Irish League,0,Crusaders FC,1341,1352.0,6 - 1,Glenavon FC,1277,1266.0,6,1,Northern Ireland,domestic league (tier 1)
2021/05/01,Irish League,0,Crusaders FC,1373,1351.0,1 - 3,Larne FC,1302,1324.0,1,3,Northern Ireland,domestic league (tier 1)
2021/05/15,Irish League,0,Crusaders FC,1358,1347.0,0 - 1,Coleraine FC,1433,1444.0,0,1,Northern Ireland,domestic league (tier 1)
2021/08/31,Irish League,0,Crusaders FC,1340,1344.0,4 - 0,Portadown FC,1080,1076.0,4,0,Northern Ireland,domestic league (tier 1)
2021/09/11,Irish League,0,Crusaders FC,1344,1341.0,1 - 1,Cliftonville FC,1341,1344.0,1,1,Northern Ireland,domestic league (tier 1)
2021/09/18,Irish League,0,Crusaders FC,1341,1350.0,1 - 0,Larne FC,1402,1393.0,1,0,Northern Ireland,domestic league (tier 1)
2021/10/04,Irish League,0,Crusaders FC,1375,1359.0,0 - 2,Coleraine FC,1443,1459.0,0,2,Northern Ireland,domestic league (tier 1)
2021/10/13,Northern Ireland League Cup,0,Crusaders FC,1368,1356.0,2 - 3,Ballymena United,1228,1240.0,2,3,Northern Ireland,domestic cup
2021/11/13,Irish League,0,Crusaders FC,1357,1367.0,2 - 1,Linfield FC,1470,1460.0,2,1,Northern Ireland,domestic league (tier 1)
2021/11/20,Irish League,0,Crusaders FC,1374,1361.0,0 - 1,Glentoran FC,1373,1386.0,0,1,Northern Ireland,domestic league (tier 1)
2021/11/30,Irish League,0,Crusaders FC,1351,1354.0,2 - 0,Portadown FC,1044,1041.0,2,0,Northern Ireland,domestic league (tier 1)
2021/12/11,Irish League,0,Crusaders FC,1344,1347.0,4 - 0,Dungannon Swifts,1009,1006.0,4,0,Northern Ireland,domestic league (tier 1)
2022/01/01,Irish League,0,Crusaders FC,1352,1344.0,0 - 0,Carrick Rangers,1033,1041.0,0,0,Northern Ireland,domestic league (tier 1)
2022/01/21,Irish League,0,Crusaders FC,1386,1374.0,1 - 2,Glentoran FC,1426,1438.0,1,2,Northern Ireland,domestic league (tier 1)
2022/01/29,Irish League,0,Crusaders FC,1378,1362.0,0 - 1,Glenavon FC,1229,1245.0,0,1,Northern Ireland,domestic league (tier 1)
2022/02/15,Irish League,0,Crusaders FC,1379,1373.0,0 - 0,Glenavon FC,1243,1249.0,0,0,Northern Ireland,domestic league (tier 1)
2022/02/19,Irish League,0,Crusaders FC,1373,1375.0,2 - 1,Carrick Rangers,1048,1046.0,2,1,Northern Ireland,domestic league (tier 1)
2022/03/05,Northern Ireland Cup,0,Crusaders FC,1365,1367.0,4 - 2,Dungannon Swifts,1028,1026.0,4,2,Northern Ireland,domestic cup
2022/03/08,Irish League,0,Crusaders FC,1367,1375.0,1 - 0,Coleraine FC,1390,1382.0,1,0,Northern Ireland,domestic league (tier 1)
2022/03/15,Irish League,0,Crusaders FC,1370,1374.0,2 - 1,Ballymena United,1249,1245.0,2,1,Northern Ireland,domestic league (tier 1)
2022/03/19,Irish League,0,Crusaders FC,1374,1375.0,2 - 1,Warrenpoint Town,989,988.0,2,1,Northern Ireland,domestic league (tier 1)
2022/04/19,Irish League,0,Crusaders FC,1440,1428.0,1 - 2,Linfield FC,1483,1495.0,1,2,Northern Ireland,domestic league (tier 1)
2022/04/23,Irish League,0,Crusaders FC,1428,1426.0,3 - 3,Cliftonville FC,1448,1450.0,3,3,Northern Ireland,domestic league (tier 1)
2022/04/30,Irish League,0,Crusaders FC,1426,1412.0,1 - 2,Larne FC,1385,1399.0,1,2,Northern Ireland,domestic league (tier 1)
2022/08/13,Irish League,0,Crusaders FC,1410,1412.0,5 - 1,Dungannon Swifts,1038,1036.0,5,1,Northern Ireland,domestic league (tier 1)
2022/08/23,Irish League,0,Crusaders FC,1400,1401.0,2 - 1,Portadown FC,1020,1019.0,2,1,Northern Ireland,domestic league (tier 1)
2022/09/02,Irish League,0,Crusaders FC,1404,1402.0,1 - 1,Larne FC,1420,1422.0,1,1,Northern Ireland,domestic league (tier 1)
2022/09/16,Irish League,0,Crusaders FC,1402,1412.0,2 - 1,Linfield FC,1505,1495.0,2,1,Northern Ireland,domestic league (tier 1)
2022/09/23,Irish League,0,Crusaders FC,1412,1418.0,3 - 0,Ballymena United,1231,1225.0,3,0,Northern Ireland,domestic league (tier 1)
2022/10/15,Irish League,0,Crusaders FC,1407,1410.0,3 - 2,Glenavon FC,1203,1200.0,3,2,Northern Ireland,domestic league (tier 1)
2022/10/22,Irish League,0,Crusaders FC,1410,1412.0,4 - 0,Portadown FC,981,979.0,4,0,Northern Ireland,domestic league (tier 1)
2022/11/14,Irish League,0,Crusaders FC,1415,1398.0,0 - 1,Ballymena United,1212,1229.0,0,1,Northern Ireland,domestic league (tier 1)
2022/11/19,Irish League,0,Crusaders FC,1398,1401.0,4 - 0,Newry City FC,1064,1061.0,4,0,Northern Ireland,domestic league (tier 1)
2022/12/03,Irish League,0,Crusaders FC,1406,1414.0,3 - 2,Glentoran FC,1441,1433.0,3,2,Northern Ireland,domestic league (tier 1)
2022/12/26,Irish League,0,Crusaders FC,1400,1415.0,3 - 0,Cliftonville FC,1447,1432.0,3,0,Northern Ireland,domestic league (tier 1)
2023/01/14,Irish League,0,Crusaders FC,1403,1405.0,3 - 1,Newry City FC,1020,1018.0,3,1,Northern Ireland,domestic league (tier 1)
2023/01/24,Irish League,0,Crusaders FC,1409,1424.0,2 - 0,Linfield FC,1502,1487.0,2,0,Northern Ireland,domestic league (tier 1)
2023/02/11,Irish League,0,Crusaders FC,1414,1416.0,3 - 0,Dungannon Swifts,1042,1040.0,3,0,Northern Ireland,domestic league (tier 1)
2023/02/18,Irish League,0,Crusaders FC,1413,1423.0,2 - 0,Coleraine FC,1385,1375.0,2,0,Northern Ireland,domestic league (tier 1)
2023/03/04,Northern Ireland Cup,0,Crusaders FC,1419,1426.0,1 - 0,Glentoran FC,1414,1407.0,1,0,Northern Ireland,domestic cup
2023/03/13,Irish League,0,Crusaders FC,1426,1423.0,2 - 2,Cliftonville FC,1423,1426.0,2,2,Northern Ireland,domestic league (tier 1)
2023/03/25,Irish League,0,Crusaders FC,1416,1419.0,3 - 0,Carrick Rangers,1109,1106.0,3,0,Northern Ireland,domestic league (tier 1)
2023/04/11,Irish League,0,Crusaders FC,1428,1436.0,3 - 1,Coleraine FC,1358,1350.0,3,1,Northern Ireland,domestic league (tier 1)
2023/04/14,Irish League,0,Crusaders FC,1436,1418.0,0 - 2,Larne FC,1467,1485.0,0,2,Northern Ireland,domestic league (tier 1)
2023/04/29,Irish League,0,Crusaders FC,1420,1407.0,1 - 2,Glentoran FC,1422,1435.0,1,2,Northern Ireland,domestic league (tier 1)
2023/08/15,Irish League,0,Crusaders FC,1433,1435.0,2 - 0,Dungannon Swifts,1067,1065.0,2,0,Northern Ireland,domestic league (tier 1)
2023/08/22,Irish League,0,Crusaders FC,1435,1438.0,9 - 0,Carrick Rangers,1060,1057.0,9,0,Northern Ireland,domestic league (tier 1)
2023/09/02,Irish League,0,Crusaders FC,1446,1437.0,1 - 1,Loughgall FC,992,1001.0,1,1,Northern Ireland,domestic league (tier 1)
2023/09/18,Irish League,0,Crusaders FC,1437,1412.0,0 - 3,Cliftonville FC,1367,1392.0,0,3,Northern Ireland,domestic league (tier 1)
2023/09/23,Irish League,0,Crusaders FC,1412,1416.0,2 - 0,Glenavon FC,1183,1179.0,2,0,Northern Ireland,domestic league (tier 1)
2023/10/13,Irish League,0,Crusaders FC,1435,1437.0,1 - 0,Ballymena United,1127,1125.0,1,0,Northern Ireland,domestic league (tier 1)
2023/10/28,Irish League,0,Crusaders FC,1443,1439.0,1 - 1,Glentoran FC,1411,1415.0,1,1,Northern Ireland,domestic league (tier 1)
2023/11/04,Irish League,0,Crusaders FC,1439,1415.0,0 - 2,Coleraine FC,1290,1314.0,0,2,Northern Ireland,domestic league (tier 1)
2023/12/02,Irish League,0,Crusaders FC,1393,1384.0,1 - 1,Newry City FC,993,1002.0,1,1,Northern Ireland,domestic league (tier 1)
2023/12/15,Irish League,0,Crusaders FC,1389,1371.0,0 - 3,Larne FC,1473,1491.0,0,3,Northern Ireland,domestic league (tier 1)
2023/12/30,Irish League,0,Crusaders FC,1377,1380.0,2 - 0,Carrick Rangers,1112,1109.0,2,0,Northern Ireland,domestic league (tier 1)
2024/01/02,Irish League,0,Crusaders FC,1380,1372.0,0 - 1,Linfield FC,1544,1552.0,0,1,Northern Ireland,domestic league (tier 1)
2024/01/06,Northern Ireland Cup,0,Crusaders FC,1372,1363.0,1 - 1,Ards FC,993,1002.0,1,1,Northern Ireland,domestic cup
2024/01/12,Irish League,0,Crusaders FC,1363,1349.0,0 - 2,Larne FC,1493,1507.0,0,2,Northern Ireland,domestic league (tier 1)
2024/01/27,Irish League,0,Crusaders FC,1346,1335.0,1 - 2,Glentoran FC,1419,1430.0,1,2,Northern Ireland,domestic league (tier 1)
2024/02/24,Irish League,0,Crusaders FC,1338,1344.0,2 - 0,Glenavon FC,1190,1184.0,2,0,Northern Ireland,domestic league (tier 1)
2024/03/16,Irish League,0,Crusaders FC,1352,1346.0,1 - 1,Coleraine FC,1231,1237.0,1,1,Northern Ireland,domestic league (tier 1)
2024/04/12,Irish League,0,Crusaders FC,1367,1359.0,1 - 2,Linfield FC,1547,1555.0,1,2,Northern Ireland,domestic league (tier 1)
2024/04/16,Irish League,0,Crusaders FC,1359,1368.0,2 - 1,Cliftonville FC,1416,1407.0,2,1,Northern Ireland,domestic league (tier 1)
2024/05/01,Irish League,0,Crusaders FC,1367,1371.0,3 - 1,Carrick Rangers,1154,1150.0,3,1,Northern Ireland,domestic league (tier 1)
2024/05/06,Irish League,0,Crusaders FC,1371,1378.0,3 - 2,Coleraine FC,1263,1256.0,3,2,Northern Ireland,domestic league (tier 1)
2024/08/24,Irish League,0,Crusaders FC,1380,1378.0,1 - 1,Cliftonville FC,1425,1427.0,1,1,Northern Ireland,domestic league (tier 1)
2024/08/31,Irish League,0,Crusaders FC,1378,1380.0,2 - 1,Carrick Rangers,1137,1135.0,2,1,Northern Ireland,domestic league (tier 1)
2024/09/14,Irish League,0,Crusaders FC,1380,1362.0,0 - 1,Glenavon FC,1121,1139.0,0,1,Northern Ireland,domestic league (tier 1)
2024/09/21,Irish League,0,Crusaders FC,1350,1319.0,0 - 3,Portadown FC,1096,1127.0,0,3,Northern Ireland,domestic league (tier 1)
2024/10/05,Irish League,0,Crusaders FC,1334,1339.0,2 - 1,Coleraine FC,1252,1247.0,2,1,Northern Ireland,domestic league (tier 1)
2024/10/12,Irish League,0,Crusaders FC,1339,1330.0,2 - 3,Linfield FC,1487,1496.0,2,3,Northern Ireland,domestic league (tier 1)
2024/10/26,Irish League,0,Crusaders FC,1336,1339.0,1 - 0,Ballymena United,1160,1157.0,1,0,Northern Ireland,domestic league (tier 1)
2024/11/05,Northern Ireland League Cup,0,Crusaders FC,1333,1337.0,2 - 1,Coleraine FC,1264,1260.0,2,1,Northern Ireland,domestic cup
2024/11/09,Irish League,0,Crusaders FC,1337,1340.0,3 - 1,Loughgall FC,1083,1080.0,3,1,Northern Ireland,domestic league (tier 1)
2024/11/30,Irish League,0,Crusaders FC,1329,1323.0,2 - 2,Dungannon Swifts,1211,1217.0,2,2,Northern Ireland,domestic league (tier 1)
2024/12/03,Northern Ireland League Cup,0,Crusaders FC,1323,1328.0,4 - 2,Dungannon Swifts,1217,1212.0,4,2,Northern Ireland,domestic cup
2024/12/13,Irish League,0,Crusaders FC,1328,1309.0,1 - 3,Glentoran FC,1321,1340.0,1,3,Northern Ireland,domestic league (tier 1)
2024/12/26,Irish League,0,Crusaders FC,1280,1294.0,2 - 0,Cliftonville FC,1365,1351.0,2,0,Northern Ireland,domestic league (tier 1)
2025/01/07,Irish League,0,Crusaders FC,1293,1279.0,1 - 3,Larne FC,1421,1435.0,1,3,Northern Ireland,domestic league (tier 1)
2025/01/11,Irish League,0,Crusaders FC,1279,1252.0,1 - 5,Dungannon Swifts,1214,1241.0,1,5,Northern Ireland,domestic league (tier 1)
2025/01/25,Irish League,0,Crusaders FC,1267,1272.0,3 - 2,Portadown FC,1169,1164.0,3,2,Northern Ireland,domestic league (tier 1)
2025/02/01,Northern Ireland Cup,0,Crusaders FC,1269,1271.0,1 - 0,Limavady United,997,995.0,1,0,Northern Ireland,domestic cup
2025/02/15,Irish League,0,Crusaders FC,1287,1292.0,3 - 1,Ballymena United,1111,1106.0,3,1,Northern Ireland,domestic league (tier 1)
2025/03/01,Northern Ireland Cup,0,Crusaders FC,1302,1290.0,1 - 2,Cliftonville FC,1349,1361.0,1,2,Northern Ireland,domestic cup
2025/03/07,Irish League,0,Crusaders FC,1290,1278.0,0 - 2,Linfield FC,1467,1479.0,0,2,Northern Ireland,domestic league (tier 1)
2025/03/15,Irish League,0,Crusaders FC,1278,1270.0,1 - 1,Loughgall FC,1009,1017.0,1,1,Northern Ireland,domestic league (tier 1)
2025/04/05,Irish League,0,Crusaders FC,1281,1281.0,2 - 2,Larne FC,1377,1377.0,2,2,Northern Ireland,domestic league (tier 1)
2025/04/12,Irish League,0,Crusaders FC,1281,1260.0,0 - 4,Glentoran FC,1333,1354.0,0,4,Northern Ireland,domestic league (tier 1)
2025/04/19,Irish League,0,Crusaders FC,1260,1274.0,3 - 0,Coleraine FC,1284,1270.0,3,0,Northern Ireland,domestic league (tier 1)
2025/08/09,Irish League,0,Crusaders FC,1259,1243.0,3 - 4,Carrick Rangers,1106,1122.0,3,4,Northern Ireland,domestic league (tier 1)
2025/08/23,Irish League,0,Crusaders FC,1255,1240.0,0 - 2,Glentoran FC,1345,1360.0,0,2,Northern Ireland,domestic league (tier 1)
2025/09/06,Irish League,0,Crusaders FC,1231,1211.0,0 - 4,Coleraine FC,1306,1326.0,0,4,Northern Ireland,domestic league (tier 1)
2025/09/20,Irish League,0,Crusaders FC,1227,1223.0,1 - 1,Ballymena United,1175,1179.0,1,1,Northern Ireland,domestic league (tier 1)
2025/10/25,Irish League,0,Crusaders FC,1227,1218.0,2 - 3,Glentoran FC,1367,1376.0,2,3,Northern Ireland,domestic league (tier 1)
2025/11/15,Irish League,0,Crusaders FC,1216,1224.0,4 - 1,Glenavon FC,1104,1096.0,4,1,Northern Ireland,domestic league (tier 1)
2025/11/29,Irish League,0,Crusaders FC,1222,1208.0,0 - 2,Coleraine FC,1344,1358.0,0,2,Northern Ireland,domestic league (tier 1)
2025/12/06,Irish League,0,Crusaders FC,1208,1181.0,0 - 4,Portadown FC,1154,1181.0,0,4,Northern Ireland,domestic league (tier 1)
2025/12/20,Irish League,0,Crusaders FC,1177,1171.0,0 - 1,Larne FC,1419,1425.0,0,1,Northern Ireland,domestic league (tier 1)
2025/12/30,Irish League,0,Crusaders FC,1188,1183.0,2 - 2,Carrick Rangers,1105,1110.0,2,2,Northern Ireland,domestic league (tier 1)
2026/01/03,Irish League,0,Crusaders FC,1183,1198.0,2 - 0,Dungannon Swifts,1286,1271.0,2,0,Northern Ireland,domestic league (tier 1)
2026/01/24,Irish League,0,Crusaders FC,1184,1177.0,0 - 1,Linfield FC,1400,1407.0,0,1,Northern Ireland,domestic league (tier 1)
2026/01/31,Irish League,0,Crusaders FC,1177,1169.0,2 - 4,Larne FC,1455,1463.0,2,4,Northern Ireland,domestic league (tier 1)
2026/02/14,Irish League,0,Crusaders FC,1169,1165.0,2 - 2,Bangor FC,1113,1117.0,2,2,Northern Ireland,domestic league (tier 1)
2026/03/10,Irish League,0,Crusaders FC,1142,1134.0,0 - 1,Cliftonville FC,1316,1324.0,0,1,Northern Ireland,domestic league (tier 1)
2026/03/14,Irish League,0,Crusaders FC,1134,1111.0,0 - 3,Glenavon FC,1121,1144.0,0,3,Northern Ireland,domestic league (tier 1)
2026/04/07,Irish League,0,Crusaders FC,1104,1101.0,1 - 1,Bangor FC,1108,1111.0,1,1,Northern Ireland,domestic league (tier 1)
2026/04/11,Irish League,0,Crusaders FC,1101,1116.0,4 - 0,Portadown FC,1133,1118.0,4,0,Northern Ireland,domestic league (tier 1)
2026/04/25,Irish League,0,Crusaders FC,1129,1136.0,3 - 2,Ballymena United,1138,1131.0,3,2,Northern Ireland,domestic league (tier 1)
2026/08/15,Irish League,0,Crusaders FC,1132,1140.0,2 - 1,Ballymena United,1161,1153.0,2,1,Northern Ireland,domestic league (tier 1)
2026/08/22,Irish League,0,Crusaders FC,1140,1147.0,3 - 2,Portadown FC,1133,1126.0,3,2,Northern Ireland,domestic league (tier 1)
2016/08/10,Irish League,0,Dungannon Swifts,1165,1149.0,1 - 2,Ards FC,1012,1028.0,1,2,Northern Ireland,domestic league (tier 1)
2016/08/13,Irish League,0,Dungannon Swifts,1149,1167.0,4 - 0,Coleraine FC,1238,1220.0,4,0,Northern Ireland,domestic league (tier 1)
2016/09/03,Irish League,0,Dungannon Swifts,1191,1187.0,2 - 2,Ballymena United,1157,1161.0,2,2,Northern Ireland,domestic league (tier 1)
2016/09/17,Irish League,0,Dungannon Swifts,1185,1187.0,1 - 1,Glenavon FC,1373,1371.0,1,1,Northern Ireland,domestic league (tier 1)
2016/10/08,Irish League,0,Dungannon Swifts,1189,1201.0,6 - 0,Portadown FC,1132,1120.0,6,0,Northern Ireland,domestic league (tier 1)
2016/10/15,Irish League,0,Dungannon Swifts,1209,1196.0,0 - 1,Glentoran FC,1199,1212.0,0,1,Northern Ireland,domestic league (tier 1)
2016/11/05,Irish League,0,Dungannon Swifts,1200,1201.0,1 - 1,Cliftonville FC,1346,1345.0,1,1,Northern Ireland,domestic league (tier 1)
2016/11/12,Irish League,0,Dungannon Swifts,1201,1191.0,0 - 4,Linfield FC,1469,1479.0,0,4,Northern Ireland,domestic league (tier 1)
2016/11/26,Irish League,0,Dungannon Swifts,1205,1201.0,0 - 1,Crusaders FC,1526,1530.0,0,1,Northern Ireland,domestic league (tier 1)
2016/12/10,Irish League,0,Dungannon Swifts,1217,1224.0,3 - 1,Carrick Rangers,1095,1088.0,3,1,Northern Ireland,domestic league (tier 1)
2016/12/26,Irish League,0,Dungannon Swifts,1209,1213.0,3 - 2,Ballinamallard United FC,1083,1079.0,3,2,Northern Ireland,domestic league (tier 1)
2017/01/03,Irish League,0,Dungannon Swifts,1216,1210.0,2 - 2,Ballinamallard United FC,1088,1094.0,2,2,Northern Ireland,domestic league (tier 1)
2017/01/28,Irish League,0,Dungannon Swifts,1212,1203.0,1 - 4,Linfield FC,1488,1497.0,1,4,Northern Ireland,domestic league (tier 1)
2017/02/17,Irish League,0,Dungannon Swifts,1198,1194.0,1 - 2,Crusaders FC,1554,1558.0,1,2,Northern Ireland,domestic league (tier 1)
2017/02/25,Irish League,0,Dungannon Swifts,1194,1188.0,3 - 3,Ards FC,1035,1041.0,3,3,Northern Ireland,domestic league (tier 1)
2017/03/18,Irish League,0,Dungannon Swifts,1188,1189.0,2 - 2,Cliftonville FC,1336,1335.0,2,2,Northern Ireland,domestic league (tier 1)
2017/04/15,Irish League,0,Dungannon Swifts,1175,1183.0,2 - 1,Glentoran FC,1214,1206.0,2,1,Northern Ireland,domestic league (tier 1)
2017/04/22,Irish League,0,Dungannon Swifts,1202,1209.0,4 - 0,Carrick Rangers,1058,1051.0,4,0,Northern Ireland,domestic league (tier 1)
2017/04/29,Irish League,0,Dungannon Swifts,1209,1215.0,2 - 0,Portadown FC,1062,1056.0,2,0,Northern Ireland,domestic league (tier 1)
2017/08/12,Irish League,0,Dungannon Swifts,1204,1190.0,1 - 3,Coleraine FC,1330,1344.0,1,3,Northern Ireland,domestic league (tier 1)
2017/08/19,Irish League,0,Dungannon Swifts,1181,1175.0,0 - 4,Linfield FC,1563,1569.0,0,4,Northern Ireland,domestic league (tier 1)
2017/09/02,Irish League,0,Dungannon Swifts,1197,1203.0,2 - 0,Ballinamallard United FC,1068,1062.0,2,0,Northern Ireland,domestic league (tier 1)
2017/09/16,Irish League,0,Dungannon Swifts,1197,1202.0,2 - 1,Warrenpoint Town,1106,1101.0,2,1,Northern Ireland,domestic league (tier 1)
2017/10/07,Irish League,0,Dungannon Swifts,1216,1224.0,2 - 1,Ballymena United,1232,1224.0,2,1,Northern Ireland,domestic league (tier 1)
2017/10/21,Irish League,0,Dungannon Swifts,1219,1200.0,0 - 2,Glentoran FC,1230,1249.0,0,2,Northern Ireland,domestic league (tier 1)
2017/10/28,Irish League,0,Dungannon Swifts,1200,1180.0,0 - 4,Cliftonville FC,1279,1299.0,0,4,Northern Ireland,domestic league (tier 1)
2017/11/21,Irish League,0,Dungannon Swifts,1186,1179.0,0 - 4,Crusaders FC,1530,1537.0,0,4,Northern Ireland,domestic league (tier 1)
2017/11/25,Irish League,0,Dungannon Swifts,1179,1186.0,4 - 0,Carrick Rangers,1029,1022.0,4,0,Northern Ireland,domestic league (tier 1)
2017/12/16,Irish League,0,Dungannon Swifts,1182,1178.0,0 - 0,Ards FC,1117,1121.0,0,0,Northern Ireland,domestic league (tier 1)
2017/12/23,Irish League,0,Dungannon Swifts,1178,1166.0,0 - 3,Glenavon FC,1384,1396.0,0,3,Northern Ireland,domestic league (tier 1)
2017/12/30,Irish League,0,Dungannon Swifts,1174,1172.0,0 - 0,Glentoran FC,1217,1219.0,0,0,Northern Ireland,domestic league (tier 1)
2018/01/13,Irish League,0,Dungannon Swifts,1179,1173.0,0 - 1,Coleraine FC,1439,1445.0,0,1,Northern Ireland,domestic league (tier 1)
2018/01/27,Irish League,0,Dungannon Swifts,1167,1174.0,1 - 0,Ards FC,1142,1135.0,1,0,Northern Ireland,domestic league (tier 1)
2018/02/24,Irish League,0,Dungannon Swifts,1205,1210.0,2 - 0,Ballinamallard United FC,1018,1013.0,2,0,Northern Ireland,domestic league (tier 1)
2018/03/06,Irish League,0,Dungannon Swifts,1197,1185.0,2 - 3,Ballymena United,1243,1255.0,2,3,Northern Ireland,domestic league (tier 1)
2018/03/23,Irish League,0,Dungannon Swifts,1183,1196.0,3 - 2,Glenavon FC,1381,1368.0,3,2,Northern Ireland,domestic league (tier 1)
2018/04/07,Irish League,0,Dungannon Swifts,1178,1183.0,2 - 0,Carrick Rangers,1010,1005.0,2,0,Northern Ireland,domestic league (tier 1)
2018/04/21,Irish League,0,Dungannon Swifts,1172,1180.0,4 - 2,Warrenpoint Town,1099,1091.0,4,2,Northern Ireland,domestic league (tier 1)
2018/08/04,Irish League,0,Dungannon Swifts,1191,1172.0,0 - 2,Ballymena United,1207,1226.0,0,2,Northern Ireland,domestic league (tier 1)
2018/08/18,Irish League,0,Dungannon Swifts,1161,1164.0,1 - 1,Cliftonville FC,1362,1359.0,1,1,Northern Ireland,domestic league (tier 1)
2018/09/22,Irish League,0,Dungannon Swifts,1157,1153.0,0 - 0,Ards FC,1103,1107.0,0,0,Northern Ireland,domestic league (tier 1)
2018/09/25,Irish League,0,Dungannon Swifts,1153,1169.0,3 - 2,Crusaders FC,1469,1453.0,3,2,Northern Ireland,domestic league (tier 1)
2018/10/06,Irish League,0,Dungannon Swifts,1167,1144.0,0 - 2,Warrenpoint Town,1051,1074.0,0,2,Northern Ireland,domestic league (tier 1)
2018/10/27,Irish League,0,Dungannon Swifts,1157,1152.0,1 - 2,Linfield FC,1444,1449.0,1,2,Northern Ireland,domestic league (tier 1)
2018/11/10,Irish League,0,Dungannon Swifts,1153,1158.0,2 - 1,Institute FC Drumahoe,1046,1041.0,2,1,Northern Ireland,domestic league (tier 1)
2018/11/24,Irish League,0,Dungannon Swifts,1171,1179.0,1 - 0,Glentoran FC,1212,1204.0,1,0,Northern Ireland,domestic league (tier 1)
2018/12/08,Irish League,0,Dungannon Swifts,1172,1166.0,1 - 1,Newry City FC,1028,1034.0,1,1,Northern Ireland,domestic league (tier 1)
2018/12/26,Irish League,0,Dungannon Swifts,1158,1162.0,1 - 1,Glenavon FC,1414,1410.0,1,1,Northern Ireland,domestic league (tier 1)
2018/12/29,Irish League,0,Dungannon Swifts,1162,1134.0,0 - 3,Ards FC,1033,1061.0,0,3,Northern Ireland,domestic league (tier 1)
2019/01/19,Irish League,0,Dungannon Swifts,1178,1193.0,3 - 1,Cliftonville FC,1286,1271.0,3,1,Northern Ireland,domestic league (tier 1)
2019/02/05,Irish League,0,Dungannon Swifts,1210,1199.0,0 - 2,Coleraine FC,1401,1412.0,0,2,Northern Ireland,domestic league (tier 1)
2019/02/09,Irish League,0,Dungannon Swifts,1199,1214.0,1 - 0,Crusaders FC,1480,1465.0,1,0,Northern Ireland,domestic league (tier 1)
2019/02/15,Irish League,0,Dungannon Swifts,1230,1235.0,4 - 3,Warrenpoint Town,1121,1116.0,4,3,Northern Ireland,domestic league (tier 1)
2019/03/09,Irish League,0,Dungannon Swifts,1211,1214.0,2 - 1,Newry City FC,982,979.0,2,1,Northern Ireland,domestic league (tier 1)
2019/03/22,Irish League,0,Dungannon Swifts,1210,1199.0,0 - 5,Linfield FC,1480,1491.0,0,5,Northern Ireland,domestic league (tier 1)
2019/04/06,Irish League,0,Dungannon Swifts,1199,1187.0,1 - 2,Glentoran FC,1213,1225.0,1,2,Northern Ireland,domestic league (tier 1)
2019/04/13,Irish League,0,Dungannon Swifts,1187,1192.0,2 - 1,Institute FC Drumahoe,1095,1090.0,2,1,Northern Ireland,domestic league (tier 1)
2019/08/10,Irish League,0,Dungannon Swifts,1174,1176.0,2 - 2,Ballymena United,1346,1344.0,2,2,Northern Ireland,domestic league (tier 1)
2019/08/17,Irish League,0,Dungannon Swifts,1186,1200.0,3 - 1,Glentoran FC,1255,1241.0,3,1,Northern Ireland,domestic league (tier 1)
2019/08/24,Irish League,0,Dungannon Swifts,1200,1212.0,2 - 1,Glenavon FC,1362,1350.0,2,1,Northern Ireland,domestic league (tier 1)
2019/09/14,Irish League,0,Dungannon Swifts,1201,1184.0,0 - 4,Cliftonville FC,1341,1358.0,0,4,Northern Ireland,domestic league (tier 1)
2019/09/28,Irish League,0,Dungannon Swifts,1183,1187.0,2 - 1,Carrick Rangers,1033,1029.0,2,1,Northern Ireland,domestic league (tier 1)
2019/10/12,Irish League,0,Dungannon Swifts,1169,1162.0,1 - 4,Linfield FC,1501,1508.0,1,4,Northern Ireland,domestic league (tier 1)
2019/11/02,Irish League,0,Dungannon Swifts,1146,1139.0,0 - 2,Coleraine FC,1439,1446.0,0,2,Northern Ireland,domestic league (tier 1)
2019/11/16,Irish League,0,Dungannon Swifts,1139,1125.0,0 - 1,Larne FC,1099,1113.0,0,1,Northern Ireland,domestic league (tier 1)
2019/11/30,Irish League,0,Dungannon Swifts,1118,1110.0,1 - 6,Crusaders FC,1469,1477.0,1,6,Northern Ireland,domestic league (tier 1)
2019/12/07,Irish League,0,Dungannon Swifts,1110,1118.0,3 - 1,Warrenpoint Town,1033,1025.0,3,1,Northern Ireland,domestic league (tier 1)
2019/12/21,Irish League,0,Dungannon Swifts,1114,1110.0,2 - 2,Institute FC Drumahoe,1053,1057.0,2,2,Northern Ireland,domestic league (tier 1)
2020/01/01,Irish League,0,Dungannon Swifts,1099,1090.0,0 - 2,Glentoran FC,1351,1360.0,0,2,Northern Ireland,domestic league (tier 1)
2020/01/25,Irish League,0,Dungannon Swifts,1110,1117.0,2 - 0,Institute FC Drumahoe,1012,1005.0,2,0,Northern Ireland,domestic league (tier 1)
2020/02/14,Irish League,0,Dungannon Swifts,1130,1115.0,0 - 2,Larne FC,1227,1242.0,0,2,Northern Ireland,domestic league (tier 1)
2020/03/03,Irish League,0,Dungannon Swifts,1121,1130.0,1 - 0,Ballymena United,1203,1194.0,1,0,Northern Ireland,domestic league (tier 1)
2020/03/07,Irish League,0,Dungannon Swifts,1130,1124.0,4 - 4,Warrenpoint Town,1013,1019.0,4,4,Northern Ireland,domestic league (tier 1)
2020/10/24,Irish League,0,Dungannon Swifts,1116,1093.0,0 - 2,Warrenpoint Town,1016,1039.0,0,2,Northern Ireland,domestic league (tier 1)
2020/11/10,Irish League,0,Dungannon Swifts,1102,1117.0,2 - 1,Cliftonville FC,1381,1366.0,2,1,Northern Ireland,domestic league (tier 1)
2020/12/04,Irish League,0,Dungannon Swifts,1110,1133.0,2 - 0,Coleraine FC,1410,1387.0,2,0,Northern Ireland,domestic league (tier 1)
2020/12/08,Irish League,0,Dungannon Swifts,1133,1107.0,0 - 3,Portadown FC,1047,1073.0,0,3,Northern Ireland,domestic league (tier 1)
2020/12/12,Irish League,0,Dungannon Swifts,1107,1088.0,1 - 5,Ballymena United,1204,1223.0,1,5,Northern Ireland,domestic league (tier 1)
2021/01/02,Irish League,0,Dungannon Swifts,1086,1079.0,1 - 2,Cliftonville FC,1307,1314.0,1,2,Northern Ireland,domestic league (tier 1)
2021/02/06,Irish League,0,Dungannon Swifts,1094,1073.0,0 - 2,Carrick Rangers,1047,1068.0,0,2,Northern Ireland,domestic league (tier 1)
2021/02/23,Irish League,0,Dungannon Swifts,1072,1064.0,1 - 2,Glenavon FC,1244,1252.0,1,2,Northern Ireland,domestic league (tier 1)
2021/02/27,Irish League,0,Dungannon Swifts,1064,1059.0,0 - 1,Glentoran FC,1359,1364.0,0,1,Northern Ireland,domestic league (tier 1)
2021/03/06,Irish League,0,Dungannon Swifts,1047,1044.0,2 - 3,Coleraine FC,1436,1439.0,2,3,Northern Ireland,domestic league (tier 1)
2021/03/13,Irish League,0,Dungannon Swifts,1044,1035.0,0 - 2,Larne FC,1292,1301.0,0,2,Northern Ireland,domestic league (tier 1)
2021/03/20,Irish League,0,Dungannon Swifts,1034,1022.0,0 - 1,Portadown FC,1065,1077.0,0,1,Northern Ireland,domestic league (tier 1)
2021/03/23,Irish League,0,Dungannon Swifts,1022,1038.0,2 - 1,Crusaders FC,1354,1338.0,2,1,Northern Ireland,domestic league (tier 1)
2021/03/30,Irish League,0,Dungannon Swifts,1033,1020.0,0 - 4,Glenavon FC,1247,1260.0,0,4,Northern Ireland,domestic league (tier 1)
2021/04/03,Irish League,0,Dungannon Swifts,1020,1016.0,0 - 2,Linfield FC,1458,1462.0,0,2,Northern Ireland,domestic league (tier 1)
2021/04/24,Irish League,0,Dungannon Swifts,1009,1003.0,0 - 2,Crusaders FC,1352,1358.0,0,2,Northern Ireland,domestic league (tier 1)
2021/04/30,Irish League,0,Dungannon Swifts,1021,1003.0,0 - 2,Carrick Rangers,1052,1070.0,0,2,Northern Ireland,domestic league (tier 1)
2021/05/04,Irish League,0,Dungannon Swifts,1003,992.0,0 - 1,Warrenpoint Town,1072,1083.0,0,1,Northern Ireland,domestic league (tier 1)
2021/05/15,Irish League,0,Dungannon Swifts,991,983.0,1 - 3,Ballymena United,1273,1281.0,1,3,Northern Ireland,domestic league (tier 1)
2021/08/28,Irish League,0,Dungannon Swifts,984,981.0,2 - 3,Glentoran FC,1390,1393.0,2,3,Northern Ireland,domestic league (tier 1)
2021/09/11,Irish League,0,Dungannon Swifts,981,976.0,0 - 5,Coleraine FC,1423,1428.0,0,5,Northern Ireland,domestic league (tier 1)
2021/09/14,Northern Ireland League Cup,0,Dungannon Swifts,976,985.0,3 - 0,Armagh City FC,961,952.0,3,0,Northern Ireland,domestic cup
2021/09/18,Irish League,0,Dungannon Swifts,985,979.0,1 - 3,Cliftonville FC,1344,1350.0,1,3,Northern Ireland,domestic league (tier 1)
2021/10/02,Irish League,0,Dungannon Swifts,1003,998.0,2 - 4,Larne FC,1394,1399.0,2,4,Northern Ireland,domestic league (tier 1)
2021/10/22,Irish League,0,Dungannon Swifts,994,1008.0,2 - 0,Carrick Rangers,1079,1065.0,2,0,Northern Ireland,domestic league (tier 1)
2021/11/20,Irish League,0,Dungannon Swifts,999,1012.0,4 - 2,Portadown FC,1051,1038.0,4,2,Northern Ireland,domestic league (tier 1)
2021/11/23,Irish League,0,Dungannon Swifts,1012,1006.0,0 - 2,Crusaders FC,1361,1367.0,0,2,Northern Ireland,domestic league (tier 1)
2021/11/30,Irish League,0,Dungannon Swifts,1004,994.0,0 - 2,Glenavon FC,1227,1237.0,0,2,Northern Ireland,domestic league (tier 1)
2021/12/18,Irish League,0,Dungannon Swifts,1006,997.0,0 - 2,Ballymena United,1267,1276.0,0,2,Northern Ireland,domestic league (tier 1)
2021/12/21,Irish League,0,Dungannon Swifts,997,995.0,2 - 2,Warrenpoint Town,1024,1026.0,2,2,Northern Ireland,domestic league (tier 1)
2022/01/01,Irish League,0,Dungannon Swifts,995,991.0,1 - 6,Linfield FC,1488,1492.0,1,6,Northern Ireland,domestic league (tier 1)
2022/01/22,Irish League,0,Dungannon Swifts,1023,1035.0,3 - 1,Portadown FC,1061,1049.0,3,1,Northern Ireland,domestic league (tier 1)
2022/01/29,Irish League,0,Dungannon Swifts,1030,1039.0,3 - 2,Carrick Rangers,1080,1071.0,3,2,Northern Ireland,domestic league (tier 1)
2022/02/26,Irish League,0,Dungannon Swifts,1034,1028.0,0 - 2,Larne FC,1386,1392.0,0,2,Northern Ireland,domestic league (tier 1)
2022/03/12,Irish League,0,Dungannon Swifts,1038,1035.0,0 - 1,Glentoran FC,1435,1438.0,0,1,Northern Ireland,domestic league (tier 1)
2022/03/22,Irish League,0,Dungannon Swifts,1033,1030.0,0 - 1,Cliftonville FC,1452,1455.0,0,1,Northern Ireland,domestic league (tier 1)
2022/03/26,Irish League,0,Dungannon Swifts,1030,1024.0,2 - 4,Crusaders FC,1375,1381.0,2,4,Northern Ireland,domestic league (tier 1)
2022/04/16,Irish League,0,Dungannon Swifts,1017,1031.0,3 - 2,Glenavon FC,1267,1253.0,3,2,Northern Ireland,domestic league (tier 1)
2022/04/23,Irish League,0,Dungannon Swifts,1035,1045.0,2 - 0,Warrenpoint Town,1002,992.0,2,0,Northern Ireland,domestic league (tier 1)
2022/04/30,Irish League,0,Dungannon Swifts,1045,1038.0,1 - 2,Ballymena United,1257,1264.0,1,2,Northern Ireland,domestic league (tier 1)
2022/08/20,Irish League,0,Dungannon Swifts,1036,1026.0,0 - 2,Ballymena United,1255,1265.0,0,2,Northern Ireland,domestic league (tier 1)
2022/08/23,Irish League,0,Dungannon Swifts,1026,1022.0,0 - 1,Glentoran FC,1394,1398.0,0,1,Northern Ireland,domestic league (tier 1)
2022/09/02,Irish League,0,Dungannon Swifts,1021,1011.0,0 - 5,Coleraine FC,1311,1321.0,0,5,Northern Ireland,domestic league (tier 1)
2022/09/23,Irish League,0,Dungannon Swifts,1004,1015.0,2 - 0,Portadown FC,1016,1005.0,2,0,Northern Ireland,domestic league (tier 1)
2022/10/01,Irish League,0,Dungannon Swifts,1015,1013.0,0 - 1,Linfield FC,1495,1497.0,0,1,Northern Ireland,domestic league (tier 1)
2022/10/04,Northern Ireland League Cup,0,Dungannon Swifts,1013,1018.0,2 - 1,Portadown FC,1008,1003.0,2,1,Northern Ireland,domestic cup
2022/10/21,Irish League,0,Dungannon Swifts,1003,1007.0,1 - 1,Ballymena United,1231,1227.0,1,1,Northern Ireland,domestic league (tier 1)
2022/10/29,Irish League,0,Dungannon Swifts,1007,1003.0,0 - 2,Crusaders FC,1412,1416.0,0,2,Northern Ireland,domestic league (tier 1)
2022/11/12,Irish League,0,Dungannon Swifts,999,995.0,0 - 2,Cliftonville FC,1448,1452.0,0,2,Northern Ireland,domestic league (tier 1)
2022/11/26,Irish League,0,Dungannon Swifts,994,1008.0,1 - 0,Glenavon FC,1232,1218.0,1,0,Northern Ireland,domestic league (tier 1)
2022/12/10,Irish League,0,Dungannon Swifts,1006,1022.0,4 - 1,Carrick Rangers,1085,1069.0,4,1,Northern Ireland,domestic league (tier 1)
2022/12/26,Irish League,0,Dungannon Swifts,1021,1032.0,2 - 0,Newry City FC,1035,1024.0,2,0,Northern Ireland,domestic league (tier 1)
2023/01/07,Northern Ireland Cup,0,Dungannon Swifts,1034,1043.0,3 - 1,Ards FC,984,975.0,3,1,Northern Ireland,domestic cup
2023/01/21,Irish League,0,Dungannon Swifts,1039,1052.0,2 - 1,Glenavon FC,1230,1217.0,2,1,Northern Ireland,domestic league (tier 1)
2023/01/28,Irish League,0,Dungannon Swifts,1049,1042.0,0 - 3,Coleraine FC,1375,1382.0,0,3,Northern Ireland,domestic league (tier 1)
2023/02/14,Irish League,0,Dungannon Swifts,1040,1035.0,0 - 3,Larne FC,1441,1446.0,0,3,Northern Ireland,domestic league (tier 1)
2023/03/11,Irish League,0,Dungannon Swifts,1059,1048.0,0 - 1,Carrick Rangers,1108,1119.0,0,1,Northern Ireland,domestic league (tier 1)
2023/03/24,Irish League,0,Dungannon Swifts,1067,1062.0,0 - 5,Linfield FC,1501,1506.0,0,5,Northern Ireland,domestic league (tier 1)
2023/04/01,Northern Ireland Cup,0,Dungannon Swifts,1062,1058.0,0 - 1,Crusaders FC,1419,1423.0,0,1,Northern Ireland,domestic cup
2023/04/22,Irish League,0,Dungannon Swifts,1048,1055.0,3 - 2,Portadown FC,1029,1022.0,3,2,Northern Ireland,domestic league (tier 1)
2023/04/29,Irish League,0,Dungannon Swifts,1055,1061.0,2 - 1,Newry City FC,1021,1015.0,2,1,Northern Ireland,domestic league (tier 1)
2023/08/12,Irish League,0,Dungannon Swifts,1070,1067.0,2 - 3,Linfield FC,1508,1511.0,2,3,Northern Ireland,domestic league (tier 1)
2023/08/19,Irish League,0,Dungannon Swifts,1065,1050.0,1 - 2,Loughgall FC,974,989.0,1,2,Northern Ireland,domestic league (tier 1)
2023/08/25,Irish League,0,Dungannon Swifts,1050,1055.0,2 - 2,Coleraine FC,1329,1324.0,2,2,Northern Ireland,domestic league (tier 1)
2023/09/09,Irish League,0,Dungannon Swifts,1048,1065.0,3 - 1,Glenavon FC,1196,1179.0,3,1,Northern Ireland,domestic league (tier 1)
2023/09/30,Irish League,0,Dungannon Swifts,1075,1064.0,0 - 1,Ballymena United,1135,1146.0,0,1,Northern Ireland,domestic league (tier 1)
2023/10/13,Irish League,0,Dungannon Swifts,1061,1068.0,0 - 0,Larne FC,1454,1447.0,0,0,Northern Ireland,domestic league (tier 1)
2023/10/21,Irish League,0,Dungannon Swifts,1068,1062.0,1 - 4,Crusaders FC,1437,1443.0,1,4,Northern Ireland,domestic league (tier 1)
2023/11/07,Northern Ireland League Cup,0,Dungannon Swifts,1062,1074.0,1 - 0,Cliftonville FC,1407,1395.0,1,0,Northern Ireland,domestic cup
2023/11/11,Irish League,0,Dungannon Swifts,1074,1061.0,2 - 3,Carrick Rangers,1082,1095.0,2,3,Northern Ireland,domestic league (tier 1)
2023/11/18,Irish League,0,Dungannon Swifts,1061,1072.0,4 - 1,Newry City FC,1017,1006.0,4,1,Northern Ireland,domestic league (tier 1)
2023/12/02,Irish League,0,Dungannon Swifts,1084,1077.0,1 - 4,Cliftonville FC,1417,1424.0,1,4,Northern Ireland,domestic league (tier 1)
2023/12/12,Northern Ireland League Cup,0,Dungannon Swifts,1076,1082.0,4 - 2,Newry City FC,1002,996.0,4,2,Northern Ireland,domestic cup
2023/12/23,Irish League,0,Dungannon Swifts,1099,1095.0,1 - 2,Glentoran FC,1415,1419.0,1,2,Northern Ireland,domestic league (tier 1)
2023/12/30,Irish League,0,Dungannon Swifts,1086,1095.0,5 - 0,Newry City FC,972,963.0,5,0,Northern Ireland,domestic league (tier 1)
2024/01/16,Northern Ireland League Cup,0,Dungannon Swifts,1115,1113.0,1 - 2,Linfield FC,1555,1557.0,1,2,Northern Ireland,domestic cup
2024/01/20,Irish League,0,Dungannon Swifts,1113,1108.0,0 - 2,Larne FC,1507,1512.0,0,2,Northern Ireland,domestic league (tier 1)
2024/02/10,Irish League,0,Dungannon Swifts,1115,1118.0,2 - 2,Crusaders FC,1335,1332.0,2,2,Northern Ireland,domestic league (tier 1)
2024/02/24,Irish League,0,Dungannon Swifts,1111,1135.0,3 - 1,Cliftonville FC,1447,1423.0,3,1,Northern Ireland,domestic league (tier 1)
2024/03/16,Irish League,0,Dungannon Swifts,1124,1114.0,0 - 3,Glentoran FC,1378,1388.0,0,3,Northern Ireland,domestic league (tier 1)
2024/04/06,Irish League,0,Dungannon Swifts,1120,1127.0,3 - 2,Carrick Rangers,1124,1117.0,3,2,Northern Ireland,domestic league (tier 1)
2024/04/16,Irish League,0,Dungannon Swifts,1140,1149.0,2 - 0,Loughgall FC,1106,1097.0,2,0,Northern Ireland,domestic league (tier 1)
2024/04/20,Irish League,0,Dungannon Swifts,1149,1160.0,2 - 0,Glenavon FC,1159,1148.0,2,0,Northern Ireland,domestic league (tier 1)
2024/04/27,Irish League,0,Dungannon Swifts,1160,1169.0,3 - 0,Ballymena United,1079,1070.0,3,0,Northern Ireland,domestic league (tier 1)
2024/08/10,Irish League,0,Dungannon Swifts,1169,1169.0,1 - 1,Coleraine FC,1256,1256.0,1,1,Northern Ireland,domestic league (tier 1)
2024/08/24,Irish League,0,Dungannon Swifts,1165,1170.0,1 - 0,Ballymena United,1055,1050.0,1,0,Northern Ireland,domestic league (tier 1)
2024/09/07,Irish League,0,Dungannon Swifts,1187,1199.0,1 - 0,Glentoran FC,1346,1334.0,1,0,Northern Ireland,domestic league (tier 1)
2024/09/17,Irish League,0,Dungannon Swifts,1189,1201.0,1 - 0,Crusaders FC,1362,1350.0,1,0,Northern Ireland,domestic league (tier 1)
2024/09/28,Irish League,0,Dungannon Swifts,1202,1211.0,4 - 0,Carrick Rangers,1091,1082.0,4,0,Northern Ireland,domestic league (tier 1)
2024/10/19,Irish League,0,Dungannon Swifts,1236,1242.0,2 - 0,Portadown FC,1102,1096.0,2,0,Northern Ireland,domestic league (tier 1)
2024/10/26,Irish League,0,Dungannon Swifts,1242,1216.0,1 - 3,Loughgall FC,1040,1066.0,1,3,Northern Ireland,domestic league (tier 1)
2024/11/09,Irish League,0,Dungannon Swifts,1205,1192.0,1 - 4,Cliftonville FC,1395,1408.0,1,4,Northern Ireland,domestic league (tier 1)
2024/11/16,Irish League,0,Dungannon Swifts,1192,1200.0,2 - 0,Glenavon FC,1115,1107.0,2,0,Northern Ireland,domestic league (tier 1)
2024/12/17,Irish League,0,Dungannon Swifts,1223,1217.0,0 - 1,Linfield FC,1483,1489.0,0,1,Northern Ireland,domestic league (tier 1)
2024/12/23,Irish League,0,Dungannon Swifts,1217,1210.0,0 - 1,Larne FC,1440,1447.0,0,1,Northern Ireland,domestic league (tier 1)
2024/12/26,Irish League,0,Dungannon Swifts,1210,1214.0,2 - 1,Loughgall FC,1060,1056.0,2,1,Northern Ireland,domestic league (tier 1)
2025/01/17,Irish League,0,Dungannon Swifts,1241,1226.0,2 - 3,Glenavon FC,1155,1170.0,2,3,Northern Ireland,domestic league (tier 1)
2025/01/25,Irish League,0,Dungannon Swifts,1226,1224.0,1 - 1,Coleraine FC,1243,1245.0,1,1,Northern Ireland,domestic league (tier 1)
2025/02/01,Northern Ireland Cup,0,Dungannon Swifts,1224,1232.0,2 - 1,Coleraine FC,1245,1237.0,2,1,Northern Ireland,domestic cup
2025/02/15,Irish League,0,Dungannon Swifts,1228,1235.0,3 - 1,Carrick Rangers,1137,1130.0,3,1,Northern Ireland,domestic league (tier 1)
2025/03/08,Irish League,0,Dungannon Swifts,1265,1237.0,0 - 3,Ballymena United,1122,1150.0,0,3,Northern Ireland,domestic league (tier 1)
2025/03/24,Irish League,0,Dungannon Swifts,1262,1250.0,0 - 3,Linfield FC,1482,1494.0,0,3,Northern Ireland,domestic league (tier 1)
2025/04/01,Irish League,0,Dungannon Swifts,1261,1261.0,1 - 1,Larne FC,1377,1377.0,1,1,Northern Ireland,domestic league (tier 1)
2025/04/19,Irish League,0,Dungannon Swifts,1250,1260.0,3 - 2,Glentoran FC,1354,1344.0,3,2,Northern Ireland,domestic league (tier 1)
2025/04/26,Irish League,0,Dungannon Swifts,1260,1268.0,1 - 0,Crusaders FC,1274,1266.0,1,0,Northern Ireland,domestic league (tier 1)
2025/08/16,Irish League,0,Dungannon Swifts,1268,1242.0,1 - 4,Portadown FC,1181,1207.0,1,4,Northern Ireland,domestic league (tier 1)
2025/08/23,Irish League,0,Dungannon Swifts,1233,1210.0,0 - 2,Carrick Rangers,1131,1154.0,0,2,Northern Ireland,domestic league (tier 1)
2025/09/13,Irish League,0,Dungannon Swifts,1215,1192.0,0 - 3,Crusaders FC,1211,1234.0,0,3,Northern Ireland,domestic league (tier 1)
2025/09/20,Irish League,0,Dungannon Swifts,1192,1204.0,2 - 1,Cliftonville FC,1355,1343.0,2,1,Northern Ireland,domestic league (tier 1)
2025/10/04,Irish League,0,Dungannon Swifts,1222,1241.0,2 - 0,Larne FC,1408,1389.0,2,0,Northern Ireland,domestic league (tier 1)
2025/10/11,Irish League,0,Dungannon Swifts,1239,1256.0,3 - 1,Glentoran FC,1379,1362.0,3,1,Northern Ireland,domestic league (tier 1)
2025/10/25,Irish League,0,Dungannon Swifts,1246,1250.0,1 - 0,Glenavon FC,1098,1094.0,1,0,Northern Ireland,domestic league (tier 1)
2025/11/01,Irish League,0,Dungannon Swifts,1250,1260.0,2 - 0,Crusaders FC,1218,1208.0,2,0,Northern Ireland,domestic league (tier 1)
2025/11/29,Irish League,0,Dungannon Swifts,1266,1258.0,1 - 2,Larne FC,1425,1433.0,1,2,Northern Ireland,domestic league (tier 1)
2025/12/20,Irish League,0,Dungannon Swifts,1266,1274.0,4 - 2,Portadown FC,1187,1179.0,4,2,Northern Ireland,domestic league (tier 1)
2025/12/26,Irish League,0,Dungannon Swifts,1274,1278.0,1 - 0,Bangor FC,1125,1121.0,1,0,Northern Ireland,domestic league (tier 1)
2026/01/10,Northern Ireland Cup,0,Dungannon Swifts,1271,1275.0,3 - 0,Ards FC,1029,1025.0,3,0,Northern Ireland,domestic cup
2026/01/17,Irish League,0,Dungannon Swifts,1275,1281.0,2 - 0,Ballymena United,1151,1145.0,2,0,Northern Ireland,domestic league (tier 1)
2026/01/31,Irish League,0,Dungannon Swifts,1260,1245.0,0 - 2,Glentoran FC,1358,1373.0,0,2,Northern Ireland,domestic league (tier 1)
2026/02/13,Irish League,0,Dungannon Swifts,1246,1255.0,3 - 2,Cliftonville FC,1298,1289.0,3,2,Northern Ireland,domestic league (tier 1)
2026/02/17,Irish League,0,Dungannon Swifts,1255,1240.0,1 - 4,Linfield FC,1411,1426.0,1,4,Northern Ireland,domestic league (tier 1)
2026/02/28,Irish League,0,Dungannon Swifts,1230,1247.0,3 - 1,Coleraine FC,1379,1362.0,3,1,Northern Ireland,domestic league (tier 1)
2026/03/21,Irish League,0,Dungannon Swifts,1244,1228.0,0 - 1,Bangor FC,1092,1108.0,0,1,Northern Ireland,domestic league (tier 1)
2026/03/28,Irish League,0,Dungannon Swifts,1228,1219.0,1 - 2,Coleraine FC,1378,1387.0,1,2,Northern Ireland,domestic league (tier 1)
2026/04/07,Irish League,0,Dungannon Swifts,1224,1213.0,1 - 3,Linfield FC,1409,1420.0,1,3,Northern Ireland,domestic league (tier 1)
2026/05/06,Irish League,0,Dungannon Swifts,1191,1203.0,3 - 1,Carrick Rangers,1223,1211.0,3,1,Northern Ireland,domestic league (tier 1)
2026/08/08,Irish League,0,Dungannon Swifts,1212,1203.0,1 - 3,Coleraine FC,1447,1456.0,1,3,Northern Ireland,domestic league (tier 1)
2026/08/22,Irish League,0,Dungannon Swifts,1214,1220.0,2 - 0,Bangor FC,1065,1059.0,2,0,Northern Ireland,domestic league (tier 1)
2016/08/06,Irish League,0,Glenavon FC,1395,1398.0,4 - 0,Carrick Rangers,1090,1087.0,4,0,Northern Ireland,domestic league (tier 1)
2016/08/13,Irish League,0,Glenavon FC,1394,1400.0,3 - 2,Cliftonville FC,1333,1327.0,3,2,Northern Ireland,domestic league (tier 1)
2016/08/26,Irish League,0,Glenavon FC,1390,1392.0,1 - 0,Ards FC,1054,1052.0,1,0,Northern Ireland,domestic league (tier 1)
2016/09/10,Irish League,0,Glenavon FC,1392,1374.0,0 - 1,Ballinamallard United FC,1089,1107.0,0,1,Northern Ireland,domestic league (tier 1)
2016/10/01,Irish League,0,Glenavon FC,1371,1374.0,1 - 0,Portadown FC,1135,1132.0,1,0,Northern Ireland,domestic league (tier 1)
2016/10/22,Irish League,0,Glenavon FC,1368,1377.0,5 - 0,Ballymena United,1244,1235.0,5,0,Northern Ireland,domestic league (tier 1)
2016/11/05,Irish League,0,Glenavon FC,1362,1362.0,2 - 2,Linfield FC,1456,1456.0,2,2,Northern Ireland,domestic league (tier 1)
2016/11/08,Irish League,0,Glenavon FC,1362,1364.0,3 - 3,Crusaders FC,1527,1525.0,3,3,Northern Ireland,domestic league (tier 1)
2016/11/19,Irish League,0,Glenavon FC,1373,1367.0,1 - 1,Glentoran FC,1214,1220.0,1,1,Northern Ireland,domestic league (tier 1)
2016/12/02,Irish League,0,Glenavon FC,1367,1351.0,0 - 1,Dungannon Swifts,1201,1217.0,0,1,Northern Ireland,domestic league (tier 1)
2016/12/10,Irish League,0,Glenavon FC,1351,1356.0,1 - 0,Coleraine FC,1255,1250.0,1,0,Northern Ireland,domestic league (tier 1)
2016/12/30,Irish League,0,Glenavon FC,1335,1333.0,2 - 2,Cliftonville FC,1369,1371.0,2,2,Northern Ireland,domestic league (tier 1)
2017/01/14,Irish League,0,Glenavon FC,1343,1334.0,1 - 2,Linfield FC,1475,1484.0,1,2,Northern Ireland,domestic league (tier 1)
2017/01/28,Irish League,0,Glenavon FC,1338,1331.0,0 - 1,Crusaders FC,1545,1552.0,0,1,Northern Ireland,domestic league (tier 1)
2017/02/17,Irish League,0,Glenavon FC,1335,1340.0,3 - 0,Ballinamallard United FC,1134,1129.0,3,0,Northern Ireland,domestic league (tier 1)
2017/03/11,Irish League,0,Glenavon FC,1347,1353.0,2 - 0,Dungannon Swifts,1194,1188.0,2,0,Northern Ireland,domestic league (tier 1)
2017/03/18,Irish League,0,Glenavon FC,1353,1339.0,1 - 2,Coleraine FC,1313,1327.0,1,2,Northern Ireland,domestic league (tier 1)
2017/04/08,Irish League,0,Glenavon FC,1317,1325.0,3 - 0,Ballymena United,1215,1207.0,3,0,Northern Ireland,domestic league (tier 1)
2017/08/15,Irish League,0,Glenavon FC,1348,1352.0,6 - 2,Ballinamallard United FC,1081,1077.0,6,2,Northern Ireland,domestic league (tier 1)
2017/08/25,Irish League,0,Glenavon FC,1372,1366.0,2 - 2,Glentoran FC,1228,1234.0,2,2,Northern Ireland,domestic league (tier 1)
2017/09/08,Irish League,0,Glenavon FC,1357,1360.0,2 - 0,Carrick Rangers,1061,1058.0,2,0,Northern Ireland,domestic league (tier 1)
2017/09/16,Irish League,0,Glenavon FC,1360,1367.0,3 - 1,Cliftonville FC,1248,1241.0,3,1,Northern Ireland,domestic league (tier 1)
2017/09/23,Irish League,0,Glenavon FC,1367,1371.0,3 - 0,Ards FC,1099,1095.0,3,0,Northern Ireland,domestic league (tier 1)
2017/09/29,Irish League,0,Glenavon FC,1371,1365.0,1 - 1,Dungannon Swifts,1210,1216.0,1,1,Northern Ireland,domestic league (tier 1)
2017/10/21,Irish League,0,Glenavon FC,1360,1368.0,4 - 0,Ballymena United,1236,1228.0,4,0,Northern Ireland,domestic league (tier 1)
2017/11/04,Irish League,0,Glenavon FC,1375,1374.0,2 - 2,Coleraine FC,1429,1430.0,2,2,Northern Ireland,domestic league (tier 1)
2017/11/24,Irish League,0,Glenavon FC,1394,1384.0,0 - 1,Linfield FC,1507,1517.0,0,1,Northern Ireland,domestic league (tier 1)
2017/12/16,Irish League,0,Glenavon FC,1393,1384.0,3 - 4,Crusaders FC,1541,1550.0,3,4,Northern Ireland,domestic league (tier 1)
2017/12/26,Irish League,0,Glenavon FC,1396,1398.0,1 - 0,Warrenpoint Town,1079,1077.0,1,0,Northern Ireland,domestic league (tier 1)
2018/01/13,Irish League,0,Glenavon FC,1386,1382.0,1 - 1,Cliftonville FC,1329,1333.0,1,1,Northern Ireland,domestic league (tier 1)
2018/01/26,Irish League,0,Glenavon FC,1397,1389.0,3 - 3,Warrenpoint Town,1079,1087.0,3,3,Northern Ireland,domestic league (tier 1)
2018/03/06,Irish League,0,Glenavon FC,1414,1396.0,1 - 6,Crusaders FC,1541,1559.0,1,6,Northern Ireland,domestic league (tier 1)
2018/03/10,Irish League,0,Glenavon FC,1396,1390.0,2 - 2,Glentoran FC,1228,1234.0,2,2,Northern Ireland,domestic league (tier 1)
2018/03/17,Irish League,0,Glenavon FC,1390,1381.0,0 - 0,Ballinamallard United FC,994,1003.0,0,0,Northern Ireland,domestic league (tier 1)
2018/04/03,Irish League,0,Glenavon FC,1368,1357.0,2 - 3,Linfield FC,1436,1447.0,2,3,Northern Ireland,domestic league (tier 1)
2018/04/21,Irish League,0,Glenavon FC,1383,1376.0,0 - 0,Ballymena United,1212,1219.0,0,0,Northern Ireland,domestic league (tier 1)
2018/04/28,Irish League,0,Glenavon FC,1376,1376.0,0 - 0,Coleraine FC,1491,1491.0,0,0,Northern Ireland,domestic league (tier 1)
2018/08/04,Irish League,0,Glenavon FC,1391,1379.0,0 - 1,Linfield FC,1409,1421.0,0,1,Northern Ireland,domestic league (tier 1)
2018/08/24,Irish League,0,Glenavon FC,1390,1397.0,4 - 0,Ballymena United,1240,1233.0,4,0,Northern Ireland,domestic league (tier 1)
2018/09/01,Irish League,0,Glenavon FC,1397,1391.0,1 - 1,Glentoran FC,1229,1235.0,1,1,Northern Ireland,domestic league (tier 1)
2018/09/22,Irish League,0,Glenavon FC,1397,1406.0,3 - 2,Crusaders FC,1478,1469.0,3,2,Northern Ireland,domestic league (tier 1)
2018/09/29,Irish League,0,Glenavon FC,1413,1415.0,2 - 1,Dungannon Swifts,1169,1167.0,2,1,Northern Ireland,domestic league (tier 1)
2018/10/27,Irish League,0,Glenavon FC,1447,1448.0,2 - 0,Newry City FC,1010,1009.0,2,0,Northern Ireland,domestic league (tier 1)
2018/11/10,Irish League,0,Glenavon FC,1436,1427.0,1 - 1,Warrenpoint Town,1066,1075.0,1,1,Northern Ireland,domestic league (tier 1)
2018/11/24,Irish League,0,Glenavon FC,1416,1418.0,3 - 1,Ards FC,1058,1056.0,3,1,Northern Ireland,domestic league (tier 1)
2018/12/01,Irish League,0,Glenavon FC,1418,1409.0,3 - 3,Institute FC Drumahoe,1034,1043.0,3,3,Northern Ireland,domestic league (tier 1)
2018/12/14,Irish League,0,Glenavon FC,1395,1410.0,4 - 0,Coleraine FC,1418,1403.0,4,0,Northern Ireland,domestic league (tier 1)
2018/12/29,Irish League,0,Glenavon FC,1410,1402.0,3 - 3,Institute FC Drumahoe,1074,1082.0,3,3,Northern Ireland,domestic league (tier 1)
2019/01/01,Irish League,0,Glenavon FC,1402,1374.0,1 - 3,Warrenpoint Town,1075,1103.0,1,3,Northern Ireland,domestic league (tier 1)
2019/01/19,Irish League,0,Glenavon FC,1378,1358.0,0 - 2,Ballymena United,1350,1370.0,0,2,Northern Ireland,domestic league (tier 1)
2019/02/09,Irish League,0,Glenavon FC,1358,1360.0,2 - 0,Ards FC,1033,1031.0,2,0,Northern Ireland,domestic league (tier 1)
2019/03/02,Irish League,0,Glenavon FC,1359,1337.0,0 - 2,Cliftonville FC,1281,1303.0,0,2,Northern Ireland,domestic league (tier 1)
2019/03/08,Irish League,0,Glenavon FC,1337,1355.0,2 - 0,Linfield FC,1496,1478.0,2,0,Northern Ireland,domestic league (tier 1)
2019/03/16,Irish League,0,Glenavon FC,1355,1359.0,1 - 0,Dungannon Swifts,1214,1210.0,1,0,Northern Ireland,domestic league (tier 1)
2019/04/06,Irish League,0,Glenavon FC,1362,1373.0,2 - 1,Crusaders FC,1494,1483.0,2,1,Northern Ireland,domestic league (tier 1)
2019/04/13,Irish League,0,Glenavon FC,1373,1369.0,1 - 1,Coleraine FC,1342,1346.0,1,1,Northern Ireland,domestic league (tier 1)
2019/04/27,Irish League,0,Glenavon FC,1391,1402.0,4 - 0,Cliftonville FC,1327,1316.0,4,0,Northern Ireland,domestic league (tier 1)
2019/05/07,Irish League,0,Glenavon FC,1402,1377.0,2 - 4,Glentoran FC,1232,1257.0,2,4,Northern Ireland,domestic league (tier 1)
2019/08/09,Irish League,0,Glenavon FC,1377,1371.0,1 - 1,Glentoran FC,1249,1255.0,1,1,Northern Ireland,domestic league (tier 1)
2019/08/17,Irish League,0,Glenavon FC,1359,1362.0,2 - 0,Warrenpoint Town,1078,1075.0,2,0,Northern Ireland,domestic league (tier 1)
2019/08/30,Irish League,0,Glenavon FC,1350,1326.0,0 - 4,Coleraine FC,1357,1381.0,0,4,Northern Ireland,domestic league (tier 1)
2019/09/21,Irish League,0,Glenavon FC,1322,1334.0,3 - 1,Ballymena United,1341,1329.0,3,1,Northern Ireland,domestic league (tier 1)
2019/10/26,Irish League,0,Glenavon FC,1288,1290.0,2 - 2,Crusaders FC,1475,1473.0,2,2,Northern Ireland,domestic league (tier 1)
2019/11/02,Irish League,0,Glenavon FC,1290,1280.0,1 - 2,Cliftonville FC,1374,1384.0,1,2,Northern Ireland,domestic league (tier 1)
2019/11/22,Irish League,0,Glenavon FC,1273,1287.0,1 - 0,Linfield FC,1511,1497.0,1,0,Northern Ireland,domestic league (tier 1)
2019/11/26,Irish League,0,Glenavon FC,1287,1291.0,3 - 1,Institute FC Drumahoe,1060,1056.0,3,1,Northern Ireland,domestic league (tier 1)
2019/12/07,Irish League,0,Glenavon FC,1265,1241.0,1 - 3,Larne FC,1117,1141.0,1,3,Northern Ireland,domestic league (tier 1)
2019/12/10,Irish League,0,Glenavon FC,1241,1245.0,1 - 0,Carrick Rangers,1088,1084.0,1,0,Northern Ireland,domestic league (tier 1)
2019/12/26,Irish League,0,Glenavon FC,1252,1260.0,5 - 0,Dungannon Swifts,1110,1102.0,5,0,Northern Ireland,domestic league (tier 1)
2019/12/28,Irish League,0,Glenavon FC,1260,1253.0,1 - 1,Warrenpoint Town,1022,1029.0,1,1,Northern Ireland,domestic league (tier 1)
2020/01/11,Irish League,0,Glenavon FC,1237,1230.0,2 - 2,Institute FC Drumahoe,1011,1018.0,2,2,Northern Ireland,domestic league (tier 1)
2020/02/08,Irish League,0,Glenavon FC,1237,1251.0,2 - 1,Crusaders FC,1480,1466.0,2,1,Northern Ireland,domestic league (tier 1)
2020/02/22,Irish League,0,Glenavon FC,1251,1251.0,2 - 2,Glentoran FC,1339,1339.0,2,2,Northern Ireland,domestic league (tier 1)
2020/10/17,Irish League,0,Glenavon FC,1241,1216.0,2 - 4,Portadown FC,1042,1067.0,2,4,Northern Ireland,domestic league (tier 1)
2020/10/31,Irish League,0,Glenavon FC,1222,1216.0,0 - 0,Dungannon Swifts,1093,1099.0,0,0,Northern Ireland,domestic league (tier 1)
2020/11/07,Irish League,0,Glenavon FC,1216,1220.0,4 - 4,Coleraine FC,1464,1460.0,4,4,Northern Ireland,domestic league (tier 1)
2020/11/28,Irish League,0,Glenavon FC,1234,1254.0,3 - 1,Crusaders FC,1443,1423.0,3,1,Northern Ireland,domestic league (tier 1)
2020/12/14,Irish League,0,Glenavon FC,1248,1247.0,1 - 1,Cliftonville FC,1323,1324.0,1,1,Northern Ireland,domestic league (tier 1)
2021/01/02,Irish League,0,Glenavon FC,1255,1248.0,1 - 2,Linfield FC,1472,1479.0,1,2,Northern Ireland,domestic league (tier 1)
2021/02/02,Irish League,0,Glenavon FC,1253,1234.0,1 - 4,Larne FC,1315,1334.0,1,4,Northern Ireland,domestic league (tier 1)
2021/02/06,Irish League,0,Glenavon FC,1234,1241.0,2 - 1,Ballymena United,1234,1227.0,2,1,Northern Ireland,domestic league (tier 1)
2021/02/16,Irish League,0,Glenavon FC,1241,1235.0,1 - 1,Carrick Rangers,1103,1109.0,1,1,Northern Ireland,domestic league (tier 1)
2021/03/02,Irish League,0,Glenavon FC,1268,1261.0,1 - 1,Carrick Rangers,1088,1095.0,1,1,Northern Ireland,domestic league (tier 1)
2021/03/16,Irish League,0,Glenavon FC,1241,1252.0,2 - 1,Glentoran FC,1373,1362.0,2,1,Northern Ireland,domestic league (tier 1)
2021/03/23,Irish League,0,Glenavon FC,1245,1248.0,1 - 1,Coleraine FC,1448,1445.0,1,1,Northern Ireland,domestic league (tier 1)
2021/03/27,Irish League,0,Glenavon FC,1248,1247.0,2 - 2,Larne FC,1309,1310.0,2,2,Northern Ireland,domestic league (tier 1)
2021/04/06,Irish League,0,Glenavon FC,1267,1270.0,1 - 0,Warrenpoint Town,1096,1093.0,1,0,Northern Ireland,domestic league (tier 1)
2021/04/10,Irish League,0,Glenavon FC,1270,1277.0,3 - 2,Ballymena United,1258,1251.0,3,2,Northern Ireland,domestic league (tier 1)
2021/04/24,Irish League,0,Glenavon FC,1274,1287.0,3 - 2,Linfield FC,1469,1456.0,3,2,Northern Ireland,domestic league (tier 1)
2021/05/04,Irish League,0,Glenavon FC,1257,1263.0,4 - 1,Portadown FC,1074,1068.0,4,1,Northern Ireland,domestic league (tier 1)
2021/05/14,Irish League,0,Glenavon FC,1263,1269.0,4 - 0,Warrenpoint Town,1072,1066.0,4,0,Northern Ireland,domestic league (tier 1)
2021/05/29,Irish League,0,Glenavon FC,1280,1272.0,1 - 1,Dungannon Swifts,976,984.0,1,1,Northern Ireland,domestic league (tier 1)
2021/09/11,Irish League,0,Glenavon FC,1278,1245.0,0 - 4,Carrick Rangers,1024,1057.0,0,4,Northern Ireland,domestic league (tier 1)
2021/09/25,Irish League,0,Glenavon FC,1248,1252.0,0 - 0,Linfield FC,1478,1474.0,0,0,Northern Ireland,domestic league (tier 1)
2021/09/28,Irish League,0,Glenavon FC,1252,1243.0,0 - 1,Larne FC,1385,1394.0,0,1,Northern Ireland,domestic league (tier 1)
2021/10/02,Irish League,0,Glenavon FC,1243,1233.0,1 - 2,Glentoran FC,1356,1366.0,1,2,Northern Ireland,domestic league (tier 1)
2021/10/13,Northern Ireland League Cup,0,Glenavon FC,1240,1241.0,2 - 2,Glentoran FC,1366,1365.0,2,2,Northern Ireland,domestic cup
2021/10/16,Irish League,0,Glenavon FC,1241,1245.0,4 - 2,Dungannon Swifts,998,994.0,4,2,Northern Ireland,domestic league (tier 1)
2021/11/06,Irish League,0,Glenavon FC,1241,1228.0,0 - 1,Ballymena United,1242,1255.0,0,1,Northern Ireland,domestic league (tier 1)
2021/11/27,Irish League,0,Glenavon FC,1238,1227.0,0 - 3,Linfield FC,1465,1476.0,0,3,Northern Ireland,domestic league (tier 1)
2021/12/04,Irish League,0,Glenavon FC,1237,1247.0,1 - 0,Crusaders FC,1354,1344.0,1,0,Northern Ireland,domestic league (tier 1)
2021/12/11,Irish League,0,Glenavon FC,1247,1260.0,1 - 0,Coleraine FC,1451,1438.0,1,0,Northern Ireland,domestic league (tier 1)
2022/01/01,Irish League,0,Glenavon FC,1261,1247.0,0 - 2,Cliftonville FC,1388,1402.0,0,2,Northern Ireland,domestic league (tier 1)
2022/01/07,Northern Ireland Cup,0,Glenavon FC,1247,1229.0,0 - 4,Crusaders FC,1365,1383.0,0,4,Northern Ireland,domestic cup
2022/01/25,Irish League,0,Glenavon FC,1224,1229.0,3 - 1,Dungannon Swifts,1035,1030.0,3,1,Northern Ireland,domestic league (tier 1)
2022/02/05,Irish League,0,Glenavon FC,1245,1237.0,2 - 2,Warrenpoint Town,987,995.0,2,2,Northern Ireland,domestic league (tier 1)
2022/02/12,Irish League,0,Glenavon FC,1237,1243.0,3 - 0,Portadown FC,1047,1041.0,3,0,Northern Ireland,domestic league (tier 1)
2022/02/26,Irish League,0,Glenavon FC,1252,1241.0,2 - 4,Glentoran FC,1437,1448.0,2,4,Northern Ireland,domestic league (tier 1)
2022/03/12,Irish League,0,Glenavon FC,1247,1251.0,2 - 0,Carrick Rangers,1040,1036.0,2,0,Northern Ireland,domestic league (tier 1)
2022/03/19,Irish League,0,Glenavon FC,1251,1240.0,0 - 2,Cliftonville FC,1441,1452.0,0,2,Northern Ireland,domestic league (tier 1)
2022/04/09,Irish League,0,Glenavon FC,1256,1267.0,3 - 1,Ballymena United,1272,1261.0,3,1,Northern Ireland,domestic league (tier 1)
2022/04/23,Irish League,0,Glenavon FC,1260,1263.0,1 - 0,Portadown FC,1057,1054.0,1,0,Northern Ireland,domestic league (tier 1)
2022/04/30,Irish League,0,Glenavon FC,1263,1245.0,1 - 2,Warrenpoint Town,992,1010.0,1,2,Northern Ireland,domestic league (tier 1)
2022/08/20,Irish League,0,Glenavon FC,1242,1234.0,1 - 2,Larne FC,1406,1414.0,1,2,Northern Ireland,domestic league (tier 1)
2022/08/30,Irish League,0,Glenavon FC,1257,1224.0,1 - 5,Newry City FC,993,1026.0,1,5,Northern Ireland,domestic league (tier 1)
2022/09/03,Irish League,0,Glenavon FC,1224,1218.0,2 - 2,Carrick Rangers,1086,1092.0,2,2,Northern Ireland,domestic league (tier 1)
2022/09/17,Irish League,0,Glenavon FC,1218,1212.0,0 - 1,Cliftonville FC,1445,1451.0,0,1,Northern Ireland,domestic league (tier 1)
2022/10/04,Northern Ireland League Cup,0,Glenavon FC,1209,1196.0,1 - 2,Loughgall FC,945,958.0,1,2,Northern Ireland,domestic cup
2022/10/08,Irish League,0,Glenavon FC,1196,1203.0,5 - 0,Dungannon Swifts,1018,1011.0,5,0,Northern Ireland,domestic league (tier 1)
2022/10/22,Irish League,0,Glenavon FC,1198,1206.0,4 - 2,Carrick Rangers,1121,1113.0,4,2,Northern Ireland,domestic league (tier 1)
2022/10/28,Irish League,0,Glenavon FC,1206,1214.0,3 - 2,Ballymena United,1227,1219.0,3,2,Northern Ireland,domestic league (tier 1)
2022/11/08,Irish League,0,Glenavon FC,1222,1236.0,2 - 1,Glentoran FC,1466,1452.0,2,1,Northern Ireland,domestic league (tier 1)
2022/11/19,Irish League,0,Glenavon FC,1233,1232.0,0 - 0,Coleraine FC,1301,1302.0,0,0,Northern Ireland,domestic league (tier 1)
2022/12/02,Irish League,0,Glenavon FC,1218,1212.0,0 - 1,Larne FC,1445,1451.0,0,1,Northern Ireland,domestic league (tier 1)
2022/12/26,Irish League,0,Glenavon FC,1212,1215.0,2 - 1,Portadown FC,990,987.0,2,1,Northern Ireland,domestic league (tier 1)
2023/01/10,Irish League,0,Glenavon FC,1223,1242.0,4 - 2,Crusaders FC,1422,1403.0,4,2,Northern Ireland,domestic league (tier 1)
2023/01/14,Irish League,0,Glenavon FC,1242,1230.0,1 - 6,Linfield FC,1486,1498.0,1,6,Northern Ireland,domestic league (tier 1)
2023/01/24,Irish League,0,Glenavon FC,1217,1207.0,1 - 3,Cliftonville FC,1436,1446.0,1,3,Northern Ireland,domestic league (tier 1)
2023/02/14,Irish League,0,Glenavon FC,1201,1204.0,2 - 2,Crusaders FC,1416,1413.0,2,2,Northern Ireland,domestic league (tier 1)
2023/02/25,Irish League,0,Glenavon FC,1184,1159.0,0 - 2,Newry City FC,991,1016.0,0,2,Northern Ireland,domestic league (tier 1)
2023/03/18,Irish League,0,Glenavon FC,1202,1214.0,2 - 1,Coleraine FC,1366,1354.0,2,1,Northern Ireland,domestic league (tier 1)
2023/04/07,Irish League,0,Glenavon FC,1227,1221.0,1 - 1,Dungannon Swifts,1058,1064.0,1,1,Northern Ireland,domestic league (tier 1)
2023/04/11,Irish League,0,Glenavon FC,1221,1228.0,3 - 2,Ballymena United,1200,1193.0,3,2,Northern Ireland,domestic league (tier 1)
2023/04/29,Irish League,0,Glenavon FC,1248,1241.0,0 - 0,Portadown FC,1022,1029.0,0,0,Northern Ireland,domestic league (tier 1)
2023/08/05,Irish League,0,Glenavon FC,1235,1228.0,0 - 1,Glentoran FC,1443,1450.0,0,1,Northern Ireland,domestic league (tier 1)
2023/08/19,Irish League,0,Glenavon FC,1218,1192.0,1 - 3,Newry City FC,1005,1031.0,1,3,Northern Ireland,domestic league (tier 1)
2023/09/02,Irish League,0,Glenavon FC,1189,1196.0,1 - 0,Ballymena United,1166,1159.0,1,0,Northern Ireland,domestic league (tier 1)
2023/09/16,Irish League,0,Glenavon FC,1179,1183.0,2 - 1,Carrick Rangers,1063,1059.0,2,1,Northern Ireland,domestic league (tier 1)
2023/09/30,Irish League,0,Glenavon FC,1179,1169.0,0 - 4,Larne FC,1447,1457.0,0,4,Northern Ireland,domestic league (tier 1)
2023/10/13,Irish League,0,Glenavon FC,1162,1156.0,0 - 1,Cliftonville FC,1407,1413.0,0,1,Northern Ireland,domestic league (tier 1)
2023/11/04,Irish League,0,Glenavon FC,1168,1173.0,1 - 0,Dungannon Swifts,1067,1062.0,1,0,Northern Ireland,domestic league (tier 1)
2023/11/18,Irish League,0,Glenavon FC,1184,1191.0,2 - 0,Loughgall FC,1061,1054.0,2,0,Northern Ireland,domestic league (tier 1)
2023/12/02,Irish League,0,Glenavon FC,1209,1209.0,1 - 1,Coleraine FC,1299,1299.0,1,1,Northern Ireland,domestic league (tier 1)
2023/12/16,Irish League,0,Glenavon FC,1216,1209.0,0 - 2,Linfield FC,1526,1533.0,0,2,Northern Ireland,domestic league (tier 1)
2023/12/23,Irish League,0,Glenavon FC,1209,1197.0,1 - 3,Crusaders FC,1371,1383.0,1,3,Northern Ireland,domestic league (tier 1)
2023/12/30,Irish League,0,Glenavon FC,1210,1195.0,0 - 1,Ballymena United,1110,1125.0,0,1,Northern Ireland,domestic league (tier 1)
2024/01/16,Northern Ireland League Cup,0,Glenavon FC,1210,1198.0,0 - 1,Portadown FC,1054,1066.0,0,1,Northern Ireland,domestic cup
2024/02/10,Irish League,0,Glenavon FC,1187,1193.0,2 - 2,Linfield FC,1542,1536.0,2,2,Northern Ireland,domestic league (tier 1)
2024/03/05,Irish League,0,Glenavon FC,1184,1188.0,0 - 0,Glentoran FC,1415,1411.0,0,0,Northern Ireland,domestic league (tier 1)
2024/03/09,Irish League,0,Glenavon FC,1188,1199.0,4 - 0,Dungannon Swifts,1135,1124.0,4,0,Northern Ireland,domestic league (tier 1)
2024/03/23,Irish League,0,Glenavon FC,1196,1181.0,1 - 2,Loughgall FC,1090,1105.0,1,2,Northern Ireland,domestic league (tier 1)
2024/04/06,Irish League,0,Glenavon FC,1181,1184.0,3 - 2,Newry City FC,974,971.0,3,2,Northern Ireland,domestic league (tier 1)
2024/04/27,Irish League,0,Glenavon FC,1148,1135.0,1 - 2,Carrick Rangers,1141,1154.0,1,2,Northern Ireland,domestic league (tier 1)
2024/08/17,Irish League,0,Glenavon FC,1125,1120.0,1 - 2,Cliftonville FC,1418,1423.0,1,2,Northern Ireland,domestic league (tier 1)
2024/08/20,Irish League,0,Glenavon FC,1120,1115.0,0 - 3,Linfield FC,1514,1519.0,0,3,Northern Ireland,domestic league (tier 1)
2024/09/07,Irish League,0,Glenavon FC,1124,1121.0,2 - 2,Loughgall FC,1098,1101.0,2,2,Northern Ireland,domestic league (tier 1)
2024/09/17,Irish League,0,Glenavon FC,1139,1145.0,0 - 0,Larne FC,1484,1478.0,0,0,Northern Ireland,domestic league (tier 1)
2024/09/21,Irish League,0,Glenavon FC,1145,1144.0,1 - 1,Dungannon Swifts,1201,1202.0,1,1,Northern Ireland,domestic league (tier 1)
2024/10/05,Irish League,0,Glenavon FC,1151,1157.0,2 - 1,Portadown FC,1102,1096.0,2,1,Northern Ireland,domestic league (tier 1)
2024/10/12,Irish League,0,Glenavon FC,1157,1144.0,0 - 1,Ballymena United,1158,1171.0,0,1,Northern Ireland,domestic league (tier 1)
2024/10/26,Irish League,0,Glenavon FC,1151,1147.0,1 - 1,Carrick Rangers,1123,1127.0,1,1,Northern Ireland,domestic league (tier 1)
2024/11/09,Irish League,0,Glenavon FC,1128,1115.0,0 - 3,Glentoran FC,1311,1324.0,0,3,Northern Ireland,domestic league (tier 1)
2024/11/30,Irish League,0,Glenavon FC,1101,1103.0,3 - 3,Coleraine FC,1260,1258.0,3,3,Northern Ireland,domestic league (tier 1)
2024/12/17,Irish League,0,Glenavon FC,1103,1122.0,3 - 1,Crusaders FC,1309,1290.0,3,1,Northern Ireland,domestic league (tier 1)
2024/12/26,Irish League,0,Glenavon FC,1121,1135.0,2 - 0,Portadown FC,1193,1179.0,2,0,Northern Ireland,domestic league (tier 1)
2025/01/25,Irish League,0,Glenavon FC,1170,1177.0,2 - 1,Carrick Rangers,1149,1142.0,2,1,Northern Ireland,domestic league (tier 1)
2025/02/15,Irish League,0,Glenavon FC,1174,1192.0,3 - 1,Cliftonville FC,1353,1335.0,3,1,Northern Ireland,domestic league (tier 1)
2025/02/22,Irish League,0,Glenavon FC,1199,1189.0,0 - 1,Crusaders FC,1292,1302.0,0,1,Northern Ireland,domestic league (tier 1)
2025/03/08,Irish League,0,Glenavon FC,1201,1190.0,0 - 1,Coleraine FC,1274,1285.0,0,1,Northern Ireland,domestic league (tier 1)
2025/03/22,Irish League,0,Glenavon FC,1193,1185.0,0 - 1,Larne FC,1369,1377.0,0,1,Northern Ireland,domestic league (tier 1)
2025/04/05,Irish League,0,Glenavon FC,1188,1172.0,0 - 1,Loughgall FC,1020,1036.0,0,1,Northern Ireland,domestic league (tier 1)
2025/04/19,Irish League,0,Glenavon FC,1167,1177.0,2 - 0,Ballymena United,1144,1134.0,2,0,Northern Ireland,domestic league (tier 1)
2025/08/09,Irish League,0,Glenavon FC,1198,1176.0,0 - 2,Ballymena United,1128,1150.0,0,2,Northern Ireland,domestic league (tier 1)
2025/08/23,Irish League,0,Glenavon FC,1162,1153.0,1 - 2,Coleraine FC,1297,1306.0,1,2,Northern Ireland,domestic league (tier 1)
2025/09/06,Irish League,0,Glenavon FC,1148,1131.0,0 - 2,Dungannon Swifts,1198,1215.0,0,2,Northern Ireland,domestic league (tier 1)
2025/09/27,Irish League,0,Glenavon FC,1126,1111.0,0 - 2,Crusaders FC,1223,1238.0,0,2,Northern Ireland,domestic league (tier 1)
2025/10/11,Irish League,0,Glenavon FC,1113,1090.0,0 - 3,Bangor FC,1092,1115.0,0,3,Northern Ireland,domestic league (tier 1)
2025/10/18,Irish League,0,Glenavon FC,1090,1098.0,1 - 0,Carrick Rangers,1134,1126.0,1,0,Northern Ireland,domestic league (tier 1)
2025/11/08,Irish League,0,Glenavon FC,1081,1104.0,3 - 1,Glentoran FC,1382,1359.0,3,1,Northern Ireland,domestic league (tier 1)
2025/11/29,Irish League,0,Glenavon FC,1094,1107.0,3 - 1,Ballymena United,1157,1144.0,3,1,Northern Ireland,domestic league (tier 1)
2025/12/06,Irish League,0,Glenavon FC,1107,1094.0,1 - 2,Bangor FC,1112,1125.0,1,2,Northern Ireland,domestic league (tier 1)
2025/12/20,Irish League,0,Glenavon FC,1090,1106.0,2 - 1,Linfield FC,1445,1429.0,2,1,Northern Ireland,domestic league (tier 1)
2025/12/30,Irish League,0,Glenavon FC,1101,1093.0,0 - 1,Dungannon Swifts,1278,1286.0,0,1,Northern Ireland,domestic league (tier 1)
2026/01/17,Irish League,0,Glenavon FC,1093,1087.0,1 - 2,Glentoran FC,1352,1358.0,1,2,Northern Ireland,domestic league (tier 1)
2026/01/31,Irish League,0,Glenavon FC,1084,1097.0,2 - 1,Cliftonville FC,1303,1290.0,2,1,Northern Ireland,domestic league (tier 1)
2026/02/14,Irish League,0,Glenavon FC,1089,1081.0,0 - 3,Linfield FC,1403,1411.0,0,3,Northern Ireland,domestic league (tier 1)
2026/02/28,Irish League,0,Glenavon FC,1106,1121.0,3 - 0,Portadown FC,1162,1147.0,3,0,Northern Ireland,domestic league (tier 1)
2026/03/20,Irish League,0,Glenavon FC,1144,1135.0,0 - 3,Larne FC,1441,1450.0,0,3,Northern Ireland,domestic league (tier 1)
2026/04/04,Irish League,0,Glenavon FC,1135,1132.0,1 - 1,Portadown FC,1131,1134.0,1,1,Northern Ireland,domestic league (tier 1)
2026/04/18,Irish League,0,Glenavon FC,1137,1124.0,0 - 1,Crusaders FC,1116,1129.0,0,1,Northern Ireland,domestic league (tier 1)
2026/04/25,Irish League,0,Glenavon FC,1124,1114.0,2 - 3,Carrick Rangers,1213,1223.0,2,3,Northern Ireland,domestic league (tier 1)
2016/08/06,Irish League,0,Glentoran FC,1273,1278.0,1 - 0,Dungannon Swifts,1170,1165.0,1,0,Northern Ireland,domestic league (tier 1)
2016/08/13,Irish League,0,Glentoran FC,1269,1252.0,0 - 1,Carrick Rangers,1083,1100.0,0,1,Northern Ireland,domestic league (tier 1)
2016/09/13,Irish League,0,Glentoran FC,1229,1230.0,2 - 2,Glenavon FC,1374,1373.0,2,2,Northern Ireland,domestic league (tier 1)
2016/09/17,Irish League,0,Glentoran FC,1230,1223.0,1 - 3,Crusaders FC,1524,1531.0,1,3,Northern Ireland,domestic league (tier 1)
2016/10/01,Irish League,0,Glentoran FC,1209,1204.0,1 - 2,Linfield FC,1482,1487.0,1,2,Northern Ireland,domestic league (tier 1)
2016/10/08,Irish League,0,Glentoran FC,1204,1199.0,1 - 1,Ballinamallard United FC,1126,1131.0,1,1,Northern Ireland,domestic league (tier 1)
2016/10/22,Irish League,0,Glentoran FC,1212,1223.0,2 - 1,Cliftonville FC,1342,1331.0,2,1,Northern Ireland,domestic league (tier 1)
2016/11/05,Irish League,0,Glentoran FC,1231,1226.0,0 - 0,Portadown FC,1130,1135.0,0,0,Northern Ireland,domestic league (tier 1)
2016/11/12,Irish League,0,Glentoran FC,1226,1214.0,0 - 1,Coleraine FC,1266,1278.0,0,1,Northern Ireland,domestic league (tier 1)
2016/11/26,Irish League,0,Glentoran FC,1220,1223.0,1 - 0,Ards FC,1032,1029.0,1,0,Northern Ireland,domestic league (tier 1)
2016/12/10,Irish League,0,Glentoran FC,1231,1218.0,2 - 3,Ballymena United,1232,1245.0,2,3,Northern Ireland,domestic league (tier 1)
2016/12/31,Irish League,0,Glentoran FC,1215,1212.0,2 - 2,Dungannon Swifts,1213,1216.0,2,2,Northern Ireland,domestic league (tier 1)
2017/01/14,Irish League,0,Glentoran FC,1227,1219.0,0 - 3,Crusaders FC,1534,1542.0,0,3,Northern Ireland,domestic league (tier 1)
2017/01/28,Irish League,0,Glentoran FC,1231,1215.0,0 - 1,Ballinamallard United FC,1104,1120.0,0,1,Northern Ireland,domestic league (tier 1)
2017/02/11,Irish League,0,Glentoran FC,1215,1216.0,0 - 0,Glenavon FC,1336,1335.0,0,0,Northern Ireland,domestic league (tier 1)
2017/02/25,Irish League,0,Glentoran FC,1222,1217.0,0 - 1,Linfield FC,1495,1500.0,0,1,Northern Ireland,domestic league (tier 1)
2017/03/24,Irish League,0,Glentoran FC,1229,1233.0,1 - 0,Carrick Rangers,1081,1077.0,1,0,Northern Ireland,domestic league (tier 1)
2017/04/22,Irish League,0,Glentoran FC,1215,1222.0,3 - 0,Portadown FC,1069,1062.0,3,0,Northern Ireland,domestic league (tier 1)
2017/04/29,Irish League,0,Glentoran FC,1222,1217.0,1 - 1,Ards FC,1110,1115.0,1,1,Northern Ireland,domestic league (tier 1)
2017/08/15,Irish League,0,Glentoran FC,1226,1235.0,2 - 0,Dungannon Swifts,1190,1181.0,2,0,Northern Ireland,domestic league (tier 1)
2017/08/19,Irish League,0,Glentoran FC,1235,1228.0,1 - 1,Carrick Rangers,1055,1062.0,1,1,Northern Ireland,domestic league (tier 1)
2017/09/02,Irish League,0,Glentoran FC,1237,1244.0,2 - 0,Warrenpoint Town,1127,1120.0,2,0,Northern Ireland,domestic league (tier 1)
2017/09/23,Irish League,0,Glentoran FC,1262,1263.0,0 - 0,Coleraine FC,1394,1393.0,0,0,Northern Ireland,domestic league (tier 1)
2017/10/02,Irish League,0,Glentoran FC,1263,1252.0,0 - 3,Crusaders FC,1491,1502.0,0,3,Northern Ireland,domestic league (tier 1)
2017/10/14,Irish League,0,Glentoran FC,1248,1230.0,0 - 2,Cliftonville FC,1270,1288.0,0,2,Northern Ireland,domestic league (tier 1)
2017/11/06,Irish League,0,Glentoran FC,1243,1240.0,1 - 1,Ballymena United,1222,1225.0,1,1,Northern Ireland,domestic league (tier 1)
2017/11/14,Irish League,0,Glentoran FC,1240,1226.0,1 - 3,Glenavon FC,1374,1388.0,1,3,Northern Ireland,domestic league (tier 1)
2017/11/25,Irish League,0,Glentoran FC,1235,1211.0,0 - 2,Ards FC,1102,1126.0,0,2,Northern Ireland,domestic league (tier 1)
2017/12/26,Irish League,0,Glentoran FC,1202,1217.0,2 - 1,Linfield FC,1515,1500.0,2,1,Northern Ireland,domestic league (tier 1)
2018/01/27,Irish League,0,Glentoran FC,1216,1206.0,0 - 2,Coleraine FC,1446,1456.0,0,2,Northern Ireland,domestic league (tier 1)
2018/02/06,Irish League,0,Glentoran FC,1219,1222.0,2 - 1,Ballinamallard United FC,1026,1023.0,2,1,Northern Ireland,domestic league (tier 1)
2018/02/16,Irish League,0,Glentoran FC,1226,1210.0,1 - 2,Ards FC,1083,1099.0,1,2,Northern Ireland,domestic league (tier 1)
2018/02/24,Irish League,0,Glentoran FC,1210,1220.0,1 - 0,Cliftonville FC,1327,1317.0,1,0,Northern Ireland,domestic league (tier 1)
2018/02/27,Irish League,0,Glentoran FC,1220,1228.0,5 - 0,Warrenpoint Town,1083,1075.0,5,0,Northern Ireland,domestic league (tier 1)
2018/03/23,Irish League,0,Glentoran FC,1238,1225.0,1 - 2,Ballymena United,1218,1231.0,1,2,Northern Ireland,domestic league (tier 1)
2018/04/17,Irish League,0,Glentoran FC,1230,1239.0,4 - 2,Dungannon Swifts,1181,1172.0,4,2,Northern Ireland,domestic league (tier 1)
2018/04/21,Irish League,0,Glentoran FC,1239,1221.0,1 - 2,Carrick Rangers,989,1007.0,1,2,Northern Ireland,domestic league (tier 1)
2018/04/28,Irish League,0,Glentoran FC,1221,1196.0,1 - 3,Ballinamallard United FC,1035,1060.0,1,3,Northern Ireland,domestic league (tier 1)
2018/08/04,Irish League,0,Glentoran FC,1209,1201.0,1 - 2,Cliftonville FC,1363,1371.0,1,2,Northern Ireland,domestic league (tier 1)
2018/08/18,Irish League,0,Glentoran FC,1216,1221.0,2 - 2,Coleraine FC,1499,1494.0,2,2,Northern Ireland,domestic league (tier 1)
2018/08/25,Irish League,0,Glentoran FC,1221,1227.0,2 - 1,Dungannon Swifts,1164,1158.0,2,1,Northern Ireland,domestic league (tier 1)
2018/09/07,Irish League,0,Glentoran FC,1235,1240.0,4 - 1,Newry City FC,1036,1031.0,4,1,Northern Ireland,domestic league (tier 1)
2018/09/22,Irish League,0,Glentoran FC,1240,1243.0,2 - 1,Institute FC Drumahoe,1015,1012.0,2,1,Northern Ireland,domestic league (tier 1)
2018/10/08,Irish League,0,Glentoran FC,1240,1233.0,0 - 1,Linfield FC,1453,1460.0,0,1,Northern Ireland,domestic league (tier 1)
2018/10/20,Irish League,0,Glentoran FC,1228,1221.0,1 - 2,Glenavon FC,1440,1447.0,1,2,Northern Ireland,domestic league (tier 1)
2018/10/27,Irish League,0,Glentoran FC,1221,1229.0,4 - 0,Ards FC,1090,1082.0,4,0,Northern Ireland,domestic league (tier 1)
2018/11/10,Irish League,0,Glentoran FC,1227,1216.0,0 - 1,Ballymena United,1289,1300.0,0,1,Northern Ireland,domestic league (tier 1)
2018/12/01,Irish League,0,Glentoran FC,1204,1208.0,2 - 2,Crusaders FC,1465,1461.0,2,2,Northern Ireland,domestic league (tier 1)
2018/12/29,Irish League,0,Glentoran FC,1201,1195.0,0 - 1,Crusaders FC,1459,1465.0,0,1,Northern Ireland,domestic league (tier 1)
2019/01/01,Irish League,0,Glentoran FC,1195,1174.0,2 - 4,Dungannon Swifts,1134,1155.0,2,4,Northern Ireland,domestic league (tier 1)
2019/01/19,Irish League,0,Glentoran FC,1186,1189.0,2 - 1,Newry City FC,1013,1010.0,2,1,Northern Ireland,domestic league (tier 1)
2019/02/18,Irish League,0,Glentoran FC,1206,1197.0,1 - 2,Glenavon FC,1344,1353.0,1,2,Northern Ireland,domestic league (tier 1)
2019/02/26,Irish League,0,Glentoran FC,1192,1200.0,3 - 1,Warrenpoint Town,1103,1095.0,3,1,Northern Ireland,domestic league (tier 1)
2019/03/09,Irish League,0,Glentoran FC,1200,1193.0,1 - 1,Ards FC,1019,1026.0,1,1,Northern Ireland,domestic league (tier 1)
2019/04/23,Irish League,0,Glentoran FC,1232,1226.0,2 - 2,Warrenpoint Town,1103,1109.0,2,2,Northern Ireland,domestic league (tier 1)
2019/04/27,Irish League,0,Glentoran FC,1226,1232.0,2 - 0,Institute FC Drumahoe,1080,1074.0,2,0,Northern Ireland,domestic league (tier 1)
2019/08/13,Irish League,0,Glentoran FC,1255,1255.0,2 - 2,Coleraine FC,1341,1341.0,2,2,Northern Ireland,domestic league (tier 1)
2019/09/02,Irish League,0,Glentoran FC,1259,1264.0,4 - 0,Institute FC Drumahoe,1049,1044.0,4,0,Northern Ireland,domestic league (tier 1)
2019/09/07,Irish League,0,Glentoran FC,1264,1266.0,2 - 1,Larne FC,1011,1009.0,2,1,Northern Ireland,domestic league (tier 1)
2019/09/21,Irish League,0,Glentoran FC,1263,1266.0,2 - 1,Warrenpoint Town,1036,1033.0,2,1,Northern Ireland,domestic league (tier 1)
2019/10/04,Irish League,0,Glentoran FC,1261,1251.0,0 - 1,Cliftonville FC,1351,1361.0,0,1,Northern Ireland,domestic league (tier 1)
2019/10/12,Irish League,0,Glentoran FC,1248,1252.0,3 - 1,Carrick Rangers,1023,1019.0,3,1,Northern Ireland,domestic league (tier 1)
2019/10/25,Irish League,0,Glentoran FC,1260,1274.0,3 - 1,Ballymena United,1331,1317.0,3,1,Northern Ireland,domestic league (tier 1)
2019/11/23,Irish League,0,Glentoran FC,1280,1287.0,6 - 1,Dungannon Swifts,1125,1118.0,6,1,Northern Ireland,domestic league (tier 1)
2019/12/14,Irish League,0,Glentoran FC,1315,1316.0,1 - 1,Crusaders FC,1460,1459.0,1,1,Northern Ireland,domestic league (tier 1)
2019/12/26,Irish League,0,Glentoran FC,1322,1343.0,3 - 0,Linfield FC,1487,1466.0,3,0,Northern Ireland,domestic league (tier 1)
2019/12/28,Irish League,0,Glentoran FC,1343,1351.0,2 - 0,Ballymena United,1255,1247.0,2,0,Northern Ireland,domestic league (tier 1)
2020/01/11,Irish League,0,Glentoran FC,1352,1354.0,2 - 1,Warrenpoint Town,1024,1022.0,2,1,Northern Ireland,domestic league (tier 1)
2020/01/28,Irish League,0,Glentoran FC,1348,1357.0,4 - 0,Glenavon FC,1246,1237.0,4,0,Northern Ireland,domestic league (tier 1)
2020/02/08,Irish League,0,Glentoran FC,1357,1346.0,0 - 1,Coleraine FC,1427,1438.0,0,1,Northern Ireland,domestic league (tier 1)
2020/02/14,Irish League,0,Glentoran FC,1346,1339.0,0 - 0,Carrick Rangers,1115,1122.0,0,0,Northern Ireland,domestic league (tier 1)
2020/03/07,Irish League,0,Glentoran FC,1349,1330.0,0 - 2,Cliftonville FC,1360,1379.0,0,2,Northern Ireland,domestic league (tier 1)
2020/10/24,Irish League,0,Glentoran FC,1337,1331.0,1 - 1,Glenavon FC,1216,1222.0,1,1,Northern Ireland,domestic league (tier 1)
2020/11/07,Irish League,0,Glentoran FC,1327,1323.0,0 - 0,Larne FC,1270,1274.0,0,0,Northern Ireland,domestic league (tier 1)
2020/11/28,Irish League,0,Glentoran FC,1330,1335.0,5 - 1,Dungannon Swifts,1115,1110.0,5,1,Northern Ireland,domestic league (tier 1)
2020/12/12,Irish League,0,Glentoran FC,1327,1332.0,6 - 0,Carrick Rangers,1070,1065.0,6,0,Northern Ireland,domestic league (tier 1)
2020/12/15,Irish League,0,Glentoran FC,1332,1324.0,0 - 0,Warrenpoint Town,1068,1076.0,0,0,Northern Ireland,domestic league (tier 1)
2021/01/02,Irish League,0,Glentoran FC,1324,1326.0,2 - 1,Portadown FC,1070,1068.0,2,1,Northern Ireland,domestic league (tier 1)
2021/01/26,Irish League,0,Glentoran FC,1326,1329.0,2 - 0,Carrick Rangers,1062,1059.0,2,0,Northern Ireland,domestic league (tier 1)
2021/02/06,Irish League,0,Glentoran FC,1327,1334.0,1 - 0,Cliftonville FC,1327,1320.0,1,0,Northern Ireland,domestic league (tier 1)
2021/03/02,Irish League,0,Glentoran FC,1364,1379.0,3 - 1,Linfield FC,1459,1444.0,3,1,Northern Ireland,domestic league (tier 1)
2021/03/09,Irish League,0,Glentoran FC,1389,1364.0,0 - 2,Ballymena United,1219,1244.0,0,2,Northern Ireland,domestic league (tier 1)
2021/03/20,Irish League,0,Glentoran FC,1362,1369.0,3 - 1,Glenavon FC,1252,1245.0,3,1,Northern Ireland,domestic league (tier 1)
2021/03/27,Irish League,0,Glentoran FC,1375,1381.0,1 - 0,Crusaders FC,1338,1332.0,1,0,Northern Ireland,domestic league (tier 1)
2021/04/03,Irish League,0,Glentoran FC,1381,1384.0,4 - 0,Portadown FC,1058,1055.0,4,0,Northern Ireland,domestic league (tier 1)
2021/04/10,Irish League,0,Glentoran FC,1383,1385.0,2 - 0,Dungannon Swifts,1013,1011.0,2,0,Northern Ireland,domestic league (tier 1)
2021/04/13,Irish League,0,Glentoran FC,1385,1383.0,2 - 2,Coleraine FC,1432,1434.0,2,2,Northern Ireland,domestic league (tier 1)
2021/04/23,Irish League,0,Glentoran FC,1406,1411.0,3 - 2,Larne FC,1307,1302.0,3,2,Northern Ireland,domestic league (tier 1)
2021/05/01,Irish League,0,Glentoran FC,1411,1409.0,0 - 0,Linfield FC,1456,1458.0,0,0,Northern Ireland,domestic league (tier 1)
2021/05/04,Irish League,0,Glentoran FC,1409,1407.0,1 - 1,Coleraine FC,1431,1433.0,1,1,Northern Ireland,domestic league (tier 1)
2021/05/15,Irish League,0,Glentoran FC,1398,1376.0,0 - 2,Cliftonville FC,1329,1351.0,0,2,Northern Ireland,domestic league (tier 1)
2021/05/29,Irish League,0,Glentoran FC,1388,1397.0,2 - 0,Crusaders FC,1353,1344.0,2,0,Northern Ireland,domestic league (tier 1)
2021/09/10,Irish League,0,Glentoran FC,1384,1392.0,4 - 1,Ballymena United,1264,1256.0,4,1,Northern Ireland,domestic league (tier 1)
2021/09/25,Irish League,0,Glentoran FC,1399,1374.0,0 - 3,Crusaders FC,1350,1375.0,0,3,Northern Ireland,domestic league (tier 1)
2021/09/28,Irish League,0,Glentoran FC,1374,1356.0,0 - 3,Linfield FC,1474,1492.0,0,3,Northern Ireland,domestic league (tier 1)
2021/10/16,Irish League,0,Glentoran FC,1365,1365.0,2 - 2,Coleraine FC,1456,1456.0,2,2,Northern Ireland,domestic league (tier 1)
2021/10/23,Irish League,0,Glentoran FC,1365,1357.0,2 - 2,Portadown FC,1041,1049.0,2,2,Northern Ireland,domestic league (tier 1)
2021/11/06,Irish League,0,Glentoran FC,1368,1370.0,2 - 1,Warrenpoint Town,1036,1034.0,2,1,Northern Ireland,domestic league (tier 1)
2021/11/13,Irish League,0,Glentoran FC,1364,1373.0,4 - 0,Ballymena United,1270,1261.0,4,0,Northern Ireland,domestic league (tier 1)
2021/11/26,Irish League,0,Glentoran FC,1386,1388.0,3 - 0,Dungannon Swifts,1006,1004.0,3,0,Northern Ireland,domestic league (tier 1)
2021/12/04,Irish League,0,Glentoran FC,1388,1390.0,3 - 1,Portadown FC,1041,1039.0,3,1,Northern Ireland,domestic league (tier 1)
2021/12/17,Irish League,0,Glentoran FC,1397,1403.0,2 - 0,Glenavon FC,1260,1254.0,2,0,Northern Ireland,domestic league (tier 1)
2022/01/01,Irish League,0,Glentoran FC,1428,1414.0,2 - 3,Larne FC,1381,1395.0,2,3,Northern Ireland,domestic league (tier 1)
2022/01/25,Irish League,0,Glentoran FC,1438,1444.0,2 - 1,Coleraine FC,1401,1395.0,2,1,Northern Ireland,domestic league (tier 1)
2022/01/29,Irish League,0,Glentoran FC,1444,1445.0,1 - 0,Warrenpoint Town,988,987.0,1,0,Northern Ireland,domestic league (tier 1)
2022/02/11,Irish League,0,Glentoran FC,1438,1446.0,1 - 0,Linfield FC,1470,1462.0,1,0,Northern Ireland,domestic league (tier 1)
2022/03/05,Northern Ireland Cup,0,Glentoran FC,1448,1449.0,1 - 0,Newry City FC,1012,1011.0,1,0,Northern Ireland,domestic cup
2022/03/08,Irish League,0,Glentoran FC,1449,1435.0,0 - 1,Cliftonville FC,1421,1435.0,0,1,Northern Ireland,domestic league (tier 1)
2022/03/28,Irish League,0,Glentoran FC,1435,1437.0,6 - 2,Carrick Rangers,1042,1040.0,6,2,Northern Ireland,domestic league (tier 1)
2022/04/09,Irish League,0,Glentoran FC,1437,1411.0,0 - 4,Crusaders FC,1396,1422.0,0,4,Northern Ireland,domestic league (tier 1)
2022/04/19,Irish League,0,Glentoran FC,1416,1412.0,0 - 0,Larne FC,1375,1379.0,0,0,Northern Ireland,domestic league (tier 1)
2022/04/30,Irish League,0,Glentoran FC,1402,1391.0,1 - 2,Cliftonville FC,1450,1461.0,1,2,Northern Ireland,domestic league (tier 1)
2022/05/10,Irish League,0,Glentoran FC,1391,1397.0,2 - 0,Glenavon FC,1245,1239.0,2,0,Northern Ireland,domestic league (tier 1)
2022/05/13,Irish League,0,Glentoran FC,1397,1378.0,2 - 4,Larne FC,1407,1426.0,2,4,Northern Ireland,domestic league (tier 1)
2022/08/19,Irish League,0,Glentoran FC,1382,1394.0,3 - 1,Crusaders FC,1412,1400.0,3,1,Northern Ireland,domestic league (tier 1)
2022/09/03,Irish League,0,Glentoran FC,1404,1406.0,3 - 0,Newry City FC,1026,1024.0,3,0,Northern Ireland,domestic league (tier 1)
2022/09/13,Northern Ireland League Cup,0,Glentoran FC,1406,1408.0,7 - 0,Institute FC Drumahoe,991,989.0,7,0,Northern Ireland,domestic cup
2022/09/17,Irish League,0,Glentoran FC,1408,1413.0,1 - 0,Coleraine FC,1321,1316.0,1,0,Northern Ireland,domestic league (tier 1)
2022/10/04,Northern Ireland League Cup,0,Glentoran FC,1413,1415.0,6 - 0,Warrenpoint Town,1010,1008.0,6,0,Northern Ireland,domestic cup
2022/10/07,Irish League,0,Glentoran FC,1415,1419.0,5 - 0,Carrick Rangers,1117,1113.0,5,0,Northern Ireland,domestic league (tier 1)
2022/10/28,Irish League,0,Glentoran FC,1448,1463.0,4 - 0,Larne FC,1475,1460.0,4,0,Northern Ireland,domestic league (tier 1)
2022/11/05,Irish League,0,Glentoran FC,1465,1466.0,3 - 1,Dungannon Swifts,1001,1000.0,3,1,Northern Ireland,domestic league (tier 1)
2022/11/20,Irish League,0,Glentoran FC,1451,1438.0,0 - 1,Cliftonville FC,1452,1465.0,0,1,Northern Ireland,domestic league (tier 1)
2022/12/06,Northern Ireland League Cup,0,Glentoran FC,1433,1418.0,0 - 3,Linfield FC,1473,1488.0,0,3,Northern Ireland,domestic cup
2022/12/26,Irish League,0,Glentoran FC,1411,1400.0,1 - 2,Linfield FC,1489,1500.0,1,2,Northern Ireland,domestic league (tier 1)
2023/01/14,Irish League,0,Glentoran FC,1382,1371.0,0 - 1,Larne FC,1436,1447.0,0,1,Northern Ireland,domestic league (tier 1)
2023/01/24,Irish League,0,Glentoran FC,1377,1380.0,6 - 0,Dungannon Swifts,1052,1049.0,6,0,Northern Ireland,domestic league (tier 1)
2023/01/30,Irish League,0,Glentoran FC,1380,1393.0,2 - 0,Crusaders FC,1424,1411.0,2,0,Northern Ireland,domestic league (tier 1)
2023/02/14,Irish League,0,Glentoran FC,1401,1418.0,3 - 0,Linfield FC,1498,1481.0,3,0,Northern Ireland,domestic league (tier 1)
2023/02/28,Irish League,0,Glentoran FC,1422,1414.0,0 - 0,Glenavon FC,1159,1167.0,0,0,Northern Ireland,domestic league (tier 1)
2023/03/11,Irish League,0,Glentoran FC,1416,1390.0,0 - 2,Glenavon FC,1176,1202.0,0,2,Northern Ireland,domestic league (tier 1)
2023/03/14,Irish League,0,Glentoran FC,1390,1393.0,1 - 0,Ballymena United,1204,1201.0,1,0,Northern Ireland,domestic league (tier 1)
2023/04/01,Irish League,0,Glentoran FC,1403,1405.0,5 - 1,Portadown FC,1017,1015.0,5,1,Northern Ireland,domestic league (tier 1)
2023/04/15,Irish League,0,Glentoran FC,1401,1413.0,3 - 0,Cliftonville FC,1389,1377.0,3,0,Northern Ireland,domestic league (tier 1)
2023/04/22,Irish League,0,Glentoran FC,1413,1422.0,3 - 0,Coleraine FC,1341,1332.0,3,0,Northern Ireland,domestic league (tier 1)
2023/05/10,Irish League,0,Glentoran FC,1435,1441.0,5 - 0,Glenavon FC,1241,1235.0,5,0,Northern Ireland,domestic league (tier 1)
2023/05/13,Irish League,0,Glentoran FC,1441,1449.0,2 - 0,Cliftonville FC,1368,1360.0,2,0,Northern Ireland,domestic league (tier 1)
2023/08/11,Irish League,0,Glentoran FC,1450,1437.0,1 - 2,Larne FC,1429,1442.0,1,2,Northern Ireland,domestic league (tier 1)
2023/08/29,Irish League,0,Glentoran FC,1447,1444.0,2 - 2,Crusaders FC,1443,1446.0,2,2,Northern Ireland,domestic league (tier 1)
2023/09/02,Irish League,0,Glentoran FC,1444,1449.0,1 - 0,Cliftonville FC,1372,1367.0,1,0,Northern Ireland,domestic league (tier 1)
2023/09/16,Irish League,0,Glentoran FC,1453,1444.0,0 - 0,Dungannon Swifts,1065,1074.0,0,0,Northern Ireland,domestic league (tier 1)
2023/09/22,Irish League,0,Glentoran FC,1444,1428.0,1 - 2,Coleraine FC,1316,1332.0,1,2,Northern Ireland,domestic league (tier 1)
2023/10/13,Irish League,0,Glentoran FC,1404,1407.0,6 - 0,Loughgall FC,1042,1039.0,6,0,Northern Ireland,domestic league (tier 1)
2023/10/21,Irish League,0,Glentoran FC,1407,1411.0,3 - 1,Glenavon FC,1156,1152.0,3,1,Northern Ireland,domestic league (tier 1)
2023/11/04,Irish League,0,Glentoran FC,1415,1396.0,2 - 3,Carrick Rangers,1066,1085.0,2,3,Northern Ireland,domestic league (tier 1)
2023/11/07,Northern Ireland League Cup,0,Glentoran FC,1396,1390.0,1 - 2,Linfield FC,1544,1550.0,1,2,Northern Ireland,domestic cup
2023/11/18,Irish League,0,Glentoran FC,1391,1395.0,5 - 0,Ballymena United,1113,1109.0,5,0,Northern Ireland,domestic league (tier 1)
2023/12/01,Irish League,0,Glentoran FC,1390,1411.0,4 - 0,Linfield FC,1537,1516.0,4,0,Northern Ireland,domestic league (tier 1)
2023/12/16,Irish League,0,Glentoran FC,1414,1415.0,1 - 0,Newry City FC,996,995.0,1,0,Northern Ireland,domestic league (tier 1)
2024/01/13,Irish League,0,Glentoran FC,1412,1419.0,6 - 0,Coleraine FC,1215,1208.0,6,0,Northern Ireland,domestic league (tier 1)
2024/02/06,Irish League,0,Glentoran FC,1430,1428.0,2 - 2,Cliftonville FC,1458,1460.0,2,2,Northern Ireland,domestic league (tier 1)
2024/02/10,Irish League,0,Glentoran FC,1428,1420.0,2 - 2,Carrick Rangers,1109,1117.0,2,2,Northern Ireland,domestic league (tier 1)
2024/02/17,Irish League,0,Glentoran FC,1420,1422.0,8 - 2,Newry City FC,974,972.0,8,2,Northern Ireland,domestic league (tier 1)
2024/03/02,Northern Ireland Cup,0,Glentoran FC,1414,1415.0,2 - 0,Ballyclare Comrades,966,965.0,2,0,Northern Ireland,domestic cup
2024/03/09,Irish League,0,Glentoran FC,1411,1378.0,0 - 3,Loughgall FC,1061,1094.0,0,3,Northern Ireland,domestic league (tier 1)
2024/03/23,Irish League,0,Glentoran FC,1388,1391.0,4 - 0,Ballymena United,1056,1053.0,4,0,Northern Ireland,domestic league (tier 1)
2024/03/29,Northern Ireland Cup,0,Glentoran FC,1391,1378.0,1 - 3,Linfield FC,1533,1546.0,1,3,Northern Ireland,domestic cup
2024/04/06,Irish League,0,Glentoran FC,1378,1380.0,0 - 0,Linfield FC,1549,1547.0,0,0,Northern Ireland,domestic league (tier 1)
2024/04/16,Irish League,0,Glentoran FC,1369,1361.0,1 - 2,Larne FC,1523,1531.0,1,2,Northern Ireland,domestic league (tier 1)
2024/04/27,Irish League,0,Glentoran FC,1352,1367.0,4 - 0,Crusaders FC,1382,1367.0,4,0,Northern Ireland,domestic league (tier 1)
2024/05/01,Irish League,0,Glentoran FC,1367,1339.0,0 - 3,Coleraine FC,1235,1263.0,0,3,Northern Ireland,domestic league (tier 1)
2024/08/09,Irish League,0,Glentoran FC,1339,1327.0,0 - 1,Crusaders FC,1364,1376.0,0,1,Northern Ireland,domestic league (tier 1)
2024/08/20,Irish League,0,Glentoran FC,1333,1328.0,0 - 0,Coleraine FC,1261,1266.0,0,0,Northern Ireland,domestic league (tier 1)
2024/08/31,Irish League,0,Glentoran FC,1336,1346.0,1 - 0,Cliftonville FC,1427,1417.0,1,0,Northern Ireland,domestic league (tier 1)
2024/09/17,Irish League,0,Glentoran FC,1320,1324.0,2 - 0,Loughgall FC,1093,1089.0,2,0,Northern Ireland,domestic league (tier 1)
2024/09/28,Irish League,0,Glentoran FC,1318,1311.0,0 - 0,Glenavon FC,1144,1151.0,0,0,Northern Ireland,domestic league (tier 1)
2024/10/12,Irish League,0,Glentoran FC,1336,1343.0,2 - 0,Dungannon Swifts,1243,1236.0,2,0,Northern Ireland,domestic league (tier 1)
2024/10/19,Irish League,0,Glentoran FC,1343,1336.0,1 - 1,Carrick Rangers,1116,1123.0,1,1,Northern Ireland,domestic league (tier 1)
2024/11/02,Irish League,0,Glentoran FC,1326,1311.0,0 - 2,Larne FC,1427,1442.0,0,2,Northern Ireland,domestic league (tier 1)
2024/11/16,Irish League,0,Glentoran FC,1324,1299.0,0 - 2,Portadown FC,1133,1158.0,0,2,Northern Ireland,domestic league (tier 1)
2024/11/22,Irish League,0,Glentoran FC,1299,1312.0,1 - 0,Linfield FC,1502,1489.0,1,0,Northern Ireland,domestic league (tier 1)
2024/12/26,Irish League,0,Glentoran FC,1354,1355.0,0 - 0,Linfield FC,1490,1489.0,0,0,Northern Ireland,domestic league (tier 1)
2025/01/14,Northern Ireland League Cup,0,Glentoran FC,1373,1378.0,4 - 2,Crusaders FC,1252,1247.0,4,2,Northern Ireland,domestic cup
2025/01/31,Northern Ireland Cup,0,Glentoran FC,1382,1393.0,2 - 1,Linfield FC,1506,1495.0,2,1,Northern Ireland,domestic cup
2025/02/08,Irish League,0,Glentoran FC,1393,1397.0,1 - 0,Dungannon Swifts,1232,1228.0,1,0,Northern Ireland,domestic league (tier 1)
2025/03/04,Irish League,0,Glentoran FC,1363,1366.0,1 - 0,Ballymena United,1125,1122.0,1,0,Northern Ireland,domestic league (tier 1)
2025/03/12,Irish League,0,Glentoran FC,1358,1352.0,3 - 3,Glenavon FC,1190,1196.0,3,3,Northern Ireland,domestic league (tier 1)
2025/03/18,Irish League,0,Glentoran FC,1348,1346.0,2 - 2,Larne FC,1367,1369.0,2,2,Northern Ireland,domestic league (tier 1)
2025/03/22,Irish League,0,Glentoran FC,1346,1331.0,0 - 1,Crusaders FC,1270,1285.0,0,1,Northern Ireland,domestic league (tier 1)
2025/04/01,Irish League,0,Glentoran FC,1331,1337.0,2 - 1,Coleraine FC,1293,1287.0,2,1,Northern Ireland,domestic league (tier 1)
2025/05/07,Irish League,0,Glentoran FC,1348,1329.0,0 - 2,Cliftonville FC,1350,1369.0,0,2,Northern Ireland,domestic league (tier 1)
2025/08/16,Irish League,0,Glentoran FC,1338,1340.0,1 - 0,Bangor FC,1068,1066.0,1,0,Northern Ireland,domestic league (tier 1)
2025/08/19,Irish League,0,Glentoran FC,1340,1345.0,2 - 0,Glenavon FC,1167,1162.0,2,0,Northern Ireland,domestic league (tier 1)
2025/08/30,Irish League,0,Glentoran FC,1360,1353.0,1 - 1,Carrick Rangers,1154,1161.0,1,1,Northern Ireland,domestic league (tier 1)
2025/09/12,Irish League,0,Glentoran FC,1365,1365.0,1 - 1,Linfield FC,1460,1460.0,1,1,Northern Ireland,domestic league (tier 1)
2025/10/18,Irish League,0,Glentoran FC,1362,1367.0,2 - 0,Ballymena United,1162,1157.0,2,0,Northern Ireland,domestic league (tier 1)
2025/10/31,Irish League,0,Glentoran FC,1376,1379.0,2 - 1,Portadown FC,1161,1158.0,2,1,Northern Ireland,domestic league (tier 1)
2025/11/04,Northern Ireland League Cup,0,Glentoran FC,1379,1382.0,2 - 1,Crusaders FC,1208,1205.0,2,1,Northern Ireland,domestic cup
2025/11/21,Irish League,0,Glentoran FC,1359,1344.0,0 - 1,Dungannon Swifts,1251,1266.0,0,1,Northern Ireland,domestic league (tier 1)
2025/12/02,Northern Ireland League Cup,0,Glentoran FC,1340,1338.0,1 - 1,Cliftonville FC,1342,1344.0,1,1,Northern Ireland,domestic cup
2025/12/06,Irish League,0,Glentoran FC,1338,1335.0,2 - 2,Cliftonville FC,1344,1347.0,2,2,Northern Ireland,domestic league (tier 1)
2025/12/19,Irish League,0,Glentoran FC,1330,1338.0,2 - 1,Coleraine FC,1365,1357.0,2,1,Northern Ireland,domestic league (tier 1)
2025/12/30,Irish League,0,Glentoran FC,1353,1357.0,2 - 1,Portadown FC,1184,1180.0,2,1,Northern Ireland,domestic league (tier 1)
2026/01/13,Irish League,0,Glentoran FC,1371,1352.0,1 - 4,Larne FC,1433,1452.0,1,4,Northern Ireland,domestic league (tier 1)
2026/02/03,Northern Ireland League Cup,0,Glentoran FC,1373,1378.0,2 - 1,Coleraine FC,1369,1364.0,2,1,Northern Ireland,domestic cup
2026/02/14,Irish League,0,Glentoran FC,1383,1385.0,2 - 1,Ballymena United,1137,1135.0,2,1,Northern Ireland,domestic league (tier 1)
2026/02/28,Irish League,0,Glentoran FC,1399,1403.0,5 - 1,Crusaders FC,1146,1142.0,5,1,Northern Ireland,domestic league (tier 1)
2026/03/03,Irish League,0,Glentoran FC,1403,1406.0,1 - 0,Carrick Rangers,1189,1186.0,1,0,Northern Ireland,domestic league (tier 1)
2026/03/06,Northern Ireland Cup,0,Glentoran FC,1406,1404.0,1 - 1,Larne FC,1436,1438.0,1,1,Northern Ireland,domestic cup
2026/03/15,Northern Ireland League Cup,0,Glentoran FC,1413,1406.0,0 - 1,Linfield FC,1420,1427.0,0,1,Northern Ireland,domestic cup
2026/03/18,Irish League,0,Glentoran FC,1406,1415.0,3 - 0,Cliftonville FC,1318,1309.0,3,0,Northern Ireland,domestic league (tier 1)
2026/03/21,Irish League,0,Glentoran FC,1415,1411.0,1 - 1,Coleraine FC,1374,1378.0,1,1,Northern Ireland,domestic league (tier 1)
2026/03/28,Irish League,0,Glentoran FC,1411,1408.0,1 - 1,Linfield FC,1406,1409.0,1,1,Northern Ireland,domestic league (tier 1)
2026/04/11,Irish League,0,Glentoran FC,1418,1424.0,5 - 0,Dungannon Swifts,1213,1207.0,5,0,Northern Ireland,domestic league (tier 1)
2026/04/17,Irish League,0,Glentoran FC,1424,1422.0,0 - 0,Larne FC,1441,1443.0,0,0,Northern Ireland,domestic league (tier 1)
2026/08/08,Irish League,0,Glentoran FC,1396,1398.0,2 - 0,Limavady United,1006,1004.0,2,0,Northern Ireland,domestic league (tier 1)
2026/08/29,Irish League,0,Glentoran FC,1398,1380.0,1 - 2,Crusaders FC,1147,1165.0,1,2,Northern Ireland,domestic league (tier 1)
2018/08/04,Irish League,0,Institute FC Drumahoe,985,994.0,1 - 0,Newry City FC,1033,1024.0,1,0,Northern Ireland,domestic league (tier 1)
2018/08/18,Irish League,0,Institute FC Drumahoe,992,1006.0,2 - 0,Warrenpoint Town,1067,1053.0,2,0,Northern Ireland,domestic league (tier 1)
2018/09/01,Irish League,0,Institute FC Drumahoe,1023,1024.0,0 - 0,Dungannon Swifts,1161,1160.0,0,0,Northern Ireland,domestic league (tier 1)
2018/09/15,Irish League,0,Institute FC Drumahoe,1021,1015.0,1 - 4,Glenavon FC,1391,1397.0,1,4,Northern Ireland,domestic league (tier 1)
2018/09/29,Irish League,0,Institute FC Drumahoe,1012,1008.0,1 - 4,Crusaders FC,1453,1457.0,1,4,Northern Ireland,domestic league (tier 1)
2018/10/13,Irish League,0,Institute FC Drumahoe,1023,1017.0,1 - 2,Ballymena United,1253,1259.0,1,2,Northern Ireland,domestic league (tier 1)
2018/11/03,Irish League,0,Institute FC Drumahoe,1049,1046.0,1 - 2,Coleraine FC,1445,1448.0,1,2,Northern Ireland,domestic league (tier 1)
2018/11/17,Irish League,0,Institute FC Drumahoe,1041,1035.0,1 - 4,Linfield FC,1429,1435.0,1,4,Northern Ireland,domestic league (tier 1)
2018/12/08,Irish League,0,Institute FC Drumahoe,1043,1045.0,3 - 3,Glentoran FC,1208,1206.0,3,3,Northern Ireland,domestic league (tier 1)
2018/12/22,Irish League,0,Institute FC Drumahoe,1045,1068.0,6 - 4,Cliftonville FC,1362,1339.0,6,4,Northern Ireland,domestic league (tier 1)
2018/12/26,Irish League,0,Institute FC Drumahoe,1068,1074.0,1 - 0,Ards FC,1039,1033.0,1,0,Northern Ireland,domestic league (tier 1)
2019/01/12,Irish League,0,Institute FC Drumahoe,1075,1060.0,0 - 2,Glentoran FC,1171,1186.0,0,2,Northern Ireland,domestic league (tier 1)
2019/01/26,Irish League,0,Institute FC Drumahoe,1049,1045.0,1 - 3,Crusaders FC,1462,1466.0,1,3,Northern Ireland,domestic league (tier 1)
2019/02/09,Irish League,0,Institute FC Drumahoe,1045,1041.0,1 - 2,Ballymena United,1373,1377.0,1,2,Northern Ireland,domestic league (tier 1)
2019/02/23,Irish League,0,Institute FC Drumahoe,1063,1081.0,2 - 0,Dungannon Swifts,1235,1217.0,2,0,Northern Ireland,domestic league (tier 1)
2019/03/23,Irish League,0,Institute FC Drumahoe,1072,1087.0,1 - 0,Coleraine FC,1385,1370.0,1,0,Northern Ireland,domestic league (tier 1)
2019/04/06,Irish League,0,Institute FC Drumahoe,1087,1095.0,2 - 1,Warrenpoint Town,1120,1112.0,2,1,Northern Ireland,domestic league (tier 1)
2019/04/20,Irish League,0,Institute FC Drumahoe,1090,1075.0,0 - 1,Ards FC,1011,1026.0,0,1,Northern Ireland,domestic league (tier 1)
2019/04/23,Irish League,0,Institute FC Drumahoe,1075,1080.0,2 - 1,Newry City FC,1000,995.0,2,1,Northern Ireland,domestic league (tier 1)
2019/08/13,Irish League,0,Institute FC Drumahoe,1072,1062.0,2 - 3,Dungannon Swifts,1176,1186.0,2,3,Northern Ireland,domestic league (tier 1)
2019/08/17,Irish League,0,Institute FC Drumahoe,1062,1041.0,0 - 2,Carrick Rangers,1008,1029.0,0,2,Northern Ireland,domestic league (tier 1)
2019/09/07,Irish League,0,Institute FC Drumahoe,1044,1039.0,0 - 6,Crusaders FC,1490,1495.0,0,6,Northern Ireland,domestic league (tier 1)
2019/09/14,Irish League,0,Institute FC Drumahoe,1039,1015.0,1 - 4,Larne FC,1009,1033.0,1,4,Northern Ireland,domestic league (tier 1)
2019/10/05,Irish League,0,Institute FC Drumahoe,1034,1039.0,1 - 1,Ballymena United,1337,1332.0,1,1,Northern Ireland,domestic league (tier 1)
2019/10/19,Irish League,0,Institute FC Drumahoe,1039,1031.0,0 - 3,Cliftonville FC,1364,1372.0,0,3,Northern Ireland,domestic league (tier 1)
2019/11/09,Irish League,0,Institute FC Drumahoe,1053,1057.0,1 - 1,Glentoran FC,1284,1280.0,1,1,Northern Ireland,domestic league (tier 1)
2019/11/16,Irish League,0,Institute FC Drumahoe,1057,1053.0,0 - 3,Linfield FC,1507,1511.0,0,3,Northern Ireland,domestic league (tier 1)
2019/11/30,Irish League,0,Institute FC Drumahoe,1056,1081.0,2 - 0,Coleraine FC,1427,1402.0,2,0,Northern Ireland,domestic league (tier 1)
2019/12/14,Irish League,0,Institute FC Drumahoe,1067,1053.0,1 - 4,Glenavon FC,1245,1259.0,1,4,Northern Ireland,domestic league (tier 1)
2019/12/26,Irish League,0,Institute FC Drumahoe,1057,1043.0,0 - 1,Warrenpoint Town,1008,1022.0,0,1,Northern Ireland,domestic league (tier 1)
2019/12/28,Irish League,0,Institute FC Drumahoe,1043,1023.0,0 - 3,Carrick Rangers,1083,1103.0,0,3,Northern Ireland,domestic league (tier 1)
2020/01/18,Irish League,0,Institute FC Drumahoe,1018,1012.0,0 - 2,Glentoran FC,1354,1360.0,0,2,Northern Ireland,domestic league (tier 1)
2020/02/08,Irish League,0,Institute FC Drumahoe,1005,992.0,0 - 4,Larne FC,1214,1227.0,0,4,Northern Ireland,domestic league (tier 1)
2020/02/22,Irish League,0,Institute FC Drumahoe,996,992.0,0 - 4,Coleraine FC,1446,1450.0,0,4,Northern Ireland,domestic league (tier 1)
2023/02/04,Northern Ireland Cup,0,Institute FC Drumahoe,989,975.0,0 - 1,Ballyclare Comrades,954,968.0,0,1,Northern Ireland,domestic cup
2024/02/03,Northern Ireland Cup,0,Institute FC Drumahoe,974,982.0,1 - 0,Ards FC,1002,994.0,1,0,Northern Ireland,domestic cup
2024/03/03,Northern Ireland Cup,0,Institute FC Drumahoe,982,980.0,1 - 3,Linfield FC,1529,1531.0,1,3,Northern Ireland,domestic cup
2024/04/30,Premier League NIR rel.,0,Institute FC Drumahoe,980,990.0,1 - 0,Ballymena United,1070,1060.0,1,0,Northern Ireland,domestic relegation
2024/11/19,Northern Ireland League Cup,0,Institute FC Drumahoe,982,979.0,0 - 2,Larne FC,1429,1432.0,0,2,Northern Ireland,domestic cup
2025/01/14,Northern Ireland Cup,0,Institute FC Drumahoe,979,968.0,2 - 3,Loughgall FC,1036,1047.0,2,3,Northern Ireland,domestic cup
2025/10/07,Northern Ireland League Cup,0,Institute FC Drumahoe,968,966.0,0 - 1,Glentoran FC,1377,1379.0,0,1,Northern Ireland,domestic cup
2019/08/10,Irish League,0,Larne FC,961,985.0,6 - 0,Warrenpoint Town,1104,1080.0,6,0,Northern Ireland,domestic league (tier 1)
2019/08/17,Irish League,0,Larne FC,999,993.0,2 - 4,Ballymena United,1344,1350.0,2,4,Northern Ireland,domestic league (tier 1)
2019/09/21,Irish League,0,Larne FC,1033,1034.0,0 - 0,Dungannon Swifts,1184,1183.0,0,0,Northern Ireland,domestic league (tier 1)
2019/10/04,Irish League,0,Larne FC,1043,1075.0,6 - 0,Glenavon FC,1326,1294.0,6,0,Northern Ireland,domestic league (tier 1)
2019/10/18,Irish League,0,Larne FC,1073,1065.0,2 - 3,Glentoran FC,1252,1260.0,2,3,Northern Ireland,domestic league (tier 1)
2019/10/26,Irish League,0,Larne FC,1065,1061.0,1 - 1,Institute FC Drumahoe,1031,1035.0,1,1,Northern Ireland,domestic league (tier 1)
2019/11/11,Irish League,0,Larne FC,1092,1099.0,0 - 0,Crusaders FC,1470,1463.0,0,0,Northern Ireland,domestic league (tier 1)
2019/11/23,Irish League,0,Larne FC,1113,1118.0,1 - 1,Cliftonville FC,1390,1385.0,1,1,Northern Ireland,domestic league (tier 1)
2019/12/14,Irish League,0,Larne FC,1141,1146.0,2 - 2,Coleraine FC,1417,1412.0,2,2,Northern Ireland,domestic league (tier 1)
2019/12/26,Irish League,0,Larne FC,1160,1155.0,0 - 0,Carrick Rangers,1078,1083.0,0,0,Northern Ireland,domestic league (tier 1)
2019/12/28,Irish League,0,Larne FC,1155,1149.0,1 - 2,Cliftonville FC,1382,1388.0,1,2,Northern Ireland,domestic league (tier 1)
2020/01/10,Irish League,0,Larne FC,1164,1175.0,4 - 0,Carrick Rangers,1112,1101.0,4,0,Northern Ireland,domestic league (tier 1)
2020/01/25,Irish League,0,Larne FC,1172,1184.0,2 - 1,Glentoran FC,1360,1348.0,2,1,Northern Ireland,domestic league (tier 1)
2020/01/28,Irish League,0,Larne FC,1184,1207.0,3 - 1,Linfield FC,1476,1453.0,3,1,Northern Ireland,domestic league (tier 1)
2020/02/22,Irish League,0,Larne FC,1242,1245.0,1 - 0,Warrenpoint Town,1016,1013.0,1,0,Northern Ireland,domestic league (tier 1)
2020/03/07,Irish League,0,Larne FC,1238,1245.0,1 - 0,Glenavon FC,1248,1241.0,1,0,Northern Ireland,domestic league (tier 1)
2020/10/17,Irish League,0,Larne FC,1245,1253.0,3 - 0,Dungannon Swifts,1124,1116.0,3,0,Northern Ireland,domestic league (tier 1)
2020/10/31,Irish League,0,Larne FC,1262,1270.0,2 - 0,Ballymena United,1197,1189.0,2,0,Northern Ireland,domestic league (tier 1)
2020/11/14,Irish League,0,Larne FC,1270,1282.0,2 - 1,Crusaders FC,1453,1441.0,2,1,Northern Ireland,domestic league (tier 1)
2020/11/21,Irish League,0,Larne FC,1282,1292.0,1 - 0,Cliftonville FC,1366,1356.0,1,0,Northern Ireland,domestic league (tier 1)
2020/12/05,Irish League,0,Larne FC,1316,1322.0,2 - 1,Glenavon FC,1254,1248.0,2,1,Northern Ireland,domestic league (tier 1)
2020/12/11,Irish League,0,Larne FC,1322,1340.0,3 - 1,Linfield FC,1488,1470.0,3,1,Northern Ireland,domestic league (tier 1)
2021/01/02,Irish League,0,Larne FC,1340,1324.0,0 - 1,Ballymena United,1223,1239.0,0,1,Northern Ireland,domestic league (tier 1)
2021/01/26,Irish League,0,Larne FC,1329,1318.0,1 - 2,Coleraine FC,1411,1422.0,1,2,Northern Ireland,domestic league (tier 1)
2021/01/29,Irish League,0,Larne FC,1318,1315.0,1 - 1,Glentoran FC,1329,1332.0,1,1,Northern Ireland,domestic league (tier 1)
2021/02/06,Irish League,0,Larne FC,1334,1326.0,1 - 1,Warrenpoint Town,1084,1092.0,1,1,Northern Ireland,domestic league (tier 1)
2021/02/09,Irish League,0,Larne FC,1326,1318.0,2 - 2,Portadown FC,1061,1069.0,2,2,Northern Ireland,domestic league (tier 1)
2021/02/13,Irish League,0,Larne FC,1318,1322.0,3 - 0,Dungannon Swifts,1073,1069.0,3,0,Northern Ireland,domestic league (tier 1)
2021/03/02,Irish League,0,Larne FC,1311,1291.0,0 - 3,Crusaders FC,1371,1391.0,0,3,Northern Ireland,domestic league (tier 1)
2021/03/20,Irish League,0,Larne FC,1311,1309.0,0 - 0,Cliftonville FC,1336,1338.0,0,0,Northern Ireland,domestic league (tier 1)
2021/04/03,Irish League,0,Larne FC,1304,1308.0,3 - 0,Carrick Rangers,1067,1063.0,3,0,Northern Ireland,domestic league (tier 1)
2021/04/10,Irish League,0,Larne FC,1314,1316.0,1 - 1,Linfield FC,1468,1466.0,1,1,Northern Ireland,domestic league (tier 1)
2021/04/16,Irish League,0,Larne FC,1316,1321.0,5 - 0,Warrenpoint Town,1085,1080.0,5,0,Northern Ireland,domestic league (tier 1)
2021/05/25,Irish League,0,Larne FC,1345,1333.0,0 - 1,Glentoran FC,1376,1388.0,0,1,Northern Ireland,domestic league (tier 1)
2021/05/29,Irish League,0,Larne FC,1333,1323.0,1 - 2,Coleraine FC,1442,1452.0,1,2,Northern Ireland,domestic league (tier 1)
2021/06/01,Irish League,0,Larne FC,1323,1329.0,2 - 1,Glenavon FC,1272,1266.0,2,1,Northern Ireland,domestic league (tier 1)
2021/06/05,Irish League,0,Larne FC,1329,1340.0,3 - 1,Cliftonville FC,1331,1320.0,3,1,Northern Ireland,domestic league (tier 1)
2021/08/27,Irish League,0,Larne FC,1380,1393.0,4 - 2,Coleraine FC,1440,1427.0,4,2,Northern Ireland,domestic league (tier 1)
2021/09/11,Irish League,0,Larne FC,1397,1400.0,3 - 0,Warrenpoint Town,1060,1057.0,3,0,Northern Ireland,domestic league (tier 1)
2021/09/14,Northern Ireland League Cup,0,Larne FC,1400,1402.0,4 - 0,Limavady United,1004,1002.0,4,0,Northern Ireland,domestic cup
2021/09/25,Irish League,0,Larne FC,1393,1385.0,0 - 0,Carrick Rangers,1065,1073.0,0,0,Northern Ireland,domestic league (tier 1)
2021/10/25,Irish League,0,Larne FC,1391,1391.0,1 - 1,Linfield FC,1492,1492.0,1,1,Northern Ireland,domestic league (tier 1)
2021/11/02,Irish League,0,Larne FC,1407,1403.0,1 - 1,Glentoran FC,1364,1368.0,1,1,Northern Ireland,domestic league (tier 1)
2021/11/05,Irish League,0,Larne FC,1403,1409.0,1 - 0,Crusaders FC,1363,1357.0,1,0,Northern Ireland,domestic league (tier 1)
2021/11/13,Irish League,0,Larne FC,1409,1412.0,3 - 2,Glenavon FC,1228,1225.0,3,2,Northern Ireland,domestic league (tier 1)
2021/11/30,Irish League,0,Larne FC,1397,1394.0,1 - 1,Cliftonville FC,1378,1381.0,1,1,Northern Ireland,domestic league (tier 1)
2021/12/04,Irish League,0,Larne FC,1394,1396.0,3 - 0,Warrenpoint Town,1032,1030.0,3,0,Northern Ireland,domestic league (tier 1)
2021/12/17,Irish League,0,Larne FC,1385,1375.0,0 - 1,Linfield FC,1480,1490.0,0,1,Northern Ireland,domestic league (tier 1)
2022/01/15,Irish League,0,Larne FC,1403,1384.0,0 - 1,Dungannon Swifts,1004,1023.0,0,1,Northern Ireland,domestic league (tier 1)
2022/01/21,Irish League,0,Larne FC,1384,1371.0,0 - 1,Cliftonville FC,1369,1382.0,0,1,Northern Ireland,domestic league (tier 1)
2022/01/29,Irish League,0,Larne FC,1377,1380.0,4 - 0,Portadown FC,1045,1042.0,4,0,Northern Ireland,domestic league (tier 1)
2022/02/04,Northern Ireland Cup,0,Larne FC,1380,1395.0,2 - 0,Linfield FC,1480,1465.0,2,0,Northern Ireland,domestic cup
2022/02/12,Irish League,0,Larne FC,1390,1377.0,1 - 2,Crusaders FC,1366,1379.0,1,2,Northern Ireland,domestic league (tier 1)
2022/02/18,Irish League,0,Larne FC,1377,1386.0,2 - 1,Glentoran FC,1446,1437.0,2,1,Northern Ireland,domestic league (tier 1)
2022/03/08,Irish League,0,Larne FC,1394,1388.0,1 - 1,Glenavon FC,1241,1247.0,1,1,Northern Ireland,domestic league (tier 1)
2022/03/25,Irish League,0,Larne FC,1382,1358.0,1 - 3,Ballymena United,1248,1272.0,1,3,Northern Ireland,domestic league (tier 1)
2022/04/08,Irish League,0,Larne FC,1358,1370.0,3 - 0,Coleraine FC,1343,1331.0,3,0,Northern Ireland,domestic league (tier 1)
2022/05/10,Irish League,0,Larne FC,1399,1407.0,2 - 0,Coleraine FC,1309,1301.0,2,0,Northern Ireland,domestic league (tier 1)
2022/08/12,Irish League,0,Larne FC,1410,1406.0,0 - 0,Glentoran FC,1378,1382.0,0,0,Northern Ireland,domestic league (tier 1)
2022/08/26,Irish League,0,Larne FC,1414,1420.0,3 - 0,Ballymena United,1257,1251.0,3,0,Northern Ireland,domestic league (tier 1)
2022/09/13,Northern Ireland League Cup,0,Larne FC,1422,1423.0,5 - 1,Lisburn Distillery,961,960.0,5,1,Northern Ireland,domestic cup
2022/10/01,Irish League,0,Larne FC,1430,1437.0,2 - 0,Coleraine FC,1319,1312.0,2,0,Northern Ireland,domestic league (tier 1)
2022/10/14,Irish League,0,Larne FC,1441,1455.0,4 - 0,Cliftonville FC,1451,1437.0,4,0,Northern Ireland,domestic league (tier 1)
2022/11/04,Irish League,0,Larne FC,1460,1471.0,4 - 1,Crusaders FC,1416,1405.0,4,1,Northern Ireland,domestic league (tier 1)
2022/11/08,Irish League,0,Larne FC,1471,1472.0,4 - 0,Dungannon Swifts,1000,999.0,4,0,Northern Ireland,domestic league (tier 1)
2022/11/18,Irish League,0,Larne FC,1476,1477.0,2 - 1,Dungannon Swifts,995,994.0,2,1,Northern Ireland,domestic league (tier 1)
2022/11/25,Irish League,0,Larne FC,1470,1445.0,0 - 2,Coleraine FC,1302,1327.0,0,2,Northern Ireland,domestic league (tier 1)
2022/12/10,Irish League,0,Larne FC,1451,1452.0,2 - 0,Newry City FC,1036,1035.0,2,0,Northern Ireland,domestic league (tier 1)
2022/12/26,Irish League,0,Larne FC,1452,1443.0,0 - 0,Carrick Rangers,1069,1078.0,0,0,Northern Ireland,domestic league (tier 1)
2023/01/21,Irish League,0,Larne FC,1447,1443.0,0 - 0,Crusaders FC,1405,1409.0,0,0,Northern Ireland,domestic league (tier 1)
2023/01/24,Irish League,0,Larne FC,1443,1444.0,2 - 0,Portadown FC,983,982.0,2,0,Northern Ireland,domestic league (tier 1)
2023/02/04,Northern Ireland Cup,0,Larne FC,1437,1436.0,1 - 1,Linfield FC,1491,1492.0,1,1,Northern Ireland,domestic cup
2023/02/10,Irish League,0,Larne FC,1436,1441.0,3 - 0,Glenavon FC,1206,1201.0,3,0,Northern Ireland,domestic league (tier 1)
2023/02/18,Irish League,0,Larne FC,1446,1453.0,2 - 1,Cliftonville FC,1442,1435.0,2,1,Northern Ireland,domestic league (tier 1)
2023/03/07,Irish League,0,Larne FC,1468,1466.0,0 - 0,Linfield FC,1490,1492.0,0,0,Northern Ireland,domestic league (tier 1)
2023/03/17,Irish League,0,Larne FC,1466,1468.0,1 - 0,Ballymena United,1201,1199.0,1,0,Northern Ireland,domestic league (tier 1)
2023/03/31,Northern Ireland Cup,0,Larne FC,1468,1441.0,0 - 2,Ballymena United,1199,1226.0,0,2,Northern Ireland,domestic cup
2023/04/07,Irish League,0,Larne FC,1441,1450.0,2 - 0,Glentoran FC,1405,1396.0,2,0,Northern Ireland,domestic league (tier 1)
2023/04/21,Irish League,0,Larne FC,1485,1483.0,1 - 1,Linfield FC,1505,1507.0,1,1,Northern Ireland,domestic league (tier 1)
2023/08/07,Irish League,0,Larne FC,1438,1429.0,4 - 4,Dungannon Swifts,1061,1070.0,4,4,Northern Ireland,domestic league (tier 1)
2023/08/15,Irish League,0,Larne FC,1442,1446.0,3 - 0,Ballymena United,1182,1178.0,3,0,Northern Ireland,domestic league (tier 1)
2023/09/02,Irish League,0,Larne FC,1447,1449.0,4 - 0,Newry City FC,1026,1024.0,4,0,Northern Ireland,domestic league (tier 1)
2023/09/15,Irish League,0,Larne FC,1449,1463.0,2 - 0,Linfield FC,1524,1510.0,2,0,Northern Ireland,domestic league (tier 1)
2023/09/22,Irish League,0,Larne FC,1463,1465.0,4 - 1,Carrick Rangers,1059,1057.0,4,1,Northern Ireland,domestic league (tier 1)
2023/10/06,Irish League,0,Larne FC,1457,1454.0,1 - 1,Crusaders FC,1432,1435.0,1,1,Northern Ireland,domestic league (tier 1)
2023/10/20,Irish League,0,Larne FC,1447,1449.0,2 - 0,Carrick Rangers,1084,1082.0,2,0,Northern Ireland,domestic league (tier 1)
2023/11/03,Irish League,0,Larne FC,1452,1458.0,2 - 1,Cliftonville FC,1413,1407.0,2,1,Northern Ireland,domestic league (tier 1)
2023/11/17,Irish League,0,Larne FC,1475,1480.0,2 - 0,Coleraine FC,1311,1306.0,2,0,Northern Ireland,domestic league (tier 1)
2023/11/24,Irish League,0,Larne FC,1480,1485.0,2 - 1,Glentoran FC,1395,1390.0,2,1,Northern Ireland,domestic league (tier 1)
2023/12/05,Northern Ireland League Cup,0,Larne FC,1478,1469.0,2 - 3,Linfield FC,1516,1525.0,2,3,Northern Ireland,domestic cup
2023/12/08,Irish League,0,Larne FC,1469,1473.0,4 - 1,Glenavon FC,1220,1216.0,4,1,Northern Ireland,domestic league (tier 1)
2023/12/22,Irish League,0,Larne FC,1491,1492.0,1 - 0,Loughgall FC,1030,1029.0,1,0,Northern Ireland,domestic league (tier 1)
2023/12/30,Irish League,0,Larne FC,1495,1493.0,1 - 1,Linfield FC,1542,1544.0,1,1,Northern Ireland,domestic league (tier 1)
2024/01/26,Irish League,0,Larne FC,1512,1513.0,3 - 0,Newry City FC,969,968.0,3,0,Northern Ireland,domestic league (tier 1)
2024/02/03,Northern Ireland Cup,0,Larne FC,1513,1516.0,5 - 0,Glenavon FC,1190,1187.0,5,0,Northern Ireland,domestic cup
2024/02/09,Irish League,0,Larne FC,1516,1517.0,2 - 0,Loughgall FC,1074,1073.0,2,0,Northern Ireland,domestic league (tier 1)
2024/02/23,Irish League,0,Larne FC,1520,1528.0,3 - 0,Glentoran FC,1422,1414.0,3,0,Northern Ireland,domestic league (tier 1)
2024/03/16,Irish League,0,Larne FC,1523,1526.0,6 - 1,Glenavon FC,1199,1196.0,6,1,Northern Ireland,domestic league (tier 1)
2024/04/06,Irish League,0,Larne FC,1528,1511.0,0 - 1,Crusaders FC,1350,1367.0,0,1,Northern Ireland,domestic league (tier 1)
2024/04/13,Irish League,0,Larne FC,1511,1523.0,8 - 1,Cliftonville FC,1428,1416.0,8,1,Northern Ireland,domestic league (tier 1)
2024/04/27,Irish League,0,Larne FC,1534,1538.0,5 - 0,Coleraine FC,1239,1235.0,5,0,Northern Ireland,domestic league (tier 1)
2024/09/07,Irish League,0,Larne FC,1489,1470.0,0 - 1,Ballymena United,1065,1084.0,0,1,Northern Ireland,domestic league (tier 1)
2024/09/20,Irish League,0,Larne FC,1478,1484.0,2 - 0,Glentoran FC,1324,1318.0,2,0,Northern Ireland,domestic league (tier 1)
2024/09/24,Irish League,0,Larne FC,1484,1486.0,2 - 0,Loughgall FC,1084,1082.0,2,0,Northern Ireland,domestic league (tier 1)
2024/10/06,Irish League,0,Larne FC,1500,1468.0,0 - 3,Dungannon Swifts,1211,1243.0,0,3,Northern Ireland,domestic league (tier 1)
2024/10/19,Irish League,0,Larne FC,1468,1462.0,1 - 1,Crusaders FC,1330,1336.0,1,1,Northern Ireland,domestic league (tier 1)
2024/11/10,Irish League,0,Larne FC,1437,1440.0,2 - 1,Coleraine FC,1260,1257.0,2,1,Northern Ireland,domestic league (tier 1)
2024/11/16,Irish League,0,Larne FC,1440,1429.0,0 - 1,Linfield FC,1491,1502.0,0,1,Northern Ireland,domestic league (tier 1)
2024/12/01,Irish League,0,Larne FC,1430,1426.0,1 - 1,Cliftonville FC,1393,1397.0,1,1,Northern Ireland,domestic league (tier 1)
2024/12/26,Irish League,0,Larne FC,1447,1439.0,0 - 0,Carrick Rangers,1144,1152.0,0,0,Northern Ireland,domestic league (tier 1)
2025/01/10,Irish League,0,Larne FC,1435,1443.0,2 - 0,Cliftonville FC,1351,1343.0,2,0,Northern Ireland,domestic league (tier 1)
2025/01/14,Northern Ireland League Cup,0,Larne FC,1443,1432.0,0 - 1,Cliftonville FC,1343,1354.0,0,1,Northern Ireland,domestic cup
2025/01/25,Irish League,0,Larne FC,1432,1434.0,2 - 1,Ballymena United,1106,1104.0,2,1,Northern Ireland,domestic league (tier 1)
2025/02/01,Irish League,0,Larne FC,1434,1426.0,1 - 1,Portadown FC,1164,1172.0,1,1,Northern Ireland,domestic league (tier 1)
2025/02/08,Irish League,0,Larne FC,1431,1415.0,0 - 1,Crusaders FC,1271,1287.0,0,1,Northern Ireland,domestic league (tier 1)
2025/02/18,Irish League,0,Larne FC,1390,1383.0,1 - 1,Glenavon FC,1192,1199.0,1,1,Northern Ireland,domestic league (tier 1)
2025/02/22,Irish League,0,Larne FC,1383,1367.0,0 - 1,Dungannon Swifts,1235,1251.0,0,1,Northern Ireland,domestic league (tier 1)
2025/03/15,Irish League,0,Larne FC,1372,1367.0,1 - 1,Coleraine FC,1285,1290.0,1,1,Northern Ireland,domestic league (tier 1)
2025/04/18,Irish League,0,Larne FC,1387,1398.0,2 - 1,Linfield FC,1506,1495.0,2,1,Northern Ireland,domestic league (tier 1)
2025/04/26,Irish League,0,Larne FC,1398,1394.0,0 - 0,Glentoran FC,1344,1348.0,0,0,Northern Ireland,domestic league (tier 1)
2025/08/22,Irish League,0,Larne FC,1380,1386.0,4 - 0,Portadown FC,1186,1180.0,4,0,Northern Ireland,domestic league (tier 1)
2025/08/29,Irish League,0,Larne FC,1386,1390.0,2 - 0,Ballymena United,1179,1175.0,2,0,Northern Ireland,domestic league (tier 1)
2025/09/13,Irish League,0,Larne FC,1396,1398.0,1 - 0,Glenavon FC,1131,1129.0,1,0,Northern Ireland,domestic league (tier 1)
2025/09/16,Irish League,0,Larne FC,1398,1405.0,4 - 0,Crusaders FC,1234,1227.0,4,0,Northern Ireland,domestic league (tier 1)
2025/09/20,Irish League,0,Larne FC,1405,1408.0,2 - 0,Carrick Rangers,1153,1150.0,2,0,Northern Ireland,domestic league (tier 1)
2025/10/25,Irish League,0,Larne FC,1406,1398.0,1 - 1,Bangor FC,1126,1134.0,1,1,Northern Ireland,domestic league (tier 1)
2025/11/04,Northern Ireland League Cup,0,Larne FC,1407,1408.0,2 - 1,Bangor FC,1121,1120.0,2,1,Northern Ireland,domestic cup
2025/11/07,Irish League,0,Larne FC,1408,1412.0,3 - 0,Portadown FC,1158,1154.0,3,0,Northern Ireland,domestic league (tier 1)
2025/11/21,Irish League,0,Larne FC,1412,1414.0,2 - 1,Glenavon FC,1096,1094.0,2,1,Northern Ireland,domestic league (tier 1)
2025/12/05,Irish League,0,Larne FC,1416,1414.0,0 - 0,Linfield FC,1439,1441.0,0,0,Northern Ireland,domestic league (tier 1)
2025/12/12,Irish League,0,Larne FC,1414,1419.0,1 - 0,Glentoran FC,1335,1330.0,1,0,Northern Ireland,domestic league (tier 1)
2025/12/30,Irish League,0,Larne FC,1429,1424.0,0 - 0,Cliftonville FC,1330,1335.0,0,0,Northern Ireland,domestic league (tier 1)
2026/01/02,Irish League,0,Larne FC,1424,1433.0,3 - 0,Coleraine FC,1351,1342.0,3,0,Northern Ireland,domestic league (tier 1)
2026/01/23,Irish League,0,Larne FC,1453,1455.0,2 - 1,Bangor FC,1136,1134.0,2,1,Northern Ireland,domestic league (tier 1)
2026/02/10,Irish League,0,Larne FC,1470,1465.0,2 - 2,Glentoran FC,1378,1383.0,2,2,Northern Ireland,domestic league (tier 1)
2026/02/20,Irish League,0,Larne FC,1449,1431.0,2 - 3,Carrick Rangers,1176,1194.0,2,3,Northern Ireland,domestic league (tier 1)
2026/02/24,Irish League,0,Larne FC,1431,1428.0,1 - 1,Linfield FC,1432,1435.0,1,1,Northern Ireland,domestic league (tier 1)
2026/03/13,Irish League,0,Larne FC,1438,1441.0,2 - 1,Dungannon Swifts,1247,1244.0,2,1,Northern Ireland,domestic league (tier 1)
2026/03/28,Irish League,0,Larne FC,1450,1456.0,2 - 0,Cliftonville FC,1302,1296.0,2,0,Northern Ireland,domestic league (tier 1)
2026/04/07,Irish League,0,Larne FC,1447,1422.0,1 - 4,Coleraine FC,1396,1421.0,1,4,Northern Ireland,domestic league (tier 1)
2026/04/25,Irish League,0,Larne FC,1443,1449.0,8 - 0,Dungannon Swifts,1201,1195.0,8,0,Northern Ireland,domestic league (tier 1)
2026/09/04,Irish League,0,Larne FC,1437,,Info,Glentoran FC,1380,,,,Northern Ireland,domestic league (tier 1)
2021/11/02,Northern Ireland League Cup,0,Limavady United,1002,1007.0,3 - 2,Dungannon Swifts,1007,1002.0,3,2,Northern Ireland,domestic cup
2022/09/13,Northern Ireland League Cup,0,Limavady United,988,987.0,0 - 0,Newry City FC,1024,1025.0,0,0,Northern Ireland,domestic cup
2023/11/28,Northern Ireland League Cup,0,Limavady United,987,982.0,0 - 1,Glenavon FC,1204,1209.0,0,1,Northern Ireland,domestic cup
2024/10/01,Northern Ireland League Cup,0,Limavady United,982,979.0,0 - 2,Cliftonville FC,1393,1396.0,0,2,Northern Ireland,domestic cup
2025/01/04,Northern Ireland Cup,0,Limavady United,979,997.0,1 - 0,Larne FC,1439,1421.0,1,0,Northern Ireland,domestic cup
2026/02/06,Northern Ireland Cup,0,Limavady United,995,1012.0,1 - 0,Linfield FC,1411,1394.0,1,0,Northern Ireland,domestic cup
2026/03/07,Northern Ireland Cup,0,Limavady United,1012,1006.0,0 - 2,Coleraine FC,1362,1368.0,0,2,Northern Ireland,domestic cup
2026/08/15,Irish League,0,Limavady United,1004,997.0,1 - 2,Carrick Rangers,1217,1224.0,1,2,Northern Ireland,domestic league (tier 1)
2026/08/29,Irish League,0,Limavady United,997,991.0,0 - 2,Linfield FC,1339,1345.0,0,2,Northern Ireland,domestic league (tier 1)
2026/09/05,Irish League,0,Limavady United,991,,Info,Dungannon Swifts,1242,,,,Northern Ireland,domestic league (tier 1)
2016/08/10,Irish League,0,Linfield FC,1474,1466.0,1 - 1,Coleraine FC,1230,1238.0,1,1,Northern Ireland,domestic league (tier 1)
2016/08/20,Irish League,0,Linfield FC,1470,1480.0,4 - 0,Glenavon FC,1400,1390.0,4,0,Northern Ireland,domestic league (tier 1)
2016/08/27,Irish League,0,Linfield FC,1480,1472.0,1 - 1,Dungannon Swifts,1183,1191.0,1,1,Northern Ireland,domestic league (tier 1)
2016/09/10,Irish League,0,Linfield FC,1473,1476.0,4 - 1,Portadown FC,1171,1168.0,4,1,Northern Ireland,domestic league (tier 1)
2016/09/24,Irish League,0,Linfield FC,1480,1482.0,4 - 0,Ards FC,1070,1068.0,4,0,Northern Ireland,domestic league (tier 1)
2016/10/15,Irish League,0,Linfield FC,1468,1471.0,4 - 0,Ballinamallard United FC,1123,1120.0,4,0,Northern Ireland,domestic league (tier 1)
2016/10/29,Irish League,0,Linfield FC,1457,1456.0,0 - 0,Crusaders FC,1524,1525.0,0,0,Northern Ireland,domestic league (tier 1)
2016/11/19,Irish League,0,Linfield FC,1479,1463.0,1 - 2,Cliftonville FC,1342,1358.0,1,2,Northern Ireland,domestic league (tier 1)
2016/12/03,Irish League,0,Linfield FC,1471,1473.0,3 - 0,Carrick Rangers,1097,1095.0,3,0,Northern Ireland,domestic league (tier 1)
2016/12/17,Irish League,0,Linfield FC,1477,1480.0,2 - 1,Ballymena United,1255,1252.0,2,1,Northern Ireland,domestic league (tier 1)
2016/12/26,Irish League,0,Linfield FC,1480,1472.0,1 - 1,Glentoran FC,1207,1215.0,1,1,Northern Ireland,domestic league (tier 1)
2017/01/03,Irish League,0,Linfield FC,1487,1469.0,0 - 1,Coleraine FC,1229,1247.0,0,1,Northern Ireland,domestic league (tier 1)
2017/01/21,Irish League,0,Linfield FC,1484,1488.0,2 - 0,Ballymena United,1240,1236.0,2,0,Northern Ireland,domestic league (tier 1)
2017/02/17,Irish League,0,Linfield FC,1504,1495.0,1 - 1,Portadown FC,1077,1086.0,1,1,Northern Ireland,domestic league (tier 1)
2017/03/13,Irish League,0,Linfield FC,1521,1526.0,2 - 0,Cliftonville FC,1341,1336.0,2,0,Northern Ireland,domestic league (tier 1)
2017/03/18,Irish League,0,Linfield FC,1526,1527.0,5 - 1,Ards FC,1055,1054.0,5,1,Northern Ireland,domestic league (tier 1)
2017/04/08,Irish League,0,Linfield FC,1534,1541.0,1 - 0,Crusaders FC,1518,1511.0,1,0,Northern Ireland,domestic league (tier 1)
2017/04/18,Irish League,0,Linfield FC,1547,1552.0,3 - 0,Glenavon FC,1329,1324.0,3,0,Northern Ireland,domestic league (tier 1)
2017/08/12,Irish League,0,Linfield FC,1559,1560.0,2 - 0,Carrick Rangers,1053,1052.0,2,0,Northern Ireland,domestic league (tier 1)
2017/08/26,Irish League,0,Linfield FC,1569,1570.0,1 - 0,Ballymena United,1232,1231.0,1,0,Northern Ireland,domestic league (tier 1)
2017/09/09,Irish League,0,Linfield FC,1571,1573.0,1 - 0,Glentoran FC,1244,1242.0,1,0,Northern Ireland,domestic league (tier 1)
2017/09/16,Irish League,0,Linfield FC,1564,1565.0,4 - 0,Ballinamallard United FC,1057,1056.0,4,0,Northern Ireland,domestic league (tier 1)
2017/10/23,Irish League,0,Linfield FC,1544,1519.0,2 - 5,Crusaders FC,1490,1515.0,2,5,Northern Ireland,domestic league (tier 1)
2017/10/28,Irish League,0,Linfield FC,1519,1521.0,2 - 0,Ards FC,1122,1120.0,2,0,Northern Ireland,domestic league (tier 1)
2017/11/18,Irish League,0,Linfield FC,1502,1507.0,2 - 1,Coleraine FC,1430,1425.0,2,1,Northern Ireland,domestic league (tier 1)
2017/12/02,Irish League,0,Linfield FC,1517,1519.0,1 - 0,Dungannon Swifts,1186,1184.0,1,0,Northern Ireland,domestic league (tier 1)
2017/12/16,Irish League,0,Linfield FC,1519,1510.0,3 - 3,Warrenpoint Town,1076,1085.0,3,3,Northern Ireland,domestic league (tier 1)
2017/12/23,Irish League,0,Linfield FC,1510,1515.0,2 - 0,Cliftonville FC,1336,1331.0,2,0,Northern Ireland,domestic league (tier 1)
2017/12/30,Irish League,0,Linfield FC,1500,1489.0,1 - 2,Crusaders FC,1556,1567.0,1,2,Northern Ireland,domestic league (tier 1)
2018/01/20,Irish League,0,Linfield FC,1491,1476.0,2 - 3,Glenavon FC,1382,1397.0,2,3,Northern Ireland,domestic league (tier 1)
2018/02/10,Irish League,0,Linfield FC,1481,1473.0,0 - 0,Dungannon Swifts,1183,1191.0,0,0,Northern Ireland,domestic league (tier 1)
2018/02/27,Irish League,0,Linfield FC,1488,1466.0,0 - 2,Glenavon FC,1411,1433.0,0,2,Northern Ireland,domestic league (tier 1)
2018/03/10,Irish League,0,Linfield FC,1466,1467.0,2 - 0,Carrick Rangers,1016,1015.0,2,0,Northern Ireland,domestic league (tier 1)
2018/03/17,Irish League,0,Linfield FC,1451,1444.0,1 - 1,Glentoran FC,1231,1238.0,1,1,Northern Ireland,domestic league (tier 1)
2018/04/07,Irish League,0,Linfield FC,1447,1451.0,2 - 0,Ballymena United,1218,1214.0,2,0,Northern Ireland,domestic league (tier 1)
2018/04/21,Irish League,0,Linfield FC,1443,1441.0,2 - 2,Coleraine FC,1489,1491.0,2,2,Northern Ireland,domestic league (tier 1)
2018/04/28,Irish League,0,Linfield FC,1441,1426.0,1 - 2,Cliftonville FC,1350,1365.0,1,2,Northern Ireland,domestic league (tier 1)
2018/05/09,Irish League,0,Linfield FC,1426,1409.0,3 - 4,Glentoran FC,1196,1213.0,3,4,Northern Ireland,domestic league (tier 1)
2018/08/10,Irish League,0,Linfield FC,1421,1423.0,3 - 0,Institute FC Drumahoe,994,992.0,3,0,Northern Ireland,domestic league (tier 1)
2018/09/01,Irish League,0,Linfield FC,1446,1437.0,0 - 0,Ards FC,1087,1096.0,0,0,Northern Ireland,domestic league (tier 1)
2018/09/15,Irish League,0,Linfield FC,1443,1446.0,3 - 0,Dungannon Swifts,1160,1157.0,3,0,Northern Ireland,domestic league (tier 1)
2018/09/29,Irish League,0,Linfield FC,1450,1453.0,2 - 1,Ballymena United,1251,1248.0,2,1,Northern Ireland,domestic league (tier 1)
2018/10/13,Irish League,0,Linfield FC,1460,1461.0,3 - 1,Newry City FC,1031,1030.0,3,1,Northern Ireland,domestic league (tier 1)
2018/11/03,Irish League,0,Linfield FC,1451,1442.0,1 - 1,Warrenpoint Town,1057,1066.0,1,1,Northern Ireland,domestic league (tier 1)
2018/11/10,Irish League,0,Linfield FC,1442,1429.0,1 - 2,Coleraine FC,1448,1461.0,1,2,Northern Ireland,domestic league (tier 1)
2018/11/24,Irish League,0,Linfield FC,1435,1442.0,4 - 2,Cliftonville FC,1341,1334.0,4,2,Northern Ireland,domestic league (tier 1)
2018/12/08,Irish League,0,Linfield FC,1433,1447.0,4 - 1,Crusaders FC,1461,1447.0,4,1,Northern Ireland,domestic league (tier 1)
2018/12/22,Irish League,0,Linfield FC,1451,1447.0,0 - 0,Glenavon FC,1410,1414.0,0,0,Northern Ireland,domestic league (tier 1)
2018/12/26,Irish League,0,Linfield FC,1447,1452.0,4 - 0,Glentoran FC,1206,1201.0,4,0,Northern Ireland,domestic league (tier 1)
2019/01/12,Irish League,0,Linfield FC,1471,1474.0,4 - 0,Warrenpoint Town,1122,1119.0,4,0,Northern Ireland,domestic league (tier 1)
2019/01/28,Irish League,0,Linfield FC,1490,1493.0,4 - 2,Glentoran FC,1189,1186.0,4,2,Northern Ireland,domestic league (tier 1)
2019/02/09,Irish League,0,Linfield FC,1479,1485.0,3 - 2,Coleraine FC,1412,1406.0,3,2,Northern Ireland,domestic league (tier 1)
2019/02/23,Irish League,0,Linfield FC,1489,1494.0,1 - 0,Ballymena United,1376,1371.0,1,0,Northern Ireland,domestic league (tier 1)
2019/03/16,Irish League,0,Linfield FC,1478,1480.0,2 - 0,Institute FC Drumahoe,1078,1076.0,2,0,Northern Ireland,domestic league (tier 1)
2019/04/13,Irish League,0,Linfield FC,1500,1497.0,0 - 0,Crusaders FC,1483,1486.0,0,0,Northern Ireland,domestic league (tier 1)
2019/04/20,Irish League,0,Linfield FC,1497,1467.0,0 - 4,Glenavon FC,1369,1399.0,0,4,Northern Ireland,domestic league (tier 1)
2019/04/23,Irish League,0,Linfield FC,1467,1475.0,5 - 1,Cliftonville FC,1335,1327.0,5,1,Northern Ireland,domestic league (tier 1)
2019/08/10,Irish League,0,Linfield FC,1477,1479.0,3 - 1,Institute FC Drumahoe,1074,1072.0,3,1,Northern Ireland,domestic league (tier 1)
2019/08/17,Irish League,0,Linfield FC,1487,1463.0,2 - 4,Coleraine FC,1341,1365.0,2,4,Northern Ireland,domestic league (tier 1)
2019/09/14,Irish League,0,Linfield FC,1486,1489.0,1 - 0,Glentoran FC,1266,1263.0,1,0,Northern Ireland,domestic league (tier 1)
2019/09/28,Irish League,0,Linfield FC,1495,1503.0,7 - 0,Glenavon FC,1334,1326.0,7,0,Northern Ireland,domestic league (tier 1)
2019/10/19,Irish League,0,Linfield FC,1508,1511.0,2 - 1,Ballymena United,1334,1331.0,2,1,Northern Ireland,domestic league (tier 1)
2019/10/22,Irish League,0,Linfield FC,1511,1512.0,7 - 0,Warrenpoint Town,1015,1014.0,7,0,Northern Ireland,domestic league (tier 1)
2019/11/02,Irish League,0,Linfield FC,1506,1507.0,2 - 0,Carrick Rangers,1037,1036.0,2,0,Northern Ireland,domestic league (tier 1)
2019/11/30,Irish League,0,Linfield FC,1503,1504.0,1 - 0,Larne FC,1118,1117.0,1,0,Northern Ireland,domestic league (tier 1)
2019/12/07,Irish League,0,Linfield FC,1484,1488.0,1 - 0,Cliftonville FC,1362,1358.0,1,0,Northern Ireland,domestic league (tier 1)
2019/12/21,Irish League,0,Linfield FC,1491,1487.0,1 - 1,Crusaders FC,1459,1463.0,1,1,Northern Ireland,domestic league (tier 1)
2020/01/01,Irish League,0,Linfield FC,1467,1468.0,3 - 0,Institute FC Drumahoe,1023,1022.0,3,0,Northern Ireland,domestic league (tier 1)
2020/01/18,Irish League,0,Linfield FC,1479,1470.0,0 - 0,Dungannon Swifts,1101,1110.0,0,0,Northern Ireland,domestic league (tier 1)
2020/01/25,Irish League,0,Linfield FC,1470,1476.0,8 - 1,Glenavon FC,1252,1246.0,8,1,Northern Ireland,domestic league (tier 1)
2020/02/04,Irish League,0,Linfield FC,1453,1455.0,2 - 1,Dungannon Swifts,1124,1122.0,2,1,Northern Ireland,domestic league (tier 1)
2020/02/21,Irish League,0,Linfield FC,1468,1481.0,4 - 0,Crusaders FC,1458,1445.0,4,0,Northern Ireland,domestic league (tier 1)
2020/10/17,Irish League,0,Linfield FC,1469,1471.0,5 - 1,Carrick Rangers,1104,1102.0,5,1,Northern Ireland,domestic league (tier 1)
2020/10/30,Irish League,0,Linfield FC,1477,1483.0,2 - 1,Crusaders FC,1440,1434.0,2,1,Northern Ireland,domestic league (tier 1)
2020/11/21,Irish League,0,Linfield FC,1504,1507.0,2 - 0,Glenavon FC,1237,1234.0,2,0,Northern Ireland,domestic league (tier 1)
2020/11/24,Irish League,0,Linfield FC,1507,1500.0,3 - 3,Glentoran FC,1323,1330.0,3,3,Northern Ireland,domestic league (tier 1)
2020/12/05,Irish League,0,Linfield FC,1482,1488.0,2 - 0,Cliftonville FC,1329,1323.0,2,0,Northern Ireland,domestic league (tier 1)
2020/12/19,Irish League,0,Linfield FC,1470,1472.0,4 - 0,Dungannon Swifts,1088,1086.0,4,0,Northern Ireland,domestic league (tier 1)
2021/01/23,Irish League,0,Linfield FC,1479,1481.0,6 - 0,Warrenpoint Town,1066,1064.0,6,0,Northern Ireland,domestic league (tier 1)
2021/02/02,Irish League,0,Linfield FC,1469,1471.0,3 - 0,Portadown FC,1054,1052.0,3,0,Northern Ireland,domestic league (tier 1)
2021/02/20,Irish League,0,Linfield FC,1475,1471.0,0 - 0,Coleraine FC,1423,1427.0,0,0,Northern Ireland,domestic league (tier 1)
2021/02/23,Irish League,0,Linfield FC,1471,1455.0,0 - 1,Glentoran FC,1343,1359.0,0,1,Northern Ireland,domestic league (tier 1)
2021/02/26,Irish League,0,Linfield FC,1455,1459.0,2 - 1,Larne FC,1315,1311.0,2,1,Northern Ireland,domestic league (tier 1)
2021/03/06,Irish League,0,Linfield FC,1444,1451.0,2 - 0,Cliftonville FC,1338,1331.0,2,0,Northern Ireland,domestic league (tier 1)
2021/03/09,Irish League,0,Linfield FC,1451,1454.0,5 - 0,Warrenpoint Town,1122,1119.0,5,0,Northern Ireland,domestic league (tier 1)
2021/03/13,Irish League,0,Linfield FC,1454,1457.0,7 - 0,Carrick Rangers,1077,1074.0,7,0,Northern Ireland,domestic league (tier 1)
2021/03/16,Irish League,0,Linfield FC,1457,1458.0,2 - 0,Dungannon Swifts,1035,1034.0,2,0,Northern Ireland,domestic league (tier 1)
2021/04/07,Irish League,0,Linfield FC,1462,1468.0,2 - 1,Coleraine FC,1434,1428.0,2,1,Northern Ireland,domestic league (tier 1)
2021/04/17,Irish League,0,Linfield FC,1466,1469.0,2 - 1,Ballymena United,1251,1248.0,2,1,Northern Ireland,domestic league (tier 1)
2021/05/04,Irish League,0,Linfield FC,1458,1465.0,3 - 1,Crusaders FC,1351,1344.0,3,1,Northern Ireland,domestic league (tier 1)
2021/05/15,Irish League,0,Linfield FC,1468,1452.0,1 - 2,Larne FC,1339,1355.0,1,2,Northern Ireland,domestic league (tier 1)
2021/08/28,Irish League,0,Linfield FC,1470,1477.0,2 - 0,Crusaders FC,1347,1340.0,2,0,Northern Ireland,domestic league (tier 1)
2021/09/18,Irish League,0,Linfield FC,1482,1478.0,1 - 1,Coleraine FC,1433,1437.0,1,1,Northern Ireland,domestic league (tier 1)
2021/10/01,Irish League,0,Linfield FC,1492,1486.0,1 - 1,Cliftonville FC,1352,1358.0,1,1,Northern Ireland,domestic league (tier 1)
2021/10/09,Irish League,0,Linfield FC,1486,1488.0,4 - 0,Carrick Rangers,1085,1083.0,4,0,Northern Ireland,domestic league (tier 1)
2021/10/30,Irish League,0,Linfield FC,1492,1493.0,3 - 0,Dungannon Swifts,1008,1007.0,3,0,Northern Ireland,domestic league (tier 1)
2021/11/20,Irish League,0,Linfield FC,1460,1465.0,1 - 0,Cliftonville FC,1378,1373.0,1,0,Northern Ireland,domestic league (tier 1)
2021/11/30,Irish League,0,Linfield FC,1476,1477.0,2 - 0,Carrick Rangers,1064,1063.0,2,0,Northern Ireland,domestic league (tier 1)
2021/12/11,Irish League,0,Linfield FC,1489,1480.0,1 - 1,Warrenpoint Town,1030,1039.0,1,1,Northern Ireland,domestic league (tier 1)
2021/12/21,Irish League,0,Linfield FC,1490,1493.0,1 - 0,Ballymena United,1276,1273.0,1,0,Northern Ireland,domestic league (tier 1)
2021/12/27,Irish League,0,Linfield FC,1493,1488.0,1 - 1,Glentoran FC,1423,1428.0,1,1,Northern Ireland,domestic league (tier 1)
2022/01/15,Irish League,0,Linfield FC,1492,1495.0,1 - 0,Ballymena United,1291,1288.0,1,0,Northern Ireland,domestic league (tier 1)
2022/01/22,Irish League,0,Linfield FC,1495,1498.0,2 - 0,Glenavon FC,1227,1224.0,2,0,Northern Ireland,domestic league (tier 1)
2022/02/08,Irish League,0,Linfield FC,1465,1470.0,2 - 1,Larne FC,1395,1390.0,2,1,Northern Ireland,domestic league (tier 1)
2022/02/19,Irish League,0,Linfield FC,1462,1463.0,1 - 0,Portadown FC,1041,1040.0,1,0,Northern Ireland,domestic league (tier 1)
2022/03/11,Irish League,0,Linfield FC,1477,1482.0,3 - 2,Crusaders FC,1375,1370.0,3,2,Northern Ireland,domestic league (tier 1)
2022/03/19,Irish League,0,Linfield FC,1482,1484.0,5 - 0,Dungannon Swifts,1035,1033.0,5,0,Northern Ireland,domestic league (tier 1)
2022/04/15,Irish League,0,Linfield FC,1488,1483.0,1 - 1,Glentoran FC,1411,1416.0,1,1,Northern Ireland,domestic league (tier 1)
2022/04/23,Irish League,0,Linfield FC,1495,1489.0,0 - 0,Larne FC,1379,1385.0,0,0,Northern Ireland,domestic league (tier 1)
2022/04/30,Irish League,0,Linfield FC,1489,1494.0,2 - 0,Coleraine FC,1314,1309.0,2,0,Northern Ireland,domestic league (tier 1)
2022/08/14,Irish League,0,Linfield FC,1508,1509.0,4 - 0,Portadown FC,1028,1027.0,4,0,Northern Ireland,domestic league (tier 1)
2022/10/14,Irish League,0,Linfield FC,1495,1469.0,0 - 3,Glentoran FC,1419,1445.0,0,3,Northern Ireland,domestic league (tier 1)
2022/10/18,Irish League,0,Linfield FC,1469,1471.0,3 - 2,Glenavon FC,1200,1198.0,3,2,Northern Ireland,domestic league (tier 1)
2022/10/22,Irish League,0,Linfield FC,1471,1451.0,2 - 4,Larne FC,1455,1475.0,2,4,Northern Ireland,domestic league (tier 1)
2022/11/08,Irish League,0,Linfield FC,1459,1456.0,0 - 0,Cliftonville FC,1445,1448.0,0,0,Northern Ireland,domestic league (tier 1)
2022/11/12,Irish League,0,Linfield FC,1456,1459.0,2 - 1,Glenavon FC,1236,1233.0,2,1,Northern Ireland,domestic league (tier 1)
2022/11/22,Irish League,0,Linfield FC,1469,1476.0,1 - 0,Larne FC,1477,1470.0,1,0,Northern Ireland,domestic league (tier 1)
2022/11/26,Irish League,0,Linfield FC,1476,1471.0,0 - 0,Crusaders FC,1401,1406.0,0,0,Northern Ireland,domestic league (tier 1)
2022/12/03,Irish League,0,Linfield FC,1471,1473.0,3 - 1,Carrick Rangers,1087,1085.0,3,1,Northern Ireland,domestic league (tier 1)
2022/12/17,Irish League,0,Linfield FC,1488,1489.0,4 - 0,Dungannon Swifts,1022,1021.0,4,0,Northern Ireland,domestic league (tier 1)
2023/01/02,Irish League,0,Linfield FC,1500,1494.0,0 - 0,Coleraine FC,1354,1360.0,0,0,Northern Ireland,domestic league (tier 1)
2023/01/07,Northern Ireland Cup,0,Linfield FC,1494,1495.0,3 - 0,Warrenpoint Town,1008,1007.0,3,0,Northern Ireland,domestic cup
2023/01/21,Irish League,0,Linfield FC,1498,1502.0,3 - 0,Ballymena United,1255,1251.0,3,0,Northern Ireland,domestic league (tier 1)
2023/02/11,Irish League,0,Linfield FC,1492,1498.0,1 - 0,Cliftonville FC,1447,1441.0,1,0,Northern Ireland,domestic league (tier 1)
2023/02/18,Irish League,0,Linfield FC,1481,1483.0,2 - 0,Carrick Rangers,1107,1105.0,2,0,Northern Ireland,domestic league (tier 1)
2023/02/25,Irish League,0,Linfield FC,1483,1490.0,2 - 0,Coleraine FC,1375,1368.0,2,0,Northern Ireland,domestic league (tier 1)
2023/03/12,Northern Ireland League Cup,0,Linfield FC,1492,1500.0,2 - 0,Coleraine FC,1374,1366.0,2,0,Northern Ireland,domestic cup
2023/03/18,Irish League,0,Linfield FC,1500,1501.0,7 - 0,Newry City FC,994,993.0,7,0,Northern Ireland,domestic league (tier 1)
2023/04/07,Irish League,0,Linfield FC,1506,1501.0,0 - 0,Crusaders FC,1423,1428.0,0,0,Northern Ireland,domestic league (tier 1)
2023/04/12,Irish League,0,Linfield FC,1501,1496.0,1 - 1,Glentoran FC,1396,1401.0,1,1,Northern Ireland,domestic league (tier 1)
2023/08/15,Irish League,0,Linfield FC,1511,1514.0,4 - 2,Glenavon FC,1221,1218.0,4,2,Northern Ireland,domestic league (tier 1)
2023/08/22,Irish League,0,Linfield FC,1518,1522.0,2 - 1,Cliftonville FC,1377,1373.0,2,1,Northern Ireland,domestic league (tier 1)
2023/08/26,Irish League,0,Linfield FC,1522,1513.0,3 - 3,Carrick Rangers,1057,1066.0,3,3,Northern Ireland,domestic league (tier 1)
2023/09/26,Irish League,0,Linfield FC,1513,1520.0,2 - 0,Crusaders FC,1416,1409.0,2,0,Northern Ireland,domestic league (tier 1)
2023/09/30,Irish League,0,Linfield FC,1520,1521.0,6 - 1,Newry City FC,1016,1015.0,6,1,Northern Ireland,domestic league (tier 1)
2023/10/06,Irish League,0,Linfield FC,1521,1528.0,2 - 0,Glentoran FC,1411,1404.0,2,0,Northern Ireland,domestic league (tier 1)
2023/10/28,Irish League,0,Linfield FC,1540,1541.0,5 - 1,Loughgall FC,1049,1048.0,5,1,Northern Ireland,domestic league (tier 1)
2023/11/11,Irish League,0,Linfield FC,1550,1535.0,1 - 2,Larne FC,1460,1475.0,1,2,Northern Ireland,domestic league (tier 1)
2023/11/25,Irish League,0,Linfield FC,1535,1537.0,4 - 0,Ballymena United,1109,1107.0,4,0,Northern Ireland,domestic league (tier 1)
2023/12/09,Irish League,0,Linfield FC,1525,1526.0,4 - 3,Dungannon Swifts,1077,1076.0,4,3,Northern Ireland,domestic league (tier 1)
2023/12/22,Irish League,0,Linfield FC,1533,1535.0,2 - 1,Coleraine FC,1273,1271.0,2,1,Northern Ireland,domestic league (tier 1)
2023/12/26,Irish League,0,Linfield FC,1535,1542.0,2 - 0,Glentoran FC,1419,1412.0,2,0,Northern Ireland,domestic league (tier 1)
2024/01/06,Northern Ireland Cup,0,Linfield FC,1552,1553.0,4 - 2,Warrenpoint Town,1003,1002.0,4,2,Northern Ireland,domestic cup
2024/01/20,Irish League,0,Linfield FC,1557,1560.0,1 - 0,Crusaders FC,1349,1346.0,1,0,Northern Ireland,domestic league (tier 1)
2024/01/27,Irish League,0,Linfield FC,1560,1541.0,1 - 2,Dungannon Swifts,1108,1127.0,1,2,Northern Ireland,domestic league (tier 1)
2024/02/03,Northern Ireland Cup,0,Linfield FC,1541,1542.0,2 - 0,Ballymena United,1088,1087.0,2,0,Northern Ireland,domestic cup
2024/02/24,Irish League,0,Linfield FC,1528,1529.0,2 - 0,Ballymena United,1083,1082.0,2,0,Northern Ireland,domestic league (tier 1)
2024/03/10,Northern Ireland League Cup,0,Linfield FC,1531,1532.0,3 - 1,Portadown FC,1066,1065.0,3,1,Northern Ireland,domestic cup
2024/03/16,Irish League,0,Linfield FC,1532,1533.0,6 - 0,Newry City FC,979,978.0,6,0,Northern Ireland,domestic league (tier 1)
2024/04/16,Irish League,0,Linfield FC,1555,1547.0,2 - 2,Coleraine FC,1245,1253.0,2,2,Northern Ireland,domestic league (tier 1)
2024/04/22,Irish League,0,Linfield FC,1547,1544.0,1 - 1,Larne FC,1531,1534.0,1,1,Northern Ireland,domestic league (tier 1)
2024/04/27,Irish League,0,Linfield FC,1544,1538.0,1 - 1,Cliftonville FC,1416,1422.0,1,1,Northern Ireland,domestic league (tier 1)
2024/05/04,Northern Ireland Cup,0,Linfield FC,1538,1515.0,1 - 3,Cliftonville FC,1422,1445.0,1,3,Northern Ireland,domestic cup
2024/08/17,Irish League,0,Linfield FC,1512,1514.0,3 - 1,Dungannon Swifts,1169,1167.0,3,1,Northern Ireland,domestic league (tier 1)
2024/08/24,Irish League,0,Linfield FC,1519,1521.0,5 - 1,Loughgall FC,1117,1115.0,5,1,Northern Ireland,domestic league (tier 1)
2024/09/14,Irish League,0,Linfield FC,1513,1499.0,0 - 1,Larne FC,1470,1484.0,0,1,Northern Ireland,domestic league (tier 1)
2024/09/21,Irish League,0,Linfield FC,1500,1501.0,1 - 0,Carrick Rangers,1092,1091.0,1,0,Northern Ireland,domestic league (tier 1)
2024/10/04,Irish League,0,Linfield FC,1512,1487.0,1 - 3,Glentoran FC,1311,1336.0,1,3,Northern Ireland,domestic league (tier 1)
2024/10/26,Irish League,0,Linfield FC,1499,1483.0,1 - 2,Cliftonville FC,1370,1386.0,1,2,Northern Ireland,domestic league (tier 1)
2024/11/09,Irish League,0,Linfield FC,1489,1491.0,2 - 0,Ballymena United,1136,1134.0,2,0,Northern Ireland,domestic league (tier 1)
2024/11/30,Irish League,0,Linfield FC,1489,1491.0,2 - 1,Portadown FC,1164,1162.0,2,1,Northern Ireland,domestic league (tier 1)
2024/12/03,Northern Ireland League Cup,0,Linfield FC,1491,1478.0,0 - 1,Glentoran FC,1308,1321.0,0,1,Northern Ireland,domestic cup
2024/12/14,Irish League,0,Linfield FC,1478,1483.0,3 - 0,Coleraine FC,1258,1253.0,3,0,Northern Ireland,domestic league (tier 1)
2024/12/21,Irish League,0,Linfield FC,1489,1490.0,1 - 0,Glenavon FC,1122,1121.0,1,0,Northern Ireland,domestic league (tier 1)
2025/01/11,Irish League,0,Linfield FC,1489,1492.0,3 - 0,Carrick Rangers,1156,1153.0,3,0,Northern Ireland,domestic league (tier 1)
2025/01/25,Irish League,0,Linfield FC,1499,1503.0,2 - 1,Cliftonville FC,1357,1353.0,2,1,Northern Ireland,domestic league (tier 1)
2025/01/28,Irish League,0,Linfield FC,1503,1506.0,2 - 1,Crusaders FC,1272,1269.0,2,1,Northern Ireland,domestic league (tier 1)
2025/02/11,Irish League,0,Linfield FC,1488,1493.0,1 - 0,Larne FC,1415,1410.0,1,0,Northern Ireland,domestic league (tier 1)
2025/02/15,Irish League,0,Linfield FC,1493,1494.0,1 - 0,Loughgall FC,1040,1039.0,1,0,Northern Ireland,domestic league (tier 1)
2025/02/22,Irish League,0,Linfield FC,1494,1467.0,0 - 2,Coleraine FC,1239,1266.0,0,2,Northern Ireland,domestic league (tier 1)
2025/03/15,Irish League,0,Linfield FC,1479,1482.0,2 - 0,Glenavon FC,1196,1193.0,2,0,Northern Ireland,domestic league (tier 1)
2025/04/01,Irish League,0,Linfield FC,1494,1498.0,3 - 1,Crusaders FC,1285,1281.0,3,1,Northern Ireland,domestic league (tier 1)
2025/04/05,Irish League,0,Linfield FC,1498,1502.0,2 - 1,Glentoran FC,1337,1333.0,2,1,Northern Ireland,domestic league (tier 1)
2025/04/12,Irish League,0,Linfield FC,1502,1506.0,2 - 0,Dungannon Swifts,1254,1250.0,2,0,Northern Ireland,domestic league (tier 1)
2025/08/10,Irish League,0,Linfield FC,1465,1470.0,3 - 0,Dungannon Swifts,1273,1268.0,3,0,Northern Ireland,domestic league (tier 1)
2025/08/24,Irish League,0,Linfield FC,1466,1470.0,1 - 0,Cliftonville FC,1343,1339.0,1,0,Northern Ireland,domestic league (tier 1)
2025/09/06,Irish League,0,Linfield FC,1456,1460.0,3 - 0,Portadown FC,1189,1185.0,3,0,Northern Ireland,domestic league (tier 1)
2025/09/20,Irish League,0,Linfield FC,1445,1448.0,2 - 0,Glenavon FC,1129,1126.0,2,0,Northern Ireland,domestic league (tier 1)
2025/10/25,Irish League,0,Linfield FC,1431,1433.0,2 - 1,Ballymena United,1157,1155.0,2,1,Northern Ireland,domestic league (tier 1)
2025/11/08,Irish League,0,Linfield FC,1434,1429.0,1 - 1,Coleraine FC,1358,1363.0,1,1,Northern Ireland,domestic league (tier 1)
2025/11/25,Irish League,0,Linfield FC,1433,1436.0,1 - 0,Crusaders FC,1225,1222.0,1,0,Northern Ireland,domestic league (tier 1)
2025/11/29,Irish League,0,Linfield FC,1436,1438.0,3 - 1,Carrick Rangers,1108,1106.0,3,1,Northern Ireland,domestic league (tier 1)
2025/12/13,Irish League,0,Linfield FC,1441,1445.0,4 - 0,Crusaders FC,1181,1177.0,4,0,Northern Ireland,domestic league (tier 1)
2025/12/26,Irish League,0,Linfield FC,1429,1414.0,0 - 1,Glentoran FC,1338,1353.0,0,1,Northern Ireland,domestic league (tier 1)
2026/01/03,Irish League,0,Linfield FC,1400,1404.0,6 - 1,Bangor FC,1133,1129.0,6,1,Northern Ireland,domestic league (tier 1)
2026/01/10,Northern Ireland Cup,0,Linfield FC,1404,1406.0,1 - 0,Bangor FC,1129,1127.0,1,0,Northern Ireland,domestic cup
2026/01/16,Irish League,0,Linfield FC,1401,1400.0,0 - 0,Larne FC,1452,1453.0,0,0,Northern Ireland,domestic league (tier 1)
2026/01/28,Northern Ireland League Cup,0,Linfield FC,1407,1409.0,1 - 0,Ballymena United,1145,1143.0,1,0,Northern Ireland,domestic cup
2026/01/31,Irish League,0,Linfield FC,1409,1411.0,2 - 1,Ballymena United,1143,1141.0,2,1,Northern Ireland,domestic league (tier 1)
2026/02/10,Irish League,0,Linfield FC,1394,1403.0,6 - 0,Dungannon Swifts,1255,1246.0,6,0,Northern Ireland,domestic league (tier 1)
2026/02/21,Irish League,0,Linfield FC,1426,1432.0,1 - 0,Glentoran FC,1385,1379.0,1,0,Northern Ireland,domestic league (tier 1)
2026/03/10,Irish League,0,Linfield FC,1417,1420.0,3 - 1,Portadown FC,1137,1134.0,3,1,Northern Ireland,domestic league (tier 1)
2026/04/11,Irish League,0,Linfield FC,1420,1401.0,0 - 2,Larne FC,1422,1441.0,0,2,Northern Ireland,domestic league (tier 1)
2026/04/18,Irish League,0,Linfield FC,1401,1380.0,0 - 3,Coleraine FC,1429,1450.0,0,3,Northern Ireland,domestic league (tier 1)
2026/04/25,Irish League,0,Linfield FC,1380,1365.0,1 - 2,Cliftonville FC,1279,1294.0,1,2,Northern Ireland,domestic league (tier 1)
2026/05/12,Irish League,0,Linfield FC,1365,1371.0,3 - 1,Dungannon Swifts,1218,1212.0,3,1,Northern Ireland,domestic league (tier 1)
2026/08/08,Irish League,0,Linfield FC,1354,1324.0,0 - 3,Ballymena United,1131,1161.0,0,3,Northern Ireland,domestic league (tier 1)
2026/08/15,Irish League,0,Linfield FC,1324,1333.0,2 - 1,Glentoran FC,1398,1389.0,2,1,Northern Ireland,domestic league (tier 1)
2026/08/21,Irish League,0,Linfield FC,1333,1339.0,1 - 0,Cliftonville FC,1295,1289.0,1,0,Northern Ireland,domestic league (tier 1)
2026/09/05,Irish League,0,Linfield FC,1345,,Info,Carrick Rangers,1230,,,,Northern Ireland,domestic league (tier 1)
2021/09/14,Northern Ireland League Cup,0,Loughgall FC,940,951.0,6 - 2,Lisburn Distillery,972,961.0,6,2,Northern Ireland,domestic cup
2022/11/01,Northern Ireland League Cup,0,Loughgall FC,958,956.0,0 - 2,Glentoran FC,1463,1465.0,0,2,Northern Ireland,domestic cup
2023/08/11,Irish League,0,Loughgall FC,979,976.0,1 - 2,Coleraine FC,1349,1352.0,1,2,Northern Ireland,domestic league (tier 1)
2023/08/15,Irish League,0,Loughgall FC,976,974.0,0 - 1,Glentoran FC,1437,1439.0,0,1,Northern Ireland,domestic league (tier 1)
2023/08/25,Irish League,0,Loughgall FC,989,992.0,2 - 2,Glenavon FC,1192,1189.0,2,2,Northern Ireland,domestic league (tier 1)
2023/09/23,Irish League,0,Loughgall FC,1026,1023.0,0 - 2,Linfield FC,1510,1513.0,0,2,Northern Ireland,domestic league (tier 1)
2023/09/26,Irish League,0,Loughgall FC,1023,1041.0,1 - 0,Larne FC,1465,1447.0,1,0,Northern Ireland,domestic league (tier 1)
2023/10/03,Northern Ireland League Cup,0,Loughgall FC,1050,1054.0,3 - 2,Ballyclare Comrades,958,954.0,3,2,Northern Ireland,domestic cup
2023/10/07,Irish League,0,Loughgall FC,1054,1042.0,3 - 4,Carrick Rangers,1074,1086.0,3,4,Northern Ireland,domestic league (tier 1)
2023/10/21,Irish League,0,Loughgall FC,1039,1049.0,3 - 1,Newry City FC,1031,1021.0,3,1,Northern Ireland,domestic league (tier 1)
2023/11/04,Irish League,0,Loughgall FC,1048,1065.0,5 - 2,Ballymena United,1139,1122.0,5,2,Northern Ireland,domestic league (tier 1)
2023/11/11,Irish League,0,Loughgall FC,1065,1061.0,1 - 2,Crusaders FC,1402,1406.0,1,2,Northern Ireland,domestic league (tier 1)
2023/11/25,Irish League,0,Loughgall FC,1054,1042.0,1 - 2,Dungannon Swifts,1072,1084.0,1,2,Northern Ireland,domestic league (tier 1)
2023/12/16,Irish League,0,Loughgall FC,1036,1030.0,1 - 4,Cliftonville FC,1421,1427.0,1,4,Northern Ireland,domestic league (tier 1)
2023/12/26,Irish League,0,Loughgall FC,1029,1038.0,2 - 1,Dungannon Swifts,1095,1086.0,2,1,Northern Ireland,domestic league (tier 1)
2024/01/13,Irish League,0,Loughgall FC,1064,1062.0,1 - 2,Linfield FC,1553,1555.0,1,2,Northern Ireland,domestic league (tier 1)
2024/02/13,Irish League,0,Loughgall FC,1073,1068.0,0 - 0,Newry City FC,969,974.0,0,0,Northern Ireland,domestic league (tier 1)
2024/02/17,Irish League,0,Loughgall FC,1068,1062.0,0 - 1,Crusaders FC,1332,1338.0,0,1,Northern Ireland,domestic league (tier 1)
2024/02/24,Irish League,0,Loughgall FC,1062,1061.0,3 - 3,Carrick Rangers,1124,1125.0,3,3,Northern Ireland,domestic league (tier 1)
2024/03/16,Irish League,0,Loughgall FC,1094,1090.0,2 - 3,Cliftonville FC,1429,1433.0,2,3,Northern Ireland,domestic league (tier 1)
2024/04/06,Irish League,0,Loughgall FC,1105,1091.0,2 - 3,Ballymena United,1053,1067.0,2,3,Northern Ireland,domestic league (tier 1)
2024/04/13,Irish League,0,Loughgall FC,1091,1106.0,3 - 1,Glenavon FC,1184,1169.0,3,1,Northern Ireland,domestic league (tier 1)
2024/08/17,Irish League,0,Loughgall FC,1106,1121.0,3 - 0,Carrick Rangers,1160,1145.0,3,0,Northern Ireland,domestic league (tier 1)
2024/08/20,Irish League,0,Loughgall FC,1121,1117.0,2 - 2,Portadown FC,1058,1062.0,2,2,Northern Ireland,domestic league (tier 1)
2024/08/31,Irish League,0,Loughgall FC,1115,1098.0,0 - 2,Dungannon Swifts,1170,1187.0,0,2,Northern Ireland,domestic league (tier 1)
2024/09/14,Irish League,0,Loughgall FC,1101,1093.0,1 - 5,Cliftonville FC,1417,1425.0,1,5,Northern Ireland,domestic league (tier 1)
2024/09/28,Irish League,0,Loughgall FC,1082,1070.0,0 - 4,Crusaders FC,1319,1331.0,0,4,Northern Ireland,domestic league (tier 1)
2024/10/01,Northern Ireland League Cup,0,Loughgall FC,1070,1058.0,2 - 3,Armagh City FC,943,955.0,2,3,Northern Ireland,domestic cup
2024/10/18,Irish League,0,Loughgall FC,1043,1040.0,1 - 3,Linfield FC,1496,1499.0,1,3,Northern Ireland,domestic league (tier 1)
2024/11/02,Irish League,0,Loughgall FC,1066,1083.0,3 - 0,Glenavon FC,1147,1130.0,3,0,Northern Ireland,domestic league (tier 1)
2024/11/16,Irish League,0,Loughgall FC,1080,1065.0,0 - 4,Coleraine FC,1257,1272.0,0,4,Northern Ireland,domestic league (tier 1)
2024/11/30,Irish League,0,Loughgall FC,1062,1066.0,2 - 2,Glentoran FC,1312,1308.0,2,2,Northern Ireland,domestic league (tier 1)
2024/12/21,Irish League,0,Loughgall FC,1071,1060.0,2 - 3,Ballymena United,1128,1139.0,2,3,Northern Ireland,domestic league (tier 1)
2024/12/30,Irish League,0,Loughgall FC,1056,1045.0,1 - 3,Coleraine FC,1248,1259.0,1,3,Northern Ireland,domestic league (tier 1)
2025/01/11,Irish League,0,Loughgall FC,1045,1036.0,0 - 1,Portadown FC,1167,1176.0,0,1,Northern Ireland,domestic league (tier 1)
2025/01/25,Irish League,0,Loughgall FC,1044,1040.0,1 - 2,Glentoran FC,1378,1382.0,1,2,Northern Ireland,domestic league (tier 1)
2025/02/26,Irish League,0,Loughgall FC,1044,1036.0,1 - 4,Larne FC,1367,1375.0,1,4,Northern Ireland,domestic league (tier 1)
2025/03/04,Irish League,0,Loughgall FC,1025,1013.0,0 - 2,Glenavon FC,1189,1201.0,0,2,Northern Ireland,domestic league (tier 1)
2025/03/08,Irish League,0,Loughgall FC,1013,1009.0,0 - 1,Larne FC,1361,1365.0,0,1,Northern Ireland,domestic league (tier 1)
2025/03/22,Irish League,0,Loughgall FC,1017,1028.0,2 - 1,Ballymena United,1156,1145.0,2,1,Northern Ireland,domestic league (tier 1)
2025/04/19,Irish League,0,Loughgall FC,1029,1029.0,2 - 2,Carrick Rangers,1127,1127.0,2,2,Northern Ireland,domestic league (tier 1)
2025/04/26,Irish League,0,Loughgall FC,1029,1021.0,1 - 4,Cliftonville FC,1344,1352.0,1,4,Northern Ireland,domestic league (tier 1)
2026/02/07,Northern Ireland Cup,0,Loughgall FC,1021,1027.0,2 - 1,Institute FC Drumahoe,989,983.0,2,1,Northern Ireland,domestic cup
2026/03/07,Northern Ireland Cup,0,Loughgall FC,1027,1018.0,0 - 3,Cliftonville FC,1307,1316.0,0,3,Northern Ireland,domestic cup
2018/08/10,Irish League,0,Newry City FC,1024,1035.0,2 - 1,Dungannon Swifts,1172,1161.0,2,1,Northern Ireland,domestic league (tier 1)
2018/08/17,Irish League,0,Newry City FC,1035,1031.0,1 - 2,Glenavon FC,1386,1390.0,1,2,Northern Ireland,domestic league (tier 1)
2018/09/01,Irish League,0,Newry City FC,1020,1036.0,1 - 0,Cliftonville FC,1361,1345.0,1,0,Northern Ireland,domestic league (tier 1)
2018/09/21,Irish League,0,Newry City FC,1030,1028.0,1 - 1,Warrenpoint Town,1046,1048.0,1,1,Northern Ireland,domestic league (tier 1)
2018/09/29,Irish League,0,Newry City FC,1028,1036.0,1 - 1,Coleraine FC,1489,1481.0,1,1,Northern Ireland,domestic league (tier 1)
2018/10/19,Irish League,0,Newry City FC,1030,1010.0,0 - 2,Institute FC Drumahoe,1017,1037.0,0,2,Northern Ireland,domestic league (tier 1)
2018/11/02,Irish League,0,Newry City FC,1007,1002.0,0 - 3,Crusaders FC,1437,1442.0,0,3,Northern Ireland,domestic league (tier 1)
2018/11/17,Irish League,0,Newry City FC,1000,1014.0,2 - 0,Ards FC,1072,1058.0,2,0,Northern Ireland,domestic league (tier 1)
2018/11/23,Irish League,0,Newry City FC,1014,1009.0,1 - 2,Ballymena United,1319,1324.0,1,2,Northern Ireland,domestic league (tier 1)
2019/01/01,Irish League,0,Newry City FC,1036,1024.0,1 - 2,Institute FC Drumahoe,1082,1094.0,1,2,Northern Ireland,domestic league (tier 1)
2019/01/11,Irish League,0,Newry City FC,1015,1013.0,0 - 1,Crusaders FC,1473,1475.0,0,1,Northern Ireland,domestic league (tier 1)
2019/01/22,Irish League,0,Newry City FC,1010,1007.0,0 - 2,Linfield FC,1487,1490.0,0,2,Northern Ireland,domestic league (tier 1)
2019/01/26,Irish League,0,Newry City FC,1007,993.0,0 - 2,Warrenpoint Town,1130,1144.0,0,2,Northern Ireland,domestic league (tier 1)
2019/02/05,Irish League,0,Newry City FC,993,996.0,1 - 1,Glentoran FC,1186,1183.0,1,1,Northern Ireland,domestic league (tier 1)
2019/02/26,Irish League,0,Newry City FC,984,982.0,0 - 1,Linfield FC,1494,1496.0,0,1,Northern Ireland,domestic league (tier 1)
2019/03/15,Irish League,0,Newry City FC,979,974.0,1 - 4,Coleraine FC,1380,1385.0,1,4,Northern Ireland,domestic league (tier 1)
2019/03/23,Irish League,0,Newry City FC,974,971.0,0 - 1,Glenavon FC,1359,1362.0,0,1,Northern Ireland,domestic league (tier 1)
2019/04/05,Irish League,0,Newry City FC,971,986.0,3 - 0,Ards FC,1023,1008.0,3,0,Northern Ireland,domestic league (tier 1)
2019/04/19,Irish League,0,Newry City FC,1010,1000.0,0 - 2,Glentoran FC,1222,1232.0,0,2,Northern Ireland,domestic league (tier 1)
2019/04/27,Irish League,0,Newry City FC,995,987.0,0 - 1,Dungannon Swifts,1166,1174.0,0,1,Northern Ireland,domestic league (tier 1)
2021/09/14,Northern Ireland League Cup,0,Newry City FC,1007,998.0,1 - 2,Warrenpoint Town,1057,1066.0,1,2,Northern Ireland,domestic cup
2022/04/26,Northern Ireland Cup,0,Newry City FC,1011,1005.0,0 - 1,Ballymena United,1251,1257.0,0,1,Northern Ireland,domestic cup
2022/08/21,Irish League,0,Newry City FC,999,996.0,1 - 3,Linfield FC,1511,1514.0,1,3,Northern Ireland,domestic league (tier 1)
2022/08/27,Irish League,0,Newry City FC,996,993.0,1 - 2,Crusaders FC,1401,1404.0,1,2,Northern Ireland,domestic league (tier 1)
2022/09/16,Irish League,0,Newry City FC,1025,1032.0,1 - 0,Dungannon Swifts,1011,1004.0,1,0,Northern Ireland,domestic league (tier 1)
2022/10/07,Irish League,0,Newry City FC,1035,1031.0,0 - 2,Larne FC,1437,1441.0,0,2,Northern Ireland,domestic league (tier 1)
2022/10/22,Irish League,0,Newry City FC,1049,1046.0,0 - 1,Glentoran FC,1445,1448.0,0,1,Northern Ireland,domestic league (tier 1)
2022/10/29,Irish League,0,Newry City FC,1046,1042.0,0 - 2,Linfield FC,1451,1455.0,0,2,Northern Ireland,domestic league (tier 1)
2022/11/08,Irish League,0,Newry City FC,1035,1048.0,3 - 2,Ballymena United,1225,1212.0,3,2,Northern Ireland,domestic league (tier 1)
2022/11/12,Irish League,0,Newry City FC,1048,1064.0,4 - 1,Carrick Rangers,1111,1095.0,4,1,Northern Ireland,domestic league (tier 1)
2022/12/04,Irish League,0,Newry City FC,1059,1036.0,1 - 3,Portadown FC,953,976.0,1,3,Northern Ireland,domestic league (tier 1)
2023/01/10,Irish League,0,Newry City FC,1024,1020.0,1 - 2,Coleraine FC,1362,1366.0,1,2,Northern Ireland,domestic league (tier 1)
2023/01/21,Irish League,0,Newry City FC,1018,1012.0,1 - 3,Glentoran FC,1371,1377.0,1,3,Northern Ireland,domestic league (tier 1)
2023/01/29,Irish League,0,Newry City FC,1020,1027.0,0 - 0,Larne FC,1444,1437.0,0,0,Northern Ireland,domestic league (tier 1)
2023/02/10,Irish League,0,Newry City FC,1027,1010.0,0 - 2,Carrick Rangers,1079,1096.0,0,2,Northern Ireland,domestic league (tier 1)
2023/02/17,Irish League,0,Newry City FC,1009,991.0,0 - 2,Dungannon Swifts,1035,1053.0,0,2,Northern Ireland,domestic league (tier 1)
2023/03/04,Irish League,0,Newry City FC,1016,1007.0,0 - 1,Glenavon FC,1167,1176.0,0,1,Northern Ireland,domestic league (tier 1)
2023/03/11,Irish League,0,Newry City FC,1007,994.0,3 - 4,Portadown FC,997,1010.0,3,4,Northern Ireland,domestic league (tier 1)
2023/03/25,Irish League,0,Newry City FC,993,990.0,1 - 2,Cliftonville FC,1407,1410.0,1,2,Northern Ireland,domestic league (tier 1)
2023/04/15,Irish League,0,Newry City FC,1026,1019.0,0 - 1,Glenavon FC,1228,1235.0,0,1,Northern Ireland,domestic league (tier 1)
2023/04/22,Irish League,0,Newry City FC,1019,1021.0,2 - 2,Ballymena United,1199,1197.0,2,2,Northern Ireland,domestic league (tier 1)
2023/08/05,Irish League,0,Newry City FC,1015,990.0,0 - 3,Loughgall FC,954,979.0,0,3,Northern Ireland,domestic league (tier 1)
2023/08/15,Irish League,0,Newry City FC,1012,1005.0,0 - 3,Cliftonville FC,1367,1374.0,0,3,Northern Ireland,domestic league (tier 1)
2023/08/26,Irish League,0,Newry City FC,1031,1026.0,0 - 4,Crusaders FC,1438,1443.0,0,4,Northern Ireland,domestic league (tier 1)
2023/09/09,Irish League,0,Newry City FC,1024,1020.0,2 - 4,Glentoran FC,1449,1453.0,2,4,Northern Ireland,domestic league (tier 1)
2023/09/22,Irish League,0,Newry City FC,1017,1016.0,2 - 2,Dungannon Swifts,1074,1075.0,2,2,Northern Ireland,domestic league (tier 1)
2023/10/13,Irish League,0,Newry City FC,1039,1031.0,0 - 2,Coleraine FC,1311,1319.0,0,2,Northern Ireland,domestic league (tier 1)
2023/10/28,Irish League,0,Newry City FC,1021,1018.0,1 - 2,Larne FC,1449,1452.0,1,2,Northern Ireland,domestic league (tier 1)
2023/11/04,Irish League,0,Newry City FC,1018,1015.0,0 - 3,Linfield FC,1541,1544.0,0,3,Northern Ireland,domestic league (tier 1)
2023/11/24,Irish League,0,Newry City FC,1006,993.0,0 - 3,Glenavon FC,1191,1204.0,0,3,Northern Ireland,domestic league (tier 1)
2023/12/08,Irish League,0,Newry City FC,1002,1002.0,0 - 0,Ballymena United,1114,1114.0,0,0,Northern Ireland,domestic league (tier 1)
2023/12/22,Irish League,0,Newry City FC,995,985.0,0 - 1,Carrick Rangers,1105,1115.0,0,1,Northern Ireland,domestic league (tier 1)
2023/12/26,Irish League,0,Newry City FC,985,972.0,0 - 4,Glenavon FC,1197,1210.0,0,4,Northern Ireland,domestic league (tier 1)
2024/01/06,Northern Ireland Cup,0,Newry City FC,963,971.0,3 - 2,Ballinamallard United FC,1003,995.0,3,2,Northern Ireland,domestic cup
2024/01/13,Irish League,0,Newry City FC,971,969.0,1 - 2,Cliftonville FC,1447,1449.0,1,2,Northern Ireland,domestic league (tier 1)
2024/02/09,Irish League,0,Newry City FC,968,969.0,1 - 1,Ballymena United,1087,1086.0,1,1,Northern Ireland,domestic league (tier 1)
2024/02/24,Irish League,0,Newry City FC,972,963.0,0 - 2,Coleraine FC,1217,1226.0,0,2,Northern Ireland,domestic league (tier 1)
2024/03/23,Irish League,0,Newry City FC,978,974.0,0 - 1,Crusaders FC,1346,1350.0,0,1,Northern Ireland,domestic league (tier 1)
2024/04/13,Irish League,0,Newry City FC,971,958.0,0 - 2,Dungannon Swifts,1127,1140.0,0,2,Northern Ireland,domestic league (tier 1)
2024/04/16,Irish League,0,Newry City FC,958,946.0,1 - 3,Carrick Rangers,1123,1135.0,1,3,Northern Ireland,domestic league (tier 1)
2024/04/27,Irish League,0,Newry City FC,938,923.0,1 - 4,Loughgall FC,1091,1106.0,1,4,Northern Ireland,domestic league (tier 1)
2025/10/07,Northern Ireland League Cup,0,Newry City FC,920,931.0,1 - 0,Portadown FC,1169,1158.0,1,0,Northern Ireland,domestic cup
2025/11/04,Northern Ireland League Cup,0,Newry City FC,931,940.0,1 - 0,Glenavon FC,1090,1081.0,1,0,Northern Ireland,domestic cup
2025/12/02,Northern Ireland League Cup,0,Newry City FC,940,939.0,2 - 3,Linfield FC,1438,1439.0,2,3,Northern Ireland,domestic cup
2016/08/10,Irish League,0,Portadown FC,1171,1177.0,2 - 1,Ballinamallard United FC,1127,1121.0,2,1,Northern Ireland,domestic league (tier 1)
2016/08/20,Irish League,0,Portadown FC,1166,1156.0,0 - 1,Glentoran FC,1252,1262.0,0,1,Northern Ireland,domestic league (tier 1)
2016/09/03,Irish League,0,Portadown FC,1161,1171.0,4 - 0,Carrick Rangers,1089,1079.0,4,0,Northern Ireland,domestic league (tier 1)
2016/09/17,Irish League,0,Portadown FC,1168,1149.0,0 - 2,Ballymena United,1173,1192.0,0,2,Northern Ireland,domestic league (tier 1)
2016/09/24,Irish League,0,Portadown FC,1149,1135.0,0 - 3,Cliftonville FC,1315,1329.0,0,3,Northern Ireland,domestic league (tier 1)
2016/10/15,Irish League,0,Portadown FC,1118,1109.0,0 - 1,Coleraine FC,1261,1270.0,0,1,Northern Ireland,domestic league (tier 1)
2016/10/29,Irish League,0,Portadown FC,1122,1130.0,3 - 1,Ards FC,1056,1048.0,3,1,Northern Ireland,domestic league (tier 1)
2016/11/12,Irish League,0,Portadown FC,1135,1132.0,0 - 1,Crusaders FC,1525,1528.0,0,1,Northern Ireland,domestic league (tier 1)
2016/11/26,Irish League,0,Portadown FC,1133,1125.0,0 - 5,Linfield FC,1463,1471.0,0,5,Northern Ireland,domestic league (tier 1)
2016/12/17,Irish League,0,Portadown FC,1116,1131.0,2 - 0,Dungannon Swifts,1224,1209.0,2,0,Northern Ireland,domestic league (tier 1)
2016/12/26,Irish League,0,Portadown FC,1131,1134.0,2 - 2,Glenavon FC,1338,1335.0,2,2,Northern Ireland,domestic league (tier 1)
2017/01/03,Irish League,0,Portadown FC,1125,1104.0,0 - 5,Glentoran FC,1212,1233.0,0,5,Northern Ireland,domestic league (tier 1)
2017/01/21,Irish League,0,Portadown FC,1106,1099.0,1 - 2,Glenavon FC,1331,1338.0,1,2,Northern Ireland,domestic league (tier 1)
2017/02/11,Irish League,0,Portadown FC,1103,1077.0,0 - 3,Ards FC,1009,1035.0,0,3,Northern Ireland,domestic league (tier 1)
2017/02/25,Irish League,0,Portadown FC,1086,1094.0,1 - 1,Crusaders FC,1558,1550.0,1,1,Northern Ireland,domestic league (tier 1)
2017/03/25,Irish League,0,Portadown FC,1068,1059.0,0 - 1,Dungannon Swifts,1189,1198.0,0,1,Northern Ireland,domestic league (tier 1)
2017/04/08,Irish League,0,Portadown FC,1059,1067.0,2 - 1,Carrick Rangers,1077,1069.0,2,1,Northern Ireland,domestic league (tier 1)
2017/04/14,Irish League,0,Portadown FC,1067,1076.0,1 - 0,Ballinamallard United FC,1120,1111.0,1,0,Northern Ireland,domestic league (tier 1)
2020/10/24,Irish League,0,Portadown FC,1067,1061.0,0 - 3,Coleraine FC,1454,1460.0,0,3,Northern Ireland,domestic league (tier 1)
2020/11/07,Irish League,0,Portadown FC,1063,1060.0,1 - 2,Linfield FC,1483,1486.0,1,2,Northern Ireland,domestic league (tier 1)
2020/12/05,Irish League,0,Portadown FC,1045,1047.0,0 - 0,Ballymena United,1206,1204.0,0,0,Northern Ireland,domestic league (tier 1)
2021/01/26,Irish League,0,Portadown FC,1068,1074.0,2 - 2,Crusaders FC,1430,1424.0,2,2,Northern Ireland,domestic league (tier 1)
2021/01/30,Irish League,0,Portadown FC,1074,1054.0,0 - 2,Warrenpoint Town,1064,1084.0,0,2,Northern Ireland,domestic league (tier 1)
2021/02/13,Irish League,0,Portadown FC,1069,1073.0,1 - 1,Cliftonville FC,1325,1321.0,1,1,Northern Ireland,domestic league (tier 1)
2021/02/16,Irish League,0,Portadown FC,1073,1064.0,1 - 3,Glentoran FC,1334,1343.0,1,3,Northern Ireland,domestic league (tier 1)
2021/02/27,Irish League,0,Portadown FC,1064,1055.0,1 - 2,Ballymena United,1210,1219.0,1,2,Northern Ireland,domestic league (tier 1)
2021/03/06,Irish League,0,Portadown FC,1053,1076.0,4 - 1,Glenavon FC,1261,1238.0,4,1,Northern Ireland,domestic league (tier 1)
2021/03/09,Irish League,0,Portadown FC,1076,1068.0,1 - 2,Glenavon FC,1238,1246.0,1,2,Northern Ireland,domestic league (tier 1)
2021/03/27,Irish League,0,Portadown FC,1066,1063.0,0 - 1,Linfield FC,1455,1458.0,0,1,Northern Ireland,domestic league (tier 1)
2021/03/30,Irish League,0,Portadown FC,1063,1058.0,1 - 2,Crusaders FC,1332,1337.0,1,2,Northern Ireland,domestic league (tier 1)
2021/04/06,Irish League,0,Portadown FC,1055,1049.0,1 - 2,Larne FC,1308,1314.0,1,2,Northern Ireland,domestic league (tier 1)
2021/04/10,Irish League,0,Portadown FC,1049,1061.0,2 - 0,Carrick Rangers,1068,1056.0,2,0,Northern Ireland,domestic league (tier 1)
2021/04/13,Irish League,0,Portadown FC,1061,1067.0,1 - 0,Dungannon Swifts,1011,1005.0,1,0,Northern Ireland,domestic league (tier 1)
2021/04/17,Irish League,0,Portadown FC,1067,1062.0,1 - 2,Cliftonville FC,1365,1370.0,1,2,Northern Ireland,domestic league (tier 1)
2021/04/20,Irish League,0,Portadown FC,1062,1076.0,2 - 1,Larne FC,1321,1307.0,2,1,Northern Ireland,domestic league (tier 1)
2021/05/01,Irish League,0,Portadown FC,1088,1074.0,1 - 2,Warrenpoint Town,1058,1072.0,1,2,Northern Ireland,domestic league (tier 1)
2021/05/15,Irish League,0,Portadown FC,1068,1075.0,2 - 1,Carrick Rangers,1051,1044.0,2,1,Northern Ireland,domestic league (tier 1)
2021/05/25,Irish League,0,Portadown FC,1075,1082.0,4 - 2,Dungannon Swifts,983,976.0,4,2,Northern Ireland,domestic league (tier 1)
2021/08/27,Irish League,0,Portadown FC,1077,1080.0,1 - 1,Glenavon FC,1266,1263.0,1,1,Northern Ireland,domestic league (tier 1)
2021/09/04,Irish League,0,Portadown FC,1076,1072.0,2 - 3,Larne FC,1393,1397.0,2,3,Northern Ireland,domestic league (tier 1)
2021/09/11,Irish League,0,Portadown FC,1072,1069.0,2 - 3,Linfield FC,1477,1480.0,2,3,Northern Ireland,domestic league (tier 1)
2021/09/25,Irish League,0,Portadown FC,1061,1035.0,1 - 4,Dungannon Swifts,979,1005.0,1,4,Northern Ireland,domestic league (tier 1)
2021/10/16,Irish League,0,Portadown FC,1048,1041.0,0 - 1,Ballymena United,1240,1247.0,0,1,Northern Ireland,domestic league (tier 1)
2021/10/26,Northern Ireland League Cup,0,Portadown FC,1049,1054.0,1 - 0,Ballinamallard United FC,1051,1046.0,1,0,Northern Ireland,domestic cup
2021/11/06,Irish League,0,Portadown FC,1049,1057.0,0 - 0,Linfield FC,1493,1485.0,0,0,Northern Ireland,domestic league (tier 1)
2021/11/09,Northern Ireland League Cup,0,Portadown FC,1057,1054.0,1 - 2,Cliftonville FC,1369,1372.0,1,2,Northern Ireland,domestic cup
2021/11/13,Irish League,0,Portadown FC,1054,1051.0,2 - 2,Carrick Rangers,1065,1068.0,2,2,Northern Ireland,domestic league (tier 1)
2021/11/27,Irish League,0,Portadown FC,1038,1044.0,2 - 2,Larne FC,1403,1397.0,2,2,Northern Ireland,domestic league (tier 1)
2021/12/11,Irish League,0,Portadown FC,1039,1045.0,1 - 1,Cliftonville FC,1386,1380.0,1,1,Northern Ireland,domestic league (tier 1)
2021/12/27,Irish League,0,Portadown FC,1058,1051.0,0 - 1,Glenavon FC,1254,1261.0,0,1,Northern Ireland,domestic league (tier 1)
2022/01/08,Northern Ireland Cup,0,Portadown FC,1046,1055.0,2 - 0,Limavady United,997,988.0,2,0,Northern Ireland,domestic cup
2022/01/15,Irish League,0,Portadown FC,1055,1061.0,0 - 0,Coleraine FC,1404,1398.0,0,0,Northern Ireland,domestic league (tier 1)
2022/01/25,Irish League,0,Portadown FC,1049,1045.0,0 - 1,Crusaders FC,1374,1378.0,0,1,Northern Ireland,domestic league (tier 1)
2022/02/08,Irish League,0,Portadown FC,1040,1047.0,1 - 1,Glentoran FC,1445,1438.0,1,1,Northern Ireland,domestic league (tier 1)
2022/02/26,Irish League,0,Portadown FC,1040,1046.0,1 - 0,Warrenpoint Town,1007,1001.0,1,0,Northern Ireland,domestic league (tier 1)
2022/03/12,Irish League,0,Portadown FC,1049,1062.0,1 - 0,Ballymena United,1262,1249.0,1,0,Northern Ireland,domestic league (tier 1)
2022/03/19,Irish League,0,Portadown FC,1062,1085.0,2 - 0,Coleraine FC,1376,1353.0,2,0,Northern Ireland,domestic league (tier 1)
2022/04/05,Irish League,0,Portadown FC,1085,1079.0,0 - 2,Cliftonville FC,1440,1446.0,0,2,Northern Ireland,domestic league (tier 1)
2022/04/09,Irish League,0,Portadown FC,1079,1064.0,0 - 1,Warrenpoint Town,980,995.0,0,1,Northern Ireland,domestic league (tier 1)
2022/04/19,Irish League,0,Portadown FC,1061,1057.0,0 - 0,Dungannon Swifts,1031,1035.0,0,0,Northern Ireland,domestic league (tier 1)
2022/04/30,Irish League,0,Portadown FC,1054,1028.0,0 - 5,Carrick Rangers,1046,1072.0,0,5,Northern Ireland,domestic league (tier 1)
2022/08/20,Irish League,0,Portadown FC,1027,1020.0,0 - 2,Coleraine FC,1318,1325.0,0,2,Northern Ireland,domestic league (tier 1)
2022/08/26,Irish League,0,Portadown FC,1019,1013.0,0 - 3,Glentoran FC,1398,1404.0,0,3,Northern Ireland,domestic league (tier 1)
2022/09/03,Irish League,0,Portadown FC,1013,1010.0,1 - 2,Cliftonville FC,1442,1445.0,1,2,Northern Ireland,domestic league (tier 1)
2022/09/13,Northern Ireland League Cup,0,Portadown FC,1010,1019.0,5 - 0,Armagh City FC,952,943.0,5,0,Northern Ireland,domestic cup
2022/09/17,Irish League,0,Portadown FC,1019,1016.0,0 - 1,Larne FC,1423,1426.0,0,1,Northern Ireland,domestic league (tier 1)
2022/09/30,Irish League,0,Portadown FC,1005,1008.0,1 - 1,Glenavon FC,1212,1209.0,1,1,Northern Ireland,domestic league (tier 1)
2022/10/15,Irish League,0,Portadown FC,999,981.0,1 - 3,Newry City FC,1031,1049.0,1,3,Northern Ireland,domestic league (tier 1)
2022/11/05,Irish League,0,Portadown FC,976,972.0,0 - 3,Linfield FC,1455,1459.0,0,3,Northern Ireland,domestic league (tier 1)
2022/11/12,Irish League,0,Portadown FC,966,962.0,0 - 5,Larne FC,1472,1476.0,0,5,Northern Ireland,domestic league (tier 1)
2022/11/26,Irish League,0,Portadown FC,956,953.0,0 - 2,Glentoran FC,1438,1441.0,0,2,Northern Ireland,domestic league (tier 1)
2022/12/10,Irish League,0,Portadown FC,976,991.0,1 - 0,Ballymena United,1257,1242.0,1,0,Northern Ireland,domestic league (tier 1)
2023/01/02,Irish League,0,Portadown FC,987,985.0,0 - 0,Dungannon Swifts,1032,1034.0,0,0,Northern Ireland,domestic league (tier 1)
2023/01/28,Irish League,0,Portadown FC,982,978.0,1 - 6,Linfield FC,1487,1491.0,1,6,Northern Ireland,domestic league (tier 1)
2023/02/04,Northern Ireland Cup,0,Portadown FC,978,973.0,0 - 3,Glentoran FC,1393,1398.0,0,3,Northern Ireland,domestic cup
2023/02/18,Irish League,0,Portadown FC,980,1000.0,3 - 1,Glenavon FC,1204,1184.0,3,1,Northern Ireland,domestic league (tier 1)
2023/02/24,Irish League,0,Portadown FC,1000,1013.0,3 - 1,Dungannon Swifts,1053,1040.0,3,1,Northern Ireland,domestic league (tier 1)
2023/03/04,Irish League,0,Portadown FC,1013,997.0,1 - 3,Carrick Rangers,1101,1117.0,1,3,Northern Ireland,domestic league (tier 1)
2023/03/18,Irish League,0,Portadown FC,1010,1017.0,2 - 2,Crusaders FC,1423,1416.0,2,2,Northern Ireland,domestic league (tier 1)
2023/04/07,Irish League,0,Portadown FC,1015,1028.0,1 - 0,Ballymena United,1213,1200.0,1,0,Northern Ireland,domestic league (tier 1)
2023/04/11,Irish League,0,Portadown FC,1028,1015.0,0 - 1,Newry City FC,1013,1026.0,0,1,Northern Ireland,domestic league (tier 1)
2023/04/15,Irish League,0,Portadown FC,1015,1029.0,3 - 1,Carrick Rangers,1093,1079.0,3,1,Northern Ireland,domestic league (tier 1)
2023/11/07,Northern Ireland League Cup,0,Portadown FC,1029,1042.0,2 - 1,Crusaders FC,1415,1402.0,2,1,Northern Ireland,domestic cup
2023/12/05,Northern Ireland League Cup,0,Portadown FC,1042,1050.0,2 - 0,Loughgall FC,1046,1038.0,2,0,Northern Ireland,domestic cup
2024/02/03,Northern Ireland Cup,0,Portadown FC,1066,1072.0,2 - 1,Bangor FC,1030,1024.0,2,1,Northern Ireland,domestic cup
2024/03/01,Northern Ireland Cup,0,Portadown FC,1072,1066.0,0 - 2,Cliftonville FC,1423,1429.0,0,2,Northern Ireland,domestic cup
2024/08/17,Irish League,0,Portadown FC,1064,1058.0,1 - 2,Glentoran FC,1327,1333.0,1,2,Northern Ireland,domestic league (tier 1)
2024/08/30,Irish League,0,Portadown FC,1062,1070.0,2 - 2,Linfield FC,1521,1513.0,2,2,Northern Ireland,domestic league (tier 1)
2024/09/13,Irish League,0,Portadown FC,1084,1094.0,2 - 1,Dungannon Swifts,1199,1189.0,2,1,Northern Ireland,domestic league (tier 1)
2024/09/17,Irish League,0,Portadown FC,1094,1096.0,2 - 2,Coleraine FC,1252,1250.0,2,2,Northern Ireland,domestic league (tier 1)
2024/09/28,Irish League,0,Portadown FC,1127,1114.0,0 - 1,Ballymena United,1136,1149.0,0,1,Northern Ireland,domestic league (tier 1)
2024/10/01,Northern Ireland League Cup,0,Portadown FC,1114,1102.0,0 - 1,Ards FC,994,1006.0,0,1,Northern Ireland,domestic cup
2024/10/12,Irish League,0,Portadown FC,1096,1102.0,1 - 0,Loughgall FC,1049,1043.0,1,0,Northern Ireland,domestic league (tier 1)
2024/10/27,Irish League,0,Portadown FC,1096,1112.0,2 - 1,Larne FC,1443,1427.0,2,1,Northern Ireland,domestic league (tier 1)
2024/11/09,Irish League,0,Portadown FC,1136,1133.0,1 - 1,Carrick Rangers,1121,1124.0,1,1,Northern Ireland,domestic league (tier 1)
2024/11/23,Irish League,0,Portadown FC,1158,1164.0,1 - 0,Glenavon FC,1107,1101.0,1,0,Northern Ireland,domestic league (tier 1)
2024/12/14,Irish League,0,Portadown FC,1162,1183.0,2 - 0,Cliftonville FC,1400,1379.0,2,0,Northern Ireland,domestic league (tier 1)
2024/12/21,Irish League,0,Portadown FC,1183,1193.0,1 - 0,Crusaders FC,1290,1280.0,1,0,Northern Ireland,domestic league (tier 1)
2024/12/30,Irish League,0,Portadown FC,1179,1167.0,0 - 2,Glentoran FC,1355,1367.0,0,2,Northern Ireland,domestic league (tier 1)
2025/01/18,Irish League,0,Portadown FC,1176,1169.0,1 - 3,Linfield FC,1492,1499.0,1,3,Northern Ireland,domestic league (tier 1)
2025/02/15,Irish League,0,Portadown FC,1179,1199.0,2 - 0,Larne FC,1410,1390.0,2,0,Northern Ireland,domestic league (tier 1)
2025/03/08,Irish League,0,Portadown FC,1177,1183.0,1 - 0,Carrick Rangers,1125,1119.0,1,0,Northern Ireland,domestic league (tier 1)
2025/03/15,Irish League,0,Portadown FC,1183,1182.0,1 - 1,Dungannon Swifts,1261,1262.0,1,1,Northern Ireland,domestic league (tier 1)
2025/04/01,Irish League,0,Portadown FC,1177,1174.0,1 - 1,Glenavon FC,1185,1188.0,1,1,Northern Ireland,domestic league (tier 1)
2025/04/12,Irish League,0,Portadown FC,1158,1165.0,3 - 1,Loughgall FC,1036,1029.0,3,1,Northern Ireland,domestic league (tier 1)
2025/04/19,Irish League,0,Portadown FC,1165,1184.0,2 - 0,Cliftonville FC,1363,1344.0,2,0,Northern Ireland,domestic league (tier 1)
2025/04/26,Irish League,0,Portadown FC,1184,1190.0,2 - 1,Ballymena United,1134,1128.0,2,1,Northern Ireland,domestic league (tier 1)
2025/08/09,Irish League,0,Portadown FC,1190,1181.0,0 - 1,Glentoran FC,1329,1338.0,0,1,Northern Ireland,domestic league (tier 1)
2025/08/19,Irish League,0,Portadown FC,1207,1186.0,0 - 2,Ballymena United,1150,1171.0,0,2,Northern Ireland,domestic league (tier 1)
2025/08/29,Irish League,0,Portadown FC,1180,1189.0,2 - 1,Crusaders FC,1240,1231.0,2,1,Northern Ireland,domestic league (tier 1)
2025/09/13,Irish League,0,Portadown FC,1185,1170.0,1 - 4,Coleraine FC,1326,1341.0,1,4,Northern Ireland,domestic league (tier 1)
2025/09/19,Irish League,0,Portadown FC,1170,1143.0,1 - 4,Bangor FC,1052,1079.0,1,4,Northern Ireland,domestic league (tier 1)
2025/10/04,Irish League,0,Portadown FC,1160,1169.0,3 - 1,Glenavon FC,1111,1102.0,3,1,Northern Ireland,domestic league (tier 1)
2025/10/17,Irish League,0,Portadown FC,1150,1173.0,2 - 0,Linfield FC,1454,1431.0,2,0,Northern Ireland,domestic league (tier 1)
2025/10/25,Irish League,0,Portadown FC,1173,1161.0,0 - 2,Coleraine FC,1341,1353.0,0,2,Northern Ireland,domestic league (tier 1)
2025/11/15,Irish League,0,Portadown FC,1154,1150.0,1 - 1,Bangor FC,1108,1112.0,1,1,Northern Ireland,domestic league (tier 1)
2025/11/29,Irish League,0,Portadown FC,1162,1154.0,2 - 3,Cliftonville FC,1334,1342.0,2,3,Northern Ireland,domestic league (tier 1)
2025/12/13,Irish League,0,Portadown FC,1181,1187.0,1 - 0,Ballymena United,1151,1145.0,1,0,Northern Ireland,domestic league (tier 1)
2025/12/26,Irish League,0,Portadown FC,1179,1184.0,1 - 0,Glenavon FC,1106,1101.0,1,0,Northern Ireland,domestic league (tier 1)
2026/01/31,Irish League,0,Portadown FC,1171,1148.0,0 - 3,Carrick Rangers,1152,1175.0,0,3,Northern Ireland,domestic league (tier 1)
2026/02/07,Northern Ireland Cup,0,Portadown FC,1148,1138.0,1 - 2,Dungannon Swifts,1245,1255.0,1,2,Northern Ireland,domestic cup
2026/02/14,Irish League,0,Portadown FC,1136,1152.0,2 - 1,Larne FC,1465,1449.0,2,1,Northern Ireland,domestic league (tier 1)
2026/02/21,Irish League,0,Portadown FC,1152,1162.0,1 - 0,Dungannon Swifts,1240,1230.0,1,0,Northern Ireland,domestic league (tier 1)
2026/03/04,Irish League,0,Portadown FC,1147,1134.0,0 - 2,Cliftonville FC,1294,1307.0,0,2,Northern Ireland,domestic league (tier 1)
2026/03/21,Irish League,0,Portadown FC,1134,1131.0,0 - 0,Crusaders FC,1111,1114.0,0,0,Northern Ireland,domestic league (tier 1)
2026/04/07,Irish League,0,Portadown FC,1134,1133.0,1 - 1,Carrick Rangers,1208,1209.0,1,1,Northern Ireland,domestic league (tier 1)
2026/08/15,Irish League,0,Portadown FC,1144,1133.0,0 - 1,Dungannon Swifts,1203,1214.0,0,1,Northern Ireland,domestic league (tier 1)
2026/08/28,Irish League,0,Portadown FC,1126,1119.0,0 - 3,Coleraine FC,1463,1470.0,0,3,Northern Ireland,domestic league (tier 1)
2017/08/12,Irish League,0,Warrenpoint Town,1131,1124.0,2 - 3,Glenavon FC,1341,1348.0,2,3,Northern Ireland,domestic league (tier 1)
2017/08/19,Irish League,0,Warrenpoint Town,1122,1129.0,1 - 0,Ards FC,1105,1098.0,1,0,Northern Ireland,domestic league (tier 1)
2017/09/09,Irish League,0,Warrenpoint Town,1120,1106.0,1 - 3,Ballymena United,1239,1253.0,1,3,Northern Ireland,domestic league (tier 1)
2017/09/22,Irish League,0,Warrenpoint Town,1101,1097.0,1 - 4,Linfield FC,1565,1569.0,1,4,Northern Ireland,domestic league (tier 1)
2017/09/30,Irish League,0,Warrenpoint Town,1097,1093.0,2 - 2,Carrick Rangers,1047,1051.0,2,2,Northern Ireland,domestic league (tier 1)
2017/10/13,Irish League,0,Warrenpoint Town,1081,1087.0,2 - 1,Ballinamallard United FC,1025,1019.0,2,1,Northern Ireland,domestic league (tier 1)
2017/11/04,Irish League,0,Warrenpoint Town,1087,1077.0,1 - 2,Dungannon Swifts,1180,1190.0,1,2,Northern Ireland,domestic league (tier 1)
2017/11/18,Irish League,0,Warrenpoint Town,1095,1086.0,2 - 3,Glentoran FC,1226,1235.0,2,3,Northern Ireland,domestic league (tier 1)
2017/12/02,Irish League,0,Warrenpoint Town,1087,1078.0,1 - 3,Cliftonville FC,1323,1332.0,1,3,Northern Ireland,domestic league (tier 1)
2017/12/09,Irish League,0,Warrenpoint Town,1078,1076.0,2 - 3,Crusaders FC,1539,1541.0,2,3,Northern Ireland,domestic league (tier 1)
2017/12/22,Irish League,0,Warrenpoint Town,1085,1079.0,0 - 2,Coleraine FC,1438,1444.0,0,2,Northern Ireland,domestic league (tier 1)
2017/12/30,Irish League,0,Warrenpoint Town,1077,1076.0,3 - 3,Ards FC,1131,1132.0,3,3,Northern Ireland,domestic league (tier 1)
2018/01/20,Irish League,0,Warrenpoint Town,1074,1079.0,1 - 0,Ballinamallard United FC,999,994.0,1,0,Northern Ireland,domestic league (tier 1)
2018/02/06,Irish League,0,Warrenpoint Town,1087,1082.0,1 - 3,Linfield FC,1476,1481.0,1,3,Northern Ireland,domestic league (tier 1)
2018/02/13,Irish League,0,Warrenpoint Town,1082,1073.0,1 - 3,Cliftonville FC,1327,1336.0,1,3,Northern Ireland,domestic league (tier 1)
2018/03/26,Irish League,0,Warrenpoint Town,1099,1095.0,1 - 4,Crusaders FC,1540,1544.0,1,4,Northern Ireland,domestic league (tier 1)
2018/03/31,Irish League,0,Warrenpoint Town,1095,1113.0,3 - 0,Dungannon Swifts,1196,1178.0,3,0,Northern Ireland,domestic league (tier 1)
2018/04/14,Irish League,0,Warrenpoint Town,1087,1099.0,1 - 0,Glentoran FC,1242,1230.0,1,0,Northern Ireland,domestic league (tier 1)
2018/04/28,Irish League,0,Warrenpoint Town,1091,1076.0,2 - 3,Carrick Rangers,1007,1022.0,2,3,Northern Ireland,domestic league (tier 1)
2018/08/11,Irish League,0,Warrenpoint Town,1074,1067.0,2 - 4,Glenavon FC,1379,1386.0,2,4,Northern Ireland,domestic league (tier 1)
2018/08/25,Irish League,0,Warrenpoint Town,1053,1051.0,1 - 2,Crusaders FC,1498,1500.0,1,2,Northern Ireland,domestic league (tier 1)
2018/09/01,Irish League,0,Warrenpoint Town,1051,1036.0,1 - 6,Ballymena United,1233,1248.0,1,6,Northern Ireland,domestic league (tier 1)
2018/09/07,Irish League,0,Warrenpoint Town,1036,1030.0,0 - 5,Linfield FC,1437,1443.0,0,5,Northern Ireland,domestic league (tier 1)
2018/09/15,Irish League,0,Warrenpoint Town,1030,1046.0,2 - 1,Cliftonville FC,1348,1332.0,2,1,Northern Ireland,domestic league (tier 1)
2018/09/29,Irish League,0,Warrenpoint Town,1048,1051.0,1 - 1,Glentoran FC,1243,1240.0,1,1,Northern Ireland,domestic league (tier 1)
2018/10/13,Irish League,0,Warrenpoint Town,1066,1074.0,1 - 0,Ards FC,1081,1073.0,1,0,Northern Ireland,domestic league (tier 1)
2018/10/27,Irish League,0,Warrenpoint Town,1071,1057.0,0 - 1,Institute FC Drumahoe,1037,1051.0,0,1,Northern Ireland,domestic league (tier 1)
2018/11/17,Irish League,0,Warrenpoint Town,1075,1075.0,1 - 1,Dungannon Swifts,1158,1158.0,1,1,Northern Ireland,domestic league (tier 1)
2018/11/24,Irish League,0,Warrenpoint Town,1075,1092.0,2 - 1,Coleraine FC,1453,1436.0,2,1,Northern Ireland,domestic league (tier 1)
2018/12/08,Irish League,0,Warrenpoint Town,1094,1085.0,2 - 4,Ballymena United,1335,1344.0,2,4,Northern Ireland,domestic league (tier 1)
2018/12/26,Irish League,0,Warrenpoint Town,1083,1079.0,2 - 2,Newry City FC,1034,1038.0,2,2,Northern Ireland,domestic league (tier 1)
2018/12/29,Irish League,0,Warrenpoint Town,1079,1075.0,0 - 1,Coleraine FC,1407,1411.0,0,1,Northern Ireland,domestic league (tier 1)
2019/01/19,Irish League,0,Warrenpoint Town,1119,1130.0,4 - 0,Institute FC Drumahoe,1060,1049.0,4,0,Northern Ireland,domestic league (tier 1)
2019/02/09,Irish League,0,Warrenpoint Town,1144,1121.0,0 - 5,Glentoran FC,1183,1206.0,0,5,Northern Ireland,domestic league (tier 1)
2019/02/23,Irish League,0,Warrenpoint Town,1116,1103.0,0 - 2,Cliftonville FC,1273,1286.0,0,2,Northern Ireland,domestic league (tier 1)
2019/03/19,Irish League,0,Warrenpoint Town,1106,1101.0,1 - 3,Crusaders FC,1482,1487.0,1,3,Northern Ireland,domestic league (tier 1)
2019/04/13,Irish League,0,Warrenpoint Town,1112,1088.0,2 - 4,Newry City FC,986,1010.0,2,4,Northern Ireland,domestic league (tier 1)
2019/04/20,Irish League,0,Warrenpoint Town,1088,1103.0,5 - 3,Dungannon Swifts,1192,1177.0,5,3,Northern Ireland,domestic league (tier 1)
2019/04/27,Irish League,0,Warrenpoint Town,1109,1104.0,1 - 1,Ards FC,1037,1042.0,1,1,Northern Ireland,domestic league (tier 1)
2019/08/31,Irish League,0,Warrenpoint Town,1075,1064.0,1 - 5,Cliftonville FC,1339,1350.0,1,5,Northern Ireland,domestic league (tier 1)
2019/09/14,Irish League,0,Warrenpoint Town,1060,1036.0,0 - 3,Carrick Rangers,1013,1037.0,0,3,Northern Ireland,domestic league (tier 1)
2019/09/28,Irish League,0,Warrenpoint Town,1033,1013.0,1 - 3,Institute FC Drumahoe,1014,1034.0,1,3,Northern Ireland,domestic league (tier 1)
2019/10/05,Irish League,0,Warrenpoint Town,1013,1025.0,4 - 3,Dungannon Swifts,1187,1175.0,4,3,Northern Ireland,domestic league (tier 1)
2019/10/19,Irish League,0,Warrenpoint Town,1023,1015.0,1 - 3,Glenavon FC,1294,1302.0,1,3,Northern Ireland,domestic league (tier 1)
2019/11/02,Irish League,0,Warrenpoint Town,1007,997.0,0 - 4,Glentoran FC,1274,1284.0,0,4,Northern Ireland,domestic league (tier 1)
2019/11/16,Irish League,0,Warrenpoint Town,995,1022.0,3 - 1,Coleraine FC,1453,1426.0,3,1,Northern Ireland,domestic league (tier 1)
2019/11/23,Irish League,0,Warrenpoint Town,1022,1020.0,0 - 1,Crusaders FC,1467,1469.0,0,1,Northern Ireland,domestic league (tier 1)
2019/11/30,Irish League,0,Warrenpoint Town,1020,1033.0,2 - 1,Ballymena United,1245,1232.0,2,1,Northern Ireland,domestic league (tier 1)
2019/12/14,Irish League,0,Warrenpoint Town,1025,1022.0,0 - 2,Linfield FC,1488,1491.0,0,2,Northern Ireland,domestic league (tier 1)
2019/12/21,Irish League,0,Warrenpoint Town,1022,1008.0,0 - 2,Larne FC,1146,1160.0,0,2,Northern Ireland,domestic league (tier 1)
2020/01/01,Irish League,0,Warrenpoint Town,1029,1024.0,0 - 4,Crusaders FC,1451,1456.0,0,4,Northern Ireland,domestic league (tier 1)
2020/01/18,Irish League,0,Warrenpoint Town,1022,1016.0,0 - 4,Coleraine FC,1415,1421.0,0,4,Northern Ireland,domestic league (tier 1)
2020/02/08,Irish League,0,Warrenpoint Town,1023,1020.0,1 - 2,Linfield FC,1455,1458.0,1,2,Northern Ireland,domestic league (tier 1)
2020/02/14,Irish League,0,Warrenpoint Town,1020,1016.0,2 - 2,Institute FC Drumahoe,992,996.0,2,2,Northern Ireland,domestic league (tier 1)
2020/10/17,Irish League,0,Warrenpoint Town,1019,1016.0,0 - 1,Crusaders FC,1431,1434.0,0,1,Northern Ireland,domestic league (tier 1)
2020/10/31,Irish League,0,Warrenpoint Town,1039,1037.0,1 - 1,Portadown FC,1061,1063.0,1,1,Northern Ireland,domestic league (tier 1)
2020/11/10,Irish League,0,Warrenpoint Town,1034,1038.0,1 - 1,Larne FC,1274,1270.0,1,1,Northern Ireland,domestic league (tier 1)
2020/11/28,Irish League,0,Warrenpoint Town,1031,1049.0,2 - 1,Linfield FC,1500,1482.0,2,1,Northern Ireland,domestic league (tier 1)
2020/12/19,Irish League,0,Warrenpoint Town,1076,1068.0,1 - 2,Glenavon FC,1247,1255.0,1,2,Northern Ireland,domestic league (tier 1)
2021/02/16,Irish League,0,Warrenpoint Town,1087,1084.0,1 - 1,Dungannon Swifts,1069,1072.0,1,1,Northern Ireland,domestic league (tier 1)
2021/03/02,Irish League,0,Warrenpoint Town,1083,1095.0,4 - 1,Dungannon Swifts,1059,1047.0,4,1,Northern Ireland,domestic league (tier 1)
2021/03/13,Irish League,0,Warrenpoint Town,1119,1110.0,0 - 2,Glentoran FC,1364,1373.0,0,2,Northern Ireland,domestic league (tier 1)
2021/03/16,Irish League,0,Warrenpoint Town,1110,1111.0,1 - 1,Ballymena United,1247,1246.0,1,1,Northern Ireland,domestic league (tier 1)
2021/03/20,Irish League,0,Warrenpoint Town,1111,1112.0,2 - 2,Ballymena United,1246,1245.0,2,2,Northern Ireland,domestic league (tier 1)
2021/03/23,Irish League,0,Warrenpoint Town,1112,1106.0,1 - 2,Glentoran FC,1369,1375.0,1,2,Northern Ireland,domestic league (tier 1)
2021/04/03,Irish League,0,Warrenpoint Town,1108,1096.0,0 - 5,Cliftonville FC,1348,1360.0,0,5,Northern Ireland,domestic league (tier 1)
2021/04/10,Irish League,0,Warrenpoint Town,1093,1089.0,1 - 2,Coleraine FC,1428,1432.0,1,2,Northern Ireland,domestic league (tier 1)
2021/04/13,Irish League,0,Warrenpoint Town,1089,1085.0,0 - 0,Carrick Rangers,1056,1060.0,0,0,Northern Ireland,domestic league (tier 1)
2021/04/20,Irish League,0,Warrenpoint Town,1080,1072.0,3 - 4,Glenavon FC,1266,1274.0,3,4,Northern Ireland,domestic league (tier 1)
2021/04/24,Irish League,0,Warrenpoint Town,1072,1053.0,1 - 3,Portadown FC,1076,1095.0,1,3,Northern Ireland,domestic league (tier 1)
2021/05/29,Irish League,0,Warrenpoint Town,1061,1071.0,3 - 1,Carrick Rangers,1033,1023.0,3,1,Northern Ireland,domestic league (tier 1)
2021/08/28,Irish League,0,Warrenpoint Town,1071,1084.0,2 - 1,Ballymena United,1277,1264.0,2,1,Northern Ireland,domestic league (tier 1)
2021/09/04,Irish League,0,Warrenpoint Town,1075,1060.0,1 - 6,Glenavon FC,1263,1278.0,1,6,Northern Ireland,domestic league (tier 1)
2021/09/18,Irish League,0,Warrenpoint Town,1066,1059.0,0 - 3,Glentoran FC,1392,1399.0,0,3,Northern Ireland,domestic league (tier 1)
2021/10/02,Irish League,0,Warrenpoint Town,1057,1044.0,2 - 3,Portadown FC,1035,1048.0,2,3,Northern Ireland,domestic league (tier 1)
2021/10/13,Northern Ireland League Cup,0,Warrenpoint Town,1044,1048.0,1 - 0,Loughgall FC,951,947.0,1,0,Northern Ireland,domestic cup
2021/10/16,Irish League,0,Warrenpoint Town,1048,1044.0,0 - 3,Linfield FC,1488,1492.0,0,3,Northern Ireland,domestic league (tier 1)
2021/10/30,Irish League,0,Warrenpoint Town,1043,1036.0,2 - 4,Crusaders FC,1356,1363.0,2,4,Northern Ireland,domestic league (tier 1)
2021/11/09,Northern Ireland League Cup,0,Warrenpoint Town,1034,1044.0,6 - 1,Limavady United,1007,997.0,6,1,Northern Ireland,domestic cup
2021/11/13,Irish League,0,Warrenpoint Town,1044,1038.0,2 - 4,Cliftonville FC,1372,1378.0,2,4,Northern Ireland,domestic league (tier 1)
2021/11/20,Irish League,0,Warrenpoint Town,1038,1025.0,0 - 3,Glenavon FC,1225,1238.0,0,3,Northern Ireland,domestic league (tier 1)
2021/11/30,Irish League,0,Warrenpoint Town,1039,1032.0,1 - 2,Ballymena United,1260,1267.0,1,2,Northern Ireland,domestic league (tier 1)
2021/12/18,Irish League,0,Warrenpoint Town,1037,1024.0,0 - 1,Portadown FC,1045,1058.0,0,1,Northern Ireland,domestic league (tier 1)
2022/01/08,Northern Ireland Cup,0,Warrenpoint Town,1026,1012.0,1 - 2,Newry City FC,998,1012.0,1,2,Northern Ireland,domestic cup
2022/01/11,Irish League,0,Warrenpoint Town,1012,999.0,1 - 2,Dungannon Swifts,991,1004.0,1,2,Northern Ireland,domestic league (tier 1)
2022/01/15,Irish League,0,Warrenpoint Town,999,996.0,0 - 1,Crusaders FC,1383,1386.0,0,1,Northern Ireland,domestic league (tier 1)
2022/01/25,Irish League,0,Warrenpoint Town,994,988.0,0 - 3,Larne FC,1371,1377.0,0,3,Northern Ireland,domestic league (tier 1)
2022/02/12,Irish League,0,Warrenpoint Town,995,1009.0,4 - 2,Carrick Rangers,1062,1048.0,4,2,Northern Ireland,domestic league (tier 1)
2022/03/08,Irish League,0,Warrenpoint Town,1001,989.0,2 - 3,Dungannon Swifts,1026,1038.0,2,3,Northern Ireland,domestic league (tier 1)
2022/03/22,Irish League,0,Warrenpoint Town,988,982.0,2 - 5,Coleraine FC,1353,1359.0,2,5,Northern Ireland,domestic league (tier 1)
2022/03/26,Irish League,0,Warrenpoint Town,982,980.0,1 - 2,Linfield FC,1484,1486.0,1,2,Northern Ireland,domestic league (tier 1)
2022/04/16,Irish League,0,Warrenpoint Town,995,984.0,1 - 2,Carrick Rangers,1047,1058.0,1,2,Northern Ireland,domestic league (tier 1)
2023/10/03,Northern Ireland League Cup,0,Warrenpoint Town,1007,1003.0,0 - 5,Crusaders FC,1428,1432.0,0,5,Northern Ireland,domestic cup
2024/08/13,Northern Ireland League Cup,0,Warrenpoint Town,1002,1009.0,2 - 0,Lisburn Distillery,955,948.0,2,0,Northern Ireland,domestic cup
2025/10/07,Northern Ireland League Cup,0,Warrenpoint Town,999,988.0,0 - 2,Glenavon FC,1102,1113.0,0,2,Northern Ireland,domestic cup
2026/01/13,Northern Ireland Cup,0,Warrenpoint Town,988,994.0,4 - 3,Lisburn Distillery,943,937.0,4,3,Northern Ireland,domestic cup
2026/02/07,Northern Ireland Cup,0,Warrenpoint Town,994,991.0,0 - 2,Larne FC,1467,1470.0,0,2,Northern Ireland,domestic cup
