Date,Competition,Neutral Venue,Home,PreHElo,PostHElo,Result,Away,PreAElo,PostAElo,Home Goals,Away Goals,Country,Category
2022/07/16,Challenge League,0,AC Bellinzona,1575,1583.0,1 - 0,FC Lausanne-Sport,1607,1599.0,1,0,Switzerland,domestic league (tier 2)
2022/07/30,Challenge League,0,AC Bellinzona,1577,1550.0,1 - 4,Stade Lausanne-Ouchy,1467,1494.0,1,4,Switzerland,domestic league (tier 2)
2022/08/12,Challenge League,0,AC Bellinzona,1563,1539.0,0 - 4,FC Aarau,1571,1595.0,0,4,Switzerland,domestic league (tier 2)
2022/08/27,Challenge League,0,AC Bellinzona,1539,1546.0,3 - 1,Neuchâtel Xamax FCS,1428,1421.0,3,1,Switzerland,domestic league (tier 2)
2022/09/17,Switzerland Cup,0,AC Bellinzona,1538,1532.0,0 - 1,FC Luzern,1781,1787.0,0,1,Switzerland,domestic cup
2022/10/02,Challenge League,0,AC Bellinzona,1532,1514.0,1 - 3,FC Schaffhausen,1572,1590.0,1,3,Switzerland,domestic league (tier 2)
2022/10/15,Challenge League,0,AC Bellinzona,1494,1507.0,5 - 1,FC Wil 1900,1490,1477.0,5,1,Switzerland,domestic league (tier 2)
2022/10/22,Challenge League,0,AC Bellinzona,1522,1508.0,1 - 2,Yverdon Sport FC,1459,1473.0,1,2,Switzerland,domestic league (tier 2)
2022/10/30,Challenge League,0,AC Bellinzona,1508,1521.0,2 - 0,FC Vaduz,1564,1551.0,2,0,Switzerland,domestic league (tier 2)
2022/11/18,Challenge League,0,AC Bellinzona,1519,1494.0,1 - 3,FC Thun Berner Oberland,1356,1381.0,1,3,Switzerland,domestic league (tier 2)
2023/01/29,Challenge League,0,AC Bellinzona,1487,1468.0,0 - 2,Yverdon Sport FC,1497,1516.0,0,2,Switzerland,domestic league (tier 2)
2023/02/12,Challenge League,0,AC Bellinzona,1458,1442.0,0 - 2,FC Schaffhausen,1527,1543.0,0,2,Switzerland,domestic league (tier 2)
2023/03/05,Challenge League,0,AC Bellinzona,1440,1429.0,0 - 1,Stade Lausanne-Ouchy,1489,1500.0,0,1,Switzerland,domestic league (tier 2)
2023/03/19,Challenge League,0,AC Bellinzona,1423,1420.0,1 - 1,Neuchâtel Xamax FCS,1409,1412.0,1,1,Switzerland,domestic league (tier 2)
2023/04/07,Challenge League,0,AC Bellinzona,1412,1425.0,1 - 0,FC Lausanne-Sport,1606,1593.0,1,0,Switzerland,domestic league (tier 2)
2023/04/16,Challenge League,0,AC Bellinzona,1425,1404.0,1 - 6,FC Vaduz,1499,1520.0,1,6,Switzerland,domestic league (tier 2)
2023/04/30,Challenge League,0,AC Bellinzona,1420,1411.0,0 - 1,FC Aarau,1557,1566.0,0,1,Switzerland,domestic league (tier 2)
2023/05/12,Challenge League,0,AC Bellinzona,1406,1416.0,3 - 2,FC Wil 1900,1508,1498.0,3,2,Switzerland,domestic league (tier 2)
2023/05/23,Challenge League,0,AC Bellinzona,1402,1419.0,3 - 0,FC Thun Berner Oberland,1493,1476.0,3,0,Switzerland,domestic league (tier 2)
2023/07/23,Challenge League,0,AC Bellinzona,1410,1394.0,0 - 2,FC Wil 1900,1483,1499.0,0,2,Switzerland,domestic league (tier 2)
2023/08/13,Challenge League,0,AC Bellinzona,1388,1376.0,1 - 3,FC Aarau,1559,1571.0,1,3,Switzerland,domestic league (tier 2)
2023/08/25,Challenge League,0,AC Bellinzona,1376,1358.0,0 - 3,FC Thun Berner Oberland,1461,1479.0,0,3,Switzerland,domestic league (tier 2)
2023/09/17,Switzerland Cup,0,AC Bellinzona,1363,1377.0,3 - 1,FC Schaffhausen,1446,1432.0,3,1,Switzerland,domestic cup
2023/09/22,Challenge League,0,AC Bellinzona,1377,1360.0,0 - 4,FC Vaduz,1508,1525.0,0,4,Switzerland,domestic league (tier 2)
2023/10/01,Challenge League,0,AC Bellinzona,1365,1374.0,1 - 0,FC Stade Nyonnais,1434,1425.0,1,0,Switzerland,domestic league (tier 2)
2023/10/22,Challenge League,0,AC Bellinzona,1391,1389.0,0 - 0,FC Schaffhausen,1437,1439.0,0,0,Switzerland,domestic league (tier 2)
2023/10/31,Switzerland Cup,0,AC Bellinzona,1403,1401.0,0 - 1,FC Zürich,1844,1846.0,0,1,Switzerland,domestic cup
2023/11/05,Challenge League,0,AC Bellinzona,1401,1395.0,1 - 2,FC Sion,1640,1646.0,1,2,Switzerland,domestic league (tier 2)
2023/11/26,Challenge League,0,AC Bellinzona,1399,1405.0,3 - 1,FC Baden,1240,1234.0,3,1,Switzerland,domestic league (tier 2)
2023/12/10,Challenge League,0,AC Bellinzona,1405,1412.0,1 - 0,Neuchâtel Xamax FCS,1414,1407.0,1,0,Switzerland,domestic league (tier 2)
2024/01/27,Challenge League,0,AC Bellinzona,1420,1420.0,0 - 0,FC Thun Berner Oberland,1535,1535.0,0,0,Switzerland,domestic league (tier 2)
2024/02/17,Challenge League,0,AC Bellinzona,1420,1418.0,0 - 0,FC Wil 1900,1456,1458.0,0,0,Switzerland,domestic league (tier 2)
2024/02/28,Challenge League,0,AC Bellinzona,1418,1406.0,0 - 1,FC Vaduz,1447,1459.0,0,1,Switzerland,domestic league (tier 2)
2024/03/09,Challenge League,0,AC Bellinzona,1403,1383.0,0 - 2,FC Stade Nyonnais,1394,1414.0,0,2,Switzerland,domestic league (tier 2)
2024/03/29,Challenge League,0,AC Bellinzona,1377,1397.0,5 - 2,FC Aarau,1527,1507.0,5,2,Switzerland,domestic league (tier 2)
2024/04/19,Challenge League,0,AC Bellinzona,1382,1389.0,4 - 0,FC Baden,1225,1218.0,4,0,Switzerland,domestic league (tier 2)
2024/04/23,Challenge League,0,AC Bellinzona,1389,1388.0,1 - 1,FC Schaffhausen,1437,1438.0,1,1,Switzerland,domestic league (tier 2)
2024/05/03,Challenge League,0,AC Bellinzona,1411,1399.0,1 - 2,Neuchâtel Xamax FCS,1450,1462.0,1,2,Switzerland,domestic league (tier 2)
2024/05/17,Challenge League,0,AC Bellinzona,1419,1410.0,0 - 2,FC Sion,1666,1675.0,0,2,Switzerland,domestic league (tier 2)
2024/07/20,Challenge League,0,AC Bellinzona,1415,1423.0,2 - 1,FC Wil 1900,1432,1424.0,2,1,Switzerland,domestic league (tier 2)
2024/08/03,Challenge League,0,AC Bellinzona,1415,1411.0,1 - 1,Etoile Carouge FC,1380,1384.0,1,1,Switzerland,domestic league (tier 2)
2024/08/24,Challenge League,0,AC Bellinzona,1424,1432.0,2 - 1,FC Schaffhausen,1447,1439.0,2,1,Switzerland,domestic league (tier 2)
2024/09/24,Challenge League,0,AC Bellinzona,1460,1469.0,2 - 1,Stade Lausanne-Ouchy,1517,1508.0,2,1,Switzerland,domestic league (tier 2)
2024/10/04,Challenge League,0,AC Bellinzona,1461,1462.0,0 - 0,FC Thun Berner Oberland,1580,1579.0,0,0,Switzerland,domestic league (tier 2)
2024/10/26,Challenge League,0,AC Bellinzona,1466,1446.0,0 - 2,Neuchâtel Xamax FCS,1456,1476.0,0,2,Switzerland,domestic league (tier 2)
2024/11/09,Challenge League,0,AC Bellinzona,1438,1416.0,1 - 4,FC Aarau,1456,1478.0,1,4,Switzerland,domestic league (tier 2)
2024/11/30,Challenge League,0,AC Bellinzona,1419,1414.0,1 - 1,FC Stade Nyonnais,1331,1336.0,1,1,Switzerland,domestic league (tier 2)
2024/12/05,Switzerland Cup,0,AC Bellinzona,1414,1430.0,1 - 0,FC St. Gallen,1738,1722.0,1,0,Switzerland,domestic cup
2024/12/08,Challenge League,0,AC Bellinzona,1430,1418.0,1 - 2,FC Vaduz,1476,1488.0,1,2,Switzerland,domestic league (tier 2)
2025/01/25,Challenge League,0,AC Bellinzona,1439,1450.0,3 - 0,FC Schaffhausen,1395,1384.0,3,0,Switzerland,domestic league (tier 2)
2025/02/15,Challenge League,0,AC Bellinzona,1438,1427.0,0 - 1,Stade Lausanne-Ouchy,1498,1509.0,0,1,Switzerland,domestic league (tier 2)
2025/02/22,Challenge League,0,AC Bellinzona,1427,1425.0,0 - 0,Etoile Carouge FC,1440,1442.0,0,0,Switzerland,domestic league (tier 2)
2025/02/25,Switzerland Cup,0,AC Bellinzona,1425,1431.0,1 - 1,FC Lausanne-Sport,1753,1747.0,1,1,Switzerland,domestic cup
2025/03/08,Challenge League,0,AC Bellinzona,1433,1411.0,0 - 3,FC Wil 1900,1443,1465.0,0,3,Switzerland,domestic league (tier 2)
2025/03/31,Challenge League,0,AC Bellinzona,1386,1388.0,1 - 1,FC Aarau,1554,1552.0,1,1,Switzerland,domestic league (tier 2)
2025/04/12,Challenge League,0,AC Bellinzona,1377,1393.0,3 - 1,FC Vaduz,1493,1477.0,3,1,Switzerland,domestic league (tier 2)
2025/04/18,Challenge League,0,AC Bellinzona,1393,1399.0,2 - 1,FC Stade Nyonnais,1326,1320.0,2,1,Switzerland,domestic league (tier 2)
2025/05/03,Challenge League,0,AC Bellinzona,1403,1414.0,3 - 1,Neuchâtel Xamax FCS,1413,1402.0,3,1,Switzerland,domestic league (tier 2)
2025/05/16,Challenge League,0,AC Bellinzona,1419,1438.0,3 - 1,FC Thun Berner Oberland,1611,1592.0,3,1,Switzerland,domestic league (tier 2)
2025/08/02,Challenge League,0,AC Bellinzona,1453,1426.0,1 - 5,Neuchâtel Xamax FCS,1393,1420.0,1,5,Switzerland,domestic league (tier 2)
2025/08/26,Challenge League,0,AC Bellinzona,1415,1418.0,0 - 0,Yverdon Sport FC,1625,1622.0,0,0,Switzerland,domestic league (tier 2)
2025/09/13,Challenge League,0,AC Bellinzona,1404,1401.0,1 - 1,FC Rapperswil-Jona,1404,1407.0,1,1,Switzerland,domestic league (tier 2)
2025/09/21,Switzerland Cup,0,AC Bellinzona,1401,1395.0,0 - 1,Grasshopper Club Zürich,1658,1664.0,0,1,Switzerland,domestic cup
2025/10/04,Challenge League,0,AC Bellinzona,1399,1377.0,0 - 3,Etoile Carouge FC,1412,1434.0,0,3,Switzerland,domestic league (tier 2)
2025/10/25,Challenge League,0,AC Bellinzona,1374,1359.0,0 - 3,Stade Lausanne-Ouchy,1530,1545.0,0,3,Switzerland,domestic league (tier 2)
2025/11/08,Challenge League,0,AC Bellinzona,1350,1377.0,5 - 1,FC Aarau,1622,1595.0,5,1,Switzerland,domestic league (tier 2)
2025/11/21,Challenge League,0,AC Bellinzona,1377,1369.0,0 - 1,FC Vaduz,1555,1563.0,0,1,Switzerland,domestic league (tier 2)
2025/12/06,Challenge League,0,AC Bellinzona,1362,1374.0,2 - 0,FC Stade Nyonnais,1382,1370.0,2,0,Switzerland,domestic league (tier 2)
2025/12/20,Challenge League,0,AC Bellinzona,1368,1351.0,0 - 2,FC Wil 1900,1421,1438.0,0,2,Switzerland,domestic league (tier 2)
2026/01/30,Challenge League,0,AC Bellinzona,1348,1367.0,5 - 0,Neuchâtel Xamax FCS,1425,1406.0,5,0,Switzerland,domestic league (tier 2)
2026/02/13,Challenge League,0,AC Bellinzona,1370,1360.0,0 - 2,FC Vaduz,1580,1590.0,0,2,Switzerland,domestic league (tier 2)
2026/02/27,Challenge League,0,AC Bellinzona,1354,1344.0,0 - 4,Yverdon Sport FC,1626,1636.0,0,4,Switzerland,domestic league (tier 2)
2026/03/13,Challenge League,0,AC Bellinzona,1349,1328.0,0 - 3,Etoile Carouge FC,1387,1408.0,0,3,Switzerland,domestic league (tier 2)
2026/03/20,Challenge League,0,AC Bellinzona,1328,1341.0,2 - 1,Stade Lausanne-Ouchy,1548,1535.0,2,1,Switzerland,domestic league (tier 2)
2026/04/11,Challenge League,0,AC Bellinzona,1335,1339.0,0 - 0,FC Aarau,1593,1589.0,0,0,Switzerland,domestic league (tier 2)
2026/04/18,Challenge League,0,AC Bellinzona,1339,1353.0,4 - 0,FC Stade Nyonnais,1357,1343.0,4,0,Switzerland,domestic league (tier 2)
2026/05/03,Challenge League,0,AC Bellinzona,1348,1332.0,2 - 4,FC Rapperswil-Jona,1432,1448.0,2,4,Switzerland,domestic league (tier 2)
2026/05/11,Challenge League,0,AC Bellinzona,1325,1310.0,2 - 4,FC Wil 1900,1428,1443.0,2,4,Switzerland,domestic league (tier 2)
2016/07/30,Super League,0,BSC Young Boys,1905,1888.0,1 - 2,FC Lugano,1681,1698.0,1,2,Switzerland,domestic league (tier 1)
2016/08/06,Super League,0,BSC Young Boys,1910,1916.0,4 - 1,FC Thun,1719,1713.0,4,1,Switzerland,domestic league (tier 1)
2016/08/20,Super League,0,BSC Young Boys,1891,1895.0,7 - 2,FC Lausanne-Sport,1594,1590.0,7,2,Switzerland,domestic league (tier 1)
2016/09/10,Super League,0,BSC Young Boys,1867,1874.0,2 - 1,FC Luzern,1844,1837.0,2,1,Switzerland,domestic league (tier 1)
2016/10/02,Super League,0,BSC Young Boys,1859,1852.0,2 - 2,FC St. Gallen,1664,1671.0,2,2,Switzerland,domestic league (tier 1)
2016/10/23,Super League,0,BSC Young Boys,1862,1871.0,4 - 0,Grasshopper Club Zürich (as Grasshoppers Zürich),1759,1750.0,4,0,Switzerland,domestic league (tier 1)
2016/10/30,Super League,0,BSC Young Boys,1880,1885.0,5 - 0,FC Vaduz,1657,1652.0,5,0,Switzerland,domestic league (tier 1)
2016/11/20,Super League,0,BSC Young Boys,1874,1880.0,4 - 3,FC Sion,1836,1830.0,4,3,Switzerland,domestic league (tier 1)
2016/12/03,Super League,0,BSC Young Boys,1892,1908.0,3 - 1,FC Basel,2020,2004.0,3,1,Switzerland,domestic league (tier 1)
2017/02/05,Super League,0,BSC Young Boys,1923,1930.0,3 - 1,FC Sion,1821,1814.0,3,1,Switzerland,domestic league (tier 1)
2017/02/18,Super League,0,BSC Young Boys,1912,1905.0,2 - 2,FC St. Gallen,1684,1691.0,2,2,Switzerland,domestic league (tier 1)
2017/03/04,Super League,0,BSC Young Boys,1903,1906.0,3 - 2,FC Thun,1699,1696.0,3,2,Switzerland,domestic league (tier 1)
2017/04/02,Super League,0,BSC Young Boys,1910,1912.0,3 - 2,FC Vaduz,1644,1642.0,3,2,Switzerland,domestic league (tier 1)
2017/04/17,Super League,0,BSC Young Boys,1917,1900.0,0 - 1,Grasshopper Club Zürich (as Grasshoppers Zürich),1687,1704.0,0,1,Switzerland,domestic league (tier 1)
2017/04/23,Super League,0,BSC Young Boys,1900,1883.0,1 - 2,FC Lugano,1714,1731.0,1,2,Switzerland,domestic league (tier 1)
2017/05/14,Super League,0,BSC Young Boys,1903,1910.0,4 - 1,FC Luzern,1776,1769.0,4,1,Switzerland,domestic league (tier 1)
2017/05/21,Super League,0,BSC Young Boys,1895,1905.0,2 - 1,FC Basel,1999,1989.0,2,1,Switzerland,domestic league (tier 1)
2017/06/02,Super League,0,BSC Young Boys,1903,1906.0,2 - 0,FC Lausanne-Sport,1635,1632.0,2,0,Switzerland,domestic league (tier 1)
2017/07/22,Super League,0,BSC Young Boys,1906,1921.0,2 - 0,FC Basel,2007,1992.0,2,0,Switzerland,domestic league (tier 1)
2017/08/06,Super League,0,BSC Young Boys,1941,1944.0,3 - 0,FC Lausanne-Sport,1620,1617.0,3,0,Switzerland,domestic league (tier 1)
2017/08/09,Super League,0,BSC Young Boys,1944,1911.0,0 - 4,FC Thun,1717,1750.0,0,4,Switzerland,domestic league (tier 1)
2017/09/10,Super League,0,BSC Young Boys,1886,1893.0,3 - 0,FC Lugano,1755,1748.0,3,0,Switzerland,domestic league (tier 1)
2017/09/20,Super League,0,BSC Young Boys,1888,1896.0,4 - 1,FC Luzern,1776,1768.0,4,1,Switzerland,domestic league (tier 1)
2017/10/01,Super League,0,BSC Young Boys,1897,1904.0,6 - 1,FC St. Gallen,1722,1715.0,6,1,Switzerland,domestic league (tier 1)
2017/10/29,Super League,0,BSC Young Boys,1905,1911.0,5 - 1,FC Sion,1703,1697.0,5,1,Switzerland,domestic league (tier 1)
2017/11/19,Super League,0,BSC Young Boys,1902,1907.0,2 - 1,FC Zürich,1801,1796.0,2,1,Switzerland,domestic league (tier 1)
2017/12/10,Super League,0,BSC Young Boys,1891,1885.0,1 - 1,Grasshopper Club Zürich,1744,1750.0,1,1,Switzerland,domestic league (tier 1)
2018/02/03,Super League,0,BSC Young Boys,1898,1902.0,2 - 0,FC St. Gallen,1687,1683.0,2,0,Switzerland,domestic league (tier 1)
2018/02/18,Super League,0,BSC Young Boys,1914,1919.0,3 - 1,FC Thun,1745,1740.0,3,1,Switzerland,domestic league (tier 1)
2018/02/24,Super League,0,BSC Young Boys,1919,1921.0,1 - 0,FC Sion,1674,1672.0,1,0,Switzerland,domestic league (tier 1)
2018/03/11,Super League,0,BSC Young Boys,1948,1952.0,3 - 1,Grasshopper Club Zürich,1736,1732.0,3,1,Switzerland,domestic league (tier 1)
2018/04/02,Super League,0,BSC Young Boys,1960,1958.0,2 - 2,FC Basel,2006,2008.0,2,2,Switzerland,domestic league (tier 1)
2018/04/15,Super League,0,BSC Young Boys,1968,1971.0,1 - 0,FC Zürich,1766,1763.0,1,0,Switzerland,domestic league (tier 1)
2018/04/22,Super League,0,BSC Young Boys,1967,1970.0,4 - 1,FC Lausanne-Sport,1640,1637.0,4,1,Switzerland,domestic league (tier 1)
2018/04/28,Super League,0,BSC Young Boys,1970,1973.0,2 - 1,FC Luzern,1784,1781.0,2,1,Switzerland,domestic league (tier 1)
2018/05/13,Super League,0,BSC Young Boys,1968,1972.0,3 - 1,FC Lugano,1733,1729.0,3,1,Switzerland,domestic league (tier 1)
2018/07/22,Super League,0,BSC Young Boys,1960,1963.0,2 - 0,Grasshopper Club Zürich,1690,1687.0,2,0,Switzerland,domestic league (tier 1)
2018/08/05,Super League,0,BSC Young Boys,1973,1981.0,4 - 0,FC Zürich,1834,1826.0,4,0,Switzerland,domestic league (tier 1)
2018/08/25,Super League,0,BSC Young Boys,1983,1987.0,5 - 2,Neuchâtel Xamax FCS,1714,1710.0,5,2,Switzerland,domestic league (tier 1)
2018/09/23,Super League,0,BSC Young Boys,1990,2003.0,7 - 1,FC Basel,1950,1937.0,7,1,Switzerland,domestic league (tier 1)
2018/09/26,Super League,0,BSC Young Boys,2003,2005.0,2 - 0,FC St. Gallen,1686,1684.0,2,0,Switzerland,domestic league (tier 1)
2018/10/06,Super League,0,BSC Young Boys,2012,1994.0,2 - 3,FC Luzern,1736,1754.0,2,3,Switzerland,domestic league (tier 1)
2018/10/27,Super League,0,BSC Young Boys,1991,1993.0,3 - 2,FC Sion,1752,1750.0,3,2,Switzerland,domestic league (tier 1)
2018/11/24,Super League,0,BSC Young Boys,1992,1994.0,1 - 0,FC Lugano,1721,1719.0,1,0,Switzerland,domestic league (tier 1)
2018/12/08,Super League,0,BSC Young Boys,2005,2008.0,3 - 2,FC Thun,1779,1776.0,3,2,Switzerland,domestic league (tier 1)
2019/02/02,Super League,0,BSC Young Boys,2039,2041.0,2 - 0,Neuchâtel Xamax FCS,1670,1668.0,2,0,Switzerland,domestic league (tier 1)
2019/02/17,Super League,0,BSC Young Boys,2037,2041.0,2 - 0,FC Zürich,1810,1806.0,2,0,Switzerland,domestic league (tier 1)
2019/03/02,Super League,0,BSC Young Boys,2046,2048.0,1 - 0,FC Sion,1765,1763.0,1,0,Switzerland,domestic league (tier 1)
2019/03/31,Super League,0,BSC Young Boys,2023,2024.0,3 - 2,FC St. Gallen,1672,1671.0,3,2,Switzerland,domestic league (tier 1)
2019/04/07,Super League,0,BSC Young Boys,2024,2028.0,5 - 1,FC Thun,1776,1772.0,5,1,Switzerland,domestic league (tier 1)
2019/04/28,Super League,0,BSC Young Boys,2027,2019.0,2 - 2,FC Lugano,1769,1777.0,2,2,Switzerland,domestic league (tier 1)
2019/05/12,Super League,0,BSC Young Boys,2029,2039.0,3 - 1,FC Basel,1998,1988.0,3,1,Switzerland,domestic league (tier 1)
2019/05/16,Super League,0,BSC Young Boys,2039,2041.0,6 - 1,Grasshopper Club Zürich,1622,1620.0,6,1,Switzerland,domestic league (tier 1)
2019/05/25,Super League,0,BSC Young Boys,2012,2016.0,4 - 0,FC Luzern,1761,1757.0,4,0,Switzerland,domestic league (tier 1)
2019/07/21,Super League,0,BSC Young Boys,2016,2008.0,1 - 1,Servette FC (as Servette Genève),1704,1712.0,1,1,Switzerland,domestic league (tier 1)
2019/08/04,Super League,0,BSC Young Boys,2013,2017.0,2 - 0,FC Lugano,1794,1790.0,2,0,Switzerland,domestic league (tier 1)
2019/08/24,Super League,0,BSC Young Boys,2017,2021.0,4 - 0,FC Zürich,1725,1721.0,4,0,Switzerland,domestic league (tier 1)
2019/09/22,Super League,0,BSC Young Boys,2011,2008.0,1 - 1,FC Basel,1998,2001.0,1,1,Switzerland,domestic league (tier 1)
2019/09/28,Super League,0,BSC Young Boys,2003,2006.0,3 - 2,FC Sion,1784,1781.0,3,2,Switzerland,domestic league (tier 1)
2019/10/19,Super League,0,BSC Young Boys,2022,2025.0,4 - 1,Neuchâtel Xamax FCS,1694,1691.0,4,1,Switzerland,domestic league (tier 1)
2019/10/27,Super League,0,BSC Young Boys,2031,2033.0,4 - 2,FC Thun,1677,1675.0,4,2,Switzerland,domestic league (tier 1)
2019/11/10,Super League,0,BSC Young Boys,2007,2010.0,4 - 3,FC St. Gallen,1784,1781.0,4,3,Switzerland,domestic league (tier 1)
2019/12/07,Super League,0,BSC Young Boys,1988,1990.0,1 - 0,FC Luzern,1705,1703.0,1,0,Switzerland,domestic league (tier 1)
2020/01/26,Super League,0,BSC Young Boys,1988,1999.0,2 - 0,FC Basel,1995,1984.0,2,0,Switzerland,domestic league (tier 1)
2020/02/08,Super League,0,BSC Young Boys,1977,1979.0,1 - 0,FC Sion,1711,1709.0,1,0,Switzerland,domestic league (tier 1)
2020/06/19,Super League,0,BSC Young Boys,1964,1967.0,3 - 2,FC Zürich,1739,1736.0,3,2,Switzerland,domestic league (tier 1)
2020/06/27,Super League,0,BSC Young Boys,1951,1955.0,6 - 0,Neuchâtel Xamax FCS,1675,1671.0,6,0,Switzerland,domestic league (tier 1)
2020/07/05,Super League,0,BSC Young Boys,1954,1960.0,3 - 0,FC Lugano,1770,1764.0,3,0,Switzerland,domestic league (tier 1)
2020/07/08,Super League,0,BSC Young Boys,1960,1964.0,4 - 0,FC Thun,1666,1662.0,4,0,Switzerland,domestic league (tier 1)
2020/07/15,Super League,0,BSC Young Boys,1957,1963.0,4 - 2,Servette FC (as Servette Genève),1805,1799.0,4,2,Switzerland,domestic league (tier 1)
2020/07/26,Super League,0,BSC Young Boys,1982,1984.0,1 - 0,FC Luzern,1741,1739.0,1,0,Switzerland,domestic league (tier 1)
2020/08/03,Super League,0,BSC Young Boys,1990,1996.0,3 - 1,FC St. Gallen,1832,1826.0,3,1,Switzerland,domestic league (tier 1)
2020/09/19,Super League,0,BSC Young Boys,1987,1989.0,2 - 1,FC Zürich,1685,1683.0,2,1,Switzerland,domestic league (tier 1)
2020/10/04,Super League,0,BSC Young Boys,1986,1987.0,1 - 0,FC Vaduz,1586,1585.0,1,0,Switzerland,domestic league (tier 1)
2020/10/25,Super League,0,BSC Young Boys,1970,1973.0,2 - 1,FC Luzern,1746,1743.0,2,1,Switzerland,domestic league (tier 1)
2020/11/08,Super League,0,BSC Young Boys,1985,1978.0,0 - 0,FC St. Gallen,1811,1818.0,0,0,Switzerland,domestic league (tier 1)
2020/11/21,Super League,0,BSC Young Boys,1978,1984.0,2 - 1,FC Basel,1935,1929.0,2,1,Switzerland,domestic league (tier 1)
2020/12/13,Super League,0,BSC Young Boys,2006,1988.0,1 - 2,Servette FC (as Servette Genève),1747,1765.0,1,2,Switzerland,domestic league (tier 1)
2020/12/19,Super League,0,BSC Young Boys,2005,1998.0,2 - 2,FC Lugano,1813,1820.0,2,2,Switzerland,domestic league (tier 1)
2021/01/31,Super League,0,BSC Young Boys,2009,2011.0,2 - 1,FC Sion,1707,1705.0,2,1,Switzerland,domestic league (tier 1)
2021/02/07,Super League,0,BSC Young Boys,2021,2023.0,4 - 2,FC Lausanne-Sport,1690,1688.0,4,2,Switzerland,domestic league (tier 1)
2021/02/10,Super League,0,BSC Young Boys,2023,2025.0,1 - 0,FC Lausanne-Sport,1688,1686.0,1,0,Switzerland,domestic league (tier 1)
2021/02/21,Super League,0,BSC Young Boys,2046,2049.0,2 - 0,Servette FC (as Servette Genève),1745,1742.0,2,0,Switzerland,domestic league (tier 1)
2021/03/06,Super League,0,BSC Young Boys,2064,2055.0,1 - 1,FC Vaduz,1610,1619.0,1,1,Switzerland,domestic league (tier 1)
2021/03/21,Super League,0,BSC Young Boys,2019,2023.0,4 - 0,FC Zürich,1728,1724.0,4,0,Switzerland,domestic league (tier 1)
2021/04/11,Super League,0,BSC Young Boys,2005,2009.0,2 - 0,FC St. Gallen,1790,1786.0,2,0,Switzerland,domestic league (tier 1)
2021/04/18,Super League,0,BSC Young Boys,2009,2014.0,3 - 0,FC Lugano,1790,1785.0,3,0,Switzerland,domestic league (tier 1)
2021/04/25,Super League,0,BSC Young Boys,2019,2020.0,2 - 1,FC Sion,1682,1681.0,2,1,Switzerland,domestic league (tier 1)
2021/05/08,Super League,0,BSC Young Boys,2006,2011.0,2 - 0,FC Basel,1836,1831.0,2,0,Switzerland,domestic league (tier 1)
2021/05/15,Super League,0,BSC Young Boys,2017,2022.0,5 - 2,FC Luzern,1808,1803.0,5,2,Switzerland,domestic league (tier 1)
2022/07/16,Super League,0,BSC Young Boys,1927,1938.0,4 - 0,FC Zürich,1876,1865.0,4,0,Switzerland,domestic league (tier 1)
2022/07/31,Super League,0,BSC Young Boys,1951,1943.0,1 - 1,Grasshopper Club Zürich,1680,1688.0,1,1,Switzerland,domestic league (tier 1)
2022/08/14,Super League,0,BSC Young Boys,1952,1957.0,3 - 0,"Servette FC
(as Servette Genève)",1725,1720.0,3,0,Switzerland,domestic league (tier 1)
2022/09/11,Super League,0,BSC Young Boys,1950,1956.0,3 - 0,FC Lugano,1766,1760.0,3,0,Switzerland,domestic league (tier 1)
2022/10/08,Super League,0,BSC Young Boys,1966,1970.0,2 - 1,FC St. Gallen,1812,1808.0,2,1,Switzerland,domestic league (tier 1)
2022/10/22,Super League,0,BSC Young Boys,1979,1971.0,1 - 1,FC Sion,1718,1726.0,1,1,Switzerland,domestic league (tier 1)
2022/10/30,Super League,0,BSC Young Boys,1971,1977.0,3 - 1,FC Basel,1824,1818.0,3,1,Switzerland,domestic league (tier 1)
2022/11/13,Super League,0,BSC Young Boys,1980,1985.0,3 - 0,FC Luzern,1768,1763.0,3,0,Switzerland,domestic league (tier 1)
2023/01/29,Super League,0,BSC Young Boys,1990,1992.0,5 - 1,FC Winterthur,1614,1612.0,5,1,Switzerland,domestic league (tier 1)
2023/02/12,Super League,0,BSC Young Boys,1989,1995.0,5 - 1,FC St. Gallen,1815,1809.0,5,1,Switzerland,domestic league (tier 1)
2023/02/18,Super League,0,BSC Young Boys,1995,1988.0,1 - 1,FC Lugano,1771,1778.0,1,1,Switzerland,domestic league (tier 1)
2023/03/11,Super League,0,BSC Young Boys,1982,1985.0,4 - 0,FC Sion,1648,1645.0,4,0,Switzerland,domestic league (tier 1)
2023/03/19,Super League,0,BSC Young Boys,1985,1992.0,3 - 0,FC Basel,1842,1835.0,3,0,Switzerland,domestic league (tier 1)
2023/04/10,Super League,0,BSC Young Boys,1991,1994.0,2 - 0,Grasshopper Club Zürich,1699,1696.0,2,0,Switzerland,domestic league (tier 1)
2023/04/22,Super League,0,BSC Young Boys,1992,1997.0,6 - 1,Servette FC,1764,1759.0,6,1,Switzerland,domestic league (tier 1)
2023/04/30,Super League,0,BSC Young Boys,1970,1977.0,5 - 1,FC Luzern,1809,1802.0,5,1,Switzerland,domestic league (tier 1)
2023/05/14,Super League,0,BSC Young Boys,1987,1980.0,1 - 1,FC Zürich,1778,1785.0,1,1,Switzerland,domestic league (tier 1)
2023/05/29,Super League,0,BSC Young Boys,1968,1969.0,2 - 1,FC Winterthur,1603,1602.0,2,1,Switzerland,domestic league (tier 1)
2023/06/04,Switzerland Cup,0,BSC Young Boys,1969,1976.0,3 - 2,FC Lugano,1854,1847.0,3,2,Switzerland,domestic cup
2023/07/23,Super League,0,BSC Young Boys,1976,1977.0,2 - 1,FC Lausanne-Sport,1598,1597.0,2,1,Switzerland,domestic league (tier 1)
2023/08/05,Super League,0,BSC Young Boys,1970,1972.0,5 - 2,FC Winterthur,1598,1596.0,5,2,Switzerland,domestic league (tier 1)
2023/09/24,Super League,0,BSC Young Boys,1975,1982.0,4 - 1,FC Lugano,1824,1817.0,4,1,Switzerland,domestic league (tier 1)
2023/10/08,Super League,0,BSC Young Boys,1976,1980.0,3 - 0,FC Basel 1893,1723,1719.0,3,0,Switzerland,domestic league (tier 1)
2023/10/21,Super League,0,BSC Young Boys,1980,1974.0,0 - 0,FC Zürich,1846,1852.0,0,0,Switzerland,domestic league (tier 1)
2023/11/11,Super League,0,BSC Young Boys,1973,1978.0,6 - 1,FC Luzern,1745,1740.0,6,1,Switzerland,domestic league (tier 1)
2023/12/03,Super League,0,BSC Young Boys,1976,1970.0,1 - 1,Servette FC,1833,1839.0,1,1,Switzerland,domestic league (tier 1)
2023/12/06,Super League,0,BSC Young Boys,1970,1971.0,1 - 0,Stade Lausanne-Ouchy,1577,1576.0,1,0,Switzerland,domestic league (tier 1)
2023/12/09,Super League,0,BSC Young Boys,1971,1977.0,3 - 0,FC St. Gallen,1793,1787.0,3,0,Switzerland,domestic league (tier 1)
2024/01/20,Super League,0,BSC Young Boys,1977,1979.0,1 - 0,Grasshopper Club Zürich,1684,1682.0,1,0,Switzerland,domestic league (tier 1)
2024/01/30,Super League,0,BSC Young Boys,1965,1967.0,5 - 1,Yverdon Sport FC,1581,1579.0,5,1,Switzerland,domestic league (tier 1)
2024/02/18,Super League,0,BSC Young Boys,1951,1952.0,1 - 0,Stade Lausanne-Ouchy,1547,1546.0,1,0,Switzerland,domestic league (tier 1)
2024/02/25,Super League,0,BSC Young Boys,1960,1945.0,0 - 1,Servette FC,1849,1864.0,0,1,Switzerland,domestic league (tier 1)
2024/03/10,Super League,0,BSC Young Boys,1918,1924.0,5 - 1,FC Basel 1893,1742,1736.0,5,1,Switzerland,domestic league (tier 1)
2024/04/04,Super League,0,BSC Young Boys,1896,1900.0,3 - 0,Grasshopper Club Zürich,1651,1647.0,3,0,Switzerland,domestic league (tier 1)
2024/04/14,Super League,0,BSC Young Boys,1898,1903.0,4 - 2,FC Luzern,1720,1715.0,4,2,Switzerland,domestic league (tier 1)
2024/05/11,Super League,0,BSC Young Boys,1923,1908.0,0 - 1,FC Lugano,1836,1851.0,0,1,Switzerland,domestic league (tier 1)
2024/05/16,Super League,0,BSC Young Boys,1908,1914.0,3 - 1,FC St. Gallen,1763,1757.0,3,1,Switzerland,domestic league (tier 1)
2024/05/25,Super League,0,BSC Young Boys,1925,1929.0,3 - 0,FC Winterthur,1680,1676.0,3,0,Switzerland,domestic league (tier 1)
2024/07/21,Super League,0,BSC Young Boys,1929,1911.0,1 - 2,FC Sion,1679,1697.0,1,2,Switzerland,domestic league (tier 1)
2024/08/04,Super League,0,BSC Young Boys,1877,1872.0,2 - 2,FC Zürich,1807,1812.0,2,2,Switzerland,domestic league (tier 1)
2024/08/31,Super League,0,BSC Young Boys,1901,1893.0,1 - 1,FC Lausanne-Sport,1642,1650.0,1,1,Switzerland,domestic league (tier 1)
2024/09/28,Super League,0,BSC Young Boys,1883,1866.0,0 - 1,Grasshopper Club Zürich,1648,1665.0,0,1,Switzerland,domestic league (tier 1)
2024/10/19,Super League,0,BSC Young Boys,1852,1856.0,2 - 1,FC Luzern,1730,1726.0,2,1,Switzerland,domestic league (tier 1)
2024/10/30,Super League,0,BSC Young Boys,1840,1846.0,3 - 2,FC Basel 1893,1798,1792.0,3,2,Switzerland,domestic league (tier 1)
2024/11/10,Super League,0,BSC Young Boys,1840,1847.0,2 - 1,FC Lugano,1815,1808.0,2,1,Switzerland,domestic league (tier 1)
2024/12/01,Super League,0,BSC Young Boys,1835,1843.0,3 - 1,FC St. Gallen,1746,1738.0,3,1,Switzerland,domestic league (tier 1)
2024/12/15,Super League,0,BSC Young Boys,1822,1829.0,2 - 1,Servette FC,1821,1814.0,2,1,Switzerland,domestic league (tier 1)
2025/01/18,Super League,0,BSC Young Boys,1829,1821.0,0 - 0,FC Winterthur,1585,1593.0,0,0,Switzerland,domestic league (tier 1)
2025/02/05,Super League,0,BSC Young Boys,1814,1820.0,6 - 1,Yverdon Sport FC,1608,1602.0,6,1,Switzerland,domestic league (tier 1)
2025/02/08,Super League,0,BSC Young Boys,1820,1828.0,5 - 1,FC Sion,1696,1688.0,5,1,Switzerland,domestic league (tier 1)
2025/02/23,Super League,0,BSC Young Boys,1814,1822.0,1 - 0,FC Lugano,1827,1819.0,1,0,Switzerland,domestic league (tier 1)
2025/03/08,Super League,0,BSC Young Boys,1820,1829.0,3 - 0,FC Lausanne-Sport,1736,1727.0,3,0,Switzerland,domestic league (tier 1)
2025/03/29,Super League,0,BSC Young Boys,1842,1846.0,1 - 0,FC St. Gallen,1714,1710.0,1,0,Switzerland,domestic league (tier 1)
2025/04/05,Super League,0,BSC Young Boys,1859,1851.0,1 - 1,Yverdon Sport FC,1617,1625.0,1,1,Switzerland,domestic league (tier 1)
2025/04/21,Super League,0,BSC Young Boys,1830,1835.0,2 - 1,FC Zürich,1725,1720.0,2,1,Switzerland,domestic league (tier 1)
2025/05/15,Super League,0,BSC Young Boys,1811,1816.0,2 - 1,FC Luzern,1728,1723.0,2,1,Switzerland,domestic league (tier 1)
2025/05/18,Super League,0,BSC Young Boys,1816,1834.0,6 - 2,FC Basel 1893,1898,1880.0,6,2,Switzerland,domestic league (tier 1)
2025/07/26,Super League,0,BSC Young Boys,1834,1845.0,3 - 1,Servette FC,1846,1835.0,3,1,Switzerland,domestic league (tier 1)
2025/08/10,Super League,0,BSC Young Boys,1831,1825.0,0 - 0,FC Sion,1695,1701.0,0,0,Switzerland,domestic league (tier 1)
2025/08/31,Super League,0,BSC Young Boys,1842,1848.0,3 - 1,FC Lugano,1698,1692.0,3,1,Switzerland,domestic league (tier 1)
2025/09/28,Super League,0,BSC Young Boys,1817,1822.0,4 - 2,FC Thun Berner Oberland,1653,1648.0,4,2,Switzerland,domestic league (tier 1)
2025/10/19,Super League,0,BSC Young Boys,1823,1808.0,1 - 2,FC St. Gallen,1722,1737.0,1,2,Switzerland,domestic league (tier 1)
2025/11/02,Super League,0,BSC Young Boys,1825,1824.0,0 - 0,FC Basel 1893,1877,1878.0,0,0,Switzerland,domestic league (tier 1)
2025/11/22,Super League,0,BSC Young Boys,1832,1837.0,5 - 0,FC Winterthur,1596,1591.0,5,0,Switzerland,domestic league (tier 1)
2025/12/14,Super League,0,BSC Young Boys,1836,1841.0,2 - 0,FC Luzern,1673,1668.0,2,0,Switzerland,domestic league (tier 1)
2025/12/17,Super League,0,BSC Young Boys,1841,1809.0,2 - 6,Grasshopper Club Zürich,1636,1668.0,2,6,Switzerland,domestic league (tier 1)
2026/01/17,Super League,0,BSC Young Boys,1793,1772.0,1 - 3,FC Lausanne-Sport,1733,1754.0,1,3,Switzerland,domestic league (tier 1)
2026/02/01,Super League,0,BSC Young Boys,1750,1759.0,3 - 0,FC Zürich,1671,1662.0,3,0,Switzerland,domestic league (tier 1)
2026/02/14,Super League,0,BSC Young Boys,1752,1759.0,6 - 1,FC Winterthur,1579,1572.0,6,1,Switzerland,domestic league (tier 1)
2026/03/01,Super League,0,BSC Young Boys,1747,1756.0,3 - 0,FC Zürich,1659,1650.0,3,0,Switzerland,domestic league (tier 1)
2026/03/08,Super League,0,BSC Young Boys,1767,1756.0,1 - 2,FC Thun Berner Oberland,1816,1827.0,1,2,Switzerland,domestic league (tier 1)
2026/03/22,Super League,0,BSC Young Boys,1774,1771.0,1 - 1,FC Lugano,1766,1769.0,1,1,Switzerland,domestic league (tier 1)
2026/04/12,Super League,0,BSC Young Boys,1774,1770.0,1 - 1,Servette FC,1738,1742.0,1,1,Switzerland,domestic league (tier 1)
2026/04/26,Super League,0,BSC Young Boys,1770,1758.0,1 - 2,FC St. Gallen,1811,1823.0,1,2,Switzerland,domestic league (tier 1)
2026/05/10,Super League,0,BSC Young Boys,1752,1766.0,3 - 0,FC Basel 1893,1776,1762.0,3,0,Switzerland,domestic league (tier 1)
2026/05/17,Super League,0,BSC Young Boys,1793,1791.0,3 - 3,FC Sion,1817,1819.0,3,3,Switzerland,domestic league (tier 1)
2026/07/26,Super League,0,BSC Young Boys,1791,1803.0,4 - 2,FC Sion,1814,1802.0,4,2,Switzerland,domestic league (tier 1)
2026/08/23,Super League,0,BSC Young Boys,1827,1831.0,4 - 2,FC Vaduz,1599,1595.0,4,2,Switzerland,domestic league (tier 1)
2026/08/29,Super League,0,BSC Young Boys,1831,1826.0,3 - 3,FC Basel 1893,1753,1758.0,3,3,Switzerland,domestic league (tier 1)
2026/09/05,Super League,0,BSC Young Boys,1836,,Info,FC Luzern,1737,,,,Switzerland,domestic league (tier 1)
2022/08/20,Switzerland Cup,0,CS Chênois,1285,1281.0,1 - 3,FC Sion,1711,1715.0,1,3,Switzerland,domestic cup
2022/09/17,Switzerland Cup,0,Etoile Carouge FC,1363,1359.0,2 - 4,FC St. Gallen,1814,1818.0,2,4,Switzerland,domestic cup
2023/08/18,Switzerland Cup,0,Etoile Carouge FC,1359,1350.0,1 - 3,FC Sion,1609,1618.0,1,3,Switzerland,domestic cup
2024/07/26,Challenge League,0,Etoile Carouge FC,1365,1380.0,3 - 1,Neuchâtel Xamax FCS,1475,1460.0,3,1,Switzerland,domestic league (tier 2)
2024/08/09,Challenge League,0,Etoile Carouge FC,1384,1374.0,0 - 2,FC Thun Berner Oberland,1599,1609.0,0,2,Switzerland,domestic league (tier 2)
2024/08/30,Challenge League,0,Etoile Carouge FC,1368,1380.0,3 - 1,FC Wil 1900,1408,1396.0,3,1,Switzerland,domestic league (tier 2)
2024/09/24,Challenge League,0,Etoile Carouge FC,1399,1408.0,1 - 0,FC Vaduz,1451,1442.0,1,0,Switzerland,domestic league (tier 2)
2024/10/04,Challenge League,0,Etoile Carouge FC,1399,1408.0,3 - 1,FC Stade Nyonnais,1349,1340.0,3,1,Switzerland,domestic league (tier 2)
2024/10/25,Challenge League,0,Etoile Carouge FC,1434,1433.0,1 - 1,Stade Lausanne-Ouchy,1513,1514.0,1,1,Switzerland,domestic league (tier 2)
2024/11/01,Challenge League,0,Etoile Carouge FC,1433,1441.0,2 - 1,FC Aarau,1464,1456.0,2,1,Switzerland,domestic league (tier 2)
2024/11/22,Challenge League,0,Etoile Carouge FC,1437,1434.0,2 - 2,AC Bellinzona,1416,1419.0,2,2,Switzerland,domestic league (tier 2)
2024/12/08,Challenge League,0,Etoile Carouge FC,1441,1448.0,1 - 0,FC Schaffhausen,1416,1409.0,1,0,Switzerland,domestic league (tier 2)
2025/01/24,Challenge League,0,Etoile Carouge FC,1442,1439.0,1 - 1,FC Wil 1900,1448,1451.0,1,1,Switzerland,domestic league (tier 2)
2025/02/07,Challenge League,0,Etoile Carouge FC,1433,1439.0,2 - 1,Neuchâtel Xamax FCS,1402,1396.0,2,1,Switzerland,domestic league (tier 2)
2025/02/26,Switzerland Cup,0,Etoile Carouge FC,1442,1437.0,1 - 3,FC Basel 1893,1813,1818.0,1,3,Switzerland,domestic cup
2025/03/02,Challenge League,0,Etoile Carouge FC,1437,1445.0,3 - 2,FC Vaduz,1476,1468.0,3,2,Switzerland,domestic league (tier 2)
2025/03/14,Challenge League,0,Etoile Carouge FC,1464,1465.0,0 - 0,FC Thun Berner Oberland,1585,1584.0,0,0,Switzerland,domestic league (tier 2)
2025/03/31,Challenge League,0,Etoile Carouge FC,1470,1474.0,2 - 1,FC Stade Nyonnais,1354,1350.0,2,1,Switzerland,domestic league (tier 2)
2025/04/05,Challenge League,0,Etoile Carouge FC,1474,1485.0,7 - 0,AC Bellinzona,1388,1377.0,7,0,Switzerland,domestic league (tier 2)
2025/04/18,Challenge League,0,Etoile Carouge FC,1487,1463.0,0 - 2,FC Schaffhausen,1332,1356.0,0,2,Switzerland,domestic league (tier 2)
2025/05/02,Challenge League,0,Etoile Carouge FC,1456,1444.0,1 - 2,Stade Lausanne-Ouchy,1494,1506.0,1,2,Switzerland,domestic league (tier 2)
2025/05/16,Challenge League,0,Etoile Carouge FC,1456,1439.0,1 - 3,FC Aarau,1512,1529.0,1,3,Switzerland,domestic league (tier 2)
2025/08/03,Challenge League,0,Etoile Carouge FC,1427,1426.0,1 - 1,FC Vaduz,1482,1483.0,1,1,Switzerland,domestic league (tier 2)
2025/08/26,Challenge League,0,Etoile Carouge FC,1413,1409.0,1 - 1,FC Stade Nyonnais,1348,1352.0,1,1,Switzerland,domestic league (tier 2)
2025/09/12,Challenge League,0,Etoile Carouge FC,1402,1415.0,2 - 1,Yverdon Sport FC,1626,1613.0,2,1,Switzerland,domestic league (tier 2)
2025/09/19,Switzerland Cup,0,Etoile Carouge FC,1415,1423.0,2 - 2,FC Basel 1893,1887,1879.0,2,2,Switzerland,domestic cup
2025/09/26,Challenge League,0,Etoile Carouge FC,1423,1412.0,1 - 3,FC Aarau,1606,1617.0,1,3,Switzerland,domestic league (tier 2)
2025/10/17,Challenge League,0,Etoile Carouge FC,1434,1415.0,0 - 2,Neuchâtel Xamax FCS,1429,1448.0,0,2,Switzerland,domestic league (tier 2)
2025/10/31,Challenge League,0,Etoile Carouge FC,1408,1417.0,2 - 0,AC Bellinzona,1359,1350.0,2,0,Switzerland,domestic league (tier 2)
2025/11/21,Challenge League,0,Etoile Carouge FC,1419,1398.0,0 - 2,FC Rapperswil-Jona,1371,1392.0,0,2,Switzerland,domestic league (tier 2)
2025/12/05,Challenge League,0,Etoile Carouge FC,1394,1392.0,0 - 0,FC Wil 1900,1413,1415.0,0,0,Switzerland,domestic league (tier 2)
2025/12/19,Challenge League,0,Etoile Carouge FC,1389,1381.0,1 - 2,Stade Lausanne-Ouchy,1544,1552.0,1,2,Switzerland,domestic league (tier 2)
2026/01/30,Challenge League,0,Etoile Carouge FC,1383,1391.0,2 - 1,FC Rapperswil-Jona,1421,1413.0,2,1,Switzerland,domestic league (tier 2)
2026/02/13,Challenge League,0,Etoile Carouge FC,1398,1380.0,1 - 3,Neuchâtel Xamax FCS,1420,1438.0,1,3,Switzerland,domestic league (tier 2)
2026/02/20,Challenge League,0,Etoile Carouge FC,1380,1384.0,2 - 2,Yverdon Sport FC,1630,1626.0,2,2,Switzerland,domestic league (tier 2)
2026/03/06,Challenge League,0,Etoile Carouge FC,1400,1387.0,0 - 3,FC Aarau,1583,1596.0,0,3,Switzerland,domestic league (tier 2)
2026/04/03,Challenge League,0,Etoile Carouge FC,1428,1424.0,0 - 0,FC Stade Nyonnais,1376,1380.0,0,0,Switzerland,domestic league (tier 2)
2026/04/10,Challenge League,0,Etoile Carouge FC,1449,1447.0,1 - 1,Stade Lausanne-Ouchy,1496,1498.0,1,1,Switzerland,domestic league (tier 2)
2026/04/17,Challenge League,0,Etoile Carouge FC,1447,1457.0,2 - 0,FC Wil 1900,1434,1424.0,2,0,Switzerland,domestic league (tier 2)
2026/05/08,Challenge League,0,Etoile Carouge FC,1474,1465.0,1 - 2,FC Vaduz,1606,1615.0,1,2,Switzerland,domestic league (tier 2)
2026/05/15,Challenge League,0,Etoile Carouge FC,1451,1445.0,2 - 2,AC Bellinzona,1310,1316.0,2,2,Switzerland,domestic league (tier 2)
2026/07/24,Challenge League,0,Etoile Carouge FC,1445,1466.0,3 - 0,FC Aarau,1612,1591.0,3,0,Switzerland,domestic league (tier 2)
2026/08/07,Challenge League,0,Etoile Carouge FC,1472,1459.0,0 - 1,Neuchâtel Xamax FCS,1459,1472.0,0,1,Switzerland,domestic league (tier 2)
2026/08/28,Challenge League,0,Etoile Carouge FC,1457,1463.0,2 - 1,FC Rapperswil-Jona,1420,1414.0,2,1,Switzerland,domestic league (tier 2)
2026/09/04,Challenge League,0,Etoile Carouge FC,1454,,Info,FC Wil 1900,1404,,,,Switzerland,domestic league (tier 2)
2016/07/24,Challenge League,0,FC Aarau,1585,1579.0,1 - 1,FC Chiasso,1426,1432.0,1,1,Switzerland,domestic league (tier 2)
2016/08/08,Challenge League,0,FC Aarau,1588,1597.0,2 - 0,Servette FC (as Servette Genève),1541,1532.0,2,0,Switzerland,domestic league (tier 2)
2016/08/20,Challenge League,0,FC Aarau,1597,1602.0,3 - 2,FC Schaffhausen,1518,1513.0,3,2,Switzerland,domestic league (tier 2)
2016/09/10,Challenge League,0,FC Aarau,1590,1593.0,2 - 1,FC Le Mont,1365,1362.0,2,1,Switzerland,domestic league (tier 2)
2016/09/25,Challenge League,0,FC Aarau,1605,1607.0,1 - 1,FC Zürich,1776,1774.0,1,1,Switzerland,domestic league (tier 2)
2016/10/16,Challenge League,0,FC Aarau,1597,1583.0,0 - 1,FC Wil 1900,1543,1557.0,0,1,Switzerland,domestic league (tier 2)
2016/10/30,Challenge League,0,FC Aarau,1582,1577.0,1 - 1,FC Winterthur,1484,1489.0,1,1,Switzerland,domestic league (tier 2)
2016/11/26,Challenge League,0,FC Aarau,1581,1569.0,2 - 3,Neuchâtel Xamax FCS,1611,1623.0,2,3,Switzerland,domestic league (tier 2)
2016/12/04,Challenge League,0,FC Aarau,1569,1573.0,1 - 0,FC Wohlen,1440,1436.0,1,0,Switzerland,domestic league (tier 2)
2017/02/05,Challenge League,0,FC Aarau,1571,1565.0,2 - 2,FC Schaffhausen,1406,1412.0,2,2,Switzerland,domestic league (tier 2)
2017/02/18,Challenge League,0,FC Aarau,1574,1579.0,4 - 2,FC Le Mont,1401,1396.0,4,2,Switzerland,domestic league (tier 2)
2017/03/19,Challenge League,0,FC Aarau,1568,1556.0,0 - 1,Servette FC (as Servette Genève),1595,1607.0,0,1,Switzerland,domestic league (tier 2)
2017/04/09,Challenge League,0,FC Aarau,1548,1532.0,2 - 3,FC Winterthur,1426,1442.0,2,3,Switzerland,domestic league (tier 2)
2017/04/22,Challenge League,0,FC Aarau,1530,1503.0,0 - 3,FC Wohlen,1415,1442.0,0,3,Switzerland,domestic league (tier 2)
2017/05/04,Challenge League,0,FC Aarau,1495,1518.0,3 - 1,FC Zürich,1810,1787.0,3,1,Switzerland,domestic league (tier 2)
2017/05/13,Challenge League,0,FC Aarau,1504,1513.0,4 - 0,FC Wil 1900,1400,1391.0,4,0,Switzerland,domestic league (tier 2)
2017/05/21,Challenge League,0,FC Aarau,1501,1486.0,2 - 3,FC Chiasso,1430,1445.0,2,3,Switzerland,domestic league (tier 2)
2017/06/03,Challenge League,0,FC Aarau,1481,1500.0,2 - 0,Neuchâtel Xamax FCS,1667,1648.0,2,0,Switzerland,domestic league (tier 2)
2017/07/29,Challenge League,0,FC Aarau,1496,1491.0,2 - 2,FC Wil 1900,1406,1411.0,2,2,Switzerland,domestic league (tier 2)
2017/08/10,Challenge League,0,FC Aarau,1492,1482.0,1 - 2,FC Schaffhausen,1579,1589.0,1,2,Switzerland,domestic league (tier 2)
2017/08/20,Challenge League,0,FC Aarau,1482,1468.0,0 - 2,FC Vaduz,1604,1618.0,0,2,Switzerland,domestic league (tier 2)
2017/09/08,Challenge League,0,FC Aarau,1461,1470.0,2 - 0,FC Wohlen,1410,1401.0,2,0,Switzerland,domestic league (tier 2)
2017/09/23,Challenge League,0,FC Aarau,1462,1457.0,0 - 0,FC Rapperswil-Jona,1371,1376.0,0,0,Switzerland,domestic league (tier 2)
2017/09/29,Challenge League,0,FC Aarau,1457,1477.0,2 - 0,Neuchâtel Xamax FCS,1682,1662.0,2,0,Switzerland,domestic league (tier 2)
2017/10/23,Challenge League,0,FC Aarau,1492,1487.0,3 - 3,FC Winterthur,1389,1394.0,3,3,Switzerland,domestic league (tier 2)
2017/11/17,Challenge League,0,FC Aarau,1469,1471.0,0 - 0,Servette FC (as Servette Genève),1633,1631.0,0,0,Switzerland,domestic league (tier 2)
2017/12/02,Challenge League,0,FC Aarau,1471,1484.0,3 - 0,FC Chiasso,1471,1458.0,3,0,Switzerland,domestic league (tier 2)
2018/02/05,Challenge League,0,FC Aarau,1484,1494.0,2 - 1,FC Schaffhausen,1571,1561.0,2,1,Switzerland,domestic league (tier 2)
2018/02/18,Challenge League,0,FC Aarau,1490,1500.0,4 - 1,FC Chiasso,1440,1430.0,4,1,Switzerland,domestic league (tier 2)
2018/03/04,Challenge League,0,FC Aarau,1492,1498.0,4 - 2,FC Wohlen,1354,1348.0,4,2,Switzerland,domestic league (tier 2)
2018/03/12,Challenge League,0,FC Aarau,1485,1472.0,0 - 1,FC Rapperswil-Jona,1469,1482.0,0,1,Switzerland,domestic league (tier 2)
2018/04/02,Challenge League,0,FC Aarau,1463,1469.0,2 - 1,FC Winterthur,1418,1412.0,2,1,Switzerland,domestic league (tier 2)
2018/04/18,Challenge League,0,FC Aarau,1453,1458.0,2 - 2,Neuchâtel Xamax FCS,1736,1731.0,2,2,Switzerland,domestic league (tier 2)
2018/04/28,Challenge League,0,FC Aarau,1475,1465.0,1 - 2,Servette FC (as Servette Genève),1576,1586.0,1,2,Switzerland,domestic league (tier 2)
2018/05/13,Challenge League,0,FC Aarau,1491,1487.0,2 - 2,FC Wil 1900,1459,1463.0,2,2,Switzerland,domestic league (tier 2)
2018/05/21,Challenge League,0,FC Aarau,1473,1492.0,4 - 1,FC Vaduz,1612,1593.0,4,1,Switzerland,domestic league (tier 2)
2018/07/21,Challenge League,0,FC Aarau,1492,1476.0,0 - 2,Servette FC (as Servette Genève),1575,1591.0,0,2,Switzerland,domestic league (tier 2)
2018/08/04,Challenge League,0,FC Aarau,1462,1437.0,0 - 2,SC Kriens,1296,1321.0,0,2,Switzerland,domestic league (tier 2)
2018/08/25,Challenge League,0,FC Aarau,1427,1413.0,1 - 2,FC Chiasso,1384,1398.0,1,2,Switzerland,domestic league (tier 2)
2018/09/25,Challenge League,0,FC Aarau,1411,1428.0,3 - 1,FC Schaffhausen,1549,1532.0,3,1,Switzerland,domestic league (tier 2)
2018/10/07,Challenge League,0,FC Aarau,1424,1412.0,2 - 3,FC Winterthur,1462,1474.0,2,3,Switzerland,domestic league (tier 2)
2018/10/26,Challenge League,0,FC Aarau,1407,1422.0,2 - 0,FC Wil 1900,1503,1488.0,2,0,Switzerland,domestic league (tier 2)
2018/11/11,Challenge League,0,FC Aarau,1434,1448.0,3 - 0,FC Rapperswil-Jona,1466,1452.0,3,0,Switzerland,domestic league (tier 2)
2018/12/02,Challenge League,0,FC Aarau,1470,1472.0,2 - 2,FC Lausanne-Sport,1626,1624.0,2,2,Switzerland,domestic league (tier 2)
2018/12/07,Challenge League,0,FC Aarau,1472,1485.0,3 - 1,FC Vaduz,1526,1513.0,3,1,Switzerland,domestic league (tier 2)
2019/02/01,Challenge League,0,FC Aarau,1495,1506.0,3 - 1,FC Wil 1900,1495,1484.0,3,1,Switzerland,domestic league (tier 2)
2019/02/17,Challenge League,0,FC Aarau,1516,1520.0,1 - 0,FC Chiasso,1401,1397.0,1,0,Switzerland,domestic league (tier 2)
2019/03/01,Challenge League,0,FC Aarau,1508,1509.0,3 - 3,Servette FC (as Servette Genève),1637,1636.0,3,3,Switzerland,domestic league (tier 2)
2019/03/30,Challenge League,0,FC Aarau,1527,1532.0,3 - 2,FC Schaffhausen,1451,1446.0,3,2,Switzerland,domestic league (tier 2)
2019/04/06,Challenge League,0,FC Aarau,1532,1543.0,3 - 0,FC Vaduz,1501,1490.0,3,0,Switzerland,domestic league (tier 2)
2019/04/12,Challenge League,0,FC Aarau,1543,1539.0,2 - 2,FC Winterthur,1489,1493.0,2,2,Switzerland,domestic league (tier 2)
2019/05/04,Challenge League,0,FC Aarau,1574,1590.0,3 - 0,FC Lausanne-Sport,1648,1632.0,3,0,Switzerland,domestic league (tier 2)
2019/05/15,Challenge League,0,FC Aarau,1598,1591.0,1 - 1,SC Kriens,1382,1389.0,1,1,Switzerland,domestic league (tier 2)
2019/05/26,Challenge League,0,FC Aarau,1598,1601.0,1 - 0,FC Rapperswil-Jona,1412,1409.0,1,0,Switzerland,domestic league (tier 2)
2019/07/27,Challenge League,0,FC Aarau,1608,1613.0,4 - 1,SC Kriens,1386,1381.0,4,1,Switzerland,domestic league (tier 2)
2019/08/02,Challenge League,0,FC Aarau,1613,1600.0,1 - 2,Grasshopper Club Zürich,1620,1633.0,1,2,Switzerland,domestic league (tier 2)
2019/08/31,Challenge League,0,FC Aarau,1564,1568.0,1 - 0,FC Wil 1900,1433,1429.0,1,0,Switzerland,domestic league (tier 2)
2019/09/21,Challenge League,0,FC Aarau,1561,1567.0,3 - 1,FC Schaffhausen,1436,1430.0,3,1,Switzerland,domestic league (tier 2)
2019/09/24,Challenge League,0,FC Aarau,1567,1561.0,1 - 1,Stade Lausanne-Ouchy,1428,1434.0,1,1,Switzerland,domestic league (tier 2)
2019/10/18,Challenge League,0,FC Aarau,1551,1537.0,1 - 3,FC Lausanne-Sport,1666,1680.0,1,3,Switzerland,domestic league (tier 2)
2019/11/10,Challenge League,0,FC Aarau,1536,1532.0,2 - 2,FC Vaduz,1493,1497.0,2,2,Switzerland,domestic league (tier 2)
2019/11/29,Challenge League,0,FC Aarau,1537,1534.0,2 - 2,FC Winterthur,1529,1532.0,2,2,Switzerland,domestic league (tier 2)
2019/12/15,Challenge League,0,FC Aarau,1533,1526.0,3 - 3,FC Chiasso,1351,1358.0,3,3,Switzerland,domestic league (tier 2)
2020/02/02,Challenge League,0,FC Aarau,1540,1524.0,1 - 2,FC Schaffhausen,1395,1411.0,1,2,Switzerland,domestic league (tier 2)
2020/02/09,Challenge League,0,FC Aarau,1524,1512.0,1 - 2,FC Vaduz,1550,1562.0,1,2,Switzerland,domestic league (tier 2)
2020/02/23,Challenge League,0,FC Aarau,1509,1505.0,4 - 4,SC Kriens,1458,1462.0,4,4,Switzerland,domestic league (tier 2)
2020/06/23,Challenge League,0,FC Aarau,1494,1503.0,4 - 1,FC Wil 1900,1416,1407.0,4,1,Switzerland,domestic league (tier 2)
2020/07/03,Challenge League,0,FC Aarau,1501,1513.0,5 - 4,FC Lausanne-Sport,1666,1654.0,5,4,Switzerland,domestic league (tier 2)
2020/07/11,Challenge League,0,FC Aarau,1498,1484.0,2 - 3,FC Winterthur,1461,1475.0,2,3,Switzerland,domestic league (tier 2)
2020/07/18,Challenge League,0,FC Aarau,1489,1467.0,1 - 3,Stade Lausanne-Ouchy,1408,1430.0,1,3,Switzerland,domestic league (tier 2)
2020/07/21,Challenge League,0,FC Aarau,1467,1461.0,2 - 2,FC Chiasso,1309,1315.0,2,2,Switzerland,domestic league (tier 2)
2020/07/30,Challenge League,0,FC Aarau,1450,1452.0,2 - 2,Grasshopper Club Zürich,1608,1606.0,2,2,Switzerland,domestic league (tier 2)
2020/09/19,Challenge League,0,FC Aarau,1465,1446.0,1 - 3,FC Wil 1900,1462,1481.0,1,3,Switzerland,domestic league (tier 2)
2020/10/03,Challenge League,0,FC Aarau,1437,1442.0,2 - 1,FC Chiasso,1328,1323.0,2,1,Switzerland,domestic league (tier 2)
2020/10/24,Challenge League,0,FC Aarau,1456,1473.0,3 - 1,Neuchâtel Xamax FCS,1594,1577.0,3,1,Switzerland,domestic league (tier 2)
2020/11/03,Challenge League,0,FC Aarau,1470,1468.0,2 - 2,SC Kriens,1486,1488.0,2,2,Switzerland,domestic league (tier 2)
2020/11/23,Challenge League,0,FC Aarau,1468,1459.0,0 - 1,Grasshopper Club Zürich,1591,1600.0,0,1,Switzerland,domestic league (tier 2)
2020/11/27,Challenge League,0,FC Aarau,1459,1475.0,3 - 1,FC Winterthur,1573,1557.0,3,1,Switzerland,domestic league (tier 2)
2020/12/11,Challenge League,0,FC Aarau,1508,1504.0,3 - 3,Stade Lausanne-Ouchy,1470,1474.0,3,3,Switzerland,domestic league (tier 2)
2020/12/19,Challenge League,0,FC Aarau,1521,1538.0,3 - 1,FC Thun,1668,1651.0,3,1,Switzerland,domestic league (tier 2)
2021/02/02,Challenge League,0,FC Aarau,1522,1508.0,1 - 2,FC Schaffhausen,1469,1483.0,1,2,Switzerland,domestic league (tier 2)
2021/02/23,Challenge League,0,FC Aarau,1524,1535.0,4 - 0,Neuchâtel Xamax FCS,1476,1465.0,4,0,Switzerland,domestic league (tier 2)
2021/02/26,Challenge League,0,FC Aarau,1535,1532.0,0 - 0,FC Winterthur,1544,1547.0,0,0,Switzerland,domestic league (tier 2)
2021/03/02,Challenge League,0,FC Aarau,1532,1546.0,4 - 2,FC Thun,1615,1601.0,4,2,Switzerland,domestic league (tier 2)
2021/03/13,Challenge League,0,FC Aarau,1526,1536.0,3 - 0,FC Wil 1900,1471,1461.0,3,0,Switzerland,domestic league (tier 2)
2021/04/03,Challenge League,0,FC Aarau,1527,1533.0,1 - 0,FC Schaffhausen,1480,1474.0,1,0,Switzerland,domestic league (tier 2)
2021/04/16,Challenge League,0,FC Aarau,1558,1563.0,3 - 1,FC Chiasso,1360,1355.0,3,1,Switzerland,domestic league (tier 2)
2021/04/30,Challenge League,0,FC Aarau,1540,1550.0,2 - 1,Grasshopper Club Zürich,1624,1614.0,2,1,Switzerland,domestic league (tier 2)
2021/05/11,Challenge League,0,FC Aarau,1535,1545.0,4 - 0,SC Kriens,1463,1453.0,4,0,Switzerland,domestic league (tier 2)
2021/05/20,Challenge League,0,FC Aarau,1567,1543.0,0 - 3,Stade Lausanne-Ouchy,1520,1544.0,0,3,Switzerland,domestic league (tier 2)
2022/07/15,Challenge League,0,FC Aarau,1581,1578.0,1 - 1,FC Vaduz,1573,1576.0,1,1,Switzerland,domestic league (tier 2)
2022/07/29,Challenge League,0,FC Aarau,1588,1576.0,1 - 2,FC Lausanne-Sport,1613,1625.0,1,2,Switzerland,domestic league (tier 2)
2022/08/27,Challenge League,0,FC Aarau,1595,1590.0,3 - 3,Stade Lausanne-Ouchy,1484,1489.0,3,3,Switzerland,domestic league (tier 2)
2022/09/03,Challenge League,0,FC Aarau,1590,1594.0,2 - 1,FC Wil 1900,1473,1469.0,2,1,Switzerland,domestic league (tier 2)
2022/09/18,Switzerland Cup,0,FC Aarau,1613,1603.0,1 - 3,FC Basel,1845,1855.0,1,3,Switzerland,domestic cup
2022/10/07,Challenge League,0,FC Aarau,1601,1594.0,2 - 2,FC Thun Berner Oberland,1377,1384.0,2,2,Switzerland,domestic league (tier 2)
2022/10/19,Challenge League,0,FC Aarau,1577,1562.0,0 - 1,AC Bellinzona,1507,1522.0,0,1,Switzerland,domestic league (tier 2)
2022/10/23,Challenge League,0,FC Aarau,1562,1556.0,3 - 3,Neuchâtel Xamax FCS,1413,1419.0,3,3,Switzerland,domestic league (tier 2)
2022/11/04,Challenge League,0,FC Aarau,1548,1554.0,3 - 2,Yverdon Sport FC,1494,1488.0,3,2,Switzerland,domestic league (tier 2)
2022/11/19,Challenge League,0,FC Aarau,1537,1544.0,1 - 0,FC Schaffhausen,1520,1513.0,1,0,Switzerland,domestic league (tier 2)
2023/01/28,Challenge League,0,FC Aarau,1548,1552.0,1 - 0,FC Thun Berner Oberland,1383,1379.0,1,0,Switzerland,domestic league (tier 2)
2023/02/10,Challenge League,0,FC Aarau,1541,1528.0,1 - 2,Yverdon Sport FC,1524,1537.0,1,2,Switzerland,domestic league (tier 2)
2023/02/26,Challenge League,0,FC Aarau,1531,1539.0,2 - 0,AC Bellinzona,1448,1440.0,2,0,Switzerland,domestic league (tier 2)
2023/03/11,Challenge League,0,FC Aarau,1538,1524.0,2 - 3,Stade Lausanne-Ouchy,1500,1514.0,2,3,Switzerland,domestic league (tier 2)
2023/04/02,Challenge League,0,FC Aarau,1547,1526.0,0 - 2,FC Vaduz,1500,1521.0,0,2,Switzerland,domestic league (tier 2)
2023/04/22,Challenge League,0,FC Aarau,1550,1557.0,5 - 2,Neuchâtel Xamax FCS,1395,1388.0,5,2,Switzerland,domestic league (tier 2)
2023/05/05,Challenge League,0,FC Aarau,1566,1562.0,0 - 0,FC Wil 1900,1504,1508.0,0,0,Switzerland,domestic league (tier 2)
2023/05/19,Challenge League,0,FC Aarau,1574,1582.0,2 - 0,FC Schaffhausen,1509,1501.0,2,0,Switzerland,domestic league (tier 2)
2023/05/27,Challenge League,0,FC Aarau,1584,1582.0,2 - 2,FC Lausanne-Sport,1596,1598.0,2,2,Switzerland,domestic league (tier 2)
2023/07/21,Challenge League,0,FC Aarau,1582,1583.0,1 - 0,FC Baden,1195,1194.0,1,0,Switzerland,domestic league (tier 2)
2023/08/06,Challenge League,0,FC Aarau,1576,1559.0,2 - 3,Neuchâtel Xamax FCS,1400,1417.0,2,3,Switzerland,domestic league (tier 2)
2023/09/01,Challenge League,0,FC Aarau,1571,1547.0,0 - 2,FC Stade Nyonnais,1416,1440.0,0,2,Switzerland,domestic league (tier 2)
2023/09/17,Switzerland Cup,0,FC Aarau,1547,1536.0,1 - 2,FC Winterthur,1629,1640.0,1,2,Switzerland,domestic cup
2023/09/25,Challenge League,0,FC Aarau,1523,1530.0,3 - 2,FC Vaduz,1525,1518.0,3,2,Switzerland,domestic league (tier 2)
2023/10/08,Challenge League,0,FC Aarau,1548,1531.0,1 - 2,AC Bellinzona,1374,1391.0,1,2,Switzerland,domestic league (tier 2)
2023/10/27,Challenge League,0,FC Aarau,1533,1528.0,1 - 1,FC Schaffhausen,1439,1444.0,1,1,Switzerland,domestic league (tier 2)
2023/11/03,Challenge League,0,FC Aarau,1528,1541.0,5 - 2,FC Thun Berner Oberland,1538,1525.0,5,2,Switzerland,domestic league (tier 2)
2023/11/26,Challenge League,0,FC Aarau,1521,1522.0,0 - 0,FC Sion,1640,1639.0,0,0,Switzerland,domestic league (tier 2)
2023/12/10,Challenge League,0,FC Aarau,1522,1517.0,1 - 1,FC Wil 1900,1448,1453.0,1,1,Switzerland,domestic league (tier 2)
2024/01/26,Challenge League,0,FC Aarau,1507,1513.0,1 - 0,FC Vaduz,1459,1453.0,1,0,Switzerland,domestic league (tier 2)
2024/02/10,Challenge League,0,FC Aarau,1512,1521.0,5 - 2,FC Stade Nyonnais,1416,1407.0,5,2,Switzerland,domestic league (tier 2)
2024/03/01,Challenge League,0,FC Aarau,1515,1523.0,2 - 0,Neuchâtel Xamax FCS,1429,1421.0,2,0,Switzerland,domestic league (tier 2)
2024/03/16,Challenge League,0,FC Aarau,1524,1527.0,2 - 0,FC Baden,1221,1218.0,2,0,Switzerland,domestic league (tier 2)
2024/04/06,Challenge League,0,FC Aarau,1507,1493.0,1 - 2,FC Schaffhausen,1439,1453.0,1,2,Switzerland,domestic league (tier 2)
2024/04/19,Challenge League,0,FC Aarau,1480,1496.0,3 - 0,FC Thun Berner Oberland,1557,1541.0,3,0,Switzerland,domestic league (tier 2)
2024/04/26,Challenge League,0,FC Aarau,1501,1478.0,0 - 2,AC Bellinzona,1388,1411.0,0,2,Switzerland,domestic league (tier 2)
2024/05/09,Challenge League,0,FC Aarau,1471,1463.0,1 - 2,FC Sion,1658,1666.0,1,2,Switzerland,domestic league (tier 2)
2024/05/17,Challenge League,0,FC Aarau,1463,1437.0,0 - 4,FC Wil 1900,1422,1448.0,0,4,Switzerland,domestic league (tier 2)
2024/07/19,Challenge League,0,FC Aarau,1428,1415.0,1 - 3,FC Thun Berner Oberland,1584,1597.0,1,3,Switzerland,domestic league (tier 2)
2024/08/03,Challenge League,0,FC Aarau,1418,1401.0,1 - 3,Neuchâtel Xamax FCS,1460,1477.0,1,3,Switzerland,domestic league (tier 2)
2024/08/24,Challenge League,0,FC Aarau,1407,1413.0,1 - 0,Etoile Carouge FC,1374,1368.0,1,0,Switzerland,domestic league (tier 2)
2024/08/31,Challenge League,0,FC Aarau,1413,1401.0,1 - 2,AC Bellinzona,1432,1444.0,1,2,Switzerland,domestic league (tier 2)
2024/09/15,Switzerland Cup,0,FC Aarau,1401,1417.0,1 - 0,FC Luzern,1728,1712.0,1,0,Switzerland,domestic cup
2024/09/23,Challenge League,0,FC Aarau,1442,1429.0,1 - 2,FC Schaffhausen,1445,1458.0,1,2,Switzerland,domestic league (tier 2)
2024/10/05,Challenge League,0,FC Aarau,1440,1437.0,0 - 0,FC Vaduz,1450,1453.0,0,0,Switzerland,domestic league (tier 2)
2024/10/25,Challenge League,0,FC Aarau,1459,1464.0,1 - 0,FC Stade Nyonnais,1355,1350.0,1,0,Switzerland,domestic league (tier 2)
2024/11/24,Challenge League,0,FC Aarau,1478,1474.0,1 - 1,FC Wil 1900,1434,1438.0,1,1,Switzerland,domestic league (tier 2)
2024/12/05,Switzerland Cup,0,FC Aarau,1480,1466.0,0 - 1,Etoile Carouge FC,1427,1441.0,0,1,Switzerland,domestic cup
2024/12/08,Challenge League,0,FC Aarau,1466,1474.0,1 - 0,Stade Lausanne-Ouchy,1501,1493.0,1,0,Switzerland,domestic league (tier 2)
2025/02/01,Challenge League,0,FC Aarau,1501,1507.0,2 - 1,AC Bellinzona,1450,1444.0,2,1,Switzerland,domestic league (tier 2)
2025/02/14,Challenge League,0,FC Aarau,1527,1536.0,1 - 0,FC Thun Berner Oberland,1587,1578.0,1,0,Switzerland,domestic league (tier 2)
2025/03/01,Challenge League,0,FC Aarau,1547,1553.0,3 - 0,FC Schaffhausen,1361,1355.0,3,0,Switzerland,domestic league (tier 2)
2025/03/07,Challenge League,0,FC Aarau,1553,1559.0,2 - 0,Neuchâtel Xamax FCS,1413,1407.0,2,0,Switzerland,domestic league (tier 2)
2025/03/28,Challenge League,0,FC Aarau,1559,1554.0,2 - 2,Etoile Carouge FC,1465,1470.0,2,2,Switzerland,domestic league (tier 2)
2025/04/04,Challenge League,0,FC Aarau,1552,1548.0,2 - 2,Stade Lausanne-Ouchy,1504,1508.0,2,2,Switzerland,domestic league (tier 2)
2025/04/18,Challenge League,0,FC Aarau,1547,1542.0,2 - 2,FC Vaduz,1477,1482.0,2,2,Switzerland,domestic league (tier 2)
2025/05/09,Challenge League,0,FC Aarau,1534,1512.0,2 - 4,FC Wil 1900,1463,1485.0,2,4,Switzerland,domestic league (tier 2)
2025/05/23,Challenge League,0,FC Aarau,1529,1522.0,1 - 1,FC Stade Nyonnais,1343,1350.0,1,1,Switzerland,domestic league (tier 2)
2025/05/30,Super League rel.,0,FC Aarau,1514,1525.0,1 - 0,Grasshopper Club Zürich,1663,1652.0,1,0,Switzerland,domestic relegation
2025/08/09,Challenge League,0,FC Aarau,1542,1549.0,2 - 0,Neuchâtel Xamax FCS,1420,1413.0,2,0,Switzerland,domestic league (tier 2)
2025/08/13,Challenge League,0,FC Aarau,1549,1553.0,1 - 0,AC Bellinzona,1431,1427.0,1,0,Switzerland,domestic league (tier 2)
2025/08/25,Challenge League,0,FC Aarau,1568,1579.0,3 - 0,Stade Lausanne-Ouchy,1525,1514.0,3,0,Switzerland,domestic league (tier 2)
2025/09/13,Challenge League,0,FC Aarau,1587,1592.0,1 - 0,FC Vaduz,1507,1502.0,1,0,Switzerland,domestic league (tier 2)
2025/09/20,Switzerland Cup,0,FC Aarau,1592,1606.0,1 - 0,BSC Young Boys,1857,1843.0,1,0,Switzerland,domestic cup
2025/10/03,Challenge League,0,FC Aarau,1617,1604.0,1 - 2,Yverdon Sport FC,1626,1639.0,1,2,Switzerland,domestic league (tier 2)
2025/10/24,Challenge League,0,FC Aarau,1615,1619.0,2 - 0,FC Wil 1900,1406,1402.0,2,0,Switzerland,domestic league (tier 2)
2025/11/01,Challenge League,0,FC Aarau,1619,1622.0,2 - 1,FC Rapperswil-Jona,1386,1383.0,2,1,Switzerland,domestic league (tier 2)
2025/11/22,Challenge League,0,FC Aarau,1595,1578.0,0 - 1,FC Stade Nyonnais,1374,1391.0,0,1,Switzerland,domestic league (tier 2)
2025/12/04,Switzerland Cup,0,FC Aarau,1587,1572.0,1 - 3,FC Sion,1696,1711.0,1,3,Switzerland,domestic cup
2025/12/12,Challenge League,0,FC Aarau,1587,1590.0,2 - 1,Etoile Carouge FC,1392,1389.0,2,1,Switzerland,domestic league (tier 2)
2026/01/24,Challenge League,0,FC Aarau,1583,1586.0,1 - 0,AC Bellinzona,1351,1348.0,1,0,Switzerland,domestic league (tier 2)
2026/02/07,Challenge League,0,FC Aarau,1600,1593.0,2 - 2,FC Wil 1900,1428,1435.0,2,2,Switzerland,domestic league (tier 2)
2026/02/27,Challenge League,0,FC Aarau,1577,1583.0,5 - 3,FC Rapperswil-Jona,1427,1421.0,5,3,Switzerland,domestic league (tier 2)
2026/03/13,Challenge League,0,FC Aarau,1596,1607.0,2 - 0,FC Vaduz,1595,1584.0,2,0,Switzerland,domestic league (tier 2)
2026/03/21,Challenge League,0,FC Aarau,1607,1611.0,1 - 0,Neuchâtel Xamax FCS,1439,1435.0,1,0,Switzerland,domestic league (tier 2)
2026/04/07,Challenge League,0,FC Aarau,1618,1593.0,1 - 3,Etoile Carouge FC,1424,1449.0,1,3,Switzerland,domestic league (tier 2)
2026/04/22,Challenge League,0,FC Aarau,1589,1598.0,3 - 0,Stade Lausanne-Ouchy,1514,1505.0,3,0,Switzerland,domestic league (tier 2)
2026/05/08,Challenge League,0,FC Aarau,1608,1612.0,5 - 1,FC Stade Nyonnais,1324,1320.0,5,1,Switzerland,domestic league (tier 2)
2026/05/15,Challenge League,0,FC Aarau,1625,1622.0,2 - 2,Yverdon Sport FC,1608,1611.0,2,2,Switzerland,domestic league (tier 2)
2026/05/18,Super League rel.,0,FC Aarau,1622,1619.0,0 - 0,Grasshopper Club Zürich,1606,1609.0,0,0,Switzerland,domestic relegation
2026/08/01,Challenge League,0,FC Aarau,1591,1586.0,1 - 1,Stade Lausanne-Ouchy,1517,1522.0,1,1,Switzerland,domestic league (tier 2)
2026/08/07,Challenge League,0,FC Aarau,1586,1588.0,2 - 1,FC Stade Nyonnais,1291,1289.0,2,1,Switzerland,domestic league (tier 2)
2026/08/28,Challenge League,0,FC Aarau,1580,1584.0,2 - 1,Neuchâtel Xamax FCS,1455,1451.0,2,1,Switzerland,domestic league (tier 2)
2026/09/04,Challenge League,0,FC Aarau,1582,,Info,FC Rapperswil-Jona,1408,,,,Switzerland,domestic league (tier 2)
2026/10/18,Switzerland Cup,0,FC Aarau,1582,,Info,FC Zürich,1601,,,,Switzerland,domestic cup
2023/07/30,Challenge League,0,FC Baden,1194,1197.0,1 - 1,AC Bellinzona,1394,1391.0,1,1,Switzerland,domestic league (tier 2)
2023/08/13,Challenge League,0,FC Baden,1193,1188.0,2 - 3,FC Vaduz,1494,1499.0,2,3,Switzerland,domestic league (tier 2)
2023/08/27,Challenge League,0,FC Baden,1188,1180.0,0 - 5,FC Wil 1900,1524,1532.0,0,5,Switzerland,domestic league (tier 2)
2023/09/23,Challenge League,0,FC Baden,1179,1200.0,2 - 0,FC Stade Nyonnais,1440,1419.0,2,0,Switzerland,domestic league (tier 2)
2023/10/01,Challenge League,0,FC Baden,1217,1220.0,1 - 1,FC Schaffhausen,1430,1427.0,1,1,Switzerland,domestic league (tier 2)
2023/10/21,Challenge League,0,FC Baden,1227,1221.0,0 - 4,FC Sion,1631,1637.0,0,4,Switzerland,domestic league (tier 2)
2023/11/10,Challenge League,0,FC Baden,1257,1240.0,0 - 4,Neuchâtel Xamax FCS,1395,1412.0,0,4,Switzerland,domestic league (tier 2)
2023/12/16,Challenge League,0,FC Baden,1229,1222.0,0 - 2,FC Thun Berner Oberland,1528,1535.0,0,2,Switzerland,domestic league (tier 2)
2024/01/30,Challenge League,0,FC Baden,1229,1224.0,1 - 2,FC Aarau,1513,1518.0,1,2,Switzerland,domestic league (tier 2)
2024/02/04,Challenge League,0,FC Baden,1224,1237.0,2 - 1,AC Bellinzona,1420,1407.0,2,1,Switzerland,domestic league (tier 2)
2024/02/17,Challenge League,0,FC Baden,1235,1228.0,0 - 1,FC Schaffhausen,1455,1462.0,0,1,Switzerland,domestic league (tier 2)
2024/02/24,Challenge League,0,FC Baden,1228,1220.0,2 - 3,FC Stade Nyonnais,1387,1395.0,2,3,Switzerland,domestic league (tier 2)
2024/03/09,Challenge League,0,FC Baden,1217,1221.0,1 - 1,FC Vaduz,1466,1462.0,1,1,Switzerland,domestic league (tier 2)
2024/03/30,Challenge League,0,FC Baden,1218,1232.0,2 - 1,FC Wil 1900,1449,1435.0,2,1,Switzerland,domestic league (tier 2)
2024/04/13,Challenge League,0,FC Baden,1229,1225.0,0 - 3,FC Sion,1670,1674.0,0,3,Switzerland,domestic league (tier 2)
2024/04/23,Challenge League,0,FC Baden,1218,1213.0,0 - 1,FC Aarau,1496,1501.0,0,1,Switzerland,domestic league (tier 2)
2024/05/03,Challenge League,0,FC Baden,1209,1202.0,1 - 5,FC Thun Berner Oberland,1551,1558.0,1,5,Switzerland,domestic league (tier 2)
2024/05/20,Challenge League,0,FC Baden,1206,1210.0,2 - 2,Neuchâtel Xamax FCS,1470,1466.0,2,2,Switzerland,domestic league (tier 2)
2024/08/17,Switzerland Cup,0,FC Baden,1210,1199.0,1 - 3,FC Rapperswil-Jona,1408,1419.0,1,3,Switzerland,domestic cup
2016/07/24,Super League,0,FC Basel,1996,2001.0,3 - 0,FC Sion,1792,1787.0,3,0,Switzerland,domestic league (tier 1)
2016/08/10,Super League,0,FC Basel,2018,2026.0,3 - 0,BSC Young Boys,1916,1908.0,3,0,Switzerland,domestic league (tier 1)
2016/08/20,Super League,0,FC Basel,2026,2029.0,4 - 1,FC Lugano,1699,1696.0,4,1,Switzerland,domestic league (tier 1)
2016/09/10,Super League,0,FC Basel,2036,2039.0,3 - 1,Grasshopper Club Zürich (as Grasshoppers Zürich),1772,1769.0,3,1,Switzerland,domestic league (tier 1)
2016/10/01,Super League,0,FC Basel,2028,2019.0,1 - 1,FC Thun,1669,1678.0,1,1,Switzerland,domestic league (tier 1)
2016/10/15,Super League,0,FC Basel,2019,2024.0,3 - 0,FC Luzern,1798,1793.0,3,0,Switzerland,domestic league (tier 1)
2016/11/05,Super League,0,FC Basel,2008,2009.0,2 - 1,FC Lausanne-Sport,1627,1626.0,2,1,Switzerland,domestic league (tier 1)
2016/11/19,Super League,0,FC Basel,2009,2012.0,6 - 0,FC Vaduz,1651,1648.0,6,0,Switzerland,domestic league (tier 1)
2016/12/10,Super League,0,FC Basel,1983,1985.0,1 - 0,FC St. Gallen,1679,1677.0,1,0,Switzerland,domestic league (tier 1)
2017/02/04,Super League,0,FC Basel,1985,1988.0,4 - 0,FC Lugano,1657,1654.0,4,0,Switzerland,domestic league (tier 1)
2017/02/19,Super League,0,FC Basel,1995,1996.0,4 - 3,FC Lausanne-Sport,1603,1602.0,4,3,Switzerland,domestic league (tier 1)
2017/02/26,Super League,0,FC Basel,1996,2001.0,3 - 1,FC Luzern,1824,1819.0,3,1,Switzerland,domestic league (tier 1)
2017/03/18,Super League,0,FC Basel,2008,2010.0,1 - 0,Grasshopper Club Zürich (as Grasshoppers Zürich),1677,1675.0,1,0,Switzerland,domestic league (tier 1)
2017/04/09,Super League,0,FC Basel,2020,2015.0,1 - 1,BSC Young Boys,1912,1917.0,1,1,Switzerland,domestic league (tier 1)
2017/04/22,Super League,0,FC Basel,2021,2012.0,2 - 2,FC Vaduz,1621,1630.0,2,2,Switzerland,domestic league (tier 1)
2017/05/14,Super League,0,FC Basel,2014,2006.0,3 - 3,FC Thun,1709,1717.0,3,3,Switzerland,domestic league (tier 1)
2017/05/18,Super League,0,FC Basel,2006,1999.0,2 - 2,FC Sion,1781,1788.0,2,2,Switzerland,domestic league (tier 1)
2017/06/02,Super League,0,FC Basel,2004,2007.0,4 - 1,FC St. Gallen,1681,1678.0,4,1,Switzerland,domestic league (tier 1)
2017/07/30,Super League,0,FC Basel,1992,1996.0,3 - 1,FC Luzern,1761,1757.0,3,1,Switzerland,domestic league (tier 1)
2017/08/10,Super League,0,FC Basel,2006,2007.0,3 - 2,Grasshopper Club Zürich,1669,1668.0,3,2,Switzerland,domestic league (tier 1)
2017/08/20,Super League,0,FC Basel,2007,1999.0,1 - 1,FC Lugano,1734,1742.0,1,1,Switzerland,domestic league (tier 1)
2017/09/09,Super League,0,FC Basel,1994,1975.0,1 - 2,FC Lausanne-Sport,1600,1619.0,1,2,Switzerland,domestic league (tier 1)
2017/09/23,Super League,0,FC Basel,1954,1958.0,1 - 0,FC Zürich,1804,1800.0,1,0,Switzerland,domestic league (tier 1)
2017/10/21,Super League,0,FC Basel,2021,2023.0,2 - 1,FC Thun,1729,1727.0,2,1,Switzerland,domestic league (tier 1)
2017/11/05,Super League,0,FC Basel,1998,1993.0,1 - 1,BSC Young Boys,1897,1902.0,1,1,Switzerland,domestic league (tier 1)
2017/11/18,Super League,0,FC Basel,1993,1996.0,5 - 1,FC Sion,1697,1694.0,5,1,Switzerland,domestic league (tier 1)
2017/12/09,Super League,0,FC Basel,2060,2062.0,3 - 0,FC St. Gallen,1682,1680.0,3,0,Switzerland,domestic league (tier 1)
2018/02/04,Super League,0,FC Basel,2069,2051.0,0 - 1,FC Lugano,1766,1784.0,0,1,Switzerland,domestic league (tier 1)
2018/02/17,Super League,0,FC Basel,2040,2012.0,0 - 2,FC St. Gallen,1672,1700.0,0,2,Switzerland,domestic league (tier 1)
2018/03/18,Super League,0,FC Basel,2004,2006.0,1 - 0,FC Sion,1688,1686.0,1,0,Switzerland,domestic league (tier 1)
2018/04/11,Super League,0,FC Basel,2013,2017.0,3 - 0,FC Zürich,1770,1766.0,3,0,Switzerland,domestic league (tier 1)
2018/04/15,Super League,0,FC Basel,2017,2018.0,2 - 1,FC Lausanne-Sport,1650,1649.0,2,1,Switzerland,domestic league (tier 1)
2018/04/18,Super League,0,FC Basel,2018,2020.0,1 - 0,Grasshopper Club Zürich,1698,1696.0,1,0,Switzerland,domestic league (tier 1)
2018/04/29,Super League,0,FC Basel,2015,2019.0,6 - 1,FC Thun,1748,1744.0,6,1,Switzerland,domestic league (tier 1)
2018/05/10,Super League,0,FC Basel,2026,2037.0,5 - 1,BSC Young Boys,1979,1968.0,5,1,Switzerland,domestic league (tier 1)
2018/05/19,Super League,0,FC Basel,2012,2005.0,2 - 2,FC Luzern,1796,1803.0,2,2,Switzerland,domestic league (tier 1)
2018/07/21,Super League,0,FC Basel,2005,1986.0,1 - 2,FC St. Gallen,1666,1685.0,1,2,Switzerland,domestic league (tier 1)
2018/08/04,Super League,0,FC Basel,1948,1951.0,4 - 2,Grasshopper Club Zürich,1673,1670.0,4,2,Switzerland,domestic league (tier 1)
2018/08/12,Super League,0,FC Basel,1960,1963.0,3 - 2,FC Sion,1772,1769.0,3,2,Switzerland,domestic league (tier 1)
2018/09/02,Super League,0,FC Basel,1957,1950.0,1 - 1,FC Thun,1731,1738.0,1,1,Switzerland,domestic league (tier 1)
2018/09/26,Super League,0,FC Basel,1937,1940.0,2 - 1,FC Luzern,1759,1756.0,2,1,Switzerland,domestic league (tier 1)
2018/10/21,Super League,0,FC Basel,1946,1938.0,1 - 1,Neuchâtel Xamax FCS,1701,1709.0,1,1,Switzerland,domestic league (tier 1)
2018/11/04,Super League,0,FC Basel,1948,1951.0,3 - 2,FC Lugano,1747,1744.0,3,2,Switzerland,domestic league (tier 1)
2018/12/02,Super League,0,FC Basel,1930,1913.0,1 - 3,BSC Young Boys,1988,2005.0,1,3,Switzerland,domestic league (tier 1)
2018/12/09,Super League,0,FC Basel,1913,1921.0,2 - 0,FC Zürich,1837,1829.0,2,0,Switzerland,domestic league (tier 1)
2019/02/09,Super League,0,FC Basel,1940,1932.0,1 - 1,FC St. Gallen,1689,1697.0,1,1,Switzerland,domestic league (tier 1)
2019/02/17,Super League,0,FC Basel,1932,1936.0,1 - 0,FC Sion,1786,1782.0,1,0,Switzerland,domestic league (tier 1)
2019/03/03,Super League,0,FC Basel,1957,1963.0,3 - 1,FC Thun,1814,1808.0,3,1,Switzerland,domestic league (tier 1)
2019/03/17,Super League,0,FC Basel,1960,1959.0,2 - 2,BSC Young Boys,2022,2023.0,2,2,Switzerland,domestic league (tier 1)
2019/04/07,Super League,0,FC Basel,1979,1972.0,1 - 1,FC Lugano,1752,1759.0,1,1,Switzerland,domestic league (tier 1)
2019/04/13,Super League,0,FC Basel,1972,1963.0,0 - 0,Grasshopper Club Zürich,1619,1628.0,0,0,Switzerland,domestic league (tier 1)
2019/05/04,Super League,0,FC Basel,1994,1998.0,3 - 0,FC Zürich,1750,1746.0,3,0,Switzerland,domestic league (tier 1)
2019/05/15,Super League,0,FC Basel,1988,1991.0,3 - 2,FC Luzern,1750,1747.0,3,2,Switzerland,domestic league (tier 1)
2019/05/25,Super League,0,FC Basel,2001,2004.0,4 - 1,Neuchâtel Xamax FCS,1707,1704.0,4,1,Switzerland,domestic league (tier 1)
2019/07/27,Super League,0,FC Basel,2005,1987.0,1 - 2,FC St. Gallen,1698,1716.0,1,2,Switzerland,domestic league (tier 1)
2019/08/10,Super League,0,FC Basel,1983,1986.0,3 - 1,Servette FC (as Servette Genève),1719,1716.0,3,1,Switzerland,domestic league (tier 1)
2019/09/01,Super League,0,FC Basel,1977,1980.0,2 - 1,FC Lugano,1775,1772.0,2,1,Switzerland,domestic league (tier 1)
2019/09/25,Super League,0,FC Basel,2001,2005.0,4 - 0,FC Zürich,1736,1732.0,4,0,Switzerland,domestic league (tier 1)
2019/09/29,Super League,0,FC Basel,2005,2009.0,3 - 0,FC Luzern,1743,1739.0,3,0,Switzerland,domestic league (tier 1)
2019/10/19,Super League,0,FC Basel,2001,2003.0,3 - 1,FC Thun,1679,1677.0,3,1,Switzerland,domestic league (tier 1)
2019/11/03,Super League,0,FC Basel,2007,1999.0,1 - 1,Neuchâtel Xamax FCS,1689,1697.0,1,1,Switzerland,domestic league (tier 1)
2019/12/01,Super League,0,FC Basel,1987,2000.0,3 - 0,BSC Young Boys,2001,1988.0,3,0,Switzerland,domestic league (tier 1)
2019/12/08,Super League,0,FC Basel,2000,2004.0,4 - 0,FC Sion,1730,1726.0,4,0,Switzerland,domestic league (tier 1)
2020/02/02,Super League,0,FC Basel,1984,1967.0,1 - 2,FC St. Gallen,1810,1827.0,1,2,Switzerland,domestic league (tier 1)
2020/02/15,Super League,0,FC Basel,1981,1962.0,0 - 1,FC Thun,1640,1659.0,0,1,Switzerland,domestic league (tier 1)
2020/02/23,Super League,0,FC Basel,1978,1971.0,2 - 2,Servette FC (as Servette Genève),1803,1810.0,2,2,Switzerland,domestic league (tier 1)
2020/06/28,Super League,0,FC Basel,1998,2001.0,2 - 0,FC Sion,1690,1687.0,2,0,Switzerland,domestic league (tier 1)
2020/07/04,Super League,0,FC Basel,1987,1989.0,2 - 0,Neuchâtel Xamax FCS,1662,1660.0,2,0,Switzerland,domestic league (tier 1)
2020/07/11,Super League,0,FC Basel,1973,1980.0,3 - 2,BSC Young Boys,1964,1957.0,3,2,Switzerland,domestic league (tier 1)
2020/07/14,Super League,0,FC Basel,1980,1985.0,4 - 0,FC Zürich,1774,1769.0,4,0,Switzerland,domestic league (tier 1)
2020/07/26,Super League,0,FC Basel,2000,1993.0,4 - 4,FC Lugano,1769,1776.0,4,4,Switzerland,domestic league (tier 1)
2020/08/03,Super League,0,FC Basel,1988,1980.0,0 - 0,FC Luzern,1745,1753.0,0,0,Switzerland,domestic league (tier 1)
2020/09/20,Super League,0,FC Basel,1976,1967.0,2 - 2,FC Vaduz,1583,1592.0,2,2,Switzerland,domestic league (tier 1)
2020/10/04,Super League,0,FC Basel,1931,1934.0,3 - 2,FC Luzern,1749,1746.0,3,2,Switzerland,domestic league (tier 1)
2020/11/25,Super League,0,FC Basel,1929,1932.0,2 - 1,FC Lausanne-Sport,1704,1701.0,2,1,Switzerland,domestic league (tier 1)
2020/12/05,Super League,0,FC Basel,1922,1925.0,1 - 0,Servette FC (as Servette Genève),1737,1734.0,1,0,Switzerland,domestic league (tier 1)
2020/12/09,Super League,0,FC Basel,1925,1929.0,4 - 2,FC Sion,1706,1702.0,4,2,Switzerland,domestic league (tier 1)
2020/12/16,Super League,0,FC Basel,1935,1918.0,0 - 2,BSC Young Boys,1988,2005.0,0,2,Switzerland,domestic league (tier 1)
2020/12/19,Super League,0,FC Basel,1918,1913.0,0 - 0,FC St. Gallen,1828,1833.0,0,0,Switzerland,domestic league (tier 1)
2021/01/23,Super League,0,FC Basel,1921,1891.0,1 - 4,FC Zürich,1718,1748.0,1,4,Switzerland,domestic league (tier 1)
2021/01/31,Super League,0,FC Basel,1899,1894.0,2 - 2,FC Lugano,1816,1821.0,2,2,Switzerland,domestic league (tier 1)
2021/02/07,Super League,0,FC Basel,1905,1898.0,2 - 2,FC Sion,1715,1722.0,2,2,Switzerland,domestic league (tier 1)
2021/02/20,Super League,0,FC Basel,1845,1839.0,0 - 0,FC Lausanne-Sport,1700,1706.0,0,0,Switzerland,domestic league (tier 1)
2021/03/03,Super League,0,FC Basel,1826,1830.0,1 - 1,BSC Young Boys,2068,2064.0,1,1,Switzerland,domestic league (tier 1)
2021/03/13,Super League,0,FC Basel,1821,1832.0,4 - 1,FC Luzern,1787,1776.0,4,1,Switzerland,domestic league (tier 1)
2021/04/05,Super League,0,FC Basel,1824,1807.0,1 - 2,FC Vaduz,1621,1638.0,1,2,Switzerland,domestic league (tier 1)
2021/04/18,Super League,0,FC Basel,1819,1832.0,5 - 0,Servette FC (as Servette Genève),1783,1770.0,5,0,Switzerland,domestic league (tier 1)
2021/05/01,Super League,0,FC Basel,1830,1836.0,1 - 0,FC St. Gallen,1783,1777.0,1,0,Switzerland,domestic league (tier 1)
2021/05/11,Super League,0,FC Basel,1831,1839.0,2 - 0,FC Lugano,1742,1734.0,2,0,Switzerland,domestic league (tier 1)
2021/05/15,Super League,0,FC Basel,1839,1847.0,4 - 0,FC Zürich,1721,1713.0,4,0,Switzerland,domestic league (tier 1)
2022/07/24,Super League,0,FC Basel,1858,1852.0,1 - 1,"Servette FC
(as Servette Genève)",1713,1719.0,1,1,Switzerland,domestic league (tier 1)
2022/08/07,Super League,0,FC Basel,1839,1839.0,0 - 0,BSC Young Boys,1949,1949.0,0,0,Switzerland,domestic league (tier 1)
2022/08/14,Super League,0,FC Basel,1843,1820.0,0 - 2,FC Lugano,1741,1764.0,0,2,Switzerland,domestic league (tier 1)
2022/09/11,Super League,0,FC Basel,1830,1838.0,5 - 1,Grasshopper Club Zürich,1704,1696.0,5,1,Switzerland,domestic league (tier 1)
2022/10/01,Super League,0,FC Basel,1855,1861.0,3 - 2,FC St. Gallen,1818,1812.0,3,2,Switzerland,domestic league (tier 1)
2022/10/20,Super League,0,FC Basel,1832,1827.0,0 - 0,FC Zürich,1744,1749.0,0,0,Switzerland,domestic league (tier 1)
2022/10/23,Super League,0,FC Basel,1827,1831.0,3 - 1,FC Winterthur,1608,1604.0,3,1,Switzerland,domestic league (tier 1)
2022/11/06,Super League,0,FC Basel,1822,1817.0,0 - 0,FC Sion,1714,1719.0,0,0,Switzerland,domestic league (tier 1)
2023/01/28,Super League,0,FC Basel,1826,1812.0,2 - 3,FC Luzern,1760,1774.0,2,3,Switzerland,domestic league (tier 1)
2023/02/11,Super League,0,FC Basel,1815,1821.0,3 - 1,FC Sion,1687,1681.0,3,1,Switzerland,domestic league (tier 1)
2023/02/19,Super League,0,FC Basel,1815,1811.0,2 - 2,Servette FC,1763,1767.0,2,2,Switzerland,domestic league (tier 1)
2023/03/12,Super League,0,FC Basel,1845,1841.0,1 - 1,FC St. Gallen,1804,1808.0,1,1,Switzerland,domestic league (tier 1)
2023/04/01,Super League,0,FC Basel,1835,1840.0,2 - 0,FC Winterthur,1638,1633.0,2,0,Switzerland,domestic league (tier 1)
2023/04/04,Switzerland Cup,0,FC Basel,1840,1827.0,2 - 4,BSC Young Boys,1978,1991.0,2,4,Switzerland,domestic cup
2023/04/16,Super League,0,FC Basel,1830,1832.0,1 - 1,BSC Young Boys,1994,1992.0,1,1,Switzerland,domestic league (tier 1)
2023/04/23,Super League,0,FC Basel,1848,1826.0,0 - 2,FC Luzern,1782,1804.0,0,2,Switzerland,domestic league (tier 1)
2023/05/07,Super League,0,FC Basel,1846,1824.0,0 - 2,FC Zürich,1756,1778.0,0,2,Switzerland,domestic league (tier 1)
2023/05/21,Super League,0,FC Basel,1810,1808.0,1 - 1,FC Lugano,1822,1824.0,1,1,Switzerland,domestic league (tier 1)
2023/05/29,Super League,0,FC Basel,1811,1818.0,3 - 1,Grasshopper Club Zürich,1703,1696.0,3,1,Switzerland,domestic league (tier 1)
2023/07/30,Super League,0,FC Basel 1893,1790,1796.0,5 - 2,FC Winterthur,1604,1598.0,5,2,Switzerland,domestic league (tier 1)
2023/08/13,Super League,0,FC Basel 1893,1784,1767.0,1 - 2,FC Lausanne-Sport,1583,1600.0,1,2,Switzerland,domestic league (tier 1)
2023/09/03,Super League,0,FC Basel 1893,1767,1766.0,2 - 2,FC Zürich,1821,1822.0,2,2,Switzerland,domestic league (tier 1)
2023/09/28,Super League,0,FC Basel 1893,1754,1752.0,1 - 1,FC Luzern,1801,1803.0,1,1,Switzerland,domestic league (tier 1)
2023/10/01,Super League,0,FC Basel 1893,1752,1723.0,0 - 3,Stade Lausanne-Ouchy,1571,1600.0,0,3,Switzerland,domestic league (tier 1)
2023/10/21,Super League,0,FC Basel 1893,1719,1708.0,0 - 1,Servette FC,1771,1782.0,0,1,Switzerland,domestic league (tier 1)
2023/11/05,Super League,0,FC Basel 1893,1693,1698.0,2 - 1,Yverdon Sport FC,1583,1578.0,2,1,Switzerland,domestic league (tier 1)
2023/11/26,Super League,0,FC Basel 1893,1690,1706.0,2 - 0,FC St. Gallen,1804,1788.0,2,0,Switzerland,domestic league (tier 1)
2023/12/09,Super League,0,FC Basel 1893,1727,1713.0,0 - 1,Grasshopper Club Zürich,1676,1690.0,0,1,Switzerland,domestic league (tier 1)
2024/01/27,Super League,0,FC Basel 1893,1732,1746.0,1 - 0,BSC Young Boys,1979,1965.0,1,0,Switzerland,domestic league (tier 1)
2024/02/03,Super League,0,FC Basel 1893,1762,1749.0,0 - 1,FC Lugano,1757,1770.0,0,1,Switzerland,domestic league (tier 1)
2024/02/11,Super League,0,FC Basel 1893,1749,1756.0,1 - 0,FC St. Gallen,1754,1747.0,1,0,Switzerland,domestic league (tier 1)
2024/02/28,Switzerland Cup,0,FC Basel 1893,1760,1758.0,2 - 2,FC Lugano,1779,1781.0,2,2,Switzerland,domestic cup
2024/03/02,Super League,0,FC Basel 1893,1758,1742.0,1 - 2,FC Lausanne-Sport,1618,1634.0,1,2,Switzerland,domestic league (tier 1)
2024/03/16,Super League,0,FC Basel 1893,1736,1733.0,1 - 1,FC Winterthur,1718,1721.0,1,1,Switzerland,domestic league (tier 1)
2024/03/30,Super League,0,FC Basel 1893,1733,1731.0,2 - 2,FC Zürich,1759,1761.0,2,2,Switzerland,domestic league (tier 1)
2024/04/14,Super League,0,FC Basel 1893,1736,1746.0,2 - 1,Servette FC,1834,1824.0,2,1,Switzerland,domestic league (tier 1)
2024/05/05,Super League,0,FC Basel 1893,1748,1744.0,1 - 1,FC Luzern,1713,1717.0,1,1,Switzerland,domestic league (tier 1)
2024/05/14,Super League,0,FC Basel 1893,1744,1749.0,2 - 0,Stade Lausanne-Ouchy,1550,1545.0,2,0,Switzerland,domestic league (tier 1)
2024/05/21,Super League,0,FC Basel 1893,1759,1753.0,0 - 0,Yverdon Sport FC,1614,1620.0,0,0,Switzerland,domestic league (tier 1)
2024/07/27,Super League,0,FC Basel 1893,1743,1732.0,1 - 2,FC Lugano,1821,1832.0,1,2,Switzerland,domestic league (tier 1)
2024/08/25,Super League,0,FC Basel 1893,1783,1788.0,2 - 0,Yverdon Sport FC,1615,1610.0,2,0,Switzerland,domestic league (tier 1)
2024/09/21,Super League,0,FC Basel 1893,1791,1772.0,0 - 2,FC Zürich,1792,1811.0,0,2,Switzerland,domestic league (tier 1)
2024/10/06,Super League,0,FC Basel 1893,1764,1774.0,1 - 0,BSC Young Boys,1862,1852.0,1,0,Switzerland,domestic league (tier 1)
2024/10/20,Super League,0,FC Basel 1893,1774,1781.0,2 - 1,FC St. Gallen,1769,1762.0,2,1,Switzerland,domestic league (tier 1)
2024/11/02,Super League,0,FC Basel 1893,1792,1799.0,5 - 0,FC Winterthur,1615,1608.0,5,0,Switzerland,domestic league (tier 1)
2024/11/24,Super League,0,FC Basel 1893,1813,1824.0,3 - 1,Servette FC,1826,1815.0,3,1,Switzerland,domestic league (tier 1)
2024/11/30,Super League,0,FC Basel 1893,1824,1818.0,1 - 1,FC Lausanne-Sport,1705,1711.0,1,1,Switzerland,domestic league (tier 1)
2024/12/04,Switzerland Cup,0,FC Basel 1893,1818,1812.0,2 - 2,FC Sion,1691,1697.0,2,2,Switzerland,domestic cup
2024/12/14,Super League,0,FC Basel 1893,1812,1795.0,0 - 1,Grasshopper Club Zürich,1615,1632.0,0,1,Switzerland,domestic league (tier 1)
2025/01/26,Super League,0,FC Basel 1893,1799,1808.0,4 - 1,FC Sion,1709,1700.0,4,1,Switzerland,domestic league (tier 1)
2025/02/06,Super League,0,FC Basel 1893,1819,1824.0,2 - 1,FC Luzern,1743,1738.0,2,1,Switzerland,domestic league (tier 1)
2025/02/16,Super League,0,FC Basel 1893,1816,1812.0,1 - 1,FC Lausanne-Sport,1754,1758.0,1,1,Switzerland,domestic league (tier 1)
2025/03/01,Super League,0,FC Basel 1893,1818,1824.0,2 - 0,FC Sion,1691,1685.0,2,0,Switzerland,domestic league (tier 1)
2025/03/16,Super League,0,FC Basel 1893,1824,1811.0,1 - 2,BSC Young Boys,1829,1842.0,1,2,Switzerland,domestic league (tier 1)
2025/04/03,Super League,0,FC Basel 1893,1821,1824.0,2 - 1,Grasshopper Club Zürich,1648,1645.0,2,1,Switzerland,domestic league (tier 1)
2025/04/06,Super League,0,FC Basel 1893,1824,1832.0,2 - 0,FC Lugano,1757,1749.0,2,0,Switzerland,domestic league (tier 1)
2025/04/21,Super League,0,FC Basel 1893,1851,1856.0,5 - 0,Yverdon Sport FC,1613,1608.0,5,0,Switzerland,domestic league (tier 1)
2025/04/27,Switzerland Cup,0,FC Basel 1893,1856,1860.0,3 - 2,FC Lausanne-Sport,1736,1732.0,3,2,Switzerland,domestic cup
2025/05/04,Super League,0,FC Basel 1893,1860,1872.0,5 - 1,Servette FC,1827,1815.0,5,1,Switzerland,domestic league (tier 1)
2025/05/24,Super League,0,FC Basel 1893,1880,1887.0,4 - 0,FC Luzern,1713,1706.0,4,0,Switzerland,domestic league (tier 1)
2025/08/02,Super League,0,FC Basel 1893,1878,1881.0,2 - 1,Grasshopper Club Zürich,1641,1638.0,2,1,Switzerland,domestic league (tier 1)
2025/08/06,Super League,0,FC Basel 1893,1881,1892.0,4 - 1,BSC Young Boys,1842,1831.0,4,1,Switzerland,domestic league (tier 1)
2025/09/28,Super League,0,FC Basel 1893,1873,1857.0,1 - 2,FC Luzern,1708,1724.0,1,2,Switzerland,domestic league (tier 1)
2025/10/18,Super League,0,FC Basel 1893,1897,1900.0,3 - 0,FC Winterthur,1601,1598.0,3,0,Switzerland,domestic league (tier 1)
2025/10/29,Super League,0,FC Basel 1893,1872,1877.0,2 - 0,FC Zürich,1687,1682.0,2,0,Switzerland,domestic league (tier 1)
2025/11/09,Super League,0,FC Basel 1893,1887,1871.0,0 - 1,FC Lugano,1718,1734.0,0,1,Switzerland,domestic league (tier 1)
2025/11/30,Super League,0,FC Basel 1893,1861,1856.0,0 - 0,FC St. Gallen,1748,1753.0,0,0,Switzerland,domestic league (tier 1)
2025/12/14,Super League,0,FC Basel 1893,1857,1851.0,0 - 0,FC Lausanne-Sport,1730,1736.0,0,0,Switzerland,domestic league (tier 1)
2025/12/20,Super League,0,FC Basel 1893,1859,1853.0,1 - 1,Servette FC,1729,1735.0,1,1,Switzerland,domestic league (tier 1)
2026/01/18,Super League,0,FC Basel 1893,1853,1847.0,1 - 1,FC Sion,1728,1734.0,1,1,Switzerland,domestic league (tier 1)
2026/02/01,Super League,0,FC Basel 1893,1828,1813.0,1 - 2,FC Thun Berner Oberland,1754,1769.0,1,2,Switzerland,domestic league (tier 1)
2026/02/08,Super League,0,FC Basel 1893,1804,1808.0,2 - 1,FC Zürich,1662,1658.0,2,1,Switzerland,domestic league (tier 1)
2026/02/15,Super League,0,FC Basel 1893,1793,1790.0,1 - 1,FC Lugano,1780,1783.0,1,1,Switzerland,domestic league (tier 1)
2026/03/05,Super League,0,FC Basel 1893,1786,1790.0,1 - 0,Grasshopper Club Zürich,1655,1651.0,1,0,Switzerland,domestic league (tier 1)
2026/03/15,Super League,0,FC Basel 1893,1777,1786.0,3 - 1,Servette FC,1725,1716.0,3,1,Switzerland,domestic league (tier 1)
2026/04/04,Super League,0,FC Basel 1893,1796,1793.0,3 - 3,BSC Young Boys,1771,1774.0,3,3,Switzerland,domestic league (tier 1)
2026/04/26,Super League,0,FC Basel 1893,1783,1763.0,0 - 2,FC Sion,1766,1786.0,0,2,Switzerland,domestic league (tier 1)
2026/05/02,Super League,0,FC Basel 1893,1763,1776.0,3 - 1,FC Thun Berner Oberland,1807,1794.0,3,1,Switzerland,domestic league (tier 1)
2026/05/14,Super League,0,FC Basel 1893,1762,1745.0,1 - 3,FC St. Gallen,1812,1829.0,1,3,Switzerland,domestic league (tier 1)
2026/08/01,Super League,0,FC Basel 1893,1748,1732.0,0 - 1,FC Lausanne-Sport,1630,1646.0,0,1,Switzerland,domestic league (tier 1)
2026/08/09,Super League,0,FC Basel 1893,1732,1744.0,4 - 2,FC Thun Berner Oberland,1761,1749.0,4,2,Switzerland,domestic league (tier 1)
2026/09/03,Super League,0,FC Basel 1893,1758,,Info,FC Sion,1785,,,,Switzerland,domestic league (tier 1)
2024/08/17,Switzerland Cup,0,FC Biel/Bienne,1427,1435.0,2 - 1,Neuchâtel Xamax FCS,1473,1465.0,2,1,Switzerland,domestic cup
2025/02/26,Switzerland Cup,0,FC Biel/Bienne,1435,1460.0,2 - 0,FC Lugano,1819,1794.0,2,0,Switzerland,domestic cup
2025/04/26,Switzerland Cup,0,FC Biel/Bienne,1460,1477.0,1 - 0,BSC Young Boys,1835,1818.0,1,0,Switzerland,domestic cup
2025/06/01,Switzerland Cup,0,FC Biel/Bienne,1477,1474.0,1 - 4,FC Basel 1893,1887,1890.0,1,4,Switzerland,domestic cup
2025/08/16,Switzerland Cup,0,FC Biel/Bienne,1474,1468.0,1 - 6,FC Basel 1893,1872,1878.0,1,6,Switzerland,domestic cup
2026/08/16,Switzerland Cup,0,FC Biel/Bienne,1468,1469.0,3 - 3,FC Aarau,1588,1587.0,3,3,Switzerland,domestic cup
2022/08/19,Switzerland Cup,0,FC Bulle,1236,1215.0,0 - 4,FC Thun Berner Oberland,1299,1320.0,0,4,Switzerland,domestic cup
2023/09/16,Switzerland Cup,0,FC Bulle,1215,1213.0,1 - 4,Servette FC,1784,1786.0,1,4,Switzerland,domestic cup
2026/10/17,Switzerland Cup,0,FC Bulle,1213,,Info,FC Wil 1900,1404,,,,Switzerland,domestic cup
2016/07/31,Challenge League,0,FC Chiasso,1432,1421.0,2 - 3,FC Schaffhausen,1502,1513.0,2,3,Switzerland,domestic league (tier 2)
2016/08/06,Challenge League,0,FC Chiasso,1421,1409.0,0 - 1,FC Winterthur,1451,1463.0,0,1,Switzerland,domestic league (tier 2)
2016/08/21,Challenge League,0,FC Chiasso,1422,1408.0,1 - 2,FC Le Mont,1355,1369.0,1,2,Switzerland,domestic league (tier 2)
2016/09/21,Challenge League,0,FC Chiasso,1419,1412.0,1 - 2,Neuchâtel Xamax FCS,1632,1639.0,1,2,Switzerland,domestic league (tier 2)
2016/09/24,Challenge League,0,FC Chiasso,1412,1394.0,0 - 4,FC Wil 1900,1519,1537.0,0,4,Switzerland,domestic league (tier 2)
2016/10/22,Challenge League,0,FC Chiasso,1401,1419.0,3 - 1,FC Aarau,1583,1565.0,3,1,Switzerland,domestic league (tier 2)
2016/10/29,Challenge League,0,FC Chiasso,1413,1393.0,0 - 2,FC Wohlen,1405,1425.0,0,2,Switzerland,domestic league (tier 2)
2016/11/28,Challenge League,0,FC Chiasso,1394,1390.0,0 - 2,FC Zürich,1822,1826.0,0,2,Switzerland,domestic league (tier 2)
2016/12/10,Challenge League,0,FC Chiasso,1404,1405.0,2 - 2,Servette FC (as Servette Genève),1537,1536.0,2,2,Switzerland,domestic league (tier 2)
2017/02/04,Challenge League,0,FC Chiasso,1405,1420.0,4 - 1,FC Winterthur,1460,1445.0,4,1,Switzerland,domestic league (tier 2)
2017/02/19,Challenge League,0,FC Chiasso,1412,1402.0,0 - 2,Neuchâtel Xamax FCS,1638,1648.0,0,2,Switzerland,domestic league (tier 2)
2017/02/26,Challenge League,0,FC Chiasso,1402,1425.0,5 - 1,FC Aarau,1579,1556.0,5,1,Switzerland,domestic league (tier 2)
2017/03/11,Challenge League,0,FC Chiasso,1424,1421.0,0 - 0,FC Wohlen,1409,1412.0,0,0,Switzerland,domestic league (tier 2)
2017/04/03,Challenge League,0,FC Chiasso,1442,1444.0,1 - 1,Servette FC (as Servette Genève),1607,1605.0,1,1,Switzerland,domestic league (tier 2)
2017/04/23,Challenge League,0,FC Chiasso,1425,1435.0,3 - 1,FC Wil 1900,1409,1399.0,3,1,Switzerland,domestic league (tier 2)
2017/04/30,Challenge League,0,FC Chiasso,1435,1432.0,1 - 2,FC Zürich,1807,1810.0,1,2,Switzerland,domestic league (tier 2)
2017/05/15,Challenge League,0,FC Chiasso,1438,1416.0,0 - 6,FC Schaffhausen,1525,1547.0,0,6,Switzerland,domestic league (tier 2)
2017/05/27,Challenge League,0,FC Chiasso,1445,1440.0,2 - 2,FC Le Mont,1367,1372.0,2,2,Switzerland,domestic league (tier 2)
2017/07/28,Challenge League,0,FC Chiasso,1437,1427.0,0 - 2,Neuchâtel Xamax FCS,1652,1662.0,0,2,Switzerland,domestic league (tier 2)
2017/08/09,Challenge League,0,FC Chiasso,1421,1427.0,1 - 0,FC Rapperswil-Jona,1366,1360.0,1,0,Switzerland,domestic league (tier 2)
2017/08/19,Challenge League,0,FC Chiasso,1435,1447.0,3 - 0,FC Wil 1900,1420,1408.0,3,0,Switzerland,domestic league (tier 2)
2017/09/20,Challenge League,0,FC Chiasso,1450,1458.0,1 - 0,FC Aarau,1470,1462.0,1,0,Switzerland,domestic league (tier 2)
2017/10/02,Challenge League,0,FC Chiasso,1454,1446.0,1 - 2,Servette FC (as Servette Genève),1626,1634.0,1,2,Switzerland,domestic league (tier 2)
2017/10/21,Challenge League,0,FC Chiasso,1441,1453.0,2 - 1,FC Schaffhausen,1594,1582.0,2,1,Switzerland,domestic league (tier 2)
2017/11/19,Challenge League,0,FC Chiasso,1466,1476.0,4 - 0,FC Wohlen,1393,1383.0,4,0,Switzerland,domestic league (tier 2)
2017/11/25,Challenge League,0,FC Chiasso,1476,1471.0,1 - 1,FC Winterthur,1404,1409.0,1,1,Switzerland,domestic league (tier 2)
2017/12/09,Challenge League,0,FC Chiasso,1458,1448.0,0 - 1,FC Vaduz,1558,1568.0,0,1,Switzerland,domestic league (tier 2)
2018/02/11,Challenge League,0,FC Chiasso,1455,1440.0,0 - 1,FC Wil 1900,1358,1373.0,0,1,Switzerland,domestic league (tier 2)
2018/02/26,Challenge League,0,FC Chiasso,1430,1421.0,0 - 3,Neuchâtel Xamax FCS,1708,1717.0,0,3,Switzerland,domestic league (tier 2)
2018/03/09,Challenge League,0,FC Chiasso,1416,1423.0,1 - 0,FC Winterthur,1410,1403.0,1,0,Switzerland,domestic league (tier 2)
2018/04/02,Challenge League,0,FC Chiasso,1414,1398.0,1 - 6,FC Vaduz,1586,1602.0,1,6,Switzerland,domestic league (tier 2)
2018/04/15,Challenge League,0,FC Chiasso,1409,1422.0,2 - 1,Servette FC (as Servette Genève),1612,1599.0,2,1,Switzerland,domestic league (tier 2)
2018/04/22,Challenge League,0,FC Chiasso,1415,1398.0,0 - 2,FC Aarau,1458,1475.0,0,2,Switzerland,domestic league (tier 2)
2018/05/06,Challenge League,0,FC Chiasso,1396,1413.0,2 - 0,FC Schaffhausen,1549,1532.0,2,0,Switzerland,domestic league (tier 2)
2018/05/13,Challenge League,0,FC Chiasso,1405,1394.0,0 - 1,FC Rapperswil-Jona,1486,1497.0,0,1,Switzerland,domestic league (tier 2)
2018/05/21,Challenge League,0,FC Chiasso,1389,1398.0,3 - 0,FC Wohlen,1293,1284.0,3,0,Switzerland,domestic league (tier 2)
2018/07/22,Challenge League,0,FC Chiasso,1398,1387.0,1 - 3,FC Vaduz,1602,1613.0,1,3,Switzerland,domestic league (tier 2)
2018/07/28,Challenge League,0,FC Chiasso,1387,1375.0,0 - 3,Servette FC (as Servette Genève),1591,1603.0,0,3,Switzerland,domestic league (tier 2)
2018/08/10,Challenge League,0,FC Chiasso,1371,1384.0,2 - 1,FC Schaffhausen,1567,1554.0,2,1,Switzerland,domestic league (tier 2)
2018/09/02,Challenge League,0,FC Chiasso,1398,1382.0,0 - 2,FC Wil 1900,1468,1484.0,0,2,Switzerland,domestic league (tier 2)
2018/09/25,Challenge League,0,FC Chiasso,1384,1375.0,0 - 1,FC Rapperswil-Jona,1516,1525.0,0,1,Switzerland,domestic league (tier 2)
2018/10/07,Challenge League,0,FC Chiasso,1390,1394.0,1 - 1,FC Lausanne-Sport,1635,1631.0,1,1,Switzerland,domestic league (tier 2)
2018/11/04,Challenge League,0,FC Chiasso,1376,1364.0,2 - 3,FC Aarau,1422,1434.0,2,3,Switzerland,domestic league (tier 2)
2018/11/25,Challenge League,0,FC Chiasso,1360,1358.0,3 - 3,SC Kriens,1387,1389.0,3,3,Switzerland,domestic league (tier 2)
2018/12/16,Challenge League,0,FC Chiasso,1377,1362.0,1 - 3,FC Winterthur,1480,1495.0,1,3,Switzerland,domestic league (tier 2)
2019/02/10,Challenge League,0,FC Chiasso,1387,1401.0,2 - 1,Servette FC (as Servette Genève),1646,1632.0,2,1,Switzerland,domestic league (tier 2)
2019/02/23,Challenge League,0,FC Chiasso,1397,1397.0,1 - 1,FC Winterthur,1501,1501.0,1,1,Switzerland,domestic league (tier 2)
2019/03/03,Challenge League,0,FC Chiasso,1397,1394.0,2 - 2,SC Kriens,1382,1385.0,2,2,Switzerland,domestic league (tier 2)
2019/03/17,Challenge League,0,FC Chiasso,1389,1404.0,3 - 1,FC Wil 1900,1479,1464.0,3,1,Switzerland,domestic league (tier 2)
2019/04/06,Challenge League,0,FC Chiasso,1415,1413.0,2 - 2,FC Schaffhausen,1428,1430.0,2,2,Switzerland,domestic league (tier 2)
2019/04/20,Challenge League,0,FC Chiasso,1411,1398.0,0 - 5,FC Lausanne-Sport,1629,1642.0,0,5,Switzerland,domestic league (tier 2)
2019/05/04,Challenge League,0,FC Chiasso,1401,1390.0,1 - 2,FC Vaduz,1459,1470.0,1,2,Switzerland,domestic league (tier 2)
2019/05/11,Challenge League,0,FC Chiasso,1390,1399.0,2 - 1,FC Rapperswil-Jona,1445,1436.0,2,1,Switzerland,domestic league (tier 2)
2019/05/23,Challenge League,0,FC Chiasso,1391,1384.0,0 - 1,FC Aarau,1591,1598.0,0,1,Switzerland,domestic league (tier 2)
2019/07/20,Challenge League,0,FC Chiasso,1398,1385.0,0 - 1,FC Wil 1900,1406,1419.0,0,1,Switzerland,domestic league (tier 2)
2019/08/08,Challenge League,0,FC Chiasso,1370,1390.0,4 - 2,FC Aarau,1600,1580.0,4,2,Switzerland,domestic league (tier 2)
2019/08/25,Challenge League,0,FC Chiasso,1378,1378.0,2 - 2,FC Vaduz,1479,1479.0,2,2,Switzerland,domestic league (tier 2)
2019/09/24,Challenge League,0,FC Chiasso,1361,1348.0,0 - 2,FC Winterthur,1510,1523.0,0,2,Switzerland,domestic league (tier 2)
2019/10/05,Challenge League,0,FC Chiasso,1346,1335.0,0 - 1,FC Schaffhausen,1401,1412.0,0,1,Switzerland,domestic league (tier 2)
2019/10/19,Challenge League,0,FC Chiasso,1335,1323.0,0 - 1,SC Kriens,1373,1385.0,0,1,Switzerland,domestic league (tier 2)
2019/11/03,Challenge League,0,FC Chiasso,1320,1337.0,3 - 2,FC Lausanne-Sport,1700,1683.0,3,2,Switzerland,domestic league (tier 2)
2019/11/23,Challenge League,0,FC Chiasso,1365,1363.0,2 - 2,Stade Lausanne-Ouchy,1381,1383.0,2,2,Switzerland,domestic league (tier 2)
2019/12/07,Challenge League,0,FC Chiasso,1357,1351.0,0 - 1,Grasshopper Club Zürich,1618,1624.0,0,1,Switzerland,domestic league (tier 2)
2020/01/26,Challenge League,0,FC Chiasso,1358,1362.0,1 - 1,Grasshopper Club Zürich,1613,1609.0,1,1,Switzerland,domestic league (tier 2)
2020/02/09,Challenge League,0,FC Chiasso,1358,1352.0,0 - 2,FC Lausanne-Sport,1682,1688.0,0,2,Switzerland,domestic league (tier 2)
2020/02/22,Challenge League,0,FC Chiasso,1359,1373.0,2 - 0,FC Wil 1900,1425,1411.0,2,0,Switzerland,domestic league (tier 2)
2020/06/26,Challenge League,0,FC Chiasso,1361,1348.0,1 - 3,FC Aarau,1503,1516.0,1,3,Switzerland,domestic league (tier 2)
2020/07/04,Challenge League,0,FC Chiasso,1340,1339.0,1 - 1,FC Schaffhausen,1410,1411.0,1,1,Switzerland,domestic league (tier 2)
2020/07/11,Challenge League,0,FC Chiasso,1337,1323.0,2 - 4,SC Kriens,1471,1485.0,2,4,Switzerland,domestic league (tier 2)
2020/07/17,Challenge League,0,FC Chiasso,1321,1309.0,0 - 2,FC Winterthur,1480,1492.0,0,2,Switzerland,domestic league (tier 2)
2020/07/25,Challenge League,0,FC Chiasso,1315,1310.0,1 - 2,FC Vaduz,1602,1607.0,1,2,Switzerland,domestic league (tier 2)
2020/08/02,Challenge League,0,FC Chiasso,1316,1332.0,3 - 1,Stade Lausanne-Ouchy,1431,1415.0,3,1,Switzerland,domestic league (tier 2)
2020/09/27,Challenge League,0,FC Chiasso,1337,1328.0,0 - 2,Grasshopper Club Zürich,1588,1597.0,0,2,Switzerland,domestic league (tier 2)
2020/10/16,Challenge League,0,FC Chiasso,1323,1316.0,0 - 2,FC Thun,1646,1653.0,0,2,Switzerland,domestic league (tier 2)
2020/10/31,Challenge League,0,FC Chiasso,1308,1310.0,1 - 1,FC Wil 1900,1471,1469.0,1,1,Switzerland,domestic league (tier 2)
2020/11/24,Challenge League,0,FC Chiasso,1317,1331.0,3 - 2,Neuchâtel Xamax FCS,1577,1563.0,3,2,Switzerland,domestic league (tier 2)
2020/12/08,Challenge League,0,FC Chiasso,1324,1312.0,0 - 2,FC Aarau,1496,1508.0,0,2,Switzerland,domestic league (tier 2)
2020/12/18,Challenge League,0,FC Chiasso,1339,1349.0,3 - 2,SC Kriens,1438,1428.0,3,2,Switzerland,domestic league (tier 2)
2020/12/22,Challenge League,0,FC Chiasso,1349,1334.0,0 - 2,FC Schaffhausen,1449,1464.0,0,2,Switzerland,domestic league (tier 2)
2021/01/23,Challenge League,0,FC Chiasso,1334,1322.0,0 - 3,FC Winterthur,1556,1568.0,0,3,Switzerland,domestic league (tier 2)
2021/02/02,Challenge League,0,FC Chiasso,1316,1317.0,0 - 0,Stade Lausanne-Ouchy,1468,1467.0,0,0,Switzerland,domestic league (tier 2)
2021/02/13,Challenge League,0,FC Chiasso,1325,1327.0,1 - 1,FC Schaffhausen,1480,1478.0,1,1,Switzerland,domestic league (tier 2)
2021/02/26,Challenge League,0,FC Chiasso,1320,1332.0,1 - 0,FC Wil 1900,1477,1465.0,1,0,Switzerland,domestic league (tier 2)
2021/03/05,Challenge League,0,FC Chiasso,1328,1348.0,2 - 0,FC Aarau,1546,1526.0,2,0,Switzerland,domestic league (tier 2)
2021/03/19,Challenge League,0,FC Chiasso,1339,1344.0,1 - 1,FC Thun,1616,1611.0,1,1,Switzerland,domestic league (tier 2)
2021/04/09,Challenge League,0,FC Chiasso,1361,1360.0,0 - 0,SC Kriens,1439,1440.0,0,0,Switzerland,domestic league (tier 2)
2021/04/20,Challenge League,0,FC Chiasso,1355,1359.0,2 - 2,Grasshopper Club Zürich,1617,1613.0,2,2,Switzerland,domestic league (tier 2)
2021/04/23,Challenge League,0,FC Chiasso,1359,1371.0,2 - 1,Stade Lausanne-Ouchy,1524,1512.0,2,1,Switzerland,domestic league (tier 2)
2021/05/07,Challenge League,0,FC Chiasso,1367,1378.0,2 - 1,FC Winterthur,1498,1487.0,2,1,Switzerland,domestic league (tier 2)
2021/05/20,Challenge League,0,FC Chiasso,1379,1389.0,2 - 1,Neuchâtel Xamax FCS,1474,1464.0,2,1,Switzerland,domestic league (tier 2)
2025/09/21,Switzerland Cup,0,FC Concordia Basel,1421,1412.0,1 - 4,FC Lausanne-Sport,1710,1719.0,1,4,Switzerland,domestic cup
2022/09/17,Switzerland Cup,0,FC La Chaux-de-Fonds,1357,1353.0,0 - 2,"Servette FC
(as Servette Genève)",1768,1772.0,0,2,Switzerland,domestic cup
2016/07/31,Super League,0,FC Lausanne-Sport,1557,1559.0,4 - 4,FC Thun,1721,1719.0,4,4,Switzerland,domestic league (tier 1)
2016/08/11,Super League,0,FC Lausanne-Sport,1585,1594.0,1 - 0,FC St. Gallen,1664,1655.0,1,0,Switzerland,domestic league (tier 1)
2016/09/11,Super League,0,FC Lausanne-Sport,1595,1615.0,5 - 0,FC Vaduz,1688,1668.0,5,0,Switzerland,domestic league (tier 1)
2016/09/21,Super League,0,FC Lausanne-Sport,1615,1612.0,1 - 2,FC Basel,2030,2033.0,1,2,Switzerland,domestic league (tier 1)
2016/10/02,Super League,0,FC Lausanne-Sport,1638,1655.0,4 - 1,FC Lugano,1723,1706.0,4,1,Switzerland,domestic league (tier 1)
2016/10/23,Super League,0,FC Lausanne-Sport,1648,1635.0,0 - 2,FC Sion,1800,1813.0,0,2,Switzerland,domestic league (tier 1)
2016/10/30,Super League,0,FC Lausanne-Sport,1635,1627.0,2 - 3,FC Luzern,1800,1808.0,2,3,Switzerland,domestic league (tier 1)
2016/11/27,Super League,0,FC Lausanne-Sport,1616,1611.0,1 - 2,BSC Young Boys,1887,1892.0,1,2,Switzerland,domestic league (tier 1)
2016/12/04,Super League,0,FC Lausanne-Sport,1611,1601.0,1 - 2,Grasshopper Club Zürich (as Grasshoppers Zürich),1726,1736.0,1,2,Switzerland,domestic league (tier 1)
2017/02/05,Super League,0,FC Lausanne-Sport,1605,1608.0,4 - 4,FC Luzern,1815,1812.0,4,4,Switzerland,domestic league (tier 1)
2017/02/26,Super League,0,FC Lausanne-Sport,1602,1595.0,0 - 1,FC Sion,1828,1835.0,0,1,Switzerland,domestic league (tier 1)
2017/03/12,Super League,0,FC Lausanne-Sport,1590,1596.0,0 - 0,BSC Young Boys,1906,1900.0,0,0,Switzerland,domestic league (tier 1)
2017/04/02,Super League,0,FC Lausanne-Sport,1610,1609.0,0 - 0,Grasshopper Club Zürich (as Grasshoppers Zürich),1675,1676.0,0,0,Switzerland,domestic league (tier 1)
2017/04/15,Super League,0,FC Lausanne-Sport,1632,1626.0,0 - 4,FC Basel,2015,2021.0,0,4,Switzerland,domestic league (tier 1)
2017/04/29,Super League,0,FC Lausanne-Sport,1643,1623.0,1 - 3,FC Vaduz,1630,1650.0,1,3,Switzerland,domestic league (tier 1)
2017/05/07,Super League,0,FC Lausanne-Sport,1623,1611.0,0 - 1,FC St. Gallen,1650,1662.0,0,1,Switzerland,domestic league (tier 1)
2017/05/20,Super League,0,FC Lausanne-Sport,1645,1645.0,0 - 0,FC Thun,1728,1728.0,0,0,Switzerland,domestic league (tier 1)
2017/05/28,Super League,0,FC Lausanne-Sport,1645,1635.0,1 - 2,FC Lugano,1750,1760.0,1,2,Switzerland,domestic league (tier 1)
2017/07/22,Super League,0,FC Lausanne-Sport,1632,1630.0,3 - 3,FC St. Gallen,1678,1680.0,3,3,Switzerland,domestic league (tier 1)
2017/07/30,Super League,0,FC Lausanne-Sport,1630,1620.0,0 - 1,FC Sion,1744,1754.0,0,1,Switzerland,domestic league (tier 1)
2017/08/09,Super League,0,FC Lausanne-Sport,1617,1608.0,2 - 3,FC Lugano,1739,1748.0,2,3,Switzerland,domestic league (tier 1)
2017/08/26,Super League,0,FC Lausanne-Sport,1601,1600.0,1 - 1,Grasshopper Club Zürich,1680,1681.0,1,1,Switzerland,domestic league (tier 1)
2017/09/20,Super League,0,FC Lausanne-Sport,1624,1626.0,1 - 1,FC Zürich,1806,1804.0,1,1,Switzerland,domestic league (tier 1)
2017/10/14,Super League,0,FC Lausanne-Sport,1647,1661.0,2 - 1,BSC Young Boys,1904,1890.0,2,1,Switzerland,domestic league (tier 1)
2017/10/28,Super League,0,FC Lausanne-Sport,1677,1660.0,1 - 3,FC Thun,1735,1752.0,1,3,Switzerland,domestic league (tier 1)
2017/11/19,Super League,0,FC Lausanne-Sport,1653,1667.0,3 - 1,FC Luzern,1739,1725.0,3,1,Switzerland,domestic league (tier 1)
2017/12/02,Super League,0,FC Lausanne-Sport,1661,1655.0,1 - 4,FC Basel,2027,2033.0,1,4,Switzerland,domestic league (tier 1)
2017/12/17,Super League,0,FC Lausanne-Sport,1670,1691.0,5 - 1,FC Zürich,1807,1786.0,5,1,Switzerland,domestic league (tier 1)
2018/02/11,Super League,0,FC Lausanne-Sport,1685,1673.0,1 - 4,BSC Young Boys,1902,1914.0,1,4,Switzerland,domestic league (tier 1)
2018/03/10,Super League,0,FC Lausanne-Sport,1667,1648.0,1 - 4,FC St. Gallen,1730,1749.0,1,4,Switzerland,domestic league (tier 1)
2018/03/14,Super League,0,FC Lausanne-Sport,1648,1654.0,1 - 1,FC Basel,2010,2004.0,1,1,Switzerland,domestic league (tier 1)
2018/04/02,Super League,0,FC Lausanne-Sport,1658,1668.0,2 - 1,FC Lugano,1741,1731.0,2,1,Switzerland,domestic league (tier 1)
2018/04/08,Super League,0,FC Lausanne-Sport,1668,1650.0,0 - 2,FC Sion,1686,1704.0,0,2,Switzerland,domestic league (tier 1)
2018/04/19,Super League,0,FC Lausanne-Sport,1649,1640.0,0 - 1,FC Luzern,1768,1777.0,0,1,Switzerland,domestic league (tier 1)
2018/04/28,Super League,0,FC Lausanne-Sport,1637,1626.0,0 - 1,Grasshopper Club Zürich,1704,1715.0,0,1,Switzerland,domestic league (tier 1)
2018/07/20,Challenge League,0,FC Lausanne-Sport,1650,1641.0,1 - 1,SC Kriens,1299,1308.0,1,1,Switzerland,domestic league (tier 2)
2018/08/04,Challenge League,0,FC Lausanne-Sport,1653,1657.0,5 - 1,FC Chiasso,1375,1371.0,5,1,Switzerland,domestic league (tier 2)
2018/08/11,Challenge League,0,FC Lausanne-Sport,1657,1661.0,1 - 0,FC Rapperswil-Jona,1514,1510.0,1,0,Switzerland,domestic league (tier 2)
2018/09/21,Challenge League,0,FC Lausanne-Sport,1661,1653.0,1 - 1,FC Aarau,1403,1411.0,1,1,Switzerland,domestic league (tier 2)
2018/09/29,Challenge League,0,FC Lausanne-Sport,1641,1635.0,2 - 2,FC Wil 1900,1498,1504.0,2,2,Switzerland,domestic league (tier 2)
2018/10/20,Challenge League,0,FC Lausanne-Sport,1631,1639.0,2 - 0,FC Schaffhausen,1546,1538.0,2,0,Switzerland,domestic league (tier 2)
2018/11/03,Challenge League,0,FC Lausanne-Sport,1638,1623.0,1 - 2,FC Vaduz,1547,1562.0,1,2,Switzerland,domestic league (tier 2)
2018/11/24,Challenge League,0,FC Lausanne-Sport,1619,1626.0,5 - 1,FC Winterthur,1478,1471.0,5,1,Switzerland,domestic league (tier 2)
2018/12/08,Challenge League,0,FC Lausanne-Sport,1624,1621.0,1 - 1,Servette FC (as Servette Genève),1632,1635.0,1,1,Switzerland,domestic league (tier 2)
2019/02/13,Challenge League,0,FC Lausanne-Sport,1634,1636.0,3 - 2,SC Kriens,1380,1378.0,3,2,Switzerland,domestic league (tier 2)
2019/02/16,Challenge League,0,FC Lausanne-Sport,1636,1639.0,1 - 0,FC Rapperswil-Jona,1408,1405.0,1,0,Switzerland,domestic league (tier 2)
2019/03/09,Challenge League,0,FC Lausanne-Sport,1637,1631.0,0 - 0,FC Aarau,1509,1515.0,0,0,Switzerland,domestic league (tier 2)
2019/03/30,Challenge League,0,FC Lausanne-Sport,1643,1635.0,1 - 1,FC Chiasso,1404,1412.0,1,1,Switzerland,domestic league (tier 2)
2019/04/03,Challenge League,0,FC Lausanne-Sport,1635,1617.0,0 - 2,Servette FC (as Servette Genève),1656,1674.0,0,2,Switzerland,domestic league (tier 2)
2019/04/13,Challenge League,0,FC Lausanne-Sport,1624,1629.0,2 - 0,FC Wil 1900,1457,1452.0,2,0,Switzerland,domestic league (tier 2)
2019/04/26,Challenge League,0,FC Lausanne-Sport,1642,1648.0,4 - 1,FC Winterthur,1485,1479.0,4,1,Switzerland,domestic league (tier 2)
2019/05/15,Challenge League,0,FC Lausanne-Sport,1623,1616.0,0 - 0,FC Schaffhausen,1426,1433.0,0,0,Switzerland,domestic league (tier 2)
2019/05/26,Challenge League,0,FC Lausanne-Sport,1626,1633.0,6 - 2,FC Vaduz,1467,1460.0,6,2,Switzerland,domestic league (tier 2)
2019/07/27,Challenge League,0,FC Lausanne-Sport,1630,1634.0,3 - 0,FC Chiasso,1385,1381.0,3,0,Switzerland,domestic league (tier 2)
2019/08/10,Challenge League,0,FC Lausanne-Sport,1655,1659.0,4 - 0,SC Kriens,1392,1388.0,4,0,Switzerland,domestic league (tier 2)
2019/08/24,Challenge League,0,FC Lausanne-Sport,1659,1669.0,5 - 1,FC Aarau,1574,1564.0,5,1,Switzerland,domestic league (tier 2)
2019/09/25,Challenge League,0,FC Lausanne-Sport,1669,1675.0,2 - 1,Grasshopper Club Zürich,1627,1621.0,2,1,Switzerland,domestic league (tier 2)
2019/10/04,Challenge League,0,FC Lausanne-Sport,1672,1666.0,0 - 0,FC Winterthur,1530,1536.0,0,0,Switzerland,domestic league (tier 2)
2019/10/27,Challenge League,0,FC Lausanne-Sport,1680,1684.0,5 - 0,Stade Lausanne-Ouchy,1413,1409.0,5,0,Switzerland,domestic league (tier 2)
2019/11/10,Challenge League,0,FC Lausanne-Sport,1683,1687.0,5 - 0,FC Schaffhausen,1418,1414.0,5,0,Switzerland,domestic league (tier 2)
2019/11/22,Challenge League,0,FC Lausanne-Sport,1687,1692.0,5 - 0,FC Wil 1900,1458,1453.0,5,0,Switzerland,domestic league (tier 2)
2019/12/08,Challenge League,0,FC Lausanne-Sport,1697,1672.0,0 - 2,FC Vaduz,1521,1546.0,0,2,Switzerland,domestic league (tier 2)
2020/02/02,Challenge League,0,FC Lausanne-Sport,1678,1682.0,2 - 0,SC Kriens,1435,1431.0,2,0,Switzerland,domestic league (tier 2)
2020/02/16,Challenge League,0,FC Lausanne-Sport,1688,1691.0,1 - 0,FC Aarau,1512,1509.0,1,0,Switzerland,domestic league (tier 2)
2020/06/23,Challenge League,0,FC Lausanne-Sport,1695,1689.0,1 - 1,FC Vaduz,1564,1570.0,1,1,Switzerland,domestic league (tier 2)
2020/06/30,Challenge League,0,FC Lausanne-Sport,1674,1666.0,0 - 0,Stade Lausanne-Ouchy,1427,1435.0,0,0,Switzerland,domestic league (tier 2)
2020/07/07,Challenge League,0,FC Lausanne-Sport,1654,1656.0,2 - 1,FC Chiasso,1339,1337.0,2,1,Switzerland,domestic league (tier 2)
2020/07/10,Challenge League,0,FC Lausanne-Sport,1656,1658.0,1 - 0,FC Schaffhausen,1399,1397.0,1,0,Switzerland,domestic league (tier 2)
2020/07/17,Challenge League,0,FC Lausanne-Sport,1672,1678.0,1 - 0,Grasshopper Club Zürich,1624,1618.0,1,0,Switzerland,domestic league (tier 2)
2020/07/24,Challenge League,0,FC Lausanne-Sport,1668,1651.0,1 - 2,FC Winterthur,1488,1505.0,1,2,Switzerland,domestic league (tier 2)
2020/08/02,Challenge League,0,FC Lausanne-Sport,1664,1669.0,5 - 3,FC Wil 1900,1464,1459.0,5,3,Switzerland,domestic league (tier 2)
2020/09/20,Super League,0,FC Lausanne-Sport,1679,1688.0,2 - 1,Servette FC (as Servette Genève),1761,1752.0,2,1,Switzerland,domestic league (tier 1)
2020/10/03,Super League,0,FC Lausanne-Sport,1692,1705.0,4 - 0,FC Zürich,1684,1671.0,4,0,Switzerland,domestic league (tier 1)
2020/11/07,Super League,0,FC Lausanne-Sport,1708,1698.0,0 - 1,FC Lugano,1804,1814.0,0,1,Switzerland,domestic league (tier 1)
2020/11/29,Super League,0,FC Lausanne-Sport,1701,1692.0,0 - 3,BSC Young Boys,1994,2003.0,0,3,Switzerland,domestic league (tier 1)
2020/12/02,Super League,0,FC Lausanne-Sport,1692,1701.0,3 - 0,FC Vaduz,1597,1588.0,3,0,Switzerland,domestic league (tier 1)
2020/12/13,Super League,0,FC Lausanne-Sport,1688,1679.0,0 - 1,FC St. Gallen,1822,1831.0,0,1,Switzerland,domestic league (tier 1)
2020/12/20,Super League,0,FC Lausanne-Sport,1694,1703.0,2 - 1,FC Luzern,1757,1748.0,2,1,Switzerland,domestic league (tier 1)
2021/01/23,Super League,0,FC Lausanne-Sport,1709,1696.0,0 - 1,FC Sion,1702,1715.0,0,1,Switzerland,domestic league (tier 1)
2021/02/04,Super League,0,FC Lausanne-Sport,1701,1690.0,1 - 3,FC Basel,1894,1905.0,1,3,Switzerland,domestic league (tier 1)
2021/02/13,Super League,0,FC Lausanne-Sport,1686,1700.0,3 - 1,Servette FC (as Servette Genève),1755,1741.0,3,1,Switzerland,domestic league (tier 1)
2021/02/28,Super League,0,FC Lausanne-Sport,1692,1707.0,2 - 0,FC Lugano,1786,1771.0,2,0,Switzerland,domestic league (tier 1)
2021/03/07,Super League,0,FC Lausanne-Sport,1726,1705.0,1 - 3,FC Sion,1665,1686.0,1,3,Switzerland,domestic league (tier 1)
2021/03/20,Super League,0,FC Lausanne-Sport,1708,1717.0,4 - 3,FC St. Gallen,1778,1769.0,4,3,Switzerland,domestic league (tier 1)
2021/04/03,Super League,0,FC Lausanne-Sport,1717,1726.0,2 - 1,FC Luzern,1771,1762.0,2,1,Switzerland,domestic league (tier 1)
2021/04/18,Super League,0,FC Lausanne-Sport,1721,1726.0,2 - 1,FC Vaduz,1652,1647.0,2,1,Switzerland,domestic league (tier 1)
2021/04/24,Super League,0,FC Lausanne-Sport,1720,1720.0,3 - 3,FC Basel,1830,1830.0,3,3,Switzerland,domestic league (tier 1)
2021/05/09,Super League,0,FC Lausanne-Sport,1722,1719.0,2 - 2,FC Zürich,1720,1723.0,2,2,Switzerland,domestic league (tier 1)
2021/05/21,Super League,0,FC Lausanne-Sport,1730,1723.0,2 - 4,BSC Young Boys,2022,2029.0,2,4,Switzerland,domestic league (tier 1)
2022/07/22,Challenge League,0,FC Lausanne-Sport,1599,1613.0,5 - 1,FC Schaffhausen,1605,1591.0,5,1,Switzerland,domestic league (tier 2)
2022/08/07,Challenge League,0,FC Lausanne-Sport,1625,1619.0,0 - 0,Stade Lausanne-Ouchy,1494,1500.0,0,0,Switzerland,domestic league (tier 2)
2022/08/28,Challenge League,0,FC Lausanne-Sport,1627,1635.0,3 - 1,FC Vaduz,1560,1552.0,3,1,Switzerland,domestic league (tier 2)
2022/09/11,Challenge League,0,FC Lausanne-Sport,1612,1615.0,3 - 2,Yverdon Sport FC,1442,1439.0,3,2,Switzerland,domestic league (tier 2)
2022/09/18,Switzerland Cup,0,FC Lausanne-Sport,1615,1627.0,3 - 2,FC Zürich,1774,1762.0,3,2,Switzerland,domestic cup
2022/09/30,Challenge League,0,FC Lausanne-Sport,1627,1635.0,4 - 0,FC Wil 1900,1487,1479.0,4,0,Switzerland,domestic league (tier 2)
2022/10/14,Challenge League,0,FC Lausanne-Sport,1624,1627.0,2 - 1,Neuchâtel Xamax FCS,1414,1411.0,2,1,Switzerland,domestic league (tier 2)
2022/10/21,Challenge League,0,FC Lausanne-Sport,1616,1618.0,2 - 1,FC Thun Berner Oberland,1355,1353.0,2,1,Switzerland,domestic league (tier 2)
2022/11/09,Switzerland Cup,0,FC Lausanne-Sport,1598,1592.0,1 - 5,BSC Young Boys,1974,1980.0,1,5,Switzerland,domestic cup
2022/11/13,Challenge League,0,FC Lausanne-Sport,1592,1587.0,1 - 1,AC Bellinzona,1514,1519.0,1,1,Switzerland,domestic league (tier 2)
2022/11/27,Challenge League,0,FC Lausanne-Sport,1578,1574.0,2 - 2,FC Aarau,1544,1548.0,2,2,Switzerland,domestic league (tier 2)
2023/02/03,Challenge League,0,FC Lausanne-Sport,1592,1603.0,4 - 1,FC Aarau,1552,1541.0,4,1,Switzerland,domestic league (tier 2)
2023/02/19,Challenge League,0,FC Lausanne-Sport,1611,1605.0,1 - 1,AC Bellinzona,1442,1448.0,1,1,Switzerland,domestic league (tier 2)
2023/03/05,Challenge League,0,FC Lausanne-Sport,1616,1610.0,0 - 0,FC Vaduz,1485,1491.0,0,0,Switzerland,domestic league (tier 2)
2023/03/19,Challenge League,0,FC Lausanne-Sport,1621,1597.0,1 - 3,FC Thun Berner Oberland,1465,1489.0,1,3,Switzerland,domestic league (tier 2)
2023/04/02,Challenge League,0,FC Lausanne-Sport,1597,1606.0,2 - 0,Yverdon Sport FC,1537,1528.0,2,0,Switzerland,domestic league (tier 2)
2023/04/16,Challenge League,0,FC Lausanne-Sport,1593,1598.0,2 - 1,Stade Lausanne-Ouchy,1499,1494.0,2,1,Switzerland,domestic league (tier 2)
2023/04/28,Challenge League,0,FC Lausanne-Sport,1599,1594.0,1 - 1,FC Schaffhausen,1519,1524.0,1,1,Switzerland,domestic league (tier 2)
2023/05/12,Challenge League,0,FC Lausanne-Sport,1585,1588.0,2 - 1,Neuchâtel Xamax FCS,1381,1378.0,2,1,Switzerland,domestic league (tier 2)
2023/05/23,Challenge League,0,FC Lausanne-Sport,1588,1596.0,2 - 0,FC Wil 1900,1509,1501.0,2,0,Switzerland,domestic league (tier 2)
2023/07/29,Super League,0,FC Lausanne-Sport,1597,1597.0,1 - 1,Grasshopper Club Zürich,1681,1681.0,1,1,Switzerland,domestic league (tier 1)
2023/08/06,Super League,0,FC Lausanne-Sport,1597,1583.0,1 - 2,Yverdon Sport FC,1555,1569.0,1,2,Switzerland,domestic league (tier 1)
2023/08/27,Super League,0,FC Lausanne-Sport,1600,1578.0,2 - 5,FC Winterthur,1611,1633.0,2,5,Switzerland,domestic league (tier 1)
2023/09/23,Super League,0,FC Lausanne-Sport,1583,1587.0,0 - 0,FC Zürich,1822,1818.0,0,0,Switzerland,domestic league (tier 1)
2023/10/08,Super League,0,FC Lausanne-Sport,1581,1600.0,3 - 1,FC Luzern,1781,1762.0,3,1,Switzerland,domestic league (tier 1)
2023/10/29,Super League,0,FC Lausanne-Sport,1603,1621.0,3 - 0,FC Basel 1893,1708,1690.0,3,0,Switzerland,domestic league (tier 1)
2023/11/01,Switzerland Cup,0,FC Lausanne-Sport,1621,1607.0,0 - 4,FC Lugano,1802,1816.0,0,4,Switzerland,domestic cup
2023/11/04,Super League,0,FC Lausanne-Sport,1607,1627.0,3 - 1,FC Lugano,1816,1796.0,3,1,Switzerland,domestic league (tier 1)
2023/11/26,Super League,0,FC Lausanne-Sport,1628,1634.0,1 - 0,Stade Lausanne-Ouchy,1582,1576.0,1,0,Switzerland,domestic league (tier 1)
2023/12/09,Super League,0,FC Lausanne-Sport,1621,1624.0,1 - 1,Servette FC,1839,1836.0,1,1,Switzerland,domestic league (tier 1)
2024/01/20,Super League,0,FC Lausanne-Sport,1617,1609.0,0 - 1,FC St. Gallen,1796,1804.0,0,1,Switzerland,domestic league (tier 1)
2024/02/03,Super League,0,FC Lausanne-Sport,1611,1607.0,0 - 1,BSC Young Boys,1967,1971.0,0,1,Switzerland,domestic league (tier 1)
2024/02/17,Super League,0,FC Lausanne-Sport,1608,1619.0,3 - 1,Yverdon Sport FC,1617,1606.0,3,1,Switzerland,domestic league (tier 1)
2024/02/25,Super League,0,FC Lausanne-Sport,1619,1618.0,1 - 1,FC Winterthur,1680,1681.0,1,1,Switzerland,domestic league (tier 1)
2024/03/17,Super League,0,FC Lausanne-Sport,1630,1653.0,2 - 0,BSC Young Boys,1924,1901.0,2,0,Switzerland,domestic league (tier 1)
2024/04/04,Super League,0,FC Lausanne-Sport,1666,1665.0,3 - 3,FC St. Gallen,1725,1726.0,3,3,Switzerland,domestic league (tier 1)
2024/04/13,Super League,0,FC Lausanne-Sport,1669,1679.0,1 - 0,FC Zürich,1772,1762.0,1,0,Switzerland,domestic league (tier 1)
2024/05/10,Super League,0,FC Lausanne-Sport,1660,1660.0,0 - 0,FC Basel 1893,1744,1744.0,0,0,Switzerland,domestic league (tier 1)
2024/05/15,Super League,0,FC Lausanne-Sport,1660,1643.0,0 - 2,FC Luzern,1712,1729.0,0,2,Switzerland,domestic league (tier 1)
2024/05/21,Super League,0,FC Lausanne-Sport,1662,1659.0,0 - 0,Grasshopper Club Zürich,1637,1640.0,0,0,Switzerland,domestic league (tier 1)
2024/07/21,Super League,0,FC Lausanne-Sport,1659,1669.0,3 - 2,FC Basel 1893,1753,1743.0,3,2,Switzerland,domestic league (tier 1)
2024/08/04,Super League,0,FC Lausanne-Sport,1657,1648.0,3 - 4,FC St. Gallen,1779,1788.0,3,4,Switzerland,domestic league (tier 1)
2024/09/18,Super League,0,FC Lausanne-Sport,1650,1642.0,1 - 2,FC Lugano,1818,1826.0,1,2,Switzerland,domestic league (tier 1)
2024/09/22,Super League,0,FC Lausanne-Sport,1642,1652.0,3 - 1,Yverdon Sport FC,1618,1608.0,3,1,Switzerland,domestic league (tier 1)
2024/10/20,Super League,0,FC Lausanne-Sport,1653,1663.0,2 - 0,FC Winterthur,1636,1626.0,2,0,Switzerland,domestic league (tier 1)
2024/10/26,Super League,0,FC Lausanne-Sport,1663,1675.0,3 - 0,Grasshopper Club Zürich,1648,1636.0,3,0,Switzerland,domestic league (tier 1)
2024/11/03,Super League,0,FC Lausanne-Sport,1697,1708.0,1 - 0,Servette FC,1840,1829.0,1,0,Switzerland,domestic league (tier 1)
2024/11/23,Super League,0,FC Lausanne-Sport,1698,1705.0,1 - 0,FC Sion,1681,1674.0,1,0,Switzerland,domestic league (tier 1)
2024/12/08,Super League,0,FC Lausanne-Sport,1728,1744.0,3 - 0,FC Zürich,1794,1778.0,3,0,Switzerland,domestic league (tier 1)
2025/01/19,Super League,0,FC Lausanne-Sport,1771,1767.0,0 - 0,FC Luzern,1716,1720.0,0,0,Switzerland,domestic league (tier 1)
2025/02/01,Super League,0,FC Lausanne-Sport,1759,1747.0,1 - 2,BSC Young Boys,1802,1814.0,1,2,Switzerland,domestic league (tier 1)
2025/02/08,Super League,0,FC Lausanne-Sport,1747,1754.0,4 - 1,Yverdon Sport FC,1602,1595.0,4,1,Switzerland,domestic league (tier 1)
2025/02/22,Super League,0,FC Lausanne-Sport,1758,1753.0,2 - 2,Grasshopper Club Zürich,1653,1658.0,2,2,Switzerland,domestic league (tier 1)
2025/03/01,Super League,0,FC Lausanne-Sport,1747,1736.0,0 - 1,Servette FC,1821,1832.0,0,1,Switzerland,domestic league (tier 1)
2025/03/30,Super League,0,FC Lausanne-Sport,1746,1723.0,1 - 4,FC Luzern,1731,1754.0,1,4,Switzerland,domestic league (tier 1)
2025/04/05,Super League,0,FC Lausanne-Sport,1726,1735.0,2 - 0,FC Sion,1676,1667.0,2,0,Switzerland,domestic league (tier 1)
2025/04/21,Super League,0,FC Lausanne-Sport,1724,1736.0,2 - 0,FC Lugano,1746,1734.0,2,0,Switzerland,domestic league (tier 1)
2025/05/03,Super League,0,FC Lausanne-Sport,1732,1742.0,3 - 2,BSC Young Boys,1818,1808.0,3,2,Switzerland,domestic league (tier 1)
2025/05/14,Super League,0,FC Lausanne-Sport,1744,1735.0,2 - 3,FC Basel 1893,1889,1898.0,2,3,Switzerland,domestic league (tier 1)
2025/05/18,Super League,0,FC Lausanne-Sport,1735,1732.0,1 - 1,FC Lugano,1728,1731.0,1,1,Switzerland,domestic league (tier 1)
2025/07/27,Super League,0,FC Lausanne-Sport,1725,1730.0,3 - 2,FC Winterthur,1653,1648.0,3,2,Switzerland,domestic league (tier 1)
2025/08/10,Super League,0,FC Lausanne-Sport,1726,1713.0,1 - 2,FC Zürich,1701,1714.0,1,2,Switzerland,domestic league (tier 1)
2025/08/31,Super League,0,FC Lausanne-Sport,1735,1722.0,1 - 2,FC St. Gallen,1737,1750.0,1,2,Switzerland,domestic league (tier 1)
2025/10/05,Super League,0,FC Lausanne-Sport,1725,1746.0,5 - 0,BSC Young Boys,1844,1823.0,5,0,Switzerland,domestic league (tier 1)
2025/10/26,Super League,0,FC Lausanne-Sport,1751,1772.0,5 - 1,FC Basel 1893,1893,1872.0,5,1,Switzerland,domestic league (tier 1)
2025/10/29,Super League,0,FC Lausanne-Sport,1772,1751.0,1 - 3,Servette FC,1738,1759.0,1,3,Switzerland,domestic league (tier 1)
2025/11/09,Super League,0,FC Lausanne-Sport,1759,1754.0,2 - 2,FC Sion,1690,1695.0,2,2,Switzerland,domestic league (tier 1)
2025/11/30,Super League,0,FC Lausanne-Sport,1735,1741.0,2 - 1,FC Thun Berner Oberland,1708,1702.0,2,1,Switzerland,domestic league (tier 1)
2025/12/07,Super League,0,FC Lausanne-Sport,1731,1728.0,0 - 0,FC Lugano,1722,1725.0,0,0,Switzerland,domestic league (tier 1)
2025/12/21,Super League,0,FC Lausanne-Sport,1748,1720.0,0 - 4,FC Luzern,1660,1688.0,0,4,Switzerland,domestic league (tier 1)
2026/01/24,Super League,0,FC Lausanne-Sport,1754,1749.0,1 - 1,Grasshopper Club Zürich,1642,1647.0,1,1,Switzerland,domestic league (tier 1)
2026/02/08,Super League,0,FC Lausanne-Sport,1737,1735.0,1 - 1,FC St. Gallen,1760,1762.0,1,1,Switzerland,domestic league (tier 1)
2026/02/15,Super League,0,FC Lausanne-Sport,1724,1721.0,3 - 3,Servette FC,1722,1725.0,3,3,Switzerland,domestic league (tier 1)
2026/03/01,Super League,0,FC Lausanne-Sport,1706,1695.0,1 - 2,FC Basel 1893,1775,1786.0,1,2,Switzerland,domestic league (tier 1)
2026/03/15,Super League,0,FC Lausanne-Sport,1718,1700.0,0 - 2,BSC Young Boys,1756,1774.0,0,2,Switzerland,domestic league (tier 1)
2026/04/04,Super League,0,FC Lausanne-Sport,1687,1691.0,2 - 1,FC Winterthur,1559,1555.0,2,1,Switzerland,domestic league (tier 1)
2026/04/25,Super League,0,FC Lausanne-Sport,1681,1691.0,3 - 0,FC Zürich,1623,1613.0,3,0,Switzerland,domestic league (tier 1)
2026/05/02,Super League,0,FC Lausanne-Sport,1691,1673.0,1 - 3,FC Luzern,1711,1729.0,1,3,Switzerland,domestic league (tier 1)
2026/05/16,Super League,0,FC Lausanne-Sport,1655,1633.0,1 - 3,Grasshopper Club Zürich,1584,1606.0,1,3,Switzerland,domestic league (tier 1)
2026/07/25,Super League,0,FC Lausanne-Sport,1633,1630.0,1 - 1,Grasshopper Club Zürich,1616,1619.0,1,1,Switzerland,domestic league (tier 1)
2026/08/08,Super League,0,FC Lausanne-Sport,1646,1648.0,2 - 2,BSC Young Boys,1829,1827.0,2,2,Switzerland,domestic league (tier 1)
2026/08/29,Super League,0,FC Lausanne-Sport,1643,1629.0,2 - 3,FC Zürich,1597,1611.0,2,3,Switzerland,domestic league (tier 1)
2016/07/24,Challenge League,0,FC Le Mont,1364,1344.0,0 - 3,FC Wohlen,1413,1433.0,0,3,Switzerland,domestic league (tier 2)
2016/08/10,Challenge League,0,FC Le Mont,1360,1355.0,0 - 2,FC Zürich,1738,1743.0,0,2,Switzerland,domestic league (tier 2)
2016/08/28,Challenge League,0,FC Le Mont,1365,1365.0,1 - 1,FC Winterthur,1476,1476.0,1,1,Switzerland,domestic league (tier 2)
2016/09/24,Challenge League,0,FC Le Mont,1351,1366.0,1 - 0,Neuchâtel Xamax FCS,1639,1624.0,1,0,Switzerland,domestic league (tier 2)
2016/10/01,Challenge League,0,FC Le Mont,1366,1364.0,0 - 0,FC Chiasso,1394,1396.0,0,0,Switzerland,domestic league (tier 2)
2016/10/30,Challenge League,0,FC Le Mont,1387,1396.0,1 - 0,FC Schaffhausen,1458,1449.0,1,0,Switzerland,domestic league (tier 2)
2016/11/20,Challenge League,0,FC Le Mont,1401,1402.0,0 - 0,FC Wil 1900,1552,1551.0,0,0,Switzerland,domestic league (tier 2)
2016/11/27,Challenge League,0,FC Le Mont,1402,1388.0,0 - 2,Servette FC (as Servette Genève),1528,1542.0,0,2,Switzerland,domestic league (tier 2)
2016/12/11,Challenge League,0,FC Le Mont,1385,1387.0,0 - 0,FC Aarau,1573,1571.0,0,0,Switzerland,domestic league (tier 2)
2017/02/12,Challenge League,0,FC Le Mont,1393,1401.0,2 - 1,FC Chiasso,1420,1412.0,2,1,Switzerland,domestic league (tier 2)
2017/03/05,Challenge League,0,FC Le Mont,1393,1401.0,1 - 0,FC Winterthur,1436,1428.0,1,0,Switzerland,domestic league (tier 2)
2017/03/20,Challenge League,0,FC Le Mont,1405,1399.0,1 - 2,Neuchâtel Xamax FCS,1635,1641.0,1,2,Switzerland,domestic league (tier 2)
2017/04/10,Challenge League,0,FC Le Mont,1402,1397.0,2 - 5,FC Zürich,1802,1807.0,2,5,Switzerland,domestic league (tier 2)
2017/04/23,Challenge League,0,FC Le Mont,1386,1371.0,0 - 2,FC Schaffhausen,1486,1501.0,0,2,Switzerland,domestic league (tier 2)
2017/04/30,Challenge League,0,FC Le Mont,1371,1359.0,0 - 1,FC Wil 1900,1399,1411.0,0,1,Switzerland,domestic league (tier 2)
2017/05/14,Challenge League,0,FC Le Mont,1357,1347.0,1 - 2,FC Wohlen,1443,1453.0,1,2,Switzerland,domestic league (tier 2)
2017/05/18,Challenge League,0,FC Le Mont,1347,1359.0,1 - 0,FC Aarau,1513,1501.0,1,0,Switzerland,domestic league (tier 2)
2017/06/03,Challenge League,0,FC Le Mont,1372,1365.0,0 - 1,Servette FC (as Servette Genève),1598,1605.0,0,1,Switzerland,domestic league (tier 2)
2016/07/23,Super League,0,FC Lugano,1689,1681.0,1 - 2,FC Luzern,1850,1858.0,1,2,Switzerland,domestic league (tier 1)
2016/08/07,Super League,0,FC Lugano,1698,1678.0,0 - 2,FC Vaduz,1680,1700.0,0,2,Switzerland,domestic league (tier 1)
2016/08/10,Super League,0,FC Lugano,1678,1692.0,3 - 1,FC Sion,1765,1751.0,3,1,Switzerland,domestic league (tier 1)
2016/08/27,Super League,0,FC Lugano,1696,1691.0,1 - 1,FC Lausanne-Sport,1590,1595.0,1,1,Switzerland,domestic league (tier 1)
2016/09/22,Super League,0,FC Lugano,1709,1722.0,2 - 0,Grasshopper Club Zürich (as Grasshoppers Zürich),1769,1756.0,2,0,Switzerland,domestic league (tier 1)
2016/10/16,Super League,0,FC Lugano,1706,1707.0,0 - 0,BSC Young Boys,1852,1851.0,0,0,Switzerland,domestic league (tier 1)
2016/10/22,Super League,0,FC Lugano,1707,1712.0,2 - 2,FC Basel,2016,2011.0,2,2,Switzerland,domestic league (tier 1)
2016/11/06,Super League,0,FC Lugano,1687,1673.0,2 - 3,FC St. Gallen,1639,1653.0,2,3,Switzerland,domestic league (tier 1)
2016/12/04,Super League,0,FC Lugano,1654,1652.0,1 - 1,FC Thun,1684,1686.0,1,1,Switzerland,domestic league (tier 1)
2017/02/11,Super League,0,FC Lugano,1654,1670.0,3 - 0,Grasshopper Club Zürich (as Grasshoppers Zürich),1717,1701.0,3,0,Switzerland,domestic league (tier 1)
2017/03/04,Super League,0,FC Lugano,1685,1690.0,2 - 1,FC Lausanne-Sport,1595,1590.0,2,1,Switzerland,domestic league (tier 1)
2017/03/19,Super League,0,FC Lugano,1678,1668.0,0 - 2,BSC Young Boys,1900,1910.0,0,2,Switzerland,domestic league (tier 1)
2017/04/09,Super League,0,FC Lugano,1692,1708.0,4 - 2,FC Sion,1816,1800.0,4,2,Switzerland,domestic league (tier 1)
2017/04/17,Super League,0,FC Lugano,1708,1714.0,2 - 1,FC Thun,1677,1671.0,2,1,Switzerland,domestic league (tier 1)
2017/05/07,Super League,0,FC Lugano,1744,1749.0,2 - 2,FC Basel,2019,2014.0,2,2,Switzerland,domestic league (tier 1)
2017/05/16,Super League,0,FC Lugano,1739,1745.0,3 - 2,FC St. Gallen,1672,1666.0,3,2,Switzerland,domestic league (tier 1)
2017/05/20,Super League,0,FC Lugano,1745,1750.0,2 - 1,FC Vaduz,1638,1633.0,2,1,Switzerland,domestic league (tier 1)
2017/06/02,Super League,0,FC Lugano,1760,1747.0,0 - 1,FC Luzern,1749,1762.0,0,1,Switzerland,domestic league (tier 1)
2017/08/05,Super League,0,FC Lugano,1740,1739.0,0 - 0,FC Zürich,1801,1802.0,0,0,Switzerland,domestic league (tier 1)
2017/08/16,Super League,0,FC Lugano,1748,1734.0,0 - 1,FC St. Gallen,1681,1695.0,0,1,Switzerland,domestic league (tier 1)
2017/08/26,Super League,0,FC Lugano,1742,1755.0,4 - 1,FC Thun,1757,1744.0,4,1,Switzerland,domestic league (tier 1)
2017/09/21,Super League,0,FC Lugano,1742,1729.0,1 - 2,FC Sion,1719,1732.0,1,2,Switzerland,domestic league (tier 1)
2017/09/24,Super League,0,FC Lugano,1729,1705.0,0 - 3,Grasshopper Club Zürich,1704,1728.0,0,3,Switzerland,domestic league (tier 1)
2017/10/14,Super League,0,FC Lugano,1687,1678.0,0 - 4,FC Basel,1984,1993.0,0,4,Switzerland,domestic league (tier 1)
2017/10/29,Super League,0,FC Lugano,1699,1707.0,1 - 0,FC Luzern,1735,1727.0,1,0,Switzerland,domestic league (tier 1)
2017/11/26,Super League,0,FC Lugano,1738,1730.0,1 - 2,BSC Young Boys,1896,1904.0,1,2,Switzerland,domestic league (tier 1)
2017/12/10,Super League,0,FC Lugano,1762,1747.0,1 - 2,FC Lausanne-Sport,1655,1670.0,1,2,Switzerland,domestic league (tier 1)
2018/02/10,Super League,0,FC Lugano,1784,1788.0,1 - 0,FC Sion,1667,1663.0,1,0,Switzerland,domestic league (tier 1)
2018/02/17,Super League,0,FC Lugano,1788,1794.0,1 - 0,Grasshopper Club Zürich,1746,1740.0,1,0,Switzerland,domestic league (tier 1)
2018/03/04,Super League,0,FC Lugano,1777,1765.0,2 - 4,BSC Young Boys,1936,1948.0,2,4,Switzerland,domestic league (tier 1)
2018/03/18,Super League,0,FC Lugano,1753,1741.0,1 - 2,FC Luzern,1770,1782.0,1,2,Switzerland,domestic league (tier 1)
2018/04/08,Super League,0,FC Lugano,1731,1726.0,0 - 1,FC Basel,2008,2013.0,0,1,Switzerland,domestic league (tier 1)
2018/04/14,Super League,0,FC Lugano,1726,1723.0,1 - 1,FC Thun,1728,1731.0,1,1,Switzerland,domestic league (tier 1)
2018/04/29,Super League,0,FC Lugano,1728,1735.0,2 - 1,FC St. Gallen,1722,1715.0,2,1,Switzerland,domestic league (tier 1)
2018/05/10,Super League,0,FC Lugano,1726,1733.0,2 - 0,FC Lausanne-Sport,1632,1625.0,2,0,Switzerland,domestic league (tier 1)
2018/05/19,Super League,0,FC Lugano,1729,1728.0,1 - 1,FC Zürich,1797,1798.0,1,1,Switzerland,domestic league (tier 1)
2018/07/29,Super League,0,FC Lugano,1742,1732.0,0 - 2,BSC Young Boys,1963,1973.0,0,2,Switzerland,domestic league (tier 1)
2018/08/11,Super League,0,FC Lugano,1723,1719.0,2 - 2,Grasshopper Club Zürich,1670,1674.0,2,2,Switzerland,domestic league (tier 1)
2018/09/01,Super League,0,FC Lugano,1722,1732.0,1 - 0,FC Zürich,1828,1818.0,1,0,Switzerland,domestic league (tier 1)
2018/09/30,Super League,0,FC Lugano,1726,1729.0,2 - 2,FC Basel,1940,1937.0,2,2,Switzerland,domestic league (tier 1)
2018/10/21,Super League,0,FC Lugano,1720,1729.0,3 - 1,FC St. Gallen,1681,1672.0,3,1,Switzerland,domestic league (tier 1)
2018/10/28,Super League,0,FC Lugano,1729,1738.0,2 - 1,FC Thun,1780,1771.0,2,1,Switzerland,domestic league (tier 1)
2018/11/10,Super League,0,FC Lugano,1744,1721.0,1 - 4,FC Luzern,1735,1758.0,1,4,Switzerland,domestic league (tier 1)
2018/12/02,Super League,0,FC Lugano,1719,1715.0,2 - 2,Neuchâtel Xamax FCS,1681,1685.0,2,2,Switzerland,domestic league (tier 1)
2018/12/09,Super League,0,FC Lugano,1715,1714.0,2 - 2,FC Sion,1780,1781.0,2,2,Switzerland,domestic league (tier 1)
2019/02/06,Super League,0,FC Lugano,1720,1703.0,1 - 3,FC Thun,1780,1797.0,1,3,Switzerland,domestic league (tier 1)
2019/02/24,Super League,0,FC Lugano,1732,1727.0,0 - 1,BSC Young Boys,2041,2046.0,0,1,Switzerland,domestic league (tier 1)
2019/03/10,Super League,0,FC Lugano,1737,1740.0,1 - 1,FC Basel,1963,1960.0,1,1,Switzerland,domestic league (tier 1)
2019/04/03,Super League,0,FC Lugano,1756,1752.0,0 - 0,Neuchâtel Xamax FCS,1690,1694.0,0,0,Switzerland,domestic league (tier 1)
2019/04/14,Super League,0,FC Lugano,1759,1756.0,1 - 1,FC Sion,1767,1770.0,1,1,Switzerland,domestic league (tier 1)
2019/04/19,Super League,0,FC Lugano,1756,1769.0,3 - 0,FC Zürich,1765,1752.0,3,0,Switzerland,domestic league (tier 1)
2019/05/05,Super League,0,FC Lugano,1777,1784.0,1 - 0,FC Luzern,1757,1750.0,1,0,Switzerland,domestic league (tier 1)
2019/05/16,Super League,0,FC Lugano,1776,1781.0,1 - 0,FC St. Gallen,1688,1683.0,1,0,Switzerland,domestic league (tier 1)
2019/05/25,Super League,0,FC Lugano,1782,1775.0,3 - 3,Grasshopper Club Zürich,1603,1610.0,3,3,Switzerland,domestic league (tier 1)
2019/07/28,Super League,0,FC Lugano,1798,1794.0,0 - 0,FC Thun,1741,1745.0,0,0,Switzerland,domestic league (tier 1)
2019/08/11,Super League,0,FC Lugano,1790,1776.0,0 - 1,FC Sion,1744,1758.0,0,1,Switzerland,domestic league (tier 1)
2019/09/22,Super League,0,FC Lugano,1748,1745.0,1 - 1,FC Luzern,1734,1737.0,1,1,Switzerland,domestic league (tier 1)
2019/09/29,Super League,0,FC Lugano,1747,1733.0,0 - 1,Neuchâtel Xamax FCS,1683,1697.0,0,1,Switzerland,domestic league (tier 1)
2019/10/20,Super League,0,FC Lugano,1752,1749.0,0 - 0,FC Zürich,1734,1737.0,0,0,Switzerland,domestic league (tier 1)
2019/10/27,Super League,0,FC Lugano,1744,1725.0,1 - 3,FC St. Gallen,1753,1772.0,1,3,Switzerland,domestic league (tier 1)
2019/11/10,Super League,0,FC Lugano,1741,1731.0,0 - 3,FC Basel,2009,2019.0,0,3,Switzerland,domestic league (tier 1)
2019/12/01,Super League,0,FC Lugano,1739,1747.0,1 - 0,Servette FC (as Servette Genève),1758,1750.0,1,0,Switzerland,domestic league (tier 1)
2019/12/15,Super League,0,FC Lugano,1757,1761.0,0 - 0,BSC Young Boys,1992,1988.0,0,0,Switzerland,domestic league (tier 1)
2020/02/01,Super League,0,FC Lugano,1752,1747.0,1 - 1,Neuchâtel Xamax FCS,1658,1663.0,1,1,Switzerland,domestic league (tier 1)
2020/02/16,Super League,0,FC Lugano,1737,1751.0,2 - 1,BSC Young Boys,1979,1965.0,2,1,Switzerland,domestic league (tier 1)
2020/02/23,Super League,0,FC Lugano,1751,1747.0,0 - 0,FC Sion,1695,1699.0,0,0,Switzerland,domestic league (tier 1)
2020/06/24,Super League,0,FC Lugano,1751,1763.0,2 - 0,FC Luzern,1787,1775.0,2,0,Switzerland,domestic league (tier 1)
2020/07/01,Super League,0,FC Lugano,1756,1770.0,2 - 1,FC Basel,2001,1987.0,2,1,Switzerland,domestic league (tier 1)
2020/07/09,Super League,0,FC Lugano,1764,1763.0,3 - 3,FC St. Gallen,1823,1824.0,3,3,Switzerland,domestic league (tier 1)
2020/07/15,Super League,0,FC Lugano,1766,1761.0,1 - 1,FC Thun,1675,1680.0,1,1,Switzerland,domestic league (tier 1)
2020/07/22,Super League,0,FC Lugano,1762,1769.0,1 - 0,FC Zürich,1754,1747.0,1,0,Switzerland,domestic league (tier 1)
2020/07/31,Super League,0,FC Lugano,1776,1787.0,3 - 1,Servette FC (as Servette Genève),1790,1779.0,3,1,Switzerland,domestic league (tier 1)
2020/09/19,Super League,0,FC Lugano,1799,1805.0,2 - 1,FC Luzern,1759,1753.0,2,1,Switzerland,domestic league (tier 1)
2020/10/03,Super League,0,FC Lugano,1804,1799.0,2 - 2,FC Sion,1726,1731.0,2,2,Switzerland,domestic league (tier 1)
2020/10/24,Super League,0,FC Lugano,1796,1804.0,1 - 0,FC St. Gallen,1834,1826.0,1,0,Switzerland,domestic league (tier 1)
2020/11/29,Super League,0,FC Lugano,1815,1825.0,1 - 0,FC Basel,1932,1922.0,1,0,Switzerland,domestic league (tier 1)
2020/12/13,Super League,0,FC Lugano,1825,1810.0,0 - 1,FC Zürich,1714,1729.0,0,1,Switzerland,domestic league (tier 1)
2020/12/23,Super League,0,FC Lugano,1820,1814.0,0 - 0,FC Lausanne-Sport,1703,1709.0,0,0,Switzerland,domestic league (tier 1)
2021/01/20,Super League,0,FC Lugano,1814,1803.0,0 - 2,BSC Young Boys,2006,2017.0,0,2,Switzerland,domestic league (tier 1)
2021/02/03,Super League,0,FC Lugano,1821,1813.0,1 - 1,FC Vaduz,1579,1587.0,1,1,Switzerland,domestic league (tier 1)
2021/02/14,Super League,0,FC Lugano,1814,1804.0,1 - 3,BSC Young Boys,2025,2035.0,1,3,Switzerland,domestic league (tier 1)
2021/02/17,Super League,0,FC Lugano,1804,1800.0,1 - 1,Servette FC (as Servette Genève),1741,1745.0,1,1,Switzerland,domestic league (tier 1)
2021/02/21,Super League,0,FC Lugano,1800,1786.0,2 - 3,FC Luzern,1743,1757.0,2,3,Switzerland,domestic league (tier 1)
2021/03/07,Super League,0,FC Lugano,1789,1774.0,0 - 1,FC Zürich,1716,1731.0,0,1,Switzerland,domestic league (tier 1)
2021/03/20,Super League,0,FC Lugano,1789,1797.0,2 - 1,FC Basel,1832,1824.0,2,1,Switzerland,domestic league (tier 1)
2021/04/10,Super League,0,FC Lugano,1799,1804.0,1 - 0,FC Lausanne-Sport,1726,1721.0,1,0,Switzerland,domestic league (tier 1)
2021/04/21,Super League,0,FC Lugano,1785,1796.0,2 - 0,FC St. Gallen,1790,1779.0,2,0,Switzerland,domestic league (tier 1)
2021/04/25,Super League,0,FC Lugano,1796,1782.0,0 - 1,Servette FC (as Servette Genève),1747,1761.0,0,1,Switzerland,domestic league (tier 1)
2021/05/08,Super League,0,FC Lugano,1766,1742.0,0 - 2,FC Vaduz,1636,1660.0,0,2,Switzerland,domestic league (tier 1)
2021/05/15,Super League,0,FC Lugano,1734,1744.0,3 - 1,FC Sion,1706,1696.0,3,1,Switzerland,domestic league (tier 1)
2022/07/17,Super League,0,FC Lugano,1786,1771.0,2 - 3,FC Sion,1684,1699.0,2,3,Switzerland,domestic league (tier 1)
2022/08/07,Super League,0,FC Lugano,1760,1748.0,1 - 2,FC Luzern,1784,1796.0,1,2,Switzerland,domestic league (tier 1)
2022/08/28,Super League,0,FC Lugano,1764,1752.0,2 - 3,FC St. Gallen,1806,1818.0,2,3,Switzerland,domestic league (tier 1)
2022/10/02,Super League,0,FC Lugano,1760,1768.0,1 - 0,"Servette FC
(as Servette Genève)",1772,1764.0,1,0,Switzerland,domestic league (tier 1)
2022/10/09,Super League,0,FC Lugano,1768,1777.0,1 - 0,FC Basel,1839,1830.0,1,0,Switzerland,domestic league (tier 1)
2022/10/19,Super League,0,FC Lugano,1781,1768.0,1 - 4,BSC Young Boys,1966,1979.0,1,4,Switzerland,domestic league (tier 1)
2022/11/06,Super League,0,FC Lugano,1760,1770.0,2 - 0,FC Zürich,1749,1739.0,2,0,Switzerland,domestic league (tier 1)
2022/11/09,Switzerland Cup,0,FC Lugano,1770,1774.0,1 - 0,FC Winterthur,1624,1620.0,1,0,Switzerland,domestic cup
2022/11/13,Super League,0,FC Lugano,1774,1780.0,3 - 1,FC Winterthur,1620,1614.0,3,1,Switzerland,domestic league (tier 1)
2023/01/28,Super League,0,FC Lugano,1791,1786.0,1 - 1,Grasshopper Club Zürich,1684,1689.0,1,1,Switzerland,domestic league (tier 1)
2023/02/12,Super League,0,FC Lugano,1774,1771.0,1 - 1,FC Luzern,1770,1773.0,1,1,Switzerland,domestic league (tier 1)
2023/02/26,Super League,0,FC Lugano,1778,1776.0,2 - 2,FC Basel,1824,1826.0,2,2,Switzerland,domestic league (tier 1)
2023/03/11,Super League,0,FC Lugano,1792,1802.0,2 - 0,FC Zürich,1781,1771.0,2,0,Switzerland,domestic league (tier 1)
2023/03/19,Super League,0,FC Lugano,1802,1798.0,1 - 1,Servette FC,1751,1755.0,1,1,Switzerland,domestic league (tier 1)
2023/04/10,Super League,0,FC Lugano,1790,1787.0,1 - 1,FC St. Gallen,1793,1796.0,1,1,Switzerland,domestic league (tier 1)
2023/04/23,Super League,0,FC Lugano,1789,1796.0,2 - 0,FC Sion,1671,1664.0,2,0,Switzerland,domestic league (tier 1)
2023/04/29,Super League,0,FC Lugano,1808,1817.0,5 - 1,Grasshopper Club Zürich,1714,1705.0,5,1,Switzerland,domestic league (tier 1)
2023/05/14,Super League,0,FC Lugano,1819,1822.0,2 - 1,FC Winterthur,1626,1623.0,2,1,Switzerland,domestic league (tier 1)
2023/05/25,Super League,0,FC Lugano,1824,1842.0,2 - 0,BSC Young Boys,1986,1968.0,2,0,Switzerland,domestic league (tier 1)
2023/07/29,Super League,0,FC Lugano,1857,1863.0,1 - 0,FC St. Gallen,1790,1784.0,1,0,Switzerland,domestic league (tier 1)
2023/08/13,Super League,0,FC Lugano,1847,1851.0,6 - 1,Yverdon Sport FC,1569,1565.0,6,1,Switzerland,domestic league (tier 1)
2023/09/27,Super League,0,FC Lugano,1817,1820.0,2 - 1,FC Lausanne-Sport,1587,1584.0,2,1,Switzerland,domestic league (tier 1)
2023/10/08,Super League,0,FC Lugano,1843,1828.0,0 - 1,Servette FC,1756,1771.0,0,1,Switzerland,domestic league (tier 1)
2023/10/29,Super League,0,FC Lugano,1800,1802.0,1 - 1,BSC Young Boys,1967,1965.0,1,1,Switzerland,domestic league (tier 1)
2023/11/12,Super League,0,FC Lugano,1789,1768.0,0 - 3,FC Zürich,1825,1846.0,0,3,Switzerland,domestic league (tier 1)
2023/12/03,Super League,0,FC Lugano,1776,1782.0,1 - 0,FC Luzern,1747,1741.0,1,0,Switzerland,domestic league (tier 1)
2023/12/06,Super League,0,FC Lugano,1782,1760.0,1 - 3,FC Basel 1893,1705,1727.0,1,3,Switzerland,domestic league (tier 1)
2023/12/10,Super League,0,FC Lugano,1760,1764.0,2 - 1,FC Winterthur,1632,1628.0,2,1,Switzerland,domestic league (tier 1)
2024/01/21,Super League,0,FC Lugano,1753,1736.0,2 - 3,Stade Lausanne-Ouchy,1564,1581.0,2,3,Switzerland,domestic league (tier 1)
2024/01/31,Super League,0,FC Lugano,1761,1757.0,0 - 0,Grasshopper Club Zürich,1693,1697.0,0,0,Switzerland,domestic league (tier 1)
2024/02/10,Super League,0,FC Lugano,1770,1773.0,3 - 3,BSC Young Boys,1971,1968.0,3,3,Switzerland,domestic league (tier 1)
2024/02/25,Super League,0,FC Lugano,1767,1779.0,2 - 0,FC Zürich,1802,1790.0,2,0,Switzerland,domestic league (tier 1)
2024/03/16,Super League,0,FC Lugano,1804,1808.0,2 - 0,Yverdon Sport FC,1601,1597.0,2,0,Switzerland,domestic league (tier 1)
2024/04/02,Super League,0,FC Lugano,1817,1825.0,2 - 0,FC Basel 1893,1731,1723.0,2,0,Switzerland,domestic league (tier 1)
2024/04/20,Super League,0,FC Lugano,1833,1839.0,2 - 0,FC Lausanne-Sport,1679,1673.0,2,0,Switzerland,domestic league (tier 1)
2024/05/04,Super League,0,FC Lugano,1851,1836.0,0 - 1,FC St. Gallen,1749,1764.0,0,1,Switzerland,domestic league (tier 1)
2024/05/16,Super League,0,FC Lugano,1851,1857.0,4 - 2,FC Winterthur,1703,1697.0,4,2,Switzerland,domestic league (tier 1)
2024/05/25,Super League,0,FC Lugano,1847,1827.0,0 - 2,Servette FC,1822,1842.0,0,2,Switzerland,domestic league (tier 1)
2024/07/20,Super League,0,FC Lugano,1827,1830.0,2 - 1,Grasshopper Club Zürich,1648,1645.0,2,1,Switzerland,domestic league (tier 1)
2024/08/03,Super League,0,FC Lugano,1829,1841.0,3 - 1,Servette FC,1866,1854.0,3,1,Switzerland,domestic league (tier 1)
2024/08/11,Super League,0,FC Lugano,1850,1834.0,2 - 3,FC Luzern,1697,1713.0,2,3,Switzerland,domestic league (tier 1)
2024/09/01,Super League,0,FC Lugano,1816,1813.0,1 - 1,FC St. Gallen,1795,1798.0,1,1,Switzerland,domestic league (tier 1)
2024/09/29,Super League,0,FC Lugano,1825,1828.0,2 - 1,FC Winterthur,1631,1628.0,2,1,Switzerland,domestic league (tier 1)
2024/10/27,Super League,0,FC Lugano,1825,1837.0,2 - 0,BSC Young Boys,1852,1840.0,2,0,Switzerland,domestic league (tier 1)
2024/11/03,Super League,0,FC Lugano,1834,1839.0,2 - 0,Yverdon Sport FC,1638,1633.0,2,0,Switzerland,domestic league (tier 1)
2024/11/24,Super League,0,FC Lugano,1808,1821.0,4 - 1,FC Zürich,1806,1793.0,4,1,Switzerland,domestic league (tier 1)
2024/12/15,Super League,0,FC Lugano,1862,1835.0,1 - 4,FC Lausanne-Sport,1744,1771.0,1,4,Switzerland,domestic league (tier 1)
2025/01/19,Super League,0,FC Lugano,1830,1826.0,2 - 2,FC Basel 1893,1795,1799.0,2,2,Switzerland,domestic league (tier 1)
2025/02/01,Super League,0,FC Lugano,1832,1836.0,3 - 2,FC Sion,1700,1696.0,3,2,Switzerland,domestic league (tier 1)
2025/02/08,Super League,0,FC Lugano,1826,1819.0,1 - 1,Grasshopper Club Zürich,1655,1662.0,1,1,Switzerland,domestic league (tier 1)
2025/02/15,Super League,0,FC Lugano,1819,1827.0,2 - 0,FC Luzern,1741,1733.0,2,0,Switzerland,domestic league (tier 1)
2025/03/02,Super League,0,FC Lugano,1794,1768.0,0 - 3,FC Zürich,1721,1747.0,0,3,Switzerland,domestic league (tier 1)
2025/03/16,Super League,0,FC Lugano,1754,1758.0,2 - 1,FC Winterthur,1586,1582.0,2,1,Switzerland,domestic league (tier 1)
2025/03/29,Super League,0,FC Lugano,1758,1742.0,0 - 2,Servette FC,1831,1847.0,0,2,Switzerland,domestic league (tier 1)
2025/04/13,Super League,0,FC Lugano,1749,1746.0,1 - 1,FC St. Gallen,1725,1728.0,1,1,Switzerland,domestic league (tier 1)
2025/05/10,Super League,0,FC Lugano,1754,1737.0,2 - 5,FC Basel 1893,1872,1889.0,2,5,Switzerland,domestic league (tier 1)
2025/05/24,Super League,0,FC Lugano,1731,1731.0,1 - 1,BSC Young Boys,1834,1834.0,1,1,Switzerland,domestic league (tier 1)
2025/07/27,Super League,0,FC Lugano,1732,1716.0,1 - 2,FC Thun Berner Oberland,1596,1612.0,1,2,Switzerland,domestic league (tier 1)
2025/08/10,Super League,0,FC Lugano,1680,1700.0,3 - 1,FC Basel 1893,1892,1872.0,3,1,Switzerland,domestic league (tier 1)
2025/09/17,Super League,0,FC Lugano,1686,1684.0,1 - 1,FC Lausanne-Sport,1708,1710.0,1,1,Switzerland,domestic league (tier 1)
2025/09/27,Super League,0,FC Lugano,1684,1691.0,2 - 1,Grasshopper Club Zürich,1664,1657.0,2,1,Switzerland,domestic league (tier 1)
2025/10/18,Super League,0,FC Lugano,1707,1714.0,1 - 0,FC Zürich,1703,1696.0,1,0,Switzerland,domestic league (tier 1)
2025/10/30,Super League,0,FC Lugano,1707,1718.0,2 - 0,FC Luzern,1717,1706.0,2,0,Switzerland,domestic league (tier 1)
2025/11/26,Super League,0,FC Lugano,1746,1726.0,1 - 3,FC St. Gallen,1728,1748.0,1,3,Switzerland,domestic league (tier 1)
2025/11/29,Super League,0,FC Lugano,1726,1722.0,1 - 1,FC Sion,1692,1696.0,1,1,Switzerland,domestic league (tier 1)
2025/12/14,Super League,0,FC Lugano,1725,1736.0,4 - 2,Servette FC,1740,1729.0,4,2,Switzerland,domestic league (tier 1)
2025/12/21,Super League,0,FC Lugano,1748,1764.0,3 - 0,BSC Young Boys,1809,1793.0,3,0,Switzerland,domestic league (tier 1)
2026/01/24,Super League,0,FC Lugano,1783,1788.0,4 - 1,FC Winterthur,1579,1574.0,4,1,Switzerland,domestic league (tier 1)
2026/02/11,Super League,0,FC Lugano,1784,1780.0,1 - 1,Servette FC,1718,1722.0,1,1,Switzerland,domestic league (tier 1)
2026/02/22,Super League,0,FC Lugano,1783,1789.0,2 - 1,FC Lausanne-Sport,1724,1718.0,2,1,Switzerland,domestic league (tier 1)
2026/03/04,Super League,0,FC Lugano,1778,1784.0,2 - 1,FC Sion,1742,1736.0,2,1,Switzerland,domestic league (tier 1)
2026/03/07,Super League,0,FC Lugano,1784,1762.0,1 - 3,FC Luzern,1694,1716.0,1,3,Switzerland,domestic league (tier 1)
2026/04/04,Super League,0,FC Lugano,1769,1778.0,1 - 0,FC Thun Berner Oberland,1820,1811.0,1,0,Switzerland,domestic league (tier 1)
2026/05/03,Super League,0,FC Lugano,1801,1807.0,1 - 0,BSC Young Boys,1758,1752.0,1,0,Switzerland,domestic league (tier 1)
2026/05/10,Super League,0,FC Lugano,1807,1794.0,1 - 2,FC St. Gallen,1799,1812.0,1,2,Switzerland,domestic league (tier 1)
2026/05/17,Super League,0,FC Lugano,1797,1808.0,4 - 0,FC Basel 1893,1745,1734.0,4,0,Switzerland,domestic league (tier 1)
2026/07/26,Super League,0,FC Lugano,1808,1811.0,2 - 1,FC Vaduz,1614,1611.0,2,1,Switzerland,domestic league (tier 1)
2026/08/09,Super League,0,FC Lugano,1827,1833.0,5 - 0,FC Zürich,1612,1606.0,5,0,Switzerland,domestic league (tier 1)
2026/09/03,Super League,0,FC Lugano,1846,,Info,Servette FC,1755,,,,Switzerland,domestic league (tier 1)
2016/07/31,Super League,0,FC Luzern,1858,1864.0,4 - 3,Grasshopper Club Zürich (as Grasshoppers Zürich),1790,1784.0,4,3,Switzerland,domestic league (tier 1)
2016/08/07,Super League,0,FC Luzern,1855,1847.0,2 - 3,FC Basel,2010,2018.0,2,3,Switzerland,domestic league (tier 1)
2016/08/21,Super League,0,FC Luzern,1860,1867.0,3 - 0,FC Thun,1704,1697.0,3,0,Switzerland,domestic league (tier 1)
2016/09/21,Super League,0,FC Luzern,1837,1832.0,2 - 2,FC Sion,1768,1773.0,2,2,Switzerland,domestic league (tier 1)
2016/09/24,Super League,0,FC Luzern,1832,1806.0,1 - 3,FC Lausanne-Sport,1612,1638.0,1,3,Switzerland,domestic league (tier 1)
2016/10/23,Super League,0,FC Luzern,1793,1800.0,3 - 0,FC St. Gallen,1651,1644.0,3,0,Switzerland,domestic league (tier 1)
2016/11/06,Super League,0,FC Luzern,1808,1807.0,2 - 2,BSC Young Boys,1873,1874.0,2,2,Switzerland,domestic league (tier 1)
2016/11/20,Super League,0,FC Luzern,1807,1811.0,2 - 1,FC Lugano,1673,1669.0,2,1,Switzerland,domestic league (tier 1)
2016/12/03,Super League,0,FC Luzern,1820,1826.0,3 - 0,FC Vaduz,1663,1657.0,3,0,Switzerland,domestic league (tier 1)
2017/02/12,Super League,0,FC Luzern,1812,1830.0,4 - 1,BSC Young Boys,1930,1912.0,4,1,Switzerland,domestic league (tier 1)
2017/02/18,Super League,0,FC Luzern,1830,1824.0,1 - 1,FC Thun,1687,1693.0,1,1,Switzerland,domestic league (tier 1)
2017/03/05,Super League,0,FC Luzern,1827,1821.0,1 - 1,Grasshopper Club Zürich (as Grasshoppers Zürich),1685,1691.0,1,1,Switzerland,domestic league (tier 1)
2017/03/18,Super League,0,FC Luzern,1820,1817.0,0 - 0,FC Sion,1812,1815.0,0,0,Switzerland,domestic league (tier 1)
2017/04/02,Super League,0,FC Luzern,1817,1793.0,0 - 2,FC Lugano,1668,1692.0,0,2,Switzerland,domestic league (tier 1)
2017/04/17,Super League,0,FC Luzern,1810,1816.0,2 - 0,FC St. Gallen,1679,1673.0,2,0,Switzerland,domestic league (tier 1)
2017/04/28,Super League,0,FC Luzern,1798,1791.0,1 - 2,FC Basel,2012,2019.0,1,2,Switzerland,domestic league (tier 1)
2017/05/17,Super League,0,FC Luzern,1769,1741.0,0 - 3,FC Lausanne-Sport,1617,1645.0,0,3,Switzerland,domestic league (tier 1)
2017/05/28,Super League,0,FC Luzern,1755,1749.0,2 - 2,FC Vaduz,1633,1639.0,2,2,Switzerland,domestic league (tier 1)
2017/07/23,Super League,0,FC Luzern,1754,1761.0,1 - 0,FC Lugano,1747,1740.0,1,0,Switzerland,domestic league (tier 1)
2017/08/06,Super League,0,FC Luzern,1757,1752.0,2 - 2,Grasshopper Club Zürich,1664,1669.0,2,2,Switzerland,domestic league (tier 1)
2017/08/27,Super League,0,FC Luzern,1773,1771.0,1 - 1,FC Zürich,1810,1812.0,1,1,Switzerland,domestic league (tier 1)
2017/09/10,Super League,0,FC Luzern,1771,1767.0,2 - 2,FC Thun,1744,1748.0,2,2,Switzerland,domestic league (tier 1)
2017/09/23,Super League,0,FC Luzern,1768,1752.0,2 - 3,FC Lausanne-Sport,1626,1642.0,2,3,Switzerland,domestic league (tier 1)
2017/10/22,Super League,0,FC Luzern,1744,1735.0,0 - 1,BSC Young Boys,1896,1905.0,0,1,Switzerland,domestic league (tier 1)
2017/11/05,Super League,0,FC Luzern,1727,1739.0,3 - 0,FC St. Gallen,1717,1705.0,3,0,Switzerland,domestic league (tier 1)
2017/11/25,Super League,0,FC Luzern,1725,1716.0,1 - 4,FC Basel,2016,2025.0,1,4,Switzerland,domestic league (tier 1)
2017/12/02,Super League,0,FC Luzern,1714,1721.0,2 - 1,FC Sion,1710,1703.0,2,1,Switzerland,domestic league (tier 1)
2017/12/17,Super League,0,FC Luzern,1736,1723.0,2 - 4,BSC Young Boys,1885,1898.0,2,4,Switzerland,domestic league (tier 1)
2018/02/03,Super League,0,FC Luzern,1723,1729.0,2 - 1,FC Lausanne-Sport,1691,1685.0,2,1,Switzerland,domestic league (tier 1)
2018/02/25,Super League,0,FC Luzern,1747,1754.0,2 - 1,FC Thun,1740,1733.0,2,1,Switzerland,domestic league (tier 1)
2018/03/11,Super League,0,FC Luzern,1755,1770.0,1 - 0,FC Basel,2025,2010.0,1,0,Switzerland,domestic league (tier 1)
2018/04/02,Super League,0,FC Luzern,1782,1792.0,3 - 1,FC St. Gallen,1756,1746.0,3,1,Switzerland,domestic league (tier 1)
2018/04/15,Super League,0,FC Luzern,1783,1768.0,0 - 1,FC Sion,1704,1719.0,0,1,Switzerland,domestic league (tier 1)
2018/04/22,Super League,0,FC Luzern,1777,1784.0,2 - 1,FC Zürich,1776,1769.0,2,1,Switzerland,domestic league (tier 1)
2018/05/05,Super League,0,FC Luzern,1781,1790.0,2 - 0,FC Lugano,1735,1726.0,2,0,Switzerland,domestic league (tier 1)
2018/05/13,Super League,0,FC Luzern,1801,1796.0,1 - 1,Grasshopper Club Zürich,1690,1695.0,1,1,Switzerland,domestic league (tier 1)
2018/07/21,Super League,0,FC Luzern,1803,1781.0,0 - 2,Neuchâtel Xamax FCS,1722,1744.0,0,2,Switzerland,domestic league (tier 1)
2018/08/04,Super League,0,FC Luzern,1772,1781.0,4 - 2,FC Lugano,1732,1723.0,4,2,Switzerland,domestic league (tier 1)
2018/08/12,Super League,0,FC Luzern,1772,1765.0,2 - 3,BSC Young Boys,1981,1988.0,2,3,Switzerland,domestic league (tier 1)
2018/09/02,Super League,0,FC Luzern,1762,1767.0,2 - 1,Grasshopper Club Zürich,1684,1679.0,2,1,Switzerland,domestic league (tier 1)
2018/09/30,Super League,0,FC Luzern,1756,1736.0,1 - 3,FC Sion,1736,1756.0,1,3,Switzerland,domestic league (tier 1)
2018/10/20,Super League,0,FC Luzern,1754,1735.0,0 - 2,FC Thun,1761,1780.0,0,2,Switzerland,domestic league (tier 1)
2018/11/04,Super League,0,FC Luzern,1752,1735.0,2 - 5,FC Zürich,1856,1873.0,2,5,Switzerland,domestic league (tier 1)
2018/11/25,Super League,0,FC Luzern,1758,1760.0,1 - 1,FC Basel,1932,1930.0,1,1,Switzerland,domestic league (tier 1)
2018/12/16,Super League,0,FC Luzern,1760,1765.0,2 - 1,FC St. Gallen,1677,1672.0,2,1,Switzerland,domestic league (tier 1)
2019/02/13,Super League,0,FC Luzern,1755,1736.0,1 - 3,FC Sion,1767,1786.0,1,3,Switzerland,domestic league (tier 1)
2019/02/16,Super League,0,FC Luzern,1736,1712.0,0 - 3,FC Lugano,1708,1732.0,0,3,Switzerland,domestic league (tier 1)
2019/03/10,Super League,0,FC Luzern,1762,1772.0,3 - 0,FC St. Gallen,1699,1689.0,3,0,Switzerland,domestic league (tier 1)
2019/03/30,Super League,0,FC Luzern,1776,1768.0,0 - 1,FC Basel,1959,1967.0,0,1,Switzerland,domestic league (tier 1)
2019/04/10,Super League,0,FC Luzern,1771,1762.0,1 - 3,BSC Young Boys,2028,2037.0,1,3,Switzerland,domestic league (tier 1)
2019/04/13,Super League,0,FC Luzern,1762,1747.0,0 - 1,Neuchâtel Xamax FCS,1680,1695.0,0,1,Switzerland,domestic league (tier 1)
2019/04/27,Super League,0,FC Luzern,1745,1757.0,3 - 1,FC Thun,1779,1767.0,3,1,Switzerland,domestic league (tier 1)
2019/05/22,Super League,0,FC Luzern,1747,1761.0,3 - 0,FC Zürich,1770,1756.0,3,0,Switzerland,domestic league (tier 1)
2019/07/28,Super League,0,FC Luzern,1776,1772.0,0 - 0,FC Zürich,1729,1733.0,0,0,Switzerland,domestic league (tier 1)
2019/08/11,Super League,0,FC Luzern,1754,1734.0,0 - 2,FC Thun,1729,1749.0,0,2,Switzerland,domestic league (tier 1)
2019/09/01,Super League,0,FC Luzern,1725,1730.0,2 - 2,BSC Young Boys,2022,2017.0,2,2,Switzerland,domestic league (tier 1)
2019/09/26,Super League,0,FC Luzern,1737,1743.0,1 - 0,Neuchâtel Xamax FCS,1689,1683.0,1,0,Switzerland,domestic league (tier 1)
2019/10/20,Super League,0,FC Luzern,1756,1767.0,3 - 1,FC Sion,1767,1756.0,3,1,Switzerland,domestic league (tier 1)
2019/11/03,Super League,0,FC Luzern,1762,1748.0,1 - 2,FC Lugano,1725,1739.0,1,2,Switzerland,domestic league (tier 1)
2019/11/09,Super League,0,FC Luzern,1748,1735.0,1 - 2,Servette FC (as Servette Genève),1723,1736.0,1,2,Switzerland,domestic league (tier 1)
2019/12/01,Super League,0,FC Luzern,1724,1705.0,1 - 4,FC St. Gallen,1789,1808.0,1,4,Switzerland,domestic league (tier 1)
2019/12/15,Super League,0,FC Luzern,1703,1718.0,2 - 1,FC Basel,2010,1995.0,2,1,Switzerland,domestic league (tier 1)
2020/02/01,Super League,0,FC Luzern,1732,1754.0,2 - 0,BSC Young Boys,1999,1977.0,2,0,Switzerland,domestic league (tier 1)
2020/02/16,Super League,0,FC Luzern,1764,1773.0,1 - 0,FC St. Gallen,1833,1824.0,1,0,Switzerland,domestic league (tier 1)
2020/06/21,Super League,0,FC Luzern,1773,1787.0,2 - 1,FC Basel,2008,1994.0,2,1,Switzerland,domestic league (tier 1)
2020/06/27,Super League,0,FC Luzern,1775,1773.0,2 - 2,Servette FC (as Servette Genève),1806,1808.0,2,2,Switzerland,domestic league (tier 1)
2020/07/05,Super League,0,FC Luzern,1789,1797.0,3 - 0,FC Thun,1674,1666.0,3,0,Switzerland,domestic league (tier 1)
2020/07/12,Super League,0,FC Luzern,1786,1783.0,3 - 3,FC Lugano,1763,1766.0,3,3,Switzerland,domestic league (tier 1)
2020/07/19,Super League,0,FC Luzern,1772,1756.0,1 - 2,Neuchâtel Xamax FCS,1645,1661.0,1,2,Switzerland,domestic league (tier 1)
2020/07/22,Super League,0,FC Luzern,1756,1741.0,1 - 2,FC Sion,1684,1699.0,1,2,Switzerland,domestic league (tier 1)
2020/07/31,Super League,0,FC Luzern,1739,1745.0,2 - 1,FC Zürich,1710,1704.0,2,1,Switzerland,domestic league (tier 1)
2020/09/27,Super League,0,FC Luzern,1753,1749.0,2 - 2,FC Lausanne-Sport,1688,1692.0,2,2,Switzerland,domestic league (tier 1)
2020/10/18,Super League,0,FC Luzern,1746,1746.0,2 - 2,FC St. Gallen,1834,1834.0,2,2,Switzerland,domestic league (tier 1)
2020/11/21,Super League,0,FC Luzern,1731,1725.0,1 - 1,FC Vaduz,1570,1576.0,1,1,Switzerland,domestic league (tier 1)
2020/12/02,Super League,0,FC Luzern,1745,1755.0,2 - 0,FC Sion,1716,1706.0,2,0,Switzerland,domestic league (tier 1)
2020/12/06,Super League,0,FC Luzern,1755,1749.0,2 - 3,BSC Young Boys,1994,2000.0,2,3,Switzerland,domestic league (tier 1)
2020/12/16,Super League,0,FC Luzern,1761,1757.0,0 - 0,FC Zürich,1729,1733.0,0,0,Switzerland,domestic league (tier 1)
2020/12/23,Super League,0,FC Luzern,1748,1740.0,1 - 2,FC Basel,1913,1921.0,1,2,Switzerland,domestic league (tier 1)
2021/02/04,Super League,0,FC Luzern,1740,1754.0,3 - 0,Servette FC (as Servette Genève),1760,1746.0,3,0,Switzerland,domestic league (tier 1)
2021/02/10,Super League,0,FC Luzern,1743,1742.0,1 - 1,FC Lugano,1813,1814.0,1,1,Switzerland,domestic league (tier 1)
2021/02/14,Super League,0,FC Luzern,1742,1749.0,4 - 0,FC Vaduz,1598,1591.0,4,0,Switzerland,domestic league (tier 1)
2021/02/28,Super League,0,FC Luzern,1755,1761.0,2 - 2,BSC Young Boys,2074,2068.0,2,2,Switzerland,domestic league (tier 1)
2021/03/07,Super League,0,FC Luzern,1773,1784.0,4 - 2,FC St. Gallen,1784,1773.0,4,2,Switzerland,domestic league (tier 1)
2021/03/21,Super League,0,FC Luzern,1776,1771.0,1 - 1,FC Sion,1676,1681.0,1,1,Switzerland,domestic league (tier 1)
2021/04/10,Super League,0,FC Luzern,1762,1750.0,3 - 4,FC Basel,1807,1819.0,3,4,Switzerland,domestic league (tier 1)
2021/04/21,Super League,0,FC Luzern,1768,1774.0,1 - 0,FC Lausanne-Sport,1726,1720.0,1,0,Switzerland,domestic league (tier 1)
2021/04/25,Super League,0,FC Luzern,1774,1782.0,3 - 1,FC Zürich,1712,1704.0,3,1,Switzerland,domestic league (tier 1)
2021/05/09,Super League,0,FC Luzern,1797,1808.0,3 - 0,Servette FC (as Servette Genève),1762,1751.0,3,0,Switzerland,domestic league (tier 1)
2021/05/21,Super League,0,FC Luzern,1803,1789.0,1 - 2,FC Lugano,1744,1758.0,1,2,Switzerland,domestic league (tier 1)
2022/08/10,Super League,0,FC Luzern,1796,1791.0,1 - 1,Grasshopper Club Zürich,1698,1703.0,1,1,Switzerland,domestic league (tier 1)
2022/08/27,Super League,0,FC Luzern,1779,1787.0,2 - 0,FC Sion,1715,1707.0,2,0,Switzerland,domestic league (tier 1)
2022/09/04,Super League,0,FC Luzern,1787,1766.0,0 - 2,"Servette FC
(as Servette Genève)",1739,1760.0,0,2,Switzerland,domestic league (tier 1)
2022/10/02,Super League,0,FC Luzern,1787,1779.0,1 - 2,BSC Young Boys,1958,1966.0,1,2,Switzerland,domestic league (tier 1)
2022/10/19,Super League,0,FC Luzern,1768,1766.0,3 - 3,FC St. Gallen,1804,1806.0,3,3,Switzerland,domestic league (tier 1)
2022/10/22,Super League,0,FC Luzern,1766,1777.0,3 - 1,FC Lugano,1768,1757.0,3,1,Switzerland,domestic league (tier 1)
2022/11/05,Super League,0,FC Luzern,1793,1786.0,1 - 1,FC Winterthur,1617,1624.0,1,1,Switzerland,domestic league (tier 1)
2022/11/09,Super League,0,FC Luzern,1786,1768.0,0 - 2,FC Basel,1817,1835.0,0,2,Switzerland,domestic league (tier 1)
2023/01/21,Super League,0,FC Luzern,1763,1760.0,2 - 2,FC Zürich,1754,1757.0,2,2,Switzerland,domestic league (tier 1)
2023/02/05,Super League,0,FC Luzern,1767,1770.0,1 - 1,BSC Young Boys,1992,1989.0,1,1,Switzerland,domestic league (tier 1)
2023/02/26,Super League,0,FC Luzern,1777,1782.0,1 - 0,Grasshopper Club Zürich,1670,1665.0,1,0,Switzerland,domestic league (tier 1)
2023/03/04,Super League,0,FC Luzern,1782,1771.0,0 - 1,FC Basel,1839,1850.0,0,1,Switzerland,domestic league (tier 1)
2023/04/02,Super League,0,FC Luzern,1776,1760.0,1 - 2,FC Sion,1633,1649.0,1,2,Switzerland,domestic league (tier 1)
2023/04/15,Super League,0,FC Luzern,1769,1782.0,4 - 1,FC Zürich,1780,1767.0,4,1,Switzerland,domestic league (tier 1)
2023/04/27,Super League,0,FC Luzern,1804,1809.0,3 - 1,FC Winterthur,1629,1624.0,3,1,Switzerland,domestic league (tier 1)
2023/05/07,Super League,0,FC Luzern,1802,1800.0,2 - 2,FC Lugano,1817,1819.0,2,2,Switzerland,domestic league (tier 1)
2023/05/20,Super League,0,FC Luzern,1785,1782.0,1 - 1,FC St. Gallen,1771,1774.0,1,1,Switzerland,domestic league (tier 1)
2023/05/29,Super League,0,FC Luzern,1791,1778.0,0 - 1,Servette FC,1794,1807.0,0,1,Switzerland,domestic league (tier 1)
2023/07/30,Super League,0,FC Luzern,1786,1789.0,2 - 1,Stade Lausanne-Ouchy,1578,1575.0,2,1,Switzerland,domestic league (tier 1)
2023/08/13,Super League,0,FC Luzern,1767,1770.0,1 - 1,BSC Young Boys,1972,1969.0,1,1,Switzerland,domestic league (tier 1)
2023/09/03,Super League,0,FC Luzern,1775,1784.0,3 - 2,FC Lugano,1834,1825.0,3,2,Switzerland,domestic league (tier 1)
2023/09/24,Super League,0,FC Luzern,1791,1801.0,2 - 0,Servette FC,1774,1764.0,2,0,Switzerland,domestic league (tier 1)
2023/10/01,Super League,0,FC Luzern,1803,1781.0,1 - 4,FC Zürich,1821,1843.0,1,4,Switzerland,domestic league (tier 1)
2023/10/22,Super League,0,FC Luzern,1762,1765.0,2 - 1,Yverdon Sport FC,1587,1584.0,2,1,Switzerland,domestic league (tier 1)
2023/11/05,Super League,0,FC Luzern,1737,1745.0,2 - 0,Grasshopper Club Zürich,1667,1659.0,2,0,Switzerland,domestic league (tier 1)
2023/11/25,Super League,0,FC Luzern,1740,1747.0,3 - 1,FC Winterthur,1639,1632.0,3,1,Switzerland,domestic league (tier 1)
2023/12/17,Super League,0,FC Luzern,1747,1733.0,0 - 1,FC Basel 1893,1713,1727.0,0,1,Switzerland,domestic league (tier 1)
2024/01/28,Super League,0,FC Luzern,1721,1726.0,2 - 1,FC Lausanne-Sport,1609,1604.0,2,1,Switzerland,domestic league (tier 1)
2024/02/04,Super League,0,FC Luzern,1740,1748.0,1 - 0,FC St. Gallen,1762,1754.0,1,0,Switzerland,domestic league (tier 1)
2024/02/18,Super League,0,FC Luzern,1738,1727.0,0 - 1,FC Zürich,1791,1802.0,0,1,Switzerland,domestic league (tier 1)
2024/03/03,Super League,0,FC Luzern,1739,1727.0,0 - 1,FC Lugano,1781,1793.0,0,1,Switzerland,domestic league (tier 1)
2024/03/17,Super League,0,FC Luzern,1715,1717.0,2 - 2,Servette FC,1881,1879.0,2,2,Switzerland,domestic league (tier 1)
2024/04/04,Super League,0,FC Luzern,1720,1724.0,1 - 0,Yverdon Sport FC,1602,1598.0,1,0,Switzerland,domestic league (tier 1)
2024/04/07,Super League,0,FC Luzern,1724,1720.0,0 - 0,FC Lausanne-Sport,1665,1669.0,0,0,Switzerland,domestic league (tier 1)
2024/04/21,Super League,0,FC Luzern,1715,1713.0,1 - 1,FC Basel 1893,1746,1748.0,1,1,Switzerland,domestic league (tier 1)
2024/05/10,Super League,0,FC Luzern,1717,1712.0,1 - 1,Grasshopper Club Zürich,1632,1637.0,1,1,Switzerland,domestic league (tier 1)
2024/05/21,Super League,0,FC Luzern,1713,1696.0,1 - 2,Stade Lausanne-Ouchy,1526,1543.0,1,2,Switzerland,domestic league (tier 1)
2024/07/21,Super League,0,FC Luzern,1696,1687.0,1 - 2,Servette FC,1842,1851.0,1,2,Switzerland,domestic league (tier 1)
2024/08/03,Super League,0,FC Luzern,1689,1697.0,1 - 0,FC Sion,1709,1701.0,1,0,Switzerland,domestic league (tier 1)
2024/08/24,Super League,0,FC Luzern,1713,1723.0,3 - 0,FC Winterthur,1664,1654.0,3,0,Switzerland,domestic league (tier 1)
2024/09/29,Super League,0,FC Luzern,1727,1735.0,1 - 0,FC Basel 1893,1772,1764.0,1,0,Switzerland,domestic league (tier 1)
2024/10/05,Super League,0,FC Luzern,1735,1730.0,2 - 2,FC Lausanne-Sport,1648,1653.0,2,2,Switzerland,domestic league (tier 1)
2024/10/26,Super League,0,FC Luzern,1726,1711.0,2 - 3,Yverdon Sport FC,1645,1660.0,2,3,Switzerland,domestic league (tier 1)
2024/11/03,Super League,0,FC Luzern,1717,1725.0,2 - 0,Grasshopper Club Zürich,1639,1631.0,2,0,Switzerland,domestic league (tier 1)
2024/11/23,Super League,0,FC Luzern,1712,1713.0,1 - 1,BSC Young Boys,1847,1846.0,1,1,Switzerland,domestic league (tier 1)
2024/12/07,Super League,0,FC Luzern,1723,1706.0,1 - 4,FC Lugano,1832,1849.0,1,4,Switzerland,domestic league (tier 1)
2025/01/26,Super League,0,FC Luzern,1720,1732.0,3 - 1,FC Zürich,1760,1748.0,3,1,Switzerland,domestic league (tier 1)
2025/02/02,Super League,0,FC Luzern,1732,1743.0,2 - 0,FC St. Gallen,1748,1737.0,2,0,Switzerland,domestic league (tier 1)
2025/02/09,Super League,0,FC Luzern,1738,1741.0,3 - 2,FC Winterthur,1563,1560.0,3,2,Switzerland,domestic league (tier 1)
2025/02/23,Super League,0,FC Luzern,1733,1739.0,2 - 1,FC Sion,1697,1691.0,2,1,Switzerland,domestic league (tier 1)
2025/03/09,Super League,0,FC Luzern,1738,1738.0,1 - 1,FC Basel 1893,1824,1824.0,1,1,Switzerland,domestic league (tier 1)
2025/04/03,Super League,0,FC Luzern,1754,1750.0,1 - 1,FC St. Gallen,1710,1714.0,1,1,Switzerland,domestic league (tier 1)
2025/04/13,Super League,0,FC Luzern,1735,1756.0,5 - 0,BSC Young Boys,1851,1830.0,5,0,Switzerland,domestic league (tier 1)
2025/05/04,Super League,0,FC Luzern,1750,1730.0,0 - 2,FC Lugano,1734,1754.0,0,2,Switzerland,domestic league (tier 1)
2025/05/11,Super League,0,FC Luzern,1730,1728.0,1 - 1,FC Lausanne-Sport,1742,1744.0,1,1,Switzerland,domestic league (tier 1)
2025/05/18,Super League,0,FC Luzern,1723,1713.0,3 - 4,Servette FC,1821,1831.0,3,4,Switzerland,domestic league (tier 1)
2025/08/03,Super League,0,FC Luzern,1717,1714.0,1 - 1,FC Zürich,1698,1701.0,1,1,Switzerland,domestic league (tier 1)
2025/08/09,Super League,0,FC Luzern,1714,1699.0,1 - 2,FC Thun Berner Oberland,1623,1638.0,1,2,Switzerland,domestic league (tier 1)
2025/09/14,Super League,0,FC Luzern,1717,1708.0,1 - 2,BSC Young Boys,1848,1857.0,1,2,Switzerland,domestic league (tier 1)
2025/10/04,Super League,0,FC Luzern,1724,1720.0,3 - 3,FC Sion,1685,1689.0,3,3,Switzerland,domestic league (tier 1)
2025/10/19,Super League,0,FC Luzern,1720,1718.0,2 - 2,FC Lausanne-Sport,1746,1748.0,2,2,Switzerland,domestic league (tier 1)
2025/11/02,Super League,0,FC Luzern,1706,1718.0,6 - 0,Grasshopper Club Zürich,1652,1640.0,6,0,Switzerland,domestic league (tier 1)
2025/11/22,Super League,0,FC Luzern,1710,1708.0,2 - 2,Servette FC,1727,1729.0,2,2,Switzerland,domestic league (tier 1)
2025/11/29,Super League,0,FC Luzern,1708,1685.0,1 - 3,FC Winterthur,1591,1614.0,1,3,Switzerland,domestic league (tier 1)
2025/12/17,Super League,0,FC Luzern,1668,1660.0,1 - 2,FC Basel 1893,1851,1859.0,1,2,Switzerland,domestic league (tier 1)
2026/01/17,Super League,0,FC Luzern,1688,1669.0,2 - 5,FC Lugano,1764,1783.0,2,5,Switzerland,domestic league (tier 1)
2026/02/01,Super League,0,FC Luzern,1673,1672.0,2 - 2,FC St. Gallen,1750,1751.0,2,2,Switzerland,domestic league (tier 1)
2026/02/10,Super League,0,FC Luzern,1666,1673.0,4 - 3,Grasshopper Club Zürich,1658,1651.0,4,3,Switzerland,domestic league (tier 1)
2026/02/22,Super League,0,FC Luzern,1695,1710.0,4 - 2,FC Basel 1893,1790,1775.0,4,2,Switzerland,domestic league (tier 1)
2026/03/04,Super League,0,FC Luzern,1705,1694.0,1 - 2,BSC Young Boys,1756,1767.0,1,2,Switzerland,domestic league (tier 1)
2026/03/15,Super League,0,FC Luzern,1716,1700.0,1 - 2,FC Winterthur,1553,1569.0,1,2,Switzerland,domestic league (tier 1)
2026/03/22,Super League,0,FC Luzern,1700,1713.0,4 - 0,FC Lausanne-Sport,1700,1687.0,4,0,Switzerland,domestic league (tier 1)
2026/04/12,Super League,0,FC Luzern,1701,1701.0,2 - 2,FC St. Gallen,1799,1799.0,2,2,Switzerland,domestic league (tier 1)
2026/05/09,Super League,0,FC Luzern,1729,1727.0,3 - 3,Servette FC,1759,1761.0,3,3,Switzerland,domestic league (tier 1)
2026/05/12,Super League,0,FC Luzern,1727,1732.0,1 - 0,FC Zürich,1620,1615.0,1,0,Switzerland,domestic league (tier 1)
2026/07/25,Super League,0,FC Luzern,1745,1727.0,1 - 3,FC Thun Berner Oberland,1765,1783.0,1,3,Switzerland,domestic league (tier 1)
2026/08/22,Super League,0,FC Luzern,1724,1729.0,1 - 0,FC Lausanne-Sport,1648,1643.0,1,0,Switzerland,domestic league (tier 1)
2026/09/02,Super League,0,FC Luzern,1733,1737.0,2 - 1,FC Vaduz,1608,1604.0,2,1,Switzerland,domestic league (tier 1)
2024/08/18,Switzerland Cup,0,FC Malcantone,1343,1338.0,0 - 4,FC St. Gallen,1789,1794.0,0,4,Switzerland,domestic cup
2022/09/17,Switzerland Cup,0,FC Meyrin,1134,1129.0,0 - 4,FC Winterthur,1551,1556.0,0,4,Switzerland,domestic cup
2023/08/19,Switzerland Cup,0,FC Meyrin,1129,1127.0,0 - 8,Servette FC,1814,1816.0,0,8,Switzerland,domestic cup
2026/08/15,Switzerland Cup,0,FC Meyrin,1127,1133.0,0 - 0,Neuchâtel Xamax FCS,1472,1466.0,0,0,Switzerland,domestic cup
2017/07/29,Challenge League,0,FC Rapperswil-Jona,1358,1372.0,3 - 1,FC Winterthur,1441,1427.0,3,1,Switzerland,domestic league (tier 2)
2017/08/04,Challenge League,0,FC Rapperswil-Jona,1372,1366.0,0 - 1,Servette FC (as Servette Genève),1601,1607.0,0,1,Switzerland,domestic league (tier 2)
2017/08/19,Challenge League,0,FC Rapperswil-Jona,1360,1369.0,3 - 2,FC Wohlen,1421,1412.0,3,2,Switzerland,domestic league (tier 2)
2017/09/20,Challenge League,0,FC Rapperswil-Jona,1374,1371.0,0 - 0,FC Wil 1900,1378,1381.0,0,0,Switzerland,domestic league (tier 2)
2017/09/30,Challenge League,0,FC Rapperswil-Jona,1376,1404.0,5 - 0,FC Schaffhausen,1619,1591.0,5,0,Switzerland,domestic league (tier 2)
2017/10/28,Challenge League,0,FC Rapperswil-Jona,1413,1411.0,1 - 1,FC Chiasso,1453,1455.0,1,1,Switzerland,domestic league (tier 2)
2017/11/18,Challenge League,0,FC Rapperswil-Jona,1424,1429.0,2 - 2,Neuchâtel Xamax FCS,1700,1695.0,2,2,Switzerland,domestic league (tier 2)
2017/11/24,Challenge League,0,FC Rapperswil-Jona,1429,1446.0,2 - 0,FC Vaduz,1582,1565.0,2,0,Switzerland,domestic league (tier 2)
2018/02/11,Challenge League,0,FC Rapperswil-Jona,1438,1429.0,1 - 2,FC Vaduz,1569,1578.0,1,2,Switzerland,domestic league (tier 2)
2018/02/17,Challenge League,0,FC Rapperswil-Jona,1429,1445.0,3 - 1,FC Schaffhausen,1550,1534.0,3,1,Switzerland,domestic league (tier 2)
2018/03/08,Challenge League,0,FC Rapperswil-Jona,1456,1469.0,2 - 0,FC Aarau,1498,1485.0,2,0,Switzerland,domestic league (tier 2)
2018/03/17,Challenge League,0,FC Rapperswil-Jona,1482,1491.0,3 - 1,FC Chiasso,1423,1414.0,3,1,Switzerland,domestic league (tier 2)
2018/04/07,Challenge League,0,FC Rapperswil-Jona,1488,1505.0,2 - 0,Servette FC (as Servette Genève),1629,1612.0,2,0,Switzerland,domestic league (tier 2)
2018/04/12,Challenge League,0,FC Rapperswil-Jona,1505,1500.0,1 - 1,FC Wil 1900,1416,1421.0,1,1,Switzerland,domestic league (tier 2)
2018/04/16,Challenge League,0,FC Rapperswil-Jona,1500,1507.0,3 - 1,FC Winterthur,1402,1395.0,3,1,Switzerland,domestic league (tier 2)
2018/04/29,Challenge League,0,FC Rapperswil-Jona,1520,1513.0,2 - 2,FC Wohlen,1321,1328.0,2,2,Switzerland,domestic league (tier 2)
2018/05/10,Challenge League,0,FC Rapperswil-Jona,1499,1486.0,2 - 3,FC Aarau,1478,1491.0,2,3,Switzerland,domestic league (tier 2)
2018/05/18,Challenge League,0,FC Rapperswil-Jona,1497,1490.0,0 - 1,Neuchâtel Xamax FCS,1711,1718.0,0,1,Switzerland,domestic league (tier 2)
2018/07/21,Challenge League,0,FC Rapperswil-Jona,1517,1532.0,3 - 0,FC Schaffhausen,1561,1546.0,3,0,Switzerland,domestic league (tier 2)
2018/08/04,Challenge League,0,FC Rapperswil-Jona,1544,1514.0,0 - 4,FC Winterthur,1414,1444.0,0,4,Switzerland,domestic league (tier 2)
2018/08/26,Challenge League,0,FC Rapperswil-Jona,1510,1519.0,2 - 1,FC Vaduz,1581,1572.0,2,1,Switzerland,domestic league (tier 2)
2018/09/01,Challenge League,0,FC Rapperswil-Jona,1519,1524.0,2 - 1,FC Aarau,1413,1408.0,2,1,Switzerland,domestic league (tier 2)
2018/09/29,Challenge League,0,FC Rapperswil-Jona,1525,1524.0,1 - 1,Servette FC (as Servette Genève),1575,1576.0,1,1,Switzerland,domestic league (tier 2)
2018/10/20,Challenge League,0,FC Rapperswil-Jona,1517,1500.0,1 - 2,SC Kriens,1338,1355.0,1,2,Switzerland,domestic league (tier 2)
2018/10/27,Challenge League,0,FC Rapperswil-Jona,1500,1501.0,2 - 2,FC Lausanne-Sport,1639,1638.0,2,2,Switzerland,domestic league (tier 2)
2018/11/25,Challenge League,0,FC Rapperswil-Jona,1452,1441.0,0 - 1,FC Wil 1900,1509,1520.0,0,1,Switzerland,domestic league (tier 2)
2018/12/08,Challenge League,0,FC Rapperswil-Jona,1446,1423.0,0 - 2,FC Chiasso,1354,1377.0,0,2,Switzerland,domestic league (tier 2)
2019/02/09,Challenge League,0,FC Rapperswil-Jona,1418,1408.0,1 - 2,FC Aarau,1506,1516.0,1,2,Switzerland,domestic league (tier 2)
2019/02/23,Challenge League,0,FC Rapperswil-Jona,1397,1412.0,2 - 0,FC Schaffhausen,1487,1472.0,2,0,Switzerland,domestic league (tier 2)
2019/03/02,Challenge League,0,FC Rapperswil-Jona,1412,1430.0,4 - 0,FC Wil 1900,1489,1471.0,4,0,Switzerland,domestic league (tier 2)
2019/03/16,Challenge League,0,FC Rapperswil-Jona,1422,1415.0,1 - 2,Servette FC (as Servette Genève),1643,1650.0,1,2,Switzerland,domestic league (tier 2)
2019/04/03,Challenge League,0,FC Rapperswil-Jona,1410,1407.0,0 - 0,FC Chiasso,1412,1415.0,0,0,Switzerland,domestic league (tier 2)
2019/04/06,Challenge League,0,FC Rapperswil-Jona,1407,1400.0,0 - 1,FC Lausanne-Sport,1617,1624.0,0,1,Switzerland,domestic league (tier 2)
2019/04/20,Challenge League,0,FC Rapperswil-Jona,1420,1436.0,4 - 1,FC Vaduz,1496,1480.0,4,1,Switzerland,domestic league (tier 2)
2019/05/03,Challenge League,0,FC Rapperswil-Jona,1439,1445.0,1 - 0,SC Kriens,1400,1394.0,1,0,Switzerland,domestic league (tier 2)
2019/05/23,Challenge League,0,FC Rapperswil-Jona,1432,1412.0,1 - 4,FC Winterthur,1488,1508.0,1,4,Switzerland,domestic league (tier 2)
2022/09/17,Switzerland Cup,0,FC Rapperswil-Jona,1403,1397.0,0 - 2,FC Sion,1733,1739.0,0,2,Switzerland,domestic cup
2023/09/16,Switzerland Cup,0,FC Rapperswil-Jona,1397,1410.0,1 - 0,Yverdon Sport FC,1594,1581.0,1,0,Switzerland,domestic cup
2023/11/01,Switzerland Cup,0,FC Rapperswil-Jona,1410,1408.0,0 - 2,BSC Young Boys,1965,1967.0,0,2,Switzerland,domestic cup
2024/09/14,Switzerland Cup,0,FC Rapperswil-Jona,1419,1414.0,1 - 3,FC Lugano,1813,1818.0,1,3,Switzerland,domestic cup
2025/07/25,Challenge League,0,FC Rapperswil-Jona,1414,1422.0,1 - 0,Etoile Carouge FC,1435,1427.0,1,0,Switzerland,domestic league (tier 2)
2025/08/08,Challenge League,0,FC Rapperswil-Jona,1413,1400.0,0 - 3,Yverdon Sport FC,1604,1617.0,0,3,Switzerland,domestic league (tier 2)
2025/08/22,Challenge League,0,FC Rapperswil-Jona,1400,1390.0,1 - 2,Stade Lausanne-Ouchy,1515,1525.0,1,2,Switzerland,domestic league (tier 2)
2025/08/29,Challenge League,0,FC Rapperswil-Jona,1412,1404.0,0 - 1,FC Aarau,1579,1587.0,0,1,Switzerland,domestic league (tier 2)
2025/09/26,Challenge League,0,FC Rapperswil-Jona,1407,1389.0,1 - 3,Neuchâtel Xamax FCS,1427,1445.0,1,3,Switzerland,domestic league (tier 2)
2025/10/17,Challenge League,0,FC Rapperswil-Jona,1385,1392.0,1 - 0,FC Stade Nyonnais,1371,1364.0,1,0,Switzerland,domestic league (tier 2)
2025/11/07,Challenge League,0,FC Rapperswil-Jona,1383,1371.0,1 - 2,FC Wil 1900,1411,1423.0,1,2,Switzerland,domestic league (tier 2)
2025/11/28,Challenge League,0,FC Rapperswil-Jona,1392,1399.0,2 - 1,AC Bellinzona,1369,1362.0,2,1,Switzerland,domestic league (tier 2)
2025/12/03,Switzerland Cup,0,FC Rapperswil-Jona,1399,1405.0,1 - 1,FC St. Gallen,1753,1747.0,1,1,Switzerland,domestic cup
2025/12/12,Challenge League,0,FC Rapperswil-Jona,1429,1413.0,0 - 4,FC Vaduz,1575,1591.0,0,4,Switzerland,domestic league (tier 2)
2026/01/24,Challenge League,0,FC Rapperswil-Jona,1410,1421.0,1 - 0,Stade Lausanne-Ouchy,1552,1541.0,1,0,Switzerland,domestic league (tier 2)
2026/02/07,Challenge League,0,FC Rapperswil-Jona,1413,1400.0,1 - 4,Yverdon Sport FC,1615,1628.0,1,4,Switzerland,domestic league (tier 2)
2026/02/20,Challenge League,0,FC Rapperswil-Jona,1421,1427.0,2 - 1,AC Bellinzona,1360,1354.0,2,1,Switzerland,domestic league (tier 2)
2026/03/06,Challenge League,0,FC Rapperswil-Jona,1421,1423.0,0 - 0,FC Vaduz,1597,1595.0,0,0,Switzerland,domestic league (tier 2)
2026/04/04,Challenge League,0,FC Rapperswil-Jona,1407,1400.0,4 - 5,FC Aarau,1611,1618.0,4,5,Switzerland,domestic league (tier 2)
2026/04/11,Challenge League,0,FC Rapperswil-Jona,1415,1427.0,2 - 0,FC Wil 1900,1446,1434.0,2,0,Switzerland,domestic league (tier 2)
2026/04/24,Challenge League,0,FC Rapperswil-Jona,1424,1432.0,2 - 1,Etoile Carouge FC,1457,1449.0,2,1,Switzerland,domestic league (tier 2)
2026/05/08,Challenge League,0,FC Rapperswil-Jona,1448,1434.0,2 - 3,Neuchâtel Xamax FCS,1421,1435.0,2,3,Switzerland,domestic league (tier 2)
2026/05/15,Challenge League,0,FC Rapperswil-Jona,1429,1433.0,2 - 1,FC Stade Nyonnais,1308,1304.0,2,1,Switzerland,domestic league (tier 2)
2026/07/24,Challenge League,0,FC Rapperswil-Jona,1433,1420.0,4 - 5,FC Wil 1900,1431,1444.0,4,5,Switzerland,domestic league (tier 2)
2026/08/21,Challenge League,0,FC Rapperswil-Jona,1436,1420.0,0 - 2,FC Winterthur,1514,1530.0,0,2,Switzerland,domestic league (tier 2)
2026/09/01,Challenge League,0,FC Rapperswil-Jona,1414,1408.0,1 - 1,SC Kriens,1297,1303.0,1,1,Switzerland,domestic league (tier 2)
2026/10/16,Switzerland Cup,0,FC Rapperswil-Jona,1408,,Info,FC St. Gallen,1801,,,,Switzerland,domestic cup
2016/07/23,Challenge League,0,FC Schaffhausen,1494,1502.0,1 - 0,FC Wil 1900,1511,1503.0,1,0,Switzerland,domestic league (tier 2)
2016/08/07,Challenge League,0,FC Schaffhausen,1513,1497.0,1 - 2,FC Le Mont,1344,1360.0,1,2,Switzerland,domestic league (tier 2)
2016/08/27,Challenge League,0,FC Schaffhausen,1513,1504.0,1 - 3,FC Zürich,1752,1761.0,1,3,Switzerland,domestic league (tier 2)
2016/09/22,Challenge League,0,FC Schaffhausen,1498,1495.0,2 - 2,FC Winterthur,1491,1494.0,2,2,Switzerland,domestic league (tier 2)
2016/09/25,Challenge League,0,FC Schaffhausen,1495,1479.0,0 - 1,FC Wohlen,1378,1394.0,0,1,Switzerland,domestic league (tier 2)
2016/10/16,Challenge League,0,FC Schaffhausen,1473,1461.0,1 - 2,Servette FC (as Servette Genève),1508,1520.0,1,2,Switzerland,domestic league (tier 2)
2016/11/05,Challenge League,0,FC Schaffhausen,1443,1428.0,1 - 4,Neuchâtel Xamax FCS,1591,1606.0,1,4,Switzerland,domestic league (tier 2)
2016/11/21,Challenge League,0,FC Schaffhausen,1428,1419.0,2 - 3,FC Aarau,1572,1581.0,2,3,Switzerland,domestic league (tier 2)
2016/12/04,Challenge League,0,FC Schaffhausen,1433,1419.0,1 - 2,FC Chiasso,1390,1404.0,1,2,Switzerland,domestic league (tier 2)
2017/02/25,Challenge League,0,FC Schaffhausen,1408,1416.0,2 - 1,FC Winterthur,1435,1427.0,2,1,Switzerland,domestic league (tier 2)
2017/03/01,Challenge League,0,FC Schaffhausen,1416,1433.0,3 - 0,FC Wil 1900,1510,1493.0,3,0,Switzerland,domestic league (tier 2)
2017/03/11,Challenge League,0,FC Schaffhausen,1459,1455.0,2 - 2,FC Le Mont,1401,1405.0,2,2,Switzerland,domestic league (tier 2)
2017/03/19,Challenge League,0,FC Schaffhausen,1455,1461.0,3 - 2,FC Wohlen,1412,1406.0,3,2,Switzerland,domestic league (tier 2)
2017/04/08,Challenge League,0,FC Schaffhausen,1460,1474.0,5 - 0,FC Chiasso,1444,1430.0,5,0,Switzerland,domestic league (tier 2)
2017/05/01,Challenge League,0,FC Schaffhausen,1501,1511.0,2 - 1,Servette FC (as Servette Genève),1601,1591.0,2,1,Switzerland,domestic league (tier 2)
2017/05/07,Challenge League,0,FC Schaffhausen,1511,1525.0,4 - 0,FC Aarau,1518,1504.0,4,0,Switzerland,domestic league (tier 2)
2017/05/18,Challenge League,0,FC Schaffhausen,1547,1558.0,2 - 1,Neuchâtel Xamax FCS,1681,1670.0,2,1,Switzerland,domestic league (tier 2)
2017/05/27,Challenge League,0,FC Schaffhausen,1574,1560.0,0 - 4,FC Zürich,1762,1776.0,0,4,Switzerland,domestic league (tier 2)
2017/07/24,Challenge League,0,FC Schaffhausen,1548,1555.0,6 - 0,FC Rapperswil-Jona,1365,1358.0,6,0,Switzerland,domestic league (tier 2)
2017/08/05,Challenge League,0,FC Schaffhausen,1573,1579.0,2 - 0,FC Chiasso,1427,1421.0,2,0,Switzerland,domestic league (tier 2)
2017/08/27,Challenge League,0,FC Schaffhausen,1604,1615.0,3 - 1,FC Vaduz,1618,1607.0,3,1,Switzerland,domestic league (tier 2)
2017/09/21,Challenge League,0,FC Schaffhausen,1608,1613.0,2 - 0,FC Winterthur,1420,1415.0,2,0,Switzerland,domestic league (tier 2)
2017/10/14,Challenge League,0,FC Schaffhausen,1591,1594.0,2 - 1,FC Wohlen,1416,1413.0,2,1,Switzerland,domestic league (tier 2)
2017/10/28,Challenge League,0,FC Schaffhausen,1582,1591.0,4 - 1,FC Aarau,1487,1478.0,4,1,Switzerland,domestic league (tier 2)
2017/11/03,Challenge League,0,FC Schaffhausen,1591,1581.0,1 - 2,Neuchâtel Xamax FCS,1690,1700.0,1,2,Switzerland,domestic league (tier 2)
2017/11/26,Challenge League,0,FC Schaffhausen,1570,1559.0,1 - 2,Servette FC (as Servette Genève),1631,1642.0,1,2,Switzerland,domestic league (tier 2)
2017/12/11,Challenge League,0,FC Schaffhausen,1568,1571.0,2 - 1,FC Wil 1900,1363,1360.0,2,1,Switzerland,domestic league (tier 2)
2018/02/12,Challenge League,0,FC Schaffhausen,1561,1550.0,0 - 1,Servette FC (as Servette Genève),1624,1635.0,0,1,Switzerland,domestic league (tier 2)
2018/02/24,Challenge League,0,FC Schaffhausen,1534,1518.0,1 - 2,FC Wil 1900,1386,1402.0,1,2,Switzerland,domestic league (tier 2)
2018/03/03,Challenge League,0,FC Schaffhausen,1518,1523.0,2 - 1,FC Chiasso,1421,1416.0,2,1,Switzerland,domestic league (tier 2)
2018/03/31,Challenge League,0,FC Schaffhausen,1511,1518.0,4 - 0,FC Wohlen,1342,1335.0,4,0,Switzerland,domestic league (tier 2)
2018/04/14,Challenge League,0,FC Schaffhausen,1528,1536.0,3 - 1,FC Aarau,1461,1453.0,3,1,Switzerland,domestic league (tier 2)
2018/04/22,Challenge League,0,FC Schaffhausen,1561,1539.0,2 - 4,FC Rapperswil-Jona,1498,1520.0,2,4,Switzerland,domestic league (tier 2)
2018/05/09,Challenge League,0,FC Schaffhausen,1532,1545.0,1 - 0,Neuchâtel Xamax FCS,1722,1709.0,1,0,Switzerland,domestic league (tier 2)
2018/05/12,Challenge League,0,FC Schaffhausen,1545,1544.0,3 - 3,FC Vaduz,1606,1607.0,3,3,Switzerland,domestic league (tier 2)
2018/05/21,Challenge League,0,FC Schaffhausen,1555,1561.0,3 - 1,FC Winterthur,1415,1409.0,3,1,Switzerland,domestic league (tier 2)
2018/07/28,Challenge League,0,FC Schaffhausen,1546,1553.0,2 - 0,FC Wil 1900,1454,1447.0,2,0,Switzerland,domestic league (tier 2)
2018/08/05,Challenge League,0,FC Schaffhausen,1553,1567.0,4 - 1,FC Vaduz,1587,1573.0,4,1,Switzerland,domestic league (tier 2)
2018/08/25,Challenge League,0,FC Schaffhausen,1554,1554.0,1 - 1,FC Lausanne-Sport,1661,1661.0,1,1,Switzerland,domestic league (tier 2)
2018/09/22,Challenge League,0,FC Schaffhausen,1551,1549.0,1 - 1,Servette FC (as Servette Genève),1581,1583.0,1,1,Switzerland,domestic league (tier 2)
2018/10/05,Challenge League,0,FC Schaffhausen,1539,1546.0,1 - 0,FC Rapperswil-Jona,1524,1517.0,1,0,Switzerland,domestic league (tier 2)
2018/10/27,Challenge League,0,FC Schaffhausen,1538,1534.0,2 - 2,FC Winterthur,1483,1487.0,2,2,Switzerland,domestic league (tier 2)
2018/11/10,Challenge League,0,FC Schaffhausen,1524,1528.0,3 - 2,FC Chiasso,1364,1360.0,3,2,Switzerland,domestic league (tier 2)
2018/11/23,Challenge League,0,FC Schaffhausen,1528,1506.0,1 - 3,FC Aarau,1448,1470.0,1,3,Switzerland,domestic league (tier 2)
2018/12/08,Challenge League,0,FC Schaffhausen,1519,1523.0,3 - 2,SC Kriens,1378,1374.0,3,2,Switzerland,domestic league (tier 2)
2019/02/02,Challenge League,0,FC Schaffhausen,1526,1501.0,0 - 2,FC Chiasso,1362,1387.0,0,2,Switzerland,domestic league (tier 2)
2019/02/16,Challenge League,0,FC Schaffhausen,1503,1487.0,1 - 2,SC Kriens,1378,1394.0,1,2,Switzerland,domestic league (tier 2)
2019/03/02,Challenge League,0,FC Schaffhausen,1472,1470.0,1 - 1,FC Vaduz,1503,1505.0,1,1,Switzerland,domestic league (tier 2)
2019/03/16,Challenge League,0,FC Schaffhausen,1463,1451.0,0 - 2,FC Lausanne-Sport,1631,1643.0,0,2,Switzerland,domestic league (tier 2)
2019/04/02,Challenge League,0,FC Schaffhausen,1446,1428.0,1 - 3,FC Winterthur,1476,1494.0,1,3,Switzerland,domestic league (tier 2)
2019/04/13,Challenge League,0,FC Schaffhausen,1430,1410.0,0 - 2,FC Rapperswil-Jona,1400,1420.0,0,2,Switzerland,domestic league (tier 2)
2019/05/04,Challenge League,0,FC Schaffhausen,1444,1434.0,0 - 2,Servette FC (as Servette Genève),1665,1675.0,0,2,Switzerland,domestic league (tier 2)
2019/05/11,Challenge League,0,FC Schaffhausen,1434,1426.0,1 - 2,FC Aarau,1590,1598.0,1,2,Switzerland,domestic league (tier 2)
2019/05/23,Challenge League,0,FC Schaffhausen,1433,1444.0,2 - 0,FC Wil 1900,1431,1420.0,2,0,Switzerland,domestic league (tier 2)
2019/07/20,Challenge League,0,FC Schaffhausen,1438,1441.0,2 - 2,FC Lausanne-Sport,1633,1630.0,2,2,Switzerland,domestic league (tier 2)
2019/08/03,Challenge League,0,FC Schaffhausen,1431,1428.0,3 - 3,FC Wil 1900,1412,1415.0,3,3,Switzerland,domestic league (tier 2)
2019/08/24,Challenge League,0,FC Schaffhausen,1445,1430.0,0 - 1,Stade Lausanne-Ouchy,1356,1371.0,0,1,Switzerland,domestic league (tier 2)
2019/08/31,Challenge League,0,FC Schaffhausen,1430,1436.0,1 - 0,FC Chiasso,1378,1372.0,1,0,Switzerland,domestic league (tier 2)
2019/09/24,Challenge League,0,FC Schaffhausen,1430,1408.0,0 - 2,SC Kriens,1365,1387.0,0,2,Switzerland,domestic league (tier 2)
2019/10/19,Challenge League,0,FC Schaffhausen,1412,1415.0,1 - 1,Grasshopper Club Zürich,1630,1627.0,1,1,Switzerland,domestic league (tier 2)
2019/11/02,Challenge League,0,FC Schaffhausen,1417,1418.0,1 - 1,FC Winterthur,1556,1555.0,1,1,Switzerland,domestic league (tier 2)
2019/11/23,Challenge League,0,FC Schaffhausen,1414,1396.0,0 - 3,FC Vaduz,1497,1515.0,0,3,Switzerland,domestic league (tier 2)
2019/12/06,Challenge League,0,FC Schaffhausen,1400,1401.0,0 - 0,FC Aarau,1534,1533.0,0,0,Switzerland,domestic league (tier 2)
2020/01/24,Challenge League,0,FC Schaffhausen,1390,1395.0,0 - 0,FC Lausanne-Sport,1683,1678.0,0,0,Switzerland,domestic league (tier 2)
2020/02/08,Challenge League,0,FC Schaffhausen,1411,1421.0,1 - 0,FC Winterthur,1504,1494.0,1,0,Switzerland,domestic league (tier 2)
2020/02/22,Challenge League,0,FC Schaffhausen,1424,1408.0,0 - 3,Grasshopper Club Zürich,1556,1572.0,0,3,Switzerland,domestic league (tier 2)
2020/06/23,Challenge League,0,FC Schaffhausen,1398,1404.0,2 - 1,FC Chiasso,1367,1361.0,2,1,Switzerland,domestic league (tier 2)
2020/06/30,Challenge League,0,FC Schaffhausen,1408,1410.0,2 - 2,FC Vaduz,1577,1575.0,2,2,Switzerland,domestic league (tier 2)
2020/07/07,Challenge League,0,FC Schaffhausen,1411,1399.0,2 - 3,FC Wil 1900,1428,1440.0,2,3,Switzerland,domestic league (tier 2)
2020/07/17,Challenge League,0,FC Schaffhausen,1392,1391.0,0 - 0,SC Kriens,1471,1472.0,0,0,Switzerland,domestic league (tier 2)
2020/07/24,Challenge League,0,FC Schaffhausen,1387,1386.0,2 - 2,Stade Lausanne-Ouchy,1443,1444.0,2,2,Switzerland,domestic league (tier 2)
2020/08/02,Challenge League,0,FC Schaffhausen,1382,1366.0,2 - 4,FC Aarau,1452,1468.0,2,4,Switzerland,domestic league (tier 2)
2020/09/19,Challenge League,0,FC Schaffhausen,1363,1375.0,5 - 2,FC Chiasso,1349,1337.0,5,2,Switzerland,domestic league (tier 2)
2020/10/04,Challenge League,0,FC Schaffhausen,1405,1387.0,1 - 3,Stade Lausanne-Ouchy,1425,1443.0,1,3,Switzerland,domestic league (tier 2)
2020/10/19,Challenge League,0,FC Schaffhausen,1394,1383.0,1 - 2,FC Aarau,1445,1456.0,1,2,Switzerland,domestic league (tier 2)
2020/10/31,Challenge League,0,FC Schaffhausen,1380,1396.0,3 - 1,SC Kriens,1502,1486.0,3,1,Switzerland,domestic league (tier 2)
2020/11/08,Challenge League,0,FC Schaffhausen,1401,1405.0,1 - 1,FC Thun,1651,1647.0,1,1,Switzerland,domestic league (tier 2)
2020/11/27,Challenge League,0,FC Schaffhausen,1409,1426.0,2 - 0,Neuchâtel Xamax FCS,1563,1546.0,2,0,Switzerland,domestic league (tier 2)
2020/12/15,Challenge League,0,FC Schaffhausen,1430,1437.0,1 - 0,FC Wil 1900,1440,1433.0,1,0,Switzerland,domestic league (tier 2)
2020/12/18,Challenge League,0,FC Schaffhausen,1437,1449.0,2 - 1,Grasshopper Club Zürich,1607,1595.0,2,1,Switzerland,domestic league (tier 2)
2021/01/29,Challenge League,0,FC Schaffhausen,1459,1469.0,1 - 0,FC Winterthur,1568,1558.0,1,0,Switzerland,domestic league (tier 2)
2021/02/05,Challenge League,0,FC Schaffhausen,1483,1480.0,1 - 1,FC Wil 1900,1460,1463.0,1,1,Switzerland,domestic league (tier 2)
2021/02/19,Challenge League,0,FC Schaffhausen,1478,1501.0,4 - 0,FC Thun,1663,1640.0,4,0,Switzerland,domestic league (tier 2)
2021/03/02,Challenge League,0,FC Schaffhausen,1507,1515.0,2 - 0,SC Kriens,1436,1428.0,2,0,Switzerland,domestic league (tier 2)
2021/03/05,Challenge League,0,FC Schaffhausen,1515,1495.0,1 - 3,Stade Lausanne-Ouchy,1497,1517.0,1,3,Switzerland,domestic league (tier 2)
2021/03/19,Challenge League,0,FC Schaffhausen,1481,1480.0,3 - 3,FC Winterthur,1551,1552.0,3,3,Switzerland,domestic league (tier 2)
2021/04/09,Challenge League,0,FC Schaffhausen,1474,1461.0,0 - 2,Grasshopper Club Zürich,1609,1622.0,0,2,Switzerland,domestic league (tier 2)
2021/04/23,Challenge League,0,FC Schaffhausen,1467,1480.0,3 - 0,Neuchâtel Xamax FCS,1473,1460.0,3,0,Switzerland,domestic league (tier 2)
2021/05/08,Challenge League,0,FC Schaffhausen,1492,1501.0,3 - 2,FC Aarau,1544,1535.0,3,2,Switzerland,domestic league (tier 2)
2021/05/14,Challenge League,0,FC Schaffhausen,1497,1491.0,1 - 1,FC Chiasso,1373,1379.0,1,1,Switzerland,domestic league (tier 2)
2022/07/15,Challenge League,0,FC Schaffhausen,1604,1605.0,1 - 0,FC Thun Berner Oberland,1267,1266.0,1,0,Switzerland,domestic league (tier 2)
2022/07/29,Challenge League,0,FC Schaffhausen,1591,1597.0,2 - 0,Neuchâtel Xamax FCS,1455,1449.0,2,0,Switzerland,domestic league (tier 2)
2022/08/05,Challenge League,0,FC Schaffhausen,1597,1581.0,0 - 1,FC Wil 1900,1444,1460.0,0,1,Switzerland,domestic league (tier 2)
2022/08/27,Challenge League,0,FC Schaffhausen,1597,1581.0,1 - 2,Yverdon Sport FC,1436,1452.0,1,2,Switzerland,domestic league (tier 2)
2022/09/09,Challenge League,0,FC Schaffhausen,1583,1564.0,0 - 2,FC Aarau,1594,1613.0,0,2,Switzerland,domestic league (tier 2)
2022/09/18,Switzerland Cup,0,FC Schaffhausen,1564,1572.0,4 - 1,Yverdon Sport FC,1439,1431.0,4,1,Switzerland,domestic cup
2022/10/09,Challenge League,0,FC Schaffhausen,1590,1586.0,2 - 2,FC Vaduz,1535,1539.0,2,2,Switzerland,domestic league (tier 2)
2022/10/22,Challenge League,0,FC Schaffhausen,1563,1542.0,0 - 2,Stade Lausanne-Ouchy,1510,1531.0,0,2,Switzerland,domestic league (tier 2)
2022/11/04,Challenge League,0,FC Schaffhausen,1533,1532.0,0 - 0,FC Lausanne-Sport,1597,1598.0,0,0,Switzerland,domestic league (tier 2)
2022/11/25,Challenge League,0,FC Schaffhausen,1513,1520.0,1 - 0,AC Bellinzona,1494,1487.0,1,0,Switzerland,domestic league (tier 2)
2023/02/03,Challenge League,0,FC Schaffhausen,1520,1527.0,1 - 0,FC Vaduz,1531,1524.0,1,0,Switzerland,domestic league (tier 2)
2023/02/17,Challenge League,0,FC Schaffhausen,1543,1540.0,2 - 2,FC Aarau,1528,1531.0,2,2,Switzerland,domestic league (tier 2)
2023/03/05,Challenge League,0,FC Schaffhausen,1563,1531.0,0 - 5,FC Thun Berner Oberland,1434,1466.0,0,5,Switzerland,domestic league (tier 2)
2023/03/10,Challenge League,0,FC Schaffhausen,1531,1520.0,1 - 2,FC Lausanne-Sport,1610,1621.0,1,2,Switzerland,domestic league (tier 2)
2023/03/31,Challenge League,0,FC Schaffhausen,1509,1522.0,4 - 1,FC Wil 1900,1521,1508.0,4,1,Switzerland,domestic league (tier 2)
2023/04/14,Challenge League,0,FC Schaffhausen,1544,1531.0,3 - 4,Yverdon Sport FC,1535,1548.0,3,4,Switzerland,domestic league (tier 2)
2023/05/05,Challenge League,0,FC Schaffhausen,1524,1529.0,2 - 1,AC Bellinzona,1411,1406.0,2,1,Switzerland,domestic league (tier 2)
2023/05/12,Challenge League,0,FC Schaffhausen,1529,1509.0,2 - 4,Stade Lausanne-Ouchy,1511,1531.0,2,4,Switzerland,domestic league (tier 2)
2023/05/23,Challenge League,0,FC Schaffhausen,1501,1496.0,1 - 1,Neuchâtel Xamax FCS,1392,1397.0,1,1,Switzerland,domestic league (tier 2)
2023/07/28,Challenge League,0,FC Schaffhausen,1489,1475.0,0 - 1,FC Thun Berner Oberland,1460,1474.0,0,1,Switzerland,domestic league (tier 2)
2023/08/04,Challenge League,0,FC Schaffhausen,1475,1457.0,1 - 3,FC Wil 1900,1506,1524.0,1,3,Switzerland,domestic league (tier 2)
2023/08/25,Challenge League,0,FC Schaffhausen,1459,1459.0,2 - 2,FC Aarau,1571,1571.0,2,2,Switzerland,domestic league (tier 2)
2023/09/22,Challenge League,0,FC Schaffhausen,1432,1435.0,1 - 1,FC Sion,1631,1628.0,1,1,Switzerland,domestic league (tier 2)
2023/09/26,Challenge League,0,FC Schaffhausen,1435,1430.0,0 - 0,AC Bellinzona,1360,1365.0,0,0,Switzerland,domestic league (tier 2)
2023/10/06,Challenge League,0,FC Schaffhausen,1427,1437.0,1 - 0,FC Vaduz,1515,1505.0,1,0,Switzerland,domestic league (tier 2)
2023/11/03,Challenge League,0,FC Schaffhausen,1444,1440.0,1 - 1,FC Stade Nyonnais,1406,1410.0,1,1,Switzerland,domestic league (tier 2)
2023/11/24,Challenge League,0,FC Schaffhausen,1435,1432.0,2 - 2,Neuchâtel Xamax FCS,1412,1415.0,2,2,Switzerland,domestic league (tier 2)
2023/12/08,Challenge League,0,FC Schaffhausen,1432,1437.0,2 - 0,FC Baden,1234,1229.0,2,0,Switzerland,domestic league (tier 2)
2024/02/02,Challenge League,0,FC Schaffhausen,1424,1432.0,3 - 2,FC Wil 1900,1456,1448.0,3,2,Switzerland,domestic league (tier 2)
2024/02/09,Challenge League,0,FC Schaffhausen,1455,1455.0,1 - 1,FC Thun Berner Oberland,1544,1544.0,1,1,Switzerland,domestic league (tier 2)
2024/02/23,Challenge League,0,FC Schaffhausen,1462,1449.0,0 - 4,FC Sion,1663,1676.0,0,4,Switzerland,domestic league (tier 2)
2024/03/08,Challenge League,0,FC Schaffhausen,1442,1441.0,1 - 1,FC Aarau,1523,1524.0,1,1,Switzerland,domestic league (tier 2)
2024/03/15,Challenge League,0,FC Schaffhausen,1441,1447.0,2 - 1,AC Bellinzona,1383,1377.0,2,1,Switzerland,domestic league (tier 2)
2024/04/12,Challenge League,0,FC Schaffhausen,1453,1440.0,0 - 1,FC Vaduz,1458,1471.0,0,1,Switzerland,domestic league (tier 2)
2024/04/19,Challenge League,0,FC Schaffhausen,1440,1437.0,1 - 1,Neuchâtel Xamax FCS,1450,1453.0,1,1,Switzerland,domestic league (tier 2)
2024/05/03,Challenge League,0,FC Schaffhausen,1451,1447.0,1 - 1,FC Stade Nyonnais,1411,1415.0,1,1,Switzerland,domestic league (tier 2)
2024/05/17,Challenge League,0,FC Schaffhausen,1439,1431.0,2 - 2,FC Baden,1198,1206.0,2,2,Switzerland,domestic league (tier 2)
2024/07/19,Challenge League,0,FC Schaffhausen,1427,1412.0,2 - 3,Etoile Carouge FC,1350,1365.0,2,3,Switzerland,domestic league (tier 2)
2024/08/11,Challenge League,0,FC Schaffhausen,1449,1447.0,1 - 1,FC Vaduz,1477,1479.0,1,1,Switzerland,domestic league (tier 2)
2024/08/30,Challenge League,0,FC Schaffhausen,1439,1441.0,2 - 2,FC Thun Berner Oberland,1614,1612.0,2,2,Switzerland,domestic league (tier 2)
2024/09/15,Switzerland Cup,0,FC Schaffhausen,1441,1458.0,2 - 1,Servette FC,1835,1818.0,2,1,Switzerland,domestic cup
2024/09/20,Challenge League,0,FC Schaffhausen,1458,1445.0,1 - 2,Neuchâtel Xamax FCS,1463,1476.0,1,2,Switzerland,domestic league (tier 2)
2024/09/27,Challenge League,0,FC Schaffhausen,1458,1437.0,0 - 2,FC Wil 1900,1408,1429.0,0,2,Switzerland,domestic league (tier 2)
2024/10/18,Challenge League,0,FC Schaffhausen,1431,1409.0,0 - 3,FC Aarau,1437,1459.0,0,3,Switzerland,domestic league (tier 2)
2024/11/01,Challenge League,0,FC Schaffhausen,1403,1411.0,2 - 1,AC Bellinzona,1446,1438.0,2,1,Switzerland,domestic league (tier 2)
2024/12/04,Switzerland Cup,0,FC Schaffhausen,1419,1416.0,0 - 1,BSC Young Boys,1843,1846.0,0,1,Switzerland,domestic cup
2024/12/13,Challenge League,0,FC Schaffhausen,1409,1395.0,0 - 1,FC Stade Nyonnais,1347,1361.0,0,1,Switzerland,domestic league (tier 2)
2025/01/31,Challenge League,0,FC Schaffhausen,1384,1377.0,2 - 3,FC Thun Berner Oberland,1574,1581.0,2,3,Switzerland,domestic league (tier 2)
2025/02/04,Challenge League,0,FC Schaffhausen,1377,1368.0,0 - 1,Stade Lausanne-Ouchy,1509,1518.0,0,1,Switzerland,domestic league (tier 2)
2025/02/14,Challenge League,0,FC Schaffhausen,1381,1380.0,0 - 0,Etoile Carouge FC,1439,1440.0,0,0,Switzerland,domestic league (tier 2)
2025/02/21,Challenge League,0,FC Schaffhausen,1380,1361.0,2 - 4,Neuchâtel Xamax FCS,1396,1415.0,2,4,Switzerland,domestic league (tier 2)
2025/03/07,Challenge League,0,FC Schaffhausen,1355,1355.0,1 - 1,FC Vaduz,1468,1468.0,1,1,Switzerland,domestic league (tier 2)
2025/03/28,Challenge League,0,FC Schaffhausen,1371,1356.0,1 - 3,FC Wil 1900,1465,1480.0,1,3,Switzerland,domestic league (tier 2)
2025/04/11,Challenge League,0,FC Schaffhausen,1340,1332.0,2 - 3,Stade Lausanne-Ouchy,1508,1516.0,2,3,Switzerland,domestic league (tier 2)
2025/04/25,Challenge League,0,FC Schaffhausen,1356,1358.0,1 - 1,FC Aarau,1542,1540.0,1,1,Switzerland,domestic league (tier 2)
2025/05/09,Challenge League,0,FC Schaffhausen,1351,1338.0,2 - 3,FC Stade Nyonnais,1348,1361.0,2,3,Switzerland,domestic league (tier 2)
2025/05/23,Challenge League,0,FC Schaffhausen,1334,1319.0,1 - 3,AC Bellinzona,1438,1453.0,1,3,Switzerland,domestic league (tier 2)
2025/09/21,Switzerland Cup,0,FC Schaffhausen,1319,1310.0,0 - 4,FC Winterthur,1616,1625.0,0,4,Switzerland,domestic cup
2026/10/18,Switzerland Cup,0,FC Schaffhausen,1310,,Info,FC Thun Berner Oberland,1738,,,,Switzerland,domestic cup
2016/07/30,Super League,0,FC Sion,1787,1791.0,2 - 1,FC St. Gallen,1657,1653.0,2,1,Switzerland,domestic league (tier 1)
2016/08/06,Super League,0,FC Sion,1791,1765.0,1 - 3,FC Lausanne-Sport,1559,1585.0,1,3,Switzerland,domestic league (tier 1)
2016/08/27,Super League,0,FC Sion,1744,1753.0,3 - 1,FC Vaduz,1697,1688.0,3,1,Switzerland,domestic league (tier 1)
2016/09/11,Super League,0,FC Sion,1753,1759.0,1 - 0,FC Thun,1690,1684.0,1,0,Switzerland,domestic league (tier 1)
2016/09/25,Super League,0,FC Sion,1773,1773.0,0 - 0,BSC Young Boys,1859,1859.0,0,0,Switzerland,domestic league (tier 1)
2016/10/16,Super League,0,FC Sion,1790,1800.0,4 - 2,Grasshopper Club Zürich (as Grasshoppers Zürich),1769,1759.0,4,2,Switzerland,domestic league (tier 1)
2016/10/29,Super League,0,FC Sion,1813,1821.0,5 - 1,FC Lugano,1695,1687.0,5,1,Switzerland,domestic league (tier 1)
2016/11/27,Super League,0,FC Sion,1830,1822.0,1 - 2,FC Basel,2012,2020.0,1,2,Switzerland,domestic league (tier 1)
2016/12/11,Super League,0,FC Sion,1810,1821.0,3 - 1,FC Luzern,1826,1815.0,3,1,Switzerland,domestic league (tier 1)
2017/02/12,Super League,0,FC Sion,1814,1819.0,4 - 2,FC Vaduz,1651,1646.0,4,2,Switzerland,domestic league (tier 1)
2017/03/05,Super League,0,FC Sion,1836,1820.0,1 - 2,FC St. Gallen,1678,1694.0,1,2,Switzerland,domestic league (tier 1)
2017/03/12,Super League,0,FC Sion,1820,1812.0,0 - 1,FC Basel,2000,2008.0,0,1,Switzerland,domestic league (tier 1)
2017/04/01,Super League,0,FC Sion,1815,1820.0,2 - 1,FC Thun,1705,1700.0,2,1,Switzerland,domestic league (tier 1)
2017/04/23,Super League,0,FC Sion,1808,1791.0,0 - 1,FC Lausanne-Sport,1626,1643.0,0,1,Switzerland,domestic league (tier 1)
2017/05/07,Super League,0,FC Sion,1781,1771.0,0 - 1,BSC Young Boys,1893,1903.0,0,1,Switzerland,domestic league (tier 1)
2017/05/13,Super League,0,FC Sion,1771,1781.0,2 - 0,FC Lugano,1749,1739.0,2,0,Switzerland,domestic league (tier 1)
2017/05/21,Super League,0,FC Sion,1788,1774.0,2 - 3,FC Luzern,1741,1755.0,2,3,Switzerland,domestic league (tier 1)
2017/06/02,Super League,0,FC Sion,1766,1761.0,1 - 1,Grasshopper Club Zürich (as Grasshoppers Zürich),1687,1692.0,1,1,Switzerland,domestic league (tier 1)
2017/08/20,Super League,0,FC Sion,1724,1722.0,1 - 1,FC Luzern,1771,1773.0,1,1,Switzerland,domestic league (tier 1)
2017/08/27,Super League,0,FC Sion,1722,1727.0,1 - 1,FC Basel,1999,1994.0,1,1,Switzerland,domestic league (tier 1)
2017/09/24,Super League,0,FC Sion,1732,1724.0,0 - 1,BSC Young Boys,1896,1904.0,0,1,Switzerland,domestic league (tier 1)
2017/09/27,Super League,0,FC Sion,1724,1719.0,1 - 1,FC Lausanne-Sport,1642,1647.0,1,1,Switzerland,domestic league (tier 1)
2017/10/15,Super League,0,FC Sion,1719,1706.0,1 - 2,FC St. Gallen,1715,1728.0,1,2,Switzerland,domestic league (tier 1)
2017/10/22,Super League,0,FC Sion,1706,1703.0,2 - 2,FC Lugano,1696,1699.0,2,2,Switzerland,domestic league (tier 1)
2017/11/04,Super League,0,FC Sion,1697,1697.0,1 - 1,FC Zürich,1801,1801.0,1,1,Switzerland,domestic league (tier 1)
2017/11/26,Super League,0,FC Sion,1694,1710.0,3 - 0,Grasshopper Club Zürich,1772,1756.0,3,0,Switzerland,domestic league (tier 1)
2017/12/09,Super League,0,FC Sion,1703,1691.0,2 - 3,FC Thun,1738,1750.0,2,3,Switzerland,domestic league (tier 1)
2018/02/04,Super League,0,FC Sion,1684,1667.0,1 - 3,Grasshopper Club Zürich,1743,1760.0,1,3,Switzerland,domestic league (tier 1)
2018/02/18,Super League,0,FC Sion,1663,1674.0,3 - 1,FC Lausanne-Sport,1673,1662.0,3,1,Switzerland,domestic league (tier 1)
2018/03/04,Super League,0,FC Sion,1672,1671.0,1 - 1,FC Luzern,1754,1755.0,1,1,Switzerland,domestic league (tier 1)
2018/03/11,Super League,0,FC Sion,1671,1688.0,7 - 2,FC Thun,1720,1703.0,7,2,Switzerland,domestic league (tier 1)
2018/03/31,Super League,0,FC Sion,1686,1686.0,1 - 1,FC Zürich,1775,1775.0,1,1,Switzerland,domestic league (tier 1)
2018/04/18,Super League,0,FC Sion,1719,1706.0,0 - 1,FC Lugano,1723,1736.0,0,1,Switzerland,domestic league (tier 1)
2018/04/22,Super League,0,FC Sion,1706,1711.0,2 - 2,FC Basel,2020,2015.0,2,2,Switzerland,domestic league (tier 1)
2018/05/05,Super League,0,FC Sion,1715,1709.0,0 - 1,BSC Young Boys,1973,1979.0,0,1,Switzerland,domestic league (tier 1)
2018/05/13,Super League,0,FC Sion,1728,1734.0,3 - 2,FC St. Gallen,1697,1691.0,3,2,Switzerland,domestic league (tier 1)
2018/07/22,Super League,0,FC Sion,1757,1743.0,1 - 2,FC Lugano,1728,1742.0,1,2,Switzerland,domestic league (tier 1)
2018/08/05,Super League,0,FC Sion,1760,1772.0,3 - 0,Neuchâtel Xamax FCS,1748,1736.0,3,0,Switzerland,domestic league (tier 1)
2018/09/01,Super League,0,FC Sion,1759,1748.0,0 - 3,BSC Young Boys,2000,2011.0,0,3,Switzerland,domestic league (tier 1)
2018/09/27,Super League,0,FC Sion,1746,1736.0,1 - 2,FC Zürich,1839,1849.0,1,2,Switzerland,domestic league (tier 1)
2018/10/21,Super League,0,FC Sion,1757,1752.0,0 - 0,Grasshopper Club Zürich,1658,1663.0,0,0,Switzerland,domestic league (tier 1)
2018/11/04,Super League,0,FC Sion,1761,1746.0,0 - 1,FC St. Gallen,1674,1689.0,0,1,Switzerland,domestic league (tier 1)
2018/11/25,Super League,0,FC Sion,1762,1770.0,2 - 1,FC Thun,1780,1772.0,2,1,Switzerland,domestic league (tier 1)
2018/12/01,Super League,0,FC Sion,1770,1780.0,2 - 0,FC Luzern,1760,1750.0,2,0,Switzerland,domestic league (tier 1)
2018/12/15,Super League,0,FC Sion,1781,1772.0,1 - 2,FC Basel,1921,1930.0,1,2,Switzerland,domestic league (tier 1)
2019/02/10,Super League,0,FC Sion,1772,1767.0,2 - 2,FC Lugano,1703,1708.0,2,2,Switzerland,domestic league (tier 1)
2019/02/23,Super League,0,FC Sion,1782,1777.0,2 - 2,FC St. Gallen,1682,1687.0,2,2,Switzerland,domestic league (tier 1)
2019/03/30,Super League,0,FC Sion,1748,1756.0,1 - 0,FC Zürich,1793,1785.0,1,0,Switzerland,domestic league (tier 1)
2019/04/07,Super League,0,FC Sion,1770,1767.0,2 - 2,FC Luzern,1768,1771.0,2,2,Switzerland,domestic league (tier 1)
2019/04/19,Super League,0,FC Sion,1770,1757.0,0 - 3,FC Basel,1963,1976.0,0,3,Switzerland,domestic league (tier 1)
2019/05/05,Super League,0,FC Sion,1749,1739.0,0 - 4,BSC Young Boys,2019,2029.0,0,4,Switzerland,domestic league (tier 1)
2019/05/15,Super League,0,FC Sion,1730,1737.0,1 - 0,Neuchâtel Xamax FCS,1715,1708.0,1,0,Switzerland,domestic league (tier 1)
2019/05/25,Super League,0,FC Sion,1754,1741.0,0 - 1,FC Thun,1732,1745.0,0,1,Switzerland,domestic league (tier 1)
2019/07/19,Super League,0,FC Sion,1741,1731.0,1 - 4,FC Basel,2004,2014.0,1,4,Switzerland,domestic league (tier 1)
2019/08/03,Super League,0,FC Sion,1733,1744.0,3 - 1,FC Zürich,1733,1722.0,3,1,Switzerland,domestic league (tier 1)
2019/08/25,Super League,0,FC Sion,1758,1764.0,2 - 1,FC Luzern,1731,1725.0,2,1,Switzerland,domestic league (tier 1)
2019/09/25,Super League,0,FC Sion,1799,1784.0,1 - 2,FC St. Gallen,1708,1723.0,1,2,Switzerland,domestic league (tier 1)
2019/10/06,Super League,0,FC Sion,1781,1767.0,1 - 2,FC Lugano,1738,1752.0,1,2,Switzerland,domestic league (tier 1)
2019/10/26,Super League,0,FC Sion,1756,1752.0,1 - 1,Servette FC (as Servette Genève),1691,1695.0,1,1,Switzerland,domestic league (tier 1)
2019/11/24,Super League,0,FC Sion,1730,1725.0,3 - 4,BSC Young Boys,2010,2015.0,3,4,Switzerland,domestic league (tier 1)
2019/11/30,Super League,0,FC Sion,1725,1730.0,2 - 1,FC Thun,1649,1644.0,2,1,Switzerland,domestic league (tier 1)
2019/12/15,Super League,0,FC Sion,1726,1722.0,1 - 1,Neuchâtel Xamax FCS,1664,1668.0,1,1,Switzerland,domestic league (tier 1)
2020/02/02,Super League,0,FC Sion,1712,1711.0,1 - 1,FC Zürich,1768,1769.0,1,1,Switzerland,domestic league (tier 1)
2020/02/15,Super League,0,FC Sion,1709,1695.0,1 - 2,Neuchâtel Xamax FCS,1653,1667.0,1,2,Switzerland,domestic league (tier 1)
2020/06/20,Super League,0,FC Sion,1699,1690.0,1 - 2,FC St. Gallen,1825,1834.0,1,2,Switzerland,domestic league (tier 1)
2020/06/24,Super League,0,FC Sion,1690,1690.0,1 - 1,Servette FC (as Servette Genève),1806,1806.0,1,1,Switzerland,domestic league (tier 1)
2020/07/02,Super League,0,FC Sion,1687,1671.0,0 - 2,FC Luzern,1773,1789.0,0,2,Switzerland,domestic league (tier 1)
2020/07/08,Super League,0,FC Sion,1667,1683.0,1 - 0,FC Basel,1989,1973.0,1,0,Switzerland,domestic league (tier 1)
2020/07/19,Super League,0,FC Sion,1685,1684.0,1 - 1,FC Lugano,1761,1762.0,1,1,Switzerland,domestic league (tier 1)
2020/07/25,Super League,0,FC Sion,1699,1697.0,1 - 1,FC Thun,1711,1713.0,1,1,Switzerland,domestic league (tier 1)
2020/07/31,Super League,0,FC Sion,1717,1711.0,0 - 1,BSC Young Boys,1984,1990.0,0,1,Switzerland,domestic league (tier 1)
2020/09/26,Super League,0,FC Sion,1722,1726.0,0 - 0,BSC Young Boys,1989,1985.0,0,0,Switzerland,domestic league (tier 1)
2020/10/18,Super League,0,FC Sion,1731,1728.0,0 - 0,FC Lausanne-Sport,1705,1708.0,0,0,Switzerland,domestic league (tier 1)
2020/11/22,Super League,0,FC Sion,1728,1725.0,2 - 2,FC Zürich,1715,1718.0,2,2,Switzerland,domestic league (tier 1)
2020/11/25,Super League,0,FC Sion,1725,1737.0,2 - 0,Servette FC (as Servette Genève),1762,1750.0,2,0,Switzerland,domestic league (tier 1)
2020/12/12,Super League,0,FC Sion,1702,1690.0,1 - 2,FC Luzern,1749,1761.0,1,2,Switzerland,domestic league (tier 1)
2020/12/20,Super League,0,FC Sion,1695,1699.0,2 - 1,FC Vaduz,1554,1550.0,2,1,Switzerland,domestic league (tier 1)
2021/01/17,Super League,0,FC Sion,1702,1702.0,1 - 1,FC Lugano,1814,1814.0,1,1,Switzerland,domestic league (tier 1)
2021/01/28,Super League,0,FC Sion,1715,1707.0,2 - 3,FC Basel,1891,1899.0,2,3,Switzerland,domestic league (tier 1)
2021/02/03,Super League,0,FC Sion,1705,1715.0,3 - 2,FC St. Gallen,1800,1790.0,3,2,Switzerland,domestic league (tier 1)
2021/02/13,Super League,0,FC Sion,1702,1702.0,1 - 1,FC St. Gallen,1792,1792.0,1,1,Switzerland,domestic league (tier 1)
2021/02/28,Super League,0,FC Sion,1706,1683.0,0 - 2,FC Vaduz,1606,1629.0,0,2,Switzerland,domestic league (tier 1)
2021/03/04,Super League,0,FC Sion,1683,1665.0,0 - 3,FC Lugano,1771,1789.0,0,3,Switzerland,domestic league (tier 1)
2021/03/14,Super League,0,FC Sion,1686,1676.0,1 - 2,Servette FC (as Servette Genève),1776,1786.0,1,2,Switzerland,domestic league (tier 1)
2021/04/04,Super League,0,FC Sion,1681,1674.0,0 - 3,BSC Young Boys,2023,2030.0,0,3,Switzerland,domestic league (tier 1)
2021/04/17,Super League,0,FC Sion,1660,1659.0,2 - 2,FC Zürich,1716,1717.0,2,2,Switzerland,domestic league (tier 1)
2021/05/02,Super League,0,FC Sion,1681,1679.0,1 - 1,FC Lausanne-Sport,1720,1722.0,1,1,Switzerland,domestic league (tier 1)
2021/05/12,Super League,0,FC Sion,1706,1706.0,1 - 1,FC Luzern,1808,1808.0,1,1,Switzerland,domestic league (tier 1)
2021/05/21,Super League,0,FC Sion,1696,1717.0,4 - 0,FC Basel,1847,1826.0,4,0,Switzerland,domestic league (tier 1)
2022/07/24,Super League,0,FC Sion,1699,1688.0,0 - 3,BSC Young Boys,1939,1950.0,0,3,Switzerland,domestic league (tier 1)
2022/07/30,Super League,0,FC Sion,1688,1686.0,0 - 0,"Servette FC
(as Servette Genève)",1719,1721.0,0,0,Switzerland,domestic league (tier 1)
2022/08/13,Super League,0,FC Sion,1714,1711.0,2 - 2,Grasshopper Club Zürich,1703,1706.0,2,2,Switzerland,domestic league (tier 1)
2022/09/03,Super League,0,FC Sion,1707,1718.0,2 - 1,FC Basel,1839,1828.0,2,1,Switzerland,domestic league (tier 1)
2022/10/02,Super League,0,FC Sion,1739,1714.0,1 - 3,FC Winterthur,1556,1581.0,1,3,Switzerland,domestic league (tier 1)
2022/10/15,Super League,0,FC Sion,1716,1729.0,2 - 0,FC Luzern,1781,1768.0,2,0,Switzerland,domestic league (tier 1)
2022/10/30,Super League,0,FC Sion,1726,1714.0,0 - 1,FC Zürich,1738,1750.0,0,1,Switzerland,domestic league (tier 1)
2022/11/12,Super League,0,FC Sion,1726,1704.0,2 - 7,FC St. Gallen,1794,1816.0,2,7,Switzerland,domestic league (tier 1)
2023/01/22,Super League,0,FC Sion,1704,1693.0,2 - 3,FC Lugano,1780,1791.0,2,3,Switzerland,domestic league (tier 1)
2023/02/05,Super League,0,FC Sion,1698,1687.0,0 - 1,FC Zürich,1766,1777.0,0,1,Switzerland,domestic league (tier 1)
2023/02/25,Super League,0,FC Sion,1682,1664.0,0 - 4,FC St. Gallen,1805,1823.0,0,4,Switzerland,domestic league (tier 1)
2023/03/01,Switzerland Cup,0,FC Sion,1664,1647.0,0 - 3,FC Lugano,1776,1793.0,0,3,Switzerland,domestic cup
2023/03/05,Super League,0,FC Sion,1647,1648.0,1 - 1,FC Lugano,1793,1792.0,1,1,Switzerland,domestic league (tier 1)
2023/03/18,Super League,0,FC Sion,1645,1633.0,1 - 2,Grasshopper Club Zürich,1677,1689.0,1,2,Switzerland,domestic league (tier 1)
2023/04/08,Super League,0,FC Sion,1649,1650.0,2 - 2,Servette FC,1767,1766.0,2,2,Switzerland,domestic league (tier 1)
2023/04/27,Super League,0,FC Sion,1664,1656.0,1 - 2,FC Basel,1826,1834.0,1,2,Switzerland,domestic league (tier 1)
2023/05/06,Super League,0,FC Sion,1661,1647.0,0 - 1,FC Winterthur,1612,1626.0,0,1,Switzerland,domestic league (tier 1)
2023/05/21,Super League,0,FC Sion,1639,1633.0,0 - 2,BSC Young Boys,1980,1986.0,0,2,Switzerland,domestic league (tier 1)
2023/05/25,Super League,0,FC Sion,1633,1624.0,1 - 2,FC Luzern,1782,1791.0,1,2,Switzerland,domestic league (tier 1)
2023/06/03,Super League rel.,0,FC Sion,1617,1595.0,0 - 2,Stade Lausanne-Ouchy,1554,1576.0,0,2,Switzerland,domestic relegation
2023/07/28,Challenge League,0,FC Sion,1599,1606.0,1 - 0,FC Aarau,1583,1576.0,1,0,Switzerland,domestic league (tier 2)
2023/08/04,Challenge League,0,FC Sion,1606,1609.0,1 - 0,AC Bellinzona,1391,1388.0,1,0,Switzerland,domestic league (tier 2)
2023/09/01,Challenge League,0,FC Sion,1625,1616.0,1 - 1,FC Baden,1180,1189.0,1,1,Switzerland,domestic league (tier 2)
2023/09/15,Switzerland Cup,0,FC Sion,1616,1631.0,3 - 0,Grasshopper Club Zürich,1662,1647.0,3,0,Switzerland,domestic cup
2023/09/25,Challenge League,0,FC Sion,1628,1612.0,2 - 3,FC Thun Berner Oberland,1498,1514.0,2,3,Switzerland,domestic league (tier 2)
2023/10/06,Challenge League,0,FC Sion,1624,1631.0,3 - 0,FC Wil 1900,1493,1486.0,3,0,Switzerland,domestic league (tier 2)
2023/10/27,Challenge League,0,FC Sion,1637,1640.0,1 - 0,Neuchâtel Xamax FCS,1399,1396.0,1,0,Switzerland,domestic league (tier 2)
2023/11/10,Challenge League,0,FC Sion,1646,1640.0,3 - 3,FC Vaduz,1479,1485.0,3,3,Switzerland,domestic league (tier 2)
2023/12/12,Challenge League,0,FC Sion,1638,1631.0,1 - 1,FC Stade Nyonnais,1448,1455.0,1,1,Switzerland,domestic league (tier 2)
2023/12/15,Challenge League,0,FC Sion,1631,1634.0,2 - 1,FC Schaffhausen,1437,1434.0,2,1,Switzerland,domestic league (tier 2)
2024/02/02,Challenge League,0,FC Sion,1648,1654.0,2 - 0,FC Aarau,1518,1512.0,2,0,Switzerland,domestic league (tier 2)
2024/02/09,Challenge League,0,FC Sion,1654,1656.0,4 - 1,FC Baden,1237,1235.0,4,1,Switzerland,domestic league (tier 2)
2024/02/29,Switzerland Cup,0,FC Sion,1676,1691.0,2 - 1,BSC Young Boys,1945,1930.0,2,1,Switzerland,domestic cup
2024/03/03,Challenge League,0,FC Sion,1691,1694.0,3 - 0,AC Bellinzona,1406,1403.0,3,0,Switzerland,domestic league (tier 2)
2024/03/15,Challenge League,0,FC Sion,1689,1673.0,1 - 2,FC Thun Berner Oberland,1538,1554.0,1,2,Switzerland,domestic league (tier 2)
2024/04/02,Challenge League,0,FC Sion,1685,1677.0,1 - 1,Neuchâtel Xamax FCS,1438,1446.0,1,1,Switzerland,domestic league (tier 2)
2024/04/06,Challenge League,0,FC Sion,1677,1670.0,2 - 2,FC Vaduz,1451,1458.0,2,2,Switzerland,domestic league (tier 2)
2024/04/19,Challenge League,0,FC Sion,1674,1676.0,1 - 0,FC Stade Nyonnais,1429,1427.0,1,0,Switzerland,domestic league (tier 2)
2024/04/27,Switzerland Cup,0,FC Sion,1665,1653.0,0 - 2,FC Lugano,1839,1851.0,0,2,Switzerland,domestic cup
2024/05/03,Challenge League,0,FC Sion,1653,1658.0,4 - 0,FC Wil 1900,1423,1418.0,4,0,Switzerland,domestic league (tier 2)
2024/05/20,Challenge League,0,FC Sion,1675,1679.0,3 - 0,FC Schaffhausen,1431,1427.0,3,0,Switzerland,domestic league (tier 2)
2024/07/27,Super League,0,FC Sion,1697,1709.0,4 - 0,FC Lausanne-Sport,1669,1657.0,4,0,Switzerland,domestic league (tier 1)
2024/08/10,Super League,0,FC Sion,1701,1711.0,2 - 0,FC Winterthur,1674,1664.0,2,0,Switzerland,domestic league (tier 1)
2024/08/31,Super League,0,FC Sion,1690,1690.0,1 - 1,FC Basel 1893,1788,1788.0,1,1,Switzerland,domestic league (tier 1)
2024/09/22,Super League,0,FC Sion,1693,1694.0,0 - 0,FC Lugano,1826,1825.0,0,0,Switzerland,domestic league (tier 1)
2024/10/05,Super League,0,FC Sion,1689,1685.0,1 - 1,Yverdon Sport FC,1621,1625.0,1,1,Switzerland,domestic league (tier 1)
2024/10/27,Super League,0,FC Sion,1678,1677.0,2 - 2,FC St. Gallen,1754,1755.0,2,2,Switzerland,domestic league (tier 1)
2024/10/30,Super League,0,FC Sion,1677,1663.0,0 - 2,FC Zürich,1791,1805.0,0,2,Switzerland,domestic league (tier 1)
2024/11/10,Super League,0,FC Sion,1668,1681.0,4 - 2,FC Luzern,1725,1712.0,4,2,Switzerland,domestic league (tier 1)
2024/12/07,Super League,0,FC Sion,1697,1714.0,3 - 1,BSC Young Boys,1846,1829.0,3,1,Switzerland,domestic league (tier 1)
2025/01/18,Super League,0,FC Sion,1724,1709.0,0 - 1,Grasshopper Club Zürich,1632,1647.0,0,1,Switzerland,domestic league (tier 1)
2025/02/04,Super League,0,FC Sion,1696,1696.0,3 - 3,Servette FC,1800,1800.0,3,3,Switzerland,domestic league (tier 1)
2025/02/15,Super League,0,FC Sion,1688,1697.0,2 - 1,FC Zürich,1736,1727.0,2,1,Switzerland,domestic league (tier 1)
2025/03/09,Super League,0,FC Sion,1685,1694.0,2 - 1,FC Lugano,1758,1749.0,2,1,Switzerland,domestic league (tier 1)
2025/03/29,Super League,0,FC Sion,1696,1692.0,1 - 1,Yverdon Sport FC,1628,1632.0,1,1,Switzerland,domestic league (tier 1)
2025/04/02,Super League,0,FC Sion,1692,1676.0,1 - 2,FC Winterthur,1572,1588.0,1,2,Switzerland,domestic league (tier 1)
2025/04/13,Super League,0,FC Sion,1667,1669.0,1 - 1,Servette FC,1823,1821.0,1,1,Switzerland,domestic league (tier 1)
2025/05/04,Super League,0,FC Sion,1663,1672.0,2 - 1,FC Zürich,1720,1711.0,2,1,Switzerland,domestic league (tier 1)
2025/05/13,Super League,0,FC Sion,1673,1671.0,1 - 1,FC St. Gallen,1706,1708.0,1,1,Switzerland,domestic league (tier 1)
2025/05/17,Super League,0,FC Sion,1671,1678.0,2 - 1,Grasshopper Club Zürich,1648,1641.0,2,1,Switzerland,domestic league (tier 1)
2025/08/03,Super League,0,FC Sion,1680,1695.0,4 - 0,FC Lugano,1712,1697.0,4,0,Switzerland,domestic league (tier 1)
2025/08/30,Super League,0,FC Sion,1701,1693.0,0 - 1,FC Basel 1893,1869,1877.0,0,1,Switzerland,domestic league (tier 1)
2025/09/17,Super League,0,FC Sion,1704,1687.0,0 - 2,Servette FC,1748,1765.0,0,2,Switzerland,domestic league (tier 1)
2025/09/28,Super League,0,FC Sion,1687,1685.0,0 - 0,FC Lausanne-Sport,1719,1721.0,0,0,Switzerland,domestic league (tier 1)
2025/10/25,Super League,0,FC Sion,1701,1688.0,0 - 1,FC Thun Berner Oberland,1677,1690.0,0,1,Switzerland,domestic league (tier 1)
2025/10/28,Super League,0,FC Sion,1688,1697.0,3 - 2,FC St. Gallen,1748,1739.0,3,2,Switzerland,domestic league (tier 1)
2025/11/23,Super League,0,FC Sion,1695,1692.0,2 - 2,FC Zürich,1679,1682.0,2,2,Switzerland,domestic league (tier 1)
2025/12/07,Super League,0,FC Sion,1711,1727.0,2 - 0,BSC Young Boys,1835,1819.0,2,0,Switzerland,domestic league (tier 1)
2025/12/13,Super League,0,FC Sion,1727,1732.0,1 - 0,Grasshopper Club Zürich,1641,1636.0,1,0,Switzerland,domestic league (tier 1)
2026/01/14,Super League,0,FC Sion,1722,1728.0,2 - 0,FC Winterthur,1585,1579.0,2,0,Switzerland,domestic league (tier 1)
2026/01/24,Super League,0,FC Sion,1734,1730.0,1 - 1,FC Luzern,1669,1673.0,1,1,Switzerland,domestic league (tier 1)
2026/02/07,Super League,0,FC Sion,1723,1719.0,0 - 0,FC Luzern,1662,1666.0,0,0,Switzerland,domestic league (tier 1)
2026/02/12,Super League,0,FC Sion,1719,1734.0,2 - 0,FC Basel 1893,1808,1793.0,2,0,Switzerland,domestic league (tier 1)
2026/02/22,Super League,0,FC Sion,1728,1740.0,3 - 1,BSC Young Boys,1759,1747.0,3,1,Switzerland,domestic league (tier 1)
2026/03/07,Super League,0,FC Sion,1736,1729.0,1 - 1,FC Winterthur,1546,1553.0,1,1,Switzerland,domestic league (tier 1)
2026/03/21,Super League,0,FC Sion,1739,1738.0,1 - 1,FC St. Gallen,1794,1795.0,1,1,Switzerland,domestic league (tier 1)
2026/04/12,Super League,0,FC Sion,1756,1766.0,3 - 0,FC Lausanne-Sport,1691,1681.0,3,0,Switzerland,domestic league (tier 1)
2026/05/10,Super League,0,FC Sion,1810,1820.0,2 - 0,FC Thun Berner Oberland,1794,1784.0,2,0,Switzerland,domestic league (tier 1)
2026/05/14,Super League,0,FC Sion,1820,1817.0,2 - 2,FC Lugano,1794,1797.0,2,2,Switzerland,domestic league (tier 1)
2026/08/02,Super League,0,FC Sion,1804,1813.0,3 - 0,FC Luzern,1727,1718.0,3,0,Switzerland,domestic league (tier 1)
2026/08/09,Super League,0,FC Sion,1811,1814.0,3 - 2,FC Vaduz,1602,1599.0,3,2,Switzerland,domestic league (tier 1)
2026/08/30,Super League,0,FC Sion,1797,1785.0,1 - 2,FC Lugano,1834,1846.0,1,2,Switzerland,domestic league (tier 1)
2026/09/06,Super League,0,FC Sion,1785,,Info,FC Thun Berner Oberland,1738,,,,Switzerland,domestic league (tier 1)
2016/07/23,Super League,0,FC St. Gallen,1666,1657.0,0 - 2,BSC Young Boys,1904,1913.0,0,2,Switzerland,domestic league (tier 1)
2016/08/07,Super League,0,FC St. Gallen,1653,1664.0,2 - 1,Grasshopper Club Zürich (as Grasshoppers Zürich),1784,1773.0,2,1,Switzerland,domestic league (tier 1)
2016/08/28,Super League,0,FC St. Gallen,1645,1668.0,3 - 0,FC Luzern,1867,1844.0,3,0,Switzerland,domestic league (tier 1)
2016/09/11,Super League,0,FC St. Gallen,1668,1650.0,0 - 2,FC Lugano,1691,1709.0,0,2,Switzerland,domestic league (tier 1)
2016/09/24,Super League,0,FC St. Gallen,1669,1664.0,1 - 3,FC Basel,2033,2038.0,1,3,Switzerland,domestic league (tier 1)
2016/10/16,Super League,0,FC St. Gallen,1671,1651.0,0 - 2,FC Vaduz,1649,1669.0,0,2,Switzerland,domestic league (tier 1)
2016/10/30,Super League,0,FC St. Gallen,1640,1639.0,0 - 0,FC Thun,1697,1698.0,0,0,Switzerland,domestic league (tier 1)
2016/11/20,Super League,0,FC St. Gallen,1653,1663.0,2 - 0,FC Lausanne-Sport,1626,1616.0,2,0,Switzerland,domestic league (tier 1)
2016/12/04,Super League,0,FC St. Gallen,1667,1679.0,2 - 1,FC Sion,1822,1810.0,2,1,Switzerland,domestic league (tier 1)
2017/02/12,Super League,0,FC St. Gallen,1679,1684.0,2 - 1,FC Lausanne-Sport,1608,1603.0,2,1,Switzerland,domestic league (tier 1)
2017/02/26,Super League,0,FC St. Gallen,1691,1678.0,0 - 1,FC Lugano,1672,1685.0,0,1,Switzerland,domestic league (tier 1)
2017/03/11,Super League,0,FC St. Gallen,1694,1695.0,1 - 1,FC Luzern,1821,1820.0,1,1,Switzerland,domestic league (tier 1)
2017/04/01,Super League,0,FC St. Gallen,1698,1690.0,0 - 3,FC Basel,2010,2018.0,0,3,Switzerland,domestic league (tier 1)
2017/04/23,Super League,0,FC St. Gallen,1673,1660.0,1 - 2,FC Thun,1671,1684.0,1,2,Switzerland,domestic league (tier 1)
2017/04/30,Super League,0,FC St. Gallen,1660,1650.0,0 - 2,BSC Young Boys,1883,1893.0,0,2,Switzerland,domestic league (tier 1)
2017/05/13,Super League,0,FC St. Gallen,1662,1672.0,2 - 0,FC Vaduz,1633,1623.0,2,0,Switzerland,domestic league (tier 1)
2017/05/21,Super League,0,FC St. Gallen,1666,1681.0,4 - 1,Grasshopper Club Zürich (as Grasshoppers Zürich),1709,1694.0,4,1,Switzerland,domestic league (tier 1)
2017/05/28,Super League,0,FC St. Gallen,1681,1681.0,1 - 1,FC Sion,1766,1766.0,1,1,Switzerland,domestic league (tier 1)
2017/08/06,Super League,0,FC St. Gallen,1680,1694.0,2 - 0,FC Sion,1746,1732.0,2,0,Switzerland,domestic league (tier 1)
2017/08/09,Super League,0,FC St. Gallen,1694,1677.0,0 - 2,FC Luzern,1752,1769.0,0,2,Switzerland,domestic league (tier 1)
2017/08/27,Super League,0,FC St. Gallen,1683,1686.0,2 - 2,BSC Young Boys,1889,1886.0,2,2,Switzerland,domestic league (tier 1)
2017/09/20,Super League,0,FC St. Gallen,1692,1707.0,2 - 1,FC Basel,1969,1954.0,2,1,Switzerland,domestic league (tier 1)
2017/09/24,Super League,0,FC St. Gallen,1707,1722.0,3 - 0,FC Thun,1750,1735.0,3,0,Switzerland,domestic league (tier 1)
2017/10/22,Super League,0,FC St. Gallen,1728,1701.0,0 - 4,FC Lausanne-Sport,1661,1688.0,0,4,Switzerland,domestic league (tier 1)
2017/10/29,Super League,0,FC St. Gallen,1704,1717.0,3 - 1,Grasshopper Club Zürich,1768,1755.0,3,1,Switzerland,domestic league (tier 1)
2017/11/18,Super League,0,FC St. Gallen,1705,1686.0,0 - 2,FC Lugano,1705,1724.0,0,2,Switzerland,domestic league (tier 1)
2017/12/03,Super League,0,FC St. Gallen,1697,1682.0,1 - 3,FC Zürich,1807,1822.0,1,3,Switzerland,domestic league (tier 1)
2017/12/16,Super League,0,FC St. Gallen,1680,1687.0,3 - 2,FC Sion,1691,1684.0,3,2,Switzerland,domestic league (tier 1)
2018/02/11,Super League,0,FC St. Gallen,1683,1672.0,1 - 2,FC Zürich,1765,1776.0,1,2,Switzerland,domestic league (tier 1)
2018/02/25,Super League,0,FC St. Gallen,1700,1717.0,3 - 0,FC Lugano,1794,1777.0,3,0,Switzerland,domestic league (tier 1)
2018/03/17,Super League,0,FC St. Gallen,1749,1756.0,2 - 1,Grasshopper Club Zürich,1732,1725.0,2,1,Switzerland,domestic league (tier 1)
2018/04/08,Super League,0,FC St. Gallen,1746,1736.0,2 - 4,BSC Young Boys,1958,1968.0,2,4,Switzerland,domestic league (tier 1)
2018/04/21,Super League,0,FC St. Gallen,1735,1722.0,0 - 1,FC Thun,1735,1748.0,0,1,Switzerland,domestic league (tier 1)
2018/05/06,Super League,0,FC St. Gallen,1715,1708.0,2 - 4,FC Basel,2019,2026.0,2,4,Switzerland,domestic league (tier 1)
2018/05/09,Super League,0,FC St. Gallen,1708,1697.0,2 - 3,FC Luzern,1790,1801.0,2,3,Switzerland,domestic league (tier 1)
2018/05/19,Super League,0,FC St. Gallen,1691,1666.0,0 - 3,FC Lausanne-Sport,1625,1650.0,0,3,Switzerland,domestic league (tier 1)
2018/07/29,Super League,0,FC St. Gallen,1693,1676.0,2 - 4,FC Sion,1743,1760.0,2,4,Switzerland,domestic league (tier 1)
2018/08/05,Super League,0,FC St. Gallen,1670,1679.0,3 - 2,FC Thun,1718,1709.0,3,2,Switzerland,domestic league (tier 1)
2018/08/26,Super League,0,FC St. Gallen,1685,1674.0,0 - 1,FC Luzern,1751,1762.0,0,1,Switzerland,domestic league (tier 1)
2018/09/23,Super League,0,FC St. Gallen,1688,1686.0,2 - 2,FC Lugano,1732,1734.0,2,2,Switzerland,domestic league (tier 1)
2018/09/29,Super League,0,FC St. Gallen,1684,1690.0,2 - 1,Grasshopper Club Zürich,1655,1649.0,2,1,Switzerland,domestic league (tier 1)
2018/10/06,Super League,0,FC St. Gallen,1690,1681.0,1 - 3,FC Basel,1937,1946.0,1,3,Switzerland,domestic league (tier 1)
2018/10/28,Super League,0,FC St. Gallen,1672,1685.0,3 - 2,FC Zürich,1869,1856.0,3,2,Switzerland,domestic league (tier 1)
2018/11/11,Super League,0,FC St. Gallen,1689,1684.0,2 - 3,BSC Young Boys,1987,1992.0,2,3,Switzerland,domestic league (tier 1)
2018/12/08,Super League,0,FC St. Gallen,1669,1677.0,3 - 2,Neuchâtel Xamax FCS,1685,1677.0,3,2,Switzerland,domestic league (tier 1)
2019/02/06,Super League,0,FC St. Gallen,1672,1689.0,3 - 1,FC Zürich,1829,1812.0,3,1,Switzerland,domestic league (tier 1)
2019/02/16,Super League,0,FC St. Gallen,1697,1682.0,1 - 3,FC Thun,1801,1816.0,1,3,Switzerland,domestic league (tier 1)
2019/03/03,Super League,0,FC St. Gallen,1687,1699.0,3 - 0,Neuchâtel Xamax FCS,1681,1669.0,3,0,Switzerland,domestic league (tier 1)
2019/03/16,Super League,0,FC St. Gallen,1689,1672.0,0 - 2,FC Lugano,1740,1757.0,0,2,Switzerland,domestic league (tier 1)
2019/04/03,Super League,0,FC St. Gallen,1671,1667.0,0 - 0,Grasshopper Club Zürich,1613,1617.0,0,0,Switzerland,domestic league (tier 1)
2019/04/20,Super League,0,FC St. Gallen,1686,1675.0,1 - 2,FC Luzern,1747,1758.0,1,2,Switzerland,domestic league (tier 1)
2019/04/28,Super League,0,FC St. Gallen,1675,1667.0,0 - 3,FC Basel,1986,1994.0,0,3,Switzerland,domestic league (tier 1)
2019/05/12,Super League,0,FC St. Gallen,1679,1688.0,2 - 1,FC Sion,1739,1730.0,2,1,Switzerland,domestic league (tier 1)
2019/05/22,Super League,0,FC St. Gallen,1683,1712.0,4 - 1,BSC Young Boys,2041,2012.0,4,1,Switzerland,domestic league (tier 1)
2019/07/20,Super League,0,FC St. Gallen,1716,1698.0,0 - 2,FC Luzern,1757,1775.0,0,2,Switzerland,domestic league (tier 1)
2019/08/10,Super League,0,FC St. Gallen,1718,1713.0,2 - 3,BSC Young Boys,2017,2022.0,2,3,Switzerland,domestic league (tier 1)
2019/08/25,Super League,0,FC St. Gallen,1706,1715.0,3 - 2,FC Lugano,1784,1775.0,3,2,Switzerland,domestic league (tier 1)
2019/09/21,Super League,0,FC St. Gallen,1696,1708.0,3 - 1,Servette FC (as Servette Genève),1726,1714.0,3,1,Switzerland,domestic league (tier 1)
2019/09/28,Super League,0,FC St. Gallen,1723,1736.0,4 - 0,FC Thun,1709,1696.0,4,0,Switzerland,domestic league (tier 1)
2019/10/06,Super League,0,FC St. Gallen,1736,1741.0,0 - 0,FC Basel,2006,2001.0,0,0,Switzerland,domestic league (tier 1)
2019/11/02,Super League,0,FC St. Gallen,1772,1784.0,3 - 0,FC Sion,1752,1740.0,3,0,Switzerland,domestic league (tier 1)
2019/11/24,Super League,0,FC St. Gallen,1781,1789.0,4 - 1,Neuchâtel Xamax FCS,1683,1675.0,4,1,Switzerland,domestic league (tier 1)
2019/12/14,Super League,0,FC St. Gallen,1822,1801.0,1 - 3,FC Zürich,1761,1782.0,1,3,Switzerland,domestic league (tier 1)
2020/01/26,Super League,0,FC St. Gallen,1801,1810.0,3 - 1,FC Lugano,1761,1752.0,3,1,Switzerland,domestic league (tier 1)
2020/02/09,Super League,0,FC St. Gallen,1827,1833.0,1 - 0,Servette FC (as Servette Genève),1798,1792.0,1,0,Switzerland,domestic league (tier 1)
2020/02/23,Super League,0,FC St. Gallen,1824,1825.0,3 - 3,BSC Young Boys,1965,1964.0,3,3,Switzerland,domestic league (tier 1)
2020/06/25,Super League,0,FC St. Gallen,1834,1806.0,0 - 4,FC Zürich,1736,1764.0,0,4,Switzerland,domestic league (tier 1)
2020/06/28,Super League,0,FC St. Gallen,1806,1810.0,3 - 2,FC Thun,1668,1664.0,3,2,Switzerland,domestic league (tier 1)
2020/07/05,Super League,0,FC St. Gallen,1819,1823.0,2 - 1,FC Sion,1671,1667.0,2,1,Switzerland,domestic league (tier 1)
2020/07/16,Super League,0,FC St. Gallen,1826,1837.0,4 - 1,FC Luzern,1783,1772.0,4,1,Switzerland,domestic league (tier 1)
2020/07/22,Super League,0,FC St. Gallen,1825,1808.0,0 - 5,FC Basel,1983,2000.0,0,5,Switzerland,domestic league (tier 1)
2020/07/31,Super League,0,FC St. Gallen,1825,1832.0,6 - 0,Neuchâtel Xamax FCS,1649,1642.0,6,0,Switzerland,domestic league (tier 1)
2020/09/20,Super League,0,FC St. Gallen,1826,1831.0,1 - 0,FC Sion,1727,1722.0,1,0,Switzerland,domestic league (tier 1)
2020/10/04,Super League,0,FC St. Gallen,1828,1834.0,1 - 0,Servette FC (as Servette Genève),1765,1759.0,1,0,Switzerland,domestic league (tier 1)
2020/11/01,Super League,0,FC St. Gallen,1826,1811.0,1 - 3,FC Basel,1934,1949.0,1,3,Switzerland,domestic league (tier 1)
2020/11/22,Super League,0,FC St. Gallen,1818,1812.0,2 - 2,FC Lausanne-Sport,1698,1704.0,2,2,Switzerland,domestic league (tier 1)
2020/12/16,Super League,0,FC St. Gallen,1831,1828.0,0 - 0,FC Lugano,1810,1813.0,0,0,Switzerland,domestic league (tier 1)
2020/12/22,Super League,0,FC St. Gallen,1833,1825.0,1 - 2,BSC Young Boys,1998,2006.0,1,2,Switzerland,domestic league (tier 1)
2021/01/20,Super League,0,FC St. Gallen,1825,1828.0,2 - 0,FC Vaduz,1557,1554.0,2,0,Switzerland,domestic league (tier 1)
2021/01/24,Super League,0,FC St. Gallen,1828,1815.0,0 - 1,FC Lugano,1803,1816.0,0,1,Switzerland,domestic league (tier 1)
2021/01/30,Super League,0,FC St. Gallen,1815,1800.0,2 - 3,FC Zürich,1731,1746.0,2,3,Switzerland,domestic league (tier 1)
2021/02/17,Super League,0,FC St. Gallen,1792,1798.0,2 - 1,FC Luzern,1749,1743.0,2,1,Switzerland,domestic league (tier 1)
2021/02/27,Super League,0,FC St. Gallen,1785,1798.0,3 - 1,FC Basel,1839,1826.0,3,1,Switzerland,domestic league (tier 1)
2021/03/03,Super League,0,FC St. Gallen,1798,1784.0,0 - 1,Servette FC (as Servette Genève),1753,1767.0,0,1,Switzerland,domestic league (tier 1)
2021/03/14,Super League,0,FC St. Gallen,1773,1778.0,2 - 2,BSC Young Boys,2043,2038.0,2,2,Switzerland,domestic league (tier 1)
2021/04/03,Super League,0,FC St. Gallen,1769,1765.0,1 - 1,FC Zürich,1724,1728.0,1,1,Switzerland,domestic league (tier 1)
2021/04/17,Super League,0,FC St. Gallen,1794,1790.0,0 - 0,FC Luzern,1764,1768.0,0,0,Switzerland,domestic league (tier 1)
2021/04/24,Super League,0,FC St. Gallen,1779,1783.0,1 - 0,FC Vaduz,1649,1645.0,1,0,Switzerland,domestic league (tier 1)
2021/05/09,Super League,0,FC St. Gallen,1790,1763.0,0 - 3,FC Sion,1679,1706.0,0,3,Switzerland,domestic league (tier 1)
2021/05/15,Super League,0,FC St. Gallen,1765,1778.0,5 - 0,FC Lausanne-Sport,1743,1730.0,5,0,Switzerland,domestic league (tier 1)
2022/07/23,Super League,0,FC St. Gallen,1786,1791.0,2 - 0,FC Winterthur,1599,1594.0,2,0,Switzerland,domestic league (tier 1)
2022/07/30,Super League,0,FC St. Gallen,1791,1804.0,2 - 0,FC Zürich,1845,1832.0,2,0,Switzerland,domestic league (tier 1)
2022/08/13,Super League,0,FC St. Gallen,1794,1806.0,4 - 1,FC Luzern,1791,1779.0,4,1,Switzerland,domestic league (tier 1)
2022/09/04,Super League,0,FC St. Gallen,1818,1829.0,2 - 1,BSC Young Boys,1961,1950.0,2,1,Switzerland,domestic league (tier 1)
2022/09/10,Super League,0,FC St. Gallen,1829,1814.0,1 - 2,FC Sion,1718,1733.0,1,2,Switzerland,domestic league (tier 1)
2022/10/16,Super League,0,FC St. Gallen,1808,1804.0,1 - 1,FC Lugano,1777,1781.0,1,1,Switzerland,domestic league (tier 1)
2022/10/23,Super League,0,FC St. Gallen,1806,1802.0,1 - 1,"Servette FC
(as Servette Genève)",1772,1776.0,1,1,Switzerland,domestic league (tier 1)
2022/11/05,Super League,0,FC St. Gallen,1789,1794.0,2 - 1,Grasshopper Club Zürich,1682,1677.0,2,1,Switzerland,domestic league (tier 1)
2023/01/22,Super League,0,FC St. Gallen,1816,1813.0,1 - 1,FC Basel,1823,1826.0,1,1,Switzerland,domestic league (tier 1)
2023/02/04,Super League,0,FC St. Gallen,1804,1815.0,3 - 0,Servette FC,1759,1748.0,3,0,Switzerland,domestic league (tier 1)
2023/02/19,Super League,0,FC St. Gallen,1809,1805.0,2 - 2,FC Luzern,1773,1777.0,2,2,Switzerland,domestic league (tier 1)
2023/03/01,Switzerland Cup,0,FC St. Gallen,1823,1810.0,1 - 2,FC Basel,1826,1839.0,1,2,Switzerland,domestic cup
2023/03/05,Super League,0,FC St. Gallen,1810,1804.0,1 - 1,Grasshopper Club Zürich,1665,1671.0,1,1,Switzerland,domestic league (tier 1)
2023/04/02,Super League,0,FC St. Gallen,1796,1793.0,2 - 2,FC Zürich,1779,1782.0,2,2,Switzerland,domestic league (tier 1)
2023/04/16,Super League,0,FC St. Gallen,1796,1779.0,2 - 3,FC Winterthur,1624,1641.0,2,3,Switzerland,domestic league (tier 1)
2023/04/26,Super League,0,FC St. Gallen,1771,1759.0,1 - 2,FC Lugano,1796,1808.0,1,2,Switzerland,domestic league (tier 1)
2023/05/06,Super League,0,FC St. Gallen,1762,1752.0,0 - 2,BSC Young Boys,1977,1987.0,0,2,Switzerland,domestic league (tier 1)
2023/05/14,Super League,0,FC St. Gallen,1752,1771.0,6 - 1,FC Basel,1841,1822.0,6,1,Switzerland,domestic league (tier 1)
2023/05/29,Super League,0,FC St. Gallen,1775,1782.0,4 - 0,FC Sion,1624,1617.0,4,0,Switzerland,domestic league (tier 1)
2023/07/22,Super League,0,FC St. Gallen,1782,1790.0,2 - 1,FC Basel 1893,1818,1810.0,2,1,Switzerland,domestic league (tier 1)
2023/08/06,Super League,0,FC St. Gallen,1784,1791.0,2 - 1,FC Luzern,1787,1780.0,2,1,Switzerland,domestic league (tier 1)
2023/09/02,Super League,0,FC St. Gallen,1798,1801.0,2 - 1,FC Lausanne-Sport,1578,1575.0,2,1,Switzerland,domestic league (tier 1)
2023/09/27,Super League,0,FC St. Gallen,1782,1795.0,2 - 1,BSC Young Boys,1982,1969.0,2,1,Switzerland,domestic league (tier 1)
2023/10/07,Super League,0,FC St. Gallen,1782,1788.0,4 - 0,Stade Lausanne-Ouchy,1600,1594.0,4,0,Switzerland,domestic league (tier 1)
2023/10/28,Super League,0,FC St. Gallen,1777,1784.0,3 - 1,Grasshopper Club Zürich,1674,1667.0,3,1,Switzerland,domestic league (tier 1)
2023/11/11,Super League,0,FC St. Gallen,1798,1804.0,4 - 2,FC Winterthur,1645,1639.0,4,2,Switzerland,domestic league (tier 1)
2023/12/06,Super League,0,FC St. Gallen,1788,1793.0,4 - 0,Yverdon Sport FC,1562,1557.0,4,0,Switzerland,domestic league (tier 1)
2023/12/16,Super League,0,FC St. Gallen,1787,1796.0,1 - 0,FC Zürich,1842,1833.0,1,0,Switzerland,domestic league (tier 1)
2024/01/28,Super League,0,FC St. Gallen,1804,1779.0,1 - 4,FC Lugano,1736,1761.0,1,4,Switzerland,domestic league (tier 1)
2024/01/31,Super League,0,FC St. Gallen,1779,1762.0,0 - 2,Servette FC,1825,1842.0,0,2,Switzerland,domestic league (tier 1)
2024/02/17,Super League,0,FC St. Gallen,1747,1742.0,2 - 2,FC Winterthur,1675,1680.0,2,2,Switzerland,domestic league (tier 1)
2024/02/24,Super League,0,FC St. Gallen,1742,1745.0,1 - 0,Stade Lausanne-Ouchy,1546,1543.0,1,0,Switzerland,domestic league (tier 1)
2024/03/09,Super League,0,FC St. Gallen,1738,1727.0,2 - 3,FC Lugano,1793,1804.0,2,3,Switzerland,domestic league (tier 1)
2024/04/01,Super League,0,FC St. Gallen,1728,1725.0,1 - 1,FC Luzern,1717,1720.0,1,1,Switzerland,domestic league (tier 1)
2024/04/07,Super League,0,FC St. Gallen,1726,1728.0,2 - 2,BSC Young Boys,1900,1898.0,2,2,Switzerland,domestic league (tier 1)
2024/04/13,Super League,0,FC St. Gallen,1728,1736.0,5 - 1,Yverdon Sport FC,1607,1599.0,5,1,Switzerland,domestic league (tier 1)
2024/05/12,Super League,0,FC St. Gallen,1764,1763.0,1 - 1,Servette FC,1842,1843.0,1,1,Switzerland,domestic league (tier 1)
2024/05/25,Super League,0,FC St. Gallen,1774,1761.0,1 - 2,FC Zürich,1776,1789.0,1,2,Switzerland,domestic league (tier 1)
2024/07/28,Super League,0,FC St. Gallen,1754,1775.0,4 - 0,BSC Young Boys,1898,1877.0,4,0,Switzerland,domestic league (tier 1)
2024/08/11,Super League,0,FC St. Gallen,1793,1797.0,1 - 0,Grasshopper Club Zürich,1625,1621.0,1,0,Switzerland,domestic league (tier 1)
2024/09/21,Super League,0,FC St. Gallen,1798,1783.0,2 - 3,FC Luzern,1712,1727.0,2,3,Switzerland,domestic league (tier 1)
2024/09/24,Super League,0,FC St. Gallen,1783,1797.0,4 - 1,FC Zürich,1811,1797.0,4,1,Switzerland,domestic league (tier 1)
2024/10/06,Super League,0,FC St. Gallen,1770,1769.0,1 - 1,Servette FC,1820,1821.0,1,1,Switzerland,domestic league (tier 1)
2024/10/30,Super League,0,FC St. Gallen,1755,1749.0,2 - 2,FC Winterthur,1609,1615.0,2,2,Switzerland,domestic league (tier 1)
2024/11/02,Super League,0,FC St. Gallen,1749,1744.0,1 - 1,FC Sion,1663,1668.0,1,1,Switzerland,domestic league (tier 1)
2024/11/24,Super League,0,FC St. Gallen,1758,1752.0,0 - 0,Yverdon Sport FC,1619,1625.0,0,0,Switzerland,domestic league (tier 1)
2024/12/08,Super League,0,FC St. Gallen,1722,1722.0,1 - 1,FC Basel 1893,1812,1812.0,1,1,Switzerland,domestic league (tier 1)
2025/01/26,Super League,0,FC St. Gallen,1740,1748.0,3 - 2,FC Lausanne-Sport,1767,1759.0,3,2,Switzerland,domestic league (tier 1)
2025/02/05,Super League,0,FC St. Gallen,1737,1747.0,2 - 1,FC Lugano,1836,1826.0,2,1,Switzerland,domestic league (tier 1)
2025/02/22,Super League,0,FC St. Gallen,1748,1747.0,2 - 2,FC Basel 1893,1812,1813.0,2,2,Switzerland,domestic league (tier 1)
2025/03/08,Super League,0,FC St. Gallen,1724,1733.0,3 - 1,Grasshopper Club Zürich,1670,1661.0,3,1,Switzerland,domestic league (tier 1)
2025/03/15,Super League,0,FC St. Gallen,1733,1714.0,0 - 2,FC Lausanne-Sport,1727,1746.0,0,2,Switzerland,domestic league (tier 1)
2025/04/06,Super League,0,FC St. Gallen,1714,1725.0,1 - 0,Servette FC,1834,1823.0,1,0,Switzerland,domestic league (tier 1)
2025/04/21,Super League,0,FC St. Gallen,1728,1734.0,1 - 0,FC Sion,1669,1663.0,1,0,Switzerland,domestic league (tier 1)
2025/05/10,Super League,0,FC St. Gallen,1733,1706.0,1 - 4,FC Winterthur,1628,1655.0,1,4,Switzerland,domestic league (tier 1)
2025/05/17,Super League,0,FC St. Gallen,1708,1716.0,3 - 2,FC Zürich,1731,1723.0,3,2,Switzerland,domestic league (tier 1)
2025/07/26,Super League,0,FC St. Gallen,1702,1714.0,2 - 1,FC Basel 1893,1890,1878.0,2,1,Switzerland,domestic league (tier 1)
2025/08/09,Super League,0,FC St. Gallen,1741,1751.0,5 - 0,FC Winterthur,1651,1641.0,5,0,Switzerland,domestic league (tier 1)
2025/08/24,Super League,0,FC St. Gallen,1751,1737.0,0 - 1,FC Luzern,1699,1713.0,0,1,Switzerland,domestic league (tier 1)
2025/09/13,Super League,0,FC St. Gallen,1750,1756.0,1 - 0,FC Lugano,1692,1686.0,1,0,Switzerland,domestic league (tier 1)
2025/10/04,Super League,0,FC St. Gallen,1737,1722.0,1 - 2,FC Thun Berner Oberland,1648,1663.0,1,2,Switzerland,domestic league (tier 1)
2025/10/25,Super League,0,FC St. Gallen,1737,1748.0,5 - 0,Grasshopper Club Zürich,1661,1650.0,5,0,Switzerland,domestic league (tier 1)
2025/11/09,Super League,0,FC St. Gallen,1739,1720.0,1 - 4,BSC Young Boys,1813,1832.0,1,4,Switzerland,domestic league (tier 1)
2025/11/23,Super League,0,FC St. Gallen,1720,1728.0,1 - 0,FC Lausanne-Sport,1754,1746.0,1,0,Switzerland,domestic league (tier 1)
2025/12/06,Super League,0,FC St. Gallen,1747,1733.0,1 - 2,FC Zürich,1688,1702.0,1,2,Switzerland,domestic league (tier 1)
2025/12/16,Super League,0,FC St. Gallen,1751,1761.0,3 - 1,FC Sion,1732,1722.0,3,1,Switzerland,domestic league (tier 1)
2026/01/25,Super League,0,FC St. Gallen,1771,1750.0,2 - 4,Servette FC,1718,1739.0,2,4,Switzerland,domestic league (tier 1)
2026/02/04,Switzerland Cup,0,FC St. Gallen,1751,1760.0,2 - 1,FC Basel 1893,1813,1804.0,2,1,Switzerland,domestic cup
2026/02/11,Super League,0,FC St. Gallen,1762,1769.0,2 - 1,BSC Young Boys,1759,1752.0,2,1,Switzerland,domestic league (tier 1)
2026/02/14,Super League,0,FC St. Gallen,1769,1763.0,0 - 0,Grasshopper Club Zürich,1651,1657.0,0,0,Switzerland,domestic league (tier 1)
2026/02/28,Super League,0,FC St. Gallen,1778,1781.0,2 - 1,FC Winterthur,1547,1544.0,2,1,Switzerland,domestic league (tier 1)
2026/03/08,Super League,0,FC St. Gallen,1785,1798.0,3 - 0,FC Basel 1893,1790,1777.0,3,0,Switzerland,domestic league (tier 1)
2026/03/17,Super League,0,FC St. Gallen,1798,1794.0,1 - 1,FC Lugano,1762,1766.0,1,1,Switzerland,domestic league (tier 1)
2026/04/06,Super League,0,FC St. Gallen,1795,1799.0,2 - 1,FC Zürich,1636,1632.0,2,1,Switzerland,domestic league (tier 1)
2026/05/03,Super League,0,FC St. Gallen,1823,1799.0,0 - 3,FC Sion,1786,1810.0,0,3,Switzerland,domestic league (tier 1)
2026/05/17,Super League,0,FC St. Gallen,1829,1824.0,1 - 1,FC Thun Berner Oberland,1757,1762.0,1,1,Switzerland,domestic league (tier 1)
2026/07/26,Super League,0,FC St. Gallen,1844,1846.0,2 - 1,FC Zürich,1602,1600.0,2,1,Switzerland,domestic league (tier 1)
2026/08/09,Super League,0,FC St. Gallen,1853,1847.0,2 - 2,FC Luzern,1718,1724.0,2,2,Switzerland,domestic league (tier 1)
2026/08/30,Super League,0,FC St. Gallen,1836,1821.0,3 - 4,FC Thun Berner Oberland,1729,1744.0,3,4,Switzerland,domestic league (tier 1)
2023/07/28,Challenge League,0,FC Stade Nyonnais,1425,1421.0,1 - 1,Neuchâtel Xamax FCS,1396,1400.0,1,1,Switzerland,domestic league (tier 2)
2023/08/11,Challenge League,0,FC Stade Nyonnais,1415,1423.0,2 - 1,FC Schaffhausen,1457,1449.0,2,1,Switzerland,domestic league (tier 2)
2023/08/25,Challenge League,0,FC Stade Nyonnais,1423,1416.0,1 - 2,FC Sion,1618,1625.0,1,2,Switzerland,domestic league (tier 2)
2023/09/26,Challenge League,0,FC Stade Nyonnais,1419,1434.0,2 - 0,FC Wil 1900,1526,1511.0,2,0,Switzerland,domestic league (tier 2)
2023/10/06,Challenge League,0,FC Stade Nyonnais,1425,1418.0,1 - 1,FC Baden,1220,1227.0,1,1,Switzerland,domestic league (tier 2)
2023/10/27,Challenge League,0,FC Stade Nyonnais,1420,1406.0,2 - 3,AC Bellinzona,1389,1403.0,2,3,Switzerland,domestic league (tier 2)
2023/11/12,Challenge League,0,FC Stade Nyonnais,1410,1430.0,4 - 0,FC Aarau,1541,1521.0,4,0,Switzerland,domestic league (tier 2)
2023/11/24,Challenge League,0,FC Stade Nyonnais,1430,1440.0,3 - 2,FC Thun Berner Oberland,1530,1520.0,3,2,Switzerland,domestic league (tier 2)
2023/12/08,Challenge League,0,FC Stade Nyonnais,1440,1448.0,1 - 0,FC Vaduz,1482,1474.0,1,0,Switzerland,domestic league (tier 2)
2024/02/06,Challenge League,0,FC Stade Nyonnais,1439,1416.0,0 - 3,FC Schaffhausen,1432,1455.0,0,3,Switzerland,domestic league (tier 2)
2024/02/16,Challenge League,0,FC Stade Nyonnais,1407,1387.0,0 - 2,Neuchâtel Xamax FCS,1388,1408.0,0,2,Switzerland,domestic league (tier 2)
2024/03/01,Challenge League,0,FC Stade Nyonnais,1395,1394.0,1 - 1,FC Wil 1900,1457,1458.0,1,1,Switzerland,domestic league (tier 2)
2024/03/29,Challenge League,0,FC Stade Nyonnais,1435,1423.0,0 - 4,FC Sion,1673,1685.0,0,4,Switzerland,domestic league (tier 2)
2024/04/05,Challenge League,0,FC Stade Nyonnais,1423,1426.0,1 - 0,FC Baden,1232,1229.0,1,0,Switzerland,domestic league (tier 2)
2024/04/24,Challenge League,0,FC Stade Nyonnais,1427,1410.0,0 - 2,FC Vaduz,1481,1498.0,0,2,Switzerland,domestic league (tier 2)
2024/04/27,Challenge League,0,FC Stade Nyonnais,1410,1411.0,0 - 0,FC Thun Berner Oberland,1552,1551.0,0,0,Switzerland,domestic league (tier 2)
2024/05/09,Challenge League,0,FC Stade Nyonnais,1415,1395.0,1 - 3,AC Bellinzona,1399,1419.0,1,3,Switzerland,domestic league (tier 2)
2024/05/20,Challenge League,0,FC Stade Nyonnais,1385,1394.0,4 - 3,FC Aarau,1437,1428.0,4,3,Switzerland,domestic league (tier 2)
2024/07/26,Challenge League,0,FC Stade Nyonnais,1399,1407.0,2 - 1,AC Bellinzona,1423,1415.0,2,1,Switzerland,domestic league (tier 2)
2024/08/02,Challenge League,0,FC Stade Nyonnais,1407,1386.0,0 - 3,FC Schaffhausen,1428,1449.0,0,3,Switzerland,domestic league (tier 2)
2024/08/30,Challenge League,0,FC Stade Nyonnais,1405,1387.0,0 - 3,Stade Lausanne-Ouchy,1505,1523.0,0,3,Switzerland,domestic league (tier 2)
2024/09/15,Switzerland Cup,0,FC Stade Nyonnais,1387,1384.0,0 - 1,FC Basel 1893,1788,1791.0,0,1,Switzerland,domestic cup
2024/09/20,Challenge League,0,FC Stade Nyonnais,1384,1365.0,2 - 4,Etoile Carouge FC,1380,1399.0,2,4,Switzerland,domestic league (tier 2)
2024/09/27,Challenge League,0,FC Stade Nyonnais,1360,1349.0,1 - 2,FC Aarau,1429,1440.0,1,2,Switzerland,domestic league (tier 2)
2024/10/18,Challenge League,0,FC Stade Nyonnais,1340,1355.0,3 - 1,FC Wil 1900,1429,1414.0,3,1,Switzerland,domestic league (tier 2)
2024/11/01,Challenge League,0,FC Stade Nyonnais,1350,1337.0,1 - 6,FC Thun Berner Oberland,1569,1582.0,1,6,Switzerland,domestic league (tier 2)
2024/12/03,Challenge League,0,FC Stade Nyonnais,1336,1337.0,1 - 1,FC Vaduz,1477,1476.0,1,1,Switzerland,domestic league (tier 2)
2024/12/06,Challenge League,0,FC Stade Nyonnais,1337,1347.0,2 - 1,Neuchâtel Xamax FCS,1450,1440.0,2,1,Switzerland,domestic league (tier 2)
2025/01/24,Challenge League,0,FC Stade Nyonnais,1361,1352.0,1 - 2,FC Aarau,1492,1501.0,1,2,Switzerland,domestic league (tier 2)
2025/02/07,Challenge League,0,FC Stade Nyonnais,1358,1345.0,0 - 1,FC Schaffhausen,1368,1381.0,0,1,Switzerland,domestic league (tier 2)
2025/02/21,Challenge League,0,FC Stade Nyonnais,1340,1361.0,3 - 0,Stade Lausanne-Ouchy,1509,1488.0,3,0,Switzerland,domestic league (tier 2)
2025/03/07,Challenge League,0,FC Stade Nyonnais,1368,1349.0,0 - 3,Etoile Carouge FC,1445,1464.0,0,3,Switzerland,domestic league (tier 2)
2025/03/28,Challenge League,0,FC Stade Nyonnais,1338,1354.0,3 - 0,AC Bellinzona,1402,1386.0,3,0,Switzerland,domestic league (tier 2)
2025/04/04,Challenge League,0,FC Stade Nyonnais,1350,1335.0,0 - 2,FC Wil 1900,1457,1472.0,0,2,Switzerland,domestic league (tier 2)
2025/04/11,Challenge League,0,FC Stade Nyonnais,1335,1326.0,0 - 2,FC Thun Berner Oberland,1575,1584.0,0,2,Switzerland,domestic league (tier 2)
2025/05/02,Challenge League,0,FC Stade Nyonnais,1337,1348.0,1 - 0,FC Vaduz,1489,1478.0,1,0,Switzerland,domestic league (tier 2)
2025/05/16,Challenge League,0,FC Stade Nyonnais,1361,1343.0,1 - 3,Neuchâtel Xamax FCS,1390,1408.0,1,3,Switzerland,domestic league (tier 2)
2025/08/01,Challenge League,0,FC Stade Nyonnais,1354,1363.0,1 - 0,FC Rapperswil-Jona,1422,1413.0,1,0,Switzerland,domestic league (tier 2)
2025/08/22,Challenge League,0,FC Stade Nyonnais,1355,1348.0,4 - 5,FC Aarau,1561,1568.0,4,5,Switzerland,domestic league (tier 2)
2025/08/29,Challenge League,0,FC Stade Nyonnais,1352,1366.0,3 - 1,AC Bellinzona,1418,1404.0,3,1,Switzerland,domestic league (tier 2)
2025/09/12,Challenge League,0,FC Stade Nyonnais,1366,1358.0,1 - 2,Stade Lausanne-Ouchy,1521,1529.0,1,2,Switzerland,domestic league (tier 2)
2025/09/21,Switzerland Cup,0,FC Stade Nyonnais,1358,1364.0,1 - 1,FC Zürich,1712,1706.0,1,1,Switzerland,domestic cup
2025/10/03,Challenge League,0,FC Stade Nyonnais,1362,1371.0,2 - 1,FC Wil 1900,1431,1422.0,2,1,Switzerland,domestic league (tier 2)
2025/10/24,Challenge League,0,FC Stade Nyonnais,1364,1369.0,2 - 2,Yverdon Sport FC,1642,1637.0,2,2,Switzerland,domestic league (tier 2)
2025/11/07,Challenge League,0,FC Stade Nyonnais,1376,1374.0,0 - 0,Etoile Carouge FC,1417,1419.0,0,0,Switzerland,domestic league (tier 2)
2025/11/28,Challenge League,0,FC Stade Nyonnais,1391,1383.0,0 - 1,FC Vaduz,1563,1571.0,0,1,Switzerland,domestic league (tier 2)
2025/12/02,Switzerland Cup,0,FC Stade Nyonnais,1383,1382.0,1 - 1,Neuchâtel Xamax FCS,1438,1439.0,1,1,Switzerland,domestic cup
2025/12/19,Challenge League,0,FC Stade Nyonnais,1364,1363.0,1 - 1,Neuchâtel Xamax FCS,1432,1433.0,1,1,Switzerland,domestic league (tier 2)
2026/01/23,Challenge League,0,FC Stade Nyonnais,1363,1361.0,2 - 2,Etoile Carouge FC,1381,1383.0,2,2,Switzerland,domestic league (tier 2)
2026/02/06,Challenge League,0,FC Stade Nyonnais,1366,1363.0,1 - 1,AC Bellinzona,1367,1370.0,1,1,Switzerland,domestic league (tier 2)
2026/02/20,Challenge League,0,FC Stade Nyonnais,1361,1364.0,1 - 1,FC Aarau,1580,1577.0,1,1,Switzerland,domestic league (tier 2)
2026/03/06,Challenge League,0,FC Stade Nyonnais,1361,1360.0,0 - 0,Neuchâtel Xamax FCS,1431,1432.0,0,0,Switzerland,domestic league (tier 2)
2026/03/20,Challenge League,0,FC Stade Nyonnais,1367,1376.0,2 - 1,FC Rapperswil-Jona,1416,1407.0,2,1,Switzerland,domestic league (tier 2)
2026/04/06,Challenge League,0,FC Stade Nyonnais,1380,1368.0,1 - 4,Yverdon Sport FC,1602,1614.0,1,4,Switzerland,domestic league (tier 2)
2026/04/24,Challenge League,0,FC Stade Nyonnais,1343,1334.0,1 - 3,FC Vaduz,1603,1612.0,1,3,Switzerland,domestic league (tier 2)
2026/05/01,Challenge League,0,FC Stade Nyonnais,1334,1324.0,0 - 1,FC Wil 1900,1426,1436.0,0,1,Switzerland,domestic league (tier 2)
2026/05/11,Challenge League,0,FC Stade Nyonnais,1320,1308.0,1 - 3,Stade Lausanne-Ouchy,1500,1512.0,1,3,Switzerland,domestic league (tier 2)
2026/07/31,Challenge League,0,FC Stade Nyonnais,1300,1291.0,1 - 2,FC Rapperswil-Jona,1420,1429.0,1,2,Switzerland,domestic league (tier 2)
2026/08/21,Challenge League,0,FC Stade Nyonnais,1289,1291.0,0 - 0,Etoile Carouge FC,1459,1457.0,0,0,Switzerland,domestic league (tier 2)
2026/09/01,Challenge League,0,FC Stade Nyonnais,1278,1282.0,2 - 2,FC Winterthur,1527,1523.0,2,2,Switzerland,domestic league (tier 2)
2026/10/16,Switzerland Cup,0,FC Stade Nyonnais,1282,,Info,FC Basel 1893,1758,,,,Switzerland,domestic cup
2016/07/24,Super League,0,FC Thun,1725,1721.0,1 - 1,FC Vaduz,1685,1689.0,1,1,Switzerland,domestic league (tier 1)
2016/08/11,Super League,0,FC Thun,1713,1722.0,2 - 1,Grasshopper Club Zürich (as Grasshoppers Zürich),1773,1764.0,2,1,Switzerland,domestic league (tier 1)
2016/08/28,Super League,0,FC Thun,1697,1690.0,0 - 3,FC Basel,2029,2036.0,0,3,Switzerland,domestic league (tier 1)
2016/09/20,Super League,0,FC Thun,1684,1670.0,1 - 2,FC St. Gallen,1655,1669.0,1,2,Switzerland,domestic league (tier 1)
2016/09/25,Super League,0,FC Thun,1670,1669.0,2 - 2,FC Lugano,1722,1723.0,2,2,Switzerland,domestic league (tier 1)
2016/10/15,Super League,0,FC Thun,1678,1685.0,1 - 0,FC Lausanne-Sport,1655,1648.0,1,0,Switzerland,domestic league (tier 1)
2016/11/05,Super League,0,FC Thun,1698,1689.0,2 - 3,FC Sion,1827,1836.0,2,3,Switzerland,domestic league (tier 1)
2016/11/26,Super League,0,FC Thun,1693,1684.0,1 - 2,FC Luzern,1811,1820.0,1,2,Switzerland,domestic league (tier 1)
2016/12/11,Super League,0,FC Thun,1686,1680.0,2 - 3,BSC Young Boys,1917,1923.0,2,3,Switzerland,domestic league (tier 1)
2017/02/11,Super League,0,FC Thun,1694,1687.0,0 - 2,FC Basel,1988,1995.0,0,2,Switzerland,domestic league (tier 1)
2017/02/25,Super League,0,FC Thun,1693,1699.0,4 - 3,FC Vaduz,1644,1638.0,4,3,Switzerland,domestic league (tier 1)
2017/03/12,Super League,0,FC Thun,1696,1708.0,5 - 2,FC Lugano,1690,1678.0,5,2,Switzerland,domestic league (tier 1)
2017/03/19,Super League,0,FC Thun,1708,1705.0,2 - 2,FC St. Gallen,1695,1698.0,2,2,Switzerland,domestic league (tier 1)
2017/04/08,Super League,0,FC Thun,1700,1677.0,2 - 4,FC Lausanne-Sport,1609,1632.0,2,4,Switzerland,domestic league (tier 1)
2017/04/30,Super League,0,FC Thun,1684,1694.0,2 - 1,FC Sion,1791,1781.0,2,1,Switzerland,domestic league (tier 1)
2017/05/06,Super League,0,FC Thun,1694,1709.0,3 - 1,FC Luzern,1791,1776.0,3,1,Switzerland,domestic league (tier 1)
2017/05/17,Super League,0,FC Thun,1717,1728.0,3 - 1,Grasshopper Club Zürich (as Grasshoppers Zürich),1720,1709.0,3,1,Switzerland,domestic league (tier 1)
2017/05/28,Super League,0,FC Thun,1728,1730.0,0 - 0,BSC Young Boys,1905,1903.0,0,0,Switzerland,domestic league (tier 1)
2017/07/23,Super League,0,FC Thun,1745,1733.0,0 - 1,FC Sion,1761,1773.0,0,1,Switzerland,domestic league (tier 1)
2017/08/05,Super League,0,FC Thun,1727,1717.0,0 - 3,FC Basel,1996,2006.0,0,3,Switzerland,domestic league (tier 1)
2017/08/19,Super League,0,FC Thun,1750,1757.0,5 - 2,FC Lausanne-Sport,1608,1601.0,5,2,Switzerland,domestic league (tier 1)
2017/09/21,Super League,0,FC Thun,1754,1750.0,2 - 2,Grasshopper Club Zürich,1700,1704.0,2,2,Switzerland,domestic league (tier 1)
2017/10/01,Super League,0,FC Thun,1735,1746.0,2 - 0,FC Luzern,1752,1741.0,2,0,Switzerland,domestic league (tier 1)
2017/10/15,Super League,0,FC Thun,1746,1729.0,1 - 3,FC Zürich,1808,1825.0,1,3,Switzerland,domestic league (tier 1)
2017/11/05,Super League,0,FC Thun,1752,1748.0,1 - 1,FC Lugano,1701,1705.0,1,1,Switzerland,domestic league (tier 1)
2017/11/25,Super League,0,FC Thun,1738,1724.0,1 - 2,FC St. Gallen,1686,1700.0,1,2,Switzerland,domestic league (tier 1)
2017/12/03,Super League,0,FC Thun,1719,1738.0,3 - 1,BSC Young Boys,1907,1888.0,3,1,Switzerland,domestic league (tier 1)
2017/12/16,Super League,0,FC Thun,1750,1731.0,0 - 2,FC Lugano,1747,1766.0,0,2,Switzerland,domestic league (tier 1)
2018/02/10,Super League,0,FC Thun,1752,1745.0,0 - 2,FC Basel,2051,2058.0,0,2,Switzerland,domestic league (tier 1)
2018/03/04,Super League,0,FC Thun,1733,1720.0,1 - 2,FC St. Gallen,1717,1730.0,1,2,Switzerland,domestic league (tier 1)
2018/03/18,Super League,0,FC Thun,1703,1699.0,0 - 0,FC Lausanne-Sport,1654,1658.0,0,0,Switzerland,domestic league (tier 1)
2018/04/07,Super League,0,FC Thun,1719,1728.0,1 - 0,FC Luzern,1792,1783.0,1,0,Switzerland,domestic league (tier 1)
2018/04/18,Super League,0,FC Thun,1731,1735.0,2 - 2,BSC Young Boys,1971,1967.0,2,2,Switzerland,domestic league (tier 1)
2018/05/06,Super League,0,FC Thun,1744,1750.0,2 - 1,Grasshopper Club Zürich,1715,1709.0,2,1,Switzerland,domestic league (tier 1)
2018/05/09,Super League,0,FC Thun,1750,1737.0,0 - 1,FC Zürich,1759,1772.0,0,1,Switzerland,domestic league (tier 1)
2018/05/19,Super League,0,FC Thun,1737,1714.0,1 - 4,FC Sion,1734,1757.0,1,4,Switzerland,domestic league (tier 1)
2018/07/29,Super League,0,FC Thun,1709,1718.0,2 - 1,FC Luzern,1781,1772.0,2,1,Switzerland,domestic league (tier 1)
2018/08/26,Super League,0,FC Thun,1734,1731.0,1 - 1,FC Lugano,1719,1722.0,1,1,Switzerland,domestic league (tier 1)
2018/09/22,Super League,0,FC Thun,1743,1756.0,4 - 1,FC Sion,1759,1746.0,4,1,Switzerland,domestic league (tier 1)
2018/09/29,Super League,0,FC Thun,1772,1761.0,1 - 4,BSC Young Boys,2005,2016.0,1,4,Switzerland,domestic league (tier 1)
2018/10/07,Super League,0,FC Thun,1761,1761.0,2 - 2,FC Zürich,1854,1854.0,2,2,Switzerland,domestic league (tier 1)
2018/11/03,Super League,0,FC Thun,1766,1761.0,2 - 2,Neuchâtel Xamax FCS,1688,1693.0,2,2,Switzerland,domestic league (tier 1)
2018/11/10,Super League,0,FC Thun,1761,1780.0,4 - 2,FC Basel,1951,1932.0,4,2,Switzerland,domestic league (tier 1)
2018/12/01,Super League,0,FC Thun,1772,1779.0,2 - 0,FC St. Gallen,1676,1669.0,2,0,Switzerland,domestic league (tier 1)
2018/12/15,Super League,0,FC Thun,1776,1780.0,1 - 0,Grasshopper Club Zürich,1655,1651.0,1,0,Switzerland,domestic league (tier 1)
2019/02/10,Super League,0,FC Thun,1797,1801.0,1 - 1,BSC Young Boys,2041,2037.0,1,1,Switzerland,domestic league (tier 1)
2019/02/24,Super League,0,FC Thun,1816,1809.0,1 - 1,Grasshopper Club Zürich,1624,1631.0,1,1,Switzerland,domestic league (tier 1)
2019/03/10,Super League,0,FC Thun,1808,1805.0,2 - 2,FC Zürich,1785,1788.0,2,2,Switzerland,domestic league (tier 1)
2019/03/17,Super League,0,FC Thun,1805,1801.0,1 - 1,FC Luzern,1772,1776.0,1,1,Switzerland,domestic league (tier 1)
2019/04/04,Super League,0,FC Thun,1790,1776.0,1 - 2,FC Sion,1756,1770.0,1,2,Switzerland,domestic league (tier 1)
2019/04/14,Super League,0,FC Thun,1772,1767.0,0 - 0,FC St. Gallen,1681,1686.0,0,0,Switzerland,domestic league (tier 1)
2019/05/05,Super League,0,FC Thun,1767,1746.0,0 - 2,Neuchâtel Xamax FCS,1706,1727.0,0,2,Switzerland,domestic league (tier 1)
2019/05/11,Super League,0,FC Thun,1746,1754.0,1 - 0,FC Lugano,1784,1776.0,1,0,Switzerland,domestic league (tier 1)
2019/05/22,Super League,0,FC Thun,1738,1732.0,1 - 2,FC Basel,1995,2001.0,1,2,Switzerland,domestic league (tier 1)
2019/07/20,Super League,0,FC Thun,1745,1741.0,2 - 2,Neuchâtel Xamax FCS,1697,1701.0,2,2,Switzerland,domestic league (tier 1)
2019/08/03,Super League,0,FC Thun,1745,1739.0,2 - 3,FC Basel,1997,2003.0,2,3,Switzerland,domestic league (tier 1)
2019/08/25,Super League,0,FC Thun,1745,1720.0,0 - 4,Servette FC (as Servette Genève),1716,1741.0,0,4,Switzerland,domestic league (tier 1)
2019/09/01,Super League,0,FC Thun,1720,1708.0,0 - 1,FC Sion,1764,1776.0,0,1,Switzerland,domestic league (tier 1)
2019/09/25,Super League,0,FC Thun,1704,1709.0,1 - 1,BSC Young Boys,2008,2003.0,1,1,Switzerland,domestic league (tier 1)
2019/10/05,Super League,0,FC Thun,1696,1679.0,0 - 2,FC Luzern,1739,1756.0,0,2,Switzerland,domestic league (tier 1)
2019/11/02,Super League,0,FC Thun,1664,1654.0,0 - 1,FC Zürich,1748,1758.0,0,1,Switzerland,domestic league (tier 1)
2019/11/24,Super League,0,FC Thun,1668,1649.0,0 - 3,FC Lugano,1731,1750.0,0,3,Switzerland,domestic league (tier 1)
2019/12/08,Super League,0,FC Thun,1644,1630.0,1 - 4,FC St. Gallen,1808,1822.0,1,4,Switzerland,domestic league (tier 1)
2020/01/26,Super League,0,FC Thun,1626,1636.0,2 - 1,FC Sion,1722,1712.0,2,1,Switzerland,domestic league (tier 1)
2020/02/09,Super League,0,FC Thun,1630,1640.0,3 - 2,FC Lugano,1747,1737.0,3,2,Switzerland,domestic league (tier 1)
2020/02/22,Super League,0,FC Thun,1659,1659.0,1 - 1,FC Luzern,1773,1773.0,1,1,Switzerland,domestic league (tier 1)
2020/06/23,Super League,0,FC Thun,1652,1668.0,1 - 0,BSC Young Boys,1967,1951.0,1,0,Switzerland,domestic league (tier 1)
2020/07/01,Super League,0,FC Thun,1664,1674.0,3 - 2,FC Zürich,1771,1761.0,3,2,Switzerland,domestic league (tier 1)
2020/07/12,Super League,0,FC Thun,1662,1675.0,3 - 0,Neuchâtel Xamax FCS,1660,1647.0,3,0,Switzerland,domestic league (tier 1)
2020/07/19,Super League,0,FC Thun,1680,1692.0,2 - 1,FC St. Gallen,1837,1825.0,2,1,Switzerland,domestic league (tier 1)
2020/07/22,Super League,0,FC Thun,1692,1711.0,5 - 1,Servette FC (as Servette Genève),1801,1782.0,5,1,Switzerland,domestic league (tier 1)
2020/07/31,Super League,0,FC Thun,1713,1718.0,0 - 0,FC Basel,1993,1988.0,0,0,Switzerland,domestic league (tier 1)
2020/09/18,Challenge League,0,FC Thun,1697,1689.0,2 - 2,Stade Lausanne-Ouchy,1407,1415.0,2,2,Switzerland,domestic league (tier 2)
2020/10/02,Challenge League,0,FC Thun,1669,1646.0,1 - 3,Neuchâtel Xamax FCS,1558,1581.0,1,3,Switzerland,domestic league (tier 2)
2020/10/20,Challenge League,0,FC Thun,1653,1638.0,0 - 1,FC Winterthur,1559,1574.0,0,1,Switzerland,domestic league (tier 2)
2020/10/30,Challenge League,0,FC Thun,1647,1650.0,1 - 0,FC Aarau,1473,1470.0,1,0,Switzerland,domestic league (tier 2)
2020/11/21,Challenge League,0,FC Thun,1647,1653.0,3 - 0,FC Wil 1900,1464,1458.0,3,0,Switzerland,domestic league (tier 2)
2020/11/28,Challenge League,0,FC Thun,1653,1656.0,3 - 0,FC Chiasso,1331,1328.0,3,0,Switzerland,domestic league (tier 2)
2020/12/05,Challenge League,0,FC Thun,1656,1651.0,0 - 0,FC Winterthur,1561,1566.0,0,0,Switzerland,domestic league (tier 2)
2020/12/11,Challenge League,0,FC Thun,1651,1660.0,3 - 1,Grasshopper Club Zürich,1614,1605.0,3,1,Switzerland,domestic league (tier 2)
2021/01/23,Challenge League,0,FC Thun,1651,1656.0,3 - 1,FC Schaffhausen,1464,1459.0,3,1,Switzerland,domestic league (tier 2)
2021/02/02,Challenge League,0,FC Thun,1668,1672.0,2 - 0,SC Kriens,1429,1425.0,2,0,Switzerland,domestic league (tier 2)
2021/02/12,Challenge League,0,FC Thun,1685,1663.0,0 - 2,Grasshopper Club Zürich,1605,1627.0,0,2,Switzerland,domestic league (tier 2)
2021/02/26,Challenge League,0,FC Thun,1640,1615.0,0 - 2,Stade Lausanne-Ouchy,1471,1496.0,0,2,Switzerland,domestic league (tier 2)
2021/03/06,Challenge League,0,FC Thun,1601,1604.0,1 - 0,SC Kriens,1428,1425.0,1,0,Switzerland,domestic league (tier 2)
2021/04/03,Challenge League,0,FC Thun,1611,1616.0,3 - 1,FC Wil 1900,1440,1435.0,3,1,Switzerland,domestic league (tier 2)
2021/04/16,Challenge League,0,FC Thun,1626,1620.0,0 - 0,Neuchâtel Xamax FCS,1493,1499.0,0,0,Switzerland,domestic league (tier 2)
2021/04/30,Challenge League,0,FC Thun,1619,1623.0,2 - 0,FC Chiasso,1371,1367.0,2,0,Switzerland,domestic league (tier 2)
2021/05/11,Challenge League,0,FC Thun,1621,1625.0,1 - 0,FC Schaffhausen,1501,1497.0,1,0,Switzerland,domestic league (tier 2)
2021/05/14,Challenge League,0,FC Thun,1625,1603.0,1 - 3,FC Aarau,1545,1567.0,1,3,Switzerland,domestic league (tier 2)
2022/07/22,Challenge League,0,FC Thun Berner Oberland,1266,1272.0,1 - 1,AC Bellinzona,1583,1577.0,1,1,Switzerland,domestic league (tier 2)
2022/08/05,Challenge League,0,FC Thun Berner Oberland,1267,1272.0,2 - 2,FC Aarau,1576,1571.0,2,2,Switzerland,domestic league (tier 2)
2022/09/02,Challenge League,0,FC Thun Berner Oberland,1326,1349.0,2 - 0,FC Lausanne-Sport,1635,1612.0,2,0,Switzerland,domestic league (tier 2)
2022/09/30,Challenge League,0,FC Thun Berner Oberland,1369,1377.0,2 - 1,Neuchâtel Xamax FCS,1402,1394.0,2,1,Switzerland,domestic league (tier 2)
2022/10/14,Challenge League,0,FC Thun Berner Oberland,1384,1371.0,0 - 2,Stade Lausanne-Ouchy,1520,1533.0,0,2,Switzerland,domestic league (tier 2)
2022/10/17,Challenge League,0,FC Thun Berner Oberland,1371,1355.0,1 - 3,Yverdon Sport FC,1443,1459.0,1,3,Switzerland,domestic league (tier 2)
2022/11/04,Challenge League,0,FC Thun Berner Oberland,1357,1344.0,1 - 3,FC Wil 1900,1502,1515.0,1,3,Switzerland,domestic league (tier 2)
2022/11/11,Challenge League,0,FC Thun Berner Oberland,1344,1356.0,2 - 1,FC Schaffhausen,1532,1520.0,2,1,Switzerland,domestic league (tier 2)
2022/11/26,Challenge League,0,FC Thun Berner Oberland,1381,1383.0,1 - 1,FC Vaduz,1536,1534.0,1,1,Switzerland,domestic league (tier 2)
2023/01/31,Switzerland Cup,0,FC Thun Berner Oberland,1379,1386.0,2 - 2,FC Luzern,1774,1767.0,2,2,Switzerland,domestic cup
2023/02/05,Challenge League,0,FC Thun Berner Oberland,1386,1394.0,1 - 0,Neuchâtel Xamax FCS,1423,1415.0,1,0,Switzerland,domestic league (tier 2)
2023/02/17,Challenge League,0,FC Thun Berner Oberland,1422,1422.0,1 - 1,Stade Lausanne-Ouchy,1512,1512.0,1,1,Switzerland,domestic league (tier 2)
2023/02/24,Challenge League,0,FC Thun Berner Oberland,1422,1437.0,3 - 1,Yverdon Sport FC,1533,1518.0,3,1,Switzerland,domestic league (tier 2)
2023/02/28,Switzerland Cup,0,FC Thun Berner Oberland,1437,1434.0,0 - 5,BSC Young Boys,1985,1988.0,0,5,Switzerland,domestic cup
2023/03/12,Challenge League,0,FC Thun Berner Oberland,1466,1465.0,1 - 1,FC Wil 1900,1543,1544.0,1,1,Switzerland,domestic league (tier 2)
2023/03/31,Challenge League,0,FC Thun Berner Oberland,1489,1497.0,2 - 0,AC Bellinzona,1420,1412.0,2,0,Switzerland,domestic league (tier 2)
2023/04/14,Challenge League,0,FC Thun Berner Oberland,1510,1498.0,2 - 3,FC Aarau,1538,1550.0,2,3,Switzerland,domestic league (tier 2)
2023/05/07,Challenge League,0,FC Thun Berner Oberland,1501,1499.0,3 - 3,FC Vaduz,1517,1519.0,3,3,Switzerland,domestic league (tier 2)
2023/05/19,Challenge League,0,FC Thun Berner Oberland,1493,1493.0,3 - 3,FC Lausanne-Sport,1588,1588.0,3,3,Switzerland,domestic league (tier 2)
2023/05/27,Challenge League,0,FC Thun Berner Oberland,1476,1464.0,2 - 3,FC Schaffhausen,1496,1508.0,2,3,Switzerland,domestic league (tier 2)
2023/07/21,Challenge League,0,FC Thun Berner Oberland,1464,1460.0,1 - 1,FC Stade Nyonnais,1421,1425.0,1,1,Switzerland,domestic league (tier 2)
2023/08/04,Challenge League,0,FC Thun Berner Oberland,1474,1478.0,6 - 0,FC Baden,1197,1193.0,6,0,Switzerland,domestic league (tier 2)
2023/09/02,Challenge League,0,FC Thun Berner Oberland,1479,1492.0,3 - 1,FC Wil 1900,1532,1519.0,3,1,Switzerland,domestic league (tier 2)
2023/09/16,Switzerland Cup,0,FC Thun Berner Oberland,1492,1485.0,1 - 3,FC Luzern,1784,1791.0,1,3,Switzerland,domestic cup
2023/09/22,Challenge League,0,FC Thun Berner Oberland,1485,1498.0,2 - 0,FC Aarau,1536,1523.0,2,0,Switzerland,domestic league (tier 2)
2023/10/07,Challenge League,0,FC Thun Berner Oberland,1517,1511.0,1 - 1,Neuchâtel Xamax FCS,1395,1401.0,1,1,Switzerland,domestic league (tier 2)
2023/10/29,Challenge League,0,FC Thun Berner Oberland,1532,1538.0,2 - 1,FC Vaduz,1503,1497.0,2,1,Switzerland,domestic league (tier 2)
2023/11/11,Challenge League,0,FC Thun Berner Oberland,1525,1530.0,1 - 0,FC Schaffhausen,1440,1435.0,1,0,Switzerland,domestic league (tier 2)
2023/12/08,Challenge League,0,FC Thun Berner Oberland,1520,1521.0,1 - 1,FC Sion,1639,1638.0,1,1,Switzerland,domestic league (tier 2)
2023/12/13,Challenge League,0,FC Thun Berner Oberland,1521,1528.0,3 - 1,AC Bellinzona,1412,1405.0,3,1,Switzerland,domestic league (tier 2)
2024/02/02,Challenge League,0,FC Thun Berner Oberland,1535,1544.0,4 - 1,FC Stade Nyonnais,1448,1439.0,4,1,Switzerland,domestic league (tier 2)
2024/02/16,Challenge League,0,FC Thun Berner Oberland,1544,1551.0,1 - 0,FC Aarau,1521,1514.0,1,0,Switzerland,domestic league (tier 2)
2024/03/02,Challenge League,0,FC Thun Berner Oberland,1530,1533.0,3 - 1,FC Baden,1220,1217.0,3,1,Switzerland,domestic league (tier 2)
2024/03/09,Challenge League,0,FC Thun Berner Oberland,1533,1538.0,2 - 1,FC Wil 1900,1458,1453.0,2,1,Switzerland,domestic league (tier 2)
2024/04/06,Challenge League,0,FC Thun Berner Oberland,1544,1553.0,4 - 0,Neuchâtel Xamax FCS,1446,1437.0,4,0,Switzerland,domestic league (tier 2)
2024/04/13,Challenge League,0,FC Thun Berner Oberland,1553,1557.0,1 - 0,AC Bellinzona,1386,1382.0,1,0,Switzerland,domestic league (tier 2)
2024/04/22,Challenge League,0,FC Thun Berner Oberland,1541,1552.0,1 - 0,FC Sion,1676,1665.0,1,0,Switzerland,domestic league (tier 2)
2024/05/11,Challenge League,0,FC Thun Berner Oberland,1558,1566.0,3 - 0,FC Schaffhausen,1447,1439.0,3,0,Switzerland,domestic league (tier 2)
2024/05/17,Challenge League,0,FC Thun Berner Oberland,1566,1576.0,6 - 3,FC Vaduz,1511,1501.0,6,3,Switzerland,domestic league (tier 2)
2024/05/31,Super League rel.,0,FC Thun Berner Oberland,1596,1584.0,1 - 2,Grasshopper Club Zürich,1636,1648.0,1,2,Switzerland,domestic relegation
2024/07/28,Challenge League,0,FC Thun Berner Oberland,1597,1604.0,2 - 0,FC Vaduz,1481,1474.0,2,0,Switzerland,domestic league (tier 2)
2024/08/02,Challenge League,0,FC Thun Berner Oberland,1604,1599.0,1 - 1,Stade Lausanne-Ouchy,1518,1523.0,1,1,Switzerland,domestic league (tier 2)
2024/08/25,Challenge League,0,FC Thun Berner Oberland,1609,1614.0,4 - 2,FC Stade Nyonnais,1410,1405.0,4,2,Switzerland,domestic league (tier 2)
2024/09/13,Switzerland Cup,0,FC Thun Berner Oberland,1612,1593.0,0 - 2,Grasshopper Club Zürich,1627,1646.0,0,2,Switzerland,domestic cup
2024/09/20,Challenge League,0,FC Thun Berner Oberland,1593,1577.0,1 - 2,AC Bellinzona,1444,1460.0,1,2,Switzerland,domestic league (tier 2)
2024/09/27,Challenge League,0,FC Thun Berner Oberland,1575,1580.0,1 - 0,Neuchâtel Xamax FCS,1481,1476.0,1,0,Switzerland,domestic league (tier 2)
2024/10/27,Challenge League,0,FC Thun Berner Oberland,1563,1569.0,3 - 1,FC Schaffhausen,1409,1403.0,3,1,Switzerland,domestic league (tier 2)
2024/11/09,Challenge League,0,FC Thun Berner Oberland,1582,1586.0,2 - 1,Etoile Carouge FC,1441,1437.0,2,1,Switzerland,domestic league (tier 2)
2024/11/30,Challenge League,0,FC Thun Berner Oberland,1595,1589.0,1 - 1,FC Aarau,1474,1480.0,1,1,Switzerland,domestic league (tier 2)
2024/12/06,Challenge League,0,FC Thun Berner Oberland,1589,1565.0,0 - 2,FC Wil 1900,1445,1469.0,0,2,Switzerland,domestic league (tier 2)
2025/01/24,Challenge League,0,FC Thun Berner Oberland,1566,1574.0,3 - 1,FC Vaduz,1494,1486.0,3,1,Switzerland,domestic league (tier 2)
2025/02/09,Challenge League,0,FC Thun Berner Oberland,1581,1587.0,2 - 0,AC Bellinzona,1444,1438.0,2,0,Switzerland,domestic league (tier 2)
2025/02/28,Challenge League,0,FC Thun Berner Oberland,1587,1580.0,2 - 2,FC Stade Nyonnais,1361,1368.0,2,2,Switzerland,domestic league (tier 2)
2025/03/09,Challenge League,0,FC Thun Berner Oberland,1580,1585.0,2 - 1,Stade Lausanne-Ouchy,1494,1489.0,2,1,Switzerland,domestic league (tier 2)
2025/03/28,Challenge League,0,FC Thun Berner Oberland,1584,1588.0,2 - 1,Neuchâtel Xamax FCS,1418,1414.0,2,1,Switzerland,domestic league (tier 2)
2025/04/04,Challenge League,0,FC Thun Berner Oberland,1570,1575.0,3 - 0,FC Schaffhausen,1345,1340.0,3,0,Switzerland,domestic league (tier 2)
2025/04/21,Challenge League,0,FC Thun Berner Oberland,1584,1594.0,7 - 0,FC Wil 1900,1470,1460.0,7,0,Switzerland,domestic league (tier 2)
2025/05/02,Challenge League,0,FC Thun Berner Oberland,1606,1612.0,2 - 1,FC Aarau,1540,1534.0,2,1,Switzerland,domestic league (tier 2)
2025/05/23,Challenge League,0,FC Thun Berner Oberland,1592,1596.0,1 - 0,Etoile Carouge FC,1439,1435.0,1,0,Switzerland,domestic league (tier 2)
2025/08/03,Super League,0,FC Thun Berner Oberland,1612,1623.0,2 - 1,FC Lausanne-Sport,1732,1721.0,2,1,Switzerland,domestic league (tier 1)
2025/08/30,Super League,0,FC Thun Berner Oberland,1666,1663.0,1 - 1,Grasshopper Club Zürich,1641,1644.0,1,1,Switzerland,domestic league (tier 1)
2025/09/13,Super League,0,FC Thun Berner Oberland,1663,1653.0,1 - 3,FC Basel 1893,1877,1887.0,1,3,Switzerland,domestic league (tier 1)
2025/10/18,Super League,0,FC Thun Berner Oberland,1663,1677.0,3 - 1,Servette FC,1745,1731.0,3,1,Switzerland,domestic league (tier 1)
2025/10/28,Super League,0,FC Thun Berner Oberland,1690,1699.0,3 - 0,FC Winterthur,1599,1590.0,3,0,Switzerland,domestic league (tier 1)
2025/11/01,Super League,0,FC Thun Berner Oberland,1699,1706.0,2 - 1,FC Sion,1697,1690.0,2,1,Switzerland,domestic league (tier 1)
2025/11/22,Super League,0,FC Thun Berner Oberland,1720,1708.0,0 - 1,FC Lugano,1734,1746.0,0,1,Switzerland,domestic league (tier 1)
2025/12/06,Super League,0,FC Thun Berner Oberland,1702,1714.0,4 - 1,FC Luzern,1685,1673.0,4,1,Switzerland,domestic league (tier 1)
2025/12/13,Super League,0,FC Thun Berner Oberland,1714,1696.0,0 - 2,FC St. Gallen,1733,1751.0,0,2,Switzerland,domestic league (tier 1)
2025/12/20,Super League,0,FC Thun Berner Oberland,1714,1724.0,4 - 2,FC Zürich,1685,1675.0,4,2,Switzerland,domestic league (tier 1)
2026/01/25,Super League,0,FC Thun Berner Oberland,1740,1754.0,4 - 1,BSC Young Boys,1766,1752.0,4,1,Switzerland,domestic league (tier 1)
2026/02/12,Super League,0,FC Thun Berner Oberland,1787,1798.0,5 - 1,FC Lausanne-Sport,1735,1724.0,5,1,Switzerland,domestic league (tier 1)
2026/02/15,Super League,0,FC Thun Berner Oberland,1798,1804.0,1 - 0,FC Sion,1734,1728.0,1,0,Switzerland,domestic league (tier 1)
2026/02/28,Super League,0,FC Thun Berner Oberland,1815,1820.0,2 - 1,FC Luzern,1710,1705.0,2,1,Switzerland,domestic league (tier 1)
2026/03/05,Super League,0,FC Thun Berner Oberland,1820,1816.0,2 - 2,FC St. Gallen,1781,1785.0,2,2,Switzerland,domestic league (tier 1)
2026/03/14,Super League,0,FC Thun Berner Oberland,1827,1833.0,5 - 1,Grasshopper Club Zürich,1640,1634.0,5,1,Switzerland,domestic league (tier 1)
2026/04/18,Super League,0,FC Thun Berner Oberland,1811,1821.0,3 - 1,FC Basel 1893,1793,1783.0,3,1,Switzerland,domestic league (tier 1)
2026/04/25,Super League,0,FC Thun Berner Oberland,1821,1807.0,0 - 1,FC Lugano,1787,1801.0,0,1,Switzerland,domestic league (tier 1)
2026/05/14,Super League,0,FC Thun Berner Oberland,1784,1757.0,3 - 8,BSC Young Boys,1766,1793.0,3,8,Switzerland,domestic league (tier 1)
2026/08/01,Super League,0,FC Thun Berner Oberland,1778,1752.0,0 - 6,BSC Young Boys,1803,1829.0,0,6,Switzerland,domestic league (tier 1)
2026/09/02,Super League,0,FC Thun Berner Oberland,1744,1738.0,0 - 0,FC Lausanne-Sport,1629,1635.0,0,0,Switzerland,domestic league (tier 1)
2016/07/31,Super League,0,FC Vaduz,1689,1680.0,1 - 5,FC Basel,2001,2010.0,1,5,Switzerland,domestic league (tier 1)
2016/08/10,Super League,0,FC Vaduz,1700,1687.0,1 - 3,FC Luzern,1847,1860.0,1,3,Switzerland,domestic league (tier 1)
2016/08/21,Super League,0,FC Vaduz,1687,1697.0,2 - 0,FC St. Gallen,1655,1645.0,2,0,Switzerland,domestic league (tier 1)
2016/09/21,Super League,0,FC Vaduz,1668,1671.0,0 - 0,BSC Young Boys,1862,1859.0,0,0,Switzerland,domestic league (tier 1)
2016/10/01,Super League,0,FC Vaduz,1666,1649.0,2 - 5,FC Sion,1773,1790.0,2,5,Switzerland,domestic league (tier 1)
2016/10/22,Super League,0,FC Vaduz,1669,1657.0,2 - 3,FC Thun,1685,1697.0,2,3,Switzerland,domestic league (tier 1)
2016/11/06,Super League,0,FC Vaduz,1652,1651.0,0 - 0,Grasshopper Club Zürich (as Grasshoppers Zürich),1733,1734.0,0,0,Switzerland,domestic league (tier 1)
2016/11/27,Super League,0,FC Vaduz,1648,1663.0,5 - 1,FC Lugano,1669,1654.0,5,1,Switzerland,domestic league (tier 1)
2016/12/10,Super League,0,FC Vaduz,1657,1653.0,1 - 1,FC Lausanne-Sport,1601,1605.0,1,1,Switzerland,domestic league (tier 1)
2017/02/05,Super League,0,FC Vaduz,1653,1651.0,1 - 1,FC St. Gallen,1677,1679.0,1,1,Switzerland,domestic league (tier 1)
2017/02/19,Super League,0,FC Vaduz,1646,1644.0,1 - 1,FC Lugano,1670,1672.0,1,1,Switzerland,domestic league (tier 1)
2017/03/05,Super League,0,FC Vaduz,1638,1644.0,1 - 1,FC Basel,2006,2000.0,1,1,Switzerland,domestic league (tier 1)
2017/03/19,Super League,0,FC Vaduz,1658,1644.0,0 - 1,FC Lausanne-Sport,1596,1610.0,0,1,Switzerland,domestic league (tier 1)
2017/04/09,Super League,0,FC Vaduz,1642,1629.0,0 - 2,FC Luzern,1797,1810.0,0,2,Switzerland,domestic league (tier 1)
2017/04/15,Super League,0,FC Vaduz,1629,1621.0,0 - 1,FC Sion,1800,1808.0,0,1,Switzerland,domestic league (tier 1)
2017/05/06,Super League,0,FC Vaduz,1650,1633.0,2 - 4,Grasshopper Club Zürich (as Grasshoppers Zürich),1709,1726.0,2,4,Switzerland,domestic league (tier 1)
2017/05/17,Super League,0,FC Vaduz,1623,1638.0,1 - 0,BSC Young Boys,1910,1895.0,1,0,Switzerland,domestic league (tier 1)
2017/06/02,Super League,0,FC Vaduz,1639,1624.0,1 - 3,FC Thun,1730,1745.0,1,3,Switzerland,domestic league (tier 1)
2017/07/30,Challenge League,0,FC Vaduz,1623,1620.0,1 - 1,Servette FC (as Servette Genève),1598,1601.0,1,1,Switzerland,domestic league (tier 2)
2017/08/10,Challenge League,0,FC Vaduz,1611,1604.0,2 - 2,FC Winterthur,1426,1433.0,2,2,Switzerland,domestic league (tier 2)
2017/09/09,Challenge League,0,FC Vaduz,1607,1599.0,2 - 2,FC Rapperswil-Jona,1366,1374.0,2,2,Switzerland,domestic league (tier 2)
2017/09/24,Challenge League,0,FC Vaduz,1586,1590.0,1 - 0,FC Chiasso,1458,1454.0,1,0,Switzerland,domestic league (tier 2)
2017/10/01,Challenge League,0,FC Vaduz,1590,1583.0,0 - 0,FC Wil 1900,1375,1382.0,0,0,Switzerland,domestic league (tier 2)
2017/10/20,Challenge League,0,FC Vaduz,1574,1554.0,0 - 5,Neuchâtel Xamax FCS,1667,1687.0,0,5,Switzerland,domestic league (tier 2)
2017/11/05,Challenge League,0,FC Vaduz,1562,1571.0,4 - 1,FC Aarau,1478,1469.0,4,1,Switzerland,domestic league (tier 2)
2017/11/20,Challenge League,0,FC Vaduz,1571,1582.0,2 - 0,FC Schaffhausen,1581,1570.0,2,0,Switzerland,domestic league (tier 2)
2017/12/03,Challenge League,0,FC Vaduz,1565,1558.0,1 - 1,FC Wohlen,1383,1390.0,1,1,Switzerland,domestic league (tier 2)
2018/02/02,Challenge League,0,FC Vaduz,1568,1569.0,3 - 3,Neuchâtel Xamax FCS,1710,1709.0,3,3,Switzerland,domestic league (tier 2)
2018/02/18,Challenge League,0,FC Vaduz,1578,1583.0,5 - 1,FC Wohlen,1370,1365.0,5,1,Switzerland,domestic league (tier 2)
2018/03/05,Challenge League,0,FC Vaduz,1583,1592.0,2 - 1,Servette FC (as Servette Genève),1648,1639.0,2,1,Switzerland,domestic league (tier 2)
2018/03/18,Challenge League,0,FC Vaduz,1577,1586.0,2 - 0,FC Schaffhausen,1520,1511.0,2,0,Switzerland,domestic league (tier 2)
2018/04/08,Challenge League,0,FC Vaduz,1602,1610.0,5 - 1,FC Aarau,1469,1461.0,5,1,Switzerland,domestic league (tier 2)
2018/04/19,Challenge League,0,FC Vaduz,1603,1612.0,4 - 0,FC Rapperswil-Jona,1507,1498.0,4,0,Switzerland,domestic league (tier 2)
2018/04/27,Challenge League,0,FC Vaduz,1607,1600.0,1 - 1,FC Winterthur,1382,1389.0,1,1,Switzerland,domestic league (tier 2)
2018/05/09,Challenge League,0,FC Vaduz,1612,1606.0,2 - 2,FC Wil 1900,1453,1459.0,2,2,Switzerland,domestic league (tier 2)
2018/05/18,Challenge League,0,FC Vaduz,1607,1612.0,5 - 2,FC Chiasso,1394,1389.0,5,2,Switzerland,domestic league (tier 2)
2018/07/29,Challenge League,0,FC Vaduz,1603,1591.0,1 - 2,FC Lausanne-Sport,1641,1653.0,1,2,Switzerland,domestic league (tier 2)
2018/08/12,Challenge League,0,FC Vaduz,1573,1581.0,1 - 0,Servette FC (as Servette Genève),1591,1583.0,1,0,Switzerland,domestic league (tier 2)
2018/09/02,Challenge League,0,FC Vaduz,1572,1564.0,2 - 2,SC Kriens,1328,1336.0,2,2,Switzerland,domestic league (tier 2)
2018/09/23,Challenge League,0,FC Vaduz,1564,1548.0,0 - 1,FC Winterthur,1449,1465.0,0,1,Switzerland,domestic league (tier 2)
2018/09/30,Challenge League,0,FC Vaduz,1549,1553.0,2 - 1,FC Aarau,1428,1424.0,2,1,Switzerland,domestic league (tier 2)
2018/10/28,Challenge League,0,FC Vaduz,1541,1547.0,4 - 2,FC Chiasso,1387,1381.0,4,2,Switzerland,domestic league (tier 2)
2018/11/11,Challenge League,0,FC Vaduz,1562,1540.0,0 - 2,FC Wil 1900,1487,1509.0,0,2,Switzerland,domestic league (tier 2)
2018/11/30,Challenge League,0,FC Vaduz,1531,1526.0,3 - 3,FC Rapperswil-Jona,1441,1446.0,3,3,Switzerland,domestic league (tier 2)
2018/12/16,Challenge League,0,FC Vaduz,1513,1510.0,1 - 1,FC Schaffhausen,1523,1526.0,1,1,Switzerland,domestic league (tier 2)
2019/02/08,Challenge League,0,FC Vaduz,1504,1505.0,2 - 2,FC Lausanne-Sport,1635,1634.0,2,2,Switzerland,domestic league (tier 2)
2019/02/24,Challenge League,0,FC Vaduz,1491,1503.0,2 - 0,FC Aarau,1520,1508.0,2,0,Switzerland,domestic league (tier 2)
2019/03/10,Challenge League,0,FC Vaduz,1505,1510.0,1 - 0,FC Chiasso,1394,1389.0,1,0,Switzerland,domestic league (tier 2)
2019/03/30,Challenge League,0,FC Vaduz,1500,1505.0,3 - 2,FC Rapperswil-Jona,1415,1410.0,3,2,Switzerland,domestic league (tier 2)
2019/04/02,Challenge League,0,FC Vaduz,1505,1501.0,1 - 1,FC Wil 1900,1450,1454.0,1,1,Switzerland,domestic league (tier 2)
2019/04/14,Challenge League,0,FC Vaduz,1490,1496.0,3 - 2,SC Kriens,1422,1416.0,3,2,Switzerland,domestic league (tier 2)
2019/04/27,Challenge League,0,FC Vaduz,1480,1459.0,0 - 2,FC Schaffhausen,1423,1444.0,0,2,Switzerland,domestic league (tier 2)
2019/05/11,Challenge League,0,FC Vaduz,1470,1478.0,1 - 0,FC Winterthur,1488,1480.0,1,0,Switzerland,domestic league (tier 2)
2019/05/23,Challenge League,0,FC Vaduz,1480,1467.0,1 - 5,Servette FC (as Servette Genève),1688,1701.0,1,5,Switzerland,domestic league (tier 2)
2019/07/28,Challenge League,0,FC Vaduz,1461,1471.0,2 - 0,FC Schaffhausen,1441,1431.0,2,0,Switzerland,domestic league (tier 2)
2019/08/11,Challenge League,0,FC Vaduz,1492,1479.0,0 - 1,FC Winterthur,1502,1515.0,0,1,Switzerland,domestic league (tier 2)
2019/09/01,Challenge League,0,FC Vaduz,1479,1480.0,2 - 2,Grasshopper Club Zürich,1611,1610.0,2,2,Switzerland,domestic league (tier 2)
2019/09/22,Challenge League,0,FC Vaduz,1480,1472.0,1 - 2,FC Lausanne-Sport,1661,1669.0,1,2,Switzerland,domestic league (tier 2)
2019/09/29,Challenge League,0,FC Vaduz,1458,1476.0,5 - 2,FC Aarau,1561,1543.0,5,2,Switzerland,domestic league (tier 2)
2019/10/06,Challenge League,0,FC Vaduz,1476,1482.0,3 - 2,Stade Lausanne-Ouchy,1440,1434.0,3,2,Switzerland,domestic league (tier 2)
2019/11/03,Challenge League,0,FC Vaduz,1482,1493.0,4 - 2,FC Wil 1900,1497,1486.0,4,2,Switzerland,domestic league (tier 2)
2019/12/01,Challenge League,0,FC Vaduz,1515,1521.0,4 - 2,FC Chiasso,1363,1357.0,4,2,Switzerland,domestic league (tier 2)
2019/12/15,Challenge League,0,FC Vaduz,1546,1530.0,1 - 2,SC Kriens,1420,1436.0,1,2,Switzerland,domestic league (tier 2)
2020/01/26,Challenge League,0,FC Vaduz,1530,1535.0,2 - 1,FC Wil 1900,1458,1453.0,2,1,Switzerland,domestic league (tier 2)
2020/02/16,Challenge League,0,FC Vaduz,1562,1555.0,0 - 0,FC Chiasso,1352,1359.0,0,0,Switzerland,domestic league (tier 2)
2020/06/19,Challenge League,0,FC Vaduz,1554,1564.0,4 - 1,FC Winterthur,1486,1476.0,4,1,Switzerland,domestic league (tier 2)
2020/06/27,Challenge League,0,FC Vaduz,1570,1577.0,4 - 2,SC Kriens,1468,1461.0,4,2,Switzerland,domestic league (tier 2)
2020/07/03,Challenge League,0,FC Vaduz,1575,1563.0,2 - 3,Grasshopper Club Zürich,1604,1616.0,2,3,Switzerland,domestic league (tier 2)
2020/07/10,Challenge League,0,FC Vaduz,1581,1588.0,5 - 1,Stade Lausanne-Ouchy,1427,1420.0,5,1,Switzerland,domestic league (tier 2)
2020/07/14,Challenge League,0,FC Vaduz,1588,1583.0,1 - 1,FC Aarau,1484,1489.0,1,1,Switzerland,domestic league (tier 2)
2020/07/21,Challenge League,0,FC Vaduz,1592,1602.0,2 - 1,FC Lausanne-Sport,1678,1668.0,2,1,Switzerland,domestic league (tier 2)
2020/07/30,Challenge League,0,FC Vaduz,1607,1611.0,3 - 1,FC Schaffhausen,1386,1382.0,3,1,Switzerland,domestic league (tier 2)
2020/09/27,Super League,0,FC Vaduz,1592,1586.0,0 - 1,FC St. Gallen,1822,1828.0,0,1,Switzerland,domestic league (tier 1)
2020/10/17,Super League,0,FC Vaduz,1585,1588.0,1 - 1,FC Lugano,1799,1796.0,1,1,Switzerland,domestic league (tier 1)
2020/10/24,Super League,0,FC Vaduz,1588,1570.0,1 - 4,FC Zürich,1671,1689.0,1,4,Switzerland,domestic league (tier 1)
2020/11/28,Super League,0,FC Vaduz,1576,1597.0,4 - 1,FC Sion,1737,1716.0,4,1,Switzerland,domestic league (tier 1)
2020/12/09,Super League,0,FC Vaduz,1588,1575.0,0 - 2,Servette FC (as Servette Genève),1734,1747.0,0,2,Switzerland,domestic league (tier 1)
2020/12/12,Super League,0,FC Vaduz,1575,1569.0,0 - 2,FC Basel,1929,1935.0,0,2,Switzerland,domestic league (tier 1)
2020/12/17,Super League,0,FC Vaduz,1569,1554.0,0 - 2,FC Lausanne-Sport,1679,1694.0,0,2,Switzerland,domestic league (tier 1)
2021/01/24,Super League,0,FC Vaduz,1554,1562.0,0 - 0,BSC Young Boys,2017,2009.0,0,0,Switzerland,domestic league (tier 1)
2021/02/06,Super League,0,FC Vaduz,1587,1598.0,3 - 2,FC Zürich,1736,1725.0,3,2,Switzerland,domestic league (tier 1)
2021/02/20,Super League,0,FC Vaduz,1591,1604.0,2 - 1,FC St. Gallen,1798,1785.0,2,1,Switzerland,domestic league (tier 1)
2021/02/24,Super League,0,FC Vaduz,1604,1606.0,1 - 1,FC Luzern,1757,1755.0,1,1,Switzerland,domestic league (tier 1)
2021/03/03,Super League,0,FC Vaduz,1629,1610.0,0 - 3,FC Lausanne-Sport,1707,1726.0,0,3,Switzerland,domestic league (tier 1)
2021/03/14,Super League,0,FC Vaduz,1619,1604.0,0 - 3,FC Lugano,1774,1789.0,0,3,Switzerland,domestic league (tier 1)
2021/04/11,Super League,0,FC Vaduz,1638,1652.0,3 - 0,FC Sion,1674,1660.0,3,0,Switzerland,domestic league (tier 1)
2021/04/21,Super League,0,FC Vaduz,1647,1649.0,1 - 1,FC Basel,1832,1830.0,1,1,Switzerland,domestic league (tier 1)
2021/05/01,Super League,0,FC Vaduz,1645,1636.0,1 - 2,FC Luzern,1782,1791.0,1,2,Switzerland,domestic league (tier 1)
2021/05/11,Super League,0,FC Vaduz,1660,1654.0,0 - 2,BSC Young Boys,2011,2017.0,0,2,Switzerland,domestic league (tier 1)
2021/05/15,Super League,0,FC Vaduz,1654,1638.0,1 - 3,Servette FC (as Servette Genève),1727,1743.0,1,3,Switzerland,domestic league (tier 1)
2022/07/24,Challenge League,0,FC Vaduz,1586,1580.0,3 - 3,Yverdon Sport FC,1431,1437.0,3,3,Switzerland,domestic league (tier 2)
2022/08/07,Challenge League,0,FC Vaduz,1564,1551.0,2 - 3,AC Bellinzona,1550,1563.0,2,3,Switzerland,domestic league (tier 2)
2022/08/14,Challenge League,0,FC Vaduz,1571,1544.0,2 - 4,FC Thun Berner Oberland,1272,1299.0,2,4,Switzerland,domestic league (tier 2)
2022/09/04,Challenge League,0,FC Vaduz,1552,1550.0,1 - 1,FC Schaffhausen,1581,1583.0,1,1,Switzerland,domestic league (tier 2)
2022/10/02,Challenge League,0,FC Vaduz,1549,1527.0,0 - 2,Stade Lausanne-Ouchy,1487,1509.0,0,2,Switzerland,domestic league (tier 2)
2022/10/16,Challenge League,0,FC Vaduz,1533,1550.0,4 - 0,FC Aarau,1594,1577.0,4,0,Switzerland,domestic league (tier 2)
2022/10/23,Challenge League,0,FC Vaduz,1573,1568.0,0 - 0,FC Wil 1900,1488,1493.0,0,0,Switzerland,domestic league (tier 2)
2022/11/06,Challenge League,0,FC Vaduz,1546,1540.0,1 - 1,Neuchâtel Xamax FCS,1415,1421.0,1,1,Switzerland,domestic league (tier 2)
2022/11/20,Challenge League,0,FC Vaduz,1527,1536.0,1 - 0,FC Lausanne-Sport,1587,1578.0,1,0,Switzerland,domestic league (tier 2)
2023/01/27,Challenge League,0,FC Vaduz,1534,1531.0,2 - 2,FC Wil 1900,1523,1526.0,2,2,Switzerland,domestic league (tier 2)
2023/02/12,Challenge League,0,FC Vaduz,1524,1496.0,0 - 3,FC Thun Berner Oberland,1394,1422.0,0,3,Switzerland,domestic league (tier 2)
2023/02/26,Challenge League,0,FC Vaduz,1500,1485.0,1 - 2,Neuchâtel Xamax FCS,1403,1418.0,1,2,Switzerland,domestic league (tier 2)
2023/03/12,Challenge League,0,FC Vaduz,1491,1497.0,2 - 1,AC Bellinzona,1429,1423.0,2,1,Switzerland,domestic league (tier 2)
2023/04/10,Challenge League,0,FC Vaduz,1521,1499.0,1 - 4,FC Schaffhausen,1522,1544.0,1,4,Switzerland,domestic league (tier 2)
2023/04/23,Challenge League,0,FC Vaduz,1520,1519.0,1 - 1,FC Lausanne-Sport,1598,1599.0,1,1,Switzerland,domestic league (tier 2)
2023/04/30,Challenge League,0,FC Vaduz,1519,1517.0,0 - 0,Yverdon Sport FC,1532,1534.0,0,0,Switzerland,domestic league (tier 2)
2023/05/14,Challenge League,0,FC Vaduz,1519,1507.0,0 - 1,FC Aarau,1562,1574.0,0,1,Switzerland,domestic league (tier 2)
2023/05/23,Challenge League,0,FC Vaduz,1496,1495.0,2 - 2,Stade Lausanne-Ouchy,1544,1545.0,2,2,Switzerland,domestic league (tier 2)
2023/07/23,Challenge League,0,FC Vaduz,1511,1495.0,0 - 2,FC Sion,1583,1599.0,0,2,Switzerland,domestic league (tier 2)
2023/08/06,Challenge League,0,FC Vaduz,1488,1494.0,2 - 1,FC Stade Nyonnais,1421,1415.0,2,1,Switzerland,domestic league (tier 2)
2023/08/27,Challenge League,0,FC Vaduz,1499,1495.0,1 - 1,Neuchâtel Xamax FCS,1434,1438.0,1,1,Switzerland,domestic league (tier 2)
2023/09/03,Challenge League,0,FC Vaduz,1495,1508.0,6 - 0,FC Schaffhausen,1459,1446.0,6,0,Switzerland,domestic league (tier 2)
2023/10/01,Challenge League,0,FC Vaduz,1518,1515.0,1 - 1,FC Thun Berner Oberland,1514,1517.0,1,1,Switzerland,domestic league (tier 2)
2023/10/22,Challenge League,0,FC Vaduz,1505,1503.0,2 - 2,FC Aarau,1531,1533.0,2,2,Switzerland,domestic league (tier 2)
2023/11/05,Challenge League,0,FC Vaduz,1497,1479.0,1 - 2,FC Baden,1239,1257.0,1,2,Switzerland,domestic league (tier 2)
2023/11/24,Challenge League,0,FC Vaduz,1485,1481.0,2 - 2,FC Wil 1900,1444,1448.0,2,2,Switzerland,domestic league (tier 2)
2023/12/17,Challenge League,0,FC Vaduz,1474,1459.0,1 - 2,AC Bellinzona,1405,1420.0,1,2,Switzerland,domestic league (tier 2)
2024/02/04,Challenge League,0,FC Vaduz,1453,1462.0,5 - 3,Neuchâtel Xamax FCS,1410,1401.0,5,3,Switzerland,domestic league (tier 2)
2024/02/16,Challenge League,0,FC Vaduz,1454,1447.0,1 - 2,FC Sion,1656,1663.0,1,2,Switzerland,domestic league (tier 2)
2024/03/03,Challenge League,0,FC Vaduz,1459,1466.0,3 - 2,FC Schaffhausen,1449,1442.0,3,2,Switzerland,domestic league (tier 2)
2024/03/17,Challenge League,0,FC Vaduz,1462,1441.0,1 - 3,FC Stade Nyonnais,1414,1435.0,1,3,Switzerland,domestic league (tier 2)
2024/04/01,Challenge League,0,FC Vaduz,1441,1451.0,1 - 0,FC Thun Berner Oberland,1554,1544.0,1,0,Switzerland,domestic league (tier 2)
2024/04/20,Challenge League,0,FC Vaduz,1471,1481.0,3 - 1,FC Wil 1900,1443,1433.0,3,1,Switzerland,domestic league (tier 2)
2024/04/27,Challenge League,0,FC Vaduz,1498,1502.0,6 - 0,FC Baden,1213,1209.0,6,0,Switzerland,domestic league (tier 2)
2024/05/03,Challenge League,0,FC Vaduz,1502,1509.0,2 - 1,FC Aarau,1478,1471.0,2,1,Switzerland,domestic league (tier 2)
2024/05/20,Challenge League,0,FC Vaduz,1501,1496.0,2 - 2,AC Bellinzona,1410,1415.0,2,2,Switzerland,domestic league (tier 2)
2024/07/21,Challenge League,0,FC Vaduz,1496,1491.0,0 - 0,FC Stade Nyonnais,1394,1399.0,0,0,Switzerland,domestic league (tier 2)
2024/08/04,Challenge League,0,FC Vaduz,1471,1477.0,3 - 2,FC Wil 1900,1421,1415.0,3,2,Switzerland,domestic league (tier 2)
2024/08/25,Challenge League,0,FC Vaduz,1479,1491.0,3 - 1,Stade Lausanne-Ouchy,1517,1505.0,3,1,Switzerland,domestic league (tier 2)
2024/09/20,Challenge League,0,FC Vaduz,1476,1451.0,2 - 5,FC Aarau,1417,1442.0,2,5,Switzerland,domestic league (tier 2)
2024/09/29,Challenge League,0,FC Vaduz,1442,1450.0,2 - 1,AC Bellinzona,1469,1461.0,2,1,Switzerland,domestic league (tier 2)
2024/10/19,Challenge League,0,FC Vaduz,1453,1469.0,2 - 0,FC Thun Berner Oberland,1579,1563.0,2,0,Switzerland,domestic league (tier 2)
2024/11/08,Challenge League,0,FC Vaduz,1474,1481.0,2 - 1,Neuchâtel Xamax FCS,1451,1444.0,2,1,Switzerland,domestic league (tier 2)
2024/11/29,Challenge League,0,FC Vaduz,1481,1477.0,2 - 2,FC Schaffhausen,1415,1419.0,2,2,Switzerland,domestic league (tier 2)
2024/12/14,Challenge League,0,FC Vaduz,1488,1494.0,3 - 2,Etoile Carouge FC,1448,1442.0,3,2,Switzerland,domestic league (tier 2)
2025/02/01,Challenge League,0,FC Vaduz,1486,1480.0,1 - 1,FC Stade Nyonnais,1352,1358.0,1,1,Switzerland,domestic league (tier 2)
2025/02/09,Challenge League,0,FC Vaduz,1480,1487.0,1 - 0,FC Wil 1900,1460,1453.0,1,0,Switzerland,domestic league (tier 2)
2025/02/23,Challenge League,0,FC Vaduz,1487,1476.0,0 - 1,FC Aarau,1536,1547.0,0,1,Switzerland,domestic league (tier 2)
2025/03/16,Challenge League,0,FC Vaduz,1468,1477.0,3 - 1,AC Bellinzona,1411,1402.0,3,1,Switzerland,domestic league (tier 2)
2025/03/28,Challenge League,0,FC Vaduz,1477,1464.0,0 - 1,Stade Lausanne-Ouchy,1473,1486.0,0,1,Switzerland,domestic league (tier 2)
2025/04/06,Challenge League,0,FC Vaduz,1487,1493.0,2 - 1,Neuchâtel Xamax FCS,1425,1419.0,2,1,Switzerland,domestic league (tier 2)
2025/04/27,Challenge League,0,FC Vaduz,1482,1489.0,1 - 0,Etoile Carouge FC,1463,1456.0,1,0,Switzerland,domestic league (tier 2)
2025/05/11,Challenge League,0,FC Vaduz,1478,1479.0,3 - 3,FC Thun Berner Oberland,1612,1611.0,3,3,Switzerland,domestic league (tier 2)
2025/05/16,Challenge League,0,FC Vaduz,1479,1483.0,1 - 0,FC Schaffhausen,1338,1334.0,1,0,Switzerland,domestic league (tier 2)
2025/07/27,Challenge League,0,FC Vaduz,1461,1472.0,2 - 1,Yverdon Sport FC,1610,1599.0,2,1,Switzerland,domestic league (tier 2)
2025/08/10,Challenge League,0,FC Vaduz,1482,1490.0,3 - 0,FC Stade Nyonnais,1363,1355.0,3,0,Switzerland,domestic league (tier 2)
2025/08/22,Challenge League,0,FC Vaduz,1488,1500.0,6 - 0,AC Bellinzona,1427,1415.0,6,0,Switzerland,domestic league (tier 2)
2025/08/31,Challenge League,0,FC Vaduz,1501,1507.0,2 - 1,FC Wil 1900,1447,1441.0,2,1,Switzerland,domestic league (tier 2)
2025/10/05,Challenge League,0,FC Vaduz,1506,1510.0,3 - 2,FC Rapperswil-Jona,1389,1385.0,3,2,Switzerland,domestic league (tier 2)
2025/10/26,Challenge League,0,FC Vaduz,1526,1533.0,3 - 1,Etoile Carouge FC,1415,1408.0,3,1,Switzerland,domestic league (tier 2)
2025/11/09,Challenge League,0,FC Vaduz,1548,1555.0,3 - 2,Stade Lausanne-Ouchy,1538,1531.0,3,2,Switzerland,domestic league (tier 2)
2025/12/05,Challenge League,0,FC Vaduz,1571,1575.0,1 - 0,Neuchâtel Xamax FCS,1439,1435.0,1,0,Switzerland,domestic league (tier 2)
2025/12/19,Challenge League,0,FC Vaduz,1591,1598.0,3 - 2,FC Aarau,1590,1583.0,3,2,Switzerland,domestic league (tier 2)
2026/01/23,Challenge League,0,FC Vaduz,1598,1603.0,3 - 1,FC Wil 1900,1438,1433.0,3,1,Switzerland,domestic league (tier 2)
2026/02/06,Challenge League,0,FC Vaduz,1587,1580.0,3 - 3,Etoile Carouge FC,1391,1398.0,3,3,Switzerland,domestic league (tier 2)
2026/02/22,Challenge League,0,FC Vaduz,1590,1594.0,1 - 0,Neuchâtel Xamax FCS,1438,1434.0,1,0,Switzerland,domestic league (tier 2)
2026/03/01,Challenge League,0,FC Vaduz,1594,1597.0,1 - 0,FC Stade Nyonnais,1364,1361.0,1,0,Switzerland,domestic league (tier 2)
2026/03/20,Challenge League,0,FC Vaduz,1584,1592.0,2 - 1,Yverdon Sport FC,1606,1598.0,2,1,Switzerland,domestic league (tier 2)
2026/04/07,Challenge League,0,FC Vaduz,1605,1607.0,3 - 2,AC Bellinzona,1337,1335.0,3,2,Switzerland,domestic league (tier 2)
2026/04/19,Challenge League,0,FC Vaduz,1600,1603.0,2 - 1,FC Rapperswil-Jona,1427,1424.0,2,1,Switzerland,domestic league (tier 2)
2026/05/02,Challenge League,0,FC Vaduz,1612,1606.0,2 - 2,Stade Lausanne-Ouchy,1487,1493.0,2,2,Switzerland,domestic league (tier 2)
2026/05/11,Challenge League,0,FC Vaduz,1615,1602.0,1 - 2,FC Aarau,1612,1625.0,1,2,Switzerland,domestic league (tier 2)
2026/08/02,Super League,0,FC Vaduz,1612,1606.0,2 - 3,FC St. Gallen,1841,1847.0,2,3,Switzerland,domestic league (tier 1)
2026/08/30,Super League,0,FC Vaduz,1595,1608.0,5 - 2,Grasshopper Club Zürich,1602,1589.0,5,2,Switzerland,domestic league (tier 1)
2026/09/05,Super League,0,FC Vaduz,1604,,Info,FC Lausanne-Sport,1635,,,,Switzerland,domestic league (tier 1)
2016/07/30,Challenge League,0,FC Wil 1900,1503,1507.0,1 - 1,FC Zürich,1739,1735.0,1,1,Switzerland,domestic league (tier 2)
2016/08/11,Challenge League,0,FC Wil 1900,1502,1502.0,0 - 0,FC Aarau,1597,1597.0,0,0,Switzerland,domestic league (tier 2)
2016/08/20,Challenge League,0,FC Wil 1900,1502,1513.0,2 - 0,Servette FC (as Servette Genève),1511,1500.0,2,0,Switzerland,domestic league (tier 2)
2016/09/21,Challenge League,0,FC Wil 1900,1513,1519.0,2 - 0,FC Le Mont,1357,1351.0,2,0,Switzerland,domestic league (tier 2)
2016/10/03,Challenge League,0,FC Wil 1900,1537,1543.0,2 - 1,FC Schaffhausen,1479,1473.0,2,1,Switzerland,domestic league (tier 2)
2016/10/23,Challenge League,0,FC Wil 1900,1557,1567.0,5 - 1,FC Winterthur,1488,1478.0,5,1,Switzerland,domestic league (tier 2)
2016/11/07,Challenge League,0,FC Wil 1900,1558,1552.0,0 - 0,FC Chiasso,1393,1399.0,0,0,Switzerland,domestic league (tier 2)
2016/11/26,Challenge League,0,FC Wil 1900,1551,1535.0,1 - 2,FC Wohlen,1424,1440.0,1,2,Switzerland,domestic league (tier 2)
2016/12/10,Challenge League,0,FC Wil 1900,1532,1532.0,0 - 0,Neuchâtel Xamax FCS,1626,1626.0,0,0,Switzerland,domestic league (tier 2)
2017/02/04,Challenge League,0,FC Wil 1900,1532,1526.0,0 - 0,FC Le Mont,1387,1393.0,0,0,Switzerland,domestic league (tier 2)
2017/02/18,Challenge League,0,FC Wil 1900,1526,1516.0,0 - 4,FC Zürich,1798,1808.0,0,4,Switzerland,domestic league (tier 2)
2017/03/06,Challenge League,0,FC Wil 1900,1493,1473.0,0 - 3,FC Aarau,1548,1568.0,0,3,Switzerland,domestic league (tier 2)
2017/03/18,Challenge League,0,FC Wil 1900,1466,1445.0,1 - 3,FC Chiasso,1421,1442.0,1,3,Switzerland,domestic league (tier 2)
2017/04/09,Challenge League,0,FC Wil 1900,1447,1423.0,1 - 4,FC Wohlen,1403,1427.0,1,4,Switzerland,domestic league (tier 2)
2017/04/15,Challenge League,0,FC Wil 1900,1423,1409.0,0 - 3,Servette FC (as Servette Genève),1603,1617.0,0,3,Switzerland,domestic league (tier 2)
2017/05/06,Challenge League,0,FC Wil 1900,1411,1400.0,0 - 4,Neuchâtel Xamax FCS,1665,1676.0,0,4,Switzerland,domestic league (tier 2)
2017/05/17,Challenge League,0,FC Wil 1900,1391,1380.0,0 - 1,FC Winterthur,1461,1472.0,0,1,Switzerland,domestic league (tier 2)
2017/06/03,Challenge League,0,FC Wil 1900,1401,1413.0,2 - 1,FC Schaffhausen,1560,1548.0,2,1,Switzerland,domestic league (tier 2)
2017/07/23,Challenge League,0,FC Wil 1900,1413,1406.0,0 - 1,FC Vaduz,1616,1623.0,0,1,Switzerland,domestic league (tier 2)
2017/08/05,Challenge League,0,FC Wil 1900,1411,1423.0,3 - 1,FC Wohlen,1439,1427.0,3,1,Switzerland,domestic league (tier 2)
2017/08/26,Challenge League,0,FC Wil 1900,1408,1389.0,0 - 2,FC Winterthur,1421,1440.0,0,2,Switzerland,domestic league (tier 2)
2017/09/11,Challenge League,0,FC Wil 1900,1389,1384.0,0 - 1,Neuchâtel Xamax FCS,1665,1670.0,0,1,Switzerland,domestic league (tier 2)
2017/09/25,Challenge League,0,FC Wil 1900,1381,1375.0,2 - 3,FC Schaffhausen,1613,1619.0,2,3,Switzerland,domestic league (tier 2)
2017/10/14,Challenge League,0,FC Wil 1900,1382,1367.0,1 - 3,FC Aarau,1477,1492.0,1,3,Switzerland,domestic league (tier 2)
2017/10/30,Challenge League,0,FC Wil 1900,1371,1376.0,0 - 0,Servette FC (as Servette Genève),1646,1641.0,0,0,Switzerland,domestic league (tier 2)
2017/11/04,Challenge League,0,FC Wil 1900,1376,1365.0,2 - 3,FC Chiasso,1455,1466.0,2,3,Switzerland,domestic league (tier 2)
2017/12/02,Challenge League,0,FC Wil 1900,1353,1363.0,1 - 0,FC Rapperswil-Jona,1446,1436.0,1,0,Switzerland,domestic league (tier 2)
2018/02/03,Challenge League,0,FC Wil 1900,1360,1358.0,1 - 1,FC Wohlen,1390,1392.0,1,1,Switzerland,domestic league (tier 2)
2018/02/16,Challenge League,0,FC Wil 1900,1373,1386.0,2 - 0,FC Winterthur,1418,1405.0,2,0,Switzerland,domestic league (tier 2)
2018/03/10,Challenge League,0,FC Wil 1900,1402,1405.0,1 - 1,FC Vaduz,1592,1589.0,1,1,Switzerland,domestic league (tier 2)
2018/03/16,Challenge League,0,FC Wil 1900,1405,1414.0,1 - 0,FC Aarau,1472,1463.0,1,0,Switzerland,domestic league (tier 2)
2018/04/09,Challenge League,0,FC Wil 1900,1421,1416.0,2 - 3,Neuchâtel Xamax FCS,1724,1729.0,2,3,Switzerland,domestic league (tier 2)
2018/04/19,Challenge League,0,FC Wil 1900,1421,1428.0,1 - 0,FC Chiasso,1422,1415.0,1,0,Switzerland,domestic league (tier 2)
2018/04/28,Challenge League,0,FC Wil 1900,1449,1439.0,0 - 1,FC Schaffhausen,1539,1549.0,0,1,Switzerland,domestic league (tier 2)
2018/05/05,Challenge League,0,FC Wil 1900,1439,1453.0,2 - 0,FC Rapperswil-Jona,1513,1499.0,2,0,Switzerland,domestic league (tier 2)
2018/05/18,Challenge League,0,FC Wil 1900,1463,1449.0,0 - 2,Servette FC (as Servette Genève),1588,1602.0,0,2,Switzerland,domestic league (tier 2)
2018/07/21,Challenge League,0,FC Wil 1900,1445,1454.0,2 - 0,FC Winterthur,1409,1400.0,2,0,Switzerland,domestic league (tier 2)
2018/08/03,Challenge League,0,FC Wil 1900,1447,1459.0,2 - 1,Servette FC (as Servette Genève),1603,1591.0,2,1,Switzerland,domestic league (tier 2)
2018/08/11,Challenge League,0,FC Wil 1900,1459,1469.0,2 - 0,FC Aarau,1437,1427.0,2,0,Switzerland,domestic league (tier 2)
2018/09/22,Challenge League,0,FC Wil 1900,1491,1499.0,2 - 1,FC Rapperswil-Jona,1524,1516.0,2,1,Switzerland,domestic league (tier 2)
2018/09/26,Challenge League,0,FC Wil 1900,1499,1498.0,0 - 0,FC Vaduz,1548,1549.0,0,0,Switzerland,domestic league (tier 2)
2018/10/21,Challenge League,0,FC Wil 1900,1496,1503.0,3 - 1,FC Chiasso,1394,1387.0,3,1,Switzerland,domestic league (tier 2)
2018/11/04,Challenge League,0,FC Wil 1900,1493,1487.0,1 - 1,SC Kriens,1377,1383.0,1,1,Switzerland,domestic league (tier 2)
2018/12/02,Challenge League,0,FC Wil 1900,1520,1507.0,1 - 2,FC Schaffhausen,1506,1519.0,1,2,Switzerland,domestic league (tier 2)
2018/12/16,Challenge League,0,FC Wil 1900,1509,1495.0,0 - 2,FC Lausanne-Sport,1621,1635.0,0,2,Switzerland,domestic league (tier 2)
2019/02/10,Challenge League,0,FC Wil 1900,1484,1482.0,1 - 1,FC Schaffhausen,1501,1503.0,1,1,Switzerland,domestic league (tier 2)
2019/02/22,Challenge League,0,FC Wil 1900,1488,1489.0,1 - 1,FC Lausanne-Sport,1639,1638.0,1,1,Switzerland,domestic league (tier 2)
2019/03/08,Challenge League,0,FC Wil 1900,1471,1479.0,1 - 0,FC Winterthur,1502,1494.0,1,0,Switzerland,domestic league (tier 2)
2019/03/30,Challenge League,0,FC Wil 1900,1464,1450.0,0 - 1,SC Kriens,1403,1417.0,0,1,Switzerland,domestic league (tier 2)
2019/04/06,Challenge League,0,FC Wil 1900,1454,1457.0,1 - 1,Servette FC (as Servette Genève),1674,1671.0,1,1,Switzerland,domestic league (tier 2)
2019/04/22,Challenge League,0,FC Wil 1900,1452,1433.0,0 - 4,FC Aarau,1539,1558.0,0,4,Switzerland,domestic league (tier 2)
2019/04/28,Challenge League,0,FC Wil 1900,1433,1430.0,1 - 1,FC Rapperswil-Jona,1436,1439.0,1,1,Switzerland,domestic league (tier 2)
2019/05/16,Challenge League,0,FC Wil 1900,1433,1431.0,1 - 1,FC Vaduz,1478,1480.0,1,1,Switzerland,domestic league (tier 2)
2019/05/26,Challenge League,0,FC Wil 1900,1420,1406.0,1 - 2,FC Chiasso,1384,1398.0,1,2,Switzerland,domestic league (tier 2)
2019/07/26,Challenge League,0,FC Wil 1900,1419,1412.0,0 - 1,Grasshopper Club Zürich,1613,1620.0,0,1,Switzerland,domestic league (tier 2)
2019/08/11,Challenge League,0,FC Wil 1900,1415,1424.0,2 - 0,Stade Lausanne-Ouchy,1365,1356.0,2,0,Switzerland,domestic league (tier 2)
2019/08/24,Challenge League,0,FC Wil 1900,1424,1433.0,2 - 0,SC Kriens,1388,1379.0,2,0,Switzerland,domestic league (tier 2)
2019/09/25,Challenge League,0,FC Wil 1900,1451,1465.0,4 - 1,FC Vaduz,1472,1458.0,4,1,Switzerland,domestic league (tier 2)
2019/09/29,Challenge League,0,FC Wil 1900,1465,1468.0,2 - 2,FC Lausanne-Sport,1675,1672.0,2,2,Switzerland,domestic league (tier 2)
2019/10/27,Challenge League,0,FC Wil 1900,1482,1497.0,3 - 0,FC Aarau,1537,1522.0,3,0,Switzerland,domestic league (tier 2)
2019/11/09,Challenge League,0,FC Wil 1900,1486,1458.0,1 - 4,FC Chiasso,1337,1365.0,1,4,Switzerland,domestic league (tier 2)
2019/11/30,Challenge League,0,FC Wil 1900,1453,1449.0,1 - 1,FC Schaffhausen,1396,1400.0,1,1,Switzerland,domestic league (tier 2)
2019/12/15,Challenge League,0,FC Wil 1900,1441,1458.0,4 - 0,FC Winterthur,1516,1499.0,4,0,Switzerland,domestic league (tier 2)
2020/02/01,Challenge League,0,FC Wil 1900,1453,1439.0,1 - 2,Stade Lausanne-Ouchy,1390,1404.0,1,2,Switzerland,domestic league (tier 2)
2020/02/15,Challenge League,0,FC Wil 1900,1428,1425.0,0 - 0,FC Schaffhausen,1421,1424.0,0,0,Switzerland,domestic league (tier 2)
2020/06/19,Challenge League,0,FC Wil 1900,1411,1416.0,1 - 1,FC Lausanne-Sport,1700,1695.0,1,1,Switzerland,domestic league (tier 2)
2020/06/26,Challenge League,0,FC Wil 1900,1407,1421.0,3 - 1,FC Winterthur,1476,1462.0,3,1,Switzerland,domestic league (tier 2)
2020/07/04,Challenge League,0,FC Wil 1900,1415,1428.0,2 - 0,SC Kriens,1469,1456.0,2,0,Switzerland,domestic league (tier 2)
2020/07/18,Challenge League,0,FC Wil 1900,1452,1443.0,1 - 2,FC Vaduz,1583,1592.0,1,2,Switzerland,domestic league (tier 2)
2020/07/24,Challenge League,0,FC Wil 1900,1447,1458.0,3 - 1,FC Aarau,1461,1450.0,3,1,Switzerland,domestic league (tier 2)
2020/07/27,Challenge League,0,FC Wil 1900,1458,1470.0,3 - 2,Grasshopper Club Zürich,1620,1608.0,3,2,Switzerland,domestic league (tier 2)
2020/07/30,Challenge League,0,FC Wil 1900,1470,1464.0,1 - 1,FC Chiasso,1310,1316.0,1,1,Switzerland,domestic league (tier 2)
2020/09/26,Challenge League,0,FC Wil 1900,1481,1501.0,3 - 1,FC Thun,1689,1669.0,3,1,Switzerland,domestic league (tier 2)
2020/10/16,Challenge League,0,FC Wil 1900,1492,1479.0,0 - 1,SC Kriens,1480,1493.0,0,1,Switzerland,domestic league (tier 2)
2020/10/24,Challenge League,0,FC Wil 1900,1474,1471.0,0 - 0,Stade Lausanne-Ouchy,1448,1451.0,0,0,Switzerland,domestic league (tier 2)
2020/11/03,Challenge League,0,FC Wil 1900,1469,1464.0,1 - 1,FC Schaffhausen,1396,1401.0,1,1,Switzerland,domestic league (tier 2)
2020/11/27,Challenge League,0,FC Wil 1900,1458,1459.0,1 - 1,Grasshopper Club Zürich,1600,1599.0,1,1,Switzerland,domestic league (tier 2)
2020/12/08,Challenge League,0,FC Wil 1900,1459,1469.0,1 - 0,FC Winterthur,1566,1556.0,1,0,Switzerland,domestic league (tier 2)
2020/12/11,Challenge League,0,FC Wil 1900,1469,1440.0,0 - 3,FC Chiasso,1312,1341.0,0,3,Switzerland,domestic league (tier 2)
2021/01/23,Challenge League,0,FC Wil 1900,1423,1439.0,3 - 1,FC Aarau,1538,1522.0,3,1,Switzerland,domestic league (tier 2)
2021/02/02,Challenge League,0,FC Wil 1900,1452,1460.0,1 - 0,Neuchâtel Xamax FCS,1482,1474.0,1,0,Switzerland,domestic league (tier 2)
2021/02/12,Challenge League,0,FC Wil 1900,1463,1475.0,2 - 0,Stade Lausanne-Ouchy,1484,1472.0,2,0,Switzerland,domestic league (tier 2)
2021/02/19,Challenge League,0,FC Wil 1900,1475,1477.0,1 - 1,Grasshopper Club Zürich,1632,1630.0,1,1,Switzerland,domestic league (tier 2)
2021/03/02,Challenge League,0,FC Wil 1900,1465,1464.0,1 - 1,FC Winterthur,1547,1548.0,1,1,Switzerland,domestic league (tier 2)
2021/03/05,Challenge League,0,FC Wil 1900,1464,1471.0,1 - 0,Neuchâtel Xamax FCS,1471,1464.0,1,0,Switzerland,domestic league (tier 2)
2021/03/20,Challenge League,0,FC Wil 1900,1461,1440.0,0 - 2,SC Kriens,1418,1439.0,0,2,Switzerland,domestic league (tier 2)
2021/04/20,Challenge League,0,FC Wil 1900,1427,1452.0,7 - 0,FC Aarau,1563,1538.0,7,0,Switzerland,domestic league (tier 2)
2021/05/01,Challenge League,0,FC Wil 1900,1455,1443.0,2 - 3,FC Schaffhausen,1480,1492.0,2,3,Switzerland,domestic league (tier 2)
2021/05/11,Challenge League,0,FC Wil 1900,1447,1452.0,3 - 2,FC Chiasso,1378,1373.0,3,2,Switzerland,domestic league (tier 2)
2021/05/20,Challenge League,0,FC Wil 1900,1442,1434.0,1 - 2,FC Thun,1603,1611.0,1,2,Switzerland,domestic league (tier 2)
2022/07/17,Challenge League,0,FC Wil 1900,1420,1433.0,2 - 0,Neuchâtel Xamax FCS,1478,1465.0,2,0,Switzerland,domestic league (tier 2)
2022/07/31,Challenge League,0,FC Wil 1900,1427,1444.0,2 - 0,FC Vaduz,1578,1561.0,2,0,Switzerland,domestic league (tier 2)
2022/08/26,Challenge League,0,FC Wil 1900,1479,1473.0,1 - 1,FC Thun Berner Oberland,1320,1326.0,1,1,Switzerland,domestic league (tier 2)
2022/09/11,Challenge League,0,FC Wil 1900,1469,1487.0,5 - 1,AC Bellinzona,1556,1538.0,5,1,Switzerland,domestic league (tier 2)
2022/10/08,Challenge League,0,FC Wil 1900,1479,1490.0,4 - 0,Yverdon Sport FC,1433,1422.0,4,0,Switzerland,domestic league (tier 2)
2022/10/18,Challenge League,0,FC Wil 1900,1477,1488.0,1 - 0,FC Lausanne-Sport,1627,1616.0,1,0,Switzerland,domestic league (tier 2)
2022/10/28,Challenge League,0,FC Wil 1900,1493,1502.0,4 - 3,FC Schaffhausen,1542,1533.0,4,3,Switzerland,domestic league (tier 2)
2022/11/09,Switzerland Cup,0,FC Wil 1900,1515,1508.0,1 - 2,FC Sion,1719,1726.0,1,2,Switzerland,domestic cup
2022/11/13,Challenge League,0,FC Wil 1900,1508,1525.0,6 - 1,FC Aarau,1554,1537.0,6,1,Switzerland,domestic league (tier 2)
2022/11/26,Challenge League,0,FC Wil 1900,1525,1523.0,0 - 0,Stade Lausanne-Ouchy,1548,1550.0,0,0,Switzerland,domestic league (tier 2)
2023/02/05,Challenge League,0,FC Wil 1900,1526,1536.0,3 - 0,AC Bellinzona,1468,1458.0,3,0,Switzerland,domestic league (tier 2)
2023/02/17,Challenge League,0,FC Wil 1900,1548,1552.0,3 - 2,Neuchâtel Xamax FCS,1407,1403.0,3,2,Switzerland,domestic league (tier 2)
2023/02/24,Challenge League,0,FC Wil 1900,1552,1541.0,1 - 2,FC Lausanne-Sport,1605,1616.0,1,2,Switzerland,domestic league (tier 2)
2023/03/17,Challenge League,0,FC Wil 1900,1544,1521.0,0 - 3,FC Aarau,1524,1547.0,0,3,Switzerland,domestic league (tier 2)
2023/04/08,Challenge League,0,FC Wil 1900,1508,1495.0,1 - 2,FC Thun Berner Oberland,1497,1510.0,1,2,Switzerland,domestic league (tier 2)
2023/04/21,Challenge League,0,FC Wil 1900,1505,1517.0,3 - 1,FC Schaffhausen,1531,1519.0,3,1,Switzerland,domestic league (tier 2)
2023/04/28,Challenge League,0,FC Wil 1900,1517,1504.0,1 - 2,Stade Lausanne-Ouchy,1491,1504.0,1,2,Switzerland,domestic league (tier 2)
2023/05/20,Challenge League,0,FC Wil 1900,1498,1509.0,2 - 0,FC Vaduz,1507,1496.0,2,0,Switzerland,domestic league (tier 2)
2023/05/27,Challenge League,0,FC Wil 1900,1501,1483.0,0 - 2,Yverdon Sport FC,1534,1552.0,0,2,Switzerland,domestic league (tier 2)
2023/07/30,Challenge League,0,FC Wil 1900,1499,1506.0,3 - 2,FC Vaduz,1495,1488.0,3,2,Switzerland,domestic league (tier 2)
2023/08/11,Challenge League,0,FC Wil 1900,1524,1524.0,0 - 0,FC Sion,1609,1609.0,0,0,Switzerland,domestic league (tier 2)
2023/09/15,Switzerland Cup,0,FC Wil 1900,1519,1518.0,1 - 1,Stade Lausanne-Ouchy,1578,1579.0,1,1,Switzerland,domestic cup
2023/09/22,Challenge League,0,FC Wil 1900,1518,1526.0,2 - 0,Neuchâtel Xamax FCS,1432,1424.0,2,0,Switzerland,domestic league (tier 2)
2023/09/29,Challenge League,0,FC Wil 1900,1511,1493.0,0 - 2,FC Aarau,1530,1548.0,0,2,Switzerland,domestic league (tier 2)
2023/10/20,Challenge League,0,FC Wil 1900,1486,1465.0,0 - 3,FC Thun Berner Oberland,1511,1532.0,0,3,Switzerland,domestic league (tier 2)
2023/10/27,Challenge League,0,FC Wil 1900,1465,1447.0,0 - 1,FC Baden,1221,1239.0,0,1,Switzerland,domestic league (tier 2)
2023/11/10,Challenge League,0,FC Wil 1900,1448,1444.0,0 - 0,AC Bellinzona,1395,1399.0,0,0,Switzerland,domestic league (tier 2)
2023/12/15,Challenge League,0,FC Wil 1900,1453,1460.0,3 - 2,FC Stade Nyonnais,1455,1448.0,3,2,Switzerland,domestic league (tier 2)
2024/01/26,Challenge League,0,FC Wil 1900,1460,1446.0,1 - 4,FC Sion,1634,1648.0,1,4,Switzerland,domestic league (tier 2)
2024/01/30,Challenge League,0,FC Wil 1900,1446,1456.0,2 - 0,FC Schaffhausen,1434,1424.0,2,0,Switzerland,domestic league (tier 2)
2024/02/10,Challenge League,0,FC Wil 1900,1448,1456.0,1 - 0,FC Vaduz,1462,1454.0,1,0,Switzerland,domestic league (tier 2)
2024/02/23,Challenge League,0,FC Wil 1900,1458,1457.0,1 - 1,FC Aarau,1514,1515.0,1,1,Switzerland,domestic league (tier 2)
2024/03/17,Challenge League,0,FC Wil 1900,1453,1449.0,0 - 0,Neuchâtel Xamax FCS,1426,1430.0,0,0,Switzerland,domestic league (tier 2)
2024/04/06,Challenge League,0,FC Wil 1900,1435,1446.0,4 - 1,AC Bellinzona,1397,1386.0,4,1,Switzerland,domestic league (tier 2)
2024/04/14,Challenge League,0,FC Wil 1900,1446,1443.0,0 - 0,FC Stade Nyonnais,1426,1429.0,0,0,Switzerland,domestic league (tier 2)
2024/04/27,Challenge League,0,FC Wil 1900,1436,1423.0,0 - 1,FC Schaffhausen,1438,1451.0,0,1,Switzerland,domestic league (tier 2)
2024/05/09,Challenge League,0,FC Wil 1900,1418,1422.0,3 - 1,FC Baden,1202,1198.0,3,1,Switzerland,domestic league (tier 2)
2024/05/20,Challenge League,0,FC Wil 1900,1448,1432.0,0 - 3,FC Thun Berner Oberland,1576,1592.0,0,3,Switzerland,domestic league (tier 2)
2024/07/26,Challenge League,0,FC Wil 1900,1424,1421.0,2 - 2,FC Aarau,1415,1418.0,2,2,Switzerland,domestic league (tier 2)
2024/08/10,Challenge League,0,FC Wil 1900,1415,1391.0,0 - 3,FC Stade Nyonnais,1386,1410.0,0,3,Switzerland,domestic league (tier 2)
2024/08/23,Challenge League,0,FC Wil 1900,1391,1408.0,4 - 0,Neuchâtel Xamax FCS,1465,1448.0,4,0,Switzerland,domestic league (tier 2)
2024/09/14,Switzerland Cup,0,FC Wil 1900,1396,1400.0,2 - 2,FC Winterthur,1646,1642.0,2,2,Switzerland,domestic cup
2024/09/23,Challenge League,0,FC Wil 1900,1406,1408.0,0 - 0,FC Thun Berner Oberland,1577,1575.0,0,0,Switzerland,domestic league (tier 2)
2024/10/05,Challenge League,0,FC Wil 1900,1429,1429.0,2 - 2,Stade Lausanne-Ouchy,1517,1517.0,2,2,Switzerland,domestic league (tier 2)
2024/10/27,Challenge League,0,FC Wil 1900,1414,1413.0,0 - 0,FC Vaduz,1469,1470.0,0,0,Switzerland,domestic league (tier 2)
2024/11/10,Challenge League,0,FC Wil 1900,1438,1434.0,2 - 2,FC Schaffhausen,1411,1415.0,2,2,Switzerland,domestic league (tier 2)
2024/11/30,Challenge League,0,FC Wil 1900,1438,1445.0,2 - 1,Etoile Carouge FC,1434,1427.0,2,1,Switzerland,domestic league (tier 2)
2024/12/14,Challenge League,0,FC Wil 1900,1469,1448.0,0 - 2,AC Bellinzona,1418,1439.0,0,2,Switzerland,domestic league (tier 2)
2025/01/31,Challenge League,0,FC Wil 1900,1451,1460.0,2 - 0,Neuchâtel Xamax FCS,1411,1402.0,2,0,Switzerland,domestic league (tier 2)
2025/02/15,Challenge League,0,FC Wil 1900,1453,1458.0,2 - 1,FC Stade Nyonnais,1345,1340.0,2,1,Switzerland,domestic league (tier 2)
2025/02/23,Challenge League,0,FC Wil 1900,1458,1449.0,2 - 3,FC Thun Berner Oberland,1578,1587.0,2,3,Switzerland,domestic league (tier 2)
2025/03/16,Challenge League,0,FC Wil 1900,1465,1465.0,2 - 2,FC Aarau,1559,1559.0,2,2,Switzerland,domestic league (tier 2)
2025/04/01,Challenge League,0,FC Wil 1900,1480,1457.0,0 - 3,FC Vaduz,1464,1487.0,0,3,Switzerland,domestic league (tier 2)
2025/04/13,Challenge League,0,FC Wil 1900,1472,1470.0,2 - 2,Etoile Carouge FC,1485,1487.0,2,2,Switzerland,domestic league (tier 2)
2025/04/27,Challenge League,0,FC Wil 1900,1460,1456.0,2 - 2,AC Bellinzona,1399,1403.0,2,2,Switzerland,domestic league (tier 2)
2025/05/04,Challenge League,0,FC Wil 1900,1456,1463.0,3 - 1,FC Schaffhausen,1358,1351.0,3,1,Switzerland,domestic league (tier 2)
2025/05/16,Challenge League,0,FC Wil 1900,1485,1466.0,0 - 2,Stade Lausanne-Ouchy,1501,1520.0,0,2,Switzerland,domestic league (tier 2)
2025/08/01,Challenge League,0,FC Wil 1900,1481,1464.0,1 - 3,FC Aarau,1525,1542.0,1,3,Switzerland,domestic league (tier 2)
2025/08/08,Challenge League,0,FC Wil 1900,1464,1470.0,1 - 0,Etoile Carouge FC,1426,1420.0,1,0,Switzerland,domestic league (tier 2)
2025/08/26,Challenge League,0,FC Wil 1900,1469,1447.0,1 - 3,FC Rapperswil-Jona,1390,1412.0,1,3,Switzerland,domestic league (tier 2)
2025/09/20,Switzerland Cup,0,FC Wil 1900,1429,1435.0,1 - 1,FC St. Gallen,1756,1750.0,1,1,Switzerland,domestic cup
2025/09/27,Challenge League,0,FC Wil 1900,1435,1431.0,0 - 0,AC Bellinzona,1395,1399.0,0,0,Switzerland,domestic league (tier 2)
2025/10/19,Challenge League,0,FC Wil 1900,1422,1406.0,0 - 2,FC Vaduz,1510,1526.0,0,2,Switzerland,domestic league (tier 2)
2025/11/02,Challenge League,0,FC Wil 1900,1402,1411.0,2 - 1,Neuchâtel Xamax FCS,1454,1445.0,2,1,Switzerland,domestic league (tier 2)
2025/11/21,Challenge League,0,FC Wil 1900,1423,1412.0,2 - 4,Yverdon Sport FC,1620,1631.0,2,4,Switzerland,domestic league (tier 2)
2025/11/29,Challenge League,0,FC Wil 1900,1412,1413.0,0 - 0,Stade Lausanne-Ouchy,1531,1530.0,0,0,Switzerland,domestic league (tier 2)
2025/12/14,Challenge League,0,FC Wil 1900,1415,1421.0,1 - 0,FC Stade Nyonnais,1370,1364.0,1,0,Switzerland,domestic league (tier 2)
2026/02/01,Challenge League,0,FC Wil 1900,1433,1428.0,0 - 0,FC Stade Nyonnais,1361,1366.0,0,0,Switzerland,domestic league (tier 2)
2026/02/13,Challenge League,0,FC Wil 1900,1435,1414.0,0 - 2,FC Rapperswil-Jona,1400,1421.0,0,2,Switzerland,domestic league (tier 2)
2026/02/22,Challenge League,0,FC Wil 1900,1414,1425.0,1 - 0,Stade Lausanne-Ouchy,1559,1548.0,1,0,Switzerland,domestic league (tier 2)
2026/03/07,Challenge League,0,FC Wil 1900,1428,1423.0,3 - 3,AC Bellinzona,1344,1349.0,3,3,Switzerland,domestic league (tier 2)
2026/03/22,Challenge League,0,FC Wil 1900,1430,1410.0,1 - 3,Etoile Carouge FC,1408,1428.0,1,3,Switzerland,domestic league (tier 2)
2026/04/07,Challenge League,0,FC Wil 1900,1434,1446.0,5 - 2,Neuchâtel Xamax FCS,1422,1410.0,5,2,Switzerland,domestic league (tier 2)
2026/04/25,Challenge League,0,FC Wil 1900,1424,1426.0,2 - 2,FC Aarau,1598,1596.0,2,2,Switzerland,domestic league (tier 2)
2026/05/08,Challenge League,0,FC Wil 1900,1436,1428.0,0 - 1,Yverdon Sport FC,1595,1603.0,0,1,Switzerland,domestic league (tier 2)
2026/05/15,Challenge League,0,FC Wil 1900,1443,1431.0,1 - 3,FC Vaduz,1602,1614.0,1,3,Switzerland,domestic league (tier 2)
2026/07/31,Challenge League,0,FC Wil 1900,1444,1431.0,1 - 2,Neuchâtel Xamax FCS,1446,1459.0,1,2,Switzerland,domestic league (tier 2)
2026/08/22,Challenge League,0,FC Wil 1900,1420,1395.0,0 - 2,SC Kriens,1259,1284.0,0,2,Switzerland,domestic league (tier 2)
2026/08/31,Challenge League,0,FC Wil 1900,1402,1404.0,2 - 2,FC Aarau,1584,1582.0,2,2,Switzerland,domestic league (tier 2)
2016/07/30,Challenge League,0,FC Winterthur,1460,1451.0,1 - 2,FC Aarau,1579,1588.0,1,2,Switzerland,domestic league (tier 2)
2016/08/10,Challenge League,0,FC Winterthur,1463,1455.0,0 - 1,Neuchâtel Xamax FCS,1619,1627.0,0,1,Switzerland,domestic league (tier 2)
2016/08/21,Challenge League,0,FC Winterthur,1470,1476.0,1 - 0,FC Wohlen,1428,1422.0,1,0,Switzerland,domestic league (tier 2)
2016/09/12,Challenge League,0,FC Winterthur,1476,1491.0,3 - 0,FC Wil 1900,1528,1513.0,3,0,Switzerland,domestic league (tier 2)
2016/09/26,Challenge League,0,FC Winterthur,1494,1501.0,3 - 2,Servette FC (as Servette Genève),1505,1498.0,3,2,Switzerland,domestic league (tier 2)
2016/10/15,Challenge League,0,FC Winterthur,1493,1488.0,1 - 1,FC Chiasso,1396,1401.0,1,1,Switzerland,domestic league (tier 2)
2016/11/05,Challenge League,0,FC Winterthur,1489,1484.0,0 - 0,FC Le Mont,1396,1401.0,0,0,Switzerland,domestic league (tier 2)
2016/11/27,Challenge League,0,FC Winterthur,1475,1461.0,0 - 1,FC Schaffhausen,1419,1433.0,0,1,Switzerland,domestic league (tier 2)
2016/12/12,Challenge League,0,FC Winterthur,1466,1460.0,0 - 2,FC Zürich,1814,1820.0,0,2,Switzerland,domestic league (tier 2)
2017/02/11,Challenge League,0,FC Winterthur,1445,1428.0,1 - 4,Servette FC (as Servette Genève),1551,1568.0,1,4,Switzerland,domestic league (tier 2)
2017/02/20,Challenge League,0,FC Winterthur,1428,1435.0,2 - 1,FC Wohlen,1435,1428.0,2,1,Switzerland,domestic league (tier 2)
2017/03/12,Challenge League,0,FC Winterthur,1428,1421.0,0 - 1,Neuchâtel Xamax FCS,1628,1635.0,0,1,Switzerland,domestic league (tier 2)
2017/04/01,Challenge League,0,FC Winterthur,1430,1428.0,1 - 1,FC Wil 1900,1445,1447.0,1,1,Switzerland,domestic league (tier 2)
2017/04/15,Challenge League,0,FC Winterthur,1442,1453.0,4 - 1,FC Le Mont,1397,1386.0,4,1,Switzerland,domestic league (tier 2)
2017/04/29,Challenge League,0,FC Winterthur,1469,1477.0,3 - 2,FC Aarau,1503,1495.0,3,2,Switzerland,domestic league (tier 2)
2017/05/13,Challenge League,0,FC Winterthur,1469,1461.0,0 - 3,FC Zürich,1789,1797.0,0,3,Switzerland,domestic league (tier 2)
2017/05/21,Challenge League,0,FC Winterthur,1472,1456.0,1 - 3,FC Schaffhausen,1558,1574.0,1,3,Switzerland,domestic league (tier 2)
2017/06/03,Challenge League,0,FC Winterthur,1451,1461.0,3 - 1,FC Chiasso,1440,1430.0,3,1,Switzerland,domestic league (tier 2)
2017/07/22,Challenge League,0,FC Winterthur,1461,1441.0,1 - 3,FC Wohlen,1437,1457.0,1,3,Switzerland,domestic league (tier 2)
2017/08/07,Challenge League,0,FC Winterthur,1427,1426.0,1 - 1,FC Aarau,1491,1492.0,1,1,Switzerland,domestic league (tier 2)
2017/08/21,Challenge League,0,FC Winterthur,1433,1421.0,0 - 2,Servette FC (as Servette Genève),1610,1622.0,0,2,Switzerland,domestic league (tier 2)
2017/09/09,Challenge League,0,FC Winterthur,1440,1437.0,1 - 1,FC Chiasso,1449,1452.0,1,1,Switzerland,domestic league (tier 2)
2017/09/24,Challenge League,0,FC Winterthur,1415,1409.0,0 - 1,Neuchâtel Xamax FCS,1676,1682.0,0,1,Switzerland,domestic league (tier 2)
2017/10/16,Challenge League,0,FC Winterthur,1402,1389.0,0 - 1,FC Rapperswil-Jona,1404,1417.0,0,1,Switzerland,domestic league (tier 2)
2017/10/29,Challenge League,0,FC Winterthur,1394,1386.0,0 - 1,FC Vaduz,1554,1562.0,0,1,Switzerland,domestic league (tier 2)
2017/11/18,Challenge League,0,FC Winterthur,1394,1404.0,2 - 0,FC Wil 1900,1365,1355.0,2,0,Switzerland,domestic league (tier 2)
2017/12/03,Challenge League,0,FC Winterthur,1409,1400.0,0 - 1,FC Schaffhausen,1559,1568.0,0,1,Switzerland,domestic league (tier 2)
2018/02/04,Challenge League,0,FC Winterthur,1398,1396.0,1 - 1,FC Rapperswil-Jona,1436,1438.0,1,1,Switzerland,domestic league (tier 2)
2018/03/05,Challenge League,0,FC Winterthur,1405,1410.0,4 - 4,Neuchâtel Xamax FCS,1717,1712.0,4,4,Switzerland,domestic league (tier 2)
2018/03/14,Challenge League,0,FC Winterthur,1403,1415.0,1 - 0,FC Vaduz,1589,1577.0,1,0,Switzerland,domestic league (tier 2)
2018/03/19,Challenge League,0,FC Winterthur,1415,1418.0,1 - 1,Servette FC (as Servette Genève),1631,1628.0,1,1,Switzerland,domestic league (tier 2)
2018/04/06,Challenge League,0,FC Winterthur,1412,1402.0,1 - 2,FC Schaffhausen,1518,1528.0,1,2,Switzerland,domestic league (tier 2)
2018/04/19,Challenge League,0,FC Winterthur,1395,1403.0,2 - 0,FC Wohlen,1324,1316.0,2,0,Switzerland,domestic league (tier 2)
2018/04/22,Challenge League,0,FC Winterthur,1403,1382.0,0 - 3,FC Wil 1900,1428,1449.0,0,3,Switzerland,domestic league (tier 2)
2018/05/09,Challenge League,0,FC Winterthur,1398,1406.0,2 - 1,FC Chiasso,1413,1405.0,2,1,Switzerland,domestic league (tier 2)
2018/05/18,Challenge League,0,FC Winterthur,1401,1415.0,2 - 0,FC Aarau,1487,1473.0,2,0,Switzerland,domestic league (tier 2)
2018/07/27,Challenge League,0,FC Winterthur,1400,1414.0,3 - 1,FC Aarau,1476,1462.0,3,1,Switzerland,domestic league (tier 2)
2018/08/11,Challenge League,0,FC Winterthur,1444,1438.0,1 - 1,SC Kriens,1321,1327.0,1,1,Switzerland,domestic league (tier 2)
2018/09/01,Challenge League,0,FC Winterthur,1432,1433.0,1 - 1,FC Schaffhausen,1554,1553.0,1,1,Switzerland,domestic league (tier 2)
2018/09/26,Challenge League,0,FC Winterthur,1465,1477.0,2 - 1,FC Lausanne-Sport,1653,1641.0,2,1,Switzerland,domestic league (tier 2)
2018/09/29,Challenge League,0,FC Winterthur,1477,1462.0,0 - 1,FC Chiasso,1375,1390.0,0,1,Switzerland,domestic league (tier 2)
2018/10/19,Challenge League,0,FC Winterthur,1474,1483.0,2 - 1,FC Vaduz,1550,1541.0,2,1,Switzerland,domestic league (tier 2)
2018/11/04,Challenge League,0,FC Winterthur,1485,1492.0,3 - 2,FC Rapperswil-Jona,1473,1466.0,3,2,Switzerland,domestic league (tier 2)
2018/11/09,Challenge League,0,FC Winterthur,1492,1478.0,1 - 3,Servette FC (as Servette Genève),1605,1619.0,1,3,Switzerland,domestic league (tier 2)
2018/12/09,Challenge League,0,FC Winterthur,1482,1480.0,0 - 0,FC Wil 1900,1507,1509.0,0,0,Switzerland,domestic league (tier 2)
2019/02/15,Challenge League,0,FC Winterthur,1479,1493.0,3 - 0,FC Vaduz,1505,1491.0,3,0,Switzerland,domestic league (tier 2)
2019/02/20,Challenge League,0,FC Winterthur,1493,1501.0,2 - 0,FC Rapperswil-Jona,1405,1397.0,2,0,Switzerland,domestic league (tier 2)
2019/03/03,Challenge League,0,FC Winterthur,1501,1502.0,1 - 1,FC Lausanne-Sport,1638,1637.0,1,1,Switzerland,domestic league (tier 2)
2019/03/17,Challenge League,0,FC Winterthur,1494,1482.0,0 - 1,FC Aarau,1515,1527.0,0,1,Switzerland,domestic league (tier 2)
2019/04/05,Challenge League,0,FC Winterthur,1494,1489.0,0 - 0,SC Kriens,1417,1422.0,0,0,Switzerland,domestic league (tier 2)
2019/04/20,Challenge League,0,FC Winterthur,1493,1485.0,2 - 3,Servette FC (as Servette Genève),1673,1681.0,2,3,Switzerland,domestic league (tier 2)
2019/05/04,Challenge League,0,FC Winterthur,1479,1488.0,2 - 0,FC Wil 1900,1430,1421.0,2,0,Switzerland,domestic league (tier 2)
2019/05/16,Challenge League,0,FC Winterthur,1480,1488.0,2 - 0,FC Chiasso,1399,1391.0,2,0,Switzerland,domestic league (tier 2)
2019/05/26,Challenge League,0,FC Winterthur,1508,1514.0,3 - 2,FC Schaffhausen,1444,1438.0,3,2,Switzerland,domestic league (tier 2)
2019/07/20,Challenge League,0,FC Winterthur,1514,1514.0,1 - 1,FC Aarau,1608,1608.0,1,1,Switzerland,domestic league (tier 2)
2019/08/03,Challenge League,0,FC Winterthur,1523,1502.0,0 - 6,FC Lausanne-Sport,1634,1655.0,0,6,Switzerland,domestic league (tier 2)
2019/09/21,Challenge League,0,FC Winterthur,1537,1510.0,0 - 3,FC Wil 1900,1424,1451.0,0,3,Switzerland,domestic league (tier 2)
2019/09/27,Challenge League,0,FC Winterthur,1523,1530.0,3 - 1,FC Schaffhausen,1408,1401.0,3,1,Switzerland,domestic league (tier 2)
2019/10/19,Challenge League,0,FC Winterthur,1536,1542.0,1 - 0,FC Vaduz,1482,1476.0,1,0,Switzerland,domestic league (tier 2)
2019/10/26,Challenge League,0,FC Winterthur,1542,1545.0,2 - 1,FC Chiasso,1323,1320.0,2,1,Switzerland,domestic league (tier 2)
2019/11/08,Challenge League,0,FC Winterthur,1555,1554.0,1 - 1,Grasshopper Club Zürich,1616,1617.0,1,1,Switzerland,domestic league (tier 2)
2019/11/24,Challenge League,0,FC Winterthur,1554,1529.0,0 - 2,SC Kriens,1392,1417.0,0,2,Switzerland,domestic league (tier 2)
2019/12/08,Challenge League,0,FC Winterthur,1532,1516.0,1 - 2,Stade Lausanne-Ouchy,1377,1393.0,1,2,Switzerland,domestic league (tier 2)
2020/02/02,Challenge League,0,FC Winterthur,1500,1504.0,3 - 2,FC Chiasso,1362,1358.0,3,2,Switzerland,domestic league (tier 2)
2020/02/16,Challenge League,0,FC Winterthur,1494,1500.0,1 - 0,Stade Lausanne-Ouchy,1426,1420.0,1,0,Switzerland,domestic league (tier 2)
2020/02/21,Challenge League,0,FC Winterthur,1500,1486.0,0 - 4,FC Lausanne-Sport,1691,1705.0,0,4,Switzerland,domestic league (tier 2)
2020/06/23,Challenge League,0,FC Winterthur,1476,1476.0,1 - 1,Grasshopper Club Zürich,1583,1583.0,1,1,Switzerland,domestic league (tier 2)
2020/06/30,Challenge League,0,FC Winterthur,1462,1477.0,5 - 2,FC Aarau,1516,1501.0,5,2,Switzerland,domestic league (tier 2)
2020/07/07,Challenge League,0,FC Winterthur,1479,1461.0,1 - 4,FC Vaduz,1563,1581.0,1,4,Switzerland,domestic league (tier 2)
2020/07/14,Challenge League,0,FC Winterthur,1475,1480.0,1 - 0,FC Schaffhausen,1397,1392.0,1,0,Switzerland,domestic league (tier 2)
2020/07/21,Challenge League,0,FC Winterthur,1492,1488.0,2 - 2,FC Wil 1900,1443,1447.0,2,2,Switzerland,domestic league (tier 2)
2020/07/30,Challenge League,0,FC Winterthur,1505,1516.0,4 - 0,SC Kriens,1461,1450.0,4,0,Switzerland,domestic league (tier 2)
2020/09/25,Challenge League,0,FC Winterthur,1540,1549.0,5 - 2,FC Aarau,1446,1437.0,5,2,Switzerland,domestic league (tier 2)
2020/10/16,Challenge League,0,FC Winterthur,1566,1559.0,2 - 2,FC Schaffhausen,1387,1394.0,2,2,Switzerland,domestic league (tier 2)
2020/11/20,Challenge League,0,FC Winterthur,1574,1569.0,1 - 1,SC Kriens,1481,1486.0,1,1,Switzerland,domestic league (tier 2)
2020/11/24,Challenge League,0,FC Winterthur,1569,1573.0,2 - 1,Stade Lausanne-Ouchy,1438,1434.0,2,1,Switzerland,domestic league (tier 2)
2020/12/02,Challenge League,0,FC Winterthur,1557,1561.0,2 - 0,FC Chiasso,1328,1324.0,2,0,Switzerland,domestic league (tier 2)
2020/12/11,Challenge League,0,FC Winterthur,1556,1567.0,4 - 0,Neuchâtel Xamax FCS,1501,1490.0,4,0,Switzerland,domestic league (tier 2)
2020/12/18,Challenge League,0,FC Winterthur,1567,1571.0,3 - 2,FC Wil 1900,1433,1429.0,3,2,Switzerland,domestic league (tier 2)
2021/02/09,Challenge League,0,FC Winterthur,1541,1530.0,2 - 3,Grasshopper Club Zürich,1594,1605.0,2,3,Switzerland,domestic league (tier 2)
2021/02/23,Challenge League,0,FC Winterthur,1550,1544.0,0 - 0,SC Kriens,1432,1438.0,0,0,Switzerland,domestic league (tier 2)
2021/03/12,Challenge League,0,FC Winterthur,1563,1551.0,2 - 3,FC Thun,1604,1616.0,2,3,Switzerland,domestic league (tier 2)
2021/04/03,Challenge League,0,FC Winterthur,1552,1535.0,0 - 1,FC Chiasso,1344,1361.0,0,1,Switzerland,domestic league (tier 2)
2021/04/10,Challenge League,0,FC Winterthur,1522,1527.0,1 - 0,FC Wil 1900,1435,1430.0,1,0,Switzerland,domestic league (tier 2)
2021/04/16,Challenge League,0,FC Winterthur,1527,1524.0,1 - 1,Stade Lausanne-Ouchy,1515,1518.0,1,1,Switzerland,domestic league (tier 2)
2021/04/19,Challenge League,0,FC Winterthur,1524,1514.0,1 - 2,FC Thun,1620,1630.0,1,2,Switzerland,domestic league (tier 2)
2021/04/23,Challenge League,0,FC Winterthur,1514,1512.0,3 - 3,FC Aarau,1538,1540.0,3,3,Switzerland,domestic league (tier 2)
2021/04/30,Challenge League,0,FC Winterthur,1512,1498.0,0 - 1,Neuchâtel Xamax FCS,1460,1474.0,0,1,Switzerland,domestic league (tier 2)
2021/05/10,Challenge League,0,FC Winterthur,1487,1497.0,2 - 1,Grasshopper Club Zürich,1598,1588.0,2,1,Switzerland,domestic league (tier 2)
2021/05/20,Challenge League,0,FC Winterthur,1482,1469.0,1 - 2,FC Schaffhausen,1491,1504.0,1,2,Switzerland,domestic league (tier 2)
2022/07/16,Super League,0,FC Winterthur,1595,1599.0,1 - 1,FC Basel,1861,1857.0,1,1,Switzerland,domestic league (tier 1)
2022/07/31,Super League,0,FC Winterthur,1594,1580.0,1 - 4,FC Lugano,1761,1775.0,1,4,Switzerland,domestic league (tier 1)
2022/08/14,Super League,0,FC Winterthur,1576,1580.0,1 - 1,FC Zürich,1814,1810.0,1,1,Switzerland,domestic league (tier 1)
2022/08/28,Super League,0,FC Winterthur,1580,1574.0,1 - 5,BSC Young Boys,1955,1961.0,1,5,Switzerland,domestic league (tier 1)
2022/09/10,Super League,0,FC Winterthur,1566,1551.0,0 - 6,FC Luzern,1766,1781.0,0,6,Switzerland,domestic league (tier 1)
2022/10/15,Super League,0,FC Winterthur,1587,1597.0,1 - 0,Grasshopper Club Zürich,1693,1683.0,1,0,Switzerland,domestic league (tier 1)
2022/10/18,Super League,0,FC Winterthur,1597,1608.0,1 - 0,FC Sion,1729,1718.0,1,0,Switzerland,domestic league (tier 1)
2022/10/30,Super League,0,FC Winterthur,1604,1617.0,1 - 0,FC St. Gallen,1802,1789.0,1,0,Switzerland,domestic league (tier 1)
2023/02/05,Super League,0,FC Winterthur,1612,1624.0,1 - 0,FC Lugano,1786,1774.0,1,0,Switzerland,domestic league (tier 1)
2023/02/15,Super League,0,FC Winterthur,1630,1621.0,1 - 2,Servette FC,1754,1763.0,1,2,Switzerland,domestic league (tier 1)
2023/02/18,Super League,0,FC Winterthur,1621,1620.0,1 - 1,FC Sion,1681,1682.0,1,1,Switzerland,domestic league (tier 1)
2023/03/04,Super League,0,FC Winterthur,1626,1632.0,1 - 1,BSC Young Boys,1988,1982.0,1,1,Switzerland,domestic league (tier 1)
2023/03/19,Super League,0,FC Winterthur,1626,1638.0,1 - 0,FC St. Gallen,1808,1796.0,1,0,Switzerland,domestic league (tier 1)
2023/04/10,Super League,0,FC Winterthur,1633,1624.0,1 - 2,FC Luzern,1760,1769.0,1,2,Switzerland,domestic league (tier 1)
2023/04/22,Super League,0,FC Winterthur,1641,1629.0,1 - 2,Grasshopper Club Zürich,1675,1687.0,1,2,Switzerland,domestic league (tier 1)
2023/04/30,Super League,0,FC Winterthur,1624,1612.0,1 - 4,FC Basel,1834,1846.0,1,4,Switzerland,domestic league (tier 1)
2023/05/20,Super League,0,FC Winterthur,1623,1615.0,0 - 1,Servette FC,1789,1797.0,0,1,Switzerland,domestic league (tier 1)
2023/05/25,Super League,0,FC Winterthur,1615,1603.0,0 - 2,FC Zürich,1790,1802.0,0,2,Switzerland,domestic league (tier 1)
2023/07/22,Super League,0,FC Winterthur,1602,1604.0,0 - 0,FC Luzern,1778,1776.0,0,0,Switzerland,domestic league (tier 1)
2023/08/12,Super League,0,FC Winterthur,1596,1611.0,3 - 1,Grasshopper Club Zürich,1697,1682.0,3,1,Switzerland,domestic league (tier 1)
2023/09/02,Super League,0,FC Winterthur,1633,1629.0,1 - 1,Yverdon Sport FC,1590,1594.0,1,1,Switzerland,domestic league (tier 1)
2023/09/23,Super League,0,FC Winterthur,1640,1646.0,2 - 1,Stade Lausanne-Ouchy,1579,1573.0,2,1,Switzerland,domestic league (tier 1)
2023/09/30,Super League,0,FC Winterthur,1652,1644.0,2 - 3,FC Lugano,1820,1828.0,2,3,Switzerland,domestic league (tier 1)
2023/10/22,Super League,0,FC Winterthur,1641,1652.0,2 - 1,FC St. Gallen,1788,1777.0,2,1,Switzerland,domestic league (tier 1)
2023/11/04,Super League,0,FC Winterthur,1653,1645.0,1 - 4,BSC Young Boys,1967,1975.0,1,4,Switzerland,domestic league (tier 1)
2023/12/13,Super League,0,FC Winterthur,1628,1642.0,2 - 1,FC Zürich,1856,1842.0,2,1,Switzerland,domestic league (tier 1)
2023/12/17,Super League,0,FC Winterthur,1642,1649.0,1 - 0,FC Lausanne-Sport,1624,1617.0,1,0,Switzerland,domestic league (tier 1)
2024/01/23,Super League,0,FC Winterthur,1649,1651.0,3 - 3,Servette FC,1825,1823.0,3,3,Switzerland,domestic league (tier 1)
2024/01/30,Super League,0,FC Winterthur,1667,1651.0,1 - 3,FC Basel 1893,1746,1762.0,1,3,Switzerland,domestic league (tier 1)
2024/02/11,Super League,0,FC Winterthur,1665,1675.0,2 - 1,FC Luzern,1748,1738.0,2,1,Switzerland,domestic league (tier 1)
2024/03/03,Super League,0,FC Winterthur,1704,1709.0,2 - 1,Yverdon Sport FC,1593,1588.0,2,1,Switzerland,domestic league (tier 1)
2024/03/09,Super League,0,FC Winterthur,1709,1718.0,2 - 0,Grasshopper Club Zürich,1674,1665.0,2,0,Switzerland,domestic league (tier 1)
2024/03/30,Super League,0,FC Winterthur,1721,1733.0,1 - 0,Servette FC,1879,1867.0,1,0,Switzerland,domestic league (tier 1)
2024/04/06,Super League,0,FC Winterthur,1737,1737.0,2 - 2,FC Lugano,1825,1825.0,2,2,Switzerland,domestic league (tier 1)
2024/04/21,Super League,0,FC Winterthur,1745,1737.0,1 - 2,BSC Young Boys,1903,1911.0,1,2,Switzerland,domestic league (tier 1)
2024/04/28,Switzerland Cup,0,FC Winterthur,1737,1727.0,0 - 1,Servette FC,1827,1837.0,0,1,Switzerland,domestic cup
2024/05/12,Super League,0,FC Winterthur,1722,1703.0,1 - 3,FC Zürich,1737,1756.0,1,3,Switzerland,domestic league (tier 1)
2024/05/20,Super League,0,FC Winterthur,1697,1680.0,1 - 3,FC St. Gallen,1757,1774.0,1,3,Switzerland,domestic league (tier 1)
2024/07/20,Super League,0,FC Winterthur,1676,1686.0,1 - 0,FC St. Gallen,1761,1751.0,1,0,Switzerland,domestic league (tier 1)
2024/08/04,Super League,0,FC Winterthur,1679,1674.0,0 - 0,Yverdon Sport FC,1606,1611.0,0,0,Switzerland,domestic league (tier 1)
2024/09/01,Super League,0,FC Winterthur,1654,1646.0,0 - 1,Servette FC,1827,1835.0,0,1,Switzerland,domestic league (tier 1)
2024/09/22,Super League,0,FC Winterthur,1642,1631.0,1 - 4,BSC Young Boys,1872,1883.0,1,4,Switzerland,domestic league (tier 1)
2024/10/05,Super League,0,FC Winterthur,1628,1636.0,1 - 0,Grasshopper Club Zürich,1665,1657.0,1,0,Switzerland,domestic league (tier 1)
2024/10/26,Super League,0,FC Winterthur,1626,1609.0,1 - 6,FC Basel 1893,1781,1798.0,1,6,Switzerland,domestic league (tier 1)
2024/11/09,Super League,0,FC Winterthur,1608,1618.0,1 - 0,FC Lausanne-Sport,1708,1698.0,1,0,Switzerland,domestic league (tier 1)
2024/12/01,Super League,0,FC Winterthur,1621,1604.0,1 - 3,FC Sion,1674,1691.0,1,3,Switzerland,domestic league (tier 1)
2024/12/05,Switzerland Cup,0,FC Winterthur,1604,1587.0,0 - 3,FC Lausanne-Sport,1711,1728.0,0,3,Switzerland,domestic cup
2024/12/14,Super League,0,FC Winterthur,1595,1585.0,3 - 4,FC Luzern,1706,1716.0,3,4,Switzerland,domestic league (tier 1)
2025/01/25,Super League,0,FC Winterthur,1593,1587.0,2 - 3,FC Lugano,1826,1832.0,2,3,Switzerland,domestic league (tier 1)
2025/02/06,Super League,0,FC Winterthur,1575,1563.0,0 - 2,FC Zürich,1737,1749.0,0,2,Switzerland,domestic league (tier 1)
2025/02/15,Super League,0,FC Winterthur,1560,1574.0,1 - 0,BSC Young Boys,1828,1814.0,1,0,Switzerland,domestic league (tier 1)
2025/03/01,Super League,0,FC Winterthur,1570,1593.0,4 - 0,FC St. Gallen,1747,1724.0,4,0,Switzerland,domestic league (tier 1)
2025/03/30,Super League,0,FC Winterthur,1582,1572.0,0 - 2,FC Basel 1893,1811,1821.0,0,2,Switzerland,domestic league (tier 1)
2025/04/05,Super League,0,FC Winterthur,1588,1590.0,0 - 0,FC Zürich,1746,1744.0,0,0,Switzerland,domestic league (tier 1)
2025/04/12,Super League,0,FC Winterthur,1590,1601.0,1 - 0,FC Lausanne-Sport,1735,1724.0,1,0,Switzerland,domestic league (tier 1)
2025/05/03,Super League,0,FC Winterthur,1616,1628.0,2 - 0,Grasshopper Club Zürich,1657,1645.0,2,0,Switzerland,domestic league (tier 1)
2025/05/17,Super League,0,FC Winterthur,1645,1641.0,2 - 2,Yverdon Sport FC,1595,1599.0,2,2,Switzerland,domestic league (tier 1)
2025/05/22,Super League,0,FC Winterthur,1641,1653.0,2 - 0,FC Sion,1678,1666.0,2,0,Switzerland,domestic league (tier 1)
2025/08/02,Super League,0,FC Winterthur,1648,1651.0,1 - 1,BSC Young Boys,1845,1842.0,1,1,Switzerland,domestic league (tier 1)
2025/08/30,Super League,0,FC Winterthur,1644,1627.0,1 - 3,FC Zürich,1686,1703.0,1,3,Switzerland,domestic league (tier 1)
2025/09/14,Super League,0,FC Winterthur,1627,1616.0,2 - 3,FC Sion,1693,1704.0,2,3,Switzerland,domestic league (tier 1)
2025/10/05,Super League,0,FC Winterthur,1617,1601.0,2 - 4,FC Lugano,1691,1707.0,2,4,Switzerland,domestic league (tier 1)
2025/10/25,Super League,0,FC Winterthur,1598,1599.0,2 - 2,FC Luzern,1718,1717.0,2,2,Switzerland,domestic league (tier 1)
2025/11/01,Super League,0,FC Winterthur,1590,1608.0,4 - 2,Servette FC,1759,1741.0,4,2,Switzerland,domestic league (tier 1)
2025/11/08,Super League,0,FC Winterthur,1608,1596.0,0 - 1,Grasshopper Club Zürich,1640,1652.0,0,1,Switzerland,domestic league (tier 1)
2025/12/07,Super League,0,FC Winterthur,1604,1598.0,1 - 2,FC Basel 1893,1856,1862.0,1,2,Switzerland,domestic league (tier 1)
2025/12/16,Super League,0,FC Winterthur,1603,1585.0,1 - 4,FC Thun Berner Oberland,1696,1714.0,1,4,Switzerland,domestic league (tier 1)
2026/01/31,Super League,0,FC Winterthur,1574,1586.0,2 - 1,FC Lausanne-Sport,1749,1737.0,2,1,Switzerland,domestic league (tier 1)
2026/02/07,Super League,0,FC Winterthur,1586,1589.0,1 - 1,FC Lugano,1787,1784.0,1,1,Switzerland,domestic league (tier 1)
2026/02/18,Super League,0,FC Winterthur,1572,1558.0,1 - 5,FC St. Gallen,1763,1777.0,1,5,Switzerland,domestic league (tier 1)
2026/02/25,Super League,0,FC Winterthur,1558,1547.0,0 - 3,FC Thun Berner Oberland,1804,1815.0,0,3,Switzerland,domestic league (tier 1)
2026/03/03,Super League,0,FC Winterthur,1544,1546.0,1 - 1,Servette FC,1722,1720.0,1,1,Switzerland,domestic league (tier 1)
2026/03/22,Super League,0,FC Winterthur,1569,1559.0,0 - 2,FC Basel 1893,1786,1796.0,0,2,Switzerland,domestic league (tier 1)
2026/04/11,Super League,0,FC Winterthur,1555,1538.0,0 - 2,Grasshopper Club Zürich,1606,1623.0,0,2,Switzerland,domestic league (tier 1)
2026/05/02,Super League,0,FC Winterthur,1534,1533.0,2 - 2,FC Zürich,1613,1614.0,2,2,Switzerland,domestic league (tier 1)
2026/05/09,Super League,0,FC Winterthur,1533,1544.0,2 - 1,FC Lausanne-Sport,1673,1662.0,2,1,Switzerland,domestic league (tier 1)
2026/05/16,Super League,0,FC Winterthur,1538,1525.0,0 - 3,FC Luzern,1732,1745.0,0,3,Switzerland,domestic league (tier 1)
2026/07/24,Challenge League,0,FC Winterthur,1525,1525.0,2 - 2,Yverdon Sport FC,1611,1611.0,2,2,Switzerland,domestic league (tier 2)
2026/08/07,Challenge League,0,FC Winterthur,1503,1514.0,5 - 0,FC Wil 1900,1431,1420.0,5,0,Switzerland,domestic league (tier 2)
2026/08/28,Challenge League,0,FC Winterthur,1530,1527.0,1 - 1,Stade Lausanne-Ouchy,1540,1543.0,1,1,Switzerland,domestic league (tier 2)
2026/09/04,Challenge League,0,FC Winterthur,1523,,Info,Neuchâtel Xamax FCS,1443,,,,Switzerland,domestic league (tier 2)
2026/10/17,Switzerland Cup,0,FC Winterthur,1523,,Info,FC Luzern,1737,,,,Switzerland,domestic cup
2016/07/29,Challenge League,0,FC Wohlen,1433,1435.0,0 - 0,Neuchâtel Xamax FCS,1616,1614.0,0,0,Switzerland,domestic league (tier 2)
2016/08/10,Challenge League,0,FC Wohlen,1432,1419.0,1 - 2,FC Chiasso,1409,1422.0,1,2,Switzerland,domestic league (tier 2)
2016/08/27,Challenge League,0,FC Wohlen,1422,1407.0,1 - 3,FC Wil 1900,1513,1528.0,1,3,Switzerland,domestic league (tier 2)
2016/09/21,Challenge League,0,FC Wohlen,1390,1378.0,1 - 4,FC Aarau,1593,1605.0,1,4,Switzerland,domestic league (tier 2)
2016/10/02,Challenge League,0,FC Wohlen,1394,1388.0,0 - 5,FC Zürich,1784,1790.0,0,5,Switzerland,domestic league (tier 2)
2016/10/22,Challenge League,0,FC Wohlen,1419,1405.0,0 - 1,FC Le Mont,1373,1387.0,0,1,Switzerland,domestic league (tier 2)
2016/11/06,Challenge League,0,FC Wohlen,1425,1415.0,1 - 2,Servette FC (as Servette Genève),1528,1538.0,1,2,Switzerland,domestic league (tier 2)
2016/11/19,Challenge League,0,FC Wohlen,1415,1424.0,1 - 0,FC Winterthur,1484,1475.0,1,0,Switzerland,domestic league (tier 2)
2016/12/11,Challenge League,0,FC Wohlen,1436,1449.0,4 - 0,FC Schaffhausen,1419,1406.0,4,0,Switzerland,domestic league (tier 2)
2017/02/12,Challenge League,0,FC Wohlen,1444,1435.0,1 - 2,FC Aarau,1565,1574.0,1,2,Switzerland,domestic league (tier 2)
2017/02/26,Challenge League,0,FC Wohlen,1428,1422.0,1 - 4,FC Zürich,1808,1814.0,1,4,Switzerland,domestic league (tier 2)
2017/03/04,Challenge League,0,FC Wohlen,1422,1409.0,0 - 2,Servette FC (as Servette Genève),1575,1588.0,0,2,Switzerland,domestic league (tier 2)
2017/04/01,Challenge League,0,FC Wohlen,1406,1403.0,0 - 0,FC Le Mont,1399,1402.0,0,0,Switzerland,domestic league (tier 2)
2017/04/17,Challenge League,0,FC Wohlen,1427,1415.0,0 - 1,FC Schaffhausen,1474,1486.0,0,1,Switzerland,domestic league (tier 2)
2017/04/29,Challenge League,0,FC Wohlen,1442,1435.0,1 - 2,Neuchâtel Xamax FCS,1658,1665.0,1,2,Switzerland,domestic league (tier 2)
2017/05/07,Challenge League,0,FC Wohlen,1435,1443.0,2 - 1,FC Winterthur,1477,1469.0,2,1,Switzerland,domestic league (tier 2)
2017/05/18,Challenge League,0,FC Wohlen,1453,1439.0,0 - 1,FC Chiasso,1416,1430.0,0,1,Switzerland,domestic league (tier 2)
2017/05/27,Challenge League,0,FC Wohlen,1433,1440.0,2 - 1,FC Wil 1900,1408,1401.0,2,1,Switzerland,domestic league (tier 2)
2017/07/31,Challenge League,0,FC Wohlen,1457,1439.0,1 - 4,FC Schaffhausen,1555,1573.0,1,4,Switzerland,domestic league (tier 2)
2017/08/09,Challenge League,0,FC Wohlen,1427,1421.0,1 - 2,Neuchâtel Xamax FCS,1671,1677.0,1,2,Switzerland,domestic league (tier 2)
2017/08/26,Challenge League,0,FC Wohlen,1412,1410.0,1 - 1,FC Chiasso,1447,1449.0,1,1,Switzerland,domestic league (tier 2)
2017/09/21,Challenge League,0,FC Wohlen,1401,1414.0,1 - 0,FC Vaduz,1599,1586.0,1,0,Switzerland,domestic league (tier 2)
2017/09/30,Challenge League,0,FC Wohlen,1409,1416.0,3 - 2,FC Winterthur,1409,1402.0,3,2,Switzerland,domestic league (tier 2)
2017/10/22,Challenge League,0,FC Wohlen,1413,1409.0,2 - 2,FC Wil 1900,1367,1371.0,2,2,Switzerland,domestic league (tier 2)
2017/11/06,Challenge League,0,FC Wohlen,1406,1393.0,1 - 2,FC Rapperswil-Jona,1411,1424.0,1,2,Switzerland,domestic league (tier 2)
2017/11/27,Challenge League,0,FC Wohlen,1383,1383.0,1 - 1,FC Aarau,1471,1471.0,1,1,Switzerland,domestic league (tier 2)
2018/02/10,Challenge League,0,FC Wohlen,1392,1370.0,1 - 4,FC Winterthur,1396,1418.0,1,4,Switzerland,domestic league (tier 2)
2018/02/23,Challenge League,0,FC Wohlen,1365,1354.0,1 - 2,FC Rapperswil-Jona,1445,1456.0,1,2,Switzerland,domestic league (tier 2)
2018/03/17,Challenge League,0,FC Wohlen,1356,1350.0,0 - 3,Neuchâtel Xamax FCS,1715,1721.0,0,3,Switzerland,domestic league (tier 2)
2018/03/24,Challenge League,0,FC Wohlen,1350,1342.0,0 - 2,Servette FC (as Servette Genève),1628,1636.0,0,2,Switzerland,domestic league (tier 2)
2018/04/07,Challenge League,0,FC Wohlen,1335,1324.0,3 - 4,FC Chiasso,1398,1409.0,3,4,Switzerland,domestic league (tier 2)
2018/04/15,Challenge League,0,FC Wohlen,1324,1324.0,0 - 0,FC Wil 1900,1421,1421.0,0,0,Switzerland,domestic league (tier 2)
2018/04/22,Challenge League,0,FC Wohlen,1316,1321.0,2 - 2,FC Vaduz,1612,1607.0,2,2,Switzerland,domestic league (tier 2)
2018/05/07,Challenge League,0,FC Wohlen,1328,1315.0,1 - 3,FC Aarau,1465,1478.0,1,3,Switzerland,domestic league (tier 2)
2018/05/10,Challenge League,0,FC Wohlen,1315,1306.0,1 - 3,Servette FC (as Servette Genève),1574,1583.0,1,3,Switzerland,domestic league (tier 2)
2018/05/18,Challenge League,0,FC Wohlen,1304,1293.0,2 - 5,FC Schaffhausen,1544,1555.0,2,5,Switzerland,domestic league (tier 2)
2022/11/09,Switzerland Cup,0,FC Wohlen,1273,1270.0,2 - 5,"Servette FC
(as Servette Genève)",1776,1779.0,2,5,Switzerland,domestic cup
2025/08/16,Switzerland Cup,0,FC Wohlen,1270,1262.0,1 - 3,FC Aarau,1553,1561.0,1,3,Switzerland,domestic cup
2016/07/25,Challenge League,0,FC Zürich,1736,1739.0,2 - 0,FC Winterthur,1463,1460.0,2,0,Switzerland,domestic league (tier 2)
2016/08/06,Challenge League,0,FC Zürich,1735,1738.0,4 - 0,FC Wohlen,1435,1432.0,4,0,Switzerland,domestic league (tier 2)
2016/08/22,Challenge League,0,FC Zürich,1748,1752.0,1 - 0,Neuchâtel Xamax FCS,1627,1623.0,1,0,Switzerland,domestic league (tier 2)
2016/09/11,Challenge League,0,FC Zürich,1761,1762.0,1 - 0,FC Chiasso,1413,1412.0,1,0,Switzerland,domestic league (tier 2)
2016/09/22,Challenge League,0,FC Zürich,1772,1776.0,3 - 0,Servette FC (as Servette Genève),1509,1505.0,3,0,Switzerland,domestic league (tier 2)
2016/10/15,Challenge League,0,FC Zürich,1790,1781.0,1 - 1,FC Le Mont,1364,1373.0,1,1,Switzerland,domestic league (tier 2)
2016/10/23,Challenge League,0,FC Zürich,1787,1790.0,5 - 2,FC Schaffhausen,1461,1458.0,5,2,Switzerland,domestic league (tier 2)
2016/11/06,Challenge League,0,FC Zürich,1804,1809.0,6 - 3,FC Aarau,1577,1572.0,6,3,Switzerland,domestic league (tier 2)
2016/12/03,Challenge League,0,FC Zürich,1826,1829.0,2 - 0,FC Wil 1900,1535,1532.0,2,0,Switzerland,domestic league (tier 2)
2017/02/13,Challenge League,0,FC Zürich,1805,1798.0,1 - 1,Neuchâtel Xamax FCS,1631,1638.0,1,1,Switzerland,domestic league (tier 2)
2017/03/05,Challenge League,0,FC Zürich,1809,1810.0,1 - 0,FC Chiasso,1425,1424.0,1,0,Switzerland,domestic league (tier 2)
2017/03/18,Challenge League,0,FC Zürich,1810,1801.0,2 - 2,FC Winterthur,1421,1430.0,2,2,Switzerland,domestic league (tier 2)
2017/04/01,Challenge League,0,FC Zürich,1801,1802.0,2 - 1,FC Schaffhausen,1461,1460.0,2,1,Switzerland,domestic league (tier 2)
2017/04/17,Challenge League,0,FC Zürich,1807,1809.0,3 - 2,FC Aarau,1532,1530.0,3,2,Switzerland,domestic league (tier 2)
2017/05/08,Challenge League,0,FC Zürich,1787,1789.0,5 - 1,FC Le Mont,1359,1357.0,5,1,Switzerland,domestic league (tier 2)
2017/05/17,Challenge League,0,FC Zürich,1797,1790.0,1 - 1,Servette FC (as Servette Genève),1580,1587.0,1,1,Switzerland,domestic league (tier 2)
2017/05/20,Challenge League,0,FC Zürich,1790,1762.0,0 - 2,FC Wil 1900,1380,1408.0,0,2,Switzerland,domestic league (tier 2)
2017/06/03,Challenge League,0,FC Zürich,1776,1779.0,3 - 0,FC Wohlen,1440,1437.0,3,0,Switzerland,domestic league (tier 2)
2017/07/30,Super League,0,FC Zürich,1795,1801.0,2 - 1,FC Thun,1733,1727.0,2,1,Switzerland,domestic league (tier 1)
2017/08/10,Super League,0,FC Zürich,1802,1810.0,2 - 0,FC Sion,1732,1724.0,2,0,Switzerland,domestic league (tier 1)
2017/08/19,Super League,0,FC Zürich,1810,1810.0,0 - 0,BSC Young Boys,1898,1898.0,0,0,Switzerland,domestic league (tier 1)
2017/09/09,Super League,0,FC Zürich,1812,1806.0,1 - 1,FC St. Gallen,1686,1692.0,1,1,Switzerland,domestic league (tier 1)
2017/10/01,Super League,0,FC Zürich,1800,1808.0,3 - 0,FC Lugano,1695,1687.0,3,0,Switzerland,domestic league (tier 1)
2017/10/21,Super League,0,FC Zürich,1825,1797.0,0 - 4,Grasshopper Club Zürich,1729,1757.0,0,4,Switzerland,domestic league (tier 1)
2017/10/28,Super League,0,FC Zürich,1797,1801.0,0 - 0,FC Basel,2024,2020.0,0,0,Switzerland,domestic league (tier 1)
2017/11/26,Super League,0,FC Zürich,1796,1802.0,2 - 0,FC Lausanne-Sport,1667,1661.0,2,0,Switzerland,domestic league (tier 1)
2017/12/10,Super League,0,FC Zürich,1822,1807.0,1 - 2,FC Luzern,1721,1736.0,1,2,Switzerland,domestic league (tier 1)
2018/02/04,Super League,0,FC Zürich,1786,1765.0,2 - 4,FC Thun,1731,1752.0,2,4,Switzerland,domestic league (tier 1)
2018/02/18,Super League,0,FC Zürich,1776,1772.0,1 - 1,FC Luzern,1743,1747.0,1,1,Switzerland,domestic league (tier 1)
2018/03/10,Super League,0,FC Zürich,1771,1783.0,3 - 0,FC Lugano,1765,1753.0,3,0,Switzerland,domestic league (tier 1)
2018/03/17,Super League,0,FC Zürich,1783,1775.0,1 - 2,BSC Young Boys,1952,1960.0,1,2,Switzerland,domestic league (tier 1)
2018/04/07,Super League,0,FC Zürich,1775,1770.0,1 - 1,Grasshopper Club Zürich,1705,1710.0,1,1,Switzerland,domestic league (tier 1)
2018/04/18,Super League,0,FC Zürich,1763,1776.0,4 - 0,FC St. Gallen,1748,1735.0,4,0,Switzerland,domestic league (tier 1)
2018/04/29,Super League,0,FC Zürich,1769,1765.0,3 - 3,FC Sion,1711,1715.0,3,3,Switzerland,domestic league (tier 1)
2018/05/06,Super League,0,FC Zürich,1765,1759.0,1 - 1,FC Lausanne-Sport,1626,1632.0,1,1,Switzerland,domestic league (tier 1)
2018/05/13,Super League,0,FC Zürich,1772,1797.0,4 - 1,FC Basel,2037,2012.0,4,1,Switzerland,domestic league (tier 1)
2018/07/22,Super League,0,FC Zürich,1815,1820.0,2 - 1,FC Thun,1714,1709.0,2,1,Switzerland,domestic league (tier 1)
2018/08/12,Super League,0,FC Zürich,1826,1820.0,0 - 0,FC St. Gallen,1679,1685.0,0,0,Switzerland,domestic league (tier 1)
2018/08/26,Super League,0,FC Zürich,1827,1828.0,1 - 1,FC Basel,1970,1969.0,1,1,Switzerland,domestic league (tier 1)
2018/09/23,Super League,0,FC Zürich,1834,1839.0,1 - 0,FC Luzern,1764,1759.0,1,0,Switzerland,domestic league (tier 1)
2018/09/30,Super League,0,FC Zürich,1849,1843.0,0 - 0,Neuchâtel Xamax FCS,1696,1702.0,0,0,Switzerland,domestic league (tier 1)
2018/10/20,Super League,0,FC Zürich,1854,1855.0,3 - 3,BSC Young Boys,1994,1993.0,3,3,Switzerland,domestic league (tier 1)
2018/11/11,Super League,0,FC Zürich,1868,1852.0,1 - 2,FC Sion,1746,1762.0,1,2,Switzerland,domestic league (tier 1)
2018/12/02,Super League,0,FC Zürich,1832,1837.0,2 - 0,Grasshopper Club Zürich,1670,1665.0,2,0,Switzerland,domestic league (tier 1)
2018/12/16,Super League,0,FC Zürich,1835,1829.0,0 - 0,FC Lugano,1714,1720.0,0,0,Switzerland,domestic league (tier 1)
2019/02/09,Super League,0,FC Zürich,1812,1817.0,3 - 1,Grasshopper Club Zürich,1641,1636.0,3,1,Switzerland,domestic league (tier 1)
2019/02/24,Super League,0,FC Zürich,1804,1799.0,1 - 1,FC Luzern,1712,1717.0,1,1,Switzerland,domestic league (tier 1)
2019/03/03,Super League,0,FC Zürich,1800,1785.0,0 - 1,FC Lugano,1722,1737.0,0,1,Switzerland,domestic league (tier 1)
2019/03/17,Super League,0,FC Zürich,1788,1793.0,2 - 1,Neuchâtel Xamax FCS,1684,1679.0,2,1,Switzerland,domestic league (tier 1)
2019/04/03,Super League,0,FC Zürich,1785,1773.0,0 - 2,FC Basel,1967,1979.0,0,2,Switzerland,domestic league (tier 1)
2019/04/14,Super League,0,FC Zürich,1771,1765.0,0 - 1,BSC Young Boys,2037,2043.0,0,1,Switzerland,domestic league (tier 1)
2019/04/28,Super League,0,FC Zürich,1742,1750.0,1 - 0,FC Sion,1757,1749.0,1,0,Switzerland,domestic league (tier 1)
2019/05/15,Super League,0,FC Zürich,1758,1770.0,3 - 0,FC Thun,1754,1742.0,3,0,Switzerland,domestic league (tier 1)
2019/05/25,Super League,0,FC Zürich,1756,1752.0,1 - 1,FC St. Gallen,1712,1716.0,1,1,Switzerland,domestic league (tier 1)
2019/07/21,Super League,0,FC Zürich,1752,1729.0,0 - 4,FC Lugano,1775,1798.0,0,4,Switzerland,domestic league (tier 1)
2019/08/11,Super League,0,FC Zürich,1722,1718.0,2 - 2,Neuchâtel Xamax FCS,1694,1698.0,2,2,Switzerland,domestic league (tier 1)
2019/08/14,Super League,0,FC Zürich,1718,1725.0,2 - 1,FC St. Gallen,1713,1706.0,2,1,Switzerland,domestic league (tier 1)
2019/09/22,Super League,0,FC Zürich,1726,1736.0,2 - 0,FC Thun,1714,1704.0,2,0,Switzerland,domestic league (tier 1)
2019/10/06,Super League,0,FC Zürich,1744,1734.0,0 - 4,BSC Young Boys,2012,2022.0,0,4,Switzerland,domestic league (tier 1)
2019/10/27,Super League,0,FC Zürich,1737,1752.0,3 - 2,FC Basel,2021,2006.0,3,2,Switzerland,domestic league (tier 1)
2019/11/10,Super League,0,FC Zürich,1758,1768.0,4 - 2,FC Sion,1740,1730.0,4,2,Switzerland,domestic league (tier 1)
2019/11/23,Super League,0,FC Zürich,1768,1779.0,3 - 0,FC Luzern,1735,1724.0,3,0,Switzerland,domestic league (tier 1)
2019/12/08,Super League,0,FC Zürich,1789,1761.0,0 - 5,Servette FC (as Servette Genève),1750,1778.0,0,5,Switzerland,domestic league (tier 1)
2020/01/25,Super League,0,FC Zürich,1782,1768.0,2 - 3,FC Luzern,1718,1732.0,2,3,Switzerland,domestic league (tier 1)
2020/02/08,Super League,0,FC Zürich,1769,1755.0,0 - 4,FC Basel,1967,1981.0,0,4,Switzerland,domestic league (tier 1)
2020/02/22,Super League,0,FC Zürich,1744,1739.0,1 - 1,Neuchâtel Xamax FCS,1667,1672.0,1,1,Switzerland,domestic league (tier 1)
2020/06/28,Super League,0,FC Zürich,1764,1771.0,1 - 0,FC Lugano,1763,1756.0,1,0,Switzerland,domestic league (tier 1)
2020/07/04,Super League,0,FC Zürich,1761,1774.0,2 - 0,Servette FC (as Servette Genève),1809,1796.0,2,0,Switzerland,domestic league (tier 1)
2020/07/18,Super League,0,FC Zürich,1769,1754.0,0 - 5,BSC Young Boys,1963,1978.0,0,5,Switzerland,domestic league (tier 1)
2020/07/25,Super League,0,FC Zürich,1747,1730.0,1 - 3,FC St. Gallen,1808,1825.0,1,3,Switzerland,domestic league (tier 1)
2020/07/28,Super League,0,FC Zürich,1730,1710.0,0 - 2,FC Sion,1697,1717.0,0,2,Switzerland,domestic league (tier 1)
2020/08/03,Super League,0,FC Zürich,1704,1702.0,3 - 3,FC Thun,1718,1720.0,3,3,Switzerland,domestic league (tier 1)
2020/09/26,Super League,0,FC Zürich,1683,1684.0,2 - 2,FC Lugano,1805,1804.0,2,2,Switzerland,domestic league (tier 1)
2020/11/04,Super League,0,FC Zürich,1689,1703.0,1 - 0,FC Basel,1949,1935.0,1,0,Switzerland,domestic league (tier 1)
2020/11/07,Super League,0,FC Zürich,1703,1715.0,2 - 0,FC Luzern,1743,1731.0,2,0,Switzerland,domestic league (tier 1)
2020/12/06,Super League,0,FC Zürich,1711,1724.0,4 - 0,FC Lausanne-Sport,1701,1688.0,4,0,Switzerland,domestic league (tier 1)
2020/12/09,Super League,0,FC Zürich,1724,1714.0,1 - 2,FC St. Gallen,1812,1822.0,1,2,Switzerland,domestic league (tier 1)
2020/12/20,Super League,0,FC Zürich,1733,1721.0,0 - 1,Servette FC (as Servette Genève),1760,1772.0,0,1,Switzerland,domestic league (tier 1)
2020/12/23,Super League,0,FC Zürich,1721,1718.0,0 - 0,FC Sion,1699,1702.0,0,0,Switzerland,domestic league (tier 1)
2021/01/27,Super League,0,FC Zürich,1748,1731.0,0 - 1,FC Vaduz,1562,1579.0,0,1,Switzerland,domestic league (tier 1)
2021/02/03,Super League,0,FC Zürich,1746,1736.0,1 - 4,BSC Young Boys,2011,2021.0,1,4,Switzerland,domestic league (tier 1)
2021/02/14,Super League,0,FC Zürich,1725,1743.0,2 - 0,FC Basel,1898,1880.0,2,0,Switzerland,domestic league (tier 1)
2021/02/21,Super League,0,FC Zürich,1743,1739.0,1 - 1,FC Sion,1702,1706.0,1,1,Switzerland,domestic league (tier 1)
2021/03/04,Super League,0,FC Zürich,1728,1716.0,1 - 2,FC Luzern,1761,1773.0,1,2,Switzerland,domestic league (tier 1)
2021/03/13,Super League,0,FC Zürich,1731,1728.0,1 - 1,FC Lausanne-Sport,1705,1708.0,1,1,Switzerland,domestic league (tier 1)
2021/04/11,Super League,0,FC Zürich,1728,1716.0,1 - 2,Servette FC (as Servette Genève),1767,1779.0,1,2,Switzerland,domestic league (tier 1)
2021/04/22,Super League,0,FC Zürich,1717,1712.0,1 - 2,BSC Young Boys,2014,2019.0,1,2,Switzerland,domestic league (tier 1)
2021/05/02,Super League,0,FC Zürich,1704,1720.0,3 - 0,FC Lugano,1782,1766.0,3,0,Switzerland,domestic league (tier 1)
2021/05/12,Super League,0,FC Zürich,1723,1721.0,2 - 2,FC St. Gallen,1763,1765.0,2,2,Switzerland,domestic league (tier 1)
2021/05/21,Super League,0,FC Zürich,1713,1722.0,4 - 1,FC Vaduz,1638,1629.0,4,1,Switzerland,domestic league (tier 1)
2022/07/23,Super League,0,FC Zürich,1854,1849.0,0 - 0,FC Luzern,1779,1784.0,0,0,Switzerland,domestic league (tier 1)
2022/08/07,Super League,0,FC Zürich,1839,1811.0,0 - 3,FC Sion,1686,1714.0,0,3,Switzerland,domestic league (tier 1)
2022/08/28,Super League,0,FC Zürich,1827,1807.0,2 - 4,FC Basel,1819,1839.0,2,4,Switzerland,domestic league (tier 1)
2022/09/03,Super League,0,FC Zürich,1807,1793.0,1 - 2,FC Lugano,1752,1766.0,1,2,Switzerland,domestic league (tier 1)
2022/10/09,Super League,0,FC Zürich,1750,1744.0,0 - 0,FC Winterthur,1581,1587.0,0,0,Switzerland,domestic league (tier 1)
2022/10/16,Super League,0,FC Zürich,1740,1744.0,0 - 0,BSC Young Boys,1970,1966.0,0,0,Switzerland,domestic league (tier 1)
2022/10/23,Super League,0,FC Zürich,1749,1723.0,1 - 4,Grasshopper Club Zürich,1672,1698.0,1,4,Switzerland,domestic league (tier 1)
2022/11/13,Super League,0,FC Zürich,1739,1754.0,4 - 1,"Servette FC
(as Servette Genève)",1779,1764.0,4,1,Switzerland,domestic league (tier 1)
2023/01/29,Super League,0,FC Zürich,1757,1766.0,1 - 0,FC St. Gallen,1813,1804.0,1,0,Switzerland,domestic league (tier 1)
2023/02/12,Super League,0,FC Zürich,1777,1771.0,1 - 1,FC Winterthur,1624,1630.0,1,1,Switzerland,domestic league (tier 1)
2023/02/25,Super League,0,FC Zürich,1781,1784.0,2 - 2,BSC Young Boys,1988,1985.0,2,2,Switzerland,domestic league (tier 1)
2023/03/05,Super League,0,FC Zürich,1784,1781.0,1 - 1,Servette FC,1761,1764.0,1,1,Switzerland,domestic league (tier 1)
2023/03/18,Super League,0,FC Zürich,1771,1779.0,2 - 1,FC Luzern,1784,1776.0,2,1,Switzerland,domestic league (tier 1)
2023/04/08,Super League,0,FC Zürich,1782,1780.0,1 - 1,FC Basel,1827,1829.0,1,1,Switzerland,domestic league (tier 1)
2023/04/23,Super League,0,FC Zürich,1767,1775.0,1 - 0,FC St. Gallen,1779,1771.0,1,0,Switzerland,domestic league (tier 1)
2023/04/30,Super League,0,FC Zürich,1761,1756.0,2 - 2,FC Sion,1656,1661.0,2,2,Switzerland,domestic league (tier 1)
2023/05/21,Super League,0,FC Zürich,1785,1790.0,2 - 1,Grasshopper Club Zürich,1709,1704.0,2,1,Switzerland,domestic league (tier 1)
2023/05/29,Super League,0,FC Zürich,1802,1790.0,2 - 3,FC Lugano,1842,1854.0,2,3,Switzerland,domestic league (tier 1)
2023/07/23,Super League,0,FC Zürich,1790,1794.0,2 - 0,Yverdon Sport FC,1552,1548.0,2,0,Switzerland,domestic league (tier 1)
2023/08/05,Super League,0,FC Zürich,1798,1814.0,3 - 0,FC Lugano,1863,1847.0,3,0,Switzerland,domestic league (tier 1)
2023/08/26,Super League,0,FC Zürich,1825,1821.0,1 - 1,FC St. Gallen,1794,1798.0,1,1,Switzerland,domestic league (tier 1)
2023/09/26,Super League,0,FC Zürich,1818,1821.0,2 - 1,Grasshopper Club Zürich,1648,1645.0,2,1,Switzerland,domestic league (tier 1)
2023/10/07,Super League,0,FC Zürich,1843,1846.0,3 - 2,FC Winterthur,1644,1641.0,3,2,Switzerland,domestic league (tier 1)
2023/10/28,Super League,0,FC Zürich,1852,1844.0,1 - 1,Stade Lausanne-Ouchy,1591,1599.0,1,1,Switzerland,domestic league (tier 1)
2023/11/04,Super League,0,FC Zürich,1846,1825.0,0 - 2,Servette FC,1787,1808.0,0,2,Switzerland,domestic league (tier 1)
2023/11/25,Super League,0,FC Zürich,1846,1862.0,3 - 1,BSC Young Boys,1978,1962.0,3,1,Switzerland,domestic league (tier 1)
2023/12/10,Super League,0,FC Zürich,1862,1856.0,1 - 1,FC Luzern,1741,1747.0,1,1,Switzerland,domestic league (tier 1)
2024/01/21,Super League,0,FC Zürich,1833,1828.0,0 - 0,FC Basel 1893,1727,1732.0,0,0,Switzerland,domestic league (tier 1)
2024/01/31,Super League,0,FC Zürich,1817,1810.0,2 - 2,FC Lausanne-Sport,1604,1611.0,2,2,Switzerland,domestic league (tier 1)
2024/02/10,Super League,0,FC Zürich,1786,1791.0,1 - 0,Grasshopper Club Zürich,1683,1678.0,1,0,Switzerland,domestic league (tier 1)
2024/02/28,Switzerland Cup,0,FC Zürich,1790,1767.0,0 - 2,FC Winterthur,1681,1704.0,0,2,Switzerland,domestic cup
2024/03/03,Super League,0,FC Zürich,1767,1779.0,1 - 0,BSC Young Boys,1930,1918.0,1,0,Switzerland,domestic league (tier 1)
2024/03/17,Super League,0,FC Zürich,1766,1759.0,2 - 2,Stade Lausanne-Ouchy,1556,1563.0,2,2,Switzerland,domestic league (tier 1)
2024/04/03,Super League,0,FC Zürich,1761,1757.0,0 - 0,FC Winterthur,1733,1737.0,0,0,Switzerland,domestic league (tier 1)
2024/04/21,Super League,0,FC Zürich,1762,1749.0,0 - 1,FC St. Gallen,1736,1749.0,0,1,Switzerland,domestic league (tier 1)
2024/05/05,Super League,0,FC Zürich,1749,1737.0,0 - 2,BSC Young Boys,1911,1923.0,0,2,Switzerland,domestic league (tier 1)
2024/05/15,Super League,0,FC Zürich,1756,1766.0,2 - 1,Servette FC,1843,1833.0,2,1,Switzerland,domestic league (tier 1)
2024/05/20,Super League,0,FC Zürich,1766,1776.0,2 - 1,FC Lugano,1857,1847.0,2,1,Switzerland,domestic league (tier 1)
2024/07/28,Super League,0,FC Zürich,1804,1811.0,4 - 2,FC Winterthur,1686,1679.0,4,2,Switzerland,domestic league (tier 1)
2024/08/11,Super League,0,FC Zürich,1797,1803.0,2 - 0,FC Lausanne-Sport,1648,1642.0,2,0,Switzerland,domestic league (tier 1)
2024/09/01,Super League,0,FC Zürich,1797,1792.0,1 - 1,FC Luzern,1723,1728.0,1,1,Switzerland,domestic league (tier 1)
2024/09/29,Super League,0,FC Zürich,1797,1802.0,1 - 0,FC Sion,1694,1689.0,1,0,Switzerland,domestic league (tier 1)
2024/10/06,Super League,0,FC Zürich,1802,1800.0,1 - 1,FC Lugano,1833,1835.0,1,1,Switzerland,domestic league (tier 1)
2024/10/27,Super League,0,FC Zürich,1809,1791.0,1 - 3,Servette FC,1828,1846.0,1,3,Switzerland,domestic league (tier 1)
2024/11/02,Super League,0,FC Zürich,1805,1803.0,0 - 0,BSC Young Boys,1846,1848.0,0,0,Switzerland,domestic league (tier 1)
2024/11/30,Super League,0,FC Zürich,1793,1786.0,1 - 1,Grasshopper Club Zürich,1619,1626.0,1,1,Switzerland,domestic league (tier 1)
2024/12/15,Super League,0,FC Zürich,1778,1756.0,0 - 2,FC St. Gallen,1708,1730.0,0,2,Switzerland,domestic league (tier 1)
2025/01/19,Super League,0,FC Zürich,1756,1760.0,1 - 0,Yverdon Sport FC,1597,1593.0,1,0,Switzerland,domestic league (tier 1)
2025/02/02,Super League,0,FC Zürich,1748,1737.0,0 - 1,FC Basel 1893,1808,1819.0,0,1,Switzerland,domestic league (tier 1)
2025/02/09,Super League,0,FC Zürich,1749,1736.0,1 - 2,FC St. Gallen,1747,1760.0,1,2,Switzerland,domestic league (tier 1)
2025/02/22,Super League,0,FC Zürich,1727,1731.0,2 - 1,Yverdon Sport FC,1607,1603.0,2,1,Switzerland,domestic league (tier 1)
2025/02/27,Switzerland Cup,0,FC Zürich,1731,1721.0,2 - 3,BSC Young Boys,1822,1832.0,2,3,Switzerland,domestic cup
2025/03/09,Super League,0,FC Zürich,1747,1731.0,1 - 3,Servette FC,1832,1848.0,1,3,Switzerland,domestic league (tier 1)
2025/03/15,Super League,0,FC Zürich,1731,1738.0,3 - 2,FC Luzern,1738,1731.0,3,2,Switzerland,domestic league (tier 1)
2025/04/02,Super League,0,FC Zürich,1749,1746.0,2 - 2,FC Lausanne-Sport,1723,1726.0,2,2,Switzerland,domestic league (tier 1)
2025/04/12,Super League,0,FC Zürich,1744,1725.0,0 - 4,FC Basel 1893,1832,1851.0,0,4,Switzerland,domestic league (tier 1)
2025/05/10,Super League,0,FC Zürich,1711,1721.0,3 - 0,Grasshopper Club Zürich,1645,1635.0,3,0,Switzerland,domestic league (tier 1)
2025/05/13,Super League,0,FC Zürich,1721,1731.0,4 - 1,FC Winterthur,1655,1645.0,4,1,Switzerland,domestic league (tier 1)
2025/07/25,Super League,0,FC Zürich,1712,1698.0,2 - 3,FC Sion,1666,1680.0,2,3,Switzerland,domestic league (tier 1)
2025/08/23,Super League,0,FC Zürich,1714,1686.0,0 - 4,FC Thun Berner Oberland,1638,1666.0,0,4,Switzerland,domestic league (tier 1)
2025/09/13,Super League,0,FC Zürich,1703,1712.0,2 - 1,Servette FC,1757,1748.0,2,1,Switzerland,domestic league (tier 1)
2025/09/27,Super League,0,FC Zürich,1706,1719.0,3 - 1,FC St. Gallen,1750,1737.0,3,1,Switzerland,domestic league (tier 1)
2025/10/26,Super League,0,FC Zürich,1696,1687.0,2 - 3,BSC Young Boys,1818,1827.0,2,3,Switzerland,domestic league (tier 1)
2025/11/01,Super League,0,FC Zürich,1682,1671.0,1 - 2,FC Lausanne-Sport,1751,1762.0,1,2,Switzerland,domestic league (tier 1)
2025/11/08,Super League,0,FC Zürich,1671,1679.0,3 - 2,FC Luzern,1718,1710.0,3,2,Switzerland,domestic league (tier 1)
2025/11/29,Super League,0,FC Zürich,1682,1688.0,1 - 0,Grasshopper Club Zürich,1655,1649.0,1,0,Switzerland,domestic league (tier 1)
2025/12/13,Super League,0,FC Zürich,1702,1697.0,2 - 2,FC Winterthur,1598,1603.0,2,2,Switzerland,domestic league (tier 1)
2025/12/17,Super League,0,FC Zürich,1697,1685.0,0 - 1,FC Lugano,1736,1748.0,0,1,Switzerland,domestic league (tier 1)
2026/01/25,Super League,0,FC Zürich,1679,1671.0,3 - 4,FC Basel 1893,1833,1841.0,3,4,Switzerland,domestic league (tier 1)
2026/02/11,Super League,0,FC Zürich,1658,1668.0,3 - 0,FC Winterthur,1589,1579.0,3,0,Switzerland,domestic league (tier 1)
2026/02/14,Super League,0,FC Zürich,1668,1646.0,1 - 4,FC Luzern,1673,1695.0,1,4,Switzerland,domestic league (tier 1)
2026/03/04,Super League,0,FC Zürich,1650,1638.0,1 - 2,FC Lausanne-Sport,1695,1707.0,1,2,Switzerland,domestic league (tier 1)
2026/03/14,Super League,0,FC Zürich,1633,1623.0,1 - 2,FC Sion,1729,1739.0,1,2,Switzerland,domestic league (tier 1)
2026/03/21,Super League,0,FC Zürich,1623,1636.0,2 - 1,FC Thun Berner Oberland,1833,1820.0,2,1,Switzerland,domestic league (tier 1)
2026/04/11,Super League,0,FC Zürich,1632,1623.0,0 - 1,FC Lugano,1778,1787.0,0,1,Switzerland,domestic league (tier 1)
2026/05/09,Super League,0,FC Zürich,1614,1620.0,2 - 1,Grasshopper Club Zürich,1584,1578.0,2,1,Switzerland,domestic league (tier 1)
2026/05/16,Super League,0,FC Zürich,1615,1602.0,0 - 2,Servette FC,1768,1781.0,0,2,Switzerland,domestic league (tier 1)
2026/08/01,Super League,0,FC Zürich,1600,1612.0,2 - 1,Servette FC,1767,1755.0,2,1,Switzerland,domestic league (tier 1)
2026/08/22,Super League,0,FC Zürich,1606,1597.0,1 - 2,FC Basel 1893,1744,1753.0,1,2,Switzerland,domestic league (tier 1)
2026/09/01,Super League,0,FC Zürich,1611,1601.0,2 - 4,BSC Young Boys,1826,1836.0,2,4,Switzerland,domestic league (tier 1)
2017/07/23,Super League,0,Grasshopper Club Zürich,1692,1676.0,0 - 2,FC Zürich,1779,1795.0,0,2,Switzerland,domestic league (tier 1)
2017/07/29,Super League,0,Grasshopper Club Zürich,1676,1664.0,0 - 4,BSC Young Boys,1911,1923.0,0,4,Switzerland,domestic league (tier 1)
2017/08/20,Super League,0,Grasshopper Club Zürich,1668,1680.0,2 - 0,FC St. Gallen,1695,1683.0,2,0,Switzerland,domestic league (tier 1)
2017/09/10,Super League,0,Grasshopper Club Zürich,1681,1689.0,3 - 2,FC Sion,1727,1719.0,3,2,Switzerland,domestic league (tier 1)
2017/09/30,Super League,0,Grasshopper Club Zürich,1728,1732.0,0 - 0,FC Basel,1988,1984.0,0,0,Switzerland,domestic league (tier 1)
2017/10/15,Super League,0,Grasshopper Club Zürich,1732,1729.0,1 - 1,FC Luzern,1741,1744.0,1,1,Switzerland,domestic league (tier 1)
2017/11/04,Super League,0,Grasshopper Club Zürich,1755,1762.0,2 - 0,FC Lausanne-Sport,1660,1653.0,2,0,Switzerland,domestic league (tier 1)
2017/11/19,Super League,0,Grasshopper Club Zürich,1762,1772.0,2 - 0,FC Thun,1748,1738.0,2,0,Switzerland,domestic league (tier 1)
2017/12/03,Super League,0,Grasshopper Club Zürich,1758,1744.0,0 - 1,FC Lugano,1728,1742.0,0,1,Switzerland,domestic league (tier 1)
2017/12/17,Super League,0,Grasshopper Club Zürich,1750,1743.0,0 - 2,FC Basel,2062,2069.0,0,2,Switzerland,domestic league (tier 1)
2018/02/11,Super League,0,Grasshopper Club Zürich,1760,1746.0,1 - 2,FC Luzern,1729,1743.0,1,2,Switzerland,domestic league (tier 1)
2018/02/25,Super League,0,Grasshopper Club Zürich,1740,1748.0,1 - 0,FC Zürich,1772,1764.0,1,0,Switzerland,domestic league (tier 1)
2018/03/03,Super League,0,Grasshopper Club Zürich,1741,1736.0,0 - 0,FC Lausanne-Sport,1662,1667.0,0,0,Switzerland,domestic league (tier 1)
2018/03/31,Super League,0,Grasshopper Club Zürich,1725,1705.0,0 - 2,FC Thun,1699,1719.0,0,2,Switzerland,domestic league (tier 1)
2018/04/14,Super League,0,Grasshopper Club Zürich,1710,1698.0,1 - 2,FC St. Gallen,1736,1748.0,1,2,Switzerland,domestic league (tier 1)
2018/04/21,Super League,0,Grasshopper Club Zürich,1696,1704.0,4 - 3,FC Lugano,1736,1728.0,4,3,Switzerland,domestic league (tier 1)
2018/05/09,Super League,0,Grasshopper Club Zürich,1709,1690.0,0 - 2,FC Sion,1709,1728.0,0,2,Switzerland,domestic league (tier 1)
2018/05/19,Super League,0,Grasshopper Club Zürich,1695,1690.0,1 - 2,BSC Young Boys,1972,1977.0,1,2,Switzerland,domestic league (tier 1)
2018/07/28,Super League,0,Grasshopper Club Zürich,1687,1673.0,0 - 2,FC Zürich,1820,1834.0,0,2,Switzerland,domestic league (tier 1)
2018/08/25,Super League,0,Grasshopper Club Zürich,1674,1684.0,2 - 1,FC Sion,1769,1759.0,2,1,Switzerland,domestic league (tier 1)
2018/09/22,Super League,0,Grasshopper Club Zürich,1658,1671.0,3 - 1,Neuchâtel Xamax FCS,1701,1688.0,3,1,Switzerland,domestic league (tier 1)
2018/09/25,Super League,0,Grasshopper Club Zürich,1671,1655.0,0 - 2,FC Thun,1756,1772.0,0,2,Switzerland,domestic league (tier 1)
2018/10/07,Super League,0,Grasshopper Club Zürich,1649,1658.0,2 - 1,FC Lugano,1729,1720.0,2,1,Switzerland,domestic league (tier 1)
2018/10/27,Super League,0,Grasshopper Club Zürich,1663,1655.0,1 - 3,FC Basel,1938,1946.0,1,3,Switzerland,domestic league (tier 1)
2018/11/03,Super League,0,Grasshopper Club Zürich,1655,1648.0,0 - 3,BSC Young Boys,1995,2002.0,0,3,Switzerland,domestic league (tier 1)
2018/11/25,Super League,0,Grasshopper Club Zürich,1662,1670.0,2 - 1,FC St. Gallen,1684,1676.0,2,1,Switzerland,domestic league (tier 1)
2018/12/09,Super League,0,Grasshopper Club Zürich,1665,1655.0,2 - 3,FC Luzern,1750,1760.0,2,3,Switzerland,domestic league (tier 1)
2019/02/03,Super League,0,Grasshopper Club Zürich,1651,1641.0,0 - 4,FC Basel,1930,1940.0,0,4,Switzerland,domestic league (tier 1)
2019/02/17,Super League,0,Grasshopper Club Zürich,1636,1624.0,0 - 1,Neuchâtel Xamax FCS,1678,1690.0,0,1,Switzerland,domestic league (tier 1)
2019/03/02,Super League,0,Grasshopper Club Zürich,1631,1615.0,1 - 3,FC Luzern,1717,1733.0,1,3,Switzerland,domestic league (tier 1)
2019/03/09,Super League,0,Grasshopper Club Zürich,1615,1612.0,0 - 1,BSC Young Boys,2019,2022.0,0,1,Switzerland,domestic league (tier 1)
2019/03/31,Super League,0,Grasshopper Club Zürich,1612,1613.0,1 - 1,FC Lugano,1757,1756.0,1,1,Switzerland,domestic league (tier 1)
2019/04/06,Super League,0,Grasshopper Club Zürich,1617,1619.0,1 - 1,FC Zürich,1773,1771.0,1,1,Switzerland,domestic league (tier 1)
2019/04/20,Super League,0,Grasshopper Club Zürich,1628,1629.0,1 - 1,FC Thun,1767,1766.0,1,1,Switzerland,domestic league (tier 1)
2019/05/04,Super League,0,Grasshopper Club Zürich,1634,1622.0,0 - 1,FC St. Gallen,1667,1679.0,0,1,Switzerland,domestic league (tier 1)
2019/05/22,Super League,0,Grasshopper Club Zürich,1620,1603.0,0 - 3,FC Sion,1737,1754.0,0,3,Switzerland,domestic league (tier 1)
2019/07/20,Challenge League,0,Grasshopper Club Zürich,1610,1613.0,2 - 1,Stade Lausanne-Ouchy,1376,1373.0,2,1,Switzerland,domestic league (tier 2)
2019/08/09,Challenge League,0,Grasshopper Club Zürich,1633,1616.0,0 - 1,FC Schaffhausen,1428,1445.0,0,1,Switzerland,domestic league (tier 2)
2019/08/23,Challenge League,0,Grasshopper Club Zürich,1616,1611.0,2 - 2,FC Winterthur,1524,1529.0,2,2,Switzerland,domestic league (tier 2)
2019/09/28,Challenge League,0,Grasshopper Club Zürich,1621,1623.0,3 - 2,FC Chiasso,1348,1346.0,3,2,Switzerland,domestic league (tier 2)
2019/10/05,Challenge League,0,Grasshopper Club Zürich,1623,1630.0,3 - 0,FC Wil 1900,1468,1461.0,3,0,Switzerland,domestic league (tier 2)
2019/10/25,Challenge League,0,Grasshopper Club Zürich,1627,1621.0,3 - 3,FC Vaduz,1476,1482.0,3,3,Switzerland,domestic league (tier 2)
2019/11/02,Challenge League,0,Grasshopper Club Zürich,1612,1616.0,2 - 0,SC Kriens,1383,1379.0,2,0,Switzerland,domestic league (tier 2)
2019/11/24,Challenge League,0,Grasshopper Club Zürich,1617,1612.0,0 - 0,FC Aarau,1532,1537.0,0,0,Switzerland,domestic league (tier 2)
2019/12/13,Challenge League,0,Grasshopper Club Zürich,1624,1613.0,1 - 2,FC Lausanne-Sport,1672,1683.0,1,2,Switzerland,domestic league (tier 2)
2020/01/31,Challenge League,0,Grasshopper Club Zürich,1609,1594.0,1 - 2,FC Vaduz,1535,1550.0,1,2,Switzerland,domestic league (tier 2)
2020/02/14,Challenge League,0,Grasshopper Club Zürich,1572,1556.0,0 - 1,SC Kriens,1442,1458.0,0,1,Switzerland,domestic league (tier 2)
2020/06/19,Challenge League,0,Grasshopper Club Zürich,1572,1583.0,5 - 0,FC Aarau,1505,1494.0,5,0,Switzerland,domestic league (tier 2)
2020/06/26,Challenge League,0,Grasshopper Club Zürich,1583,1598.0,3 - 1,FC Lausanne-Sport,1689,1674.0,3,1,Switzerland,domestic league (tier 2)
2020/06/30,Challenge League,0,Grasshopper Club Zürich,1598,1604.0,4 - 1,FC Wil 1900,1421,1415.0,4,1,Switzerland,domestic league (tier 2)
2020/07/07,Challenge League,0,Grasshopper Club Zürich,1616,1622.0,4 - 0,Stade Lausanne-Ouchy,1433,1427.0,4,0,Switzerland,domestic league (tier 2)
2020/07/14,Challenge League,0,Grasshopper Club Zürich,1622,1624.0,2 - 1,FC Chiasso,1323,1321.0,2,1,Switzerland,domestic league (tier 2)
2020/07/21,Challenge League,0,Grasshopper Club Zürich,1618,1622.0,5 - 3,FC Schaffhausen,1391,1387.0,5,3,Switzerland,domestic league (tier 2)
2020/08/02,Challenge League,0,Grasshopper Club Zürich,1606,1574.0,0 - 6,FC Winterthur,1516,1548.0,0,6,Switzerland,domestic league (tier 2)
2020/09/18,Challenge League,0,Grasshopper Club Zürich,1582,1588.0,3 - 2,FC Winterthur,1546,1540.0,3,2,Switzerland,domestic league (tier 2)
2020/10/03,Challenge League,0,Grasshopper Club Zürich,1597,1606.0,3 - 0,FC Wil 1900,1501,1492.0,3,0,Switzerland,domestic league (tier 2)
2020/10/24,Challenge League,0,Grasshopper Club Zürich,1580,1583.0,2 - 1,FC Schaffhausen,1383,1380.0,2,1,Switzerland,domestic league (tier 2)
2020/11/02,Challenge League,0,Grasshopper Club Zürich,1592,1591.0,1 - 1,FC Thun,1650,1651.0,1,1,Switzerland,domestic league (tier 2)
2020/12/04,Challenge League,0,Grasshopper Club Zürich,1599,1605.0,2 - 0,SC Kriens,1465,1459.0,2,0,Switzerland,domestic league (tier 2)
2020/12/07,Challenge League,0,Grasshopper Club Zürich,1605,1614.0,3 - 0,Neuchâtel Xamax FCS,1510,1501.0,3,0,Switzerland,domestic league (tier 2)
2020/12/15,Challenge League,0,Grasshopper Club Zürich,1605,1607.0,2 - 1,FC Chiasso,1341,1339.0,2,1,Switzerland,domestic league (tier 2)
2021/01/22,Challenge League,0,Grasshopper Club Zürich,1595,1602.0,2 - 0,Stade Lausanne-Ouchy,1487,1480.0,2,0,Switzerland,domestic league (tier 2)
2021/02/06,Challenge League,0,Grasshopper Club Zürich,1602,1594.0,1 - 1,FC Chiasso,1317,1325.0,1,1,Switzerland,domestic league (tier 2)
2021/02/16,Challenge League,0,Grasshopper Club Zürich,1627,1632.0,2 - 1,FC Aarau,1528,1523.0,2,1,Switzerland,domestic league (tier 2)
2021/02/27,Challenge League,0,Grasshopper Club Zürich,1644,1638.0,1 - 1,FC Schaffhausen,1501,1507.0,1,1,Switzerland,domestic league (tier 2)
2021/03/05,Challenge League,0,Grasshopper Club Zürich,1637,1622.0,0 - 1,FC Winterthur,1548,1563.0,0,1,Switzerland,domestic league (tier 2)
2021/03/19,Challenge League,0,Grasshopper Club Zürich,1629,1638.0,4 - 1,FC Aarau,1536,1527.0,4,1,Switzerland,domestic league (tier 2)
2021/04/03,Challenge League,0,Grasshopper Club Zürich,1638,1609.0,1 - 4,Neuchâtel Xamax FCS,1476,1505.0,1,4,Switzerland,domestic league (tier 2)
2021/04/17,Challenge League,0,Grasshopper Club Zürich,1614,1617.0,1 - 0,FC Wil 1900,1430,1427.0,1,0,Switzerland,domestic league (tier 2)
2021/04/23,Challenge League,0,Grasshopper Club Zürich,1613,1624.0,3 - 1,FC Thun,1630,1619.0,3,1,Switzerland,domestic league (tier 2)
2021/05/07,Challenge League,0,Grasshopper Club Zürich,1614,1598.0,1 - 2,Stade Lausanne-Ouchy,1498,1514.0,1,2,Switzerland,domestic league (tier 2)
2021/05/20,Challenge League,0,Grasshopper Club Zürich,1588,1592.0,2 - 1,SC Kriens,1468,1464.0,2,1,Switzerland,domestic league (tier 2)
2022/07/24,Super League,0,Grasshopper Club Zürich,1670,1680.0,2 - 1,FC Lugano,1771,1761.0,2,1,Switzerland,domestic league (tier 1)
2022/08/06,Super League,0,Grasshopper Club Zürich,1688,1698.0,3 - 2,FC St. Gallen,1804,1794.0,3,2,Switzerland,domestic league (tier 1)
2022/09/04,Super League,0,Grasshopper Club Zürich,1696,1704.0,3 - 0,FC Winterthur,1574,1566.0,3,0,Switzerland,domestic league (tier 1)
2022/10/01,Super League,0,Grasshopper Club Zürich,1696,1695.0,1 - 1,FC Zürich,1762,1763.0,1,1,Switzerland,domestic league (tier 1)
2022/10/08,Super League,0,Grasshopper Club Zürich,1695,1693.0,4 - 4,FC Sion,1714,1716.0,4,4,Switzerland,domestic league (tier 1)
2022/10/20,Super League,0,Grasshopper Club Zürich,1683,1672.0,2 - 3,"Servette FC
(as Servette Genève)",1761,1772.0,2,3,Switzerland,domestic league (tier 1)
2022/10/29,Super League,0,Grasshopper Club Zürich,1698,1682.0,1 - 3,FC Luzern,1777,1793.0,1,3,Switzerland,domestic league (tier 1)
2022/11/12,Super League,0,Grasshopper Club Zürich,1677,1689.0,1 - 0,FC Basel,1835,1823.0,1,0,Switzerland,domestic league (tier 1)
2023/01/21,Super League,0,Grasshopper Club Zürich,1689,1684.0,1 - 2,BSC Young Boys,1985,1990.0,1,2,Switzerland,domestic league (tier 1)
2023/02/01,Switzerland Cup,0,Grasshopper Club Zürich,1689,1675.0,3 - 5,FC Basel,1812,1826.0,3,5,Switzerland,domestic cup
2023/02/04,Super League,0,Grasshopper Club Zürich,1675,1686.0,1 - 0,FC Basel,1826,1815.0,1,0,Switzerland,domestic league (tier 1)
2023/02/19,Super League,0,Grasshopper Club Zürich,1680,1670.0,1 - 2,FC Zürich,1771,1781.0,1,2,Switzerland,domestic league (tier 1)
2023/03/12,Super League,0,Grasshopper Club Zürich,1671,1677.0,2 - 1,FC Winterthur,1632,1626.0,2,1,Switzerland,domestic league (tier 1)
2023/04/02,Super League,0,Grasshopper Club Zürich,1689,1699.0,2 - 1,FC Lugano,1798,1788.0,2,1,Switzerland,domestic league (tier 1)
2023/04/16,Super League,0,Grasshopper Club Zürich,1696,1675.0,1 - 3,FC Sion,1650,1671.0,1,3,Switzerland,domestic league (tier 1)
2023/04/25,Super League,0,Grasshopper Club Zürich,1687,1714.0,4 - 1,BSC Young Boys,1997,1970.0,4,1,Switzerland,domestic league (tier 1)
2023/05/07,Super League,0,Grasshopper Club Zürich,1705,1694.0,2 - 3,Servette FC,1770,1781.0,2,3,Switzerland,domestic league (tier 1)
2023/05/13,Super League,0,Grasshopper Club Zürich,1694,1709.0,2 - 0,FC Luzern,1800,1785.0,2,0,Switzerland,domestic league (tier 1)
2023/05/25,Super League,0,Grasshopper Club Zürich,1704,1703.0,2 - 2,FC St. Gallen,1774,1775.0,2,2,Switzerland,domestic league (tier 1)
2023/07/22,Super League,0,Grasshopper Club Zürich,1696,1681.0,1 - 3,Servette FC,1807,1822.0,1,3,Switzerland,domestic league (tier 1)
2023/08/06,Super League,0,Grasshopper Club Zürich,1681,1697.0,3 - 1,FC Basel 1893,1800,1784.0,3,1,Switzerland,domestic league (tier 1)
2023/08/27,Super League,0,Grasshopper Club Zürich,1682,1672.0,0 - 1,FC Luzern,1765,1775.0,0,1,Switzerland,domestic league (tier 1)
2023/09/23,Super League,0,Grasshopper Club Zürich,1647,1648.0,1 - 1,FC St. Gallen,1783,1782.0,1,1,Switzerland,domestic league (tier 1)
2023/09/30,Super League,0,Grasshopper Club Zürich,1645,1641.0,0 - 1,BSC Young Boys,1969,1973.0,0,1,Switzerland,domestic league (tier 1)
2023/10/22,Super League,0,Grasshopper Club Zürich,1662,1674.0,2 - 1,FC Lugano,1828,1816.0,2,1,Switzerland,domestic league (tier 1)
2023/11/12,Super League,0,Grasshopper Club Zürich,1659,1669.0,5 - 2,Stade Lausanne-Ouchy,1592,1582.0,5,2,Switzerland,domestic league (tier 1)
2023/12/02,Super League,0,Grasshopper Club Zürich,1663,1676.0,5 - 0,FC Lausanne-Sport,1634,1621.0,5,0,Switzerland,domestic league (tier 1)
2023/12/16,Super League,0,Grasshopper Club Zürich,1690,1684.0,1 - 1,Yverdon Sport FC,1565,1571.0,1,1,Switzerland,domestic league (tier 1)
2024/01/28,Super League,0,Grasshopper Club Zürich,1682,1693.0,2 - 1,FC Zürich,1828,1817.0,2,1,Switzerland,domestic league (tier 1)
2024/02/03,Super League,0,Grasshopper Club Zürich,1697,1683.0,0 - 1,FC Winterthur,1651,1665.0,0,1,Switzerland,domestic league (tier 1)
2024/02/17,Super League,0,Grasshopper Club Zürich,1678,1687.0,2 - 1,FC Basel 1893,1756,1747.0,2,1,Switzerland,domestic league (tier 1)
2024/02/24,Super League,0,Grasshopper Club Zürich,1687,1675.0,0 - 1,FC Luzern,1727,1739.0,0,1,Switzerland,domestic league (tier 1)
2024/03/16,Super League,0,Grasshopper Club Zürich,1665,1664.0,1 - 1,FC St. Gallen,1727,1728.0,1,1,Switzerland,domestic league (tier 1)
2024/04/01,Super League,0,Grasshopper Club Zürich,1664,1651.0,0 - 1,FC Lausanne-Sport,1653,1666.0,0,1,Switzerland,domestic league (tier 1)
2024/04/13,Super League,0,Grasshopper Club Zürich,1638,1630.0,0 - 1,FC Lugano,1825,1833.0,0,1,Switzerland,domestic league (tier 1)
2024/05/04,Super League,0,Grasshopper Club Zürich,1627,1632.0,3 - 2,Stade Lausanne-Ouchy,1541,1536.0,3,2,Switzerland,domestic league (tier 1)
2024/05/14,Super League,0,Grasshopper Club Zürich,1637,1647.0,2 - 0,Yverdon Sport FC,1608,1598.0,2,0,Switzerland,domestic league (tier 1)
2024/05/18,Super League,0,Grasshopper Club Zürich,1647,1637.0,0 - 1,FC Basel 1893,1749,1759.0,0,1,Switzerland,domestic league (tier 1)
2024/05/26,Super League rel.,0,Grasshopper Club Zürich,1640,1636.0,1 - 1,FC Thun Berner Oberland,1592,1596.0,1,1,Switzerland,domestic relegation
2024/07/27,Super League,0,Grasshopper Club Zürich,1645,1643.0,2 - 2,FC Luzern,1687,1689.0,2,2,Switzerland,domestic league (tier 1)
2024/08/03,Super League,0,Grasshopper Club Zürich,1643,1625.0,0 - 3,FC Basel 1893,1732,1750.0,0,3,Switzerland,domestic league (tier 1)
2024/08/24,Super League,0,Grasshopper Club Zürich,1621,1635.0,3 - 1,FC Sion,1704,1690.0,3,1,Switzerland,domestic league (tier 1)
2024/09/21,Super League,0,Grasshopper Club Zürich,1646,1648.0,2 - 2,Servette FC,1818,1816.0,2,2,Switzerland,domestic league (tier 1)
2024/10/19,Super League,0,Grasshopper Club Zürich,1657,1648.0,1 - 2,FC Zürich,1800,1809.0,1,2,Switzerland,domestic league (tier 1)
2024/10/31,Super League,0,Grasshopper Club Zürich,1636,1639.0,1 - 1,FC Lugano,1837,1834.0,1,1,Switzerland,domestic league (tier 1)
2024/11/10,Super League,0,Grasshopper Club Zürich,1631,1622.0,1 - 2,FC St. Gallen,1749,1758.0,1,2,Switzerland,domestic league (tier 1)
2024/11/23,Super League,0,Grasshopper Club Zürich,1622,1619.0,1 - 1,FC Winterthur,1618,1621.0,1,1,Switzerland,domestic league (tier 1)
2024/12/03,Switzerland Cup,0,Grasshopper Club Zürich,1626,1618.0,0 - 1,FC Zürich,1786,1794.0,0,1,Switzerland,domestic cup
2024/12/07,Super League,0,Grasshopper Club Zürich,1618,1615.0,1 - 1,Yverdon Sport FC,1604,1607.0,1,1,Switzerland,domestic league (tier 1)
2025/01/25,Super League,0,Grasshopper Club Zürich,1647,1649.0,0 - 0,BSC Young Boys,1817,1815.0,0,0,Switzerland,domestic league (tier 1)
2025/02/04,Super League,0,Grasshopper Club Zürich,1655,1655.0,2 - 2,FC Lausanne-Sport,1747,1747.0,2,2,Switzerland,domestic league (tier 1)
2025/02/16,Super League,0,Grasshopper Club Zürich,1662,1653.0,1 - 2,Servette FC,1808,1817.0,1,2,Switzerland,domestic league (tier 1)
2025/03/02,Super League,0,Grasshopper Club Zürich,1658,1670.0,1 - 0,BSC Young Boys,1832,1820.0,1,0,Switzerland,domestic league (tier 1)
2025/03/16,Super League,0,Grasshopper Club Zürich,1661,1659.0,1 - 1,FC Sion,1694,1696.0,1,1,Switzerland,domestic league (tier 1)
2025/03/30,Super League,0,Grasshopper Club Zürich,1659,1648.0,1 - 2,FC Zürich,1738,1749.0,1,2,Switzerland,domestic league (tier 1)
2025/04/06,Super League,0,Grasshopper Club Zürich,1645,1660.0,3 - 1,FC Luzern,1750,1735.0,3,1,Switzerland,domestic league (tier 1)
2025/04/19,Super League,0,Grasshopper Club Zürich,1672,1657.0,0 - 1,FC Winterthur,1601,1616.0,0,1,Switzerland,domestic league (tier 1)
2025/05/14,Super League,0,Grasshopper Club Zürich,1635,1648.0,5 - 0,Yverdon Sport FC,1608,1595.0,5,0,Switzerland,domestic league (tier 1)
2025/05/22,Super League,0,Grasshopper Club Zürich,1641,1655.0,2 - 0,FC St. Gallen,1716,1702.0,2,0,Switzerland,domestic league (tier 1)
2025/05/27,Super League rel.,0,Grasshopper Club Zürich,1655,1663.0,4 - 0,FC Aarau,1522,1514.0,4,0,Switzerland,domestic relegation
2025/07/26,Super League,0,Grasshopper Club Zürich,1652,1641.0,2 - 3,FC Luzern,1706,1717.0,2,3,Switzerland,domestic league (tier 1)
2025/08/24,Super League,0,Grasshopper Club Zürich,1644,1641.0,2 - 2,FC Winterthur,1641,1644.0,2,2,Switzerland,domestic league (tier 1)
2025/09/14,Super League,0,Grasshopper Club Zürich,1644,1658.0,3 - 1,FC Lausanne-Sport,1722,1708.0,3,1,Switzerland,domestic league (tier 1)
2025/10/04,Super League,0,Grasshopper Club Zürich,1657,1673.0,3 - 0,FC Zürich,1719,1703.0,3,0,Switzerland,domestic league (tier 1)
2025/10/19,Super League,0,Grasshopper Club Zürich,1673,1661.0,0 - 1,FC Sion,1689,1701.0,0,1,Switzerland,domestic league (tier 1)
2025/10/30,Super League,0,Grasshopper Club Zürich,1650,1652.0,3 - 3,BSC Young Boys,1827,1825.0,3,3,Switzerland,domestic league (tier 1)
2025/11/23,Super League,0,Grasshopper Club Zürich,1652,1655.0,1 - 1,FC Basel 1893,1871,1868.0,1,1,Switzerland,domestic league (tier 1)
2025/12/06,Super League,0,Grasshopper Club Zürich,1652,1641.0,0 - 1,Servette FC,1729,1740.0,0,1,Switzerland,domestic league (tier 1)
2025/12/21,Super League,0,Grasshopper Club Zürich,1668,1658.0,1 - 2,FC St. Gallen,1761,1771.0,1,2,Switzerland,domestic league (tier 1)
2026/01/18,Super League,0,Grasshopper Club Zürich,1658,1642.0,1 - 3,FC Thun Berner Oberland,1724,1740.0,1,3,Switzerland,domestic league (tier 1)
2026/01/31,Super League,0,Grasshopper Club Zürich,1647,1648.0,1 - 1,FC Lugano,1788,1787.0,1,1,Switzerland,domestic league (tier 1)
2026/02/03,Switzerland Cup,0,Grasshopper Club Zürich,1648,1658.0,4 - 3,FC Sion,1733,1723.0,4,3,Switzerland,domestic cup
2026/02/07,Super League,0,Grasshopper Club Zürich,1658,1658.0,1 - 1,BSC Young Boys,1759,1759.0,1,1,Switzerland,domestic league (tier 1)
2026/02/21,Super League,0,Grasshopper Club Zürich,1657,1644.0,1 - 2,FC Zürich,1646,1659.0,1,2,Switzerland,domestic league (tier 1)
2026/03/01,Super League,0,Grasshopper Club Zürich,1644,1655.0,1 - 0,FC Lugano,1789,1778.0,1,0,Switzerland,domestic league (tier 1)
2026/03/08,Super League,0,Grasshopper Club Zürich,1651,1640.0,2 - 3,FC Lausanne-Sport,1707,1718.0,2,3,Switzerland,domestic league (tier 1)
2026/04/06,Super League,0,Grasshopper Club Zürich,1624,1606.0,0 - 4,FC Sion,1738,1756.0,0,4,Switzerland,domestic league (tier 1)
2026/04/25,Super League,0,Grasshopper Club Zürich,1607,1597.0,1 - 2,FC Luzern,1701,1711.0,1,2,Switzerland,domestic league (tier 1)
2026/05/03,Super League,0,Grasshopper Club Zürich,1597,1584.0,0 - 2,Servette FC,1746,1759.0,0,2,Switzerland,domestic league (tier 1)
2026/05/12,Super League,0,Grasshopper Club Zürich,1578,1584.0,3 - 2,FC Winterthur,1544,1538.0,3,2,Switzerland,domestic league (tier 1)
2026/05/21,Super League rel.,0,Grasshopper Club Zürich,1609,1616.0,2 - 1,FC Aarau,1619,1612.0,2,1,Switzerland,domestic relegation
2026/08/02,Super League,0,Grasshopper Club Zürich,1619,1606.0,1 - 4,FC Lugano,1813,1826.0,1,4,Switzerland,domestic league (tier 1)
2026/09/02,Super League,0,Grasshopper Club Zürich,1589,1609.0,2 - 0,FC St. Gallen,1821,1801.0,2,0,Switzerland,domestic league (tier 1)
2026/09/05,Super League,0,Grasshopper Club Zürich,1609,,Info,FC Zürich,1601,,,,Switzerland,domestic league (tier 1)
2016/07/24,Super League,0,Grasshopper Club Zürich (as Grasshoppers Zürich),1781,1785.0,2 - 0,FC Lausanne-Sport,1561,1557.0,2,0,Switzerland,domestic league (tier 1)
2016/08/21,Super League,0,Grasshopper Club Zürich (as Grasshoppers Zürich),1758,1765.0,2 - 1,FC Sion,1751,1744.0,2,1,Switzerland,domestic league (tier 1)
2016/08/28,Super League,0,Grasshopper Club Zürich (as Grasshoppers Zürich),1753,1772.0,4 - 1,BSC Young Boys,1886,1867.0,4,1,Switzerland,domestic league (tier 1)
2016/09/25,Super League,0,Grasshopper Club Zürich (as Grasshoppers Zürich),1756,1761.0,2 - 1,FC Vaduz,1671,1666.0,2,1,Switzerland,domestic league (tier 1)
2016/10/02,Super League,0,Grasshopper Club Zürich (as Grasshoppers Zürich),1761,1769.0,3 - 2,FC Luzern,1806,1798.0,3,2,Switzerland,domestic league (tier 1)
2016/10/29,Super League,0,Grasshopper Club Zürich (as Grasshoppers Zürich),1741,1733.0,0 - 2,FC Basel,2011,2019.0,0,2,Switzerland,domestic league (tier 1)
2016/11/19,Super League,0,Grasshopper Club Zürich (as Grasshoppers Zürich),1734,1730.0,1 - 1,FC Thun,1689,1693.0,1,1,Switzerland,domestic league (tier 1)
2016/11/26,Super League,0,Grasshopper Club Zürich (as Grasshoppers Zürich),1730,1726.0,2 - 2,FC St. Gallen,1663,1667.0,2,2,Switzerland,domestic league (tier 1)
2016/12/11,Super League,0,Grasshopper Club Zürich (as Grasshoppers Zürich),1736,1731.0,0 - 0,FC Lugano,1652,1657.0,0,0,Switzerland,domestic league (tier 1)
2017/02/04,Super League,0,Grasshopper Club Zürich (as Grasshoppers Zürich),1731,1717.0,0 - 1,FC Thun,1680,1694.0,0,1,Switzerland,domestic league (tier 1)
2017/02/19,Super League,0,Grasshopper Club Zürich (as Grasshoppers Zürich),1701,1692.0,0 - 1,FC Sion,1819,1828.0,0,1,Switzerland,domestic league (tier 1)
2017/02/25,Super League,0,Grasshopper Club Zürich (as Grasshoppers Zürich),1692,1685.0,2 - 3,BSC Young Boys,1905,1912.0,2,3,Switzerland,domestic league (tier 1)
2017/03/11,Super League,0,Grasshopper Club Zürich (as Grasshoppers Zürich),1691,1677.0,1 - 2,FC Vaduz,1644,1658.0,1,2,Switzerland,domestic league (tier 1)
2017/04/08,Super League,0,Grasshopper Club Zürich (as Grasshoppers Zürich),1676,1687.0,3 - 1,FC St. Gallen,1690,1679.0,3,1,Switzerland,domestic league (tier 1)
2017/04/22,Super League,0,Grasshopper Club Zürich (as Grasshoppers Zürich),1704,1722.0,4 - 1,FC Luzern,1816,1798.0,4,1,Switzerland,domestic league (tier 1)
2017/04/30,Super League,0,Grasshopper Club Zürich (as Grasshoppers Zürich),1722,1709.0,0 - 1,FC Lugano,1731,1744.0,0,1,Switzerland,domestic league (tier 1)
2017/05/14,Super League,0,Grasshopper Club Zürich (as Grasshoppers Zürich),1726,1720.0,1 - 1,FC Lausanne-Sport,1611,1617.0,1,1,Switzerland,domestic league (tier 1)
2017/05/28,Super League,0,Grasshopper Club Zürich (as Grasshoppers Zürich),1694,1687.0,1 - 3,FC Basel,1997,2004.0,1,3,Switzerland,domestic league (tier 1)
2016/07/23,Challenge League,0,Neuchâtel Xamax FCS,1610,1616.0,2 - 1,Servette FC (as Servette Genève),1547,1541.0,2,1,Switzerland,domestic league (tier 2)
2016/08/07,Challenge League,0,Neuchâtel Xamax FCS,1614,1619.0,3 - 2,FC Wil 1900,1507,1502.0,3,2,Switzerland,domestic league (tier 2)
2016/08/29,Challenge League,0,Neuchâtel Xamax FCS,1623,1635.0,4 - 1,FC Aarau,1602,1590.0,4,1,Switzerland,domestic league (tier 2)
2016/09/10,Challenge League,0,Neuchâtel Xamax FCS,1635,1641.0,2 - 0,FC Schaffhausen,1504,1498.0,2,0,Switzerland,domestic league (tier 2)
2016/10/01,Challenge League,0,Neuchâtel Xamax FCS,1624,1632.0,4 - 1,FC Winterthur,1501,1493.0,4,1,Switzerland,domestic league (tier 2)
2016/10/17,Challenge League,0,Neuchâtel Xamax FCS,1632,1601.0,1 - 4,FC Wohlen,1388,1419.0,1,4,Switzerland,domestic league (tier 2)
2016/10/30,Challenge League,0,Neuchâtel Xamax FCS,1602,1591.0,1 - 3,FC Zürich,1794,1805.0,1,3,Switzerland,domestic league (tier 2)
2016/11/19,Challenge League,0,Neuchâtel Xamax FCS,1606,1611.0,3 - 0,FC Chiasso,1399,1394.0,3,0,Switzerland,domestic league (tier 2)
2016/12/05,Challenge League,0,Neuchâtel Xamax FCS,1623,1626.0,2 - 1,FC Le Mont,1388,1385.0,2,1,Switzerland,domestic league (tier 2)
2017/02/05,Challenge League,0,Neuchâtel Xamax FCS,1626,1631.0,3 - 1,FC Wohlen,1449,1444.0,3,1,Switzerland,domestic league (tier 2)
2017/02/25,Challenge League,0,Neuchâtel Xamax FCS,1648,1654.0,3 - 1,FC Wil 1900,1516,1510.0,3,1,Switzerland,domestic league (tier 2)
2017/03/04,Challenge League,0,Neuchâtel Xamax FCS,1654,1628.0,0 - 2,FC Schaffhausen,1433,1459.0,0,2,Switzerland,domestic league (tier 2)
2017/04/02,Challenge League,0,Neuchâtel Xamax FCS,1641,1649.0,3 - 1,FC Aarau,1556,1548.0,3,1,Switzerland,domestic league (tier 2)
2017/04/17,Challenge League,0,Neuchâtel Xamax FCS,1651,1656.0,3 - 0,FC Chiasso,1430,1425.0,3,0,Switzerland,domestic league (tier 2)
2017/04/24,Challenge League,0,Neuchâtel Xamax FCS,1656,1658.0,1 - 1,FC Zürich,1809,1807.0,1,1,Switzerland,domestic league (tier 2)
2017/05/14,Challenge League,0,Neuchâtel Xamax FCS,1676,1681.0,1 - 0,Servette FC (as Servette Genève),1585,1580.0,1,0,Switzerland,domestic league (tier 2)
2017/05/22,Challenge League,0,Neuchâtel Xamax FCS,1670,1662.0,2 - 2,FC Le Mont,1359,1367.0,2,2,Switzerland,domestic league (tier 2)
2017/05/27,Challenge League,0,Neuchâtel Xamax FCS,1662,1667.0,4 - 1,FC Winterthur,1456,1451.0,4,1,Switzerland,domestic league (tier 2)
2017/07/21,Challenge League,0,Neuchâtel Xamax FCS,1648,1652.0,2 - 1,FC Aarau,1500,1496.0,2,1,Switzerland,domestic league (tier 2)
2017/08/06,Challenge League,0,Neuchâtel Xamax FCS,1662,1671.0,3 - 1,FC Vaduz,1620,1611.0,3,1,Switzerland,domestic league (tier 2)
2017/08/18,Challenge League,0,Neuchâtel Xamax FCS,1677,1662.0,0 - 1,FC Schaffhausen,1589,1604.0,0,1,Switzerland,domestic league (tier 2)
2017/08/28,Challenge League,0,Neuchâtel Xamax FCS,1662,1665.0,2 - 0,FC Rapperswil-Jona,1369,1366.0,2,0,Switzerland,domestic league (tier 2)
2017/09/20,Challenge League,0,Neuchâtel Xamax FCS,1670,1676.0,3 - 2,Servette FC (as Servette Genève),1627,1621.0,3,2,Switzerland,domestic league (tier 2)
2017/10/15,Challenge League,0,Neuchâtel Xamax FCS,1662,1667.0,4 - 1,FC Chiasso,1446,1441.0,4,1,Switzerland,domestic league (tier 2)
2017/10/29,Challenge League,0,Neuchâtel Xamax FCS,1687,1690.0,4 - 2,FC Wohlen,1409,1406.0,4,2,Switzerland,domestic league (tier 2)
2017/11/25,Challenge League,0,Neuchâtel Xamax FCS,1695,1697.0,3 - 1,FC Wil 1900,1355,1353.0,3,1,Switzerland,domestic league (tier 2)
2017/12/08,Challenge League,0,Neuchâtel Xamax FCS,1708,1710.0,2 - 1,FC Winterthur,1400,1398.0,2,1,Switzerland,domestic league (tier 2)
2018/02/09,Challenge League,0,Neuchâtel Xamax FCS,1709,1713.0,3 - 1,FC Aarau,1494,1490.0,3,1,Switzerland,domestic league (tier 2)
2018/02/19,Challenge League,0,Neuchâtel Xamax FCS,1713,1708.0,1 - 1,Servette FC (as Servette Genève),1635,1640.0,1,1,Switzerland,domestic league (tier 2)
2018/03/11,Challenge League,0,Neuchâtel Xamax FCS,1712,1715.0,1 - 0,FC Schaffhausen,1523,1520.0,1,0,Switzerland,domestic league (tier 2)
2018/03/31,Challenge League,0,Neuchâtel Xamax FCS,1721,1724.0,1 - 0,FC Rapperswil-Jona,1491,1488.0,1,0,Switzerland,domestic league (tier 2)
2018/04/13,Challenge League,0,Neuchâtel Xamax FCS,1729,1736.0,3 - 1,FC Vaduz,1610,1603.0,3,1,Switzerland,domestic league (tier 2)
2018/04/30,Challenge League,0,Neuchâtel Xamax FCS,1729,1731.0,1 - 0,FC Chiasso,1398,1396.0,1,0,Switzerland,domestic league (tier 2)
2018/05/04,Challenge League,0,Neuchâtel Xamax FCS,1731,1722.0,3 - 3,FC Winterthur,1389,1398.0,3,3,Switzerland,domestic league (tier 2)
2018/05/13,Challenge League,0,Neuchâtel Xamax FCS,1709,1711.0,4 - 1,FC Wohlen,1306,1304.0,4,1,Switzerland,domestic league (tier 2)
2018/05/21,Challenge League,0,Neuchâtel Xamax FCS,1718,1722.0,6 - 3,FC Wil 1900,1449,1445.0,6,3,Switzerland,domestic league (tier 2)
2018/07/28,Super League,0,Neuchâtel Xamax FCS,1744,1748.0,1 - 1,FC Basel,1978,1974.0,1,1,Switzerland,domestic league (tier 1)
2018/08/11,Super League,0,Neuchâtel Xamax FCS,1736,1711.0,1 - 5,FC Thun,1709,1734.0,1,5,Switzerland,domestic league (tier 1)
2018/09/02,Super League,0,Neuchâtel Xamax FCS,1710,1696.0,2 - 3,FC St. Gallen,1674,1688.0,2,3,Switzerland,domestic league (tier 1)
2018/09/26,Super League,0,Neuchâtel Xamax FCS,1688,1696.0,2 - 1,FC Lugano,1734,1726.0,2,1,Switzerland,domestic league (tier 1)
2018/10/07,Super League,0,Neuchâtel Xamax FCS,1702,1701.0,1 - 1,FC Sion,1756,1757.0,1,1,Switzerland,domestic league (tier 1)
2018/10/28,Super League,0,Neuchâtel Xamax FCS,1709,1697.0,1 - 2,FC Luzern,1735,1747.0,1,2,Switzerland,domestic league (tier 1)
2018/11/11,Super League,0,Neuchâtel Xamax FCS,1693,1679.0,2 - 3,Grasshopper Club Zürich,1648,1662.0,2,3,Switzerland,domestic league (tier 1)
2018/11/24,Super League,0,Neuchâtel Xamax FCS,1679,1681.0,3 - 3,FC Zürich,1852,1850.0,3,3,Switzerland,domestic league (tier 1)
2018/12/16,Super League,0,Neuchâtel Xamax FCS,1677,1670.0,1 - 4,BSC Young Boys,2032,2039.0,1,4,Switzerland,domestic league (tier 1)
2019/02/10,Super League,0,Neuchâtel Xamax FCS,1668,1678.0,2 - 1,FC Luzern,1765,1755.0,2,1,Switzerland,domestic league (tier 1)
2019/02/23,Super League,0,Neuchâtel Xamax FCS,1690,1681.0,0 - 2,FC Basel,1936,1945.0,0,2,Switzerland,domestic league (tier 1)
2019/03/09,Super League,0,Neuchâtel Xamax FCS,1669,1684.0,3 - 1,FC Sion,1763,1748.0,3,1,Switzerland,domestic league (tier 1)
2019/03/31,Super League,0,Neuchâtel Xamax FCS,1679,1690.0,3 - 2,FC Thun,1801,1790.0,3,2,Switzerland,domestic league (tier 1)
2019/04/06,Super League,0,Neuchâtel Xamax FCS,1694,1680.0,0 - 1,FC St. Gallen,1667,1681.0,0,1,Switzerland,domestic league (tier 1)
2019/04/22,Super League,0,Neuchâtel Xamax FCS,1695,1711.0,1 - 0,BSC Young Boys,2043,2027.0,1,0,Switzerland,domestic league (tier 1)
2019/04/27,Super League,0,Neuchâtel Xamax FCS,1711,1706.0,1 - 1,Grasshopper Club Zürich,1629,1634.0,1,1,Switzerland,domestic league (tier 1)
2019/05/11,Super League,0,Neuchâtel Xamax FCS,1727,1715.0,1 - 2,FC Zürich,1746,1758.0,1,2,Switzerland,domestic league (tier 1)
2019/05/22,Super League,0,Neuchâtel Xamax FCS,1708,1707.0,1 - 1,FC Lugano,1781,1782.0,1,1,Switzerland,domestic league (tier 1)
2019/07/28,Super League,0,Neuchâtel Xamax FCS,1701,1696.0,0 - 1,BSC Young Boys,2008,2013.0,0,1,Switzerland,domestic league (tier 1)
2019/08/04,Super League,0,Neuchâtel Xamax FCS,1696,1694.0,1 - 1,FC St. Gallen,1716,1718.0,1,1,Switzerland,domestic league (tier 1)
2019/08/24,Super League,0,Neuchâtel Xamax FCS,1701,1691.0,0 - 3,FC Basel,1967,1977.0,0,3,Switzerland,domestic league (tier 1)
2019/09/21,Super League,0,Neuchâtel Xamax FCS,1705,1689.0,1 - 3,FC Sion,1783,1799.0,1,3,Switzerland,domestic league (tier 1)
2019/10/05,Super League,0,Neuchâtel Xamax FCS,1697,1694.0,2 - 2,Servette FC (as Servette Genève),1700,1703.0,2,2,Switzerland,domestic league (tier 1)
2019/10/26,Super League,0,Neuchâtel Xamax FCS,1691,1705.0,2 - 0,FC Luzern,1767,1753.0,2,0,Switzerland,domestic league (tier 1)
2019/11/09,Super League,0,Neuchâtel Xamax FCS,1697,1683.0,2 - 3,FC Thun,1654,1668.0,2,3,Switzerland,domestic league (tier 1)
2019/11/30,Super League,0,Neuchâtel Xamax FCS,1675,1665.0,0 - 1,FC Zürich,1779,1789.0,0,1,Switzerland,domestic league (tier 1)
2019/12/07,Super League,0,Neuchâtel Xamax FCS,1665,1664.0,1 - 1,FC Lugano,1747,1748.0,1,1,Switzerland,domestic league (tier 1)
2020/01/25,Super League,0,Neuchâtel Xamax FCS,1668,1658.0,1 - 2,Servette FC (as Servette Genève),1782,1792.0,1,2,Switzerland,domestic league (tier 1)
2020/02/09,Super League,0,Neuchâtel Xamax FCS,1663,1653.0,0 - 1,FC Luzern,1754,1764.0,0,1,Switzerland,domestic league (tier 1)
2020/06/20,Super League,0,Neuchâtel Xamax FCS,1672,1679.0,2 - 1,FC Thun,1659,1652.0,2,1,Switzerland,domestic league (tier 1)
2020/06/24,Super League,0,Neuchâtel Xamax FCS,1679,1675.0,1 - 2,FC Basel,1994,1998.0,1,2,Switzerland,domestic league (tier 1)
2020/07/01,Super League,0,Neuchâtel Xamax FCS,1671,1662.0,1 - 2,FC St. Gallen,1810,1819.0,1,2,Switzerland,domestic league (tier 1)
2020/07/07,Super League,0,Neuchâtel Xamax FCS,1660,1660.0,1 - 1,FC Zürich,1774,1774.0,1,1,Switzerland,domestic league (tier 1)
2020/07/16,Super League,0,Neuchâtel Xamax FCS,1647,1645.0,0 - 0,FC Sion,1683,1685.0,0,0,Switzerland,domestic league (tier 1)
2020/07/23,Super League,0,Neuchâtel Xamax FCS,1661,1657.0,0 - 1,BSC Young Boys,1978,1982.0,0,1,Switzerland,domestic league (tier 1)
2020/08/03,Super League,0,Neuchâtel Xamax FCS,1642,1633.0,0 - 1,FC Lugano,1787,1796.0,0,1,Switzerland,domestic league (tier 1)
2020/09/25,Challenge League,0,Neuchâtel Xamax FCS,1588,1558.0,0 - 3,FC Schaffhausen,1375,1405.0,0,3,Switzerland,domestic league (tier 2)
2020/10/16,Challenge League,0,Neuchâtel Xamax FCS,1581,1589.0,1 - 0,Grasshopper Club Zürich,1606,1598.0,1,0,Switzerland,domestic league (tier 2)
2020/10/20,Challenge League,0,Neuchâtel Xamax FCS,1589,1594.0,2 - 1,FC Wil 1900,1479,1474.0,2,1,Switzerland,domestic league (tier 2)
2020/12/01,Challenge League,0,Neuchâtel Xamax FCS,1546,1531.0,0 - 1,Stade Lausanne-Ouchy,1455,1470.0,0,1,Switzerland,domestic league (tier 2)
2020/12/04,Challenge League,0,Neuchâtel Xamax FCS,1531,1510.0,2 - 4,FC Aarau,1475,1496.0,2,4,Switzerland,domestic league (tier 2)
2020/12/15,Challenge League,0,Neuchâtel Xamax FCS,1490,1482.0,1 - 2,FC Thun,1660,1668.0,1,2,Switzerland,domestic league (tier 2)
2020/12/22,Challenge League,0,Neuchâtel Xamax FCS,1475,1490.0,2 - 0,FC Winterthur,1571,1556.0,2,0,Switzerland,domestic league (tier 2)
2021/01/22,Challenge League,0,Neuchâtel Xamax FCS,1490,1476.0,0 - 1,SC Kriens,1428,1442.0,0,1,Switzerland,domestic league (tier 2)
2021/01/29,Challenge League,0,Neuchâtel Xamax FCS,1476,1482.0,2 - 0,FC Chiasso,1322,1316.0,2,0,Switzerland,domestic league (tier 2)
2021/02/05,Challenge League,0,Neuchâtel Xamax FCS,1474,1461.0,0 - 3,FC Thun,1672,1685.0,0,3,Switzerland,domestic league (tier 2)
2021/02/20,Challenge League,0,Neuchâtel Xamax FCS,1461,1476.0,3 - 1,FC Winterthur,1565,1550.0,3,1,Switzerland,domestic league (tier 2)
2021/03/02,Challenge League,0,Neuchâtel Xamax FCS,1467,1471.0,2 - 1,FC Chiasso,1332,1328.0,2,1,Switzerland,domestic league (tier 2)
2021/03/12,Challenge League,0,Neuchâtel Xamax FCS,1464,1478.0,3 - 0,FC Schaffhausen,1495,1481.0,3,0,Switzerland,domestic league (tier 2)
2021/03/19,Challenge League,0,Neuchâtel Xamax FCS,1478,1476.0,0 - 0,Stade Lausanne-Ouchy,1523,1525.0,0,0,Switzerland,domestic league (tier 2)
2021/04/10,Challenge League,0,Neuchâtel Xamax FCS,1505,1493.0,0 - 1,FC Aarau,1546,1558.0,0,1,Switzerland,domestic league (tier 2)
2021/04/20,Challenge League,0,Neuchâtel Xamax FCS,1499,1473.0,0 - 3,SC Kriens,1424,1450.0,0,3,Switzerland,domestic league (tier 2)
2021/05/07,Challenge League,0,Neuchâtel Xamax FCS,1474,1470.0,2 - 2,FC Wil 1900,1443,1447.0,2,2,Switzerland,domestic league (tier 2)
2021/05/14,Challenge League,0,Neuchâtel Xamax FCS,1474,1474.0,1 - 1,Grasshopper Club Zürich,1588,1588.0,1,1,Switzerland,domestic league (tier 2)
2022/07/22,Challenge League,0,Neuchâtel Xamax FCS,1465,1455.0,1 - 2,FC Aarau,1578,1588.0,1,2,Switzerland,domestic league (tier 2)
2022/08/05,Challenge League,0,Neuchâtel Xamax FCS,1449,1436.0,2 - 3,Yverdon Sport FC,1442,1455.0,2,3,Switzerland,domestic league (tier 2)
2022/08/12,Challenge League,0,Neuchâtel Xamax FCS,1436,1428.0,0 - 1,FC Lausanne-Sport,1619,1627.0,0,1,Switzerland,domestic league (tier 2)
2022/09/11,Challenge League,0,Neuchâtel Xamax FCS,1415,1416.0,1 - 1,FC Vaduz,1552,1551.0,1,1,Switzerland,domestic league (tier 2)
2022/09/16,Switzerland Cup,0,Neuchâtel Xamax FCS,1416,1402.0,1 - 2,FC Thun Berner Oberland,1355,1369.0,1,2,Switzerland,domestic cup
2022/10/07,Challenge League,0,Neuchâtel Xamax FCS,1394,1414.0,4 - 0,AC Bellinzona,1514,1494.0,4,0,Switzerland,domestic league (tier 2)
2022/10/17,Challenge League,0,Neuchâtel Xamax FCS,1411,1413.0,1 - 1,FC Schaffhausen,1565,1563.0,1,1,Switzerland,domestic league (tier 2)
2022/10/28,Challenge League,0,Neuchâtel Xamax FCS,1419,1415.0,2 - 2,FC Thun Berner Oberland,1353,1357.0,2,2,Switzerland,domestic league (tier 2)
2022/11/11,Challenge League,0,Neuchâtel Xamax FCS,1421,1432.0,2 - 1,Stade Lausanne-Ouchy,1546,1535.0,2,1,Switzerland,domestic league (tier 2)
2022/11/18,Challenge League,0,Neuchâtel Xamax FCS,1432,1432.0,1 - 1,FC Wil 1900,1525,1525.0,1,1,Switzerland,domestic league (tier 2)
2023/01/29,Challenge League,0,Neuchâtel Xamax FCS,1423,1423.0,1 - 1,FC Schaffhausen,1520,1520.0,1,1,Switzerland,domestic league (tier 2)
2023/02/10,Challenge League,0,Neuchâtel Xamax FCS,1415,1407.0,2 - 3,FC Lausanne-Sport,1603,1611.0,2,3,Switzerland,domestic league (tier 2)
2023/03/03,Challenge League,0,Neuchâtel Xamax FCS,1418,1419.0,0 - 0,FC Aarau,1539,1538.0,0,0,Switzerland,domestic league (tier 2)
2023/03/12,Challenge League,0,Neuchâtel Xamax FCS,1419,1409.0,1 - 2,Yverdon Sport FC,1516,1526.0,1,2,Switzerland,domestic league (tier 2)
2023/04/02,Challenge League,0,Neuchâtel Xamax FCS,1412,1412.0,1 - 1,Stade Lausanne-Ouchy,1511,1511.0,1,1,Switzerland,domestic league (tier 2)
2023/04/14,Challenge League,0,Neuchâtel Xamax FCS,1405,1395.0,0 - 1,FC Wil 1900,1495,1505.0,0,1,Switzerland,domestic league (tier 2)
2023/04/28,Challenge League,0,Neuchâtel Xamax FCS,1388,1388.0,1 - 1,FC Thun Berner Oberland,1501,1501.0,1,1,Switzerland,domestic league (tier 2)
2023/05/19,Challenge League,0,Neuchâtel Xamax FCS,1378,1392.0,3 - 0,AC Bellinzona,1416,1402.0,3,0,Switzerland,domestic league (tier 2)
2023/05/27,Challenge League,0,Neuchâtel Xamax FCS,1397,1377.0,1 - 6,FC Vaduz,1495,1515.0,1,6,Switzerland,domestic league (tier 2)
2023/07/21,Challenge League,0,Neuchâtel Xamax FCS,1377,1396.0,3 - 0,FC Schaffhausen,1508,1489.0,3,0,Switzerland,domestic league (tier 2)
2023/08/11,Challenge League,0,Neuchâtel Xamax FCS,1417,1434.0,4 - 0,FC Thun Berner Oberland,1478,1461.0,4,0,Switzerland,domestic league (tier 2)
2023/09/01,Challenge League,0,Neuchâtel Xamax FCS,1438,1433.0,1 - 1,AC Bellinzona,1358,1363.0,1,1,Switzerland,domestic league (tier 2)
2023/09/15,Switzerland Cup,0,Neuchâtel Xamax FCS,1433,1432.0,0 - 1,BSC Young Boys,1988,1989.0,0,1,Switzerland,domestic cup
2023/09/26,Challenge League,0,Neuchâtel Xamax FCS,1424,1407.0,1 - 2,FC Baden,1200,1217.0,1,2,Switzerland,domestic league (tier 2)
2023/09/29,Challenge League,0,Neuchâtel Xamax FCS,1407,1395.0,0 - 3,FC Sion,1612,1624.0,0,3,Switzerland,domestic league (tier 2)
2023/10/20,Challenge League,0,Neuchâtel Xamax FCS,1401,1399.0,1 - 1,FC Stade Nyonnais,1418,1420.0,1,1,Switzerland,domestic league (tier 2)
2023/11/03,Challenge League,0,Neuchâtel Xamax FCS,1396,1395.0,2 - 2,FC Wil 1900,1447,1448.0,2,2,Switzerland,domestic league (tier 2)
2023/12/01,Challenge League,0,Neuchâtel Xamax FCS,1415,1414.0,1 - 1,FC Vaduz,1481,1482.0,1,1,Switzerland,domestic league (tier 2)
2023/12/15,Challenge League,0,Neuchâtel Xamax FCS,1407,1417.0,2 - 1,FC Aarau,1517,1507.0,2,1,Switzerland,domestic league (tier 2)
2024/01/26,Challenge League,0,Neuchâtel Xamax FCS,1417,1410.0,1 - 1,FC Baden,1222,1229.0,1,1,Switzerland,domestic league (tier 2)
2024/02/09,Challenge League,0,Neuchâtel Xamax FCS,1401,1388.0,0 - 1,AC Bellinzona,1407,1420.0,0,1,Switzerland,domestic league (tier 2)
2024/02/23,Challenge League,0,Neuchâtel Xamax FCS,1408,1429.0,4 - 0,FC Thun Berner Oberland,1551,1530.0,4,0,Switzerland,domestic league (tier 2)
2024/03/08,Challenge League,0,Neuchâtel Xamax FCS,1421,1426.0,0 - 0,FC Sion,1694,1689.0,0,0,Switzerland,domestic league (tier 2)
2024/03/29,Challenge League,0,Neuchâtel Xamax FCS,1430,1438.0,2 - 1,FC Schaffhausen,1447,1439.0,2,1,Switzerland,domestic league (tier 2)
2024/04/12,Challenge League,0,Neuchâtel Xamax FCS,1437,1450.0,3 - 1,FC Aarau,1493,1480.0,3,1,Switzerland,domestic league (tier 2)
2024/04/23,Challenge League,0,Neuchâtel Xamax FCS,1453,1450.0,2 - 2,FC Wil 1900,1433,1436.0,2,2,Switzerland,domestic league (tier 2)
2024/05/11,Challenge League,0,Neuchâtel Xamax FCS,1462,1460.0,1 - 1,FC Vaduz,1509,1511.0,1,1,Switzerland,domestic league (tier 2)
2024/05/17,Challenge League,0,Neuchâtel Xamax FCS,1460,1470.0,4 - 0,FC Stade Nyonnais,1395,1385.0,4,0,Switzerland,domestic league (tier 2)
2024/07/19,Challenge League,0,Neuchâtel Xamax FCS,1466,1475.0,3 - 2,Stade Lausanne-Ouchy,1543,1534.0,3,2,Switzerland,domestic league (tier 2)
2024/08/09,Challenge League,0,Neuchâtel Xamax FCS,1477,1473.0,2 - 2,AC Bellinzona,1411,1415.0,2,2,Switzerland,domestic league (tier 2)
2024/08/30,Challenge League,0,Neuchâtel Xamax FCS,1448,1463.0,4 - 1,FC Vaduz,1491,1476.0,4,1,Switzerland,domestic league (tier 2)
2024/09/23,Challenge League,0,Neuchâtel Xamax FCS,1476,1481.0,3 - 2,FC Stade Nyonnais,1365,1360.0,3,2,Switzerland,domestic league (tier 2)
2024/10/04,Challenge League,0,Neuchâtel Xamax FCS,1476,1482.0,2 - 1,FC Schaffhausen,1437,1431.0,2,1,Switzerland,domestic league (tier 2)
2024/10/18,Challenge League,0,Neuchâtel Xamax FCS,1482,1456.0,0 - 3,Etoile Carouge FC,1408,1434.0,0,3,Switzerland,domestic league (tier 2)
2024/11/01,Challenge League,0,Neuchâtel Xamax FCS,1476,1451.0,1 - 4,FC Wil 1900,1413,1438.0,1,4,Switzerland,domestic league (tier 2)
2024/11/22,Challenge League,0,Neuchâtel Xamax FCS,1444,1435.0,2 - 3,FC Thun Berner Oberland,1586,1595.0,2,3,Switzerland,domestic league (tier 2)
2024/12/13,Challenge League,0,Neuchâtel Xamax FCS,1440,1422.0,1 - 3,FC Aarau,1474,1492.0,1,3,Switzerland,domestic league (tier 2)
2025/01/24,Challenge League,0,Neuchâtel Xamax FCS,1422,1411.0,1 - 2,Stade Lausanne-Ouchy,1492,1503.0,1,2,Switzerland,domestic league (tier 2)
2025/02/14,Challenge League,0,Neuchâtel Xamax FCS,1396,1396.0,0 - 0,FC Vaduz,1487,1487.0,0,0,Switzerland,domestic league (tier 2)
2025/03/02,Challenge League,0,Neuchâtel Xamax FCS,1415,1413.0,1 - 1,AC Bellinzona,1431,1433.0,1,1,Switzerland,domestic league (tier 2)
2025/03/16,Challenge League,0,Neuchâtel Xamax FCS,1407,1418.0,4 - 0,FC Stade Nyonnais,1349,1338.0,4,0,Switzerland,domestic league (tier 2)
2025/03/31,Challenge League,0,Neuchâtel Xamax FCS,1414,1425.0,6 - 2,FC Schaffhausen,1356,1345.0,6,2,Switzerland,domestic league (tier 2)
2025/04/11,Challenge League,0,Neuchâtel Xamax FCS,1419,1420.0,1 - 1,FC Aarau,1548,1547.0,1,1,Switzerland,domestic league (tier 2)
2025/04/25,Challenge League,0,Neuchâtel Xamax FCS,1425,1413.0,0 - 2,FC Thun Berner Oberland,1594,1606.0,0,2,Switzerland,domestic league (tier 2)
2025/05/09,Challenge League,0,Neuchâtel Xamax FCS,1402,1390.0,1 - 2,Etoile Carouge FC,1444,1456.0,1,2,Switzerland,domestic league (tier 2)
2025/05/23,Challenge League,0,Neuchâtel Xamax FCS,1408,1397.0,2 - 3,FC Wil 1900,1466,1477.0,2,3,Switzerland,domestic league (tier 2)
2025/07/25,Challenge League,0,Neuchâtel Xamax FCS,1397,1393.0,1 - 1,FC Stade Nyonnais,1350,1354.0,1,1,Switzerland,domestic league (tier 2)
2025/08/22,Challenge League,0,Neuchâtel Xamax FCS,1413,1420.0,2 - 1,Etoile Carouge FC,1420,1413.0,2,1,Switzerland,domestic league (tier 2)
2025/08/25,Challenge League,0,Neuchâtel Xamax FCS,1420,1419.0,1 - 1,FC Vaduz,1500,1501.0,1,1,Switzerland,domestic league (tier 2)
2025/09/12,Challenge League,0,Neuchâtel Xamax FCS,1415,1427.0,3 - 1,FC Wil 1900,1441,1429.0,3,1,Switzerland,domestic league (tier 2)
2025/10/03,Challenge League,0,Neuchâtel Xamax FCS,1445,1429.0,0 - 2,Stade Lausanne-Ouchy,1525,1541.0,0,2,Switzerland,domestic league (tier 2)
2025/10/24,Challenge League,0,Neuchâtel Xamax FCS,1448,1454.0,2 - 1,FC Rapperswil-Jona,1392,1386.0,2,1,Switzerland,domestic league (tier 2)
2025/11/07,Challenge League,0,Neuchâtel Xamax FCS,1445,1447.0,2 - 2,Yverdon Sport FC,1622,1620.0,2,2,Switzerland,domestic league (tier 2)
2025/11/28,Challenge League,0,Neuchâtel Xamax FCS,1447,1438.0,1 - 2,FC Aarau,1578,1587.0,1,2,Switzerland,domestic league (tier 2)
2025/12/14,Challenge League,0,Neuchâtel Xamax FCS,1426,1432.0,1 - 0,AC Bellinzona,1374,1368.0,1,0,Switzerland,domestic league (tier 2)
2026/01/25,Challenge League,0,Neuchâtel Xamax FCS,1433,1425.0,1 - 2,Yverdon Sport FC,1614,1622.0,1,2,Switzerland,domestic league (tier 2)
2026/02/03,Switzerland Cup,0,Neuchâtel Xamax FCS,1406,1399.0,1 - 2,Yverdon Sport FC,1608,1615.0,1,2,Switzerland,domestic cup
2026/02/08,Challenge League,0,Neuchâtel Xamax FCS,1399,1420.0,3 - 0,Stade Lausanne-Ouchy,1567,1546.0,3,0,Switzerland,domestic league (tier 2)
2026/03/01,Challenge League,0,Neuchâtel Xamax FCS,1434,1431.0,0 - 0,FC Wil 1900,1425,1428.0,0,0,Switzerland,domestic league (tier 2)
2026/03/15,Challenge League,0,Neuchâtel Xamax FCS,1432,1439.0,3 - 2,FC Rapperswil-Jona,1423,1416.0,3,2,Switzerland,domestic league (tier 2)
2026/04/03,Challenge League,0,Neuchâtel Xamax FCS,1435,1422.0,1 - 3,FC Vaduz,1592,1605.0,1,3,Switzerland,domestic league (tier 2)
2026/04/10,Challenge League,0,Neuchâtel Xamax FCS,1410,1421.0,4 - 1,FC Stade Nyonnais,1368,1357.0,4,1,Switzerland,domestic league (tier 2)
2026/04/26,Challenge League,0,Neuchâtel Xamax FCS,1428,1433.0,2 - 1,AC Bellinzona,1353,1348.0,2,1,Switzerland,domestic league (tier 2)
2026/05/01,Challenge League,0,Neuchâtel Xamax FCS,1433,1421.0,1 - 3,FC Aarau,1596,1608.0,1,3,Switzerland,domestic league (tier 2)
2026/05/11,Challenge League,0,Neuchâtel Xamax FCS,1435,1449.0,3 - 0,Etoile Carouge FC,1465,1451.0,3,0,Switzerland,domestic league (tier 2)
2026/07/24,Challenge League,0,Neuchâtel Xamax FCS,1443,1446.0,3 - 2,SC Kriens,1258,1255.0,3,2,Switzerland,domestic league (tier 2)
2026/08/21,Challenge League,0,Neuchâtel Xamax FCS,1466,1455.0,1 - 2,Stade Lausanne-Ouchy,1529,1540.0,1,2,Switzerland,domestic league (tier 2)
2026/09/01,Challenge League,0,Neuchâtel Xamax FCS,1451,1443.0,1 - 2,Yverdon Sport FC,1611,1619.0,1,2,Switzerland,domestic league (tier 2)
2023/09/17,Switzerland Cup,0,SC Brühl,1236,1228.0,0 - 4,FC Lausanne-Sport,1575,1583.0,0,4,Switzerland,domestic cup
2024/08/18,Switzerland Cup,0,SC Brühl,1228,1226.0,1 - 7,FC Lugano,1828,1830.0,1,7,Switzerland,domestic cup
2022/08/21,Switzerland Cup,0,SC Cham,1228,1226.0,0 - 4,FC Zürich,1815,1817.0,0,4,Switzerland,domestic cup
2023/08/20,Switzerland Cup,0,SC Cham,1226,1216.0,1 - 3,FC Schaffhausen,1449,1459.0,1,3,Switzerland,domestic cup
2025/08/17,Switzerland Cup,0,SC Cham,1216,1234.0,3 - 2,FC Lugano,1716,1698.0,3,2,Switzerland,domestic cup
2025/12/02,Switzerland Cup,0,SC Cham,1234,1231.0,1 - 2,Grasshopper Club Zürich,1649,1652.0,1,2,Switzerland,domestic cup
2026/08/16,Switzerland Cup,0,SC Cham,1231,1243.0,2 - 0,SC Kriens,1271,1259.0,2,0,Switzerland,domestic cup
2026/10/17,Switzerland Cup,0,SC Cham,1243,,Info,FC Sion,1785,,,,Switzerland,domestic cup
2018/07/28,Challenge League,0,SC Kriens,1308,1296.0,1 - 4,FC Rapperswil-Jona,1532,1544.0,1,4,Switzerland,domestic league (tier 2)
2018/08/26,Challenge League,0,SC Kriens,1327,1328.0,1 - 1,FC Wil 1900,1469,1468.0,1,1,Switzerland,domestic league (tier 2)
2018/09/22,Challenge League,0,SC Kriens,1336,1334.0,1 - 1,FC Chiasso,1382,1384.0,1,1,Switzerland,domestic league (tier 2)
2018/09/28,Challenge League,0,SC Kriens,1342,1335.0,0 - 1,FC Schaffhausen,1532,1539.0,0,1,Switzerland,domestic league (tier 2)
2018/10/06,Challenge League,0,SC Kriens,1335,1338.0,2 - 2,FC Vaduz,1553,1550.0,2,2,Switzerland,domestic league (tier 2)
2018/10/27,Challenge League,0,SC Kriens,1355,1349.0,2 - 3,Servette FC (as Servette Genève),1589,1595.0,2,3,Switzerland,domestic league (tier 2)
2018/11/11,Challenge League,0,SC Kriens,1383,1387.0,1 - 1,FC Lausanne-Sport,1623,1619.0,1,1,Switzerland,domestic league (tier 2)
2018/12/01,Challenge League,0,SC Kriens,1389,1378.0,1 - 2,FC Winterthur,1471,1482.0,1,2,Switzerland,domestic league (tier 2)
2018/12/15,Challenge League,0,SC Kriens,1374,1364.0,1 - 2,FC Aarau,1485,1495.0,1,2,Switzerland,domestic league (tier 2)
2019/02/09,Challenge League,0,SC Kriens,1364,1380.0,2 - 0,FC Winterthur,1495,1479.0,2,0,Switzerland,domestic league (tier 2)
2019/02/23,Challenge League,0,SC Kriens,1394,1383.0,0 - 3,Servette FC (as Servette Genève),1626,1637.0,0,3,Switzerland,domestic league (tier 2)
2019/03/09,Challenge League,0,SC Kriens,1385,1393.0,2 - 1,FC Rapperswil-Jona,1430,1422.0,2,1,Switzerland,domestic league (tier 2)
2019/03/15,Challenge League,0,SC Kriens,1393,1403.0,2 - 1,FC Vaduz,1510,1500.0,2,1,Switzerland,domestic league (tier 2)
2019/04/02,Challenge League,0,SC Kriens,1417,1417.0,2 - 2,FC Aarau,1532,1532.0,2,2,Switzerland,domestic league (tier 2)
2019/04/20,Challenge League,0,SC Kriens,1416,1403.0,1 - 2,FC Schaffhausen,1410,1423.0,1,2,Switzerland,domestic league (tier 2)
2019/04/28,Challenge League,0,SC Kriens,1403,1400.0,0 - 0,FC Chiasso,1398,1401.0,0,0,Switzerland,domestic league (tier 2)
2019/05/11,Challenge League,0,SC Kriens,1394,1382.0,1 - 2,FC Wil 1900,1421,1433.0,1,2,Switzerland,domestic league (tier 2)
2019/05/23,Challenge League,0,SC Kriens,1389,1379.0,0 - 2,FC Lausanne-Sport,1616,1626.0,0,2,Switzerland,domestic league (tier 2)
2019/07/21,Challenge League,0,SC Kriens,1376,1386.0,1 - 0,FC Vaduz,1472,1462.0,1,0,Switzerland,domestic league (tier 2)
2019/08/03,Challenge League,0,SC Kriens,1381,1392.0,2 - 0,FC Chiasso,1381,1370.0,2,0,Switzerland,domestic league (tier 2)
2019/08/31,Challenge League,0,SC Kriens,1379,1390.0,3 - 2,FC Winterthur,1529,1518.0,3,2,Switzerland,domestic league (tier 2)
2019/09/20,Challenge League,0,SC Kriens,1371,1365.0,1 - 2,Grasshopper Club Zürich,1621,1627.0,1,2,Switzerland,domestic league (tier 2)
2019/10/05,Challenge League,0,SC Kriens,1381,1373.0,2 - 3,FC Aarau,1543,1551.0,2,3,Switzerland,domestic league (tier 2)
2019/10/26,Challenge League,0,SC Kriens,1385,1383.0,2 - 2,FC Schaffhausen,1415,1417.0,2,2,Switzerland,domestic league (tier 2)
2019/11/10,Challenge League,0,SC Kriens,1379,1392.0,3 - 0,Stade Lausanne-Ouchy,1394,1381.0,3,0,Switzerland,domestic league (tier 2)
2019/11/30,Challenge League,0,SC Kriens,1417,1412.0,1 - 2,FC Lausanne-Sport,1692,1697.0,1,2,Switzerland,domestic league (tier 2)
2019/12/07,Challenge League,0,SC Kriens,1412,1420.0,2 - 1,FC Wil 1900,1449,1441.0,2,1,Switzerland,domestic league (tier 2)
2020/01/25,Challenge League,0,SC Kriens,1436,1435.0,0 - 0,FC Winterthur,1499,1500.0,0,0,Switzerland,domestic league (tier 2)
2020/02/08,Challenge League,0,SC Kriens,1431,1442.0,2 - 0,FC Wil 1900,1439,1428.0,2,0,Switzerland,domestic league (tier 2)
2020/06/20,Challenge League,0,SC Kriens,1462,1472.0,3 - 0,FC Schaffhausen,1408,1398.0,3,0,Switzerland,domestic league (tier 2)
2020/06/24,Challenge League,0,SC Kriens,1472,1468.0,2 - 2,Stade Lausanne-Ouchy,1427,1431.0,2,2,Switzerland,domestic league (tier 2)
2020/07/01,Challenge League,0,SC Kriens,1461,1469.0,4 - 1,FC Chiasso,1348,1340.0,4,1,Switzerland,domestic league (tier 2)
2020/07/08,Challenge League,0,SC Kriens,1456,1471.0,4 - 1,FC Aarau,1513,1498.0,4,1,Switzerland,domestic league (tier 2)
2020/07/14,Challenge League,0,SC Kriens,1485,1471.0,0 - 3,FC Lausanne-Sport,1658,1672.0,0,3,Switzerland,domestic league (tier 2)
2020/07/24,Challenge League,0,SC Kriens,1459,1461.0,4 - 4,Grasshopper Club Zürich,1622,1620.0,4,4,Switzerland,domestic league (tier 2)
2020/08/02,Challenge League,0,SC Kriens,1450,1462.0,2 - 1,FC Vaduz,1611,1599.0,2,1,Switzerland,domestic league (tier 2)
2020/09/19,Challenge League,0,SC Kriens,1491,1507.0,3 - 1,Neuchâtel Xamax FCS,1604,1588.0,3,1,Switzerland,domestic league (tier 2)
2020/10/03,Challenge League,0,SC Kriens,1497,1480.0,0 - 2,FC Winterthur,1549,1566.0,0,2,Switzerland,domestic league (tier 2)
2020/10/20,Challenge League,0,SC Kriens,1493,1511.0,5 - 2,Grasshopper Club Zürich,1598,1580.0,5,2,Switzerland,domestic league (tier 2)
2020/10/23,Challenge League,0,SC Kriens,1511,1502.0,1 - 2,FC Thun,1638,1647.0,1,2,Switzerland,domestic league (tier 2)
2020/11/07,Challenge League,0,SC Kriens,1488,1481.0,0 - 0,FC Chiasso,1310,1317.0,0,0,Switzerland,domestic league (tier 2)
2020/11/27,Challenge League,0,SC Kriens,1486,1465.0,0 - 2,Stade Lausanne-Ouchy,1434,1455.0,0,2,Switzerland,domestic league (tier 2)
2020/12/11,Challenge League,0,SC Kriens,1459,1455.0,1 - 1,FC Schaffhausen,1426,1430.0,1,1,Switzerland,domestic league (tier 2)
2020/12/15,Challenge League,0,SC Kriens,1455,1438.0,1 - 3,FC Aarau,1504,1521.0,1,3,Switzerland,domestic league (tier 2)
2021/01/29,Challenge League,0,SC Kriens,1442,1429.0,1 - 2,FC Wil 1900,1439,1452.0,1,2,Switzerland,domestic league (tier 2)
2021/02/05,Challenge League,0,SC Kriens,1425,1425.0,0 - 0,FC Aarau,1508,1508.0,0,0,Switzerland,domestic league (tier 2)
2021/02/20,Challenge League,0,SC Kriens,1425,1432.0,2 - 0,FC Chiasso,1327,1320.0,2,0,Switzerland,domestic league (tier 2)
2021/02/26,Challenge League,0,SC Kriens,1438,1436.0,1 - 1,Neuchâtel Xamax FCS,1465,1467.0,1,1,Switzerland,domestic league (tier 2)
2021/03/12,Challenge League,0,SC Kriens,1425,1418.0,1 - 2,Grasshopper Club Zürich,1622,1629.0,1,2,Switzerland,domestic league (tier 2)
2021/04/03,Challenge League,0,SC Kriens,1439,1439.0,1 - 1,Stade Lausanne-Ouchy,1525,1525.0,1,1,Switzerland,domestic league (tier 2)
2021/04/17,Challenge League,0,SC Kriens,1436,1424.0,0 - 1,FC Schaffhausen,1461,1473.0,0,1,Switzerland,domestic league (tier 2)
2021/04/24,Challenge League,0,SC Kriens,1450,1447.0,2 - 2,FC Wil 1900,1452,1455.0,2,2,Switzerland,domestic league (tier 2)
2021/05/07,Challenge League,0,SC Kriens,1461,1463.0,1 - 1,FC Thun,1623,1621.0,1,1,Switzerland,domestic league (tier 2)
2021/05/14,Challenge League,0,SC Kriens,1453,1468.0,3 - 0,FC Winterthur,1497,1482.0,3,0,Switzerland,domestic league (tier 2)
2023/09/16,Switzerland Cup,0,SC Kriens,1267,1277.0,4 - 0,FC Baden,1189,1179.0,4,0,Switzerland,domestic cup
2023/11/01,Switzerland Cup,0,SC Kriens,1277,1274.0,0 - 1,FC Basel 1893,1690,1693.0,0,1,Switzerland,domestic cup
2024/08/16,Switzerland Cup,0,SC Kriens,1274,1265.0,1 - 2,AC Bellinzona,1415,1424.0,1,2,Switzerland,domestic cup
2025/08/16,Switzerland Cup,0,SC Kriens,1265,1258.0,2 - 3,FC Wil 1900,1470,1477.0,2,3,Switzerland,domestic cup
2026/07/31,Challenge League,0,SC Kriens,1255,1277.0,2 - 0,FC Winterthur,1525,1503.0,2,0,Switzerland,domestic league (tier 2)
2026/08/07,Challenge League,0,SC Kriens,1277,1271.0,0 - 2,Yverdon Sport FC,1605,1611.0,0,2,Switzerland,domestic league (tier 2)
2026/08/28,Challenge League,0,SC Kriens,1284,1297.0,3 - 0,FC Stade Nyonnais,1291,1278.0,3,0,Switzerland,domestic league (tier 2)
2026/09/04,Challenge League,0,SC Kriens,1303,,Info,Stade Lausanne-Ouchy,1552,,,,Switzerland,domestic league (tier 2)
2024/09/13,Switzerland Cup,0,SC YF/Juventus Zürich,1219,1216.0,0 - 2,FC Sion,1690,1693.0,0,2,Switzerland,domestic cup
2026/08/15,Switzerland Cup,0,SC YF/Juventus Zürich,1216,1202.0,1 - 6,FC Rapperswil-Jona,1422,1436.0,1,6,Switzerland,domestic cup
2023/09/17,Switzerland Cup,0,SR Delémont,1286,1304.0,2 - 1,FC St. Gallen,1801,1783.0,2,1,Switzerland,domestic cup
2023/11/01,Switzerland Cup,0,SR Delémont,1304,1322.0,1 - 0,FC Luzern,1755,1737.0,1,0,Switzerland,domestic cup
2024/02/28,Switzerland Cup,0,SR Delémont,1322,1320.0,0 - 2,Servette FC,1864,1866.0,0,2,Switzerland,domestic cup
2024/08/17,Switzerland Cup,0,SR Delémont,1320,1327.0,1 - 1,FC Sion,1711,1704.0,1,1,Switzerland,domestic cup
2023/01/29,Super League,0,Servette FC,1764,1759.0,2 - 2,FC Sion,1693,1698.0,2,2,Switzerland,domestic league (tier 1)
2023/02/11,Super League,0,Servette FC,1748,1754.0,2 - 1,Grasshopper Club Zürich,1686,1680.0,2,1,Switzerland,domestic league (tier 1)
2023/02/26,Super League,0,Servette FC,1767,1761.0,1 - 1,FC Winterthur,1620,1626.0,1,1,Switzerland,domestic league (tier 1)
2023/03/12,Super League,0,Servette FC,1764,1751.0,0 - 1,FC Luzern,1771,1784.0,0,1,Switzerland,domestic league (tier 1)
2023/04/01,Super League,0,Servette FC,1755,1769.0,2 - 1,BSC Young Boys,1992,1978.0,2,1,Switzerland,domestic league (tier 1)
2023/04/05,Switzerland Cup,0,Servette FC,1769,1767.0,2 - 2,FC Lugano,1788,1790.0,2,2,Switzerland,domestic cup
2023/04/15,Super League,0,Servette FC,1766,1764.0,0 - 0,FC Lugano,1787,1789.0,0,0,Switzerland,domestic league (tier 1)
2023/04/26,Super League,0,Servette FC,1759,1773.0,4 - 0,FC Zürich,1775,1761.0,4,0,Switzerland,domestic league (tier 1)
2023/04/29,Super League,0,Servette FC,1773,1770.0,1 - 1,FC St. Gallen,1759,1762.0,1,1,Switzerland,domestic league (tier 1)
2023/05/13,Super League,0,Servette FC,1781,1789.0,5 - 0,FC Sion,1647,1639.0,5,0,Switzerland,domestic league (tier 1)
2023/05/25,Super League,0,Servette FC,1797,1794.0,3 - 3,FC Basel,1808,1811.0,3,3,Switzerland,domestic league (tier 1)
2023/07/29,Super League,0,Servette FC,1822,1818.0,2 - 2,FC Zürich,1794,1798.0,2,2,Switzerland,domestic league (tier 1)
2023/08/12,Super League,0,Servette FC,1816,1813.0,1 - 1,FC St. Gallen,1791,1794.0,1,1,Switzerland,domestic league (tier 1)
2023/09/03,Super League,0,Servette FC,1791,1784.0,0 - 1,BSC Young Boys,1981,1988.0,0,1,Switzerland,domestic league (tier 1)
2023/09/27,Super League,0,Servette FC,1764,1758.0,2 - 2,FC Winterthur,1646,1652.0,2,2,Switzerland,domestic league (tier 1)
2023/09/30,Super League,0,Servette FC,1758,1761.0,2 - 1,FC Lausanne-Sport,1584,1581.0,2,1,Switzerland,domestic league (tier 1)
2023/10/29,Super League,0,Servette FC,1784,1794.0,4 - 2,FC Luzern,1765,1755.0,4,2,Switzerland,domestic league (tier 1)
2023/11/01,Switzerland Cup,0,Servette FC,1794,1787.0,1 - 1,Stade Lausanne-Ouchy,1599,1606.0,1,1,Switzerland,domestic cup
2023/11/12,Super League,0,Servette FC,1815,1823.0,4 - 1,FC Basel 1893,1698,1690.0,4,1,Switzerland,domestic league (tier 1)
2023/11/26,Super League,0,Servette FC,1823,1829.0,2 - 0,Grasshopper Club Zürich,1669,1663.0,2,0,Switzerland,domestic league (tier 1)
2023/12/17,Super League,0,Servette FC,1830,1825.0,2 - 2,FC Lugano,1748,1753.0,2,2,Switzerland,domestic league (tier 1)
2024/01/27,Super League,0,Servette FC,1823,1825.0,1 - 0,Yverdon Sport FC,1583,1581.0,1,0,Switzerland,domestic league (tier 1)
2024/02/04,Super League,0,Servette FC,1842,1845.0,3 - 1,Stade Lausanne-Ouchy,1551,1548.0,3,1,Switzerland,domestic league (tier 1)
2024/02/18,Super League,0,Servette FC,1829,1835.0,2 - 1,FC Lugano,1773,1767.0,2,1,Switzerland,domestic league (tier 1)
2024/03/02,Super League,0,Servette FC,1866,1873.0,2 - 0,FC St. Gallen,1745,1738.0,2,0,Switzerland,domestic league (tier 1)
2024/03/10,Super League,0,Servette FC,1872,1876.0,3 - 1,FC Lausanne-Sport,1634,1630.0,3,1,Switzerland,domestic league (tier 1)
2024/04/03,Super League,0,Servette FC,1867,1849.0,1 - 2,Stade Lausanne-Ouchy,1554,1572.0,1,2,Switzerland,domestic league (tier 1)
2024/04/06,Super League,0,Servette FC,1849,1834.0,0 - 1,FC Zürich,1757,1772.0,0,1,Switzerland,domestic league (tier 1)
2024/04/20,Super League,0,Servette FC,1824,1827.0,1 - 0,Grasshopper Club Zürich,1630,1627.0,1,0,Switzerland,domestic league (tier 1)
2024/05/04,Super League,0,Servette FC,1837,1842.0,2 - 1,FC Winterthur,1727,1722.0,2,1,Switzerland,domestic league (tier 1)
2024/05/20,Super League,0,Servette FC,1833,1822.0,0 - 1,BSC Young Boys,1914,1925.0,0,1,Switzerland,domestic league (tier 1)
2024/06/02,Switzerland Cup,0,Servette FC,1842,1842.0,0 - 0,FC Lugano,1827,1827.0,0,0,Switzerland,domestic cup
2024/07/24,Super League,0,Servette FC,1851,1864.0,3 - 1,BSC Young Boys,1911,1898.0,3,1,Switzerland,domestic league (tier 1)
2024/07/28,Super League,0,Servette FC,1864,1866.0,3 - 2,Yverdon Sport FC,1608,1606.0,3,2,Switzerland,domestic league (tier 1)
2024/08/11,Super League,0,Servette FC,1859,1826.0,0 - 6,FC Basel 1893,1750,1783.0,0,6,Switzerland,domestic league (tier 1)
2024/09/28,Super League,0,Servette FC,1816,1820.0,1 - 0,FC Lausanne-Sport,1652,1648.0,1,0,Switzerland,domestic league (tier 1)
2024/10/19,Super League,0,Servette FC,1821,1828.0,3 - 0,FC Sion,1685,1678.0,3,0,Switzerland,domestic league (tier 1)
2024/10/31,Super League,0,Servette FC,1846,1840.0,2 - 2,FC Luzern,1711,1717.0,2,2,Switzerland,domestic league (tier 1)
2024/11/09,Super League,0,Servette FC,1829,1826.0,1 - 1,FC Zürich,1803,1806.0,1,1,Switzerland,domestic league (tier 1)
2024/12/01,Super League,0,Servette FC,1815,1829.0,3 - 0,FC Lugano,1835,1821.0,3,0,Switzerland,domestic league (tier 1)
2024/12/08,Super League,0,Servette FC,1829,1821.0,1 - 1,FC Winterthur,1587,1595.0,1,1,Switzerland,domestic league (tier 1)
2025/01/18,Super League,0,Servette FC,1814,1809.0,1 - 1,FC St. Gallen,1735,1740.0,1,1,Switzerland,domestic league (tier 1)
2025/02/01,Super League,0,Servette FC,1806,1800.0,1 - 1,Grasshopper Club Zürich,1649,1655.0,1,1,Switzerland,domestic league (tier 1)
2025/02/09,Super League,0,Servette FC,1800,1808.0,2 - 1,FC Basel 1893,1824,1816.0,2,1,Switzerland,domestic league (tier 1)
2025/02/23,Super League,0,Servette FC,1817,1821.0,3 - 1,FC Winterthur,1574,1570.0,3,1,Switzerland,domestic league (tier 1)
2025/03/15,Super League,0,Servette FC,1848,1831.0,2 - 3,Yverdon Sport FC,1611,1628.0,2,3,Switzerland,domestic league (tier 1)
2025/04/01,Super League,0,Servette FC,1847,1834.0,0 - 1,BSC Young Boys,1846,1859.0,0,1,Switzerland,domestic league (tier 1)
2025/04/21,Super League,0,Servette FC,1821,1827.0,2 - 1,FC Luzern,1756,1750.0,2,1,Switzerland,domestic league (tier 1)
2025/05/11,Super League,0,Servette FC,1815,1812.0,0 - 0,BSC Young Boys,1808,1811.0,0,0,Switzerland,domestic league (tier 1)
2025/05/15,Super League,0,Servette FC,1812,1821.0,4 - 1,FC Lugano,1737,1728.0,4,1,Switzerland,domestic league (tier 1)
2025/05/24,Super League,0,Servette FC,1831,1826.0,3 - 3,FC Lausanne-Sport,1732,1737.0,3,3,Switzerland,domestic league (tier 1)
2025/08/02,Super League,0,Servette FC,1817,1790.0,1 - 4,FC St. Gallen,1714,1741.0,1,4,Switzerland,domestic league (tier 1)
2025/08/10,Super League,0,Servette FC,1773,1767.0,1 - 1,Grasshopper Club Zürich,1638,1644.0,1,1,Switzerland,domestic league (tier 1)
2025/08/31,Super League,0,Servette FC,1761,1757.0,2 - 2,FC Luzern,1713,1717.0,2,2,Switzerland,domestic league (tier 1)
2025/09/27,Super League,0,Servette FC,1754,1762.0,4 - 0,FC Winterthur,1625,1617.0,4,0,Switzerland,domestic league (tier 1)
2025/10/05,Super League,0,Servette FC,1762,1745.0,0 - 3,FC Basel 1893,1880,1897.0,0,3,Switzerland,domestic league (tier 1)
2025/10/26,Super League,0,Servette FC,1731,1738.0,2 - 1,FC Lugano,1714,1707.0,2,1,Switzerland,domestic league (tier 1)
2025/11/08,Super League,0,Servette FC,1741,1727.0,0 - 1,FC Thun Berner Oberland,1706,1720.0,0,1,Switzerland,domestic league (tier 1)
2025/11/30,Super League,0,Servette FC,1729,1729.0,4 - 4,BSC Young Boys,1835,1835.0,4,4,Switzerland,domestic league (tier 1)
2026/01/14,Super League,0,Servette FC,1735,1722.0,0 - 1,FC Lausanne-Sport,1720,1733.0,0,1,Switzerland,domestic league (tier 1)
2026/01/18,Super League,0,Servette FC,1722,1718.0,1 - 1,FC Zürich,1675,1679.0,1,1,Switzerland,domestic league (tier 1)
2026/01/31,Super League,0,Servette FC,1739,1736.0,3 - 3,FC Sion,1730,1733.0,3,3,Switzerland,domestic league (tier 1)
2026/02/08,Super League,0,Servette FC,1736,1718.0,1 - 3,FC Thun Berner Oberland,1769,1787.0,1,3,Switzerland,domestic league (tier 1)
2026/02/21,Super League,0,Servette FC,1725,1724.0,1 - 1,FC St. Gallen,1777,1778.0,1,1,Switzerland,domestic league (tier 1)
2026/02/28,Super League,0,Servette FC,1724,1722.0,0 - 0,FC Sion,1740,1742.0,0,0,Switzerland,domestic league (tier 1)
2026/03/07,Super League,0,Servette FC,1720,1725.0,2 - 1,FC Zürich,1638,1633.0,2,1,Switzerland,domestic league (tier 1)
2026/03/21,Super League,0,Servette FC,1716,1726.0,5 - 0,Grasshopper Club Zürich,1634,1624.0,5,0,Switzerland,domestic league (tier 1)
2026/04/06,Super League,0,Servette FC,1726,1738.0,3 - 0,FC Luzern,1713,1701.0,3,0,Switzerland,domestic league (tier 1)
2026/04/26,Super League,0,Servette FC,1742,1746.0,5 - 3,FC Winterthur,1538,1534.0,5,3,Switzerland,domestic league (tier 1)
2026/05/12,Super League,0,Servette FC,1761,1768.0,2 - 0,FC Lausanne-Sport,1662,1655.0,2,0,Switzerland,domestic league (tier 1)
2026/07/25,Super League,0,Servette FC,1781,1767.0,0 - 1,FC Basel 1893,1734,1748.0,0,1,Switzerland,domestic league (tier 1)
2026/08/08,Super League,0,Servette FC,1755,1759.0,2 - 1,Grasshopper Club Zürich,1606,1602.0,2,1,Switzerland,domestic league (tier 1)
2026/08/29,Super League,0,Servette FC,1759,1755.0,1 - 1,FC Luzern,1729,1733.0,1,1,Switzerland,domestic league (tier 1)
2026/09/06,Super League,0,Servette FC,1755,,Info,FC St. Gallen,1801,,,,Switzerland,domestic league (tier 1)
2022/07/17,Super League,0,"Servette FC
(as Servette Genève)",1703,1713.0,1 - 0,FC St. Gallen,1796,1786.0,1,0,Switzerland,domestic league (tier 1)
2022/08/06,Super League,0,"Servette FC
(as Servette Genève)",1721,1725.0,1 - 0,FC Winterthur,1580,1576.0,1,0,Switzerland,domestic league (tier 1)
2022/08/27,Super League,0,"Servette FC
(as Servette Genève)",1729,1739.0,3 - 1,Grasshopper Club Zürich,1706,1696.0,3,1,Switzerland,domestic league (tier 1)
2022/09/11,Super League,0,"Servette FC
(as Servette Genève)",1760,1768.0,3 - 2,FC Zürich,1788,1780.0,3,2,Switzerland,domestic league (tier 1)
2022/10/09,Super League,0,"Servette FC
(as Servette Genève)",1764,1762.0,1 - 1,FC Luzern,1779,1781.0,1,1,Switzerland,domestic league (tier 1)
2022/10/16,Super League,0,"Servette FC
(as Servette Genève)",1762,1761.0,0 - 0,FC Basel,1831,1832.0,0,0,Switzerland,domestic league (tier 1)
2022/10/29,Super League,0,"Servette FC
(as Servette Genève)",1776,1773.0,2 - 2,FC Lugano,1757,1760.0,2,2,Switzerland,domestic league (tier 1)
2022/11/06,Super League,0,"Servette FC
(as Servette Genève)",1773,1776.0,0 - 0,BSC Young Boys,1977,1974.0,0,0,Switzerland,domestic league (tier 1)
2016/08/11,Challenge League,0,Servette FC (as Servette Genève),1532,1511.0,0 - 2,FC Schaffhausen,1497,1518.0,0,2,Switzerland,domestic league (tier 2)
2016/08/24,Challenge League,0,Servette FC (as Servette Genève),1500,1504.0,2 - 1,FC Le Mont,1369,1365.0,2,1,Switzerland,domestic league (tier 2)
2016/08/28,Challenge League,0,Servette FC (as Servette Genève),1504,1499.0,1 - 1,FC Chiasso,1408,1413.0,1,1,Switzerland,domestic league (tier 2)
2016/09/11,Challenge League,0,Servette FC (as Servette Genève),1499,1509.0,6 - 1,FC Wohlen,1407,1397.0,6,1,Switzerland,domestic league (tier 2)
2016/10/02,Challenge League,0,Servette FC (as Servette Genève),1498,1508.0,1 - 0,FC Aarau,1607,1597.0,1,0,Switzerland,domestic league (tier 2)
2016/10/24,Challenge League,0,Servette FC (as Servette Genève),1520,1519.0,0 - 0,Neuchâtel Xamax FCS,1601,1602.0,0,0,Switzerland,domestic league (tier 2)
2016/10/31,Challenge League,0,Servette FC (as Servette Genève),1519,1528.0,2 - 1,FC Wil 1900,1567,1558.0,2,1,Switzerland,domestic league (tier 2)
2016/11/20,Challenge League,0,Servette FC (as Servette Genève),1538,1528.0,0 - 4,FC Zürich,1809,1819.0,0,4,Switzerland,domestic league (tier 2)
2016/12/03,Challenge League,0,Servette FC (as Servette Genève),1542,1537.0,1 - 1,FC Winterthur,1461,1466.0,1,1,Switzerland,domestic league (tier 2)
2017/02/06,Challenge League,0,Servette FC (as Servette Genève),1536,1551.0,2 - 1,FC Zürich,1820,1805.0,2,1,Switzerland,domestic league (tier 2)
2017/02/19,Challenge League,0,Servette FC (as Servette Genève),1568,1572.0,3 - 2,FC Schaffhausen,1412,1408.0,3,2,Switzerland,domestic league (tier 2)
2017/02/27,Challenge League,0,Servette FC (as Servette Genève),1572,1575.0,2 - 1,FC Le Mont,1396,1393.0,2,1,Switzerland,domestic league (tier 2)
2017/03/12,Challenge League,0,Servette FC (as Servette Genève),1588,1595.0,2 - 0,FC Wil 1900,1473,1466.0,2,0,Switzerland,domestic league (tier 2)
2017/04/08,Challenge League,0,Servette FC (as Servette Genève),1605,1603.0,1 - 1,Neuchâtel Xamax FCS,1649,1651.0,1,1,Switzerland,domestic league (tier 2)
2017/04/22,Challenge League,0,Servette FC (as Servette Genève),1617,1601.0,2 - 3,FC Winterthur,1453,1469.0,2,3,Switzerland,domestic league (tier 2)
2017/05/06,Challenge League,0,Servette FC (as Servette Genève),1591,1585.0,2 - 2,FC Chiasso,1432,1438.0,2,2,Switzerland,domestic league (tier 2)
2017/05/21,Challenge League,0,Servette FC (as Servette Genève),1587,1593.0,2 - 0,FC Wohlen,1439,1433.0,2,0,Switzerland,domestic league (tier 2)
2017/05/27,Challenge League,0,Servette FC (as Servette Genève),1593,1598.0,1 - 0,FC Aarau,1486,1481.0,1,0,Switzerland,domestic league (tier 2)
2017/07/22,Challenge League,0,Servette FC (as Servette Genève),1605,1598.0,2 - 2,FC Chiasso,1430,1437.0,2,2,Switzerland,domestic league (tier 2)
2017/08/09,Challenge League,0,Servette FC (as Servette Genève),1607,1610.0,1 - 0,FC Wil 1900,1423,1420.0,1,0,Switzerland,domestic league (tier 2)
2017/08/25,Challenge League,0,Servette FC (as Servette Genève),1622,1629.0,3 - 0,FC Aarau,1468,1461.0,3,0,Switzerland,domestic league (tier 2)
2017/09/10,Challenge League,0,Servette FC (as Servette Genève),1629,1636.0,3 - 2,FC Schaffhausen,1615,1608.0,3,2,Switzerland,domestic league (tier 2)
2017/09/24,Challenge League,0,Servette FC (as Servette Genève),1621,1626.0,5 - 1,FC Wohlen,1414,1409.0,5,1,Switzerland,domestic league (tier 2)
2017/10/13,Challenge League,0,Servette FC (as Servette Genève),1634,1643.0,2 - 0,FC Vaduz,1583,1574.0,2,0,Switzerland,domestic league (tier 2)
2017/10/21,Challenge League,0,Servette FC (as Servette Genève),1643,1646.0,2 - 1,FC Rapperswil-Jona,1417,1414.0,2,1,Switzerland,domestic league (tier 2)
2017/11/04,Challenge League,0,Servette FC (as Servette Genève),1641,1633.0,1 - 1,FC Winterthur,1386,1394.0,1,1,Switzerland,domestic league (tier 2)
2017/12/04,Challenge League,0,Servette FC (as Servette Genève),1642,1631.0,1 - 2,Neuchâtel Xamax FCS,1697,1708.0,1,2,Switzerland,domestic league (tier 2)
2018/02/03,Challenge League,0,Servette FC (as Servette Genève),1631,1624.0,1 - 1,FC Chiasso,1448,1455.0,1,1,Switzerland,domestic league (tier 2)
2018/02/24,Challenge League,0,Servette FC (as Servette Genève),1640,1648.0,4 - 0,FC Aarau,1500,1492.0,4,0,Switzerland,domestic league (tier 2)
2018/03/11,Challenge League,0,Servette FC (as Servette Genève),1639,1631.0,1 - 1,FC Wohlen,1348,1356.0,1,1,Switzerland,domestic league (tier 2)
2018/04/02,Challenge League,0,Servette FC (as Servette Genève),1636,1629.0,1 - 1,FC Wil 1900,1414,1421.0,1,1,Switzerland,domestic league (tier 2)
2018/04/19,Challenge League,0,Servette FC (as Servette Genève),1599,1574.0,1 - 4,FC Schaffhausen,1536,1561.0,1,4,Switzerland,domestic league (tier 2)
2018/04/23,Challenge League,0,Servette FC (as Servette Genève),1574,1576.0,0 - 0,Neuchâtel Xamax FCS,1731,1729.0,0,0,Switzerland,domestic league (tier 2)
2018/05/05,Challenge League,0,Servette FC (as Servette Genève),1586,1574.0,0 - 1,FC Vaduz,1600,1612.0,0,1,Switzerland,domestic league (tier 2)
2018/05/14,Challenge League,0,Servette FC (as Servette Genève),1583,1588.0,4 - 2,FC Winterthur,1406,1401.0,4,2,Switzerland,domestic league (tier 2)
2018/05/21,Challenge League,0,Servette FC (as Servette Genève),1602,1575.0,0 - 3,FC Rapperswil-Jona,1490,1517.0,0,3,Switzerland,domestic league (tier 2)
2018/08/24,Challenge League,0,Servette FC (as Servette Genève),1583,1589.0,2 - 0,FC Winterthur,1438,1432.0,2,0,Switzerland,domestic league (tier 2)
2018/08/31,Challenge League,0,Servette FC (as Servette Genève),1589,1578.0,0 - 1,FC Lausanne-Sport,1661,1672.0,0,1,Switzerland,domestic league (tier 2)
2018/09/25,Challenge League,0,Servette FC (as Servette Genève),1583,1575.0,1 - 1,SC Kriens,1334,1342.0,1,1,Switzerland,domestic league (tier 2)
2018/10/07,Challenge League,0,Servette FC (as Servette Genève),1576,1584.0,2 - 0,FC Wil 1900,1504,1496.0,2,0,Switzerland,domestic league (tier 2)
2018/10/20,Challenge League,0,Servette FC (as Servette Genève),1584,1589.0,3 - 1,FC Aarau,1412,1407.0,3,1,Switzerland,domestic league (tier 2)
2018/11/04,Challenge League,0,Servette FC (as Servette Genève),1595,1605.0,3 - 0,FC Schaffhausen,1534,1524.0,3,0,Switzerland,domestic league (tier 2)
2018/11/24,Challenge League,0,Servette FC (as Servette Genève),1619,1628.0,4 - 1,FC Vaduz,1540,1531.0,4,1,Switzerland,domestic league (tier 2)
2018/12/02,Challenge League,0,Servette FC (as Servette Genève),1628,1632.0,5 - 1,FC Chiasso,1358,1354.0,5,1,Switzerland,domestic league (tier 2)
2018/12/14,Challenge League,0,Servette FC (as Servette Genève),1635,1640.0,4 - 1,FC Rapperswil-Jona,1423,1418.0,4,1,Switzerland,domestic league (tier 2)
2019/02/02,Challenge League,0,Servette FC (as Servette Genève),1640,1646.0,2 - 0,FC Vaduz,1510,1504.0,2,0,Switzerland,domestic league (tier 2)
2019/02/16,Challenge League,0,Servette FC (as Servette Genève),1632,1626.0,0 - 0,FC Wil 1900,1482,1488.0,0,0,Switzerland,domestic league (tier 2)
2019/03/10,Challenge League,0,Servette FC (as Servette Genève),1636,1643.0,6 - 1,FC Schaffhausen,1470,1463.0,6,1,Switzerland,domestic league (tier 2)
2019/03/29,Challenge League,0,Servette FC (as Servette Genève),1650,1656.0,5 - 2,FC Winterthur,1482,1476.0,5,2,Switzerland,domestic league (tier 2)
2019/04/14,Challenge League,0,Servette FC (as Servette Genève),1671,1673.0,3 - 2,FC Chiasso,1413,1411.0,3,2,Switzerland,domestic league (tier 2)
2019/04/27,Challenge League,0,Servette FC (as Servette Genève),1681,1665.0,1 - 2,FC Aarau,1558,1574.0,1,2,Switzerland,domestic league (tier 2)
2019/05/10,Challenge League,0,Servette FC (as Servette Genève),1675,1684.0,3 - 1,FC Lausanne-Sport,1632,1623.0,3,1,Switzerland,domestic league (tier 2)
2019/05/16,Challenge League,0,Servette FC (as Servette Genève),1684,1688.0,5 - 3,FC Rapperswil-Jona,1436,1432.0,5,3,Switzerland,domestic league (tier 2)
2019/05/26,Challenge League,0,Servette FC (as Servette Genève),1701,1704.0,4 - 1,SC Kriens,1379,1376.0,4,1,Switzerland,domestic league (tier 2)
2019/07/27,Super League,0,Servette FC (as Servette Genève),1712,1710.0,0 - 0,FC Sion,1731,1733.0,0,0,Switzerland,domestic league (tier 1)
2019/08/04,Super League,0,Servette FC (as Servette Genève),1710,1719.0,1 - 0,FC Luzern,1774,1765.0,1,0,Switzerland,domestic league (tier 1)
2019/08/31,Super League,0,Servette FC (as Servette Genève),1741,1737.0,2 - 2,Neuchâtel Xamax FCS,1691,1695.0,2,2,Switzerland,domestic league (tier 1)
2019/09/26,Super League,0,Servette FC (as Servette Genève),1714,1712.0,0 - 0,FC Lugano,1745,1747.0,0,0,Switzerland,domestic league (tier 1)
2019/09/29,Super League,0,Servette FC (as Servette Genève),1712,1700.0,0 - 1,FC Zürich,1732,1744.0,0,1,Switzerland,domestic league (tier 1)
2019/10/20,Super League,0,Servette FC (as Servette Genève),1703,1691.0,1 - 2,FC St. Gallen,1741,1753.0,1,2,Switzerland,domestic league (tier 1)
2019/11/03,Super League,0,Servette FC (as Servette Genève),1695,1723.0,3 - 0,BSC Young Boys,2037,2009.0,3,0,Switzerland,domestic league (tier 1)
2019/11/23,Super League,0,Servette FC (as Servette Genève),1736,1758.0,2 - 0,FC Basel,2019,1997.0,2,0,Switzerland,domestic league (tier 1)
2019/12/14,Super League,0,Servette FC (as Servette Genève),1778,1782.0,2 - 1,FC Thun,1630,1626.0,2,1,Switzerland,domestic league (tier 1)
2020/02/02,Super League,0,Servette FC (as Servette Genève),1792,1798.0,2 - 0,FC Thun,1636,1630.0,2,0,Switzerland,domestic league (tier 1)
2020/02/16,Super League,0,Servette FC (as Servette Genève),1792,1803.0,4 - 1,FC Zürich,1755,1744.0,4,1,Switzerland,domestic league (tier 1)
2020/06/21,Super League,0,Servette FC (as Servette Genève),1810,1806.0,1 - 1,FC Lugano,1747,1751.0,1,1,Switzerland,domestic league (tier 1)
2020/06/30,Super League,0,Servette FC (as Servette Genève),1808,1809.0,1 - 1,BSC Young Boys,1955,1954.0,1,1,Switzerland,domestic league (tier 1)
2020/07/08,Super League,0,Servette FC (as Servette Genève),1796,1807.0,2 - 0,FC Luzern,1797,1786.0,2,0,Switzerland,domestic league (tier 1)
2020/07/12,Super League,0,Servette FC (as Servette Genève),1807,1805.0,1 - 1,FC St. Gallen,1824,1826.0,1,1,Switzerland,domestic league (tier 1)
2020/07/19,Super League,0,Servette FC (as Servette Genève),1799,1801.0,2 - 2,FC Basel,1985,1983.0,2,2,Switzerland,domestic league (tier 1)
2020/07/26,Super League,0,Servette FC (as Servette Genève),1782,1790.0,4 - 1,Neuchâtel Xamax FCS,1657,1649.0,4,1,Switzerland,domestic league (tier 1)
2020/08/03,Super League,0,Servette FC (as Servette Genève),1779,1765.0,1 - 2,FC Sion,1711,1725.0,1,2,Switzerland,domestic league (tier 1)
2020/09/27,Super League,0,Servette FC (as Servette Genève),1752,1765.0,1 - 0,FC Basel,1968,1955.0,1,0,Switzerland,domestic league (tier 1)
2020/10/17,Super League,0,Servette FC (as Servette Genève),1759,1763.0,0 - 0,BSC Young Boys,1987,1983.0,0,0,Switzerland,domestic league (tier 1)
2020/11/22,Super League,0,Servette FC (as Servette Genève),1763,1762.0,1 - 1,FC Lugano,1814,1815.0,1,1,Switzerland,domestic league (tier 1)
2020/11/28,Super League,0,Servette FC (as Servette Genève),1750,1730.0,1 - 3,FC Luzern,1725,1745.0,1,3,Switzerland,domestic league (tier 1)
2020/12/02,Super League,0,Servette FC (as Servette Genève),1730,1737.0,2 - 1,FC Zürich,1718,1711.0,2,1,Switzerland,domestic league (tier 1)
2020/12/17,Super League,0,Servette FC (as Servette Genève),1765,1760.0,1 - 1,FC Sion,1690,1695.0,1,1,Switzerland,domestic league (tier 1)
2020/12/23,Super League,0,Servette FC (as Servette Genève),1772,1765.0,1 - 1,FC Vaduz,1550,1557.0,1,1,Switzerland,domestic league (tier 1)
2021/01/31,Super League,0,Servette FC (as Servette Genève),1765,1760.0,1 - 1,FC Lausanne-Sport,1696,1701.0,1,1,Switzerland,domestic league (tier 1)
2021/02/07,Super League,0,Servette FC (as Servette Genève),1746,1757.0,4 - 2,FC Luzern,1754,1743.0,4,2,Switzerland,domestic league (tier 1)
2021/02/10,Super League,0,Servette FC (as Servette Genève),1757,1755.0,2 - 2,FC St. Gallen,1790,1792.0,2,2,Switzerland,domestic league (tier 1)
2021/02/27,Super League,0,Servette FC (as Servette Genève),1742,1753.0,3 - 1,FC Zürich,1739,1728.0,3,1,Switzerland,domestic league (tier 1)
2021/03/06,Super League,0,Servette FC (as Servette Genève),1767,1776.0,2 - 1,FC Basel,1830,1821.0,2,1,Switzerland,domestic league (tier 1)
2021/03/21,Super League,0,Servette FC (as Servette Genève),1786,1769.0,1 - 2,FC Vaduz,1604,1621.0,1,2,Switzerland,domestic league (tier 1)
2021/04/04,Super League,0,Servette FC (as Servette Genève),1769,1767.0,1 - 1,FC Lugano,1797,1799.0,1,1,Switzerland,domestic league (tier 1)
2021/04/22,Super League,0,Servette FC (as Servette Genève),1770,1747.0,3 - 5,FC Sion,1659,1682.0,3,5,Switzerland,domestic league (tier 1)
2021/05/02,Super League,0,Servette FC (as Servette Genève),1761,1775.0,2 - 1,BSC Young Boys,2020,2006.0,2,1,Switzerland,domestic league (tier 1)
2021/05/12,Super League,0,Servette FC (as Servette Genève),1751,1727.0,1 - 4,FC Lausanne-Sport,1719,1743.0,1,4,Switzerland,domestic league (tier 1)
2021/05/21,Super League,0,Servette FC (as Servette Genève),1743,1731.0,1 - 2,FC St. Gallen,1778,1790.0,1,2,Switzerland,domestic league (tier 1)
2019/07/30,Challenge League,0,Stade Lausanne-Ouchy,1373,1364.0,1 - 2,FC Winterthur,1514,1523.0,1,2,Switzerland,domestic league (tier 2)
2019/08/04,Challenge League,0,Stade Lausanne-Ouchy,1364,1365.0,3 - 3,FC Vaduz,1496,1495.0,3,3,Switzerland,domestic league (tier 2)
2019/08/30,Challenge League,0,Stade Lausanne-Ouchy,1371,1398.0,3 - 0,FC Lausanne-Sport,1669,1642.0,3,0,Switzerland,domestic league (tier 2)
2019/09/21,Challenge League,0,Stade Lausanne-Ouchy,1417,1428.0,3 - 0,FC Chiasso,1372,1361.0,3,0,Switzerland,domestic league (tier 2)
2019/09/28,Challenge League,0,Stade Lausanne-Ouchy,1434,1440.0,2 - 1,SC Kriens,1387,1381.0,2,1,Switzerland,domestic league (tier 2)
2019/10/19,Challenge League,0,Stade Lausanne-Ouchy,1434,1413.0,0 - 3,FC Wil 1900,1461,1482.0,0,3,Switzerland,domestic league (tier 2)
2019/11/02,Challenge League,0,Stade Lausanne-Ouchy,1408,1394.0,0 - 2,FC Aarau,1522,1536.0,0,2,Switzerland,domestic league (tier 2)
2019/11/30,Challenge League,0,Stade Lausanne-Ouchy,1383,1377.0,0 - 1,Grasshopper Club Zürich,1612,1618.0,0,1,Switzerland,domestic league (tier 2)
2019/12/14,Challenge League,0,Stade Lausanne-Ouchy,1393,1404.0,2 - 0,FC Schaffhausen,1401,1390.0,2,0,Switzerland,domestic league (tier 2)
2020/01/25,Challenge League,0,Stade Lausanne-Ouchy,1404,1390.0,0 - 2,FC Aarau,1526,1540.0,0,2,Switzerland,domestic league (tier 2)
2020/02/07,Challenge League,0,Stade Lausanne-Ouchy,1404,1426.0,4 - 1,Grasshopper Club Zürich,1594,1572.0,4,1,Switzerland,domestic league (tier 2)
2020/02/22,Challenge League,0,Stade Lausanne-Ouchy,1420,1421.0,1 - 1,FC Vaduz,1555,1554.0,1,1,Switzerland,domestic league (tier 2)
2020/06/20,Challenge League,0,Stade Lausanne-Ouchy,1421,1427.0,2 - 1,FC Chiasso,1373,1367.0,2,1,Switzerland,domestic league (tier 2)
2020/06/27,Challenge League,0,Stade Lausanne-Ouchy,1431,1427.0,1 - 1,FC Schaffhausen,1404,1408.0,1,1,Switzerland,domestic league (tier 2)
2020/07/03,Challenge League,0,Stade Lausanne-Ouchy,1435,1433.0,2 - 2,FC Winterthur,1477,1479.0,2,2,Switzerland,domestic league (tier 2)
2020/07/15,Challenge League,0,Stade Lausanne-Ouchy,1420,1408.0,1 - 2,FC Wil 1900,1440,1452.0,1,2,Switzerland,domestic league (tier 2)
2020/07/21,Challenge League,0,Stade Lausanne-Ouchy,1430,1443.0,2 - 0,SC Kriens,1472,1459.0,2,0,Switzerland,domestic league (tier 2)
2020/07/30,Challenge League,0,Stade Lausanne-Ouchy,1444,1431.0,0 - 4,FC Lausanne-Sport,1651,1664.0,0,4,Switzerland,domestic league (tier 2)
2020/09/26,Challenge League,0,Stade Lausanne-Ouchy,1415,1425.0,2 - 1,SC Kriens,1507,1497.0,2,1,Switzerland,domestic league (tier 2)
2020/10/16,Challenge League,0,Stade Lausanne-Ouchy,1443,1440.0,1 - 1,FC Aarau,1442,1445.0,1,1,Switzerland,domestic league (tier 2)
2020/10/20,Challenge League,0,Stade Lausanne-Ouchy,1440,1448.0,4 - 1,FC Chiasso,1316,1308.0,4,1,Switzerland,domestic league (tier 2)
2020/10/29,Challenge League,0,Stade Lausanne-Ouchy,1451,1442.0,1 - 2,Grasshopper Club Zürich,1583,1592.0,1,2,Switzerland,domestic league (tier 2)
2020/11/20,Challenge League,0,Stade Lausanne-Ouchy,1442,1438.0,2 - 2,FC Schaffhausen,1405,1409.0,2,2,Switzerland,domestic league (tier 2)
2020/12/15,Challenge League,0,Stade Lausanne-Ouchy,1474,1474.0,1 - 1,FC Winterthur,1567,1567.0,1,1,Switzerland,domestic league (tier 2)
2020/12/18,Challenge League,0,Stade Lausanne-Ouchy,1474,1481.0,1 - 0,Neuchâtel Xamax FCS,1482,1475.0,1,0,Switzerland,domestic league (tier 2)
2020/12/22,Challenge League,0,Stade Lausanne-Ouchy,1481,1487.0,1 - 0,FC Wil 1900,1429,1423.0,1,0,Switzerland,domestic league (tier 2)
2021/01/29,Challenge League,0,Stade Lausanne-Ouchy,1480,1468.0,1 - 3,FC Thun,1656,1668.0,1,3,Switzerland,domestic league (tier 2)
2021/02/05,Challenge League,0,Stade Lausanne-Ouchy,1467,1484.0,4 - 1,FC Winterthur,1558,1541.0,4,1,Switzerland,domestic league (tier 2)
2021/02/19,Challenge League,0,Stade Lausanne-Ouchy,1472,1471.0,1 - 1,FC Aarau,1523,1524.0,1,1,Switzerland,domestic league (tier 2)
2021/03/02,Challenge League,0,Stade Lausanne-Ouchy,1496,1497.0,1 - 1,Grasshopper Club Zürich,1638,1637.0,1,1,Switzerland,domestic league (tier 2)
2021/03/13,Challenge League,0,Stade Lausanne-Ouchy,1517,1523.0,3 - 0,FC Chiasso,1345,1339.0,3,0,Switzerland,domestic league (tier 2)
2021/04/09,Challenge League,0,Stade Lausanne-Ouchy,1525,1515.0,2 - 3,FC Thun,1616,1626.0,2,3,Switzerland,domestic league (tier 2)
2021/04/20,Challenge League,0,Stade Lausanne-Ouchy,1518,1524.0,2 - 1,FC Schaffhausen,1473,1467.0,2,1,Switzerland,domestic league (tier 2)
2021/04/30,Challenge League,0,Stade Lausanne-Ouchy,1512,1498.0,1 - 2,SC Kriens,1447,1461.0,1,2,Switzerland,domestic league (tier 2)
2021/05/10,Challenge League,0,Stade Lausanne-Ouchy,1514,1510.0,1 - 1,Neuchâtel Xamax FCS,1470,1474.0,1,1,Switzerland,domestic league (tier 2)
2021/05/14,Challenge League,0,Stade Lausanne-Ouchy,1510,1520.0,3 - 0,FC Wil 1900,1452,1442.0,3,0,Switzerland,domestic league (tier 2)
2022/07/23,Challenge League,0,Stade Lausanne-Ouchy,1461,1467.0,2 - 1,FC Wil 1900,1433,1427.0,2,1,Switzerland,domestic league (tier 2)
2022/08/13,Challenge League,0,Stade Lausanne-Ouchy,1500,1484.0,0 - 2,FC Schaffhausen,1581,1597.0,0,2,Switzerland,domestic league (tier 2)
2022/09/03,Challenge League,0,Stade Lausanne-Ouchy,1489,1495.0,2 - 1,Neuchâtel Xamax FCS,1421,1415.0,2,1,Switzerland,domestic league (tier 2)
2022/09/10,Challenge League,0,Stade Lausanne-Ouchy,1495,1489.0,2 - 2,FC Thun Berner Oberland,1349,1355.0,2,2,Switzerland,domestic league (tier 2)
2022/09/17,Switzerland Cup,0,Stade Lausanne-Ouchy,1489,1487.0,0 - 1,BSC Young Boys,1956,1958.0,0,1,Switzerland,domestic cup
2022/10/08,Challenge League,0,Stade Lausanne-Ouchy,1509,1520.0,2 - 1,FC Lausanne-Sport,1635,1624.0,2,1,Switzerland,domestic league (tier 2)
2022/10/19,Challenge League,0,Stade Lausanne-Ouchy,1533,1510.0,1 - 5,FC Vaduz,1550,1573.0,1,5,Switzerland,domestic league (tier 2)
2022/10/28,Challenge League,0,Stade Lausanne-Ouchy,1531,1539.0,2 - 1,FC Aarau,1556,1548.0,2,1,Switzerland,domestic league (tier 2)
2022/11/05,Challenge League,0,Stade Lausanne-Ouchy,1539,1546.0,2 - 1,AC Bellinzona,1521,1514.0,2,1,Switzerland,domestic league (tier 2)
2022/11/19,Challenge League,0,Stade Lausanne-Ouchy,1535,1548.0,5 - 0,Yverdon Sport FC,1501,1488.0,5,0,Switzerland,domestic league (tier 2)
2023/01/29,Challenge League,0,Stade Lausanne-Ouchy,1550,1532.0,2 - 4,FC Lausanne-Sport,1574,1592.0,2,4,Switzerland,domestic league (tier 2)
2023/02/12,Challenge League,0,Stade Lausanne-Ouchy,1524,1512.0,3 - 4,FC Wil 1900,1536,1548.0,3,4,Switzerland,domestic league (tier 2)
2023/02/26,Challenge League,0,Stade Lausanne-Ouchy,1512,1489.0,0 - 4,FC Schaffhausen,1540,1563.0,0,4,Switzerland,domestic league (tier 2)
2023/03/18,Challenge League,0,Stade Lausanne-Ouchy,1514,1511.0,0 - 0,FC Vaduz,1497,1500.0,0,0,Switzerland,domestic league (tier 2)
2023/04/08,Challenge League,0,Stade Lausanne-Ouchy,1511,1499.0,3 - 4,FC Aarau,1526,1538.0,3,4,Switzerland,domestic league (tier 2)
2023/04/22,Challenge League,0,Stade Lausanne-Ouchy,1494,1491.0,2 - 2,FC Thun Berner Oberland,1498,1501.0,2,2,Switzerland,domestic league (tier 2)
2023/05/05,Challenge League,0,Stade Lausanne-Ouchy,1504,1511.0,2 - 0,Neuchâtel Xamax FCS,1388,1381.0,2,0,Switzerland,domestic league (tier 2)
2023/05/19,Challenge League,0,Stade Lausanne-Ouchy,1531,1544.0,4 - 1,Yverdon Sport FC,1549,1536.0,4,1,Switzerland,domestic league (tier 2)
2023/05/27,Challenge League,0,Stade Lausanne-Ouchy,1545,1554.0,6 - 0,AC Bellinzona,1419,1410.0,6,0,Switzerland,domestic league (tier 2)
2023/06/06,Super League rel.,0,Stade Lausanne-Ouchy,1576,1588.0,4 - 2,FC Sion,1595,1583.0,4,2,Switzerland,domestic relegation
2023/07/26,Super League,0,Stade Lausanne-Ouchy,1588,1578.0,0 - 3,FC Lugano,1847,1857.0,0,3,Switzerland,domestic league (tier 1)
2023/08/05,Super League,0,Stade Lausanne-Ouchy,1575,1579.0,1 - 1,Servette FC,1825,1821.0,1,1,Switzerland,domestic league (tier 1)
2023/08/12,Super League,0,Stade Lausanne-Ouchy,1579,1568.0,0 - 3,FC Zürich,1814,1825.0,0,3,Switzerland,domestic league (tier 1)
2023/09/02,Super League,0,Stade Lausanne-Ouchy,1568,1578.0,2 - 1,Grasshopper Club Zürich,1672,1662.0,2,1,Switzerland,domestic league (tier 1)
2023/09/28,Super League,0,Stade Lausanne-Ouchy,1573,1571.0,1 - 1,Yverdon Sport FC,1593,1595.0,1,1,Switzerland,domestic league (tier 1)
2023/10/21,Super League,0,Stade Lausanne-Ouchy,1594,1591.0,2 - 2,FC Lausanne-Sport,1600,1603.0,2,2,Switzerland,domestic league (tier 1)
2023/11/05,Super League,0,Stade Lausanne-Ouchy,1606,1592.0,2 - 5,FC St. Gallen,1784,1798.0,2,5,Switzerland,domestic league (tier 1)
2023/12/02,Super League,0,Stade Lausanne-Ouchy,1576,1577.0,1 - 1,FC Basel 1893,1706,1705.0,1,1,Switzerland,domestic league (tier 1)
2023/12/16,Super League,0,Stade Lausanne-Ouchy,1568,1564.0,1 - 3,BSC Young Boys,1973,1977.0,1,3,Switzerland,domestic league (tier 1)
2024/01/27,Super League,0,Stade Lausanne-Ouchy,1581,1565.0,1 - 3,FC Winterthur,1651,1667.0,1,3,Switzerland,domestic league (tier 1)
2024/02/01,Super League,0,Stade Lausanne-Ouchy,1565,1551.0,0 - 3,FC Luzern,1726,1740.0,0,3,Switzerland,domestic league (tier 1)
2024/02/10,Super League,0,Stade Lausanne-Ouchy,1548,1547.0,1 - 1,FC Lausanne-Sport,1607,1608.0,1,1,Switzerland,domestic league (tier 1)
2024/03/02,Super League,0,Stade Lausanne-Ouchy,1543,1544.0,1 - 1,Grasshopper Club Zürich,1675,1674.0,1,1,Switzerland,domestic league (tier 1)
2024/03/10,Super League,0,Stade Lausanne-Ouchy,1544,1556.0,2 - 1,FC Luzern,1727,1715.0,2,1,Switzerland,domestic league (tier 1)
2024/03/30,Super League,0,Stade Lausanne-Ouchy,1563,1554.0,1 - 3,FC Lugano,1808,1817.0,1,3,Switzerland,domestic league (tier 1)
2024/04/06,Super League,0,Stade Lausanne-Ouchy,1572,1559.0,0 - 2,FC Basel 1893,1723,1736.0,0,2,Switzerland,domestic league (tier 1)
2024/04/14,Super League,0,Stade Lausanne-Ouchy,1559,1551.0,0 - 1,FC Winterthur,1737,1745.0,0,1,Switzerland,domestic league (tier 1)
2024/05/11,Super League,0,Stade Lausanne-Ouchy,1536,1550.0,3 - 1,Yverdon Sport FC,1622,1608.0,3,1,Switzerland,domestic league (tier 1)
2024/05/18,Super League,0,Stade Lausanne-Ouchy,1545,1526.0,0 - 4,FC Lausanne-Sport,1643,1662.0,0,4,Switzerland,domestic league (tier 1)
2024/07/26,Challenge League,0,Stade Lausanne-Ouchy,1534,1518.0,0 - 1,FC Schaffhausen,1412,1428.0,0,1,Switzerland,domestic league (tier 2)
2024/08/09,Challenge League,0,Stade Lausanne-Ouchy,1523,1517.0,1 - 1,FC Aarau,1401,1407.0,1,1,Switzerland,domestic league (tier 2)
2024/09/20,Challenge League,0,Stade Lausanne-Ouchy,1523,1517.0,0 - 0,FC Wil 1900,1400,1406.0,0,0,Switzerland,domestic league (tier 2)
2024/09/27,Challenge League,0,Stade Lausanne-Ouchy,1508,1517.0,5 - 1,Etoile Carouge FC,1408,1399.0,5,1,Switzerland,domestic league (tier 2)
2024/10/19,Challenge League,0,Stade Lausanne-Ouchy,1517,1513.0,1 - 1,AC Bellinzona,1462,1466.0,1,1,Switzerland,domestic league (tier 2)
2024/11/01,Challenge League,0,Stade Lausanne-Ouchy,1514,1510.0,2 - 2,FC Vaduz,1470,1474.0,2,2,Switzerland,domestic league (tier 2)
2024/11/08,Challenge League,0,Stade Lausanne-Ouchy,1510,1516.0,6 - 2,FC Stade Nyonnais,1337,1331.0,6,2,Switzerland,domestic league (tier 2)
2024/11/29,Challenge League,0,Stade Lausanne-Ouchy,1516,1501.0,1 - 2,Neuchâtel Xamax FCS,1435,1450.0,1,2,Switzerland,domestic league (tier 2)
2024/12/13,Challenge League,0,Stade Lausanne-Ouchy,1493,1492.0,1 - 1,FC Thun Berner Oberland,1565,1566.0,1,1,Switzerland,domestic league (tier 2)
2025/01/31,Challenge League,0,Stade Lausanne-Ouchy,1503,1509.0,1 - 0,Etoile Carouge FC,1439,1433.0,1,0,Switzerland,domestic league (tier 2)
2025/02/07,Challenge League,0,Stade Lausanne-Ouchy,1518,1498.0,2 - 4,FC Aarau,1507,1527.0,2,4,Switzerland,domestic league (tier 2)
2025/02/28,Challenge League,0,Stade Lausanne-Ouchy,1488,1494.0,2 - 1,FC Wil 1900,1449,1443.0,2,1,Switzerland,domestic league (tier 2)
2025/03/15,Challenge League,0,Stade Lausanne-Ouchy,1489,1473.0,0 - 1,FC Schaffhausen,1355,1371.0,0,1,Switzerland,domestic league (tier 2)
2025/03/31,Challenge League,0,Stade Lausanne-Ouchy,1486,1504.0,3 - 0,FC Thun Berner Oberland,1588,1570.0,3,0,Switzerland,domestic league (tier 2)
2025/04/18,Challenge League,0,Stade Lausanne-Ouchy,1516,1511.0,0 - 0,Neuchâtel Xamax FCS,1420,1425.0,0,0,Switzerland,domestic league (tier 2)
2025/04/26,Challenge League,0,Stade Lausanne-Ouchy,1511,1494.0,0 - 1,FC Stade Nyonnais,1320,1337.0,0,1,Switzerland,domestic league (tier 2)
2025/05/09,Challenge League,0,Stade Lausanne-Ouchy,1506,1501.0,1 - 1,AC Bellinzona,1414,1419.0,1,1,Switzerland,domestic league (tier 2)
2025/05/23,Challenge League,0,Stade Lausanne-Ouchy,1520,1529.0,2 - 0,FC Vaduz,1483,1474.0,2,0,Switzerland,domestic league (tier 2)
2025/07/26,Challenge League,0,Stade Lausanne-Ouchy,1529,1525.0,1 - 1,FC Wil 1900,1477,1481.0,1,1,Switzerland,domestic league (tier 2)
2025/08/09,Challenge League,0,Stade Lausanne-Ouchy,1520,1515.0,2 - 2,AC Bellinzona,1426,1431.0,2,2,Switzerland,domestic league (tier 2)
2025/08/30,Challenge League,0,Stade Lausanne-Ouchy,1514,1521.0,2 - 0,Etoile Carouge FC,1409,1402.0,2,0,Switzerland,domestic league (tier 2)
2025/09/27,Challenge League,0,Stade Lausanne-Ouchy,1529,1525.0,1 - 1,FC Vaduz,1502,1506.0,1,1,Switzerland,domestic league (tier 2)
2025/10/17,Challenge League,0,Stade Lausanne-Ouchy,1541,1530.0,1 - 2,FC Aarau,1604,1615.0,1,2,Switzerland,domestic league (tier 2)
2025/11/01,Challenge League,0,Stade Lausanne-Ouchy,1545,1538.0,3 - 3,FC Stade Nyonnais,1369,1376.0,3,3,Switzerland,domestic league (tier 2)
2025/12/02,Switzerland Cup,0,Stade Lausanne-Ouchy,1530,1540.0,1 - 0,FC Winterthur,1614,1604.0,1,0,Switzerland,domestic cup
2025/12/06,Challenge League,0,Stade Lausanne-Ouchy,1540,1516.0,0 - 2,FC Rapperswil-Jona,1405,1429.0,0,2,Switzerland,domestic league (tier 2)
2025/12/10,Challenge League,0,Stade Lausanne-Ouchy,1516,1525.0,3 - 0,Neuchâtel Xamax FCS,1435,1426.0,3,0,Switzerland,domestic league (tier 2)
2025/12/13,Challenge League,0,Stade Lausanne-Ouchy,1525,1544.0,4 - 0,Yverdon Sport FC,1630,1611.0,4,0,Switzerland,domestic league (tier 2)
2026/01/30,Challenge League,0,Stade Lausanne-Ouchy,1541,1557.0,5 - 2,FC Vaduz,1603,1587.0,5,2,Switzerland,domestic league (tier 2)
2026/02/04,Switzerland Cup,0,Stade Lausanne-Ouchy,1557,1567.0,2 - 1,FC Luzern,1672,1662.0,2,1,Switzerland,domestic cup
2026/02/13,Challenge League,0,Stade Lausanne-Ouchy,1546,1559.0,4 - 2,FC Aarau,1593,1580.0,4,2,Switzerland,domestic league (tier 2)
2026/02/28,Challenge League,0,Stade Lausanne-Ouchy,1548,1532.0,0 - 1,Etoile Carouge FC,1384,1400.0,0,1,Switzerland,domestic league (tier 2)
2026/03/14,Challenge League,0,Stade Lausanne-Ouchy,1555,1548.0,1 - 1,FC Stade Nyonnais,1360,1367.0,1,1,Switzerland,domestic league (tier 2)
2026/04/03,Challenge League,0,Stade Lausanne-Ouchy,1535,1511.0,0 - 2,FC Wil 1900,1410,1434.0,0,2,Switzerland,domestic league (tier 2)
2026/04/07,Challenge League,0,Stade Lausanne-Ouchy,1511,1496.0,1 - 2,FC Rapperswil-Jona,1400,1415.0,1,2,Switzerland,domestic league (tier 2)
2026/04/18,Switzerland Cup,0,Stade Lausanne-Ouchy,1498,1514.0,2 - 0,Grasshopper Club Zürich,1623,1607.0,2,0,Switzerland,domestic cup
2026/04/26,Challenge League,0,Stade Lausanne-Ouchy,1505,1487.0,0 - 3,Yverdon Sport FC,1602,1620.0,0,3,Switzerland,domestic league (tier 2)
2026/05/08,Challenge League,0,Stade Lausanne-Ouchy,1493,1500.0,5 - 0,AC Bellinzona,1332,1325.0,5,0,Switzerland,domestic league (tier 2)
2026/05/15,Challenge League,0,Stade Lausanne-Ouchy,1512,1518.0,2 - 1,Neuchâtel Xamax FCS,1449,1443.0,2,1,Switzerland,domestic league (tier 2)
2026/05/24,Switzerland Cup,0,Stade Lausanne-Ouchy,1518,1513.0,0 - 3,FC St. Gallen,1824,1829.0,0,3,Switzerland,domestic cup
2026/07/24,Challenge League,0,Stade Lausanne-Ouchy,1513,1517.0,2 - 0,FC Stade Nyonnais,1304,1300.0,2,0,Switzerland,domestic league (tier 2)
2026/08/07,Challenge League,0,Stade Lausanne-Ouchy,1522,1529.0,2 - 0,FC Rapperswil-Jona,1429,1422.0,2,0,Switzerland,domestic league (tier 2)
2026/09/01,Challenge League,0,Stade Lausanne-Ouchy,1543,1552.0,3 - 0,Etoile Carouge FC,1463,1454.0,3,0,Switzerland,domestic league (tier 2)
2026/10/16,Switzerland Cup,0,Stade Lausanne-Ouchy,1552,,Info,Etoile Carouge FC,1454,,,,Switzerland,domestic cup
2022/08/19,Switzerland Cup,0,Stade Nyonnais,1430,1421.0,1 - 4,"Servette FC
(as Servette Genève)",1720,1729.0,1,4,Switzerland,domestic cup
2022/07/15,Challenge League,0,Yverdon Sport FC,1422,1431.0,2 - 1,Stade Lausanne-Ouchy,1470,1461.0,2,1,Switzerland,domestic league (tier 2)
2022/07/29,Challenge League,0,Yverdon Sport FC,1437,1442.0,3 - 1,FC Thun Berner Oberland,1272,1267.0,3,1,Switzerland,domestic league (tier 2)
2022/08/12,Challenge League,0,Yverdon Sport FC,1455,1436.0,1 - 3,FC Wil 1900,1460,1479.0,1,3,Switzerland,domestic league (tier 2)
2022/09/02,Challenge League,0,Yverdon Sport FC,1452,1442.0,0 - 1,AC Bellinzona,1546,1556.0,0,1,Switzerland,domestic league (tier 2)
2022/09/30,Challenge League,0,Yverdon Sport FC,1431,1433.0,2 - 2,FC Aarau,1603,1601.0,2,2,Switzerland,domestic league (tier 2)
2022/10/14,Challenge League,0,Yverdon Sport FC,1422,1443.0,3 - 0,FC Schaffhausen,1586,1565.0,3,0,Switzerland,domestic league (tier 2)
2022/10/28,Challenge League,0,Yverdon Sport FC,1473,1494.0,4 - 0,FC Lausanne-Sport,1618,1597.0,4,0,Switzerland,domestic league (tier 2)
2022/11/11,Challenge League,0,Yverdon Sport FC,1488,1501.0,3 - 1,FC Vaduz,1540,1527.0,3,1,Switzerland,domestic league (tier 2)
2022/11/25,Challenge League,0,Yverdon Sport FC,1488,1497.0,3 - 1,Neuchâtel Xamax FCS,1432,1423.0,3,1,Switzerland,domestic league (tier 2)
2023/02/03,Challenge League,0,Yverdon Sport FC,1516,1524.0,1 - 0,Stade Lausanne-Ouchy,1532,1524.0,1,0,Switzerland,domestic league (tier 2)
2023/02/17,Challenge League,0,Yverdon Sport FC,1537,1533.0,2 - 2,FC Vaduz,1496,1500.0,2,2,Switzerland,domestic league (tier 2)
2023/03/03,Challenge League,0,Yverdon Sport FC,1518,1516.0,1 - 1,FC Wil 1900,1541,1543.0,1,1,Switzerland,domestic league (tier 2)
2023/03/17,Challenge League,0,Yverdon Sport FC,1526,1537.0,2 - 0,FC Schaffhausen,1520,1509.0,2,0,Switzerland,domestic league (tier 2)
2023/04/07,Challenge League,0,Yverdon Sport FC,1528,1535.0,2 - 0,Neuchâtel Xamax FCS,1412,1405.0,2,0,Switzerland,domestic league (tier 2)
2023/04/21,Challenge League,0,Yverdon Sport FC,1548,1532.0,1 - 2,AC Bellinzona,1404,1420.0,1,2,Switzerland,domestic league (tier 2)
2023/05/05,Challenge League,0,Yverdon Sport FC,1534,1543.0,1 - 0,FC Lausanne-Sport,1594,1585.0,1,0,Switzerland,domestic league (tier 2)
2023/05/13,Challenge League,0,Yverdon Sport FC,1543,1549.0,1 - 0,FC Thun Berner Oberland,1499,1493.0,1,0,Switzerland,domestic league (tier 2)
2023/05/23,Challenge League,0,Yverdon Sport FC,1536,1534.0,1 - 1,FC Aarau,1582,1584.0,1,1,Switzerland,domestic league (tier 2)
2023/07/30,Super League,0,Yverdon Sport FC,1548,1555.0,2 - 2,BSC Young Boys,1977,1970.0,2,2,Switzerland,domestic league (tier 1)
2023/08/26,Super League,0,Yverdon Sport FC,1565,1590.0,4 - 1,Servette FC,1816,1791.0,4,1,Switzerland,domestic league (tier 1)
2023/09/24,Super League,0,Yverdon Sport FC,1581,1593.0,3 - 2,FC Basel 1893,1766,1754.0,3,2,Switzerland,domestic league (tier 1)
2023/10/01,Super League,0,Yverdon Sport FC,1595,1608.0,1 - 0,FC St. Gallen,1795,1782.0,1,0,Switzerland,domestic league (tier 1)
2023/10/07,Super League,0,Yverdon Sport FC,1608,1587.0,0 - 3,Grasshopper Club Zürich,1641,1662.0,0,3,Switzerland,domestic league (tier 1)
2023/10/28,Super League,0,Yverdon Sport FC,1584,1583.0,1 - 1,FC Winterthur,1652,1653.0,1,1,Switzerland,domestic league (tier 1)
2023/11/11,Super League,0,Yverdon Sport FC,1578,1577.0,2 - 2,FC Lausanne-Sport,1627,1628.0,2,2,Switzerland,domestic league (tier 1)
2023/11/25,Super League,0,Yverdon Sport FC,1577,1562.0,0 - 5,FC Lugano,1768,1783.0,0,5,Switzerland,domestic league (tier 1)
2023/12/10,Super League,0,Yverdon Sport FC,1557,1565.0,2 - 1,Stade Lausanne-Ouchy,1576,1568.0,2,1,Switzerland,domestic league (tier 1)
2024/01/23,Super League,0,Yverdon Sport FC,1571,1583.0,2 - 1,FC Luzern,1733,1721.0,2,1,Switzerland,domestic league (tier 1)
2024/02/04,Super League,0,Yverdon Sport FC,1579,1603.0,3 - 0,FC Zürich,1810,1786.0,3,0,Switzerland,domestic league (tier 1)
2024/02/11,Super League,0,Yverdon Sport FC,1603,1617.0,2 - 1,Servette FC,1845,1831.0,2,1,Switzerland,domestic league (tier 1)
2024/02/24,Super League,0,Yverdon Sport FC,1606,1593.0,0 - 2,FC Basel 1893,1747,1760.0,0,2,Switzerland,domestic league (tier 1)
2024/03/09,Super League,0,Yverdon Sport FC,1588,1601.0,3 - 2,FC Zürich,1779,1766.0,3,2,Switzerland,domestic league (tier 1)
2024/04/01,Super League,0,Yverdon Sport FC,1597,1602.0,0 - 0,BSC Young Boys,1901,1896.0,0,0,Switzerland,domestic league (tier 1)
2024/04/07,Super League,0,Yverdon Sport FC,1598,1607.0,3 - 2,Grasshopper Club Zürich,1647,1638.0,3,2,Switzerland,domestic league (tier 1)
2024/04/20,Super League,0,Yverdon Sport FC,1599,1609.0,3 - 0,Stade Lausanne-Ouchy,1551,1541.0,3,0,Switzerland,domestic league (tier 1)
2024/05/05,Super League,0,Yverdon Sport FC,1609,1622.0,3 - 1,FC Lausanne-Sport,1673,1660.0,3,1,Switzerland,domestic league (tier 1)
2024/05/18,Super League,0,Yverdon Sport FC,1598,1614.0,3 - 1,FC Luzern,1729,1713.0,3,1,Switzerland,domestic league (tier 1)
2024/07/20,Super League,0,Yverdon Sport FC,1620,1608.0,0 - 2,FC Zürich,1789,1801.0,0,2,Switzerland,domestic league (tier 1)
2024/08/10,Super League,0,Yverdon Sport FC,1611,1615.0,2 - 2,BSC Young Boys,1872,1868.0,2,2,Switzerland,domestic league (tier 1)
2024/08/31,Super League,0,Yverdon Sport FC,1610,1618.0,2 - 1,Grasshopper Club Zürich,1635,1627.0,2,1,Switzerland,domestic league (tier 1)
2024/09/28,Super League,0,Yverdon Sport FC,1608,1621.0,1 - 0,FC St. Gallen,1797,1784.0,1,0,Switzerland,domestic league (tier 1)
2024/10/20,Super League,0,Yverdon Sport FC,1625,1645.0,2 - 0,FC Lugano,1835,1815.0,2,0,Switzerland,domestic league (tier 1)
2024/10/29,Super League,0,Yverdon Sport FC,1660,1638.0,0 - 3,FC Lausanne-Sport,1675,1697.0,0,3,Switzerland,domestic league (tier 1)
2024/11/09,Super League,0,Yverdon Sport FC,1633,1619.0,1 - 4,FC Basel 1893,1799,1813.0,1,4,Switzerland,domestic league (tier 1)
2024/11/30,Super League,0,Yverdon Sport FC,1625,1615.0,0 - 1,FC Luzern,1713,1723.0,0,1,Switzerland,domestic league (tier 1)
2024/12/04,Switzerland Cup,0,Yverdon Sport FC,1615,1604.0,0 - 2,FC Lugano,1821,1832.0,0,2,Switzerland,domestic cup
2024/12/14,Super League,0,Yverdon Sport FC,1607,1597.0,0 - 1,FC Sion,1714,1724.0,0,1,Switzerland,domestic league (tier 1)
2025/01/25,Super League,0,Yverdon Sport FC,1593,1596.0,0 - 0,Servette FC,1809,1806.0,0,0,Switzerland,domestic league (tier 1)
2025/02/02,Super League,0,Yverdon Sport FC,1596,1608.0,3 - 0,FC Winterthur,1587,1575.0,3,0,Switzerland,domestic league (tier 1)
2025/02/16,Super League,0,Yverdon Sport FC,1595,1607.0,1 - 0,FC St. Gallen,1760,1748.0,1,0,Switzerland,domestic league (tier 1)
2025/03/02,Super League,0,Yverdon Sport FC,1603,1604.0,2 - 2,FC Luzern,1739,1738.0,2,2,Switzerland,domestic league (tier 1)
2025/03/08,Super League,0,Yverdon Sport FC,1604,1611.0,2 - 1,FC Winterthur,1593,1586.0,2,1,Switzerland,domestic league (tier 1)
2025/04/01,Super League,0,Yverdon Sport FC,1632,1617.0,0 - 2,FC Lugano,1742,1757.0,0,2,Switzerland,domestic league (tier 1)
2025/04/12,Super League,0,Yverdon Sport FC,1625,1613.0,1 - 2,Grasshopper Club Zürich,1660,1672.0,1,2,Switzerland,domestic league (tier 1)
2025/05/06,Super League,0,Yverdon Sport FC,1608,1609.0,1 - 1,FC St. Gallen,1734,1733.0,1,1,Switzerland,domestic league (tier 1)
2025/05/10,Super League,0,Yverdon Sport FC,1609,1608.0,1 - 1,FC Sion,1672,1673.0,1,1,Switzerland,domestic league (tier 1)
2025/05/22,Super League,0,Yverdon Sport FC,1599,1610.0,3 - 2,FC Zürich,1723,1712.0,3,2,Switzerland,domestic league (tier 1)
2025/08/03,Challenge League,0,Yverdon Sport FC,1599,1604.0,3 - 2,Stade Lausanne-Ouchy,1525,1520.0,3,2,Switzerland,domestic league (tier 2)
2025/08/22,Challenge League,0,Yverdon Sport FC,1617,1625.0,4 - 0,FC Wil 1900,1477,1469.0,4,0,Switzerland,domestic league (tier 2)
2025/08/31,Challenge League,0,Yverdon Sport FC,1622,1626.0,3 - 1,Neuchâtel Xamax FCS,1419,1415.0,3,1,Switzerland,domestic league (tier 2)
2025/09/20,Switzerland Cup,0,Yverdon Sport FC,1613,1624.0,1 - 0,Servette FC,1765,1754.0,1,0,Switzerland,domestic cup
2025/09/28,Challenge League,0,Yverdon Sport FC,1624,1626.0,1 - 0,FC Stade Nyonnais,1364,1362.0,1,0,Switzerland,domestic league (tier 2)
2025/10/19,Challenge League,0,Yverdon Sport FC,1639,1642.0,2 - 0,AC Bellinzona,1377,1374.0,2,0,Switzerland,domestic league (tier 2)
2025/10/31,Challenge League,0,Yverdon Sport FC,1637,1622.0,3 - 4,FC Vaduz,1533,1548.0,3,4,Switzerland,domestic league (tier 2)
2025/11/30,Challenge League,0,Yverdon Sport FC,1631,1635.0,2 - 0,Etoile Carouge FC,1398,1394.0,2,0,Switzerland,domestic league (tier 2)
2025/12/03,Switzerland Cup,0,Yverdon Sport FC,1635,1645.0,2 - 1,FC Lausanne-Sport,1741,1731.0,2,1,Switzerland,domestic cup
2025/12/07,Challenge League,0,Yverdon Sport FC,1645,1630.0,1 - 2,FC Aarau,1572,1587.0,1,2,Switzerland,domestic league (tier 2)
2025/12/21,Challenge League,0,Yverdon Sport FC,1611,1614.0,1 - 0,FC Rapperswil-Jona,1413,1410.0,1,0,Switzerland,domestic league (tier 2)
2026/01/30,Challenge League,0,Yverdon Sport FC,1622,1608.0,1 - 2,FC Aarau,1586,1600.0,1,2,Switzerland,domestic league (tier 2)
2026/02/13,Challenge League,0,Yverdon Sport FC,1628,1630.0,1 - 0,FC Stade Nyonnais,1363,1361.0,1,0,Switzerland,domestic league (tier 2)
2026/03/08,Challenge League,0,Yverdon Sport FC,1636,1613.0,0 - 2,Stade Lausanne-Ouchy,1532,1555.0,0,2,Switzerland,domestic league (tier 2)
2026/03/13,Challenge League,0,Yverdon Sport FC,1613,1606.0,0 - 0,FC Wil 1900,1423,1430.0,0,0,Switzerland,domestic league (tier 2)
2026/04/03,Challenge League,0,Yverdon Sport FC,1598,1602.0,5 - 2,AC Bellinzona,1341,1337.0,5,2,Switzerland,domestic league (tier 2)
2026/04/10,Challenge League,0,Yverdon Sport FC,1614,1621.0,2 - 1,FC Vaduz,1607,1600.0,2,1,Switzerland,domestic league (tier 2)
2026/04/19,Switzerland Cup,0,Yverdon Sport FC,1621,1609.0,0 - 2,FC St. Gallen,1799,1811.0,0,2,Switzerland,domestic cup
2026/04/22,Challenge League,0,Yverdon Sport FC,1609,1602.0,2 - 2,Neuchâtel Xamax FCS,1421,1428.0,2,2,Switzerland,domestic league (tier 2)
2026/05/03,Challenge League,0,Yverdon Sport FC,1620,1595.0,3 - 5,Etoile Carouge FC,1449,1474.0,3,5,Switzerland,domestic league (tier 2)
2026/05/11,Challenge League,0,Yverdon Sport FC,1603,1608.0,3 - 1,FC Rapperswil-Jona,1434,1429.0,3,1,Switzerland,domestic league (tier 2)
2026/07/31,Challenge League,0,Yverdon Sport FC,1611,1605.0,1 - 1,Etoile Carouge FC,1466,1472.0,1,1,Switzerland,domestic league (tier 2)
2026/08/23,Challenge League,0,Yverdon Sport FC,1611,1618.0,2 - 1,FC Aarau,1587,1580.0,2,1,Switzerland,domestic league (tier 2)
2026/08/28,Challenge League,0,Yverdon Sport FC,1618,1611.0,1 - 1,FC Wil 1900,1395,1402.0,1,1,Switzerland,domestic league (tier 2)
2026/09/06,Challenge League,0,Yverdon Sport FC,1619,,Info,FC Stade Nyonnais,1282,,,,Switzerland,domestic league (tier 2)
