Date,Competition,Neutral Venue,Home,PreHElo,PostHElo,Result,Away,PreAElo,PostAElo,Home Goals,Away Goals,Country,Category
2016/08/27,1. Lig,0,Adana Demirspor,1532,1537.0,2 - 1,Denizlispor,1435,1430.0,2,1,Turkey,domestic league (tier 2)
2016/09/17,1. Lig,0,Adana Demirspor,1539,1535.0,2 - 2,Altinordu FK,1481,1485.0,2,2,Turkey,domestic league (tier 2)
2016/10/02,1. Lig,0,Adana Demirspor,1524,1519.0,0 - 0,Sanliurfaspor,1452,1457.0,0,0,Turkey,domestic league (tier 2)
2016/10/21,1. Lig,0,Adana Demirspor,1528,1535.0,1 - 0,Elazigspor,1507,1500.0,1,0,Turkey,domestic league (tier 2)
2016/11/05,1. Lig,0,Adana Demirspor,1533,1523.0,0 - 1,Eskisehirspor,1618,1628.0,0,1,Turkey,domestic league (tier 2)
2016/11/25,1. Lig,0,Adana Demirspor,1525,1531.0,2 - 1,Göztepe,1492,1486.0,2,1,Turkey,domestic league (tier 2)
2016/12/10,1. Lig,0,Adana Demirspor,1529,1515.0,1 - 2,Boluspor,1481,1495.0,1,2,Turkey,domestic league (tier 2)
2017/01/15,1. Lig,0,Adana Demirspor,1521,1515.0,0 - 0,Mersin Idmanyurdu,1397,1403.0,0,0,Turkey,domestic league (tier 2)
2017/01/23,1. Lig,0,Adana Demirspor,1515,1520.0,1 - 0,Samsunspor,1423,1418.0,1,0,Turkey,domestic league (tier 2)
2017/02/12,1. Lig,0,Adana Demirspor,1522,1532.0,4 - 1,Gaziantep FK (as Gazisehir Gaziantep FK),1451,1441.0,4,1,Turkey,domestic league (tier 2)
2017/02/25,1. Lig,0,Adana Demirspor,1524,1512.0,1 - 2,Balikesirspor,1550,1562.0,1,2,Turkey,domestic league (tier 2)
2017/03/12,1. Lig,0,Adana Demirspor,1523,1518.0,1 - 1,Manisaspor,1451,1456.0,1,1,Turkey,domestic league (tier 2)
2017/04/02,1. Lig,0,Adana Demirspor,1507,1504.0,3 - 3,Ümraniyespor,1504,1507.0,3,3,Turkey,domestic league (tier 2)
2017/04/18,1. Lig,0,Adana Demirspor,1527,1514.0,1 - 2,Giresunspor,1522,1535.0,1,2,Turkey,domestic league (tier 2)
2017/04/29,1. Lig,0,Adana Demirspor,1505,1477.0,1 - 4,Bandirmaspor,1356,1384.0,1,4,Turkey,domestic league (tier 2)
2017/05/08,1. Lig,0,Adana Demirspor,1470,1458.0,1 - 2,Yeni Malatyaspor,1507,1519.0,1,2,Turkey,domestic league (tier 2)
2017/05/14,1. Lig,0,Adana Demirspor,1458,1460.0,1 - 1,Sivasspor,1629,1627.0,1,1,Turkey,domestic league (tier 2)
2017/08/19,1. Lig,0,Adana Demirspor,1464,1453.0,1 - 3,Çaykur Rizespor,1664,1675.0,1,3,Turkey,domestic league (tier 2)
2017/09/11,1. Lig,0,Adana Demirspor,1466,1478.0,3 - 1,Gaziantepspor,1507,1495.0,3,1,Turkey,domestic league (tier 2)
2017/09/25,1. Lig,0,Adana Demirspor,1466,1474.0,1 - 0,Adanaspor,1511,1503.0,1,0,Turkey,domestic league (tier 2)
2017/10/15,1. Lig,0,Adana Demirspor,1473,1487.0,3 - 1,Eskisehirspor,1543,1529.0,3,1,Turkey,domestic league (tier 2)
2017/10/29,1. Lig,0,Adana Demirspor,1481,1470.0,1 - 2,Giresunspor,1530,1541.0,1,2,Turkey,domestic league (tier 2)
2017/11/18,1. Lig,0,Adana Demirspor,1465,1462.0,2 - 2,Gaziantep FK (as Gazisehir Gaziantep FK),1451,1454.0,2,2,Turkey,domestic league (tier 2)
2017/12/03,1. Lig,0,Adana Demirspor,1452,1451.0,2 - 2,Elazigspor,1515,1516.0,2,2,Turkey,domestic league (tier 2)
2017/12/23,1. Lig,0,Adana Demirspor,1439,1448.0,2 - 1,MKE Ankaragücü,1507,1498.0,2,1,Turkey,domestic league (tier 2)
2018/01/20,1. Lig,0,Adana Demirspor,1448,1431.0,0 - 2,Balikesirspor,1511,1528.0,0,2,Turkey,domestic league (tier 2)
2018/02/04,1. Lig,0,Adana Demirspor,1428,1425.0,1 - 1,Samsunspor,1436,1439.0,1,1,Turkey,domestic league (tier 2)
2018/02/18,1. Lig,0,Adana Demirspor,1444,1429.0,1 - 3,Boluspor,1540,1555.0,1,3,Turkey,domestic league (tier 2)
2018/02/26,1. Lig,0,Adana Demirspor,1423,1431.0,2 - 1,Istanbulspor AS,1444,1436.0,2,1,Turkey,domestic league (tier 2)
2018/03/07,1. Lig,0,Adana Demirspor,1436,1448.0,3 - 1,Denizlispor,1454,1442.0,3,1,Turkey,domestic league (tier 2)
2018/03/16,1. Lig,0,Adana Demirspor,1470,1458.0,0 - 1,Ümraniyespor,1514,1526.0,0,1,Turkey,domestic league (tier 2)
2018/04/07,1. Lig,0,Adana Demirspor,1453,1458.0,2 - 1,Manisaspor,1349,1344.0,2,1,Turkey,domestic league (tier 2)
2018/04/22,1. Lig,0,Adana Demirspor,1453,1441.0,2 - 3,BB Erzurumspor,1479,1491.0,2,3,Turkey,domestic league (tier 2)
2018/04/28,1. Lig,0,Adana Demirspor,1441,1452.0,1 - 0,Altinordu FK,1562,1551.0,1,0,Turkey,domestic league (tier 2)
2018/08/19,1. Lig,0,Adana Demirspor,1470,1457.0,0 - 1,Denizlispor,1449,1462.0,0,1,Turkey,domestic league (tier 2)
2018/09/02,1. Lig,0,Adana Demirspor,1472,1468.0,2 - 2,Istanbulspor AS,1429,1433.0,2,2,Turkey,domestic league (tier 2)
2018/09/15,1. Lig,0,Adana Demirspor,1468,1475.0,3 - 0,Hatayspor,1336,1329.0,3,0,Turkey,domestic league (tier 2)
2018/09/30,1. Lig,0,Adana Demirspor,1492,1505.0,4 - 0,Eskisehirspor,1486,1473.0,4,0,Turkey,domestic league (tier 2)
2018/10/22,1. Lig,0,Adana Demirspor,1501,1487.0,0 - 1,Elazigspor,1443,1457.0,0,1,Turkey,domestic league (tier 2)
2018/11/04,1. Lig,0,Adana Demirspor,1481,1485.0,1 - 0,Afjet Afyonspor,1342,1338.0,1,0,Turkey,domestic league (tier 2)
2018/11/25,1. Lig,0,Adana Demirspor,1469,1465.0,1 - 1,Adanaspor,1441,1445.0,1,1,Turkey,domestic league (tier 2)
2018/12/10,1. Lig,0,Adana Demirspor,1488,1485.0,1 - 1,Giresunspor,1473,1476.0,1,1,Turkey,domestic league (tier 2)
2018/12/23,1. Lig,0,Adana Demirspor,1478,1470.0,2 - 3,Gençlerbirligi,1644,1652.0,2,3,Turkey,domestic league (tier 2)
2019/01/18,1. Lig,0,Adana Demirspor,1470,1473.0,1 - 0,Karabükspor,1299,1296.0,1,0,Turkey,domestic league (tier 2)
2019/02/02,1. Lig,0,Adana Demirspor,1464,1474.0,3 - 2,Gaziantep FK (as Gazisehir Gaziantep FK),1572,1562.0,3,2,Turkey,domestic league (tier 2)
2019/02/23,1. Lig,0,Adana Demirspor,1466,1485.0,3 - 0,Altinordu FK,1589,1570.0,3,0,Turkey,domestic league (tier 2)
2019/03/09,1. Lig,0,Adana Demirspor,1497,1499.0,0 - 0,Ankaraspor (as Osmanlispor FK),1675,1673.0,0,0,Turkey,domestic league (tier 2)
2019/04/11,1. Lig,0,Adana Demirspor,1527,1540.0,3 - 1,Ümraniyespor,1577,1564.0,3,1,Turkey,domestic league (tier 2)
2019/04/15,1. Lig,0,Adana Demirspor,1540,1535.0,2 - 2,Altay Izmir,1464,1469.0,2,2,Turkey,domestic league (tier 2)
2019/04/28,1. Lig,0,Adana Demirspor,1535,1548.0,4 - 1,Boluspor,1536,1523.0,4,1,Turkey,domestic league (tier 2)
2019/05/12,1. Lig,0,Adana Demirspor,1537,1546.0,2 - 0,Balikesirspor,1481,1472.0,2,0,Turkey,domestic league (tier 2)
2019/05/22,1. Lig,0,Adana Demirspor,1561,1561.0,0 - 0,Hatayspor,1648,1648.0,0,0,Turkey,domestic league (tier 2)
2019/08/17,1. Lig,0,Adana Demirspor,1556,1563.0,2 - 0,Balikesirspor,1458,1451.0,2,0,Turkey,domestic league (tier 2)
2019/09/01,1. Lig,0,Adana Demirspor,1564,1561.0,0 - 0,Keçiörengücü,1559,1562.0,0,0,Turkey,domestic league (tier 2)
2019/09/21,1. Lig,0,Adana Demirspor,1560,1576.0,4 - 1,Bursaspor,1638,1622.0,4,1,Turkey,domestic league (tier 2)
2019/10/06,1. Lig,0,Adana Demirspor,1578,1560.0,0 - 1,Menemen Belediyespor,1305,1323.0,0,1,Turkey,domestic league (tier 2)
2019/10/27,1. Lig,0,Adana Demirspor,1555,1552.0,1 - 1,Fatih Karagümrük SK,1542,1545.0,1,1,Turkey,domestic league (tier 2)
2019/11/08,1. Lig,0,Adana Demirspor,1557,1541.0,2 - 3,Eskisehirspor,1397,1413.0,2,3,Turkey,domestic league (tier 2)
2019/12/08,1. Lig,0,Adana Demirspor,1545,1555.0,1 - 0,BB Erzurumspor,1634,1624.0,1,0,Turkey,domestic league (tier 2)
2019/12/20,1. Lig,0,Adana Demirspor,1546,1557.0,4 - 2,Ümraniyespor,1553,1542.0,4,2,Turkey,domestic league (tier 2)
2020/01/26,1. Lig,0,Adana Demirspor,1594,1588.0,2 - 2,Boluspor,1433,1439.0,2,2,Turkey,domestic league (tier 2)
2020/02/08,1. Lig,0,Adana Demirspor,1606,1611.0,4 - 1,Adanaspor,1414,1409.0,4,1,Turkey,domestic league (tier 2)
2020/02/22,1. Lig,0,Adana Demirspor,1604,1611.0,4 - 2,Altinordu FK,1513,1506.0,4,2,Turkey,domestic league (tier 2)
2020/02/29,1. Lig,0,Adana Demirspor,1618,1616.0,1 - 1,Hatayspor,1659,1661.0,1,1,Turkey,domestic league (tier 2)
2020/03/11,1. Lig,0,Adana Demirspor,1617,1604.0,2 - 3,Akhisar Belediyespor,1594,1607.0,2,3,Turkey,domestic league (tier 2)
2020/06/22,1. Lig,0,Adana Demirspor,1617,1622.0,2 - 1,Ankaraspor (as Osmanlispor FK),1513,1508.0,2,1,Turkey,domestic league (tier 2)
2020/06/27,1. Lig,0,Adana Demirspor,1622,1629.0,4 - 2,Giresunspor,1515,1508.0,4,2,Turkey,domestic league (tier 2)
2020/07/05,1. Lig,0,Adana Demirspor,1642,1637.0,2 - 2,Altay Izmir,1558,1563.0,2,2,Turkey,domestic league (tier 2)
2020/07/18,1. Lig,0,Adana Demirspor,1646,1653.0,3 - 0,Istanbulspor AS,1497,1490.0,3,0,Turkey,domestic league (tier 2)
2020/07/26,1. Lig,0,Adana Demirspor,1655,1666.0,4 - 1,Bursaspor,1612,1601.0,4,1,Turkey,domestic league (tier 2)
2020/07/30,1. Lig,1,Adana Demirspor,1666,1664.0,1 - 1,Fatih Karagümrük SK,1591,1593.0,1,1,Turkey,domestic league (tier 2)
2020/09/21,1. Lig,0,Adana Demirspor,1681,1674.0,1 - 1,Boluspor,1462,1469.0,1,1,Turkey,domestic league (tier 2)
2020/10/04,1. Lig,0,Adana Demirspor,1685,1677.0,0 - 0,Adanaspor,1371,1379.0,0,0,Turkey,domestic league (tier 2)
2020/10/21,1. Lig,0,Adana Demirspor,1667,1671.0,4 - 2,Ümraniyespor,1454,1450.0,4,2,Turkey,domestic league (tier 2)
2020/11/01,1. Lig,0,Adana Demirspor,1681,1674.0,1 - 1,Samsunspor,1459,1466.0,1,1,Turkey,domestic league (tier 2)
2020/11/22,1. Lig,0,Adana Demirspor,1674,1676.0,4 - 1,Eskisehirspor,1323,1321.0,4,1,Turkey,domestic league (tier 2)
2020/12/06,1. Lig,0,Adana Demirspor,1668,1674.0,2 - 0,Akhisar Belediyespor,1539,1533.0,2,0,Turkey,domestic league (tier 2)
2020/12/09,1. Lig,0,Adana Demirspor,1674,1668.0,1 - 1,Altinordu FK,1527,1533.0,1,1,Turkey,domestic league (tier 2)
2020/12/21,1. Lig,0,Adana Demirspor,1656,1661.0,3 - 1,Tuzlaspor,1484,1479.0,3,1,Turkey,domestic league (tier 2)
2021/01/04,1. Lig,0,Adana Demirspor,1651,1656.0,3 - 0,Menemen Belediyespor,1431,1426.0,3,0,Turkey,domestic league (tier 2)
2021/01/23,1. Lig,0,Adana Demirspor,1650,1635.0,1 - 2,Bursaspor,1568,1583.0,1,2,Turkey,domestic league (tier 2)
2021/02/06,1. Lig,0,Adana Demirspor,1643,1647.0,2 - 0,Ankaraspor,1392,1388.0,2,0,Turkey,domestic league (tier 2)
2021/02/19,1. Lig,0,Adana Demirspor,1642,1627.0,1 - 2,Altay Izmir,1534,1549.0,1,2,Turkey,domestic league (tier 2)
2021/02/27,1. Lig,0,Adana Demirspor,1626,1631.0,2 - 0,Bandirmaspor,1449,1444.0,2,0,Turkey,domestic league (tier 2)
2021/03/13,1. Lig,0,Adana Demirspor,1647,1655.0,2 - 0,Istanbulspor AS,1567,1559.0,2,0,Turkey,domestic league (tier 2)
2021/04/03,1. Lig,0,Adana Demirspor,1648,1656.0,2 - 0,Keçiörengücü,1568,1560.0,2,0,Turkey,domestic league (tier 2)
2021/04/17,1. Lig,0,Adana Demirspor,1672,1681.0,3 - 0,Giresunspor,1589,1580.0,3,0,Turkey,domestic league (tier 2)
2021/05/01,1. Lig,0,Adana Demirspor,1692,1696.0,3 - 0,Balikesirspor,1418,1414.0,3,0,Turkey,domestic league (tier 2)
2021/08/15,Süperlig,0,Adana Demirspor,1705,1696.0,0 - 1,Fenerbahçe,1826,1835.0,0,1,Turkey,domestic league (tier 1)
2021/08/27,Süperlig,0,Adana Demirspor,1696,1693.0,1 - 1,Konyaspor,1704,1707.0,1,1,Turkey,domestic league (tier 1)
2021/09/18,Süperlig,0,Adana Demirspor,1680,1688.0,3 - 1,Çaykur Rizespor,1597,1589.0,3,1,Turkey,domestic league (tier 1)
2021/09/25,Süperlig,0,Adana Demirspor,1695,1709.0,4 - 0,Gaziantep FK,1698,1684.0,4,0,Turkey,domestic league (tier 1)
2021/10/16,Süperlig,0,Adana Demirspor,1720,1697.0,0 - 2,Yeni Malatyaspor,1604,1627.0,0,2,Turkey,domestic league (tier 1)
2021/11/07,Süperlig,0,Adana Demirspor,1695,1705.0,1 - 0,Hatayspor,1779,1769.0,1,0,Turkey,domestic league (tier 1)
2021/11/26,Süperlig,0,Adana Demirspor,1721,1715.0,0 - 0,Kasimpasa SK,1597,1603.0,0,0,Turkey,domestic league (tier 1)
2021/12/12,Süperlig,0,Adana Demirspor,1710,1716.0,1 - 0,Giresunspor,1652,1646.0,1,0,Turkey,domestic league (tier 1)
2021/12/21,Süperlig,0,Adana Demirspor,1736,1752.0,2 - 0,Galatasaray,1860,1844.0,2,0,Turkey,domestic league (tier 1)
2021/12/29,Turkey Cup,0,Adana Demirspor,1750,1751.0,3 - 2,Ankaraspor,1392,1391.0,3,2,Turkey,domestic cup
2022/01/15,Süperlig,0,Adana Demirspor,1766,1761.0,1 - 1,Kayserispor,1659,1664.0,1,1,Turkey,domestic league (tier 1)
2022/01/22,Süperlig,0,Adana Demirspor,1754,1765.0,5 - 0,Fatih Karagümrük SK,1689,1678.0,5,0,Turkey,domestic league (tier 1)
2022/02/14,Süperlig,0,Adana Demirspor,1779,1776.0,1 - 1,Besiktas,1762,1765.0,1,1,Turkey,domestic league (tier 1)
2022/02/25,Süperlig,0,Adana Demirspor,1796,1791.0,0 - 0,Antalyaspor,1686,1691.0,0,0,Turkey,domestic league (tier 1)
2022/03/13,Süperlig,0,Adana Demirspor,1777,1763.0,2 - 3,Sivasspor,1742,1756.0,2,3,Turkey,domestic league (tier 1)
2022/03/19,Süperlig,0,Adana Demirspor,1763,1770.0,2 - 1,Istanbul Basaksehir,1773,1766.0,2,1,Turkey,domestic league (tier 1)
2022/04/10,Süperlig,0,Adana Demirspor,1771,1776.0,3 - 1,Altay Izmir,1584,1579.0,3,1,Turkey,domestic league (tier 1)
2022/04/23,Süperlig,0,Adana Demirspor,1758,1745.0,1 - 3,Trabzonspor,1905,1918.0,1,3,Turkey,domestic league (tier 1)
2022/05/07,Süperlig,0,Adana Demirspor,1730,1717.0,1 - 2,Alanyaspor,1713,1726.0,1,2,Turkey,domestic league (tier 1)
2022/05/22,Süperlig,0,Adana Demirspor,1711,1718.0,7 - 0,Göztepe,1529,1522.0,7,0,Turkey,domestic league (tier 1)
2022/08/13,Süperlig,0,Adana Demirspor,1729,1743.0,3 - 0,Sivasspor,1752,1738.0,3,0,Turkey,domestic league (tier 1)
2022/08/27,Süperlig,0,Adana Demirspor,1738,1742.0,1 - 0,Ümraniyespor,1584,1580.0,1,0,Turkey,domestic league (tier 1)
2022/09/12,Süperlig,0,Adana Demirspor,1742,1752.0,3 - 2,Trabzonspor,1859,1849.0,3,2,Turkey,domestic league (tier 1)
2022/10/01,Süperlig,0,Adana Demirspor,1774,1772.0,0 - 0,Galatasaray,1813,1815.0,0,0,Turkey,domestic league (tier 1)
2022/10/23,Süperlig,0,Adana Demirspor,1793,1790.0,1 - 1,Konyaspor,1780,1783.0,1,1,Turkey,domestic league (tier 1)
2022/12/22,Turkey Cup,0,Adana Demirspor,1792,1775.0,3 - 4,Çaykur Rizespor,1594,1611.0,3,4,Turkey,domestic cup
2022/12/25,Süperlig,0,Adana Demirspor,1775,1780.0,2 - 1,Fatih Karagümrük SK,1686,1681.0,2,1,Turkey,domestic league (tier 1)
2023/01/05,Süperlig,0,Adana Demirspor,1773,1779.0,6 - 0,Istanbulspor AS,1569,1563.0,6,0,Turkey,domestic league (tier 1)
2023/01/14,Süperlig,0,Adana Demirspor,1774,1780.0,3 - 1,MKE Ankaragücü,1641,1635.0,3,1,Turkey,domestic league (tier 1)
2023/01/20,Süperlig,0,Adana Demirspor,1780,1774.0,1 - 1,Giresunspor,1640,1646.0,1,1,Turkey,domestic league (tier 1)
2023/02/02,Süperlig,0,Adana Demirspor,1785,1787.0,1 - 1,Fenerbahçe,1951,1949.0,1,1,Turkey,domestic league (tier 1)
2023/03/18,Süperlig,0,Adana Demirspor,1774,1782.0,2 - 0,Antalyaspor,1706,1698.0,2,0,Turkey,domestic league (tier 1)
2023/04/15,Süperlig,0,Adana Demirspor,1776,1786.0,5 - 0,Kasimpasa SK,1687,1677.0,5,0,Turkey,domestic league (tier 1)
2023/04/23,Süperlig,0,Adana Demirspor,1797,1805.0,5 - 3,Kayserispor,1720,1712.0,5,3,Turkey,domestic league (tier 1)
2023/05/06,Süperlig,0,Adana Demirspor,1805,1811.0,4 - 2,Alanyaspor,1673,1667.0,4,2,Turkey,domestic league (tier 1)
2023/05/21,Süperlig,0,Adana Demirspor,1822,1804.0,1 - 4,Besiktas,1903,1921.0,1,4,Turkey,domestic league (tier 1)
2023/06/03,Süperlig,0,Adana Demirspor,1815,1802.0,2 - 3,Istanbul Basaksehir,1804,1817.0,2,3,Turkey,domestic league (tier 1)
2023/08/13,Süperlig,0,Adana Demirspor,1825,1828.0,2 - 1,Çaykur Rizespor,1633,1630.0,2,1,Turkey,domestic league (tier 1)
2023/09/16,Süperlig,0,Adana Demirspor,1820,1823.0,3 - 0,Pendikspor,1535,1532.0,3,0,Turkey,domestic league (tier 1)
2023/09/27,Süperlig,0,Adana Demirspor,1812,1828.0,4 - 2,Besiktas,1934,1918.0,4,2,Turkey,domestic league (tier 1)
2023/10/01,Süperlig,0,Adana Demirspor,1828,1835.0,4 - 0,Alanyaspor,1657,1650.0,4,0,Turkey,domestic league (tier 1)
2023/10/06,Süperlig,0,Adana Demirspor,1835,1841.0,1 - 0,Trabzonspor,1807,1801.0,1,0,Turkey,domestic league (tier 1)
2023/10/28,Süperlig,0,Adana Demirspor,1825,1833.0,3 - 0,Konyaspor,1711,1703.0,3,0,Turkey,domestic league (tier 1)
2023/11/12,Süperlig,0,Adana Demirspor,1832,1834.0,0 - 0,Fenerbahçe,2007,2005.0,0,0,Turkey,domestic league (tier 1)
2023/12/02,Süperlig,0,Adana Demirspor,1834,1817.0,2 - 3,Samsunspor,1604,1621.0,2,3,Turkey,domestic league (tier 1)
2023/12/24,Süperlig,0,Adana Demirspor,1810,1815.0,2 - 1,Antalyaspor,1727,1722.0,2,1,Turkey,domestic league (tier 1)
2024/01/10,Süperlig,0,Adana Demirspor,1817,1809.0,2 - 2,Istanbulspor AS,1537,1545.0,2,2,Turkey,domestic league (tier 1)
2024/01/20,Süperlig,0,Adana Demirspor,1798,1793.0,1 - 1,MKE Ankaragücü,1689,1694.0,1,1,Turkey,domestic league (tier 1)
2024/01/27,Süperlig,0,Adana Demirspor,1797,1781.0,0 - 1,Hatayspor,1649,1665.0,0,1,Turkey,domestic league (tier 1)
2024/02/09,Süperlig,0,Adana Demirspor,1768,1746.0,1 - 3,Kasimpasa SK,1685,1707.0,1,3,Turkey,domestic league (tier 1)
2024/03/04,Süperlig,0,Adana Demirspor,1740,1747.0,1 - 0,Fatih Karagümrük,1736,1729.0,1,0,Turkey,domestic league (tier 1)
2024/03/16,Süperlig,0,Adana Demirspor,1749,1759.0,4 - 1,Sivasspor,1694,1684.0,4,1,Turkey,domestic league (tier 1)
2024/04/13,Süperlig,0,Adana Demirspor,1756,1750.0,0 - 0,Kayserispor,1632,1638.0,0,0,Turkey,domestic league (tier 1)
2024/04/26,Süperlig,0,Adana Demirspor,1751,1742.0,0 - 3,Galatasaray,2028,2037.0,0,3,Turkey,domestic league (tier 1)
2024/05/12,Süperlig,0,Adana Demirspor,1749,1718.0,1 - 6,Gaziantep FK,1641,1672.0,1,6,Turkey,domestic league (tier 1)
2024/05/26,Süperlig,0,Adana Demirspor,1709,1690.0,2 - 6,Istanbul Basaksehir,1807,1826.0,2,6,Turkey,domestic league (tier 1)
2024/08/17,Süperlig,0,Adana Demirspor,1689,1675.0,1 - 2,Çaykur Rizespor,1659,1673.0,1,2,Turkey,domestic league (tier 1)
2024/08/31,Süperlig,0,Adana Demirspor,1678,1669.0,1 - 5,Galatasaray,1979,1988.0,1,5,Turkey,domestic league (tier 1)
2024/09/22,Süperlig,0,Adana Demirspor,1662,1645.0,0 - 2,Alanyaspor,1706,1723.0,0,2,Turkey,domestic league (tier 1)
2024/10/06,Süperlig,0,Adana Demirspor,1625,1610.0,1 - 3,Samsunspor,1716,1731.0,1,3,Turkey,domestic league (tier 1)
2024/10/25,Süperlig,0,Adana Demirspor,1610,1595.0,2 - 4,Sivasspor,1708,1723.0,2,4,Turkey,domestic league (tier 1)
2024/11/09,Süperlig,0,Adana Demirspor,1599,1588.0,0 - 1,Eyüpspor,1663,1674.0,0,1,Turkey,domestic league (tier 1)
2024/11/30,Süperlig,0,Adana Demirspor,1582,1572.0,0 - 1,Konyaspor,1680,1690.0,0,1,Turkey,domestic league (tier 1)
2024/12/16,Süperlig,0,Adana Demirspor,1566,1580.0,2 - 1,Besiktas,1819,1805.0,2,1,Turkey,domestic league (tier 1)
2025/01/04,Süperlig,0,Adana Demirspor,1600,1592.0,0 - 1,Istanbul Basaksehir,1777,1785.0,0,1,Turkey,domestic league (tier 1)
2025/01/19,Süperlig,0,Adana Demirspor,1588,1583.0,0 - 4,Fenerbahçe,2027,2032.0,0,4,Turkey,domestic league (tier 1)
2025/02/02,Süperlig,0,Adana Demirspor,1578,1564.0,3 - 5,Kasimpasa SK,1709,1723.0,3,5,Turkey,domestic league (tier 1)
2025/02/14,Süperlig,0,Adana Demirspor,1564,1563.0,1 - 1,Antalyaspor,1643,1644.0,1,1,Turkey,domestic league (tier 1)
2025/03/01,Süperlig,0,Adana Demirspor,1559,1555.0,0 - 0,Bodrum FK,1517,1521.0,0,0,Turkey,domestic league (tier 1)
2025/04/04,Süperlig,0,Adana Demirspor,1543,1528.0,0 - 2,Kayserispor,1649,1664.0,0,2,Turkey,domestic league (tier 1)
2025/04/19,Süperlig,0,Adana Demirspor,1520,1515.0,0 - 1,Trabzonspor,1797,1802.0,0,1,Turkey,domestic league (tier 1)
2025/05/04,Süperlig,0,Adana Demirspor,1510,1504.0,1 - 2,Göztepe,1745,1751.0,1,2,Turkey,domestic league (tier 1)
2025/05/17,Süperlig,0,Adana Demirspor,1501,1478.0,0 - 5,Hatayspor,1552,1575.0,0,5,Turkey,domestic league (tier 1)
2025/05/31,Süperlig,0,Adana Demirspor,1496,1498.0,2 - 2,Gaziantep FK,1679,1677.0,2,2,Turkey,domestic league (tier 1)
2025/08/16,1. Lig,0,Adana Demirspor,1499,1476.0,0 - 3,Çorum FK,1480,1503.0,0,3,Turkey,domestic league (tier 2)
2025/08/31,1. Lig,0,Adana Demirspor,1465,1434.0,1 - 8,Amed SFK,1433,1464.0,1,8,Turkey,domestic league (tier 2)
2025/09/20,1. Lig,0,Adana Demirspor,1428,1410.0,0 - 3,Erzurumspor FK,1519,1537.0,0,3,Turkey,domestic league (tier 2)
2025/09/29,1. Lig,0,Adana Demirspor,1403,1380.0,0 - 3,Sariyer SK,1386,1409.0,0,3,Turkey,domestic league (tier 2)
2025/10/18,1. Lig,0,Adana Demirspor,1373,1351.0,0 - 6,Sakaryaspor,1458,1480.0,0,6,Turkey,domestic league (tier 2)
2025/10/25,1. Lig,0,Adana Demirspor,1351,1331.0,2 - 4,Vanspor FK,1330,1350.0,2,4,Turkey,domestic league (tier 2)
2025/11/09,1. Lig,0,Adana Demirspor,1316,1298.0,2 - 7,Keçiörengücü,1451,1469.0,2,7,Turkey,domestic league (tier 2)
2025/12/01,1. Lig,0,Adana Demirspor,1288,1289.0,3 - 3,Hatayspor,1434,1433.0,3,3,Turkey,domestic league (tier 2)
2025/12/12,1. Lig,0,Adana Demirspor,1284,1272.0,1 - 6,Boluspor,1536,1548.0,1,6,Turkey,domestic league (tier 2)
2025/12/29,1. Lig,0,Adana Demirspor,1264,1253.0,1 - 5,Istanbulspor AS,1510,1521.0,1,5,Turkey,domestic league (tier 2)
2026/01/10,1. Lig,0,Adana Demirspor,1253,1241.0,0 - 5,Erokspor,1507,1519.0,0,5,Turkey,domestic league (tier 2)
2026/01/23,1. Lig,0,Adana Demirspor,1237,1228.0,0 - 3,Bandirmaspor,1510,1519.0,0,3,Turkey,domestic league (tier 2)
2026/02/08,1. Lig,0,Adana Demirspor,1224,1216.0,0 - 5,Bodrum FK,1554,1562.0,0,5,Turkey,domestic league (tier 2)
2026/02/19,1. Lig,0,Adana Demirspor,1214,1220.0,1 - 1,Sivasspor,1534,1528.0,1,1,Turkey,domestic league (tier 2)
2026/03/01,1. Lig,0,Adana Demirspor,1214,1204.0,0 - 5,Pendikspor,1500,1510.0,0,5,Turkey,domestic league (tier 2)
2026/03/14,1. Lig,0,Adana Demirspor,1194,1176.0,1 - 4,Serik Belediyespor,1282,1300.0,1,4,Turkey,domestic league (tier 2)
2026/04/03,1. Lig,0,Adana Demirspor,1172,1187.0,2 - 1,Manisa FK,1458,1443.0,2,1,Turkey,domestic league (tier 2)
2026/04/12,1. Lig,0,Adana Demirspor,1177,1166.0,1 - 6,Igdir FK,1453,1464.0,1,6,Turkey,domestic league (tier 2)
2026/04/25,1. Lig,0,Adana Demirspor,1162,1154.0,1 - 3,Ümraniyespor,1444,1452.0,1,3,Turkey,domestic league (tier 2)
2016/08/19,Süperlig,0,Adanaspor,1541,1534.0,1 - 2,Bursaspor,1731,1738.0,1,2,Turkey,domestic league (tier 1)
2016/09/10,Süperlig,0,Adanaspor,1540,1539.0,0 - 0,Gaziantepspor,1619,1620.0,0,0,Turkey,domestic league (tier 1)
2016/09/26,Süperlig,0,Adanaspor,1537,1547.0,3 - 2,Alanyaspor,1625,1615.0,3,2,Turkey,domestic league (tier 1)
2016/10/15,Süperlig,0,Adanaspor,1545,1534.0,1 - 2,Karabükspor,1627,1638.0,1,2,Turkey,domestic league (tier 1)
2016/10/29,Süperlig,0,Adanaspor,1530,1526.0,0 - 1,Galatasaray,1855,1859.0,0,1,Turkey,domestic league (tier 1)
2016/11/19,Süperlig,0,Adanaspor,1532,1529.0,1 - 2,Besiktas,1951,1954.0,1,2,Turkey,domestic league (tier 1)
2016/12/04,Süperlig,0,Adanaspor,1525,1515.0,0 - 2,Gençlerbirligi,1737,1747.0,0,2,Turkey,domestic league (tier 1)
2016/12/18,Süperlig,0,Adanaspor,1508,1518.0,2 - 1,Kayserispor,1598,1588.0,2,1,Turkey,domestic league (tier 1)
2016/12/24,Süperlig,0,Adanaspor,1518,1524.0,1 - 1,Istanbul Basaksehir (as Istanbul Basaksehir F.K.),1875,1869.0,1,1,Turkey,domestic league (tier 1)
2017/01/30,Süperlig,0,Adanaspor,1549,1565.0,2 - 0,Kasimpasa SK,1680,1664.0,2,0,Turkey,domestic league (tier 1)
2017/02/19,Süperlig,0,Adanaspor,1557,1543.0,1 - 5,Ankaraspor (as Osmanlispor FK),1752,1766.0,1,5,Turkey,domestic league (tier 1)
2017/03/05,Süperlig,0,Adanaspor,1534,1527.0,0 - 1,Konyaspor,1725,1732.0,0,1,Turkey,domestic league (tier 1)
2017/03/18,Süperlig,0,Adanaspor,1520,1532.0,2 - 1,Akhisar Belediyespor,1675,1663.0,2,1,Turkey,domestic league (tier 1)
2017/04/09,Süperlig,0,Adanaspor,1529,1513.0,1 - 3,Çaykur Rizespor,1604,1620.0,1,3,Turkey,domestic league (tier 1)
2017/04/30,Süperlig,0,Adanaspor,1512,1499.0,2 - 5,Antalyaspor,1708,1721.0,2,5,Turkey,domestic league (tier 1)
2017/05/13,Süperlig,0,Adanaspor,1516,1520.0,1 - 1,Trabzonspor,1750,1746.0,1,1,Turkey,domestic league (tier 1)
2017/06/03,Süperlig,0,Adanaspor,1525,1520.0,1 - 3,Fenerbahçe,1926,1931.0,1,3,Turkey,domestic league (tier 1)
2017/08/12,1. Lig,0,Adanaspor,1520,1530.0,3 - 0,Denizlispor,1456,1446.0,3,0,Turkey,domestic league (tier 2)
2017/08/27,1. Lig,0,Adanaspor,1516,1523.0,2 - 1,Ümraniyespor,1510,1503.0,2,1,Turkey,domestic league (tier 2)
2017/09/16,1. Lig,0,Adanaspor,1505,1511.0,1 - 0,Manisaspor,1469,1463.0,1,0,Turkey,domestic league (tier 2)
2017/10/01,1. Lig,0,Adanaspor,1503,1508.0,2 - 1,BB Erzurumspor,1393,1388.0,2,1,Turkey,domestic league (tier 2)
2017/10/20,1. Lig,0,Adanaspor,1513,1508.0,0 - 0,MKE Ankaragücü,1432,1437.0,0,0,Turkey,domestic league (tier 2)
2017/11/05,1. Lig,0,Adanaspor,1506,1516.0,3 - 2,Çaykur Rizespor,1615,1605.0,3,2,Turkey,domestic league (tier 2)
2017/11/25,1. Lig,0,Adanaspor,1517,1522.0,3 - 2,Gaziantepspor,1414,1409.0,3,2,Turkey,domestic league (tier 2)
2017/12/09,1. Lig,0,Adanaspor,1502,1500.0,2 - 2,Elazigspor,1516,1518.0,2,2,Turkey,domestic league (tier 2)
2017/12/18,1. Lig,0,Adanaspor,1495,1490.0,0 - 0,Istanbulspor AS,1402,1407.0,0,0,Turkey,domestic league (tier 2)
2018/01/28,1. Lig,0,Adanaspor,1489,1488.0,1 - 1,Giresunspor,1563,1564.0,1,1,Turkey,domestic league (tier 2)
2018/02/12,1. Lig,0,Adanaspor,1483,1461.0,2 - 5,Gaziantep FK (as Gazisehir Gaziantep FK),1499,1521.0,2,5,Turkey,domestic league (tier 2)
2018/02/22,1. Lig,0,Adanaspor,1473,1479.0,1 - 0,Adana Demirspor,1429,1423.0,1,0,Turkey,domestic league (tier 2)
2018/03/04,1. Lig,0,Adanaspor,1471,1454.0,1 - 3,Altinordu FK,1535,1552.0,1,3,Turkey,domestic league (tier 2)
2018/03/12,1. Lig,0,Adanaspor,1448,1437.0,0 - 1,Balikesirspor,1500,1511.0,0,1,Turkey,domestic league (tier 2)
2018/04/02,1. Lig,0,Adanaspor,1444,1451.0,2 - 1,Samsunspor,1447,1440.0,2,1,Turkey,domestic league (tier 2)
2018/04/16,1. Lig,0,Adanaspor,1466,1457.0,2 - 3,Boluspor,1597,1606.0,2,3,Turkey,domestic league (tier 2)
2018/05/04,1. Lig,0,Adanaspor,1456,1435.0,0 - 3,Eskisehirspor,1494,1515.0,0,3,Turkey,domestic league (tier 2)
2018/08/11,1. Lig,0,Adanaspor,1435,1434.0,1 - 1,Elazigspor,1501,1502.0,1,1,Turkey,domestic league (tier 2)
2018/08/26,1. Lig,0,Adanaspor,1428,1405.0,0 - 2,Afjet Afyonspor,1319,1342.0,0,2,Turkey,domestic league (tier 2)
2018/09/22,1. Lig,0,Adanaspor,1412,1405.0,1 - 2,Boluspor,1607,1614.0,1,2,Turkey,domestic league (tier 2)
2018/10/07,1. Lig,0,Adanaspor,1421,1431.0,2 - 1,Balikesirspor,1528,1518.0,2,1,Turkey,domestic league (tier 2)
2018/10/27,1. Lig,0,Adanaspor,1439,1448.0,4 - 0,Karabükspor,1341,1332.0,4,0,Turkey,domestic league (tier 2)
2018/11/09,1. Lig,0,Adanaspor,1440,1441.0,1 - 1,Gaziantep FK (as Gazisehir Gaziantep FK),1584,1583.0,1,1,Turkey,domestic league (tier 2)
2018/11/30,1. Lig,0,Adanaspor,1445,1441.0,0 - 0,Hatayspor,1400,1404.0,0,0,Turkey,domestic league (tier 2)
2018/12/16,1. Lig,0,Adanaspor,1434,1445.0,2 - 0,Eskisehirspor,1445,1434.0,2,0,Turkey,domestic league (tier 2)
2019/01/28,1. Lig,0,Adanaspor,1453,1443.0,1 - 2,Ümraniyespor,1555,1565.0,1,2,Turkey,domestic league (tier 2)
2019/02/10,1. Lig,0,Adanaspor,1460,1446.0,2 - 3,Altay Izmir,1410,1424.0,2,3,Turkey,domestic league (tier 2)
2019/02/17,1. Lig,0,Adanaspor,1446,1444.0,1 - 1,Istanbulspor AS,1468,1470.0,1,1,Turkey,domestic league (tier 2)
2019/03/01,1. Lig,0,Adanaspor,1459,1455.0,1 - 1,Giresunspor,1421,1425.0,1,1,Turkey,domestic league (tier 2)
2019/03/17,1. Lig,0,Adanaspor,1449,1440.0,0 - 1,Gençlerbirligi,1597,1606.0,0,1,Turkey,domestic league (tier 2)
2019/04/07,1. Lig,0,Adanaspor,1447,1438.0,3 - 4,Denizlispor,1581,1590.0,3,4,Turkey,domestic league (tier 2)
2019/04/21,1. Lig,0,Adanaspor,1432,1432.0,0 - 0,Adana Demirspor,1535,1535.0,0,0,Turkey,domestic league (tier 2)
2019/05/03,1. Lig,0,Adanaspor,1426,1417.0,1 - 2,Altinordu FK,1560,1569.0,1,2,Turkey,domestic league (tier 2)
2019/05/18,1. Lig,0,Adanaspor,1441,1428.0,1 - 4,Ankaraspor (as Osmanlispor FK),1632,1645.0,1,4,Turkey,domestic league (tier 2)
2019/08/25,1. Lig,0,Adanaspor,1425,1432.0,3 - 2,Eskisehirspor,1430,1423.0,3,2,Turkey,domestic league (tier 2)
2019/09/15,1. Lig,0,Adanaspor,1439,1440.0,0 - 0,Adana Demirspor,1561,1560.0,0,0,Turkey,domestic league (tier 2)
2019/09/28,1. Lig,0,Adanaspor,1445,1443.0,3 - 3,Altay Izmir,1490,1492.0,3,3,Turkey,domestic league (tier 2)
2019/10/20,1. Lig,0,Adanaspor,1438,1437.0,2 - 2,Istanbulspor AS,1496,1497.0,2,2,Turkey,domestic league (tier 2)
2019/11/02,1. Lig,0,Adanaspor,1427,1426.0,0 - 0,Boluspor,1480,1481.0,0,0,Turkey,domestic league (tier 2)
2019/11/22,1. Lig,0,Adanaspor,1420,1418.0,1 - 1,Giresunspor,1439,1441.0,1,1,Turkey,domestic league (tier 2)
2019/11/30,1. Lig,0,Adanaspor,1418,1411.0,2 - 3,Bursaspor,1631,1638.0,2,3,Turkey,domestic league (tier 2)
2019/12/14,1. Lig,0,Adanaspor,1403,1384.0,1 - 3,Menemen Belediyespor,1398,1417.0,1,3,Turkey,domestic league (tier 2)
2019/12/27,1. Lig,0,Adanaspor,1372,1388.0,2 - 0,Fatih Karagümrük SK,1505,1489.0,2,0,Turkey,domestic league (tier 2)
2020/01/18,1. Lig,0,Adanaspor,1388,1392.0,0 - 0,Akhisar Belediyespor,1618,1614.0,0,0,Turkey,domestic league (tier 2)
2020/01/31,1. Lig,0,Adanaspor,1396,1414.0,3 - 1,Ankaraspor (as Osmanlispor FK),1558,1540.0,3,1,Turkey,domestic league (tier 2)
2020/02/17,1. Lig,0,Adanaspor,1409,1412.0,0 - 0,BB Erzurumspor,1623,1620.0,0,0,Turkey,domestic league (tier 2)
2020/02/26,1. Lig,0,Adanaspor,1404,1394.0,0 - 1,Ümraniyespor,1508,1518.0,0,1,Turkey,domestic league (tier 2)
2020/03/06,1. Lig,0,Adanaspor,1389,1389.0,1 - 1,Balikesirspor,1489,1489.0,1,1,Turkey,domestic league (tier 2)
2020/03/15,1. Lig,0,Adanaspor,1383,1384.0,1 - 1,Keçiörengücü,1508,1507.0,1,1,Turkey,domestic league (tier 2)
2020/06/30,1. Lig,0,Adanaspor,1374,1375.0,0 - 0,Altinordu FK,1501,1500.0,0,0,Turkey,domestic league (tier 2)
2020/07/12,1. Lig,0,Adanaspor,1365,1360.0,1 - 2,Hatayspor,1648,1653.0,1,2,Turkey,domestic league (tier 2)
2020/09/13,1. Lig,0,Adanaspor,1355,1366.0,1 - 0,Istanbulspor AS,1490,1479.0,1,0,Turkey,domestic league (tier 2)
2020/09/25,1. Lig,0,Adanaspor,1368,1371.0,0 - 0,Keçiörengücü,1577,1574.0,0,0,Turkey,domestic league (tier 2)
2020/10/17,1. Lig,0,Adanaspor,1379,1399.0,5 - 2,Altinordu FK,1527,1507.0,5,2,Turkey,domestic league (tier 2)
2020/10/25,1. Lig,0,Adanaspor,1394,1377.0,1 - 3,Tuzlaspor,1442,1459.0,1,3,Turkey,domestic league (tier 2)
2020/12/13,1. Lig,0,Adanaspor,1393,1379.0,1 - 4,Altay Izmir,1557,1571.0,1,4,Turkey,domestic league (tier 2)
2020/12/23,1. Lig,0,Adanaspor,1372,1360.0,2 - 3,Menemen Belediyespor,1418,1430.0,2,3,Turkey,domestic league (tier 2)
2020/12/27,1. Lig,0,Adanaspor,1360,1349.0,1 - 2,Bandirmaspor,1431,1442.0,1,2,Turkey,domestic league (tier 2)
2020/12/30,1. Lig,0,Adanaspor,1349,1339.0,2 - 3,Boluspor,1444,1454.0,2,3,Turkey,domestic league (tier 2)
2021/01/30,1. Lig,0,Adanaspor,1370,1379.0,5 - 2,Eskisehirspor,1282,1273.0,5,2,Turkey,domestic league (tier 2)
2021/02/14,1. Lig,0,Adanaspor,1375,1380.0,2 - 2,Adana Demirspor,1647,1642.0,2,2,Turkey,domestic league (tier 2)
2021/02/24,1. Lig,0,Adanaspor,1386,1373.0,0 - 4,Giresunspor,1592,1605.0,0,4,Turkey,domestic league (tier 2)
2021/03/08,1. Lig,0,Adanaspor,1368,1367.0,1 - 1,Balikesirspor,1417,1418.0,1,1,Turkey,domestic league (tier 2)
2021/03/21,1. Lig,0,Adanaspor,1371,1356.0,0 - 3,Bursaspor,1523,1538.0,0,3,Turkey,domestic league (tier 2)
2021/04/11,1. Lig,0,Adanaspor,1372,1359.0,1 - 2,Ankaraspor,1370,1383.0,1,2,Turkey,domestic league (tier 2)
2021/04/14,1. Lig,0,Adanaspor,1359,1373.0,3 - 1,Akhisar Belediyespor,1427,1413.0,3,1,Turkey,domestic league (tier 2)
2021/04/25,1. Lig,0,Adanaspor,1368,1355.0,0 - 2,Ümraniyespor,1524,1537.0,0,2,Turkey,domestic league (tier 2)
2021/05/09,1. Lig,0,Adanaspor,1350,1340.0,0 - 2,Samsunspor,1581,1591.0,0,2,Turkey,domestic league (tier 2)
2021/08/21,1. Lig,0,Adanaspor,1346,1348.0,0 - 0,Gençlerbirligi,1533,1531.0,0,0,Turkey,domestic league (tier 2)
2021/09/11,1. Lig,0,Adanaspor,1344,1360.0,6 - 2,Menemen Belediyespor,1395,1379.0,6,2,Turkey,domestic league (tier 2)
2021/09/19,1. Lig,0,Adanaspor,1354,1358.0,0 - 0,Ümraniyespor,1593,1589.0,0,0,Turkey,domestic league (tier 2)
2021/10/02,1. Lig,0,Adanaspor,1354,1335.0,1 - 5,Bandirmaspor,1456,1475.0,1,5,Turkey,domestic league (tier 2)
2021/11/01,1. Lig,0,Adanaspor,1352,1363.0,1 - 0,Altinordu FK,1495,1484.0,1,0,Turkey,domestic league (tier 2)
2021/11/21,1. Lig,0,Adanaspor,1375,1389.0,1 - 0,MKE Ankaragücü,1624,1610.0,1,0,Turkey,domestic league (tier 2)
2021/12/01,Turkey Cup,0,Adanaspor,1385,1372.0,1 - 2,Kocaelispor,1373,1386.0,1,2,Turkey,domestic cup
2021/12/04,1. Lig,0,Adanaspor,1372,1372.0,1 - 1,Tuzlaspor,1459,1459.0,1,1,Turkey,domestic league (tier 2)
2021/12/16,1. Lig,0,Adanaspor,1377,1389.0,1 - 0,Istanbulspor AS,1543,1531.0,1,0,Turkey,domestic league (tier 2)
2021/12/24,1. Lig,0,Adanaspor,1389,1400.0,2 - 0,Kocaelispor,1393,1382.0,2,0,Turkey,domestic league (tier 2)
2022/01/08,1. Lig,0,Adanaspor,1400,1413.0,3 - 1,Bursaspor,1460,1447.0,3,1,Turkey,domestic league (tier 2)
2022/01/23,1. Lig,0,Adanaspor,1439,1428.0,0 - 1,Keçiörengücü,1517,1528.0,0,1,Turkey,domestic league (tier 2)
2022/02/12,1. Lig,0,Adanaspor,1420,1418.0,0 - 0,Denizlispor,1437,1439.0,0,0,Turkey,domestic league (tier 2)
2022/02/21,1. Lig,0,Adanaspor,1414,1416.0,1 - 1,BB Erzurumspor,1589,1587.0,1,1,Turkey,domestic league (tier 2)
2022/03/06,1. Lig,0,Adanaspor,1411,1421.0,2 - 0,Manisa FK,1390,1380.0,2,0,Turkey,domestic league (tier 2)
2022/03/21,1. Lig,0,Adanaspor,1421,1421.0,1 - 1,Eyüpspor,1519,1519.0,1,1,Turkey,domestic league (tier 2)
2022/04/09,1. Lig,0,Adanaspor,1411,1417.0,3 - 1,Balikesirspor,1268,1262.0,3,1,Turkey,domestic league (tier 2)
2022/04/21,1. Lig,0,Adanaspor,1413,1423.0,1 - 0,Samsunspor,1519,1509.0,1,0,Turkey,domestic league (tier 2)
2022/05/01,1. Lig,0,Adanaspor,1412,1400.0,1 - 2,Boluspor,1434,1446.0,1,2,Turkey,domestic league (tier 2)
2022/08/15,1. Lig,0,Adanaspor,1393,1392.0,1 - 1,Tuzlaspor,1447,1448.0,1,1,Turkey,domestic league (tier 2)
2022/09/04,1. Lig,0,Adanaspor,1399,1400.0,1 - 1,Altay Izmir,1518,1517.0,1,1,Turkey,domestic league (tier 2)
2022/09/17,1. Lig,0,Adanaspor,1395,1414.0,2 - 0,Çaykur Rizespor,1602,1583.0,2,0,Turkey,domestic league (tier 2)
2022/10/07,1. Lig,0,Adanaspor,1407,1408.0,1 - 1,Bandirmaspor,1539,1538.0,1,1,Turkey,domestic league (tier 2)
2022/10/19,Turkey Cup,0,Adanaspor,1399,1403.0,1 - 0,Orduspor,1250,1246.0,1,0,Turkey,domestic cup
2022/10/24,1. Lig,0,Adanaspor,1403,1411.0,2 - 1,Gençlerbirligi,1442,1434.0,2,1,Turkey,domestic league (tier 2)
2022/11/05,1. Lig,0,Adanaspor,1406,1413.0,3 - 2,Pendikspor,1398,1391.0,3,2,Turkey,domestic league (tier 2)
2022/11/19,1. Lig,0,Adanaspor,1401,1408.0,2 - 1,Altinordu FK,1400,1393.0,2,1,Turkey,domestic league (tier 2)
2022/12/04,1. Lig,0,Adanaspor,1408,1408.0,2 - 2,Göztepe,1492,1492.0,2,2,Turkey,domestic league (tier 2)
2022/12/19,1. Lig,0,Adanaspor,1404,1391.0,2 - 3,Denizlispor,1392,1405.0,2,3,Turkey,domestic league (tier 2)
2023/01/22,1. Lig,0,Adanaspor,1402,1399.0,2 - 2,Yeni Malatyaspor,1393,1396.0,2,2,Turkey,domestic league (tier 2)
2023/01/29,1. Lig,0,Adanaspor,1399,1387.0,1 - 2,Bodrumspor,1445,1457.0,1,2,Turkey,domestic league (tier 2)
2023/08/19,1. Lig,0,Adanaspor,1422,1410.0,1 - 2,Sanliurfaspor,1469,1481.0,1,2,Turkey,domestic league (tier 2)
2023/09/01,1. Lig,0,Adanaspor,1404,1384.0,0 - 2,Kocaelispor,1383,1403.0,0,2,Turkey,domestic league (tier 2)
2023/09/24,1. Lig,0,Adanaspor,1375,1384.0,1 - 0,Erzurumspor FK,1450,1441.0,1,0,Turkey,domestic league (tier 2)
2023/10/08,1. Lig,0,Adanaspor,1380,1398.0,4 - 2,Giresunspor,1558,1540.0,4,2,Turkey,domestic league (tier 2)
2023/10/29,1. Lig,0,Adanaspor,1389,1400.0,1 - 0,Ümraniyespor,1510,1499.0,1,0,Turkey,domestic league (tier 2)
2023/11/10,1. Lig,0,Adanaspor,1394,1377.0,0 - 2,Gençlerbirligi,1459,1476.0,0,2,Turkey,domestic league (tier 2)
2023/12/01,1. Lig,0,Adanaspor,1393,1371.0,0 - 3,Çorum FK,1393,1415.0,0,3,Turkey,domestic league (tier 2)
2023/12/20,1. Lig,0,Adanaspor,1376,1362.0,0 - 1,Altay Izmir,1341,1355.0,0,1,Turkey,domestic league (tier 2)
2024/01/13,1. Lig,0,Adanaspor,1378,1376.0,1 - 1,Boluspor,1420,1422.0,1,1,Turkey,domestic league (tier 2)
2024/01/26,1. Lig,0,Adanaspor,1363,1352.0,1 - 2,Keçiörengücü,1413,1424.0,1,2,Turkey,domestic league (tier 2)
2024/02/11,1. Lig,0,Adanaspor,1348,1356.0,2 - 1,Tuzlaspor,1383,1375.0,2,1,Turkey,domestic league (tier 2)
2024/02/24,1. Lig,0,Adanaspor,1352,1342.0,0 - 3,Göztepe,1607,1617.0,0,3,Turkey,domestic league (tier 2)
2024/03/09,1. Lig,0,Adanaspor,1356,1358.0,0 - 0,Sakaryaspor,1523,1521.0,0,0,Turkey,domestic league (tier 2)
2024/04/03,1. Lig,0,Adanaspor,1351,1366.0,1 - 0,Eyüpspor,1623,1608.0,1,0,Turkey,domestic league (tier 2)
2024/04/15,1. Lig,0,Adanaspor,1372,1374.0,1 - 1,Bodrumspor,1544,1542.0,1,1,Turkey,domestic league (tier 2)
2024/04/28,1. Lig,0,Adanaspor,1368,1367.0,1 - 1,Manisa FK,1440,1441.0,1,1,Turkey,domestic league (tier 2)
2024/05/11,1. Lig,0,Adanaspor,1382,1393.0,1 - 0,Bandirmaspor,1502,1491.0,1,0,Turkey,domestic league (tier 2)
2024/08/10,1. Lig,0,Adanaspor,1393,1397.0,2 - 1,Erokspor,1272,1268.0,2,1,Turkey,domestic league (tier 2)
2024/08/25,1. Lig,0,Adanaspor,1377,1369.0,3 - 4,Pendikspor,1561,1569.0,3,4,Turkey,domestic league (tier 2)
2024/09/16,1. Lig,0,Adanaspor,1374,1373.0,1 - 1,Keçiörengücü,1428,1429.0,1,1,Turkey,domestic league (tier 2)
2024/09/29,1. Lig,0,Adanaspor,1365,1351.0,0 - 2,Çorum FK,1477,1491.0,0,2,Turkey,domestic league (tier 2)
2024/10/19,1. Lig,0,Adanaspor,1359,1341.0,1 - 4,Sanliurfaspor,1446,1464.0,1,4,Turkey,domestic league (tier 2)
2024/11/02,1. Lig,0,Adanaspor,1338,1330.0,0 - 1,Bandirmaspor,1521,1529.0,0,1,Turkey,domestic league (tier 2)
2024/11/24,1. Lig,0,Adanaspor,1336,1337.0,1 - 1,Sakaryaspor,1481,1480.0,1,1,Turkey,domestic league (tier 2)
2024/12/13,1. Lig,0,Adanaspor,1328,1336.0,3 - 1,Yeni Malatyaspor,1260,1252.0,3,1,Turkey,domestic league (tier 2)
2025/01/05,1. Lig,0,Adanaspor,1360,1357.0,0 - 0,Amed SK,1356,1359.0,0,0,Turkey,domestic league (tier 2)
2025/01/25,1. Lig,0,Adanaspor,1343,1340.0,0 - 0,Igdir FK,1330,1333.0,0,0,Turkey,domestic league (tier 2)
2025/02/08,1. Lig,0,Adanaspor,1337,1347.0,2 - 1,Manisa FK,1437,1427.0,2,1,Turkey,domestic league (tier 2)
2025/02/17,1. Lig,0,Adanaspor,1339,1340.0,1 - 1,Ümraniyespor,1484,1483.0,1,1,Turkey,domestic league (tier 2)
2025/03/02,1. Lig,0,Adanaspor,1346,1366.0,2 - 0,MKE Ankaragücü,1573,1553.0,2,0,Turkey,domestic league (tier 2)
2025/03/09,1. Lig,0,Adanaspor,1381,1375.0,1 - 2,Fatih Karagümrük,1635,1641.0,1,2,Turkey,domestic league (tier 2)
2025/03/29,1. Lig,0,Adanaspor,1371,1360.0,0 - 2,Istanbulspor AS,1560,1571.0,0,2,Turkey,domestic league (tier 2)
2025/04/10,1. Lig,0,Adanaspor,1355,1343.0,1 - 4,Kocaelispor,1564,1576.0,1,4,Turkey,domestic league (tier 2)
2025/04/14,1. Lig,0,Adanaspor,1343,1328.0,0 - 3,Erzurumspor FK,1489,1504.0,0,3,Turkey,domestic league (tier 2)
2025/04/27,1. Lig,0,Adanaspor,1342,1327.0,0 - 5,Gençlerbirligi,1538,1553.0,0,5,Turkey,domestic league (tier 2)
2025/05/10,1. Lig,0,Adanaspor,1318,1301.0,0 - 7,Boluspor,1509,1526.0,0,7,Turkey,domestic league (tier 2)
2018/08/19,1. Lig,0,Afjet Afyonspor,1319,1319.0,1 - 1,Altay Izmir,1409,1409.0,1,1,Turkey,domestic league (tier 2)
2018/08/31,1. Lig,0,Afjet Afyonspor,1342,1336.0,0 - 1,Boluspor,1608,1614.0,0,1,Turkey,domestic league (tier 2)
2018/09/23,1. Lig,0,Afjet Afyonspor,1353,1355.0,1 - 1,Balikesirspor,1525,1523.0,1,1,Turkey,domestic league (tier 2)
2018/10/06,1. Lig,0,Afjet Afyonspor,1353,1369.0,5 - 0,Karabükspor,1378,1362.0,5,0,Turkey,domestic league (tier 2)
2018/10/26,1. Lig,0,Afjet Afyonspor,1361,1349.0,1 - 4,Gaziantep FK (as Gazisehir Gaziantep FK),1565,1577.0,1,4,Turkey,domestic league (tier 2)
2018/11/10,1. Lig,0,Afjet Afyonspor,1338,1327.0,1 - 2,Hatayspor,1391,1402.0,1,2,Turkey,domestic league (tier 2)
2018/12/03,1. Lig,0,Afjet Afyonspor,1334,1344.0,2 - 1,Eskisehirspor,1448,1438.0,2,1,Turkey,domestic league (tier 2)
2018/12/15,1. Lig,0,Afjet Afyonspor,1342,1323.0,0 - 4,Elazigspor,1444,1463.0,0,4,Turkey,domestic league (tier 2)
2019/01/19,1. Lig,0,Afjet Afyonspor,1320,1321.0,1 - 1,Istanbulspor AS,1454,1453.0,1,1,Turkey,domestic league (tier 2)
2019/02/03,1. Lig,0,Afjet Afyonspor,1326,1309.0,0 - 3,Adanaspor,1443,1460.0,0,3,Turkey,domestic league (tier 2)
2019/02/17,1. Lig,0,Afjet Afyonspor,1317,1328.0,3 - 2,Giresunspor,1445,1434.0,3,2,Turkey,domestic league (tier 2)
2019/03/03,1. Lig,0,Afjet Afyonspor,1325,1330.0,0 - 0,Gençlerbirligi,1598,1593.0,0,0,Turkey,domestic league (tier 2)
2019/03/17,1. Lig,0,Afjet Afyonspor,1350,1340.0,1 - 3,Denizlispor,1577,1587.0,1,3,Turkey,domestic league (tier 2)
2019/04/07,1. Lig,0,Afjet Afyonspor,1338,1326.0,0 - 2,Adana Demirspor,1515,1527.0,0,2,Turkey,domestic league (tier 2)
2019/04/21,1. Lig,0,Afjet Afyonspor,1323,1313.0,1 - 3,Altinordu FK,1545,1555.0,1,3,Turkey,domestic league (tier 2)
2019/05/04,1. Lig,0,Afjet Afyonspor,1307,1313.0,0 - 0,Ankaraspor (as Osmanlispor FK),1632,1626.0,0,0,Turkey,domestic league (tier 2)
2019/05/17,1. Lig,0,Afjet Afyonspor,1328,1331.0,2 - 2,Ümraniyespor,1546,1543.0,2,2,Turkey,domestic league (tier 2)
2016/08/27,Süperlig,0,Akhisar Belediyespor,1701,1688.0,1 - 3,Galatasaray,1842,1855.0,1,3,Turkey,domestic league (tier 1)
2016/09/18,Süperlig,0,Akhisar Belediyespor,1680,1670.0,0 - 2,Besiktas,1908,1918.0,0,2,Turkey,domestic league (tier 1)
2016/09/30,Süperlig,0,Akhisar Belediyespor,1672,1671.0,0 - 0,Gençlerbirligi,1731,1732.0,0,0,Turkey,domestic league (tier 1)
2016/10/22,Süperlig,0,Akhisar Belediyespor,1673,1677.0,1 - 0,Adanaspor,1534,1530.0,1,0,Turkey,domestic league (tier 1)
2016/11/06,Süperlig,0,Akhisar Belediyespor,1670,1662.0,1 - 3,Fenerbahçe,1948,1956.0,1,3,Turkey,domestic league (tier 1)
2016/11/26,Süperlig,0,Akhisar Belediyespor,1667,1675.0,1 - 0,Kasimpasa SK,1688,1680.0,1,0,Turkey,domestic league (tier 1)
2016/12/11,Süperlig,0,Akhisar Belediyespor,1685,1676.0,1 - 2,Ankaraspor (as Osmanlispor FK),1812,1821.0,1,2,Turkey,domestic league (tier 1)
2016/12/25,Süperlig,0,Akhisar Belediyespor,1682,1692.0,1 - 0,Konyaspor,1773,1763.0,1,0,Turkey,domestic league (tier 1)
2017/01/21,Süperlig,0,Akhisar Belediyespor,1690,1685.0,0 - 0,Kayserispor,1595,1600.0,0,0,Turkey,domestic league (tier 1)
2017/02/12,Süperlig,0,Akhisar Belediyespor,1681,1688.0,1 - 0,Çaykur Rizespor,1660,1653.0,1,0,Turkey,domestic league (tier 1)
2017/02/25,Süperlig,0,Akhisar Belediyespor,1684,1699.0,3 - 0,Antalyaspor,1732,1717.0,3,0,Turkey,domestic league (tier 1)
2017/03/13,Süperlig,0,Akhisar Belediyespor,1694,1675.0,1 - 3,Trabzonspor,1710,1729.0,1,3,Turkey,domestic league (tier 1)
2017/04/01,Süperlig,0,Akhisar Belediyespor,1663,1676.0,2 - 1,Istanbul Basaksehir (as Istanbul Basaksehir F.K.),1864,1851.0,2,1,Turkey,domestic league (tier 1)
2017/04/23,Süperlig,0,Akhisar Belediyespor,1661,1674.0,5 - 1,Bursaspor,1654,1641.0,5,1,Turkey,domestic league (tier 1)
2017/05/08,Süperlig,0,Akhisar Belediyespor,1695,1705.0,6 - 0,Gaziantepspor,1582,1572.0,6,0,Turkey,domestic league (tier 1)
2017/05/22,Süperlig,0,Akhisar Belediyespor,1730,1740.0,3 - 0,Alanyaspor,1665,1655.0,3,0,Turkey,domestic league (tier 1)
2017/06/02,Süperlig,0,Akhisar Belediyespor,1762,1746.0,2 - 3,Karabükspor,1621,1637.0,2,3,Turkey,domestic league (tier 1)
2017/08/12,Süperlig,0,Akhisar Belediyespor,1746,1751.0,1 - 0,Sivasspor,1636,1631.0,1,0,Turkey,domestic league (tier 1)
2017/08/27,Süperlig,0,Akhisar Belediyespor,1754,1760.0,2 - 1,Kasimpasa SK,1720,1714.0,2,1,Turkey,domestic league (tier 1)
2017/09/16,Süperlig,0,Akhisar Belediyespor,1740,1745.0,2 - 1,Karabükspor,1660,1655.0,2,1,Turkey,domestic league (tier 1)
2017/09/29,Süperlig,0,Akhisar Belediyespor,1732,1744.0,1 - 0,Fenerbahçe,1897,1885.0,1,0,Turkey,domestic league (tier 1)
2017/10/21,Süperlig,0,Akhisar Belediyespor,1770,1765.0,3 - 3,Gençlerbirligi,1689,1694.0,3,3,Turkey,domestic league (tier 1)
2017/11/05,Süperlig,0,Akhisar Belediyespor,1761,1732.0,0 - 4,Alanyaspor,1651,1680.0,0,4,Turkey,domestic league (tier 1)
2017/12/02,Süperlig,0,Akhisar Belediyespor,1733,1726.0,0 - 0,Yeni Malatyaspor,1548,1555.0,0,0,Turkey,domestic league (tier 1)
2017/12/17,Süperlig,0,Akhisar Belediyespor,1712,1694.0,0 - 2,Kayserispor,1745,1763.0,0,2,Turkey,domestic league (tier 1)
2018/01/28,Süperlig,0,Akhisar Belediyespor,1679,1676.0,1 - 1,Antalyaspor,1654,1657.0,1,1,Turkey,domestic league (tier 1)
2018/02/11,Süperlig,0,Akhisar Belediyespor,1677,1684.0,1 - 0,Bursaspor,1668,1661.0,1,0,Turkey,domestic league (tier 1)
2018/02/23,Süperlig,0,Akhisar Belediyespor,1700,1712.0,3 - 0,Konyaspor,1697,1685.0,3,0,Turkey,domestic league (tier 1)
2018/03/12,Süperlig,0,Akhisar Belediyespor,1720,1702.0,1 - 3,Trabzonspor,1748,1766.0,1,3,Turkey,domestic league (tier 1)
2018/04/01,Süperlig,0,Akhisar Belediyespor,1704,1696.0,1 - 2,Istanbul Basaksehir (as Istanbul Basaksehir F.K.),1882,1890.0,1,2,Turkey,domestic league (tier 1)
2018/04/13,Süperlig,0,Akhisar Belediyespor,1683,1674.0,0 - 3,Besiktas,1980,1989.0,0,3,Turkey,domestic league (tier 1)
2018/04/22,Süperlig,0,Akhisar Belediyespor,1700,1695.0,1 - 1,Göztepe,1625,1630.0,1,1,Turkey,domestic league (tier 1)
2018/05/06,Süperlig,0,Akhisar Belediyespor,1695,1687.0,1 - 2,Galatasaray,1882,1890.0,1,2,Turkey,domestic league (tier 1)
2018/05/18,Süperlig,0,Akhisar Belediyespor,1715,1721.0,2 - 1,Ankaraspor (as Osmanlispor FK),1670,1664.0,2,1,Turkey,domestic league (tier 1)
2018/08/19,Süperlig,0,Akhisar Belediyespor,1724,1719.0,1 - 1,Çaykur Rizespor,1652,1657.0,1,1,Turkey,domestic league (tier 1)
2018/09/01,Süperlig,0,Akhisar Belediyespor,1714,1710.0,1 - 1,Sivasspor,1663,1667.0,1,1,Turkey,domestic league (tier 1)
2018/09/23,Süperlig,0,Akhisar Belediyespor,1690,1713.0,3 - 0,Galatasaray,1912,1889.0,3,0,Turkey,domestic league (tier 1)
2018/10/07,Süperlig,0,Akhisar Belediyespor,1700,1683.0,1 - 3,Trabzonspor,1761,1778.0,1,3,Turkey,domestic league (tier 1)
2018/10/29,Süperlig,0,Akhisar Belediyespor,1667,1674.0,1 - 0,Göztepe,1671,1664.0,1,0,Turkey,domestic league (tier 1)
2018/11/03,Süperlig,0,Akhisar Belediyespor,1674,1668.0,1 - 1,BB Erzurumspor,1543,1549.0,1,1,Turkey,domestic league (tier 1)
2018/11/25,Süperlig,0,Akhisar Belediyespor,1679,1658.0,2 - 4,Bursaspor,1633,1654.0,2,4,Turkey,domestic league (tier 1)
2018/12/09,Süperlig,0,Akhisar Belediyespor,1674,1695.0,3 - 0,Fenerbahçe,1839,1818.0,3,0,Turkey,domestic league (tier 1)
2018/12/24,Süperlig,0,Akhisar Belediyespor,1693,1690.0,0 - 0,Konyaspor,1701,1704.0,0,0,Turkey,domestic league (tier 1)
2019/01/18,Süperlig,0,Akhisar Belediyespor,1702,1688.0,0 - 3,Besiktas,1863,1877.0,0,3,Turkey,domestic league (tier 1)
2019/02/03,Süperlig,0,Akhisar Belediyespor,1671,1659.0,0 - 3,Istanbul Basaksehir (as Istanbul Basaksehir F.K.),1887,1899.0,0,3,Turkey,domestic league (tier 1)
2019/02/16,Süperlig,0,Akhisar Belediyespor,1665,1660.0,0 - 0,MKE Ankaragücü,1558,1563.0,0,0,Turkey,domestic league (tier 1)
2019/03/04,Süperlig,0,Akhisar Belediyespor,1669,1680.0,3 - 1,Alanyaspor,1682,1671.0,3,1,Turkey,domestic league (tier 1)
2019/03/16,Süperlig,0,Akhisar Belediyespor,1674,1660.0,2 - 3,Kasimpasa SK,1627,1641.0,2,3,Turkey,domestic league (tier 1)
2019/04/20,Süperlig,0,Akhisar Belediyespor,1672,1658.0,1 - 2,Antalyaspor,1640,1654.0,1,2,Turkey,domestic league (tier 1)
2019/05/05,Süperlig,0,Akhisar Belediyespor,1664,1644.0,0 - 2,Yeni Malatyaspor,1655,1675.0,0,2,Turkey,domestic league (tier 1)
2019/05/19,Süperlig,0,Akhisar Belediyespor,1634,1632.0,2 - 2,Kayserispor,1664,1666.0,2,2,Turkey,domestic league (tier 1)
2019/08/18,1. Lig,0,Akhisar Belediyespor,1632,1635.0,1 - 0,Adanaspor,1428,1425.0,1,0,Turkey,domestic league (tier 2)
2019/08/31,1. Lig,0,Akhisar Belediyespor,1627,1622.0,0 - 0,Altinordu FK,1543,1548.0,0,0,Turkey,domestic league (tier 2)
2019/09/22,1. Lig,0,Akhisar Belediyespor,1627,1639.0,3 - 1,Hatayspor,1654,1642.0,3,1,Turkey,domestic league (tier 2)
2019/10/18,1. Lig,0,Akhisar Belediyespor,1635,1637.0,2 - 1,Eskisehirspor,1396,1394.0,2,1,Turkey,domestic league (tier 2)
2019/11/02,1. Lig,0,Akhisar Belediyespor,1629,1624.0,1 - 1,Adana Demirspor,1552,1557.0,1,1,Turkey,domestic league (tier 2)
2019/11/24,1. Lig,0,Akhisar Belediyespor,1626,1630.0,2 - 1,Altay Izmir,1486,1482.0,2,1,Turkey,domestic league (tier 2)
2019/12/07,1. Lig,0,Akhisar Belediyespor,1631,1635.0,4 - 3,Istanbulspor AS,1486,1482.0,4,3,Turkey,domestic league (tier 2)
2019/12/21,1. Lig,0,Akhisar Belediyespor,1634,1627.0,0 - 0,Boluspor,1445,1452.0,0,0,Turkey,domestic league (tier 2)
2020/01/24,1. Lig,0,Akhisar Belediyespor,1614,1601.0,0 - 1,Bursaspor,1618,1631.0,0,1,Turkey,domestic league (tier 2)
2020/02/10,1. Lig,0,Akhisar Belediyespor,1587,1580.0,2 - 2,Menemen Belediyespor,1390,1397.0,2,2,Turkey,domestic league (tier 2)
2020/02/22,1. Lig,0,Akhisar Belediyespor,1595,1572.0,0 - 2,Fatih Karagümrük SK,1503,1526.0,0,2,Turkey,domestic league (tier 2)
2020/02/26,1. Lig,0,Akhisar Belediyespor,1572,1579.0,2 - 0,Giresunspor,1470,1463.0,2,0,Turkey,domestic league (tier 2)
2020/03/08,1. Lig,0,Akhisar Belediyespor,1588,1594.0,3 - 2,Ankaraspor (as Osmanlispor FK),1527,1521.0,3,2,Turkey,domestic league (tier 2)
2020/03/15,1. Lig,0,Akhisar Belediyespor,1607,1604.0,0 - 0,BB Erzurumspor,1603,1606.0,0,0,Turkey,domestic league (tier 2)
2020/06/28,1. Lig,0,Akhisar Belediyespor,1590,1595.0,1 - 0,Ümraniyespor,1516,1511.0,1,0,Turkey,domestic league (tier 2)
2020/07/06,1. Lig,0,Akhisar Belediyespor,1605,1610.0,3 - 1,Balikesirspor,1439,1434.0,3,1,Turkey,domestic league (tier 2)
2020/07/18,1. Lig,0,Akhisar Belediyespor,1619,1604.0,3 - 4,Keçiörengücü,1544,1559.0,3,4,Turkey,domestic league (tier 2)
2020/07/26,1. Lig,0,Akhisar Belediyespor,1606,1592.0,0 - 1,Fatih Karagümrük SK,1577,1591.0,0,1,Turkey,domestic league (tier 2)
2020/09/14,1. Lig,0,Akhisar Belediyespor,1592,1585.0,0 - 0,Tuzlaspor,1375,1382.0,0,0,Turkey,domestic league (tier 2)
2020/09/26,1. Lig,0,Akhisar Belediyespor,1573,1579.0,2 - 0,Balikesirspor,1439,1433.0,2,0,Turkey,domestic league (tier 2)
2020/10/19,1. Lig,0,Akhisar Belediyespor,1568,1561.0,0 - 0,Menemen Belediyespor,1383,1390.0,0,0,Turkey,domestic league (tier 2)
2020/10/26,1. Lig,0,Akhisar Belediyespor,1563,1571.0,2 - 1,Bursaspor,1576,1568.0,2,1,Turkey,domestic league (tier 2)
2020/11/08,1. Lig,0,Akhisar Belediyespor,1577,1571.0,2 - 2,Boluspor,1436,1442.0,2,2,Turkey,domestic league (tier 2)
2020/11/28,1. Lig,0,Akhisar Belediyespor,1555,1539.0,0 - 1,Ankaraspor,1428,1444.0,0,1,Turkey,domestic league (tier 2)
2020/12/27,1. Lig,0,Akhisar Belediyespor,1520,1507.0,0 - 1,Giresunspor,1528,1541.0,0,1,Turkey,domestic league (tier 2)
2021/01/11,1. Lig,0,Akhisar Belediyespor,1498,1482.0,0 - 1,Adanaspor,1357,1373.0,0,1,Turkey,domestic league (tier 2)
2021/01/29,1. Lig,0,Akhisar Belediyespor,1504,1510.0,1 - 0,Bandirmaspor,1466,1460.0,1,0,Turkey,domestic league (tier 2)
2021/02/13,1. Lig,0,Akhisar Belediyespor,1491,1470.0,1 - 4,Samsunspor,1523,1544.0,1,4,Turkey,domestic league (tier 2)
2021/02/24,1. Lig,0,Akhisar Belediyespor,1454,1444.0,0 - 1,Istanbulspor AS,1551,1561.0,0,1,Turkey,domestic league (tier 2)
2021/03/07,1. Lig,0,Akhisar Belediyespor,1439,1445.0,3 - 0,Eskisehirspor,1257,1251.0,3,0,Turkey,domestic league (tier 2)
2021/03/21,1. Lig,0,Akhisar Belediyespor,1459,1449.0,1 - 2,Keçiörengücü,1558,1568.0,1,2,Turkey,domestic league (tier 2)
2021/04/10,1. Lig,0,Akhisar Belediyespor,1434,1427.0,2 - 3,Adana Demirspor,1656,1663.0,2,3,Turkey,domestic league (tier 2)
2021/04/18,1. Lig,0,Akhisar Belediyespor,1413,1414.0,1 - 1,Altinordu FK,1533,1532.0,1,1,Turkey,domestic league (tier 2)
2021/04/25,1. Lig,0,Akhisar Belediyespor,1414,1432.0,2 - 0,Altay Izmir,1581,1563.0,2,0,Turkey,domestic league (tier 2)
2021/05/07,1. Lig,0,Akhisar Belediyespor,1425,1425.0,1 - 1,Ümraniyespor,1525,1525.0,1,1,Turkey,domestic league (tier 2)
2016/08/26,Süperlig,0,Alanyaspor,1595,1605.0,2 - 1,Antalyaspor,1682,1672.0,2,1,Turkey,domestic league (tier 1)
2016/09/17,Süperlig,0,Alanyaspor,1611,1625.0,3 - 0,Trabzonspor,1645,1631.0,3,0,Turkey,domestic league (tier 1)
2016/10/02,Süperlig,0,Alanyaspor,1615,1601.0,0 - 5,Istanbul Basaksehir (as Istanbul Basaksehir F.K.),1826,1840.0,0,5,Turkey,domestic league (tier 1)
2016/10/22,Süperlig,0,Alanyaspor,1609,1595.0,0 - 2,Bursaspor,1738,1752.0,0,2,Turkey,domestic league (tier 1)
2016/11/05,Süperlig,0,Alanyaspor,1590,1599.0,4 - 3,Gaziantepspor,1644,1635.0,4,3,Turkey,domestic league (tier 1)
2016/11/25,Süperlig,0,Alanyaspor,1594,1608.0,3 - 0,Kayserispor,1620,1606.0,3,0,Turkey,domestic league (tier 1)
2016/12/04,Süperlig,0,Alanyaspor,1608,1600.0,2 - 3,Konyaspor,1783,1791.0,2,3,Turkey,domestic league (tier 1)
2016/12/18,Süperlig,0,Alanyaspor,1621,1620.0,0 - 0,Akhisar Belediyespor,1674,1675.0,0,0,Turkey,domestic league (tier 1)
2017/01/14,Süperlig,0,Alanyaspor,1615,1603.0,2 - 3,Çaykur Rizespor,1650,1662.0,2,3,Turkey,domestic league (tier 1)
2017/01/23,Süperlig,0,Alanyaspor,1603,1596.0,1 - 4,Besiktas,1934,1941.0,1,4,Turkey,domestic league (tier 1)
2017/02/11,Süperlig,0,Alanyaspor,1592,1611.0,3 - 0,Gençlerbirligi,1723,1704.0,3,0,Turkey,domestic league (tier 1)
2017/02/25,Süperlig,0,Alanyaspor,1616,1625.0,4 - 1,Adanaspor,1543,1534.0,4,1,Turkey,domestic league (tier 1)
2017/03/10,Süperlig,0,Alanyaspor,1622,1617.0,2 - 3,Fenerbahçe,1931,1936.0,2,3,Turkey,domestic league (tier 1)
2017/04/01,Süperlig,0,Alanyaspor,1638,1653.0,3 - 1,Kasimpasa SK,1746,1731.0,3,1,Turkey,domestic league (tier 1)
2017/04/22,Süperlig,0,Alanyaspor,1664,1653.0,0 - 1,Ankaraspor (as Osmanlispor FK),1720,1731.0,0,1,Turkey,domestic league (tier 1)
2017/05/14,Süperlig,0,Alanyaspor,1655,1665.0,4 - 2,Karabükspor,1642,1632.0,4,2,Turkey,domestic league (tier 1)
2017/05/29,Süperlig,0,Alanyaspor,1655,1647.0,2 - 3,Galatasaray,1814,1822.0,2,3,Turkey,domestic league (tier 1)
2017/08/12,Süperlig,0,Alanyaspor,1640,1623.0,1 - 3,Kasimpasa SK,1699,1716.0,1,3,Turkey,domestic league (tier 1)
2017/08/25,Süperlig,0,Alanyaspor,1615,1614.0,1 - 1,Karabükspor,1664,1665.0,1,1,Turkey,domestic league (tier 1)
2017/09/17,Süperlig,0,Alanyaspor,1637,1626.0,1 - 4,Fenerbahçe,1876,1887.0,1,4,Turkey,domestic league (tier 1)
2017/10/01,Süperlig,0,Alanyaspor,1642,1657.0,4 - 1,Gençlerbirligi,1688,1673.0,4,1,Turkey,domestic league (tier 1)
2017/10/28,Süperlig,0,Alanyaspor,1655,1651.0,1 - 2,Besiktas,2001,2005.0,1,2,Turkey,domestic league (tier 1)
2017/11/19,Süperlig,0,Alanyaspor,1680,1684.0,1 - 0,Yeni Malatyaspor,1552,1548.0,1,0,Turkey,domestic league (tier 1)
2017/12/04,Süperlig,0,Alanyaspor,1661,1650.0,1 - 2,Kayserispor,1721,1732.0,1,2,Turkey,domestic league (tier 1)
2017/12/16,Süperlig,0,Alanyaspor,1632,1629.0,1 - 1,Sivasspor,1640,1643.0,1,1,Turkey,domestic league (tier 1)
2018/01/27,Süperlig,0,Alanyaspor,1613,1626.0,3 - 1,Bursaspor,1675,1662.0,3,1,Turkey,domestic league (tier 1)
2018/02/11,Süperlig,0,Alanyaspor,1617,1606.0,1 - 2,Konyaspor,1681,1692.0,1,2,Turkey,domestic league (tier 1)
2018/02/24,Süperlig,0,Alanyaspor,1603,1594.0,1 - 2,Trabzonspor,1749,1758.0,1,2,Turkey,domestic league (tier 1)
2018/03/09,Süperlig,0,Alanyaspor,1609,1635.0,4 - 1,Istanbul Basaksehir (as Istanbul Basaksehir F.K.),1898,1872.0,4,1,Turkey,domestic league (tier 1)
2018/03/18,Süperlig,0,Alanyaspor,1635,1632.0,1 - 1,Göztepe,1635,1638.0,1,1,Turkey,domestic league (tier 1)
2018/04/08,Süperlig,0,Alanyaspor,1631,1644.0,3 - 1,Akhisar Belediyespor,1696,1683.0,3,1,Turkey,domestic league (tier 1)
2018/04/21,Süperlig,0,Alanyaspor,1646,1639.0,2 - 3,Galatasaray,1859,1866.0,2,3,Turkey,domestic league (tier 1)
2018/05/05,Süperlig,0,Alanyaspor,1653,1651.0,1 - 1,Ankaraspor (as Osmanlispor FK),1673,1675.0,1,1,Turkey,domestic league (tier 1)
2018/05/18,Süperlig,0,Alanyaspor,1655,1662.0,3 - 2,Antalyaspor,1659,1652.0,3,2,Turkey,domestic league (tier 1)
2018/08/19,Süperlig,0,Alanyaspor,1655,1631.0,0 - 2,MKE Ankaragücü,1526,1550.0,0,2,Turkey,domestic league (tier 1)
2018/09/01,Süperlig,0,Alanyaspor,1626,1633.0,1 - 0,Göztepe,1625,1618.0,1,0,Turkey,domestic league (tier 1)
2018/09/17,Süperlig,0,Alanyaspor,1633,1644.0,1 - 0,Trabzonspor,1778,1767.0,1,0,Turkey,domestic league (tier 1)
2018/09/29,Süperlig,0,Alanyaspor,1659,1668.0,2 - 1,Akhisar Belediyespor,1713,1704.0,2,1,Turkey,domestic league (tier 1)
2018/10/21,Süperlig,0,Alanyaspor,1657,1645.0,0 - 1,Antalyaspor,1671,1683.0,0,1,Turkey,domestic league (tier 1)
2018/11/04,Süperlig,0,Alanyaspor,1634,1622.0,0 - 1,Yeni Malatyaspor,1665,1677.0,0,1,Turkey,domestic league (tier 1)
2018/11/24,Süperlig,0,Alanyaspor,1618,1633.0,5 - 0,Kayserispor,1632,1617.0,5,0,Turkey,domestic league (tier 1)
2018/12/07,Süperlig,0,Alanyaspor,1628,1633.0,0 - 0,Besiktas,1911,1906.0,0,0,Turkey,domestic league (tier 1)
2018/12/22,Süperlig,0,Alanyaspor,1620,1625.0,1 - 1,Istanbul Basaksehir (as Istanbul Basaksehir F.K.),1901,1896.0,1,1,Turkey,domestic league (tier 1)
2019/01/20,Süperlig,0,Alanyaspor,1625,1639.0,2 - 0,Sivasspor,1699,1685.0,2,0,Turkey,domestic league (tier 1)
2019/02/02,Süperlig,0,Alanyaspor,1650,1653.0,1 - 1,Galatasaray,1849,1846.0,1,1,Turkey,domestic league (tier 1)
2019/02/23,Süperlig,0,Alanyaspor,1670,1682.0,3 - 0,Kasimpasa SK,1647,1635.0,3,0,Turkey,domestic league (tier 1)
2019/03/10,Süperlig,0,Alanyaspor,1671,1676.0,2 - 1,BB Erzurumspor,1572,1567.0,2,1,Turkey,domestic league (tier 1)
2019/04/06,Süperlig,0,Alanyaspor,1661,1667.0,1 - 0,Bursaspor,1623,1617.0,1,0,Turkey,domestic league (tier 1)
2019/04/21,Süperlig,0,Alanyaspor,1670,1680.0,1 - 0,Fenerbahçe,1783,1773.0,1,0,Turkey,domestic league (tier 1)
2019/05/06,Süperlig,0,Alanyaspor,1682,1663.0,2 - 4,Konyaspor,1680,1699.0,2,4,Turkey,domestic league (tier 1)
2019/05/19,Süperlig,0,Alanyaspor,1661,1659.0,1 - 1,Çaykur Rizespor,1699,1701.0,1,1,Turkey,domestic league (tier 1)
2019/08/24,Süperlig,0,Alanyaspor,1678,1688.0,4 - 1,Kasimpasa SK,1609,1599.0,4,1,Turkey,domestic league (tier 1)
2019/09/16,Süperlig,0,Alanyaspor,1701,1717.0,3 - 1,Fenerbahçe,1816,1800.0,3,1,Turkey,domestic league (tier 1)
2019/09/28,Süperlig,0,Alanyaspor,1716,1713.0,1 - 1,Sivasspor,1694,1697.0,1,1,Turkey,domestic league (tier 1)
2019/10/20,Süperlig,0,Alanyaspor,1706,1717.0,5 - 2,Çaykur Rizespor,1677,1666.0,5,2,Turkey,domestic league (tier 1)
2019/11/02,Süperlig,0,Alanyaspor,1717,1717.0,0 - 0,Istanbul Basaksehir (as Istanbul Basaksehir F.K.),1833,1833.0,0,0,Turkey,domestic league (tier 1)
2019/11/24,Süperlig,0,Alanyaspor,1712,1698.0,0 - 1,Göztepe,1660,1674.0,0,1,Turkey,domestic league (tier 1)
2019/11/30,Süperlig,0,Alanyaspor,1698,1706.0,5 - 0,MKE Ankaragücü,1569,1561.0,5,0,Turkey,domestic league (tier 1)
2019/12/13,Süperlig,0,Alanyaspor,1705,1700.0,0 - 0,Antalyaspor,1598,1603.0,0,0,Turkey,domestic league (tier 1)
2019/12/29,Süperlig,0,Alanyaspor,1733,1738.0,2 - 1,Konyaspor,1639,1634.0,2,1,Turkey,domestic league (tier 1)
2020/01/18,Süperlig,0,Alanyaspor,1744,1750.0,5 - 1,Kayserispor,1572,1566.0,5,1,Turkey,domestic league (tier 1)
2020/02/02,Süperlig,0,Alanyaspor,1747,1753.0,2 - 1,Yeni Malatyaspor,1703,1697.0,2,1,Turkey,domestic league (tier 1)
2020/02/16,Süperlig,0,Alanyaspor,1765,1749.0,0 - 1,Gençlerbirligi,1607,1623.0,0,1,Turkey,domestic league (tier 1)
2020/02/28,Süperlig,0,Alanyaspor,1742,1730.0,1 - 2,Besiktas,1768,1780.0,1,2,Turkey,domestic league (tier 1)
2020/03/14,Süperlig,0,Alanyaspor,1740,1745.0,1 - 0,Gaziantep FK,1649,1644.0,1,0,Turkey,domestic league (tier 1)
2020/06/22,Süperlig,0,Alanyaspor,1750,1751.0,2 - 2,Trabzonspor,1896,1895.0,2,2,Turkey,domestic league (tier 1)
2020/07/08,Süperlig,0,Alanyaspor,1765,1781.0,4 - 1,Galatasaray,1836,1820.0,4,1,Turkey,domestic league (tier 1)
2020/07/19,Süperlig,0,Alanyaspor,1771,1775.0,1 - 0,Denizlispor,1631,1627.0,1,0,Turkey,domestic league (tier 1)
2020/09/19,Süperlig,0,Alanyaspor,1791,1796.0,2 - 0,Kayserispor,1621,1616.0,2,0,Turkey,domestic league (tier 1)
2020/10/04,Süperlig,0,Alanyaspor,1787,1798.0,6 - 0,Hatayspor,1694,1683.0,6,0,Turkey,domestic league (tier 1)
2020/10/25,Süperlig,0,Alanyaspor,1812,1817.0,2 - 0,Fatih Karagümrük SK,1626,1621.0,2,0,Turkey,domestic league (tier 1)
2020/11/07,Süperlig,0,Alanyaspor,1817,1814.0,1 - 1,Trabzonspor,1805,1808.0,1,1,Turkey,domestic league (tier 1)
2020/11/29,Süperlig,0,Alanyaspor,1827,1831.0,1 - 0,Konyaspor,1674,1670.0,1,0,Turkey,domestic league (tier 1)
2020/12/13,Süperlig,0,Alanyaspor,1806,1813.0,2 - 1,Besiktas,1807,1800.0,2,1,Turkey,domestic league (tier 1)
2020/12/23,Süperlig,0,Alanyaspor,1801,1795.0,1 - 1,Yeni Malatyaspor,1663,1669.0,1,1,Turkey,domestic league (tier 1)
2021/01/02,Süperlig,0,Alanyaspor,1782,1795.0,3 - 0,Istanbul Basaksehir,1796,1783.0,3,0,Turkey,domestic league (tier 1)
2021/01/11,Süperlig,0,Alanyaspor,1787,1771.0,1 - 2,Kasimpasa SK,1650,1666.0,1,2,Turkey,domestic league (tier 1)
2021/01/25,Süperlig,0,Alanyaspor,1775,1778.0,4 - 3,MKE Ankaragücü,1571,1568.0,4,3,Turkey,domestic league (tier 1)
2021/01/31,Süperlig,0,Alanyaspor,1778,1786.0,3 - 1,Sivasspor,1716,1708.0,3,1,Turkey,domestic league (tier 1)
2021/02/06,Süperlig,0,Alanyaspor,1784,1788.0,2 - 1,Çaykur Rizespor,1639,1635.0,2,1,Turkey,domestic league (tier 1)
2021/02/20,Süperlig,0,Alanyaspor,1804,1793.0,0 - 1,Galatasaray,1864,1875.0,0,1,Turkey,domestic league (tier 1)
2021/03/04,Süperlig,0,Alanyaspor,1777,1771.0,1 - 1,Göztepe,1660,1666.0,1,1,Turkey,domestic league (tier 1)
2021/03/13,Süperlig,0,Alanyaspor,1794,1804.0,4 - 0,Antalyaspor,1718,1708.0,4,0,Turkey,domestic league (tier 1)
2021/04/04,Süperlig,0,Alanyaspor,1778,1761.0,1 - 2,Gençlerbirligi,1548,1565.0,1,2,Turkey,domestic league (tier 1)
2021/04/12,Süperlig,0,Alanyaspor,1753,1756.0,3 - 2,Denizlispor,1560,1557.0,3,2,Turkey,domestic league (tier 1)
2021/04/22,Süperlig,0,Alanyaspor,1745,1751.0,3 - 2,Gaziantep FK,1714,1708.0,3,2,Turkey,domestic league (tier 1)
2021/04/29,Süperlig,0,Alanyaspor,1752,1751.0,0 - 0,Fenerbahçe,1822,1823.0,0,0,Turkey,domestic league (tier 1)
2021/05/11,Süperlig,0,Alanyaspor,1732,1716.0,2 - 3,BB Erzurumspor,1587,1603.0,2,3,Turkey,domestic league (tier 1)
2021/08/21,Süperlig,0,Alanyaspor,1738,1711.0,1 - 4,Altay Izmir,1621,1648.0,1,4,Turkey,domestic league (tier 1)
2021/09/13,Süperlig,0,Alanyaspor,1696,1700.0,1 - 0,Giresunspor,1574,1570.0,1,0,Turkey,domestic league (tier 1)
2021/09/23,Süperlig,0,Alanyaspor,1717,1725.0,2 - 0,Kasimpasa SK,1644,1636.0,2,0,Turkey,domestic league (tier 1)
2021/10/18,Süperlig,0,Alanyaspor,1733,1742.0,6 - 3,Kayserispor,1640,1631.0,6,3,Turkey,domestic league (tier 1)
2021/10/31,Süperlig,0,Alanyaspor,1757,1751.0,2 - 2,Göztepe,1611,1617.0,2,2,Turkey,domestic league (tier 1)
2021/11/20,Süperlig,0,Alanyaspor,1732,1746.0,2 - 0,Besiktas,1810,1796.0,2,0,Turkey,domestic league (tier 1)
2021/12/04,Süperlig,0,Alanyaspor,1729,1717.0,0 - 1,Sivasspor,1762,1774.0,0,1,Turkey,domestic league (tier 1)
2021/12/18,Süperlig,0,Alanyaspor,1736,1716.0,1 - 3,Adana Demirspor,1716,1736.0,1,3,Turkey,domestic league (tier 1)
2021/12/26,Süperlig,0,Alanyaspor,1708,1705.0,1 - 1,Fatih Karagümrük SK,1701,1704.0,1,1,Turkey,domestic league (tier 1)
2022/01/08,Süperlig,0,Alanyaspor,1705,1704.0,1 - 1,Istanbul Basaksehir,1786,1787.0,1,1,Turkey,domestic league (tier 1)
2022/01/20,Süperlig,0,Alanyaspor,1718,1734.0,6 - 0,Hatayspor,1728,1712.0,6,0,Turkey,domestic league (tier 1)
2022/02/06,Süperlig,0,Alanyaspor,1749,1747.0,1 - 1,Galatasaray,1773,1775.0,1,1,Turkey,domestic league (tier 1)
2022/02/10,Turkey Cup,0,Alanyaspor,1747,1745.0,1 - 1,Adana Demirspor,1777,1779.0,1,1,Turkey,domestic cup
2022/02/20,Süperlig,0,Alanyaspor,1746,1731.0,0 - 4,Trabzonspor,1914,1929.0,0,4,Turkey,domestic league (tier 1)
2022/02/27,Süperlig,0,Alanyaspor,1731,1746.0,5 - 1,Konyaspor,1768,1753.0,5,1,Turkey,domestic league (tier 1)
2022/03/03,Turkey Cup,0,Alanyaspor,1746,1752.0,2 - 1,Gaziantep FK,1691,1685.0,2,1,Turkey,domestic cup
2022/03/13,Süperlig,0,Alanyaspor,1764,1744.0,2 - 5,Fenerbahçe,1807,1827.0,2,5,Turkey,domestic league (tier 1)
2022/04/03,Süperlig,0,Alanyaspor,1757,1760.0,2 - 1,Çaykur Rizespor,1566,1563.0,2,1,Turkey,domestic league (tier 1)
2022/04/16,Süperlig,0,Alanyaspor,1747,1728.0,1 - 3,Antalyaspor,1740,1759.0,1,3,Turkey,domestic league (tier 1)
2022/04/20,Turkey Cup,0,Alanyaspor,1728,1716.0,1 - 2,Sivasspor,1741,1753.0,1,2,Turkey,domestic cup
2022/05/01,Süperlig,0,Alanyaspor,1710,1713.0,2 - 1,Yeni Malatyaspor,1517,1514.0,2,1,Turkey,domestic league (tier 1)
2022/05/15,Süperlig,0,Alanyaspor,1729,1739.0,3 - 0,Gaziantep FK,1666,1656.0,3,0,Turkey,domestic league (tier 1)
2022/08/14,Süperlig,0,Alanyaspor,1770,1767.0,3 - 3,Besiktas,1769,1772.0,3,3,Turkey,domestic league (tier 1)
2022/08/27,Süperlig,0,Alanyaspor,1769,1752.0,0 - 1,Istanbulspor AS,1563,1580.0,0,1,Turkey,domestic league (tier 1)
2022/09/09,Süperlig,0,Alanyaspor,1745,1749.0,2 - 1,MKE Ankaragücü,1584,1580.0,2,1,Turkey,domestic league (tier 1)
2022/10/02,Süperlig,0,Alanyaspor,1742,1737.0,1 - 1,Giresunspor,1637,1642.0,1,1,Turkey,domestic league (tier 1)
2022/10/14,Süperlig,0,Alanyaspor,1727,1734.0,3 - 2,Antalyaspor,1723,1716.0,3,2,Turkey,domestic league (tier 1)
2022/10/29,Süperlig,0,Alanyaspor,1739,1748.0,2 - 0,Gaziantep FK,1705,1696.0,2,0,Turkey,domestic league (tier 1)
2022/11/08,Turkey Cup,0,Alanyaspor,1729,1731.0,3 - 0,Sakaryaspor,1346,1344.0,3,0,Turkey,domestic cup
2022/11/11,Süperlig,0,Alanyaspor,1731,1730.0,0 - 0,Adana Demirspor,1791,1792.0,0,0,Turkey,domestic league (tier 1)
2022/12/21,Turkey Cup,0,Alanyaspor,1730,1734.0,3 - 2,Eyüpspor,1571,1567.0,3,2,Turkey,domestic cup
2022/12/28,Süperlig,0,Alanyaspor,1738,1748.0,3 - 1,Kayserispor,1723,1713.0,3,1,Turkey,domestic league (tier 1)
2023/01/09,Süperlig,0,Alanyaspor,1732,1755.0,5 - 0,Trabzonspor,1885,1862.0,5,0,Turkey,domestic league (tier 1)
2023/01/17,Turkey Cup,0,Alanyaspor,1755,1746.0,1 - 2,Galatasaray,1899,1908.0,1,2,Turkey,domestic cup
2023/01/22,Süperlig,0,Alanyaspor,1746,1743.0,2 - 2,Fatih Karagümrük SK,1726,1729.0,2,2,Turkey,domestic league (tier 1)
2023/01/31,Süperlig,0,Alanyaspor,1734,1710.0,0 - 3,Sivasspor,1705,1729.0,0,3,Turkey,domestic league (tier 1)
2023/03/03,Süperlig,0,Alanyaspor,1699,1711.0,1 - 0,Istanbul Basaksehir,1857,1845.0,1,0,Turkey,domestic league (tier 1)
2023/03/19,Süperlig,0,Alanyaspor,1696,1688.0,1 - 3,Fenerbahçe,1960,1968.0,1,3,Turkey,domestic league (tier 1)
2023/04/18,Süperlig,0,Alanyaspor,1679,1668.0,1 - 4,Galatasaray,1915,1926.0,1,4,Turkey,domestic league (tier 1)
2023/04/28,Süperlig,0,Alanyaspor,1668,1673.0,1 - 0,Ümraniyespor,1578,1573.0,1,0,Turkey,domestic league (tier 1)
2023/05/16,Süperlig,0,Alanyaspor,1667,1648.0,0 - 3,Konyaspor,1738,1757.0,0,3,Turkey,domestic league (tier 1)
2023/05/30,Süperlig,0,Alanyaspor,1675,1656.0,1 - 3,Kasimpasa SK,1691,1710.0,1,3,Turkey,domestic league (tier 1)
2023/08/14,Süperlig,0,Alanyaspor,1648,1666.0,2 - 0,Istanbul Basaksehir,1817,1799.0,2,0,Turkey,domestic league (tier 1)
2023/08/27,Süperlig,0,Alanyaspor,1668,1665.0,0 - 0,Hatayspor,1669,1672.0,0,0,Turkey,domestic league (tier 1)
2023/09/17,Süperlig,0,Alanyaspor,1664,1661.0,3 - 3,Kasimpasa SK,1670,1673.0,3,3,Turkey,domestic league (tier 1)
2023/09/24,Süperlig,0,Alanyaspor,1661,1657.0,0 - 1,Fenerbahçe,2011,2015.0,0,1,Turkey,domestic league (tier 1)
2023/10/06,Süperlig,0,Alanyaspor,1650,1659.0,2 - 1,Fatih Karagümrük,1725,1716.0,2,1,Turkey,domestic league (tier 1)
2023/10/28,Süperlig,0,Alanyaspor,1655,1643.0,1 - 2,Sivasspor,1671,1683.0,1,2,Turkey,domestic league (tier 1)
2023/11/11,Süperlig,0,Alanyaspor,1637,1616.0,0 - 3,Gaziantep FK,1672,1693.0,0,3,Turkey,domestic league (tier 1)
2023/12/02,Süperlig,0,Alanyaspor,1614,1614.0,2 - 2,Konyaspor,1708,1708.0,2,2,Turkey,domestic league (tier 1)
2023/12/05,Turkey Cup,0,Alanyaspor,1614,1618.0,1 - 0,Kocaelispor,1474,1470.0,1,0,Turkey,domestic cup
2023/12/25,Süperlig,0,Alanyaspor,1655,1665.0,3 - 1,Samsunspor,1634,1624.0,3,1,Turkey,domestic league (tier 1)
2024/01/09,Süperlig,0,Alanyaspor,1669,1666.0,1 - 1,MKE Ankaragücü,1663,1666.0,1,1,Turkey,domestic league (tier 1)
2024/01/17,Turkey Cup,0,Alanyaspor,1662,1642.0,1 - 3,Samsunspor,1645,1665.0,1,3,Turkey,domestic cup
2024/01/20,Süperlig,0,Alanyaspor,1642,1650.0,2 - 1,Çaykur Rizespor,1671,1663.0,2,1,Turkey,domestic league (tier 1)
2024/01/27,Süperlig,0,Alanyaspor,1653,1649.0,1 - 1,Pendikspor,1585,1589.0,1,1,Turkey,domestic league (tier 1)
2024/02/18,Süperlig,0,Alanyaspor,1652,1652.0,3 - 3,Adana Demirspor,1746,1746.0,3,3,Turkey,domestic league (tier 1)
2024/03/04,Süperlig,0,Alanyaspor,1656,1674.0,3 - 1,Trabzonspor,1818,1800.0,3,1,Turkey,domestic league (tier 1)
2024/03/16,Süperlig,0,Alanyaspor,1688,1694.0,1 - 0,Kayserispor,1655,1649.0,1,0,Turkey,domestic league (tier 1)
2024/04/15,Süperlig,0,Alanyaspor,1715,1706.0,0 - 4,Galatasaray,2018,2027.0,0,4,Turkey,domestic league (tier 1)
2024/04/28,Süperlig,0,Alanyaspor,1726,1733.0,6 - 0,Istanbulspor AS,1536,1529.0,6,0,Turkey,domestic league (tier 1)
2024/05/12,Süperlig,0,Alanyaspor,1735,1734.0,1 - 1,Besiktas,1815,1816.0,1,1,Turkey,domestic league (tier 1)
2024/05/24,Süperlig,0,Alanyaspor,1735,1731.0,1 - 1,Antalyaspor,1674,1678.0,1,1,Turkey,domestic league (tier 1)
2024/08/11,Süperlig,0,Alanyaspor,1731,1725.0,1 - 1,Eyüpspor,1610,1616.0,1,1,Turkey,domestic league (tier 1)
2024/08/23,Süperlig,0,Alanyaspor,1718,1714.0,1 - 1,Göztepe,1658,1662.0,1,1,Turkey,domestic league (tier 1)
2024/09/15,Süperlig,0,Alanyaspor,1711,1706.0,0 - 0,Hatayspor,1631,1636.0,0,0,Turkey,domestic league (tier 1)
2024/09/28,Süperlig,0,Alanyaspor,1723,1728.0,1 - 0,Çaykur Rizespor,1639,1634.0,1,0,Turkey,domestic league (tier 1)
2024/10/20,Süperlig,0,Alanyaspor,1726,1712.0,1 - 2,Kasimpasa SK,1698,1712.0,1,2,Turkey,domestic league (tier 1)
2024/10/27,Süperlig,0,Alanyaspor,1712,1698.0,1 - 2,Antalyaspor,1658,1672.0,1,2,Turkey,domestic league (tier 1)
2024/11/30,Süperlig,0,Alanyaspor,1699,1709.0,2 - 1,Trabzonspor,1789,1779.0,2,1,Turkey,domestic league (tier 1)
2024/12/04,Turkey Cup,0,Alanyaspor,1709,1712.0,4 - 1,Fethiyespor,1369,1366.0,4,1,Turkey,domestic cup
2024/12/14,Süperlig,0,Alanyaspor,1697,1710.0,3 - 0,Gaziantep FK,1699,1686.0,3,0,Turkey,domestic league (tier 1)
2024/12/17,Turkey Cup,0,Alanyaspor,1710,1711.0,3 - 2,Amed SK,1341,1340.0,3,2,Turkey,domestic cup
2025/01/03,Süperlig,0,Alanyaspor,1716,1723.0,2 - 1,Konyaspor,1690,1683.0,2,1,Turkey,domestic league (tier 1)
2025/01/25,Süperlig,0,Alanyaspor,1701,1711.0,5 - 4,Istanbul Basaksehir,1794,1784.0,5,4,Turkey,domestic league (tier 1)
2025/02/06,Turkey Cup,0,Alanyaspor,1725,1735.0,4 - 1,Fatih Karagümrük,1659,1649.0,4,1,Turkey,domestic cup
2025/02/09,Süperlig,0,Alanyaspor,1735,1728.0,0 - 2,Fenerbahçe,2031,2038.0,0,2,Turkey,domestic league (tier 1)
2025/02/23,Süperlig,0,Alanyaspor,1716,1720.0,3 - 2,Adana Demirspor,1563,1559.0,3,2,Turkey,domestic league (tier 1)
2025/03/09,Süperlig,0,Alanyaspor,1706,1701.0,1 - 2,Galatasaray,1981,1986.0,1,2,Turkey,domestic league (tier 1)
2025/04/06,Süperlig,0,Alanyaspor,1685,1669.0,0 - 1,Bodrum FK,1552,1568.0,0,1,Turkey,domestic league (tier 1)
2025/04/21,Süperlig,0,Alanyaspor,1669,1678.0,1 - 0,Samsunspor,1731,1722.0,1,0,Turkey,domestic league (tier 1)
2025/05/03,Süperlig,0,Alanyaspor,1674,1672.0,1 - 1,Kayserispor,1687,1689.0,1,1,Turkey,domestic league (tier 1)
2025/05/18,Süperlig,0,Alanyaspor,1685,1686.0,1 - 1,Besiktas,1833,1832.0,1,1,Turkey,domestic league (tier 1)
2025/05/31,Süperlig,0,Alanyaspor,1700,1709.0,2 - 0,Sivasspor,1650,1641.0,2,0,Turkey,domestic league (tier 1)
2025/08/16,Süperlig,0,Alanyaspor,1709,1705.0,0 - 0,Çaykur Rizespor,1673,1677.0,0,0,Turkey,domestic league (tier 1)
2025/08/31,Süperlig,0,Alanyaspor,1696,1711.0,2 - 0,Besiktas,1803,1788.0,2,0,Turkey,domestic league (tier 1)
2025/09/26,Süperlig,0,Alanyaspor,1736,1732.0,0 - 1,Galatasaray,2054,2058.0,0,1,Turkey,domestic league (tier 1)
2025/10/19,Süperlig,0,Alanyaspor,1730,1739.0,1 - 0,Göztepe,1786,1777.0,1,0,Turkey,domestic league (tier 1)
2025/11/03,Süperlig,0,Alanyaspor,1720,1717.0,0 - 0,Gaziantep FK,1701,1704.0,0,0,Turkey,domestic league (tier 1)
2025/11/23,Süperlig,0,Alanyaspor,1723,1709.0,1 - 2,Kasimpasa SK,1662,1676.0,1,2,Turkey,domestic league (tier 1)
2025/12/08,Süperlig,0,Alanyaspor,1728,1722.0,0 - 0,Antalyaspor,1608,1614.0,0,0,Turkey,domestic league (tier 1)
2025/12/21,Süperlig,0,Alanyaspor,1738,1743.0,2 - 0,Fatih Karagümrük,1572,1567.0,2,0,Turkey,domestic league (tier 1)
2026/01/13,Turkey Cup,0,Alanyaspor,1743,1736.0,2 - 2,Fatih Karagümrük,1567,1574.0,2,2,Turkey,domestic cup
2026/01/18,Süperlig,0,Alanyaspor,1736,1731.0,2 - 3,Fenerbahçe,2043,2048.0,2,3,Turkey,domestic league (tier 1)
2026/01/31,Süperlig,0,Alanyaspor,1732,1709.0,1 - 3,Eyüpspor,1619,1642.0,1,3,Turkey,domestic league (tier 1)
2026/02/14,Süperlig,0,Alanyaspor,1729,1735.0,2 - 1,Konyaspor,1669,1663.0,2,1,Turkey,domestic league (tier 1)
2026/02/21,Süperlig,0,Alanyaspor,1735,1724.0,1 - 2,Istanbul Basaksehir,1815,1826.0,1,2,Turkey,domestic league (tier 1)
2026/03/03,Turkey Cup,0,Alanyaspor,1722,1718.0,1 - 2,Galatasaray,2043,2047.0,1,2,Turkey,domestic cup
2026/03/09,Süperlig,0,Alanyaspor,1718,1713.0,0 - 0,Gençlerbirligi,1620,1625.0,0,0,Turkey,domestic league (tier 1)
2026/03/18,Süperlig,0,Alanyaspor,1718,1728.0,5 - 0,Kocaelispor,1625,1615.0,5,0,Turkey,domestic league (tier 1)
2026/04/11,Süperlig,0,Alanyaspor,1730,1732.0,1 - 1,Trabzonspor,1907,1905.0,1,1,Turkey,domestic league (tier 1)
2026/04/27,Süperlig,0,Alanyaspor,1716,1704.0,2 - 3,Samsunspor,1759,1771.0,2,3,Turkey,domestic league (tier 1)
2026/05/09,Süperlig,0,Alanyaspor,1703,1710.0,3 - 1,Kayserispor,1598,1591.0,3,1,Turkey,domestic league (tier 1)
2026/08/23,Süperlig,0,Alanyaspor,1701,1714.0,1 - 0,Besiktas,1900,1887.0,1,0,Turkey,domestic league (tier 1)
2018/08/11,1. Lig,0,Altay Izmir,1399,1409.0,1 - 0,Ümraniyespor,1512,1502.0,1,0,Turkey,domestic league (tier 2)
2018/09/01,1. Lig,0,Altay Izmir,1437,1433.0,2 - 2,Adanaspor,1405,1409.0,2,2,Turkey,domestic league (tier 2)
2018/09/23,1. Lig,0,Altay Izmir,1440,1429.0,0 - 1,Giresunspor,1509,1520.0,0,1,Turkey,domestic league (tier 2)
2018/10/05,1. Lig,0,Altay Izmir,1424,1418.0,0 - 1,Gençlerbirligi,1683,1689.0,0,1,Turkey,domestic league (tier 2)
2018/10/26,1. Lig,0,Altay Izmir,1439,1422.0,1 - 3,Denizlispor,1494,1511.0,1,3,Turkey,domestic league (tier 2)
2018/11/11,1. Lig,0,Altay Izmir,1415,1431.0,3 - 0,Adana Demirspor,1485,1469.0,3,0,Turkey,domestic league (tier 2)
2018/12/01,1. Lig,0,Altay Izmir,1433,1423.0,1 - 2,Altinordu FK,1542,1552.0,1,2,Turkey,domestic league (tier 2)
2018/12/16,1. Lig,0,Altay Izmir,1408,1401.0,0 - 1,Ankaraspor (as Osmanlispor FK),1622,1629.0,0,1,Turkey,domestic league (tier 2)
2019/01/27,1. Lig,0,Altay Izmir,1417,1412.0,1 - 1,Afjet Afyonspor,1321,1326.0,1,1,Turkey,domestic league (tier 2)
2019/02/04,1. Lig,0,Altay Izmir,1412,1410.0,1 - 1,Istanbulspor AS,1454,1456.0,1,1,Turkey,domestic league (tier 2)
2019/02/16,1. Lig,0,Altay Izmir,1424,1434.0,1 - 0,Boluspor,1541,1531.0,1,0,Turkey,domestic league (tier 2)
2019/03/04,1. Lig,0,Altay Izmir,1447,1456.0,1 - 0,Balikesirspor,1527,1518.0,1,0,Turkey,domestic league (tier 2)
2019/03/17,1. Lig,0,Altay Izmir,1452,1457.0,4 - 0,Karabükspor,1230,1225.0,4,0,Turkey,domestic league (tier 2)
2019/04/08,1. Lig,0,Altay Izmir,1463,1464.0,1 - 1,Gaziantep FK (as Gazisehir Gaziantep FK),1597,1596.0,1,1,Turkey,domestic league (tier 2)
2019/04/21,1. Lig,0,Altay Izmir,1469,1470.0,1 - 1,Hatayspor,1608,1607.0,1,1,Turkey,domestic league (tier 2)
2019/05/04,1. Lig,0,Altay Izmir,1465,1472.0,2 - 1,Eskisehirspor,1466,1459.0,2,1,Turkey,domestic league (tier 2)
2019/05/17,1. Lig,0,Altay Izmir,1466,1476.0,4 - 0,Elazigspor,1386,1376.0,4,0,Turkey,domestic league (tier 2)
2019/08/18,1. Lig,0,Altay Izmir,1476,1460.0,1 - 3,Ümraniyespor,1543,1559.0,1,3,Turkey,domestic league (tier 2)
2019/08/31,1. Lig,0,Altay Izmir,1464,1471.0,1 - 0,Balikesirspor,1462,1455.0,1,0,Turkey,domestic league (tier 2)
2019/09/21,1. Lig,0,Altay Izmir,1491,1490.0,0 - 0,Keçiörengücü,1570,1571.0,0,0,Turkey,domestic league (tier 2)
2019/10/04,1. Lig,0,Altay Izmir,1492,1503.0,2 - 1,Bursaspor,1628,1617.0,2,1,Turkey,domestic league (tier 2)
2019/10/26,1. Lig,0,Altay Izmir,1527,1502.0,0 - 2,Menemen Belediyespor,1327,1352.0,0,2,Turkey,domestic league (tier 2)
2019/11/09,1. Lig,0,Altay Izmir,1498,1486.0,0 - 1,Fatih Karagümrük SK,1540,1552.0,0,1,Turkey,domestic league (tier 2)
2019/12/01,1. Lig,0,Altay Izmir,1482,1477.0,1 - 1,Eskisehirspor,1406,1411.0,1,1,Turkey,domestic league (tier 2)
2019/12/13,1. Lig,0,Altay Izmir,1478,1487.0,1 - 0,Adana Demirspor,1555,1546.0,1,0,Turkey,domestic league (tier 2)
2019/12/29,1. Lig,0,Altay Izmir,1508,1504.0,0 - 0,Giresunspor,1460,1464.0,0,0,Turkey,domestic league (tier 2)
2020/01/25,1. Lig,0,Altay Izmir,1498,1504.0,1 - 0,Istanbulspor AS,1471,1465.0,1,0,Turkey,domestic league (tier 2)
2020/02/09,1. Lig,0,Altay Izmir,1506,1512.0,2 - 1,Boluspor,1442,1436.0,2,1,Turkey,domestic league (tier 2)
2020/02/23,1. Lig,0,Altay Izmir,1502,1510.0,3 - 1,Adanaspor,1412,1404.0,3,1,Turkey,domestic league (tier 2)
2020/03/01,1. Lig,0,Altay Izmir,1516,1523.0,1 - 0,Altinordu FK,1517,1510.0,1,0,Turkey,domestic league (tier 2)
2020/03/10,1. Lig,0,Altay Izmir,1522,1533.0,2 - 1,Hatayspor,1657,1646.0,2,1,Turkey,domestic league (tier 2)
2020/06/21,1. Lig,0,Altay Izmir,1536,1550.0,3 - 1,Akhisar Belediyespor,1604,1590.0,3,1,Turkey,domestic league (tier 2)
2020/07/01,1. Lig,0,Altay Izmir,1548,1558.0,3 - 0,Ankaraspor (as Osmanlispor FK),1493,1483.0,3,0,Turkey,domestic league (tier 2)
2020/07/12,1. Lig,0,Altay Izmir,1563,1552.0,0 - 1,BB Erzurumspor,1625,1636.0,0,1,Turkey,domestic league (tier 2)
2020/09/13,1. Lig,0,Altay Izmir,1563,1557.0,0 - 0,Samsunspor,1418,1424.0,0,0,Turkey,domestic league (tier 2)
2020/09/27,1. Lig,0,Altay Izmir,1548,1554.0,6 - 0,Eskisehirspor,1340,1334.0,6,0,Turkey,domestic league (tier 2)
2020/10/17,1. Lig,0,Altay Izmir,1567,1577.0,1 - 0,Adana Demirspor,1677,1667.0,1,0,Turkey,domestic league (tier 2)
2020/11/06,1. Lig,0,Altay Izmir,1568,1544.0,1 - 3,Balikesirspor,1418,1442.0,1,3,Turkey,domestic league (tier 2)
2020/11/28,1. Lig,0,Altay Izmir,1553,1564.0,3 - 1,Bursaspor,1570,1559.0,3,1,Turkey,domestic league (tier 2)
2020/12/02,1. Lig,0,Altay Izmir,1564,1559.0,1 - 1,Giresunspor,1476,1481.0,1,1,Turkey,domestic league (tier 2)
2020/12/09,1. Lig,0,Altay Izmir,1549,1557.0,3 - 0,Ankaraspor,1436,1428.0,3,0,Turkey,domestic league (tier 2)
2020/12/19,1. Lig,0,Altay Izmir,1571,1577.0,2 - 1,Akhisar Belediyespor,1526,1520.0,2,1,Turkey,domestic league (tier 2)
2020/12/25,1. Lig,0,Altay Izmir,1577,1583.0,3 - 1,Ümraniyespor,1451,1445.0,3,1,Turkey,domestic league (tier 2)
2021/02/01,1. Lig,0,Altay Izmir,1567,1548.0,1 - 3,Istanbulspor AS,1572,1591.0,1,3,Turkey,domestic league (tier 2)
2021/02/13,1. Lig,0,Altay Izmir,1559,1534.0,0 - 4,Keçiörengücü,1546,1571.0,0,4,Turkey,domestic league (tier 2)
2021/02/23,1. Lig,0,Altay Izmir,1549,1528.0,1 - 3,Altinordu FK,1512,1533.0,1,3,Turkey,domestic league (tier 2)
2021/03/07,1. Lig,0,Altay Izmir,1543,1554.0,5 - 0,Tuzlaspor,1467,1456.0,5,0,Turkey,domestic league (tier 2)
2021/03/19,1. Lig,0,Altay Izmir,1570,1577.0,3 - 0,Menemen Belediyespor,1422,1415.0,3,0,Turkey,domestic league (tier 2)
2021/04/10,1. Lig,0,Altay Izmir,1595,1579.0,0 - 1,Boluspor,1457,1473.0,0,1,Turkey,domestic league (tier 2)
2021/04/19,1. Lig,0,Altay Izmir,1576,1581.0,4 - 1,Adanaspor,1373,1368.0,4,1,Turkey,domestic league (tier 2)
2021/05/09,1. Lig,0,Altay Izmir,1575,1579.0,4 - 3,Bandirmaspor,1431,1427.0,4,3,Turkey,domestic league (tier 2)
2021/05/17,1. Lig,0,Altay Izmir,1579,1586.0,3 - 2,Istanbulspor AS,1586,1579.0,3,2,Turkey,domestic league (tier 2)
2021/08/14,Süperlig,0,Altay Izmir,1608,1621.0,3 - 0,Kayserispor,1611,1598.0,3,0,Turkey,domestic league (tier 1)
2021/08/29,Süperlig,0,Altay Izmir,1648,1638.0,0 - 2,Fenerbahçe,1863,1873.0,0,2,Turkey,domestic league (tier 1)
2021/09/17,Süperlig,0,Altay Izmir,1630,1638.0,2 - 1,Göztepe,1643,1635.0,2,1,Turkey,domestic league (tier 1)
2021/09/24,Süperlig,0,Altay Izmir,1649,1662.0,2 - 1,Besiktas,1875,1862.0,2,1,Turkey,domestic league (tier 1)
2021/10/17,Süperlig,0,Altay Izmir,1650,1639.0,0 - 1,Fatih Karagümrük SK,1717,1728.0,0,1,Turkey,domestic league (tier 1)
2021/10/30,Süperlig,0,Altay Izmir,1631,1632.0,1 - 1,Sivasspor,1763,1762.0,1,1,Turkey,domestic league (tier 1)
2021/11/21,Süperlig,0,Altay Izmir,1625,1609.0,1 - 3,Adana Demirspor,1705,1721.0,1,3,Turkey,domestic league (tier 1)
2021/11/30,Turkey Cup,0,Altay Izmir,1615,1618.0,4 - 2,Manisa FK,1307,1304.0,4,2,Turkey,domestic cup
2021/12/10,Süperlig,0,Altay Izmir,1626,1616.0,1 - 2,Hatayspor,1730,1740.0,1,2,Turkey,domestic league (tier 1)
2021/12/21,Süperlig,0,Altay Izmir,1606,1601.0,1 - 2,Trabzonspor,1902,1907.0,1,2,Turkey,domestic league (tier 1)
2022/01/16,Süperlig,0,Altay Izmir,1581,1567.0,0 - 2,Alanyaspor,1704,1718.0,0,2,Turkey,domestic league (tier 1)
2022/01/23,Süperlig,0,Altay Izmir,1565,1558.0,0 - 1,Konyaspor,1784,1791.0,0,1,Turkey,domestic league (tier 1)
2022/02/11,Süperlig,0,Altay Izmir,1581,1578.0,0 - 0,Çaykur Rizespor,1579,1582.0,0,0,Turkey,domestic league (tier 1)
2022/02/27,Süperlig,0,Altay Izmir,1575,1586.0,3 - 2,Gaziantep FK,1702,1691.0,3,2,Turkey,domestic league (tier 1)
2022/03/12,Süperlig,0,Altay Izmir,1591,1597.0,1 - 0,Yeni Malatyaspor,1560,1554.0,1,0,Turkey,domestic league (tier 1)
2022/04/02,Süperlig,0,Altay Izmir,1593,1584.0,1 - 2,Antalyaspor,1720,1729.0,1,2,Turkey,domestic league (tier 1)
2022/04/16,Süperlig,0,Altay Izmir,1579,1582.0,1 - 1,Istanbul Basaksehir,1788,1785.0,1,1,Turkey,domestic league (tier 1)
2022/04/24,Süperlig,0,Altay Izmir,1582,1575.0,0 - 1,Galatasaray,1773,1780.0,0,1,Turkey,domestic league (tier 1)
2022/05/08,Süperlig,0,Altay Izmir,1590,1589.0,1 - 1,Giresunspor,1649,1650.0,1,1,Turkey,domestic league (tier 1)
2022/05/21,Süperlig,0,Altay Izmir,1587,1574.0,2 - 4,Kasimpasa SK,1728,1741.0,2,4,Turkey,domestic league (tier 1)
2022/08/12,1. Lig,0,Altay Izmir,1574,1553.0,0 - 2,Samsunspor,1527,1548.0,0,2,Turkey,domestic league (tier 2)
2022/08/28,1. Lig,0,Altay Izmir,1539,1518.0,1 - 3,Keçiörengücü,1501,1522.0,1,3,Turkey,domestic league (tier 2)
2022/09/11,1. Lig,0,Altay Izmir,1517,1523.0,2 - 0,Bodrumspor,1370,1364.0,2,0,Turkey,domestic league (tier 2)
2022/10/01,1. Lig,0,Altay Izmir,1524,1521.0,0 - 0,Eyüpspor,1517,1520.0,0,0,Turkey,domestic league (tier 2)
2022/10/10,1. Lig,0,Altay Izmir,1521,1505.0,0 - 2,Çaykur Rizespor,1587,1603.0,0,2,Turkey,domestic league (tier 2)
2022/10/22,1. Lig,0,Altay Izmir,1505,1502.0,1 - 1,BB Erzurumspor,1513,1516.0,1,1,Turkey,domestic league (tier 2)
2022/11/05,1. Lig,0,Altay Izmir,1511,1508.0,1 - 1,Bandirmaspor,1513,1516.0,1,1,Turkey,domestic league (tier 2)
2022/11/21,1. Lig,0,Altay Izmir,1523,1527.0,1 - 0,Gençlerbirligi,1405,1401.0,1,0,Turkey,domestic league (tier 2)
2022/12/04,1. Lig,0,Altay Izmir,1527,1540.0,5 - 1,Boluspor,1507,1494.0,5,1,Turkey,domestic league (tier 2)
2023/01/21,1. Lig,0,Altay Izmir,1506,1480.0,1 - 4,Pendikspor,1434,1460.0,1,4,Turkey,domestic league (tier 2)
2023/02/03,1. Lig,0,Altay Izmir,1485,1470.0,0 - 1,Adanaspor,1387,1402.0,0,1,Turkey,domestic league (tier 2)
2023/03/25,1. Lig,0,Altay Izmir,1467,1447.0,1 - 3,Manisa FK,1446,1466.0,1,3,Turkey,domestic league (tier 2)
2023/04/03,1. Lig,0,Altay Izmir,1467,1477.0,3 - 1,Sakaryaspor,1456,1446.0,3,1,Turkey,domestic league (tier 2)
2023/04/13,1. Lig,0,Altay Izmir,1469,1453.0,1 - 2,Altinordu FK,1350,1366.0,1,2,Turkey,domestic league (tier 2)
2023/04/23,1. Lig,0,Altay Izmir,1454,1454.0,1 - 1,Göztepe,1560,1560.0,1,1,Turkey,domestic league (tier 2)
2023/05/07,1. Lig,0,Altay Izmir,1456,1463.0,3 - 0,Denizlispor,1323,1316.0,3,0,Turkey,domestic league (tier 2)
2023/05/20,1. Lig,0,Altay Izmir,1463,1471.0,3 - 1,Tuzlaspor,1387,1379.0,3,1,Turkey,domestic league (tier 2)
2023/08/20,1. Lig,0,Altay Izmir,1464,1469.0,1 - 0,Tuzlaspor,1355,1350.0,1,0,Turkey,domestic league (tier 2)
2023/09/03,1. Lig,0,Altay Izmir,1459,1448.0,0 - 1,Göztepe,1519,1530.0,0,1,Turkey,domestic league (tier 2)
2023/09/25,1. Lig,0,Altay Izmir,1434,1434.0,1 - 1,Bodrumspor,1546,1546.0,1,1,Turkey,domestic league (tier 2)
2023/10/08,1. Lig,0,Altay Izmir,1440,1420.0,0 - 3,Ümraniyespor,1483,1503.0,0,3,Turkey,domestic league (tier 2)
2023/10/29,1. Lig,0,Altay Izmir,1409,1397.0,1 - 2,Sakaryaspor,1454,1466.0,1,2,Turkey,domestic league (tier 2)
2023/11/11,1. Lig,0,Altay Izmir,1390,1373.0,1 - 7,Eyüpspor,1563,1580.0,1,7,Turkey,domestic league (tier 2)
2023/12/11,1. Lig,0,Altay Izmir,1352,1341.0,0 - 1,Boluspor,1412,1423.0,0,1,Turkey,domestic league (tier 2)
2023/12/24,1. Lig,0,Altay Izmir,1355,1364.0,2 - 1,Keçiörengücü,1431,1422.0,2,1,Turkey,domestic league (tier 2)
2024/01/15,1. Lig,0,Altay Izmir,1364,1373.0,1 - 0,Sanliurfaspor,1413,1404.0,1,0,Turkey,domestic league (tier 2)
2024/01/28,1. Lig,0,Altay Izmir,1362,1348.0,0 - 2,Kocaelispor,1486,1500.0,0,2,Turkey,domestic league (tier 2)
2024/02/10,1. Lig,0,Altay Izmir,1344,1345.0,0 - 0,Erzurumspor FK,1474,1473.0,0,0,Turkey,domestic league (tier 2)
2024/02/23,1. Lig,0,Altay Izmir,1340,1348.0,1 - 0,Giresunspor,1386,1378.0,1,0,Turkey,domestic league (tier 2)
2024/03/10,1. Lig,0,Altay Izmir,1342,1324.0,0 - 4,Gençlerbirligi,1449,1467.0,0,4,Turkey,domestic league (tier 2)
2024/04/03,1. Lig,0,Altay Izmir,1319,1303.0,0 - 6,Bandirmaspor,1501,1517.0,0,6,Turkey,domestic league (tier 2)
2024/04/13,1. Lig,0,Altay Izmir,1300,1289.0,1 - 3,Çorum FK,1491,1502.0,1,3,Turkey,domestic league (tier 2)
2024/04/19,1. Lig,0,Altay Izmir,1289,1276.0,0 - 2,Manisa FK,1427,1440.0,0,2,Turkey,domestic league (tier 2)
2024/05/05,1. Lig,0,Altay Izmir,1271,1256.0,0 - 2,Adanaspor,1367,1382.0,0,2,Turkey,domestic league (tier 2)
2016/08/21,1. Lig,0,Altinordu FK,1500,1497.0,2 - 2,Giresunspor,1510,1513.0,2,2,Turkey,domestic league (tier 2)
2016/09/11,1. Lig,0,Altinordu FK,1487,1481.0,1 - 1,Bandirmaspor,1347,1353.0,1,1,Turkey,domestic league (tier 2)
2016/09/26,1. Lig,0,Altinordu FK,1485,1491.0,1 - 0,Yeni Malatyaspor,1451,1445.0,1,0,Turkey,domestic league (tier 2)
2016/10/15,1. Lig,0,Altinordu FK,1486,1497.0,3 - 1,Mersin Idmanyurdu,1485,1474.0,3,1,Turkey,domestic league (tier 2)
2016/10/31,1. Lig,0,Altinordu FK,1500,1506.0,2 - 1,Denizlispor,1438,1432.0,2,1,Turkey,domestic league (tier 2)
2016/11/27,1. Lig,0,Altinordu FK,1520,1528.0,1 - 0,Balikesirspor,1556,1548.0,1,0,Turkey,domestic league (tier 2)
2016/12/11,1. Lig,0,Altinordu FK,1510,1505.0,1 - 1,Manisaspor,1408,1413.0,1,1,Turkey,domestic league (tier 2)
2016/12/25,1. Lig,0,Altinordu FK,1508,1504.0,1 - 1,Ümraniyespor,1449,1453.0,1,1,Turkey,domestic league (tier 2)
2017/01/29,1. Lig,0,Altinordu FK,1489,1476.0,0 - 1,Göztepe,1473,1486.0,0,1,Turkey,domestic league (tier 2)
2017/02/18,1. Lig,0,Altinordu FK,1486,1494.0,2 - 1,Adana Demirspor,1532,1524.0,2,1,Turkey,domestic league (tier 2)
2017/03/06,1. Lig,0,Altinordu FK,1483,1484.0,0 - 0,Sivasspor,1628,1627.0,0,0,Turkey,domestic league (tier 2)
2017/03/17,1. Lig,0,Altinordu FK,1485,1465.0,0 - 2,Samsunspor,1452,1472.0,0,2,Turkey,domestic league (tier 2)
2017/04/10,1. Lig,0,Altinordu FK,1478,1486.0,2 - 0,Gaziantep FK (as Gazisehir Gaziantep FK),1404,1396.0,2,0,Turkey,domestic league (tier 2)
2017/04/19,1. Lig,0,Altinordu FK,1486,1496.0,2 - 0,Boluspor,1472,1462.0,2,0,Turkey,domestic league (tier 2)
2017/04/29,1. Lig,0,Altinordu FK,1499,1508.0,2 - 0,Sanliurfaspor,1453,1444.0,2,0,Turkey,domestic league (tier 2)
2017/05/08,1. Lig,0,Altinordu FK,1525,1522.0,0 - 0,Elazigspor,1523,1526.0,0,0,Turkey,domestic league (tier 2)
2017/05/20,1. Lig,0,Altinordu FK,1534,1549.0,3 - 0,Eskisehirspor,1589,1574.0,3,0,Turkey,domestic league (tier 2)
2017/08/20,1. Lig,0,Altinordu FK,1567,1560.0,1 - 1,MKE Ankaragücü,1374,1381.0,1,1,Turkey,domestic league (tier 2)
2017/09/09,1. Lig,0,Altinordu FK,1551,1542.0,3 - 4,Çaykur Rizespor,1678,1687.0,3,4,Turkey,domestic league (tier 2)
2017/09/23,1. Lig,0,Altinordu FK,1560,1570.0,3 - 0,Gaziantepspor,1490,1480.0,3,0,Turkey,domestic league (tier 2)
2017/10/15,1. Lig,0,Altinordu FK,1580,1575.0,1 - 1,Adanaspor,1508,1513.0,1,1,Turkey,domestic league (tier 2)
2017/10/28,1. Lig,0,Altinordu FK,1555,1552.0,0 - 0,Eskisehirspor,1535,1538.0,0,0,Turkey,domestic league (tier 2)
2017/11/19,1. Lig,0,Altinordu FK,1535,1533.0,3 - 3,Giresunspor,1547,1549.0,3,3,Turkey,domestic league (tier 2)
2017/12/01,1. Lig,0,Altinordu FK,1523,1501.0,0 - 2,Gaziantep FK (as Gazisehir Gaziantep FK),1450,1472.0,0,2,Turkey,domestic league (tier 2)
2017/12/17,1. Lig,0,Altinordu FK,1512,1507.0,1 - 1,Adana Demirspor,1434,1439.0,1,1,Turkey,domestic league (tier 2)
2018/01/21,1. Lig,0,Altinordu FK,1497,1505.0,2 - 1,Elazigspor,1513,1505.0,2,1,Turkey,domestic league (tier 2)
2018/02/05,1. Lig,0,Altinordu FK,1524,1531.0,2 - 1,Balikesirspor,1535,1528.0,2,1,Turkey,domestic league (tier 2)
2018/02/16,1. Lig,0,Altinordu FK,1558,1553.0,1 - 1,Samsunspor,1446,1451.0,1,1,Turkey,domestic league (tier 2)
2018/02/26,1. Lig,0,Altinordu FK,1559,1535.0,1 - 5,Boluspor,1549,1573.0,1,5,Turkey,domestic league (tier 2)
2018/03/08,1. Lig,0,Altinordu FK,1552,1559.0,3 - 1,Istanbulspor AS,1433,1426.0,3,1,Turkey,domestic league (tier 2)
2018/03/17,1. Lig,0,Altinordu FK,1576,1580.0,2 - 1,Denizlispor,1449,1445.0,2,1,Turkey,domestic league (tier 2)
2018/04/08,1. Lig,0,Altinordu FK,1580,1566.0,1 - 2,Ümraniyespor,1531,1545.0,1,2,Turkey,domestic league (tier 2)
2018/04/20,1. Lig,0,Altinordu FK,1558,1562.0,3 - 0,Manisaspor,1325,1321.0,3,0,Turkey,domestic league (tier 2)
2018/05/05,1. Lig,0,Altinordu FK,1551,1547.0,1 - 1,BB Erzurumspor,1505,1509.0,1,1,Turkey,domestic league (tier 2)
2018/08/18,1. Lig,0,Altinordu FK,1549,1538.0,1 - 2,Gençlerbirligi,1631,1642.0,1,2,Turkey,domestic league (tier 2)
2018/09/02,1. Lig,0,Altinordu FK,1537,1547.0,4 - 0,Denizlispor,1456,1446.0,4,0,Turkey,domestic league (tier 2)
2018/09/21,1. Lig,0,Altinordu FK,1540,1526.0,0 - 1,Adana Demirspor,1475,1489.0,0,1,Turkey,domestic league (tier 2)
2018/10/06,1. Lig,0,Altinordu FK,1524,1518.0,1 - 1,Istanbulspor AS,1409,1415.0,1,1,Turkey,domestic league (tier 2)
2018/10/22,1. Lig,0,Altinordu FK,1518,1526.0,2 - 0,Eskisehirspor,1445,1437.0,2,0,Turkey,domestic league (tier 2)
2018/11/02,1. Lig,0,Altinordu FK,1541,1546.0,3 - 2,Elazigspor,1442,1437.0,3,2,Turkey,domestic league (tier 2)
2018/11/25,1. Lig,0,Altinordu FK,1549,1542.0,1 - 1,Afjet Afyonspor,1327,1334.0,1,1,Turkey,domestic league (tier 2)
2018/12/08,1. Lig,0,Altinordu FK,1552,1559.0,2 - 0,Adanaspor,1441,1434.0,2,0,Turkey,domestic league (tier 2)
2018/12/24,1. Lig,0,Altinordu FK,1562,1556.0,0 - 0,Giresunspor,1444,1450.0,0,0,Turkey,domestic league (tier 2)
2019/01/20,1. Lig,0,Altinordu FK,1556,1563.0,1 - 0,Balikesirspor,1538,1531.0,1,0,Turkey,domestic league (tier 2)
2019/02/02,1. Lig,0,Altinordu FK,1585,1589.0,6 - 0,Karabükspor,1287,1283.0,6,0,Turkey,domestic league (tier 2)
2019/02/17,1. Lig,0,Altinordu FK,1582,1589.0,1 - 0,Gaziantep FK (as Gazisehir Gaziantep FK),1572,1565.0,1,0,Turkey,domestic league (tier 2)
2019/03/03,1. Lig,0,Altinordu FK,1570,1567.0,2 - 2,Hatayspor,1564,1567.0,2,2,Turkey,domestic league (tier 2)
2019/04/02,1. Lig,0,Altinordu FK,1589,1570.0,0 - 3,Ankaraspor (as Osmanlispor FK),1650,1669.0,0,3,Turkey,domestic league (tier 2)
2019/04/15,1. Lig,0,Altinordu FK,1558,1545.0,1 - 2,Ümraniyespor,1564,1577.0,1,2,Turkey,domestic league (tier 2)
2019/04/27,1. Lig,0,Altinordu FK,1555,1560.0,2 - 1,Altay Izmir,1470,1465.0,2,1,Turkey,domestic league (tier 2)
2019/05/12,1. Lig,0,Altinordu FK,1569,1579.0,3 - 0,Boluspor,1505,1495.0,3,0,Turkey,domestic league (tier 2)
2019/08/24,1. Lig,0,Altinordu FK,1557,1543.0,1 - 2,Fatih Karagümrük SK,1498,1512.0,1,2,Turkey,domestic league (tier 2)
2019/09/14,1. Lig,0,Altinordu FK,1548,1555.0,4 - 1,Eskisehirspor,1412,1405.0,4,1,Turkey,domestic league (tier 2)
2019/09/30,1. Lig,0,Altinordu FK,1549,1547.0,2 - 2,Adana Demirspor,1576,1578.0,2,2,Turkey,domestic league (tier 2)
2019/10/20,1. Lig,0,Altinordu FK,1541,1517.0,0 - 3,Altay Izmir,1503,1527.0,0,3,Turkey,domestic league (tier 2)
2019/11/03,1. Lig,0,Altinordu FK,1505,1502.0,1 - 1,Istanbulspor AS,1488,1491.0,1,1,Turkey,domestic league (tier 2)
2019/11/25,1. Lig,0,Altinordu FK,1505,1515.0,2 - 0,Boluspor,1482,1472.0,2,0,Turkey,domestic league (tier 2)
2019/12/08,1. Lig,0,Altinordu FK,1496,1501.0,1 - 0,Adanaspor,1408,1403.0,1,0,Turkey,domestic league (tier 2)
2019/12/15,1. Lig,0,Altinordu FK,1501,1501.0,0 - 0,Bursaspor,1610,1610.0,0,0,Turkey,domestic league (tier 2)
2019/12/28,1. Lig,0,Altinordu FK,1510,1515.0,1 - 0,Menemen Belediyespor,1430,1425.0,1,0,Turkey,domestic league (tier 2)
2020/01/18,1. Lig,0,Altinordu FK,1515,1517.0,2 - 2,Hatayspor,1671,1669.0,2,2,Turkey,domestic league (tier 2)
2020/02/02,1. Lig,0,Altinordu FK,1519,1533.0,2 - 0,Akhisar Belediyespor,1601,1587.0,2,0,Turkey,domestic league (tier 2)
2020/02/14,1. Lig,0,Altinordu FK,1516,1513.0,2 - 2,Ankaraspor (as Osmanlispor FK),1524,1527.0,2,2,Turkey,domestic league (tier 2)
2020/02/26,1. Lig,0,Altinordu FK,1506,1517.0,2 - 1,BB Erzurumspor,1628,1617.0,2,1,Turkey,domestic league (tier 2)
2020/03/08,1. Lig,0,Altinordu FK,1510,1497.0,1 - 2,Ümraniyespor,1518,1531.0,1,2,Turkey,domestic league (tier 2)
2020/03/16,1. Lig,0,Altinordu FK,1517,1513.0,1 - 1,Balikesirspor,1475,1479.0,1,1,Turkey,domestic league (tier 2)
2020/06/26,1. Lig,0,Altinordu FK,1514,1501.0,1 - 2,Keçiörengücü,1517,1530.0,1,2,Turkey,domestic league (tier 2)
2020/07/12,1. Lig,0,Altinordu FK,1496,1506.0,3 - 1,Giresunspor,1484,1474.0,3,1,Turkey,domestic league (tier 2)
2020/09/19,1. Lig,0,Altinordu FK,1523,1506.0,0 - 2,Bursaspor,1584,1601.0,0,2,Turkey,domestic league (tier 2)
2020/10/03,1. Lig,0,Altinordu FK,1518,1527.0,2 - 0,Ankaraspor,1475,1466.0,2,0,Turkey,domestic league (tier 2)
2020/10/21,1. Lig,0,Altinordu FK,1507,1516.0,2 - 1,Altay Izmir,1577,1568.0,2,1,Turkey,domestic league (tier 2)
2020/11/17,1. Lig,0,Altinordu FK,1522,1528.0,2 - 0,Bandirmaspor,1381,1375.0,2,0,Turkey,domestic league (tier 2)
2020/11/21,1. Lig,0,Altinordu FK,1528,1536.0,1 - 0,Istanbulspor AS,1542,1534.0,1,0,Turkey,domestic league (tier 2)
2020/12/06,1. Lig,0,Altinordu FK,1546,1527.0,0 - 2,Keçiörengücü,1561,1580.0,0,2,Turkey,domestic league (tier 2)
2020/12/13,1. Lig,0,Altinordu FK,1533,1540.0,3 - 2,Akhisar Belediyespor,1533,1526.0,3,2,Turkey,domestic league (tier 2)
2021/01/02,1. Lig,0,Altinordu FK,1507,1502.0,0 - 0,Balikesirspor,1398,1403.0,0,0,Turkey,domestic league (tier 2)
2021/01/25,1. Lig,0,Altinordu FK,1502,1480.0,2 - 4,Menemen Belediyespor,1426,1448.0,2,4,Turkey,domestic league (tier 2)
2021/02/07,1. Lig,0,Altinordu FK,1495,1501.0,2 - 1,Boluspor,1450,1444.0,2,1,Turkey,domestic league (tier 2)
2021/02/20,1. Lig,0,Altinordu FK,1518,1512.0,1 - 1,Adanaspor,1380,1386.0,1,1,Turkey,domestic league (tier 2)
2021/02/27,1. Lig,0,Altinordu FK,1533,1539.0,1 - 0,Ümraniyespor,1483,1477.0,1,0,Turkey,domestic league (tier 2)
2021/03/15,1. Lig,0,Altinordu FK,1539,1536.0,0 - 0,Samsunspor,1548,1551.0,0,0,Turkey,domestic league (tier 2)
2021/04/04,1. Lig,0,Altinordu FK,1549,1552.0,6 - 3,Eskisehirspor,1256,1253.0,6,3,Turkey,domestic league (tier 2)
2021/04/13,1. Lig,0,Altinordu FK,1542,1533.0,0 - 1,Adana Demirspor,1663,1672.0,0,1,Turkey,domestic league (tier 2)
2021/04/25,1. Lig,0,Altinordu FK,1532,1531.0,0 - 0,Giresunspor,1580,1581.0,0,0,Turkey,domestic league (tier 2)
2021/05/01,1. Lig,0,Altinordu FK,1531,1536.0,3 - 2,Tuzlaspor,1429,1424.0,3,2,Turkey,domestic league (tier 2)
2021/05/18,1. Lig,0,Altinordu FK,1555,1563.0,1 - 0,Samsunspor,1591,1583.0,1,0,Turkey,domestic league (tier 2)
2021/05/26,1. Lig,1,Altinordu FK,1566,1557.0,0 - 1,Altay Izmir,1599,1608.0,0,1,Turkey,domestic league (tier 2)
2021/08/21,1. Lig,0,Altinordu FK,1560,1536.0,1 - 3,Tuzlaspor,1418,1442.0,1,3,Turkey,domestic league (tier 2)
2021/09/12,1. Lig,0,Altinordu FK,1523,1529.0,2 - 1,Bursaspor,1456,1450.0,2,1,Turkey,domestic league (tier 2)
2021/09/19,1. Lig,0,Altinordu FK,1521,1527.0,2 - 1,Denizlispor,1490,1484.0,2,1,Turkey,domestic league (tier 2)
2021/10/01,1. Lig,0,Altinordu FK,1518,1522.0,1 - 0,Menemen Belediyespor,1395,1391.0,1,0,Turkey,domestic league (tier 2)
2021/10/24,1. Lig,0,Altinordu FK,1511,1495.0,0 - 2,Ümraniyespor,1588,1604.0,0,2,Turkey,domestic league (tier 2)
2021/11/06,1. Lig,0,Altinordu FK,1484,1472.0,1 - 2,Eyüpspor,1514,1526.0,1,2,Turkey,domestic league (tier 2)
2021/11/28,1. Lig,0,Altinordu FK,1460,1471.0,2 - 1,MKE Ankaragücü,1610,1599.0,2,1,Turkey,domestic league (tier 2)
2021/12/05,1. Lig,0,Altinordu FK,1471,1455.0,0 - 2,Samsunspor,1552,1568.0,0,2,Turkey,domestic league (tier 2)
2021/12/14,1. Lig,0,Altinordu FK,1455,1461.0,3 - 2,Kocaelispor,1398,1392.0,3,2,Turkey,domestic league (tier 2)
2021/12/24,1. Lig,0,Altinordu FK,1470,1477.0,2 - 1,Boluspor,1470,1463.0,2,1,Turkey,domestic league (tier 2)
2022/01/10,1. Lig,0,Altinordu FK,1477,1465.0,2 - 3,Keçiörengücü,1508,1520.0,2,3,Turkey,domestic league (tier 2)
2022/01/22,1. Lig,0,Altinordu FK,1457,1437.0,0 - 5,Istanbulspor AS,1557,1577.0,0,5,Turkey,domestic league (tier 2)
2022/02/11,1. Lig,0,Altinordu FK,1430,1418.0,1 - 2,Gençlerbirligi,1448,1460.0,1,2,Turkey,domestic league (tier 2)
2022/02/21,1. Lig,0,Altinordu FK,1411,1396.0,0 - 2,Bandirmaspor,1511,1526.0,0,2,Turkey,domestic league (tier 2)
2022/03/05,1. Lig,0,Altinordu FK,1410,1422.0,1 - 0,BB Erzurumspor,1575,1563.0,1,0,Turkey,domestic league (tier 2)
2022/04/03,1. Lig,0,Altinordu FK,1438,1448.0,2 - 0,Adanaspor,1421,1411.0,2,0,Turkey,domestic league (tier 2)
2022/04/16,1. Lig,0,Altinordu FK,1453,1459.0,1 - 0,Manisa FK,1416,1410.0,1,0,Turkey,domestic league (tier 2)
2022/05/14,1. Lig,0,Altinordu FK,1470,1473.0,2 - 1,Balikesirspor,1237,1234.0,2,1,Turkey,domestic league (tier 2)
2022/08/20,1. Lig,0,Altinordu FK,1469,1445.0,0 - 2,Sakaryaspor,1311,1335.0,0,2,Turkey,domestic league (tier 2)
2022/09/12,1. Lig,0,Altinordu FK,1449,1444.0,1 - 1,Pendikspor,1337,1342.0,1,1,Turkey,domestic league (tier 2)
2022/10/02,1. Lig,0,Altinordu FK,1438,1420.0,1 - 4,Keçiörengücü,1536,1554.0,1,4,Turkey,domestic league (tier 2)
2022/10/15,1. Lig,0,Altinordu FK,1434,1444.0,2 - 1,Samsunspor,1550,1540.0,2,1,Turkey,domestic league (tier 2)
2022/10/28,1. Lig,0,Altinordu FK,1457,1433.0,0 - 3,Yeni Malatyaspor,1427,1451.0,0,3,Turkey,domestic league (tier 2)
2022/11/09,Turkey Cup,0,Altinordu FK,1429,1415.0,0 - 1,Bodrumspor,1402,1416.0,0,1,Turkey,domestic cup
2022/11/13,1. Lig,0,Altinordu FK,1415,1400.0,0 - 2,Altay Izmir,1508,1523.0,0,2,Turkey,domestic league (tier 2)
2022/11/28,1. Lig,0,Altinordu FK,1393,1376.0,1 - 3,Manisa FK,1437,1454.0,1,3,Turkey,domestic league (tier 2)
2022/12/11,1. Lig,0,Altinordu FK,1372,1354.0,0 - 2,Bodrumspor,1404,1422.0,0,2,Turkey,domestic league (tier 2)
2022/12/26,1. Lig,0,Altinordu FK,1350,1354.0,0 - 0,Çaykur Rizespor,1611,1607.0,0,0,Turkey,domestic league (tier 2)
2023/01/15,1. Lig,0,Altinordu FK,1354,1361.0,2 - 1,Gençlerbirligi,1346,1339.0,2,1,Turkey,domestic league (tier 2)
2023/01/28,1. Lig,0,Altinordu FK,1355,1356.0,1 - 1,Boluspor,1489,1488.0,1,1,Turkey,domestic league (tier 2)
2023/03/07,1. Lig,0,Altinordu FK,1351,1342.0,0 - 1,Göztepe,1498,1507.0,0,1,Turkey,domestic league (tier 2)
2023/03/17,1. Lig,0,Altinordu FK,1337,1346.0,2 - 1,Tuzlaspor,1414,1405.0,2,1,Turkey,domestic league (tier 2)
2023/03/28,1. Lig,0,Altinordu FK,1343,1358.0,5 - 2,Denizlispor,1385,1370.0,5,2,Turkey,domestic league (tier 2)
2023/04/08,1. Lig,0,Altinordu FK,1358,1350.0,1 - 2,Eyüpspor,1517,1525.0,1,2,Turkey,domestic league (tier 2)
2023/04/30,1. Lig,0,Altinordu FK,1371,1371.0,3 - 3,Bandirmaspor,1464,1464.0,3,3,Turkey,domestic league (tier 2)
2023/05/16,1. Lig,0,Altinordu FK,1367,1356.0,0 - 1,BB Erzurumspor,1419,1430.0,0,1,Turkey,domestic league (tier 2)
2025/08/18,1. Lig,0,Amed SFK,1414,1414.0,2 - 2,Erzurumspor FK,1512,1512.0,2,2,Turkey,domestic league (tier 2)
2025/08/24,1. Lig,0,Amed SFK,1414,1433.0,4 - 2,Sivasspor,1620,1601.0,4,2,Turkey,domestic league (tier 2)
2025/09/14,1. Lig,0,Amed SFK,1464,1472.0,2 - 1,Pendikspor,1486,1478.0,2,1,Turkey,domestic league (tier 2)
2025/09/25,1. Lig,0,Amed SFK,1464,1472.0,2 - 0,Sariyer SK,1394,1386.0,2,0,Turkey,domestic league (tier 2)
2025/10/04,1. Lig,0,Amed SFK,1451,1464.0,4 - 1,Keçiörengücü,1458,1445.0,4,1,Turkey,domestic league (tier 2)
2025/10/26,1. Lig,0,Amed SFK,1473,1472.0,0 - 0,Istanbulspor AS,1533,1534.0,0,0,Turkey,domestic league (tier 2)
2025/11/08,1. Lig,0,Amed SFK,1492,1498.0,2 - 1,Hatayspor,1450,1444.0,2,1,Turkey,domestic league (tier 2)
2025/11/28,1. Lig,0,Amed SFK,1486,1494.0,2 - 1,Erokspor,1524,1516.0,2,1,Turkey,domestic league (tier 2)
2025/12/13,1. Lig,0,Amed SFK,1504,1512.0,2 - 1,Bandirmaspor,1530,1522.0,2,1,Turkey,domestic league (tier 2)
2025/12/28,1. Lig,0,Amed SFK,1516,1528.0,3 - 0,Igdir FK,1507,1495.0,3,0,Turkey,domestic league (tier 2)
2026/01/09,1. Lig,0,Amed SFK,1528,1535.0,1 - 0,Çorum FK,1510,1503.0,1,0,Turkey,domestic league (tier 2)
2026/02/01,1. Lig,0,Amed SFK,1530,1534.0,7 - 0,Adana Demirspor,1228,1224.0,7,0,Turkey,domestic league (tier 2)
2026/02/15,1. Lig,0,Amed SFK,1552,1545.0,1 - 1,Sakaryaspor,1381,1388.0,1,1,Turkey,domestic league (tier 2)
2026/02/23,1. Lig,0,Amed SFK,1545,1549.0,1 - 0,Vanspor FK,1418,1414.0,1,0,Turkey,domestic league (tier 2)
2026/03/07,1. Lig,0,Amed SFK,1551,1553.0,1 - 0,Serik Belediyespor,1291,1289.0,1,0,Turkey,domestic league (tier 2)
2026/03/15,1. Lig,0,Amed SFK,1574,1581.0,2 - 0,Manisa FK,1476,1469.0,2,0,Turkey,domestic league (tier 2)
2026/04/05,1. Lig,0,Amed SFK,1590,1598.0,6 - 1,Boluspor,1461,1453.0,6,1,Turkey,domestic league (tier 2)
2026/04/13,1. Lig,0,Amed SFK,1601,1595.0,2 - 2,Ümraniyespor,1452,1458.0,2,2,Turkey,domestic league (tier 2)
2026/04/26,1. Lig,0,Amed SFK,1581,1578.0,1 - 1,Bodrum FK,1564,1567.0,1,1,Turkey,domestic league (tier 2)
2026/08/16,Süperlig,0,Amed SFK,1577,1594.0,3 - 0,Erzurumspor FK,1668,1651.0,3,0,Turkey,domestic league (tier 1)
2026/08/31,Süperlig,0,Amed SFK,1583,1598.0,2 - 1,Trabzonspor,1857,1842.0,2,1,Turkey,domestic league (tier 1)
2024/08/19,1. Lig,0,Amed SK,1281,1275.0,0 - 1,Istanbulspor AS,1512,1518.0,0,1,Turkey,domestic league (tier 2)
2024/09/02,1. Lig,0,Amed SK,1282,1305.0,3 - 0,Kocaelispor,1485,1462.0,3,0,Turkey,domestic league (tier 2)
2024/09/21,1. Lig,0,Amed SK,1322,1323.0,1 - 1,Boluspor,1440,1439.0,1,1,Turkey,domestic league (tier 2)
2024/10/06,1. Lig,0,Amed SK,1343,1317.0,0 - 4,Erokspor,1305,1331.0,0,4,Turkey,domestic league (tier 2)
2024/10/27,1. Lig,0,Amed SK,1323,1315.0,0 - 1,Pendikspor,1508,1516.0,0,1,Turkey,domestic league (tier 2)
2024/11/09,1. Lig,0,Amed SK,1310,1310.0,0 - 0,Keçiörengücü,1424,1424.0,0,0,Turkey,domestic league (tier 2)
2024/11/30,1. Lig,0,Amed SK,1314,1325.0,3 - 2,Manisa FK,1436,1425.0,3,2,Turkey,domestic league (tier 2)
2024/12/09,1. Lig,0,Amed SK,1325,1335.0,2 - 1,Sanliurfaspor,1442,1432.0,2,1,Turkey,domestic league (tier 2)
2024/12/23,1. Lig,0,Amed SK,1340,1356.0,2 - 0,Ümraniyespor,1466,1450.0,2,0,Turkey,domestic league (tier 2)
2025/01/12,1. Lig,0,Amed SK,1359,1373.0,1 - 0,MKE Ankaragücü,1619,1605.0,1,0,Turkey,domestic league (tier 2)
2025/01/18,1. Lig,0,Amed SK,1373,1378.0,1 - 1,Fatih Karagümrük,1664,1659.0,1,1,Turkey,domestic league (tier 2)
2025/02/02,1. Lig,0,Amed SK,1374,1374.0,2 - 2,Sakaryaspor,1466,1466.0,2,2,Turkey,domestic league (tier 2)
2025/02/12,1. Lig,0,Amed SK,1370,1381.0,2 - 1,Bandirmaspor,1495,1484.0,2,1,Turkey,domestic league (tier 2)
2025/02/23,1. Lig,0,Amed SK,1385,1391.0,4 - 0,Yeni Malatyaspor,1182,1176.0,4,0,Turkey,domestic league (tier 2)
2025/03/04,1. Lig,0,Amed SK,1393,1394.0,1 - 1,Gençlerbirligi,1532,1531.0,1,1,Turkey,domestic league (tier 2)
2025/03/16,1. Lig,0,Amed SK,1409,1398.0,1 - 2,Erzurumspor FK,1480,1491.0,1,2,Turkey,domestic league (tier 2)
2025/04/04,1. Lig,0,Amed SK,1412,1409.0,0 - 0,Igdir FK,1409,1412.0,0,0,Turkey,domestic league (tier 2)
2025/04/19,1. Lig,0,Amed SK,1424,1433.0,1 - 0,Çorum FK,1492,1483.0,1,0,Turkey,domestic league (tier 2)
2025/05/04,1. Lig,0,Amed SK,1423,1432.0,4 - 0,Adanaspor,1327,1318.0,4,0,Turkey,domestic league (tier 2)
2020/10/18,1. Lig,0,Ankaraspor,1466,1463.0,1 - 1,Giresunspor,1470,1473.0,1,1,Turkey,domestic league (tier 2)
2020/10/25,1. Lig,0,Ankaraspor,1451,1438.0,1 - 2,Balikesirspor,1430,1443.0,1,2,Turkey,domestic league (tier 2)
2020/11/07,1. Lig,0,Ankaraspor,1438,1439.0,1 - 1,Bursaspor,1567,1566.0,1,1,Turkey,domestic league (tier 2)
2020/12/14,1. Lig,0,Ankaraspor,1428,1426.0,0 - 0,Ümraniyespor,1444,1446.0,0,0,Turkey,domestic league (tier 2)
2020/12/27,1. Lig,0,Ankaraspor,1419,1408.0,1 - 2,Samsunspor,1489,1500.0,1,2,Turkey,domestic league (tier 2)
2021/01/07,1. Lig,0,Ankaraspor,1402,1380.0,0 - 2,Adanaspor,1335,1357.0,0,2,Turkey,domestic league (tier 2)
2021/01/30,1. Lig,0,Ankaraspor,1380,1392.0,1 - 0,Keçiörengücü,1554,1542.0,1,0,Turkey,domestic league (tier 2)
2021/02/12,1. Lig,0,Ankaraspor,1388,1371.0,0 - 3,Altinordu FK,1501,1518.0,0,3,Turkey,domestic league (tier 2)
2021/02/25,1. Lig,0,Ankaraspor,1368,1368.0,0 - 0,Tuzlaspor,1462,1462.0,0,0,Turkey,domestic league (tier 2)
2021/03/06,1. Lig,0,Ankaraspor,1372,1371.0,1 - 1,Menemen Belediyespor,1425,1426.0,1,1,Turkey,domestic league (tier 2)
2021/03/21,1. Lig,0,Ankaraspor,1365,1355.0,1 - 2,Boluspor,1463,1473.0,1,2,Turkey,domestic league (tier 2)
2021/04/03,1. Lig,0,Ankaraspor,1355,1370.0,4 - 2,Akhisar Belediyespor,1449,1434.0,4,2,Turkey,domestic league (tier 2)
2021/04/15,1. Lig,0,Ankaraspor,1383,1386.0,2 - 2,Altay Izmir,1579,1576.0,2,2,Turkey,domestic league (tier 2)
2021/04/25,1. Lig,0,Ankaraspor,1382,1391.0,3 - 2,Bandirmaspor,1435,1426.0,3,2,Turkey,domestic league (tier 2)
2021/05/09,1. Lig,0,Ankaraspor,1386,1375.0,0 - 2,Istanbulspor AS,1575,1586.0,0,2,Turkey,domestic league (tier 2)
2025/09/02,Turkey Cup,0,Ankaraspor,1383,1366.0,1 - 2,Eskisehirspor,1207,1224.0,1,2,Turkey,domestic cup
2016/08/28,Süperlig,0,Ankaraspor (as Osmanlispor FK),1775,1771.0,2 - 2,Gençlerbirligi,1721,1725.0,2,2,Turkey,domestic league (tier 1)
2016/09/18,Süperlig,0,Ankaraspor (as Osmanlispor FK),1805,1807.0,1 - 0,Adanaspor,1539,1537.0,1,0,Turkey,domestic league (tier 1)
2016/10/02,Süperlig,0,Ankaraspor (as Osmanlispor FK),1800,1801.0,1 - 1,Fenerbahçe,1938,1937.0,1,1,Turkey,domestic league (tier 1)
2016/10/23,Süperlig,0,Ankaraspor (as Osmanlispor FK),1807,1791.0,1 - 2,Kasimpasa SK,1676,1692.0,1,2,Turkey,domestic league (tier 1)
2016/11/06,Süperlig,0,Ankaraspor (as Osmanlispor FK),1795,1789.0,1 - 1,Kayserispor,1630,1636.0,1,1,Turkey,domestic league (tier 1)
2016/11/19,Süperlig,0,Ankaraspor (as Osmanlispor FK),1789,1794.0,2 - 0,Alanyaspor,1599,1594.0,2,0,Turkey,domestic league (tier 1)
2016/12/04,Süperlig,0,Ankaraspor (as Osmanlispor FK),1793,1797.0,2 - 1,Karabükspor,1639,1635.0,2,1,Turkey,domestic league (tier 1)
2016/12/18,Süperlig,0,Ankaraspor (as Osmanlispor FK),1821,1819.0,2 - 2,Galatasaray,1850,1852.0,2,2,Turkey,domestic league (tier 1)
2017/01/16,Süperlig,0,Ankaraspor (as Osmanlispor FK),1817,1802.0,0 - 2,Besiktas,1919,1934.0,0,2,Turkey,domestic league (tier 1)
2017/01/22,Süperlig,0,Ankaraspor (as Osmanlispor FK),1780,1765.0,1 - 2,Antalyaspor,1705,1720.0,1,2,Turkey,domestic league (tier 1)
2017/02/11,Süperlig,0,Ankaraspor (as Osmanlispor FK),1757,1743.0,0 - 1,Trabzonspor,1691,1705.0,0,1,Turkey,domestic league (tier 1)
2017/02/26,Süperlig,0,Ankaraspor (as Osmanlispor FK),1749,1739.0,0 - 1,Istanbul Basaksehir (as Istanbul Basaksehir F.K.),1848,1858.0,0,1,Turkey,domestic league (tier 1)
2017/03/11,Süperlig,0,Ankaraspor (as Osmanlispor FK),1736,1731.0,1 - 1,Bursaspor,1665,1670.0,1,1,Turkey,domestic league (tier 1)
2017/04/02,Süperlig,0,Ankaraspor (as Osmanlispor FK),1724,1699.0,0 - 2,Gaziantepspor,1562,1587.0,0,2,Turkey,domestic league (tier 1)
2017/05/01,Süperlig,0,Ankaraspor (as Osmanlispor FK),1731,1728.0,0 - 0,Konyaspor,1723,1726.0,0,0,Turkey,domestic league (tier 1)
2017/05/14,Süperlig,0,Ankaraspor (as Osmanlispor FK),1718,1693.0,0 - 4,Akhisar Belediyespor,1705,1730.0,0,4,Turkey,domestic league (tier 1)
2017/05/28,Süperlig,0,Ankaraspor (as Osmanlispor FK),1686,1672.0,1 - 2,Çaykur Rizespor,1638,1652.0,1,2,Turkey,domestic league (tier 1)
2017/08/19,Süperlig,0,Ankaraspor (as Osmanlispor FK),1651,1639.0,1 - 3,Galatasaray,1812,1824.0,1,3,Turkey,domestic league (tier 1)
2017/09/10,Süperlig,0,Ankaraspor (as Osmanlispor FK),1642,1619.0,0 - 2,Göztepe,1520,1543.0,0,2,Turkey,domestic league (tier 1)
2017/09/17,Süperlig,0,Ankaraspor (as Osmanlispor FK),1619,1600.0,2 - 4,Sivasspor,1614,1633.0,2,4,Turkey,domestic league (tier 1)
2017/09/30,Süperlig,0,Ankaraspor (as Osmanlispor FK),1593,1611.0,3 - 0,Kasimpasa SK,1707,1689.0,3,0,Turkey,domestic league (tier 1)
2017/10/21,Süperlig,0,Ankaraspor (as Osmanlispor FK),1601,1615.0,3 - 0,Karabükspor,1637,1623.0,3,0,Turkey,domestic league (tier 1)
2017/11/04,Süperlig,0,Ankaraspor (as Osmanlispor FK),1618,1622.0,1 - 1,Fenerbahçe,1882,1878.0,1,1,Turkey,domestic league (tier 1)
2017/11/24,Süperlig,0,Ankaraspor (as Osmanlispor FK),1617,1630.0,2 - 0,Gençlerbirligi,1659,1646.0,2,0,Turkey,domestic league (tier 1)
2017/12/10,Süperlig,0,Ankaraspor (as Osmanlispor FK),1636,1649.0,3 - 0,Alanyaspor,1650,1637.0,3,0,Turkey,domestic league (tier 1)
2017/12/25,Süperlig,0,Ankaraspor (as Osmanlispor FK),1646,1655.0,3 - 2,Akhisar Belediyespor,1694,1685.0,3,2,Turkey,domestic league (tier 1)
2018/01/20,Süperlig,0,Ankaraspor (as Osmanlispor FK),1668,1663.0,0 - 0,Yeni Malatyaspor,1576,1581.0,0,0,Turkey,domestic league (tier 1)
2018/02/04,Süperlig,0,Ankaraspor (as Osmanlispor FK),1658,1648.0,0 - 1,Kayserispor,1744,1754.0,0,1,Turkey,domestic league (tier 1)
2018/02/25,Süperlig,0,Ankaraspor (as Osmanlispor FK),1643,1641.0,0 - 0,Antalyaspor,1670,1672.0,0,0,Turkey,domestic league (tier 1)
2018/03/10,Süperlig,0,Ankaraspor (as Osmanlispor FK),1644,1652.0,2 - 1,Bursaspor,1660,1652.0,2,1,Turkey,domestic league (tier 1)
2018/04/01,Süperlig,0,Ankaraspor (as Osmanlispor FK),1669,1666.0,0 - 0,Konyaspor,1680,1683.0,0,0,Turkey,domestic league (tier 1)
2018/04/16,Süperlig,0,Ankaraspor (as Osmanlispor FK),1663,1663.0,3 - 3,Trabzonspor,1778,1778.0,3,3,Turkey,domestic league (tier 1)
2018/04/29,Süperlig,0,Ankaraspor (as Osmanlispor FK),1686,1673.0,1 - 4,Istanbul Basaksehir (as Istanbul Basaksehir F.K.),1885,1898.0,1,4,Turkey,domestic league (tier 1)
2018/05/13,Süperlig,0,Ankaraspor (as Osmanlispor FK),1675,1670.0,2 - 3,Besiktas,1978,1983.0,2,3,Turkey,domestic league (tier 1)
2018/08/18,1. Lig,0,Ankaraspor (as Osmanlispor FK),1655,1639.0,0 - 1,Giresunspor,1513,1529.0,0,1,Turkey,domestic league (tier 2)
2018/08/31,1. Lig,0,Ankaraspor (as Osmanlispor FK),1656,1643.0,0 - 1,Gençlerbirligi,1650,1663.0,0,1,Turkey,domestic league (tier 2)
2018/09/21,1. Lig,0,Ankaraspor (as Osmanlispor FK),1655,1630.0,0 - 2,Denizlispor,1461,1486.0,0,2,Turkey,domestic league (tier 2)
2018/10/07,1. Lig,0,Ankaraspor (as Osmanlispor FK),1641,1645.0,1 - 0,Adana Demirspor,1505,1501.0,1,0,Turkey,domestic league (tier 2)
2018/10/28,1. Lig,0,Ankaraspor (as Osmanlispor FK),1640,1625.0,0 - 1,Altinordu FK,1526,1541.0,0,1,Turkey,domestic league (tier 2)
2018/11/11,1. Lig,0,Ankaraspor (as Osmanlispor FK),1613,1616.0,1 - 0,Istanbulspor AS,1440,1437.0,1,0,Turkey,domestic league (tier 2)
2018/11/26,1. Lig,0,Ankaraspor (as Osmanlispor FK),1616,1609.0,1 - 1,Elazigspor,1445,1452.0,1,1,Turkey,domestic league (tier 2)
2018/12/08,1. Lig,0,Ankaraspor (as Osmanlispor FK),1620,1622.0,3 - 2,Afjet Afyonspor,1344,1342.0,3,2,Turkey,domestic league (tier 2)
2018/12/23,1. Lig,0,Ankaraspor (as Osmanlispor FK),1629,1634.0,3 - 1,Adanaspor,1445,1440.0,3,1,Turkey,domestic league (tier 2)
2019/01/19,1. Lig,0,Ankaraspor (as Osmanlispor FK),1634,1642.0,3 - 1,Boluspor,1564,1556.0,3,1,Turkey,domestic league (tier 2)
2019/02/01,1. Lig,0,Ankaraspor (as Osmanlispor FK),1653,1657.0,1 - 0,Balikesirspor,1530,1526.0,1,0,Turkey,domestic league (tier 2)
2019/02/17,1. Lig,0,Ankaraspor (as Osmanlispor FK),1674,1676.0,3 - 0,Karabükspor,1267,1265.0,3,0,Turkey,domestic league (tier 2)
2019/03/02,1. Lig,0,Ankaraspor (as Osmanlispor FK),1691,1675.0,0 - 1,Gaziantep FK (as Gazisehir Gaziantep FK),1560,1576.0,0,1,Turkey,domestic league (tier 2)
2019/03/16,1. Lig,0,Ankaraspor (as Osmanlispor FK),1673,1650.0,1 - 3,Hatayspor,1575,1598.0,1,3,Turkey,domestic league (tier 2)
2019/04/06,1. Lig,0,Ankaraspor (as Osmanlispor FK),1669,1643.0,2 - 4,Eskisehirspor,1419,1445.0,2,4,Turkey,domestic league (tier 2)
2019/04/28,1. Lig,0,Ankaraspor (as Osmanlispor FK),1637,1632.0,0 - 0,Ümraniyespor,1566,1571.0,0,0,Turkey,domestic league (tier 2)
2019/05/12,1. Lig,0,Ankaraspor (as Osmanlispor FK),1626,1632.0,3 - 1,Altay Izmir,1472,1466.0,3,1,Turkey,domestic league (tier 2)
2019/05/26,1. Lig,0,Ankaraspor (as Osmanlispor FK),1632,1641.0,2 - 0,Gaziantep FK (as Gazisehir Gaziantep FK),1597,1588.0,2,0,Turkey,domestic league (tier 2)
2019/08/17,1. Lig,0,Ankaraspor (as Osmanlispor FK),1641,1645.0,2 - 1,Boluspor,1501,1497.0,2,1,Turkey,domestic league (tier 2)
2019/08/30,1. Lig,0,Ankaraspor (as Osmanlispor FK),1635,1628.0,2 - 2,Adanaspor,1432,1439.0,2,2,Turkey,domestic league (tier 2)
2019/09/21,1. Lig,0,Ankaraspor (as Osmanlispor FK),1617,1623.0,2 - 1,Altinordu FK,1555,1549.0,2,1,Turkey,domestic league (tier 2)
2019/10/06,1. Lig,0,Ankaraspor (as Osmanlispor FK),1628,1616.0,0 - 1,Hatayspor,1645,1657.0,0,1,Turkey,domestic league (tier 2)
2019/10/28,1. Lig,0,Ankaraspor (as Osmanlispor FK),1602,1610.0,2 - 1,Akhisar Belediyespor,1637,1629.0,2,1,Turkey,domestic league (tier 2)
2019/11/24,1. Lig,0,Ankaraspor (as Osmanlispor FK),1585,1571.0,2 - 3,Adana Demirspor,1541,1555.0,2,3,Turkey,domestic league (tier 2)
2019/12/08,1. Lig,0,Ankaraspor (as Osmanlispor FK),1562,1557.0,0 - 0,Altay Izmir,1473,1478.0,0,0,Turkey,domestic league (tier 2)
2019/12/22,1. Lig,0,Ankaraspor (as Osmanlispor FK),1550,1545.0,1 - 1,Istanbulspor AS,1481,1486.0,1,1,Turkey,domestic league (tier 2)
2020/01/25,1. Lig,0,Ankaraspor (as Osmanlispor FK),1561,1558.0,0 - 0,Keçiörengücü,1556,1559.0,0,0,Turkey,domestic league (tier 2)
2020/02/09,1. Lig,0,Ankaraspor (as Osmanlispor FK),1540,1524.0,2 - 4,Bursaspor,1614,1630.0,2,4,Turkey,domestic league (tier 2)
2020/02/21,1. Lig,0,Ankaraspor (as Osmanlispor FK),1527,1534.0,2 - 0,Menemen Belediyespor,1410,1403.0,2,0,Turkey,domestic league (tier 2)
2020/02/29,1. Lig,0,Ankaraspor (as Osmanlispor FK),1530,1527.0,1 - 1,Fatih Karagümrük SK,1534,1537.0,1,1,Turkey,domestic league (tier 2)
2020/03/12,1. Lig,0,Ankaraspor (as Osmanlispor FK),1521,1516.0,1 - 1,Eskisehirspor,1407,1412.0,1,1,Turkey,domestic league (tier 2)
2020/03/15,1. Lig,0,Ankaraspor (as Osmanlispor FK),1516,1513.0,1 - 1,Giresunspor,1498,1501.0,1,1,Turkey,domestic league (tier 2)
2020/06/27,1. Lig,0,Ankaraspor (as Osmanlispor FK),1508,1493.0,1 - 3,BB Erzurumspor,1609,1624.0,1,3,Turkey,domestic league (tier 2)
2020/07/05,1. Lig,0,Ankaraspor (as Osmanlispor FK),1483,1491.0,3 - 2,Ümraniyespor,1519,1511.0,3,2,Turkey,domestic league (tier 2)
2020/07/19,1. Lig,0,Ankaraspor (as Osmanlispor FK),1484,1490.0,4 - 3,Balikesirspor,1442,1436.0,4,3,Turkey,domestic league (tier 2)
2020/09/12,1. Lig,0,Ankaraspor (as Osmanlispor FK),1490,1494.0,1 - 0,Eskisehirspor,1346,1342.0,1,0,Turkey,domestic league (tier 2)
2020/09/27,1. Lig,0,Ankaraspor (as Osmanlispor FK),1486,1475.0,1 - 3,Adana Demirspor,1674,1685.0,1,3,Turkey,domestic league (tier 2)
2016/08/21,Süperlig,0,Antalyaspor,1683,1682.0,0 - 0,Ankaraspor (as Osmanlispor FK),1761,1762.0,0,0,Turkey,domestic league (tier 1)
2016/09/11,Süperlig,0,Antalyaspor,1672,1659.0,1 - 3,Konyaspor,1816,1829.0,1,3,Turkey,domestic league (tier 1)
2016/09/23,Süperlig,0,Antalyaspor,1650,1648.0,0 - 0,Akhisar Belediyespor,1670,1672.0,0,0,Turkey,domestic league (tier 1)
2016/10/17,Süperlig,0,Antalyaspor,1644,1641.0,1 - 1,Çaykur Rizespor,1633,1636.0,1,1,Turkey,domestic league (tier 1)
2016/11/05,Süperlig,0,Antalyaspor,1640,1649.0,1 - 0,Gençlerbirligi,1717,1708.0,1,0,Turkey,domestic league (tier 1)
2016/11/26,Süperlig,0,Antalyaspor,1662,1666.0,1 - 0,Adanaspor,1529,1525.0,1,0,Turkey,domestic league (tier 1)
2016/12/12,Süperlig,0,Antalyaspor,1673,1688.0,1 - 0,Fenerbahçe,1972,1957.0,1,0,Turkey,domestic league (tier 1)
2016/12/25,Süperlig,0,Antalyaspor,1682,1689.0,2 - 1,Kasimpasa SK,1670,1663.0,2,1,Turkey,domestic league (tier 1)
2017/01/28,Süperlig,0,Antalyaspor,1720,1724.0,2 - 1,Alanyaspor,1596,1592.0,2,1,Turkey,domestic league (tier 1)
2017/02/18,Süperlig,0,Antalyaspor,1727,1732.0,1 - 0,Karabükspor,1635,1630.0,1,0,Turkey,domestic league (tier 1)
2017/03/06,Süperlig,0,Antalyaspor,1717,1707.0,2 - 3,Galatasaray,1829,1839.0,2,3,Turkey,domestic league (tier 1)
2017/03/19,Süperlig,0,Antalyaspor,1718,1722.0,0 - 0,Besiktas,1966,1962.0,0,0,Turkey,domestic league (tier 1)
2017/04/01,Süperlig,0,Antalyaspor,1722,1728.0,2 - 1,Kayserispor,1674,1668.0,2,1,Turkey,domestic league (tier 1)
2017/04/22,Süperlig,0,Antalyaspor,1730,1708.0,0 - 3,Trabzonspor,1747,1769.0,0,3,Turkey,domestic league (tier 1)
2017/05/05,Süperlig,0,Antalyaspor,1721,1713.0,0 - 1,Istanbul Basaksehir (as Istanbul Basaksehir F.K.),1885,1893.0,0,1,Turkey,domestic league (tier 1)
2017/05/20,Süperlig,0,Antalyaspor,1730,1734.0,2 - 1,Bursaspor,1604,1600.0,2,1,Turkey,domestic league (tier 1)
2017/06/02,Süperlig,0,Antalyaspor,1756,1761.0,4 - 1,Gaziantepspor,1553,1548.0,4,1,Turkey,domestic league (tier 1)
2017/08/20,Süperlig,0,Antalyaspor,1756,1753.0,2 - 2,Akhisar Belediyespor,1751,1754.0,2,2,Turkey,domestic league (tier 1)
2017/09/10,Süperlig,0,Antalyaspor,1749,1748.0,1 - 1,Galatasaray,1830,1831.0,1,1,Turkey,domestic league (tier 1)
2017/09/25,Süperlig,0,Antalyaspor,1734,1741.0,3 - 0,Ankaraspor (as Osmanlispor FK),1600,1593.0,3,0,Turkey,domestic league (tier 1)
2017/10/14,Süperlig,0,Antalyaspor,1725,1700.0,1 - 3,Göztepe,1564,1589.0,1,3,Turkey,domestic league (tier 1)
2017/10/20,Süperlig,0,Antalyaspor,1700,1707.0,2 - 1,Kasimpasa SK,1675,1668.0,2,1,Turkey,domestic league (tier 1)
2017/11/04,Süperlig,0,Antalyaspor,1690,1695.0,2 - 1,Karabükspor,1619,1614.0,2,1,Turkey,domestic league (tier 1)
2017/11/26,Süperlig,0,Antalyaspor,1698,1690.0,0 - 1,Fenerbahçe,1883,1891.0,0,1,Turkey,domestic league (tier 1)
2017/12/09,Süperlig,0,Antalyaspor,1680,1677.0,1 - 1,Gençlerbirligi,1660,1663.0,1,1,Turkey,domestic league (tier 1)
2017/12/22,Süperlig,0,Antalyaspor,1673,1682.0,3 - 1,Alanyaspor,1629,1620.0,3,1,Turkey,domestic league (tier 1)
2018/01/21,Süperlig,0,Antalyaspor,1658,1654.0,1 - 2,Besiktas,1979,1983.0,1,2,Turkey,domestic league (tier 1)
2018/02/03,Süperlig,0,Antalyaspor,1657,1665.0,3 - 1,Yeni Malatyaspor,1590,1582.0,3,1,Turkey,domestic league (tier 1)
2018/02/17,Süperlig,0,Antalyaspor,1660,1670.0,2 - 1,Kayserispor,1744,1734.0,2,1,Turkey,domestic league (tier 1)
2018/03/04,Süperlig,0,Antalyaspor,1672,1649.0,1 - 4,Sivasspor,1664,1687.0,1,4,Turkey,domestic league (tier 1)
2018/03/31,Süperlig,0,Antalyaspor,1654,1665.0,2 - 0,Bursaspor,1660,1649.0,2,0,Turkey,domestic league (tier 1)
2018/04/15,Süperlig,0,Antalyaspor,1673,1671.0,0 - 0,Konyaspor,1697,1699.0,0,0,Turkey,domestic league (tier 1)
2018/04/28,Süperlig,0,Antalyaspor,1667,1657.0,1 - 2,Trabzonspor,1755,1765.0,1,2,Turkey,domestic league (tier 1)
2018/05/11,Süperlig,0,Antalyaspor,1669,1659.0,0 - 2,Istanbul Basaksehir (as Istanbul Basaksehir F.K.),1891,1901.0,0,2,Turkey,domestic league (tier 1)
2018/08/18,Süperlig,0,Antalyaspor,1641,1640.0,3 - 3,Konyaspor,1703,1704.0,3,3,Turkey,domestic league (tier 1)
2018/09/02,Süperlig,0,Antalyaspor,1659,1666.0,2 - 1,Çaykur Rizespor,1651,1644.0,2,1,Turkey,domestic league (tier 1)
2018/09/23,Süperlig,0,Antalyaspor,1661,1668.0,2 - 1,Sivasspor,1661,1654.0,2,1,Turkey,domestic league (tier 1)
2018/10/06,Süperlig,0,Antalyaspor,1678,1671.0,0 - 1,Galatasaray,1885,1892.0,0,1,Turkey,domestic league (tier 1)
2018/10/27,Süperlig,0,Antalyaspor,1683,1683.0,1 - 1,Trabzonspor,1770,1770.0,1,1,Turkey,domestic league (tier 1)
2018/11/11,Süperlig,0,Antalyaspor,1697,1683.0,1 - 2,Akhisar Belediyespor,1665,1679.0,1,2,Turkey,domestic league (tier 1)
2018/12/01,Süperlig,0,Antalyaspor,1672,1679.0,1 - 0,Göztepe,1655,1648.0,1,0,Turkey,domestic league (tier 1)
2018/12/24,Süperlig,0,Antalyaspor,1686,1686.0,0 - 0,Fenerbahçe,1802,1802.0,0,0,Turkey,domestic league (tier 1)
2019/01/19,Süperlig,0,Antalyaspor,1682,1678.0,0 - 0,Kayserispor,1641,1645.0,0,0,Turkey,domestic league (tier 1)
2019/02/03,Süperlig,0,Antalyaspor,1655,1642.0,2 - 6,Besiktas,1869,1882.0,2,6,Turkey,domestic league (tier 1)
2019/02/18,Süperlig,0,Antalyaspor,1645,1639.0,0 - 1,Istanbul Basaksehir (as Istanbul Basaksehir F.K.),1890,1896.0,0,1,Turkey,domestic league (tier 1)
2019/03/01,Süperlig,0,Antalyaspor,1653,1631.0,2 - 4,MKE Ankaragücü,1571,1593.0,2,4,Turkey,domestic league (tier 1)
2019/03/16,Süperlig,0,Antalyaspor,1625,1640.0,3 - 0,Alanyaspor,1676,1661.0,3,0,Turkey,domestic league (tier 1)
2019/04/14,Süperlig,0,Antalyaspor,1632,1640.0,1 - 0,Kasimpasa SK,1646,1638.0,1,0,Turkey,domestic league (tier 1)
2019/04/27,Süperlig,0,Antalyaspor,1654,1649.0,1 - 1,BB Erzurumspor,1579,1584.0,1,1,Turkey,domestic league (tier 1)
2019/05/10,Süperlig,0,Antalyaspor,1636,1622.0,0 - 1,Bursaspor,1599,1613.0,0,1,Turkey,domestic league (tier 1)
2019/05/18,Süperlig,0,Antalyaspor,1622,1638.0,3 - 0,Yeni Malatyaspor,1683,1667.0,3,0,Turkey,domestic league (tier 1)
2019/08/25,Süperlig,0,Antalyaspor,1645,1626.0,0 - 2,Denizlispor,1658,1677.0,0,2,Turkey,domestic league (tier 1)
2019/09/14,Süperlig,0,Antalyaspor,1631,1628.0,2 - 2,Kayserispor,1628,1631.0,2,2,Turkey,domestic league (tier 1)
2019/09/29,Süperlig,0,Antalyaspor,1613,1630.0,3 - 0,Yeni Malatyaspor,1697,1680.0,3,0,Turkey,domestic league (tier 1)
2019/10/19,Süperlig,0,Antalyaspor,1647,1616.0,0 - 6,Gençlerbirligi,1580,1611.0,0,6,Turkey,domestic league (tier 1)
2019/11/02,Süperlig,0,Antalyaspor,1611,1604.0,1 - 2,Besiktas,1816,1823.0,1,2,Turkey,domestic league (tier 1)
2019/11/25,Süperlig,0,Antalyaspor,1598,1596.0,1 - 1,Gaziantep FK,1619,1621.0,1,1,Turkey,domestic league (tier 1)
2019/12/08,Süperlig,0,Antalyaspor,1609,1598.0,1 - 3,Trabzonspor,1808,1819.0,1,3,Turkey,domestic league (tier 1)
2019/12/20,Süperlig,0,Antalyaspor,1597,1593.0,2 - 2,MKE Ankaragücü,1555,1559.0,2,2,Turkey,domestic league (tier 1)
2020/01/19,Süperlig,0,Antalyaspor,1598,1580.0,0 - 3,Göztepe,1684,1702.0,0,3,Turkey,domestic league (tier 1)
2020/02/01,Süperlig,0,Antalyaspor,1612,1610.0,0 - 0,Konyaspor,1632,1634.0,0,0,Turkey,domestic league (tier 1)
2020/02/17,Süperlig,0,Antalyaspor,1619,1629.0,3 - 1,Kasimpasa SK,1587,1577.0,3,1,Turkey,domestic league (tier 1)
2020/02/29,Süperlig,0,Antalyaspor,1643,1645.0,2 - 2,Fenerbahçe,1802,1800.0,2,2,Turkey,domestic league (tier 1)
2020/03/16,Süperlig,0,Antalyaspor,1638,1649.0,1 - 0,Sivasspor,1777,1766.0,1,0,Turkey,domestic league (tier 1)
2020/06/22,Süperlig,0,Antalyaspor,1655,1665.0,3 - 1,Çaykur Rizespor,1637,1627.0,3,1,Turkey,domestic league (tier 1)
2020/07/04,Süperlig,0,Antalyaspor,1667,1658.0,0 - 2,Istanbul Basaksehir (as Istanbul Basaksehir F.K.),1928,1937.0,0,2,Turkey,domestic league (tier 1)
2020/07/12,Süperlig,0,Antalyaspor,1666,1676.0,1 - 0,Alanyaspor,1781,1771.0,1,0,Turkey,domestic league (tier 1)
2020/07/24,Süperlig,0,Antalyaspor,1686,1687.0,2 - 2,Galatasaray,1811,1810.0,2,2,Turkey,domestic league (tier 1)
2020/09/13,Süperlig,0,Antalyaspor,1687,1695.0,2 - 0,Gençlerbirligi,1599,1591.0,2,0,Turkey,domestic league (tier 1)
2020/09/28,Süperlig,0,Antalyaspor,1701,1706.0,1 - 0,Denizlispor,1605,1600.0,1,0,Turkey,domestic league (tier 1)
2020/10/18,Süperlig,0,Antalyaspor,1695,1692.0,1 - 1,Gaziantep FK,1672,1675.0,1,1,Turkey,domestic league (tier 1)
2020/11/02,Süperlig,0,Antalyaspor,1685,1675.0,1 - 2,Fenerbahçe,1778,1788.0,1,2,Turkey,domestic league (tier 1)
2020/11/22,Süperlig,0,Antalyaspor,1679,1666.0,0 - 2,Alanyaspor,1814,1827.0,0,2,Turkey,domestic league (tier 1)
2020/12/06,Süperlig,0,Antalyaspor,1668,1672.0,1 - 0,MKE Ankaragücü,1526,1522.0,1,0,Turkey,domestic league (tier 1)
2020/12/21,Süperlig,0,Antalyaspor,1679,1687.0,2 - 0,Kayserispor,1594,1586.0,2,0,Turkey,domestic league (tier 1)
2020/12/29,Süperlig,0,Antalyaspor,1679,1652.0,0 - 6,Hatayspor,1686,1713.0,0,6,Turkey,domestic league (tier 1)
2021/01/06,Süperlig,0,Antalyaspor,1659,1669.0,3 - 1,Fatih Karagümrük SK,1641,1631.0,3,1,Turkey,domestic league (tier 1)
2021/01/16,Süperlig,0,Antalyaspor,1699,1699.0,1 - 1,Trabzonspor,1811,1811.0,1,1,Turkey,domestic league (tier 1)
2021/02/03,Süperlig,0,Antalyaspor,1710,1711.0,1 - 1,Besiktas,1852,1851.0,1,1,Turkey,domestic league (tier 1)
2021/02/15,Süperlig,0,Antalyaspor,1723,1718.0,1 - 1,Yeni Malatyaspor,1635,1640.0,1,1,Turkey,domestic league (tier 1)
2021/02/27,Süperlig,0,Antalyaspor,1721,1718.0,0 - 0,Istanbul Basaksehir,1709,1712.0,0,0,Turkey,domestic league (tier 1)
2021/03/08,Süperlig,0,Antalyaspor,1723,1718.0,1 - 1,Kasimpasa SK,1616,1621.0,1,1,Turkey,domestic league (tier 1)
2021/03/21,Süperlig,0,Antalyaspor,1723,1730.0,3 - 1,BB Erzurumspor,1602,1595.0,3,1,Turkey,domestic league (tier 1)
2021/04/07,Süperlig,0,Antalyaspor,1719,1701.0,2 - 4,Sivasspor,1739,1757.0,2,4,Turkey,domestic league (tier 1)
2021/04/16,Süperlig,0,Antalyaspor,1711,1696.0,2 - 3,Çaykur Rizespor,1628,1643.0,2,3,Turkey,domestic league (tier 1)
2021/04/24,Süperlig,0,Antalyaspor,1690,1681.0,0 - 1,Galatasaray,1835,1844.0,0,1,Turkey,domestic league (tier 1)
2021/05/02,Süperlig,0,Antalyaspor,1684,1671.0,2 - 3,Göztepe,1661,1674.0,2,3,Turkey,domestic league (tier 1)
2021/05/15,Süperlig,0,Antalyaspor,1667,1664.0,0 - 0,Konyaspor,1677,1680.0,0,0,Turkey,domestic league (tier 1)
2021/08/15,Süperlig,0,Antalyaspor,1657,1654.0,1 - 1,Göztepe,1638,1641.0,1,1,Turkey,domestic league (tier 1)
2021/08/27,Süperlig,0,Antalyaspor,1649,1655.0,3 - 2,Çaykur Rizespor,1617,1611.0,3,2,Turkey,domestic league (tier 1)
2021/09/18,Süperlig,0,Antalyaspor,1645,1639.0,2 - 3,Besiktas,1876,1882.0,2,3,Turkey,domestic league (tier 1)
2021/09/25,Süperlig,0,Antalyaspor,1644,1651.0,1 - 0,Yeni Malatyaspor,1625,1618.0,1,0,Turkey,domestic league (tier 1)
2021/10/01,Süperlig,0,Antalyaspor,1651,1640.0,1 - 2,Adana Demirspor,1709,1720.0,1,2,Turkey,domestic league (tier 1)
2021/10/24,Süperlig,0,Antalyaspor,1646,1635.0,1 - 2,Istanbul Basaksehir,1706,1717.0,1,2,Turkey,domestic league (tier 1)
2021/11/06,Süperlig,0,Antalyaspor,1647,1654.0,1 - 0,Altay Izmir,1632,1625.0,1,0,Turkey,domestic league (tier 1)
2021/11/27,Süperlig,0,Antalyaspor,1647,1664.0,3 - 0,Alanyaspor,1746,1729.0,3,0,Turkey,domestic league (tier 1)
2021/12/11,Süperlig,0,Antalyaspor,1652,1666.0,2 - 1,Trabzonspor,1910,1896.0,2,1,Turkey,domestic league (tier 1)
2021/12/21,Süperlig,0,Antalyaspor,1661,1656.0,1 - 1,Kasimpasa SK,1590,1595.0,1,1,Turkey,domestic league (tier 1)
2021/12/28,Turkey Cup,0,Antalyaspor,1651,1658.0,2 - 1,Giresunspor,1638,1631.0,2,1,Turkey,domestic cup
2022/01/15,Süperlig,0,Antalyaspor,1644,1646.0,1 - 1,Fenerbahçe,1820,1818.0,1,1,Turkey,domestic league (tier 1)
2022/01/23,Süperlig,0,Antalyaspor,1637,1636.0,0 - 0,Gaziantep FK,1707,1708.0,0,0,Turkey,domestic league (tier 1)
2022/02/13,Süperlig,0,Antalyaspor,1663,1677.0,3 - 0,Fatih Karagümrük SK,1693,1679.0,3,0,Turkey,domestic league (tier 1)
2022/03/06,Süperlig,0,Antalyaspor,1687,1696.0,1 - 0,Sivasspor,1751,1742.0,1,0,Turkey,domestic league (tier 1)
2022/03/20,Süperlig,0,Antalyaspor,1711,1720.0,4 - 1,Giresunspor,1637,1628.0,4,1,Turkey,domestic league (tier 1)
2022/04/11,Süperlig,0,Antalyaspor,1729,1740.0,4 - 1,Hatayspor,1703,1692.0,4,1,Turkey,domestic league (tier 1)
2022/04/24,Süperlig,0,Antalyaspor,1759,1754.0,1 - 1,Kayserispor,1662,1667.0,1,1,Turkey,domestic league (tier 1)
2022/05/09,Süperlig,0,Antalyaspor,1760,1767.0,3 - 2,Konyaspor,1763,1756.0,3,2,Turkey,domestic league (tier 1)
2022/05/20,Süperlig,0,Antalyaspor,1785,1782.0,1 - 1,Galatasaray,1777,1780.0,1,1,Turkey,domestic league (tier 1)
2022/08/07,Süperlig,0,Antalyaspor,1782,1769.0,0 - 1,Galatasaray,1780,1793.0,0,1,Turkey,domestic league (tier 1)
2022/08/20,Süperlig,0,Antalyaspor,1777,1795.0,5 - 2,Trabzonspor,1887,1869.0,5,2,Turkey,domestic league (tier 1)
2022/09/04,Süperlig,0,Antalyaspor,1777,1755.0,0 - 2,Kasimpasa SK,1709,1731.0,0,2,Turkey,domestic league (tier 1)
2022/09/17,Süperlig,0,Antalyaspor,1746,1724.0,0 - 3,Adana Demirspor,1752,1774.0,0,3,Turkey,domestic league (tier 1)
2022/10/08,Süperlig,0,Antalyaspor,1724,1723.0,1 - 1,Konyaspor,1794,1795.0,1,1,Turkey,domestic league (tier 1)
2022/10/21,Süperlig,0,Antalyaspor,1716,1720.0,2 - 1,Istanbulspor AS,1589,1585.0,2,1,Turkey,domestic league (tier 1)
2022/11/06,Süperlig,0,Antalyaspor,1740,1749.0,4 - 2,Fatih Karagümrük SK,1696,1687.0,4,2,Turkey,domestic league (tier 1)
2022/11/09,Turkey Cup,0,Antalyaspor,1749,1751.0,3 - 0,Pendikspor,1391,1389.0,3,0,Turkey,domestic cup
2022/12/20,Turkey Cup,0,Antalyaspor,1751,1753.0,1 - 0,Manisa FK,1454,1452.0,1,0,Turkey,domestic cup
2022/12/23,Süperlig,0,Antalyaspor,1753,1729.0,0 - 2,MKE Ankaragücü,1625,1649.0,0,2,Turkey,domestic league (tier 1)
2023/01/03,Süperlig,0,Antalyaspor,1722,1716.0,1 - 2,Fenerbahçe,1955,1961.0,1,2,Turkey,domestic league (tier 1)
2023/01/14,Süperlig,0,Antalyaspor,1717,1712.0,2 - 2,Giresunspor,1635,1640.0,2,2,Turkey,domestic league (tier 1)
2023/01/17,Turkey Cup,0,Antalyaspor,1712,1692.0,0 - 2,Kayserispor,1698,1718.0,0,2,Turkey,domestic cup
2023/01/28,Süperlig,0,Antalyaspor,1689,1694.0,3 - 2,Ümraniyespor,1576,1571.0,3,2,Turkey,domestic league (tier 1)
2023/02/04,Süperlig,0,Antalyaspor,1689,1696.0,1 - 0,Gaziantep FK,1697,1690.0,1,0,Turkey,domestic league (tier 1)
2023/03/11,Süperlig,0,Antalyaspor,1690,1706.0,4 - 0,Kayserispor,1730,1714.0,4,0,Turkey,domestic league (tier 1)
2023/04/14,Süperlig,0,Antalyaspor,1702,1712.0,3 - 1,Alanyaspor,1689,1679.0,3,1,Turkey,domestic league (tier 1)
2023/04/24,Süperlig,0,Antalyaspor,1712,1699.0,1 - 2,Sivasspor,1717,1730.0,1,2,Turkey,domestic league (tier 1)
2023/05/06,Süperlig,0,Antalyaspor,1713,1701.0,1 - 3,Besiktas,1891,1903.0,1,3,Turkey,domestic league (tier 1)
2023/05/21,Süperlig,0,Antalyaspor,1702,1702.0,0 - 0,Istanbul Basaksehir,1806,1806.0,0,0,Turkey,domestic league (tier 1)
2023/08/18,Süperlig,0,Antalyaspor,1679,1678.0,1 - 1,Konyaspor,1746,1747.0,1,1,Turkey,domestic league (tier 1)
2023/09/02,Süperlig,0,Antalyaspor,1681,1678.0,1 - 1,Kayserispor,1681,1684.0,1,1,Turkey,domestic league (tier 1)
2023/09/23,Süperlig,0,Antalyaspor,1676,1685.0,2 - 0,Samsunspor,1636,1627.0,2,0,Turkey,domestic league (tier 1)
2023/10/07,Süperlig,0,Antalyaspor,1695,1688.0,0 - 2,Galatasaray,2013,2020.0,0,2,Turkey,domestic league (tier 1)
2023/10/29,Süperlig,0,Antalyaspor,1680,1690.0,1 - 0,Istanbul Basaksehir,1772,1762.0,1,0,Turkey,domestic league (tier 1)
2023/11/05,Süperlig,0,Antalyaspor,1690,1703.0,3 - 2,Besiktas,1906,1893.0,3,2,Turkey,domestic league (tier 1)
2023/11/26,Süperlig,0,Antalyaspor,1726,1721.0,0 - 0,Çaykur Rizespor,1648,1653.0,0,0,Turkey,domestic league (tier 1)
2023/12/09,Süperlig,0,Antalyaspor,1723,1731.0,2 - 1,Fatih Karagümrük,1747,1739.0,2,1,Turkey,domestic league (tier 1)
2023/12/20,Süperlig,0,Antalyaspor,1731,1727.0,0 - 0,Kasimpasa SK,1683,1687.0,0,0,Turkey,domestic league (tier 1)
2024/01/05,Süperlig,0,Antalyaspor,1722,1718.0,0 - 0,Alanyaspor,1665,1669.0,0,0,Turkey,domestic league (tier 1)
2024/01/14,Süperlig,0,Antalyaspor,1726,1726.0,1 - 1,Trabzonspor,1833,1833.0,1,1,Turkey,domestic league (tier 1)
2024/01/17,Turkey Cup,0,Antalyaspor,1726,1729.0,2 - 1,Pendikspor,1549,1546.0,2,1,Turkey,domestic cup
2024/01/24,Süperlig,0,Antalyaspor,1731,1737.0,2 - 1,Sivasspor,1694,1688.0,2,1,Turkey,domestic league (tier 1)
2024/02/03,Süperlig,0,Antalyaspor,1737,1729.0,0 - 2,Fenerbahçe,2019,2027.0,0,2,Turkey,domestic league (tier 1)
2024/02/08,Turkey Cup,0,Antalyaspor,1729,1719.0,1 - 2,Besiktas,1818,1828.0,1,2,Turkey,domestic cup
2024/02/17,Süperlig,0,Antalyaspor,1706,1700.0,2 - 2,Istanbulspor AS,1544,1550.0,2,2,Turkey,domestic league (tier 1)
2024/03/04,Süperlig,0,Antalyaspor,1698,1704.0,1 - 0,Gaziantep FK,1666,1660.0,1,0,Turkey,domestic league (tier 1)
2024/04/02,Süperlig,0,Antalyaspor,1715,1712.0,1 - 1,MKE Ankaragücü,1703,1706.0,1,1,Turkey,domestic league (tier 1)
2024/04/21,Süperlig,0,Antalyaspor,1698,1704.0,2 - 1,Hatayspor,1646,1640.0,2,1,Turkey,domestic league (tier 1)
2024/05/06,Süperlig,0,Antalyaspor,1691,1675.0,1 - 2,Pendikspor,1556,1572.0,1,2,Turkey,domestic league (tier 1)
2024/05/17,Süperlig,0,Antalyaspor,1665,1674.0,2 - 1,Adana Demirspor,1718,1709.0,2,1,Turkey,domestic league (tier 1)
2024/08/10,Süperlig,0,Antalyaspor,1678,1674.0,0 - 0,Göztepe,1647,1651.0,0,0,Turkey,domestic league (tier 1)
2024/08/25,Süperlig,0,Antalyaspor,1669,1676.0,3 - 2,Hatayspor,1659,1652.0,3,2,Turkey,domestic league (tier 1)
2024/09/16,Süperlig,0,Antalyaspor,1669,1676.0,2 - 1,Adana Demirspor,1669,1662.0,2,1,Turkey,domestic league (tier 1)
2024/09/29,Süperlig,0,Antalyaspor,1679,1673.0,0 - 2,Fenerbahçe,2034,2040.0,0,2,Turkey,domestic league (tier 1)
2024/10/19,Süperlig,0,Antalyaspor,1665,1658.0,0 - 3,Galatasaray,2012,2019.0,0,3,Turkey,domestic league (tier 1)
2024/11/09,Süperlig,0,Antalyaspor,1664,1667.0,3 - 2,Bodrum FK,1437,1434.0,3,2,Turkey,domestic league (tier 1)
2024/11/29,Süperlig,0,Antalyaspor,1667,1676.0,2 - 1,Sivasspor,1721,1712.0,2,1,Turkey,domestic league (tier 1)
2024/12/15,Süperlig,0,Antalyaspor,1679,1688.0,2 - 0,Kayserispor,1637,1628.0,2,0,Turkey,domestic league (tier 1)
2025/01/04,Süperlig,0,Antalyaspor,1677,1655.0,1 - 4,Eyüpspor,1683,1705.0,1,4,Turkey,domestic league (tier 1)
2025/01/07,Turkey Cup,0,Antalyaspor,1655,1661.0,3 - 1,Kocaelispor,1529,1523.0,3,1,Turkey,domestic cup
2025/01/26,Süperlig,0,Antalyaspor,1647,1650.0,1 - 1,Besiktas,1841,1838.0,1,1,Turkey,domestic league (tier 1)
2025/02/09,Süperlig,0,Antalyaspor,1641,1643.0,0 - 0,Istanbul Basaksehir,1800,1798.0,0,0,Turkey,domestic league (tier 1)
2025/02/22,Süperlig,0,Antalyaspor,1644,1653.0,2 - 1,Kasimpasa SK,1707,1698.0,2,1,Turkey,domestic league (tier 1)
2025/02/25,Turkey Cup,0,Antalyaspor,1653,1646.0,1 - 2,Besiktas,1862,1869.0,1,2,Turkey,domestic cup
2025/03/08,Süperlig,0,Antalyaspor,1644,1652.0,2 - 1,Çaykur Rizespor,1681,1673.0,2,1,Turkey,domestic league (tier 1)
2025/03/28,Süperlig,0,Antalyaspor,1649,1657.0,2 - 1,Alanyaspor,1693,1685.0,2,1,Turkey,domestic league (tier 1)
2025/04/05,Süperlig,0,Antalyaspor,1657,1667.0,2 - 1,Samsunspor,1750,1740.0,2,1,Turkey,domestic league (tier 1)
2025/05/02,Süperlig,0,Antalyaspor,1656,1665.0,1 - 0,Konyaspor,1718,1709.0,1,0,Turkey,domestic league (tier 1)
2025/05/18,Süperlig,0,Antalyaspor,1655,1653.0,0 - 0,Gaziantep FK,1679,1681.0,0,0,Turkey,domestic league (tier 1)
2025/05/30,Süperlig,0,Antalyaspor,1646,1633.0,0 - 2,Trabzonspor,1789,1802.0,0,2,Turkey,domestic league (tier 1)
2025/08/09,Süperlig,0,Antalyaspor,1633,1642.0,2 - 1,Kasimpasa SK,1699,1690.0,2,1,Turkey,domestic league (tier 1)
2025/08/30,Süperlig,0,Antalyaspor,1649,1635.0,1 - 2,Fatih Karagümrük,1603,1617.0,1,2,Turkey,domestic league (tier 1)
2025/09/20,Süperlig,0,Antalyaspor,1651,1649.0,1 - 1,Kayserispor,1681,1683.0,1,1,Turkey,domestic league (tier 1)
2025/10/03,Süperlig,0,Antalyaspor,1647,1625.0,2 - 5,Çaykur Rizespor,1665,1687.0,2,5,Turkey,domestic league (tier 1)
2025/10/26,Süperlig,0,Antalyaspor,1620,1603.0,0 - 4,Istanbul Basaksehir,1753,1770.0,0,4,Turkey,domestic league (tier 1)
2025/10/29,Turkey Cup,0,Antalyaspor,1603,1611.0,3 - 0,Bursaspor,1478,1470.0,3,0,Turkey,domestic cup
2025/11/08,Süperlig,0,Antalyaspor,1624,1612.0,1 - 3,Besiktas,1801,1813.0,1,3,Turkey,domestic league (tier 1)
2025/11/30,Süperlig,0,Antalyaspor,1616,1608.0,1 - 2,Göztepe,1785,1793.0,1,2,Turkey,domestic league (tier 1)
2025/12/13,Süperlig,0,Antalyaspor,1614,1610.0,1 - 4,Galatasaray,2053,2057.0,1,4,Turkey,domestic league (tier 1)
2026/01/14,Turkey Cup,0,Antalyaspor,1596,1584.0,0 - 1,Gençlerbirligi,1624,1636.0,0,1,Turkey,domestic cup
2026/01/25,Süperlig,0,Antalyaspor,1589,1598.0,2 - 1,Gençlerbirligi,1637,1628.0,2,1,Turkey,domestic league (tier 1)
2026/01/30,Süperlig,0,Antalyaspor,1598,1602.0,1 - 1,Trabzonspor,1842,1838.0,1,1,Turkey,domestic league (tier 1)
2026/02/13,Süperlig,0,Antalyaspor,1570,1588.0,3 - 1,Samsunspor,1744,1726.0,3,1,Turkey,domestic league (tier 1)
2026/03/01,Süperlig,0,Antalyaspor,1581,1588.0,2 - 2,Fenerbahçe,2018,2011.0,2,2,Turkey,domestic league (tier 1)
2026/03/05,Turkey Cup,0,Antalyaspor,1588,1575.0,0 - 2,Samsunspor,1736,1749.0,0,2,Turkey,domestic cup
2026/03/13,Süperlig,0,Antalyaspor,1571,1553.0,1 - 4,Gaziantep FK,1668,1686.0,1,4,Turkey,domestic league (tier 1)
2026/04/05,Süperlig,0,Antalyaspor,1561,1576.0,3 - 0,Eyüpspor,1611,1596.0,3,0,Turkey,domestic league (tier 1)
2026/04/17,Süperlig,0,Antalyaspor,1573,1560.0,0 - 2,Konyaspor,1718,1731.0,0,2,Turkey,domestic league (tier 1)
2026/05/03,Süperlig,0,Antalyaspor,1556,1557.0,0 - 0,Alanyaspor,1704,1703.0,0,0,Turkey,domestic league (tier 1)
2026/05/17,Süperlig,0,Antalyaspor,1556,1565.0,1 - 0,Kocaelispor,1611,1602.0,1,0,Turkey,domestic league (tier 1)
2026/08/08,1. Lig,0,Antalyaspor,1565,1571.0,4 - 3,Keçiörengücü,1526,1520.0,4,3,Turkey,domestic league (tier 2)
2026/08/22,1. Lig,0,Antalyaspor,1548,1534.0,2 - 3,Pendikspor,1485,1499.0,2,3,Turkey,domestic league (tier 2)
2026/08/28,1. Lig,0,Antalyaspor,1534,1519.0,1 - 2,Sariyer SK,1464,1479.0,1,2,Turkey,domestic league (tier 2)
2026/09/06,1. Lig,0,Antalyaspor,1533,,Info,Sivasspor,1479,,,,Turkey,domestic league (tier 2)
2017/08/19,1. Lig,0,BB Erzurumspor,1398,1408.0,4 - 3,Balikesirspor,1492,1482.0,4,3,Turkey,domestic league (tier 2)
2017/09/10,1. Lig,0,BB Erzurumspor,1405,1403.0,1 - 1,Samsunspor,1452,1454.0,1,1,Turkey,domestic league (tier 2)
2017/09/24,1. Lig,0,BB Erzurumspor,1411,1393.0,0 - 2,Boluspor,1452,1470.0,0,2,Turkey,domestic league (tier 2)
2017/10/13,1. Lig,0,BB Erzurumspor,1388,1394.0,1 - 0,Istanbulspor AS,1354,1348.0,1,0,Turkey,domestic league (tier 2)
2017/10/29,1. Lig,0,BB Erzurumspor,1388,1403.0,4 - 1,Denizlispor,1429,1414.0,4,1,Turkey,domestic league (tier 2)
2017/11/18,1. Lig,0,BB Erzurumspor,1397,1398.0,0 - 0,Ümraniyespor,1545,1544.0,0,0,Turkey,domestic league (tier 2)
2017/12/04,1. Lig,0,BB Erzurumspor,1394,1393.0,1 - 1,Manisaspor,1444,1445.0,1,1,Turkey,domestic league (tier 2)
2017/12/09,1. Lig,0,BB Erzurumspor,1393,1406.0,2 - 0,Adana Demirspor,1451,1438.0,2,0,Turkey,domestic league (tier 2)
2017/12/24,1. Lig,0,BB Erzurumspor,1419,1429.0,2 - 1,Altinordu FK,1507,1497.0,2,1,Turkey,domestic league (tier 2)
2018/01/21,1. Lig,0,BB Erzurumspor,1429,1428.0,0 - 0,MKE Ankaragücü,1498,1499.0,0,0,Turkey,domestic league (tier 2)
2018/02/03,1. Lig,0,BB Erzurumspor,1421,1424.0,1 - 1,Çaykur Rizespor,1642,1639.0,1,1,Turkey,domestic league (tier 2)
2018/02/17,1. Lig,0,BB Erzurumspor,1417,1427.0,5 - 1,Gaziantepspor,1333,1323.0,5,1,Turkey,domestic league (tier 2)
2018/02/26,1. Lig,0,BB Erzurumspor,1433,1441.0,2 - 1,Adanaspor,1479,1471.0,2,1,Turkey,domestic league (tier 2)
2018/03/07,1. Lig,0,BB Erzurumspor,1444,1453.0,2 - 1,Eskisehirspor,1526,1517.0,2,1,Turkey,domestic league (tier 2)
2018/03/18,1. Lig,0,BB Erzurumspor,1446,1455.0,5 - 4,Giresunspor,1503,1494.0,5,4,Turkey,domestic league (tier 2)
2018/04/07,1. Lig,0,BB Erzurumspor,1450,1460.0,2 - 1,Gaziantep FK (as Gazisehir Gaziantep FK),1561,1551.0,2,1,Turkey,domestic league (tier 2)
2018/04/28,1. Lig,0,BB Erzurumspor,1491,1505.0,4 - 1,Elazigspor,1519,1505.0,4,1,Turkey,domestic league (tier 2)
2018/05/11,1. Lig,0,BB Erzurumspor,1509,1517.0,4 - 3,Ümraniyespor,1533,1525.0,4,3,Turkey,domestic league (tier 2)
2018/08/19,Süperlig,0,BB Erzurumspor,1527,1523.0,1 - 3,Besiktas,1978,1982.0,1,3,Turkey,domestic league (tier 1)
2018/09/02,Süperlig,0,BB Erzurumspor,1529,1525.0,0 - 1,Istanbul Basaksehir (as Istanbul Basaksehir F.K.),1894,1898.0,0,1,Turkey,domestic league (tier 1)
2018/09/21,Süperlig,0,BB Erzurumspor,1531,1519.0,0 - 1,MKE Ankaragücü,1562,1574.0,0,1,Turkey,domestic league (tier 1)
2018/10/06,Süperlig,0,BB Erzurumspor,1524,1535.0,1 - 0,Alanyaspor,1668,1657.0,1,0,Turkey,domestic league (tier 1)
2018/10/27,Süperlig,0,BB Erzurumspor,1543,1546.0,1 - 1,Kasimpasa SK,1732,1729.0,1,1,Turkey,domestic league (tier 1)
2018/11/10,Süperlig,0,BB Erzurumspor,1549,1560.0,2 - 1,Göztepe,1675,1664.0,2,1,Turkey,domestic league (tier 1)
2018/11/24,Süperlig,0,BB Erzurumspor,1560,1571.0,1 - 0,Antalyaspor,1683,1672.0,1,0,Turkey,domestic league (tier 1)
2018/12/09,Süperlig,0,BB Erzurumspor,1566,1552.0,1 - 3,Yeni Malatyaspor,1681,1695.0,1,3,Turkey,domestic league (tier 1)
2018/12/23,Süperlig,0,BB Erzurumspor,1560,1560.0,1 - 1,Kayserispor,1653,1653.0,1,1,Turkey,domestic league (tier 1)
2019/01/19,Süperlig,0,BB Erzurumspor,1560,1551.0,1 - 2,Konyaspor,1704,1713.0,1,2,Turkey,domestic league (tier 1)
2019/02/03,Süperlig,0,BB Erzurumspor,1559,1549.0,0 - 1,Çaykur Rizespor,1648,1658.0,0,1,Turkey,domestic league (tier 1)
2019/02/17,Süperlig,0,BB Erzurumspor,1558,1575.0,4 - 2,Sivasspor,1711,1694.0,4,2,Turkey,domestic league (tier 1)
2019/03/03,Süperlig,0,BB Erzurumspor,1567,1572.0,1 - 1,Galatasaray,1848,1843.0,1,1,Turkey,domestic league (tier 1)
2019/03/16,Süperlig,0,BB Erzurumspor,1567,1559.0,0 - 1,Trabzonspor,1750,1758.0,0,1,Turkey,domestic league (tier 1)
2019/04/15,Süperlig,0,BB Erzurumspor,1554,1565.0,2 - 1,Akhisar Belediyespor,1683,1672.0,2,1,Turkey,domestic league (tier 1)
2019/05/04,Süperlig,0,BB Erzurumspor,1584,1596.0,2 - 0,Bursaspor,1611,1599.0,2,0,Turkey,domestic league (tier 1)
2019/05/20,Süperlig,0,BB Erzurumspor,1588,1581.0,0 - 1,Fenerbahçe,1787,1794.0,0,1,Turkey,domestic league (tier 1)
2019/08/18,1. Lig,0,BB Erzurumspor,1603,1597.0,2 - 2,Istanbulspor AS,1484,1490.0,2,2,Turkey,domestic league (tier 2)
2019/08/31,1. Lig,0,BB Erzurumspor,1586,1591.0,1 - 0,Boluspor,1496,1491.0,1,0,Turkey,domestic league (tier 2)
2019/09/20,1. Lig,0,BB Erzurumspor,1583,1587.0,2 - 1,Adanaspor,1440,1436.0,2,1,Turkey,domestic league (tier 2)
2019/10/06,1. Lig,0,BB Erzurumspor,1581,1587.0,1 - 0,Altinordu FK,1547,1541.0,1,0,Turkey,domestic league (tier 2)
2019/10/27,1. Lig,0,BB Erzurumspor,1583,1597.0,3 - 1,Hatayspor,1662,1648.0,3,1,Turkey,domestic league (tier 2)
2019/11/09,1. Lig,0,BB Erzurumspor,1609,1607.0,0 - 0,Akhisar Belediyespor,1624,1626.0,0,0,Turkey,domestic league (tier 2)
2019/11/30,1. Lig,0,BB Erzurumspor,1614,1623.0,2 - 0,Ankaraspor (as Osmanlispor FK),1571,1562.0,2,0,Turkey,domestic league (tier 2)
2019/12/14,1. Lig,0,BB Erzurumspor,1624,1630.0,2 - 0,Giresunspor,1468,1462.0,2,0,Turkey,domestic league (tier 2)
2019/12/22,1. Lig,0,BB Erzurumspor,1622,1598.0,1 - 3,Altay Izmir,1484,1508.0,1,3,Turkey,domestic league (tier 2)
2020/01/26,1. Lig,0,BB Erzurumspor,1637,1641.0,1 - 0,Balikesirspor,1474,1470.0,1,0,Turkey,domestic league (tier 2)
2020/02/10,1. Lig,0,BB Erzurumspor,1631,1636.0,1 - 0,Keçiörengücü,1541,1536.0,1,0,Turkey,domestic league (tier 2)
2020/02/22,1. Lig,0,BB Erzurumspor,1620,1628.0,2 - 1,Bursaspor,1637,1629.0,2,1,Turkey,domestic league (tier 2)
2020/03/01,1. Lig,0,BB Erzurumspor,1617,1621.0,2 - 0,Menemen Belediyespor,1396,1392.0,2,0,Turkey,domestic league (tier 2)
2020/06/20,1. Lig,0,BB Erzurumspor,1606,1609.0,1 - 0,Eskisehirspor,1399,1396.0,1,0,Turkey,domestic league (tier 2)
2020/07/01,1. Lig,0,BB Erzurumspor,1624,1611.0,1 - 2,Adana Demirspor,1629,1642.0,1,2,Turkey,domestic league (tier 2)
2020/07/18,1. Lig,0,BB Erzurumspor,1636,1643.0,4 - 1,Ümraniyespor,1502,1495.0,4,1,Turkey,domestic league (tier 2)
2020/09/20,Süperlig,0,BB Erzurumspor,1654,1643.0,1 - 2,Sivasspor,1715,1726.0,1,2,Turkey,domestic league (tier 1)
2020/10/03,Süperlig,0,BB Erzurumspor,1661,1657.0,0 - 0,Çaykur Rizespor,1607,1611.0,0,0,Turkey,domestic league (tier 1)
2020/10/24,Süperlig,0,BB Erzurumspor,1657,1649.0,1 - 2,Galatasaray,1819,1827.0,1,2,Turkey,domestic league (tier 1)
2020/11/07,Süperlig,0,BB Erzurumspor,1634,1632.0,1 - 1,Göztepe,1658,1660.0,1,1,Turkey,domestic league (tier 1)
2020/11/29,Süperlig,0,BB Erzurumspor,1633,1631.0,2 - 2,Antalyaspor,1666,1668.0,2,2,Turkey,domestic league (tier 1)
2020/12/13,Süperlig,0,BB Erzurumspor,1612,1598.0,0 - 1,Gençlerbirligi,1577,1591.0,0,1,Turkey,domestic league (tier 1)
2020/12/23,Süperlig,0,BB Erzurumspor,1592,1579.0,1 - 2,Denizlispor,1588,1601.0,1,2,Turkey,domestic league (tier 1)
2021/01/02,Süperlig,0,BB Erzurumspor,1601,1603.0,1 - 1,Gaziantep FK,1766,1764.0,1,1,Turkey,domestic league (tier 1)
2021/01/11,Süperlig,0,BB Erzurumspor,1600,1586.0,0 - 3,Fenerbahçe,1780,1794.0,0,3,Turkey,domestic league (tier 1)
2021/01/21,Süperlig,0,BB Erzurumspor,1595,1597.0,1 - 1,Alanyaspor,1777,1775.0,1,1,Turkey,domestic league (tier 1)
2021/01/31,Süperlig,0,BB Erzurumspor,1597,1603.0,1 - 0,MKE Ankaragücü,1568,1562.0,1,0,Turkey,domestic league (tier 1)
2021/02/07,Süperlig,0,BB Erzurumspor,1608,1605.0,1 - 1,Kayserispor,1608,1611.0,1,1,Turkey,domestic league (tier 1)
2021/02/21,Süperlig,0,BB Erzurumspor,1625,1611.0,1 - 3,Hatayspor,1739,1753.0,1,3,Turkey,domestic league (tier 1)
2021/03/14,Süperlig,0,BB Erzurumspor,1598,1602.0,0 - 0,Trabzonspor,1839,1835.0,0,0,Turkey,domestic league (tier 1)
2021/04/04,Süperlig,0,BB Erzurumspor,1595,1584.0,1 - 2,Konyaspor,1669,1680.0,1,2,Turkey,domestic league (tier 1)
2021/04/11,Süperlig,0,BB Erzurumspor,1586,1578.0,2 - 4,Besiktas,1872,1880.0,2,4,Turkey,domestic league (tier 1)
2021/04/21,Süperlig,0,BB Erzurumspor,1590,1598.0,1 - 0,Yeni Malatyaspor,1623,1615.0,1,0,Turkey,domestic league (tier 1)
2021/04/29,Süperlig,0,BB Erzurumspor,1613,1603.0,1 - 2,Istanbul Basaksehir,1700,1710.0,1,2,Turkey,domestic league (tier 1)
2021/05/08,Süperlig,0,BB Erzurumspor,1599,1587.0,0 - 1,Kasimpasa SK,1632,1644.0,0,1,Turkey,domestic league (tier 1)
2021/08/23,1. Lig,0,BB Erzurumspor,1584,1589.0,2 - 1,Bursaspor,1480,1475.0,2,1,Turkey,domestic league (tier 2)
2021/08/29,1. Lig,0,BB Erzurumspor,1589,1593.0,1 - 0,Bandirmaspor,1455,1451.0,1,0,Turkey,domestic league (tier 2)
2021/09/14,1. Lig,0,BB Erzurumspor,1599,1579.0,0 - 2,Ümraniyespor,1573,1593.0,0,2,Turkey,domestic league (tier 2)
2021/09/25,1. Lig,0,BB Erzurumspor,1589,1593.0,3 - 1,Adanaspor,1358,1354.0,3,1,Turkey,domestic league (tier 2)
2021/10/17,1. Lig,0,BB Erzurumspor,1586,1597.0,6 - 2,Altinordu FK,1522,1511.0,6,2,Turkey,domestic league (tier 2)
2021/10/31,1. Lig,0,BB Erzurumspor,1599,1601.0,2 - 1,Balikesirspor,1349,1347.0,2,1,Turkey,domestic league (tier 2)
2021/11/20,1. Lig,0,BB Erzurumspor,1601,1605.0,3 - 2,Boluspor,1455,1451.0,3,2,Turkey,domestic league (tier 2)
2021/12/04,1. Lig,0,BB Erzurumspor,1605,1614.0,3 - 1,Istanbulspor AS,1545,1536.0,3,1,Turkey,domestic league (tier 2)
2021/12/14,1. Lig,0,BB Erzurumspor,1593,1601.0,2 - 0,Gençlerbirligi,1518,1510.0,2,0,Turkey,domestic league (tier 2)
2021/12/25,1. Lig,0,BB Erzurumspor,1599,1605.0,3 - 1,Denizlispor,1441,1435.0,3,1,Turkey,domestic league (tier 2)
2022/01/09,1. Lig,0,BB Erzurumspor,1605,1598.0,1 - 1,Menemen Belediyespor,1406,1413.0,1,1,Turkey,domestic league (tier 2)
2022/02/06,1. Lig,0,BB Erzurumspor,1587,1590.0,1 - 0,Manisa FK,1363,1360.0,1,0,Turkey,domestic league (tier 2)
2022/02/17,1. Lig,0,BB Erzurumspor,1593,1589.0,1 - 1,Eyüpspor,1534,1538.0,1,1,Turkey,domestic league (tier 2)
2022/02/27,1. Lig,0,BB Erzurumspor,1587,1575.0,0 - 1,MKE Ankaragücü,1620,1632.0,0,1,Turkey,domestic league (tier 2)
2022/03/19,1. Lig,0,BB Erzurumspor,1563,1550.0,1 - 2,Samsunspor,1539,1552.0,1,2,Turkey,domestic league (tier 2)
2022/04/20,1. Lig,0,BB Erzurumspor,1574,1568.0,1 - 1,Tuzlaspor,1455,1461.0,1,1,Turkey,domestic league (tier 2)
2022/05/01,1. Lig,0,BB Erzurumspor,1581,1584.0,1 - 0,Kocaelispor,1390,1387.0,1,0,Turkey,domestic league (tier 2)
2022/05/14,1. Lig,0,BB Erzurumspor,1573,1569.0,2 - 2,Keçiörengücü,1528,1532.0,2,2,Turkey,domestic league (tier 2)
2022/05/25,1. Lig,0,BB Erzurumspor,1551,1533.0,2 - 4,Istanbulspor AS,1576,1594.0,2,4,Turkey,domestic league (tier 2)
2022/08/15,1. Lig,0,BB Erzurumspor,1547,1539.0,0 - 0,Pendikspor,1308,1316.0,0,0,Turkey,domestic league (tier 2)
2022/08/27,1. Lig,0,BB Erzurumspor,1542,1539.0,2 - 2,Samsunspor,1544,1547.0,2,2,Turkey,domestic league (tier 2)
2022/10/03,1. Lig,0,BB Erzurumspor,1513,1519.0,1 - 0,Denizlispor,1468,1462.0,1,0,Turkey,domestic league (tier 2)
2022/10/16,1. Lig,0,BB Erzurumspor,1529,1513.0,1 - 2,Bodrumspor,1374,1390.0,1,2,Turkey,domestic league (tier 2)
2022/10/30,1. Lig,0,BB Erzurumspor,1516,1504.0,0 - 1,Eyüpspor,1537,1549.0,0,1,Turkey,domestic league (tier 2)
2022/11/12,1. Lig,0,BB Erzurumspor,1497,1502.0,3 - 2,Adanaspor,1406,1401.0,3,2,Turkey,domestic league (tier 2)
2022/11/27,1. Lig,0,BB Erzurumspor,1503,1490.0,1 - 2,Bandirmaspor,1503,1516.0,1,2,Turkey,domestic league (tier 2)
2022/12/18,1. Lig,0,BB Erzurumspor,1484,1488.0,2 - 1,Altinordu FK,1354,1350.0,2,1,Turkey,domestic league (tier 2)
2023/01/21,1. Lig,0,BB Erzurumspor,1479,1466.0,0 - 1,Göztepe,1487,1500.0,0,1,Turkey,domestic league (tier 2)
2023/02/04,1. Lig,0,BB Erzurumspor,1462,1447.0,1 - 2,Tuzlaspor,1389,1404.0,1,2,Turkey,domestic league (tier 2)
2023/03/08,1. Lig,0,BB Erzurumspor,1447,1437.0,0 - 1,Keçiörengücü,1542,1552.0,0,1,Turkey,domestic league (tier 2)
2023/03/30,1. Lig,0,BB Erzurumspor,1457,1437.0,2 - 4,Altay Izmir,1447,1467.0,2,4,Turkey,domestic league (tier 2)
2023/04/09,1. Lig,0,BB Erzurumspor,1442,1444.0,1 - 1,Çaykur Rizespor,1630,1628.0,1,1,Turkey,domestic league (tier 2)
2023/04/16,1. Lig,0,BB Erzurumspor,1444,1425.0,1 - 3,Manisa FK,1442,1461.0,1,3,Turkey,domestic league (tier 2)
2023/05/02,1. Lig,0,BB Erzurumspor,1446,1433.0,0 - 1,Sakaryaspor,1445,1458.0,0,1,Turkey,domestic league (tier 2)
2023/05/07,1. Lig,0,BB Erzurumspor,1433,1419.0,0 - 1,Gençlerbirligi,1403,1417.0,0,1,Turkey,domestic league (tier 2)
2023/05/21,1. Lig,0,BB Erzurumspor,1430,1441.0,2 - 0,Boluspor,1444,1433.0,2,0,Turkey,domestic league (tier 2)
2016/08/22,1. Lig,0,Balikesirspor,1547,1536.0,1 - 2,Eskisehirspor,1609,1620.0,1,2,Turkey,domestic league (tier 2)
2016/09/11,1. Lig,0,Balikesirspor,1528,1533.0,2 - 1,Göztepe,1423,1418.0,2,1,Turkey,domestic league (tier 2)
2016/09/25,1. Lig,0,Balikesirspor,1531,1542.0,4 - 2,Adana Demirspor,1535,1524.0,4,2,Turkey,domestic league (tier 2)
2016/10/15,1. Lig,0,Balikesirspor,1532,1531.0,1 - 1,Sivasspor,1607,1608.0,1,1,Turkey,domestic league (tier 2)
2016/10/30,1. Lig,0,Balikesirspor,1551,1562.0,5 - 0,Samsunspor,1483,1472.0,5,0,Turkey,domestic league (tier 2)
2016/11/19,1. Lig,0,Balikesirspor,1561,1556.0,0 - 0,Gaziantep FK (as Gazisehir Gaziantep FK),1486,1491.0,0,0,Turkey,domestic league (tier 2)
2016/12/10,1. Lig,0,Balikesirspor,1559,1553.0,1 - 1,Sanliurfaspor,1428,1434.0,1,1,Turkey,domestic league (tier 2)
2016/12/24,1. Lig,0,Balikesirspor,1552,1563.0,4 - 1,Elazigspor,1508,1497.0,4,1,Turkey,domestic league (tier 2)
2017/01/27,1. Lig,0,Balikesirspor,1557,1543.0,0 - 1,Giresunspor,1517,1531.0,0,1,Turkey,domestic league (tier 2)
2017/02/19,1. Lig,0,Balikesirspor,1544,1550.0,5 - 0,Bandirmaspor,1358,1352.0,5,0,Turkey,domestic league (tier 2)
2017/03/05,1. Lig,0,Balikesirspor,1562,1558.0,2 - 2,Yeni Malatyaspor,1508,1512.0,2,2,Turkey,domestic league (tier 2)
2017/03/18,1. Lig,0,Balikesirspor,1563,1557.0,3 - 3,Mersin Idmanyurdu,1424,1430.0,3,3,Turkey,domestic league (tier 2)
2017/04/09,1. Lig,0,Balikesirspor,1534,1519.0,1 - 2,Denizlispor,1455,1470.0,1,2,Turkey,domestic league (tier 2)
2017/04/24,1. Lig,0,Balikesirspor,1518,1515.0,1 - 1,Altinordu FK,1496,1499.0,1,1,Turkey,domestic league (tier 2)
2017/04/30,1. Lig,0,Balikesirspor,1515,1501.0,1 - 2,Boluspor,1471,1485.0,1,2,Turkey,domestic league (tier 2)
2017/05/08,1. Lig,0,Balikesirspor,1512,1497.0,1 - 2,Manisaspor,1440,1455.0,1,2,Turkey,domestic league (tier 2)
2017/05/20,1. Lig,0,Balikesirspor,1485,1496.0,3 - 1,Ümraniyespor,1490,1479.0,3,1,Turkey,domestic league (tier 2)
2017/08/13,1. Lig,0,Balikesirspor,1496,1492.0,2 - 2,Adana Demirspor,1460,1464.0,2,2,Turkey,domestic league (tier 2)
2017/08/25,1. Lig,0,Balikesirspor,1482,1491.0,2 - 1,Altinordu FK,1560,1551.0,2,1,Turkey,domestic league (tier 2)
2017/09/25,1. Lig,0,Balikesirspor,1505,1506.0,1 - 1,Çaykur Rizespor,1655,1654.0,1,1,Turkey,domestic league (tier 2)
2017/10/14,1. Lig,0,Balikesirspor,1497,1507.0,2 - 0,Gaziantepspor,1465,1455.0,2,0,Turkey,domestic league (tier 2)
2017/10/28,1. Lig,0,Balikesirspor,1524,1536.0,4 - 1,Adanaspor,1518,1506.0,4,1,Turkey,domestic league (tier 2)
2017/11/19,1. Lig,0,Balikesirspor,1515,1502.0,2 - 3,Eskisehirspor,1515,1528.0,2,3,Turkey,domestic league (tier 2)
2017/12/03,1. Lig,0,Balikesirspor,1518,1516.0,0 - 0,Giresunspor,1551,1553.0,0,0,Turkey,domestic league (tier 2)
2017/12/15,1. Lig,0,Balikesirspor,1520,1526.0,1 - 0,Gaziantep FK (as Gazisehir Gaziantep FK),1470,1464.0,1,0,Turkey,domestic league (tier 2)
2018/01/26,1. Lig,0,Balikesirspor,1528,1535.0,2 - 0,BB Erzurumspor,1428,1421.0,2,0,Turkey,domestic league (tier 2)
2018/02/11,1. Lig,0,Balikesirspor,1528,1507.0,1 - 3,MKE Ankaragücü,1478,1499.0,1,3,Turkey,domestic league (tier 2)
2018/02/17,1. Lig,0,Balikesirspor,1507,1505.0,1 - 1,Elazigspor,1519,1521.0,1,1,Turkey,domestic league (tier 2)
2018/02/24,1. Lig,0,Balikesirspor,1497,1506.0,2 - 0,Samsunspor,1449,1440.0,2,0,Turkey,domestic league (tier 2)
2018/03/07,1. Lig,0,Balikesirspor,1517,1500.0,0 - 2,Boluspor,1581,1598.0,0,2,Turkey,domestic league (tier 2)
2018/03/18,1. Lig,0,Balikesirspor,1511,1496.0,0 - 1,Istanbulspor AS,1415,1430.0,0,1,Turkey,domestic league (tier 2)
2018/04/09,1. Lig,0,Balikesirspor,1515,1521.0,2 - 1,Denizlispor,1458,1452.0,2,1,Turkey,domestic league (tier 2)
2018/04/22,1. Lig,0,Balikesirspor,1513,1511.0,1 - 1,Ümraniyespor,1541,1543.0,1,1,Turkey,domestic league (tier 2)
2018/05/04,1. Lig,0,Balikesirspor,1525,1530.0,4 - 1,Manisaspor,1309,1304.0,4,1,Turkey,domestic league (tier 2)
2018/08/12,1. Lig,0,Balikesirspor,1530,1528.0,0 - 0,Altinordu FK,1547,1549.0,0,0,Turkey,domestic league (tier 2)
2018/08/26,1. Lig,0,Balikesirspor,1530,1513.0,0 - 3,Ankaraspor (as Osmanlispor FK),1639,1656.0,0,3,Turkey,domestic league (tier 2)
2018/09/30,1. Lig,0,Balikesirspor,1523,1528.0,2 - 1,Altay Izmir,1429,1424.0,2,1,Turkey,domestic league (tier 2)
2018/10/20,1. Lig,0,Balikesirspor,1518,1508.0,0 - 1,Boluspor,1619,1629.0,0,1,Turkey,domestic league (tier 2)
2018/11/10,1. Lig,0,Balikesirspor,1494,1513.0,3 - 1,Gençlerbirligi,1695,1676.0,3,1,Turkey,domestic league (tier 2)
2018/11/28,1. Lig,0,Balikesirspor,1520,1508.0,0 - 1,Ümraniyespor,1538,1550.0,0,1,Turkey,domestic league (tier 2)
2018/12/01,1. Lig,0,Balikesirspor,1508,1506.0,0 - 0,Denizlispor,1540,1542.0,0,0,Turkey,domestic league (tier 2)
2018/12/15,1. Lig,0,Balikesirspor,1552,1558.0,2 - 1,Adana Demirspor,1485,1479.0,2,1,Turkey,domestic league (tier 2)
2019/01/27,1. Lig,0,Balikesirspor,1522,1530.0,3 - 1,Eskisehirspor,1433,1425.0,3,1,Turkey,domestic league (tier 2)
2019/02/10,1. Lig,0,Balikesirspor,1526,1533.0,3 - 1,Elazigspor,1435,1428.0,3,1,Turkey,domestic league (tier 2)
2019/02/22,1. Lig,0,Balikesirspor,1524,1527.0,2 - 1,Afjet Afyonspor,1328,1325.0,2,1,Turkey,domestic league (tier 2)
2019/03/10,1. Lig,0,Balikesirspor,1518,1524.0,1 - 0,Adanaspor,1455,1449.0,1,0,Turkey,domestic league (tier 2)
2019/04/03,1. Lig,0,Balikesirspor,1516,1511.0,1 - 1,Giresunspor,1437,1442.0,1,1,Turkey,domestic league (tier 2)
2019/04/06,1. Lig,0,Balikesirspor,1511,1484.0,1 - 5,Istanbulspor AS,1445,1472.0,1,5,Turkey,domestic league (tier 2)
2019/04/22,1. Lig,0,Balikesirspor,1480,1485.0,7 - 1,Karabükspor,1218,1213.0,7,1,Turkey,domestic league (tier 2)
2019/05/05,1. Lig,0,Balikesirspor,1491,1481.0,1 - 2,Gaziantep FK (as Gazisehir Gaziantep FK),1586,1596.0,1,2,Turkey,domestic league (tier 2)
2019/05/17,1. Lig,0,Balikesirspor,1472,1458.0,0 - 3,Hatayspor,1634,1648.0,0,3,Turkey,domestic league (tier 2)
2019/08/24,1. Lig,0,Balikesirspor,1451,1462.0,2 - 1,BB Erzurumspor,1597,1586.0,2,1,Turkey,domestic league (tier 2)
2019/09/13,1. Lig,0,Balikesirspor,1455,1471.0,2 - 0,Ümraniyespor,1571,1555.0,2,0,Turkey,domestic league (tier 2)
2019/09/29,1. Lig,0,Balikesirspor,1474,1483.0,2 - 0,Giresunspor,1415,1406.0,2,0,Turkey,domestic league (tier 2)
2019/10/05,1. Lig,0,Balikesirspor,1483,1490.0,3 - 2,Boluspor,1463,1456.0,3,2,Turkey,domestic league (tier 2)
2019/10/26,1. Lig,0,Balikesirspor,1485,1495.0,3 - 0,Adanaspor,1437,1427.0,3,0,Turkey,domestic league (tier 2)
2019/11/10,1. Lig,0,Balikesirspor,1501,1498.0,0 - 0,Altinordu FK,1502,1505.0,0,0,Turkey,domestic league (tier 2)
2019/12/02,1. Lig,0,Balikesirspor,1488,1480.0,0 - 1,Hatayspor,1655,1663.0,0,1,Turkey,domestic league (tier 2)
2019/12/15,1. Lig,0,Balikesirspor,1484,1485.0,0 - 0,Akhisar Belediyespor,1635,1634.0,0,0,Turkey,domestic league (tier 2)
2019/12/28,1. Lig,0,Balikesirspor,1496,1495.0,1 - 1,Ankaraspor (as Osmanlispor FK),1545,1546.0,1,1,Turkey,domestic league (tier 2)
2020/01/20,1. Lig,0,Balikesirspor,1495,1474.0,1 - 6,Adana Demirspor,1573,1594.0,1,6,Turkey,domestic league (tier 2)
2020/02/02,1. Lig,0,Balikesirspor,1470,1468.0,0 - 0,Altay Izmir,1504,1506.0,0,0,Turkey,domestic league (tier 2)
2020/02/16,1. Lig,0,Balikesirspor,1493,1466.0,0 - 5,Istanbulspor AS,1474,1501.0,0,5,Turkey,domestic league (tier 2)
2020/03/02,1. Lig,0,Balikesirspor,1491,1489.0,2 - 2,Keçiörengücü,1529,1531.0,2,2,Turkey,domestic league (tier 2)
2020/03/10,1. Lig,0,Balikesirspor,1489,1475.0,1 - 3,Bursaspor,1617,1631.0,1,3,Turkey,domestic league (tier 2)
2020/06/20,1. Lig,0,Balikesirspor,1479,1464.0,0 - 1,Menemen Belediyespor,1399,1414.0,0,1,Turkey,domestic league (tier 2)
2020/07/02,1. Lig,0,Balikesirspor,1459,1439.0,0 - 5,Fatih Karagümrük SK,1562,1582.0,0,5,Turkey,domestic league (tier 2)
2020/07/11,1. Lig,0,Balikesirspor,1434,1442.0,2 - 0,Eskisehirspor,1372,1364.0,2,0,Turkey,domestic league (tier 2)
2020/09/14,1. Lig,0,Balikesirspor,1436,1448.0,3 - 1,Giresunspor,1463,1451.0,3,1,Turkey,domestic league (tier 2)
2020/10/04,1. Lig,0,Balikesirspor,1433,1439.0,2 - 1,Menemen Belediyespor,1389,1383.0,2,1,Turkey,domestic league (tier 2)
2020/10/21,1. Lig,0,Balikesirspor,1433,1430.0,0 - 0,Boluspor,1436,1439.0,0,0,Turkey,domestic league (tier 2)
2020/10/30,1. Lig,0,Balikesirspor,1443,1418.0,0 - 3,Adanaspor,1377,1402.0,0,3,Turkey,domestic league (tier 2)
2020/11/23,1. Lig,0,Balikesirspor,1442,1440.0,1 - 1,Ümraniyespor,1460,1462.0,1,1,Turkey,domestic league (tier 2)
2020/12/12,1. Lig,0,Balikesirspor,1432,1426.0,2 - 2,Eskisehirspor,1292,1298.0,2,2,Turkey,domestic league (tier 2)
2020/12/15,1. Lig,0,Balikesirspor,1426,1408.0,1 - 3,Samsunspor,1464,1482.0,1,3,Turkey,domestic league (tier 2)
2020/12/26,1. Lig,0,Balikesirspor,1404,1398.0,0 - 1,Adana Demirspor,1661,1667.0,0,1,Turkey,domestic league (tier 2)
2021/01/30,1. Lig,0,Balikesirspor,1392,1375.0,0 - 2,Tuzlaspor,1444,1461.0,0,2,Turkey,domestic league (tier 2)
2021/02/07,1. Lig,0,Balikesirspor,1375,1394.0,3 - 0,Akhisar Belediyespor,1510,1491.0,3,0,Turkey,domestic league (tier 2)
2021/02/21,1. Lig,0,Balikesirspor,1397,1417.0,3 - 0,Bursaspor,1556,1536.0,3,0,Turkey,domestic league (tier 2)
2021/03/01,1. Lig,0,Balikesirspor,1421,1417.0,2 - 2,Ankaraspor,1368,1372.0,2,2,Turkey,domestic league (tier 2)
2021/03/14,1. Lig,0,Balikesirspor,1418,1402.0,0 - 3,Altay Izmir,1554,1570.0,0,3,Turkey,domestic league (tier 2)
2021/04/04,1. Lig,0,Balikesirspor,1417,1426.0,2 - 1,Bandirmaspor,1467,1458.0,2,1,Turkey,domestic league (tier 2)
2021/04/14,1. Lig,0,Balikesirspor,1422,1413.0,1 - 2,Istanbulspor AS,1554,1563.0,1,2,Turkey,domestic league (tier 2)
2021/04/25,1. Lig,0,Balikesirspor,1427,1418.0,1 - 2,Keçiörengücü,1547,1556.0,1,2,Turkey,domestic league (tier 2)
2021/05/09,1. Lig,0,Balikesirspor,1414,1395.0,0 - 5,Altinordu FK,1536,1555.0,0,5,Turkey,domestic league (tier 2)
2021/08/14,1. Lig,0,Balikesirspor,1395,1404.0,1 - 0,Boluspor,1460,1451.0,1,0,Turkey,domestic league (tier 2)
2021/09/13,1. Lig,0,Balikesirspor,1399,1388.0,0 - 1,Tuzlaspor,1453,1464.0,0,1,Turkey,domestic league (tier 2)
2021/09/20,1. Lig,0,Balikesirspor,1375,1387.0,2 - 1,Keçiörengücü,1536,1524.0,2,1,Turkey,domestic league (tier 2)
2021/10/02,1. Lig,0,Balikesirspor,1383,1369.0,0 - 2,Gençlerbirligi,1511,1525.0,0,2,Turkey,domestic league (tier 2)
2021/10/24,1. Lig,0,Balikesirspor,1364,1349.0,0 - 2,Bursaspor,1465,1480.0,0,2,Turkey,domestic league (tier 2)
2021/11/07,1. Lig,0,Balikesirspor,1347,1335.0,1 - 2,Adanaspor,1363,1375.0,1,2,Turkey,domestic league (tier 2)
2021/11/26,1. Lig,0,Balikesirspor,1329,1326.0,0 - 0,Manisa FK,1304,1307.0,0,0,Turkey,domestic league (tier 2)
2021/12/11,1. Lig,0,Balikesirspor,1323,1317.0,1 - 2,Ümraniyespor,1570,1576.0,1,2,Turkey,domestic league (tier 2)
2021/12/18,1. Lig,0,Balikesirspor,1311,1302.0,3 - 4,Altinordu FK,1461,1470.0,3,4,Turkey,domestic league (tier 2)
2022/01/16,1. Lig,0,Balikesirspor,1305,1296.0,0 - 2,Samsunspor,1555,1564.0,0,2,Turkey,domestic league (tier 2)
2022/02/12,1. Lig,0,Balikesirspor,1320,1308.0,1 - 2,Kocaelispor,1354,1366.0,1,2,Turkey,domestic league (tier 2)
2022/02/20,1. Lig,0,Balikesirspor,1304,1296.0,1 - 3,Istanbulspor AS,1575,1583.0,1,3,Turkey,domestic league (tier 2)
2022/03/07,1. Lig,0,Balikesirspor,1290,1282.0,0 - 1,Denizlispor,1450,1458.0,0,1,Turkey,domestic league (tier 2)
2022/04/03,1. Lig,0,Balikesirspor,1278,1268.0,1 - 5,BB Erzurumspor,1550,1560.0,1,5,Turkey,domestic league (tier 2)
2022/04/16,1. Lig,0,Balikesirspor,1262,1264.0,1 - 1,Menemen Belediyespor,1432,1430.0,1,1,Turkey,domestic league (tier 2)
2022/04/24,1. Lig,0,Balikesirspor,1257,1251.0,0 - 2,MKE Ankaragücü,1608,1614.0,0,2,Turkey,domestic league (tier 2)
2022/05/08,1. Lig,0,Balikesirspor,1248,1237.0,1 - 5,Bandirmaspor,1508,1519.0,1,5,Turkey,domestic league (tier 2)
2022/05/20,1. Lig,0,Balikesirspor,1234,1224.0,0 - 3,Eyüpspor,1495,1505.0,0,3,Turkey,domestic league (tier 2)
2016/08/26,1. Lig,0,Bandirmaspor,1356,1347.0,1 - 2,Gaziantep FK (as Gazisehir Gaziantep FK),1486,1495.0,1,2,Turkey,domestic league (tier 2)
2016/09/18,1. Lig,0,Bandirmaspor,1353,1355.0,0 - 0,Balikesirspor,1533,1531.0,0,0,Turkey,domestic league (tier 2)
2016/10/01,1. Lig,0,Bandirmaspor,1350,1367.0,4 - 0,Manisaspor,1414,1397.0,4,0,Turkey,domestic league (tier 2)
2016/10/22,1. Lig,0,Bandirmaspor,1361,1341.0,0 - 2,Ümraniyespor,1343,1363.0,0,2,Turkey,domestic league (tier 2)
2016/11/06,1. Lig,0,Bandirmaspor,1337,1339.0,0 - 0,Giresunspor,1496,1494.0,0,0,Turkey,domestic league (tier 2)
2016/11/26,1. Lig,0,Bandirmaspor,1345,1357.0,1 - 0,Boluspor,1512,1500.0,1,0,Turkey,domestic league (tier 2)
2016/12/03,1. Lig,0,Bandirmaspor,1357,1359.0,2 - 2,Adana Demirspor,1531,1529.0,2,2,Turkey,domestic league (tier 2)
2016/12/17,1. Lig,0,Bandirmaspor,1375,1368.0,0 - 1,Sivasspor,1601,1608.0,0,1,Turkey,domestic league (tier 2)
2017/01/15,1. Lig,0,Bandirmaspor,1361,1375.0,2 - 0,Samsunspor,1437,1423.0,2,0,Turkey,domestic league (tier 2)
2017/01/22,1. Lig,0,Bandirmaspor,1375,1376.0,0 - 0,Denizlispor,1497,1496.0,0,0,Turkey,domestic league (tier 2)
2017/02/12,1. Lig,0,Bandirmaspor,1368,1358.0,2 - 3,Altinordu FK,1476,1486.0,2,3,Turkey,domestic league (tier 2)
2017/02/25,1. Lig,0,Bandirmaspor,1352,1372.0,4 - 0,Sanliurfaspor,1481,1461.0,4,0,Turkey,domestic league (tier 2)
2017/03/12,1. Lig,0,Bandirmaspor,1362,1353.0,1 - 2,Elazigspor,1494,1503.0,1,2,Turkey,domestic league (tier 2)
2017/04/01,1. Lig,0,Bandirmaspor,1359,1353.0,0 - 1,Eskisehirspor,1598,1604.0,0,1,Turkey,domestic league (tier 2)
2017/04/18,1. Lig,0,Bandirmaspor,1349,1365.0,3 - 1,Göztepe,1462,1446.0,3,1,Turkey,domestic league (tier 2)
2017/05/03,1. Lig,0,Bandirmaspor,1384,1407.0,5 - 0,Yeni Malatyaspor,1530,1507.0,5,0,Turkey,domestic league (tier 2)
2017/05/14,1. Lig,0,Bandirmaspor,1402,1414.0,3 - 0,Mersin Idmanyurdu,1385,1373.0,3,0,Turkey,domestic league (tier 2)
2020/09/19,1. Lig,0,Bandirmaspor,1406,1418.0,1 - 0,Akhisar Belediyespor,1585,1573.0,1,0,Turkey,domestic league (tier 2)
2020/09/27,1. Lig,0,Bandirmaspor,1418,1416.0,2 - 2,Samsunspor,1440,1442.0,2,2,Turkey,domestic league (tier 2)
2020/10/17,1. Lig,0,Bandirmaspor,1411,1406.0,1 - 1,Eskisehirspor,1335,1340.0,1,1,Turkey,domestic league (tier 2)
2020/10/25,1. Lig,0,Bandirmaspor,1402,1392.0,0 - 3,Adana Demirspor,1671,1681.0,0,3,Turkey,domestic league (tier 2)
2020/11/07,1. Lig,0,Bandirmaspor,1392,1381.0,0 - 1,Giresunspor,1464,1475.0,0,1,Turkey,domestic league (tier 2)
2020/11/29,1. Lig,0,Bandirmaspor,1407,1415.0,1 - 0,Balikesirspor,1440,1432.0,1,0,Turkey,domestic league (tier 2)
2020/12/08,1. Lig,0,Bandirmaspor,1418,1409.0,1 - 2,Bursaspor,1536,1545.0,1,2,Turkey,domestic league (tier 2)
2020/12/19,1. Lig,0,Bandirmaspor,1424,1431.0,2 - 1,Ankaraspor,1426,1419.0,2,1,Turkey,domestic league (tier 2)
2021/01/03,1. Lig,0,Bandirmaspor,1442,1459.0,2 - 0,Altay Izmir,1593,1576.0,2,0,Turkey,domestic league (tier 2)
2021/01/23,1. Lig,0,Bandirmaspor,1459,1466.0,1 - 0,Ümraniyespor,1454,1447.0,1,0,Turkey,domestic league (tier 2)
2021/02/13,1. Lig,0,Bandirmaspor,1451,1462.0,2 - 1,Istanbulspor AS,1575,1564.0,2,1,Turkey,domestic league (tier 2)
2021/02/23,1. Lig,0,Bandirmaspor,1449,1449.0,1 - 1,Keçiörengücü,1556,1556.0,1,1,Turkey,domestic league (tier 2)
2021/03/06,1. Lig,0,Bandirmaspor,1444,1444.0,2 - 2,Altinordu FK,1539,1539.0,2,2,Turkey,domestic league (tier 2)
2021/03/21,1. Lig,0,Bandirmaspor,1460,1467.0,3 - 2,Tuzlaspor,1444,1437.0,3,2,Turkey,domestic league (tier 2)
2021/04/10,1. Lig,0,Bandirmaspor,1458,1454.0,2 - 2,Menemen Belediyespor,1414,1418.0,2,2,Turkey,domestic league (tier 2)
2021/04/19,1. Lig,0,Bandirmaspor,1448,1435.0,2 - 3,Boluspor,1452,1465.0,2,3,Turkey,domestic league (tier 2)
2021/05/01,1. Lig,0,Bandirmaspor,1426,1431.0,3 - 2,Adanaspor,1355,1350.0,3,2,Turkey,domestic league (tier 2)
2021/08/22,1. Lig,0,Bandirmaspor,1449,1455.0,1 - 0,Menemen Belediyespor,1418,1412.0,1,0,Turkey,domestic league (tier 2)
2021/09/14,1. Lig,0,Bandirmaspor,1444,1432.0,1 - 2,Eyüpspor,1483,1495.0,1,2,Turkey,domestic league (tier 2)
2021/09/26,1. Lig,0,Bandirmaspor,1447,1456.0,2 - 1,Altinordu FK,1527,1518.0,2,1,Turkey,domestic league (tier 2)
2021/10/16,1. Lig,0,Bandirmaspor,1475,1466.0,1 - 2,MKE Ankaragücü,1616,1625.0,1,2,Turkey,domestic league (tier 2)
2021/10/30,1. Lig,0,Bandirmaspor,1488,1502.0,2 - 0,Samsunspor,1554,1540.0,2,0,Turkey,domestic league (tier 2)
2021/11/21,1. Lig,0,Bandirmaspor,1504,1508.0,1 - 0,Kocaelispor,1389,1385.0,1,0,Turkey,domestic league (tier 2)
2021/11/30,Turkey Cup,0,Bandirmaspor,1508,1519.0,5 - 0,Sanliurfaspor,1450,1439.0,5,0,Turkey,domestic cup
2021/12/04,1. Lig,0,Bandirmaspor,1519,1506.0,1 - 2,Gençlerbirligi,1499,1512.0,1,2,Turkey,domestic league (tier 2)
2021/12/15,1. Lig,0,Bandirmaspor,1499,1505.0,3 - 0,Balikesirspor,1317,1311.0,3,0,Turkey,domestic league (tier 2)
2021/12/25,1. Lig,0,Bandirmaspor,1517,1515.0,0 - 0,Istanbulspor AS,1539,1541.0,0,0,Turkey,domestic league (tier 2)
2022/01/08,1. Lig,0,Bandirmaspor,1529,1514.0,3 - 4,Denizlispor,1444,1459.0,3,4,Turkey,domestic league (tier 2)
2022/01/23,1. Lig,0,Bandirmaspor,1514,1524.0,2 - 1,BB Erzurumspor,1597,1587.0,2,1,Turkey,domestic league (tier 2)
2022/02/06,1. Lig,0,Bandirmaspor,1524,1538.0,2 - 0,Ümraniyespor,1593,1579.0,2,0,Turkey,domestic league (tier 2)
2022/02/09,Turkey Cup,0,Bandirmaspor,1538,1528.0,2 - 4,Sivasspor,1755,1765.0,2,4,Turkey,domestic cup
2022/02/17,1. Lig,0,Bandirmaspor,1517,1511.0,0 - 0,Manisa FK,1359,1365.0,0,0,Turkey,domestic league (tier 2)
2022/02/27,1. Lig,0,Bandirmaspor,1526,1531.0,1 - 0,Adanaspor,1416,1411.0,1,0,Turkey,domestic league (tier 2)
2022/03/20,1. Lig,0,Bandirmaspor,1526,1533.0,3 - 1,Tuzlaspor,1424,1417.0,3,1,Turkey,domestic league (tier 2)
2022/04/09,1. Lig,0,Bandirmaspor,1546,1554.0,3 - 0,Boluspor,1447,1439.0,3,0,Turkey,domestic league (tier 2)
2022/05/01,1. Lig,0,Bandirmaspor,1528,1508.0,0 - 2,Keçiörengücü,1504,1524.0,0,2,Turkey,domestic league (tier 2)
2022/05/14,1. Lig,0,Bandirmaspor,1519,1528.0,4 - 2,Bursaspor,1473,1464.0,4,2,Turkey,domestic league (tier 2)
2022/05/29,1. Lig,0,Bandirmaspor,1524,1536.0,3 - 0,Eyüpspor,1513,1501.0,3,0,Turkey,domestic league (tier 2)
2022/06/02,1. Lig,0,Bandirmaspor,1536,1527.0,1 - 2,Istanbulspor AS,1580,1589.0,1,2,Turkey,domestic league (tier 2)
2022/08/28,1. Lig,0,Bandirmaspor,1543,1550.0,2 - 1,Göztepe,1526,1519.0,2,1,Turkey,domestic league (tier 2)
2022/09/10,1. Lig,0,Bandirmaspor,1561,1557.0,2 - 2,Keçiörengücü,1525,1529.0,2,2,Turkey,domestic league (tier 2)
2022/10/02,1. Lig,0,Bandirmaspor,1542,1539.0,0 - 0,Samsunspor,1539,1542.0,0,0,Turkey,domestic league (tier 2)
2022/10/16,1. Lig,0,Bandirmaspor,1538,1515.0,0 - 2,Yeni Malatyaspor,1416,1439.0,0,2,Turkey,domestic league (tier 2)
2022/10/29,1. Lig,0,Bandirmaspor,1514,1513.0,1 - 1,Çaykur Rizespor,1596,1597.0,1,1,Turkey,domestic league (tier 2)
2022/11/13,1. Lig,0,Bandirmaspor,1516,1521.0,2 - 1,Manisa FK,1443,1438.0,2,1,Turkey,domestic league (tier 2)
2022/12/03,1. Lig,0,Bandirmaspor,1516,1520.0,1 - 0,Altinordu FK,1376,1372.0,1,0,Turkey,domestic league (tier 2)
2022/12/18,1. Lig,0,Bandirmaspor,1522,1527.0,1 - 0,Pendikspor,1443,1438.0,1,0,Turkey,domestic league (tier 2)
2023/01/21,1. Lig,0,Bandirmaspor,1541,1548.0,4 - 1,Tuzlaspor,1409,1402.0,4,1,Turkey,domestic league (tier 2)
2023/02/04,1. Lig,0,Bandirmaspor,1535,1507.0,1 - 4,Denizlispor,1402,1430.0,1,4,Turkey,domestic league (tier 2)
2023/03/09,1. Lig,0,Bandirmaspor,1497,1485.0,0 - 1,Eyüpspor,1540,1552.0,0,1,Turkey,domestic league (tier 2)
2023/03/29,1. Lig,0,Bandirmaspor,1477,1451.0,0 - 4,Bodrumspor,1437,1463.0,0,4,Turkey,domestic league (tier 2)
2023/04/09,1. Lig,0,Bandirmaspor,1458,1466.0,2 - 1,Altay Izmir,1477,1469.0,2,1,Turkey,domestic league (tier 2)
2023/04/17,1. Lig,0,Bandirmaspor,1478,1485.0,3 - 2,Sakaryaspor,1455,1448.0,3,2,Turkey,domestic league (tier 2)
2023/04/24,1. Lig,0,Bandirmaspor,1485,1464.0,2 - 4,BB Erzurumspor,1425,1446.0,2,4,Turkey,domestic league (tier 2)
2023/05/07,1. Lig,0,Bandirmaspor,1464,1471.0,2 - 1,Boluspor,1438,1431.0,2,1,Turkey,domestic league (tier 2)
2023/05/21,1. Lig,0,Bandirmaspor,1464,1460.0,1 - 1,Gençlerbirligi,1426,1430.0,1,1,Turkey,domestic league (tier 2)
2023/08/20,1. Lig,0,Bandirmaspor,1462,1458.0,0 - 0,Boluspor,1413,1417.0,0,0,Turkey,domestic league (tier 2)
2023/09/02,1. Lig,0,Bandirmaspor,1474,1484.0,3 - 1,Sakaryaspor,1458,1448.0,3,1,Turkey,domestic league (tier 2)
2023/09/24,1. Lig,0,Bandirmaspor,1488,1499.0,4 - 1,Gençlerbirligi,1448,1437.0,4,1,Turkey,domestic league (tier 2)
2023/10/07,1. Lig,0,Bandirmaspor,1512,1506.0,0 - 0,Çorum FK,1394,1400.0,0,0,Turkey,domestic league (tier 2)
2023/11/05,1. Lig,0,Bandirmaspor,1515,1522.0,2 - 0,Altay Izmir,1397,1390.0,2,0,Turkey,domestic league (tier 2)
2023/11/25,1. Lig,0,Bandirmaspor,1539,1523.0,0 - 1,Sanliurfaspor,1418,1434.0,0,1,Turkey,domestic league (tier 2)
2023/12/09,1. Lig,0,Bandirmaspor,1521,1496.0,0 - 3,Kocaelispor,1470,1495.0,0,3,Turkey,domestic league (tier 2)
2023/12/24,1. Lig,0,Bandirmaspor,1513,1497.0,2 - 3,Adanaspor,1362,1378.0,2,3,Turkey,domestic league (tier 2)
2024/01/13,1. Lig,0,Bandirmaspor,1497,1493.0,0 - 0,Erzurumspor FK,1432,1436.0,0,0,Turkey,domestic league (tier 2)
2024/01/28,1. Lig,0,Bandirmaspor,1500,1511.0,6 - 0,Giresunspor,1416,1405.0,6,0,Turkey,domestic league (tier 2)
2024/02/11,1. Lig,0,Bandirmaspor,1503,1488.0,0 - 2,Göztepe,1599,1614.0,0,2,Turkey,domestic league (tier 2)
2024/02/24,1. Lig,0,Bandirmaspor,1500,1512.0,4 - 1,Ümraniyespor,1493,1481.0,4,1,Turkey,domestic league (tier 2)
2024/03/09,1. Lig,0,Bandirmaspor,1513,1511.0,0 - 0,Bodrumspor,1543,1545.0,0,0,Turkey,domestic league (tier 2)
2024/03/16,1. Lig,0,Bandirmaspor,1511,1501.0,2 - 3,Eyüpspor,1613,1623.0,2,3,Turkey,domestic league (tier 2)
2024/04/07,1. Lig,0,Bandirmaspor,1517,1512.0,1 - 1,Manisa FK,1420,1425.0,1,1,Turkey,domestic league (tier 2)
2024/04/20,1. Lig,0,Bandirmaspor,1513,1508.0,1 - 1,Tuzlaspor,1401,1406.0,1,1,Turkey,domestic league (tier 2)
2024/05/05,1. Lig,0,Bandirmaspor,1496,1502.0,2 - 1,Keçiörengücü,1437,1431.0,2,1,Turkey,domestic league (tier 2)
2024/08/11,1. Lig,0,Bandirmaspor,1491,1497.0,3 - 2,Erzurumspor FK,1452,1446.0,3,2,Turkey,domestic league (tier 2)
2024/08/25,1. Lig,0,Bandirmaspor,1508,1504.0,0 - 0,Çorum FK,1477,1481.0,0,0,Turkey,domestic league (tier 2)
2024/09/14,1. Lig,0,Bandirmaspor,1495,1478.0,0 - 1,Amed SK,1305,1322.0,0,1,Turkey,domestic league (tier 2)
2024/09/28,1. Lig,0,Bandirmaspor,1482,1500.0,2 - 0,MKE Ankaragücü,1656,1638.0,2,0,Turkey,domestic league (tier 2)
2024/10/19,1. Lig,0,Bandirmaspor,1503,1515.0,1 - 0,Fatih Karagümrük,1682,1670.0,1,0,Turkey,domestic league (tier 2)
2024/10/27,1. Lig,0,Bandirmaspor,1515,1521.0,3 - 2,Sakaryaspor,1488,1482.0,3,2,Turkey,domestic league (tier 2)
2024/11/10,1. Lig,0,Bandirmaspor,1529,1538.0,2 - 0,Boluspor,1484,1475.0,2,0,Turkey,domestic league (tier 2)
2024/11/30,1. Lig,0,Bandirmaspor,1540,1543.0,2 - 0,Yeni Malatyaspor,1272,1269.0,2,0,Turkey,domestic league (tier 2)
2024/12/15,1. Lig,0,Bandirmaspor,1550,1546.0,2 - 2,Gençlerbirligi,1489,1493.0,2,2,Turkey,domestic league (tier 2)
2025/01/05,1. Lig,0,Bandirmaspor,1543,1528.0,2 - 3,Manisa FK,1438,1453.0,2,3,Turkey,domestic league (tier 2)
2025/01/26,1. Lig,0,Bandirmaspor,1518,1503.0,1 - 2,Keçiörengücü,1432,1447.0,1,2,Turkey,domestic league (tier 2)
2025/02/09,1. Lig,0,Bandirmaspor,1489,1495.0,3 - 2,Sanliurfaspor,1442,1436.0,3,2,Turkey,domestic league (tier 2)
2025/02/17,1. Lig,0,Bandirmaspor,1484,1492.0,1 - 0,Istanbulspor AS,1513,1505.0,1,0,Turkey,domestic league (tier 2)
2025/03/02,1. Lig,0,Bandirmaspor,1482,1493.0,2 - 0,Ümraniyespor,1480,1469.0,2,0,Turkey,domestic league (tier 2)
2025/03/14,1. Lig,0,Bandirmaspor,1511,1515.0,1 - 0,Adanaspor,1375,1371.0,1,0,Turkey,domestic league (tier 2)
2025/04/06,1. Lig,0,Bandirmaspor,1517,1515.0,2 - 2,Kocaelispor,1562,1564.0,2,2,Turkey,domestic league (tier 2)
2025/04/14,1. Lig,0,Bandirmaspor,1520,1515.0,1 - 1,Igdir FK,1433,1438.0,1,1,Turkey,domestic league (tier 2)
2025/04/27,1. Lig,0,Bandirmaspor,1519,1525.0,1 - 0,Erokspor,1452,1446.0,1,0,Turkey,domestic league (tier 2)
2025/05/10,1. Lig,0,Bandirmaspor,1525,1531.0,2 - 1,Pendikspor,1457,1451.0,2,1,Turkey,domestic league (tier 2)
2025/05/15,1. Lig,0,Bandirmaspor,1531,1541.0,2 - 0,Erzurumspor FK,1505,1495.0,2,0,Turkey,domestic league (tier 2)
2025/05/23,1. Lig,0,Bandirmaspor,1563,1569.0,1 - 0,Boluspor,1518,1512.0,1,0,Turkey,domestic league (tier 2)
2025/08/10,1. Lig,0,Bandirmaspor,1556,1551.0,1 - 1,Sakaryaspor,1458,1463.0,1,1,Turkey,domestic league (tier 2)
2025/08/23,1. Lig,0,Bandirmaspor,1536,1547.0,4 - 0,Adana Demirspor,1476,1465.0,4,0,Turkey,domestic league (tier 2)
2025/09/14,1. Lig,0,Bandirmaspor,1553,1547.0,1 - 1,Keçiörengücü,1438,1444.0,1,1,Turkey,domestic league (tier 2)
2025/09/24,1. Lig,0,Bandirmaspor,1533,1506.0,1 - 4,Manisa FK,1414,1441.0,1,4,Turkey,domestic league (tier 2)
2025/10/04,1. Lig,0,Bandirmaspor,1529,1534.0,2 - 1,Ümraniyespor,1434,1429.0,2,1,Turkey,domestic league (tier 2)
2025/10/26,1. Lig,0,Bandirmaspor,1537,1533.0,0 - 0,Erokspor,1495,1499.0,0,0,Turkey,domestic league (tier 2)
2025/11/08,1. Lig,0,Bandirmaspor,1535,1542.0,1 - 0,Boluspor,1525,1518.0,1,0,Turkey,domestic league (tier 2)
2025/11/22,1. Lig,0,Bandirmaspor,1542,1549.0,1 - 0,Çorum FK,1522,1515.0,1,0,Turkey,domestic league (tier 2)
2025/12/08,1. Lig,0,Bandirmaspor,1516,1530.0,2 - 0,Bodrum FK,1598,1584.0,2,0,Turkey,domestic league (tier 2)
2025/12/20,1. Lig,0,Bandirmaspor,1522,1504.0,0 - 2,Erzurumspor FK,1543,1561.0,0,2,Turkey,domestic league (tier 2)
2026/01/17,1. Lig,0,Bandirmaspor,1496,1510.0,4 - 1,Pendikspor,1527,1513.0,4,1,Turkey,domestic league (tier 2)
2026/02/01,1. Lig,0,Bandirmaspor,1519,1525.0,2 - 0,Vanspor FK,1383,1377.0,2,0,Turkey,domestic league (tier 2)
2026/02/14,1. Lig,0,Bandirmaspor,1513,1482.0,0 - 3,Serik Belediyespor,1277,1308.0,0,3,Turkey,domestic league (tier 2)
2026/02/22,1. Lig,0,Bandirmaspor,1474,1481.0,4 - 0,Hatayspor,1314,1307.0,4,0,Turkey,domestic league (tier 2)
2026/03/07,1. Lig,0,Bandirmaspor,1492,1499.0,1 - 0,Istanbulspor AS,1501,1494.0,1,0,Turkey,domestic league (tier 2)
2026/03/16,1. Lig,0,Bandirmaspor,1504,1501.0,0 - 0,Igdir FK,1482,1485.0,0,0,Turkey,domestic league (tier 2)
2026/04/07,1. Lig,0,Bandirmaspor,1517,1512.0,0 - 0,Sariyer SK,1443,1448.0,0,0,Turkey,domestic league (tier 2)
2026/04/19,1. Lig,0,Bandirmaspor,1516,1530.0,2 - 0,Amed SFK,1595,1581.0,2,0,Turkey,domestic league (tier 2)
2026/05/02,1. Lig,0,Bandirmaspor,1536,1543.0,1 - 0,Sivasspor,1516,1509.0,1,0,Turkey,domestic league (tier 2)
2026/08/08,1. Lig,0,Bandirmaspor,1543,1554.0,3 - 0,Istanbulspor AS,1510,1499.0,3,0,Turkey,domestic league (tier 2)
2026/08/23,1. Lig,0,Bandirmaspor,1549,1546.0,1 - 1,Keçiörengücü,1532,1535.0,1,1,Turkey,domestic league (tier 2)
2026/09/01,1. Lig,0,Bandirmaspor,1548,1534.0,0 - 1,Antalyaspor,1519,1533.0,0,1,Turkey,domestic league (tier 2)
2026/09/05,1. Lig,0,Bandirmaspor,1534,,Info,Boluspor,1356,,,,Turkey,domestic league (tier 2)
2026/08/17,1. Lig,0,Batman Petrolspor,1273,1290.0,2 - 0,Boluspor,1427,1410.0,2,0,Turkey,domestic league (tier 2)
2026/08/29,1. Lig,0,Batman Petrolspor,1307,1320.0,2 - 1,Sivasspor,1498,1485.0,2,1,Turkey,domestic league (tier 2)
2026/09/06,1. Lig,0,Batman Petrolspor,1341,,Info,Fatih Karagümrük,1607,,,,Turkey,domestic league (tier 2)
2016/08/20,Süperlig,0,Besiktas,1890,1893.0,4 - 1,Alanyaspor,1598,1595.0,4,1,Turkey,domestic league (tier 1)
2016/09/10,Süperlig,0,Besiktas,1894,1897.0,3 - 1,Karabükspor,1613,1610.0,3,1,Turkey,domestic league (tier 1)
2016/09/24,Süperlig,0,Besiktas,1918,1914.0,2 - 2,Galatasaray,1856,1860.0,2,2,Turkey,domestic league (tier 1)
2016/10/23,Süperlig,0,Besiktas,1948,1951.0,3 - 0,Antalyaspor,1641,1638.0,3,0,Turkey,domestic league (tier 1)
2016/11/05,Süperlig,0,Besiktas,1949,1951.0,2 - 1,Trabzonspor,1641,1639.0,2,1,Turkey,domestic league (tier 1)
2016/11/26,Süperlig,0,Besiktas,1958,1953.0,1 - 1,Istanbul Basaksehir (as Istanbul Basaksehir F.K.),1870,1875.0,1,1,Turkey,domestic league (tier 1)
2016/12/10,Süperlig,0,Besiktas,1936,1939.0,2 - 1,Bursaspor,1755,1752.0,2,1,Turkey,domestic league (tier 1)
2016/12/24,Süperlig,0,Besiktas,1917,1918.0,1 - 0,Gaziantepspor,1553,1552.0,1,0,Turkey,domestic league (tier 1)
2017/01/30,Süperlig,0,Besiktas,1935,1941.0,5 - 1,Konyaspor,1748,1742.0,5,1,Turkey,domestic league (tier 1)
2017/02/19,Süperlig,0,Besiktas,1934,1938.0,3 - 1,Akhisar Belediyespor,1688,1684.0,3,1,Turkey,domestic league (tier 1)
2017/03/04,Süperlig,0,Besiktas,1954,1956.0,1 - 0,Çaykur Rizespor,1630,1628.0,1,0,Turkey,domestic league (tier 1)
2017/03/12,Süperlig,0,Besiktas,1959,1951.0,2 - 2,Kayserispor,1682,1690.0,2,2,Turkey,domestic league (tier 1)
2017/04/02,Süperlig,0,Besiktas,1962,1966.0,3 - 0,Gençlerbirligi,1718,1714.0,3,0,Turkey,domestic league (tier 1)
2017/04/24,Süperlig,0,Besiktas,1976,1977.0,3 - 2,Adanaspor,1513,1512.0,3,2,Turkey,domestic league (tier 1)
2017/05/07,Süperlig,0,Besiktas,1962,1959.0,1 - 1,Fenerbahçe,1944,1947.0,1,1,Turkey,domestic league (tier 1)
2017/05/20,Süperlig,0,Besiktas,1965,1969.0,4 - 1,Kasimpasa SK,1732,1728.0,4,1,Turkey,domestic league (tier 1)
2017/06/03,Süperlig,0,Besiktas,1974,1977.0,4 - 0,Ankaraspor (as Osmanlispor FK),1672,1669.0,4,0,Turkey,domestic league (tier 1)
2017/08/13,Süperlig,0,Besiktas,1960,1965.0,2 - 0,Antalyaspor,1761,1756.0,2,0,Turkey,domestic league (tier 1)
2017/08/26,Süperlig,0,Besiktas,1961,1962.0,2 - 1,Bursaspor,1612,1611.0,2,1,Turkey,domestic league (tier 1)
2017/09/18,Süperlig,0,Besiktas,1999,2002.0,2 - 0,Konyaspor,1696,1693.0,2,0,Turkey,domestic league (tier 1)
2017/10/01,Süperlig,0,Besiktas,2008,2000.0,2 - 2,Trabzonspor,1737,1745.0,2,2,Turkey,domestic league (tier 1)
2017/10/23,Süperlig,0,Besiktas,2007,2001.0,1 - 1,Istanbul Basaksehir (as Istanbul Basaksehir F.K.),1877,1883.0,1,1,Turkey,domestic league (tier 1)
2017/11/17,Süperlig,0,Besiktas,2008,2000.0,0 - 0,Akhisar Belediyespor,1732,1740.0,0,0,Turkey,domestic league (tier 1)
2017/12/02,Süperlig,0,Besiktas,1991,1998.0,3 - 0,Galatasaray,1849,1842.0,3,0,Turkey,domestic league (tier 1)
2017/12/17,Süperlig,0,Besiktas,2005,2008.0,5 - 1,Ankaraspor (as Osmanlispor FK),1649,1646.0,5,1,Turkey,domestic league (tier 1)
2018/01/26,Süperlig,0,Besiktas,1983,1984.0,2 - 1,Kasimpasa SK,1635,1634.0,2,1,Turkey,domestic league (tier 1)
2018/02/10,Süperlig,0,Besiktas,1986,1988.0,5 - 0,Karabükspor,1554,1552.0,5,0,Turkey,domestic league (tier 1)
2018/02/25,Süperlig,0,Besiktas,1979,1988.0,3 - 1,Fenerbahçe,1930,1921.0,3,1,Turkey,domestic league (tier 1)
2018/03/10,Süperlig,0,Besiktas,1994,1996.0,1 - 0,Gençlerbirligi,1686,1684.0,1,0,Turkey,domestic league (tier 1)
2018/03/31,Süperlig,0,Besiktas,1977,1978.0,1 - 0,Alanyaspor,1632,1631.0,1,0,Turkey,domestic league (tier 1)
2018/04/07,Süperlig,0,Besiktas,1978,1980.0,5 - 1,Göztepe,1619,1617.0,5,1,Turkey,domestic league (tier 1)
2018/04/22,Süperlig,0,Besiktas,1989,1991.0,3 - 1,Yeni Malatyaspor,1610,1608.0,3,1,Turkey,domestic league (tier 1)
2018/05/07,Süperlig,0,Besiktas,1975,1978.0,2 - 0,Kayserispor,1681,1678.0,2,0,Turkey,domestic league (tier 1)
2018/05/19,Süperlig,0,Besiktas,1983,1987.0,5 - 1,Sivasspor,1690,1686.0,5,1,Turkey,domestic league (tier 1)
2018/08/12,Süperlig,0,Besiktas,1990,1992.0,2 - 1,Akhisar Belediyespor,1726,1724.0,2,1,Turkey,domestic league (tier 1)
2018/08/26,Süperlig,0,Besiktas,1979,1960.0,2 - 3,Antalyaspor,1640,1659.0,2,3,Turkey,domestic league (tier 1)
2018/09/15,Süperlig,0,Besiktas,1960,1962.0,2 - 1,Yeni Malatyaspor,1644,1642.0,2,1,Turkey,domestic league (tier 1)
2018/09/29,Süperlig,0,Besiktas,1966,1969.0,2 - 0,Kayserispor,1653,1650.0,2,0,Turkey,domestic league (tier 1)
2018/10/29,Süperlig,0,Besiktas,1901,1905.0,4 - 1,Çaykur Rizespor,1660,1656.0,4,1,Turkey,domestic league (tier 1)
2018/11/11,Süperlig,0,Besiktas,1904,1886.0,1 - 2,Sivasspor,1656,1674.0,1,2,Turkey,domestic league (tier 1)
2018/12/02,Süperlig,0,Besiktas,1905,1911.0,1 - 0,Galatasaray,1840,1834.0,1,0,Turkey,domestic league (tier 1)
2018/12/16,Süperlig,0,Besiktas,1889,1884.0,2 - 2,Trabzonspor,1778,1783.0,2,2,Turkey,domestic league (tier 1)
2019/01/25,Süperlig,0,Besiktas,1877,1869.0,1 - 1,BB Erzurumspor,1551,1559.0,1,1,Turkey,domestic league (tier 1)
2019/02/09,Süperlig,0,Besiktas,1882,1886.0,2 - 0,Bursaspor,1646,1642.0,2,0,Turkey,domestic league (tier 1)
2019/02/25,Süperlig,0,Besiktas,1894,1888.0,3 - 3,Fenerbahçe,1775,1781.0,3,3,Turkey,domestic league (tier 1)
2019/03/10,Süperlig,0,Besiktas,1885,1888.0,3 - 2,Konyaspor,1705,1702.0,3,2,Turkey,domestic league (tier 1)
2019/03/16,Süperlig,0,Besiktas,1888,1890.0,1 - 0,Göztepe,1643,1641.0,1,0,Turkey,domestic league (tier 1)
2019/04/13,Süperlig,0,Besiktas,1906,1913.0,2 - 1,Istanbul Basaksehir (as Istanbul Basaksehir F.K.),1914,1907.0,2,1,Turkey,domestic league (tier 1)
2019/04/28,Süperlig,0,Besiktas,1919,1922.0,4 - 1,MKE Ankaragücü,1608,1605.0,4,1,Turkey,domestic league (tier 1)
2019/05/13,Süperlig,0,Besiktas,1909,1911.0,2 - 1,Alanyaspor,1663,1661.0,2,1,Turkey,domestic league (tier 1)
2019/05/24,Süperlig,0,Besiktas,1900,1902.0,3 - 2,Kasimpasa SK,1608,1606.0,3,2,Turkey,domestic league (tier 1)
2019/08/23,Süperlig,0,Besiktas,1878,1882.0,3 - 0,Göztepe,1643,1639.0,3,0,Turkey,domestic league (tier 1)
2019/08/31,Süperlig,0,Besiktas,1882,1875.0,1 - 1,Çaykur Rizespor,1708,1715.0,1,1,Turkey,domestic league (tier 1)
2019/09/23,Süperlig,0,Besiktas,1845,1841.0,1 - 1,Istanbul Basaksehir (as Istanbul Basaksehir F.K.),1802,1806.0,1,1,Turkey,domestic league (tier 1)
2019/10/06,Süperlig,0,Besiktas,1816,1823.0,2 - 0,Alanyaspor,1713,1706.0,2,0,Turkey,domestic league (tier 1)
2019/10/27,Süperlig,0,Besiktas,1807,1816.0,1 - 0,Galatasaray,1859,1850.0,1,0,Turkey,domestic league (tier 1)
2019/11/10,Süperlig,0,Besiktas,1813,1817.0,1 - 0,Denizlispor,1645,1641.0,1,0,Turkey,domestic league (tier 1)
2019/12/02,Süperlig,0,Besiktas,1835,1839.0,4 - 1,Kayserispor,1588,1584.0,4,1,Turkey,domestic league (tier 1)
2019/12/15,Süperlig,0,Besiktas,1837,1813.0,0 - 2,Yeni Malatyaspor,1709,1733.0,0,2,Turkey,domestic league (tier 1)
2019/12/27,Süperlig,0,Besiktas,1802,1808.0,4 - 1,Gençlerbirligi,1629,1623.0,4,1,Turkey,domestic league (tier 1)
2020/01/19,Süperlig,0,Besiktas,1795,1782.0,1 - 2,Sivasspor,1797,1810.0,1,2,Turkey,domestic league (tier 1)
2020/02/08,Süperlig,0,Besiktas,1767,1774.0,3 - 0,Gaziantep FK,1640,1633.0,3,0,Turkey,domestic league (tier 1)
2020/02/22,Süperlig,0,Besiktas,1769,1768.0,2 - 2,Trabzonspor,1851,1852.0,2,2,Turkey,domestic league (tier 1)
2020/03/06,Süperlig,0,Besiktas,1780,1783.0,2 - 1,MKE Ankaragücü,1560,1557.0,2,1,Turkey,domestic league (tier 1)
2020/06/13,Süperlig,0,Besiktas,1788,1772.0,1 - 2,Antalyaspor,1649,1665.0,1,2,Turkey,domestic league (tier 1)
2020/06/26,Süperlig,0,Besiktas,1789,1795.0,3 - 0,Konyaspor,1623,1617.0,3,0,Turkey,domestic league (tier 1)
2020/07/09,Süperlig,0,Besiktas,1776,1781.0,3 - 2,Kasimpasa SK,1667,1662.0,3,2,Turkey,domestic league (tier 1)
2020/07/19,Süperlig,0,Besiktas,1790,1799.0,2 - 0,Fenerbahçe,1742,1733.0,2,0,Turkey,domestic league (tier 1)
2020/09/19,Süperlig,0,Besiktas,1827,1821.0,1 - 1,Antalyaspor,1695,1701.0,1,1,Turkey,domestic league (tier 1)
2020/10/04,Süperlig,0,Besiktas,1797,1780.0,0 - 1,Gençlerbirligi,1590,1607.0,0,1,Turkey,domestic league (tier 1)
2020/11/01,Süperlig,0,Besiktas,1788,1791.0,1 - 0,Yeni Malatyaspor,1605,1602.0,1,0,Turkey,domestic league (tier 1)
2020/11/21,Süperlig,0,Besiktas,1776,1786.0,3 - 2,Istanbul Basaksehir,1871,1861.0,3,2,Turkey,domestic league (tier 1)
2020/12/04,Süperlig,0,Besiktas,1799,1807.0,3 - 0,Kasimpasa SK,1700,1692.0,3,0,Turkey,domestic league (tier 1)
2020/12/20,Süperlig,0,Besiktas,1800,1806.0,4 - 0,BB Erzurumspor,1598,1592.0,4,0,Turkey,domestic league (tier 1)
2020/12/28,Süperlig,0,Besiktas,1812,1821.0,3 - 0,Sivasspor,1726,1717.0,3,0,Turkey,domestic league (tier 1)
2021/01/06,Süperlig,0,Besiktas,1830,1837.0,6 - 0,Çaykur Rizespor,1648,1641.0,6,0,Turkey,domestic league (tier 1)
2021/01/17,Süperlig,0,Besiktas,1839,1850.0,2 - 0,Galatasaray,1845,1834.0,2,0,Turkey,domestic league (tier 1)
2021/01/24,Süperlig,0,Besiktas,1863,1866.0,2 - 1,Göztepe,1650,1647.0,2,1,Turkey,domestic league (tier 1)
2021/01/31,Süperlig,0,Besiktas,1866,1852.0,1 - 2,Trabzonspor,1831,1845.0,1,2,Turkey,domestic league (tier 1)
2021/02/07,Süperlig,0,Besiktas,1851,1854.0,1 - 0,Konyaspor,1650,1647.0,1,0,Turkey,domestic league (tier 1)
2021/02/26,Süperlig,0,Besiktas,1859,1862.0,3 - 0,Denizlispor,1562,1559.0,3,0,Turkey,domestic league (tier 1)
2021/03/06,Süperlig,0,Besiktas,1868,1872.0,2 - 1,Gaziantep FK,1714,1710.0,2,1,Turkey,domestic league (tier 1)
2021/03/21,Süperlig,0,Besiktas,1883,1878.0,1 - 1,Fenerbahçe,1797,1802.0,1,1,Turkey,domestic league (tier 1)
2021/04/07,Süperlig,0,Besiktas,1864,1872.0,3 - 0,Alanyaspor,1761,1753.0,3,0,Turkey,domestic league (tier 1)
2021/04/16,Süperlig,0,Besiktas,1880,1872.0,2 - 2,MKE Ankaragücü,1612,1620.0,2,2,Turkey,domestic league (tier 1)
2021/04/24,Süperlig,0,Besiktas,1872,1875.0,3 - 1,Kayserispor,1604,1601.0,3,1,Turkey,domestic league (tier 1)
2021/05/01,Süperlig,0,Besiktas,1881,1890.0,7 - 0,Hatayspor,1737,1728.0,7,0,Turkey,domestic league (tier 1)
2021/05/11,Süperlig,0,Besiktas,1878,1861.0,1 - 2,Fatih Karagümrük SK,1669,1686.0,1,2,Turkey,domestic league (tier 1)
2021/08/13,Süperlig,0,Besiktas,1875,1879.0,3 - 0,Çaykur Rizespor,1622,1618.0,3,0,Turkey,domestic league (tier 1)
2021/08/28,Süperlig,0,Besiktas,1876,1879.0,1 - 0,Fatih Karagümrük SK,1701,1698.0,1,0,Turkey,domestic league (tier 1)
2021/09/11,Süperlig,0,Besiktas,1879,1884.0,3 - 0,Yeni Malatyaspor,1650,1645.0,3,0,Turkey,domestic league (tier 1)
2021/09/21,Süperlig,0,Besiktas,1882,1875.0,3 - 3,Adana Demirspor,1688,1695.0,3,3,Turkey,domestic league (tier 1)
2021/10/02,Süperlig,0,Besiktas,1858,1863.0,2 - 1,Sivasspor,1779,1774.0,2,1,Turkey,domestic league (tier 1)
2021/10/25,Süperlig,0,Besiktas,1829,1838.0,2 - 1,Galatasaray,1884,1875.0,2,1,Turkey,domestic league (tier 1)
2021/11/06,Süperlig,0,Besiktas,1821,1810.0,1 - 2,Trabzonspor,1877,1888.0,1,2,Turkey,domestic league (tier 1)
2021/11/27,Süperlig,0,Besiktas,1791,1759.0,0 - 4,Giresunspor,1600,1632.0,0,4,Turkey,domestic league (tier 1)
2021/12/12,Süperlig,0,Besiktas,1753,1760.0,4 - 2,Kayserispor,1639,1632.0,4,2,Turkey,domestic league (tier 1)
2021/12/23,Süperlig,0,Besiktas,1765,1769.0,2 - 1,Göztepe,1596,1592.0,2,1,Turkey,domestic league (tier 1)
2021/12/30,Turkey Cup,0,Besiktas,1762,1765.0,1 - 0,Altay Izmir,1590,1587.0,1,0,Turkey,domestic cup
2022/01/05,Turkey Supercup,0,Besiktas,1765,1762.0,1 - 1,Antalyaspor,1658,1661.0,1,1,Turkey,domestic supercup
2022/01/14,Süperlig,0,Besiktas,1760,1766.0,1 - 0,Gaziantep FK,1719,1713.0,1,0,Turkey,domestic league (tier 1)
2022/02/06,Süperlig,0,Besiktas,1774,1768.0,0 - 0,Antalyaspor,1636,1642.0,0,0,Turkey,domestic league (tier 1)
2022/02/10,Turkey Cup,0,Besiktas,1768,1762.0,0 - 0,Göztepe,1633,1639.0,0,0,Turkey,domestic cup
2022/02/19,Süperlig,0,Besiktas,1765,1768.0,1 - 0,Altay Izmir,1578,1575.0,1,0,Turkey,domestic league (tier 1)
2022/03/02,Turkey Cup,0,Besiktas,1781,1766.0,1 - 2,Kayserispor,1695,1710.0,1,2,Turkey,domestic cup
2022/03/07,Süperlig,0,Besiktas,1766,1764.0,2 - 2,Istanbul Basaksehir,1786,1788.0,2,2,Turkey,domestic league (tier 1)
2022/03/19,Süperlig,0,Besiktas,1757,1753.0,1 - 1,Hatayspor,1700,1704.0,1,1,Turkey,domestic league (tier 1)
2022/04/09,Süperlig,0,Besiktas,1759,1772.0,4 - 1,Alanyaspor,1760,1747.0,4,1,Turkey,domestic league (tier 1)
2022/04/25,Süperlig,0,Besiktas,1771,1746.0,0 - 3,Kasimpasa SK,1711,1736.0,0,3,Turkey,domestic league (tier 1)
2022/05/08,Süperlig,0,Besiktas,1757,1757.0,1 - 1,Fenerbahçe,1874,1874.0,1,1,Turkey,domestic league (tier 1)
2022/05/21,Süperlig,0,Besiktas,1767,1764.0,1 - 1,Konyaspor,1764,1767.0,1,1,Turkey,domestic league (tier 1)
2022/08/06,Süperlig,0,Besiktas,1764,1769.0,1 - 0,Kayserispor,1673,1668.0,1,0,Turkey,domestic league (tier 1)
2022/08/21,Süperlig,0,Besiktas,1772,1782.0,4 - 1,Fatih Karagümrük SK,1701,1691.0,4,1,Turkey,domestic league (tier 1)
2022/08/29,Süperlig,0,Besiktas,1782,1790.0,3 - 1,Sivasspor,1711,1703.0,3,1,Turkey,domestic league (tier 1)
2022/09/12,Süperlig,0,Besiktas,1797,1786.0,0 - 1,Istanbul Basaksehir,1877,1888.0,0,1,Turkey,domestic league (tier 1)
2022/10/02,Süperlig,0,Besiktas,1783,1784.0,0 - 0,Fenerbahçe,1934,1933.0,0,0,Turkey,domestic league (tier 1)
2022/10/16,Süperlig,0,Besiktas,1793,1793.0,2 - 2,Trabzonspor,1891,1891.0,2,2,Turkey,domestic league (tier 1)
2022/10/30,Süperlig,0,Besiktas,1782,1787.0,5 - 2,Ümraniyespor,1556,1551.0,5,2,Turkey,domestic league (tier 1)
2022/12/21,Turkey Cup,0,Besiktas,1781,1783.0,4 - 2,Sanliurfaspor,1464,1462.0,4,2,Turkey,domestic cup
2022/12/29,Süperlig,0,Besiktas,1783,1790.0,1 - 0,Adana Demirspor,1780,1773.0,1,0,Turkey,domestic league (tier 1)
2023/01/07,Süperlig,0,Besiktas,1790,1795.0,2 - 1,Kasimpasa SK,1684,1679.0,2,1,Turkey,domestic league (tier 1)
2023/01/27,Süperlig,0,Besiktas,1822,1831.0,3 - 0,Alanyaspor,1743,1734.0,3,0,Turkey,domestic league (tier 1)
2023/02/26,Süperlig,0,Besiktas,1821,1815.0,0 - 0,Antalyaspor,1696,1702.0,0,0,Turkey,domestic league (tier 1)
2023/03/05,Süperlig,0,Besiktas,1815,1818.0,2 - 1,MKE Ankaragücü,1619,1616.0,2,1,Turkey,domestic league (tier 1)
2023/03/18,Süperlig,0,Besiktas,1838,1842.0,3 - 1,Istanbulspor AS,1614,1610.0,3,1,Turkey,domestic league (tier 1)
2023/04/09,Süperlig,0,Besiktas,1866,1870.0,3 - 1,Giresunspor,1620,1616.0,3,1,Turkey,domestic league (tier 1)
2023/04/30,Süperlig,0,Besiktas,1879,1891.0,3 - 1,Galatasaray,1919,1907.0,3,1,Turkey,domestic league (tier 1)
2023/06/07,Süperlig,0,Besiktas,1933,1926.0,3 - 3,Konyaspor,1745,1752.0,3,3,Turkey,domestic league (tier 1)
2023/08/20,Süperlig,0,Besiktas,1943,1934.0,1 - 1,Pendikspor,1519,1528.0,1,1,Turkey,domestic league (tier 1)
2023/09/03,Süperlig,0,Besiktas,1945,1949.0,2 - 0,Sivasspor,1700,1696.0,2,0,Turkey,domestic league (tier 1)
2023/09/24,Süperlig,0,Besiktas,1931,1934.0,2 - 1,Kayserispor,1694,1691.0,2,1,Turkey,domestic league (tier 1)
2023/10/08,Süperlig,0,Besiktas,1915,1917.0,2 - 0,Istanbulspor AS,1582,1580.0,2,0,Turkey,domestic league (tier 1)
2023/10/30,Süperlig,0,Besiktas,1902,1906.0,2 - 0,Gaziantep FK,1665,1661.0,2,0,Turkey,domestic league (tier 1)
2023/11/12,Süperlig,0,Besiktas,1882,1886.0,1 - 0,Istanbul Basaksehir,1757,1753.0,1,0,Turkey,domestic league (tier 1)
2023/12/09,Süperlig,0,Besiktas,1864,1850.0,1 - 3,Fenerbahçe,1986,2000.0,1,3,Turkey,domestic league (tier 1)
2023/12/21,Süperlig,0,Besiktas,1866,1840.0,1 - 3,Alanyaspor,1629,1655.0,1,3,Turkey,domestic league (tier 1)
2024/01/05,Süperlig,0,Besiktas,1848,1823.0,1 - 3,Kasimpasa SK,1684,1709.0,1,3,Turkey,domestic league (tier 1)
2024/01/13,Süperlig,0,Besiktas,1840,1847.0,3 - 0,Fatih Karagümrük,1714,1707.0,3,0,Turkey,domestic league (tier 1)
2024/01/16,Turkey Cup,0,Besiktas,1847,1852.0,4 - 0,Eyüpspor,1608,1603.0,4,0,Turkey,domestic cup
2024/01/23,Süperlig,0,Besiktas,1823,1819.0,0 - 0,Adana Demirspor,1793,1797.0,0,0,Turkey,domestic league (tier 1)
2024/02/04,Süperlig,0,Besiktas,1808,1818.0,2 - 0,Trabzonspor,1792,1782.0,2,0,Turkey,domestic league (tier 1)
2024/02/19,Süperlig,0,Besiktas,1826,1833.0,2 - 0,Konyaspor,1714,1707.0,2,0,Turkey,domestic league (tier 1)
2024/02/28,Turkey Cup,0,Besiktas,1841,1847.0,2 - 0,Konyaspor,1717,1711.0,2,0,Turkey,domestic cup
2024/03/03,Süperlig,0,Besiktas,1847,1839.0,0 - 1,Galatasaray,2001,2009.0,0,1,Turkey,domestic league (tier 1)
2024/03/16,Süperlig,0,Besiktas,1821,1805.0,1 - 2,Antalyaspor,1699,1715.0,1,2,Turkey,domestic league (tier 1)
2024/04/13,Süperlig,0,Besiktas,1807,1801.0,1 - 1,Samsunspor,1679,1685.0,1,1,Turkey,domestic league (tier 1)
2024/04/19,Süperlig,0,Besiktas,1801,1809.0,2 - 0,MKE Ankaragücü,1715,1707.0,2,0,Turkey,domestic league (tier 1)
2024/05/03,Süperlig,0,Besiktas,1806,1810.0,3 - 2,Çaykur Rizespor,1684,1680.0,3,2,Turkey,domestic league (tier 1)
2024/05/07,Turkey Cup,0,Besiktas,1810,1815.0,1 - 0,MKE Ankaragücü,1707,1702.0,1,0,Turkey,domestic cup
2024/05/18,Süperlig,0,Besiktas,1816,1809.0,2 - 2,Hatayspor,1644,1651.0,2,2,Turkey,domestic league (tier 1)
2024/05/23,Turkey Cup,0,Besiktas,1809,1820.0,3 - 2,Trabzonspor,1840,1829.0,3,2,Turkey,domestic cup
2024/08/18,Süperlig,0,Besiktas,1853,1858.0,4 - 2,Antalyaspor,1674,1669.0,4,2,Turkey,domestic league (tier 1)
2024/09/01,Süperlig,0,Besiktas,1872,1878.0,2 - 0,Sivasspor,1719,1713.0,2,0,Turkey,domestic league (tier 1)
2024/09/22,Süperlig,0,Besiktas,1879,1881.0,2 - 1,Eyüpspor,1640,1638.0,2,1,Turkey,domestic league (tier 1)
2024/10/20,Süperlig,0,Besiktas,1857,1863.0,2 - 0,Konyaspor,1705,1699.0,2,0,Turkey,domestic league (tier 1)
2024/11/02,Süperlig,0,Besiktas,1879,1854.0,1 - 3,Kasimpasa SK,1691,1716.0,1,3,Turkey,domestic league (tier 1)
2024/11/24,Süperlig,0,Besiktas,1863,1838.0,2 - 4,Göztepe,1686,1711.0,2,4,Turkey,domestic league (tier 1)
2024/12/07,Süperlig,0,Besiktas,1811,1825.0,1 - 0,Fenerbahçe,2047,2033.0,1,0,Turkey,domestic league (tier 1)
2024/12/21,Süperlig,0,Besiktas,1805,1800.0,1 - 1,Alanyaspor,1711,1716.0,1,1,Turkey,domestic league (tier 1)
2025/01/11,Süperlig,0,Besiktas,1809,1810.0,2 - 1,Bodrum FK,1452,1451.0,2,1,Turkey,domestic league (tier 1)
2025/01/18,Süperlig,0,Besiktas,1810,1806.0,0 - 0,Samsunspor,1763,1767.0,0,0,Turkey,domestic league (tier 1)
2025/02/15,Süperlig,0,Besiktas,1843,1849.0,2 - 1,Trabzonspor,1797,1791.0,2,1,Turkey,domestic league (tier 1)
2025/03/01,Süperlig,0,Besiktas,1869,1873.0,2 - 0,Kayserispor,1629,1625.0,2,0,Turkey,domestic league (tier 1)
2025/03/10,Süperlig,0,Besiktas,1873,1856.0,1 - 2,Gaziantep FK,1694,1711.0,1,2,Turkey,domestic league (tier 1)
2025/03/29,Süperlig,0,Besiktas,1844,1855.0,2 - 1,Galatasaray,1989,1978.0,2,1,Turkey,domestic league (tier 1)
2025/04/03,Turkey Cup,0,Besiktas,1855,1831.0,1 - 3,Göztepe,1726,1750.0,1,3,Turkey,domestic cup
2025/04/12,Süperlig,0,Besiktas,1830,1808.0,0 - 2,Istanbul Basaksehir,1767,1789.0,0,2,Turkey,domestic league (tier 1)
2025/04/25,Süperlig,0,Besiktas,1809,1813.0,5 - 1,Hatayspor,1559,1555.0,5,1,Turkey,domestic league (tier 1)
2025/05/11,Süperlig,0,Besiktas,1830,1833.0,4 - 1,Adana Demirspor,1504,1501.0,4,1,Turkey,domestic league (tier 1)
2025/05/25,Süperlig,0,Besiktas,1832,1816.0,1 - 2,Çaykur Rizespor,1668,1684.0,1,2,Turkey,domestic league (tier 1)
2025/08/17,Süperlig,0,Besiktas,1811,1814.0,2 - 1,Eyüpspor,1636,1633.0,2,1,Turkey,domestic league (tier 1)
2025/09/13,Süperlig,0,Besiktas,1788,1795.0,2 - 1,Istanbul Basaksehir,1771,1764.0,2,1,Turkey,domestic league (tier 1)
2025/09/29,Süperlig,0,Besiktas,1800,1803.0,3 - 1,Kocaelispor,1525,1522.0,3,1,Turkey,domestic league (tier 1)
2025/10/18,Süperlig,0,Besiktas,1811,1793.0,1 - 2,Gençlerbirligi,1555,1573.0,1,2,Turkey,domestic league (tier 1)
2025/11/02,Süperlig,0,Besiktas,1808,1801.0,2 - 3,Fenerbahçe,2007,2014.0,2,3,Turkey,domestic league (tier 1)
2025/11/23,Süperlig,0,Besiktas,1813,1810.0,1 - 1,Samsunspor,1812,1815.0,1,1,Turkey,domestic league (tier 1)
2025/12/08,Süperlig,0,Besiktas,1820,1815.0,2 - 2,Gaziantep FK,1706,1711.0,2,2,Turkey,domestic league (tier 1)
2025/12/20,Süperlig,0,Besiktas,1819,1823.0,1 - 0,Çaykur Rizespor,1703,1699.0,1,0,Turkey,domestic league (tier 1)
2026/01/15,Turkey Cup,0,Besiktas,1840,1843.0,3 - 0,Keçiörengücü,1505,1502.0,3,0,Turkey,domestic cup
2026/01/19,Süperlig,0,Besiktas,1843,1846.0,1 - 0,Kayserispor,1628,1625.0,1,0,Turkey,domestic league (tier 1)
2026/01/31,Süperlig,0,Besiktas,1842,1845.0,2 - 1,Konyaspor,1671,1668.0,2,1,Turkey,domestic league (tier 1)
2026/02/08,Süperlig,0,Besiktas,1841,1835.0,2 - 2,Alanyaspor,1723,1729.0,2,2,Turkey,domestic league (tier 1)
2026/02/22,Süperlig,0,Besiktas,1848,1860.0,4 - 0,Göztepe,1811,1799.0,4,0,Turkey,domestic league (tier 1)
2026/03/04,Turkey Cup,0,Besiktas,1866,1872.0,4 - 1,Çaykur Rizespor,1706,1700.0,4,1,Turkey,domestic cup
2026/03/07,Süperlig,0,Besiktas,1872,1864.0,0 - 1,Galatasaray,2047,2055.0,0,1,Turkey,domestic league (tier 1)
2026/03/19,Süperlig,0,Besiktas,1873,1876.0,2 - 1,Kasimpasa SK,1638,1635.0,2,1,Turkey,domestic league (tier 1)
2026/04/10,Süperlig,0,Besiktas,1872,1875.0,4 - 2,Antalyaspor,1576,1573.0,4,2,Turkey,domestic league (tier 1)
2026/04/23,Turkey Cup,0,Besiktas,1864,1871.0,3 - 0,Alanyaspor,1723,1716.0,3,0,Turkey,domestic cup
2026/04/27,Süperlig,0,Besiktas,1871,1863.0,0 - 0,Fatih Karagümrük,1581,1589.0,0,0,Turkey,domestic league (tier 1)
2026/05/05,Turkey Cup,0,Besiktas,1874,1858.0,0 - 1,Konyaspor,1749,1765.0,0,1,Turkey,domestic cup
2026/05/09,Süperlig,0,Besiktas,1858,1846.0,1 - 2,Trabzonspor,1882,1894.0,1,2,Turkey,domestic league (tier 1)
2026/08/16,Süperlig,0,Besiktas,1897,1899.0,1 - 0,Eyüpspor,1646,1644.0,1,0,Turkey,domestic league (tier 1)
2026/08/31,Süperlig,0,Besiktas,1869,1873.0,6 - 2,Çorum FK,1595,1591.0,6,2,Turkey,domestic league (tier 1)
2024/05/16,1. Lig,0,Bodrum FK,1340,1356.0,2 - 0,Boluspor,1474,1458.0,2,0,Turkey,domestic league (tier 2)
2024/05/24,1. Lig,0,Bodrum FK,1362,1363.0,0 - 0,Çorum FK,1488,1487.0,0,0,Turkey,domestic league (tier 2)
2024/08/12,Süperlig,0,Bodrum FK,1385,1380.0,0 - 1,Gaziantep FK,1694,1699.0,0,1,Turkey,domestic league (tier 1)
2024/08/24,Süperlig,0,Bodrum FK,1376,1400.0,3 - 1,Konyaspor,1722,1698.0,3,1,Turkey,domestic league (tier 1)
2024/09/14,Süperlig,0,Bodrum FK,1397,1395.0,0 - 1,Istanbul Basaksehir,1837,1839.0,0,1,Turkey,domestic league (tier 1)
2024/09/29,Süperlig,0,Bodrum FK,1413,1433.0,3 - 1,Adana Demirspor,1645,1625.0,3,1,Turkey,domestic league (tier 1)
2024/10/21,Süperlig,0,Bodrum FK,1441,1434.0,0 - 1,Çaykur Rizespor,1642,1649.0,0,1,Turkey,domestic league (tier 1)
2024/11/03,Süperlig,0,Bodrum FK,1433,1437.0,0 - 0,Alanyaspor,1698,1694.0,0,0,Turkey,domestic league (tier 1)
2024/11/23,Süperlig,0,Bodrum FK,1434,1433.0,0 - 1,Galatasaray,2041,2042.0,0,1,Turkey,domestic league (tier 1)
2024/12/13,Süperlig,0,Bodrum FK,1430,1452.0,2 - 0,Sivasspor,1708,1686.0,2,0,Turkey,domestic league (tier 1)
2025/01/05,Süperlig,0,Bodrum FK,1450,1452.0,1 - 1,Kayserispor,1622,1620.0,1,1,Turkey,domestic league (tier 1)
2025/01/26,Süperlig,0,Bodrum FK,1459,1453.0,0 - 1,Eyüpspor,1720,1726.0,0,1,Turkey,domestic league (tier 1)
2025/02/05,Turkey Cup,0,Bodrum FK,1449,1469.0,3 - 1,Antalyaspor,1661,1641.0,3,1,Turkey,domestic cup
2025/02/10,Süperlig,0,Bodrum FK,1469,1473.0,0 - 0,Göztepe,1731,1727.0,0,0,Turkey,domestic league (tier 1)
2025/02/21,Süperlig,0,Bodrum FK,1491,1501.0,1 - 0,Hatayspor,1578,1568.0,1,0,Turkey,domestic league (tier 1)
2025/03/07,Süperlig,0,Bodrum FK,1521,1533.0,1 - 0,Kasimpasa SK,1678,1666.0,1,0,Turkey,domestic league (tier 1)
2025/03/28,Süperlig,0,Bodrum FK,1557,1554.0,2 - 4,Fenerbahçe,2039,2042.0,2,4,Turkey,domestic league (tier 1)
2025/04/12,Süperlig,0,Bodrum FK,1568,1568.0,0 - 0,Antalyaspor,1667,1667.0,0,0,Turkey,domestic league (tier 1)
2025/04/26,Süperlig,0,Bodrum FK,1567,1559.0,1 - 2,Samsunspor,1722,1730.0,1,2,Turkey,domestic league (tier 1)
2025/05/18,Süperlig,0,Bodrum FK,1564,1568.0,1 - 1,Trabzonspor,1797,1793.0,1,1,Turkey,domestic league (tier 1)
2025/06/01,Süperlig,0,Bodrum FK,1574,1563.0,0 - 4,Besiktas,1816,1827.0,0,4,Turkey,domestic league (tier 1)
2025/08/10,1. Lig,0,Bodrum FK,1563,1558.0,1 - 1,Pendikspor,1451,1456.0,1,1,Turkey,domestic league (tier 2)
2025/08/23,1. Lig,0,Bodrum FK,1562,1569.0,3 - 1,Sakaryaspor,1471,1464.0,3,1,Turkey,domestic league (tier 2)
2025/09/12,1. Lig,0,Bodrum FK,1576,1582.0,3 - 1,Adana Demirspor,1434,1428.0,3,1,Turkey,domestic league (tier 2)
2025/09/24,1. Lig,0,Bodrum FK,1571,1574.0,2 - 0,Vanspor FK,1303,1300.0,2,0,Turkey,domestic league (tier 2)
2025/10/05,1. Lig,0,Bodrum FK,1591,1601.0,5 - 0,Hatayspor,1496,1486.0,5,0,Turkey,domestic league (tier 2)
2025/10/26,1. Lig,0,Bodrum FK,1601,1608.0,2 - 0,Igdir FK,1499,1492.0,2,0,Turkey,domestic league (tier 2)
2025/11/07,1. Lig,0,Bodrum FK,1590,1601.0,5 - 0,Istanbulspor AS,1531,1520.0,5,0,Turkey,domestic league (tier 2)
2025/11/30,1. Lig,0,Bodrum FK,1588,1598.0,4 - 0,Çorum FK,1515,1505.0,4,0,Turkey,domestic league (tier 2)
2025/12/22,1. Lig,0,Bodrum FK,1579,1575.0,0 - 0,Amed SFK,1512,1516.0,0,0,Turkey,domestic league (tier 2)
2026/01/15,Turkey Cup,0,Bodrum FK,1565,1555.0,1 - 2,Konyaspor,1662,1672.0,1,2,Turkey,domestic cup
2026/01/19,1. Lig,0,Bodrum FK,1555,1542.0,1 - 2,Sivasspor,1546,1559.0,1,2,Turkey,domestic league (tier 2)
2026/01/31,1. Lig,0,Bodrum FK,1555,1559.0,3 - 0,Serik Belediyespor,1292,1288.0,3,0,Turkey,domestic league (tier 2)
2026/02/14,1. Lig,0,Bodrum FK,1562,1568.0,4 - 3,Keçiörengücü,1510,1504.0,4,3,Turkey,domestic league (tier 2)
2026/02/22,1. Lig,0,Bodrum FK,1550,1535.0,1 - 2,Manisa FK,1469,1484.0,1,2,Turkey,domestic league (tier 2)
2026/03/05,Turkey Cup,0,Bodrum FK,1545,1541.0,0 - 0,Igdir FK,1502,1506.0,0,0,Turkey,domestic cup
2026/03/08,1. Lig,0,Bodrum FK,1541,1530.0,3 - 4,Erokspor,1600,1611.0,3,4,Turkey,domestic league (tier 2)
2026/03/16,1. Lig,0,Bodrum FK,1542,1550.0,2 - 0,Boluspor,1471,1463.0,2,0,Turkey,domestic league (tier 2)
2026/04/03,1. Lig,0,Bodrum FK,1561,1566.0,1 - 0,Ümraniyespor,1449,1444.0,1,0,Turkey,domestic league (tier 2)
2026/04/11,1. Lig,0,Bodrum FK,1568,1564.0,0 - 0,Bandirmaspor,1512,1516.0,0,0,Turkey,domestic league (tier 2)
2026/04/19,1. Lig,0,Bodrum FK,1564,1564.0,1 - 1,Erzurumspor FK,1674,1674.0,1,1,Turkey,domestic league (tier 2)
2026/05/02,1. Lig,0,Bodrum FK,1567,1552.0,0 - 1,Sariyer SK,1457,1472.0,0,1,Turkey,domestic league (tier 2)
2026/05/07,1. Lig,0,Bodrum FK,1552,1561.0,2 - 0,Pendikspor,1514,1505.0,2,0,Turkey,domestic league (tier 2)
2026/05/11,1. Lig,0,Bodrum FK,1561,1569.0,1 - 0,Çorum FK,1579,1571.0,1,0,Turkey,domestic league (tier 2)
2026/08/09,1. Lig,0,Bodrum FK,1558,1536.0,0 - 2,Bursaspor,1470,1492.0,0,2,Turkey,domestic league (tier 2)
2026/08/22,1. Lig,0,Bodrum FK,1538,1530.0,0 - 0,Muglaspor,1266,1274.0,0,0,Turkey,domestic league (tier 2)
2026/09/03,1. Lig,0,Bodrum FK,1532,,Info,Erokspor,1554,,,,Turkey,domestic league (tier 2)
2022/08/14,1. Lig,0,Bodrumspor,1308,1326.0,3 - 1,Yeni Malatyaspor,1485,1467.0,3,1,Turkey,domestic league (tier 2)
2022/08/28,1. Lig,0,Bodrumspor,1351,1349.0,3 - 3,Adanaspor,1397,1399.0,3,3,Turkey,domestic league (tier 2)
2022/09/03,1. Lig,0,Bodrumspor,1349,1370.0,3 - 0,Eyüpspor,1518,1497.0,3,0,Turkey,domestic league (tier 2)
2022/09/18,1. Lig,0,Bodrumspor,1364,1363.0,1 - 1,Manisa FK,1417,1418.0,1,1,Turkey,domestic league (tier 2)
2022/10/08,1. Lig,0,Bodrumspor,1359,1374.0,5 - 0,Sakaryaspor,1369,1354.0,5,0,Turkey,domestic league (tier 2)
2022/10/23,1. Lig,0,Bodrumspor,1390,1391.0,1 - 1,Bandirmaspor,1515,1514.0,1,1,Turkey,domestic league (tier 2)
2022/11/05,1. Lig,0,Bodrumspor,1391,1402.0,1 - 0,Boluspor,1514,1503.0,1,0,Turkey,domestic league (tier 2)
2022/11/20,1. Lig,0,Bodrumspor,1402,1390.0,1 - 2,Tuzlaspor,1423,1435.0,1,2,Turkey,domestic league (tier 2)
2022/12/03,1. Lig,0,Bodrumspor,1393,1404.0,2 - 0,Gençlerbirligi,1390,1379.0,2,0,Turkey,domestic league (tier 2)
2022/12/17,1. Lig,0,Bodrumspor,1422,1423.0,0 - 0,Samsunspor,1573,1572.0,0,0,Turkey,domestic league (tier 2)
2023/01/22,1. Lig,0,Bodrumspor,1455,1445.0,1 - 2,Keçiörengücü,1544,1554.0,1,2,Turkey,domestic league (tier 2)
2023/03/05,1. Lig,0,Bodrumspor,1452,1464.0,2 - 0,Altay Izmir,1470,1458.0,2,0,Turkey,domestic league (tier 2)
2023/03/12,1. Lig,0,Bodrumspor,1456,1447.0,1 - 2,Çaykur Rizespor,1606,1615.0,1,2,Turkey,domestic league (tier 2)
2023/03/26,1. Lig,0,Bodrumspor,1439,1437.0,0 - 0,BB Erzurumspor,1455,1457.0,0,0,Turkey,domestic league (tier 2)
2023/04/11,1. Lig,0,Bodrumspor,1486,1483.0,2 - 2,Pendikspor,1489,1492.0,2,2,Turkey,domestic league (tier 2)
2023/04/23,1. Lig,0,Bodrumspor,1494,1498.0,1 - 0,Denizlispor,1331,1327.0,1,0,Turkey,domestic league (tier 2)
2023/05/07,1. Lig,0,Bodrumspor,1488,1492.0,1 - 0,Altinordu FK,1371,1367.0,1,0,Turkey,domestic league (tier 2)
2023/05/21,1. Lig,0,Bodrumspor,1509,1508.0,1 - 1,Göztepe,1560,1561.0,1,1,Turkey,domestic league (tier 2)
2023/05/26,1. Lig,0,Bodrumspor,1508,1521.0,3 - 1,Göztepe,1561,1548.0,3,1,Turkey,domestic league (tier 2)
2023/06/04,1. Lig,0,Bodrumspor,1513,1524.0,2 - 0,Eyüpspor,1506,1495.0,2,0,Turkey,domestic league (tier 2)
2023/08/19,1. Lig,0,Bodrumspor,1529,1524.0,0 - 0,Erzurumspor FK,1439,1444.0,0,0,Turkey,domestic league (tier 2)
2023/09/03,1. Lig,0,Bodrumspor,1515,1530.0,4 - 0,Ümraniyespor,1549,1534.0,4,0,Turkey,domestic league (tier 2)
2023/10/01,1. Lig,0,Bodrumspor,1546,1550.0,2 - 1,Çorum FK,1398,1394.0,2,1,Turkey,domestic league (tier 2)
2023/10/22,1. Lig,0,Bodrumspor,1537,1543.0,2 - 1,Bandirmaspor,1506,1500.0,2,1,Turkey,domestic league (tier 2)
2023/11/05,1. Lig,0,Bodrumspor,1532,1541.0,2 - 0,Manisa FK,1478,1469.0,2,0,Turkey,domestic league (tier 2)
2023/11/25,1. Lig,0,Bodrumspor,1542,1526.0,0 - 1,Adanaspor,1377,1393.0,0,1,Turkey,domestic league (tier 2)
2023/12/09,1. Lig,0,Bodrumspor,1541,1534.0,1 - 1,Tuzlaspor,1357,1364.0,1,1,Turkey,domestic league (tier 2)
2023/12/24,1. Lig,0,Bodrumspor,1536,1551.0,3 - 0,Göztepe,1595,1580.0,3,0,Turkey,domestic league (tier 2)
2024/01/13,1. Lig,0,Bodrumspor,1551,1560.0,4 - 0,Giresunspor,1447,1438.0,4,0,Turkey,domestic league (tier 2)
2024/01/28,1. Lig,0,Bodrumspor,1545,1551.0,1 - 0,Gençlerbirligi,1481,1475.0,1,0,Turkey,domestic league (tier 2)
2024/02/10,1. Lig,0,Bodrumspor,1563,1559.0,0 - 0,Sakaryaspor,1507,1511.0,0,0,Turkey,domestic league (tier 2)
2024/02/18,1. Lig,0,Bodrumspor,1559,1564.0,3 - 0,Altay Izmir,1345,1340.0,3,0,Turkey,domestic league (tier 2)
2024/03/02,1. Lig,0,Bodrumspor,1554,1543.0,0 - 1,Eyüpspor,1618,1629.0,0,1,Turkey,domestic league (tier 2)
2024/03/17,1. Lig,0,Bodrumspor,1545,1540.0,1 - 1,Boluspor,1472,1477.0,1,1,Turkey,domestic league (tier 2)
2024/04/06,1. Lig,0,Bodrumspor,1550,1544.0,0 - 0,Keçiörengücü,1414,1420.0,0,0,Turkey,domestic league (tier 2)
2024/04/21,1. Lig,0,Bodrumspor,1542,1547.0,2 - 1,Sanliurfaspor,1446,1441.0,2,1,Turkey,domestic league (tier 2)
2024/05/05,1. Lig,0,Bodrumspor,1546,1556.0,3 - 0,Kocaelispor,1489,1479.0,3,0,Turkey,domestic league (tier 2)
2016/08/21,1. Lig,0,Boluspor,1445,1467.0,4 - 1,Sivasspor,1644,1622.0,4,1,Turkey,domestic league (tier 2)
2016/09/10,1. Lig,0,Boluspor,1488,1468.0,0 - 2,Mersin Idmanyurdu,1473,1493.0,0,2,Turkey,domestic league (tier 2)
2016/09/25,1. Lig,0,Boluspor,1468,1476.0,2 - 1,Samsunspor,1500,1492.0,2,1,Turkey,domestic league (tier 2)
2016/10/16,1. Lig,0,Boluspor,1482,1491.0,2 - 0,Denizlispor,1437,1428.0,2,0,Turkey,domestic league (tier 2)
2016/10/29,1. Lig,0,Boluspor,1504,1512.0,2 - 1,Gaziantep FK (as Gazisehir Gaziantep FK),1516,1508.0,2,1,Turkey,domestic league (tier 2)
2016/11/19,1. Lig,0,Boluspor,1504,1512.0,3 - 2,Altinordu FK,1528,1520.0,3,2,Turkey,domestic league (tier 2)
2016/12/04,1. Lig,0,Boluspor,1492,1481.0,2 - 3,Balikesirspor,1548,1559.0,2,3,Turkey,domestic league (tier 2)
2016/12/24,1. Lig,0,Boluspor,1488,1462.0,1 - 5,Yeni Malatyaspor,1457,1483.0,1,5,Turkey,domestic league (tier 2)
2017/01/29,1. Lig,0,Boluspor,1457,1445.0,1 - 2,Elazigspor,1483,1495.0,1,2,Turkey,domestic league (tier 2)
2017/02/19,1. Lig,0,Boluspor,1447,1455.0,1 - 0,Ümraniyespor,1475,1467.0,1,0,Turkey,domestic league (tier 2)
2017/03/04,1. Lig,0,Boluspor,1441,1442.0,2 - 2,Eskisehirspor,1589,1588.0,2,2,Turkey,domestic league (tier 2)
2017/03/18,1. Lig,0,Boluspor,1435,1453.0,4 - 1,Giresunspor,1545,1527.0,4,1,Turkey,domestic league (tier 2)
2017/04/07,1. Lig,0,Boluspor,1465,1472.0,1 - 0,Göztepe,1469,1462.0,1,0,Turkey,domestic league (tier 2)
2017/04/23,1. Lig,0,Boluspor,1462,1471.0,4 - 1,Bandirmaspor,1365,1356.0,4,1,Turkey,domestic league (tier 2)
2017/05/04,1. Lig,0,Boluspor,1485,1492.0,2 - 1,Adana Demirspor,1477,1470.0,2,1,Turkey,domestic league (tier 2)
2017/05/07,1. Lig,0,Boluspor,1492,1471.0,0 - 2,Sanliurfaspor,1433,1454.0,0,2,Turkey,domestic league (tier 2)
2017/05/20,1. Lig,0,Boluspor,1475,1488.0,4 - 0,Manisaspor,1466,1453.0,4,0,Turkey,domestic league (tier 2)
2017/05/29,1. Lig,0,Boluspor,1476,1457.0,0 - 2,Göztepe,1482,1501.0,0,2,Turkey,domestic league (tier 2)
2017/08/13,1. Lig,0,Boluspor,1457,1456.0,2 - 2,Giresunspor,1508,1509.0,2,2,Turkey,domestic league (tier 2)
2017/08/27,1. Lig,0,Boluspor,1450,1447.0,0 - 0,Gaziantep FK (as Gazisehir Gaziantep FK),1435,1438.0,0,0,Turkey,domestic league (tier 2)
2017/09/16,1. Lig,0,Boluspor,1440,1452.0,3 - 1,Adana Demirspor,1478,1466.0,3,1,Turkey,domestic league (tier 2)
2017/09/29,1. Lig,0,Boluspor,1470,1460.0,1 - 2,Altinordu FK,1570,1580.0,1,2,Turkey,domestic league (tier 2)
2017/10/22,1. Lig,0,Boluspor,1448,1431.0,2 - 4,Balikesirspor,1507,1524.0,2,4,Turkey,domestic league (tier 2)
2017/11/05,1. Lig,0,Boluspor,1428,1436.0,1 - 0,Samsunspor,1460,1452.0,1,0,Turkey,domestic league (tier 2)
2017/12/03,1. Lig,0,Boluspor,1499,1506.0,1 - 0,Adanaspor,1509,1502.0,1,0,Turkey,domestic league (tier 2)
2017/12/16,1. Lig,0,Boluspor,1515,1530.0,3 - 0,Eskisehirspor,1556,1541.0,3,0,Turkey,domestic league (tier 2)
2018/01/28,1. Lig,0,Boluspor,1558,1545.0,0 - 1,Ümraniyespor,1547,1560.0,0,1,Turkey,domestic league (tier 2)
2018/02/10,1. Lig,0,Boluspor,1532,1540.0,3 - 0,Manisaspor,1431,1423.0,3,0,Turkey,domestic league (tier 2)
2018/02/22,1. Lig,0,Boluspor,1555,1549.0,1 - 1,BB Erzurumspor,1427,1433.0,1,1,Turkey,domestic league (tier 2)
2018/03/04,1. Lig,0,Boluspor,1573,1581.0,3 - 1,MKE Ankaragücü,1494,1486.0,3,1,Turkey,domestic league (tier 2)
2018/03/10,1. Lig,0,Boluspor,1598,1586.0,0 - 1,Çaykur Rizespor,1629,1641.0,0,1,Turkey,domestic league (tier 2)
2018/03/31,1. Lig,0,Boluspor,1585,1588.0,2 - 0,Gaziantepspor,1296,1293.0,2,0,Turkey,domestic league (tier 2)
2018/04/08,1. Lig,0,Boluspor,1588,1597.0,2 - 0,Elazigspor,1538,1529.0,2,0,Turkey,domestic league (tier 2)
2018/04/21,1. Lig,0,Boluspor,1606,1611.0,3 - 1,Istanbulspor AS,1433,1428.0,3,1,Turkey,domestic league (tier 2)
2018/05/05,1. Lig,0,Boluspor,1610,1614.0,1 - 0,Denizlispor,1463,1459.0,1,0,Turkey,domestic league (tier 2)
2018/05/15,1. Lig,0,Boluspor,1604,1582.0,1 - 3,Gaziantep FK (as Gazisehir Gaziantep FK),1533,1555.0,1,3,Turkey,domestic league (tier 2)
2018/08/11,1. Lig,0,Boluspor,1582,1591.0,1 - 0,Ankaraspor (as Osmanlispor FK),1664,1655.0,1,0,Turkey,domestic league (tier 2)
2018/08/24,1. Lig,0,Boluspor,1601,1608.0,3 - 1,Ümraniyespor,1508,1501.0,3,1,Turkey,domestic league (tier 2)
2018/09/16,1. Lig,0,Boluspor,1614,1607.0,0 - 0,Altay Izmir,1433,1440.0,0,0,Turkey,domestic league (tier 2)
2018/10/07,1. Lig,0,Boluspor,1625,1619.0,1 - 1,Giresunspor,1507,1513.0,1,1,Turkey,domestic league (tier 2)
2018/10/27,1. Lig,0,Boluspor,1629,1618.0,0 - 1,Gençlerbirligi,1681,1692.0,0,1,Turkey,domestic league (tier 2)
2018/11/10,1. Lig,0,Boluspor,1626,1611.0,1 - 2,Denizlispor,1519,1534.0,1,2,Turkey,domestic league (tier 2)
2018/12/01,1. Lig,0,Boluspor,1603,1587.0,2 - 3,Adana Demirspor,1465,1481.0,2,3,Turkey,domestic league (tier 2)
2018/12/16,1. Lig,0,Boluspor,1568,1565.0,1 - 1,Altinordu FK,1559,1562.0,1,1,Turkey,domestic league (tier 2)
2019/01/26,1. Lig,0,Boluspor,1551,1559.0,3 - 0,Elazigspor,1446,1438.0,3,0,Turkey,domestic league (tier 2)
2019/02/10,1. Lig,0,Boluspor,1549,1541.0,1 - 1,Afjet Afyonspor,1309,1317.0,1,1,Turkey,domestic league (tier 2)
2019/02/23,1. Lig,0,Boluspor,1531,1516.0,0 - 1,Adanaspor,1444,1459.0,0,1,Turkey,domestic league (tier 2)
2019/03/03,1. Lig,0,Boluspor,1516,1522.0,2 - 1,Istanbulspor AS,1450,1444.0,2,1,Turkey,domestic league (tier 2)
2019/03/17,1. Lig,0,Boluspor,1507,1515.0,1 - 0,Balikesirspor,1524,1516.0,1,0,Turkey,domestic league (tier 2)
2019/04/06,1. Lig,0,Boluspor,1520,1523.0,4 - 0,Karabükspor,1218,1215.0,4,0,Turkey,domestic league (tier 2)
2019/04/21,1. Lig,0,Boluspor,1527,1536.0,1 - 0,Gaziantep FK (as Gazisehir Gaziantep FK),1602,1593.0,1,0,Turkey,domestic league (tier 2)
2019/05/03,1. Lig,0,Boluspor,1523,1505.0,1 - 4,Hatayspor,1613,1631.0,1,4,Turkey,domestic league (tier 2)
2019/05/17,1. Lig,0,Boluspor,1495,1501.0,3 - 2,Eskisehirspor,1435,1429.0,3,2,Turkey,domestic league (tier 2)
2019/08/23,1. Lig,0,Boluspor,1497,1496.0,0 - 0,Adana Demirspor,1563,1564.0,0,0,Turkey,domestic league (tier 2)
2019/09/14,1. Lig,0,Boluspor,1491,1471.0,0 - 2,Altay Izmir,1471,1491.0,0,2,Turkey,domestic league (tier 2)
2019/09/28,1. Lig,0,Boluspor,1476,1463.0,1 - 2,Istanbulspor AS,1484,1497.0,1,2,Turkey,domestic league (tier 2)
2019/10/20,1. Lig,0,Boluspor,1456,1465.0,2 - 0,Giresunspor,1420,1411.0,2,0,Turkey,domestic league (tier 2)
2019/10/25,1. Lig,0,Boluspor,1465,1480.0,3 - 1,Keçiörengücü,1574,1559.0,3,1,Turkey,domestic league (tier 2)
2019/11/10,1. Lig,0,Boluspor,1481,1482.0,1 - 1,Bursaspor,1626,1625.0,1,1,Turkey,domestic league (tier 2)
2019/12/01,1. Lig,0,Boluspor,1472,1467.0,2 - 2,Menemen Belediyespor,1391,1396.0,2,2,Turkey,domestic league (tier 2)
2019/12/14,1. Lig,0,Boluspor,1462,1445.0,0 - 2,Fatih Karagümrük SK,1510,1527.0,0,2,Turkey,domestic league (tier 2)
2019/12/29,1. Lig,0,Boluspor,1452,1448.0,1 - 1,Eskisehirspor,1411,1415.0,1,1,Turkey,domestic league (tier 2)
2020/01/19,1. Lig,0,Boluspor,1448,1433.0,0 - 2,Ankaraspor (as Osmanlispor FK),1546,1561.0,0,2,Turkey,domestic league (tier 2)
2020/02/01,1. Lig,0,Boluspor,1439,1442.0,1 - 1,BB Erzurumspor,1641,1638.0,1,1,Turkey,domestic league (tier 2)
2020/02/15,1. Lig,0,Boluspor,1436,1435.0,1 - 1,Ümraniyespor,1494,1495.0,1,1,Turkey,domestic league (tier 2)
2020/02/27,1. Lig,0,Boluspor,1439,1438.0,1 - 1,Balikesirspor,1490,1491.0,1,1,Turkey,domestic league (tier 2)
2020/03/10,1. Lig,0,Boluspor,1443,1449.0,2 - 1,Adanaspor,1389,1383.0,2,1,Turkey,domestic league (tier 2)
2020/06/21,1. Lig,0,Boluspor,1456,1455.0,0 - 0,Altinordu FK,1513,1514.0,0,0,Turkey,domestic league (tier 2)
2020/07/01,1. Lig,0,Boluspor,1457,1470.0,1 - 0,Hatayspor,1656,1643.0,1,0,Turkey,domestic league (tier 2)
2020/07/12,1. Lig,0,Boluspor,1463,1454.0,0 - 1,Akhisar Belediyespor,1610,1619.0,0,1,Turkey,domestic league (tier 2)
2020/09/12,1. Lig,0,Boluspor,1472,1462.0,0 - 1,Keçiörengücü,1559,1569.0,0,1,Turkey,domestic league (tier 2)
2020/09/28,1. Lig,0,Boluspor,1469,1457.0,1 - 2,Altinordu FK,1506,1518.0,1,2,Turkey,domestic league (tier 2)
2020/10/18,1. Lig,0,Boluspor,1450,1436.0,1 - 2,Tuzlaspor,1416,1430.0,1,2,Turkey,domestic league (tier 2)
2020/10/26,1. Lig,0,Boluspor,1439,1435.0,0 - 0,Menemen Belediyespor,1403,1407.0,0,0,Turkey,domestic league (tier 2)
2020/11/21,1. Lig,0,Boluspor,1442,1453.0,2 - 0,Ankaraspor,1439,1428.0,2,0,Turkey,domestic league (tier 2)
2020/12/05,1. Lig,0,Boluspor,1457,1467.0,1 - 0,Altay Izmir,1559,1549.0,1,0,Turkey,domestic league (tier 2)
2020/12/13,1. Lig,0,Boluspor,1486,1471.0,0 - 1,Bandirmaspor,1409,1424.0,0,1,Turkey,domestic league (tier 2)
2020/12/26,1. Lig,0,Boluspor,1461,1444.0,0 - 2,Istanbulspor AS,1523,1540.0,0,2,Turkey,domestic league (tier 2)
2021/01/31,1. Lig,0,Boluspor,1458,1450.0,1 - 2,Adana Demirspor,1635,1643.0,1,2,Turkey,domestic league (tier 2)
2021/02/14,1. Lig,0,Boluspor,1444,1435.0,0 - 1,Giresunspor,1580,1589.0,0,1,Turkey,domestic league (tier 2)
2021/02/25,1. Lig,0,Boluspor,1449,1445.0,0 - 0,Balikesirspor,1417,1421.0,0,0,Turkey,domestic league (tier 2)
2021/03/07,1. Lig,0,Boluspor,1468,1477.0,2 - 1,Bursaspor,1526,1517.0,2,1,Turkey,domestic league (tier 2)
2021/03/13,1. Lig,0,Boluspor,1477,1463.0,0 - 1,Akhisar Belediyespor,1445,1459.0,0,1,Turkey,domestic league (tier 2)
2021/04/04,1. Lig,0,Boluspor,1473,1457.0,1 - 2,Adanaspor,1356,1372.0,1,2,Turkey,domestic league (tier 2)
2021/04/15,1. Lig,0,Boluspor,1473,1452.0,1 - 4,Ümraniyespor,1499,1520.0,1,4,Turkey,domestic league (tier 2)
2021/04/25,1. Lig,0,Boluspor,1465,1450.0,0 - 2,Samsunspor,1561,1576.0,0,2,Turkey,domestic league (tier 2)
2021/05/07,1. Lig,0,Boluspor,1456,1460.0,3 - 0,Eskisehirspor,1211,1207.0,3,0,Turkey,domestic league (tier 2)
2021/09/12,1. Lig,0,Boluspor,1440,1447.0,2 - 0,Kocaelispor,1339,1332.0,2,0,Turkey,domestic league (tier 2)
2021/09/20,1. Lig,0,Boluspor,1474,1473.0,1 - 1,Istanbulspor AS,1538,1539.0,1,1,Turkey,domestic league (tier 2)
2021/10/03,1. Lig,0,Boluspor,1467,1464.0,0 - 0,Denizlispor,1473,1476.0,0,0,Turkey,domestic league (tier 2)
2021/10/23,1. Lig,0,Boluspor,1453,1459.0,1 - 0,Menemen Belediyespor,1403,1397.0,1,0,Turkey,domestic league (tier 2)
2021/11/06,1. Lig,0,Boluspor,1457,1455.0,0 - 0,Bandirmaspor,1502,1504.0,0,0,Turkey,domestic league (tier 2)
2021/11/27,1. Lig,0,Boluspor,1451,1465.0,3 - 1,Eyüpspor,1524,1510.0,3,1,Turkey,domestic league (tier 2)
2021/12/01,Turkey Cup,0,Boluspor,1465,1469.0,4 - 2,Orduspor,1254,1250.0,4,2,Turkey,domestic cup
2021/12/11,1. Lig,0,Boluspor,1485,1480.0,0 - 0,Adanaspor,1372,1377.0,0,0,Turkey,domestic league (tier 2)
2021/12/18,1. Lig,0,Boluspor,1485,1470.0,0 - 2,MKE Ankaragücü,1590,1605.0,0,2,Turkey,domestic league (tier 2)
2022/01/09,1. Lig,0,Boluspor,1462,1466.0,1 - 0,Balikesirspor,1309,1305.0,1,0,Turkey,domestic league (tier 2)
2022/02/12,1. Lig,0,Boluspor,1476,1475.0,0 - 0,Keçiörengücü,1526,1527.0,0,0,Turkey,domestic league (tier 2)
2022/02/19,1. Lig,0,Boluspor,1491,1501.0,3 - 1,Gençlerbirligi,1460,1450.0,3,1,Turkey,domestic league (tier 2)
2022/03/02,1. Lig,0,Boluspor,1488,1474.0,0 - 1,Tuzlaspor,1423,1437.0,0,1,Turkey,domestic league (tier 2)
2022/03/06,1. Lig,0,Boluspor,1474,1470.0,1 - 1,Bursaspor,1444,1448.0,1,1,Turkey,domestic league (tier 2)
2022/04/02,1. Lig,0,Boluspor,1462,1447.0,1 - 2,Manisa FK,1384,1399.0,1,2,Turkey,domestic league (tier 2)
2022/04/16,1. Lig,0,Boluspor,1439,1425.0,0 - 2,BB Erzurumspor,1560,1574.0,0,2,Turkey,domestic league (tier 2)
2022/04/24,1. Lig,0,Boluspor,1448,1434.0,0 - 2,Ümraniyespor,1575,1589.0,0,2,Turkey,domestic league (tier 2)
2022/05/08,1. Lig,0,Boluspor,1446,1455.0,2 - 1,Samsunspor,1520,1511.0,2,1,Turkey,domestic league (tier 2)
2022/05/20,1. Lig,0,Boluspor,1471,1478.0,2 - 1,Altinordu FK,1473,1466.0,2,1,Turkey,domestic league (tier 2)
2022/08/19,1. Lig,0,Boluspor,1489,1476.0,1 - 2,Gençlerbirligi,1475,1488.0,1,2,Turkey,domestic league (tier 2)
2022/08/27,1. Lig,0,Boluspor,1476,1472.0,1 - 1,Altinordu FK,1445,1449.0,1,1,Turkey,domestic league (tier 2)
2022/09/09,1. Lig,0,Boluspor,1481,1489.0,1 - 0,Göztepe,1515,1507.0,1,0,Turkey,domestic league (tier 2)
2022/10/02,1. Lig,0,Boluspor,1489,1485.0,0 - 0,Tuzlaspor,1445,1449.0,0,0,Turkey,domestic league (tier 2)
2022/10/14,1. Lig,0,Boluspor,1490,1501.0,3 - 0,Denizlispor,1447,1436.0,3,0,Turkey,domestic league (tier 2)
2022/10/19,Turkey Cup,0,Boluspor,1501,1505.0,1 - 0,Fethiyespor,1373,1369.0,1,0,Turkey,domestic cup
2022/10/30,1. Lig,0,Boluspor,1509,1514.0,1 - 0,Adanaspor,1411,1406.0,1,0,Turkey,domestic league (tier 2)
2022/11/12,1. Lig,0,Boluspor,1503,1508.0,1 - 0,Yeni Malatyaspor,1430,1425.0,1,0,Turkey,domestic league (tier 2)
2022/11/26,1. Lig,0,Boluspor,1503,1507.0,1 - 0,Sakaryaspor,1366,1362.0,1,0,Turkey,domestic league (tier 2)
2022/12/11,1. Lig,0,Boluspor,1494,1492.0,2 - 2,Bandirmaspor,1520,1522.0,2,2,Turkey,domestic league (tier 2)
2022/12/25,1. Lig,0,Boluspor,1492,1503.0,3 - 1,BB Erzurumspor,1488,1477.0,3,1,Turkey,domestic league (tier 2)
2023/01/14,1. Lig,0,Boluspor,1503,1512.0,3 - 1,Manisa FK,1454,1445.0,3,1,Turkey,domestic league (tier 2)
2023/02/04,1. Lig,0,Boluspor,1488,1467.0,1 - 3,Pendikspor,1445,1466.0,1,3,Turkey,domestic league (tier 2)
2023/03/19,1. Lig,0,Boluspor,1462,1477.0,3 - 1,Keçiörengücü,1557,1542.0,3,1,Turkey,domestic league (tier 2)
2023/03/28,1. Lig,0,Boluspor,1488,1472.0,1 - 5,Samsunspor,1638,1654.0,1,5,Turkey,domestic league (tier 2)
2023/04/07,1. Lig,0,Boluspor,1472,1449.0,1 - 4,Bodrumspor,1463,1486.0,1,4,Turkey,domestic league (tier 2)
2023/04/17,1. Lig,0,Boluspor,1449,1437.0,0 - 2,Çaykur Rizespor,1631,1643.0,0,2,Turkey,domestic league (tier 2)
2023/04/30,1. Lig,0,Boluspor,1440,1438.0,0 - 0,Altay Izmir,1454,1456.0,0,0,Turkey,domestic league (tier 2)
2023/05/16,1. Lig,0,Boluspor,1431,1444.0,2 - 0,Eyüpspor,1492,1479.0,2,0,Turkey,domestic league (tier 2)
2023/08/11,1. Lig,0,Boluspor,1433,1413.0,0 - 2,Adanaspor,1402,1422.0,0,2,Turkey,domestic league (tier 2)
2023/08/27,1. Lig,0,Boluspor,1417,1416.0,1 - 1,Sanliurfaspor,1481,1482.0,1,1,Turkey,domestic league (tier 2)
2023/09/02,1. Lig,0,Boluspor,1416,1415.0,0 - 0,Keçiörengücü,1473,1474.0,0,0,Turkey,domestic league (tier 2)
2023/09/22,1. Lig,0,Boluspor,1407,1412.0,2 - 1,Tuzlaspor,1336,1331.0,2,1,Turkey,domestic league (tier 2)
2023/10/08,1. Lig,0,Boluspor,1406,1393.0,0 - 2,Göztepe,1542,1555.0,0,2,Turkey,domestic league (tier 2)
2023/10/28,1. Lig,0,Boluspor,1409,1420.0,2 - 1,Bodrumspor,1543,1532.0,2,1,Turkey,domestic league (tier 2)
2023/11/12,1. Lig,0,Boluspor,1424,1412.0,2 - 3,Sakaryaspor,1462,1474.0,2,3,Turkey,domestic league (tier 2)
2023/12/02,1. Lig,0,Boluspor,1427,1412.0,0 - 3,Eyüpspor,1584,1599.0,0,3,Turkey,domestic league (tier 2)
2023/12/21,1. Lig,0,Boluspor,1423,1431.0,1 - 0,Manisa FK,1452,1444.0,1,0,Turkey,domestic league (tier 2)
2024/01/20,1. Lig,0,Boluspor,1421,1431.0,2 - 1,Bandirmaspor,1510,1500.0,2,1,Turkey,domestic league (tier 2)
2024/02/11,1. Lig,0,Boluspor,1455,1454.0,1 - 1,Kocaelispor,1504,1505.0,1,1,Turkey,domestic league (tier 2)
2024/02/25,1. Lig,0,Boluspor,1465,1473.0,1 - 0,Erzurumspor FK,1477,1469.0,1,0,Turkey,domestic league (tier 2)
2024/03/08,1. Lig,0,Boluspor,1467,1472.0,2 - 1,Giresunspor,1364,1359.0,2,1,Turkey,domestic league (tier 2)
2024/04/02,1. Lig,0,Boluspor,1477,1464.0,1 - 2,Gençlerbirligi,1478,1491.0,1,2,Turkey,domestic league (tier 2)
2024/04/13,1. Lig,0,Boluspor,1455,1463.0,1 - 0,Ümraniyespor,1471,1463.0,1,0,Turkey,domestic league (tier 2)
2024/04/28,1. Lig,0,Boluspor,1469,1474.0,3 - 1,Altay Izmir,1276,1271.0,3,1,Turkey,domestic league (tier 2)
2024/05/11,1. Lig,0,Boluspor,1466,1474.0,2 - 1,Çorum FK,1495,1487.0,2,1,Turkey,domestic league (tier 2)
2024/08/11,1. Lig,0,Boluspor,1458,1441.0,0 - 1,Igdir FK,1272,1289.0,0,1,Turkey,domestic league (tier 2)
2024/08/24,1. Lig,0,Boluspor,1445,1448.0,2 - 1,Erokspor,1268,1265.0,2,1,Turkey,domestic league (tier 2)
2024/09/13,1. Lig,0,Boluspor,1450,1440.0,1 - 2,Pendikspor,1542,1552.0,1,2,Turkey,domestic league (tier 2)
2024/09/28,1. Lig,0,Boluspor,1439,1451.0,2 - 0,Manisa FK,1475,1463.0,2,0,Turkey,domestic league (tier 2)
2024/10/20,1. Lig,0,Boluspor,1444,1456.0,2 - 0,Çorum FK,1484,1472.0,2,0,Turkey,domestic league (tier 2)
2024/11/01,1. Lig,0,Boluspor,1470,1484.0,3 - 0,Ümraniyespor,1507,1493.0,3,0,Turkey,domestic league (tier 2)
2024/11/23,1. Lig,0,Boluspor,1475,1482.0,1 - 0,Sanliurfaspor,1469,1462.0,1,0,Turkey,domestic league (tier 2)
2024/12/08,1. Lig,0,Boluspor,1475,1466.0,2 - 3,MKE Ankaragücü,1622,1631.0,2,3,Turkey,domestic league (tier 2)
2024/12/22,1. Lig,0,Boluspor,1473,1455.0,1 - 3,Kocaelispor,1505,1523.0,1,3,Turkey,domestic league (tier 2)
2025/01/12,1. Lig,0,Boluspor,1463,1470.0,3 - 1,Adanaspor,1357,1350.0,3,1,Turkey,domestic league (tier 2)
2025/01/25,1. Lig,0,Boluspor,1479,1460.0,0 - 2,Gençlerbirligi,1479,1498.0,0,2,Turkey,domestic league (tier 2)
2025/02/06,Turkey Cup,0,Boluspor,1460,1458.0,1 - 4,Galatasaray,2016,2018.0,1,4,Turkey,domestic cup
2025/02/09,1. Lig,0,Boluspor,1458,1455.0,1 - 1,Keçiörengücü,1453,1456.0,1,1,Turkey,domestic league (tier 2)
2025/02/16,1. Lig,0,Boluspor,1449,1445.0,0 - 0,Amed SK,1381,1385.0,0,0,Turkey,domestic league (tier 2)
2025/03/02,1. Lig,0,Boluspor,1457,1455.0,0 - 0,Erzurumspor FK,1478,1480.0,0,0,Turkey,domestic league (tier 2)
2025/03/10,1. Lig,0,Boluspor,1475,1484.0,1 - 0,Istanbulspor AS,1556,1547.0,1,0,Turkey,domestic league (tier 2)
2025/03/28,1. Lig,0,Boluspor,1477,1475.0,0 - 0,Bandirmaspor,1515,1517.0,0,0,Turkey,domestic league (tier 2)
2025/04/09,1. Lig,0,Boluspor,1466,1477.0,3 - 1,Sakaryaspor,1463,1452.0,3,1,Turkey,domestic league (tier 2)
2025/04/19,1. Lig,0,Boluspor,1480,1491.0,1 - 0,Fatih Karagümrük,1625,1614.0,1,0,Turkey,domestic league (tier 2)
2025/05/04,1. Lig,0,Boluspor,1506,1509.0,10 - 1,Yeni Malatyaspor,1115,1112.0,10,1,Turkey,domestic league (tier 2)
2025/05/19,1. Lig,0,Boluspor,1540,1518.0,1 - 4,Bandirmaspor,1541,1563.0,1,4,Turkey,domestic league (tier 2)
2025/08/10,1. Lig,0,Boluspor,1512,1494.0,2 - 3,Vanspor FK,1261,1279.0,2,3,Turkey,domestic league (tier 2)
2025/08/24,1. Lig,0,Boluspor,1495,1501.0,2 - 1,Keçiörengücü,1455,1449.0,2,1,Turkey,domestic league (tier 2)
2025/09/13,1. Lig,0,Boluspor,1522,1530.0,2 - 0,Manisa FK,1434,1426.0,2,0,Turkey,domestic league (tier 2)
2025/09/23,1. Lig,0,Boluspor,1533,1518.0,0 - 1,Ümraniyespor,1420,1435.0,0,1,Turkey,domestic league (tier 2)
2025/10/03,1. Lig,0,Boluspor,1522,1501.0,1 - 3,Erokspor,1474,1495.0,1,3,Turkey,domestic league (tier 2)
2025/11/02,1. Lig,0,Boluspor,1507,1525.0,3 - 0,Bodrum FK,1608,1590.0,3,0,Turkey,domestic league (tier 2)
2025/11/22,1. Lig,0,Boluspor,1518,1530.0,4 - 1,Amed SFK,1498,1486.0,4,1,Turkey,domestic league (tier 2)
2025/12/07,1. Lig,0,Boluspor,1524,1536.0,2 - 0,Erzurumspor FK,1557,1545.0,2,0,Turkey,domestic league (tier 2)
2025/12/20,1. Lig,0,Boluspor,1548,1534.0,1 - 2,Pendikspor,1519,1533.0,1,2,Turkey,domestic league (tier 2)
2025/12/24,Turkey Cup,0,Boluspor,1534,1528.0,0 - 0,Fethiyespor,1387,1393.0,0,0,Turkey,domestic cup
2026/01/18,1. Lig,0,Boluspor,1547,1532.0,1 - 2,Sariyer SK,1435,1450.0,1,2,Turkey,domestic league (tier 2)
2026/02/01,1. Lig,0,Boluspor,1517,1524.0,2 - 0,Sakaryaspor,1394,1387.0,2,0,Turkey,domestic league (tier 2)
2026/02/04,Turkey Cup,0,Boluspor,1524,1510.0,0 - 4,Alanyaspor,1709,1723.0,0,4,Turkey,domestic cup
2026/02/13,1. Lig,0,Boluspor,1495,1500.0,3 - 1,Hatayspor,1331,1326.0,3,1,Turkey,domestic league (tier 2)
2026/02/21,1. Lig,0,Boluspor,1486,1474.0,0 - 1,Istanbulspor AS,1507,1519.0,0,1,Turkey,domestic league (tier 2)
2026/03/08,1. Lig,0,Boluspor,1471,1483.0,2 - 0,Igdir FK,1506,1494.0,2,0,Turkey,domestic league (tier 2)
2026/03/12,1. Lig,0,Boluspor,1483,1471.0,1 - 2,Çorum FK,1527,1539.0,1,2,Turkey,domestic league (tier 2)
2026/03/21,1. Lig,0,Boluspor,1463,1461.0,0 - 0,Bandirmaspor,1501,1503.0,0,0,Turkey,domestic league (tier 2)
2026/04/09,1. Lig,0,Boluspor,1453,1442.0,1 - 2,Sivasspor,1531,1542.0,1,2,Turkey,domestic league (tier 2)
2026/04/19,1. Lig,0,Boluspor,1438,1442.0,6 - 0,Adana Demirspor,1166,1162.0,6,0,Turkey,domestic league (tier 2)
2026/05/01,1. Lig,0,Boluspor,1433,1439.0,3 - 1,Serik Belediyespor,1299,1293.0,3,1,Turkey,domestic league (tier 2)
2026/08/07,1. Lig,0,Boluspor,1439,1427.0,1 - 2,Manisa FK,1475,1487.0,1,2,Turkey,domestic league (tier 2)
2026/08/23,1. Lig,0,Boluspor,1410,1383.0,0 - 3,Mardin 1969 SK,1294,1321.0,0,3,Turkey,domestic league (tier 2)
2026/09/01,1. Lig,0,Boluspor,1368,1356.0,0 - 2,Keçiörengücü,1530,1542.0,0,2,Turkey,domestic league (tier 2)
2016/08/28,Süperlig,0,Bursaspor,1738,1721.0,0 - 2,Istanbul Basaksehir (as Istanbul Basaksehir F.K.),1798,1815.0,0,2,Turkey,domestic league (tier 1)
2016/09/16,Süperlig,0,Bursaspor,1738,1745.0,3 - 1,Kayserispor,1642,1635.0,3,1,Turkey,domestic league (tier 1)
2016/09/25,Süperlig,0,Bursaspor,1745,1750.0,1 - 0,Kasimpasa SK,1675,1670.0,1,0,Turkey,domestic league (tier 1)
2016/10/16,Süperlig,0,Bursaspor,1739,1738.0,0 - 0,Ankaraspor (as Osmanlispor FK),1801,1802.0,0,0,Turkey,domestic league (tier 1)
2016/10/29,Süperlig,0,Bursaspor,1752,1764.0,2 - 0,Konyaspor,1791,1779.0,2,0,Turkey,domestic league (tier 1)
2016/11/19,Süperlig,0,Bursaspor,1763,1758.0,0 - 0,Akhisar Belediyespor,1662,1667.0,0,0,Turkey,domestic league (tier 1)
2016/12/05,Süperlig,0,Bursaspor,1751,1755.0,2 - 1,Çaykur Rizespor,1636,1632.0,2,1,Turkey,domestic league (tier 1)
2016/12/19,Süperlig,0,Bursaspor,1755,1761.0,2 - 1,Antalyaspor,1688,1682.0,2,1,Turkey,domestic league (tier 1)
2017/01/13,Süperlig,0,Bursaspor,1729,1714.0,1 - 2,Trabzonspor,1645,1660.0,1,2,Turkey,domestic league (tier 1)
2017/01/21,Süperlig,0,Bursaspor,1689,1673.0,0 - 1,Adanaspor,1533,1549.0,0,1,Turkey,domestic league (tier 1)
2017/02/11,Süperlig,0,Bursaspor,1678,1683.0,1 - 1,Fenerbahçe,1947,1942.0,1,1,Turkey,domestic league (tier 1)
2017/03/04,Süperlig,0,Bursaspor,1660,1665.0,2 - 1,Gaziantepspor,1563,1558.0,2,1,Turkey,domestic league (tier 1)
2017/03/19,Süperlig,0,Bursaspor,1670,1649.0,1 - 3,Alanyaspor,1617,1638.0,1,3,Turkey,domestic league (tier 1)
2017/04/07,Süperlig,0,Bursaspor,1641,1654.0,3 - 0,Karabükspor,1643,1630.0,3,0,Turkey,domestic league (tier 1)
2017/05/01,Süperlig,0,Bursaspor,1641,1625.0,0 - 5,Galatasaray,1808,1824.0,0,5,Turkey,domestic league (tier 1)
2017/05/15,Süperlig,0,Bursaspor,1610,1604.0,0 - 2,Besiktas,1959,1965.0,0,2,Turkey,domestic league (tier 1)
2017/05/28,Süperlig,0,Bursaspor,1600,1590.0,1 - 2,Gençlerbirligi,1703,1713.0,1,2,Turkey,domestic league (tier 1)
2017/08/19,Süperlig,0,Bursaspor,1604,1612.0,3 - 2,Alanyaspor,1623,1615.0,3,2,Turkey,domestic league (tier 1)
2017/09/10,Süperlig,0,Bursaspor,1611,1631.0,3 - 0,Akhisar Belediyespor,1760,1740.0,3,0,Turkey,domestic league (tier 1)
2017/09/24,Süperlig,0,Bursaspor,1645,1638.0,1 - 2,Galatasaray,1838,1845.0,1,2,Turkey,domestic league (tier 1)
2017/10/16,Süperlig,0,Bursaspor,1629,1639.0,3 - 1,Ankaraspor (as Osmanlispor FK),1611,1601.0,3,1,Turkey,domestic league (tier 1)
2017/10/29,Süperlig,0,Bursaspor,1642,1659.0,4 - 0,Antalyaspor,1707,1690.0,4,0,Turkey,domestic league (tier 1)
2017/11/18,Süperlig,0,Bursaspor,1662,1657.0,0 - 0,Göztepe,1576,1581.0,0,0,Turkey,domestic league (tier 1)
2017/11/26,Süperlig,0,Bursaspor,1657,1663.0,2 - 1,Karabükspor,1597,1591.0,2,1,Turkey,domestic league (tier 1)
2017/12/08,Süperlig,0,Bursaspor,1699,1692.0,0 - 1,Fenerbahçe,1897,1904.0,0,1,Turkey,domestic league (tier 1)
2017/12/23,Süperlig,0,Bursaspor,1692,1688.0,1 - 1,Gençlerbirligi,1659,1663.0,1,1,Turkey,domestic league (tier 1)
2018/01/21,Süperlig,0,Bursaspor,1687,1675.0,0 - 3,Istanbul Basaksehir (as Istanbul Basaksehir F.K.),1901,1913.0,0,3,Turkey,domestic league (tier 1)
2018/02/02,Süperlig,0,Bursaspor,1662,1668.0,2 - 2,Besiktas,1987,1981.0,2,2,Turkey,domestic league (tier 1)
2018/02/18,Süperlig,0,Bursaspor,1661,1656.0,0 - 0,Yeni Malatyaspor,1581,1586.0,0,0,Turkey,domestic league (tier 1)
2018/03/02,Süperlig,0,Bursaspor,1650,1660.0,1 - 0,Kayserispor,1739,1729.0,1,0,Turkey,domestic league (tier 1)
2018/03/17,Süperlig,0,Bursaspor,1652,1660.0,1 - 0,Sivasspor,1683,1675.0,1,0,Turkey,domestic league (tier 1)
2018/04/08,Süperlig,0,Bursaspor,1649,1637.0,0 - 1,Kasimpasa SK,1663,1675.0,0,1,Turkey,domestic league (tier 1)
2018/04/30,Süperlig,0,Bursaspor,1644,1653.0,2 - 1,Konyaspor,1709,1700.0,2,1,Turkey,domestic league (tier 1)
2018/05/13,Süperlig,0,Bursaspor,1651,1635.0,1 - 3,Trabzonspor,1738,1754.0,1,3,Turkey,domestic league (tier 1)
2018/08/18,Süperlig,0,Bursaspor,1625,1623.0,0 - 0,Kayserispor,1668,1670.0,0,0,Turkey,domestic league (tier 1)
2018/09/02,Süperlig,0,Bursaspor,1628,1634.0,1 - 1,Besiktas,1966,1960.0,1,1,Turkey,domestic league (tier 1)
2018/09/21,Süperlig,0,Bursaspor,1637,1641.0,0 - 0,Istanbul Basaksehir (as Istanbul Basaksehir F.K.),1903,1899.0,0,0,Turkey,domestic league (tier 1)
2018/10/06,Süperlig,0,Bursaspor,1631,1637.0,1 - 0,MKE Ankaragücü,1564,1558.0,1,0,Turkey,domestic league (tier 1)
2018/10/26,Süperlig,0,Bursaspor,1645,1656.0,2 - 0,Alanyaspor,1645,1634.0,2,0,Turkey,domestic league (tier 1)
2018/11/11,Süperlig,0,Bursaspor,1644,1633.0,1 - 2,Kasimpasa SK,1715,1726.0,1,2,Turkey,domestic league (tier 1)
2018/12/02,Süperlig,0,Bursaspor,1654,1659.0,2 - 1,BB Erzurumspor,1571,1566.0,2,1,Turkey,domestic league (tier 1)
2018/12/09,Süperlig,0,Bursaspor,1659,1641.0,0 - 2,Antalyaspor,1679,1697.0,0,2,Turkey,domestic league (tier 1)
2018/12/23,Süperlig,0,Bursaspor,1644,1643.0,1 - 1,Yeni Malatyaspor,1706,1707.0,1,1,Turkey,domestic league (tier 1)
2019/01/21,Süperlig,0,Bursaspor,1643,1644.0,1 - 1,Fenerbahçe,1788,1787.0,1,1,Turkey,domestic league (tier 1)
2019/02/04,Süperlig,0,Bursaspor,1647,1646.0,0 - 0,Konyaspor,1722,1723.0,0,0,Turkey,domestic league (tier 1)
2019/02/16,Süperlig,0,Bursaspor,1642,1623.0,0 - 2,Çaykur Rizespor,1655,1674.0,0,2,Turkey,domestic league (tier 1)
2019/03/02,Süperlig,0,Bursaspor,1619,1628.0,3 - 2,Sivasspor,1680,1671.0,3,2,Turkey,domestic league (tier 1)
2019/03/17,Süperlig,0,Bursaspor,1630,1623.0,2 - 3,Galatasaray,1849,1856.0,2,3,Turkey,domestic league (tier 1)
2019/04/12,Süperlig,0,Bursaspor,1617,1608.0,0 - 1,Trabzonspor,1766,1775.0,0,1,Turkey,domestic league (tier 1)
2019/04/28,Süperlig,0,Bursaspor,1612,1611.0,0 - 0,Akhisar Belediyespor,1663,1664.0,0,0,Turkey,domestic league (tier 1)
2019/05/19,Süperlig,0,Bursaspor,1613,1611.0,0 - 0,Göztepe,1648,1650.0,0,0,Turkey,domestic league (tier 1)
2019/08/25,1. Lig,0,Bursaspor,1608,1616.0,2 - 1,Akhisar Belediyespor,1635,1627.0,2,1,Turkey,domestic league (tier 2)
2019/09/15,1. Lig,0,Bursaspor,1627,1638.0,3 - 1,Ankaraspor (as Osmanlispor FK),1628,1617.0,3,1,Turkey,domestic league (tier 2)
2019/09/28,1. Lig,0,Bursaspor,1622,1628.0,1 - 0,BB Erzurumspor,1587,1581.0,1,0,Turkey,domestic league (tier 2)
2019/10/19,1. Lig,0,Bursaspor,1617,1623.0,2 - 1,Ümraniyespor,1558,1552.0,2,1,Turkey,domestic league (tier 2)
2019/11/04,1. Lig,0,Bursaspor,1632,1626.0,0 - 0,Balikesirspor,1495,1501.0,0,0,Turkey,domestic league (tier 2)
2019/11/23,1. Lig,0,Bursaspor,1625,1631.0,1 - 0,Keçiörengücü,1559,1553.0,1,0,Turkey,domestic league (tier 2)
2019/12/08,1. Lig,0,Bursaspor,1627,1610.0,2 - 3,Giresunspor,1451,1468.0,2,3,Turkey,domestic league (tier 2)
2019/12/28,1. Lig,0,Bursaspor,1605,1614.0,2 - 1,Hatayspor,1680,1671.0,2,1,Turkey,domestic league (tier 2)
2020/01/19,1. Lig,0,Bursaspor,1614,1618.0,2 - 1,Fatih Karagümrük SK,1489,1485.0,2,1,Turkey,domestic league (tier 2)
2020/02/02,1. Lig,0,Bursaspor,1631,1614.0,0 - 1,Eskisehirspor,1427,1444.0,0,1,Turkey,domestic league (tier 2)
2020/02/16,1. Lig,0,Bursaspor,1630,1637.0,2 - 1,Adana Demirspor,1611,1604.0,2,1,Turkey,domestic league (tier 2)
2020/02/27,1. Lig,0,Bursaspor,1629,1623.0,2 - 2,Altay Izmir,1510,1516.0,2,2,Turkey,domestic league (tier 2)
2020/03/07,1. Lig,0,Bursaspor,1623,1617.0,1 - 1,Istanbulspor AS,1506,1512.0,1,1,Turkey,domestic league (tier 2)
2020/03/14,1. Lig,0,Bursaspor,1631,1624.0,1 - 1,Boluspor,1449,1456.0,1,1,Turkey,domestic league (tier 2)
2020/06/26,1. Lig,0,Bursaspor,1614,1617.0,1 - 0,Adanaspor,1377,1374.0,1,0,Turkey,domestic league (tier 2)
2020/07/04,1. Lig,0,Bursaspor,1627,1631.0,1 - 0,Altinordu FK,1500,1496.0,1,0,Turkey,domestic league (tier 2)
2020/07/12,1. Lig,0,Bursaspor,1631,1624.0,2 - 2,Menemen Belediyespor,1418,1425.0,2,2,Turkey,domestic league (tier 2)
2020/07/22,1. Lig,0,Bursaspor,1614,1612.0,0 - 0,Adana Demirspor,1653,1655.0,0,0,Turkey,domestic league (tier 2)
2020/09/13,1. Lig,0,Bursaspor,1601,1584.0,1 - 3,Adana Demirspor,1664,1681.0,1,3,Turkey,domestic league (tier 2)
2020/09/26,1. Lig,0,Bursaspor,1601,1585.0,1 - 2,Giresunspor,1447,1463.0,1,2,Turkey,domestic league (tier 2)
2020/10/18,1. Lig,0,Bursaspor,1583,1589.0,3 - 1,Balikesirspor,1439,1433.0,3,1,Turkey,domestic league (tier 2)
2020/10/31,1. Lig,0,Bursaspor,1568,1574.0,4 - 2,Boluspor,1435,1429.0,4,2,Turkey,domestic league (tier 2)
2020/11/21,1. Lig,0,Bursaspor,1566,1570.0,1 - 0,Adanaspor,1402,1398.0,1,0,Turkey,domestic league (tier 2)
2020/12/04,1. Lig,0,Bursaspor,1559,1536.0,1 - 3,Ümraniyespor,1440,1463.0,1,3,Turkey,domestic league (tier 2)
2020/12/12,1. Lig,0,Bursaspor,1545,1554.0,3 - 0,Samsunspor,1473,1464.0,3,0,Turkey,domestic league (tier 2)
2020/12/28,1. Lig,0,Bursaspor,1572,1574.0,2 - 1,Eskisehirspor,1296,1294.0,2,1,Turkey,domestic league (tier 2)
2021/01/31,1. Lig,0,Bursaspor,1583,1568.0,1 - 2,Altinordu FK,1480,1495.0,1,2,Turkey,domestic league (tier 2)
2021/02/15,1. Lig,0,Bursaspor,1561,1556.0,0 - 0,Tuzlaspor,1471,1476.0,0,0,Turkey,domestic league (tier 2)
2021/02/25,1. Lig,0,Bursaspor,1536,1521.0,0 - 1,Menemen Belediyespor,1433,1448.0,0,1,Turkey,domestic league (tier 2)
2021/02/28,1. Lig,0,Bursaspor,1521,1526.0,3 - 2,Akhisar Belediyespor,1444,1439.0,3,2,Turkey,domestic league (tier 2)
2021/03/14,1. Lig,0,Bursaspor,1517,1523.0,3 - 1,Ankaraspor,1371,1365.0,3,1,Turkey,domestic league (tier 2)
2021/04/05,1. Lig,0,Bursaspor,1538,1520.0,1 - 3,Altay Izmir,1577,1595.0,1,3,Turkey,domestic league (tier 2)
2021/04/15,1. Lig,0,Bursaspor,1512,1518.0,2 - 1,Bandirmaspor,1454,1448.0,2,1,Turkey,domestic league (tier 2)
2021/04/25,1. Lig,0,Bursaspor,1507,1496.0,1 - 2,Istanbulspor AS,1570,1581.0,1,2,Turkey,domestic league (tier 2)
2021/05/09,1. Lig,0,Bursaspor,1506,1486.0,0 - 3,Keçiörengücü,1563,1583.0,0,3,Turkey,domestic league (tier 2)
2021/08/15,1. Lig,0,Bursaspor,1486,1480.0,1 - 1,Adanaspor,1340,1346.0,1,1,Turkey,domestic league (tier 2)
2021/08/28,1. Lig,0,Bursaspor,1475,1456.0,0 - 2,Eyüpspor,1485,1504.0,0,2,Turkey,domestic league (tier 2)
2021/09/15,1. Lig,0,Bursaspor,1450,1469.0,4 - 1,Samsunspor,1582,1563.0,4,1,Turkey,domestic league (tier 2)
2021/09/26,1. Lig,0,Bursaspor,1472,1454.0,0 - 4,MKE Ankaragücü,1591,1609.0,0,4,Turkey,domestic league (tier 2)
2021/10/17,1. Lig,0,Bursaspor,1454,1465.0,3 - 1,Boluspor,1464,1453.0,3,1,Turkey,domestic league (tier 2)
2021/11/01,1. Lig,0,Bursaspor,1480,1492.0,2 - 0,Keçiörengücü,1507,1495.0,2,0,Turkey,domestic league (tier 2)
2021/11/20,1. Lig,0,Bursaspor,1482,1466.0,2 - 4,Istanbulspor AS,1551,1567.0,2,4,Turkey,domestic league (tier 2)
2021/12/11,1. Lig,0,Bursaspor,1476,1470.0,1 - 1,Manisa FK,1313,1319.0,1,1,Turkey,domestic league (tier 2)
2021/12/19,1. Lig,0,Bursaspor,1462,1450.0,0 - 1,Bandirmaspor,1505,1517.0,0,1,Turkey,domestic league (tier 2)
2022/01/16,1. Lig,0,Bursaspor,1447,1448.0,0 - 0,BB Erzurumspor,1598,1597.0,0,0,Turkey,domestic league (tier 2)
2022/02/05,1. Lig,0,Bursaspor,1448,1455.0,1 - 0,Altinordu FK,1437,1430.0,1,0,Turkey,domestic league (tier 2)
2022/02/15,1. Lig,0,Bursaspor,1461,1447.0,0 - 1,Tuzlaspor,1418,1432.0,0,1,Turkey,domestic league (tier 2)
2022/03/20,1. Lig,0,Bursaspor,1438,1442.0,2 - 1,Balikesirspor,1282,1278.0,2,1,Turkey,domestic league (tier 2)
2022/04/10,1. Lig,0,Bursaspor,1437,1443.0,2 - 1,Kocaelispor,1372,1366.0,2,1,Turkey,domestic league (tier 2)
2022/04/19,1. Lig,0,Bursaspor,1437,1435.0,0 - 0,Gençlerbirligi,1457,1459.0,0,0,Turkey,domestic league (tier 2)
2022/04/23,1. Lig,0,Bursaspor,1435,1444.0,1 - 0,Denizlispor,1483,1474.0,1,0,Turkey,domestic league (tier 2)
2022/05/08,1. Lig,0,Bursaspor,1462,1473.0,3 - 2,Ümraniyespor,1592,1581.0,3,2,Turkey,domestic league (tier 2)
2022/05/21,1. Lig,0,Bursaspor,1464,1470.0,1 - 0,Menemen Belediyespor,1397,1391.0,1,0,Turkey,domestic league (tier 2)
2026/08/15,1. Lig,0,Bursaspor,1492,1499.0,1 - 0,Igdir FK,1475,1468.0,1,0,Turkey,domestic league (tier 2)
2026/09/03,1. Lig,0,Bursaspor,1510,,Info,Istanbulspor AS,1487,,,,Turkey,domestic league (tier 2)
2016/08/19,1. Lig,0,Denizlispor,1427,1435.0,3 - 1,Bandirmaspor,1364,1356.0,3,1,Turkey,domestic league (tier 2)
2016/09/10,1. Lig,0,Denizlispor,1430,1427.0,1 - 1,Yeni Malatyaspor,1435,1438.0,1,1,Turkey,domestic league (tier 2)
2016/09/25,1. Lig,0,Denizlispor,1444,1443.0,2 - 2,Mersin Idmanyurdu,1507,1508.0,2,2,Turkey,domestic league (tier 2)
2016/10/22,1. Lig,0,Denizlispor,1428,1438.0,2 - 1,Gaziantep FK (as Gazisehir Gaziantep FK),1526,1516.0,2,1,Turkey,domestic league (tier 2)
2016/11/05,1. Lig,0,Denizlispor,1432,1433.0,1 - 1,Balikesirspor,1562,1561.0,1,1,Turkey,domestic league (tier 2)
2016/11/27,1. Lig,0,Denizlispor,1446,1432.0,1 - 2,Manisaspor,1379,1393.0,1,2,Turkey,domestic league (tier 2)
2016/12/11,1. Lig,0,Denizlispor,1458,1438.0,0 - 2,Ümraniyespor,1431,1451.0,0,2,Turkey,domestic league (tier 2)
2016/12/25,1. Lig,0,Denizlispor,1468,1476.0,2 - 1,Giresunspor,1512,1504.0,2,1,Turkey,domestic league (tier 2)
2017/01/28,1. Lig,0,Denizlispor,1496,1494.0,1 - 1,Adana Demirspor,1520,1522.0,1,1,Turkey,domestic league (tier 2)
2017/02/20,1. Lig,0,Denizlispor,1482,1473.0,2 - 3,Sivasspor,1616,1625.0,2,3,Turkey,domestic league (tier 2)
2017/03/05,1. Lig,0,Denizlispor,1474,1460.0,0 - 1,Samsunspor,1442,1456.0,0,1,Turkey,domestic league (tier 2)
2017/03/11,1. Lig,0,Denizlispor,1460,1467.0,3 - 2,Boluspor,1442,1435.0,3,2,Turkey,domestic league (tier 2)
2017/04/02,1. Lig,0,Denizlispor,1468,1455.0,1 - 2,Altinordu FK,1465,1478.0,1,2,Turkey,domestic league (tier 2)
2017/04/19,1. Lig,0,Denizlispor,1470,1449.0,2 - 4,Sanliurfaspor,1436,1457.0,2,4,Turkey,domestic league (tier 2)
2017/04/29,1. Lig,0,Denizlispor,1442,1442.0,0 - 0,Elazigspor,1529,1529.0,0,0,Turkey,domestic league (tier 2)
2017/05/06,1. Lig,0,Denizlispor,1447,1465.0,2 - 0,Eskisehirspor,1614,1596.0,2,0,Turkey,domestic league (tier 2)
2017/05/20,1. Lig,0,Denizlispor,1459,1456.0,1 - 1,Göztepe,1467,1470.0,1,1,Turkey,domestic league (tier 2)
2017/08/18,1. Lig,0,Denizlispor,1446,1430.0,0 - 1,Istanbulspor AS,1309,1325.0,0,1,Turkey,domestic league (tier 2)
2017/09/09,1. Lig,0,Denizlispor,1436,1426.0,2 - 3,Elazigspor,1530,1540.0,2,3,Turkey,domestic league (tier 2)
2017/09/17,1. Lig,0,Denizlispor,1426,1416.0,0 - 1,Giresunspor,1542,1552.0,0,1,Turkey,domestic league (tier 2)
2017/09/30,1. Lig,0,Denizlispor,1409,1417.0,1 - 0,Gaziantep FK (as Gazisehir Gaziantep FK),1445,1437.0,1,0,Turkey,domestic league (tier 2)
2017/10/21,1. Lig,0,Denizlispor,1420,1429.0,1 - 0,Adana Demirspor,1487,1478.0,1,0,Turkey,domestic league (tier 2)
2017/11/04,1. Lig,0,Denizlispor,1414,1431.0,2 - 0,Altinordu FK,1552,1535.0,2,0,Turkey,domestic league (tier 2)
2017/11/27,1. Lig,0,Denizlispor,1425,1409.0,0 - 2,Balikesirspor,1502,1518.0,0,2,Turkey,domestic league (tier 2)
2017/12/10,1. Lig,0,Denizlispor,1406,1404.0,0 - 0,Samsunspor,1432,1434.0,0,0,Turkey,domestic league (tier 2)
2017/12/24,1. Lig,0,Denizlispor,1407,1408.0,1 - 1,Boluspor,1530,1529.0,1,1,Turkey,domestic league (tier 2)
2018/01/22,1. Lig,0,Denizlispor,1408,1423.0,3 - 1,Adanaspor,1504,1489.0,3,1,Turkey,domestic league (tier 2)
2018/02/04,1. Lig,0,Denizlispor,1415,1400.0,0 - 2,Eskisehirspor,1504,1519.0,0,2,Turkey,domestic league (tier 2)
2018/02/21,1. Lig,0,Denizlispor,1419,1435.0,2 - 0,Ümraniyespor,1541,1525.0,2,0,Turkey,domestic league (tier 2)
2018/03/03,1. Lig,0,Denizlispor,1458,1454.0,2 - 2,Manisaspor,1394,1398.0,2,2,Turkey,domestic league (tier 2)
2018/03/11,1. Lig,0,Denizlispor,1442,1449.0,2 - 1,BB Erzurumspor,1453,1446.0,2,1,Turkey,domestic league (tier 2)
2018/04/01,1. Lig,0,Denizlispor,1445,1458.0,3 - 1,MKE Ankaragücü,1510,1497.0,3,1,Turkey,domestic league (tier 2)
2018/04/14,1. Lig,0,Denizlispor,1452,1455.0,0 - 0,Çaykur Rizespor,1647,1644.0,0,0,Turkey,domestic league (tier 2)
2018/04/28,1. Lig,0,Denizlispor,1457,1463.0,5 - 0,Gaziantepspor,1259,1253.0,5,0,Turkey,domestic league (tier 2)
2018/08/12,1. Lig,0,Denizlispor,1459,1449.0,0 - 1,Gaziantep FK (as Gazisehir Gaziantep FK),1554,1564.0,0,1,Turkey,domestic league (tier 2)
2018/08/25,1. Lig,0,Denizlispor,1462,1456.0,0 - 0,Hatayspor,1337,1343.0,0,0,Turkey,domestic league (tier 2)
2018/09/16,1. Lig,0,Denizlispor,1446,1461.0,4 - 1,Eskisehirspor,1502,1487.0,4,1,Turkey,domestic league (tier 2)
2018/09/29,1. Lig,0,Denizlispor,1486,1498.0,3 - 0,Elazigspor,1476,1464.0,3,0,Turkey,domestic league (tier 2)
2018/10/19,1. Lig,0,Denizlispor,1486,1494.0,3 - 0,Afjet Afyonspor,1369,1361.0,3,0,Turkey,domestic league (tier 2)
2018/11/03,1. Lig,0,Denizlispor,1511,1519.0,4 - 2,Adanaspor,1448,1440.0,4,2,Turkey,domestic league (tier 2)
2018/11/25,1. Lig,0,Denizlispor,1534,1540.0,3 - 2,Giresunspor,1499,1493.0,3,2,Turkey,domestic league (tier 2)
2018/12/09,1. Lig,0,Denizlispor,1542,1543.0,0 - 0,Gençlerbirligi,1660,1659.0,0,0,Turkey,domestic league (tier 2)
2018/12/21,1. Lig,0,Denizlispor,1549,1554.0,1 - 0,Istanbulspor AS,1459,1454.0,1,0,Turkey,domestic league (tier 2)
2019/01/26,1. Lig,0,Denizlispor,1568,1577.0,5 - 1,Adana Demirspor,1473,1464.0,5,1,Turkey,domestic league (tier 2)
2019/02/10,1. Lig,0,Denizlispor,1579,1586.0,1 - 0,Altinordu FK,1589,1582.0,1,0,Turkey,domestic league (tier 2)
2019/02/24,1. Lig,0,Denizlispor,1585,1570.0,0 - 2,Ankaraspor (as Osmanlispor FK),1676,1691.0,0,2,Turkey,domestic league (tier 2)
2019/03/11,1. Lig,0,Denizlispor,1579,1577.0,0 - 0,Ümraniyespor,1601,1603.0,0,0,Turkey,domestic league (tier 2)
2019/04/03,1. Lig,0,Denizlispor,1587,1581.0,3 - 3,Altay Izmir,1457,1463.0,3,3,Turkey,domestic league (tier 2)
2019/04/13,1. Lig,0,Denizlispor,1590,1586.0,0 - 0,Boluspor,1523,1527.0,0,0,Turkey,domestic league (tier 2)
2019/04/28,1. Lig,0,Denizlispor,1601,1595.0,0 - 0,Balikesirspor,1485,1491.0,0,0,Turkey,domestic league (tier 2)
2019/05/12,1. Lig,0,Denizlispor,1619,1621.0,6 - 0,Karabükspor,1205,1203.0,6,0,Turkey,domestic league (tier 2)
2019/08/16,Süperlig,0,Denizlispor,1637,1658.0,2 - 0,Galatasaray,1895,1874.0,2,0,Turkey,domestic league (tier 1)
2019/09/15,Süperlig,0,Denizlispor,1679,1667.0,0 - 1,Konyaspor,1692,1704.0,0,1,Turkey,domestic league (tier 1)
2019/09/28,Süperlig,0,Denizlispor,1681,1666.0,0 - 1,Kasimpasa SK,1600,1615.0,0,1,Turkey,domestic league (tier 1)
2019/10/20,Süperlig,0,Denizlispor,1653,1644.0,1 - 2,Fenerbahçe,1791,1800.0,1,2,Turkey,domestic league (tier 1)
2019/11/03,Süperlig,0,Denizlispor,1662,1645.0,0 - 2,Sivasspor,1706,1723.0,0,2,Turkey,domestic league (tier 1)
2019/11/23,Süperlig,0,Denizlispor,1641,1653.0,2 - 0,Çaykur Rizespor,1675,1663.0,2,0,Turkey,domestic league (tier 1)
2019/12/08,Süperlig,0,Denizlispor,1678,1680.0,1 - 1,Istanbul Basaksehir (as Istanbul Basaksehir F.K.),1858,1856.0,1,1,Turkey,domestic league (tier 1)
2019/12/23,Süperlig,0,Denizlispor,1689,1666.0,1 - 5,Alanyaspor,1710,1733.0,1,5,Turkey,domestic league (tier 1)
2020/01/26,Süperlig,0,Denizlispor,1675,1649.0,0 - 3,Antalyaspor,1586,1612.0,0,3,Turkey,domestic league (tier 1)
2020/02/03,Süperlig,0,Denizlispor,1649,1648.0,1 - 1,Göztepe,1705,1706.0,1,1,Turkey,domestic league (tier 1)
2020/02/15,Süperlig,0,Denizlispor,1650,1635.0,0 - 1,Kayserispor,1556,1571.0,0,1,Turkey,domestic league (tier 1)
2020/03/01,Süperlig,0,Denizlispor,1622,1635.0,2 - 0,Yeni Malatyaspor,1664,1651.0,2,0,Turkey,domestic league (tier 1)
2020/03/14,Süperlig,0,Denizlispor,1641,1648.0,1 - 0,Gençlerbirligi,1622,1615.0,1,0,Turkey,domestic league (tier 1)
2020/06/20,Süperlig,0,Denizlispor,1644,1627.0,1 - 5,Besiktas,1772,1789.0,1,5,Turkey,domestic league (tier 1)
2020/07/03,Süperlig,0,Denizlispor,1630,1618.0,0 - 1,Gaziantep FK,1644,1656.0,0,1,Turkey,domestic league (tier 1)
2020/07/13,Süperlig,0,Denizlispor,1616,1631.0,2 - 1,Trabzonspor,1897,1882.0,2,1,Turkey,domestic league (tier 1)
2020/07/25,Süperlig,0,Denizlispor,1627,1613.0,0 - 1,MKE Ankaragücü,1570,1584.0,0,1,Turkey,domestic league (tier 1)
2020/09/19,Süperlig,0,Denizlispor,1601,1605.0,0 - 0,Trabzonspor,1859,1855.0,0,0,Turkey,domestic league (tier 1)
2020/10/04,Süperlig,0,Denizlispor,1600,1599.0,0 - 0,Konyaspor,1661,1662.0,0,0,Turkey,domestic league (tier 1)
2020/10/26,Süperlig,0,Denizlispor,1612,1604.0,2 - 3,Besiktas,1780,1788.0,2,3,Turkey,domestic league (tier 1)
2020/11/21,Süperlig,0,Denizlispor,1593,1583.0,0 - 1,Gaziantep FK,1697,1707.0,0,1,Turkey,domestic league (tier 1)
2020/12/06,Süperlig,0,Denizlispor,1591,1579.0,0 - 2,Fenerbahçe,1766,1778.0,0,2,Turkey,domestic league (tier 1)
2020/12/20,Süperlig,0,Denizlispor,1574,1588.0,1 - 0,Alanyaspor,1815,1801.0,1,0,Turkey,domestic league (tier 1)
2020/12/27,Süperlig,0,Denizlispor,1601,1587.0,1 - 2,MKE Ankaragücü,1549,1563.0,1,2,Turkey,domestic league (tier 1)
2021/01/06,Süperlig,0,Denizlispor,1593,1579.0,0 - 1,Kayserispor,1558,1572.0,0,1,Turkey,domestic league (tier 1)
2021/01/17,Süperlig,0,Denizlispor,1583,1569.0,0 - 2,Hatayspor,1703,1717.0,0,2,Turkey,domestic league (tier 1)
2021/01/24,Süperlig,0,Denizlispor,1565,1554.0,1 - 2,Fatih Karagümrük SK,1643,1654.0,1,2,Turkey,domestic league (tier 1)
2021/01/31,Süperlig,0,Denizlispor,1554,1564.0,2 - 1,Göztepe,1647,1637.0,2,1,Turkey,domestic league (tier 1)
2021/02/07,Süperlig,0,Denizlispor,1562,1563.0,1 - 1,Antalyaspor,1711,1710.0,1,1,Turkey,domestic league (tier 1)
2021/02/20,Süperlig,0,Denizlispor,1555,1562.0,1 - 0,Gençlerbirligi,1539,1532.0,1,0,Turkey,domestic league (tier 1)
2021/03/06,Süperlig,0,Denizlispor,1559,1568.0,3 - 2,Yeni Malatyaspor,1622,1613.0,3,2,Turkey,domestic league (tier 1)
2021/03/21,Süperlig,0,Denizlispor,1562,1563.0,0 - 0,Istanbul Basaksehir,1705,1704.0,0,0,Turkey,domestic league (tier 1)
2021/04/08,Süperlig,0,Denizlispor,1561,1560.0,1 - 1,Kasimpasa SK,1624,1625.0,1,1,Turkey,domestic league (tier 1)
2021/04/17,Süperlig,0,Denizlispor,1557,1545.0,2 - 3,BB Erzurumspor,1578,1590.0,2,3,Turkey,domestic league (tier 1)
2021/04/24,Süperlig,0,Denizlispor,1550,1553.0,1 - 1,Sivasspor,1772,1769.0,1,1,Turkey,domestic league (tier 1)
2021/05/02,Süperlig,0,Denizlispor,1543,1533.0,0 - 1,Çaykur Rizespor,1639,1649.0,0,1,Turkey,domestic league (tier 1)
2021/05/11,Süperlig,0,Denizlispor,1530,1523.0,1 - 4,Galatasaray,1867,1874.0,1,4,Turkey,domestic league (tier 1)
2021/08/14,1. Lig,0,Denizlispor,1516,1494.0,0 - 2,Bandirmaspor,1427,1449.0,0,2,Turkey,domestic league (tier 2)
2021/08/29,1. Lig,0,Denizlispor,1482,1463.0,0 - 3,MKE Ankaragücü,1559,1578.0,0,3,Turkey,domestic league (tier 2)
2021/09/15,1. Lig,0,Denizlispor,1484,1490.0,2 - 0,Adanaspor,1360,1354.0,2,0,Turkey,domestic league (tier 2)
2021/09/27,1. Lig,0,Denizlispor,1484,1473.0,2 - 3,Samsunspor,1559,1570.0,2,3,Turkey,domestic league (tier 2)
2021/10/16,1. Lig,0,Denizlispor,1476,1481.0,2 - 1,Balikesirspor,1369,1364.0,2,1,Turkey,domestic league (tier 2)
2021/10/31,1. Lig,0,Denizlispor,1481,1476.0,1 - 1,Kocaelispor,1374,1379.0,1,1,Turkey,domestic league (tier 2)
2021/11/21,1. Lig,0,Denizlispor,1461,1469.0,2 - 1,Keçiörengücü,1507,1499.0,2,1,Turkey,domestic league (tier 2)
2021/12/05,1. Lig,0,Denizlispor,1474,1454.0,1 - 3,Bursaspor,1456,1476.0,1,3,Turkey,domestic league (tier 2)
2021/12/20,1. Lig,0,Denizlispor,1450,1441.0,0 - 1,Ümraniyespor,1584,1593.0,0,1,Turkey,domestic league (tier 2)
2022/01/15,1. Lig,0,Denizlispor,1459,1443.0,0 - 1,Manisa FK,1331,1347.0,0,1,Turkey,domestic league (tier 2)
2022/02/05,1. Lig,0,Denizlispor,1440,1439.0,2 - 2,Eyüpspor,1522,1523.0,2,2,Turkey,domestic league (tier 2)
2022/02/09,Turkey Cup,0,Denizlispor,1439,1437.0,1 - 2,Trabzonspor,1908,1910.0,1,2,Turkey,domestic cup
2022/02/16,1. Lig,0,Denizlispor,1439,1446.0,1 - 0,Altinordu FK,1418,1411.0,1,0,Turkey,domestic league (tier 2)
2022/02/25,1. Lig,0,Denizlispor,1437,1450.0,2 - 0,Boluspor,1501,1488.0,2,0,Turkey,domestic league (tier 2)
2022/04/10,1. Lig,0,Denizlispor,1479,1458.0,2 - 4,Tuzlaspor,1419,1440.0,2,4,Turkey,domestic league (tier 2)
2022/04/19,1. Lig,0,Denizlispor,1472,1483.0,4 - 3,Istanbulspor AS,1599,1588.0,4,3,Turkey,domestic league (tier 2)
2022/05/01,1. Lig,0,Denizlispor,1474,1481.0,2 - 1,Gençlerbirligi,1473,1466.0,2,1,Turkey,domestic league (tier 2)
2022/05/08,1. Lig,0,Denizlispor,1481,1487.0,2 - 1,Menemen Belediyespor,1420,1414.0,2,1,Turkey,domestic league (tier 2)
2022/05/20,1. Lig,0,Denizlispor,1492,1510.0,4 - 0,BB Erzurumspor,1569,1551.0,4,0,Turkey,domestic league (tier 2)
2022/08/22,1. Lig,0,Denizlispor,1503,1503.0,0 - 0,Çaykur Rizespor,1590,1590.0,0,0,Turkey,domestic league (tier 2)
2022/09/04,1. Lig,0,Denizlispor,1493,1482.0,0 - 1,Bandirmaspor,1550,1561.0,0,1,Turkey,domestic league (tier 2)
2022/09/17,1. Lig,0,Denizlispor,1471,1468.0,2 - 2,Gençlerbirligi,1462,1465.0,2,2,Turkey,domestic league (tier 2)
2022/10/09,1. Lig,0,Denizlispor,1462,1447.0,0 - 1,Pendikspor,1368,1383.0,0,1,Turkey,domestic league (tier 2)
2022/10/22,1. Lig,0,Denizlispor,1436,1423.0,1 - 2,Altinordu FK,1444,1457.0,1,2,Turkey,domestic league (tier 2)
2022/11/06,1. Lig,0,Denizlispor,1412,1420.0,4 - 3,Tuzlaspor,1440,1432.0,4,3,Turkey,domestic league (tier 2)
2022/11/10,Turkey Cup,0,Denizlispor,1420,1395.0,0 - 5,Sanliurfaspor,1439,1464.0,0,5,Turkey,domestic cup
2022/11/25,1. Lig,0,Denizlispor,1389,1386.0,0 - 0,Bodrumspor,1390,1393.0,0,0,Turkey,domestic league (tier 2)
2022/12/10,1. Lig,0,Denizlispor,1380,1392.0,2 - 1,Altay Izmir,1540,1528.0,2,1,Turkey,domestic league (tier 2)
2022/12/24,1. Lig,0,Denizlispor,1405,1418.0,3 - 0,Yeni Malatyaspor,1424,1411.0,3,0,Turkey,domestic league (tier 2)
2023/01/13,1. Lig,0,Denizlispor,1418,1409.0,0 - 1,Eyüpspor,1559,1568.0,0,1,Turkey,domestic league (tier 2)
2023/01/29,1. Lig,0,Denizlispor,1404,1402.0,1 - 1,Manisa FK,1445,1447.0,1,1,Turkey,domestic league (tier 2)
2023/03/05,1. Lig,0,Denizlispor,1430,1417.0,0 - 1,Sakaryaspor,1428,1441.0,0,1,Turkey,domestic league (tier 2)
2023/03/12,1. Lig,0,Denizlispor,1419,1401.0,0 - 2,BB Erzurumspor,1437,1455.0,0,2,Turkey,domestic league (tier 2)
2023/03/24,1. Lig,0,Denizlispor,1396,1385.0,1 - 2,Boluspor,1477,1488.0,1,2,Turkey,domestic league (tier 2)
2023/04/01,1. Lig,0,Denizlispor,1370,1357.0,0 - 2,Göztepe,1518,1531.0,0,2,Turkey,domestic league (tier 2)
2023/04/15,1. Lig,0,Denizlispor,1347,1331.0,0 - 4,Keçiörengücü,1499,1515.0,0,4,Turkey,domestic league (tier 2)
2023/04/30,1. Lig,0,Denizlispor,1327,1323.0,1 - 2,Samsunspor,1659,1663.0,1,2,Turkey,domestic league (tier 2)
2016/08/27,1. Lig,0,Elazigspor,1511,1490.0,0 - 2,Boluspor,1467,1488.0,0,2,Turkey,domestic league (tier 2)
2016/09/10,1. Lig,0,Elazigspor,1490,1494.0,1 - 0,Ümraniyespor,1359,1355.0,1,0,Turkey,domestic league (tier 2)
2016/09/25,1. Lig,0,Elazigspor,1487,1499.0,2 - 0,Giresunspor,1523,1511.0,2,0,Turkey,domestic league (tier 2)
2016/10/15,1. Lig,0,Elazigspor,1501,1507.0,2 - 0,Bandirmaspor,1367,1361.0,2,0,Turkey,domestic league (tier 2)
2016/10/29,1. Lig,0,Elazigspor,1500,1487.0,1 - 2,Yeni Malatyaspor,1476,1489.0,1,2,Turkey,domestic league (tier 2)
2016/11/19,1. Lig,0,Elazigspor,1493,1504.0,3 - 0,Mersin Idmanyurdu,1451,1440.0,3,0,Turkey,domestic league (tier 2)
2016/12/04,1. Lig,0,Elazigspor,1515,1489.0,0 - 3,Denizlispor,1432,1458.0,0,3,Turkey,domestic league (tier 2)
2016/12/17,1. Lig,0,Elazigspor,1511,1508.0,0 - 0,Altinordu FK,1505,1508.0,0,0,Turkey,domestic league (tier 2)
2017/01/14,1. Lig,0,Elazigspor,1497,1494.0,0 - 0,Sanliurfaspor,1497,1500.0,0,0,Turkey,domestic league (tier 2)
2017/01/21,1. Lig,0,Elazigspor,1488,1483.0,2 - 2,Manisaspor,1405,1410.0,2,2,Turkey,domestic league (tier 2)
2017/02/19,1. Lig,0,Elazigspor,1487,1487.0,0 - 0,Eskisehirspor,1595,1595.0,0,0,Turkey,domestic league (tier 2)
2017/03/04,1. Lig,0,Elazigspor,1481,1494.0,5 - 2,Göztepe,1494,1481.0,5,2,Turkey,domestic league (tier 2)
2017/03/19,1. Lig,0,Elazigspor,1503,1514.0,4 - 2,Adana Demirspor,1518,1507.0,4,2,Turkey,domestic league (tier 2)
2017/04/10,1. Lig,0,Elazigspor,1507,1507.0,1 - 1,Sivasspor,1611,1611.0,1,1,Turkey,domestic league (tier 2)
2017/04/23,1. Lig,0,Elazigspor,1523,1529.0,2 - 1,Samsunspor,1479,1473.0,2,1,Turkey,domestic league (tier 2)
2017/05/03,1. Lig,0,Elazigspor,1529,1523.0,0 - 0,Gaziantep FK (as Gazisehir Gaziantep FK),1410,1416.0,0,0,Turkey,domestic league (tier 2)
2017/05/14,1. Lig,0,Elazigspor,1526,1538.0,5 - 1,Balikesirspor,1497,1485.0,5,1,Turkey,domestic league (tier 2)
2017/08/14,1. Lig,0,Elazigspor,1528,1510.0,0 - 2,Altinordu FK,1549,1567.0,0,2,Turkey,domestic league (tier 2)
2017/08/27,1. Lig,0,Elazigspor,1524,1530.0,2 - 0,MKE Ankaragücü,1381,1375.0,2,0,Turkey,domestic league (tier 2)
2017/09/15,1. Lig,0,Elazigspor,1540,1536.0,2 - 2,Balikesirspor,1501,1505.0,2,2,Turkey,domestic league (tier 2)
2017/10/01,1. Lig,0,Elazigspor,1539,1555.0,3 - 1,Çaykur Rizespor,1654,1638.0,3,1,Turkey,domestic league (tier 2)
2017/10/22,1. Lig,0,Elazigspor,1547,1542.0,2 - 2,Samsunspor,1442,1447.0,2,2,Turkey,domestic league (tier 2)
2017/11/04,1. Lig,0,Elazigspor,1532,1540.0,2 - 0,Gaziantepspor,1444,1436.0,2,0,Turkey,domestic league (tier 2)
2017/11/25,1. Lig,0,Elazigspor,1530,1515.0,0 - 1,Boluspor,1458,1473.0,0,1,Turkey,domestic league (tier 2)
2017/12/17,1. Lig,0,Elazigspor,1518,1503.0,0 - 1,BB Erzurumspor,1404,1419.0,0,1,Turkey,domestic league (tier 2)
2018/01/27,1. Lig,0,Elazigspor,1505,1512.0,1 - 0,Eskisehirspor,1511,1504.0,1,0,Turkey,domestic league (tier 2)
2018/02/10,1. Lig,0,Elazigspor,1514,1519.0,1 - 0,Denizlispor,1400,1395.0,1,0,Turkey,domestic league (tier 2)
2018/02/21,1. Lig,0,Elazigspor,1521,1528.0,2 - 1,Giresunspor,1507,1500.0,2,1,Turkey,domestic league (tier 2)
2018/03/02,1. Lig,0,Elazigspor,1533,1546.0,3 - 0,Ümraniyespor,1532,1519.0,3,0,Turkey,domestic league (tier 2)
2018/03/10,1. Lig,0,Elazigspor,1531,1518.0,1 - 2,Gaziantep FK (as Gazisehir Gaziantep FK),1526,1539.0,1,2,Turkey,domestic league (tier 2)
2018/04/01,1. Lig,0,Elazigspor,1530,1538.0,8 - 1,Manisaspor,1357,1349.0,8,1,Turkey,domestic league (tier 2)
2018/04/15,1. Lig,0,Elazigspor,1529,1534.0,2 - 1,Adana Demirspor,1458,1453.0,2,1,Turkey,domestic league (tier 2)
2018/04/21,1. Lig,0,Elazigspor,1534,1519.0,2 - 3,Adanaspor,1457,1472.0,2,3,Turkey,domestic league (tier 2)
2018/05/04,1. Lig,0,Elazigspor,1505,1501.0,2 - 2,Istanbulspor AS,1444,1448.0,2,2,Turkey,domestic league (tier 2)
2018/08/17,1. Lig,0,Elazigspor,1502,1492.0,1 - 2,Boluspor,1591,1601.0,1,2,Turkey,domestic league (tier 2)
2018/09/01,1. Lig,0,Elazigspor,1483,1471.0,1 - 2,Balikesirspor,1513,1525.0,1,2,Turkey,domestic league (tier 2)
2018/09/22,1. Lig,0,Elazigspor,1466,1476.0,4 - 0,Karabükspor,1398,1388.0,4,0,Turkey,domestic league (tier 2)
2018/10/07,1. Lig,0,Elazigspor,1464,1443.0,0 - 5,Gaziantep FK (as Gazisehir Gaziantep FK),1548,1569.0,0,5,Turkey,domestic league (tier 2)
2018/10/27,1. Lig,0,Elazigspor,1457,1442.0,0 - 1,Hatayspor,1374,1389.0,0,1,Turkey,domestic league (tier 2)
2018/11/11,1. Lig,0,Elazigspor,1437,1445.0,3 - 2,Eskisehirspor,1456,1448.0,3,2,Turkey,domestic league (tier 2)
2018/12/02,1. Lig,0,Elazigspor,1452,1449.0,1 - 1,Istanbulspor AS,1458,1461.0,1,1,Turkey,domestic league (tier 2)
2018/12/22,1. Lig,0,Elazigspor,1463,1459.0,1 - 1,Altay Izmir,1397,1401.0,1,1,Turkey,domestic league (tier 2)
2019/01/21,1. Lig,0,Elazigspor,1459,1446.0,0 - 1,Adanaspor,1440,1453.0,0,1,Turkey,domestic league (tier 2)
2019/02/03,1. Lig,0,Elazigspor,1438,1435.0,0 - 0,Giresunspor,1441,1444.0,0,0,Turkey,domestic league (tier 2)
2019/02/15,1. Lig,0,Elazigspor,1428,1420.0,1 - 2,Gençlerbirligi,1583,1591.0,1,2,Turkey,domestic league (tier 2)
2019/03/02,1. Lig,0,Elazigspor,1433,1424.0,1 - 2,Denizlispor,1570,1579.0,1,2,Turkey,domestic league (tier 2)
2019/03/16,1. Lig,0,Elazigspor,1418,1402.0,0 - 2,Adana Demirspor,1499,1515.0,0,2,Turkey,domestic league (tier 2)
2019/04/08,1. Lig,0,Elazigspor,1397,1409.0,2 - 1,Altinordu FK,1570,1558.0,2,1,Turkey,domestic league (tier 2)
2019/04/19,1. Lig,0,Elazigspor,1400,1394.0,1 - 2,Ankaraspor (as Osmanlispor FK),1631,1637.0,1,2,Turkey,domestic league (tier 2)
2019/05/04,1. Lig,0,Elazigspor,1399,1401.0,3 - 3,Ümraniyespor,1571,1569.0,3,3,Turkey,domestic league (tier 2)
2019/05/11,1. Lig,0,Elazigspor,1401,1386.0,0 - 1,Afjet Afyonspor,1313,1328.0,0,1,Turkey,domestic league (tier 2)
2024/08/30,1. Lig,0,Erokspor,1265,1258.0,1 - 2,Gençlerbirligi,1471,1478.0,1,2,Turkey,domestic league (tier 2)
2024/09/24,1. Lig,0,Erokspor,1268,1278.0,2 - 1,Yeni Malatyaspor,1351,1341.0,2,1,Turkey,domestic league (tier 2)
2024/09/29,1. Lig,0,Erokspor,1278,1305.0,4 - 0,Pendikspor,1538,1511.0,4,0,Turkey,domestic league (tier 2)
2024/10/21,1. Lig,0,Erokspor,1331,1332.0,2 - 2,Keçiörengücü,1449,1448.0,2,2,Turkey,domestic league (tier 2)
2024/11/02,1. Lig,0,Erokspor,1348,1348.0,1 - 1,Sanliurfaspor,1458,1458.0,1,1,Turkey,domestic league (tier 2)
2024/11/24,1. Lig,0,Erokspor,1344,1346.0,2 - 2,Çorum FK,1499,1497.0,2,2,Turkey,domestic league (tier 2)
2024/12/09,1. Lig,0,Erokspor,1344,1335.0,0 - 1,Ümraniyespor,1478,1487.0,0,1,Turkey,domestic league (tier 2)
2024/12/18,Turkey Cup,0,Erokspor,1360,1351.0,1 - 2,Istanbulspor AS,1484,1493.0,1,2,Turkey,domestic cup
2024/12/22,1. Lig,0,Erokspor,1351,1354.0,1 - 1,Bandirmaspor,1546,1543.0,1,1,Turkey,domestic league (tier 2)
2025/01/11,1. Lig,0,Erokspor,1347,1348.0,1 - 1,Sakaryaspor,1469,1468.0,1,1,Turkey,domestic league (tier 2)
2025/01/18,1. Lig,0,Erokspor,1348,1355.0,1 - 0,Adanaspor,1350,1343.0,1,0,Turkey,domestic league (tier 2)
2025/02/02,1. Lig,0,Erokspor,1364,1364.0,1 - 1,Boluspor,1460,1460.0,1,1,Turkey,domestic league (tier 2)
2025/02/12,1. Lig,0,Erokspor,1370,1380.0,3 - 1,Igdir FK,1341,1331.0,3,1,Turkey,domestic league (tier 2)
2025/02/16,1. Lig,0,Erokspor,1380,1370.0,1 - 2,Erzurumspor FK,1495,1505.0,1,2,Turkey,domestic league (tier 2)
2025/03/01,1. Lig,0,Erokspor,1376,1374.0,1 - 1,Amed SK,1391,1393.0,1,1,Turkey,domestic league (tier 2)
2025/03/08,1. Lig,0,Erokspor,1379,1376.0,1 - 1,Manisa FK,1386,1389.0,1,1,Turkey,domestic league (tier 2)
2025/03/31,1. Lig,0,Erokspor,1397,1413.0,3 - 1,MKE Ankaragücü,1527,1511.0,3,1,Turkey,domestic league (tier 2)
2025/04/09,1. Lig,0,Erokspor,1418,1431.0,2 - 1,Fatih Karagümrük,1643,1630.0,2,1,Turkey,domestic league (tier 2)
2025/04/20,1. Lig,0,Erokspor,1435,1452.0,3 - 1,Kocaelispor,1578,1561.0,3,1,Turkey,domestic league (tier 2)
2025/05/04,1. Lig,0,Erokspor,1446,1429.0,0 - 3,Istanbulspor AS,1550,1567.0,0,3,Turkey,domestic league (tier 2)
2025/08/11,1. Lig,0,Erokspor,1419,1418.0,2 - 2,Adana Demirspor,1498,1499.0,2,2,Turkey,domestic league (tier 2)
2025/08/23,1. Lig,0,Erokspor,1407,1416.0,5 - 0,Serik Belediyespor,1282,1273.0,5,0,Turkey,domestic league (tier 2)
2025/09/12,1. Lig,0,Erokspor,1437,1455.0,4 - 1,Hatayspor,1554,1536.0,4,1,Turkey,domestic league (tier 2)
2025/09/24,1. Lig,0,Erokspor,1467,1487.0,5 - 0,Istanbulspor AS,1569,1549.0,5,0,Turkey,domestic league (tier 2)
2025/09/27,1. Lig,0,Erokspor,1487,1474.0,2 - 3,Igdir FK,1480,1493.0,2,3,Turkey,domestic league (tier 2)
2025/10/19,1. Lig,0,Erokspor,1495,1495.0,1 - 1,Bodrum FK,1601,1601.0,1,1,Turkey,domestic league (tier 2)
2025/11/03,1. Lig,0,Erokspor,1499,1511.0,3 - 1,Çorum FK,1524,1512.0,3,1,Turkey,domestic league (tier 2)
2025/11/23,1. Lig,0,Erokspor,1515,1524.0,2 - 1,Sivasspor,1570,1561.0,2,1,Turkey,domestic league (tier 2)
2025/12/03,Turkey Cup,0,Erokspor,1516,1496.0,2 - 5,Fatih Karagümrük,1571,1591.0,2,5,Turkey,domestic cup
2025/12/06,1. Lig,0,Erokspor,1496,1506.0,4 - 1,Sakaryaspor,1439,1429.0,4,1,Turkey,domestic league (tier 2)
2025/12/19,1. Lig,0,Erokspor,1508,1503.0,1 - 1,Sariyer SK,1409,1414.0,1,1,Turkey,domestic league (tier 2)
2026/01/17,1. Lig,0,Erokspor,1519,1513.0,0 - 0,Vanspor FK,1358,1364.0,0,0,Turkey,domestic league (tier 2)
2026/02/02,1. Lig,0,Erokspor,1525,1530.0,1 - 0,Ümraniyespor,1427,1422.0,1,0,Turkey,domestic league (tier 2)
2026/02/13,1. Lig,0,Erokspor,1545,1553.0,3 - 1,Manisa FK,1469,1461.0,3,1,Turkey,domestic league (tier 2)
2026/02/27,1. Lig,0,Erokspor,1593,1600.0,2 - 0,Boluspor,1474,1467.0,2,0,Turkey,domestic league (tier 2)
2026/03/12,1. Lig,0,Erokspor,1611,1606.0,1 - 1,Bandirmaspor,1499,1504.0,1,1,Turkey,domestic league (tier 2)
2026/03/22,1. Lig,0,Erokspor,1597,1580.0,0 - 2,Erzurumspor FK,1643,1660.0,0,2,Turkey,domestic league (tier 2)
2026/04/09,1. Lig,0,Erokspor,1598,1595.0,1 - 1,Amed SFK,1598,1601.0,1,1,Turkey,domestic league (tier 2)
2026/04/19,1. Lig,0,Erokspor,1601,1606.0,1 - 0,Keçiörengücü,1511,1506.0,1,0,Turkey,domestic league (tier 2)
2026/05/02,1. Lig,0,Erokspor,1594,1589.0,1 - 1,Pendikspor,1509,1514.0,1,1,Turkey,domestic league (tier 2)
2026/05/24,1. Lig,0,Erokspor,1589,1574.0,0 - 2,Çorum FK,1582,1597.0,0,2,Turkey,domestic league (tier 2)
2026/08/14,1. Lig,0,Erokspor,1575,1570.0,1 - 1,Sariyer SK,1476,1481.0,1,1,Turkey,domestic league (tier 2)
2026/08/30,1. Lig,0,Erokspor,1569,1554.0,0 - 1,Igdir FK,1459,1474.0,0,1,Turkey,domestic league (tier 2)
2026/09/07,1. Lig,0,Erokspor,1554,,Info,Kayserispor,1616,,,,Turkey,domestic league (tier 2)
2023/08/13,1. Lig,0,Erzurumspor FK,1441,1439.0,1 - 1,Bandirmaspor,1460,1462.0,1,1,Turkey,domestic league (tier 2)
2023/08/25,1. Lig,0,Erzurumspor FK,1444,1432.0,1 - 2,Manisa FK,1481,1493.0,1,2,Turkey,domestic league (tier 2)
2023/09/16,1. Lig,0,Erzurumspor FK,1436,1450.0,4 - 0,Altay Izmir,1448,1434.0,4,0,Turkey,domestic league (tier 2)
2023/10/01,1. Lig,0,Erzurumspor FK,1441,1447.0,1 - 0,Boluspor,1412,1406.0,1,0,Turkey,domestic league (tier 2)
2023/10/21,1. Lig,0,Erzurumspor FK,1450,1437.0,0 - 1,Keçiörengücü,1460,1473.0,0,1,Turkey,domestic league (tier 2)
2023/11/12,1. Lig,0,Erzurumspor FK,1442,1452.0,3 - 2,Göztepe,1557,1547.0,3,2,Turkey,domestic league (tier 2)
2023/12/03,1. Lig,0,Erzurumspor FK,1455,1453.0,1 - 1,Gençlerbirligi,1473,1475.0,1,1,Turkey,domestic league (tier 2)
2023/12/20,1. Lig,0,Erzurumspor FK,1438,1438.0,1 - 1,Ümraniyespor,1521,1521.0,1,1,Turkey,domestic league (tier 2)
2024/01/20,1. Lig,0,Erzurumspor FK,1436,1447.0,1 - 0,Bodrumspor,1556,1545.0,1,0,Turkey,domestic league (tier 2)
2024/02/04,1. Lig,0,Erzurumspor FK,1466,1474.0,2 - 0,Sanliurfaspor,1404,1396.0,2,0,Turkey,domestic league (tier 2)
2024/02/18,1. Lig,0,Erzurumspor FK,1473,1477.0,1 - 0,Adanaspor,1356,1352.0,1,0,Turkey,domestic league (tier 2)
2024/03/02,1. Lig,0,Erzurumspor FK,1469,1467.0,0 - 0,Kocaelispor,1490,1492.0,0,0,Turkey,domestic league (tier 2)
2024/03/17,1. Lig,0,Erzurumspor FK,1485,1490.0,1 - 0,Tuzlaspor,1383,1378.0,1,0,Turkey,domestic league (tier 2)
2024/04/04,1. Lig,0,Erzurumspor FK,1490,1494.0,2 - 1,Giresunspor,1334,1330.0,2,1,Turkey,domestic league (tier 2)
2024/04/15,1. Lig,0,Erzurumspor FK,1486,1484.0,0 - 0,Sakaryaspor,1520,1522.0,0,0,Turkey,domestic league (tier 2)
2024/04/28,1. Lig,0,Erzurumspor FK,1473,1481.0,2 - 1,Çorum FK,1508,1500.0,2,1,Turkey,domestic league (tier 2)
2024/05/11,1. Lig,0,Erzurumspor FK,1469,1452.0,0 - 4,Eyüpspor,1593,1610.0,0,4,Turkey,domestic league (tier 2)
2024/08/17,1. Lig,0,Erzurumspor FK,1446,1460.0,1 - 0,MKE Ankaragücü,1686,1672.0,1,0,Turkey,domestic league (tier 2)
2024/09/01,1. Lig,0,Erzurumspor FK,1453,1463.0,3 - 0,Yeni Malatyaspor,1389,1379.0,3,0,Turkey,domestic league (tier 2)
2024/09/20,1. Lig,0,Erzurumspor FK,1456,1461.0,2 - 0,Erokspor,1273,1268.0,2,0,Turkey,domestic league (tier 2)
2024/10/04,1. Lig,0,Erzurumspor FK,1470,1477.0,1 - 0,Boluspor,1451,1444.0,1,0,Turkey,domestic league (tier 2)
2024/10/27,1. Lig,0,Erzurumspor FK,1481,1493.0,4 - 0,Keçiörengücü,1448,1436.0,4,0,Turkey,domestic league (tier 2)
2024/11/03,1. Lig,0,Erzurumspor FK,1493,1498.0,2 - 0,Amed SK,1315,1310.0,2,0,Turkey,domestic league (tier 2)
2024/11/24,1. Lig,0,Erzurumspor FK,1485,1473.0,1 - 3,Fatih Karagümrük,1663,1675.0,1,3,Turkey,domestic league (tier 2)
2024/12/07,1. Lig,0,Erzurumspor FK,1486,1490.0,1 - 0,Adanaspor,1332,1328.0,1,0,Turkey,domestic league (tier 2)
2024/12/18,Turkey Cup,0,Erzurumspor FK,1482,1493.0,2 - 0,Sakaryaspor,1480,1469.0,2,0,Turkey,domestic cup
2024/12/21,1. Lig,0,Erzurumspor FK,1493,1490.0,0 - 0,Sakaryaspor,1469,1472.0,0,0,Turkey,domestic league (tier 2)
2025/01/09,Turkey Cup,0,Erzurumspor FK,1492,1485.0,0 - 1,Göztepe,1715,1722.0,0,1,Turkey,domestic cup
2025/01/12,1. Lig,0,Erzurumspor FK,1485,1471.0,0 - 1,Sanliurfaspor,1434,1448.0,0,1,Turkey,domestic league (tier 2)
2025/01/18,1. Lig,0,Erzurumspor FK,1471,1484.0,2 - 0,Bandirmaspor,1531,1518.0,2,0,Turkey,domestic league (tier 2)
2025/02/01,1. Lig,0,Erzurumspor FK,1500,1498.0,1 - 1,Kocaelispor,1538,1540.0,1,1,Turkey,domestic league (tier 2)
2025/02/12,1. Lig,0,Erzurumspor FK,1508,1495.0,1 - 2,Gençlerbirligi,1497,1510.0,1,2,Turkey,domestic league (tier 2)
2025/02/23,1. Lig,0,Erzurumspor FK,1505,1499.0,0 - 0,Igdir FK,1350,1356.0,0,0,Turkey,domestic league (tier 2)
2025/02/27,Turkey Cup,0,Erzurumspor FK,1499,1478.0,0 - 3,Istanbulspor AS,1522,1543.0,0,3,Turkey,domestic cup
2025/03/06,1. Lig,0,Erzurumspor FK,1480,1461.0,2 - 4,Pendikspor,1480,1499.0,2,4,Turkey,domestic league (tier 2)
2025/03/28,1. Lig,0,Erzurumspor FK,1491,1496.0,1 - 0,Manisa FK,1404,1399.0,1,0,Turkey,domestic league (tier 2)
2025/04/09,1. Lig,0,Erzurumspor FK,1492,1489.0,1 - 1,Çorum FK,1484,1487.0,1,1,Turkey,domestic league (tier 2)
2025/04/19,1. Lig,0,Erzurumspor FK,1504,1492.0,1 - 2,Istanbulspor AS,1529,1541.0,1,2,Turkey,domestic league (tier 2)
2025/05/04,1. Lig,0,Erzurumspor FK,1484,1495.0,2 - 0,Ümraniyespor,1495,1484.0,2,0,Turkey,domestic league (tier 2)
2025/08/09,1. Lig,0,Erzurumspor FK,1495,1512.0,2 - 0,Sivasspor,1641,1624.0,2,0,Turkey,domestic league (tier 2)
2025/08/24,1. Lig,0,Erzurumspor FK,1512,1508.0,3 - 3,Pendikspor,1471,1475.0,3,3,Turkey,domestic league (tier 2)
2025/09/15,1. Lig,0,Erzurumspor FK,1524,1519.0,1 - 1,Sakaryaspor,1443,1448.0,1,1,Turkey,domestic league (tier 2)
2025/09/24,1. Lig,0,Erzurumspor FK,1537,1532.0,1 - 1,Keçiörengücü,1455,1460.0,1,1,Turkey,domestic league (tier 2)
2025/10/04,1. Lig,0,Erzurumspor FK,1528,1521.0,1 - 1,Vanspor FK,1321,1328.0,1,1,Turkey,domestic league (tier 2)
2025/10/24,1. Lig,0,Erzurumspor FK,1521,1528.0,2 - 0,Ümraniyespor,1409,1402.0,2,0,Turkey,domestic league (tier 2)
2025/11/09,1. Lig,0,Erzurumspor FK,1548,1544.0,1 - 1,Erokspor,1511,1515.0,1,1,Turkey,domestic league (tier 2)
2025/11/29,1. Lig,0,Erzurumspor FK,1535,1548.0,4 - 0,Istanbulspor AS,1516,1503.0,4,0,Turkey,domestic league (tier 2)
2025/12/14,1. Lig,0,Erzurumspor FK,1545,1543.0,2 - 2,Bodrum FK,1584,1586.0,2,2,Turkey,domestic league (tier 2)
2025/12/28,1. Lig,0,Erzurumspor FK,1552,1558.0,1 - 0,Çorum FK,1516,1510.0,1,0,Turkey,domestic league (tier 2)
2026/01/15,Turkey Cup,0,Erzurumspor FK,1577,1593.0,2 - 0,Çaykur Rizespor,1699,1683.0,2,0,Turkey,domestic cup
2026/01/18,1. Lig,0,Erzurumspor FK,1593,1602.0,2 - 0,Amed SFK,1535,1526.0,2,0,Turkey,domestic league (tier 2)
2026/01/31,1. Lig,0,Erzurumspor FK,1612,1618.0,4 - 0,Sariyer SK,1439,1433.0,4,0,Turkey,domestic league (tier 2)
2026/02/14,1. Lig,0,Erzurumspor FK,1622,1624.0,7 - 0,Adana Demirspor,1216,1214.0,7,0,Turkey,domestic league (tier 2)
2026/02/22,1. Lig,0,Erzurumspor FK,1633,1636.0,4 - 0,Serik Belediyespor,1300,1297.0,4,0,Turkey,domestic league (tier 2)
2026/03/04,Turkey Cup,0,Erzurumspor FK,1648,1654.0,4 - 2,Keçiörengücü,1506,1500.0,4,2,Turkey,domestic cup
2026/03/07,1. Lig,0,Erzurumspor FK,1654,1661.0,8 - 1,Manisa FK,1472,1465.0,8,1,Turkey,domestic league (tier 2)
2026/03/15,1. Lig,0,Erzurumspor FK,1641,1643.0,3 - 0,Hatayspor,1287,1285.0,3,0,Turkey,domestic league (tier 2)
2026/04/04,1. Lig,0,Erzurumspor FK,1660,1663.0,2 - 1,Igdir FK,1468,1465.0,2,1,Turkey,domestic league (tier 2)
2026/04/13,1. Lig,0,Erzurumspor FK,1670,1674.0,2 - 0,Boluspor,1442,1438.0,2,0,Turkey,domestic league (tier 2)
2026/04/26,1. Lig,0,Erzurumspor FK,1674,1668.0,1 - 1,Bandirmaspor,1530,1536.0,1,1,Turkey,domestic league (tier 2)
2026/08/21,Süperlig,0,Erzurumspor FK,1651,1643.0,0 - 4,Galatasaray,1987,1995.0,0,4,Turkey,domestic league (tier 1)
2026/09/05,Süperlig,0,Erzurumspor FK,1647,,Info,Konyaspor,1703,,,,Turkey,domestic league (tier 1)
2016/08/27,1. Lig,0,Eskisehirspor,1620,1614.0,1 - 1,Sanliurfaspor,1455,1461.0,1,1,Turkey,domestic league (tier 2)
2016/09/16,1. Lig,0,Eskisehirspor,1612,1619.0,3 - 1,Elazigspor,1494,1487.0,3,1,Turkey,domestic league (tier 2)
2016/10/02,1. Lig,0,Eskisehirspor,1615,1609.0,1 - 1,Boluspor,1476,1482.0,1,1,Turkey,domestic league (tier 2)
2016/10/16,1. Lig,0,Eskisehirspor,1609,1614.0,1 - 0,Giresunspor,1517,1512.0,1,0,Turkey,domestic league (tier 2)
2016/10/30,1. Lig,0,Eskisehirspor,1614,1618.0,4 - 1,Bandirmaspor,1341,1337.0,4,1,Turkey,domestic league (tier 2)
2016/11/20,1. Lig,0,Eskisehirspor,1628,1634.0,2 - 0,Yeni Malatyaspor,1493,1487.0,2,0,Turkey,domestic league (tier 2)
2016/12/02,1. Lig,0,Eskisehirspor,1621,1627.0,6 - 0,Mersin Idmanyurdu,1419,1413.0,6,0,Turkey,domestic league (tier 2)
2016/12/18,1. Lig,0,Eskisehirspor,1635,1605.0,0 - 3,Denizlispor,1438,1468.0,0,3,Turkey,domestic league (tier 2)
2017/01/15,1. Lig,0,Eskisehirspor,1614,1622.0,3 - 0,Altinordu FK,1504,1496.0,3,0,Turkey,domestic league (tier 2)
2017/01/21,1. Lig,0,Eskisehirspor,1622,1628.0,3 - 2,Balikesirspor,1563,1557.0,3,2,Turkey,domestic league (tier 2)
2017/02/11,1. Lig,0,Eskisehirspor,1627,1595.0,1 - 5,Manisaspor,1426,1458.0,1,5,Turkey,domestic league (tier 2)
2017/02/26,1. Lig,0,Eskisehirspor,1595,1589.0,0 - 0,Ümraniyespor,1467,1473.0,0,0,Turkey,domestic league (tier 2)
2017/03/19,1. Lig,0,Eskisehirspor,1590,1598.0,4 - 0,Göztepe,1468,1460.0,4,0,Turkey,domestic league (tier 2)
2017/04/08,1. Lig,0,Eskisehirspor,1604,1581.0,2 - 4,Adana Demirspor,1504,1527.0,2,4,Turkey,domestic league (tier 2)
2017/04/23,1. Lig,0,Eskisehirspor,1593,1591.0,2 - 2,Sivasspor,1606,1608.0,2,2,Turkey,domestic league (tier 2)
2017/05/02,1. Lig,0,Eskisehirspor,1606,1614.0,6 - 1,Samsunspor,1471,1463.0,6,1,Turkey,domestic league (tier 2)
2017/05/14,1. Lig,0,Eskisehirspor,1596,1589.0,2 - 2,Gaziantep FK (as Gazisehir Gaziantep FK),1426,1433.0,2,2,Turkey,domestic league (tier 2)
2017/05/29,1. Lig,0,Eskisehirspor,1575,1581.0,1 - 0,Giresunspor,1514,1508.0,1,0,Turkey,domestic league (tier 2)
2017/06/04,1. Lig,1,Eskisehirspor,1581,1579.0,1 - 1,Göztepe,1501,1503.0,1,1,Turkey,domestic league (tier 2)
2017/08/20,1. Lig,0,Eskisehirspor,1574,1560.0,1 - 2,Elazigspor,1510,1524.0,1,2,Turkey,domestic league (tier 2)
2017/08/26,1. Lig,0,Eskisehirspor,1560,1554.0,2 - 2,Denizlispor,1430,1436.0,2,2,Turkey,domestic league (tier 2)
2017/09/18,1. Lig,0,Eskisehirspor,1542,1538.0,1 - 1,Ümraniyespor,1506,1510.0,1,1,Turkey,domestic league (tier 2)
2017/09/30,1. Lig,0,Eskisehirspor,1538,1543.0,3 - 2,Manisaspor,1447,1442.0,3,2,Turkey,domestic league (tier 2)
2017/10/22,1. Lig,0,Eskisehirspor,1529,1535.0,3 - 1,BB Erzurumspor,1394,1388.0,3,1,Turkey,domestic league (tier 2)
2017/11/05,1. Lig,0,Eskisehirspor,1538,1515.0,1 - 3,MKE Ankaragücü,1442,1465.0,1,3,Turkey,domestic league (tier 2)
2017/11/26,1. Lig,0,Eskisehirspor,1528,1527.0,1 - 1,Çaykur Rizespor,1610,1611.0,1,1,Turkey,domestic league (tier 2)
2017/12/11,1. Lig,0,Eskisehirspor,1547,1556.0,7 - 0,Gaziantepspor,1405,1396.0,7,0,Turkey,domestic league (tier 2)
2017/12/23,1. Lig,0,Eskisehirspor,1541,1527.0,1 - 2,Adanaspor,1490,1504.0,1,2,Turkey,domestic league (tier 2)
2018/01/20,1. Lig,0,Eskisehirspor,1527,1511.0,1 - 2,Istanbulspor AS,1394,1410.0,1,2,Turkey,domestic league (tier 2)
2018/02/11,1. Lig,0,Eskisehirspor,1519,1531.0,3 - 1,Giresunspor,1543,1531.0,3,1,Turkey,domestic league (tier 2)
2018/02/21,1. Lig,0,Eskisehirspor,1544,1521.0,1 - 4,Gaziantep FK (as Gazisehir Gaziantep FK),1529,1552.0,1,4,Turkey,domestic league (tier 2)
2018/03/03,1. Lig,0,Eskisehirspor,1531,1526.0,2 - 2,Adana Demirspor,1431,1436.0,2,2,Turkey,domestic league (tier 2)
2018/03/12,1. Lig,0,Eskisehirspor,1517,1500.0,2 - 4,Altinordu FK,1559,1576.0,2,4,Turkey,domestic league (tier 2)
2018/04/01,1. Lig,0,Eskisehirspor,1493,1474.0,1 - 3,Balikesirspor,1496,1515.0,1,3,Turkey,domestic league (tier 2)
2018/04/15,1. Lig,0,Eskisehirspor,1468,1481.0,5 - 0,Samsunspor,1437,1424.0,5,0,Turkey,domestic league (tier 2)
2018/04/28,1. Lig,0,Eskisehirspor,1493,1494.0,2 - 2,Boluspor,1611,1610.0,2,2,Turkey,domestic league (tier 2)
2018/08/19,1. Lig,0,Eskisehirspor,1504,1502.0,2 - 2,Balikesirspor,1528,1530.0,2,2,Turkey,domestic league (tier 2)
2018/09/01,1. Lig,0,Eskisehirspor,1494,1502.0,2 - 0,Karabükspor,1418,1410.0,2,0,Turkey,domestic league (tier 2)
2018/09/23,1. Lig,0,Eskisehirspor,1487,1486.0,0 - 0,Gaziantep FK (as Gazisehir Gaziantep FK),1558,1559.0,0,0,Turkey,domestic league (tier 2)
2018/10/05,1. Lig,0,Eskisehirspor,1473,1445.0,0 - 3,Hatayspor,1341,1369.0,0,3,Turkey,domestic league (tier 2)
2018/10/28,1. Lig,0,Eskisehirspor,1437,1444.0,1 - 0,Istanbulspor AS,1430,1423.0,1,0,Turkey,domestic league (tier 2)
2018/11/04,1. Lig,0,Eskisehirspor,1444,1456.0,1 - 0,Ankaraspor (as Osmanlispor FK),1625,1613.0,1,0,Turkey,domestic league (tier 2)
2018/11/24,1. Lig,0,Eskisehirspor,1448,1448.0,2 - 2,Ümraniyespor,1538,1538.0,2,2,Turkey,domestic league (tier 2)
2018/12/09,1. Lig,0,Eskisehirspor,1438,1445.0,1 - 0,Altay Izmir,1415,1408.0,1,0,Turkey,domestic league (tier 2)
2018/12/23,1. Lig,0,Eskisehirspor,1434,1435.0,1 - 1,Boluspor,1565,1564.0,1,1,Turkey,domestic league (tier 2)
2019/01/20,1. Lig,0,Eskisehirspor,1435,1433.0,0 - 0,Giresunspor,1450,1452.0,0,0,Turkey,domestic league (tier 2)
2019/02/02,1. Lig,0,Eskisehirspor,1425,1437.0,3 - 2,Gençlerbirligi,1612,1600.0,3,2,Turkey,domestic league (tier 2)
2019/02/18,1. Lig,0,Eskisehirspor,1453,1454.0,1 - 1,Denizlispor,1586,1585.0,1,1,Turkey,domestic league (tier 2)
2019/03/02,1. Lig,0,Eskisehirspor,1459,1447.0,1 - 2,Adana Demirspor,1485,1497.0,1,2,Turkey,domestic league (tier 2)
2019/03/15,1. Lig,0,Eskisehirspor,1439,1426.0,2 - 4,Altinordu FK,1576,1589.0,2,4,Turkey,domestic league (tier 2)
2019/04/13,1. Lig,0,Eskisehirspor,1445,1454.0,3 - 1,Elazigspor,1409,1400.0,3,1,Turkey,domestic league (tier 2)
2019/04/29,1. Lig,0,Eskisehirspor,1460,1466.0,3 - 1,Afjet Afyonspor,1313,1307.0,3,1,Turkey,domestic league (tier 2)
2019/05/11,1. Lig,0,Eskisehirspor,1459,1435.0,0 - 3,Adanaspor,1417,1441.0,0,3,Turkey,domestic league (tier 2)
2019/08/19,1. Lig,0,Eskisehirspor,1429,1430.0,1 - 1,Keçiörengücü,1550,1549.0,1,1,Turkey,domestic league (tier 2)
2019/09/01,1. Lig,0,Eskisehirspor,1423,1412.0,0 - 2,Bursaspor,1616,1627.0,0,2,Turkey,domestic league (tier 2)
2019/09/22,1. Lig,0,Eskisehirspor,1405,1414.0,3 - 0,Menemen Belediyespor,1319,1310.0,3,0,Turkey,domestic league (tier 2)
2019/10/05,1. Lig,0,Eskisehirspor,1411,1396.0,1 - 3,Fatih Karagümrük SK,1513,1528.0,1,3,Turkey,domestic league (tier 2)
2019/11/03,1. Lig,0,Eskisehirspor,1384,1397.0,3 - 2,Ankaraspor (as Osmanlispor FK),1610,1597.0,3,2,Turkey,domestic league (tier 2)
2019/11/23,1. Lig,0,Eskisehirspor,1413,1406.0,1 - 2,BB Erzurumspor,1607,1614.0,1,2,Turkey,domestic league (tier 2)
2019/12/06,1. Lig,0,Eskisehirspor,1411,1428.0,3 - 1,Ümraniyespor,1563,1546.0,3,1,Turkey,domestic league (tier 2)
2019/12/21,1. Lig,0,Eskisehirspor,1422,1411.0,1 - 2,Balikesirspor,1485,1496.0,1,2,Turkey,domestic league (tier 2)
2020/01/26,1. Lig,0,Eskisehirspor,1431,1427.0,0 - 0,Adanaspor,1392,1396.0,0,0,Turkey,domestic league (tier 2)
2020/02/08,1. Lig,0,Eskisehirspor,1444,1461.0,3 - 0,Altinordu FK,1533,1516.0,3,0,Turkey,domestic league (tier 2)
2020/02/21,1. Lig,0,Eskisehirspor,1448,1441.0,0 - 1,Hatayspor,1648,1655.0,0,1,Turkey,domestic league (tier 2)
2020/02/29,1. Lig,0,Eskisehirspor,1433,1424.0,1 - 2,Akhisar Belediyespor,1579,1588.0,1,2,Turkey,domestic league (tier 2)
2020/03/07,1. Lig,0,Eskisehirspor,1424,1407.0,0 - 2,Giresunspor,1473,1490.0,0,2,Turkey,domestic league (tier 2)
2020/03/16,1. Lig,0,Eskisehirspor,1412,1399.0,1 - 4,Adana Demirspor,1604,1617.0,1,4,Turkey,domestic league (tier 2)
2020/06/27,1. Lig,0,Eskisehirspor,1396,1398.0,2 - 2,Altay Izmir,1550,1548.0,2,2,Turkey,domestic league (tier 2)
2020/07/06,1. Lig,0,Eskisehirspor,1390,1372.0,0 - 3,Istanbulspor AS,1472,1490.0,0,3,Turkey,domestic league (tier 2)
2020/07/19,1. Lig,0,Eskisehirspor,1364,1346.0,0 - 3,Boluspor,1454,1472.0,0,3,Turkey,domestic league (tier 2)
2020/09/18,1. Lig,0,Eskisehirspor,1342,1340.0,0 - 0,Adanaspor,1366,1368.0,0,0,Turkey,domestic league (tier 2)
2020/10/04,1. Lig,0,Eskisehirspor,1334,1335.0,1 - 1,Ümraniyespor,1465,1464.0,1,1,Turkey,domestic league (tier 2)
2020/10/20,1. Lig,0,Eskisehirspor,1340,1330.0,0 - 1,Samsunspor,1433,1443.0,0,1,Turkey,domestic league (tier 2)
2020/11/01,1. Lig,0,Eskisehirspor,1325,1319.0,0 - 1,Akhisar Belediyespor,1571,1577.0,0,1,Turkey,domestic league (tier 2)
2020/11/08,1. Lig,0,Eskisehirspor,1319,1323.0,2 - 2,Keçiörengücü,1556,1552.0,2,2,Turkey,domestic league (tier 2)
2020/11/29,1. Lig,0,Eskisehirspor,1321,1311.0,0 - 2,Altinordu FK,1536,1546.0,0,2,Turkey,domestic league (tier 2)
2020/12/08,1. Lig,0,Eskisehirspor,1306,1292.0,0 - 2,Tuzlaspor,1436,1450.0,0,2,Turkey,domestic league (tier 2)
2020/12/19,1. Lig,0,Eskisehirspor,1295,1296.0,2 - 2,Menemen Belediyespor,1419,1418.0,2,2,Turkey,domestic league (tier 2)
2021/01/04,1. Lig,0,Eskisehirspor,1294,1282.0,0 - 2,Boluspor,1454,1466.0,0,2,Turkey,domestic league (tier 2)
2021/01/23,1. Lig,0,Eskisehirspor,1282,1282.0,0 - 0,Ankaraspor,1380,1380.0,0,0,Turkey,domestic league (tier 2)
2021/02/06,1. Lig,0,Eskisehirspor,1273,1262.0,0 - 5,Altay Izmir,1548,1559.0,0,5,Turkey,domestic league (tier 2)
2021/02/19,1. Lig,0,Eskisehirspor,1257,1270.0,2 - 1,Bandirmaspor,1462,1449.0,2,1,Turkey,domestic league (tier 2)
2021/02/28,1. Lig,0,Eskisehirspor,1266,1257.0,0 - 3,Istanbulspor AS,1561,1570.0,0,3,Turkey,domestic league (tier 2)
2021/03/20,1. Lig,0,Eskisehirspor,1249,1256.0,1 - 1,Adana Demirspor,1655,1648.0,1,1,Turkey,domestic league (tier 2)
2021/04/09,1. Lig,0,Eskisehirspor,1253,1244.0,0 - 5,Giresunspor,1573,1582.0,0,5,Turkey,domestic league (tier 2)
2021/04/18,1. Lig,0,Eskisehirspor,1238,1224.0,0 - 3,Balikesirspor,1413,1427.0,0,3,Turkey,domestic league (tier 2)
2021/05/01,1. Lig,0,Eskisehirspor,1221,1211.0,1 - 5,Bursaspor,1496,1506.0,1,5,Turkey,domestic league (tier 2)
2021/08/21,1. Lig,0,Eyüpspor,1475,1485.0,2 - 1,Keçiörengücü,1580,1570.0,2,1,Turkey,domestic league (tier 2)
2021/09/11,1. Lig,0,Eyüpspor,1504,1483.0,0 - 2,Denizlispor,1463,1484.0,0,2,Turkey,domestic league (tier 2)
2021/09/18,1. Lig,0,Eyüpspor,1495,1485.0,0 - 1,BB Erzurumspor,1579,1589.0,0,1,Turkey,domestic league (tier 2)
2021/10/03,1. Lig,0,Eyüpspor,1485,1489.0,3 - 2,Manisa FK,1319,1315.0,3,2,Turkey,domestic league (tier 2)
2021/10/22,1. Lig,0,Eyüpspor,1494,1498.0,1 - 0,Adanaspor,1356,1352.0,1,0,Turkey,domestic league (tier 2)
2021/10/30,1. Lig,0,Eyüpspor,1498,1514.0,2 - 0,MKE Ankaragücü,1627,1611.0,2,0,Turkey,domestic league (tier 2)
2021/11/22,1. Lig,0,Eyüpspor,1526,1524.0,2 - 2,Samsunspor,1542,1544.0,2,2,Turkey,domestic league (tier 2)
2021/12/15,1. Lig,0,Eyüpspor,1511,1520.0,2 - 0,Tuzlaspor,1455,1446.0,2,0,Turkey,domestic league (tier 2)
2021/12/26,1. Lig,0,Eyüpspor,1519,1512.0,1 - 1,Balikesirspor,1302,1309.0,1,1,Turkey,domestic league (tier 2)
2022/01/09,1. Lig,0,Eyüpspor,1512,1519.0,1 - 0,Gençlerbirligi,1512,1505.0,1,0,Turkey,domestic league (tier 2)
2022/02/13,1. Lig,0,Eyüpspor,1523,1534.0,2 - 0,Bandirmaspor,1528,1517.0,2,0,Turkey,domestic league (tier 2)
2022/02/21,1. Lig,0,Eyüpspor,1538,1532.0,1 - 1,Menemen Belediyespor,1422,1428.0,1,1,Turkey,domestic league (tier 2)
2022/03/06,1. Lig,0,Eyüpspor,1520,1509.0,0 - 1,Ümraniyespor,1578,1589.0,0,1,Turkey,domestic league (tier 2)
2022/03/10,1. Lig,0,Eyüpspor,1509,1519.0,3 - 0,Bursaspor,1448,1438.0,3,0,Turkey,domestic league (tier 2)
2022/04/11,1. Lig,0,Eyüpspor,1534,1529.0,2 - 2,Altinordu FK,1448,1453.0,2,2,Turkey,domestic league (tier 2)
2022/04/21,1. Lig,0,Eyüpspor,1532,1509.0,0 - 2,Boluspor,1425,1448.0,0,2,Turkey,domestic league (tier 2)
2022/05/01,1. Lig,0,Eyüpspor,1509,1498.0,1 - 2,Istanbulspor AS,1575,1586.0,1,2,Turkey,domestic league (tier 2)
2022/05/14,1. Lig,0,Eyüpspor,1490,1495.0,2 - 1,Kocaelispor,1386,1381.0,2,1,Turkey,domestic league (tier 2)
2022/05/25,1. Lig,0,Eyüpspor,1505,1513.0,1 - 0,Bandirmaspor,1532,1524.0,1,0,Turkey,domestic league (tier 2)
2022/08/13,1. Lig,0,Eyüpspor,1501,1508.0,1 - 0,Denizlispor,1510,1503.0,1,0,Turkey,domestic league (tier 2)
2022/08/26,1. Lig,0,Eyüpspor,1512,1518.0,3 - 2,Yeni Malatyaspor,1462,1456.0,3,2,Turkey,domestic league (tier 2)
2022/09/11,1. Lig,0,Eyüpspor,1497,1502.0,1 - 0,Adanaspor,1400,1395.0,1,0,Turkey,domestic league (tier 2)
2022/09/17,1. Lig,0,Eyüpspor,1502,1517.0,4 - 1,Bandirmaspor,1557,1542.0,4,1,Turkey,domestic league (tier 2)
2022/10/08,1. Lig,0,Eyüpspor,1520,1529.0,4 - 0,Manisa FK,1425,1416.0,4,0,Turkey,domestic league (tier 2)
2022/10/21,1. Lig,0,Eyüpspor,1534,1537.0,2 - 1,Sakaryaspor,1363,1360.0,2,1,Turkey,domestic league (tier 2)
2022/11/06,1. Lig,0,Eyüpspor,1549,1553.0,2 - 1,Altinordu FK,1433,1429.0,2,1,Turkey,domestic league (tier 2)
2022/11/20,1. Lig,0,Eyüpspor,1566,1571.0,1 - 0,Göztepe,1497,1492.0,1,0,Turkey,domestic league (tier 2)
2022/12/02,1. Lig,0,Eyüpspor,1570,1576.0,2 - 0,Tuzlaspor,1431,1425.0,2,0,Turkey,domestic league (tier 2)
2022/12/17,1. Lig,0,Eyüpspor,1576,1571.0,0 - 0,Boluspor,1492,1497.0,0,0,Turkey,domestic league (tier 2)
2023/01/22,1. Lig,0,Eyüpspor,1568,1546.0,1 - 4,Samsunspor,1578,1600.0,1,4,Turkey,domestic league (tier 2)
2023/02/28,1. Lig,0,Eyüpspor,1535,1540.0,1 - 0,Bodrumspor,1457,1452.0,1,0,Turkey,domestic league (tier 2)
2023/03/13,1. Lig,0,Eyüpspor,1552,1537.0,0 - 1,Altay Izmir,1458,1473.0,0,1,Turkey,domestic league (tier 2)
2023/03/26,1. Lig,0,Eyüpspor,1548,1537.0,0 - 1,Çaykur Rizespor,1621,1632.0,0,1,Turkey,domestic league (tier 2)
2023/04/03,1. Lig,0,Eyüpspor,1522,1517.0,1 - 1,BB Erzurumspor,1437,1442.0,1,1,Turkey,domestic league (tier 2)
2023/04/12,1. Lig,0,Eyüpspor,1525,1501.0,0 - 2,Gençlerbirligi,1374,1398.0,0,2,Turkey,domestic league (tier 2)
2023/04/22,1. Lig,0,Eyüpspor,1495,1492.0,1 - 1,Pendikspor,1492,1495.0,1,1,Turkey,domestic league (tier 2)
2023/05/21,1. Lig,0,Eyüpspor,1479,1486.0,2 - 1,Keçiörengücü,1483,1476.0,2,1,Turkey,domestic league (tier 2)
2023/05/31,1. Lig,0,Eyüpspor,1498,1506.0,1 - 0,Bodrumspor,1521,1513.0,1,0,Turkey,domestic league (tier 2)
2023/08/21,1. Lig,0,Eyüpspor,1507,1513.0,2 - 0,Kocaelispor,1379,1373.0,2,0,Turkey,domestic league (tier 2)
2023/09/02,1. Lig,0,Eyüpspor,1529,1543.0,3 - 1,Giresunspor,1598,1584.0,3,1,Turkey,domestic league (tier 2)
2023/09/22,1. Lig,0,Eyüpspor,1559,1568.0,2 - 0,Ümraniyespor,1505,1496.0,2,0,Turkey,domestic league (tier 2)
2023/10/07,1. Lig,0,Eyüpspor,1551,1564.0,3 - 0,Bodrumspor,1550,1537.0,3,0,Turkey,domestic league (tier 2)
2023/10/29,1. Lig,0,Eyüpspor,1572,1557.0,0 - 1,Bandirmaspor,1500,1515.0,0,1,Turkey,domestic league (tier 2)
2023/11/05,1. Lig,0,Eyüpspor,1557,1563.0,4 - 1,Adanaspor,1400,1394.0,4,1,Turkey,domestic league (tier 2)
2023/11/26,1. Lig,0,Eyüpspor,1580,1584.0,2 - 1,Manisa FK,1452,1448.0,2,1,Turkey,domestic league (tier 2)
2023/12/06,Turkey Cup,0,Eyüpspor,1599,1606.0,3 - 1,Ankara Demirspor,1476,1469.0,3,1,Turkey,domestic cup
2023/12/10,1. Lig,0,Eyüpspor,1606,1612.0,4 - 0,Sanliurfaspor,1417,1411.0,4,0,Turkey,domestic league (tier 2)
2023/12/25,1. Lig,0,Eyüpspor,1597,1603.0,3 - 0,Erzurumspor FK,1438,1432.0,3,0,Turkey,domestic league (tier 2)
2024/01/13,1. Lig,0,Eyüpspor,1603,1608.0,2 - 0,Keçiörengücü,1422,1417.0,2,0,Turkey,domestic league (tier 2)
2024/01/27,1. Lig,0,Eyüpspor,1592,1597.0,4 - 0,Tuzlaspor,1379,1374.0,4,0,Turkey,domestic league (tier 2)
2024/02/12,1. Lig,0,Eyüpspor,1594,1598.0,1 - 0,Gençlerbirligi,1467,1463.0,1,0,Turkey,domestic league (tier 2)
2024/02/25,1. Lig,0,Eyüpspor,1613,1618.0,3 - 2,Sakaryaspor,1520,1515.0,3,2,Turkey,domestic league (tier 2)
2024/03/09,1. Lig,0,Eyüpspor,1629,1613.0,0 - 1,Çorum FK,1461,1477.0,0,1,Turkey,domestic league (tier 2)
2024/04/07,1. Lig,0,Eyüpspor,1608,1611.0,4 - 1,Altay Izmir,1303,1300.0,4,1,Turkey,domestic league (tier 2)
2024/04/20,1. Lig,0,Eyüpspor,1609,1603.0,0 - 0,Boluspor,1463,1469.0,0,0,Turkey,domestic league (tier 2)
2024/05/04,1. Lig,0,Eyüpspor,1615,1593.0,0 - 3,Göztepe,1630,1652.0,0,3,Turkey,domestic league (tier 2)
2024/08/19,Süperlig,0,Eyüpspor,1616,1620.0,4 - 1,Bodrum FK,1380,1376.0,4,1,Turkey,domestic league (tier 1)
2024/09/01,Süperlig,0,Eyüpspor,1635,1637.0,0 - 0,Trabzonspor,1820,1818.0,0,0,Turkey,domestic league (tier 1)
2024/09/29,Süperlig,0,Eyüpspor,1638,1646.0,3 - 2,Gaziantep FK,1677,1669.0,3,2,Turkey,domestic league (tier 1)
2024/10/19,Süperlig,0,Eyüpspor,1640,1648.0,1 - 0,Göztepe,1678,1670.0,1,0,Turkey,domestic league (tier 1)
2024/11/03,Süperlig,0,Eyüpspor,1654,1663.0,2 - 0,Hatayspor,1603,1594.0,2,0,Turkey,domestic league (tier 1)
2024/11/23,Süperlig,0,Eyüpspor,1674,1661.0,1 - 2,Çaykur Rizespor,1661,1674.0,1,2,Turkey,domestic league (tier 1)
2024/12/08,Süperlig,0,Eyüpspor,1670,1687.0,3 - 0,Samsunspor,1761,1744.0,3,0,Turkey,domestic league (tier 1)
2024/12/20,Süperlig,0,Eyüpspor,1677,1683.0,1 - 1,Fenerbahçe,2019,2013.0,1,1,Turkey,domestic league (tier 1)
2025/01/08,Turkey Cup,0,Eyüpspor,1705,1707.0,1 - 0,Boluspor,1465,1463.0,1,0,Turkey,domestic cup
2025/01/19,Süperlig,0,Eyüpspor,1707,1720.0,3 - 0,Alanyaspor,1714,1701.0,3,0,Turkey,domestic league (tier 1)
2025/01/31,Süperlig,0,Eyüpspor,1726,1732.0,1 - 0,Sivasspor,1685,1679.0,1,0,Turkey,domestic league (tier 1)
2025/02/16,Süperlig,0,Eyüpspor,1714,1709.0,1 - 1,Kayserispor,1614,1619.0,1,1,Turkey,domestic league (tier 1)
2025/02/21,Süperlig,0,Eyüpspor,1709,1696.0,1 - 3,Besiktas,1849,1862.0,1,3,Turkey,domestic league (tier 1)
2025/02/27,Turkey Cup,0,Eyüpspor,1696,1696.0,0 - 0,Istanbul Basaksehir,1780,1780.0,0,0,Turkey,domestic cup
2025/03/09,Süperlig,0,Eyüpspor,1685,1693.0,2 - 1,Konyaspor,1700,1692.0,2,1,Turkey,domestic league (tier 1)
2025/03/31,Süperlig,0,Eyüpspor,1697,1680.0,1 - 3,Istanbul Basaksehir,1744,1761.0,1,3,Turkey,domestic league (tier 1)
2025/04/14,Süperlig,0,Eyüpspor,1690,1698.0,6 - 0,Adana Demirspor,1528,1520.0,6,0,Turkey,domestic league (tier 1)
2025/04/27,Süperlig,0,Eyüpspor,1689,1681.0,1 - 5,Galatasaray,2012,2020.0,1,5,Turkey,domestic league (tier 1)
2025/05/10,Süperlig,0,Eyüpspor,1671,1650.0,0 - 3,Kasimpasa SK,1700,1721.0,0,3,Turkey,domestic league (tier 1)
2025/05/24,Süperlig,0,Eyüpspor,1649,1656.0,2 - 1,Antalyaspor,1653,1646.0,2,1,Turkey,domestic league (tier 1)
2025/08/10,Süperlig,0,Eyüpspor,1656,1636.0,1 - 4,Konyaspor,1699,1719.0,1,4,Turkey,domestic league (tier 1)
2025/08/25,Süperlig,0,Eyüpspor,1633,1642.0,2 - 1,Alanyaspor,1705,1696.0,2,1,Turkey,domestic league (tier 1)
2025/09/13,Süperlig,0,Eyüpspor,1648,1644.0,0 - 2,Galatasaray,2068,2072.0,0,2,Turkey,domestic league (tier 1)
2025/09/27,Süperlig,0,Eyüpspor,1634,1635.0,0 - 0,Göztepe,1780,1779.0,0,0,Turkey,domestic league (tier 1)
2025/10/20,Süperlig,0,Eyüpspor,1625,1639.0,2 - 0,Kasimpasa SK,1699,1685.0,2,0,Turkey,domestic league (tier 1)
2025/11/03,Süperlig,0,Eyüpspor,1634,1621.0,0 - 1,Antalyaspor,1611,1624.0,0,1,Turkey,domestic league (tier 1)
2025/11/22,Süperlig,0,Eyüpspor,1618,1614.0,1 - 1,Fatih Karagümrük,1577,1581.0,1,1,Turkey,domestic league (tier 1)
2025/12/06,Süperlig,0,Eyüpspor,1629,1626.0,1 - 1,Kayserispor,1621,1624.0,1,1,Turkey,domestic league (tier 1)
2025/12/20,Süperlig,0,Eyüpspor,1616,1611.0,0 - 3,Fenerbahçe,2032,2037.0,0,3,Turkey,domestic league (tier 1)
2026/01/15,Turkey Cup,0,Eyüpspor,1607,1611.0,2 - 1,Igdir FK,1486,1482.0,2,1,Turkey,domestic cup
2026/01/26,Süperlig,0,Eyüpspor,1615,1619.0,2 - 2,Besiktas,1846,1842.0,2,2,Turkey,domestic league (tier 1)
2026/02/08,Süperlig,0,Eyüpspor,1645,1637.0,1 - 2,Istanbul Basaksehir,1820,1828.0,1,2,Turkey,domestic league (tier 1)
2026/02/21,Süperlig,0,Eyüpspor,1635,1642.0,1 - 0,Gençlerbirligi,1630,1623.0,1,0,Turkey,domestic league (tier 1)
2026/03/05,Turkey Cup,0,Eyüpspor,1648,1636.0,0 - 1,Konyaspor,1683,1695.0,0,1,Turkey,domestic cup
2026/03/09,Süperlig,0,Eyüpspor,1636,1623.0,0 - 1,Kocaelispor,1623,1636.0,0,1,Turkey,domestic league (tier 1)
2026/03/18,Süperlig,0,Eyüpspor,1616,1611.0,0 - 1,Trabzonspor,1890,1895.0,0,1,Turkey,domestic league (tier 1)
2026/04/13,Süperlig,0,Eyüpspor,1596,1587.0,1 - 2,Samsunspor,1738,1747.0,1,2,Turkey,domestic league (tier 1)
2026/04/25,Süperlig,0,Eyüpspor,1600,1617.0,3 - 0,Gaziantep FK,1683,1666.0,3,0,Turkey,domestic league (tier 1)
2026/05/09,Süperlig,0,Eyüpspor,1619,1637.0,4 - 0,Çaykur Rizespor,1714,1696.0,4,0,Turkey,domestic league (tier 1)
2026/08/23,Süperlig,0,Eyüpspor,1644,1631.0,0 - 1,Gaziantep FK,1642,1655.0,0,1,Turkey,domestic league (tier 1)
2026/08/30,Süperlig,0,Eyüpspor,1631,1641.0,2 - 1,Alanyaspor,1714,1704.0,2,1,Turkey,domestic league (tier 1)
2023/08/14,Süperlig,0,Fatih Karagümrük,1750,1742.0,0 - 1,Besiktas,1934,1942.0,0,1,Turkey,domestic league (tier 1)
2023/08/27,Süperlig,0,Fatih Karagümrük,1763,1757.0,1 - 1,MKE Ankaragücü,1646,1652.0,1,1,Turkey,domestic league (tier 1)
2023/09/18,Süperlig,0,Fatih Karagümrük,1747,1742.0,0 - 0,Hatayspor,1673,1678.0,0,0,Turkey,domestic league (tier 1)
2023/10/01,Süperlig,0,Fatih Karagümrük,1739,1725.0,2 - 3,Kasimpasa SK,1684,1698.0,2,3,Turkey,domestic league (tier 1)
2023/10/23,Süperlig,0,Fatih Karagümrük,1716,1732.0,2 - 0,Adana Demirspor,1841,1825.0,2,0,Turkey,domestic league (tier 1)
2023/10/29,Süperlig,0,Fatih Karagümrük,1732,1731.0,0 - 0,Trabzonspor,1805,1806.0,0,0,Turkey,domestic league (tier 1)
2023/11/11,Süperlig,0,Fatih Karagümrük,1733,1743.0,3 - 0,Sivasspor,1684,1674.0,3,0,Turkey,domestic league (tier 1)
2023/12/01,Süperlig,0,Fatih Karagümrük,1741,1747.0,3 - 0,Istanbulspor AS,1562,1556.0,3,0,Turkey,domestic league (tier 1)
2023/12/23,Süperlig,0,Fatih Karagümrük,1737,1711.0,0 - 3,Gaziantep FK,1657,1683.0,0,3,Turkey,domestic league (tier 1)
2024/01/10,Süperlig,0,Fatih Karagümrük,1701,1714.0,4 - 1,Kayserispor,1700,1687.0,4,1,Turkey,domestic league (tier 1)
2024/01/20,Süperlig,0,Fatih Karagümrük,1707,1707.0,1 - 1,Istanbul Basaksehir,1792,1792.0,1,1,Turkey,domestic league (tier 1)
2024/01/28,Süperlig,0,Fatih Karagümrük,1696,1708.0,4 - 0,Çaykur Rizespor,1675,1663.0,4,0,Turkey,domestic league (tier 1)
2024/02/06,Turkey Cup,0,Fatih Karagümrük,1695,1702.0,2 - 1,Samsunspor,1677,1670.0,2,1,Turkey,domestic cup
2024/02/10,Süperlig,0,Fatih Karagümrük,1702,1709.0,2 - 0,Pendikspor,1602,1595.0,2,0,Turkey,domestic league (tier 1)
2024/02/25,Süperlig,0,Fatih Karagümrük,1712,1708.0,1 - 1,Alanyaspor,1652,1656.0,1,1,Turkey,domestic league (tier 1)
2024/03/15,Süperlig,0,Fatih Karagümrük,1719,1716.0,1 - 1,Konyaspor,1722,1725.0,1,1,Turkey,domestic league (tier 1)
2024/04/14,Süperlig,0,Fatih Karagümrük,1708,1703.0,1 - 2,Fenerbahçe,2022,2027.0,1,2,Turkey,domestic league (tier 1)
2024/04/29,Süperlig,0,Fatih Karagümrük,1706,1719.0,4 - 1,Antalyaspor,1704,1691.0,4,1,Turkey,domestic league (tier 1)
2024/05/08,Turkey Cup,0,Fatih Karagümrük,1720,1700.0,0 - 4,Trabzonspor,1804,1824.0,0,4,Turkey,domestic cup
2024/05/12,Süperlig,0,Fatih Karagümrük,1700,1696.0,2 - 3,Galatasaray,2040,2044.0,2,3,Turkey,domestic league (tier 1)
2024/05/25,Süperlig,0,Fatih Karagümrük,1684,1695.0,3 - 1,Samsunspor,1681,1670.0,3,1,Turkey,domestic league (tier 1)
2024/08/11,1. Lig,0,Fatih Karagümrük,1695,1686.0,0 - 0,Amed SK,1272,1281.0,0,0,Turkey,domestic league (tier 2)
2024/08/24,1. Lig,0,Fatih Karagümrük,1683,1657.0,0 - 2,Manisa FK,1432,1458.0,0,2,Turkey,domestic league (tier 2)
2024/09/15,1. Lig,0,Fatih Karagümrük,1655,1662.0,3 - 2,MKE Ankaragücü,1659,1652.0,3,2,Turkey,domestic league (tier 2)
2024/09/30,1. Lig,0,Fatih Karagümrük,1672,1676.0,1 - 0,Istanbulspor AS,1531,1527.0,1,0,Turkey,domestic league (tier 2)
2024/10/05,1. Lig,0,Fatih Karagümrük,1676,1682.0,4 - 0,Sakaryaspor,1482,1476.0,4,0,Turkey,domestic league (tier 2)
2024/10/25,1. Lig,0,Fatih Karagümrük,1670,1673.0,4 - 0,Adanaspor,1341,1338.0,4,0,Turkey,domestic league (tier 2)
2024/11/09,1. Lig,0,Fatih Karagümrük,1661,1663.0,6 - 1,Yeni Malatyaspor,1288,1286.0,6,1,Turkey,domestic league (tier 2)
2024/12/01,1. Lig,0,Fatih Karagümrük,1675,1677.0,1 - 0,Erokspor,1346,1344.0,1,0,Turkey,domestic league (tier 2)
2024/12/04,Turkey Cup,0,Fatih Karagümrük,1677,1682.0,3 - 0,Sariyer SK,1446,1441.0,3,0,Turkey,domestic cup
2024/12/14,1. Lig,0,Fatih Karagümrük,1669,1662.0,2 - 2,Boluspor,1466,1473.0,2,2,Turkey,domestic league (tier 2)
2025/01/04,1. Lig,0,Fatih Karagümrük,1677,1652.0,0 - 2,Pendikspor,1512,1537.0,0,2,Turkey,domestic league (tier 2)
2025/01/07,Turkey Cup,0,Fatih Karagümrük,1652,1660.0,1 - 0,Çaykur Rizespor,1665,1657.0,1,0,Turkey,domestic cup
2025/01/26,1. Lig,0,Fatih Karagümrük,1659,1663.0,1 - 0,Çorum FK,1505,1501.0,1,0,Turkey,domestic league (tier 2)
2025/02/09,1. Lig,0,Fatih Karagümrük,1649,1652.0,1 - 0,Ümraniyespor,1479,1476.0,1,0,Turkey,domestic league (tier 2)
2025/02/17,1. Lig,0,Fatih Karagümrük,1663,1655.0,1 - 1,Sanliurfaspor,1424,1432.0,1,1,Turkey,domestic league (tier 2)
2025/03/05,1. Lig,0,Fatih Karagümrük,1651,1635.0,1 - 2,Bandirmaspor,1493,1509.0,1,2,Turkey,domestic league (tier 2)
2025/03/16,1. Lig,0,Fatih Karagümrük,1641,1636.0,1 - 1,Kocaelispor,1549,1554.0,1,1,Turkey,domestic league (tier 2)
2025/04/05,1. Lig,0,Fatih Karagümrük,1639,1643.0,1 - 0,Erzurumspor FK,1496,1492.0,1,0,Turkey,domestic league (tier 2)
2025/04/13,1. Lig,0,Fatih Karagümrük,1630,1625.0,0 - 0,Gençlerbirligi,1537,1542.0,0,0,Turkey,domestic league (tier 2)
2025/04/27,1. Lig,0,Fatih Karagümrük,1614,1618.0,1 - 0,Keçiörengücü,1455,1451.0,1,0,Turkey,domestic league (tier 2)
2025/05/10,1. Lig,0,Fatih Karagümrük,1600,1604.0,2 - 1,Igdir FK,1482,1478.0,2,1,Turkey,domestic league (tier 2)
2025/05/29,1. Lig,0,Fatih Karagümrük,1604,1617.0,3 - 1,Bandirmaspor,1569,1556.0,3,1,Turkey,domestic league (tier 2)
2025/08/22,Süperlig,0,Fatih Karagümrük,1616,1603.0,0 - 2,Göztepe,1757,1770.0,0,2,Turkey,domestic league (tier 1)
2025/09/13,Süperlig,0,Fatih Karagümrük,1617,1606.0,0 - 1,Kasimpasa SK,1667,1678.0,0,1,Turkey,domestic league (tier 1)
2025/09/17,Süperlig,0,Fatih Karagümrük,1606,1593.0,0 - 2,Istanbul Basaksehir,1764,1777.0,0,2,Turkey,domestic league (tier 1)
2025/09/27,Süperlig,0,Fatih Karagümrük,1589,1582.0,3 - 4,Trabzonspor,1805,1812.0,3,4,Turkey,domestic league (tier 1)
2025/10/05,Süperlig,0,Fatih Karagümrük,1582,1567.0,0 - 2,Gaziantep FK,1690,1705.0,0,2,Turkey,domestic league (tier 1)
2025/10/24,Süperlig,0,Fatih Karagümrük,1566,1565.0,2 - 2,Kayserispor,1637,1638.0,2,2,Turkey,domestic league (tier 1)
2025/11/09,Süperlig,0,Fatih Karagümrük,1561,1577.0,2 - 0,Konyaspor,1689,1673.0,2,0,Turkey,domestic league (tier 1)
2025/11/30,Süperlig,0,Fatih Karagümrük,1581,1571.0,0 - 2,Besiktas,1810,1820.0,0,2,Turkey,domestic league (tier 1)
2025/12/14,Süperlig,0,Fatih Karagümrük,1578,1576.0,1 - 1,Kocaelispor,1596,1598.0,1,1,Turkey,domestic league (tier 1)
2025/12/17,Turkey Cup,0,Fatih Karagümrük,1576,1572.0,0 - 0,Istanbulspor AS,1532,1536.0,0,0,Turkey,domestic cup
2026/01/24,Süperlig,0,Fatih Karagümrük,1571,1568.0,1 - 3,Galatasaray,2046,2049.0,1,3,Turkey,domestic league (tier 1)
2026/02/04,Turkey Cup,0,Fatih Karagümrük,1566,1555.0,1 - 4,Istanbul Basaksehir,1809,1820.0,1,4,Turkey,domestic cup
2026/02/07,Süperlig,0,Fatih Karagümrük,1555,1563.0,1 - 0,Antalyaspor,1578,1570.0,1,0,Turkey,domestic league (tier 1)
2026/02/22,Süperlig,0,Fatih Karagümrük,1557,1559.0,0 - 0,Samsunspor,1735,1733.0,0,0,Turkey,domestic league (tier 1)
2026/03/13,Süperlig,0,Fatih Karagümrük,1573,1599.0,2 - 0,Fenerbahçe,2021,1995.0,2,0,Turkey,domestic league (tier 1)
2026/04/05,Süperlig,0,Fatih Karagümrük,1592,1602.0,2 - 1,Çaykur Rizespor,1701,1691.0,2,1,Turkey,domestic league (tier 1)
2026/04/18,Süperlig,0,Fatih Karagümrük,1594,1581.0,1 - 2,Eyüpspor,1587,1600.0,1,2,Turkey,domestic league (tier 1)
2026/05/03,Süperlig,0,Fatih Karagümrük,1589,1597.0,1 - 0,Gençlerbirligi,1628,1620.0,1,0,Turkey,domestic league (tier 1)
2026/05/16,Süperlig,0,Fatih Karagümrük,1611,1621.0,2 - 1,Alanyaspor,1710,1700.0,2,1,Turkey,domestic league (tier 1)
2026/08/15,1. Lig,0,Fatih Karagümrük,1603,1606.0,2 - 1,Ümraniyespor,1426,1423.0,2,1,Turkey,domestic league (tier 2)
2026/08/21,1. Lig,0,Fatih Karagümrük,1606,1611.0,2 - 1,Bursaspor,1499,1494.0,2,1,Turkey,domestic league (tier 2)
2026/09/02,1. Lig,0,Fatih Karagümrük,1610,1607.0,1 - 1,Kayserispor,1613,1616.0,1,1,Turkey,domestic league (tier 2)
2019/08/17,1. Lig,0,Fatih Karagümrük SK,1481,1498.0,3 - 1,Bursaspor,1625,1608.0,3,1,Turkey,domestic league (tier 2)
2019/09/01,1. Lig,0,Fatih Karagümrük SK,1512,1505.0,1 - 1,Menemen Belediyespor,1317,1324.0,1,1,Turkey,domestic league (tier 2)
2019/09/29,1. Lig,0,Fatih Karagümrük SK,1523,1513.0,2 - 3,Akhisar Belediyespor,1639,1649.0,2,3,Turkey,domestic league (tier 2)
2019/10/21,1. Lig,0,Fatih Karagümrük SK,1528,1542.0,2 - 0,Ankaraspor (as Osmanlispor FK),1616,1602.0,2,0,Turkey,domestic league (tier 2)
2019/11/23,1. Lig,0,Fatih Karagümrük SK,1552,1539.0,2 - 3,Ümraniyespor,1551,1564.0,2,3,Turkey,domestic league (tier 2)
2019/12/07,1. Lig,0,Fatih Karagümrük SK,1514,1510.0,0 - 0,Balikesirspor,1480,1484.0,0,0,Turkey,domestic league (tier 2)
2019/12/22,1. Lig,0,Fatih Karagümrük SK,1523,1505.0,0 - 2,Keçiörengücü,1545,1563.0,0,2,Turkey,domestic league (tier 2)
2020/01/27,1. Lig,0,Fatih Karagümrük SK,1485,1483.0,3 - 3,Altinordu FK,1517,1519.0,3,3,Turkey,domestic league (tier 2)
2020/02/07,1. Lig,0,Fatih Karagümrük SK,1494,1496.0,1 - 1,Hatayspor,1665,1663.0,1,1,Turkey,domestic league (tier 2)
2020/02/16,1. Lig,0,Fatih Karagümrük SK,1496,1503.0,2 - 1,Giresunspor,1501,1494.0,2,1,Turkey,domestic league (tier 2)
2020/02/25,1. Lig,0,Fatih Karagümrük SK,1526,1534.0,2 - 0,Eskisehirspor,1441,1433.0,2,0,Turkey,domestic league (tier 2)
2020/03/07,1. Lig,0,Fatih Karagümrük SK,1537,1536.0,2 - 2,Adana Demirspor,1616,1617.0,2,2,Turkey,domestic league (tier 2)
2020/03/14,1. Lig,0,Fatih Karagümrük SK,1558,1555.0,2 - 2,Altay Izmir,1533,1536.0,2,2,Turkey,domestic league (tier 2)
2020/06/28,1. Lig,0,Fatih Karagümrük SK,1557,1562.0,1 - 0,Istanbulspor AS,1487,1482.0,1,0,Turkey,domestic league (tier 2)
2020/07/06,1. Lig,0,Fatih Karagümrük SK,1582,1589.0,3 - 1,Boluspor,1470,1463.0,3,1,Turkey,domestic league (tier 2)
2020/07/18,1. Lig,0,Fatih Karagümrük SK,1574,1579.0,3 - 0,Adanaspor,1360,1355.0,3,0,Turkey,domestic league (tier 2)
2020/07/22,1. Lig,0,Fatih Karagümrük SK,1579,1577.0,3 - 3,Akhisar Belediyespor,1604,1606.0,3,3,Turkey,domestic league (tier 2)
2020/09/12,Süperlig,0,Fatih Karagümrük SK,1593,1606.0,3 - 0,Yeni Malatyaspor,1599,1586.0,3,0,Turkey,domestic league (tier 1)
2020/09/25,Süperlig,0,Fatih Karagümrük SK,1610,1631.0,2 - 0,Istanbul Basaksehir,1850,1829.0,2,0,Turkey,domestic league (tier 1)
2020/10/18,Süperlig,0,Fatih Karagümrük SK,1627,1626.0,1 - 1,Kasimpasa SK,1692,1693.0,1,1,Turkey,domestic league (tier 1)
2020/11/21,Süperlig,0,Fatih Karagümrük SK,1636,1635.0,1 - 1,Sivasspor,1707,1708.0,1,1,Turkey,domestic league (tier 1)
2020/12/06,Süperlig,0,Fatih Karagümrük SK,1636,1643.0,2 - 1,Çaykur Rizespor,1641,1634.0,2,1,Turkey,domestic league (tier 1)
2020/12/18,Süperlig,0,Fatih Karagümrük SK,1634,1647.0,2 - 1,Galatasaray,1853,1840.0,2,1,Turkey,domestic league (tier 1)
2021/01/03,Süperlig,0,Fatih Karagümrük SK,1650,1641.0,1 - 2,Trabzonspor,1798,1807.0,1,2,Turkey,domestic league (tier 1)
2021/01/10,Süperlig,0,Fatih Karagümrük SK,1631,1639.0,2 - 1,Konyaspor,1676,1668.0,2,1,Turkey,domestic league (tier 1)
2021/01/21,Süperlig,0,Fatih Karagümrük SK,1656,1643.0,1 - 4,Besiktas,1850,1863.0,1,4,Turkey,domestic league (tier 1)
2021/02/03,Süperlig,0,Fatih Karagümrük SK,1657,1670.0,2 - 0,Gaziantep FK,1721,1708.0,2,0,Turkey,domestic league (tier 1)
2021/02/13,Süperlig,0,Fatih Karagümrük SK,1684,1674.0,1 - 2,Fenerbahçe,1796,1806.0,1,2,Turkey,domestic league (tier 1)
2021/02/27,Süperlig,0,Fatih Karagümrük SK,1665,1681.0,2 - 0,Alanyaspor,1793,1777.0,2,0,Turkey,domestic league (tier 1)
2021/03/07,Süperlig,0,Fatih Karagümrük SK,1682,1666.0,0 - 1,MKE Ankaragücü,1561,1577.0,0,1,Turkey,domestic league (tier 1)
2021/03/19,Süperlig,0,Fatih Karagümrük SK,1660,1671.0,3 - 0,Kayserispor,1620,1609.0,3,0,Turkey,domestic league (tier 1)
2021/04/06,Süperlig,0,Fatih Karagümrük SK,1673,1682.0,1 - 0,Hatayspor,1744,1735.0,1,0,Turkey,domestic league (tier 1)
2021/04/20,Süperlig,0,Fatih Karagümrük SK,1688,1684.0,1 - 1,Göztepe,1655,1659.0,1,1,Turkey,domestic league (tier 1)
2021/04/28,Süperlig,0,Fatih Karagümrük SK,1678,1675.0,2 - 2,Antalyaspor,1681,1684.0,2,2,Turkey,domestic league (tier 1)
2021/05/08,Süperlig,0,Fatih Karagümrük SK,1660,1669.0,5 - 1,Gençlerbirligi,1551,1542.0,5,1,Turkey,domestic league (tier 1)
2021/05/15,Süperlig,0,Fatih Karagümrük SK,1686,1693.0,5 - 1,Denizlispor,1523,1516.0,5,1,Turkey,domestic league (tier 1)
2021/08/14,Süperlig,0,Fatih Karagümrük SK,1693,1700.0,3 - 2,Gaziantep FK,1692,1685.0,3,2,Turkey,domestic league (tier 1)
2021/09/11,Süperlig,0,Fatih Karagümrük SK,1698,1711.0,4 - 0,Adana Demirspor,1693,1680.0,4,0,Turkey,domestic league (tier 1)
2021/09/21,Süperlig,0,Fatih Karagümrük SK,1722,1717.0,0 - 0,Antalyaspor,1639,1644.0,0,0,Turkey,domestic league (tier 1)
2021/10/01,Süperlig,0,Fatih Karagümrük SK,1706,1717.0,3 - 1,Istanbul Basaksehir,1705,1694.0,3,1,Turkey,domestic league (tier 1)
2021/10/24,Süperlig,0,Fatih Karagümrük SK,1728,1726.0,1 - 1,Hatayspor,1768,1770.0,1,1,Turkey,domestic league (tier 1)
2021/11/07,Süperlig,0,Fatih Karagümrük SK,1716,1718.0,1 - 1,Galatasaray,1878,1876.0,1,1,Turkey,domestic league (tier 1)
2021/11/28,Süperlig,0,Fatih Karagümrük SK,1733,1721.0,0 - 2,Trabzonspor,1893,1905.0,0,2,Turkey,domestic league (tier 1)
2021/12/01,Turkey Cup,0,Fatih Karagümrük SK,1721,1724.0,2 - 0,Sariyer SK,1457,1454.0,2,0,Turkey,domestic cup
2021/12/11,Süperlig,0,Fatih Karagümrük SK,1710,1689.0,1 - 4,Konyaspor,1734,1755.0,1,4,Turkey,domestic league (tier 1)
2021/12/22,Süperlig,0,Fatih Karagümrük SK,1700,1701.0,1 - 1,Fenerbahçe,1831,1830.0,1,1,Turkey,domestic league (tier 1)
2022/01/15,Süperlig,0,Fatih Karagümrük SK,1693,1700.0,2 - 0,Çaykur Rizespor,1583,1576.0,2,0,Turkey,domestic league (tier 1)
2022/01/18,Süperlig,0,Fatih Karagümrük SK,1700,1689.0,0 - 1,Besiktas,1766,1777.0,0,1,Turkey,domestic league (tier 1)
2022/02/05,Süperlig,0,Fatih Karagümrük SK,1678,1683.0,1 - 0,Yeni Malatyaspor,1565,1560.0,1,0,Turkey,domestic league (tier 1)
2022/02/08,Turkey Cup,0,Fatih Karagümrük SK,1683,1693.0,5 - 4,Konyaspor,1794,1784.0,5,4,Turkey,domestic cup
2022/02/20,Süperlig,0,Fatih Karagümrük SK,1679,1689.0,1 - 0,Sivasspor,1768,1758.0,1,0,Turkey,domestic league (tier 1)
2022/03/06,Süperlig,0,Fatih Karagümrük SK,1698,1693.0,0 - 0,Altay Izmir,1586,1591.0,0,0,Turkey,domestic league (tier 1)
2022/03/18,Süperlig,0,Fatih Karagümrük SK,1680,1693.0,3 - 0,Kayserispor,1687,1674.0,3,0,Turkey,domestic league (tier 1)
2022/04/09,Süperlig,0,Fatih Karagümrük SK,1685,1693.0,3 - 2,Kasimpasa SK,1701,1693.0,3,2,Turkey,domestic league (tier 1)
2022/04/23,Süperlig,0,Fatih Karagümrük SK,1700,1706.0,2 - 1,Giresunspor,1640,1634.0,2,1,Turkey,domestic league (tier 1)
2022/05/07,Süperlig,0,Fatih Karagümrük SK,1721,1726.0,3 - 1,Göztepe,1544,1539.0,3,1,Turkey,domestic league (tier 1)
2022/05/22,Süperlig,0,Fatih Karagümrük SK,1732,1719.0,0 - 1,Alanyaspor,1739,1752.0,0,1,Turkey,domestic league (tier 1)
2022/08/07,Süperlig,0,Fatih Karagümrük SK,1719,1701.0,2 - 4,Alanyaspor,1752,1770.0,2,4,Turkey,domestic league (tier 1)
2022/08/27,Süperlig,0,Fatih Karagümrük SK,1691,1700.0,4 - 1,MKE Ankaragücü,1600,1591.0,4,1,Turkey,domestic league (tier 1)
2022/09/10,Süperlig,0,Fatih Karagümrük SK,1703,1698.0,1 - 1,Giresunspor,1632,1637.0,1,1,Turkey,domestic league (tier 1)
2022/10/03,Süperlig,0,Fatih Karagümrük SK,1705,1689.0,1 - 2,Istanbulspor AS,1589,1605.0,1,2,Turkey,domestic league (tier 1)
2022/10/15,Süperlig,0,Fatih Karagümrük SK,1687,1698.0,3 - 0,Hatayspor,1652,1641.0,3,0,Turkey,domestic league (tier 1)
2022/10/28,Süperlig,0,Fatih Karagümrük SK,1712,1696.0,0 - 2,Galatasaray,1800,1816.0,0,2,Turkey,domestic league (tier 1)
2022/11/13,Süperlig,0,Fatih Karagümrük SK,1687,1684.0,3 - 3,Gaziantep FK,1684,1687.0,3,3,Turkey,domestic league (tier 1)
2022/12/21,Turkey Cup,0,Fatih Karagümrük SK,1684,1686.0,3 - 0,Usakspor,1294,1292.0,3,0,Turkey,domestic cup
2022/12/28,Süperlig,0,Fatih Karagümrük SK,1681,1704.0,4 - 1,Trabzonspor,1903,1880.0,4,1,Turkey,domestic league (tier 1)
2023/01/08,Süperlig,0,Fatih Karagümrük SK,1724,1723.0,3 - 3,Konyaspor,1787,1788.0,3,3,Turkey,domestic league (tier 1)
2023/01/18,Turkey Cup,0,Fatih Karagümrük SK,1725,1726.0,2 - 2,Istanbul Basaksehir,1850,1849.0,2,2,Turkey,domestic cup
2023/01/31,Süperlig,0,Fatih Karagümrük SK,1729,1729.0,1 - 1,Besiktas,1831,1831.0,1,1,Turkey,domestic league (tier 1)
2023/03/04,Süperlig,0,Fatih Karagümrük SK,1744,1751.0,4 - 3,Sivasspor,1739,1732.0,4,3,Turkey,domestic league (tier 1)
2023/03/19,Süperlig,0,Fatih Karagümrük SK,1750,1749.0,2 - 2,Istanbul Basaksehir,1807,1808.0,2,2,Turkey,domestic league (tier 1)
2023/04/10,Süperlig,0,Fatih Karagümrük SK,1758,1751.0,1 - 2,Fenerbahçe,1949,1956.0,1,2,Turkey,domestic league (tier 1)
2023/04/18,Süperlig,0,Fatih Karagümrük SK,1751,1756.0,4 - 2,Ümraniyespor,1591,1586.0,4,2,Turkey,domestic league (tier 1)
2023/04/29,Süperlig,0,Fatih Karagümrük SK,1763,1749.0,0 - 1,Antalyaspor,1699,1713.0,0,1,Turkey,domestic league (tier 1)
2023/05/17,Süperlig,0,Fatih Karagümrük SK,1749,1738.0,2 - 3,Adana Demirspor,1811,1822.0,2,3,Turkey,domestic league (tier 1)
2023/05/30,Süperlig,0,Fatih Karagümrük SK,1727,1736.0,2 - 0,Kayserispor,1689,1680.0,2,0,Turkey,domestic league (tier 1)
2023/06/06,Süperlig,0,Fatih Karagümrük SK,1739,1750.0,3 - 0,Kasimpasa SK,1698,1687.0,3,0,Turkey,domestic league (tier 1)
2016/08/28,Süperlig,0,Fenerbahçe,1940,1932.0,3 - 3,Kayserispor,1631,1639.0,3,3,Turkey,domestic league (tier 1)
2016/09/11,Süperlig,0,Fenerbahçe,1932,1915.0,0 - 1,Bursaspor,1721,1738.0,0,1,Turkey,domestic league (tier 1)
2016/09/25,Süperlig,0,Fenerbahçe,1927,1929.0,2 - 1,Gaziantepspor,1626,1624.0,2,1,Turkey,domestic league (tier 1)
2016/10/16,Süperlig,0,Fenerbahçe,1937,1929.0,1 - 1,Alanyaspor,1601,1609.0,1,1,Turkey,domestic league (tier 1)
2016/10/30,Süperlig,0,Fenerbahçe,1930,1934.0,5 - 0,Karabükspor,1627,1623.0,5,0,Turkey,domestic league (tier 1)
2016/11/20,Süperlig,0,Fenerbahçe,1956,1963.0,2 - 0,Galatasaray,1846,1839.0,2,0,Turkey,domestic league (tier 1)
2016/12/03,Süperlig,0,Fenerbahçe,1960,1957.0,0 - 0,Besiktas,1953,1956.0,0,0,Turkey,domestic league (tier 1)
2016/12/19,Süperlig,0,Fenerbahçe,1957,1962.0,3 - 0,Gençlerbirligi,1748,1743.0,3,0,Turkey,domestic league (tier 1)
2017/01/15,Süperlig,0,Fenerbahçe,1970,1961.0,2 - 2,Adanaspor,1524,1533.0,2,2,Turkey,domestic league (tier 1)
2017/01/22,Süperlig,0,Fenerbahçe,1958,1963.0,1 - 0,Istanbul Basaksehir (as Istanbul Basaksehir F.K.),1879,1874.0,1,0,Turkey,domestic league (tier 1)
2017/02/19,Süperlig,0,Fenerbahçe,1932,1925.0,0 - 0,Kasimpasa SK,1698,1705.0,0,0,Turkey,domestic league (tier 1)
2017/03/05,Süperlig,0,Fenerbahçe,1928,1931.0,1 - 0,Ankaraspor (as Osmanlispor FK),1739,1736.0,1,0,Turkey,domestic league (tier 1)
2017/03/17,Süperlig,0,Fenerbahçe,1936,1919.0,2 - 3,Konyaspor,1716,1733.0,2,3,Turkey,domestic league (tier 1)
2017/04/09,Süperlig,0,Fenerbahçe,1928,1931.0,3 - 1,Akhisar Belediyespor,1664,1661.0,3,1,Turkey,domestic league (tier 1)
2017/04/30,Süperlig,0,Fenerbahçe,1942,1944.0,2 - 1,Çaykur Rizespor,1624,1622.0,2,1,Turkey,domestic league (tier 1)
2017/05/13,Süperlig,0,Fenerbahçe,1947,1930.0,0 - 1,Antalyaspor,1713,1730.0,0,1,Turkey,domestic league (tier 1)
2017/05/27,Süperlig,0,Fenerbahçe,1933,1926.0,1 - 1,Trabzonspor,1748,1755.0,1,1,Turkey,domestic league (tier 1)
2017/08/20,Süperlig,0,Fenerbahçe,1904,1898.0,2 - 2,Trabzonspor,1746,1752.0,2,2,Turkey,domestic league (tier 1)
2017/09/09,Süperlig,0,Fenerbahçe,1889,1876.0,2 - 3,Istanbul Basaksehir (as Istanbul Basaksehir F.K.),1899,1912.0,2,3,Turkey,domestic league (tier 1)
2017/09/23,Süperlig,0,Fenerbahçe,1887,1897.0,2 - 1,Besiktas,2002,1992.0,2,1,Turkey,domestic league (tier 1)
2017/10/15,Süperlig,0,Fenerbahçe,1885,1887.0,3 - 1,Yeni Malatyaspor,1531,1529.0,3,1,Turkey,domestic league (tier 1)
2017/10/30,Süperlig,0,Fenerbahçe,1889,1882.0,3 - 3,Kayserispor,1699,1706.0,3,3,Turkey,domestic league (tier 1)
2017/11/19,Süperlig,0,Fenerbahçe,1878,1883.0,4 - 1,Sivasspor,1665,1660.0,4,1,Turkey,domestic league (tier 1)
2017/12/03,Süperlig,0,Fenerbahçe,1893,1897.0,4 - 2,Kasimpasa SK,1671,1667.0,4,2,Turkey,domestic league (tier 1)
2017/12/18,Süperlig,0,Fenerbahçe,1908,1910.0,2 - 0,Karabükspor,1562,1560.0,2,0,Turkey,domestic league (tier 1)
2018/01/20,Süperlig,0,Fenerbahçe,1909,1911.0,2 - 1,Göztepe,1628,1626.0,2,1,Turkey,domestic league (tier 1)
2018/02/03,Süperlig,0,Fenerbahçe,1914,1907.0,2 - 2,Gençlerbirligi,1683,1690.0,2,2,Turkey,domestic league (tier 1)
2018/02/17,Süperlig,0,Fenerbahçe,1927,1930.0,3 - 0,Alanyaspor,1606,1603.0,3,0,Turkey,domestic league (tier 1)
2018/03/04,Süperlig,0,Fenerbahçe,1925,1908.0,2 - 3,Akhisar Belediyespor,1703,1720.0,2,3,Turkey,domestic league (tier 1)
2018/03/17,Süperlig,0,Fenerbahçe,1915,1911.0,0 - 0,Galatasaray,1877,1881.0,0,0,Turkey,domestic league (tier 1)
2018/04/08,Süperlig,0,Fenerbahçe,1926,1929.0,2 - 0,Ankaraspor (as Osmanlispor FK),1666,1663.0,2,0,Turkey,domestic league (tier 1)
2018/04/23,Süperlig,0,Fenerbahçe,1935,1939.0,4 - 1,Antalyaspor,1671,1667.0,4,1,Turkey,domestic league (tier 1)
2018/05/06,Süperlig,0,Fenerbahçe,1949,1951.0,2 - 1,Bursaspor,1653,1651.0,2,1,Turkey,domestic league (tier 1)
2018/05/19,Süperlig,0,Fenerbahçe,1940,1942.0,3 - 2,Konyaspor,1701,1699.0,3,2,Turkey,domestic league (tier 1)
2018/08/11,Süperlig,0,Fenerbahçe,1935,1937.0,2 - 1,Bursaspor,1627,1625.0,2,1,Turkey,domestic league (tier 1)
2018/09/01,Süperlig,0,Fenerbahçe,1906,1888.0,2 - 3,Kayserispor,1667,1685.0,2,3,Turkey,domestic league (tier 1)
2018/09/24,Süperlig,0,Fenerbahçe,1880,1880.0,1 - 1,Besiktas,1966,1966.0,1,1,Turkey,domestic league (tier 1)
2018/10/07,Süperlig,0,Fenerbahçe,1861,1859.0,0 - 0,Istanbul Basaksehir (as Istanbul Basaksehir F.K.),1891,1893.0,0,0,Turkey,domestic league (tier 1)
2018/10/28,Süperlig,0,Fenerbahçe,1859,1832.0,1 - 3,MKE Ankaragücü,1568,1595.0,1,3,Turkey,domestic league (tier 1)
2018/11/11,Süperlig,0,Fenerbahçe,1848,1852.0,2 - 0,Alanyaspor,1622,1618.0,2,0,Turkey,domestic league (tier 1)
2018/12/03,Süperlig,0,Fenerbahçe,1843,1838.0,2 - 2,Kasimpasa SK,1737,1742.0,2,2,Turkey,domestic league (tier 1)
2018/12/17,Süperlig,0,Fenerbahçe,1803,1795.0,2 - 2,BB Erzurumspor,1552,1560.0,2,2,Turkey,domestic league (tier 1)
2019/01/28,Süperlig,0,Fenerbahçe,1769,1775.0,3 - 2,Yeni Malatyaspor,1713,1707.0,3,2,Turkey,domestic league (tier 1)
2019/02/01,Süperlig,0,Fenerbahçe,1775,1782.0,2 - 0,Göztepe,1660,1653.0,2,0,Turkey,domestic league (tier 1)
2019/02/16,Süperlig,0,Fenerbahçe,1786,1782.0,1 - 1,Konyaspor,1720,1724.0,1,1,Turkey,domestic league (tier 1)
2019/03/02,Süperlig,0,Fenerbahçe,1781,1786.0,3 - 2,Çaykur Rizespor,1688,1683.0,3,2,Turkey,domestic league (tier 1)
2019/03/15,Süperlig,0,Fenerbahçe,1782,1787.0,2 - 1,Sivasspor,1682,1677.0,2,1,Turkey,domestic league (tier 1)
2019/04/14,Süperlig,0,Fenerbahçe,1784,1783.0,1 - 1,Galatasaray,1855,1856.0,1,1,Turkey,domestic league (tier 1)
2019/04/27,Süperlig,0,Fenerbahçe,1773,1770.0,1 - 1,Trabzonspor,1780,1783.0,1,1,Turkey,domestic league (tier 1)
2019/05/11,Süperlig,0,Fenerbahçe,1783,1787.0,2 - 1,Akhisar Belediyespor,1644,1640.0,2,1,Turkey,domestic league (tier 1)
2019/05/26,Süperlig,0,Fenerbahçe,1794,1800.0,3 - 1,Antalyaspor,1638,1632.0,3,1,Turkey,domestic league (tier 1)
2019/08/19,Süperlig,0,Fenerbahçe,1800,1806.0,5 - 0,Gaziantep FK (as Gazisehir Gaziantep FK),1590,1584.0,5,0,Turkey,domestic league (tier 1)
2019/09/01,Süperlig,0,Fenerbahçe,1819,1816.0,1 - 1,Trabzonspor,1828,1831.0,1,1,Turkey,domestic league (tier 1)
2019/09/21,Süperlig,0,Fenerbahçe,1800,1803.0,2 - 1,MKE Ankaragücü,1604,1601.0,2,1,Turkey,domestic league (tier 1)
2019/10/04,Süperlig,0,Fenerbahçe,1808,1791.0,0 - 1,Antalyaspor,1630,1647.0,0,1,Turkey,domestic league (tier 1)
2019/10/26,Süperlig,0,Fenerbahçe,1800,1809.0,5 - 1,Konyaspor,1699,1690.0,5,1,Turkey,domestic league (tier 1)
2019/11/08,Süperlig,0,Fenerbahçe,1796,1799.0,3 - 2,Kasimpasa SK,1625,1622.0,3,2,Turkey,domestic league (tier 1)
2019/12/06,Süperlig,0,Fenerbahçe,1802,1808.0,5 - 2,Gençlerbirligi,1619,1613.0,5,2,Turkey,domestic league (tier 1)
2019/12/22,Süperlig,0,Fenerbahçe,1803,1814.0,3 - 1,Besiktas,1813,1802.0,3,1,Turkey,domestic league (tier 1)
2020/01/25,Süperlig,0,Fenerbahçe,1833,1846.0,2 - 0,Istanbul Basaksehir (as Istanbul Basaksehir F.K.),1888,1875.0,2,0,Turkey,domestic league (tier 1)
2020/02/08,Süperlig,0,Fenerbahçe,1838,1833.0,1 - 1,Alanyaspor,1768,1773.0,1,1,Turkey,domestic league (tier 1)
2020/02/23,Süperlig,0,Fenerbahçe,1819,1802.0,1 - 3,Galatasaray,1861,1878.0,1,3,Turkey,domestic league (tier 1)
2020/03/07,Süperlig,0,Fenerbahçe,1794,1788.0,2 - 2,Denizlispor,1635,1641.0,2,2,Turkey,domestic league (tier 1)
2020/06/12,Süperlig,0,Fenerbahçe,1776,1779.0,2 - 1,Kayserispor,1576,1573.0,2,1,Turkey,domestic league (tier 1)
2020/06/27,Süperlig,0,Fenerbahçe,1748,1752.0,3 - 2,Yeni Malatyaspor,1624,1620.0,3,2,Turkey,domestic league (tier 1)
2020/07/04,Süperlig,0,Fenerbahçe,1752,1757.0,2 - 1,Göztepe,1667,1662.0,2,1,Turkey,domestic league (tier 1)
2020/07/12,Süperlig,0,Fenerbahçe,1755,1742.0,1 - 2,Sivasspor,1729,1742.0,1,2,Turkey,domestic league (tier 1)
2020/07/25,Süperlig,0,Fenerbahçe,1733,1740.0,3 - 1,Çaykur Rizespor,1629,1622.0,3,1,Turkey,domestic league (tier 1)
2020/09/21,Süperlig,0,Fenerbahçe,1749,1745.0,0 - 0,Hatayspor,1683,1687.0,0,0,Turkey,domestic league (tier 1)
2020/10/03,Süperlig,0,Fenerbahçe,1750,1754.0,2 - 1,Fatih Karagümrük SK,1631,1627.0,2,1,Turkey,domestic league (tier 1)
2020/10/25,Süperlig,0,Fenerbahçe,1764,1778.0,3 - 1,Trabzonspor,1835,1821.0,3,1,Turkey,domestic league (tier 1)
2020/11/07,Süperlig,0,Fenerbahçe,1788,1764.0,0 - 2,Konyaspor,1642,1666.0,0,2,Turkey,domestic league (tier 1)
2020/11/29,Süperlig,0,Fenerbahçe,1779,1766.0,3 - 4,Besiktas,1786,1799.0,3,4,Turkey,domestic league (tier 1)
2020/12/12,Süperlig,0,Fenerbahçe,1778,1749.0,0 - 3,Yeni Malatyaspor,1621,1650.0,0,3,Turkey,domestic league (tier 1)
2020/12/23,Süperlig,0,Fenerbahçe,1737,1754.0,4 - 1,Istanbul Basaksehir,1819,1802.0,4,1,Turkey,domestic league (tier 1)
2021/01/07,Süperlig,0,Fenerbahçe,1772,1780.0,2 - 1,Alanyaspor,1795,1787.0,2,1,Turkey,domestic league (tier 1)
2021/01/18,Süperlig,0,Fenerbahçe,1798,1802.0,3 - 1,MKE Ankaragücü,1565,1561.0,3,1,Turkey,domestic league (tier 1)
2021/01/25,Süperlig,0,Fenerbahçe,1803,1808.0,3 - 0,Kayserispor,1597,1592.0,3,0,Turkey,domestic league (tier 1)
2021/01/30,Süperlig,0,Fenerbahçe,1808,1812.0,1 - 0,Çaykur Rizespor,1646,1642.0,1,0,Turkey,domestic league (tier 1)
2021/02/06,Süperlig,0,Fenerbahçe,1823,1811.0,0 - 1,Galatasaray,1864,1876.0,0,1,Turkey,domestic league (tier 1)
2021/02/21,Süperlig,0,Fenerbahçe,1806,1789.0,0 - 1,Göztepe,1636,1653.0,0,1,Turkey,domestic league (tier 1)
2021/03/04,Süperlig,0,Fenerbahçe,1804,1799.0,1 - 1,Antalyaspor,1718,1723.0,1,1,Turkey,domestic league (tier 1)
2021/03/14,Süperlig,0,Fenerbahçe,1815,1797.0,1 - 2,Gençlerbirligi,1521,1539.0,1,2,Turkey,domestic league (tier 1)
2021/04/05,Süperlig,0,Fenerbahçe,1802,1804.0,1 - 0,Denizlispor,1563,1561.0,1,0,Turkey,domestic league (tier 1)
2021/04/12,Süperlig,0,Fenerbahçe,1801,1809.0,3 - 1,Gaziantep FK,1727,1719.0,3,1,Turkey,domestic league (tier 1)
2021/04/25,Süperlig,0,Fenerbahçe,1819,1822.0,3 - 2,Kasimpasa SK,1616,1613.0,3,2,Turkey,domestic league (tier 1)
2021/05/03,Süperlig,0,Fenerbahçe,1823,1827.0,3 - 1,BB Erzurumspor,1603,1599.0,3,1,Turkey,domestic league (tier 1)
2021/05/11,Süperlig,0,Fenerbahçe,1833,1819.0,1 - 2,Sivasspor,1779,1793.0,1,2,Turkey,domestic league (tier 1)
2021/08/22,Süperlig,0,Fenerbahçe,1840,1845.0,2 - 0,Antalyaspor,1654,1649.0,2,0,Turkey,domestic league (tier 1)
2021/09/12,Süperlig,0,Fenerbahçe,1873,1867.0,1 - 1,Sivasspor,1758,1764.0,1,1,Turkey,domestic league (tier 1)
2021/09/23,Süperlig,0,Fenerbahçe,1855,1857.0,2 - 1,Giresunspor,1571,1569.0,2,1,Turkey,domestic league (tier 1)
2021/10/03,Süperlig,0,Fenerbahçe,1850,1853.0,2 - 1,Kasimpasa SK,1635,1632.0,2,1,Turkey,domestic league (tier 1)
2021/10/24,Süperlig,0,Fenerbahçe,1838,1823.0,1 - 2,Alanyaspor,1742,1757.0,1,2,Turkey,domestic league (tier 1)
2021/11/07,Süperlig,0,Fenerbahçe,1842,1835.0,2 - 2,Kayserispor,1633,1640.0,2,2,Turkey,domestic league (tier 1)
2021/12/05,Süperlig,0,Fenerbahçe,1841,1845.0,4 - 0,Çaykur Rizespor,1567,1563.0,4,0,Turkey,domestic league (tier 1)
2021/12/19,Süperlig,0,Fenerbahçe,1836,1831.0,2 - 2,Besiktas,1760,1765.0,2,2,Turkey,domestic league (tier 1)
2021/12/26,Süperlig,0,Fenerbahçe,1830,1834.0,2 - 0,Yeni Malatyaspor,1587,1583.0,2,0,Turkey,domestic league (tier 1)
2021/12/29,Turkey Cup,0,Fenerbahçe,1834,1835.0,2 - 0,Afjet Afyonspor,1349,1348.0,2,0,Turkey,domestic cup
2022/01/10,Süperlig,0,Fenerbahçe,1835,1820.0,1 - 2,Adana Demirspor,1751,1766.0,1,2,Turkey,domestic league (tier 1)
2022/01/19,Süperlig,0,Fenerbahçe,1818,1820.0,2 - 1,Altay Izmir,1567,1565.0,2,1,Turkey,domestic league (tier 1)
2022/02/05,Süperlig,0,Fenerbahçe,1822,1808.0,0 - 1,Istanbul Basaksehir,1760,1774.0,0,1,Turkey,domestic league (tier 1)
2022/02/08,Turkey Cup,0,Fenerbahçe,1808,1792.0,0 - 1,Kayserispor,1672,1688.0,0,1,Turkey,domestic cup
2022/02/20,Süperlig,0,Fenerbahçe,1793,1800.0,2 - 0,Hatayspor,1683,1676.0,2,0,Turkey,domestic league (tier 1)
2022/03/06,Süperlig,0,Fenerbahçe,1806,1807.0,1 - 1,Trabzonspor,1936,1935.0,1,1,Turkey,domestic league (tier 1)
2022/03/20,Süperlig,0,Fenerbahçe,1827,1833.0,2 - 1,Konyaspor,1776,1770.0,2,1,Turkey,domestic league (tier 1)
2022/04/10,Süperlig,0,Fenerbahçe,1849,1857.0,2 - 0,Galatasaray,1777,1769.0,2,0,Turkey,domestic league (tier 1)
2022/04/16,Süperlig,0,Fenerbahçe,1857,1860.0,2 - 0,Göztepe,1569,1566.0,2,0,Turkey,domestic league (tier 1)
2022/04/29,Süperlig,0,Fenerbahçe,1871,1874.0,3 - 2,Gaziantep FK,1672,1669.0,3,2,Turkey,domestic league (tier 1)
2022/05/15,Süperlig,0,Fenerbahçe,1874,1868.0,0 - 0,Fatih Karagümrük SK,1726,1732.0,0,0,Turkey,domestic league (tier 1)
2022/08/08,Süperlig,0,Fenerbahçe,1881,1873.0,3 - 3,Ümraniyespor,1592,1600.0,3,3,Turkey,domestic league (tier 1)
2022/08/22,Süperlig,0,Fenerbahçe,1908,1913.0,4 - 2,Adana Demirspor,1743,1738.0,4,2,Turkey,domestic league (tier 1)
2022/09/03,Süperlig,0,Fenerbahçe,1908,1912.0,2 - 0,Kayserispor,1680,1676.0,2,0,Turkey,domestic league (tier 1)
2022/09/18,Süperlig,0,Fenerbahçe,1927,1934.0,5 - 0,Alanyaspor,1749,1742.0,5,0,Turkey,domestic league (tier 1)
2022/10/09,Süperlig,0,Fenerbahçe,1937,1939.0,5 - 4,Fatih Karagümrük SK,1689,1687.0,5,4,Turkey,domestic league (tier 1)
2022/10/22,Süperlig,0,Fenerbahçe,1953,1958.0,1 - 0,Istanbul Basaksehir,1873,1868.0,1,0,Turkey,domestic league (tier 1)
2022/11/07,Süperlig,0,Fenerbahçe,1981,1983.0,1 - 0,Sivasspor,1718,1716.0,1,0,Turkey,domestic league (tier 1)
2022/11/12,Süperlig,0,Fenerbahçe,1983,1964.0,1 - 2,Giresunspor,1624,1643.0,1,2,Turkey,domestic league (tier 1)
2022/12/20,Turkey Cup,0,Fenerbahçe,1964,1966.0,3 - 1,Istanbulspor AS,1562,1560.0,3,1,Turkey,domestic cup
2022/12/27,Süperlig,0,Fenerbahçe,1952,1955.0,4 - 0,Hatayspor,1649,1646.0,4,0,Turkey,domestic league (tier 1)
2023/01/08,Süperlig,0,Fenerbahçe,1961,1935.0,0 - 3,Galatasaray,1869,1895.0,0,3,Turkey,domestic league (tier 1)
2023/01/19,Turkey Cup,0,Fenerbahçe,1941,1943.0,2 - 1,Çaykur Rizespor,1608,1606.0,2,1,Turkey,domestic cup
2023/01/29,Süperlig,0,Fenerbahçe,1947,1951.0,5 - 1,Kasimpasa SK,1665,1661.0,5,1,Turkey,domestic league (tier 1)
2023/02/25,Süperlig,0,Fenerbahçe,1949,1954.0,4 - 0,Konyaspor,1735,1730.0,4,0,Turkey,domestic league (tier 1)
2023/04/02,Süperlig,0,Fenerbahçe,1968,1944.0,2 - 4,Besiktas,1842,1866.0,2,4,Turkey,domestic league (tier 1)
2023/04/06,Turkey Cup,0,Fenerbahçe,1944,1949.0,4 - 1,Kayserispor,1730,1725.0,4,1,Turkey,domestic cup
2023/04/15,Süperlig,0,Fenerbahçe,1956,1958.0,2 - 1,MKE Ankaragücü,1646,1644.0,2,1,Turkey,domestic league (tier 1)
2023/04/24,Süperlig,0,Fenerbahçe,1967,1958.0,3 - 3,Istanbulspor AS,1609,1618.0,3,3,Turkey,domestic league (tier 1)
2023/05/18,Süperlig,0,Fenerbahçe,1958,1963.0,3 - 1,Trabzonspor,1778,1773.0,3,1,Turkey,domestic league (tier 1)
2023/05/24,Turkey Cup,0,Fenerbahçe,1963,1967.0,3 - 0,Sivasspor,1686,1682.0,3,0,Turkey,domestic cup
2023/05/30,Süperlig,0,Fenerbahçe,1967,1970.0,2 - 0,Antalyaspor,1702,1699.0,2,0,Turkey,domestic league (tier 1)
2023/06/11,Turkey Cup,0,Fenerbahçe,1956,1966.0,2 - 0,Istanbul Basaksehir,1827,1817.0,2,0,Turkey,domestic cup
2023/08/13,Süperlig,0,Fenerbahçe,1969,1971.0,2 - 1,Gaziantep FK,1690,1688.0,2,1,Turkey,domestic league (tier 1)
2023/09/17,Süperlig,0,Fenerbahçe,2003,2005.0,3 - 2,Antalyaspor,1678,1676.0,3,2,Turkey,domestic league (tier 1)
2023/09/28,Süperlig,0,Fenerbahçe,2015,2020.0,4 - 0,Istanbul Basaksehir,1771,1766.0,4,0,Turkey,domestic league (tier 1)
2023/10/01,Süperlig,0,Fenerbahçe,2020,2023.0,5 - 0,Çaykur Rizespor,1666,1663.0,5,0,Turkey,domestic league (tier 1)
2023/10/22,Süperlig,0,Fenerbahçe,2033,2035.0,4 - 2,Hatayspor,1705,1703.0,4,2,Turkey,domestic league (tier 1)
2023/11/04,Süperlig,0,Fenerbahçe,2043,2026.0,2 - 3,Trabzonspor,1806,1823.0,2,3,Turkey,domestic league (tier 1)
2023/11/26,Süperlig,0,Fenerbahçe,2005,2007.0,2 - 1,Fatih Karagümrük,1743,1741.0,2,1,Turkey,domestic league (tier 1)
2023/12/04,Süperlig,0,Fenerbahçe,1983,1986.0,4 - 1,Sivasspor,1676,1673.0,4,1,Turkey,domestic league (tier 1)
2023/12/24,Süperlig,0,Fenerbahçe,2009,2006.0,0 - 0,Galatasaray,1997,2000.0,0,0,Turkey,domestic league (tier 1)
2024/01/10,Süperlig,0,Fenerbahçe,2010,2014.0,7 - 1,Konyaspor,1704,1700.0,7,1,Turkey,domestic league (tier 1)
2024/01/17,Turkey Cup,0,Fenerbahçe,2018,2019.0,6 - 0,Adanaspor,1376,1375.0,6,0,Turkey,domestic cup
2024/01/21,Süperlig,0,Fenerbahçe,2019,2010.0,1 - 1,Samsunspor,1665,1674.0,1,1,Turkey,domestic league (tier 1)
2024/01/28,Süperlig,0,Fenerbahçe,2017,2019.0,2 - 1,MKE Ankaragücü,1705,1703.0,2,1,Turkey,domestic league (tier 1)
2024/02/11,Süperlig,0,Fenerbahçe,2033,2024.0,2 - 2,Alanyaspor,1643,1652.0,2,2,Turkey,domestic league (tier 1)
2024/02/24,Süperlig,0,Fenerbahçe,2029,2031.0,2 - 1,Kasimpasa SK,1704,1702.0,2,1,Turkey,domestic league (tier 1)
2024/03/10,Süperlig,0,Fenerbahçe,2033,2034.0,4 - 1,Pendikspor,1563,1562.0,4,1,Turkey,domestic league (tier 1)
2024/04/03,Süperlig,0,Fenerbahçe,2028,2031.0,4 - 2,Adana Demirspor,1759,1756.0,4,2,Turkey,domestic league (tier 1)
2024/04/27,Süperlig,0,Fenerbahçe,2026,2029.0,2 - 1,Besiktas,1809,1806.0,2,1,Turkey,domestic league (tier 1)
2024/05/12,Süperlig,0,Fenerbahçe,2023,2025.0,3 - 0,Kayserispor,1640,1638.0,3,0,Turkey,domestic league (tier 1)
2024/05/26,Süperlig,0,Fenerbahçe,2038,2039.0,6 - 0,Istanbulspor AS,1508,1507.0,6,0,Turkey,domestic league (tier 1)
2024/08/10,Süperlig,0,Fenerbahçe,2041,2042.0,1 - 0,Adana Demirspor,1690,1689.0,1,0,Turkey,domestic league (tier 1)
2024/08/30,Süperlig,0,Fenerbahçe,2039,2042.0,3 - 0,Alanyaspor,1714,1711.0,3,0,Turkey,domestic league (tier 1)
2024/09/21,Süperlig,0,Fenerbahçe,2048,2027.0,1 - 3,Galatasaray,1994,2015.0,1,3,Turkey,domestic league (tier 1)
2024/10/27,Süperlig,0,Fenerbahçe,2032,2033.0,2 - 0,Bodrum FK,1434,1433.0,2,0,Turkey,domestic league (tier 1)
2024/11/10,Süperlig,0,Fenerbahçe,2017,2021.0,4 - 0,Sivasspor,1728,1724.0,4,0,Turkey,domestic league (tier 1)
2024/12/02,Süperlig,0,Fenerbahçe,2045,2047.0,3 - 1,Gaziantep FK,1694,1692.0,3,1,Turkey,domestic league (tier 1)
2024/12/15,Süperlig,0,Fenerbahçe,2015,2019.0,3 - 1,Istanbul Basaksehir,1782,1778.0,3,1,Turkey,domestic league (tier 1)
2025/01/05,Süperlig,0,Fenerbahçe,2013,2014.0,2 - 1,Hatayspor,1590,1589.0,2,1,Turkey,domestic league (tier 1)
2025/01/26,Süperlig,0,Fenerbahçe,2029,2031.0,3 - 2,Göztepe,1741,1739.0,3,2,Turkey,domestic league (tier 1)
2025/02/02,Süperlig,0,Fenerbahçe,2029,2030.0,3 - 2,Çaykur Rizespor,1666,1665.0,3,2,Turkey,domestic league (tier 1)
2025/02/05,Turkey Cup,0,Fenerbahçe,2030,2031.0,5 - 0,Erzurumspor FK,1498,1497.0,5,0,Turkey,domestic cup
2025/02/16,Süperlig,0,Fenerbahçe,2048,2050.0,3 - 1,Kasimpasa SK,1709,1707.0,3,1,Turkey,domestic league (tier 1)
2025/03/02,Süperlig,0,Fenerbahçe,2056,2058.0,3 - 0,Antalyaspor,1646,1644.0,3,0,Turkey,domestic league (tier 1)
2025/03/16,Süperlig,0,Fenerbahçe,2047,2039.0,0 - 0,Samsunspor,1765,1773.0,0,0,Turkey,domestic league (tier 1)
2025/04/02,Turkey Cup,0,Fenerbahçe,2042,2028.0,1 - 2,Galatasaray,1978,1992.0,1,2,Turkey,domestic cup
2025/04/06,Süperlig,0,Fenerbahçe,2028,2033.0,4 - 1,Trabzonspor,1796,1791.0,4,1,Turkey,domestic league (tier 1)
2025/04/20,Süperlig,0,Fenerbahçe,2038,2029.0,3 - 3,Kayserispor,1672,1681.0,3,3,Turkey,domestic league (tier 1)
2025/05/04,Süperlig,0,Fenerbahçe,2036,2019.0,0 - 1,Besiktas,1813,1830.0,0,1,Turkey,domestic league (tier 1)
2025/05/18,Süperlig,0,Fenerbahçe,2030,2031.0,2 - 1,Eyüpspor,1650,1649.0,2,1,Turkey,domestic league (tier 1)
2025/05/31,Süperlig,0,Fenerbahçe,2004,2006.0,2 - 1,Konyaspor,1701,1699.0,2,1,Turkey,domestic league (tier 1)
2025/08/23,Süperlig,0,Fenerbahçe,2011,2012.0,3 - 1,Kocaelispor,1528,1527.0,3,1,Turkey,domestic league (tier 1)
2025/09/14,Süperlig,0,Fenerbahçe,2010,2013.0,1 - 0,Trabzonspor,1814,1811.0,1,0,Turkey,domestic league (tier 1)
2025/09/17,Süperlig,0,Fenerbahçe,2013,2005.0,2 - 2,Alanyaspor,1724,1732.0,2,2,Turkey,domestic league (tier 1)
2025/09/28,Süperlig,0,Fenerbahçe,1980,1982.0,2 - 0,Antalyaspor,1649,1647.0,2,0,Turkey,domestic league (tier 1)
2025/10/19,Süperlig,0,Fenerbahçe,1986,1987.0,2 - 1,Fatih Karagümrük,1567,1566.0,2,1,Turkey,domestic league (tier 1)
2025/11/09,Süperlig,0,Fenerbahçe,2016,2018.0,4 - 2,Kayserispor,1647,1645.0,4,2,Turkey,domestic league (tier 1)
2025/12/01,Süperlig,0,Fenerbahçe,2018,2016.0,1 - 1,Galatasaray,2063,2065.0,1,1,Turkey,domestic league (tier 1)
2025/12/15,Süperlig,0,Fenerbahçe,2030,2032.0,4 - 0,Konyaspor,1662,1660.0,4,0,Turkey,domestic league (tier 1)
2025/12/23,Turkey Cup,0,Fenerbahçe,2037,2020.0,1 - 2,Besiktas,1823,1840.0,1,2,Turkey,domestic cup
2026/01/06,Turkey Supercup,0,Fenerbahçe,2020,2026.0,2 - 0,Samsunspor,1761,1755.0,2,0,Turkey,domestic supercup
2026/01/25,Süperlig,0,Fenerbahçe,2038,2031.0,1 - 1,Göztepe,1810,1817.0,1,1,Turkey,domestic league (tier 1)
2026/02/05,Turkey Cup,0,Fenerbahçe,2028,2030.0,3 - 1,Erzurumspor FK,1618,1616.0,3,1,Turkey,domestic cup
2026/02/09,Süperlig,0,Fenerbahçe,2030,2032.0,3 - 1,Gençlerbirligi,1634,1632.0,3,1,Turkey,domestic league (tier 1)
2026/02/23,Süperlig,0,Fenerbahçe,2010,2001.0,1 - 1,Kasimpasa SK,1637,1646.0,1,1,Turkey,domestic league (tier 1)
2026/03/08,Süperlig,0,Fenerbahçe,2019,2021.0,3 - 2,Samsunspor,1749,1747.0,3,2,Turkey,domestic league (tier 1)
2026/03/17,Süperlig,0,Fenerbahçe,1995,1998.0,4 - 1,Gaziantep FK,1686,1683.0,4,1,Turkey,domestic league (tier 1)
2026/04/05,Süperlig,0,Fenerbahçe,1998,2002.0,1 - 0,Besiktas,1876,1872.0,1,0,Turkey,domestic league (tier 1)
2026/04/17,Süperlig,0,Fenerbahçe,2008,2000.0,2 - 2,Çaykur Rizespor,1714,1722.0,2,2,Turkey,domestic league (tier 1)
2026/05/02,Süperlig,0,Fenerbahçe,1974,1980.0,3 - 1,Istanbul Basaksehir,1823,1817.0,3,1,Turkey,domestic league (tier 1)
2026/05/17,Süperlig,0,Fenerbahçe,1992,1983.0,3 - 3,Eyüpspor,1637,1646.0,3,3,Turkey,domestic league (tier 1)
2026/08/22,Süperlig,0,Fenerbahçe,1982,1985.0,4 - 2,Konyaspor,1721,1718.0,4,2,Turkey,domestic league (tier 1)
2026/09/05,Süperlig,0,Fenerbahçe,2014,,Info,Besiktas,1873,,,,Turkey,domestic league (tier 1)
2025/12/04,Turkey Cup,0,Fethiyespor,1366,1387.0,4 - 1,Bandirmaspor,1537,1516.0,4,1,Turkey,domestic cup
2026/01/13,Turkey Cup,0,Fethiyespor,1393,1392.0,1 - 2,Galatasaray,2051,2052.0,1,2,Turkey,domestic cup
2026/03/03,Turkey Cup,0,Fethiyespor,1391,1379.0,0 - 2,Fatih Karagümrük,1556,1568.0,0,2,Turkey,domestic cup
2016/08/22,Süperlig,0,Galatasaray,1839,1842.0,1 - 0,Karabükspor,1601,1598.0,1,0,Turkey,domestic league (tier 1)
2016/09/17,Süperlig,0,Galatasaray,1852,1856.0,2 - 0,Çaykur Rizespor,1649,1645.0,2,0,Turkey,domestic league (tier 1)
2016/10/02,Süperlig,0,Galatasaray,1860,1864.0,3 - 1,Antalyaspor,1648,1644.0,3,1,Turkey,domestic league (tier 1)
2016/10/22,Süperlig,0,Galatasaray,1873,1855.0,0 - 1,Trabzonspor,1626,1644.0,0,1,Turkey,domestic league (tier 1)
2016/11/04,Süperlig,0,Galatasaray,1859,1846.0,1 - 2,Istanbul Basaksehir (as Istanbul Basaksehir F.K.),1854,1867.0,1,2,Turkey,domestic league (tier 1)
2016/11/25,Süperlig,0,Galatasaray,1839,1847.0,3 - 1,Bursaspor,1758,1750.0,3,1,Turkey,domestic league (tier 1)
2016/12/11,Süperlig,0,Galatasaray,1846,1850.0,3 - 1,Gaziantepspor,1596,1592.0,3,1,Turkey,domestic league (tier 1)
2016/12/25,Süperlig,0,Galatasaray,1852,1857.0,5 - 1,Alanyaspor,1620,1615.0,5,1,Turkey,domestic league (tier 1)
2017/01/28,Süperlig,0,Galatasaray,1859,1866.0,6 - 0,Akhisar Belediyespor,1688,1681.0,6,0,Turkey,domestic league (tier 1)
2017/02/12,Süperlig,0,Galatasaray,1859,1842.0,1 - 2,Kayserispor,1650,1667.0,1,2,Turkey,domestic league (tier 1)
2017/02/27,Süperlig,0,Galatasaray,1839,1829.0,0 - 1,Besiktas,1944,1954.0,0,1,Turkey,domestic league (tier 1)
2017/03/11,Süperlig,0,Galatasaray,1839,1843.0,3 - 2,Gençlerbirligi,1717,1713.0,3,2,Turkey,domestic league (tier 1)
2017/04/03,Süperlig,0,Galatasaray,1827,1830.0,4 - 0,Adanaspor,1532,1529.0,4,0,Turkey,domestic league (tier 1)
2017/04/23,Süperlig,0,Galatasaray,1818,1808.0,0 - 1,Fenerbahçe,1931,1941.0,0,1,Turkey,domestic league (tier 1)
2017/05/06,Süperlig,0,Galatasaray,1824,1801.0,1 - 3,Kasimpasa SK,1714,1737.0,1,3,Turkey,domestic league (tier 1)
2017/05/19,Süperlig,0,Galatasaray,1807,1814.0,2 - 0,Ankaraspor (as Osmanlispor FK),1693,1686.0,2,0,Turkey,domestic league (tier 1)
2017/06/03,Süperlig,0,Galatasaray,1822,1826.0,2 - 1,Konyaspor,1707,1703.0,2,1,Turkey,domestic league (tier 1)
2017/08/14,Süperlig,0,Galatasaray,1805,1812.0,4 - 1,Kayserispor,1663,1656.0,4,1,Turkey,domestic league (tier 1)
2017/08/25,Süperlig,0,Galatasaray,1824,1830.0,3 - 0,Sivasspor,1638,1632.0,3,0,Turkey,domestic league (tier 1)
2017/09/16,Süperlig,0,Galatasaray,1831,1838.0,2 - 0,Kasimpasa SK,1717,1710.0,2,0,Turkey,domestic league (tier 1)
2017/09/30,Süperlig,0,Galatasaray,1845,1848.0,3 - 2,Karabükspor,1631,1628.0,3,2,Turkey,domestic league (tier 1)
2017/10/22,Süperlig,0,Galatasaray,1862,1860.0,0 - 0,Fenerbahçe,1887,1889.0,0,0,Turkey,domestic league (tier 1)
2017/11/03,Süperlig,0,Galatasaray,1848,1855.0,5 - 1,Gençlerbirligi,1678,1671.0,5,1,Turkey,domestic league (tier 1)
2017/11/25,Süperlig,0,Galatasaray,1843,1849.0,2 - 0,Alanyaspor,1684,1678.0,2,0,Turkey,domestic league (tier 1)
2017/12/09,Süperlig,0,Galatasaray,1842,1849.0,4 - 2,Akhisar Belediyespor,1726,1719.0,4,2,Turkey,domestic league (tier 1)
2017/12/24,Süperlig,0,Galatasaray,1834,1838.0,3 - 1,Göztepe,1632,1628.0,3,1,Turkey,domestic league (tier 1)
2018/01/27,Süperlig,0,Galatasaray,1862,1867.0,2 - 0,Ankaraspor (as Osmanlispor FK),1663,1658.0,2,0,Turkey,domestic league (tier 1)
2018/02/12,Süperlig,0,Galatasaray,1858,1863.0,3 - 0,Antalyaspor,1665,1660.0,3,0,Turkey,domestic league (tier 1)
2018/02/23,Süperlig,0,Galatasaray,1850,1856.0,5 - 0,Bursaspor,1656,1650.0,5,0,Turkey,domestic league (tier 1)
2018/03/11,Süperlig,0,Galatasaray,1874,1877.0,2 - 1,Konyaspor,1670,1667.0,2,1,Turkey,domestic league (tier 1)
2018/04/01,Süperlig,0,Galatasaray,1881,1886.0,2 - 1,Trabzonspor,1772,1767.0,2,1,Turkey,domestic league (tier 1)
2018/04/15,Süperlig,0,Galatasaray,1873,1885.0,2 - 0,Istanbul Basaksehir (as Istanbul Basaksehir F.K.),1892,1880.0,2,0,Turkey,domestic league (tier 1)
2018/04/29,Süperlig,0,Galatasaray,1866,1882.0,2 - 0,Besiktas,1991,1975.0,2,0,Turkey,domestic league (tier 1)
2018/05/12,Süperlig,0,Galatasaray,1890,1893.0,2 - 0,Yeni Malatyaspor,1612,1609.0,2,0,Turkey,domestic league (tier 1)
2018/08/19,Süperlig,0,Galatasaray,1899,1901.0,1 - 0,Göztepe,1612,1610.0,1,0,Turkey,domestic league (tier 1)
2018/08/27,Süperlig,0,Galatasaray,1901,1906.0,6 - 0,Alanyaspor,1631,1626.0,6,0,Turkey,domestic league (tier 1)
2018/09/14,Süperlig,0,Galatasaray,1885,1892.0,4 - 1,Kasimpasa SK,1742,1735.0,4,1,Turkey,domestic league (tier 1)
2018/09/28,Süperlig,0,Galatasaray,1889,1890.0,1 - 0,BB Erzurumspor,1525,1524.0,1,0,Turkey,domestic league (tier 1)
2018/10/19,Süperlig,0,Galatasaray,1892,1884.0,1 - 1,Bursaspor,1637,1645.0,1,1,Turkey,domestic league (tier 1)
2018/11/02,Süperlig,0,Galatasaray,1863,1859.0,2 - 2,Fenerbahçe,1832,1836.0,2,2,Turkey,domestic league (tier 1)
2018/11/23,Süperlig,0,Galatasaray,1862,1855.0,1 - 1,Konyaspor,1688,1695.0,1,1,Turkey,domestic league (tier 1)
2018/12/08,Süperlig,0,Galatasaray,1839,1832.0,2 - 2,Çaykur Rizespor,1622,1629.0,2,2,Turkey,domestic league (tier 1)
2018/12/23,Süperlig,0,Galatasaray,1821,1828.0,4 - 2,Sivasspor,1706,1699.0,4,2,Turkey,domestic league (tier 1)
2019/01/19,Süperlig,0,Galatasaray,1828,1833.0,6 - 0,MKE Ankaragücü,1561,1556.0,6,0,Turkey,domestic league (tier 1)
2019/02/10,Süperlig,0,Galatasaray,1849,1857.0,3 - 1,Trabzonspor,1781,1773.0,3,1,Turkey,domestic league (tier 1)
2019/02/24,Süperlig,0,Galatasaray,1869,1872.0,1 - 0,Akhisar Belediyespor,1660,1657.0,1,0,Turkey,domestic league (tier 1)
2019/03/11,Süperlig,0,Galatasaray,1843,1849.0,5 - 0,Antalyaspor,1631,1625.0,5,0,Turkey,domestic league (tier 1)
2019/04/06,Süperlig,0,Galatasaray,1849,1855.0,3 - 0,Yeni Malatyaspor,1675,1669.0,3,0,Turkey,domestic league (tier 1)
2019/04/20,Süperlig,0,Galatasaray,1856,1861.0,3 - 1,Kayserispor,1672,1667.0,3,1,Turkey,domestic league (tier 1)
2019/05/05,Süperlig,0,Galatasaray,1871,1884.0,2 - 0,Besiktas,1922,1909.0,2,0,Turkey,domestic league (tier 1)
2019/05/19,Süperlig,0,Galatasaray,1898,1905.0,2 - 1,Istanbul Basaksehir (as Istanbul Basaksehir F.K.),1872,1865.0,2,1,Turkey,domestic league (tier 1)
2019/08/25,Süperlig,0,Galatasaray,1874,1867.0,1 - 1,Konyaspor,1690,1697.0,1,1,Turkey,domestic league (tier 1)
2019/09/13,Süperlig,0,Galatasaray,1873,1875.0,1 - 0,Kasimpasa SK,1587,1585.0,1,0,Turkey,domestic league (tier 1)
2019/09/28,Süperlig,0,Galatasaray,1881,1876.0,0 - 0,Fenerbahçe,1803,1808.0,0,0,Turkey,domestic league (tier 1)
2019/10/18,Süperlig,0,Galatasaray,1864,1868.0,3 - 2,Sivasspor,1705,1701.0,3,2,Turkey,domestic league (tier 1)
2019/11/01,Süperlig,0,Galatasaray,1850,1855.0,2 - 0,Çaykur Rizespor,1674,1669.0,2,0,Turkey,domestic league (tier 1)
2019/11/22,Süperlig,0,Galatasaray,1858,1845.0,0 - 1,Istanbul Basaksehir (as Istanbul Basaksehir F.K.),1860,1873.0,0,1,Turkey,domestic league (tier 1)
2019/12/07,Süperlig,0,Galatasaray,1849,1853.0,1 - 0,Alanyaspor,1709,1705.0,1,0,Turkey,domestic league (tier 1)
2019/12/14,Süperlig,0,Galatasaray,1849,1841.0,2 - 2,MKE Ankaragücü,1547,1555.0,2,2,Turkey,domestic league (tier 1)
2019/12/28,Süperlig,0,Galatasaray,1829,1834.0,5 - 0,Antalyaspor,1593,1588.0,5,0,Turkey,domestic league (tier 1)
2020/01/19,Süperlig,0,Galatasaray,1832,1835.0,2 - 1,Denizlispor,1660,1657.0,2,1,Turkey,domestic league (tier 1)
2020/02/02,Süperlig,0,Galatasaray,1851,1854.0,4 - 1,Kayserispor,1560,1557.0,4,1,Turkey,domestic league (tier 1)
2020/02/16,Süperlig,0,Galatasaray,1858,1861.0,1 - 0,Yeni Malatyaspor,1681,1678.0,1,0,Turkey,domestic league (tier 1)
2020/03/01,Süperlig,0,Galatasaray,1878,1882.0,3 - 0,Gençlerbirligi,1629,1625.0,3,0,Turkey,domestic league (tier 1)
2020/03/15,Süperlig,0,Galatasaray,1882,1877.0,0 - 0,Besiktas,1783,1788.0,0,0,Turkey,domestic league (tier 1)
2020/06/21,Süperlig,0,Galatasaray,1856,1849.0,3 - 3,Gaziantep FK,1639,1646.0,3,3,Turkey,domestic league (tier 1)
2020/07/05,Süperlig,0,Galatasaray,1854,1836.0,1 - 3,Trabzonspor,1887,1905.0,1,3,Turkey,domestic league (tier 1)
2020/07/18,Süperlig,0,Galatasaray,1806,1811.0,3 - 1,Göztepe,1636,1631.0,3,1,Turkey,domestic league (tier 1)
2020/09/12,Süperlig,0,Galatasaray,1810,1816.0,3 - 1,Gaziantep FK,1676,1670.0,3,1,Turkey,domestic league (tier 1)
2020/09/27,Süperlig,0,Galatasaray,1855,1850.0,0 - 0,Fenerbahçe,1745,1750.0,0,0,Turkey,domestic league (tier 1)
2020/10/19,Süperlig,0,Galatasaray,1833,1819.0,1 - 2,Alanyaspor,1798,1812.0,1,2,Turkey,domestic league (tier 1)
2020/10/31,Süperlig,0,Galatasaray,1827,1829.0,1 - 0,MKE Ankaragücü,1558,1556.0,1,0,Turkey,domestic league (tier 1)
2020/11/23,Süperlig,0,Galatasaray,1839,1831.0,1 - 1,Kayserispor,1579,1587.0,1,1,Turkey,domestic league (tier 1)
2020/12/05,Süperlig,0,Galatasaray,1846,1853.0,3 - 0,Hatayspor,1690,1683.0,3,0,Turkey,domestic league (tier 1)
2020/12/22,Süperlig,0,Galatasaray,1840,1845.0,3 - 1,Göztepe,1650,1645.0,3,1,Turkey,domestic league (tier 1)
2021/01/02,Süperlig,0,Galatasaray,1863,1856.0,0 - 0,Antalyaspor,1652,1659.0,0,0,Turkey,domestic league (tier 1)
2021/01/09,Süperlig,0,Galatasaray,1843,1848.0,6 - 0,Gençlerbirligi,1588,1583.0,6,0,Turkey,domestic league (tier 1)
2021/01/20,Süperlig,0,Galatasaray,1834,1838.0,6 - 1,Denizlispor,1569,1565.0,6,1,Turkey,domestic league (tier 1)
2021/02/02,Süperlig,0,Galatasaray,1856,1864.0,3 - 0,Istanbul Basaksehir,1735,1727.0,3,0,Turkey,domestic league (tier 1)
2021/02/14,Süperlig,0,Galatasaray,1861,1864.0,2 - 1,Kasimpasa SK,1623,1620.0,2,1,Turkey,domestic league (tier 1)
2021/02/27,Süperlig,0,Galatasaray,1875,1878.0,2 - 0,BB Erzurumspor,1611,1608.0,2,0,Turkey,domestic league (tier 1)
2021/03/07,Süperlig,0,Galatasaray,1862,1856.0,2 - 2,Sivasspor,1710,1716.0,2,2,Turkey,domestic league (tier 1)
2021/03/19,Süperlig,0,Galatasaray,1868,1850.0,3 - 4,Çaykur Rizespor,1619,1637.0,3,4,Turkey,domestic league (tier 1)
2021/04/10,Süperlig,0,Galatasaray,1831,1825.0,1 - 1,Fatih Karagümrük SK,1682,1688.0,1,1,Turkey,domestic league (tier 1)
2021/04/21,Süperlig,0,Galatasaray,1838,1835.0,1 - 1,Trabzonspor,1824,1827.0,1,1,Turkey,domestic league (tier 1)
2021/04/28,Süperlig,0,Galatasaray,1844,1847.0,1 - 0,Konyaspor,1650,1647.0,1,0,Turkey,domestic league (tier 1)
2021/05/08,Süperlig,0,Galatasaray,1855,1867.0,3 - 1,Besiktas,1890,1878.0,3,1,Turkey,domestic league (tier 1)
2021/05/15,Süperlig,0,Galatasaray,1874,1878.0,3 - 1,Yeni Malatyaspor,1641,1637.0,3,1,Turkey,domestic league (tier 1)
2021/08/23,Süperlig,0,Galatasaray,1867,1871.0,2 - 1,Hatayspor,1713,1709.0,2,1,Turkey,domestic league (tier 1)
2021/09/19,Süperlig,0,Galatasaray,1890,1873.0,0 - 1,Alanyaspor,1700,1717.0,0,1,Turkey,domestic league (tier 1)
2021/09/26,Süperlig,0,Galatasaray,1848,1851.0,2 - 1,Göztepe,1620,1617.0,2,1,Turkey,domestic league (tier 1)
2021/10/17,Süperlig,0,Galatasaray,1862,1866.0,1 - 0,Konyaspor,1714,1710.0,1,0,Turkey,domestic league (tier 1)
2021/10/31,Süperlig,0,Galatasaray,1875,1880.0,2 - 0,Gaziantep FK,1685,1680.0,2,0,Turkey,domestic league (tier 1)
2021/11/21,Süperlig,0,Galatasaray,1876,1862.0,1 - 2,Fenerbahçe,1835,1849.0,1,2,Turkey,domestic league (tier 1)
2021/12/04,Süperlig,0,Galatasaray,1875,1867.0,2 - 2,Altay Izmir,1618,1626.0,2,2,Turkey,domestic league (tier 1)
2021/12/18,Süperlig,0,Galatasaray,1865,1860.0,1 - 1,Istanbul Basaksehir,1768,1773.0,1,1,Turkey,domestic league (tier 1)
2021/12/25,Süperlig,0,Galatasaray,1844,1849.0,2 - 0,Antalyaspor,1656,1651.0,2,0,Turkey,domestic league (tier 1)
2021/12/28,Turkey Cup,0,Galatasaray,1849,1840.0,3 - 3,Denizlispor,1435,1444.0,3,3,Turkey,domestic cup
2022/01/08,Süperlig,0,Galatasaray,1840,1823.0,0 - 1,Giresunspor,1631,1648.0,0,1,Turkey,domestic league (tier 1)
2022/01/20,Süperlig,0,Galatasaray,1808,1783.0,1 - 3,Kasimpasa SK,1646,1671.0,1,3,Turkey,domestic league (tier 1)
2022/01/23,Süperlig,0,Galatasaray,1783,1773.0,1 - 2,Trabzonspor,1895,1905.0,1,2,Turkey,domestic league (tier 1)
2022/02/12,Süperlig,0,Galatasaray,1775,1770.0,1 - 1,Kayserispor,1688,1693.0,1,1,Turkey,domestic league (tier 1)
2022/02/27,Süperlig,0,Galatasaray,1779,1783.0,4 - 2,Çaykur Rizespor,1571,1567.0,4,2,Turkey,domestic league (tier 1)
2022/03/14,Süperlig,0,Galatasaray,1782,1789.0,2 - 1,Besiktas,1764,1757.0,2,1,Turkey,domestic league (tier 1)
2022/04/02,Süperlig,0,Galatasaray,1769,1777.0,2 - 0,Fatih Karagümrük SK,1693,1685.0,2,0,Turkey,domestic league (tier 1)
2022/04/18,Süperlig,0,Galatasaray,1769,1773.0,2 - 0,Yeni Malatyaspor,1527,1523.0,2,0,Turkey,domestic league (tier 1)
2022/05/01,Süperlig,0,Galatasaray,1780,1767.0,2 - 3,Sivasspor,1759,1772.0,2,3,Turkey,domestic league (tier 1)
2022/05/16,Süperlig,0,Galatasaray,1771,1777.0,3 - 2,Adana Demirspor,1717,1711.0,3,2,Turkey,domestic league (tier 1)
2022/08/13,Süperlig,0,Galatasaray,1793,1777.0,0 - 1,Giresunspor,1628,1644.0,0,1,Turkey,domestic league (tier 1)
2022/09/05,Süperlig,0,Galatasaray,1790,1795.0,2 - 1,Gaziantep FK,1707,1702.0,2,1,Turkey,domestic league (tier 1)
2022/09/16,Süperlig,0,Galatasaray,1806,1813.0,2 - 1,Konyaspor,1798,1791.0,2,1,Turkey,domestic league (tier 1)
2022/10/23,Süperlig,0,Galatasaray,1805,1800.0,2 - 2,Alanyaspor,1734,1739.0,2,2,Turkey,domestic league (tier 1)
2022/11/05,Süperlig,0,Galatasaray,1816,1822.0,2 - 1,Besiktas,1787,1781.0,2,1,Turkey,domestic league (tier 1)
2022/12/22,Turkey Cup,0,Galatasaray,1853,1855.0,1 - 0,Keçiörengücü,1539,1537.0,1,0,Turkey,domestic cup
2022/12/25,Süperlig,0,Galatasaray,1855,1857.0,2 - 1,Istanbulspor AS,1560,1558.0,2,1,Turkey,domestic league (tier 1)
2023/01/04,Süperlig,0,Galatasaray,1866,1869.0,2 - 1,MKE Ankaragücü,1635,1632.0,2,1,Turkey,domestic league (tier 1)
2023/01/13,Süperlig,0,Galatasaray,1895,1899.0,4 - 0,Hatayspor,1646,1642.0,4,0,Turkey,domestic league (tier 1)
2023/01/21,Süperlig,0,Galatasaray,1908,1911.0,2 - 1,Antalyaspor,1692,1689.0,2,1,Turkey,domestic league (tier 1)
2023/02/01,Süperlig,0,Galatasaray,1921,1922.0,3 - 2,Ümraniyespor,1571,1570.0,3,2,Turkey,domestic league (tier 1)
2023/02/05,Süperlig,0,Galatasaray,1922,1928.0,2 - 1,Trabzonspor,1873,1867.0,2,1,Turkey,domestic league (tier 1)
2023/03/11,Süperlig,0,Galatasaray,1928,1930.0,1 - 0,Kasimpasa SK,1677,1675.0,1,0,Turkey,domestic league (tier 1)
2023/04/01,Süperlig,0,Galatasaray,1917,1923.0,2 - 0,Adana Demirspor,1782,1776.0,2,0,Turkey,domestic league (tier 1)
2023/04/05,Turkey Cup,0,Galatasaray,1923,1908.0,2 - 3,Istanbul Basaksehir,1811,1826.0,2,3,Turkey,domestic cup
2023/04/14,Süperlig,0,Galatasaray,1908,1915.0,6 - 0,Kayserispor,1731,1724.0,6,0,Turkey,domestic league (tier 1)
2023/04/23,Süperlig,0,Galatasaray,1926,1919.0,3 - 3,Fatih Karagümrük SK,1756,1763.0,3,3,Turkey,domestic league (tier 1)
2023/05/08,Süperlig,0,Galatasaray,1907,1912.0,1 - 0,Istanbul Basaksehir,1818,1813.0,1,0,Turkey,domestic league (tier 1)
2023/05/20,Süperlig,0,Galatasaray,1920,1924.0,2 - 0,Sivasspor,1690,1686.0,2,0,Turkey,domestic league (tier 1)
2023/06/04,Süperlig,0,Galatasaray,1934,1948.0,3 - 0,Fenerbahçe,1970,1956.0,3,0,Turkey,domestic league (tier 1)
2023/08/19,Süperlig,0,Galatasaray,1948,1954.0,2 - 0,Trabzonspor,1799,1793.0,2,0,Turkey,domestic league (tier 1)
2023/09/16,Süperlig,0,Galatasaray,1981,1983.0,4 - 2,Samsunspor,1638,1636.0,4,2,Turkey,domestic league (tier 1)
2023/09/30,Süperlig,0,Galatasaray,1987,1989.0,2 - 1,MKE Ankaragücü,1669,1667.0,2,1,Turkey,domestic league (tier 1)
2023/10/21,Süperlig,0,Galatasaray,2020,2025.0,2 - 1,Besiktas,1917,1912.0,2,1,Turkey,domestic league (tier 1)
2023/11/03,Süperlig,0,Galatasaray,2016,2018.0,2 - 1,Kasimpasa SK,1712,1710.0,2,1,Turkey,domestic league (tier 1)
2023/11/25,Süperlig,0,Galatasaray,1999,2001.0,4 - 0,Alanyaspor,1616,1614.0,4,0,Turkey,domestic league (tier 1)
2023/12/08,Süperlig,0,Galatasaray,2005,2010.0,3 - 1,Adana Demirspor,1817,1812.0,3,1,Turkey,domestic league (tier 1)
2023/12/20,Süperlig,0,Galatasaray,1995,1997.0,1 - 0,Fatih Karagümrük,1739,1737.0,1,0,Turkey,domestic league (tier 1)
2024/01/07,Süperlig,0,Galatasaray,2000,2003.0,3 - 0,Konyaspor,1707,1704.0,3,0,Turkey,domestic league (tier 1)
2024/01/15,Süperlig,0,Galatasaray,1998,2000.0,2 - 1,Kayserispor,1687,1685.0,2,1,Turkey,domestic league (tier 1)
2024/01/18,Turkey Cup,0,Galatasaray,2000,2001.0,4 - 1,Ümraniyespor,1522,1521.0,4,1,Turkey,domestic cup
2024/01/25,Süperlig,0,Galatasaray,2016,2017.0,3 - 1,Istanbulspor AS,1563,1562.0,3,1,Turkey,domestic league (tier 1)
2024/01/29,Süperlig,0,Galatasaray,2017,2018.0,2 - 1,Gaziantep FK,1680,1679.0,2,1,Turkey,domestic league (tier 1)
2024/02/06,Turkey Cup,0,Galatasaray,2024,2025.0,4 - 2,Bandirmaspor,1504,1503.0,4,2,Turkey,domestic cup
2024/02/10,Süperlig,0,Galatasaray,2025,2029.0,2 - 0,Istanbul Basaksehir,1794,1790.0,2,0,Turkey,domestic league (tier 1)
2024/02/26,Süperlig,0,Galatasaray,2027,2029.0,2 - 1,Antalyaspor,1700,1698.0,2,1,Turkey,domestic league (tier 1)
2024/02/29,Turkey Cup,0,Galatasaray,2029,2001.0,0 - 2,Fatih Karagümrük,1708,1736.0,0,2,Turkey,domestic cup
2024/03/08,Süperlig,0,Galatasaray,2009,2012.0,6 - 2,Çaykur Rizespor,1653,1650.0,6,2,Turkey,domestic league (tier 1)
2024/04/02,Süperlig,0,Galatasaray,2017,2018.0,1 - 0,Hatayspor,1676,1675.0,1,0,Turkey,domestic league (tier 1)
2024/04/21,Süperlig,0,Galatasaray,2027,2028.0,4 - 1,Pendikspor,1568,1567.0,4,1,Turkey,domestic league (tier 1)
2024/05/05,Süperlig,0,Galatasaray,2037,2040.0,6 - 1,Sivasspor,1721,1718.0,6,1,Turkey,domestic league (tier 1)
2024/05/19,Süperlig,0,Galatasaray,2044,2031.0,0 - 1,Fenerbahçe,2025,2038.0,0,1,Turkey,domestic league (tier 1)
2024/08/03,Turkey Supercup,0,Galatasaray,2038,2006.0,0 - 5,Besiktas,1809,1841.0,0,5,Turkey,domestic supercup
2024/08/09,Süperlig,0,Galatasaray,2006,2007.0,2 - 1,Hatayspor,1662,1661.0,2,1,Turkey,domestic league (tier 1)
2024/09/14,Süperlig,0,Galatasaray,1988,1991.0,5 - 0,Çaykur Rizespor,1654,1651.0,5,0,Turkey,domestic league (tier 1)
2024/09/17,Süperlig,0,Galatasaray,1991,1994.0,3 - 1,Gaziantep FK,1679,1676.0,3,1,Turkey,domestic league (tier 1)
2024/09/28,Süperlig,0,Galatasaray,2027,2019.0,3 - 3,Kasimpasa SK,1698,1706.0,3,3,Turkey,domestic league (tier 1)
2024/10/06,Süperlig,0,Galatasaray,2010,2012.0,1 - 0,Alanyaspor,1728,1726.0,1,0,Turkey,domestic league (tier 1)
2024/10/28,Süperlig,0,Galatasaray,2022,2026.0,2 - 1,Besiktas,1883,1879.0,2,1,Turkey,domestic league (tier 1)
2024/11/10,Süperlig,0,Galatasaray,2039,2041.0,3 - 2,Samsunspor,1765,1763.0,3,2,Turkey,domestic league (tier 1)
2024/12/01,Süperlig,0,Galatasaray,2039,2030.0,2 - 2,Eyüpspor,1661,1670.0,2,2,Turkey,domestic league (tier 1)
2024/12/16,Süperlig,0,Galatasaray,2030,2032.0,4 - 3,Trabzonspor,1774,1772.0,4,3,Turkey,domestic league (tier 1)
2025/01/04,Süperlig,0,Galatasaray,2038,2040.0,2 - 1,Göztepe,1717,1715.0,2,1,Turkey,domestic league (tier 1)
2025/01/08,Turkey Cup,0,Galatasaray,2040,2032.0,2 - 2,Istanbul Basaksehir,1785,1793.0,2,2,Turkey,domestic cup
2025/01/25,Süperlig,0,Galatasaray,2022,2023.0,1 - 0,Konyaspor,1684,1683.0,1,0,Turkey,domestic league (tier 1)
2025/02/24,Süperlig,0,Galatasaray,1995,1994.0,0 - 0,Fenerbahçe,2049,2050.0,0,0,Turkey,domestic league (tier 1)
2025/02/27,Turkey Cup,0,Galatasaray,1994,1986.0,0 - 0,Konyaspor,1682,1690.0,0,0,Turkey,domestic cup
2025/03/14,Süperlig,0,Galatasaray,1986,1989.0,4 - 0,Antalyaspor,1652,1649.0,4,0,Turkey,domestic league (tier 1)
2025/04/18,Süperlig,0,Galatasaray,2001,2002.0,2 - 0,Bodrum FK,1568,1567.0,2,0,Turkey,domestic league (tier 1)
2025/05/03,Süperlig,0,Galatasaray,2020,2022.0,4 - 1,Sivasspor,1662,1660.0,4,1,Turkey,domestic league (tier 1)
2025/05/18,Süperlig,0,Galatasaray,2039,2042.0,3 - 0,Kayserispor,1699,1696.0,3,0,Turkey,domestic league (tier 1)
2025/05/30,Süperlig,0,Galatasaray,2049,2052.0,2 - 0,Istanbul Basaksehir,1770,1767.0,2,0,Turkey,domestic league (tier 1)
2025/08/15,Süperlig,0,Galatasaray,2058,2059.0,3 - 0,Fatih Karagümrük,1617,1616.0,3,0,Turkey,domestic league (tier 1)
2025/08/30,Süperlig,0,Galatasaray,2066,2068.0,3 - 1,Çaykur Rizespor,1677,1675.0,3,1,Turkey,domestic league (tier 1)
2025/09/22,Süperlig,0,Galatasaray,2052,2054.0,3 - 1,Konyaspor,1720,1718.0,3,1,Turkey,domestic league (tier 1)
2025/10/04,Süperlig,0,Galatasaray,2079,2071.0,1 - 1,Besiktas,1803,1811.0,1,1,Turkey,domestic league (tier 1)
2025/10/26,Süperlig,0,Galatasaray,2086,2089.0,3 - 1,Göztepe,1777,1774.0,3,1,Turkey,domestic league (tier 1)
2025/11/01,Süperlig,0,Galatasaray,2089,2081.0,0 - 0,Trabzonspor,1833,1841.0,0,0,Turkey,domestic league (tier 1)
2025/11/22,Süperlig,0,Galatasaray,2083,2084.0,3 - 2,Gençlerbirligi,1574,1573.0,3,2,Turkey,domestic league (tier 1)
2025/12/05,Süperlig,0,Galatasaray,2065,2067.0,3 - 2,Samsunspor,1804,1802.0,3,2,Turkey,domestic league (tier 1)
2025/12/18,Turkey Cup,0,Galatasaray,2057,2059.0,1 - 0,Istanbul Basaksehir,1789,1787.0,1,0,Turkey,domestic cup
2025/12/21,Süperlig,0,Galatasaray,2059,2061.0,3 - 0,Kasimpasa SK,1657,1655.0,3,0,Turkey,domestic league (tier 1)
2026/01/05,Turkey Supercup,0,Galatasaray,2061,2068.0,4 - 1,Trabzonspor,1829,1822.0,4,1,Turkey,domestic supercup
2026/01/10,Turkey Supercup,0,Galatasaray,2068,2051.0,0 - 2,Fenerbahçe,2026,2043.0,0,2,Turkey,domestic supercup
2026/01/17,Süperlig,0,Galatasaray,2052,2043.0,1 - 1,Gaziantep FK,1684,1693.0,1,1,Turkey,domestic league (tier 1)
2026/02/01,Süperlig,0,Galatasaray,2042,2044.0,4 - 0,Kayserispor,1611,1609.0,4,0,Turkey,domestic league (tier 1)
2026/02/04,Turkey Cup,0,Galatasaray,2044,2045.0,3 - 1,Istanbulspor AS,1516,1515.0,3,1,Turkey,domestic cup
2026/02/13,Süperlig,0,Galatasaray,2051,2053.0,5 - 1,Eyüpspor,1637,1635.0,5,1,Turkey,domestic league (tier 1)
2026/02/28,Süperlig,0,Galatasaray,2041,2043.0,3 - 1,Alanyaspor,1724,1722.0,3,1,Turkey,domestic league (tier 1)
2026/03/14,Süperlig,0,Galatasaray,2073,2077.0,3 - 0,Istanbul Basaksehir,1821,1817.0,3,0,Turkey,domestic league (tier 1)
2026/04/12,Süperlig,0,Galatasaray,2062,2053.0,1 - 1,Kocaelispor,1618,1627.0,1,1,Turkey,domestic league (tier 1)
2026/04/22,Turkey Cup,0,Galatasaray,2055,2026.0,0 - 2,Gençlerbirligi,1592,1621.0,0,2,Turkey,domestic cup
2026/04/26,Süperlig,0,Galatasaray,2026,2037.0,3 - 0,Fenerbahçe,1985,1974.0,3,0,Turkey,domestic league (tier 1)
2026/05/09,Süperlig,0,Galatasaray,2012,2013.0,4 - 2,Antalyaspor,1557,1556.0,4,2,Turkey,domestic league (tier 1)
2026/08/14,Süperlig,0,Galatasaray,1996,1987.0,2 - 2,Çorum FK,1597,1606.0,2,2,Turkey,domestic league (tier 1)
2026/08/29,Süperlig,0,Galatasaray,1995,1998.0,3 - 2,Göztepe,1765,1762.0,3,2,Turkey,domestic league (tier 1)
2019/12/01,Süperlig,0,Gaziantep FK,1621,1609.0,1 - 2,Denizlispor,1653,1665.0,1,2,Turkey,domestic league (tier 1)
2019/12/15,Süperlig,0,Gaziantep FK,1613,1625.0,3 - 0,Kayserispor,1594,1582.0,3,0,Turkey,domestic league (tier 1)
2019/12/29,Süperlig,0,Gaziantep FK,1638,1637.0,1 - 1,Yeni Malatyaspor,1707,1708.0,1,1,Turkey,domestic league (tier 1)
2020/01/18,Süperlig,0,Gaziantep FK,1637,1625.0,0 - 2,Fenerbahçe,1818,1830.0,0,2,Turkey,domestic league (tier 1)
2020/02/02,Süperlig,0,Gaziantep FK,1617,1640.0,5 - 1,Sivasspor,1793,1770.0,5,1,Turkey,domestic league (tier 1)
2020/02/17,Süperlig,0,Gaziantep FK,1633,1645.0,2 - 0,Çaykur Rizespor,1657,1645.0,2,0,Turkey,domestic league (tier 1)
2020/03/07,Süperlig,0,Gaziantep FK,1646,1649.0,1 - 1,Trabzonspor,1863,1860.0,1,1,Turkey,domestic league (tier 1)
2020/06/14,Süperlig,0,Gaziantep FK,1644,1639.0,1 - 1,MKE Ankaragücü,1566,1571.0,1,1,Turkey,domestic league (tier 1)
2020/06/28,Süperlig,0,Gaziantep FK,1646,1644.0,1 - 1,Antalyaspor,1665,1667.0,1,1,Turkey,domestic league (tier 1)
2020/07/09,Süperlig,0,Gaziantep FK,1656,1666.0,3 - 1,Konyaspor,1624,1614.0,3,1,Turkey,domestic league (tier 1)
2020/07/18,Süperlig,0,Gaziantep FK,1668,1665.0,2 - 2,Kasimpasa SK,1671,1674.0,2,2,Turkey,domestic league (tier 1)
2020/09/20,Süperlig,0,Gaziantep FK,1670,1666.0,2 - 2,Fatih Karagümrük SK,1606,1610.0,2,2,Turkey,domestic league (tier 1)
2020/10/02,Süperlig,0,Gaziantep FK,1669,1672.0,1 - 1,Trabzonspor,1858,1855.0,1,1,Turkey,domestic league (tier 1)
2020/10/24,Süperlig,0,Gaziantep FK,1675,1682.0,1 - 0,Konyaspor,1657,1650.0,1,0,Turkey,domestic league (tier 1)
2020/11/06,Süperlig,0,Gaziantep FK,1682,1697.0,3 - 1,Besiktas,1791,1776.0,3,1,Turkey,domestic league (tier 1)
2020/11/28,Süperlig,0,Gaziantep FK,1707,1702.0,2 - 2,Yeni Malatyaspor,1613,1618.0,2,2,Turkey,domestic league (tier 1)
2020/12/19,Süperlig,0,Gaziantep FK,1719,1731.0,3 - 1,Fenerbahçe,1749,1737.0,3,1,Turkey,domestic league (tier 1)
2020/12/27,Süperlig,0,Gaziantep FK,1753,1766.0,3 - 1,Alanyaspor,1795,1782.0,3,1,Turkey,domestic league (tier 1)
2021/01/05,Süperlig,0,Gaziantep FK,1764,1769.0,2 - 0,MKE Ankaragücü,1577,1572.0,2,0,Turkey,domestic league (tier 1)
2021/01/16,Süperlig,0,Gaziantep FK,1750,1754.0,2 - 1,Kayserispor,1581,1577.0,2,1,Turkey,domestic league (tier 1)
2021/01/24,Süperlig,0,Gaziantep FK,1735,1731.0,1 - 1,Hatayspor,1702,1706.0,1,1,Turkey,domestic league (tier 1)
2021/01/29,Süperlig,0,Gaziantep FK,1731,1721.0,1 - 2,Galatasaray,1846,1856.0,1,2,Turkey,domestic league (tier 1)
2021/02/08,Süperlig,0,Gaziantep FK,1708,1716.0,2 - 0,Göztepe,1634,1626.0,2,0,Turkey,domestic league (tier 1)
2021/02/21,Süperlig,0,Gaziantep FK,1712,1709.0,0 - 0,Antalyaspor,1718,1721.0,0,0,Turkey,domestic league (tier 1)
2021/03/02,Süperlig,0,Gaziantep FK,1711,1714.0,2 - 1,Gençlerbirligi,1532,1529.0,2,1,Turkey,domestic league (tier 1)
2021/03/14,Süperlig,0,Gaziantep FK,1710,1716.0,2 - 0,Denizlispor,1568,1562.0,2,0,Turkey,domestic league (tier 1)
2021/04/08,Süperlig,0,Gaziantep FK,1716,1727.0,2 - 0,Istanbul Basaksehir,1711,1700.0,2,0,Turkey,domestic league (tier 1)
2021/04/18,Süperlig,0,Gaziantep FK,1719,1714.0,2 - 2,Kasimpasa SK,1622,1627.0,2,2,Turkey,domestic league (tier 1)
2021/04/25,Süperlig,0,Gaziantep FK,1708,1693.0,2 - 3,BB Erzurumspor,1598,1613.0,2,3,Turkey,domestic league (tier 1)
2021/05/03,Süperlig,0,Gaziantep FK,1703,1692.0,0 - 1,Sivasspor,1773,1784.0,0,1,Turkey,domestic league (tier 1)
2021/05/11,Süperlig,0,Gaziantep FK,1693,1678.0,4 - 5,Çaykur Rizespor,1623,1638.0,4,5,Turkey,domestic league (tier 1)
2021/08/21,Süperlig,0,Gaziantep FK,1685,1688.0,0 - 0,Besiktas,1879,1876.0,0,0,Turkey,domestic league (tier 1)
2021/09/13,Süperlig,0,Gaziantep FK,1675,1685.0,2 - 0,Antalyaspor,1655,1645.0,2,0,Turkey,domestic league (tier 1)
2021/09/22,Süperlig,0,Gaziantep FK,1690,1698.0,1 - 0,Istanbul Basaksehir,1705,1697.0,1,0,Turkey,domestic league (tier 1)
2021/10/03,Süperlig,0,Gaziantep FK,1684,1696.0,4 - 1,Altay Izmir,1662,1650.0,4,1,Turkey,domestic league (tier 1)
2021/10/23,Süperlig,0,Gaziantep FK,1690,1685.0,1 - 1,Giresunspor,1592,1597.0,1,1,Turkey,domestic league (tier 1)
2021/11/05,Süperlig,0,Gaziantep FK,1680,1689.0,2 - 0,Kasimpasa SK,1621,1612.0,2,0,Turkey,domestic league (tier 1)
2021/11/28,Süperlig,0,Gaziantep FK,1684,1693.0,3 - 2,Konyaspor,1749,1740.0,3,2,Turkey,domestic league (tier 1)
2021/12/02,Turkey Cup,0,Gaziantep FK,1693,1695.0,3 - 1,Sakaryaspor,1320,1318.0,3,1,Turkey,domestic cup
2021/12/13,Süperlig,0,Gaziantep FK,1685,1697.0,3 - 2,Fenerbahçe,1848,1836.0,3,2,Turkey,domestic league (tier 1)
2021/12/22,Süperlig,0,Gaziantep FK,1698,1706.0,2 - 1,Alanyaspor,1716,1708.0,2,1,Turkey,domestic league (tier 1)
2021/12/30,Turkey Cup,0,Gaziantep FK,1716,1708.0,1 - 1,Bursaspor,1452,1460.0,1,1,Turkey,domestic cup
2022/01/08,Süperlig,0,Gaziantep FK,1708,1719.0,3 - 1,Fatih Karagümrük SK,1704,1693.0,3,1,Turkey,domestic league (tier 1)
2022/01/20,Süperlig,0,Gaziantep FK,1713,1707.0,0 - 0,Yeni Malatyaspor,1556,1562.0,0,0,Turkey,domestic league (tier 1)
2022/02/05,Süperlig,0,Gaziantep FK,1708,1725.0,5 - 1,Sivasspor,1772,1755.0,5,1,Turkey,domestic league (tier 1)
2022/02/20,Süperlig,0,Gaziantep FK,1728,1708.0,0 - 3,Adana Demirspor,1776,1796.0,0,3,Turkey,domestic league (tier 1)
2022/02/23,Süperlig,0,Gaziantep FK,1708,1702.0,0 - 0,Yeni Malatyaspor,1548,1554.0,0,0,Turkey,domestic league (tier 1)
2022/03/07,Süperlig,0,Gaziantep FK,1685,1682.0,2 - 2,Hatayspor,1684,1687.0,2,2,Turkey,domestic league (tier 1)
2022/03/20,Süperlig,0,Gaziantep FK,1673,1689.0,3 - 1,Galatasaray,1785,1769.0,3,1,Turkey,domestic league (tier 1)
2022/04/09,Süperlig,0,Gaziantep FK,1682,1686.0,0 - 0,Trabzonspor,1914,1910.0,0,0,Turkey,domestic league (tier 1)
2022/04/23,Süperlig,0,Gaziantep FK,1677,1672.0,1 - 1,Göztepe,1566,1571.0,1,1,Turkey,domestic league (tier 1)
2022/05/06,Süperlig,0,Gaziantep FK,1669,1666.0,1 - 1,Kayserispor,1656,1659.0,1,1,Turkey,domestic league (tier 1)
2022/05/20,Süperlig,0,Gaziantep FK,1656,1665.0,2 - 0,Çaykur Rizespor,1604,1595.0,2,0,Turkey,domestic league (tier 1)
2022/08/14,Süperlig,0,Gaziantep FK,1670,1676.0,1 - 0,MKE Ankaragücü,1606,1600.0,1,0,Turkey,domestic league (tier 1)
2022/08/26,Süperlig,0,Gaziantep FK,1689,1707.0,5 - 2,Antalyaspor,1795,1777.0,5,2,Turkey,domestic league (tier 1)
2022/09/11,Süperlig,0,Gaziantep FK,1702,1696.0,1 - 1,Ümraniyespor,1575,1581.0,1,1,Turkey,domestic league (tier 1)
2022/10/07,Süperlig,0,Gaziantep FK,1686,1686.0,1 - 1,Adana Demirspor,1772,1772.0,1,1,Turkey,domestic league (tier 1)
2022/10/20,Turkey Cup,0,Gaziantep FK,1701,1705.0,4 - 0,Sariyer SK,1454,1450.0,4,0,Turkey,domestic cup
2022/11/06,Süperlig,0,Gaziantep FK,1696,1684.0,1 - 2,Kayserispor,1720,1732.0,1,2,Turkey,domestic league (tier 1)
2022/12/22,Turkey Cup,0,Gaziantep FK,1687,1692.0,3 - 1,Boluspor,1497,1492.0,3,1,Turkey,domestic cup
2022/12/25,Süperlig,0,Gaziantep FK,1692,1692.0,1 - 1,Besiktas,1783,1783.0,1,1,Turkey,domestic league (tier 1)
2023/01/05,Süperlig,0,Gaziantep FK,1684,1686.0,1 - 1,Istanbul Basaksehir,1854,1852.0,1,1,Turkey,domestic league (tier 1)
2023/01/15,Süperlig,0,Gaziantep FK,1685,1679.0,1 - 2,Fenerbahçe,1935,1941.0,1,2,Turkey,domestic league (tier 1)
2023/01/19,Turkey Cup,0,Gaziantep FK,1679,1679.0,1 - 1,Konyaspor,1775,1775.0,1,1,Turkey,domestic cup
2023/01/22,Süperlig,0,Gaziantep FK,1679,1667.0,1 - 2,Sivasspor,1704,1716.0,1,2,Turkey,domestic league (tier 1)
2023/02/01,Süperlig,0,Gaziantep FK,1686,1697.0,4 - 1,Hatayspor,1656,1645.0,4,1,Turkey,domestic league (tier 1)
2023/08/20,Süperlig,0,Gaziantep FK,1688,1669.0,1 - 3,Sivasspor,1684,1703.0,1,3,Turkey,domestic league (tier 1)
2023/09/02,Süperlig,0,Gaziantep FK,1661,1653.0,0 - 3,Galatasaray,1973,1981.0,0,3,Turkey,domestic league (tier 1)
2023/09/22,Süperlig,0,Gaziantep FK,1643,1652.0,2 - 0,Istanbulspor AS,1604,1595.0,2,0,Turkey,domestic league (tier 1)
2023/10/21,Süperlig,0,Gaziantep FK,1657,1665.0,1 - 0,Antalyaspor,1688,1680.0,1,0,Turkey,domestic league (tier 1)
2023/11/06,Süperlig,0,Gaziantep FK,1661,1672.0,2 - 0,Çaykur Rizespor,1654,1643.0,2,0,Turkey,domestic league (tier 1)
2023/11/25,Süperlig,0,Gaziantep FK,1693,1679.0,0 - 1,MKE Ankaragücü,1662,1676.0,0,1,Turkey,domestic league (tier 1)
2023/12/10,Süperlig,0,Gaziantep FK,1668,1655.0,1 - 3,Trabzonspor,1812,1825.0,1,3,Turkey,domestic league (tier 1)
2023/12/19,Süperlig,0,Gaziantep FK,1655,1657.0,2 - 2,Adana Demirspor,1812,1810.0,2,2,Turkey,domestic league (tier 1)
2024/01/05,Süperlig,0,Gaziantep FK,1683,1677.0,2 - 2,Pendikspor,1545,1551.0,2,2,Turkey,domestic league (tier 1)
2024/01/14,Süperlig,0,Gaziantep FK,1679,1675.0,0 - 1,Fenerbahçe,2014,2018.0,0,1,Turkey,domestic league (tier 1)
2024/01/17,Turkey Cup,0,Gaziantep FK,1675,1679.0,1 - 0,Bodrumspor,1560,1556.0,1,0,Turkey,domestic cup
2024/01/24,Süperlig,0,Gaziantep FK,1682,1680.0,1 - 1,Konyaspor,1701,1703.0,1,1,Turkey,domestic league (tier 1)
2024/02/03,Süperlig,0,Gaziantep FK,1679,1675.0,1 - 1,Kayserispor,1642,1646.0,1,1,Turkey,domestic league (tier 1)
2024/02/07,Turkey Cup,0,Gaziantep FK,1675,1669.0,0 - 2,Fenerbahçe,2027,2033.0,0,2,Turkey,domestic cup
2024/02/18,Süperlig,0,Gaziantep FK,1684,1681.0,1 - 1,Samsunspor,1683,1686.0,1,1,Turkey,domestic league (tier 1)
2024/02/24,Süperlig,0,Gaziantep FK,1681,1666.0,0 - 2,Istanbul Basaksehir,1774,1789.0,0,2,Turkey,domestic league (tier 1)
2024/03/11,Süperlig,0,Gaziantep FK,1660,1678.0,2 - 0,Besiktas,1839,1821.0,2,0,Turkey,domestic league (tier 1)
2024/04/02,Süperlig,0,Gaziantep FK,1666,1645.0,0 - 3,Alanyaspor,1694,1715.0,0,3,Turkey,domestic league (tier 1)
2024/04/21,Süperlig,0,Gaziantep FK,1636,1649.0,2 - 0,Kasimpasa SK,1700,1687.0,2,0,Turkey,domestic league (tier 1)
2024/05/05,Süperlig,0,Gaziantep FK,1644,1641.0,1 - 1,Hatayspor,1632,1635.0,1,1,Turkey,domestic league (tier 1)
2024/05/18,Süperlig,0,Gaziantep FK,1672,1684.0,3 - 1,Fatih Karagümrük,1696,1684.0,3,1,Turkey,domestic league (tier 1)
2024/08/18,Süperlig,0,Gaziantep FK,1699,1685.0,0 - 1,Samsunspor,1658,1672.0,0,1,Turkey,domestic league (tier 1)
2024/09/23,Süperlig,0,Gaziantep FK,1676,1677.0,0 - 0,Trabzonspor,1810,1809.0,0,0,Turkey,domestic league (tier 1)
2024/10/06,Süperlig,0,Gaziantep FK,1669,1672.0,1 - 1,Besiktas,1860,1857.0,1,1,Turkey,domestic league (tier 1)
2024/10/27,Süperlig,0,Gaziantep FK,1673,1685.0,3 - 1,Konyaspor,1699,1687.0,3,1,Turkey,domestic league (tier 1)
2024/11/01,Süperlig,0,Gaziantep FK,1685,1692.0,2 - 1,Göztepe,1681,1674.0,2,1,Turkey,domestic league (tier 1)
2024/11/23,Süperlig,0,Gaziantep FK,1677,1694.0,3 - 0,Istanbul Basaksehir,1774,1757.0,3,0,Turkey,domestic league (tier 1)
2024/12/09,Süperlig,0,Gaziantep FK,1692,1699.0,1 - 0,Çaykur Rizespor,1685,1678.0,1,0,Turkey,domestic league (tier 1)
2024/12/22,Süperlig,0,Gaziantep FK,1686,1697.0,2 - 0,Antalyaspor,1688,1677.0,2,0,Turkey,domestic league (tier 1)
2025/01/09,Turkey Cup,0,Gaziantep FK,1701,1707.0,4 - 0,Istanbulspor AS,1503,1497.0,4,0,Turkey,domestic cup
2025/01/12,Süperlig,0,Gaziantep FK,1707,1711.0,1 - 0,Adana Demirspor,1592,1588.0,1,0,Turkey,domestic league (tier 1)
2025/01/18,Süperlig,0,Gaziantep FK,1711,1703.0,0 - 0,Bodrum FK,1451,1459.0,0,0,Turkey,domestic league (tier 1)
2025/02/03,Süperlig,0,Gaziantep FK,1697,1693.0,0 - 1,Galatasaray,2012,2016.0,0,1,Turkey,domestic league (tier 1)
2025/02/15,Süperlig,0,Gaziantep FK,1687,1694.0,2 - 1,Sivasspor,1679,1672.0,2,1,Turkey,domestic league (tier 1)
2025/02/27,Turkey Cup,0,Gaziantep FK,1689,1683.0,1 - 4,Fenerbahçe,2050,2056.0,1,4,Turkey,domestic cup
2025/03/03,Süperlig,0,Gaziantep FK,1683,1694.0,3 - 1,Eyüpspor,1696,1685.0,3,1,Turkey,domestic league (tier 1)
2025/03/15,Süperlig,0,Gaziantep FK,1711,1717.0,1 - 0,Kayserispor,1643,1637.0,1,0,Turkey,domestic league (tier 1)
2025/04/13,Süperlig,0,Gaziantep FK,1713,1717.0,2 - 1,Hatayspor,1572,1568.0,2,1,Turkey,domestic league (tier 1)
2025/04/26,Süperlig,0,Gaziantep FK,1712,1705.0,1 - 3,Fenerbahçe,2029,2036.0,1,3,Turkey,domestic league (tier 1)
2025/05/09,Süperlig,0,Gaziantep FK,1692,1679.0,0 - 1,Alanyaspor,1672,1685.0,0,1,Turkey,domestic league (tier 1)
2025/05/24,Süperlig,0,Gaziantep FK,1681,1679.0,2 - 2,Kasimpasa SK,1710,1712.0,2,2,Turkey,domestic league (tier 1)
2025/08/08,Süperlig,0,Gaziantep FK,1677,1671.0,0 - 3,Galatasaray,2052,2058.0,0,3,Turkey,domestic league (tier 1)
2025/08/23,Süperlig,0,Gaziantep FK,1661,1666.0,2 - 1,Gençlerbirligi,1549,1544.0,2,1,Turkey,domestic league (tier 1)
2025/09/14,Süperlig,0,Gaziantep FK,1679,1685.0,2 - 0,Kocaelispor,1529,1523.0,2,0,Turkey,domestic league (tier 1)
2025/09/27,Süperlig,0,Gaziantep FK,1691,1690.0,2 - 2,Samsunspor,1749,1750.0,2,2,Turkey,domestic league (tier 1)
2025/10/19,Süperlig,0,Gaziantep FK,1705,1710.0,3 - 2,Antalyaspor,1625,1620.0,3,2,Turkey,domestic league (tier 1)
2025/10/27,Süperlig,0,Gaziantep FK,1710,1701.0,0 - 4,Fenerbahçe,1998,2007.0,0,4,Turkey,domestic league (tier 1)
2025/11/08,Süperlig,0,Gaziantep FK,1704,1701.0,2 - 2,Çaykur Rizespor,1687,1690.0,2,2,Turkey,domestic league (tier 1)
2025/11/29,Süperlig,0,Gaziantep FK,1721,1706.0,1 - 2,Eyüpspor,1614,1629.0,1,2,Turkey,domestic league (tier 1)
2025/12/14,Süperlig,0,Gaziantep FK,1711,1700.0,0 - 1,Göztepe,1782,1793.0,0,1,Turkey,domestic league (tier 1)
2026/01/13,Turkey Cup,0,Gaziantep FK,1678,1684.0,1 - 0,Kocaelispor,1615,1609.0,1,0,Turkey,domestic cup
2026/01/25,Süperlig,0,Gaziantep FK,1693,1690.0,1 - 1,Konyaspor,1668,1671.0,1,1,Turkey,domestic league (tier 1)
2026/02/09,Süperlig,0,Gaziantep FK,1696,1702.0,2 - 1,Kasimpasa SK,1637,1631.0,2,1,Turkey,domestic league (tier 1)
2026/02/22,Süperlig,0,Gaziantep FK,1685,1677.0,1 - 2,Trabzonspor,1850,1858.0,1,2,Turkey,domestic league (tier 1)
2026/03/04,Turkey Cup,0,Gaziantep FK,1681,1673.0,0 - 4,Fenerbahçe,2011,2019.0,0,4,Turkey,domestic cup
2026/03/08,Süperlig,0,Gaziantep FK,1673,1668.0,1 - 1,Fatih Karagümrük,1568,1573.0,1,1,Turkey,domestic league (tier 1)
2026/04/04,Süperlig,0,Gaziantep FK,1683,1681.0,1 - 1,Alanyaspor,1728,1730.0,1,1,Turkey,domestic league (tier 1)
2026/04/20,Süperlig,0,Gaziantep FK,1674,1683.0,3 - 0,Kayserispor,1592,1583.0,3,0,Turkey,domestic league (tier 1)
2026/05/01,Süperlig,0,Gaziantep FK,1666,1655.0,0 - 2,Besiktas,1863,1874.0,0,2,Turkey,domestic league (tier 1)
2026/05/16,Süperlig,0,Gaziantep FK,1651,1643.0,1 - 2,Istanbul Basaksehir,1829,1837.0,1,2,Turkey,domestic league (tier 1)
2026/08/15,Süperlig,0,Gaziantep FK,1643,1642.0,1 - 1,Alanyaspor,1700,1701.0,1,1,Turkey,domestic league (tier 1)
2026/08/29,Süperlig,0,Gaziantep FK,1655,1643.0,1 - 2,Çaykur Rizespor,1695,1707.0,1,2,Turkey,domestic league (tier 1)
2016/08/20,1. Lig,0,Gaziantep FK (as Gazisehir Gaziantep FK),1491,1486.0,1 - 1,Göztepe,1408,1413.0,1,1,Turkey,domestic league (tier 2)
2016/09/11,1. Lig,0,Gaziantep FK (as Gazisehir Gaziantep FK),1495,1493.0,1 - 1,Adana Demirspor,1537,1539.0,1,1,Turkey,domestic league (tier 2)
2016/09/26,1. Lig,0,Gaziantep FK (as Gazisehir Gaziantep FK),1480,1491.0,2 - 1,Sivasspor,1613,1602.0,2,1,Turkey,domestic league (tier 2)
2016/10/16,1. Lig,0,Gaziantep FK (as Gazisehir Gaziantep FK),1514,1526.0,3 - 0,Samsunspor,1498,1486.0,3,0,Turkey,domestic league (tier 2)
2016/11/06,1. Lig,0,Gaziantep FK (as Gazisehir Gaziantep FK),1508,1486.0,1 - 4,Altinordu FK,1506,1528.0,1,4,Turkey,domestic league (tier 2)
2016/11/26,1. Lig,0,Gaziantep FK (as Gazisehir Gaziantep FK),1491,1499.0,2 - 0,Sanliurfaspor,1418,1410.0,2,0,Turkey,domestic league (tier 2)
2016/12/09,1. Lig,0,Gaziantep FK (as Gazisehir Gaziantep FK),1484,1462.0,0 - 3,Elazigspor,1489,1511.0,0,3,Turkey,domestic league (tier 2)
2016/12/23,1. Lig,0,Gaziantep FK (as Gazisehir Gaziantep FK),1454,1445.0,0 - 1,Eskisehirspor,1605,1614.0,0,1,Turkey,domestic league (tier 2)
2017/01/28,1. Lig,0,Gaziantep FK (as Gazisehir Gaziantep FK),1443,1451.0,3 - 1,Bandirmaspor,1376,1368.0,3,1,Turkey,domestic league (tier 2)
2017/02/20,1. Lig,0,Gaziantep FK (as Gazisehir Gaziantep FK),1441,1429.0,1 - 2,Yeni Malatyaspor,1485,1497.0,1,2,Turkey,domestic league (tier 2)
2017/03/04,1. Lig,0,Gaziantep FK (as Gazisehir Gaziantep FK),1426,1413.0,1 - 2,Mersin Idmanyurdu,1412,1425.0,1,2,Turkey,domestic league (tier 2)
2017/03/19,1. Lig,0,Gaziantep FK (as Gazisehir Gaziantep FK),1417,1416.0,1 - 1,Denizlispor,1467,1468.0,1,1,Turkey,domestic league (tier 2)
2017/04/01,1. Lig,0,Gaziantep FK (as Gazisehir Gaziantep FK),1416,1404.0,1 - 2,Boluspor,1453,1465.0,1,2,Turkey,domestic league (tier 2)
2017/04/20,1. Lig,0,Gaziantep FK (as Gazisehir Gaziantep FK),1396,1397.0,1 - 1,Balikesirspor,1519,1518.0,1,1,Turkey,domestic league (tier 2)
2017/04/30,1. Lig,0,Gaziantep FK (as Gazisehir Gaziantep FK),1401,1410.0,1 - 0,Manisaspor,1466,1457.0,1,0,Turkey,domestic league (tier 2)
2017/05/07,1. Lig,0,Gaziantep FK (as Gazisehir Gaziantep FK),1416,1426.0,2 - 1,Ümraniyespor,1512,1502.0,2,1,Turkey,domestic league (tier 2)
2017/05/20,1. Lig,0,Gaziantep FK (as Gazisehir Gaziantep FK),1433,1443.0,2 - 1,Giresunspor,1525,1515.0,2,1,Turkey,domestic league (tier 2)
2017/08/20,1. Lig,0,Gaziantep FK (as Gazisehir Gaziantep FK),1446,1435.0,0 - 1,Gaziantepspor,1523,1534.0,0,1,Turkey,domestic league (tier 2)
2017/09/08,1. Lig,0,Gaziantep FK (as Gazisehir Gaziantep FK),1438,1456.0,4 - 0,Adanaspor,1523,1505.0,4,0,Turkey,domestic league (tier 2)
2017/09/24,1. Lig,0,Gaziantep FK (as Gazisehir Gaziantep FK),1445,1445.0,2 - 2,Eskisehirspor,1538,1538.0,2,2,Turkey,domestic league (tier 2)
2017/10/14,1. Lig,0,Gaziantep FK (as Gazisehir Gaziantep FK),1437,1437.0,1 - 1,Giresunspor,1545,1545.0,1,1,Turkey,domestic league (tier 2)
2017/10/29,1. Lig,0,Gaziantep FK (as Gazisehir Gaziantep FK),1430,1440.0,1 - 0,Elazigspor,1542,1532.0,1,0,Turkey,domestic league (tier 2)
2017/11/03,1. Lig,0,Gaziantep FK (as Gazisehir Gaziantep FK),1440,1451.0,2 - 0,Manisaspor,1438,1427.0,2,0,Turkey,domestic league (tier 2)
2017/11/26,1. Lig,0,Gaziantep FK (as Gazisehir Gaziantep FK),1454,1450.0,2 - 2,BB Erzurumspor,1398,1402.0,2,2,Turkey,domestic league (tier 2)
2017/12/09,1. Lig,0,Gaziantep FK (as Gazisehir Gaziantep FK),1472,1470.0,2 - 2,MKE Ankaragücü,1495,1497.0,2,2,Turkey,domestic league (tier 2)
2017/12/23,1. Lig,0,Gaziantep FK (as Gazisehir Gaziantep FK),1464,1455.0,1 - 2,Çaykur Rizespor,1616,1625.0,1,2,Turkey,domestic league (tier 2)
2018/01/22,1. Lig,0,Gaziantep FK (as Gazisehir Gaziantep FK),1455,1467.0,3 - 0,Samsunspor,1437,1425.0,3,0,Turkey,domestic league (tier 2)
2018/02/03,1. Lig,0,Gaziantep FK (as Gazisehir Gaziantep FK),1486,1499.0,2 - 0,Boluspor,1545,1532.0,2,0,Turkey,domestic league (tier 2)
2018/02/18,1. Lig,0,Gaziantep FK (as Gazisehir Gaziantep FK),1521,1529.0,2 - 0,Istanbulspor AS,1445,1437.0,2,0,Turkey,domestic league (tier 2)
2018/02/25,1. Lig,0,Gaziantep FK (as Gazisehir Gaziantep FK),1552,1529.0,0 - 2,Denizlispor,1435,1458.0,0,2,Turkey,domestic league (tier 2)
2018/03/06,1. Lig,0,Gaziantep FK (as Gazisehir Gaziantep FK),1515,1526.0,2 - 0,Ümraniyespor,1519,1508.0,2,0,Turkey,domestic league (tier 2)
2018/04/02,1. Lig,0,Gaziantep FK (as Gazisehir Gaziantep FK),1556,1561.0,1 - 0,Adana Demirspor,1458,1453.0,1,0,Turkey,domestic league (tier 2)
2018/04/14,1. Lig,0,Gaziantep FK (as Gazisehir Gaziantep FK),1551,1559.0,3 - 2,Altinordu FK,1566,1558.0,3,2,Turkey,domestic league (tier 2)
2018/04/28,1. Lig,0,Gaziantep FK (as Gazisehir Gaziantep FK),1543,1529.0,0 - 1,Balikesirspor,1511,1525.0,0,1,Turkey,domestic league (tier 2)
2018/05/11,1. Lig,0,Gaziantep FK (as Gazisehir Gaziantep FK),1523,1533.0,1 - 0,Boluspor,1614,1604.0,1,0,Turkey,domestic league (tier 2)
2018/05/19,1. Lig,1,Gaziantep FK (as Gazisehir Gaziantep FK),1555,1554.0,0 - 0,BB Erzurumspor,1530,1531.0,0,0,Turkey,domestic league (tier 2)
2018/08/19,1. Lig,0,Gaziantep FK (as Gazisehir Gaziantep FK),1564,1559.0,1 - 1,Istanbulspor AS,1452,1457.0,1,1,Turkey,domestic league (tier 2)
2018/08/25,1. Lig,0,Gaziantep FK (as Gazisehir Gaziantep FK),1559,1544.0,0 - 1,Adana Demirspor,1457,1472.0,0,1,Turkey,domestic league (tier 2)
2018/09/16,1. Lig,0,Gaziantep FK (as Gazisehir Gaziantep FK),1551,1558.0,1 - 0,Altinordu FK,1547,1540.0,1,0,Turkey,domestic league (tier 2)
2018/10/01,1. Lig,0,Gaziantep FK (as Gazisehir Gaziantep FK),1559,1548.0,2 - 3,Ankaraspor (as Osmanlispor FK),1630,1641.0,2,3,Turkey,domestic league (tier 2)
2018/10/20,1. Lig,0,Gaziantep FK (as Gazisehir Gaziantep FK),1569,1565.0,0 - 0,Ümraniyespor,1522,1526.0,0,0,Turkey,domestic league (tier 2)
2018/11/03,1. Lig,0,Gaziantep FK (as Gazisehir Gaziantep FK),1577,1584.0,3 - 0,Altay Izmir,1422,1415.0,3,0,Turkey,domestic league (tier 2)
2018/11/25,1. Lig,0,Gaziantep FK (as Gazisehir Gaziantep FK),1583,1591.0,1 - 0,Boluspor,1611,1603.0,1,0,Turkey,domestic league (tier 2)
2018/12/10,1. Lig,0,Gaziantep FK (as Gazisehir Gaziantep FK),1610,1588.0,0 - 2,Balikesirspor,1530,1552.0,0,2,Turkey,domestic league (tier 2)
2018/12/22,1. Lig,0,Gaziantep FK (as Gazisehir Gaziantep FK),1583,1587.0,6 - 1,Karabükspor,1303,1299.0,6,1,Turkey,domestic league (tier 2)
2019/01/19,1. Lig,0,Gaziantep FK (as Gazisehir Gaziantep FK),1587,1573.0,0 - 1,Denizlispor,1554,1568.0,0,1,Turkey,domestic league (tier 2)
2019/02/11,1. Lig,0,Gaziantep FK (as Gazisehir Gaziantep FK),1562,1572.0,2 - 0,Hatayspor,1534,1524.0,2,0,Turkey,domestic league (tier 2)
2019/02/24,1. Lig,0,Gaziantep FK (as Gazisehir Gaziantep FK),1565,1560.0,1 - 1,Eskisehirspor,1454,1459.0,1,1,Turkey,domestic league (tier 2)
2019/03/08,1. Lig,0,Gaziantep FK (as Gazisehir Gaziantep FK),1576,1582.0,2 - 0,Elazigspor,1424,1418.0,2,0,Turkey,domestic league (tier 2)
2019/04/03,1. Lig,0,Gaziantep FK (as Gazisehir Gaziantep FK),1595,1597.0,1 - 0,Afjet Afyonspor,1340,1338.0,1,0,Turkey,domestic league (tier 2)
2019/04/14,1. Lig,0,Gaziantep FK (as Gazisehir Gaziantep FK),1596,1602.0,4 - 1,Adanaspor,1438,1432.0,4,1,Turkey,domestic league (tier 2)
2019/04/27,1. Lig,0,Gaziantep FK (as Gazisehir Gaziantep FK),1593,1586.0,2 - 2,Giresunspor,1416,1423.0,2,2,Turkey,domestic league (tier 2)
2019/05/12,1. Lig,0,Gaziantep FK (as Gazisehir Gaziantep FK),1596,1577.0,0 - 2,Gençlerbirligi,1599,1618.0,0,2,Turkey,domestic league (tier 2)
2019/05/22,1. Lig,0,Gaziantep FK (as Gazisehir Gaziantep FK),1584,1597.0,2 - 0,Ankaraspor (as Osmanlispor FK),1645,1632.0,2,0,Turkey,domestic league (tier 2)
2019/08/26,Süperlig,0,Gaziantep FK (as Gazisehir Gaziantep FK),1584,1597.0,4 - 1,Gençlerbirligi,1593,1580.0,4,1,Turkey,domestic league (tier 1)
2019/09/14,Süperlig,0,Gaziantep FK (as Gazisehir Gaziantep FK),1602,1617.0,3 - 2,Besiktas,1875,1860.0,3,2,Turkey,domestic league (tier 1)
2019/09/30,Süperlig,0,Gaziantep FK (as Gazisehir Gaziantep FK),1632,1630.0,1 - 1,Göztepe,1659,1661.0,1,1,Turkey,domestic league (tier 1)
2019/10/06,Süperlig,0,Gaziantep FK (as Gazisehir Gaziantep FK),1630,1622.0,1 - 2,Istanbul Basaksehir (as Istanbul Basaksehir F.K.),1816,1824.0,1,2,Turkey,domestic league (tier 1)
2019/10/26,Süperlig,0,Gaziantep FK (as Gazisehir Gaziantep FK),1617,1617.0,1 - 1,Alanyaspor,1717,1717.0,1,1,Turkey,domestic league (tier 1)
2019/11/09,Süperlig,0,Gaziantep FK (as Gazisehir Gaziantep FK),1629,1619.0,0 - 2,Galatasaray,1848,1858.0,0,2,Turkey,domestic league (tier 1)
2016/08/27,Süperlig,0,Gaziantepspor,1610,1619.0,1 - 0,Trabzonspor,1668,1659.0,1,0,Turkey,domestic league (tier 1)
2016/09/18,Süperlig,0,Gaziantepspor,1620,1613.0,0 - 1,Istanbul Basaksehir (as Istanbul Basaksehir F.K.),1822,1829.0,0,1,Turkey,domestic league (tier 1)
2016/10/01,Süperlig,0,Gaziantepspor,1624,1635.0,3 - 2,Bursaspor,1750,1739.0,3,2,Turkey,domestic league (tier 1)
2016/10/21,Süperlig,0,Gaziantepspor,1639,1626.0,1 - 2,Kayserispor,1627,1640.0,1,2,Turkey,domestic league (tier 1)
2016/10/29,Süperlig,0,Gaziantepspor,1626,1644.0,3 - 1,Ankaraspor (as Osmanlispor FK),1791,1773.0,3,1,Turkey,domestic league (tier 1)
2016/11/19,Süperlig,0,Gaziantepspor,1635,1620.0,0 - 3,Konyaspor,1775,1790.0,0,3,Turkey,domestic league (tier 1)
2016/12/04,Süperlig,0,Gaziantepspor,1607,1596.0,1 - 2,Akhisar Belediyespor,1674,1685.0,1,2,Turkey,domestic league (tier 1)
2016/12/18,Süperlig,0,Gaziantepspor,1563,1553.0,1 - 2,Çaykur Rizespor,1649,1659.0,1,2,Turkey,domestic league (tier 1)
2017/01/15,Süperlig,0,Gaziantepspor,1552,1536.0,0 - 3,Antalyaspor,1689,1705.0,0,3,Turkey,domestic league (tier 1)
2017/02/13,Süperlig,0,Gaziantepspor,1541,1549.0,1 - 0,Adanaspor,1565,1557.0,1,0,Turkey,domestic league (tier 1)
2017/02/26,Süperlig,0,Gaziantepspor,1557,1563.0,1 - 1,Fenerbahçe,1922,1916.0,1,1,Turkey,domestic league (tier 1)
2017/03/11,Süperlig,0,Gaziantepspor,1558,1546.0,0 - 2,Kasimpasa SK,1727,1739.0,0,2,Turkey,domestic league (tier 1)
2017/04/08,Süperlig,0,Gaziantepspor,1587,1576.0,2 - 3,Alanyaspor,1653,1664.0,2,3,Turkey,domestic league (tier 1)
2017/04/12,Süperlig,0,Gaziantepspor,1576,1567.0,0 - 1,Gençlerbirligi,1712,1721.0,0,1,Turkey,domestic league (tier 1)
2017/04/28,Süperlig,0,Gaziantepspor,1584,1582.0,0 - 0,Karabükspor,1630,1632.0,0,0,Turkey,domestic league (tier 1)
2017/05/14,Süperlig,0,Gaziantepspor,1572,1566.0,1 - 2,Galatasaray,1801,1807.0,1,2,Turkey,domestic league (tier 1)
2017/05/28,Süperlig,0,Gaziantepspor,1558,1553.0,0 - 4,Besiktas,1969,1974.0,0,4,Turkey,domestic league (tier 1)
2017/08/13,1. Lig,0,Gaziantepspor,1548,1523.0,0 - 3,Ümraniyespor,1479,1504.0,0,3,Turkey,domestic league (tier 2)
2017/08/26,1. Lig,0,Gaziantepspor,1534,1507.0,1 - 4,Manisaspor,1435,1462.0,1,4,Turkey,domestic league (tier 2)
2017/09/17,1. Lig,0,Gaziantepspor,1495,1490.0,0 - 0,BB Erzurumspor,1403,1408.0,0,0,Turkey,domestic league (tier 2)
2017/09/30,1. Lig,0,Gaziantepspor,1480,1465.0,1 - 2,MKE Ankaragücü,1405,1420.0,1,2,Turkey,domestic league (tier 2)
2017/10/21,1. Lig,0,Gaziantepspor,1455,1457.0,0 - 0,Çaykur Rizespor,1631,1629.0,0,0,Turkey,domestic league (tier 2)
2017/11/20,1. Lig,0,Gaziantepspor,1436,1414.0,0 - 3,Boluspor,1436,1458.0,0,3,Turkey,domestic league (tier 2)
2017/12/03,1. Lig,0,Gaziantepspor,1409,1405.0,1 - 1,Istanbulspor AS,1375,1379.0,1,1,Turkey,domestic league (tier 2)
2017/12/16,1. Lig,0,Gaziantepspor,1396,1393.0,0 - 0,Denizlispor,1404,1407.0,0,0,Turkey,domestic league (tier 2)
2018/01/28,1. Lig,0,Gaziantepspor,1379,1360.0,0 - 4,Gaziantep FK (as Gazisehir Gaziantep FK),1467,1486.0,0,4,Turkey,domestic league (tier 2)
2018/02/09,1. Lig,0,Gaziantepspor,1352,1333.0,0 - 3,Adana Demirspor,1425,1444.0,0,3,Turkey,domestic league (tier 2)
2018/02/20,1. Lig,0,Gaziantepspor,1323,1317.0,0 - 1,Altinordu FK,1553,1559.0,0,1,Turkey,domestic league (tier 2)
2018/03/03,1. Lig,0,Gaziantepspor,1310,1299.0,1 - 3,Balikesirspor,1506,1517.0,1,3,Turkey,domestic league (tier 2)
2018/03/11,1. Lig,0,Gaziantepspor,1296,1308.0,2 - 1,Samsunspor,1458,1446.0,2,1,Turkey,domestic league (tier 2)
2018/03/17,1. Lig,0,Gaziantepspor,1308,1296.0,0 - 3,Elazigspor,1518,1530.0,0,3,Turkey,domestic league (tier 2)
2018/04/07,1. Lig,0,Gaziantepspor,1293,1278.0,0 - 3,Adanaspor,1451,1466.0,0,3,Turkey,domestic league (tier 2)
2018/04/21,1. Lig,0,Gaziantepspor,1271,1259.0,1 - 4,Eskisehirspor,1481,1493.0,1,4,Turkey,domestic league (tier 2)
2018/05/04,1. Lig,0,Gaziantepspor,1253,1247.0,4 - 5,Giresunspor,1496,1502.0,4,5,Turkey,domestic league (tier 2)
2016/08/21,Süperlig,0,Gençlerbirligi,1714,1721.0,2 - 0,Gaziantepspor,1617,1610.0,2,0,Turkey,domestic league (tier 1)
2016/09/10,Süperlig,0,Gençlerbirligi,1725,1719.0,0 - 0,Alanyaspor,1605,1611.0,0,0,Turkey,domestic league (tier 1)
2016/09/25,Süperlig,0,Gençlerbirligi,1724,1731.0,2 - 0,Karabükspor,1619,1612.0,2,0,Turkey,domestic league (tier 1)
2016/10/15,Süperlig,0,Gençlerbirligi,1732,1723.0,0 - 1,Galatasaray,1864,1873.0,0,1,Turkey,domestic league (tier 1)
2016/10/28,Süperlig,0,Gençlerbirligi,1713,1717.0,1 - 1,Besiktas,1951,1947.0,1,1,Turkey,domestic league (tier 1)
2016/11/27,Süperlig,0,Gençlerbirligi,1724,1719.0,0 - 0,Trabzonspor,1626,1631.0,0,0,Turkey,domestic league (tier 1)
2016/12/10,Süperlig,0,Gençlerbirligi,1747,1748.0,0 - 0,Istanbul Basaksehir (as Istanbul Basaksehir F.K.),1868,1867.0,0,0,Turkey,domestic league (tier 1)
2016/12/26,Süperlig,0,Gençlerbirligi,1743,1754.0,3 - 1,Bursaspor,1747,1736.0,3,1,Turkey,domestic league (tier 1)
2017/01/29,Süperlig,0,Gençlerbirligi,1740,1738.0,1 - 1,Ankaraspor (as Osmanlispor FK),1765,1767.0,1,1,Turkey,domestic league (tier 1)
2017/02/19,Süperlig,0,Gençlerbirligi,1704,1716.0,2 - 0,Konyaspor,1741,1729.0,2,0,Turkey,domestic league (tier 1)
2017/03/06,Süperlig,0,Gençlerbirligi,1706,1717.0,2 - 0,Akhisar Belediyespor,1705,1694.0,2,0,Turkey,domestic league (tier 1)
2017/03/19,Süperlig,0,Gençlerbirligi,1713,1718.0,1 - 0,Çaykur Rizespor,1617,1612.0,1,0,Turkey,domestic league (tier 1)
2017/04/08,Süperlig,0,Gençlerbirligi,1714,1712.0,1 - 1,Antalyaspor,1728,1730.0,1,1,Turkey,domestic league (tier 1)
2017/04/22,Süperlig,0,Gençlerbirligi,1721,1726.0,2 - 1,Kayserispor,1643,1638.0,2,1,Turkey,domestic league (tier 1)
2017/05/06,Süperlig,0,Gençlerbirligi,1730,1713.0,0 - 1,Adanaspor,1499,1516.0,0,1,Turkey,domestic league (tier 1)
2017/05/22,Süperlig,0,Gençlerbirligi,1710,1703.0,1 - 2,Fenerbahçe,1926,1933.0,1,2,Turkey,domestic league (tier 1)
2017/06/02,Süperlig,0,Gençlerbirligi,1713,1720.0,1 - 0,Kasimpasa SK,1706,1699.0,1,0,Turkey,domestic league (tier 1)
2017/08/12,Süperlig,0,Gençlerbirligi,1720,1715.0,1 - 1,Karabükspor,1637,1642.0,1,1,Turkey,domestic league (tier 1)
2017/08/27,Süperlig,0,Gençlerbirligi,1702,1694.0,1 - 2,Fenerbahçe,1881,1889.0,1,2,Turkey,domestic league (tier 1)
2017/09/23,Süperlig,0,Gençlerbirligi,1674,1688.0,1 - 0,Istanbul Basaksehir (as Istanbul Basaksehir F.K.),1902,1888.0,1,0,Turkey,domestic league (tier 1)
2017/10/13,Süperlig,0,Gençlerbirligi,1673,1689.0,2 - 1,Besiktas,2000,1984.0,2,1,Turkey,domestic league (tier 1)
2017/10/28,Süperlig,0,Gençlerbirligi,1694,1678.0,0 - 1,Yeni Malatyaspor,1542,1558.0,0,1,Turkey,domestic league (tier 1)
2017/11/19,Süperlig,0,Gençlerbirligi,1671,1659.0,1 - 2,Kayserispor,1704,1716.0,1,2,Turkey,domestic league (tier 1)
2017/12/03,Süperlig,0,Gençlerbirligi,1646,1660.0,4 - 0,Sivasspor,1652,1638.0,4,0,Turkey,domestic league (tier 1)
2017/12/16,Süperlig,0,Gençlerbirligi,1663,1659.0,0 - 0,Kasimpasa SK,1629,1633.0,0,0,Turkey,domestic league (tier 1)
2018/01/26,Süperlig,0,Gençlerbirligi,1679,1686.0,2 - 1,Konyaspor,1688,1681.0,2,1,Turkey,domestic league (tier 1)
2018/02/10,Süperlig,0,Gençlerbirligi,1685,1684.0,0 - 0,Trabzonspor,1757,1758.0,0,0,Turkey,domestic league (tier 1)
2018/02/19,Süperlig,0,Gençlerbirligi,1684,1694.0,3 - 0,Göztepe,1631,1621.0,3,0,Turkey,domestic league (tier 1)
2018/03/04,Süperlig,0,Gençlerbirligi,1701,1686.0,0 - 1,Alanyaspor,1594,1609.0,0,1,Turkey,domestic league (tier 1)
2018/03/17,Süperlig,0,Gençlerbirligi,1684,1682.0,1 - 1,Akhisar Belediyespor,1702,1704.0,1,1,Turkey,domestic league (tier 1)
2018/04/09,Süperlig,0,Gençlerbirligi,1665,1678.0,1 - 0,Galatasaray,1886,1873.0,1,0,Turkey,domestic league (tier 1)
2018/04/21,Süperlig,0,Gençlerbirligi,1671,1648.0,0 - 3,Ankaraspor (as Osmanlispor FK),1663,1686.0,0,3,Turkey,domestic league (tier 1)
2018/05/06,Süperlig,0,Gençlerbirligi,1642,1630.0,0 - 1,Antalyaspor,1657,1669.0,0,1,Turkey,domestic league (tier 1)
2018/05/18,Süperlig,0,Gençlerbirligi,1621,1629.0,1 - 0,Bursaspor,1635,1627.0,1,0,Turkey,domestic league (tier 1)
2018/08/12,1. Lig,0,Gençlerbirligi,1629,1631.0,1 - 0,Hatayspor,1323,1321.0,1,0,Turkey,domestic league (tier 2)
2018/08/26,1. Lig,0,Gençlerbirligi,1642,1650.0,5 - 0,Eskisehirspor,1502,1494.0,5,0,Turkey,domestic league (tier 2)
2018/09/17,1. Lig,0,Gençlerbirligi,1663,1668.0,3 - 1,Elazigspor,1471,1466.0,3,1,Turkey,domestic league (tier 2)
2018/09/30,1. Lig,0,Gençlerbirligi,1681,1683.0,1 - 0,Afjet Afyonspor,1355,1353.0,1,0,Turkey,domestic league (tier 2)
2018/10/20,1. Lig,0,Gençlerbirligi,1689,1681.0,0 - 0,Adanaspor,1431,1439.0,0,0,Turkey,domestic league (tier 2)
2018/11/05,1. Lig,0,Gençlerbirligi,1692,1695.0,1 - 0,Giresunspor,1495,1492.0,1,0,Turkey,domestic league (tier 2)
2018/12/01,1. Lig,0,Gençlerbirligi,1655,1658.0,6 - 0,Karabükspor,1310,1307.0,6,0,Turkey,domestic league (tier 2)
2018/12/15,1. Lig,0,Gençlerbirligi,1659,1664.0,2 - 1,Gaziantep FK (as Gazisehir Gaziantep FK),1588,1583.0,2,1,Turkey,domestic league (tier 2)
2019/01/25,1. Lig,0,Gençlerbirligi,1634,1612.0,0 - 2,Altinordu FK,1563,1585.0,0,2,Turkey,domestic league (tier 2)
2019/02/09,1. Lig,0,Gençlerbirligi,1600,1583.0,0 - 2,Ankaraspor (as Osmanlispor FK),1657,1674.0,0,2,Turkey,domestic league (tier 2)
2019/02/23,1. Lig,0,Gençlerbirligi,1591,1598.0,2 - 1,Ümraniyespor,1587,1580.0,2,1,Turkey,domestic league (tier 2)
2019/03/10,1. Lig,0,Gençlerbirligi,1593,1597.0,1 - 0,Altay Izmir,1456,1452.0,1,0,Turkey,domestic league (tier 2)
2019/04/02,1. Lig,0,Gençlerbirligi,1606,1601.0,1 - 1,Boluspor,1515,1520.0,1,1,Turkey,domestic league (tier 2)
2019/04/14,1. Lig,0,Gençlerbirligi,1609,1613.0,1 - 0,Balikesirspor,1484,1480.0,1,0,Turkey,domestic league (tier 2)
2019/04/20,1. Lig,0,Gençlerbirligi,1613,1617.0,1 - 0,Istanbulspor AS,1484,1480.0,1,0,Turkey,domestic league (tier 2)
2019/05/05,1. Lig,0,Gençlerbirligi,1623,1599.0,0 - 3,Denizlispor,1595,1619.0,0,3,Turkey,domestic league (tier 2)
2019/05/18,1. Lig,0,Gençlerbirligi,1618,1603.0,1 - 2,Adana Demirspor,1546,1561.0,1,2,Turkey,domestic league (tier 2)
2019/08/17,Süperlig,0,Gençlerbirligi,1603,1593.0,0 - 1,Çaykur Rizespor,1691,1701.0,0,1,Turkey,domestic league (tier 1)
2019/09/01,Süperlig,0,Gençlerbirligi,1580,1573.0,1 - 2,Istanbul Basaksehir (as Istanbul Basaksehir F.K.),1806,1813.0,1,2,Turkey,domestic league (tier 1)
2019/09/22,Süperlig,0,Gençlerbirligi,1581,1582.0,1 - 1,Alanyaspor,1717,1716.0,1,1,Turkey,domestic league (tier 1)
2019/10/05,Süperlig,0,Gençlerbirligi,1575,1580.0,0 - 0,Galatasaray,1869,1864.0,0,0,Turkey,domestic league (tier 1)
2019/10/27,Süperlig,0,Gençlerbirligi,1611,1593.0,0 - 2,Denizlispor,1644,1662.0,0,2,Turkey,domestic league (tier 1)
2019/11/09,Süperlig,0,Gençlerbirligi,1598,1606.0,2 - 1,Kayserispor,1612,1604.0,2,1,Turkey,domestic league (tier 1)
2019/11/29,Süperlig,0,Gençlerbirligi,1619,1619.0,3 - 3,Yeni Malatyaspor,1722,1722.0,3,3,Turkey,domestic league (tier 1)
2019/12/14,Süperlig,0,Gençlerbirligi,1613,1627.0,3 - 1,Göztepe,1697,1683.0,3,1,Turkey,domestic league (tier 1)
2019/12/22,Süperlig,0,Gençlerbirligi,1627,1629.0,2 - 2,Sivasspor,1784,1782.0,2,2,Turkey,domestic league (tier 1)
2020/01/24,Süperlig,0,Gençlerbirligi,1613,1621.0,1 - 0,Gaziantep FK,1625,1617.0,1,0,Turkey,domestic league (tier 1)
2020/02/08,Süperlig,0,Gençlerbirligi,1618,1607.0,0 - 2,Trabzonspor,1822,1833.0,0,2,Turkey,domestic league (tier 1)
2020/02/23,Süperlig,0,Gençlerbirligi,1623,1629.0,1 - 0,MKE Ankaragücü,1579,1573.0,1,0,Turkey,domestic league (tier 1)
2020/03/09,Süperlig,0,Gençlerbirligi,1625,1622.0,1 - 1,Antalyaspor,1635,1638.0,1,1,Turkey,domestic league (tier 1)
2020/06/14,Süperlig,0,Gençlerbirligi,1615,1623.0,2 - 1,Konyaspor,1630,1622.0,2,1,Turkey,domestic league (tier 1)
2020/06/29,Süperlig,0,Gençlerbirligi,1610,1592.0,0 - 2,Kasimpasa SK,1650,1668.0,0,2,Turkey,domestic league (tier 1)
2020/07/07,Süperlig,0,Gençlerbirligi,1596,1598.0,1 - 1,Fenerbahçe,1757,1755.0,1,1,Turkey,domestic league (tier 1)
2020/07/25,Süperlig,0,Gençlerbirligi,1612,1599.0,0 - 3,Besiktas,1799,1812.0,0,3,Turkey,domestic league (tier 1)
2020/09/19,Süperlig,0,Gençlerbirligi,1591,1590.0,0 - 0,Konyaspor,1639,1640.0,0,0,Turkey,domestic league (tier 1)
2020/10/19,Süperlig,0,Gençlerbirligi,1607,1594.0,1 - 2,Denizlispor,1599,1612.0,1,2,Turkey,domestic league (tier 1)
2020/10/31,Süperlig,0,Gençlerbirligi,1587,1587.0,1 - 1,Gaziantep FK,1682,1682.0,1,1,Turkey,domestic league (tier 1)
2020/11/21,Süperlig,0,Gençlerbirligi,1585,1570.0,1 - 5,Fenerbahçe,1764,1779.0,1,5,Turkey,domestic league (tier 1)
2020/12/05,Süperlig,0,Gençlerbirligi,1563,1577.0,2 - 1,Alanyaspor,1831,1817.0,2,1,Turkey,domestic league (tier 1)
2020/12/20,Süperlig,0,Gençlerbirligi,1567,1564.0,1 - 1,MKE Ankaragücü,1552,1555.0,1,1,Turkey,domestic league (tier 1)
2020/12/28,Süperlig,0,Gençlerbirligi,1558,1566.0,3 - 2,Kayserispor,1575,1567.0,3,2,Turkey,domestic league (tier 1)
2021/01/06,Süperlig,0,Gençlerbirligi,1571,1588.0,3 - 1,Hatayspor,1719,1702.0,3,1,Turkey,domestic league (tier 1)
2021/01/15,Süperlig,0,Gençlerbirligi,1583,1566.0,1 - 3,Fatih Karagümrük SK,1639,1656.0,1,3,Turkey,domestic league (tier 1)
2021/01/23,Süperlig,0,Gençlerbirligi,1556,1550.0,1 - 2,Trabzonspor,1817,1823.0,1,2,Turkey,domestic league (tier 1)
2021/01/31,Süperlig,0,Gençlerbirligi,1550,1541.0,0 - 1,Antalyaspor,1701,1710.0,0,1,Turkey,domestic league (tier 1)
2021/02/15,Süperlig,0,Gençlerbirligi,1547,1539.0,0 - 3,Besiktas,1851,1859.0,0,3,Turkey,domestic league (tier 1)
2021/02/26,Süperlig,0,Gençlerbirligi,1532,1532.0,1 - 1,Yeni Malatyaspor,1628,1628.0,1,1,Turkey,domestic league (tier 1)
2021/03/07,Süperlig,0,Gençlerbirligi,1529,1521.0,0 - 1,Istanbul Basaksehir,1708,1716.0,0,1,Turkey,domestic league (tier 1)
2021/03/20,Süperlig,0,Gençlerbirligi,1539,1548.0,2 - 1,Kasimpasa SK,1619,1610.0,2,1,Turkey,domestic league (tier 1)
2021/04/07,Süperlig,0,Gençlerbirligi,1565,1563.0,1 - 1,BB Erzurumspor,1584,1586.0,1,1,Turkey,domestic league (tier 1)
2021/04/16,Süperlig,0,Gençlerbirligi,1557,1550.0,2 - 3,Sivasspor,1765,1772.0,2,3,Turkey,domestic league (tier 1)
2021/04/23,Süperlig,0,Gençlerbirligi,1554,1564.0,2 - 1,Çaykur Rizespor,1655,1645.0,2,1,Turkey,domestic league (tier 1)
2021/05/02,Süperlig,0,Gençlerbirligi,1559,1551.0,0 - 2,Galatasaray,1847,1855.0,0,2,Turkey,domestic league (tier 1)
2021/05/11,Süperlig,0,Gençlerbirligi,1542,1558.0,5 - 3,Göztepe,1661,1645.0,5,3,Turkey,domestic league (tier 1)
2021/08/13,1. Lig,0,Gençlerbirligi,1556,1533.0,2 - 4,Eyüpspor,1452,1475.0,2,4,Turkey,domestic league (tier 2)
2021/08/29,1. Lig,0,Gençlerbirligi,1531,1501.0,0 - 3,Manisa FK,1321,1351.0,0,3,Turkey,domestic league (tier 2)
2021/09/15,1. Lig,0,Gençlerbirligi,1493,1501.0,3 - 2,Altinordu FK,1529,1521.0,3,2,Turkey,domestic league (tier 2)
2021/09/25,1. Lig,0,Gençlerbirligi,1505,1511.0,1 - 0,Boluspor,1473,1467.0,1,0,Turkey,domestic league (tier 2)
2021/10/31,1. Lig,0,Gençlerbirligi,1534,1515.0,0 - 2,Istanbulspor AS,1528,1547.0,0,2,Turkey,domestic league (tier 2)
2021/11/20,1. Lig,0,Gençlerbirligi,1503,1489.0,0 - 1,Tuzlaspor,1445,1459.0,0,1,Turkey,domestic league (tier 2)
2021/11/26,1. Lig,0,Gençlerbirligi,1489,1499.0,2 - 0,Bursaspor,1466,1456.0,2,0,Turkey,domestic league (tier 2)
2021/12/10,1. Lig,0,Gençlerbirligi,1512,1518.0,1 - 0,Denizlispor,1454,1448.0,1,0,Turkey,domestic league (tier 2)
2021/12/19,1. Lig,0,Gençlerbirligi,1510,1520.0,5 - 0,Menemen Belediyespor,1420,1410.0,5,0,Turkey,domestic league (tier 2)
2022/01/17,1. Lig,0,Gençlerbirligi,1505,1479.0,0 - 3,Adanaspor,1413,1439.0,0,3,Turkey,domestic league (tier 2)
2022/02/06,1. Lig,0,Gençlerbirligi,1463,1448.0,0 - 3,MKE Ankaragücü,1619,1634.0,0,3,Turkey,domestic league (tier 2)
2022/02/15,1. Lig,0,Gençlerbirligi,1460,1460.0,2 - 2,Samsunspor,1565,1565.0,2,2,Turkey,domestic league (tier 2)
2022/02/26,1. Lig,0,Gençlerbirligi,1450,1456.0,2 - 0,Balikesirspor,1296,1290.0,2,0,Turkey,domestic league (tier 2)
2022/03/20,1. Lig,0,Gençlerbirligi,1456,1452.0,1 - 1,Kocaelispor,1389,1393.0,1,1,Turkey,domestic league (tier 2)
2022/04/09,1. Lig,0,Gençlerbirligi,1458,1472.0,2 - 0,Keçiörengücü,1533,1519.0,2,0,Turkey,domestic league (tier 2)
2022/04/23,1. Lig,0,Gençlerbirligi,1459,1473.0,2 - 0,Bandirmaspor,1542,1528.0,2,0,Turkey,domestic league (tier 2)
2022/05/08,1. Lig,0,Gençlerbirligi,1466,1477.0,2 - 1,BB Erzurumspor,1584,1573.0,2,1,Turkey,domestic league (tier 2)
2022/05/21,1. Lig,0,Gençlerbirligi,1494,1478.0,2 - 4,Ümraniyespor,1576,1592.0,2,4,Turkey,domestic league (tier 2)
2022/08/13,1. Lig,0,Gençlerbirligi,1478,1475.0,3 - 3,Altinordu FK,1466,1469.0,3,3,Turkey,domestic league (tier 2)
2022/08/28,1. Lig,0,Gençlerbirligi,1488,1472.0,1 - 2,Pendikspor,1330,1346.0,1,2,Turkey,domestic league (tier 2)
2022/09/10,1. Lig,0,Gençlerbirligi,1476,1462.0,1 - 2,Tuzlaspor,1436,1450.0,1,2,Turkey,domestic league (tier 2)
2022/10/15,1. Lig,0,Gençlerbirligi,1457,1442.0,0 - 2,Keçiörengücü,1549,1564.0,0,2,Turkey,domestic league (tier 2)
2022/10/31,1. Lig,0,Gençlerbirligi,1434,1414.0,1 - 3,Manisa FK,1418,1438.0,1,3,Turkey,domestic league (tier 2)
2022/11/13,1. Lig,0,Gençlerbirligi,1418,1405.0,0 - 2,Eyüpspor,1553,1566.0,0,2,Turkey,domestic league (tier 2)
2022/11/26,1. Lig,0,Gençlerbirligi,1401,1390.0,1 - 3,Çaykur Rizespor,1605,1616.0,1,3,Turkey,domestic league (tier 2)
2022/12/11,1. Lig,0,Gençlerbirligi,1379,1369.0,1 - 2,BB Erzurumspor,1474,1484.0,1,2,Turkey,domestic league (tier 2)
2022/12/25,1. Lig,0,Gençlerbirligi,1360,1346.0,2 - 5,Bandirmaspor,1527,1541.0,2,5,Turkey,domestic league (tier 2)
2023/01/21,1. Lig,0,Gençlerbirligi,1339,1362.0,5 - 1,Boluspor,1512,1489.0,5,1,Turkey,domestic league (tier 2)
2023/02/05,1. Lig,0,Gençlerbirligi,1377,1388.0,1 - 0,Göztepe,1513,1502.0,1,0,Turkey,domestic league (tier 2)
2023/03/08,1. Lig,0,Gençlerbirligi,1381,1379.0,0 - 0,Denizlispor,1417,1419.0,0,0,Turkey,domestic league (tier 2)
2023/03/18,1. Lig,0,Gençlerbirligi,1379,1373.0,0 - 1,Samsunspor,1629,1635.0,0,1,Turkey,domestic league (tier 2)
2023/04/17,1. Lig,0,Gençlerbirligi,1398,1397.0,0 - 0,Altay Izmir,1453,1454.0,0,0,Turkey,domestic league (tier 2)
2023/04/28,1. Lig,0,Gençlerbirligi,1393,1403.0,2 - 1,Bodrumspor,1498,1488.0,2,1,Turkey,domestic league (tier 2)
2023/05/16,1. Lig,0,Gençlerbirligi,1417,1426.0,2 - 1,Sakaryaspor,1467,1458.0,2,1,Turkey,domestic league (tier 2)
2023/08/13,1. Lig,0,Gençlerbirligi,1430,1441.0,2 - 1,Ümraniyespor,1563,1552.0,2,1,Turkey,domestic league (tier 2)
2023/08/26,1. Lig,0,Gençlerbirligi,1444,1453.0,1 - 0,Bodrumspor,1524,1515.0,1,0,Turkey,domestic league (tier 2)
2023/09/17,1. Lig,0,Gençlerbirligi,1464,1448.0,1 - 3,Eyüpspor,1543,1559.0,1,3,Turkey,domestic league (tier 2)
2023/09/30,1. Lig,0,Gençlerbirligi,1437,1436.0,1 - 1,Manisa FK,1493,1494.0,1,1,Turkey,domestic league (tier 2)
2023/10/23,1. Lig,0,Gençlerbirligi,1449,1460.0,3 - 0,Altay Izmir,1420,1409.0,3,0,Turkey,domestic league (tier 2)
2023/11/04,1. Lig,0,Gençlerbirligi,1463,1459.0,0 - 0,Boluspor,1420,1424.0,0,0,Turkey,domestic league (tier 2)
2023/11/27,1. Lig,0,Gençlerbirligi,1476,1473.0,1 - 1,Keçiörengücü,1473,1476.0,1,1,Turkey,domestic league (tier 2)
2023/12/10,1. Lig,0,Gençlerbirligi,1475,1457.0,0 - 3,Göztepe,1562,1580.0,0,3,Turkey,domestic league (tier 2)
2023/12/23,1. Lig,0,Gençlerbirligi,1470,1447.0,0 - 2,Tuzlaspor,1351,1374.0,0,2,Turkey,domestic league (tier 2)
2024/01/21,1. Lig,0,Gençlerbirligi,1469,1481.0,3 - 1,Sakaryaspor,1509,1497.0,3,1,Turkey,domestic league (tier 2)
2024/02/04,1. Lig,0,Gençlerbirligi,1475,1472.0,0 - 0,Çorum FK,1470,1473.0,0,0,Turkey,domestic league (tier 2)
2024/02/08,Turkey Cup,0,Gençlerbirligi,1472,1467.0,1 - 2,Trabzonspor,1782,1787.0,1,2,Turkey,domestic cup
2024/02/19,1. Lig,0,Gençlerbirligi,1463,1451.0,0 - 1,Bandirmaspor,1488,1500.0,0,1,Turkey,domestic league (tier 2)
2024/03/04,1. Lig,0,Gençlerbirligi,1453,1449.0,1 - 1,Sanliurfaspor,1396,1400.0,1,1,Turkey,domestic league (tier 2)
2024/03/15,1. Lig,0,Gençlerbirligi,1467,1478.0,2 - 0,Kocaelispor,1476,1465.0,2,0,Turkey,domestic league (tier 2)
2024/04/07,1. Lig,0,Gençlerbirligi,1491,1485.0,1 - 1,Adanaspor,1366,1372.0,1,1,Turkey,domestic league (tier 2)
2024/04/21,1. Lig,0,Gençlerbirligi,1476,1487.0,2 - 0,Erzurumspor FK,1484,1473.0,2,0,Turkey,domestic league (tier 2)
2024/05/05,1. Lig,0,Gençlerbirligi,1481,1484.0,1 - 0,Giresunspor,1291,1288.0,1,0,Turkey,domestic league (tier 2)
2024/08/18,1. Lig,0,Gençlerbirligi,1477,1473.0,1 - 1,Boluspor,1441,1445.0,1,1,Turkey,domestic league (tier 2)
2024/09/15,1. Lig,0,Gençlerbirligi,1478,1485.0,1 - 0,Erzurumspor FK,1463,1456.0,1,0,Turkey,domestic league (tier 2)
2024/09/28,1. Lig,0,Gençlerbirligi,1499,1485.0,0 - 1,Keçiörengücü,1436,1450.0,0,1,Turkey,domestic league (tier 2)
2024/10/19,1. Lig,0,Gençlerbirligi,1477,1471.0,1 - 1,Amed SK,1317,1323.0,1,1,Turkey,domestic league (tier 2)
2024/11/04,1. Lig,0,Gençlerbirligi,1464,1472.0,2 - 1,Istanbulspor AS,1476,1468.0,2,1,Turkey,domestic league (tier 2)
2024/11/23,1. Lig,0,Gençlerbirligi,1461,1473.0,1 - 0,MKE Ankaragücü,1633,1621.0,1,0,Turkey,domestic league (tier 2)
2024/12/08,1. Lig,0,Gençlerbirligi,1476,1489.0,1 - 0,Fatih Karagümrük,1682,1669.0,1,0,Turkey,domestic league (tier 2)
2024/12/19,Turkey Cup,0,Gençlerbirligi,1493,1486.0,0 - 1,Kasimpasa SK,1719,1726.0,0,1,Turkey,domestic cup
2024/12/23,1. Lig,0,Gençlerbirligi,1486,1462.0,0 - 2,Adanaspor,1336,1360.0,0,2,Turkey,domestic league (tier 2)
2025/01/12,1. Lig,0,Gençlerbirligi,1465,1470.0,3 - 0,Yeni Malatyaspor,1233,1228.0,3,0,Turkey,domestic league (tier 2)
2025/01/20,1. Lig,0,Gençlerbirligi,1470,1479.0,1 - 0,Kocaelispor,1534,1525.0,1,0,Turkey,domestic league (tier 2)
2025/02/01,1. Lig,0,Gençlerbirligi,1498,1503.0,2 - 0,Igdir FK,1333,1328.0,2,0,Turkey,domestic league (tier 2)
2025/02/07,1. Lig,0,Gençlerbirligi,1503,1497.0,1 - 1,Erokspor,1364,1370.0,1,1,Turkey,domestic league (tier 2)
2025/02/16,1. Lig,0,Gençlerbirligi,1510,1523.0,3 - 0,Pendikspor,1520,1507.0,3,0,Turkey,domestic league (tier 2)
2025/02/28,1. Lig,0,Gençlerbirligi,1524,1532.0,3 - 0,Manisa FK,1408,1400.0,3,0,Turkey,domestic league (tier 2)
2025/03/09,1. Lig,0,Gençlerbirligi,1531,1517.0,1 - 2,Çorum FK,1467,1481.0,1,2,Turkey,domestic league (tier 2)
2025/03/28,1. Lig,0,Gençlerbirligi,1504,1509.0,1 - 0,Sanliurfaspor,1409,1404.0,1,0,Turkey,domestic league (tier 2)
2025/04/10,1. Lig,0,Gençlerbirligi,1531,1537.0,2 - 1,Ümraniyespor,1482,1476.0,2,1,Turkey,domestic league (tier 2)
2025/04/20,1. Lig,0,Gençlerbirligi,1542,1538.0,1 - 1,Bandirmaspor,1515,1519.0,1,1,Turkey,domestic league (tier 2)
2025/05/04,1. Lig,0,Gençlerbirligi,1553,1558.0,1 - 0,Sakaryaspor,1453,1448.0,1,0,Turkey,domestic league (tier 2)
2025/08/17,Süperlig,0,Gençlerbirligi,1560,1549.0,0 - 1,Antalyaspor,1642,1653.0,0,1,Turkey,domestic league (tier 1)
2025/08/31,Süperlig,0,Gençlerbirligi,1544,1541.0,1 - 3,Fenerbahçe,2007,2010.0,1,3,Turkey,domestic league (tier 1)
2025/09/20,Süperlig,0,Gençlerbirligi,1537,1547.0,1 - 0,Eyüpspor,1644,1634.0,1,0,Turkey,domestic league (tier 1)
2025/10/04,Süperlig,0,Gençlerbirligi,1553,1555.0,2 - 2,Alanyaspor,1732,1730.0,2,2,Turkey,domestic league (tier 1)
2025/10/26,Süperlig,0,Gençlerbirligi,1573,1564.0,1 - 2,Konyaspor,1696,1705.0,1,2,Turkey,domestic league (tier 1)
2025/11/07,Süperlig,0,Gençlerbirligi,1561,1574.0,2 - 1,Istanbul Basaksehir,1773,1760.0,2,1,Turkey,domestic league (tier 1)
2025/12/07,Süperlig,0,Gençlerbirligi,1586,1599.0,3 - 0,Fatih Karagümrük,1591,1578.0,3,0,Turkey,domestic league (tier 1)
2025/12/18,Turkey Cup,0,Gençlerbirligi,1603,1610.0,3 - 2,Bodrum FK,1586,1579.0,3,2,Turkey,domestic cup
2025/12/22,Süperlig,0,Gençlerbirligi,1610,1624.0,4 - 3,Trabzonspor,1843,1829.0,4,3,Turkey,domestic league (tier 1)
2026/01/18,Süperlig,0,Gençlerbirligi,1636,1637.0,1 - 1,Samsunspor,1755,1754.0,1,1,Turkey,domestic league (tier 1)
2026/02/01,Süperlig,0,Gençlerbirligi,1628,1637.0,2 - 1,Gaziantep FK,1690,1681.0,2,1,Turkey,domestic league (tier 1)
2026/02/04,Turkey Cup,0,Gençlerbirligi,1637,1634.0,2 - 2,Eyüpspor,1642,1645.0,2,2,Turkey,domestic cup
2026/02/14,Süperlig,0,Gençlerbirligi,1632,1630.0,2 - 2,Çaykur Rizespor,1675,1677.0,2,2,Turkey,domestic league (tier 1)
2026/03/01,Süperlig,0,Gençlerbirligi,1623,1620.0,0 - 0,Kayserispor,1610,1613.0,0,0,Turkey,domestic league (tier 1)
2026/03/15,Süperlig,0,Gençlerbirligi,1625,1616.0,0 - 2,Besiktas,1864,1873.0,0,2,Turkey,domestic league (tier 1)
2026/04/04,Süperlig,0,Gençlerbirligi,1611,1599.0,0 - 2,Göztepe,1781,1793.0,0,2,Turkey,domestic league (tier 1)
2026/04/18,Süperlig,0,Gençlerbirligi,1594,1592.0,1 - 2,Galatasaray,2053,2055.0,1,2,Turkey,domestic league (tier 1)
2026/04/26,Süperlig,0,Gençlerbirligi,1621,1628.0,1 - 0,Kocaelispor,1628,1621.0,1,0,Turkey,domestic league (tier 1)
2026/05/09,Süperlig,0,Gençlerbirligi,1620,1628.0,3 - 2,Kasimpasa SK,1649,1641.0,3,2,Turkey,domestic league (tier 1)
2026/05/13,Turkey Cup,0,Gençlerbirligi,1628,1622.0,1 - 2,Trabzonspor,1894,1900.0,1,2,Turkey,domestic cup
2026/08/15,Süperlig,0,Gençlerbirligi,1653,1669.0,2 - 1,Fenerbahçe,2000,1984.0,2,1,Turkey,domestic league (tier 1)
2026/08/28,Süperlig,0,Gençlerbirligi,1684,1680.0,1 - 1,Erzurumspor FK,1643,1647.0,1,1,Turkey,domestic league (tier 1)
2016/08/28,1. Lig,0,Giresunspor,1513,1521.0,1 - 0,Balikesirspor,1536,1528.0,1,0,Turkey,domestic league (tier 2)
2016/09/17,1. Lig,0,Giresunspor,1522,1530.0,3 - 1,Manisaspor,1445,1437.0,3,1,Turkey,domestic league (tier 2)
2016/10/01,1. Lig,0,Giresunspor,1511,1517.0,2 - 0,Ümraniyespor,1359,1353.0,2,0,Turkey,domestic league (tier 2)
2016/10/22,1. Lig,0,Giresunspor,1512,1499.0,1 - 2,Boluspor,1491,1504.0,1,2,Turkey,domestic league (tier 2)
2016/10/31,1. Lig,0,Giresunspor,1499,1496.0,1 - 1,Göztepe,1487,1490.0,1,1,Turkey,domestic league (tier 2)
2016/11/20,1. Lig,0,Giresunspor,1494,1492.0,1 - 1,Adana Demirspor,1523,1525.0,1,1,Turkey,domestic league (tier 2)
2016/12/04,1. Lig,0,Giresunspor,1495,1485.0,1 - 2,Sivasspor,1585,1595.0,1,2,Turkey,domestic league (tier 2)
2016/12/19,1. Lig,0,Giresunspor,1501,1512.0,3 - 0,Samsunspor,1459,1448.0,3,0,Turkey,domestic league (tier 2)
2017/01/16,1. Lig,0,Giresunspor,1504,1510.0,2 - 1,Gaziantep FK (as Gazisehir Gaziantep FK),1445,1439.0,2,1,Turkey,domestic league (tier 2)
2017/01/21,1. Lig,0,Giresunspor,1510,1517.0,1 - 0,Altinordu FK,1496,1489.0,1,0,Turkey,domestic league (tier 2)
2017/02/12,1. Lig,0,Giresunspor,1531,1540.0,3 - 1,Sanliurfaspor,1493,1484.0,3,1,Turkey,domestic league (tier 2)
2017/02/24,1. Lig,0,Giresunspor,1551,1557.0,2 - 1,Elazigspor,1487,1481.0,2,1,Turkey,domestic league (tier 2)
2017/03/12,1. Lig,0,Giresunspor,1547,1545.0,0 - 0,Eskisehirspor,1588,1590.0,0,0,Turkey,domestic league (tier 2)
2017/04/09,1. Lig,0,Giresunspor,1518,1522.0,1 - 0,Bandirmaspor,1353,1349.0,1,0,Turkey,domestic league (tier 2)
2017/04/22,1. Lig,0,Giresunspor,1535,1532.0,1 - 1,Yeni Malatyaspor,1522,1525.0,1,1,Turkey,domestic league (tier 2)
2017/05/02,1. Lig,0,Giresunspor,1524,1528.0,1 - 0,Mersin Idmanyurdu,1401,1397.0,1,0,Turkey,domestic league (tier 2)
2017/05/14,1. Lig,0,Giresunspor,1519,1525.0,1 - 0,Denizlispor,1465,1459.0,1,0,Turkey,domestic league (tier 2)
2017/05/25,1. Lig,0,Giresunspor,1515,1514.0,3 - 3,Eskisehirspor,1574,1575.0,3,3,Turkey,domestic league (tier 2)
2017/08/19,1. Lig,0,Giresunspor,1509,1523.0,3 - 0,Adanaspor,1530,1516.0,3,0,Turkey,domestic league (tier 2)
2017/09/10,1. Lig,0,Giresunspor,1530,1542.0,3 - 1,Eskisehirspor,1554,1542.0,3,1,Turkey,domestic league (tier 2)
2017/09/24,1. Lig,0,Giresunspor,1552,1549.0,0 - 0,Elazigspor,1536,1539.0,0,0,Turkey,domestic league (tier 2)
2017/10/01,1. Lig,0,Giresunspor,1549,1545.0,1 - 1,Ümraniyespor,1517,1521.0,1,1,Turkey,domestic league (tier 2)
2017/10/22,1. Lig,0,Giresunspor,1545,1530.0,0 - 1,Manisaspor,1439,1454.0,0,1,Turkey,domestic league (tier 2)
2017/11/04,1. Lig,0,Giresunspor,1541,1547.0,2 - 0,BB Erzurumspor,1403,1397.0,2,0,Turkey,domestic league (tier 2)
2017/11/25,1. Lig,0,Giresunspor,1549,1534.0,0 - 1,MKE Ankaragücü,1471,1486.0,0,1,Turkey,domestic league (tier 2)
2017/12/10,1. Lig,0,Giresunspor,1553,1562.0,3 - 2,Çaykur Rizespor,1614,1605.0,3,2,Turkey,domestic league (tier 2)
2017/12/22,1. Lig,0,Giresunspor,1556,1561.0,2 - 0,Gaziantepspor,1393,1388.0,2,0,Turkey,domestic league (tier 2)
2018/01/21,1. Lig,0,Giresunspor,1584,1563.0,0 - 2,Boluspor,1537,1558.0,0,2,Turkey,domestic league (tier 2)
2018/02/04,1. Lig,0,Giresunspor,1560,1544.0,0 - 1,Istanbulspor AS,1418,1434.0,0,1,Turkey,domestic league (tier 2)
2018/02/17,1. Lig,0,Giresunspor,1531,1507.0,0 - 2,Denizlispor,1395,1419.0,0,2,Turkey,domestic league (tier 2)
2018/03/02,1. Lig,0,Giresunspor,1493,1507.0,4 - 1,Gaziantep FK (as Gazisehir Gaziantep FK),1529,1515.0,4,1,Turkey,domestic league (tier 2)
2018/03/11,1. Lig,0,Giresunspor,1525,1503.0,0 - 2,Adana Demirspor,1448,1470.0,0,2,Turkey,domestic league (tier 2)
2018/03/31,1. Lig,0,Giresunspor,1494,1494.0,0 - 0,Altinordu FK,1580,1580.0,0,0,Turkey,domestic league (tier 2)
2018/04/15,1. Lig,0,Giresunspor,1487,1495.0,1 - 0,Balikesirspor,1521,1513.0,1,0,Turkey,domestic league (tier 2)
2018/04/28,1. Lig,0,Giresunspor,1491,1496.0,2 - 1,Samsunspor,1422,1417.0,2,1,Turkey,domestic league (tier 2)
2018/08/12,1. Lig,0,Giresunspor,1502,1513.0,3 - 1,Eskisehirspor,1515,1504.0,3,1,Turkey,domestic league (tier 2)
2018/08/25,1. Lig,0,Giresunspor,1529,1538.0,2 - 0,Elazigspor,1492,1483.0,2,0,Turkey,domestic league (tier 2)
2018/09/14,1. Lig,0,Giresunspor,1526,1509.0,0 - 1,Afjet Afyonspor,1336,1353.0,0,1,Turkey,domestic league (tier 2)
2018/10/01,1. Lig,0,Giresunspor,1523,1507.0,0 - 1,Adanaspor,1405,1421.0,0,1,Turkey,domestic league (tier 2)
2018/10/28,1. Lig,0,Giresunspor,1498,1495.0,0 - 0,Balikesirspor,1508,1511.0,0,0,Turkey,domestic league (tier 2)
2018/11/10,1. Lig,0,Giresunspor,1492,1499.0,4 - 0,Karabükspor,1324,1317.0,4,0,Turkey,domestic league (tier 2)
2018/12/02,1. Lig,0,Giresunspor,1493,1474.0,1 - 5,Gaziantep FK (as Gazisehir Gaziantep FK),1591,1610.0,1,5,Turkey,domestic league (tier 2)
2018/12/16,1. Lig,0,Giresunspor,1476,1451.0,0 - 3,Hatayspor,1421,1446.0,0,3,Turkey,domestic league (tier 2)
2019/01/27,1. Lig,0,Giresunspor,1452,1441.0,0 - 2,Ankaraspor (as Osmanlispor FK),1642,1653.0,0,2,Turkey,domestic league (tier 2)
2019/02/11,1. Lig,0,Giresunspor,1444,1445.0,1 - 1,Ümraniyespor,1579,1578.0,1,1,Turkey,domestic league (tier 2)
2019/02/24,1. Lig,0,Giresunspor,1434,1421.0,1 - 2,Altay Izmir,1434,1447.0,1,2,Turkey,domestic league (tier 2)
2019/03/09,1. Lig,0,Giresunspor,1425,1440.0,3 - 1,Boluspor,1522,1507.0,3,1,Turkey,domestic league (tier 2)
2019/03/16,1. Lig,0,Giresunspor,1440,1437.0,0 - 0,Istanbulspor AS,1435,1438.0,0,0,Turkey,domestic league (tier 2)
2019/04/07,1. Lig,0,Giresunspor,1442,1434.0,0 - 1,Gençlerbirligi,1601,1609.0,0,1,Turkey,domestic league (tier 2)
2019/04/20,1. Lig,0,Giresunspor,1431,1416.0,0 - 3,Denizlispor,1586,1601.0,0,3,Turkey,domestic league (tier 2)
2019/05/05,1. Lig,0,Giresunspor,1423,1434.0,1 - 0,Adana Demirspor,1548,1537.0,1,0,Turkey,domestic league (tier 2)
2019/05/18,1. Lig,0,Giresunspor,1431,1448.0,3 - 1,Altinordu FK,1579,1562.0,3,1,Turkey,domestic league (tier 2)
2019/08/16,1. Lig,0,Giresunspor,1448,1424.0,0 - 2,Menemen Belediyespor,1301,1325.0,0,2,Turkey,domestic league (tier 2)
2019/09/01,1. Lig,0,Giresunspor,1417,1421.0,2 - 2,Hatayspor,1664,1660.0,2,2,Turkey,domestic league (tier 2)
2019/09/22,1. Lig,0,Giresunspor,1415,1415.0,1 - 1,Fatih Karagümrük SK,1511,1511.0,1,1,Turkey,domestic league (tier 2)
2019/10/05,1. Lig,0,Giresunspor,1406,1420.0,1 - 0,Akhisar Belediyespor,1649,1635.0,1,0,Turkey,domestic league (tier 2)
2019/10/27,1. Lig,0,Giresunspor,1411,1421.0,3 - 1,Eskisehirspor,1394,1384.0,3,1,Turkey,domestic league (tier 2)
2019/11/09,1. Lig,0,Giresunspor,1427,1439.0,2 - 1,Ankaraspor (as Osmanlispor FK),1597,1585.0,2,1,Turkey,domestic league (tier 2)
2019/12/01,1. Lig,0,Giresunspor,1441,1451.0,1 - 0,Adana Demirspor,1555,1545.0,1,0,Turkey,domestic league (tier 2)
2019/12/23,1. Lig,0,Giresunspor,1462,1460.0,1 - 1,Altinordu FK,1508,1510.0,1,1,Turkey,domestic league (tier 2)
2020/01/25,1. Lig,0,Giresunspor,1485,1494.0,2 - 1,Ümraniyespor,1537,1528.0,2,1,Turkey,domestic league (tier 2)
2020/02/23,1. Lig,0,Giresunspor,1494,1470.0,0 - 3,Balikesirspor,1466,1490.0,0,3,Turkey,domestic league (tier 2)
2020/03/02,1. Lig,0,Giresunspor,1463,1473.0,2 - 0,Boluspor,1438,1428.0,2,0,Turkey,domestic league (tier 2)
2020/03/11,1. Lig,0,Giresunspor,1490,1498.0,1 - 0,Keçiörengücü,1516,1508.0,1,0,Turkey,domestic league (tier 2)
2020/06/19,1. Lig,0,Giresunspor,1501,1508.0,3 - 1,Adanaspor,1384,1377.0,3,1,Turkey,domestic league (tier 2)
2020/06/23,1. Lig,0,Giresunspor,1508,1515.0,2 - 1,Istanbulspor AS,1494,1487.0,2,1,Turkey,domestic league (tier 2)
2020/06/30,1. Lig,0,Giresunspor,1508,1498.0,0 - 1,Bursaspor,1617,1627.0,0,1,Turkey,domestic league (tier 2)
2020/07/05,1. Lig,0,Giresunspor,1498,1484.0,0 - 2,BB Erzurumspor,1611,1625.0,0,2,Turkey,domestic league (tier 2)
2020/07/18,1. Lig,0,Giresunspor,1474,1463.0,1 - 2,Altay Izmir,1552,1563.0,1,2,Turkey,domestic league (tier 2)
2020/09/20,1. Lig,0,Giresunspor,1451,1447.0,1 - 1,Menemen Belediyespor,1408,1412.0,1,1,Turkey,domestic league (tier 2)
2020/10/03,1. Lig,0,Giresunspor,1463,1470.0,2 - 1,Boluspor,1457,1450.0,2,1,Turkey,domestic league (tier 2)
2020/10/21,1. Lig,0,Giresunspor,1473,1478.0,4 - 3,Adanaspor,1399,1394.0,4,3,Turkey,domestic league (tier 2)
2020/10/31,1. Lig,0,Giresunspor,1478,1464.0,0 - 1,Ümraniyespor,1449,1463.0,0,1,Turkey,domestic league (tier 2)
2020/11/21,1. Lig,0,Giresunspor,1475,1472.0,0 - 0,Samsunspor,1465,1468.0,0,0,Turkey,domestic league (tier 2)
2020/12/05,1. Lig,0,Giresunspor,1481,1486.0,2 - 0,Eskisehirspor,1311,1306.0,2,0,Turkey,domestic league (tier 2)
2020/12/13,1. Lig,0,Giresunspor,1501,1519.0,2 - 0,Adana Demirspor,1668,1650.0,2,0,Turkey,domestic league (tier 2)
2020/12/21,1. Lig,0,Giresunspor,1516,1528.0,2 - 0,Altinordu FK,1534,1522.0,2,0,Turkey,domestic league (tier 2)
2021/01/03,1. Lig,0,Giresunspor,1541,1551.0,3 - 0,Tuzlaspor,1484,1474.0,3,0,Turkey,domestic league (tier 2)
2021/01/24,1. Lig,0,Giresunspor,1551,1555.0,1 - 0,Balikesirspor,1396,1392.0,1,0,Turkey,domestic league (tier 2)
2021/02/08,1. Lig,0,Giresunspor,1573,1580.0,2 - 1,Bursaspor,1568,1561.0,2,1,Turkey,domestic league (tier 2)
2021/02/20,1. Lig,0,Giresunspor,1589,1592.0,1 - 0,Ankaraspor,1371,1368.0,1,0,Turkey,domestic league (tier 2)
2021/02/28,1. Lig,0,Giresunspor,1605,1590.0,1 - 2,Altay Izmir,1528,1543.0,1,2,Turkey,domestic league (tier 2)
2021/03/12,1. Lig,0,Giresunspor,1574,1558.0,0 - 1,Bandirmaspor,1444,1460.0,0,1,Turkey,domestic league (tier 2)
2021/04/03,1. Lig,0,Giresunspor,1577,1573.0,0 - 0,Istanbulspor AS,1546,1550.0,0,0,Turkey,domestic league (tier 2)
2021/04/13,1. Lig,0,Giresunspor,1582,1589.0,2 - 1,Keçiörengücü,1570,1563.0,2,1,Turkey,domestic league (tier 2)
2021/05/01,1. Lig,0,Giresunspor,1581,1588.0,3 - 0,Akhisar Belediyespor,1432,1425.0,3,0,Turkey,domestic league (tier 2)
2021/08/16,Süperlig,0,Giresunspor,1596,1588.0,0 - 2,Galatasaray,1859,1867.0,0,2,Turkey,domestic league (tier 1)
2021/08/29,Süperlig,0,Giresunspor,1580,1574.0,0 - 1,Trabzonspor,1847,1853.0,0,1,Turkey,domestic league (tier 1)
2021/09/19,Süperlig,0,Giresunspor,1570,1571.0,0 - 0,Konyaspor,1715,1714.0,0,0,Turkey,domestic league (tier 1)
2021/09/26,Süperlig,0,Giresunspor,1569,1568.0,1 - 1,Kayserispor,1646,1647.0,1,1,Turkey,domestic league (tier 1)
2021/10/16,Süperlig,0,Giresunspor,1582,1592.0,2 - 0,Çaykur Rizespor,1565,1555.0,2,0,Turkey,domestic league (tier 1)
2021/11/01,Süperlig,0,Giresunspor,1597,1585.0,1 - 2,Antalyaspor,1635,1647.0,1,2,Turkey,domestic league (tier 1)
2021/11/20,Süperlig,0,Giresunspor,1592,1600.0,1 - 0,Yeni Malatyaspor,1608,1600.0,1,0,Turkey,domestic league (tier 1)
2021/12/02,Turkey Cup,0,Giresunspor,1632,1638.0,4 - 2,Ankara Demirspor,1482,1476.0,4,2,Turkey,domestic cup
2021/12/05,Süperlig,0,Giresunspor,1638,1652.0,3 - 1,Fatih Karagümrük SK,1724,1710.0,3,1,Turkey,domestic league (tier 1)
2021/12/17,Süperlig,0,Giresunspor,1646,1656.0,3 - 1,Altay Izmir,1616,1606.0,3,1,Turkey,domestic league (tier 1)
2021/12/25,Süperlig,0,Giresunspor,1649,1638.0,0 - 1,Hatayspor,1716,1727.0,0,1,Turkey,domestic league (tier 1)
2022/01/16,Süperlig,0,Giresunspor,1648,1628.0,0 - 2,Kasimpasa SK,1626,1646.0,0,2,Turkey,domestic league (tier 1)
2022/01/23,Süperlig,0,Giresunspor,1636,1621.0,1 - 3,Alanyaspor,1734,1749.0,1,3,Turkey,domestic league (tier 1)
2022/02/12,Süperlig,0,Giresunspor,1618,1610.0,1 - 2,Fenerbahçe,1792,1800.0,1,2,Turkey,domestic league (tier 1)
2022/02/27,Süperlig,0,Giresunspor,1605,1617.0,3 - 1,Göztepe,1624,1612.0,3,1,Turkey,domestic league (tier 1)
2022/03/14,Süperlig,0,Giresunspor,1628,1637.0,2 - 1,Gaziantep FK,1682,1673.0,2,1,Turkey,domestic league (tier 1)
2022/04/02,Süperlig,0,Giresunspor,1628,1629.0,2 - 2,Sivasspor,1760,1759.0,2,2,Turkey,domestic league (tier 1)
2022/04/17,Süperlig,0,Giresunspor,1639,1640.0,0 - 0,Besiktas,1772,1771.0,0,0,Turkey,domestic league (tier 1)
2022/04/29,Süperlig,0,Giresunspor,1634,1649.0,2 - 0,Adana Demirspor,1745,1730.0,2,0,Turkey,domestic league (tier 1)
2022/05/15,Süperlig,0,Giresunspor,1650,1651.0,1 - 1,Istanbul Basaksehir,1801,1800.0,1,1,Turkey,domestic league (tier 1)
2022/08/07,Süperlig,0,Giresunspor,1639,1628.0,2 - 3,Adana Demirspor,1718,1729.0,2,3,Turkey,domestic league (tier 1)
2022/08/20,Süperlig,0,Giresunspor,1644,1653.0,1 - 0,Kasimpasa SK,1712,1703.0,1,0,Turkey,domestic league (tier 1)
2022/09/03,Süperlig,0,Giresunspor,1641,1632.0,0 - 1,Konyaspor,1785,1794.0,0,1,Turkey,domestic league (tier 1)
2022/10/08,Süperlig,0,Giresunspor,1642,1633.0,0 - 1,Besiktas,1784,1793.0,0,1,Turkey,domestic league (tier 1)
2022/10/24,Süperlig,0,Giresunspor,1623,1619.0,1 - 1,MKE Ankaragücü,1592,1596.0,1,1,Turkey,domestic league (tier 1)
2022/11/05,Süperlig,0,Giresunspor,1615,1621.0,3 - 2,Istanbulspor AS,1579,1573.0,3,2,Turkey,domestic league (tier 1)
2022/11/09,Turkey Cup,0,Giresunspor,1621,1624.0,3 - 2,Ankaraspor,1391,1388.0,3,2,Turkey,domestic cup
2022/12/29,Süperlig,0,Giresunspor,1646,1654.0,2 - 1,Gaziantep FK,1692,1684.0,2,1,Turkey,domestic league (tier 1)
2023/01/08,Süperlig,0,Giresunspor,1649,1635.0,0 - 1,Ümraniyespor,1596,1610.0,0,1,Turkey,domestic league (tier 1)
2023/01/28,Süperlig,0,Giresunspor,1646,1636.0,0 - 4,Galatasaray,1911,1921.0,0,4,Turkey,domestic league (tier 1)
2023/02/25,Süperlig,0,Giresunspor,1624,1614.0,1 - 2,Kayserispor,1727,1737.0,1,2,Turkey,domestic league (tier 1)
2023/03/10,Süperlig,0,Giresunspor,1620,1621.0,2 - 2,Fatih Karagümrük SK,1751,1750.0,2,2,Turkey,domestic league (tier 1)
2023/04/02,Süperlig,0,Giresunspor,1621,1620.0,2 - 2,Alanyaspor,1688,1689.0,2,2,Turkey,domestic league (tier 1)
2023/04/16,Süperlig,0,Giresunspor,1616,1626.0,1 - 0,Sivasspor,1710,1700.0,1,0,Turkey,domestic league (tier 1)
2023/04/24,Süperlig,0,Giresunspor,1616,1605.0,2 - 4,Istanbul Basaksehir,1803,1814.0,2,4,Turkey,domestic league (tier 1)
2023/05/07,Süperlig,0,Giresunspor,1598,1604.0,1 - 1,Fenerbahçe,1964,1958.0,1,1,Turkey,domestic league (tier 1)
2023/05/30,Süperlig,0,Giresunspor,1604,1592.0,2 - 4,Trabzonspor,1784,1796.0,2,4,Turkey,domestic league (tier 1)
2023/06/07,Süperlig,0,Giresunspor,1605,1620.0,2 - 0,Antalyaspor,1699,1684.0,2,0,Turkey,domestic league (tier 1)
2023/08/12,1. Lig,0,Giresunspor,1620,1605.0,0 - 1,Bodrumspor,1514,1529.0,0,1,Turkey,domestic league (tier 2)
2023/08/28,1. Lig,0,Giresunspor,1614,1598.0,0 - 1,Bandirmaspor,1458,1474.0,0,1,Turkey,domestic league (tier 2)
2023/09/17,1. Lig,0,Giresunspor,1584,1579.0,0 - 0,Manisa FK,1500,1505.0,0,0,Turkey,domestic league (tier 2)
2023/09/30,1. Lig,0,Giresunspor,1564,1558.0,0 - 0,Altay Izmir,1434,1440.0,0,0,Turkey,domestic league (tier 2)
2023/10/22,1. Lig,0,Giresunspor,1540,1524.0,0 - 1,Boluspor,1393,1409.0,0,1,Turkey,domestic league (tier 2)
2023/11/05,1. Lig,0,Giresunspor,1524,1529.0,1 - 0,Erzurumspor FK,1447,1442.0,1,0,Turkey,domestic league (tier 2)
2023/11/25,1. Lig,0,Giresunspor,1510,1486.0,1 - 4,Kocaelispor,1473,1497.0,1,4,Turkey,domestic league (tier 2)
2023/12/19,1. Lig,0,Giresunspor,1466,1453.0,0 - 1,Gençlerbirligi,1457,1470.0,0,1,Turkey,domestic league (tier 2)
2024/01/19,1. Lig,0,Giresunspor,1438,1416.0,0 - 3,Çorum FK,1447,1469.0,0,3,Turkey,domestic league (tier 2)
2024/02/04,1. Lig,0,Giresunspor,1405,1408.0,0 - 0,Eyüpspor,1597,1594.0,0,0,Turkey,domestic league (tier 2)
2024/02/17,1. Lig,0,Giresunspor,1398,1386.0,0 - 1,Keçiörengücü,1424,1436.0,0,1,Turkey,domestic league (tier 2)
2024/03/03,1. Lig,0,Giresunspor,1378,1364.0,0 - 1,Adanaspor,1342,1356.0,0,1,Turkey,domestic league (tier 2)
2024/03/17,1. Lig,0,Giresunspor,1359,1334.0,0 - 6,Sanliurfaspor,1393,1418.0,0,6,Turkey,domestic league (tier 2)
2024/04/08,1. Lig,0,Giresunspor,1330,1310.0,0 - 3,Tuzlaspor,1378,1398.0,0,3,Turkey,domestic league (tier 2)
2024/04/20,1. Lig,0,Giresunspor,1305,1297.0,0 - 3,Göztepe,1616,1624.0,0,3,Turkey,domestic league (tier 2)
2024/04/28,1. Lig,0,Giresunspor,1297,1291.0,2 - 3,Sakaryaspor,1527,1533.0,2,3,Turkey,domestic league (tier 2)
2024/05/10,1. Lig,0,Giresunspor,1288,1280.0,1 - 2,Ümraniyespor,1470,1478.0,1,2,Turkey,domestic league (tier 2)
2016/08/28,1. Lig,0,Göztepe,1413,1423.0,3 - 2,Altinordu FK,1497,1487.0,3,2,Turkey,domestic league (tier 2)
2016/09/17,1. Lig,0,Göztepe,1418,1431.0,2 - 0,Sanliurfaspor,1460,1447.0,2,0,Turkey,domestic league (tier 2)
2016/10/01,1. Lig,0,Göztepe,1454,1452.0,1 - 1,Elazigspor,1499,1501.0,1,1,Turkey,domestic league (tier 2)
2016/11/06,1. Lig,0,Göztepe,1490,1498.0,1 - 0,Boluspor,1512,1504.0,1,0,Turkey,domestic league (tier 2)
2016/11/19,1. Lig,0,Göztepe,1498,1492.0,3 - 3,Bandirmaspor,1339,1345.0,3,3,Turkey,domestic league (tier 2)
2016/12/04,1. Lig,0,Göztepe,1502,1512.0,2 - 0,Yeni Malatyaspor,1484,1474.0,2,0,Turkey,domestic league (tier 2)
2016/12/17,1. Lig,0,Göztepe,1503,1510.0,2 - 0,Mersin Idmanyurdu,1397,1390.0,2,0,Turkey,domestic league (tier 2)
2017/01/15,1. Lig,0,Göztepe,1513,1492.0,2 - 4,Denizlispor,1476,1497.0,2,4,Turkey,domestic league (tier 2)
2017/01/22,1. Lig,0,Göztepe,1477,1473.0,2 - 2,Gaziantep FK (as Gazisehir Gaziantep FK),1439,1443.0,2,2,Turkey,domestic league (tier 2)
2017/02/13,1. Lig,0,Göztepe,1486,1485.0,1 - 1,Balikesirspor,1543,1544.0,1,1,Turkey,domestic league (tier 2)
2017/02/25,1. Lig,0,Göztepe,1488,1494.0,1 - 0,Manisaspor,1447,1441.0,1,0,Turkey,domestic league (tier 2)
2017/03/10,1. Lig,0,Göztepe,1481,1468.0,0 - 1,Ümraniyespor,1483,1496.0,0,1,Turkey,domestic league (tier 2)
2017/04/02,1. Lig,0,Göztepe,1460,1469.0,2 - 1,Giresunspor,1527,1518.0,2,1,Turkey,domestic league (tier 2)
2017/04/22,1. Lig,0,Göztepe,1446,1455.0,3 - 2,Adana Demirspor,1514,1505.0,3,2,Turkey,domestic league (tier 2)
2017/05/03,1. Lig,0,Göztepe,1450,1442.0,0 - 1,Sivasspor,1616,1624.0,0,1,Turkey,domestic league (tier 2)
2017/05/14,1. Lig,0,Göztepe,1454,1467.0,4 - 1,Samsunspor,1472,1459.0,4,1,Turkey,domestic league (tier 2)
2017/05/25,1. Lig,0,Göztepe,1470,1482.0,2 - 0,Boluspor,1488,1476.0,2,0,Turkey,domestic league (tier 2)
2017/08/12,Süperlig,0,Göztepe,1503,1510.0,2 - 2,Fenerbahçe,1931,1924.0,2,2,Turkey,domestic league (tier 1)
2017/08/26,Süperlig,0,Göztepe,1506,1520.0,3 - 2,Trabzonspor,1752,1738.0,3,2,Turkey,domestic league (tier 1)
2017/09/17,Süperlig,0,Göztepe,1543,1554.0,3 - 2,Gençlerbirligi,1685,1674.0,3,2,Turkey,domestic league (tier 1)
2017/10/01,Süperlig,0,Göztepe,1569,1564.0,1 - 2,Istanbul Basaksehir (as Istanbul Basaksehir F.K.),1877,1882.0,1,2,Turkey,domestic league (tier 1)
2017/10/20,Süperlig,0,Göztepe,1589,1588.0,3 - 3,Alanyaspor,1654,1655.0,3,3,Turkey,domestic league (tier 1)
2017/11/05,Süperlig,0,Göztepe,1580,1576.0,1 - 3,Besiktas,2004,2008.0,1,3,Turkey,domestic league (tier 1)
2017/11/25,Süperlig,0,Göztepe,1581,1599.0,2 - 0,Akhisar Belediyespor,1740,1722.0,2,0,Turkey,domestic league (tier 1)
2017/12/18,Süperlig,0,Göztepe,1623,1632.0,1 - 0,Konyaspor,1679,1670.0,1,0,Turkey,domestic league (tier 1)
2018/01/27,Süperlig,0,Göztepe,1626,1627.0,1 - 1,Kayserispor,1754,1753.0,1,1,Turkey,domestic league (tier 1)
2018/02/10,Süperlig,0,Göztepe,1633,1631.0,3 - 3,Ankaraspor (as Osmanlispor FK),1648,1650.0,3,3,Turkey,domestic league (tier 1)
2018/02/25,Süperlig,0,Göztepe,1621,1630.0,1 - 0,Sivasspor,1673,1664.0,1,0,Turkey,domestic league (tier 1)
2018/03/11,Süperlig,0,Göztepe,1627,1635.0,2 - 1,Antalyaspor,1649,1641.0,2,1,Turkey,domestic league (tier 1)
2018/04/01,Süperlig,0,Göztepe,1638,1619.0,0 - 2,Kasimpasa SK,1644,1663.0,0,2,Turkey,domestic league (tier 1)
2018/04/15,Süperlig,0,Göztepe,1617,1625.0,2 - 1,Bursaspor,1637,1629.0,2,1,Turkey,domestic league (tier 1)
2018/04/27,Süperlig,0,Göztepe,1630,1637.0,5 - 0,Karabükspor,1467,1460.0,5,0,Turkey,domestic league (tier 1)
2018/05/07,Süperlig,0,Göztepe,1637,1633.0,0 - 0,Yeni Malatyaspor,1608,1612.0,0,0,Turkey,domestic league (tier 1)
2018/05/19,Süperlig,0,Göztepe,1638,1632.0,0 - 1,Galatasaray,1893,1899.0,0,1,Turkey,domestic league (tier 1)
2018/08/12,Süperlig,0,Göztepe,1632,1612.0,1 - 3,Yeni Malatyaspor,1618,1638.0,1,3,Turkey,domestic league (tier 1)
2018/08/25,Süperlig,0,Göztepe,1610,1625.0,1 - 0,Fenerbahçe,1921,1906.0,1,0,Turkey,domestic league (tier 1)
2018/09/15,Süperlig,0,Göztepe,1618,1632.0,2 - 0,Kayserispor,1685,1671.0,2,0,Turkey,domestic league (tier 1)
2018/09/30,Süperlig,0,Göztepe,1648,1657.0,3 - 2,Konyaspor,1721,1712.0,3,2,Turkey,domestic league (tier 1)
2018/10/21,Süperlig,0,Göztepe,1648,1671.0,2 - 0,Besiktas,1945,1922.0,2,0,Turkey,domestic league (tier 1)
2018/11/05,Süperlig,0,Göztepe,1664,1675.0,2 - 0,Çaykur Rizespor,1663,1652.0,2,0,Turkey,domestic league (tier 1)
2018/11/26,Süperlig,0,Göztepe,1664,1655.0,0 - 2,Istanbul Basaksehir (as Istanbul Basaksehir F.K.),1916,1925.0,0,2,Turkey,domestic league (tier 1)
2018/12/14,Süperlig,0,Göztepe,1639,1636.0,0 - 0,Bursaspor,1641,1644.0,0,0,Turkey,domestic league (tier 1)
2019/01/26,Süperlig,0,Göztepe,1668,1660.0,0 - 1,Galatasaray,1838,1846.0,0,1,Turkey,domestic league (tier 1)
2019/02/10,Süperlig,0,Göztepe,1647,1654.0,3 - 2,Alanyaspor,1653,1646.0,3,2,Turkey,domestic league (tier 1)
2019/02/22,Süperlig,0,Göztepe,1647,1632.0,1 - 3,Trabzonspor,1749,1764.0,1,3,Turkey,domestic league (tier 1)
2019/03/10,Süperlig,0,Göztepe,1646,1643.0,0 - 0,Kasimpasa SK,1624,1627.0,0,0,Turkey,domestic league (tier 1)
2019/04/07,Süperlig,0,Göztepe,1641,1629.0,0 - 1,Akhisar Belediyespor,1671,1683.0,0,1,Turkey,domestic league (tier 1)
2019/04/20,Süperlig,0,Göztepe,1624,1610.0,0 - 1,BB Erzurumspor,1565,1579.0,0,1,Turkey,domestic league (tier 1)
2019/05/05,Süperlig,0,Göztepe,1637,1650.0,4 - 1,Antalyaspor,1649,1636.0,4,1,Turkey,domestic league (tier 1)
2019/05/11,Süperlig,0,Göztepe,1650,1648.0,3 - 3,Sivasspor,1662,1664.0,3,3,Turkey,domestic league (tier 1)
2019/05/26,Süperlig,0,Göztepe,1650,1656.0,2 - 1,MKE Ankaragücü,1616,1610.0,2,1,Turkey,domestic league (tier 1)
2019/08/18,Süperlig,0,Göztepe,1656,1643.0,0 - 1,Antalyaspor,1632,1645.0,0,1,Turkey,domestic league (tier 1)
2019/08/31,Süperlig,0,Göztepe,1639,1637.0,0 - 0,Denizlispor,1677,1679.0,0,0,Turkey,domestic league (tier 1)
2019/09/20,Süperlig,0,Göztepe,1642,1651.0,1 - 0,Konyaspor,1704,1695.0,1,0,Turkey,domestic league (tier 1)
2019/10/05,Süperlig,0,Göztepe,1661,1673.0,4 - 0,Kayserispor,1623,1611.0,4,0,Turkey,domestic league (tier 1)
2019/10/27,Süperlig,0,Göztepe,1669,1644.0,1 - 4,Kasimpasa SK,1600,1625.0,1,4,Turkey,domestic league (tier 1)
2019/11/10,Süperlig,0,Göztepe,1661,1660.0,1 - 1,Yeni Malatyaspor,1722,1723.0,1,1,Turkey,domestic league (tier 1)
2019/11/30,Süperlig,0,Göztepe,1674,1675.0,2 - 2,Fenerbahçe,1800,1799.0,2,2,Turkey,domestic league (tier 1)
2019/12/21,Süperlig,0,Göztepe,1687,1699.0,2 - 1,Galatasaray,1841,1829.0,2,1,Turkey,domestic league (tier 1)
2020/01/26,Süperlig,0,Göztepe,1696,1705.0,2 - 1,Besiktas,1766,1757.0,2,1,Turkey,domestic league (tier 1)
2020/02/22,Süperlig,0,Göztepe,1722,1717.0,1 - 1,Gaziantep FK,1645,1650.0,1,1,Turkey,domestic league (tier 1)
2020/03/07,Süperlig,0,Göztepe,1706,1693.0,0 - 3,Istanbul Basaksehir (as Istanbul Basaksehir F.K.),1902,1915.0,0,3,Turkey,domestic league (tier 1)
2020/03/17,Süperlig,0,Göztepe,1679,1688.0,2 - 0,Çaykur Rizespor,1625,1616.0,2,0,Turkey,domestic league (tier 1)
2020/06/12,Süperlig,0,Göztepe,1688,1676.0,1 - 3,Trabzonspor,1869,1881.0,1,3,Turkey,domestic league (tier 1)
2020/06/27,Süperlig,0,Göztepe,1667,1667.0,3 - 3,Alanyaspor,1751,1751.0,3,3,Turkey,domestic league (tier 1)
2020/07/08,Süperlig,0,Göztepe,1662,1657.0,2 - 2,MKE Ankaragücü,1561,1566.0,2,2,Turkey,domestic league (tier 1)
2020/07/11,Süperlig,0,Göztepe,1657,1636.0,1 - 3,Gençlerbirligi,1598,1619.0,1,3,Turkey,domestic league (tier 1)
2020/07/25,Süperlig,0,Göztepe,1631,1647.0,3 - 1,Sivasspor,1749,1733.0,3,1,Turkey,domestic league (tier 1)
2020/09/12,Süperlig,0,Göztepe,1647,1659.0,5 - 1,Denizlispor,1613,1601.0,5,1,Turkey,domestic league (tier 1)
2020/09/26,Süperlig,0,Göztepe,1660,1657.0,2 - 2,Gaziantep FK,1666,1669.0,2,2,Turkey,domestic league (tier 1)
2020/10/18,Süperlig,0,Göztepe,1664,1654.0,2 - 3,Fenerbahçe,1754,1764.0,2,3,Turkey,domestic league (tier 1)
2020/11/22,Süperlig,0,Göztepe,1660,1667.0,3 - 1,MKE Ankaragücü,1538,1531.0,3,1,Turkey,domestic league (tier 1)
2020/12/05,Süperlig,0,Göztepe,1681,1676.0,1 - 1,Kayserispor,1586,1591.0,1,1,Turkey,domestic league (tier 1)
2020/12/09,Süperlig,0,Göztepe,1676,1687.0,1 - 0,Alanyaspor,1817,1806.0,1,0,Turkey,domestic league (tier 1)
2020/12/19,Süperlig,0,Göztepe,1662,1650.0,0 - 1,Hatayspor,1684,1696.0,0,1,Turkey,domestic league (tier 1)
2020/12/26,Süperlig,0,Göztepe,1645,1642.0,1 - 1,Fatih Karagümrük SK,1647,1650.0,1,1,Turkey,domestic league (tier 1)
2021/01/09,Süperlig,0,Göztepe,1638,1626.0,0 - 1,Antalyaspor,1669,1681.0,0,1,Turkey,domestic league (tier 1)
2021/01/19,Süperlig,0,Göztepe,1640,1650.0,4 - 0,Gençlerbirligi,1566,1556.0,4,0,Turkey,domestic league (tier 1)
2021/02/04,Süperlig,0,Göztepe,1637,1634.0,2 - 2,Yeni Malatyaspor,1643,1646.0,2,2,Turkey,domestic league (tier 1)
2021/02/14,Süperlig,0,Göztepe,1626,1636.0,2 - 1,Istanbul Basaksehir,1728,1718.0,2,1,Turkey,domestic league (tier 1)
2021/02/28,Süperlig,0,Göztepe,1653,1660.0,1 - 0,Kasimpasa SK,1629,1622.0,1,0,Turkey,domestic league (tier 1)
2021/03/08,Süperlig,0,Göztepe,1666,1675.0,3 - 1,BB Erzurumspor,1607,1598.0,3,1,Turkey,domestic league (tier 1)
2021/03/20,Süperlig,0,Göztepe,1658,1641.0,3 - 5,Sivasspor,1722,1739.0,3,5,Turkey,domestic league (tier 1)
2021/04/06,Süperlig,0,Göztepe,1643,1653.0,2 - 0,Çaykur Rizespor,1635,1625.0,2,0,Turkey,domestic league (tier 1)
2021/04/17,Süperlig,0,Göztepe,1668,1655.0,1 - 3,Galatasaray,1825,1838.0,1,3,Turkey,domestic league (tier 1)
2021/04/28,Süperlig,0,Göztepe,1659,1661.0,1 - 1,Trabzonspor,1833,1831.0,1,1,Turkey,domestic league (tier 1)
2021/05/08,Süperlig,0,Göztepe,1674,1661.0,0 - 1,Konyaspor,1662,1675.0,0,1,Turkey,domestic league (tier 1)
2021/05/15,Süperlig,0,Göztepe,1645,1638.0,1 - 2,Besiktas,1861,1868.0,1,2,Turkey,domestic league (tier 1)
2021/08/22,Süperlig,0,Göztepe,1641,1628.0,0 - 1,Yeni Malatyaspor,1624,1637.0,0,1,Turkey,domestic league (tier 1)
2021/09/12,Süperlig,0,Göztepe,1634,1643.0,2 - 1,Istanbul Basaksehir,1695,1686.0,2,1,Turkey,domestic league (tier 1)
2021/09/22,Süperlig,0,Göztepe,1635,1620.0,0 - 2,Hatayspor,1743,1758.0,0,2,Turkey,domestic league (tier 1)
2021/10/02,Süperlig,0,Göztepe,1617,1603.0,0 - 1,Giresunspor,1568,1582.0,0,1,Turkey,domestic league (tier 1)
2021/10/23,Süperlig,0,Göztepe,1617,1611.0,0 - 1,Trabzonspor,1869,1875.0,0,1,Turkey,domestic league (tier 1)
2021/11/07,Süperlig,0,Göztepe,1617,1602.0,0 - 2,Konyaspor,1728,1743.0,0,2,Turkey,domestic league (tier 1)
2021/11/29,Süperlig,0,Göztepe,1606,1610.0,1 - 1,Fenerbahçe,1845,1841.0,1,1,Turkey,domestic league (tier 1)
2021/12/06,Süperlig,0,Göztepe,1610,1620.0,2 - 1,Gaziantep FK,1695,1685.0,2,1,Turkey,domestic league (tier 1)
2021/12/19,Süperlig,0,Göztepe,1607,1596.0,0 - 1,Fatih Karagümrük SK,1689,1700.0,0,1,Turkey,domestic league (tier 1)
2021/12/26,Süperlig,0,Göztepe,1592,1594.0,1 - 1,Adana Demirspor,1752,1750.0,1,1,Turkey,domestic league (tier 1)
2021/12/29,Turkey Cup,0,Göztepe,1594,1600.0,1 - 0,Samsunspor,1561,1555.0,1,0,Turkey,domestic cup
2022/01/09,Süperlig,0,Göztepe,1600,1617.0,4 - 0,Antalyaspor,1661,1644.0,4,0,Turkey,domestic league (tier 1)
2022/01/19,Süperlig,0,Göztepe,1628,1640.0,2 - 1,Sivasspor,1786,1774.0,2,1,Turkey,domestic league (tier 1)
2022/02/06,Süperlig,0,Göztepe,1656,1633.0,0 - 2,Altay Izmir,1558,1581.0,0,2,Turkey,domestic league (tier 1)
2022/02/21,Süperlig,0,Göztepe,1633,1624.0,2 - 3,Galatasaray,1770,1779.0,2,3,Turkey,domestic league (tier 1)
2022/03/05,Süperlig,0,Göztepe,1612,1601.0,2 - 3,Kasimpasa SK,1662,1673.0,2,3,Turkey,domestic league (tier 1)
2022/03/19,Süperlig,0,Göztepe,1599,1586.0,0 - 2,Alanyaspor,1744,1757.0,0,2,Turkey,domestic league (tier 1)
2022/04/09,Süperlig,0,Göztepe,1580,1569.0,1 - 2,Kayserispor,1658,1669.0,1,2,Turkey,domestic league (tier 1)
2022/05/01,Süperlig,0,Göztepe,1571,1544.0,1 - 7,Çaykur Rizespor,1570,1597.0,1,7,Turkey,domestic league (tier 1)
2022/05/15,Süperlig,0,Göztepe,1539,1529.0,0 - 2,Besiktas,1757,1767.0,0,2,Turkey,domestic league (tier 1)
2022/08/21,1. Lig,0,Göztepe,1529,1526.0,1 - 1,BB Erzurumspor,1539,1542.0,1,1,Turkey,domestic league (tier 2)
2022/09/02,1. Lig,0,Göztepe,1519,1515.0,0 - 0,Gençlerbirligi,1472,1476.0,0,0,Turkey,domestic league (tier 2)
2022/09/18,1. Lig,0,Göztepe,1507,1513.0,1 - 0,Altinordu FK,1444,1438.0,1,0,Turkey,domestic league (tier 2)
2022/10/16,1. Lig,0,Göztepe,1492,1471.0,0 - 2,Tuzlaspor,1435,1456.0,0,2,Turkey,domestic league (tier 2)
2022/10/29,1. Lig,0,Göztepe,1483,1494.0,5 - 0,Denizlispor,1423,1412.0,5,0,Turkey,domestic league (tier 2)
2022/11/14,1. Lig,0,Göztepe,1488,1497.0,2 - 1,Keçiörengücü,1551,1542.0,2,1,Turkey,domestic league (tier 2)
2022/12/10,1. Lig,0,Göztepe,1492,1498.0,1 - 0,Manisa FK,1454,1448.0,1,0,Turkey,domestic league (tier 2)
2022/12/26,1. Lig,0,Göztepe,1518,1503.0,0 - 1,Bodrumspor,1422,1437.0,0,1,Turkey,domestic league (tier 2)
2023/01/14,1. Lig,0,Göztepe,1503,1487.0,0 - 1,Sakaryaspor,1376,1392.0,0,1,Turkey,domestic league (tier 2)
2023/01/27,1. Lig,0,Göztepe,1500,1513.0,3 - 1,Bandirmaspor,1548,1535.0,3,1,Turkey,domestic league (tier 2)
2023/03/03,1. Lig,0,Göztepe,1502,1498.0,1 - 1,Boluspor,1467,1471.0,1,1,Turkey,domestic league (tier 2)
2023/03/11,1. Lig,0,Göztepe,1507,1503.0,1 - 1,Pendikspor,1477,1481.0,1,1,Turkey,domestic league (tier 2)
2023/04/07,1. Lig,0,Göztepe,1531,1542.0,1 - 0,Samsunspor,1660,1649.0,1,0,Turkey,domestic league (tier 2)
2023/04/16,1. Lig,0,Göztepe,1554,1560.0,1 - 0,Eyüpspor,1501,1495.0,1,0,Turkey,domestic league (tier 2)
2023/05/16,1. Lig,0,Göztepe,1561,1560.0,3 - 3,Çaykur Rizespor,1640,1641.0,3,3,Turkey,domestic league (tier 2)
2023/08/13,1. Lig,0,Göztepe,1548,1533.0,0 - 1,Sakaryaspor,1446,1461.0,0,1,Turkey,domestic league (tier 2)
2023/08/26,1. Lig,0,Göztepe,1536,1519.0,1 - 2,Çorum FK,1355,1372.0,1,2,Turkey,domestic league (tier 2)
2023/09/17,1. Lig,0,Göztepe,1530,1526.0,1 - 1,Bandirmaspor,1484,1488.0,1,1,Turkey,domestic league (tier 2)
2023/10/02,1. Lig,0,Göztepe,1538,1542.0,1 - 0,Adanaspor,1384,1380.0,1,0,Turkey,domestic league (tier 2)
2023/10/21,1. Lig,0,Göztepe,1555,1563.0,3 - 0,Sanliurfaspor,1433,1425.0,3,0,Turkey,domestic league (tier 2)
2023/11/04,1. Lig,0,Göztepe,1573,1557.0,0 - 1,Kocaelispor,1452,1468.0,0,1,Turkey,domestic league (tier 2)
2023/11/26,1. Lig,0,Göztepe,1547,1552.0,2 - 0,Tuzlaspor,1360,1355.0,2,0,Turkey,domestic league (tier 2)
2023/12/03,1. Lig,0,Göztepe,1552,1562.0,3 - 0,Giresunspor,1486,1476.0,3,0,Turkey,domestic league (tier 2)
2023/12/20,1. Lig,0,Göztepe,1580,1595.0,5 - 1,Eyüpspor,1612,1597.0,5,1,Turkey,domestic league (tier 2)
2024/01/22,1. Lig,0,Göztepe,1586,1596.0,4 - 1,Ümraniyespor,1521,1511.0,4,1,Turkey,domestic league (tier 2)
2024/02/03,1. Lig,0,Göztepe,1595,1599.0,4 - 0,Altay Izmir,1348,1344.0,4,0,Turkey,domestic league (tier 2)
2024/02/16,1. Lig,0,Göztepe,1614,1607.0,0 - 0,Manisa FK,1430,1437.0,0,0,Turkey,domestic league (tier 2)
2024/03/03,1. Lig,0,Göztepe,1617,1623.0,2 - 0,Boluspor,1473,1467.0,2,0,Turkey,domestic league (tier 2)
2024/03/16,1. Lig,0,Göztepe,1630,1623.0,0 - 0,Keçiörengücü,1418,1425.0,0,0,Turkey,domestic league (tier 2)
2024/04/08,1. Lig,0,Göztepe,1611,1619.0,3 - 0,Erzurumspor FK,1494,1486.0,3,0,Turkey,domestic league (tier 2)
2024/04/28,1. Lig,0,Göztepe,1624,1630.0,2 - 0,Gençlerbirligi,1487,1481.0,2,0,Turkey,domestic league (tier 2)
2024/05/11,1. Lig,0,Göztepe,1652,1647.0,1 - 1,Bodrumspor,1556,1561.0,1,1,Turkey,domestic league (tier 2)
2024/08/17,Süperlig,0,Göztepe,1651,1658.0,2 - 2,Fenerbahçe,2039,2032.0,2,2,Turkey,domestic league (tier 1)
2024/08/31,Süperlig,0,Göztepe,1662,1665.0,2 - 0,Bodrum FK,1400,1397.0,2,0,Turkey,domestic league (tier 1)
2024/09/23,Süperlig,0,Göztepe,1665,1676.0,3 - 0,Kayserispor,1631,1620.0,3,0,Turkey,domestic league (tier 1)
2024/10/05,Süperlig,0,Göztepe,1670,1678.0,3 - 2,Sivasspor,1711,1703.0,3,2,Turkey,domestic league (tier 1)
2024/10/26,Süperlig,0,Göztepe,1670,1681.0,2 - 1,Trabzonspor,1818,1807.0,2,1,Turkey,domestic league (tier 1)
2024/11/10,Süperlig,0,Göztepe,1674,1686.0,2 - 0,Konyaspor,1697,1685.0,2,0,Turkey,domestic league (tier 1)
2024/12/07,Süperlig,0,Göztepe,1700,1706.0,3 - 1,Adana Demirspor,1572,1566.0,3,1,Turkey,domestic league (tier 1)
2024/12/22,Süperlig,0,Göztepe,1706,1717.0,3 - 0,Çaykur Rizespor,1675,1664.0,3,0,Turkey,domestic league (tier 1)
2025/01/13,Süperlig,0,Göztepe,1722,1736.0,5 - 0,Kasimpasa SK,1717,1703.0,5,0,Turkey,domestic league (tier 1)
2025/01/19,Süperlig,0,Göztepe,1736,1741.0,1 - 0,Antalyaspor,1652,1647.0,1,0,Turkey,domestic league (tier 1)
2025/02/02,Süperlig,0,Göztepe,1739,1725.0,0 - 1,Alanyaspor,1711,1725.0,0,1,Turkey,domestic league (tier 1)
2025/02/06,Turkey Cup,0,Göztepe,1725,1731.0,1 - 0,Gaziantep FK,1693,1687.0,1,0,Turkey,domestic cup
2025/03/03,Süperlig,0,Göztepe,1742,1740.0,2 - 2,Samsunspor,1760,1762.0,2,2,Turkey,domestic league (tier 1)
2025/03/16,Süperlig,0,Göztepe,1725,1721.0,1 - 1,Eyüpspor,1693,1697.0,1,1,Turkey,domestic league (tier 1)
2025/04/07,Süperlig,0,Göztepe,1750,1746.0,1 - 1,Gaziantep FK,1709,1713.0,1,1,Turkey,domestic league (tier 1)
2025/04/19,Süperlig,0,Göztepe,1738,1737.0,1 - 1,Besiktas,1808,1809.0,1,1,Turkey,domestic league (tier 1)
2025/04/28,Süperlig,0,Göztepe,1729,1745.0,4 - 1,Istanbul Basaksehir,1794,1778.0,4,1,Turkey,domestic league (tier 1)
2025/05/11,Süperlig,0,Göztepe,1751,1744.0,1 - 1,Hatayspor,1545,1552.0,1,1,Turkey,domestic league (tier 1)
2025/05/24,Süperlig,0,Göztepe,1727,1720.0,0 - 2,Galatasaray,2042,2049.0,0,2,Turkey,domestic league (tier 1)
2025/08/16,Süperlig,0,Göztepe,1753,1757.0,0 - 0,Fenerbahçe,2013,2009.0,0,0,Turkey,domestic league (tier 1)
2025/08/29,Süperlig,0,Göztepe,1770,1766.0,1 - 1,Konyaspor,1729,1733.0,1,1,Turkey,domestic league (tier 1)
2025/09/19,Süperlig,0,Göztepe,1766,1780.0,3 - 0,Besiktas,1795,1781.0,3,0,Turkey,domestic league (tier 1)
2025/10/05,Süperlig,0,Göztepe,1779,1786.0,1 - 0,Istanbul Basaksehir,1764,1757.0,1,0,Turkey,domestic league (tier 1)
2025/11/01,Süperlig,0,Göztepe,1774,1777.0,1 - 0,Gençlerbirligi,1564,1561.0,1,0,Turkey,domestic league (tier 1)
2025/11/23,Süperlig,0,Göztepe,1792,1785.0,0 - 0,Kocaelispor,1583,1590.0,0,0,Turkey,domestic league (tier 1)
2025/12/07,Süperlig,0,Göztepe,1793,1782.0,1 - 2,Trabzonspor,1852,1863.0,1,2,Turkey,domestic league (tier 1)
2025/12/21,Süperlig,0,Göztepe,1793,1803.0,2 - 0,Samsunspor,1767,1757.0,2,0,Turkey,domestic league (tier 1)
2026/01/19,Süperlig,0,Göztepe,1803,1810.0,3 - 1,Çaykur Rizespor,1683,1676.0,3,1,Turkey,domestic league (tier 1)
2026/01/31,Süperlig,0,Göztepe,1817,1819.0,2 - 1,Fatih Karagümrük,1568,1566.0,2,1,Turkey,domestic league (tier 1)
2026/02/15,Süperlig,0,Göztepe,1818,1811.0,0 - 0,Kayserispor,1596,1603.0,0,0,Turkey,domestic league (tier 1)
2026/02/28,Süperlig,0,Göztepe,1799,1793.0,0 - 0,Eyüpspor,1642,1648.0,0,0,Turkey,domestic league (tier 1)
2026/03/14,Süperlig,0,Göztepe,1786,1781.0,2 - 2,Alanyaspor,1713,1718.0,2,2,Turkey,domestic league (tier 1)
2026/04/08,Süperlig,0,Göztepe,1793,1784.0,1 - 3,Galatasaray,2053,2062.0,1,3,Turkey,domestic league (tier 1)
2026/04/12,Süperlig,0,Göztepe,1784,1778.0,3 - 3,Kasimpasa SK,1645,1651.0,3,3,Turkey,domestic league (tier 1)
2026/04/25,Süperlig,0,Göztepe,1777,1781.0,2 - 0,Antalyaspor,1560,1556.0,2,0,Turkey,domestic league (tier 1)
2026/05/09,Süperlig,0,Göztepe,1786,1790.0,2 - 1,Gaziantep FK,1655,1651.0,2,1,Turkey,domestic league (tier 1)
2026/08/23,Süperlig,0,Göztepe,1780,1765.0,0 - 1,Gençlerbirligi,1669,1684.0,0,1,Turkey,domestic league (tier 1)
2026/09/07,Süperlig,0,Göztepe,1762,,Info,Gaziantep FK,1643,,,,Turkey,domestic league (tier 1)
2018/08/18,1. Lig,0,Hatayspor,1321,1337.0,3 - 1,Karabükspor,1433,1417.0,3,1,Turkey,domestic league (tier 2)
2018/09/02,1. Lig,0,Hatayspor,1343,1336.0,0 - 1,Gaziantep FK (as Gazisehir Gaziantep FK),1544,1551.0,0,1,Turkey,domestic league (tier 2)
2018/09/22,1. Lig,0,Hatayspor,1329,1339.0,1 - 0,Istanbulspor AS,1430,1420.0,1,0,Turkey,domestic league (tier 2)
2018/09/29,1. Lig,0,Hatayspor,1339,1341.0,1 - 1,Altinordu FK,1526,1524.0,1,1,Turkey,domestic league (tier 2)
2018/10/21,1. Lig,0,Hatayspor,1369,1374.0,0 - 0,Ankaraspor (as Osmanlispor FK),1645,1640.0,0,0,Turkey,domestic league (tier 2)
2018/11/04,1. Lig,0,Hatayspor,1400,1391.0,0 - 1,Ümraniyespor,1532,1541.0,0,1,Turkey,domestic league (tier 2)
2018/11/24,1. Lig,0,Hatayspor,1402,1400.0,1 - 1,Altay Izmir,1431,1433.0,1,1,Turkey,domestic league (tier 2)
2018/12/09,1. Lig,0,Hatayspor,1402,1421.0,2 - 0,Boluspor,1587,1568.0,2,0,Turkey,domestic league (tier 2)
2018/12/23,1. Lig,0,Hatayspor,1466,1483.0,3 - 0,Balikesirspor,1557,1540.0,3,0,Turkey,domestic league (tier 2)
2019/01/20,1. Lig,0,Hatayspor,1482,1500.0,3 - 1,Gençlerbirligi,1652,1634.0,3,1,Turkey,domestic league (tier 2)
2019/02/03,1. Lig,0,Hatayspor,1539,1537.0,1 - 1,Denizlispor,1577,1579.0,1,1,Turkey,domestic league (tier 2)
2019/02/16,1. Lig,0,Hatayspor,1524,1520.0,1 - 1,Adana Demirspor,1462,1466.0,1,1,Turkey,domestic league (tier 2)
2019/03/10,1. Lig,0,Hatayspor,1567,1575.0,4 - 0,Eskisehirspor,1447,1439.0,4,0,Turkey,domestic league (tier 2)
2019/04/03,1. Lig,0,Hatayspor,1598,1603.0,3 - 1,Elazigspor,1402,1397.0,3,1,Turkey,domestic league (tier 2)
2019/04/13,1. Lig,0,Hatayspor,1605,1608.0,2 - 0,Afjet Afyonspor,1326,1323.0,2,0,Turkey,domestic league (tier 2)
2019/04/27,1. Lig,0,Hatayspor,1607,1613.0,4 - 1,Adanaspor,1432,1426.0,4,1,Turkey,domestic league (tier 2)
2019/05/12,1. Lig,0,Hatayspor,1631,1634.0,1 - 0,Giresunspor,1434,1431.0,1,0,Turkey,domestic league (tier 2)
2019/05/26,1. Lig,0,Hatayspor,1648,1653.0,3 - 2,Adana Demirspor,1561,1556.0,3,2,Turkey,domestic league (tier 2)
2019/05/30,1. Lig,1,Hatayspor,1653,1651.0,1 - 1,Gaziantep FK (as Gazisehir Gaziantep FK),1588,1590.0,1,1,Turkey,domestic league (tier 2)
2019/08/18,1. Lig,0,Hatayspor,1651,1656.0,1 - 0,Altinordu FK,1562,1557.0,1,0,Turkey,domestic league (tier 2)
2019/09/16,1. Lig,0,Hatayspor,1660,1654.0,0 - 0,Fatih Karagümrük SK,1505,1511.0,0,0,Turkey,domestic league (tier 2)
2019/09/29,1. Lig,0,Hatayspor,1642,1645.0,1 - 0,Eskisehirspor,1414,1411.0,1,0,Turkey,domestic league (tier 2)
2019/10/19,1. Lig,0,Hatayspor,1657,1662.0,2 - 1,Adana Demirspor,1560,1555.0,2,1,Turkey,domestic league (tier 2)
2019/11/02,1. Lig,0,Hatayspor,1648,1652.0,3 - 2,Altay Izmir,1502,1498.0,3,2,Turkey,domestic league (tier 2)
2019/11/24,1. Lig,0,Hatayspor,1652,1655.0,1 - 0,Istanbulspor AS,1475,1472.0,1,0,Turkey,domestic league (tier 2)
2019/12/07,1. Lig,0,Hatayspor,1663,1668.0,3 - 0,Boluspor,1467,1462.0,3,0,Turkey,domestic league (tier 2)
2019/12/21,1. Lig,0,Hatayspor,1678,1680.0,1 - 0,Adanaspor,1374,1372.0,1,0,Turkey,domestic league (tier 2)
2020/01/26,1. Lig,0,Hatayspor,1669,1672.0,2 - 0,Menemen Belediyespor,1404,1401.0,2,0,Turkey,domestic league (tier 2)
2020/02/02,1. Lig,0,Hatayspor,1672,1665.0,1 - 1,Giresunspor,1494,1501.0,1,1,Turkey,domestic league (tier 2)
2020/02/15,1. Lig,0,Hatayspor,1663,1648.0,2 - 3,Akhisar Belediyespor,1580,1595.0,2,3,Turkey,domestic league (tier 2)
2020/02/25,1. Lig,0,Hatayspor,1655,1659.0,1 - 0,Ankaraspor (as Osmanlispor FK),1534,1530.0,1,0,Turkey,domestic league (tier 2)
2020/03/07,1. Lig,0,Hatayspor,1661,1657.0,0 - 0,BB Erzurumspor,1621,1625.0,0,0,Turkey,domestic league (tier 2)
2020/03/15,1. Lig,0,Hatayspor,1646,1653.0,2 - 0,Ümraniyespor,1525,1518.0,2,0,Turkey,domestic league (tier 2)
2020/06/28,1. Lig,0,Hatayspor,1651,1656.0,2 - 0,Balikesirspor,1464,1459.0,2,0,Turkey,domestic league (tier 2)
2020/07/05,1. Lig,0,Hatayspor,1643,1648.0,1 - 0,Keçiörengücü,1534,1529.0,1,0,Turkey,domestic league (tier 2)
2020/07/18,1. Lig,0,Hatayspor,1653,1663.0,3 - 1,Bursaspor,1624,1614.0,3,1,Turkey,domestic league (tier 2)
2020/09/14,Süperlig,0,Hatayspor,1663,1683.0,2 - 0,Istanbul Basaksehir,1891,1871.0,2,0,Turkey,domestic league (tier 1)
2020/09/26,Süperlig,0,Hatayspor,1687,1694.0,1 - 0,Kasimpasa SK,1687,1680.0,1,0,Turkey,domestic league (tier 1)
2020/11/02,Süperlig,0,Hatayspor,1683,1681.0,1 - 1,Sivasspor,1699,1701.0,1,1,Turkey,domestic league (tier 1)
2020/11/22,Süperlig,0,Hatayspor,1694,1690.0,2 - 2,Çaykur Rizespor,1649,1653.0,2,2,Turkey,domestic league (tier 1)
2020/12/09,Süperlig,0,Hatayspor,1683,1693.0,3 - 0,BB Erzurumspor,1622,1612.0,3,0,Turkey,domestic league (tier 1)
2020/12/12,Süperlig,0,Hatayspor,1693,1702.0,3 - 1,Fatih Karagümrük SK,1643,1634.0,3,1,Turkey,domestic league (tier 1)
2020/12/22,Süperlig,0,Hatayspor,1696,1686.0,0 - 1,Trabzonspor,1806,1816.0,0,1,Turkey,domestic league (tier 1)
2021/01/02,Süperlig,0,Hatayspor,1713,1719.0,2 - 1,Konyaspor,1669,1663.0,2,1,Turkey,domestic league (tier 1)
2021/01/10,Süperlig,0,Hatayspor,1702,1703.0,2 - 2,Besiktas,1837,1836.0,2,2,Turkey,domestic league (tier 1)
2021/01/20,Süperlig,0,Hatayspor,1717,1702.0,1 - 2,Yeni Malatyaspor,1639,1654.0,1,2,Turkey,domestic league (tier 1)
2021/02/02,Süperlig,0,Hatayspor,1733,1722.0,1 - 2,Fenerbahçe,1812,1823.0,1,2,Turkey,domestic league (tier 1)
2021/02/14,Süperlig,0,Hatayspor,1740,1739.0,0 - 0,Alanyaspor,1803,1804.0,0,0,Turkey,domestic league (tier 1)
2021/02/27,Süperlig,0,Hatayspor,1753,1758.0,4 - 1,MKE Ankaragücü,1550,1545.0,4,1,Turkey,domestic league (tier 1)
2021/03/07,Süperlig,0,Hatayspor,1760,1736.0,1 - 3,Kayserispor,1608,1632.0,1,3,Turkey,domestic league (tier 1)
2021/04/03,Süperlig,0,Hatayspor,1725,1744.0,3 - 0,Galatasaray,1850,1831.0,3,0,Turkey,domestic league (tier 1)
2021/04/10,Süperlig,0,Hatayspor,1735,1720.0,2 - 3,Göztepe,1653,1668.0,2,3,Turkey,domestic league (tier 1)
2021/04/20,Süperlig,0,Hatayspor,1725,1731.0,3 - 2,Antalyaspor,1696,1690.0,3,2,Turkey,domestic league (tier 1)
2021/04/27,Süperlig,0,Hatayspor,1732,1737.0,3 - 1,Gençlerbirligi,1564,1559.0,3,1,Turkey,domestic league (tier 1)
2021/05/08,Süperlig,0,Hatayspor,1728,1731.0,1 - 0,Denizlispor,1533,1530.0,1,0,Turkey,domestic league (tier 1)
2021/05/15,Süperlig,0,Hatayspor,1731,1717.0,0 - 1,Gaziantep FK,1678,1692.0,0,1,Turkey,domestic league (tier 1)
2021/08/14,Süperlig,0,Hatayspor,1717,1713.0,1 - 1,Kasimpasa SK,1649,1653.0,1,1,Turkey,domestic league (tier 1)
2021/08/28,Süperlig,0,Hatayspor,1709,1724.0,5 - 0,Alanyaspor,1711,1696.0,5,0,Turkey,domestic league (tier 1)
2021/09/19,Süperlig,0,Hatayspor,1738,1743.0,2 - 1,Kayserispor,1626,1621.0,2,1,Turkey,domestic league (tier 1)
2021/09/26,Süperlig,0,Hatayspor,1758,1748.0,1 - 2,Fenerbahçe,1857,1867.0,1,2,Turkey,domestic league (tier 1)
2021/10/18,Süperlig,0,Hatayspor,1762,1768.0,2 - 1,Gaziantep FK,1696,1690.0,2,1,Turkey,domestic league (tier 1)
2021/10/30,Süperlig,0,Hatayspor,1770,1779.0,1 - 0,Besiktas,1838,1829.0,1,0,Turkey,domestic league (tier 1)
2021/11/20,Süperlig,0,Hatayspor,1769,1776.0,3 - 1,Antalyaspor,1654,1647.0,3,1,Turkey,domestic league (tier 1)
2021/12/01,Turkey Cup,0,Hatayspor,1761,1753.0,1 - 1,Eyüpspor,1510,1518.0,1,1,Turkey,domestic cup
2021/12/05,Süperlig,0,Hatayspor,1753,1730.0,0 - 3,Istanbul Basaksehir,1741,1764.0,0,3,Turkey,domestic league (tier 1)
2021/12/22,Süperlig,0,Hatayspor,1734,1716.0,1 - 3,Konyaspor,1760,1778.0,1,3,Turkey,domestic league (tier 1)
2021/12/28,Turkey Cup,0,Hatayspor,1727,1729.0,1 - 0,Menemen Belediyespor,1408,1406.0,1,0,Turkey,domestic cup
2022/01/16,Süperlig,0,Hatayspor,1713,1728.0,4 - 2,Galatasaray,1823,1808.0,4,2,Turkey,domestic league (tier 1)
2022/01/23,Süperlig,0,Hatayspor,1712,1706.0,0 - 0,Çaykur Rizespor,1585,1591.0,0,0,Turkey,domestic league (tier 1)
2022/02/09,Turkey Cup,0,Hatayspor,1698,1677.0,0 - 2,Antalyaspor,1642,1663.0,0,2,Turkey,domestic cup
2022/02/14,Süperlig,0,Hatayspor,1677,1683.0,2 - 1,Göztepe,1639,1633.0,2,1,Turkey,domestic league (tier 1)
2022/02/27,Süperlig,0,Hatayspor,1676,1684.0,5 - 2,Yeni Malatyaspor,1554,1546.0,5,2,Turkey,domestic league (tier 1)
2022/03/12,Süperlig,0,Hatayspor,1687,1700.0,3 - 0,Fatih Karagümrük SK,1693,1680.0,3,0,Turkey,domestic league (tier 1)
2022/04/04,Süperlig,0,Hatayspor,1704,1703.0,0 - 0,Adana Demirspor,1770,1771.0,0,0,Turkey,domestic league (tier 1)
2022/04/16,Süperlig,0,Hatayspor,1692,1691.0,1 - 1,Sivasspor,1740,1741.0,1,1,Turkey,domestic league (tier 1)
2022/04/30,Süperlig,0,Hatayspor,1682,1667.0,0 - 1,Altay Izmir,1575,1590.0,0,1,Turkey,domestic league (tier 1)
2022/05/06,Süperlig,0,Hatayspor,1667,1671.0,1 - 1,Trabzonspor,1912,1908.0,1,1,Turkey,domestic league (tier 1)
2022/05/22,Süperlig,0,Hatayspor,1663,1675.0,4 - 1,Giresunspor,1651,1639.0,4,1,Turkey,domestic league (tier 1)
2022/08/20,Süperlig,0,Hatayspor,1672,1659.0,1 - 2,Gaziantep FK,1676,1689.0,1,2,Turkey,domestic league (tier 1)
2022/09/04,Süperlig,0,Hatayspor,1653,1653.0,1 - 1,Adana Demirspor,1742,1742.0,1,1,Turkey,domestic league (tier 1)
2022/09/16,Süperlig,0,Hatayspor,1649,1627.0,0 - 4,Kayserispor,1685,1707.0,0,4,Turkey,domestic league (tier 1)
2022/10/09,Süperlig,0,Hatayspor,1642,1652.0,1 - 0,Alanyaspor,1737,1727.0,1,0,Turkey,domestic league (tier 1)
2022/10/24,Süperlig,0,Hatayspor,1641,1652.0,2 - 1,Besiktas,1793,1782.0,2,1,Turkey,domestic league (tier 1)
2022/11/07,Süperlig,0,Hatayspor,1637,1641.0,3 - 3,Istanbul Basaksehir,1870,1866.0,3,3,Turkey,domestic league (tier 1)
2022/12/24,Süperlig,0,Hatayspor,1652,1649.0,1 - 1,Giresunspor,1643,1646.0,1,1,Turkey,domestic league (tier 1)
2023/01/07,Süperlig,0,Hatayspor,1647,1646.0,0 - 0,Antalyaspor,1716,1717.0,0,0,Turkey,domestic league (tier 1)
2023/01/28,Süperlig,0,Hatayspor,1642,1656.0,2 - 1,Trabzonspor,1882,1868.0,2,1,Turkey,domestic league (tier 1)
2023/02/05,Süperlig,0,Hatayspor,1645,1653.0,1 - 0,Kasimpasa SK,1673,1665.0,1,0,Turkey,domestic league (tier 1)
2023/08/19,Süperlig,0,Hatayspor,1671,1669.0,0 - 0,Kasimpasa SK,1693,1695.0,0,0,Turkey,domestic league (tier 1)
2023/09/03,Süperlig,0,Hatayspor,1672,1673.0,3 - 3,Adana Demirspor,1821,1820.0,3,3,Turkey,domestic league (tier 1)
2023/09/25,Süperlig,0,Hatayspor,1678,1689.0,3 - 2,Trabzonspor,1816,1805.0,3,2,Turkey,domestic league (tier 1)
2023/10/08,Süperlig,0,Hatayspor,1692,1705.0,3 - 1,Konyaspor,1741,1728.0,3,1,Turkey,domestic league (tier 1)
2023/10/27,Süperlig,0,Hatayspor,1703,1690.0,1 - 2,Kayserispor,1687,1700.0,1,2,Turkey,domestic league (tier 1)
2023/10/31,Turkey Cup,0,Hatayspor,1690,1694.0,2 - 0,Sariyer SK,1450,1446.0,2,0,Turkey,domestic cup
2023/11/11,Süperlig,0,Hatayspor,1684,1700.0,2 - 1,Galatasaray,2015,1999.0,2,1,Turkey,domestic league (tier 1)
2023/12/01,Süperlig,0,Hatayspor,1689,1687.0,3 - 3,Antalyaspor,1721,1723.0,3,3,Turkey,domestic league (tier 1)
2023/12/25,Süperlig,0,Hatayspor,1684,1676.0,1 - 2,Besiktas,1840,1848.0,1,2,Turkey,domestic league (tier 1)
2024/01/10,Süperlig,0,Hatayspor,1665,1663.0,0 - 0,Gaziantep FK,1677,1679.0,0,0,Turkey,domestic league (tier 1)
2024/01/13,Süperlig,0,Hatayspor,1663,1657.0,1 - 1,Pendikspor,1543,1549.0,1,1,Turkey,domestic league (tier 1)
2024/01/16,Turkey Cup,0,Hatayspor,1657,1665.0,5 - 1,Sakaryaspor,1517,1509.0,5,1,Turkey,domestic cup
2024/01/23,Süperlig,0,Hatayspor,1652,1649.0,1 - 1,Alanyaspor,1650,1653.0,1,1,Turkey,domestic league (tier 1)
2024/02/02,Süperlig,0,Hatayspor,1665,1678.0,3 - 1,Fatih Karagümrük,1708,1695.0,3,1,Turkey,domestic league (tier 1)
2024/02/17,Süperlig,0,Hatayspor,1677,1675.0,1 - 1,Sivasspor,1695,1697.0,1,1,Turkey,domestic league (tier 1)
2024/03/02,Süperlig,0,Hatayspor,1665,1659.0,0 - 2,Fenerbahçe,2003,2009.0,0,2,Turkey,domestic league (tier 1)
2024/03/17,Süperlig,0,Hatayspor,1662,1676.0,3 - 0,Samsunspor,1699,1685.0,3,0,Turkey,domestic league (tier 1)
2024/04/14,Süperlig,0,Hatayspor,1675,1646.0,0 - 3,Istanbulspor AS,1515,1544.0,0,3,Turkey,domestic league (tier 1)
2024/04/27,Süperlig,0,Hatayspor,1640,1632.0,1 - 2,Istanbul Basaksehir,1794,1802.0,1,2,Turkey,domestic league (tier 1)
2024/05/12,Süperlig,0,Hatayspor,1635,1644.0,2 - 1,MKE Ankaragücü,1702,1693.0,2,1,Turkey,domestic league (tier 1)
2024/05/26,Süperlig,0,Hatayspor,1651,1662.0,2 - 0,Çaykur Rizespor,1668,1657.0,2,0,Turkey,domestic league (tier 1)
2024/08/19,Süperlig,0,Hatayspor,1661,1659.0,1 - 1,Kasimpasa SK,1696,1698.0,1,1,Turkey,domestic league (tier 1)
2024/09/01,Süperlig,0,Hatayspor,1652,1631.0,0 - 3,Samsunspor,1672,1693.0,0,3,Turkey,domestic league (tier 1)
2024/09/20,Süperlig,0,Hatayspor,1636,1618.0,0 - 1,Bodrum FK,1395,1413.0,0,1,Turkey,domestic league (tier 1)
2024/10/05,Süperlig,0,Hatayspor,1618,1621.0,1 - 1,Trabzonspor,1814,1811.0,1,1,Turkey,domestic league (tier 1)
2024/10/26,Süperlig,0,Hatayspor,1616,1603.0,0 - 1,Kayserispor,1615,1628.0,0,1,Turkey,domestic league (tier 1)
2024/11/09,Süperlig,0,Hatayspor,1594,1609.0,3 - 1,Gaziantep FK,1692,1677.0,3,1,Turkey,domestic league (tier 1)
2024/12/02,Süperlig,0,Hatayspor,1614,1617.0,1 - 1,Besiktas,1814,1811.0,1,1,Turkey,domestic league (tier 1)
2024/12/15,Süperlig,0,Hatayspor,1610,1610.0,1 - 1,Göztepe,1706,1706.0,1,1,Turkey,domestic league (tier 1)
2024/12/23,Süperlig,0,Hatayspor,1610,1590.0,1 - 3,Adana Demirspor,1580,1600.0,1,3,Turkey,domestic league (tier 1)
2025/01/11,Süperlig,0,Hatayspor,1589,1578.0,1 - 2,Çaykur Rizespor,1657,1668.0,1,2,Turkey,domestic league (tier 1)
2025/01/17,Süperlig,0,Hatayspor,1578,1586.0,1 - 1,Galatasaray,2038,2030.0,1,1,Turkey,domestic league (tier 1)
2025/02/01,Süperlig,0,Hatayspor,1582,1571.0,2 - 3,Antalyaspor,1650,1661.0,2,3,Turkey,domestic league (tier 1)
2025/02/16,Süperlig,0,Hatayspor,1566,1578.0,1 - 0,Alanyaspor,1728,1716.0,1,0,Turkey,domestic league (tier 1)
2025/03/16,Süperlig,0,Hatayspor,1585,1594.0,3 - 2,Sivasspor,1664,1655.0,3,2,Turkey,domestic league (tier 1)
2025/04/06,Süperlig,0,Hatayspor,1582,1572.0,0 - 1,Eyüpspor,1680,1690.0,0,1,Turkey,domestic league (tier 1)
2025/04/18,Süperlig,0,Hatayspor,1568,1559.0,2 - 3,Konyaspor,1714,1723.0,2,3,Turkey,domestic league (tier 1)
2025/05/03,Süperlig,0,Hatayspor,1555,1545.0,2 - 4,Istanbul Basaksehir,1778,1788.0,2,4,Turkey,domestic league (tier 1)
2025/05/26,Süperlig,0,Hatayspor,1575,1602.0,4 - 2,Fenerbahçe,2031,2004.0,4,2,Turkey,domestic league (tier 1)
2025/08/09,1. Lig,0,Hatayspor,1593,1568.0,1 - 3,Keçiörengücü,1430,1455.0,1,3,Turkey,domestic league (tier 2)
2025/08/30,1. Lig,0,Hatayspor,1557,1554.0,1 - 1,Istanbulspor AS,1548,1551.0,1,1,Turkey,domestic league (tier 2)
2025/09/19,1. Lig,0,Hatayspor,1536,1533.0,2 - 2,Boluspor,1530,1533.0,2,2,Turkey,domestic league (tier 2)
2025/09/28,1. Lig,0,Hatayspor,1519,1496.0,0 - 3,Bandirmaspor,1506,1529.0,0,3,Turkey,domestic league (tier 2)
2025/10/18,1. Lig,0,Hatayspor,1486,1464.0,1 - 4,Çorum FK,1505,1527.0,1,4,Turkey,domestic league (tier 2)
2025/10/31,1. Lig,0,Hatayspor,1470,1450.0,0 - 3,Erzurumspor FK,1528,1548.0,0,3,Turkey,domestic league (tier 2)
2025/11/22,1. Lig,0,Hatayspor,1444,1434.0,0 - 1,Pendikspor,1528,1538.0,0,1,Turkey,domestic league (tier 2)
2025/12/08,1. Lig,0,Hatayspor,1433,1409.0,0 - 3,Sariyer SK,1395,1419.0,0,3,Turkey,domestic league (tier 2)
2025/12/21,1. Lig,0,Hatayspor,1397,1393.0,1 - 1,Serik Belediyespor,1336,1340.0,1,1,Turkey,domestic league (tier 2)
2026/01/17,1. Lig,0,Hatayspor,1368,1367.0,2 - 2,Manisa FK,1441,1442.0,2,2,Turkey,domestic league (tier 2)
2026/01/25,1. Lig,0,Hatayspor,1367,1350.0,0 - 2,Ümraniyespor,1410,1427.0,0,2,Turkey,domestic league (tier 2)
2026/02/07,1. Lig,0,Hatayspor,1346,1331.0,0 - 5,Erokspor,1530,1545.0,0,5,Turkey,domestic league (tier 2)
2026/02/17,1. Lig,0,Hatayspor,1326,1314.0,0 - 2,Igdir FK,1495,1507.0,0,2,Turkey,domestic league (tier 2)
2026/02/28,1. Lig,0,Hatayspor,1307,1297.0,1 - 3,Bodrum FK,1535,1545.0,1,3,Turkey,domestic league (tier 2)
2026/03/11,1. Lig,0,Hatayspor,1293,1287.0,1 - 2,Sivasspor,1527,1533.0,1,2,Turkey,domestic league (tier 2)
2026/03/22,1. Lig,0,Hatayspor,1285,1276.0,0 - 3,Amed SFK,1581,1590.0,0,3,Turkey,domestic league (tier 2)
2026/04/07,1. Lig,0,Hatayspor,1272,1282.0,4 - 0,Adana Demirspor,1187,1177.0,4,0,Turkey,domestic league (tier 2)
2026/04/18,1. Lig,0,Hatayspor,1275,1275.0,1 - 1,Sakaryaspor,1358,1358.0,1,1,Turkey,domestic league (tier 2)
2026/05/01,1. Lig,0,Hatayspor,1265,1281.0,3 - 1,Vanspor FK,1398,1382.0,3,1,Turkey,domestic league (tier 2)
2024/08/18,1. Lig,0,Igdir FK,1289,1309.0,6 - 1,Adanaspor,1397,1377.0,6,1,Turkey,domestic league (tier 2)
2024/08/24,1. Lig,0,Igdir FK,1309,1311.0,0 - 0,Gençlerbirligi,1473,1471.0,0,0,Turkey,domestic league (tier 2)
2024/09/15,1. Lig,0,Igdir FK,1338,1323.0,1 - 2,Erokspor,1258,1273.0,1,2,Turkey,domestic league (tier 2)
2024/09/27,1. Lig,0,Igdir FK,1316,1307.0,1 - 2,Erzurumspor FK,1461,1470.0,1,2,Turkey,domestic league (tier 2)
2024/10/20,1. Lig,0,Igdir FK,1314,1326.0,1 - 0,Manisa FK,1471,1459.0,1,0,Turkey,domestic league (tier 2)
2024/11/03,1. Lig,0,Igdir FK,1332,1347.0,1 - 0,MKE Ankaragücü,1644,1629.0,1,0,Turkey,domestic league (tier 2)
2024/11/25,1. Lig,0,Igdir FK,1363,1359.0,1 - 1,Amed SK,1310,1314.0,1,1,Turkey,domestic league (tier 2)
2024/12/07,1. Lig,0,Igdir FK,1351,1344.0,0 - 1,Bandirmaspor,1543,1550.0,0,1,Turkey,domestic league (tier 2)
2024/12/21,1. Lig,0,Igdir FK,1340,1349.0,3 - 0,Yeni Malatyaspor,1252,1243.0,3,0,Turkey,domestic league (tier 2)
2025/01/11,1. Lig,0,Igdir FK,1343,1339.0,0 - 1,Fatih Karagümrük,1660,1664.0,0,1,Turkey,domestic league (tier 2)
2025/01/19,1. Lig,0,Igdir FK,1339,1330.0,0 - 1,Boluspor,1470,1479.0,0,1,Turkey,domestic league (tier 2)
2025/02/08,1. Lig,0,Igdir FK,1328,1341.0,1 - 0,Pendikspor,1527,1514.0,1,0,Turkey,domestic league (tier 2)
2025/02/16,1. Lig,0,Igdir FK,1331,1350.0,3 - 0,Keçiörengücü,1464,1445.0,3,0,Turkey,domestic league (tier 2)
2025/03/01,1. Lig,0,Igdir FK,1356,1367.0,1 - 0,Çorum FK,1498,1487.0,1,0,Turkey,domestic league (tier 2)
2025/03/08,1. Lig,0,Igdir FK,1381,1379.0,2 - 2,Sanliurfaspor,1428,1430.0,2,2,Turkey,domestic league (tier 2)
2025/03/28,1. Lig,0,Igdir FK,1410,1409.0,0 - 0,Ümraniyespor,1484,1485.0,0,0,Turkey,domestic league (tier 2)
2025/04/08,1. Lig,0,Igdir FK,1412,1433.0,3 - 0,Istanbulspor AS,1573,1552.0,3,0,Turkey,domestic league (tier 2)
2025/04/21,1. Lig,0,Igdir FK,1438,1453.0,4 - 0,Sakaryaspor,1460,1445.0,4,0,Turkey,domestic league (tier 2)
2025/05/04,1. Lig,0,Igdir FK,1464,1482.0,4 - 0,Kocaelispor,1546,1528.0,4,0,Turkey,domestic league (tier 2)
2025/08/09,1. Lig,0,Igdir FK,1478,1484.0,2 - 1,Sariyer SK,1441,1435.0,2,1,Turkey,domestic league (tier 2)
2025/08/23,1. Lig,0,Igdir FK,1476,1469.0,0 - 0,Vanspor FK,1290,1297.0,0,0,Turkey,domestic league (tier 2)
2025/09/14,1. Lig,0,Igdir FK,1471,1454.0,1 - 2,Serik Belediyespor,1266,1283.0,1,2,Turkey,domestic league (tier 2)
2025/09/23,1. Lig,0,Igdir FK,1466,1480.0,4 - 2,Hatayspor,1533,1519.0,4,2,Turkey,domestic league (tier 2)
2025/10/05,1. Lig,0,Igdir FK,1493,1502.0,2 - 1,Istanbulspor AS,1545,1536.0,2,1,Turkey,domestic league (tier 2)
2025/10/19,1. Lig,0,Igdir FK,1502,1499.0,1 - 1,Boluspor,1501,1504.0,1,1,Turkey,domestic league (tier 2)
2025/11/03,1. Lig,0,Igdir FK,1492,1490.0,1 - 1,Bandirmaspor,1533,1535.0,1,1,Turkey,domestic league (tier 2)
2025/11/23,1. Lig,0,Igdir FK,1480,1489.0,2 - 1,Erzurumspor FK,1544,1535.0,2,1,Turkey,domestic league (tier 2)
2025/12/07,1. Lig,0,Igdir FK,1501,1506.0,4 - 1,Adana Demirspor,1289,1284.0,4,1,Turkey,domestic league (tier 2)
2025/12/20,1. Lig,0,Igdir FK,1509,1507.0,1 - 1,Sivasspor,1554,1556.0,1,1,Turkey,domestic league (tier 2)
2026/01/19,1. Lig,0,Igdir FK,1482,1487.0,1 - 0,Sakaryaspor,1412,1407.0,1,0,Turkey,domestic league (tier 2)
2026/01/31,1. Lig,0,Igdir FK,1468,1465.0,0 - 0,Manisa FK,1451,1454.0,0,0,Turkey,domestic league (tier 2)
2026/02/03,Turkey Cup,0,Igdir FK,1465,1489.0,6 - 0,Antalyaspor,1602,1578.0,6,0,Turkey,domestic cup
2026/02/13,1. Lig,0,Igdir FK,1500,1495.0,1 - 1,Ümraniyespor,1422,1427.0,1,1,Turkey,domestic league (tier 2)
2026/02/21,1. Lig,0,Igdir FK,1507,1488.0,0 - 3,Erokspor,1574,1593.0,0,3,Turkey,domestic league (tier 2)
2026/03/12,1. Lig,0,Igdir FK,1494,1482.0,2 - 3,Bodrum FK,1530,1542.0,2,3,Turkey,domestic league (tier 2)
2026/03/22,1. Lig,0,Igdir FK,1485,1468.0,0 - 2,Çorum FK,1548,1565.0,0,2,Turkey,domestic league (tier 2)
2026/04/08,1. Lig,0,Igdir FK,1465,1453.0,0 - 1,Keçiörengücü,1506,1518.0,0,1,Turkey,domestic league (tier 2)
2026/04/19,1. Lig,0,Igdir FK,1464,1462.0,1 - 1,Pendikspor,1498,1500.0,1,1,Turkey,domestic league (tier 2)
2026/05/02,1. Lig,0,Igdir FK,1456,1457.0,3 - 3,Amed SFK,1578,1577.0,3,3,Turkey,domestic league (tier 2)
2026/08/09,1. Lig,0,Igdir FK,1457,1475.0,2 - 0,Fatih Karagümrük,1621,1603.0,2,0,Turkey,domestic league (tier 2)
2026/08/22,1. Lig,0,Igdir FK,1468,1459.0,0 - 1,Kayserispor,1620,1629.0,0,1,Turkey,domestic league (tier 2)
2026/09/03,1. Lig,0,Igdir FK,1474,,Info,Manisa FK,1496,,,,Turkey,domestic league (tier 2)
2020/09/20,Süperlig,0,Istanbul Basaksehir,1871,1850.0,0 - 2,Galatasaray,1828,1849.0,0,2,Turkey,domestic league (tier 1)
2020/10/03,Süperlig,0,Istanbul Basaksehir,1829,1822.0,0 - 0,Göztepe,1657,1664.0,0,0,Turkey,domestic league (tier 1)
2020/10/24,Süperlig,0,Istanbul Basaksehir,1838,1845.0,5 - 1,Antalyaspor,1692,1685.0,5,1,Turkey,domestic league (tier 1)
2020/11/08,Süperlig,0,Istanbul Basaksehir,1869,1871.0,2 - 1,Gençlerbirligi,1587,1585.0,2,1,Turkey,domestic league (tier 1)
2020/11/28,Süperlig,0,Istanbul Basaksehir,1856,1848.0,3 - 3,Denizlispor,1583,1591.0,3,3,Turkey,domestic league (tier 1)
2020/12/13,Süperlig,0,Istanbul Basaksehir,1835,1819.0,1 - 2,Gaziantep FK,1702,1718.0,1,2,Turkey,domestic league (tier 1)
2020/12/27,Süperlig,0,Istanbul Basaksehir,1802,1796.0,2 - 2,Kasimpasa SK,1662,1668.0,2,2,Turkey,domestic league (tier 1)
2021/01/06,Süperlig,0,Istanbul Basaksehir,1783,1786.0,1 - 0,BB Erzurumspor,1603,1600.0,1,0,Turkey,domestic league (tier 1)
2021/01/16,Süperlig,0,Istanbul Basaksehir,1801,1796.0,1 - 1,Sivasspor,1727,1732.0,1,1,Turkey,domestic league (tier 1)
2021/01/23,Süperlig,0,Istanbul Basaksehir,1776,1770.0,1 - 1,Çaykur Rizespor,1640,1646.0,1,1,Turkey,domestic league (tier 1)
2021/01/30,Süperlig,0,Istanbul Basaksehir,1762,1735.0,1 - 5,Hatayspor,1706,1733.0,1,5,Turkey,domestic league (tier 1)
2021/02/06,Süperlig,0,Istanbul Basaksehir,1727,1713.0,0 - 1,Fatih Karagümrük SK,1670,1684.0,0,1,Turkey,domestic league (tier 1)
2021/02/19,Süperlig,0,Istanbul Basaksehir,1718,1709.0,0 - 1,Trabzonspor,1862,1871.0,0,1,Turkey,domestic league (tier 1)
2021/03/03,Süperlig,0,Istanbul Basaksehir,1712,1708.0,1 - 1,Konyaspor,1668,1672.0,1,1,Turkey,domestic league (tier 1)
2021/03/12,Süperlig,0,Istanbul Basaksehir,1716,1708.0,2 - 3,Besiktas,1872,1880.0,2,3,Turkey,domestic league (tier 1)
2021/04/04,Süperlig,0,Istanbul Basaksehir,1704,1711.0,3 - 1,Yeni Malatyaspor,1613,1606.0,3,1,Turkey,domestic league (tier 1)
2021/04/18,Süperlig,0,Istanbul Basaksehir,1700,1690.0,1 - 2,Fenerbahçe,1809,1819.0,1,2,Turkey,domestic league (tier 1)
2021/04/25,Süperlig,0,Istanbul Basaksehir,1701,1700.0,0 - 0,Alanyaspor,1751,1752.0,0,0,Turkey,domestic league (tier 1)
2021/05/03,Süperlig,0,Istanbul Basaksehir,1710,1715.0,2 - 1,MKE Ankaragücü,1598,1593.0,2,1,Turkey,domestic league (tier 1)
2021/05/11,Süperlig,0,Istanbul Basaksehir,1720,1715.0,0 - 0,Kayserispor,1613,1618.0,0,0,Turkey,domestic league (tier 1)
2021/08/15,Süperlig,0,Istanbul Basaksehir,1731,1718.0,0 - 1,Alanyaspor,1725,1738.0,0,1,Turkey,domestic league (tier 1)
2021/08/28,Süperlig,0,Istanbul Basaksehir,1710,1695.0,0 - 1,Kayserispor,1598,1613.0,0,1,Turkey,domestic league (tier 1)
2021/09/19,Süperlig,0,Istanbul Basaksehir,1686,1705.0,2 - 0,Fenerbahçe,1874,1855.0,2,0,Turkey,domestic league (tier 1)
2021/09/26,Süperlig,0,Istanbul Basaksehir,1697,1705.0,3 - 0,Çaykur Rizespor,1578,1570.0,3,0,Turkey,domestic league (tier 1)
2021/10/15,Süperlig,0,Istanbul Basaksehir,1694,1706.0,3 - 2,Besiktas,1863,1851.0,3,2,Turkey,domestic league (tier 1)
2021/11/01,Süperlig,0,Istanbul Basaksehir,1717,1724.0,2 - 1,Adana Demirspor,1702,1695.0,2,1,Turkey,domestic league (tier 1)
2021/11/20,Süperlig,0,Istanbul Basaksehir,1739,1747.0,2 - 1,Sivasspor,1755,1747.0,2,1,Turkey,domestic league (tier 1)
2021/11/26,Süperlig,0,Istanbul Basaksehir,1747,1741.0,0 - 0,Altay Izmir,1609,1615.0,0,0,Turkey,domestic league (tier 1)
2021/12/11,Süperlig,0,Istanbul Basaksehir,1764,1768.0,2 - 1,Kasimpasa SK,1605,1601.0,2,1,Turkey,domestic league (tier 1)
2021/12/21,Süperlig,0,Istanbul Basaksehir,1773,1780.0,3 - 1,Giresunspor,1656,1649.0,3,1,Turkey,domestic league (tier 1)
2022/01/22,Süperlig,0,Istanbul Basaksehir,1776,1760.0,1 - 2,Göztepe,1640,1656.0,1,2,Turkey,domestic league (tier 1)
2022/02/12,Süperlig,0,Istanbul Basaksehir,1774,1783.0,2 - 0,Gaziantep FK,1737,1728.0,2,0,Turkey,domestic league (tier 1)
2022/02/22,Süperlig,0,Istanbul Basaksehir,1794,1801.0,2 - 1,Konyaspor,1775,1768.0,2,1,Turkey,domestic league (tier 1)
2022/02/26,Süperlig,0,Istanbul Basaksehir,1801,1786.0,1 - 2,Fatih Karagümrük SK,1689,1704.0,1,2,Turkey,domestic league (tier 1)
2022/03/14,Süperlig,0,Istanbul Basaksehir,1788,1773.0,0 - 1,Antalyaspor,1696,1711.0,0,1,Turkey,domestic league (tier 1)
2022/04/04,Süperlig,0,Istanbul Basaksehir,1766,1769.0,1 - 0,Yeni Malatyaspor,1540,1537.0,1,0,Turkey,domestic league (tier 1)
2022/04/24,Süperlig,0,Istanbul Basaksehir,1785,1794.0,3 - 0,Hatayspor,1691,1682.0,3,0,Turkey,domestic league (tier 1)
2022/05/07,Süperlig,0,Istanbul Basaksehir,1805,1801.0,0 - 0,Galatasaray,1767,1771.0,0,0,Turkey,domestic league (tier 1)
2022/05/22,Süperlig,0,Istanbul Basaksehir,1800,1815.0,3 - 1,Trabzonspor,1889,1874.0,3,1,Turkey,domestic league (tier 1)
2022/08/08,Süperlig,0,Istanbul Basaksehir,1824,1834.0,4 - 0,Kasimpasa SK,1741,1731.0,4,0,Turkey,domestic league (tier 1)
2022/08/21,Süperlig,0,Istanbul Basaksehir,1836,1841.0,2 - 0,Kayserispor,1673,1668.0,2,0,Turkey,domestic league (tier 1)
2022/09/03,Süperlig,0,Istanbul Basaksehir,1856,1863.0,2 - 0,Alanyaspor,1752,1745.0,2,0,Turkey,domestic league (tier 1)
2022/09/18,Süperlig,0,Istanbul Basaksehir,1903,1896.0,0 - 0,Fatih Karagümrük SK,1698,1705.0,0,0,Turkey,domestic league (tier 1)
2022/10/10,Süperlig,0,Istanbul Basaksehir,1894,1868.0,0 - 2,Sivasspor,1671,1697.0,0,2,Turkey,domestic league (tier 1)
2022/10/16,Süperlig,0,Istanbul Basaksehir,1870,1873.0,2 - 0,Istanbulspor AS,1592,1589.0,2,0,Turkey,domestic league (tier 1)
2022/10/31,Süperlig,0,Istanbul Basaksehir,1862,1866.0,3 - 1,Giresunspor,1619,1615.0,3,1,Turkey,domestic league (tier 1)
2022/11/12,Süperlig,0,Istanbul Basaksehir,1866,1835.0,0 - 7,Galatasaray,1822,1853.0,0,7,Turkey,domestic league (tier 1)
2022/12/20,Turkey Cup,0,Istanbul Basaksehir,1835,1838.0,3 - 1,Göztepe,1521,1518.0,3,1,Turkey,domestic cup
2022/12/27,Süperlig,0,Istanbul Basaksehir,1847,1854.0,2 - 0,Antalyaspor,1729,1722.0,2,0,Turkey,domestic league (tier 1)
2023/01/09,Süperlig,0,Istanbul Basaksehir,1852,1857.0,2 - 1,Adana Demirspor,1779,1774.0,2,1,Turkey,domestic league (tier 1)
2023/01/29,Süperlig,0,Istanbul Basaksehir,1861,1868.0,2 - 0,Konyaspor,1759,1752.0,2,0,Turkey,domestic league (tier 1)
2023/03/12,Süperlig,0,Istanbul Basaksehir,1848,1828.0,0 - 2,Besiktas,1818,1838.0,0,2,Turkey,domestic league (tier 1)
2023/04/01,Süperlig,0,Istanbul Basaksehir,1808,1811.0,1 - 0,MKE Ankaragücü,1623,1620.0,1,0,Turkey,domestic league (tier 1)
2023/04/19,Süperlig,0,Istanbul Basaksehir,1812,1803.0,1 - 2,Fenerbahçe,1958,1967.0,1,2,Turkey,domestic league (tier 1)
2023/05/04,Turkey Cup,0,Istanbul Basaksehir,1814,1818.0,1 - 0,MKE Ankaragücü,1652,1648.0,1,0,Turkey,domestic cup
2023/05/17,Süperlig,0,Istanbul Basaksehir,1813,1806.0,1 - 1,Ümraniyespor,1593,1600.0,1,1,Turkey,domestic league (tier 1)
2023/06/06,Süperlig,0,Istanbul Basaksehir,1817,1827.0,3 - 1,Trabzonspor,1804,1794.0,3,1,Turkey,domestic league (tier 1)
2023/08/20,Süperlig,0,Istanbul Basaksehir,1799,1778.0,0 - 2,Fatih Karagümrük,1742,1763.0,0,2,Turkey,domestic league (tier 1)
2023/09/02,Süperlig,0,Istanbul Basaksehir,1778,1765.0,0 - 1,Konyaspor,1755,1768.0,0,1,Turkey,domestic league (tier 1)
2023/09/23,Süperlig,0,Istanbul Basaksehir,1778,1771.0,1 - 2,Galatasaray,1977,1984.0,1,2,Turkey,domestic league (tier 1)
2023/10/07,Süperlig,0,Istanbul Basaksehir,1767,1774.0,2 - 0,Gaziantep FK,1664,1657.0,2,0,Turkey,domestic league (tier 1)
2023/11/05,Süperlig,0,Istanbul Basaksehir,1762,1757.0,3 - 3,MKE Ankaragücü,1680,1685.0,3,3,Turkey,domestic league (tier 1)
2023/11/27,Süperlig,0,Istanbul Basaksehir,1753,1759.0,4 - 1,Pendikspor,1567,1561.0,4,1,Turkey,domestic league (tier 1)
2023/12/07,Turkey Cup,0,Istanbul Basaksehir,1749,1751.0,2 - 0,Sanliurfaspor,1419,1417.0,2,0,Turkey,domestic cup
2023/12/10,Süperlig,0,Istanbul Basaksehir,1751,1757.0,1 - 0,Hatayspor,1687,1681.0,1,0,Turkey,domestic league (tier 1)
2023/12/19,Süperlig,0,Istanbul Basaksehir,1757,1765.0,3 - 1,Sivasspor,1687,1679.0,3,1,Turkey,domestic league (tier 1)
2024/01/06,Süperlig,0,Istanbul Basaksehir,1769,1767.0,0 - 0,Adana Demirspor,1815,1817.0,0,0,Turkey,domestic league (tier 1)
2024/01/13,Süperlig,0,Istanbul Basaksehir,1787,1791.0,3 - 2,Alanyaspor,1666,1662.0,3,2,Turkey,domestic league (tier 1)
2024/01/17,Turkey Cup,0,Istanbul Basaksehir,1791,1792.0,1 - 0,Boluspor,1422,1421.0,1,0,Turkey,domestic cup
2024/01/24,Süperlig,0,Istanbul Basaksehir,1792,1785.0,0 - 1,Fenerbahçe,2010,2017.0,0,1,Turkey,domestic league (tier 1)
2024/02/03,Süperlig,0,Istanbul Basaksehir,1796,1800.0,2 - 0,Istanbulspor AS,1563,1559.0,2,0,Turkey,domestic league (tier 1)
2024/02/07,Turkey Cup,0,Istanbul Basaksehir,1800,1794.0,1 - 1,Hatayspor,1678,1684.0,1,1,Turkey,domestic cup
2024/02/19,Süperlig,0,Istanbul Basaksehir,1790,1774.0,2 - 3,Kayserispor,1648,1664.0,2,3,Turkey,domestic league (tier 1)
2024/03/03,Süperlig,0,Istanbul Basaksehir,1782,1787.0,1 - 0,Samsunspor,1697,1692.0,1,0,Turkey,domestic league (tier 1)
2024/03/09,Süperlig,0,Istanbul Basaksehir,1787,1792.0,1 - 0,Antalyaspor,1704,1699.0,1,0,Turkey,domestic league (tier 1)
2024/04/04,Süperlig,0,Istanbul Basaksehir,1782,1780.0,1 - 1,Besiktas,1805,1807.0,1,1,Turkey,domestic league (tier 1)
2024/04/21,Süperlig,0,Istanbul Basaksehir,1787,1794.0,2 - 0,Çaykur Rizespor,1693,1686.0,2,0,Turkey,domestic league (tier 1)
2024/05/05,Süperlig,0,Istanbul Basaksehir,1802,1810.0,4 - 1,Kasimpasa SK,1694,1686.0,4,1,Turkey,domestic league (tier 1)
2024/05/18,Süperlig,0,Istanbul Basaksehir,1820,1807.0,0 - 1,Trabzonspor,1827,1840.0,0,1,Turkey,domestic league (tier 1)
2024/08/18,Süperlig,0,Istanbul Basaksehir,1827,1834.0,4 - 2,Alanyaspor,1725,1718.0,4,2,Turkey,domestic league (tier 1)
2024/09/01,Süperlig,0,Istanbul Basaksehir,1830,1837.0,5 - 2,Antalyaspor,1676,1669.0,5,2,Turkey,domestic league (tier 1)
2024/10/05,Süperlig,0,Istanbul Basaksehir,1818,1811.0,1 - 1,Kayserispor,1609,1616.0,1,1,Turkey,domestic league (tier 1)
2024/10/28,Süperlig,0,Istanbul Basaksehir,1784,1778.0,1 - 1,Eyüpspor,1648,1654.0,1,1,Turkey,domestic league (tier 1)
2024/11/10,Süperlig,0,Istanbul Basaksehir,1774,1774.0,0 - 0,Besiktas,1863,1863.0,0,0,Turkey,domestic league (tier 1)
2024/11/30,Süperlig,0,Istanbul Basaksehir,1749,1760.0,4 - 1,Göztepe,1711,1700.0,4,1,Turkey,domestic league (tier 1)
2024/12/08,Süperlig,0,Istanbul Basaksehir,1760,1767.0,3 - 0,Hatayspor,1617,1610.0,3,0,Turkey,domestic league (tier 1)
2024/12/23,Süperlig,0,Istanbul Basaksehir,1781,1777.0,2 - 2,Kasimpasa SK,1726,1730.0,2,2,Turkey,domestic league (tier 1)
2025/01/12,Süperlig,0,Istanbul Basaksehir,1793,1787.0,1 - 2,Galatasaray,2032,2038.0,1,2,Turkey,domestic league (tier 1)
2025/01/18,Süperlig,0,Istanbul Basaksehir,1787,1794.0,2 - 0,Çaykur Rizespor,1668,1661.0,2,0,Turkey,domestic league (tier 1)
2025/02/01,Süperlig,0,Istanbul Basaksehir,1784,1797.0,4 - 0,Samsunspor,1773,1760.0,4,0,Turkey,domestic league (tier 1)
2025/02/04,Turkey Cup,0,Istanbul Basaksehir,1797,1800.0,4 - 1,Çorum FK,1515,1512.0,4,1,Turkey,domestic cup
2025/02/15,Süperlig,0,Istanbul Basaksehir,1798,1780.0,0 - 1,Bodrum FK,1473,1491.0,0,1,Turkey,domestic league (tier 1)
2025/03/03,Süperlig,0,Istanbul Basaksehir,1780,1784.0,1 - 0,Sivasspor,1653,1649.0,1,0,Turkey,domestic league (tier 1)
2025/03/15,Süperlig,0,Istanbul Basaksehir,1766,1744.0,0 - 3,Trabzonspor,1777,1799.0,0,3,Turkey,domestic league (tier 1)
2025/04/05,Süperlig,0,Istanbul Basaksehir,1761,1767.0,1 - 0,Konyaspor,1712,1706.0,1,0,Turkey,domestic league (tier 1)
2025/04/20,Süperlig,0,Istanbul Basaksehir,1789,1794.0,2 - 1,Gaziantep FK,1717,1712.0,2,1,Turkey,domestic league (tier 1)
2025/05/09,Süperlig,0,Istanbul Basaksehir,1788,1777.0,1 - 4,Fenerbahçe,2019,2030.0,1,4,Turkey,domestic league (tier 1)
2025/05/25,Süperlig,0,Istanbul Basaksehir,1788,1770.0,2 - 3,Adana Demirspor,1478,1496.0,2,3,Turkey,domestic league (tier 1)
2025/08/17,Süperlig,0,Istanbul Basaksehir,1799,1793.0,1 - 1,Kayserispor,1684,1690.0,1,1,Turkey,domestic league (tier 1)
2025/08/31,Süperlig,0,Istanbul Basaksehir,1777,1771.0,0 - 0,Eyüpspor,1642,1648.0,0,0,Turkey,domestic league (tier 1)
2025/09/21,Süperlig,0,Istanbul Basaksehir,1777,1773.0,1 - 1,Alanyaspor,1732,1736.0,1,1,Turkey,domestic league (tier 1)
2025/10/18,Süperlig,0,Istanbul Basaksehir,1757,1752.0,1 - 2,Galatasaray,2071,2076.0,1,2,Turkey,domestic league (tier 1)
2025/10/31,Süperlig,0,Istanbul Basaksehir,1770,1773.0,1 - 0,Kocaelispor,1568,1565.0,1,0,Turkey,domestic league (tier 1)
2025/11/24,Süperlig,0,Istanbul Basaksehir,1760,1749.0,3 - 4,Trabzonspor,1835,1846.0,3,4,Turkey,domestic league (tier 1)
2025/12/06,Süperlig,0,Istanbul Basaksehir,1765,1769.0,1 - 1,Fenerbahçe,2016,2012.0,1,1,Turkey,domestic league (tier 1)
2025/12/22,Süperlig,0,Istanbul Basaksehir,1787,1796.0,5 - 1,Gaziantep FK,1687,1678.0,5,1,Turkey,domestic league (tier 1)
2026/01/13,Turkey Cup,0,Istanbul Basaksehir,1796,1798.0,2 - 1,Boluspor,1549,1547.0,2,1,Turkey,domestic cup
2026/01/17,Süperlig,0,Istanbul Basaksehir,1798,1801.0,2 - 1,Fatih Karagümrük,1574,1571.0,2,1,Turkey,domestic league (tier 1)
2026/01/31,Süperlig,0,Istanbul Basaksehir,1815,1809.0,2 - 2,Çaykur Rizespor,1675,1681.0,2,2,Turkey,domestic league (tier 1)
2026/02/15,Süperlig,0,Istanbul Basaksehir,1828,1815.0,2 - 3,Besiktas,1835,1848.0,2,3,Turkey,domestic league (tier 1)
2026/02/27,Süperlig,0,Istanbul Basaksehir,1826,1832.0,2 - 0,Konyaspor,1689,1683.0,2,0,Turkey,domestic league (tier 1)
2026/03/03,Turkey Cup,0,Istanbul Basaksehir,1832,1814.0,2 - 4,Trabzonspor,1861,1879.0,2,4,Turkey,domestic cup
2026/03/07,Süperlig,0,Istanbul Basaksehir,1814,1821.0,2 - 1,Göztepe,1793,1786.0,2,1,Turkey,domestic league (tier 1)
2026/03/18,Süperlig,0,Istanbul Basaksehir,1817,1809.0,0 - 0,Antalyaspor,1553,1561.0,0,0,Turkey,domestic league (tier 1)
2026/04/11,Süperlig,0,Istanbul Basaksehir,1806,1811.0,3 - 0,Gençlerbirligi,1599,1594.0,3,0,Turkey,domestic league (tier 1)
2026/04/24,Süperlig,0,Istanbul Basaksehir,1816,1823.0,4 - 0,Kasimpasa SK,1660,1653.0,4,0,Turkey,domestic league (tier 1)
2026/05/09,Süperlig,0,Istanbul Basaksehir,1817,1829.0,3 - 0,Samsunspor,1796,1784.0,3,0,Turkey,domestic league (tier 1)
2026/08/16,Süperlig,0,Istanbul Basaksehir,1818,1822.0,2 - 0,Kocaelispor,1602,1598.0,2,0,Turkey,domestic league (tier 1)
2026/08/30,Süperlig,0,Istanbul Basaksehir,1816,1810.0,1 - 1,Kasimpasa SK,1672,1678.0,1,1,Turkey,domestic league (tier 1)
2026/09/04,Süperlig,0,Istanbul Basaksehir,1810,,Info,Galatasaray,1998,,,,Turkey,domestic league (tier 1)
2016/08/21,Süperlig,0,Istanbul Basaksehir (as Istanbul Basaksehir F.K.),1791,1802.0,1 - 0,Fenerbahçe,1939,1928.0,1,0,Turkey,domestic league (tier 1)
2016/09/10,Süperlig,0,Istanbul Basaksehir (as Istanbul Basaksehir F.K.),1815,1822.0,3 - 1,Kasimpasa SK,1694,1687.0,3,1,Turkey,domestic league (tier 1)
2016/09/24,Süperlig,0,Istanbul Basaksehir (as Istanbul Basaksehir F.K.),1829,1826.0,2 - 2,Ankaraspor (as Osmanlispor FK),1807,1810.0,2,2,Turkey,domestic league (tier 1)
2016/10/16,Süperlig,0,Istanbul Basaksehir (as Istanbul Basaksehir F.K.),1840,1836.0,1 - 1,Konyaspor,1797,1801.0,1,1,Turkey,domestic league (tier 1)
2016/10/30,Süperlig,0,Istanbul Basaksehir (as Istanbul Basaksehir F.K.),1847,1854.0,5 - 1,Akhisar Belediyespor,1677,1670.0,5,1,Turkey,domestic league (tier 1)
2016/11/21,Süperlig,0,Istanbul Basaksehir (as Istanbul Basaksehir F.K.),1867,1870.0,2 - 1,Çaykur Rizespor,1647,1644.0,2,1,Turkey,domestic league (tier 1)
2016/12/03,Süperlig,0,Istanbul Basaksehir (as Istanbul Basaksehir F.K.),1875,1868.0,2 - 2,Antalyaspor,1666,1673.0,2,2,Turkey,domestic league (tier 1)
2016/12/17,Süperlig,0,Istanbul Basaksehir (as Istanbul Basaksehir F.K.),1870,1873.0,1 - 0,Trabzonspor,1656,1653.0,1,0,Turkey,domestic league (tier 1)
2017/01/14,Süperlig,0,Istanbul Basaksehir (as Istanbul Basaksehir F.K.),1875,1879.0,5 - 0,Kayserispor,1600,1596.0,5,0,Turkey,domestic league (tier 1)
2017/01/29,Süperlig,0,Istanbul Basaksehir (as Istanbul Basaksehir F.K.),1870,1873.0,1 - 0,Bursaspor,1681,1678.0,1,0,Turkey,domestic league (tier 1)
2017/02/18,Süperlig,0,Istanbul Basaksehir (as Istanbul Basaksehir F.K.),1856,1848.0,0 - 0,Gaziantepspor,1549,1557.0,0,0,Turkey,domestic league (tier 1)
2017/03/05,Süperlig,0,Istanbul Basaksehir (as Istanbul Basaksehir F.K.),1852,1855.0,2 - 1,Alanyaspor,1625,1622.0,2,1,Turkey,domestic league (tier 1)
2017/03/19,Süperlig,0,Istanbul Basaksehir (as Istanbul Basaksehir F.K.),1871,1864.0,3 - 3,Karabükspor,1641,1648.0,3,3,Turkey,domestic league (tier 1)
2017/04/10,Süperlig,0,Istanbul Basaksehir (as Istanbul Basaksehir F.K.),1863,1875.0,4 - 0,Galatasaray,1830,1818.0,4,0,Turkey,domestic league (tier 1)
2017/04/30,Süperlig,0,Istanbul Basaksehir (as Istanbul Basaksehir F.K.),1870,1885.0,3 - 1,Besiktas,1977,1962.0,3,1,Turkey,domestic league (tier 1)
2017/05/13,Süperlig,0,Istanbul Basaksehir (as Istanbul Basaksehir F.K.),1893,1896.0,2 - 1,Gençlerbirligi,1713,1710.0,2,1,Turkey,domestic league (tier 1)
2017/05/27,Süperlig,0,Istanbul Basaksehir (as Istanbul Basaksehir F.K.),1898,1899.0,2 - 1,Adanaspor,1526,1525.0,2,1,Turkey,domestic league (tier 1)
2017/08/11,Süperlig,0,Istanbul Basaksehir (as Istanbul Basaksehir F.K.),1918,1920.0,1 - 0,Bursaspor,1606,1604.0,1,0,Turkey,domestic league (tier 1)
2017/08/27,Süperlig,0,Istanbul Basaksehir (as Istanbul Basaksehir F.K.),1895,1899.0,2 - 1,Konyaspor,1726,1722.0,2,1,Turkey,domestic league (tier 1)
2017/09/17,Süperlig,0,Istanbul Basaksehir (as Istanbul Basaksehir F.K.),1908,1902.0,2 - 2,Trabzonspor,1747,1753.0,2,2,Turkey,domestic league (tier 1)
2017/10/14,Süperlig,0,Istanbul Basaksehir (as Istanbul Basaksehir F.K.),1882,1885.0,2 - 1,Alanyaspor,1657,1654.0,2,1,Turkey,domestic league (tier 1)
2017/10/28,Süperlig,0,Istanbul Basaksehir (as Istanbul Basaksehir F.K.),1883,1887.0,2 - 1,Akhisar Belediyespor,1765,1761.0,2,1,Turkey,domestic league (tier 1)
2017/11/18,Süperlig,0,Istanbul Basaksehir (as Istanbul Basaksehir F.K.),1893,1905.0,5 - 1,Galatasaray,1855,1843.0,5,1,Turkey,domestic league (tier 1)
2017/12/03,Süperlig,0,Istanbul Basaksehir (as Istanbul Basaksehir F.K.),1920,1922.0,1 - 0,Ankaraspor (as Osmanlispor FK),1638,1636.0,1,0,Turkey,domestic league (tier 1)
2017/12/17,Süperlig,0,Istanbul Basaksehir (as Istanbul Basaksehir F.K.),1915,1919.0,4 - 1,Antalyaspor,1677,1673.0,4,1,Turkey,domestic league (tier 1)
2018/01/29,Süperlig,0,Istanbul Basaksehir (as Istanbul Basaksehir F.K.),1913,1916.0,5 - 0,Karabükspor,1548,1545.0,5,0,Turkey,domestic league (tier 1)
2018/02/11,Süperlig,0,Istanbul Basaksehir (as Istanbul Basaksehir F.K.),1912,1893.0,0 - 2,Fenerbahçe,1908,1927.0,0,2,Turkey,domestic league (tier 1)
2018/02/26,Süperlig,0,Istanbul Basaksehir (as Istanbul Basaksehir F.K.),1902,1895.0,1 - 1,Gençlerbirligi,1694,1701.0,1,1,Turkey,domestic league (tier 1)
2018/03/03,Süperlig,0,Istanbul Basaksehir (as Istanbul Basaksehir F.K.),1895,1898.0,2 - 0,Göztepe,1630,1627.0,2,0,Turkey,domestic league (tier 1)
2018/03/18,Süperlig,0,Istanbul Basaksehir (as Istanbul Basaksehir F.K.),1872,1882.0,1 - 0,Besiktas,1987,1977.0,1,0,Turkey,domestic league (tier 1)
2018/04/06,Süperlig,0,Istanbul Basaksehir (as Istanbul Basaksehir F.K.),1890,1892.0,1 - 0,Yeni Malatyaspor,1614,1612.0,1,0,Turkey,domestic league (tier 1)
2018/04/20,Süperlig,0,Istanbul Basaksehir (as Istanbul Basaksehir F.K.),1880,1885.0,3 - 1,Kayserispor,1700,1695.0,3,1,Turkey,domestic league (tier 1)
2018/05/04,Süperlig,0,Istanbul Basaksehir (as Istanbul Basaksehir F.K.),1898,1891.0,1 - 1,Sivasspor,1687,1694.0,1,1,Turkey,domestic league (tier 1)
2018/05/19,Süperlig,0,Istanbul Basaksehir (as Istanbul Basaksehir F.K.),1901,1904.0,3 - 2,Kasimpasa SK,1696,1693.0,3,2,Turkey,domestic league (tier 1)
2018/08/12,Süperlig,0,Istanbul Basaksehir (as Istanbul Basaksehir F.K.),1902,1908.0,2 - 0,Trabzonspor,1757,1751.0,2,0,Turkey,domestic league (tier 1)
2018/08/27,Süperlig,0,Istanbul Basaksehir (as Istanbul Basaksehir F.K.),1889,1894.0,3 - 1,Akhisar Belediyespor,1719,1714.0,3,1,Turkey,domestic league (tier 1)
2018/09/16,Süperlig,0,Istanbul Basaksehir (as Istanbul Basaksehir F.K.),1898,1903.0,4 - 0,Antalyaspor,1666,1661.0,4,0,Turkey,domestic league (tier 1)
2018/10/01,Süperlig,0,Istanbul Basaksehir (as Istanbul Basaksehir F.K.),1899,1891.0,1 - 1,Yeni Malatyaspor,1649,1657.0,1,1,Turkey,domestic league (tier 1)
2018/10/20,Süperlig,0,Istanbul Basaksehir (as Istanbul Basaksehir F.K.),1893,1895.0,1 - 0,Kayserispor,1647,1645.0,1,0,Turkey,domestic league (tier 1)
2018/11/03,Süperlig,0,Istanbul Basaksehir (as Istanbul Basaksehir F.K.),1903,1910.0,1 - 0,Besiktas,1905,1898.0,1,0,Turkey,domestic league (tier 1)
2018/12/01,Süperlig,0,Istanbul Basaksehir (as Istanbul Basaksehir F.K.),1925,1907.0,0 - 1,Sivasspor,1670,1688.0,0,1,Turkey,domestic league (tier 1)
2018/12/15,Süperlig,0,Istanbul Basaksehir (as Istanbul Basaksehir F.K.),1905,1900.0,1 - 1,Galatasaray,1824,1829.0,1,1,Turkey,domestic league (tier 1)
2019/01/28,Süperlig,0,Istanbul Basaksehir (as Istanbul Basaksehir F.K.),1882,1887.0,2 - 0,Kasimpasa SK,1717,1712.0,2,0,Turkey,domestic league (tier 1)
2019/02/09,Süperlig,0,Istanbul Basaksehir (as Istanbul Basaksehir F.K.),1899,1890.0,1 - 1,BB Erzurumspor,1549,1558.0,1,1,Turkey,domestic league (tier 1)
2019/02/24,Süperlig,0,Istanbul Basaksehir (as Istanbul Basaksehir F.K.),1896,1900.0,3 - 0,Bursaspor,1623,1619.0,3,0,Turkey,domestic league (tier 1)
2019/03/09,Süperlig,0,Istanbul Basaksehir (as Istanbul Basaksehir F.K.),1910,1914.0,2 - 1,Fenerbahçe,1786,1782.0,2,1,Turkey,domestic league (tier 1)
2019/04/07,Süperlig,0,Istanbul Basaksehir (as Istanbul Basaksehir F.K.),1910,1914.0,2 - 0,Konyaspor,1683,1679.0,2,0,Turkey,domestic league (tier 1)
2019/04/21,Süperlig,0,Istanbul Basaksehir (as Istanbul Basaksehir F.K.),1907,1900.0,1 - 1,Çaykur Rizespor,1704,1711.0,1,1,Turkey,domestic league (tier 1)
2019/04/26,Süperlig,0,Istanbul Basaksehir (as Istanbul Basaksehir F.K.),1900,1873.0,0 - 2,Göztepe,1610,1637.0,0,2,Turkey,domestic league (tier 1)
2019/05/12,Süperlig,0,Istanbul Basaksehir (as Istanbul Basaksehir F.K.),1870,1872.0,2 - 1,MKE Ankaragücü,1605,1603.0,2,1,Turkey,domestic league (tier 1)
2019/05/24,Süperlig,0,Istanbul Basaksehir (as Istanbul Basaksehir F.K.),1865,1858.0,1 - 1,Alanyaspor,1659,1666.0,1,1,Turkey,domestic league (tier 1)
2019/08/24,Süperlig,0,Istanbul Basaksehir (as Istanbul Basaksehir F.K.),1819,1806.0,1 - 2,Fenerbahçe,1806,1819.0,1,2,Turkey,domestic league (tier 1)
2019/09/14,Süperlig,0,Istanbul Basaksehir (as Istanbul Basaksehir F.K.),1813,1807.0,1 - 1,Sivasspor,1677,1683.0,1,1,Turkey,domestic league (tier 1)
2019/09/27,Süperlig,0,Istanbul Basaksehir (as Istanbul Basaksehir F.K.),1806,1815.0,5 - 0,Çaykur Rizespor,1695,1686.0,5,0,Turkey,domestic league (tier 1)
2019/10/19,Süperlig,0,Istanbul Basaksehir (as Istanbul Basaksehir F.K.),1824,1828.0,2 - 1,Göztepe,1673,1669.0,2,1,Turkey,domestic league (tier 1)
2019/10/28,Süperlig,0,Istanbul Basaksehir (as Istanbul Basaksehir F.K.),1836,1833.0,2 - 2,Trabzonspor,1820,1823.0,2,2,Turkey,domestic league (tier 1)
2019/11/10,Süperlig,0,Istanbul Basaksehir (as Istanbul Basaksehir F.K.),1858,1860.0,2 - 1,MKE Ankaragücü,1583,1581.0,2,1,Turkey,domestic league (tier 1)
2019/12/01,Süperlig,0,Istanbul Basaksehir (as Istanbul Basaksehir F.K.),1855,1858.0,2 - 0,Antalyaspor,1596,1593.0,2,0,Turkey,domestic league (tier 1)
2019/12/16,Süperlig,0,Istanbul Basaksehir (as Istanbul Basaksehir F.K.),1876,1869.0,1 - 1,Konyaspor,1640,1647.0,1,1,Turkey,domestic league (tier 1)
2019/12/28,Süperlig,0,Istanbul Basaksehir (as Istanbul Basaksehir F.K.),1878,1882.0,5 - 1,Kasimpasa SK,1609,1605.0,5,1,Turkey,domestic league (tier 1)
2020/01/18,Süperlig,0,Istanbul Basaksehir (as Istanbul Basaksehir F.K.),1882,1888.0,4 - 1,Yeni Malatyaspor,1698,1692.0,4,1,Turkey,domestic league (tier 1)
2020/01/31,Süperlig,0,Istanbul Basaksehir (as Istanbul Basaksehir F.K.),1875,1878.0,3 - 1,Gençlerbirligi,1621,1618.0,3,1,Turkey,domestic league (tier 1)
2020/02/14,Süperlig,0,Istanbul Basaksehir (as Istanbul Basaksehir F.K.),1878,1883.0,1 - 0,Besiktas,1774,1769.0,1,0,Turkey,domestic league (tier 1)
2020/03/02,Süperlig,0,Istanbul Basaksehir (as Istanbul Basaksehir F.K.),1898,1902.0,3 - 1,Gaziantep FK,1650,1646.0,3,1,Turkey,domestic league (tier 1)
2020/06/13,Süperlig,0,Istanbul Basaksehir (as Istanbul Basaksehir F.K.),1924,1929.0,2 - 0,Alanyaspor,1745,1740.0,2,0,Turkey,domestic league (tier 1)
2020/06/28,Süperlig,0,Istanbul Basaksehir (as Istanbul Basaksehir F.K.),1933,1928.0,1 - 1,Galatasaray,1849,1854.0,1,1,Turkey,domestic league (tier 1)
2020/07/07,Süperlig,0,Istanbul Basaksehir (as Istanbul Basaksehir F.K.),1937,1939.0,2 - 0,Denizlispor,1618,1616.0,2,0,Turkey,domestic league (tier 1)
2020/07/19,Süperlig,0,Istanbul Basaksehir (as Istanbul Basaksehir F.K.),1923,1925.0,1 - 0,Kayserispor,1620,1618.0,1,0,Turkey,domestic league (tier 1)
2017/08/12,1. Lig,0,Istanbulspor AS,1304,1309.0,2 - 2,Eskisehirspor,1579,1574.0,2,2,Turkey,domestic league (tier 2)
2017/08/27,1. Lig,0,Istanbulspor AS,1325,1318.0,0 - 1,Giresunspor,1523,1530.0,0,1,Turkey,domestic league (tier 2)
2017/09/15,1. Lig,0,Istanbulspor AS,1315,1326.0,1 - 0,Gaziantep FK (as Gazisehir Gaziantep FK),1456,1445.0,1,0,Turkey,domestic league (tier 2)
2017/09/30,1. Lig,0,Istanbulspor AS,1353,1354.0,2 - 2,Adana Demirspor,1474,1473.0,2,2,Turkey,domestic league (tier 2)
2017/10/21,1. Lig,0,Istanbulspor AS,1348,1368.0,2 - 0,Altinordu FK,1575,1555.0,2,0,Turkey,domestic league (tier 2)
2017/11/05,1. Lig,0,Istanbulspor AS,1363,1384.0,4 - 1,Balikesirspor,1536,1515.0,4,1,Turkey,domestic league (tier 2)
2017/11/25,1. Lig,0,Istanbulspor AS,1379,1378.0,1 - 1,Samsunspor,1451,1452.0,1,1,Turkey,domestic league (tier 2)
2017/12/08,1. Lig,0,Istanbulspor AS,1379,1390.0,1 - 0,Boluspor,1506,1495.0,1,0,Turkey,domestic league (tier 2)
2017/12/23,1. Lig,0,Istanbulspor AS,1407,1397.0,1 - 2,Elazigspor,1503,1513.0,1,2,Turkey,domestic league (tier 2)
2018/01/29,1. Lig,0,Istanbulspor AS,1410,1418.0,2 - 1,Denizlispor,1423,1415.0,2,1,Turkey,domestic league (tier 2)
2018/02/11,1. Lig,0,Istanbulspor AS,1434,1445.0,2 - 1,Ümraniyespor,1565,1554.0,2,1,Turkey,domestic league (tier 2)
2018/02/21,1. Lig,0,Istanbulspor AS,1437,1444.0,1 - 0,Manisaspor,1411,1404.0,1,0,Turkey,domestic league (tier 2)
2018/03/04,1. Lig,0,Istanbulspor AS,1436,1433.0,2 - 2,BB Erzurumspor,1441,1444.0,2,2,Turkey,domestic league (tier 2)
2018/03/12,1. Lig,0,Istanbulspor AS,1426,1415.0,1 - 2,MKE Ankaragücü,1492,1503.0,1,2,Turkey,domestic league (tier 2)
2018/04/01,1. Lig,0,Istanbulspor AS,1430,1423.0,2 - 3,Çaykur Rizespor,1634,1641.0,2,3,Turkey,domestic league (tier 2)
2018/04/13,1. Lig,0,Istanbulspor AS,1426,1433.0,4 - 0,Gaziantepspor,1278,1271.0,4,0,Turkey,domestic league (tier 2)
2018/04/28,1. Lig,0,Istanbulspor AS,1428,1444.0,4 - 0,Adanaspor,1472,1456.0,4,0,Turkey,domestic league (tier 2)
2018/08/13,1. Lig,0,Istanbulspor AS,1448,1452.0,4 - 3,Afjet Afyonspor,1323,1319.0,4,3,Turkey,domestic league (tier 2)
2018/08/25,1. Lig,0,Istanbulspor AS,1457,1429.0,0 - 5,Altay Izmir,1409,1437.0,0,5,Turkey,domestic league (tier 2)
2018/09/15,1. Lig,0,Istanbulspor AS,1433,1430.0,1 - 1,Adanaspor,1409,1412.0,1,1,Turkey,domestic league (tier 2)
2018/09/30,1. Lig,0,Istanbulspor AS,1420,1409.0,1 - 3,Boluspor,1614,1625.0,1,3,Turkey,domestic league (tier 2)
2018/10/21,1. Lig,0,Istanbulspor AS,1415,1430.0,3 - 1,Giresunspor,1513,1498.0,3,1,Turkey,domestic league (tier 2)
2018/11/05,1. Lig,0,Istanbulspor AS,1423,1440.0,3 - 0,Balikesirspor,1511,1494.0,3,0,Turkey,domestic league (tier 2)
2018/11/24,1. Lig,0,Istanbulspor AS,1437,1458.0,2 - 0,Gençlerbirligi,1676,1655.0,2,0,Turkey,domestic league (tier 2)
2018/12/14,1. Lig,0,Istanbulspor AS,1459,1459.0,1 - 1,Ümraniyespor,1552,1552.0,1,1,Turkey,domestic league (tier 2)
2019/01/26,1. Lig,0,Istanbulspor AS,1453,1454.0,2 - 2,Gaziantep FK (as Gazisehir Gaziantep FK),1573,1572.0,2,2,Turkey,domestic league (tier 2)
2019/02/10,1. Lig,0,Istanbulspor AS,1456,1468.0,2 - 0,Adana Demirspor,1474,1462.0,2,0,Turkey,domestic league (tier 2)
2019/02/22,1. Lig,0,Istanbulspor AS,1470,1450.0,0 - 3,Hatayspor,1520,1540.0,0,3,Turkey,domestic league (tier 2)
2019/03/10,1. Lig,0,Istanbulspor AS,1444,1435.0,0 - 1,Altinordu FK,1567,1576.0,0,1,Turkey,domestic league (tier 2)
2019/04/02,1. Lig,0,Istanbulspor AS,1438,1445.0,2 - 1,Eskisehirspor,1426,1419.0,2,1,Turkey,domestic league (tier 2)
2019/04/12,1. Lig,0,Istanbulspor AS,1472,1484.0,1 - 0,Ankaraspor (as Osmanlispor FK),1643,1631.0,1,0,Turkey,domestic league (tier 2)
2019/04/28,1. Lig,0,Istanbulspor AS,1480,1475.0,2 - 2,Elazigspor,1394,1399.0,2,2,Turkey,domestic league (tier 2)
2019/05/04,1. Lig,0,Istanbulspor AS,1475,1477.0,1 - 0,Karabükspor,1207,1205.0,1,0,Turkey,domestic league (tier 2)
2019/05/18,1. Lig,0,Istanbulspor AS,1500,1484.0,2 - 5,Denizlispor,1621,1637.0,2,5,Turkey,domestic league (tier 2)
2019/08/26,1. Lig,0,Istanbulspor AS,1490,1486.0,2 - 2,Altay Izmir,1460,1464.0,2,2,Turkey,domestic league (tier 2)
2019/09/15,1. Lig,0,Istanbulspor AS,1481,1487.0,2 - 1,Giresunspor,1421,1415.0,2,1,Turkey,domestic league (tier 2)
2019/09/20,1. Lig,0,Istanbulspor AS,1487,1484.0,2 - 2,Balikesirspor,1471,1474.0,2,2,Turkey,domestic league (tier 2)
2019/10/05,1. Lig,0,Istanbulspor AS,1497,1496.0,1 - 1,Keçiörengücü,1568,1569.0,1,1,Turkey,domestic league (tier 2)
2019/10/26,1. Lig,0,Istanbulspor AS,1497,1488.0,1 - 2,Bursaspor,1623,1632.0,1,2,Turkey,domestic league (tier 2)
2019/11/09,1. Lig,0,Istanbulspor AS,1491,1475.0,1 - 2,Menemen Belediyespor,1365,1381.0,1,2,Turkey,domestic league (tier 2)
2019/11/29,1. Lig,0,Istanbulspor AS,1472,1489.0,4 - 0,Fatih Karagümrük SK,1539,1522.0,4,0,Turkey,domestic league (tier 2)
2019/12/14,1. Lig,0,Istanbulspor AS,1482,1488.0,1 - 0,Eskisehirspor,1428,1422.0,1,0,Turkey,domestic league (tier 2)
2019/12/29,1. Lig,0,Istanbulspor AS,1486,1470.0,0 - 2,Adana Demirspor,1557,1573.0,0,2,Turkey,domestic league (tier 2)
2020/01/19,1. Lig,0,Istanbulspor AS,1470,1471.0,1 - 1,BB Erzurumspor,1622,1621.0,1,1,Turkey,domestic league (tier 2)
2020/02/03,1. Lig,0,Istanbulspor AS,1465,1474.0,2 - 1,Ümraniyespor,1528,1519.0,2,1,Turkey,domestic league (tier 2)
2020/02/23,1. Lig,0,Istanbulspor AS,1501,1497.0,0 - 0,Boluspor,1435,1439.0,0,0,Turkey,domestic league (tier 2)
2020/03/01,1. Lig,0,Istanbulspor AS,1501,1506.0,1 - 0,Adanaspor,1394,1389.0,1,0,Turkey,domestic league (tier 2)
2020/03/11,1. Lig,0,Istanbulspor AS,1512,1492.0,0 - 2,Altinordu FK,1497,1517.0,0,2,Turkey,domestic league (tier 2)
2020/06/19,1. Lig,0,Istanbulspor AS,1492,1494.0,2 - 2,Hatayspor,1653,1651.0,2,2,Turkey,domestic league (tier 2)
2020/07/02,1. Lig,0,Istanbulspor AS,1482,1472.0,0 - 1,Akhisar Belediyespor,1595,1605.0,0,1,Turkey,domestic league (tier 2)
2020/07/12,1. Lig,0,Istanbulspor AS,1490,1497.0,1 - 0,Ankaraspor (as Osmanlispor FK),1491,1484.0,1,0,Turkey,domestic league (tier 2)
2020/09/20,1. Lig,0,Istanbulspor AS,1479,1488.0,2 - 1,Altay Izmir,1557,1548.0,2,1,Turkey,domestic league (tier 2)
2020/10/02,1. Lig,0,Istanbulspor AS,1507,1512.0,2 - 1,Bandirmaspor,1416,1411.0,2,1,Turkey,domestic league (tier 2)
2020/10/22,1. Lig,0,Istanbulspor AS,1532,1530.0,2 - 2,Akhisar Belediyespor,1561,1563.0,2,2,Turkey,domestic league (tier 2)
2020/10/25,1. Lig,0,Istanbulspor AS,1530,1535.0,3 - 0,Eskisehirspor,1330,1325.0,3,0,Turkey,domestic league (tier 2)
2020/11/28,1. Lig,0,Istanbulspor AS,1534,1530.0,1 - 1,Giresunspor,1472,1476.0,1,1,Turkey,domestic league (tier 2)
2020/12/20,1. Lig,0,Istanbulspor AS,1525,1523.0,3 - 3,Bursaspor,1570,1572.0,3,3,Turkey,domestic league (tier 2)
2020/12/30,1. Lig,0,Istanbulspor AS,1540,1556.0,3 - 1,Adana Demirspor,1667,1651.0,3,1,Turkey,domestic league (tier 2)
2021/01/03,1. Lig,0,Istanbulspor AS,1556,1562.0,5 - 3,Ankaraspor,1408,1402.0,5,3,Turkey,domestic league (tier 2)
2021/01/07,1. Lig,0,Istanbulspor AS,1562,1569.0,5 - 0,Balikesirspor,1403,1396.0,5,0,Turkey,domestic league (tier 2)
2021/01/25,1. Lig,0,Istanbulspor AS,1569,1572.0,1 - 0,Adanaspor,1373,1370.0,1,0,Turkey,domestic league (tier 2)
2021/02/06,1. Lig,0,Istanbulspor AS,1591,1575.0,2 - 3,Ümraniyespor,1446,1462.0,2,3,Turkey,domestic league (tier 2)
2021/02/20,1. Lig,0,Istanbulspor AS,1564,1551.0,0 - 1,Samsunspor,1544,1557.0,0,1,Turkey,domestic league (tier 2)
2021/03/05,1. Lig,0,Istanbulspor AS,1570,1567.0,0 - 0,Keçiörengücü,1553,1556.0,0,0,Turkey,domestic league (tier 2)
2021/03/20,1. Lig,0,Istanbulspor AS,1559,1546.0,1 - 2,Altinordu FK,1536,1549.0,1,2,Turkey,domestic league (tier 2)
2021/04/09,1. Lig,0,Istanbulspor AS,1550,1554.0,2 - 1,Tuzlaspor,1422,1418.0,2,1,Turkey,domestic league (tier 2)
2021/04/18,1. Lig,0,Istanbulspor AS,1563,1570.0,4 - 0,Menemen Belediyespor,1419,1412.0,4,0,Turkey,domestic league (tier 2)
2021/05/01,1. Lig,0,Istanbulspor AS,1581,1575.0,1 - 1,Boluspor,1450,1456.0,1,1,Turkey,domestic league (tier 2)
2021/05/22,1. Lig,0,Istanbulspor AS,1579,1566.0,0 - 1,Altay Izmir,1586,1599.0,0,1,Turkey,domestic league (tier 2)
2021/08/14,1. Lig,0,Istanbulspor AS,1566,1548.0,3 - 4,Manisa FK,1291,1309.0,3,4,Turkey,domestic league (tier 2)
2021/08/29,1. Lig,0,Istanbulspor AS,1537,1550.0,3 - 0,Altinordu FK,1536,1523.0,3,0,Turkey,domestic league (tier 2)
2021/09/16,1. Lig,0,Istanbulspor AS,1550,1538.0,0 - 1,MKE Ankaragücü,1586,1598.0,0,1,Turkey,domestic league (tier 2)
2021/09/26,1. Lig,0,Istanbulspor AS,1539,1543.0,1 - 0,Balikesirspor,1387,1383.0,1,0,Turkey,domestic league (tier 2)
2021/10/18,1. Lig,0,Istanbulspor AS,1531,1536.0,1 - 0,Tuzlaspor,1460,1455.0,1,0,Turkey,domestic league (tier 2)
2021/11/06,1. Lig,0,Istanbulspor AS,1547,1551.0,3 - 2,Menemen Belediyespor,1404,1400.0,3,2,Turkey,domestic league (tier 2)
2021/11/27,1. Lig,0,Istanbulspor AS,1567,1562.0,1 - 1,Denizlispor,1469,1474.0,1,1,Turkey,domestic league (tier 2)
2021/11/30,Turkey Cup,0,Istanbulspor AS,1562,1545.0,2 - 3,Afjet Afyonspor,1332,1349.0,2,3,Turkey,domestic cup
2021/12/11,1. Lig,0,Istanbulspor AS,1536,1543.0,2 - 1,Eyüpspor,1518,1511.0,2,1,Turkey,domestic league (tier 2)
2021/12/20,1. Lig,0,Istanbulspor AS,1531,1539.0,2 - 1,Samsunspor,1575,1567.0,2,1,Turkey,domestic league (tier 2)
2022/01/15,1. Lig,0,Istanbulspor AS,1548,1557.0,1 - 0,Ümraniyespor,1599,1590.0,1,0,Turkey,domestic league (tier 2)
2022/02/16,1. Lig,0,Istanbulspor AS,1591,1575.0,1 - 2,Boluspor,1475,1491.0,1,2,Turkey,domestic league (tier 2)
2022/02/27,1. Lig,0,Istanbulspor AS,1583,1576.0,1 - 1,Kocaelispor,1370,1377.0,1,1,Turkey,domestic league (tier 2)
2022/03/18,1. Lig,0,Istanbulspor AS,1589,1585.0,1 - 1,Keçiörengücü,1524,1528.0,1,1,Turkey,domestic league (tier 2)
2022/04/02,1. Lig,0,Istanbulspor AS,1585,1579.0,0 - 0,Gençlerbirligi,1452,1458.0,0,0,Turkey,domestic league (tier 2)
2022/04/15,1. Lig,0,Istanbulspor AS,1593,1599.0,3 - 1,Bursaspor,1443,1437.0,3,1,Turkey,domestic league (tier 2)
2022/04/24,1. Lig,0,Istanbulspor AS,1588,1575.0,1 - 2,BB Erzurumspor,1568,1581.0,1,2,Turkey,domestic league (tier 2)
2022/05/08,1. Lig,0,Istanbulspor AS,1586,1579.0,1 - 1,Adanaspor,1400,1407.0,1,1,Turkey,domestic league (tier 2)
2022/05/20,1. Lig,0,Istanbulspor AS,1580,1576.0,0 - 0,Bandirmaspor,1528,1532.0,0,0,Turkey,domestic league (tier 2)
2022/05/29,1. Lig,0,Istanbulspor AS,1594,1580.0,0 - 1,BB Erzurumspor,1533,1547.0,0,1,Turkey,domestic league (tier 2)
2022/08/05,Süperlig,0,Istanbulspor AS,1589,1582.0,0 - 2,Trabzonspor,1887,1894.0,0,2,Turkey,domestic league (tier 1)
2022/08/22,Süperlig,0,Istanbulspor AS,1577,1563.0,0 - 4,Konyaspor,1760,1774.0,0,4,Turkey,domestic league (tier 1)
2022/09/17,Süperlig,0,Istanbulspor AS,1586,1589.0,2 - 2,Besiktas,1786,1783.0,2,2,Turkey,domestic league (tier 1)
2022/10/08,Süperlig,0,Istanbulspor AS,1605,1592.0,1 - 2,MKE Ankaragücü,1586,1599.0,1,2,Turkey,domestic league (tier 1)
2022/10/30,Süperlig,0,Istanbulspor AS,1585,1579.0,2 - 5,Fenerbahçe,1957,1963.0,2,5,Turkey,domestic league (tier 1)
2022/11/13,Süperlig,0,Istanbulspor AS,1573,1562.0,0 - 1,Hatayspor,1641,1652.0,0,1,Turkey,domestic league (tier 1)
2022/12/28,Süperlig,0,Istanbulspor AS,1558,1569.0,2 - 1,Kasimpasa SK,1679,1668.0,2,1,Turkey,domestic league (tier 1)
2023/01/09,Süperlig,0,Istanbulspor AS,1563,1564.0,1 - 1,Gaziantep FK,1686,1685.0,1,1,Turkey,domestic league (tier 1)
2023/01/29,Süperlig,0,Istanbulspor AS,1581,1567.0,2 - 4,Kayserispor,1702,1716.0,2,4,Turkey,domestic league (tier 1)
2023/02/05,Süperlig,0,Istanbulspor AS,1584,1595.0,2 - 1,Alanyaspor,1710,1699.0,2,1,Turkey,domestic league (tier 1)
2023/03/13,Süperlig,0,Istanbulspor AS,1595,1614.0,3 - 0,Sivasspor,1730,1711.0,3,0,Turkey,domestic league (tier 1)
2023/04/03,Süperlig,0,Istanbulspor AS,1610,1601.0,0 - 1,Fatih Karagümrük SK,1749,1758.0,0,1,Turkey,domestic league (tier 1)
2023/04/15,Süperlig,0,Istanbulspor AS,1595,1609.0,1 - 0,Istanbul Basaksehir,1826,1812.0,1,0,Turkey,domestic league (tier 1)
2023/04/19,Süperlig,0,Istanbulspor AS,1609,1609.0,3 - 3,Antalyaspor,1712,1712.0,3,3,Turkey,domestic league (tier 1)
2023/05/01,Süperlig,0,Istanbulspor AS,1618,1625.0,1 - 0,Giresunspor,1605,1598.0,1,0,Turkey,domestic league (tier 1)
2023/05/16,Süperlig,0,Istanbulspor AS,1625,1617.0,0 - 2,Galatasaray,1912,1920.0,0,2,Turkey,domestic league (tier 1)
2023/05/30,Süperlig,0,Istanbulspor AS,1611,1600.0,0 - 2,Adana Demirspor,1804,1815.0,0,2,Turkey,domestic league (tier 1)
2023/06/07,Süperlig,0,Istanbulspor AS,1600,1612.0,4 - 0,Ümraniyespor,1575,1563.0,4,0,Turkey,domestic league (tier 1)
2023/08/18,Süperlig,0,Istanbulspor AS,1618,1617.0,1 - 1,Kayserispor,1674,1675.0,1,1,Turkey,domestic league (tier 1)
2023/09/17,Süperlig,0,Istanbulspor AS,1617,1604.0,0 - 2,Istanbul Basaksehir,1765,1778.0,0,2,Turkey,domestic league (tier 1)
2023/09/26,Süperlig,0,Istanbulspor AS,1595,1592.0,0 - 1,Galatasaray,1984,1987.0,0,1,Turkey,domestic league (tier 1)
2023/09/30,Süperlig,0,Istanbulspor AS,1592,1582.0,1 - 2,Antalyaspor,1685,1695.0,1,2,Turkey,domestic league (tier 1)
2023/10/22,Süperlig,0,Istanbulspor AS,1580,1590.0,2 - 1,MKE Ankaragücü,1681,1671.0,2,1,Turkey,domestic league (tier 1)
2023/11/04,Süperlig,0,Istanbulspor AS,1583,1562.0,2 - 4,Pendikspor,1537,1558.0,2,4,Turkey,domestic league (tier 1)
2023/11/25,Süperlig,0,Istanbulspor AS,1551,1562.0,2 - 1,Hatayspor,1700,1689.0,2,1,Turkey,domestic league (tier 1)
2023/12/10,Süperlig,0,Istanbulspor AS,1556,1545.0,0 - 1,Alanyaspor,1618,1629.0,0,1,Turkey,domestic league (tier 1)
2024/01/07,Süperlig,0,Istanbulspor AS,1541,1537.0,1 - 5,Fenerbahçe,2006,2010.0,1,5,Turkey,domestic league (tier 1)
2024/01/14,Süperlig,0,Istanbulspor AS,1545,1547.0,0 - 0,Konyaspor,1700,1698.0,0,0,Turkey,domestic league (tier 1)
2024/01/29,Süperlig,0,Istanbulspor AS,1562,1563.0,1 - 1,Samsunspor,1684,1683.0,1,1,Turkey,domestic league (tier 1)
2024/02/11,Süperlig,0,Istanbulspor AS,1559,1544.0,1 - 3,Gaziantep FK,1669,1684.0,1,3,Turkey,domestic league (tier 1)
2024/02/25,Süperlig,0,Istanbulspor AS,1550,1542.0,0 - 2,Besiktas,1833,1841.0,0,2,Turkey,domestic league (tier 1)
2024/03/10,Süperlig,0,Istanbulspor AS,1548,1539.0,1 - 2,Kasimpasa SK,1699,1708.0,1,2,Turkey,domestic league (tier 1)
2024/04/02,Süperlig,0,Istanbulspor AS,1532,1515.0,0 - 4,Çaykur Rizespor,1662,1679.0,0,4,Turkey,domestic league (tier 1)
2024/04/20,Süperlig,0,Istanbulspor AS,1544,1536.0,1 - 2,Fatih Karagümrük,1703,1711.0,1,2,Turkey,domestic league (tier 1)
2024/05/04,Süperlig,0,Istanbulspor AS,1529,1522.0,0 - 1,Adana Demirspor,1742,1749.0,0,1,Turkey,domestic league (tier 1)
2024/05/17,Süperlig,0,Istanbulspor AS,1519,1508.0,1 - 3,Sivasspor,1708,1719.0,1,3,Turkey,domestic league (tier 1)
2024/08/10,1. Lig,0,Istanbulspor AS,1507,1512.0,3 - 2,Manisa FK,1438,1433.0,3,2,Turkey,domestic league (tier 2)
2024/08/26,1. Lig,0,Istanbulspor AS,1518,1528.0,3 - 0,Sanliurfaspor,1454,1444.0,3,0,Turkey,domestic league (tier 2)
2024/09/14,1. Lig,0,Istanbulspor AS,1524,1535.0,3 - 0,Ümraniyespor,1497,1486.0,3,0,Turkey,domestic league (tier 2)
2024/09/22,1. Lig,0,Istanbulspor AS,1535,1531.0,0 - 0,Bandirmaspor,1478,1482.0,0,0,Turkey,domestic league (tier 2)
2024/10/06,1. Lig,0,Istanbulspor AS,1527,1502.0,0 - 3,Kocaelispor,1466,1491.0,0,3,Turkey,domestic league (tier 2)
2024/10/27,1. Lig,0,Istanbulspor AS,1490,1476.0,1 - 2,Boluspor,1456,1470.0,1,2,Turkey,domestic league (tier 2)
2024/11/09,1. Lig,0,Istanbulspor AS,1468,1462.0,0 - 0,Adanaspor,1330,1336.0,0,0,Turkey,domestic league (tier 2)
2024/11/30,1. Lig,0,Istanbulspor AS,1476,1484.0,4 - 0,Igdir FK,1359,1351.0,4,0,Turkey,domestic league (tier 2)
2024/12/14,1. Lig,0,Istanbulspor AS,1476,1484.0,3 - 2,Erzurumspor FK,1490,1482.0,3,2,Turkey,domestic league (tier 2)
2025/01/05,1. Lig,0,Istanbulspor AS,1496,1503.0,4 - 0,Erokspor,1354,1347.0,4,0,Turkey,domestic league (tier 2)
2025/01/25,1. Lig,0,Istanbulspor AS,1497,1501.0,1 - 0,Amed SK,1378,1374.0,1,0,Turkey,domestic league (tier 2)
2025/02/06,Turkey Cup,0,Istanbulspor AS,1492,1512.0,2 - 0,Kasimpasa SK,1723,1703.0,2,0,Turkey,domestic cup
2025/02/09,1. Lig,0,Istanbulspor AS,1512,1521.0,1 - 0,MKE Ankaragücü,1581,1572.0,1,0,Turkey,domestic league (tier 2)
2025/02/22,1. Lig,0,Istanbulspor AS,1505,1522.0,2 - 0,Fatih Karagümrük,1655,1638.0,2,0,Turkey,domestic league (tier 2)
2025/03/06,1. Lig,0,Istanbulspor AS,1546,1556.0,3 - 0,Sakaryaspor,1475,1465.0,3,0,Turkey,domestic league (tier 2)
2025/03/16,1. Lig,0,Istanbulspor AS,1547,1560.0,5 - 0,Gençlerbirligi,1517,1504.0,5,0,Turkey,domestic league (tier 2)
2025/04/04,1. Lig,0,Istanbulspor AS,1571,1573.0,5 - 0,Yeni Malatyaspor,1149,1147.0,5,0,Turkey,domestic league (tier 2)
2025/04/12,1. Lig,0,Istanbulspor AS,1552,1529.0,0 - 2,Keçiörengücü,1445,1468.0,0,2,Turkey,domestic league (tier 2)
2025/04/27,1. Lig,0,Istanbulspor AS,1541,1550.0,5 - 2,Pendikspor,1448,1439.0,5,2,Turkey,domestic league (tier 2)
2025/05/10,1. Lig,0,Istanbulspor AS,1567,1576.0,3 - 0,Çorum FK,1480,1471.0,3,0,Turkey,domestic league (tier 2)
2025/05/15,1. Lig,0,Istanbulspor AS,1576,1562.0,1 - 2,Boluspor,1526,1540.0,1,2,Turkey,domestic league (tier 2)
2025/08/09,1. Lig,0,Istanbulspor AS,1562,1554.0,0 - 0,Serik Belediyespor,1261,1269.0,0,0,Turkey,domestic league (tier 2)
2025/08/25,1. Lig,0,Istanbulspor AS,1554,1548.0,1 - 1,Manisa FK,1430,1436.0,1,1,Turkey,domestic league (tier 2)
2025/09/13,1. Lig,0,Istanbulspor AS,1551,1560.0,4 - 0,Ümraniyespor,1441,1432.0,4,0,Turkey,domestic league (tier 2)
2025/09/19,1. Lig,0,Istanbulspor AS,1560,1569.0,3 - 1,Çorum FK,1512,1503.0,3,1,Turkey,domestic league (tier 2)
2025/09/28,1. Lig,0,Istanbulspor AS,1549,1545.0,1 - 1,Boluspor,1518,1522.0,1,1,Turkey,domestic league (tier 2)
2025/10/20,1. Lig,0,Istanbulspor AS,1536,1533.0,1 - 1,Bandirmaspor,1534,1537.0,1,1,Turkey,domestic league (tier 2)
2025/11/02,1. Lig,0,Istanbulspor AS,1534,1531.0,0 - 0,Pendikspor,1518,1521.0,0,0,Turkey,domestic league (tier 2)
2025/11/22,1. Lig,0,Istanbulspor AS,1520,1516.0,3 - 3,Sakaryaspor,1459,1463.0,3,3,Turkey,domestic league (tier 2)
2025/12/03,Turkey Cup,0,Istanbulspor AS,1503,1513.0,6 - 0,Sariyer SK,1405,1395.0,6,0,Turkey,domestic cup
2025/12/07,1. Lig,0,Istanbulspor AS,1513,1522.0,2 - 1,Sivasspor,1567,1558.0,2,1,Turkey,domestic league (tier 2)
2025/12/21,1. Lig,0,Istanbulspor AS,1536,1510.0,1 - 3,Vanspor FK,1324,1350.0,1,3,Turkey,domestic league (tier 2)
2026/01/14,Turkey Cup,0,Istanbulspor AS,1534,1524.0,1 - 6,Trabzonspor,1822,1832.0,1,6,Turkey,domestic cup
2026/01/19,1. Lig,0,Istanbulspor AS,1524,1521.0,2 - 2,Keçiörengücü,1502,1505.0,2,2,Turkey,domestic league (tier 2)
2026/01/30,1. Lig,0,Istanbulspor AS,1512,1516.0,1 - 0,Hatayspor,1350,1346.0,1,0,Turkey,domestic league (tier 2)
2026/02/17,1. Lig,0,Istanbulspor AS,1528,1507.0,1 - 4,Erokspor,1553,1574.0,1,4,Turkey,domestic league (tier 2)
2026/02/27,1. Lig,0,Istanbulspor AS,1519,1505.0,1 - 2,Igdir FK,1488,1502.0,1,2,Turkey,domestic league (tier 2)
2026/03/03,Turkey Cup,0,Istanbulspor AS,1505,1501.0,0 - 0,Boluspor,1467,1471.0,0,0,Turkey,domestic cup
2026/03/11,1. Lig,0,Istanbulspor AS,1494,1473.0,0 - 4,Amed SFK,1553,1574.0,0,4,Turkey,domestic league (tier 2)
2026/03/22,1. Lig,0,Istanbulspor AS,1477,1466.0,0 - 1,Bodrum FK,1550,1561.0,0,1,Turkey,domestic league (tier 2)
2026/04/09,1. Lig,0,Istanbulspor AS,1466,1459.0,0 - 1,Erzurumspor FK,1663,1670.0,0,1,Turkey,domestic league (tier 2)
2026/04/19,1. Lig,0,Istanbulspor AS,1481,1491.0,3 - 1,Sariyer SK,1455,1445.0,3,1,Turkey,domestic league (tier 2)
2026/05/01,1. Lig,0,Istanbulspor AS,1507,1510.0,8 - 1,Adana Demirspor,1154,1151.0,8,1,Turkey,domestic league (tier 2)
2026/08/15,1. Lig,0,Istanbulspor AS,1499,1497.0,2 - 2,Bodrum FK,1536,1538.0,2,2,Turkey,domestic league (tier 2)
2026/08/29,1. Lig,0,Istanbulspor AS,1486,1487.0,1 - 1,Fatih Karagümrük,1611,1610.0,1,1,Turkey,domestic league (tier 2)
2025/10/28,Turkey Cup,0,Kahramanmarasspor,1281,1301.0,4 - 0,Ümraniyespor,1402,1382.0,4,0,Turkey,domestic cup
2025/12/03,Turkey Cup,0,Kahramanmarasspor,1301,1292.0,1 - 3,Erzurumspor FK,1548,1557.0,1,3,Turkey,domestic cup
2016/08/28,Süperlig,0,Karabükspor,1598,1613.0,3 - 0,Çaykur Rizespor,1656,1641.0,3,0,Turkey,domestic league (tier 1)
2016/09/16,Süperlig,0,Karabükspor,1610,1619.0,3 - 2,Antalyaspor,1659,1650.0,3,2,Turkey,domestic league (tier 1)
2016/10/01,Süperlig,0,Karabükspor,1612,1627.0,4 - 0,Trabzonspor,1643,1628.0,4,0,Turkey,domestic league (tier 1)
2016/10/23,Süperlig,0,Karabükspor,1638,1627.0,0 - 2,Istanbul Basaksehir (as Istanbul Basaksehir F.K.),1836,1847.0,0,2,Turkey,domestic league (tier 1)
2016/11/05,Süperlig,0,Karabükspor,1623,1624.0,0 - 0,Bursaspor,1764,1763.0,0,0,Turkey,domestic league (tier 1)
2016/11/26,Süperlig,0,Karabükspor,1629,1639.0,2 - 0,Gaziantepspor,1620,1610.0,2,0,Turkey,domestic league (tier 1)
2016/12/11,Süperlig,0,Karabükspor,1635,1614.0,0 - 2,Alanyaspor,1600,1621.0,0,2,Turkey,domestic league (tier 1)
2016/12/18,Süperlig,0,Karabükspor,1614,1616.0,1 - 1,Konyaspor,1775,1773.0,1,1,Turkey,domestic league (tier 1)
2017/01/14,Süperlig,0,Karabükspor,1604,1613.0,1 - 0,Akhisar Belediyespor,1674,1665.0,1,0,Turkey,domestic league (tier 1)
2017/01/21,Süperlig,0,Karabükspor,1613,1627.0,2 - 1,Galatasaray,1873,1859.0,2,1,Turkey,domestic league (tier 1)
2017/02/10,Süperlig,0,Karabükspor,1620,1635.0,2 - 1,Besiktas,1928,1913.0,2,1,Turkey,domestic league (tier 1)
2017/02/26,Süperlig,0,Karabükspor,1630,1640.0,1 - 0,Gençlerbirligi,1716,1706.0,1,0,Turkey,domestic league (tier 1)
2017/03/11,Süperlig,0,Karabükspor,1634,1641.0,2 - 0,Adanaspor,1527,1520.0,2,0,Turkey,domestic league (tier 1)
2017/04/01,Süperlig,0,Karabükspor,1648,1643.0,0 - 1,Fenerbahçe,1919,1924.0,0,1,Turkey,domestic league (tier 1)
2017/04/21,Süperlig,0,Karabükspor,1630,1630.0,0 - 0,Kasimpasa SK,1728,1728.0,0,0,Turkey,domestic league (tier 1)
2017/05/08,Süperlig,0,Karabükspor,1632,1642.0,1 - 0,Ankaraspor (as Osmanlispor FK),1728,1718.0,1,0,Turkey,domestic league (tier 1)
2017/05/28,Süperlig,0,Karabükspor,1623,1621.0,2 - 2,Kayserispor,1668,1670.0,2,2,Turkey,domestic league (tier 1)
2017/08/19,Süperlig,0,Karabükspor,1642,1664.0,3 - 1,Istanbul Basaksehir (as Istanbul Basaksehir F.K.),1909,1887.0,3,1,Turkey,domestic league (tier 1)
2017/09/09,Süperlig,0,Karabükspor,1665,1660.0,0 - 1,Besiktas,1962,1967.0,0,1,Turkey,domestic league (tier 1)
2017/09/24,Süperlig,0,Karabükspor,1655,1631.0,2 - 4,Yeni Malatyaspor,1504,1528.0,2,4,Turkey,domestic league (tier 1)
2017/10/14,Süperlig,0,Karabükspor,1628,1637.0,1 - 0,Kayserispor,1701,1692.0,1,0,Turkey,domestic league (tier 1)
2017/10/29,Süperlig,0,Karabükspor,1631,1619.0,0 - 1,Sivasspor,1645,1657.0,0,1,Turkey,domestic league (tier 1)
2017/11/20,Süperlig,0,Karabükspor,1614,1597.0,0 - 2,Kasimpasa SK,1673,1690.0,0,2,Turkey,domestic league (tier 1)
2017/12/02,Süperlig,0,Karabükspor,1594,1581.0,0 - 1,Göztepe,1599,1612.0,0,1,Turkey,domestic league (tier 1)
2017/12/24,Süperlig,0,Karabükspor,1560,1563.0,1 - 1,Trabzonspor,1779,1776.0,1,1,Turkey,domestic league (tier 1)
2018/01/20,Süperlig,0,Karabükspor,1563,1548.0,0 - 2,Gençlerbirligi,1664,1679.0,0,2,Turkey,domestic league (tier 1)
2018/02/03,Süperlig,0,Karabükspor,1545,1554.0,1 - 0,Alanyaspor,1626,1617.0,1,0,Turkey,domestic league (tier 1)
2018/02/18,Süperlig,0,Karabükspor,1552,1536.0,0 - 3,Akhisar Belediyespor,1684,1700.0,0,3,Turkey,domestic league (tier 1)
2018/03/03,Süperlig,0,Karabükspor,1527,1518.0,0 - 7,Galatasaray,1865,1874.0,0,7,Turkey,domestic league (tier 1)
2018/03/16,Süperlig,0,Karabükspor,1515,1498.0,0 - 4,Ankaraspor (as Osmanlispor FK),1652,1669.0,0,4,Turkey,domestic league (tier 1)
2018/04/07,Süperlig,0,Karabükspor,1495,1487.0,1 - 2,Antalyaspor,1665,1673.0,1,2,Turkey,domestic league (tier 1)
2018/04/21,Süperlig,0,Karabükspor,1482,1467.0,1 - 4,Bursaspor,1629,1644.0,1,4,Turkey,domestic league (tier 1)
2018/05/05,Süperlig,0,Karabükspor,1460,1454.0,0 - 1,Konyaspor,1700,1706.0,0,1,Turkey,domestic league (tier 1)
2018/05/14,Süperlig,0,Karabükspor,1454,1449.0,0 - 7,Fenerbahçe,1935,1940.0,0,7,Turkey,domestic league (tier 1)
2018/08/10,1. Lig,0,Karabükspor,1446,1433.0,0 - 1,Adana Demirspor,1457,1470.0,0,1,Turkey,domestic league (tier 2)
2018/08/27,1. Lig,0,Karabükspor,1417,1418.0,1 - 1,Altinordu FK,1538,1537.0,1,1,Turkey,domestic league (tier 2)
2018/09/16,1. Lig,0,Karabükspor,1410,1398.0,0 - 4,Ankaraspor (as Osmanlispor FK),1643,1655.0,0,4,Turkey,domestic league (tier 2)
2018/09/29,1. Lig,0,Karabükspor,1388,1378.0,0 - 1,Ümraniyespor,1500,1510.0,0,1,Turkey,domestic league (tier 2)
2018/10/21,1. Lig,0,Karabükspor,1362,1341.0,0 - 4,Altay Izmir,1418,1439.0,0,4,Turkey,domestic league (tier 2)
2018/11/04,1. Lig,0,Karabükspor,1332,1324.0,0 - 2,Boluspor,1618,1626.0,0,2,Turkey,domestic league (tier 2)
2018/11/23,1. Lig,0,Karabükspor,1317,1310.0,1 - 2,Balikesirspor,1513,1520.0,1,2,Turkey,domestic league (tier 2)
2018/12/08,1. Lig,0,Karabükspor,1307,1309.0,1 - 1,Istanbulspor AS,1461,1459.0,1,1,Turkey,domestic league (tier 2)
2018/12/15,1. Lig,0,Karabükspor,1309,1303.0,2 - 3,Denizlispor,1543,1549.0,2,3,Turkey,domestic league (tier 2)
2019/01/28,1. Lig,0,Karabükspor,1296,1287.0,0 - 2,Hatayspor,1530,1539.0,0,2,Turkey,domestic league (tier 2)
2019/02/09,1. Lig,0,Karabükspor,1283,1267.0,0 - 4,Eskisehirspor,1437,1453.0,0,4,Turkey,domestic league (tier 2)
2019/02/24,1. Lig,0,Karabükspor,1265,1252.0,1 - 3,Elazigspor,1420,1433.0,1,3,Turkey,domestic league (tier 2)
2019/03/09,1. Lig,0,Karabükspor,1250,1230.0,0 - 4,Afjet Afyonspor,1330,1350.0,0,4,Turkey,domestic league (tier 2)
2019/04/02,1. Lig,0,Karabükspor,1225,1218.0,0 - 1,Adanaspor,1440,1447.0,0,1,Turkey,domestic league (tier 2)
2019/04/14,1. Lig,0,Karabükspor,1215,1218.0,0 - 0,Giresunspor,1434,1431.0,0,0,Turkey,domestic league (tier 2)
2019/04/29,1. Lig,0,Karabükspor,1213,1207.0,0 - 4,Gençlerbirligi,1617,1623.0,0,4,Turkey,domestic league (tier 2)
2019/05/18,1. Lig,0,Karabükspor,1203,1196.0,1 - 6,Gaziantep FK (as Gazisehir Gaziantep FK),1577,1584.0,1,6,Turkey,domestic league (tier 2)
2024/12/04,Turkey Cup,0,Karsiyaka SK,1364,1358.0,1 - 2,MKE Ankaragücü,1616,1622.0,1,2,Turkey,domestic cup
2016/08/27,Süperlig,0,Kasimpasa SK,1700,1694.0,1 - 1,Adanaspor,1534,1540.0,1,1,Turkey,domestic league (tier 1)
2016/09/19,Süperlig,0,Kasimpasa SK,1687,1675.0,1 - 5,Fenerbahçe,1915,1927.0,1,5,Turkey,domestic league (tier 1)
2016/10/01,Süperlig,0,Kasimpasa SK,1670,1680.0,3 - 1,Kayserispor,1642,1632.0,3,1,Turkey,domestic league (tier 1)
2016/10/15,Süperlig,0,Kasimpasa SK,1680,1676.0,0 - 0,Gaziantepspor,1635,1639.0,0,0,Turkey,domestic league (tier 1)
2016/10/31,Süperlig,0,Kasimpasa SK,1693,1698.0,2 - 1,Alanyaspor,1595,1590.0,2,1,Turkey,domestic league (tier 1)
2016/11/20,Süperlig,0,Kasimpasa SK,1693,1688.0,2 - 2,Karabükspor,1624,1629.0,2,2,Turkey,domestic league (tier 1)
2016/12/04,Süperlig,0,Kasimpasa SK,1680,1672.0,1 - 2,Galatasaray,1838,1846.0,1,2,Turkey,domestic league (tier 1)
2016/12/17,Süperlig,0,Kasimpasa SK,1655,1670.0,2 - 1,Besiktas,1940,1925.0,2,1,Turkey,domestic league (tier 1)
2017/01/15,Süperlig,0,Kasimpasa SK,1663,1680.0,3 - 0,Gençlerbirligi,1754,1737.0,3,0,Turkey,domestic league (tier 1)
2017/01/22,Süperlig,0,Kasimpasa SK,1680,1667.0,0 - 1,Trabzonspor,1660,1673.0,0,1,Turkey,domestic league (tier 1)
2017/02/12,Süperlig,0,Kasimpasa SK,1674,1698.0,4 - 0,Istanbul Basaksehir (as Istanbul Basaksehir F.K.),1880,1856.0,4,0,Turkey,domestic league (tier 1)
2017/02/24,Süperlig,0,Kasimpasa SK,1705,1717.0,4 - 0,Bursaspor,1672,1660.0,4,0,Turkey,domestic league (tier 1)
2017/03/18,Süperlig,0,Kasimpasa SK,1739,1746.0,3 - 2,Ankaraspor (as Osmanlispor FK),1731,1724.0,3,2,Turkey,domestic league (tier 1)
2017/04/10,Süperlig,0,Kasimpasa SK,1730,1728.0,1 - 1,Konyaspor,1745,1747.0,1,1,Turkey,domestic league (tier 1)
2017/04/30,Süperlig,0,Kasimpasa SK,1735,1714.0,0 - 2,Akhisar Belediyespor,1674,1695.0,0,2,Turkey,domestic league (tier 1)
2017/05/12,Süperlig,0,Kasimpasa SK,1737,1744.0,4 - 2,Çaykur Rizespor,1637,1630.0,4,2,Turkey,domestic league (tier 1)
2017/05/27,Süperlig,0,Kasimpasa SK,1728,1706.0,0 - 3,Antalyaspor,1734,1756.0,0,3,Turkey,domestic league (tier 1)
2017/08/18,Süperlig,0,Kasimpasa SK,1716,1720.0,2 - 2,Besiktas,1965,1961.0,2,2,Turkey,domestic league (tier 1)
2017/09/11,Süperlig,0,Kasimpasa SK,1714,1717.0,3 - 2,Yeni Malatyaspor,1521,1518.0,3,2,Turkey,domestic league (tier 1)
2017/09/24,Süperlig,0,Kasimpasa SK,1710,1707.0,1 - 1,Kayserispor,1689,1692.0,1,1,Turkey,domestic league (tier 1)
2017/10/15,Süperlig,0,Kasimpasa SK,1689,1675.0,2 - 3,Sivasspor,1634,1648.0,2,3,Turkey,domestic league (tier 1)
2017/10/27,Süperlig,0,Kasimpasa SK,1668,1676.0,3 - 1,Göztepe,1588,1580.0,3,1,Turkey,domestic league (tier 1)
2017/11/04,Süperlig,0,Kasimpasa SK,1676,1673.0,2 - 2,Bursaspor,1659,1662.0,2,2,Turkey,domestic league (tier 1)
2017/11/26,Süperlig,0,Kasimpasa SK,1690,1697.0,2 - 1,Konyaspor,1696,1689.0,2,1,Turkey,domestic league (tier 1)
2017/12/09,Süperlig,0,Kasimpasa SK,1667,1649.0,0 - 3,Trabzonspor,1754,1772.0,0,3,Turkey,domestic league (tier 1)
2017/12/24,Süperlig,0,Kasimpasa SK,1633,1628.0,1 - 2,Istanbul Basaksehir (as Istanbul Basaksehir F.K.),1919,1924.0,1,2,Turkey,domestic league (tier 1)
2018/01/19,Süperlig,0,Kasimpasa SK,1628,1635.0,3 - 2,Alanyaspor,1620,1613.0,3,2,Turkey,domestic league (tier 1)
2018/02/04,Süperlig,0,Kasimpasa SK,1634,1647.0,2 - 0,Akhisar Belediyespor,1685,1672.0,2,0,Turkey,domestic league (tier 1)
2018/02/18,Süperlig,0,Kasimpasa SK,1648,1661.0,2 - 1,Galatasaray,1863,1850.0,2,1,Turkey,domestic league (tier 1)
2018/03/03,Süperlig,0,Kasimpasa SK,1656,1653.0,1 - 1,Ankaraspor (as Osmanlispor FK),1641,1644.0,1,1,Turkey,domestic league (tier 1)
2018/03/16,Süperlig,0,Kasimpasa SK,1657,1644.0,2 - 3,Antalyaspor,1641,1654.0,2,3,Turkey,domestic league (tier 1)
2018/04/14,Süperlig,0,Kasimpasa SK,1675,1680.0,2 - 0,Karabükspor,1487,1482.0,2,0,Turkey,domestic league (tier 1)
2018/04/28,Süperlig,0,Kasimpasa SK,1670,1660.0,1 - 4,Fenerbahçe,1939,1949.0,1,4,Turkey,domestic league (tier 1)
2018/05/12,Süperlig,0,Kasimpasa SK,1687,1696.0,3 - 1,Gençlerbirligi,1630,1621.0,3,1,Turkey,domestic league (tier 1)
2018/08/20,Süperlig,0,Kasimpasa SK,1705,1718.0,2 - 1,Istanbul Basaksehir (as Istanbul Basaksehir F.K.),1902,1889.0,2,1,Turkey,domestic league (tier 1)
2018/09/02,Süperlig,0,Kasimpasa SK,1739,1742.0,2 - 1,MKE Ankaragücü,1553,1550.0,2,1,Turkey,domestic league (tier 1)
2018/09/23,Süperlig,0,Kasimpasa SK,1735,1720.0,1 - 2,Alanyaspor,1644,1659.0,1,2,Turkey,domestic league (tier 1)
2018/10/05,Süperlig,0,Kasimpasa SK,1710,1719.0,3 - 1,Göztepe,1657,1648.0,3,1,Turkey,domestic league (tier 1)
2018/10/20,Süperlig,0,Kasimpasa SK,1719,1732.0,5 - 0,Akhisar Belediyespor,1683,1670.0,5,0,Turkey,domestic league (tier 1)
2018/11/03,Süperlig,0,Kasimpasa SK,1729,1715.0,1 - 2,Antalyaspor,1683,1697.0,1,2,Turkey,domestic league (tier 1)
2018/11/25,Süperlig,0,Kasimpasa SK,1726,1737.0,3 - 0,Yeni Malatyaspor,1696,1685.0,3,0,Turkey,domestic league (tier 1)
2018/12/10,Süperlig,0,Kasimpasa SK,1742,1714.0,0 - 3,Kayserispor,1612,1640.0,0,3,Turkey,domestic league (tier 1)
2018/12/22,Süperlig,0,Kasimpasa SK,1706,1727.0,4 - 1,Besiktas,1884,1863.0,4,1,Turkey,domestic league (tier 1)
2019/01/21,Süperlig,0,Kasimpasa SK,1727,1712.0,0 - 1,Çaykur Rizespor,1620,1635.0,0,1,Turkey,domestic league (tier 1)
2019/02/02,Süperlig,0,Kasimpasa SK,1712,1692.0,1 - 3,Sivasspor,1685,1705.0,1,3,Turkey,domestic league (tier 1)
2019/02/17,Süperlig,0,Kasimpasa SK,1660,1647.0,1 - 4,Galatasaray,1847,1860.0,1,4,Turkey,domestic league (tier 1)
2019/03/04,Süperlig,0,Kasimpasa SK,1623,1624.0,2 - 2,Trabzonspor,1745,1744.0,2,2,Turkey,domestic league (tier 1)
2019/04/07,Süperlig,0,Kasimpasa SK,1641,1646.0,2 - 1,BB Erzurumspor,1559,1554.0,2,1,Turkey,domestic league (tier 1)
2019/04/19,Süperlig,0,Kasimpasa SK,1638,1634.0,1 - 1,Bursaspor,1608,1612.0,1,1,Turkey,domestic league (tier 1)
2019/05/04,Süperlig,0,Kasimpasa SK,1627,1614.0,1 - 3,Fenerbahçe,1770,1783.0,1,3,Turkey,domestic league (tier 1)
2019/05/17,Süperlig,0,Kasimpasa SK,1608,1608.0,1 - 1,Konyaspor,1699,1699.0,1,1,Turkey,domestic league (tier 1)
2019/08/18,Süperlig,0,Kasimpasa SK,1606,1609.0,1 - 1,Trabzonspor,1823,1820.0,1,1,Turkey,domestic league (tier 1)
2019/08/30,Süperlig,0,Kasimpasa SK,1599,1587.0,0 - 1,MKE Ankaragücü,1613,1625.0,0,1,Turkey,domestic league (tier 1)
2019/09/21,Süperlig,0,Kasimpasa SK,1585,1600.0,3 - 0,Antalyaspor,1628,1613.0,3,0,Turkey,domestic league (tier 1)
2019/10/05,Süperlig,0,Kasimpasa SK,1615,1597.0,1 - 4,Konyaspor,1701,1719.0,1,4,Turkey,domestic league (tier 1)
2019/11/03,Süperlig,0,Kasimpasa SK,1625,1625.0,2 - 2,Yeni Malatyaspor,1722,1722.0,2,2,Turkey,domestic league (tier 1)
2019/11/24,Süperlig,0,Kasimpasa SK,1622,1609.0,1 - 2,Gençlerbirligi,1606,1619.0,1,2,Turkey,domestic league (tier 1)
2019/12/08,Süperlig,0,Kasimpasa SK,1603,1597.0,2 - 3,Besiktas,1839,1845.0,2,3,Turkey,domestic league (tier 1)
2019/12/21,Süperlig,0,Kasimpasa SK,1622,1609.0,3 - 4,Gaziantep FK,1625,1638.0,3,4,Turkey,domestic league (tier 1)
2020/01/25,Süperlig,0,Kasimpasa SK,1605,1596.0,1 - 2,Alanyaspor,1738,1747.0,1,2,Turkey,domestic league (tier 1)
2020/02/09,Süperlig,0,Kasimpasa SK,1598,1587.0,0 - 3,Galatasaray,1839,1850.0,0,3,Turkey,domestic league (tier 1)
2020/02/24,Süperlig,0,Kasimpasa SK,1577,1590.0,2 - 0,Denizlispor,1635,1622.0,2,0,Turkey,domestic league (tier 1)
2020/03/08,Süperlig,0,Kasimpasa SK,1594,1607.0,5 - 1,Kayserispor,1580,1567.0,5,1,Turkey,domestic league (tier 1)
2020/03/13,Süperlig,0,Kasimpasa SK,1607,1621.0,2 - 0,Göztepe,1693,1679.0,2,0,Turkey,domestic league (tier 1)
2020/06/21,Süperlig,0,Kasimpasa SK,1634,1650.0,2 - 0,Fenerbahçe,1764,1748.0,2,0,Turkey,domestic league (tier 1)
2020/07/05,Süperlig,0,Kasimpasa SK,1668,1667.0,0 - 0,Sivasspor,1744,1745.0,0,0,Turkey,domestic league (tier 1)
2020/07/13,Süperlig,0,Kasimpasa SK,1662,1671.0,2 - 0,Çaykur Rizespor,1625,1616.0,2,0,Turkey,domestic league (tier 1)
2020/07/26,Süperlig,0,Kasimpasa SK,1674,1688.0,3 - 2,Istanbul Basaksehir (as Istanbul Basaksehir F.K.),1925,1911.0,3,2,Turkey,domestic league (tier 1)
2020/09/20,Süperlig,0,Kasimpasa SK,1679,1687.0,2 - 0,Çaykur Rizespor,1613,1605.0,2,0,Turkey,domestic league (tier 1)
2020/10/04,Süperlig,0,Kasimpasa SK,1680,1692.0,1 - 0,Galatasaray,1845,1833.0,1,0,Turkey,domestic league (tier 1)
2020/10/23,Süperlig,0,Kasimpasa SK,1693,1689.0,0 - 0,Göztepe,1654,1658.0,0,0,Turkey,domestic league (tier 1)
2020/11/07,Süperlig,0,Kasimpasa SK,1705,1701.0,2 - 2,Antalyaspor,1675,1679.0,2,2,Turkey,domestic league (tier 1)
2020/11/29,Süperlig,0,Kasimpasa SK,1693,1700.0,2 - 0,Gençlerbirligi,1570,1563.0,2,0,Turkey,domestic league (tier 1)
2020/12/11,Süperlig,0,Kasimpasa SK,1692,1697.0,3 - 2,Denizlispor,1579,1574.0,3,2,Turkey,domestic league (tier 1)
2020/12/23,Süperlig,0,Kasimpasa SK,1684,1662.0,0 - 4,Gaziantep FK,1731,1753.0,0,4,Turkey,domestic league (tier 1)
2021/01/04,Süperlig,0,Kasimpasa SK,1668,1650.0,0 - 3,Fenerbahçe,1754,1772.0,0,3,Turkey,domestic league (tier 1)
2021/01/18,Süperlig,0,Kasimpasa SK,1662,1647.0,1 - 2,BB Erzurumspor,1580,1595.0,1,2,Turkey,domestic league (tier 1)
2021/01/25,Süperlig,0,Kasimpasa SK,1637,1652.0,2 - 0,Sivasspor,1731,1716.0,2,0,Turkey,domestic league (tier 1)
2021/01/30,Süperlig,0,Kasimpasa SK,1652,1638.0,0 - 1,Kayserispor,1592,1606.0,0,1,Turkey,domestic league (tier 1)
2021/02/06,Süperlig,0,Kasimpasa SK,1641,1623.0,1 - 4,Hatayspor,1722,1740.0,1,4,Turkey,domestic league (tier 1)
2021/02/20,Süperlig,0,Kasimpasa SK,1620,1629.0,3 - 2,Fatih Karagümrük SK,1674,1665.0,3,2,Turkey,domestic league (tier 1)
2021/03/04,Süperlig,0,Kasimpasa SK,1622,1616.0,1 - 2,Trabzonspor,1856,1862.0,1,2,Turkey,domestic league (tier 1)
2021/03/15,Süperlig,0,Kasimpasa SK,1621,1619.0,1 - 1,Konyaspor,1656,1658.0,1,1,Turkey,domestic league (tier 1)
2021/04/04,Süperlig,0,Kasimpasa SK,1610,1624.0,1 - 0,Besiktas,1878,1864.0,1,0,Turkey,domestic league (tier 1)
2021/04/12,Süperlig,0,Kasimpasa SK,1625,1622.0,0 - 0,Yeni Malatyaspor,1609,1612.0,0,0,Turkey,domestic league (tier 1)
2021/04/22,Süperlig,0,Kasimpasa SK,1627,1616.0,0 - 1,Istanbul Basaksehir,1690,1701.0,0,1,Turkey,domestic league (tier 1)
2021/05/03,Süperlig,0,Kasimpasa SK,1613,1632.0,3 - 0,Alanyaspor,1751,1732.0,3,0,Turkey,domestic league (tier 1)
2021/05/11,Süperlig,0,Kasimpasa SK,1644,1653.0,3 - 1,MKE Ankaragücü,1587,1578.0,3,1,Turkey,domestic league (tier 1)
2021/08/21,Süperlig,0,Kasimpasa SK,1653,1661.0,2 - 0,Giresunspor,1588,1580.0,2,0,Turkey,domestic league (tier 1)
2021/08/29,Süperlig,0,Kasimpasa SK,1661,1664.0,2 - 2,Galatasaray,1876,1873.0,2,2,Turkey,domestic league (tier 1)
2021/09/18,Süperlig,0,Kasimpasa SK,1651,1644.0,0 - 1,Trabzonspor,1851,1858.0,0,1,Turkey,domestic league (tier 1)
2021/09/27,Süperlig,0,Kasimpasa SK,1636,1635.0,2 - 2,Konyaspor,1715,1716.0,2,2,Turkey,domestic league (tier 1)
2021/10/17,Süperlig,0,Kasimpasa SK,1632,1618.0,1 - 2,Göztepe,1603,1617.0,1,2,Turkey,domestic league (tier 1)
2021/10/30,Süperlig,0,Kasimpasa SK,1609,1621.0,2 - 0,Yeni Malatyaspor,1635,1623.0,2,0,Turkey,domestic league (tier 1)
2021/11/21,Süperlig,0,Kasimpasa SK,1612,1597.0,1 - 3,Fatih Karagümrük SK,1718,1733.0,1,3,Turkey,domestic league (tier 1)
2021/12/03,Süperlig,0,Kasimpasa SK,1603,1605.0,1 - 1,Besiktas,1759,1757.0,1,1,Turkey,domestic league (tier 1)
2021/12/18,Süperlig,0,Kasimpasa SK,1601,1590.0,1 - 3,Sivasspor,1784,1795.0,1,3,Turkey,domestic league (tier 1)
2021/12/25,Süperlig,0,Kasimpasa SK,1595,1606.0,2 - 0,Altay Izmir,1601,1590.0,2,0,Turkey,domestic league (tier 1)
2021/12/28,Turkey Cup,0,Kasimpasa SK,1606,1610.0,5 - 3,Kocaelispor,1382,1378.0,5,3,Turkey,domestic cup
2022/01/08,Süperlig,0,Kasimpasa SK,1610,1626.0,3 - 1,Hatayspor,1729,1713.0,3,1,Turkey,domestic league (tier 1)
2022/01/23,Süperlig,0,Kasimpasa SK,1671,1682.0,3 - 1,Kayserispor,1675,1664.0,3,1,Turkey,domestic league (tier 1)
2022/02/08,Turkey Cup,0,Kasimpasa SK,1679,1667.0,1 - 2,Gaziantep FK,1725,1737.0,1,2,Turkey,domestic cup
2022/02/13,Süperlig,0,Kasimpasa SK,1667,1666.0,2 - 2,Alanyaspor,1745,1746.0,2,2,Turkey,domestic league (tier 1)
2022/02/28,Süperlig,0,Kasimpasa SK,1671,1662.0,1 - 2,Fenerbahçe,1797,1806.0,1,2,Turkey,domestic league (tier 1)
2022/03/12,Süperlig,0,Kasimpasa SK,1673,1680.0,3 - 1,Çaykur Rizespor,1556,1549.0,3,1,Turkey,domestic league (tier 1)
2022/04/03,Süperlig,0,Kasimpasa SK,1694,1701.0,2 - 1,Gaziantep FK,1689,1682.0,2,1,Turkey,domestic league (tier 1)
2022/04/17,Süperlig,0,Kasimpasa SK,1693,1711.0,4 - 0,Adana Demirspor,1776,1758.0,4,0,Turkey,domestic league (tier 1)
2022/04/30,Süperlig,0,Kasimpasa SK,1736,1725.0,2 - 3,Istanbul Basaksehir,1794,1805.0,2,3,Turkey,domestic league (tier 1)
2022/05/15,Süperlig,0,Kasimpasa SK,1746,1728.0,2 - 4,Antalyaspor,1767,1785.0,2,4,Turkey,domestic league (tier 1)
2022/08/15,Süperlig,0,Kasimpasa SK,1731,1712.0,0 - 6,Fenerbahçe,1876,1895.0,0,6,Turkey,domestic league (tier 1)
2022/08/28,Süperlig,0,Kasimpasa SK,1703,1709.0,1 - 0,Hatayspor,1659,1653.0,1,0,Turkey,domestic league (tier 1)
2022/09/11,Süperlig,0,Kasimpasa SK,1731,1720.0,2 - 3,Galatasaray,1795,1806.0,2,3,Turkey,domestic league (tier 1)
2022/10/01,Süperlig,0,Kasimpasa SK,1729,1735.0,1 - 0,Gaziantep FK,1692,1686.0,1,0,Turkey,domestic league (tier 1)
2022/10/15,Süperlig,0,Kasimpasa SK,1741,1720.0,1 - 4,Adana Demirspor,1772,1793.0,1,4,Turkey,domestic league (tier 1)
2022/10/23,Süperlig,0,Kasimpasa SK,1720,1707.0,0 - 1,Kayserispor,1708,1721.0,0,1,Turkey,domestic league (tier 1)
2022/11/04,Süperlig,0,Kasimpasa SK,1712,1707.0,1 - 1,MKE Ankaragücü,1611,1616.0,1,1,Turkey,domestic league (tier 1)
2022/12/20,Turkey Cup,0,Kasimpasa SK,1707,1691.0,1 - 2,Ümraniyespor,1576,1592.0,1,2,Turkey,domestic cup
2022/12/24,Süperlig,0,Kasimpasa SK,1691,1679.0,1 - 2,Sivasspor,1710,1722.0,1,2,Turkey,domestic league (tier 1)
2023/01/04,Süperlig,0,Kasimpasa SK,1668,1684.0,4 - 1,Alanyaspor,1748,1732.0,4,1,Turkey,domestic league (tier 1)
2023/01/15,Süperlig,0,Kasimpasa SK,1679,1677.0,2 - 2,Fatih Karagümrük SK,1723,1725.0,2,2,Turkey,domestic league (tier 1)
2023/01/21,Süperlig,0,Kasimpasa SK,1677,1665.0,1 - 3,Istanbul Basaksehir,1849,1861.0,1,3,Turkey,domestic league (tier 1)
2023/02/01,Süperlig,0,Kasimpasa SK,1661,1673.0,5 - 1,Giresunspor,1636,1624.0,5,1,Turkey,domestic league (tier 1)
2023/03/06,Süperlig,0,Kasimpasa SK,1665,1677.0,3 - 1,Antalyaspor,1702,1690.0,3,1,Turkey,domestic league (tier 1)
2023/03/18,Süperlig,0,Kasimpasa SK,1675,1670.0,1 - 1,Ümraniyespor,1591,1596.0,1,1,Turkey,domestic league (tier 1)
2023/04/08,Süperlig,0,Kasimpasa SK,1670,1687.0,2 - 0,Trabzonspor,1816,1799.0,2,0,Turkey,domestic league (tier 1)
2023/04/23,Süperlig,0,Kasimpasa SK,1681,1669.0,1 - 2,Konyaspor,1721,1733.0,1,2,Turkey,domestic league (tier 1)
2023/05/20,Süperlig,0,Kasimpasa SK,1685,1691.0,1 - 0,Istanbulspor AS,1617,1611.0,1,0,Turkey,domestic league (tier 1)
2023/06/03,Süperlig,0,Kasimpasa SK,1710,1698.0,2 - 5,Besiktas,1921,1933.0,2,5,Turkey,domestic league (tier 1)
2023/08/12,Süperlig,0,Kasimpasa SK,1687,1693.0,3 - 2,MKE Ankaragücü,1650,1644.0,3,2,Turkey,domestic league (tier 1)
2023/08/26,Süperlig,0,Kasimpasa SK,1695,1689.0,1 - 1,Pendikspor,1528,1534.0,1,1,Turkey,domestic league (tier 1)
2023/09/01,Süperlig,0,Kasimpasa SK,1689,1670.0,1 - 5,Trabzonspor,1777,1796.0,1,5,Turkey,domestic league (tier 1)
2023/09/24,Süperlig,0,Kasimpasa SK,1673,1684.0,2 - 1,Adana Demirspor,1823,1812.0,2,1,Turkey,domestic league (tier 1)
2023/10/08,Süperlig,0,Kasimpasa SK,1698,1692.0,0 - 2,Fenerbahçe,2027,2033.0,0,2,Turkey,domestic league (tier 1)
2023/10/27,Süperlig,0,Kasimpasa SK,1705,1712.0,3 - 1,Istanbulspor AS,1590,1583.0,3,1,Turkey,domestic league (tier 1)
2023/11/11,Süperlig,0,Kasimpasa SK,1710,1697.0,3 - 4,Kayserispor,1706,1719.0,3,4,Turkey,domestic league (tier 1)
2023/12/03,Süperlig,0,Kasimpasa SK,1686,1697.0,4 - 2,Gaziantep FK,1679,1668.0,4,2,Turkey,domestic league (tier 1)
2023/12/25,Süperlig,0,Kasimpasa SK,1687,1684.0,2 - 2,Çaykur Rizespor,1674,1677.0,2,2,Turkey,domestic league (tier 1)
2024/01/09,Süperlig,0,Kasimpasa SK,1709,1689.0,0 - 3,Istanbul Basaksehir,1767,1787.0,0,3,Turkey,domestic league (tier 1)
2024/01/16,Turkey Cup,0,Kasimpasa SK,1677,1660.0,0 - 1,Bandirmaspor,1493,1510.0,0,1,Turkey,domestic cup
2024/01/20,Süperlig,0,Kasimpasa SK,1660,1673.0,3 - 0,Hatayspor,1665,1652.0,3,0,Turkey,domestic league (tier 1)
2024/02/04,Süperlig,0,Kasimpasa SK,1679,1685.0,2 - 1,Alanyaspor,1649,1643.0,2,1,Turkey,domestic league (tier 1)
2024/02/16,Süperlig,0,Kasimpasa SK,1707,1704.0,1 - 1,Fatih Karagümrük,1709,1712.0,1,1,Turkey,domestic league (tier 1)
2024/03/01,Süperlig,0,Kasimpasa SK,1702,1699.0,0 - 0,Sivasspor,1705,1708.0,0,0,Turkey,domestic league (tier 1)
2024/03/17,Süperlig,0,Kasimpasa SK,1708,1703.0,3 - 4,Galatasaray,2012,2017.0,3,4,Turkey,domestic league (tier 1)
2024/04/13,Süperlig,0,Kasimpasa SK,1720,1700.0,0 - 2,Konyaspor,1709,1729.0,0,2,Turkey,domestic league (tier 1)
2024/04/27,Süperlig,0,Kasimpasa SK,1687,1694.0,1 - 0,Samsunspor,1684,1677.0,1,0,Turkey,domestic league (tier 1)
2024/05/12,Süperlig,0,Kasimpasa SK,1686,1696.0,3 - 1,Antalyaspor,1675,1665.0,3,1,Turkey,domestic league (tier 1)
2024/05/26,Süperlig,0,Kasimpasa SK,1698,1709.0,2 - 1,Besiktas,1820,1809.0,2,1,Turkey,domestic league (tier 1)
2024/08/10,Süperlig,0,Kasimpasa SK,1709,1696.0,2 - 3,Konyaspor,1714,1727.0,2,3,Turkey,domestic league (tier 1)
2024/08/25,Süperlig,0,Kasimpasa SK,1698,1695.0,2 - 2,Adana Demirspor,1675,1678.0,2,2,Turkey,domestic league (tier 1)
2024/09/15,Süperlig,0,Kasimpasa SK,1707,1701.0,0 - 2,Fenerbahçe,2042,2048.0,0,2,Turkey,domestic league (tier 1)
2024/09/22,Süperlig,0,Kasimpasa SK,1701,1698.0,0 - 0,Antalyaspor,1676,1679.0,0,0,Turkey,domestic league (tier 1)
2024/10/05,Süperlig,0,Kasimpasa SK,1706,1698.0,0 - 0,Bodrum FK,1433,1441.0,0,0,Turkey,domestic league (tier 1)
2024/10/26,Süperlig,0,Kasimpasa SK,1712,1691.0,1 - 4,Samsunspor,1736,1757.0,1,4,Turkey,domestic league (tier 1)
2024/11/08,Süperlig,0,Kasimpasa SK,1716,1701.0,1 - 2,Kayserispor,1624,1639.0,1,2,Turkey,domestic league (tier 1)
2024/12/13,Süperlig,0,Kasimpasa SK,1709,1719.0,2 - 0,Eyüpspor,1687,1677.0,2,0,Turkey,domestic league (tier 1)
2025/01/05,Süperlig,0,Kasimpasa SK,1730,1726.0,2 - 2,Gaziantep FK,1697,1701.0,2,2,Turkey,domestic league (tier 1)
2025/01/09,Turkey Cup,0,Kasimpasa SK,1726,1717.0,0 - 3,Fenerbahçe,2014,2023.0,0,3,Turkey,domestic cup
2025/01/27,Süperlig,0,Kasimpasa SK,1705,1709.0,5 - 4,Hatayspor,1586,1582.0,5,4,Turkey,domestic league (tier 1)
2025/02/09,Süperlig,0,Kasimpasa SK,1703,1709.0,3 - 2,Çaykur Rizespor,1670,1664.0,3,2,Turkey,domestic league (tier 1)
2025/02/27,Turkey Cup,0,Kasimpasa SK,1698,1673.0,0 - 5,Göztepe,1717,1742.0,0,5,Turkey,domestic cup
2025/03/02,Süperlig,0,Kasimpasa SK,1673,1678.0,3 - 3,Galatasaray,1986,1981.0,3,3,Turkey,domestic league (tier 1)
2025/03/15,Süperlig,0,Kasimpasa SK,1666,1674.0,2 - 1,Alanyaspor,1701,1693.0,2,1,Turkey,domestic league (tier 1)
2025/04/07,Süperlig,0,Kasimpasa SK,1697,1698.0,1 - 1,Besiktas,1831,1830.0,1,1,Turkey,domestic league (tier 1)
2025/04/19,Süperlig,0,Kasimpasa SK,1690,1700.0,3 - 1,Sivasspor,1661,1651.0,3,1,Turkey,domestic league (tier 1)
2025/05/05,Süperlig,0,Kasimpasa SK,1700,1700.0,1 - 1,Trabzonspor,1814,1814.0,1,1,Turkey,domestic league (tier 1)
2025/05/18,Süperlig,0,Kasimpasa SK,1721,1710.0,2 - 3,Istanbul Basaksehir,1777,1788.0,2,3,Turkey,domestic league (tier 1)
2025/05/30,Süperlig,0,Kasimpasa SK,1712,1699.0,1 - 2,Göztepe,1720,1733.0,1,2,Turkey,domestic league (tier 1)
2025/08/18,Süperlig,0,Kasimpasa SK,1690,1680.0,0 - 1,Trabzonspor,1804,1814.0,0,1,Turkey,domestic league (tier 1)
2025/08/30,Süperlig,0,Kasimpasa SK,1680,1667.0,2 - 3,Gaziantep FK,1666,1679.0,2,3,Turkey,domestic league (tier 1)
2025/09/21,Süperlig,0,Kasimpasa SK,1683,1689.0,1 - 1,Fenerbahçe,2005,1999.0,1,1,Turkey,domestic league (tier 1)
2025/10/05,Süperlig,0,Kasimpasa SK,1701,1699.0,1 - 1,Konyaspor,1727,1729.0,1,1,Turkey,domestic league (tier 1)
2025/10/26,Süperlig,0,Kasimpasa SK,1685,1686.0,1 - 1,Besiktas,1809,1808.0,1,1,Turkey,domestic league (tier 1)
2025/11/08,Süperlig,0,Kasimpasa SK,1677,1662.0,0 - 2,Göztepe,1777,1792.0,0,2,Turkey,domestic league (tier 1)
2025/11/29,Süperlig,0,Kasimpasa SK,1676,1660.0,1 - 3,Istanbul Basaksehir,1749,1765.0,1,3,Turkey,domestic league (tier 1)
2025/12/12,Süperlig,0,Kasimpasa SK,1661,1657.0,0 - 0,Gençlerbirligi,1599,1603.0,0,0,Turkey,domestic league (tier 1)
2026/01/18,Süperlig,0,Kasimpasa SK,1655,1650.0,0 - 0,Antalyaspor,1584,1589.0,0,0,Turkey,domestic league (tier 1)
2026/01/30,Süperlig,0,Kasimpasa SK,1647,1637.0,0 - 1,Samsunspor,1748,1758.0,0,1,Turkey,domestic league (tier 1)
2026/02/16,Süperlig,0,Kasimpasa SK,1631,1637.0,3 - 2,Fatih Karagümrük,1563,1557.0,3,2,Turkey,domestic league (tier 1)
2026/02/28,Süperlig,0,Kasimpasa SK,1646,1626.0,0 - 3,Çaykur Rizespor,1686,1706.0,0,3,Turkey,domestic league (tier 1)
2026/03/15,Süperlig,0,Kasimpasa SK,1631,1638.0,1 - 0,Eyüpspor,1623,1616.0,1,0,Turkey,domestic league (tier 1)
2026/04/04,Süperlig,0,Kasimpasa SK,1635,1645.0,2 - 0,Kayserispor,1608,1598.0,2,0,Turkey,domestic league (tier 1)
2026/04/19,Süperlig,0,Kasimpasa SK,1651,1660.0,1 - 0,Alanyaspor,1732,1723.0,1,0,Turkey,domestic league (tier 1)
2026/05/03,Süperlig,0,Kasimpasa SK,1653,1649.0,1 - 1,Kocaelispor,1621,1625.0,1,1,Turkey,domestic league (tier 1)
2026/05/17,Süperlig,0,Kasimpasa SK,1641,1658.0,1 - 0,Galatasaray,2013,1996.0,1,0,Turkey,domestic league (tier 1)
2026/08/15,Süperlig,0,Kasimpasa SK,1658,1661.0,1 - 1,Trabzonspor,1875,1872.0,1,1,Turkey,domestic league (tier 1)
2026/09/06,Süperlig,0,Kasimpasa SK,1678,,Info,Amed SFK,1598,,,,Turkey,domestic league (tier 1)
2016/08/21,Süperlig,0,Kayserispor,1649,1631.0,0 - 2,Akhisar Belediyespor,1683,1701.0,0,2,Turkey,domestic league (tier 1)
2016/09/10,Süperlig,0,Kayserispor,1639,1642.0,1 - 1,Galatasaray,1855,1852.0,1,1,Turkey,domestic league (tier 1)
2016/09/25,Süperlig,0,Kayserispor,1635,1642.0,2 - 1,Çaykur Rizespor,1645,1638.0,2,1,Turkey,domestic league (tier 1)
2016/10/15,Süperlig,0,Kayserispor,1632,1627.0,0 - 1,Besiktas,1918,1923.0,0,1,Turkey,domestic league (tier 1)
2016/10/31,Süperlig,0,Kayserispor,1643,1630.0,0 - 1,Antalyaspor,1627,1640.0,0,1,Turkey,domestic league (tier 1)
2016/11/20,Süperlig,0,Kayserispor,1636,1620.0,0 - 2,Gençlerbirligi,1708,1724.0,0,2,Turkey,domestic league (tier 1)
2016/12/05,Süperlig,0,Kayserispor,1614,1602.0,0 - 1,Trabzonspor,1631,1643.0,0,1,Turkey,domestic league (tier 1)
2016/12/25,Süperlig,0,Kayserispor,1588,1600.0,2 - 0,Karabükspor,1616,1604.0,2,0,Turkey,domestic league (tier 1)
2017/01/29,Süperlig,0,Kayserispor,1606,1635.0,4 - 1,Fenerbahçe,1963,1934.0,4,1,Turkey,domestic league (tier 1)
2017/02/17,Süperlig,0,Kayserispor,1667,1678.0,2 - 0,Bursaspor,1683,1672.0,2,0,Turkey,domestic league (tier 1)
2017/03/05,Süperlig,0,Kayserispor,1684,1682.0,2 - 2,Kasimpasa SK,1725,1727.0,2,2,Turkey,domestic league (tier 1)
2017/03/18,Süperlig,0,Kayserispor,1690,1674.0,3 - 4,Gaziantepspor,1546,1562.0,3,4,Turkey,domestic league (tier 1)
2017/04/09,Süperlig,0,Kayserispor,1664,1643.0,1 - 4,Ankaraspor (as Osmanlispor FK),1699,1720.0,1,4,Turkey,domestic league (tier 1)
2017/04/29,Süperlig,0,Kayserispor,1638,1651.0,3 - 0,Alanyaspor,1653,1640.0,3,0,Turkey,domestic league (tier 1)
2017/05/12,Süperlig,0,Kayserispor,1666,1674.0,2 - 1,Konyaspor,1711,1703.0,2,1,Turkey,domestic league (tier 1)
2017/05/20,Süperlig,0,Kayserispor,1674,1668.0,1 - 1,Adanaspor,1520,1526.0,1,1,Turkey,domestic league (tier 1)
2017/06/03,Süperlig,0,Kayserispor,1670,1663.0,0 - 1,Istanbul Basaksehir (as Istanbul Basaksehir F.K.),1894,1901.0,0,1,Turkey,domestic league (tier 1)
2017/08/20,Süperlig,0,Kayserispor,1656,1660.0,1 - 0,Göztepe,1510,1506.0,1,0,Turkey,domestic league (tier 1)
2017/08/26,Süperlig,0,Kayserispor,1660,1657.0,2 - 2,Ankaraspor (as Osmanlispor FK),1639,1642.0,2,2,Turkey,domestic league (tier 1)
2017/09/15,Süperlig,0,Kayserispor,1675,1689.0,2 - 0,Antalyaspor,1748,1734.0,2,0,Turkey,domestic league (tier 1)
2017/09/30,Süperlig,0,Kayserispor,1692,1701.0,3 - 1,Bursaspor,1638,1629.0,3,1,Turkey,domestic league (tier 1)
2017/10/22,Süperlig,0,Kayserispor,1692,1699.0,2 - 1,Konyaspor,1692,1685.0,2,1,Turkey,domestic league (tier 1)
2017/11/04,Süperlig,0,Kayserispor,1706,1704.0,0 - 0,Trabzonspor,1718,1720.0,0,0,Turkey,domestic league (tier 1)
2017/11/27,Süperlig,0,Kayserispor,1716,1719.0,1 - 1,Istanbul Basaksehir (as Istanbul Basaksehir F.K.),1922,1919.0,1,1,Turkey,domestic league (tier 1)
2017/12/10,Süperlig,0,Kayserispor,1732,1737.0,1 - 1,Besiktas,2019,2014.0,1,1,Turkey,domestic league (tier 1)
2017/12/24,Süperlig,0,Kayserispor,1763,1746.0,0 - 1,Yeni Malatyaspor,1559,1576.0,0,1,Turkey,domestic league (tier 1)
2018/01/22,Süperlig,0,Kayserispor,1770,1754.0,1 - 3,Galatasaray,1846,1862.0,1,3,Turkey,domestic league (tier 1)
2018/02/11,Süperlig,0,Kayserispor,1749,1744.0,1 - 1,Sivasspor,1661,1666.0,1,1,Turkey,domestic league (tier 1)
2018/02/24,Süperlig,0,Kayserispor,1734,1739.0,3 - 2,Kasimpasa SK,1661,1656.0,3,2,Turkey,domestic league (tier 1)
2018/03/11,Süperlig,0,Kayserispor,1729,1732.0,3 - 2,Karabükspor,1518,1515.0,3,2,Turkey,domestic league (tier 1)
2018/04/02,Süperlig,0,Kayserispor,1719,1704.0,0 - 5,Fenerbahçe,1911,1926.0,0,5,Turkey,domestic league (tier 1)
2018/04/15,Süperlig,0,Kayserispor,1693,1700.0,3 - 2,Gençlerbirligi,1678,1671.0,3,2,Turkey,domestic league (tier 1)
2018/04/28,Süperlig,0,Kayserispor,1695,1681.0,1 - 2,Alanyaspor,1639,1653.0,1,2,Turkey,domestic league (tier 1)
2018/05/14,Süperlig,0,Kayserispor,1678,1666.0,1 - 2,Akhisar Belediyespor,1703,1715.0,1,2,Turkey,domestic league (tier 1)
2018/08/13,Süperlig,0,Kayserispor,1657,1668.0,2 - 0,Antalyaspor,1652,1641.0,2,0,Turkey,domestic league (tier 1)
2018/08/25,Süperlig,0,Kayserispor,1670,1667.0,0 - 0,Yeni Malatyaspor,1653,1656.0,0,0,Turkey,domestic league (tier 1)
2018/09/22,Süperlig,0,Kayserispor,1671,1653.0,0 - 2,Konyaspor,1703,1721.0,0,2,Turkey,domestic league (tier 1)
2018/10/06,Süperlig,0,Kayserispor,1650,1647.0,2 - 2,Çaykur Rizespor,1658,1661.0,2,2,Turkey,domestic league (tier 1)
2018/10/28,Süperlig,0,Kayserispor,1645,1657.0,2 - 0,Sivasspor,1670,1658.0,2,0,Turkey,domestic league (tier 1)
2018/11/10,Süperlig,0,Kayserispor,1644,1632.0,0 - 3,Galatasaray,1850,1862.0,0,3,Turkey,domestic league (tier 1)
2018/12/01,Süperlig,0,Kayserispor,1617,1604.0,0 - 2,Trabzonspor,1755,1768.0,0,2,Turkey,domestic league (tier 1)
2018/12/16,Süperlig,0,Kayserispor,1640,1649.0,1 - 0,Akhisar Belediyespor,1698,1689.0,1,0,Turkey,domestic league (tier 1)
2019/01/26,Süperlig,0,Kayserispor,1649,1646.0,1 - 1,Bursaspor,1644,1647.0,1,1,Turkey,domestic league (tier 1)
2019/02/08,Süperlig,0,Kayserispor,1650,1661.0,1 - 0,Fenerbahçe,1782,1771.0,1,0,Turkey,domestic league (tier 1)
2019/02/17,Süperlig,0,Kayserispor,1661,1668.0,2 - 1,Göztepe,1654,1647.0,2,1,Turkey,domestic league (tier 1)
2019/03/02,Süperlig,0,Kayserispor,1682,1685.0,2 - 2,Besiktas,1888,1885.0,2,2,Turkey,domestic league (tier 1)
2019/03/17,Süperlig,0,Kayserispor,1672,1676.0,1 - 1,Istanbul Basaksehir (as Istanbul Basaksehir F.K.),1914,1910.0,1,1,Turkey,domestic league (tier 1)
2019/04/14,Süperlig,0,Kayserispor,1695,1672.0,0 - 2,MKE Ankaragücü,1586,1609.0,0,2,Turkey,domestic league (tier 1)
2019/04/28,Süperlig,0,Kayserispor,1667,1665.0,1 - 1,Alanyaspor,1680,1682.0,1,1,Turkey,domestic league (tier 1)
2019/05/12,Süperlig,0,Kayserispor,1658,1664.0,2 - 1,Kasimpasa SK,1614,1608.0,2,1,Turkey,domestic league (tier 1)
2019/05/26,Süperlig,0,Kayserispor,1666,1644.0,0 - 2,BB Erzurumspor,1581,1603.0,0,2,Turkey,domestic league (tier 1)
2019/08/17,Süperlig,0,Kayserispor,1644,1632.0,0 - 1,Alanyaspor,1666,1678.0,0,1,Turkey,domestic league (tier 1)
2019/08/30,Süperlig,0,Kayserispor,1634,1628.0,2 - 3,Galatasaray,1867,1873.0,2,3,Turkey,domestic league (tier 1)
2019/09/21,Süperlig,0,Kayserispor,1631,1629.0,1 - 1,Denizlispor,1667,1669.0,1,1,Turkey,domestic league (tier 1)
2019/10/20,Süperlig,0,Kayserispor,1611,1608.0,1 - 1,Kasimpasa SK,1597,1600.0,1,1,Turkey,domestic league (tier 1)
2019/11/03,Süperlig,0,Kayserispor,1599,1612.0,1 - 0,Fenerbahçe,1809,1796.0,1,0,Turkey,domestic league (tier 1)
2019/11/24,Süperlig,0,Kayserispor,1604,1588.0,1 - 4,Sivasspor,1732,1748.0,1,4,Turkey,domestic league (tier 1)
2019/12/09,Süperlig,0,Kayserispor,1584,1594.0,1 - 0,Çaykur Rizespor,1675,1665.0,1,0,Turkey,domestic league (tier 1)
2019/12/22,Süperlig,0,Kayserispor,1582,1573.0,1 - 4,Istanbul Basaksehir (as Istanbul Basaksehir F.K.),1869,1878.0,1,4,Turkey,domestic league (tier 1)
2020/01/25,Süperlig,0,Kayserispor,1563,1560.0,1 - 1,MKE Ankaragücü,1548,1551.0,1,1,Turkey,domestic league (tier 1)
2020/02/09,Süperlig,0,Kayserispor,1557,1556.0,2 - 2,Antalyaspor,1612,1613.0,2,2,Turkey,domestic league (tier 1)
2020/02/22,Süperlig,0,Kayserispor,1571,1569.0,2 - 2,Konyaspor,1616,1618.0,2,2,Turkey,domestic league (tier 1)
2020/03/02,Süperlig,0,Kayserispor,1569,1580.0,1 - 0,Göztepe,1717,1706.0,1,0,Turkey,domestic league (tier 1)
2020/03/15,Süperlig,0,Kayserispor,1567,1576.0,2 - 1,Yeni Malatyaspor,1637,1628.0,2,1,Turkey,domestic league (tier 1)
2020/06/20,Süperlig,0,Kayserispor,1573,1586.0,2 - 0,Gençlerbirligi,1623,1610.0,2,0,Turkey,domestic league (tier 1)
2020/07/06,Süperlig,0,Kayserispor,1611,1630.0,3 - 1,Besiktas,1795,1776.0,3,1,Turkey,domestic league (tier 1)
2020/07/13,Süperlig,0,Kayserispor,1622,1620.0,1 - 1,Gaziantep FK,1666,1668.0,1,1,Turkey,domestic league (tier 1)
2020/07/25,Süperlig,0,Kayserispor,1618,1612.0,1 - 2,Trabzonspor,1864,1870.0,1,2,Turkey,domestic league (tier 1)
2020/09/13,Süperlig,0,Kayserispor,1612,1621.0,1 - 0,Kasimpasa SK,1688,1679.0,1,0,Turkey,domestic league (tier 1)
2020/09/26,Süperlig,0,Kayserispor,1616,1598.0,1 - 3,BB Erzurumspor,1643,1661.0,1,3,Turkey,domestic league (tier 1)
2020/10/17,Süperlig,0,Kayserispor,1610,1595.0,1 - 3,Sivasspor,1720,1735.0,1,3,Turkey,domestic league (tier 1)
2020/11/08,Süperlig,0,Kayserispor,1589,1579.0,0 - 1,Hatayspor,1684,1694.0,0,1,Turkey,domestic league (tier 1)
2020/11/30,Süperlig,0,Kayserispor,1587,1586.0,0 - 0,Fatih Karagümrük SK,1635,1636.0,0,0,Turkey,domestic league (tier 1)
2020/12/12,Süperlig,0,Kayserispor,1591,1594.0,0 - 0,Trabzonspor,1811,1808.0,0,0,Turkey,domestic league (tier 1)
2020/12/24,Süperlig,0,Kayserispor,1586,1575.0,1 - 2,Konyaspor,1661,1672.0,1,2,Turkey,domestic league (tier 1)
2021/01/03,Süperlig,0,Kayserispor,1567,1558.0,0 - 2,Besiktas,1821,1830.0,0,2,Turkey,domestic league (tier 1)
2021/01/09,Süperlig,0,Kayserispor,1572,1581.0,1 - 0,Yeni Malatyaspor,1632,1623.0,1,0,Turkey,domestic league (tier 1)
2021/01/19,Süperlig,0,Kayserispor,1577,1597.0,2 - 0,Istanbul Basaksehir,1796,1776.0,2,0,Turkey,domestic league (tier 1)
2021/02/03,Süperlig,0,Kayserispor,1606,1608.0,1 - 1,Alanyaspor,1786,1784.0,1,1,Turkey,domestic league (tier 1)
2021/02/13,Süperlig,0,Kayserispor,1611,1607.0,0 - 0,MKE Ankaragücü,1547,1551.0,0,0,Turkey,domestic league (tier 1)
2021/03/03,Süperlig,0,Kayserispor,1600,1608.0,2 - 1,Çaykur Rizespor,1616,1608.0,2,1,Turkey,domestic league (tier 1)
2021/03/13,Süperlig,0,Kayserispor,1632,1620.0,0 - 3,Galatasaray,1856,1868.0,0,3,Turkey,domestic league (tier 1)
2021/04/03,Süperlig,0,Kayserispor,1609,1607.0,1 - 1,Göztepe,1641,1643.0,1,1,Turkey,domestic league (tier 1)
2021/04/11,Süperlig,0,Kayserispor,1614,1604.0,0 - 1,Antalyaspor,1701,1711.0,0,1,Turkey,domestic league (tier 1)
2021/04/20,Süperlig,0,Kayserispor,1608,1604.0,2 - 2,Gençlerbirligi,1550,1554.0,2,2,Turkey,domestic league (tier 1)
2021/04/28,Süperlig,0,Kayserispor,1601,1611.0,6 - 3,Denizlispor,1553,1543.0,6,3,Turkey,domestic league (tier 1)
2021/05/08,Süperlig,0,Kayserispor,1614,1613.0,0 - 0,Gaziantep FK,1692,1693.0,0,0,Turkey,domestic league (tier 1)
2021/05/15,Süperlig,0,Kayserispor,1618,1611.0,1 - 2,Fenerbahçe,1819,1826.0,1,2,Turkey,domestic league (tier 1)
2021/08/20,Süperlig,0,Kayserispor,1598,1598.0,1 - 1,Adana Demirspor,1696,1696.0,1,1,Turkey,domestic league (tier 1)
2021/09/11,Süperlig,0,Kayserispor,1613,1626.0,2 - 0,Kasimpasa SK,1664,1651.0,2,0,Turkey,domestic league (tier 1)
2021/09/22,Süperlig,0,Kayserispor,1621,1646.0,3 - 0,Galatasaray,1873,1848.0,3,0,Turkey,domestic league (tier 1)
2021/10/02,Süperlig,0,Kayserispor,1647,1640.0,1 - 2,Trabzonspor,1851,1858.0,1,2,Turkey,domestic league (tier 1)
2021/10/31,Süperlig,0,Kayserispor,1623,1633.0,2 - 1,Fatih Karagümrük SK,1726,1716.0,2,1,Turkey,domestic league (tier 1)
2021/11/22,Süperlig,0,Kayserispor,1640,1636.0,1 - 1,Göztepe,1602,1606.0,1,1,Turkey,domestic league (tier 1)
2021/12/05,Süperlig,0,Kayserispor,1627,1639.0,2 - 0,Antalyaspor,1664,1652.0,2,0,Turkey,domestic league (tier 1)
2021/12/19,Süperlig,0,Kayserispor,1632,1631.0,0 - 0,Gaziantep FK,1697,1698.0,0,0,Turkey,domestic league (tier 1)
2021/12/27,Süperlig,0,Kayserispor,1633,1653.0,3 - 0,Sivasspor,1788,1768.0,3,0,Turkey,domestic league (tier 1)
2022/01/09,Süperlig,0,Kayserispor,1653,1659.0,1 - 0,Altay Izmir,1587,1581.0,1,0,Turkey,domestic league (tier 1)
2022/01/19,Süperlig,0,Kayserispor,1664,1675.0,1 - 0,Istanbul Basaksehir,1787,1776.0,1,0,Turkey,domestic league (tier 1)
2022/02/04,Süperlig,0,Kayserispor,1664,1672.0,4 - 3,Hatayspor,1706,1698.0,4,3,Turkey,domestic league (tier 1)
2022/02/19,Süperlig,0,Kayserispor,1693,1698.0,2 - 1,Giresunspor,1610,1605.0,2,1,Turkey,domestic league (tier 1)
2022/03/07,Süperlig,0,Kayserispor,1710,1698.0,1 - 2,Alanyaspor,1752,1764.0,1,2,Turkey,domestic league (tier 1)
2022/03/13,Süperlig,0,Kayserispor,1698,1687.0,2 - 3,Konyaspor,1765,1776.0,2,3,Turkey,domestic league (tier 1)
2022/04/02,Süperlig,0,Kayserispor,1674,1658.0,0 - 4,Fenerbahçe,1833,1849.0,0,4,Turkey,domestic league (tier 1)
2022/04/15,Süperlig,0,Kayserispor,1669,1664.0,1 - 1,Çaykur Rizespor,1576,1581.0,1,1,Turkey,domestic league (tier 1)
2022/05/01,Süperlig,0,Kayserispor,1667,1656.0,2 - 3,Besiktas,1746,1757.0,2,3,Turkey,domestic league (tier 1)
2022/05/10,Turkey Cup,0,Kayserispor,1659,1680.0,4 - 2,Trabzonspor,1908,1887.0,4,2,Turkey,domestic cup
2022/05/14,Süperlig,0,Kayserispor,1680,1686.0,3 - 0,Yeni Malatyaspor,1498,1492.0,3,0,Turkey,domestic league (tier 1)
2022/05/26,Turkey Cup,0,Kayserispor,1681,1673.0,2 - 3,Sivasspor,1762,1770.0,2,3,Turkey,domestic cup
2022/08/13,Süperlig,0,Kayserispor,1668,1673.0,1 - 0,Istanbulspor AS,1582,1577.0,1,0,Turkey,domestic league (tier 1)
2022/08/28,Süperlig,0,Kayserispor,1668,1680.0,3 - 0,Giresunspor,1653,1641.0,3,0,Turkey,domestic league (tier 1)
2022/09/11,Süperlig,0,Kayserispor,1676,1685.0,1 - 0,Antalyaspor,1755,1746.0,1,0,Turkey,domestic league (tier 1)
2022/10/01,Süperlig,0,Kayserispor,1707,1699.0,1 - 2,Trabzonspor,1866,1874.0,1,2,Turkey,domestic league (tier 1)
2022/10/15,Süperlig,0,Kayserispor,1698,1708.0,2 - 1,Galatasaray,1815,1805.0,2,1,Turkey,domestic league (tier 1)
2022/10/30,Süperlig,0,Kayserispor,1721,1720.0,2 - 2,Adana Demirspor,1790,1791.0,2,2,Turkey,domestic league (tier 1)
2022/11/13,Süperlig,0,Kayserispor,1732,1721.0,1 - 2,Konyaspor,1784,1795.0,1,2,Turkey,domestic league (tier 1)
2022/12/22,Turkey Cup,0,Kayserispor,1721,1723.0,2 - 0,Gençlerbirligi,1362,1360.0,2,0,Turkey,domestic cup
2023/01/04,Süperlig,0,Kayserispor,1713,1693.0,2 - 4,Fatih Karagümrük SK,1704,1724.0,2,4,Turkey,domestic league (tier 1)
2023/01/13,Süperlig,0,Kayserispor,1684,1698.0,4 - 1,Sivasspor,1718,1704.0,4,1,Turkey,domestic league (tier 1)
2023/01/22,Süperlig,0,Kayserispor,1718,1702.0,0 - 2,Besiktas,1806,1822.0,0,2,Turkey,domestic league (tier 1)
2023/02/02,Süperlig,0,Kayserispor,1716,1727.0,1 - 0,Istanbul Basaksehir,1868,1857.0,1,0,Turkey,domestic league (tier 1)
2023/03/04,Süperlig,0,Kayserispor,1737,1730.0,1 - 2,Fenerbahçe,1954,1961.0,1,2,Turkey,domestic league (tier 1)
2023/04/10,Süperlig,0,Kayserispor,1725,1731.0,3 - 1,Ümraniyespor,1597,1591.0,3,1,Turkey,domestic league (tier 1)
2023/04/19,Süperlig,0,Kayserispor,1724,1720.0,0 - 0,Kasimpasa SK,1677,1681.0,0,0,Turkey,domestic league (tier 1)
2023/05/20,Süperlig,0,Kayserispor,1716,1689.0,0 - 4,Alanyaspor,1648,1675.0,0,4,Turkey,domestic league (tier 1)
2023/06/03,Süperlig,0,Kayserispor,1680,1666.0,0 - 1,MKE Ankaragücü,1645,1659.0,0,1,Turkey,domestic league (tier 1)
2023/08/12,Süperlig,0,Kayserispor,1669,1674.0,0 - 0,Galatasaray,1951,1946.0,0,0,Turkey,domestic league (tier 1)
2023/08/27,Süperlig,0,Kayserispor,1675,1681.0,2 - 1,Samsunspor,1644,1638.0,2,1,Turkey,domestic league (tier 1)
2023/09/16,Süperlig,0,Kayserispor,1684,1694.0,2 - 0,Gaziantep FK,1653,1643.0,2,0,Turkey,domestic league (tier 1)
2023/10/02,Süperlig,0,Kayserispor,1691,1690.0,0 - 0,Istanbul Basaksehir,1766,1767.0,0,0,Turkey,domestic league (tier 1)
2023/10/21,Süperlig,0,Kayserispor,1676,1687.0,3 - 1,Çaykur Rizespor,1669,1658.0,3,1,Turkey,domestic league (tier 1)
2023/11/06,Süperlig,0,Kayserispor,1700,1706.0,1 - 0,Alanyaspor,1643,1637.0,1,0,Turkey,domestic league (tier 1)
2023/11/26,Süperlig,0,Kayserispor,1719,1719.0,1 - 1,Adana Demirspor,1834,1834.0,1,1,Turkey,domestic league (tier 1)
2023/12/10,Süperlig,0,Kayserispor,1734,1739.0,2 - 0,Pendikspor,1557,1552.0,2,0,Turkey,domestic league (tier 1)
2023/12/20,Süperlig,0,Kayserispor,1739,1733.0,3 - 4,Fenerbahçe,2003,2009.0,3,4,Turkey,domestic league (tier 1)
2024/01/07,Süperlig,0,Kayserispor,1721,1700.0,1 - 3,Sivasspor,1683,1704.0,1,3,Turkey,domestic league (tier 1)
2024/01/18,Turkey Cup,0,Kayserispor,1685,1668.0,1 - 2,Gençlerbirligi,1452,1469.0,1,2,Turkey,domestic cup
2024/01/22,Süperlig,0,Kayserispor,1668,1652.0,0 - 1,Istanbulspor AS,1547,1563.0,0,1,Turkey,domestic league (tier 1)
2024/01/29,Süperlig,0,Kayserispor,1642,1642.0,1 - 1,Antalyaspor,1737,1737.0,1,1,Turkey,domestic league (tier 1)
2024/02/12,Süperlig,0,Kayserispor,1646,1648.0,0 - 0,Besiktas,1828,1826.0,0,0,Turkey,domestic league (tier 1)
2024/02/24,Süperlig,0,Kayserispor,1664,1672.0,3 - 2,MKE Ankaragücü,1686,1678.0,3,2,Turkey,domestic league (tier 1)
2024/03/10,Süperlig,0,Kayserispor,1658,1655.0,1 - 1,Hatayspor,1659,1662.0,1,1,Turkey,domestic league (tier 1)
2024/04/03,Süperlig,0,Kayserispor,1649,1632.0,0 - 2,Kasimpasa SK,1703,1720.0,0,2,Turkey,domestic league (tier 1)
2024/04/20,Süperlig,0,Kayserispor,1638,1630.0,1 - 2,Trabzonspor,1803,1811.0,1,2,Turkey,domestic league (tier 1)
2024/05/04,Süperlig,0,Kayserispor,1641,1640.0,2 - 2,Fatih Karagümrük,1719,1720.0,2,2,Turkey,domestic league (tier 1)
2024/05/18,Süperlig,0,Kayserispor,1638,1637.0,2 - 2,Konyaspor,1720,1721.0,2,2,Turkey,domestic league (tier 1)
2024/08/17,Süperlig,0,Kayserispor,1632,1622.0,1 - 2,Sivasspor,1724,1734.0,1,2,Turkey,domestic league (tier 1)
2024/09/15,Süperlig,0,Kayserispor,1627,1624.0,2 - 2,Eyüpspor,1637,1640.0,2,2,Turkey,domestic league (tier 1)
2024/09/30,Süperlig,0,Kayserispor,1620,1609.0,0 - 3,Besiktas,1866,1877.0,0,3,Turkey,domestic league (tier 1)
2024/10/19,Süperlig,0,Kayserispor,1616,1615.0,2 - 2,Gaziantep FK,1672,1673.0,2,2,Turkey,domestic league (tier 1)
2024/11/02,Süperlig,0,Kayserispor,1628,1624.0,0 - 0,Adana Demirspor,1595,1599.0,0,0,Turkey,domestic league (tier 1)
2024/11/23,Süperlig,0,Kayserispor,1639,1633.0,2 - 6,Fenerbahçe,2021,2027.0,2,6,Turkey,domestic league (tier 1)
2024/12/08,Süperlig,0,Kayserispor,1622,1637.0,2 - 0,Alanyaspor,1712,1697.0,2,0,Turkey,domestic league (tier 1)
2024/12/22,Süperlig,0,Kayserispor,1628,1622.0,1 - 5,Galatasaray,2032,2038.0,1,5,Turkey,domestic league (tier 1)
2025/01/11,Süperlig,0,Kayserispor,1620,1611.0,0 - 1,Samsunspor,1754,1763.0,0,1,Turkey,domestic league (tier 1)
2025/02/01,Süperlig,0,Kayserispor,1601,1604.0,0 - 0,Trabzonspor,1795,1792.0,0,0,Turkey,domestic league (tier 1)
2025/02/08,Süperlig,0,Kayserispor,1604,1614.0,3 - 2,Konyaspor,1700,1690.0,3,2,Turkey,domestic league (tier 1)
2025/02/23,Süperlig,0,Kayserispor,1619,1629.0,1 - 0,Göztepe,1727,1717.0,1,0,Turkey,domestic league (tier 1)
2025/03/08,Süperlig,0,Kayserispor,1625,1643.0,3 - 1,Istanbul Basaksehir,1784,1766.0,3,1,Turkey,domestic league (tier 1)
2025/03/28,Süperlig,0,Kayserispor,1637,1649.0,5 - 0,Hatayspor,1594,1582.0,5,0,Turkey,domestic league (tier 1)
2025/04/13,Süperlig,0,Kayserispor,1664,1672.0,1 - 0,Kasimpasa SK,1698,1690.0,1,0,Turkey,domestic league (tier 1)
2025/04/27,Süperlig,0,Kayserispor,1681,1687.0,1 - 0,Çaykur Rizespor,1650,1644.0,1,0,Turkey,domestic league (tier 1)
2025/05/12,Süperlig,0,Kayserispor,1689,1699.0,3 - 1,Antalyaspor,1665,1655.0,3,1,Turkey,domestic league (tier 1)
2025/05/25,Süperlig,0,Kayserispor,1696,1690.0,1 - 1,Bodrum FK,1568,1574.0,1,1,Turkey,domestic league (tier 1)
2025/08/24,Süperlig,0,Kayserispor,1690,1683.0,0 - 4,Galatasaray,2059,2066.0,0,4,Turkey,domestic league (tier 1)
2025/09/14,Süperlig,0,Kayserispor,1681,1681.0,1 - 1,Göztepe,1766,1766.0,1,1,Turkey,domestic league (tier 1)
2025/09/24,Süperlig,0,Kayserispor,1683,1664.0,0 - 4,Besiktas,1781,1800.0,0,4,Turkey,domestic league (tier 1)
2025/09/28,Süperlig,0,Kayserispor,1664,1658.0,1 - 1,Gençlerbirligi,1547,1553.0,1,1,Turkey,domestic league (tier 1)
2025/10/19,Süperlig,0,Kayserispor,1651,1637.0,1 - 3,Samsunspor,1767,1781.0,1,3,Turkey,domestic league (tier 1)
2025/11/02,Süperlig,0,Kayserispor,1638,1647.0,3 - 2,Kasimpasa SK,1686,1677.0,3,2,Turkey,domestic league (tier 1)
2025/11/22,Süperlig,0,Kayserispor,1645,1625.0,0 - 3,Gaziantep FK,1701,1721.0,0,3,Turkey,domestic league (tier 1)
2025/12/13,Süperlig,0,Kayserispor,1624,1624.0,0 - 0,Alanyaspor,1722,1722.0,0,0,Turkey,domestic league (tier 1)
2026/01/24,Süperlig,0,Kayserispor,1625,1611.0,0 - 3,Istanbul Basaksehir,1801,1815.0,0,3,Turkey,domestic league (tier 1)
2026/02/09,Süperlig,0,Kayserispor,1609,1596.0,1 - 2,Kocaelispor,1608,1621.0,1,2,Turkey,domestic league (tier 1)
2026/02/22,Süperlig,0,Kayserispor,1603,1610.0,1 - 0,Antalyaspor,1588,1581.0,1,0,Turkey,domestic league (tier 1)
2026/03/09,Süperlig,0,Kayserispor,1613,1605.0,1 - 3,Trabzonspor,1879,1887.0,1,3,Turkey,domestic league (tier 1)
2026/03/19,Süperlig,0,Kayserispor,1601,1608.0,1 - 0,Fatih Karagümrük,1599,1592.0,1,0,Turkey,domestic league (tier 1)
2026/04/11,Süperlig,0,Kayserispor,1598,1592.0,0 - 4,Fenerbahçe,2002,2008.0,0,4,Turkey,domestic league (tier 1)
2026/04/25,Süperlig,0,Kayserispor,1583,1600.0,2 - 0,Çaykur Rizespor,1722,1705.0,2,0,Turkey,domestic league (tier 1)
2026/05/03,Süperlig,0,Kayserispor,1600,1598.0,1 - 1,Eyüpspor,1617,1619.0,1,1,Turkey,domestic league (tier 1)
2026/05/17,Süperlig,0,Kayserispor,1591,1603.0,2 - 1,Konyaspor,1753,1741.0,2,1,Turkey,domestic league (tier 1)
2026/08/16,1. Lig,0,Kayserispor,1613,1620.0,2 - 0,Sivasspor,1508,1501.0,2,0,Turkey,domestic league (tier 2)
2026/08/29,1. Lig,0,Kayserispor,1629,1613.0,1 - 2,Bursaspor,1494,1510.0,1,2,Turkey,domestic league (tier 2)
2019/08/24,1. Lig,0,Keçiörengücü,1549,1559.0,1 - 0,Ankaraspor (as Osmanlispor FK),1645,1635.0,1,0,Turkey,domestic league (tier 2)
2019/09/14,1. Lig,0,Keçiörengücü,1562,1570.0,1 - 0,BB Erzurumspor,1591,1583.0,1,0,Turkey,domestic league (tier 2)
2019/09/28,1. Lig,0,Keçiörengücü,1571,1568.0,1 - 1,Ümraniyespor,1550,1553.0,1,1,Turkey,domestic league (tier 2)
2019/10/20,1. Lig,0,Keçiörengücü,1569,1574.0,1 - 0,Balikesirspor,1490,1485.0,1,0,Turkey,domestic league (tier 2)
2019/11/03,1. Lig,0,Keçiörengücü,1559,1553.0,0 - 0,Giresunspor,1421,1427.0,0,0,Turkey,domestic league (tier 2)
2019/11/10,1. Lig,0,Keçiörengücü,1553,1559.0,2 - 0,Adanaspor,1426,1420.0,2,0,Turkey,domestic league (tier 2)
2019/11/30,1. Lig,0,Keçiörengücü,1553,1559.0,2 - 1,Altinordu FK,1515,1509.0,2,1,Turkey,domestic league (tier 2)
2019/12/15,1. Lig,0,Keçiörengücü,1552,1542.0,0 - 1,Hatayspor,1668,1678.0,0,1,Turkey,domestic league (tier 2)
2019/12/29,1. Lig,0,Keçiörengücü,1563,1572.0,1 - 0,Akhisar Belediyespor,1627,1618.0,1,0,Turkey,domestic league (tier 2)
2020/01/19,1. Lig,0,Keçiörengücü,1572,1556.0,0 - 1,Eskisehirspor,1415,1431.0,0,1,Turkey,domestic league (tier 2)
2020/02/01,1. Lig,0,Keçiörengücü,1559,1541.0,1 - 3,Adana Demirspor,1588,1606.0,1,3,Turkey,domestic league (tier 2)
2020/02/16,1. Lig,0,Keçiörengücü,1536,1546.0,2 - 0,Altay Izmir,1512,1502.0,2,0,Turkey,domestic league (tier 2)
2020/02/27,1. Lig,0,Keçiörengücü,1533,1529.0,0 - 0,Istanbulspor AS,1497,1501.0,0,0,Turkey,domestic league (tier 2)
2020/03/07,1. Lig,0,Keçiörengücü,1531,1516.0,0 - 1,Boluspor,1428,1443.0,0,1,Turkey,domestic league (tier 2)
2020/06/20,1. Lig,0,Keçiörengücü,1507,1517.0,1 - 0,Bursaspor,1624,1614.0,1,0,Turkey,domestic league (tier 2)
2020/06/30,1. Lig,0,Keçiörengücü,1530,1534.0,2 - 1,Menemen Belediyespor,1412,1408.0,2,1,Turkey,domestic league (tier 2)
2020/07/12,1. Lig,0,Keçiörengücü,1529,1544.0,3 - 0,Fatih Karagümrük SK,1589,1574.0,3,0,Turkey,domestic league (tier 2)
2020/09/20,1. Lig,0,Keçiörengücü,1569,1577.0,2 - 0,Ankaraspor (as Osmanlispor FK),1494,1486.0,2,0,Turkey,domestic league (tier 2)
2020/10/03,1. Lig,0,Keçiörengücü,1574,1561.0,0 - 1,Altay Izmir,1554,1567.0,0,1,Turkey,domestic league (tier 2)
2020/10/20,1. Lig,0,Keçiörengücü,1571,1575.0,1 - 0,Bandirmaspor,1406,1402.0,1,0,Turkey,domestic league (tier 2)
2020/11/01,1. Lig,0,Keçiörengücü,1559,1556.0,1 - 1,Istanbulspor AS,1535,1538.0,1,1,Turkey,domestic league (tier 2)
2020/11/22,1. Lig,0,Keçiörengücü,1552,1568.0,6 - 0,Akhisar Belediyespor,1571,1555.0,6,0,Turkey,domestic league (tier 2)
2020/11/29,1. Lig,0,Keçiörengücü,1550,1561.0,1 - 0,Adana Demirspor,1679,1668.0,1,0,Turkey,domestic league (tier 2)
2020/12/09,1. Lig,0,Keçiörengücü,1580,1565.0,0 - 1,Giresunspor,1486,1501.0,0,1,Turkey,domestic league (tier 2)
2020/12/19,1. Lig,0,Keçiörengücü,1555,1559.0,2 - 1,Balikesirspor,1408,1404.0,2,1,Turkey,domestic league (tier 2)
2021/01/02,1. Lig,0,Keçiörengücü,1558,1546.0,0 - 1,Bursaspor,1574,1586.0,0,1,Turkey,domestic league (tier 2)
2021/01/24,1. Lig,0,Keçiörengücü,1546,1554.0,2 - 0,Boluspor,1466,1458.0,2,0,Turkey,domestic league (tier 2)
2021/02/07,1. Lig,0,Keçiörengücü,1542,1546.0,1 - 0,Adanaspor,1379,1375.0,1,0,Turkey,domestic league (tier 2)
2021/02/19,1. Lig,0,Keçiörengücü,1571,1556.0,0 - 1,Ümraniyespor,1467,1482.0,0,1,Turkey,domestic league (tier 2)
2021/02/28,1. Lig,0,Keçiörengücü,1556,1553.0,1 - 1,Samsunspor,1561,1564.0,1,1,Turkey,domestic league (tier 2)
2021/03/13,1. Lig,0,Keçiörengücü,1556,1558.0,1 - 0,Eskisehirspor,1251,1249.0,1,0,Turkey,domestic league (tier 2)
2021/04/09,1. Lig,0,Keçiörengücü,1560,1570.0,5 - 3,Altinordu FK,1552,1542.0,5,3,Turkey,domestic league (tier 2)
2021/04/17,1. Lig,0,Keçiörengücü,1563,1547.0,0 - 1,Tuzlaspor,1424,1440.0,0,1,Turkey,domestic league (tier 2)
2021/05/01,1. Lig,0,Keçiörengücü,1556,1563.0,4 - 1,Menemen Belediyespor,1415,1408.0,4,1,Turkey,domestic league (tier 2)
2021/08/15,1. Lig,0,Keçiörengücü,1583,1580.0,1 - 1,Altinordu FK,1557,1560.0,1,1,Turkey,domestic league (tier 2)
2021/08/28,1. Lig,0,Keçiörengücü,1570,1574.0,2 - 0,Adanaspor,1348,1344.0,2,0,Turkey,domestic league (tier 2)
2021/09/16,1. Lig,0,Keçiörengücü,1563,1536.0,0 - 3,Boluspor,1447,1474.0,0,3,Turkey,domestic league (tier 2)
2021/10/17,1. Lig,0,Keçiörengücü,1515,1499.0,0 - 1,Kocaelispor,1367,1383.0,0,1,Turkey,domestic league (tier 2)
2021/10/23,1. Lig,0,Keçiörengücü,1499,1507.0,3 - 2,Istanbulspor AS,1536,1528.0,3,2,Turkey,domestic league (tier 2)
2021/11/07,1. Lig,0,Keçiörengücü,1495,1507.0,2 - 0,Gençlerbirligi,1515,1503.0,2,0,Turkey,domestic league (tier 2)
2021/11/28,1. Lig,0,Keçiörengücü,1499,1509.0,3 - 2,Ümraniyespor,1596,1586.0,3,2,Turkey,domestic league (tier 2)
2021/12/11,1. Lig,0,Keçiörengücü,1509,1516.0,3 - 2,Bandirmaspor,1506,1499.0,3,2,Turkey,domestic league (tier 2)
2021/12/18,1. Lig,0,Keçiörengücü,1513,1513.0,3 - 3,BB Erzurumspor,1601,1601.0,3,3,Turkey,domestic league (tier 2)
2022/01/16,1. Lig,0,Keçiörengücü,1520,1517.0,0 - 0,Eyüpspor,1519,1522.0,0,0,Turkey,domestic league (tier 2)
2022/02/05,1. Lig,0,Keçiörengücü,1528,1526.0,1 - 1,Samsunspor,1569,1571.0,1,1,Turkey,domestic league (tier 2)
2022/02/16,1. Lig,0,Keçiörengücü,1527,1531.0,3 - 1,Balikesirspor,1308,1304.0,3,1,Turkey,domestic league (tier 2)
2022/02/26,1. Lig,0,Keçiörengücü,1531,1536.0,1 - 0,Tuzlaspor,1428,1423.0,1,0,Turkey,domestic league (tier 2)
2022/04/02,1. Lig,0,Keçiörengücü,1528,1533.0,2 - 1,Bursaspor,1442,1437.0,2,1,Turkey,domestic league (tier 2)
2022/04/15,1. Lig,0,Keçiörengücü,1519,1505.0,0 - 1,Denizlispor,1458,1472.0,0,1,Turkey,domestic league (tier 2)
2022/04/24,1. Lig,0,Keçiörengücü,1499,1504.0,1 - 0,Menemen Belediyespor,1426,1421.0,1,0,Turkey,domestic league (tier 2)
2022/05/08,1. Lig,0,Keçiörengücü,1524,1528.0,2 - 1,Manisa FK,1391,1387.0,2,1,Turkey,domestic league (tier 2)
2022/05/21,1. Lig,0,Keçiörengücü,1532,1521.0,1 - 2,MKE Ankaragücü,1593,1604.0,1,2,Turkey,domestic league (tier 2)
2022/08/21,1. Lig,0,Keçiörengücü,1526,1501.0,1 - 3,Bodrumspor,1326,1351.0,1,3,Turkey,domestic league (tier 2)
2022/09/04,1. Lig,0,Keçiörengücü,1522,1525.0,2 - 1,Sakaryaspor,1350,1347.0,2,1,Turkey,domestic league (tier 2)
2022/09/17,1. Lig,0,Keçiörengücü,1529,1536.0,3 - 2,BB Erzurumspor,1520,1513.0,3,2,Turkey,domestic league (tier 2)
2022/10/08,1. Lig,0,Keçiörengücü,1554,1549.0,1 - 1,Boluspor,1485,1490.0,1,1,Turkey,domestic league (tier 2)
2022/10/22,1. Lig,0,Keçiörengücü,1564,1535.0,0 - 3,Pendikspor,1383,1412.0,0,3,Turkey,domestic league (tier 2)
2022/11/19,1. Lig,0,Keçiörengücü,1542,1548.0,2 - 0,Denizlispor,1395,1389.0,2,0,Turkey,domestic league (tier 2)
2022/11/27,1. Lig,0,Keçiörengücü,1548,1546.0,1 - 1,Samsunspor,1572,1574.0,1,1,Turkey,domestic league (tier 2)
2022/12/10,1. Lig,0,Keçiörengücü,1546,1550.0,1 - 0,Adanaspor,1408,1404.0,1,0,Turkey,domestic league (tier 2)
2022/12/25,1. Lig,0,Keçiörengücü,1537,1545.0,2 - 1,Eyüpspor,1567,1559.0,2,1,Turkey,domestic league (tier 2)
2023/01/14,1. Lig,0,Keçiörengücü,1545,1544.0,1 - 1,Çaykur Rizespor,1607,1608.0,1,1,Turkey,domestic league (tier 2)
2023/01/29,1. Lig,0,Keçiörengücü,1554,1549.0,1 - 1,Altay Izmir,1480,1485.0,1,1,Turkey,domestic league (tier 2)
2023/03/04,1. Lig,0,Keçiörengücü,1532,1542.0,3 - 1,Bandirmaspor,1507,1497.0,3,1,Turkey,domestic league (tier 2)
2023/03/12,1. Lig,0,Keçiörengücü,1552,1557.0,4 - 0,Altinordu FK,1342,1337.0,4,0,Turkey,domestic league (tier 2)
2023/03/25,1. Lig,0,Keçiörengücü,1542,1536.0,2 - 2,Gençlerbirligi,1373,1379.0,2,2,Turkey,domestic league (tier 2)
2023/04/02,1. Lig,0,Keçiörengücü,1527,1511.0,0 - 1,Tuzlaspor,1390,1406.0,0,1,Turkey,domestic league (tier 2)
2023/04/11,1. Lig,0,Keçiörengücü,1511,1499.0,2 - 3,Göztepe,1542,1554.0,2,3,Turkey,domestic league (tier 2)
2023/04/29,1. Lig,0,Keçiörengücü,1508,1483.0,0 - 3,Manisa FK,1456,1481.0,0,3,Turkey,domestic league (tier 2)
2023/08/12,1. Lig,0,Keçiörengücü,1476,1464.0,0 - 1,Eyüpspor,1495,1507.0,0,1,Turkey,domestic league (tier 2)
2023/08/27,1. Lig,0,Keçiörengücü,1467,1473.0,1 - 0,Adanaspor,1410,1404.0,1,0,Turkey,domestic league (tier 2)
2023/09/16,1. Lig,0,Keçiörengücü,1474,1485.0,2 - 0,Sanliurfaspor,1478,1467.0,2,0,Turkey,domestic league (tier 2)
2023/09/23,1. Lig,0,Keçiörengücü,1485,1500.0,3 - 1,Giresunspor,1579,1564.0,3,1,Turkey,domestic league (tier 2)
2023/10/08,1. Lig,0,Keçiörengücü,1484,1460.0,0 - 2,Tuzlaspor,1331,1355.0,0,2,Turkey,domestic league (tier 2)
2023/10/28,1. Lig,0,Keçiörengücü,1473,1463.0,0 - 1,Göztepe,1563,1573.0,0,1,Turkey,domestic league (tier 2)
2023/11/11,1. Lig,0,Keçiörengücü,1474,1473.0,1 - 1,Bodrumspor,1541,1542.0,1,1,Turkey,domestic league (tier 2)
2023/12/02,1. Lig,0,Keçiörengücü,1476,1457.0,1 - 3,Sakaryaspor,1471,1490.0,1,3,Turkey,domestic league (tier 2)
2023/12/20,1. Lig,0,Keçiörengücü,1448,1431.0,1 - 3,Bandirmaspor,1496,1513.0,1,3,Turkey,domestic league (tier 2)
2024/01/21,1. Lig,0,Keçiörengücü,1415,1413.0,1 - 1,Manisa FK,1446,1448.0,1,1,Turkey,domestic league (tier 2)
2024/02/03,1. Lig,0,Keçiörengücü,1424,1412.0,1 - 2,Boluspor,1443,1455.0,1,2,Turkey,domestic league (tier 2)
2024/02/25,1. Lig,0,Keçiörengücü,1436,1435.0,2 - 2,Kocaelispor,1489,1490.0,2,2,Turkey,domestic league (tier 2)
2024/03/10,1. Lig,0,Keçiörengücü,1436,1418.0,0 - 2,Erzurumspor FK,1467,1485.0,0,2,Turkey,domestic league (tier 2)
2024/04/02,1. Lig,0,Keçiörengücü,1425,1414.0,1 - 2,Çorum FK,1483,1494.0,1,2,Turkey,domestic league (tier 2)
2024/04/13,1. Lig,0,Keçiörengücü,1420,1429.0,2 - 1,Gençlerbirligi,1485,1476.0,2,1,Turkey,domestic league (tier 2)
2024/04/28,1. Lig,0,Keçiörengücü,1424,1437.0,4 - 2,Ümraniyespor,1471,1458.0,4,2,Turkey,domestic league (tier 2)
2024/05/10,1. Lig,0,Keçiörengücü,1431,1424.0,1 - 1,Altay Izmir,1256,1263.0,1,1,Turkey,domestic league (tier 2)
2024/08/17,1. Lig,0,Keçiörengücü,1429,1418.0,1 - 2,Bandirmaspor,1497,1508.0,1,2,Turkey,domestic league (tier 2)
2024/08/31,1. Lig,0,Keçiörengücü,1430,1428.0,1 - 1,Boluspor,1448,1450.0,1,1,Turkey,domestic league (tier 2)
2024/09/22,1. Lig,0,Keçiörengücü,1429,1436.0,2 - 0,Igdir FK,1323,1316.0,2,0,Turkey,domestic league (tier 2)
2024/10/06,1. Lig,0,Keçiörengücü,1450,1449.0,1 - 1,Pendikspor,1511,1512.0,1,1,Turkey,domestic league (tier 2)
2024/11/02,1. Lig,0,Keçiörengücü,1436,1424.0,2 - 3,Çorum FK,1479,1491.0,2,3,Turkey,domestic league (tier 2)
2024/11/23,1. Lig,0,Keçiörengücü,1424,1439.0,4 - 0,Manisa FK,1451,1436.0,4,0,Turkey,domestic league (tier 2)
2024/12/08,1. Lig,0,Keçiörengücü,1459,1467.0,2 - 1,Istanbulspor AS,1484,1476.0,2,1,Turkey,domestic league (tier 2)
2024/12/18,Turkey Cup,0,Keçiörengücü,1480,1468.0,1 - 4,Sivasspor,1686,1698.0,1,4,Turkey,domestic cup
2024/12/22,1. Lig,0,Keçiörengücü,1468,1461.0,0 - 1,Fatih Karagümrük,1670,1677.0,0,1,Turkey,domestic league (tier 2)
2025/01/12,1. Lig,0,Keçiörengücü,1455,1444.0,0 - 1,Kocaelispor,1523,1534.0,0,1,Turkey,domestic league (tier 2)
2025/01/19,1. Lig,0,Keçiörengücü,1444,1432.0,2 - 3,Sakaryaspor,1468,1480.0,2,3,Turkey,domestic league (tier 2)
2025/02/01,1. Lig,0,Keçiörengücü,1447,1453.0,7 - 0,Yeni Malatyaspor,1216,1210.0,7,0,Turkey,domestic league (tier 2)
2025/02/12,1. Lig,0,Keçiörengücü,1456,1464.0,3 - 0,Adanaspor,1347,1339.0,3,0,Turkey,domestic league (tier 2)
2025/02/22,1. Lig,0,Keçiörengücü,1445,1444.0,3 - 3,Gençlerbirligi,1523,1524.0,3,3,Turkey,domestic league (tier 2)
2025/03/05,1. Lig,0,Keçiörengücü,1465,1460.0,2 - 2,Erokspor,1374,1379.0,2,2,Turkey,domestic league (tier 2)
2025/03/10,1. Lig,0,Keçiörengücü,1460,1441.0,1 - 3,Erzurumspor FK,1461,1480.0,1,3,Turkey,domestic league (tier 2)
2025/03/29,1. Lig,0,Keçiörengücü,1435,1421.0,1 - 2,Amed SK,1398,1412.0,1,2,Turkey,domestic league (tier 2)
2025/04/08,1. Lig,0,Keçiörengücü,1433,1445.0,4 - 1,Sanliurfaspor,1413,1401.0,4,1,Turkey,domestic league (tier 2)
2025/04/20,1. Lig,0,Keçiörengücü,1468,1455.0,0 - 1,Ümraniyespor,1472,1485.0,0,1,Turkey,domestic league (tier 2)
2025/05/04,1. Lig,0,Keçiörengücü,1451,1439.0,2 - 3,MKE Ankaragücü,1476,1488.0,2,3,Turkey,domestic league (tier 2)
2025/08/16,1. Lig,0,Keçiörengücü,1455,1455.0,0 - 0,Istanbulspor AS,1554,1554.0,0,0,Turkey,domestic league (tier 2)
2025/08/31,1. Lig,0,Keçiörengücü,1449,1438.0,1 - 2,Çorum FK,1508,1519.0,1,2,Turkey,domestic league (tier 2)
2025/09/20,1. Lig,0,Keçiörengücü,1444,1455.0,2 - 1,Bodrum FK,1582,1571.0,2,1,Turkey,domestic league (tier 2)
2025/09/29,1. Lig,0,Keçiörengücü,1460,1458.0,0 - 0,Pendikspor,1505,1507.0,0,0,Turkey,domestic league (tier 2)
2025/10/19,1. Lig,0,Keçiörengücü,1445,1446.0,0 - 0,Sivasspor,1586,1585.0,0,0,Turkey,domestic league (tier 2)
2025/11/01,1. Lig,0,Keçiörengücü,1440,1451.0,3 - 0,Sariyer SK,1414,1403.0,3,0,Turkey,domestic league (tier 2)
2025/11/29,1. Lig,0,Keçiörengücü,1469,1457.0,1 - 2,Igdir FK,1489,1501.0,1,2,Turkey,domestic league (tier 2)
2025/12/02,Turkey Cup,0,Keçiörengücü,1457,1475.0,2 - 0,Kayserispor,1639,1621.0,2,0,Turkey,domestic cup
2025/12/14,1. Lig,0,Keçiörengücü,1489,1487.0,1 - 1,Erokspor,1506,1508.0,1,1,Turkey,domestic league (tier 2)
2025/12/28,1. Lig,0,Keçiörengücü,1488,1496.0,3 - 1,Ümraniyespor,1414,1406.0,3,1,Turkey,domestic league (tier 2)
2026/01/11,1. Lig,0,Keçiörengücü,1496,1505.0,5 - 0,Hatayspor,1377,1368.0,5,0,Turkey,domestic league (tier 2)
2026/01/24,1. Lig,0,Keçiörengücü,1505,1520.0,5 - 1,Boluspor,1532,1517.0,5,1,Turkey,domestic league (tier 2)
2026/02/05,Turkey Cup,0,Keçiörengücü,1513,1498.0,1 - 5,Gaziantep FK,1681,1696.0,1,5,Turkey,domestic cup
2026/02/08,1. Lig,0,Keçiörengücü,1498,1510.0,3 - 1,Bandirmaspor,1525,1513.0,3,1,Turkey,domestic league (tier 2)
2026/02/18,1. Lig,0,Keçiörengücü,1504,1495.0,1 - 2,Erzurumspor FK,1624,1633.0,1,2,Turkey,domestic league (tier 2)
2026/02/28,1. Lig,0,Keçiörengücü,1508,1506.0,2 - 2,Amed SFK,1549,1551.0,2,2,Turkey,domestic league (tier 2)
2026/03/11,1. Lig,0,Keçiörengücü,1514,1508.0,1 - 1,Sakaryaspor,1372,1378.0,1,1,Turkey,domestic league (tier 2)
2026/03/21,1. Lig,0,Keçiörengücü,1493,1497.0,7 - 0,Adana Demirspor,1176,1172.0,7,0,Turkey,domestic league (tier 2)
2026/04/04,1. Lig,0,Keçiörengücü,1497,1506.0,3 - 0,Vanspor FK,1400,1391.0,3,0,Turkey,domestic league (tier 2)
2026/04/12,1. Lig,0,Keçiörengücü,1518,1511.0,0 - 0,Serik Belediyespor,1285,1292.0,0,0,Turkey,domestic league (tier 2)
2026/04/26,1. Lig,0,Keçiörengücü,1506,1512.0,2 - 1,Manisa FK,1472,1466.0,2,1,Turkey,domestic league (tier 2)
2026/08/16,1. Lig,0,Keçiörengücü,1520,1532.0,4 - 1,Pendikspor,1497,1485.0,4,1,Turkey,domestic league (tier 2)
2026/08/28,1. Lig,0,Keçiörengücü,1535,1530.0,2 - 2,Ümraniyespor,1424,1429.0,2,2,Turkey,domestic league (tier 2)
2026/09/05,1. Lig,0,Keçiörengücü,1542,,Info,Sariyer SK,1491,,,,Turkey,domestic league (tier 2)
2021/08/16,1. Lig,0,Kocaelispor,1330,1317.0,0 - 3,Ümraniyespor,1525,1538.0,0,3,Turkey,domestic league (tier 2)
2021/08/28,1. Lig,0,Kocaelispor,1325,1339.0,1 - 0,Samsunspor,1585,1571.0,1,0,Turkey,domestic league (tier 2)
2021/09/16,1. Lig,0,Kocaelispor,1332,1345.0,3 - 1,Balikesirspor,1388,1375.0,3,1,Turkey,domestic league (tier 2)
2021/09/24,1. Lig,0,Kocaelispor,1345,1355.0,1 - 0,Tuzlaspor,1461,1451.0,1,0,Turkey,domestic league (tier 2)
2021/10/02,1. Lig,0,Kocaelispor,1355,1367.0,2 - 1,Istanbulspor AS,1543,1531.0,2,1,Turkey,domestic league (tier 2)
2021/10/24,1. Lig,0,Kocaelispor,1383,1374.0,1 - 2,Gençlerbirligi,1525,1534.0,1,2,Turkey,domestic league (tier 2)
2021/11/07,1. Lig,0,Kocaelispor,1379,1389.0,2 - 1,Bursaspor,1492,1482.0,2,1,Turkey,domestic league (tier 2)
2021/11/27,1. Lig,0,Kocaelispor,1385,1373.0,1 - 2,Menemen Belediyespor,1406,1418.0,1,2,Turkey,domestic league (tier 2)
2021/12/10,1. Lig,0,Kocaelispor,1377,1398.0,2 - 0,BB Erzurumspor,1614,1593.0,2,0,Turkey,domestic league (tier 2)
2021/12/19,1. Lig,0,Kocaelispor,1392,1393.0,1 - 1,Eyüpspor,1520,1519.0,1,1,Turkey,domestic league (tier 2)
2022/01/15,1. Lig,0,Kocaelispor,1375,1369.0,1 - 2,MKE Ankaragücü,1610,1616.0,1,2,Turkey,domestic league (tier 2)
2022/02/07,1. Lig,0,Kocaelispor,1364,1354.0,1 - 2,Boluspor,1466,1476.0,1,2,Turkey,domestic league (tier 2)
2022/03/04,1. Lig,0,Kocaelispor,1377,1389.0,1 - 0,Keçiörengücü,1536,1524.0,1,0,Turkey,domestic league (tier 2)
2022/04/03,1. Lig,0,Kocaelispor,1393,1372.0,1 - 5,Denizlispor,1458,1479.0,1,5,Turkey,domestic league (tier 2)
2022/04/16,1. Lig,0,Kocaelispor,1366,1378.0,2 - 1,Bandirmaspor,1554,1542.0,2,1,Turkey,domestic league (tier 2)
2022/04/24,1. Lig,0,Kocaelispor,1382,1390.0,2 - 1,Manisa FK,1417,1409.0,2,1,Turkey,domestic league (tier 2)
2022/05/08,1. Lig,0,Kocaelispor,1387,1386.0,2 - 2,Altinordu FK,1469,1470.0,2,2,Turkey,domestic league (tier 2)
2022/05/21,1. Lig,0,Kocaelispor,1381,1395.0,4 - 1,Adanaspor,1407,1393.0,4,1,Turkey,domestic league (tier 2)
2023/08/12,1. Lig,0,Kocaelispor,1395,1379.0,0 - 2,Manisa FK,1468,1484.0,0,2,Turkey,domestic league (tier 2)
2023/08/27,1. Lig,0,Kocaelispor,1373,1383.0,3 - 2,Altay Izmir,1469,1459.0,3,2,Turkey,domestic league (tier 2)
2023/09/16,1. Lig,0,Kocaelispor,1403,1411.0,2 - 1,Boluspor,1415,1407.0,2,1,Turkey,domestic league (tier 2)
2023/10/01,1. Lig,0,Kocaelispor,1432,1448.0,3 - 0,Keçiörengücü,1500,1484.0,3,0,Turkey,domestic league (tier 2)
2023/10/06,1. Lig,0,Kocaelispor,1448,1445.0,1 - 1,Erzurumspor FK,1447,1450.0,1,1,Turkey,domestic league (tier 2)
2023/10/28,1. Lig,0,Kocaelispor,1455,1452.0,2 - 2,Gençlerbirligi,1460,1463.0,2,2,Turkey,domestic league (tier 2)
2023/11/12,1. Lig,0,Kocaelispor,1468,1473.0,2 - 1,Çorum FK,1386,1381.0,2,1,Turkey,domestic league (tier 2)
2023/12/01,1. Lig,0,Kocaelispor,1497,1474.0,0 - 3,Ümraniyespor,1489,1512.0,0,3,Turkey,domestic league (tier 2)
2023/12/19,1. Lig,0,Kocaelispor,1495,1493.0,1 - 1,Bodrumspor,1534,1536.0,1,1,Turkey,domestic league (tier 2)
2024/01/20,1. Lig,0,Kocaelispor,1475,1486.0,2 - 1,Eyüpspor,1603,1592.0,2,1,Turkey,domestic league (tier 2)
2024/02/03,1. Lig,0,Kocaelispor,1500,1504.0,1 - 0,Adanaspor,1352,1348.0,1,0,Turkey,domestic league (tier 2)
2024/02/17,1. Lig,0,Kocaelispor,1505,1489.0,0 - 1,Sanliurfaspor,1384,1400.0,0,1,Turkey,domestic league (tier 2)
2024/03/10,1. Lig,0,Kocaelispor,1492,1476.0,1 - 2,Tuzlaspor,1367,1383.0,1,2,Turkey,domestic league (tier 2)
2024/04/03,1. Lig,0,Kocaelispor,1465,1477.0,3 - 2,Göztepe,1623,1611.0,3,2,Turkey,domestic league (tier 2)
2024/04/14,1. Lig,0,Kocaelispor,1480,1485.0,2 - 0,Giresunspor,1310,1305.0,2,0,Turkey,domestic league (tier 2)
2024/04/28,1. Lig,0,Kocaelispor,1477,1489.0,3 - 1,Bandirmaspor,1508,1496.0,3,1,Turkey,domestic league (tier 2)
2024/05/11,1. Lig,0,Kocaelispor,1479,1461.0,0 - 2,Sakaryaspor,1509,1527.0,0,2,Turkey,domestic league (tier 2)
2024/08/10,1. Lig,0,Kocaelispor,1454,1462.0,2 - 1,Gençlerbirligi,1485,1477.0,2,1,Turkey,domestic league (tier 2)
2024/08/23,1. Lig,0,Kocaelispor,1478,1485.0,1 - 0,Erzurumspor FK,1460,1453.0,1,0,Turkey,domestic league (tier 2)
2024/09/15,1. Lig,0,Kocaelispor,1462,1449.0,1 - 2,Manisa FK,1453,1466.0,1,2,Turkey,domestic league (tier 2)
2024/09/30,1. Lig,0,Kocaelispor,1470,1466.0,0 - 0,Sanliurfaspor,1434,1438.0,0,0,Turkey,domestic league (tier 2)
2024/10/19,1. Lig,0,Kocaelispor,1491,1499.0,1 - 0,Ümraniyespor,1510,1502.0,1,0,Turkey,domestic league (tier 2)
2024/11/02,1. Lig,0,Kocaelispor,1493,1505.0,2 - 1,Fatih Karagümrük,1673,1661.0,2,1,Turkey,domestic league (tier 2)
2024/11/24,1. Lig,0,Kocaelispor,1518,1516.0,2 - 2,Bandirmaspor,1538,1540.0,2,2,Turkey,domestic league (tier 2)
2024/11/29,1. Lig,0,Kocaelispor,1516,1521.0,2 - 0,Adanaspor,1337,1332.0,2,0,Turkey,domestic league (tier 2)
2024/12/15,1. Lig,0,Kocaelispor,1530,1505.0,0 - 2,Erokspor,1335,1360.0,0,2,Turkey,domestic league (tier 2)
2025/01/03,1. Lig,0,Kocaelispor,1523,1529.0,3 - 0,Igdir FK,1349,1343.0,3,0,Turkey,domestic league (tier 2)
2025/01/26,1. Lig,0,Kocaelispor,1525,1538.0,3 - 0,Pendikspor,1537,1524.0,3,0,Turkey,domestic league (tier 2)
2025/02/04,Turkey Cup,0,Kocaelispor,1540,1527.0,0 - 2,Sivasspor,1679,1692.0,0,2,Turkey,domestic cup
2025/02/08,1. Lig,0,Kocaelispor,1527,1531.0,1 - 0,Amed SK,1374,1370.0,1,0,Turkey,domestic league (tier 2)
2025/02/15,1. Lig,0,Kocaelispor,1546,1555.0,2 - 0,Çorum FK,1507,1498.0,2,0,Turkey,domestic league (tier 2)
2025/03/03,1. Lig,0,Kocaelispor,1554,1551.0,1 - 1,Istanbulspor AS,1543,1546.0,1,1,Turkey,domestic league (tier 2)
2025/03/10,1. Lig,0,Kocaelispor,1552,1549.0,1 - 1,MKE Ankaragücü,1555,1558.0,1,1,Turkey,domestic league (tier 2)
2025/03/31,1. Lig,0,Kocaelispor,1554,1562.0,3 - 1,Sakaryaspor,1466,1458.0,3,1,Turkey,domestic league (tier 2)
2025/04/14,1. Lig,0,Kocaelispor,1576,1578.0,7 - 1,Yeni Malatyaspor,1142,1140.0,7,1,Turkey,domestic league (tier 2)
2025/04/27,1. Lig,0,Kocaelispor,1561,1546.0,3 - 4,Boluspor,1491,1506.0,3,4,Turkey,domestic league (tier 2)
2025/05/11,1. Lig,0,Kocaelispor,1528,1537.0,4 - 1,Keçiörengücü,1439,1430.0,4,1,Turkey,domestic league (tier 2)
2025/08/16,Süperlig,0,Kocaelispor,1535,1528.0,0 - 1,Samsunspor,1758,1765.0,0,1,Turkey,domestic league (tier 1)
2025/08/30,Süperlig,0,Kocaelispor,1527,1529.0,1 - 1,Kayserispor,1683,1681.0,1,1,Turkey,domestic league (tier 1)
2025/09/21,Süperlig,0,Kocaelispor,1523,1525.0,1 - 1,Çaykur Rizespor,1679,1677.0,1,1,Turkey,domestic league (tier 1)
2025/10/04,Süperlig,0,Kocaelispor,1522,1532.0,1 - 0,Eyüpspor,1635,1625.0,1,0,Turkey,domestic league (tier 1)
2025/10/25,Süperlig,0,Kocaelispor,1549,1568.0,2 - 0,Alanyaspor,1739,1720.0,2,0,Turkey,domestic league (tier 1)
2025/11/09,Süperlig,0,Kocaelispor,1565,1583.0,1 - 0,Galatasaray,2101,2083.0,1,0,Turkey,domestic league (tier 1)
2025/11/28,Süperlig,0,Kocaelispor,1590,1597.0,1 - 0,Gençlerbirligi,1573,1566.0,1,0,Turkey,domestic league (tier 1)
2025/12/07,Süperlig,0,Kocaelispor,1597,1596.0,0 - 0,Kasimpasa SK,1660,1661.0,0,0,Turkey,domestic league (tier 1)
2025/12/19,Süperlig,0,Kocaelispor,1598,1606.0,2 - 1,Antalyaspor,1610,1602.0,2,1,Turkey,domestic league (tier 1)
2025/12/23,Turkey Cup,0,Kocaelispor,1606,1615.0,3 - 1,Erzurumspor FK,1561,1552.0,3,1,Turkey,domestic cup
2026/01/18,Süperlig,0,Kocaelispor,1609,1602.0,1 - 2,Trabzonspor,1832,1839.0,1,2,Turkey,domestic league (tier 1)
2026/02/02,Süperlig,0,Kocaelispor,1608,1604.0,0 - 2,Fenerbahçe,2024,2028.0,0,2,Turkey,domestic league (tier 1)
2026/02/05,Turkey Cup,0,Kocaelispor,1604,1608.0,1 - 1,Besiktas,1845,1841.0,1,1,Turkey,domestic cup
2026/02/15,Süperlig,0,Kocaelispor,1621,1638.0,3 - 0,Gaziantep FK,1702,1685.0,3,0,Turkey,domestic league (tier 1)
2026/02/28,Süperlig,0,Kocaelispor,1629,1623.0,0 - 1,Besiktas,1860,1866.0,0,1,Turkey,domestic league (tier 1)
2026/03/14,Süperlig,0,Kocaelispor,1636,1625.0,1 - 2,Konyaspor,1690,1701.0,1,2,Turkey,domestic league (tier 1)
2026/04/06,Süperlig,0,Kocaelispor,1615,1618.0,0 - 0,Istanbul Basaksehir,1809,1806.0,0,0,Turkey,domestic league (tier 1)
2026/04/18,Süperlig,0,Kocaelispor,1627,1628.0,1 - 1,Göztepe,1778,1777.0,1,1,Turkey,domestic league (tier 1)
2026/05/09,Süperlig,0,Kocaelispor,1625,1611.0,0 - 1,Fatih Karagümrük,1597,1611.0,0,1,Turkey,domestic league (tier 1)
2026/08/24,Süperlig,0,Kocaelispor,1598,1609.0,2 - 0,Amed SFK,1594,1583.0,2,0,Turkey,domestic league (tier 1)
2026/09/06,Süperlig,0,Kocaelispor,1624,,Info,Samsunspor,1799,,,,Turkey,domestic league (tier 1)
2016/08/26,Süperlig,0,Konyaspor,1817,1816.0,2 - 2,Besiktas,1893,1894.0,2,2,Turkey,domestic league (tier 1)
2016/09/18,Süperlig,0,Konyaspor,1821,1816.0,1 - 1,Gençlerbirligi,1719,1724.0,1,1,Turkey,domestic league (tier 1)
2016/10/02,Süperlig,0,Konyaspor,1795,1797.0,1 - 0,Adanaspor,1547,1545.0,1,0,Turkey,domestic league (tier 1)
2016/10/24,Süperlig,0,Konyaspor,1800,1791.0,0 - 1,Fenerbahçe,1921,1930.0,0,1,Turkey,domestic league (tier 1)
2016/11/06,Süperlig,0,Konyaspor,1770,1775.0,2 - 1,Kasimpasa SK,1698,1693.0,2,1,Turkey,domestic league (tier 1)
2016/11/28,Süperlig,0,Konyaspor,1786,1783.0,1 - 1,Ankaraspor (as Osmanlispor FK),1787,1790.0,1,1,Turkey,domestic league (tier 1)
2016/12/11,Süperlig,0,Konyaspor,1778,1781.0,1 - 0,Kayserispor,1602,1599.0,1,0,Turkey,domestic league (tier 1)
2017/01/14,Süperlig,0,Konyaspor,1763,1753.0,0 - 1,Galatasaray,1857,1867.0,0,1,Turkey,domestic league (tier 1)
2017/01/21,Süperlig,0,Konyaspor,1753,1758.0,2 - 1,Çaykur Rizespor,1662,1657.0,2,1,Turkey,domestic league (tier 1)
2017/02/12,Süperlig,0,Konyaspor,1744,1741.0,1 - 1,Antalyaspor,1724,1727.0,1,1,Turkey,domestic league (tier 1)
2017/02/25,Süperlig,0,Konyaspor,1729,1725.0,1 - 1,Trabzonspor,1700,1704.0,1,1,Turkey,domestic league (tier 1)
2017/03/12,Süperlig,0,Konyaspor,1732,1716.0,0 - 3,Istanbul Basaksehir (as Istanbul Basaksehir F.K.),1855,1871.0,0,3,Turkey,domestic league (tier 1)
2017/04/02,Süperlig,0,Konyaspor,1733,1741.0,2 - 0,Bursaspor,1649,1641.0,2,0,Turkey,domestic league (tier 1)
2017/04/21,Süperlig,0,Konyaspor,1747,1730.0,1 - 2,Gaziantepspor,1567,1584.0,1,2,Turkey,domestic league (tier 1)
2017/05/06,Süperlig,0,Konyaspor,1726,1711.0,2 - 3,Alanyaspor,1640,1655.0,2,3,Turkey,domestic league (tier 1)
2017/05/21,Süperlig,0,Konyaspor,1715,1724.0,3 - 0,Karabükspor,1632,1623.0,3,0,Turkey,domestic league (tier 1)
2017/05/27,Süperlig,0,Konyaspor,1724,1702.0,0 - 3,Akhisar Belediyespor,1740,1762.0,0,3,Turkey,domestic league (tier 1)
2017/08/21,Süperlig,0,Konyaspor,1713,1726.0,3 - 0,Gençlerbirligi,1715,1702.0,3,0,Turkey,domestic league (tier 1)
2017/09/09,Süperlig,0,Konyaspor,1722,1699.0,0 - 2,Alanyaspor,1614,1637.0,0,2,Turkey,domestic league (tier 1)
2017/09/23,Süperlig,0,Konyaspor,1693,1706.0,2 - 0,Akhisar Belediyespor,1745,1732.0,2,0,Turkey,domestic league (tier 1)
2017/10/14,Süperlig,0,Konyaspor,1715,1701.0,0 - 2,Galatasaray,1848,1862.0,0,2,Turkey,domestic league (tier 1)
2017/10/29,Süperlig,0,Konyaspor,1685,1691.0,1 - 0,Ankaraspor (as Osmanlispor FK),1624,1618.0,1,0,Turkey,domestic league (tier 1)
2017/11/18,Süperlig,0,Konyaspor,1693,1690.0,1 - 1,Antalyaspor,1695,1698.0,1,1,Turkey,domestic league (tier 1)
2017/12/03,Süperlig,0,Konyaspor,1689,1666.0,0 - 3,Bursaspor,1676,1699.0,0,3,Turkey,domestic league (tier 1)
2017/12/11,Süperlig,0,Konyaspor,1672,1679.0,2 - 0,Karabükspor,1581,1574.0,2,0,Turkey,domestic league (tier 1)
2017/12/23,Süperlig,0,Konyaspor,1670,1674.0,1 - 1,Fenerbahçe,1910,1906.0,1,1,Turkey,domestic league (tier 1)
2018/01/21,Süperlig,0,Konyaspor,1689,1688.0,2 - 2,Trabzonspor,1761,1762.0,2,2,Turkey,domestic league (tier 1)
2018/02/04,Süperlig,0,Konyaspor,1683,1687.0,1 - 1,Istanbul Basaksehir (as Istanbul Basaksehir F.K.),1916,1912.0,1,1,Turkey,domestic league (tier 1)
2018/02/16,Süperlig,0,Konyaspor,1692,1697.0,1 - 1,Besiktas,1988,1983.0,1,1,Turkey,domestic league (tier 1)
2018/03/04,Süperlig,0,Konyaspor,1685,1670.0,0 - 1,Yeni Malatyaspor,1595,1610.0,0,1,Turkey,domestic league (tier 1)
2018/03/18,Süperlig,0,Konyaspor,1667,1680.0,2 - 0,Kayserispor,1732,1719.0,2,0,Turkey,domestic league (tier 1)
2018/04/08,Süperlig,0,Konyaspor,1683,1697.0,5 - 0,Sivasspor,1678,1664.0,5,0,Turkey,domestic league (tier 1)
2018/04/22,Süperlig,0,Konyaspor,1699,1709.0,2 - 0,Kasimpasa SK,1680,1670.0,2,0,Turkey,domestic league (tier 1)
2018/05/12,Süperlig,0,Konyaspor,1706,1701.0,1 - 1,Göztepe,1633,1638.0,1,1,Turkey,domestic league (tier 1)
2018/08/12,Süperlig,0,Konyaspor,1699,1703.0,3 - 2,BB Erzurumspor,1531,1527.0,3,2,Turkey,domestic league (tier 1)
2018/08/26,Süperlig,0,Konyaspor,1704,1699.0,1 - 1,Bursaspor,1623,1628.0,1,1,Turkey,domestic league (tier 1)
2018/09/16,Süperlig,0,Konyaspor,1711,1703.0,0 - 1,Fenerbahçe,1888,1896.0,0,1,Turkey,domestic league (tier 1)
2018/10/07,Süperlig,0,Konyaspor,1712,1716.0,2 - 2,Besiktas,1949,1945.0,2,2,Turkey,domestic league (tier 1)
2018/10/27,Süperlig,0,Konyaspor,1717,1709.0,0 - 1,Istanbul Basaksehir (as Istanbul Basaksehir F.K.),1895,1903.0,0,1,Turkey,domestic league (tier 1)
2018/11/10,Süperlig,0,Konyaspor,1680,1688.0,2 - 0,MKE Ankaragücü,1608,1600.0,2,0,Turkey,domestic league (tier 1)
2018/11/30,Süperlig,0,Konyaspor,1695,1703.0,2 - 0,Alanyaspor,1633,1625.0,2,0,Turkey,domestic league (tier 1)
2018/12/15,Süperlig,0,Konyaspor,1693,1701.0,3 - 2,Kasimpasa SK,1714,1706.0,3,2,Turkey,domestic league (tier 1)
2019/01/27,Süperlig,0,Konyaspor,1713,1722.0,2 - 0,Antalyaspor,1664,1655.0,2,0,Turkey,domestic league (tier 1)
2019/02/10,Süperlig,0,Konyaspor,1723,1720.0,1 - 1,Yeni Malatyaspor,1709,1712.0,1,1,Turkey,domestic league (tier 1)
2019/02/24,Süperlig,0,Konyaspor,1724,1710.0,0 - 1,Kayserispor,1668,1682.0,0,1,Turkey,domestic league (tier 1)
2019/03/03,Süperlig,0,Konyaspor,1710,1705.0,1 - 1,Göztepe,1641,1646.0,1,1,Turkey,domestic league (tier 1)
2019/03/16,Süperlig,0,Konyaspor,1702,1683.0,0 - 2,Çaykur Rizespor,1696,1715.0,0,2,Turkey,domestic league (tier 1)
2019/04/13,Süperlig,0,Konyaspor,1679,1676.0,1 - 1,Sivasspor,1658,1661.0,1,1,Turkey,domestic league (tier 1)
2019/04/29,Süperlig,0,Konyaspor,1677,1680.0,0 - 0,Galatasaray,1874,1871.0,0,0,Turkey,domestic league (tier 1)
2019/05/12,Süperlig,0,Konyaspor,1699,1699.0,2 - 2,Trabzonspor,1790,1790.0,2,2,Turkey,domestic league (tier 1)
2019/05/25,Süperlig,0,Konyaspor,1699,1695.0,0 - 0,Akhisar Belediyespor,1632,1636.0,0,0,Turkey,domestic league (tier 1)
2019/08/18,Süperlig,0,Konyaspor,1695,1690.0,0 - 0,MKE Ankaragücü,1610,1615.0,0,0,Turkey,domestic league (tier 1)
2019/08/31,Süperlig,0,Konyaspor,1697,1692.0,2 - 2,Antalyaspor,1626,1631.0,2,2,Turkey,domestic league (tier 1)
2019/09/29,Süperlig,0,Konyaspor,1695,1701.0,2 - 1,Kayserispor,1629,1623.0,2,1,Turkey,domestic league (tier 1)
2019/10/21,Süperlig,0,Konyaspor,1719,1699.0,0 - 2,Yeni Malatyaspor,1693,1713.0,0,2,Turkey,domestic league (tier 1)
2019/11/02,Süperlig,0,Konyaspor,1676,1671.0,1 - 1,Gençlerbirligi,1593,1598.0,1,1,Turkey,domestic league (tier 1)
2019/11/23,Süperlig,0,Konyaspor,1662,1654.0,0 - 1,Besiktas,1817,1825.0,0,1,Turkey,domestic league (tier 1)
2019/12/08,Süperlig,0,Konyaspor,1644,1640.0,0 - 0,Gaziantep FK,1609,1613.0,0,0,Turkey,domestic league (tier 1)
2019/12/23,Süperlig,0,Konyaspor,1647,1639.0,0 - 1,Trabzonspor,1800,1808.0,0,1,Turkey,domestic league (tier 1)
2020/01/26,Süperlig,0,Konyaspor,1645,1632.0,0 - 3,Galatasaray,1838,1851.0,0,3,Turkey,domestic league (tier 1)
2020/02/08,Süperlig,0,Konyaspor,1634,1632.0,0 - 0,Denizlispor,1648,1650.0,0,0,Turkey,domestic league (tier 1)
2020/02/15,Süperlig,0,Konyaspor,1632,1616.0,1 - 3,Göztepe,1706,1722.0,1,3,Turkey,domestic league (tier 1)
2020/02/29,Süperlig,0,Konyaspor,1618,1614.0,0 - 0,Kasimpasa SK,1590,1594.0,0,0,Turkey,domestic league (tier 1)
2020/03/14,Süperlig,0,Konyaspor,1618,1630.0,1 - 0,Fenerbahçe,1788,1776.0,1,0,Turkey,domestic league (tier 1)
2020/06/21,Süperlig,0,Konyaspor,1622,1623.0,2 - 2,Sivasspor,1770,1769.0,2,2,Turkey,domestic league (tier 1)
2020/07/05,Süperlig,0,Konyaspor,1617,1624.0,1 - 0,Çaykur Rizespor,1624,1617.0,1,0,Turkey,domestic league (tier 1)
2020/07/13,Süperlig,0,Konyaspor,1614,1630.0,4 - 3,Istanbul Basaksehir (as Istanbul Basaksehir F.K.),1939,1923.0,4,3,Turkey,domestic league (tier 1)
2020/07/25,Süperlig,0,Konyaspor,1648,1639.0,2 - 3,Alanyaspor,1775,1784.0,2,3,Turkey,domestic league (tier 1)
2020/09/27,Süperlig,0,Konyaspor,1640,1661.0,4 - 1,Besiktas,1818,1797.0,4,1,Turkey,domestic league (tier 1)
2020/10/17,Süperlig,0,Konyaspor,1662,1657.0,1 - 1,Yeni Malatyaspor,1593,1598.0,1,1,Turkey,domestic league (tier 1)
2020/11/01,Süperlig,0,Konyaspor,1650,1642.0,1 - 2,Istanbul Basaksehir,1838,1846.0,1,2,Turkey,domestic league (tier 1)
2020/11/22,Süperlig,0,Konyaspor,1666,1674.0,2 - 1,Kasimpasa SK,1701,1693.0,2,1,Turkey,domestic league (tier 1)
2020/12/05,Süperlig,0,Konyaspor,1670,1679.0,2 - 0,BB Erzurumspor,1631,1622.0,2,0,Turkey,domestic league (tier 1)
2020/12/21,Süperlig,0,Konyaspor,1673,1661.0,0 - 1,Sivasspor,1708,1720.0,0,1,Turkey,domestic league (tier 1)
2020/12/28,Süperlig,0,Konyaspor,1672,1669.0,1 - 1,Çaykur Rizespor,1650,1653.0,1,1,Turkey,domestic league (tier 1)
2021/01/05,Süperlig,0,Konyaspor,1663,1676.0,4 - 3,Galatasaray,1856,1843.0,4,3,Turkey,domestic league (tier 1)
2021/01/16,Süperlig,0,Konyaspor,1678,1664.0,2 - 3,Göztepe,1626,1640.0,2,3,Turkey,domestic league (tier 1)
2021/01/24,Süperlig,0,Konyaspor,1658,1656.0,0 - 0,Antalyaspor,1699,1701.0,0,0,Turkey,domestic league (tier 1)
2021/02/03,Süperlig,0,Konyaspor,1656,1650.0,0 - 0,Gençlerbirligi,1541,1547.0,0,0,Turkey,domestic league (tier 1)
2021/02/14,Süperlig,0,Konyaspor,1650,1658.0,2 - 0,Denizlispor,1563,1555.0,2,0,Turkey,domestic league (tier 1)
2021/02/26,Süperlig,0,Konyaspor,1670,1668.0,0 - 0,Gaziantep FK,1709,1711.0,0,0,Turkey,domestic league (tier 1)
2021/03/08,Süperlig,0,Konyaspor,1672,1656.0,0 - 3,Fenerbahçe,1799,1815.0,0,3,Turkey,domestic league (tier 1)
2021/03/21,Süperlig,0,Konyaspor,1658,1669.0,1 - 0,Alanyaspor,1789,1778.0,1,0,Turkey,domestic league (tier 1)
2021/04/07,Süperlig,0,Konyaspor,1680,1675.0,1 - 1,MKE Ankaragücü,1601,1606.0,1,1,Turkey,domestic league (tier 1)
2021/04/16,Süperlig,0,Konyaspor,1667,1663.0,0 - 0,Kayserispor,1604,1608.0,0,0,Turkey,domestic league (tier 1)
2021/04/24,Süperlig,0,Konyaspor,1651,1650.0,0 - 0,Hatayspor,1731,1732.0,0,0,Turkey,domestic league (tier 1)
2021/05/02,Süperlig,0,Konyaspor,1647,1662.0,5 - 1,Fatih Karagümrük SK,1675,1660.0,5,1,Turkey,domestic league (tier 1)
2021/05/11,Süperlig,0,Konyaspor,1675,1677.0,1 - 1,Trabzonspor,1835,1833.0,1,1,Turkey,domestic league (tier 1)
2021/08/22,Süperlig,0,Konyaspor,1696,1704.0,2 - 1,Istanbul Basaksehir,1718,1710.0,2,1,Turkey,domestic league (tier 1)
2021/09/11,Süperlig,0,Konyaspor,1707,1715.0,3 - 1,Altay Izmir,1638,1630.0,3,1,Turkey,domestic league (tier 1)
2021/09/23,Süperlig,0,Konyaspor,1714,1715.0,2 - 2,Trabzonspor,1858,1857.0,2,2,Turkey,domestic league (tier 1)
2021/10/02,Süperlig,0,Konyaspor,1716,1714.0,1 - 1,Alanyaspor,1731,1733.0,1,1,Turkey,domestic league (tier 1)
2021/10/23,Süperlig,0,Konyaspor,1710,1718.0,2 - 0,Kayserispor,1631,1623.0,2,0,Turkey,domestic league (tier 1)
2021/10/30,Süperlig,0,Konyaspor,1718,1728.0,2 - 1,Fenerbahçe,1823,1813.0,2,1,Turkey,domestic league (tier 1)
2021/11/21,Süperlig,0,Konyaspor,1743,1749.0,3 - 0,Çaykur Rizespor,1581,1575.0,3,0,Turkey,domestic league (tier 1)
2021/12/06,Süperlig,0,Konyaspor,1740,1734.0,0 - 0,Yeni Malatyaspor,1610,1616.0,0,0,Turkey,domestic league (tier 1)
2021/12/18,Süperlig,0,Konyaspor,1755,1760.0,1 - 0,Antalyaspor,1666,1661.0,1,0,Turkey,domestic league (tier 1)
2021/12/27,Süperlig,0,Konyaspor,1778,1785.0,1 - 0,Besiktas,1769,1762.0,1,0,Turkey,domestic league (tier 1)
2021/12/30,Turkey Cup,0,Konyaspor,1785,1790.0,2 - 0,Ümraniyespor,1601,1596.0,2,0,Turkey,domestic cup
2022/01/09,Süperlig,0,Konyaspor,1790,1777.0,0 - 1,Sivasspor,1772,1785.0,0,1,Turkey,domestic league (tier 1)
2022/01/18,Süperlig,0,Konyaspor,1777,1784.0,1 - 0,Adana Demirspor,1761,1754.0,1,0,Turkey,domestic league (tier 1)
2022/02/04,Süperlig,0,Konyaspor,1791,1794.0,1 - 0,Giresunspor,1621,1618.0,1,0,Turkey,domestic league (tier 1)
2022/02/18,Süperlig,0,Konyaspor,1780,1775.0,4 - 4,Kasimpasa SK,1666,1671.0,4,4,Turkey,domestic league (tier 1)
2022/03/05,Süperlig,0,Konyaspor,1753,1765.0,2 - 0,Galatasaray,1783,1771.0,2,0,Turkey,domestic league (tier 1)
2022/04/03,Süperlig,0,Konyaspor,1770,1776.0,3 - 0,Göztepe,1586,1580.0,3,0,Turkey,domestic league (tier 1)
2022/04/17,Süperlig,0,Konyaspor,1763,1772.0,4 - 1,Gaziantep FK,1686,1677.0,4,1,Turkey,domestic league (tier 1)
2022/04/30,Süperlig,0,Konyaspor,1778,1763.0,1 - 2,Fatih Karagümrük SK,1706,1721.0,1,2,Turkey,domestic league (tier 1)
2022/05/15,Süperlig,0,Konyaspor,1756,1764.0,3 - 1,Hatayspor,1671,1663.0,3,1,Turkey,domestic league (tier 1)
2022/08/15,Süperlig,0,Konyaspor,1761,1760.0,0 - 0,Istanbul Basaksehir,1837,1838.0,0,0,Turkey,domestic league (tier 1)
2022/08/29,Süperlig,0,Konyaspor,1774,1785.0,1 - 0,Fenerbahçe,1919,1908.0,1,0,Turkey,domestic league (tier 1)
2022/09/10,Süperlig,0,Konyaspor,1794,1798.0,1 - 0,Hatayspor,1653,1649.0,1,0,Turkey,domestic league (tier 1)
2022/10/02,Süperlig,0,Konyaspor,1791,1794.0,1 - 0,Ümraniyespor,1572,1569.0,1,0,Turkey,domestic league (tier 1)
2022/10/15,Süperlig,0,Konyaspor,1795,1780.0,0 - 1,Gaziantep FK,1686,1701.0,0,1,Turkey,domestic league (tier 1)
2022/10/29,Süperlig,0,Konyaspor,1783,1778.0,1 - 1,Kasimpasa SK,1707,1712.0,1,1,Turkey,domestic league (tier 1)
2022/12/22,Turkey Cup,0,Konyaspor,1795,1796.0,3 - 2,Bodrumspor,1423,1422.0,3,2,Turkey,domestic cup
2022/12/25,Süperlig,0,Konyaspor,1796,1792.0,2 - 2,Alanyaspor,1734,1738.0,2,2,Turkey,domestic league (tier 1)
2023/01/04,Süperlig,0,Konyaspor,1792,1787.0,2 - 2,Sivasspor,1713,1718.0,2,2,Turkey,domestic league (tier 1)
2023/01/14,Süperlig,0,Konyaspor,1788,1775.0,1 - 2,Besiktas,1795,1808.0,1,2,Turkey,domestic league (tier 1)
2023/01/23,Süperlig,0,Konyaspor,1775,1759.0,0 - 1,MKE Ankaragücü,1637,1653.0,0,1,Turkey,domestic league (tier 1)
2023/02/02,Süperlig,0,Konyaspor,1752,1735.0,0 - 1,Istanbulspor AS,1567,1584.0,0,1,Turkey,domestic league (tier 1)
2023/03/05,Süperlig,0,Konyaspor,1730,1724.0,0 - 0,Giresunspor,1614,1620.0,0,0,Turkey,domestic league (tier 1)
2023/03/17,Süperlig,0,Konyaspor,1724,1737.0,2 - 1,Galatasaray,1930,1917.0,2,1,Turkey,domestic league (tier 1)
2023/04/07,Süperlig,0,Konyaspor,1736,1732.0,1 - 1,Antalyaspor,1698,1702.0,1,1,Turkey,domestic league (tier 1)
2023/04/19,Süperlig,0,Konyaspor,1732,1721.0,1 - 2,Adana Demirspor,1786,1797.0,1,2,Turkey,domestic league (tier 1)
2023/04/29,Süperlig,0,Konyaspor,1733,1742.0,2 - 1,Trabzonspor,1781,1772.0,2,1,Turkey,domestic league (tier 1)
2023/05/07,Süperlig,0,Konyaspor,1742,1738.0,2 - 2,Kayserispor,1712,1716.0,2,2,Turkey,domestic league (tier 1)
2023/06/03,Süperlig,0,Konyaspor,1748,1745.0,1 - 1,Fatih Karagümrük SK,1736,1739.0,1,1,Turkey,domestic league (tier 1)
2023/08/12,Süperlig,0,Konyaspor,1752,1746.0,1 - 1,Istanbulspor AS,1612,1618.0,1,1,Turkey,domestic league (tier 1)
2023/08/25,Süperlig,0,Konyaspor,1747,1755.0,2 - 0,Gaziantep FK,1669,1661.0,2,0,Turkey,domestic league (tier 1)
2023/09/16,Süperlig,0,Konyaspor,1768,1753.0,1 - 2,Çaykur Rizespor,1654,1669.0,1,2,Turkey,domestic league (tier 1)
2023/10/01,Süperlig,0,Konyaspor,1753,1741.0,0 - 2,Besiktas,1918,1930.0,0,2,Turkey,domestic league (tier 1)
2023/10/21,Süperlig,0,Konyaspor,1728,1711.0,1 - 2,Pendikspor,1524,1541.0,1,2,Turkey,domestic league (tier 1)
2023/11/05,Süperlig,0,Konyaspor,1703,1701.0,1 - 1,Fatih Karagümrük,1731,1733.0,1,1,Turkey,domestic league (tier 1)
2023/11/25,Süperlig,0,Konyaspor,1697,1708.0,2 - 0,Kasimpasa SK,1697,1686.0,2,0,Turkey,domestic league (tier 1)
2023/12/11,Süperlig,0,Konyaspor,1708,1694.0,0 - 1,Sivasspor,1673,1687.0,0,1,Turkey,domestic league (tier 1)
2023/12/24,Süperlig,0,Konyaspor,1695,1707.0,2 - 0,Kayserispor,1733,1721.0,2,0,Turkey,domestic league (tier 1)
2024/01/18,Turkey Cup,0,Konyaspor,1698,1703.0,2 - 1,Göztepe,1591,1586.0,2,1,Turkey,domestic cup
2024/01/21,Süperlig,0,Konyaspor,1703,1701.0,1 - 1,Antalyaspor,1729,1731.0,1,1,Turkey,domestic league (tier 1)
2024/01/28,Süperlig,0,Konyaspor,1703,1692.0,2 - 3,Istanbul Basaksehir,1785,1796.0,2,3,Turkey,domestic league (tier 1)
2024/02/11,Süperlig,0,Konyaspor,1707,1714.0,1 - 0,MKE Ankaragücü,1700,1693.0,1,0,Turkey,domestic league (tier 1)
2024/02/24,Süperlig,0,Konyaspor,1707,1717.0,2 - 0,Hatayspor,1675,1665.0,2,0,Turkey,domestic league (tier 1)
2024/03/09,Süperlig,0,Konyaspor,1724,1722.0,2 - 2,Adana Demirspor,1747,1749.0,2,2,Turkey,domestic league (tier 1)
2024/04/03,Süperlig,0,Konyaspor,1725,1709.0,1 - 3,Trabzonspor,1803,1819.0,1,3,Turkey,domestic league (tier 1)
2024/04/20,Süperlig,0,Konyaspor,1729,1709.0,0 - 2,Alanyaspor,1706,1726.0,0,2,Turkey,domestic league (tier 1)
2024/05/06,Süperlig,0,Konyaspor,1702,1708.0,0 - 0,Fenerbahçe,2029,2023.0,0,0,Turkey,domestic league (tier 1)
2024/05/12,Süperlig,0,Konyaspor,1708,1720.0,3 - 0,Samsunspor,1694,1682.0,3,0,Turkey,domestic league (tier 1)
2024/05/26,Süperlig,0,Konyaspor,1721,1714.0,1 - 3,Galatasaray,2031,2038.0,1,3,Turkey,domestic league (tier 1)
2024/08/16,Süperlig,0,Konyaspor,1727,1722.0,1 - 2,Galatasaray,2007,2012.0,1,2,Turkey,domestic league (tier 1)
2024/08/31,Süperlig,0,Konyaspor,1698,1693.0,0 - 0,Kayserispor,1622,1627.0,0,0,Turkey,domestic league (tier 1)
2024/09/21,Süperlig,0,Konyaspor,1706,1704.0,0 - 0,Sivasspor,1719,1721.0,0,0,Turkey,domestic league (tier 1)
2024/10/06,Süperlig,0,Konyaspor,1699,1705.0,2 - 1,Eyüpspor,1646,1640.0,2,1,Turkey,domestic league (tier 1)
2024/11/03,Süperlig,0,Konyaspor,1687,1697.0,3 - 2,Istanbul Basaksehir,1778,1768.0,3,2,Turkey,domestic league (tier 1)
2024/11/24,Süperlig,0,Konyaspor,1685,1680.0,1 - 1,Hatayspor,1609,1614.0,1,1,Turkey,domestic league (tier 1)
2024/12/07,Süperlig,0,Konyaspor,1690,1687.0,1 - 1,Antalyaspor,1676,1679.0,1,1,Turkey,domestic league (tier 1)
2025/01/13,Süperlig,0,Konyaspor,1690,1686.0,2 - 3,Fenerbahçe,2023,2027.0,2,3,Turkey,domestic league (tier 1)
2025/01/19,Süperlig,0,Konyaspor,1686,1684.0,3 - 3,Kasimpasa SK,1703,1705.0,3,3,Turkey,domestic league (tier 1)
2025/01/31,Süperlig,0,Konyaspor,1683,1687.0,3 - 1,Bodrum FK,1453,1449.0,3,1,Turkey,domestic league (tier 1)
2025/02/04,Turkey Cup,0,Konyaspor,1687,1700.0,3 - 1,Eyüpspor,1732,1719.0,3,1,Turkey,domestic cup
2025/02/16,Süperlig,0,Konyaspor,1690,1679.0,0 - 1,Samsunspor,1765,1776.0,0,1,Turkey,domestic league (tier 1)
2025/03/03,Süperlig,0,Konyaspor,1690,1700.0,1 - 0,Trabzonspor,1804,1794.0,1,0,Turkey,domestic league (tier 1)
2025/03/15,Süperlig,0,Konyaspor,1692,1704.0,1 - 0,Besiktas,1856,1844.0,1,0,Turkey,domestic league (tier 1)
2025/03/28,Süperlig,0,Konyaspor,1704,1712.0,1 - 0,Gaziantep FK,1717,1709.0,1,0,Turkey,domestic league (tier 1)
2025/04/12,Süperlig,0,Konyaspor,1706,1714.0,1 - 0,Göztepe,1746,1738.0,1,0,Turkey,domestic league (tier 1)
2025/04/22,Turkey Cup,0,Konyaspor,1723,1713.0,1 - 5,Galatasaray,2002,2012.0,1,5,Turkey,domestic cup
2025/04/27,Süperlig,0,Konyaspor,1713,1718.0,3 - 1,Adana Demirspor,1515,1510.0,3,1,Turkey,domestic league (tier 1)
2025/05/10,Süperlig,0,Konyaspor,1709,1715.0,2 - 1,Çaykur Rizespor,1657,1651.0,2,1,Turkey,domestic league (tier 1)
2025/05/25,Süperlig,0,Konyaspor,1715,1701.0,1 - 2,Alanyaspor,1686,1700.0,1,2,Turkey,domestic league (tier 1)
2025/08/17,Süperlig,0,Konyaspor,1719,1729.0,3 - 0,Gaziantep FK,1671,1661.0,3,0,Turkey,domestic league (tier 1)
2025/09/13,Süperlig,0,Konyaspor,1733,1720.0,1 - 2,Alanyaspor,1711,1724.0,1,2,Turkey,domestic league (tier 1)
2025/09/28,Süperlig,0,Konyaspor,1718,1727.0,2 - 1,Istanbul Basaksehir,1773,1764.0,2,1,Turkey,domestic league (tier 1)
2025/10/18,Süperlig,0,Konyaspor,1729,1712.0,2 - 3,Kocaelispor,1532,1549.0,2,3,Turkey,domestic league (tier 1)
2025/10/22,Süperlig,0,Konyaspor,1712,1696.0,0 - 2,Besiktas,1793,1809.0,0,2,Turkey,domestic league (tier 1)
2025/11/02,Süperlig,0,Konyaspor,1705,1689.0,1 - 3,Samsunspor,1791,1807.0,1,3,Turkey,domestic league (tier 1)
2025/11/24,Süperlig,0,Konyaspor,1673,1669.0,0 - 0,Antalyaspor,1612,1616.0,0,0,Turkey,domestic league (tier 1)
2025/12/06,Süperlig,0,Konyaspor,1664,1662.0,1 - 1,Çaykur Rizespor,1678,1680.0,1,1,Turkey,domestic league (tier 1)
2025/12/20,Süperlig,0,Konyaspor,1660,1656.0,1 - 1,Kayserispor,1624,1628.0,1,1,Turkey,domestic league (tier 1)
2025/12/23,Turkey Cup,0,Konyaspor,1656,1662.0,1 - 0,Antalyaspor,1602,1596.0,1,0,Turkey,domestic cup
2026/01/19,Süperlig,0,Konyaspor,1672,1668.0,1 - 1,Eyüpspor,1611,1615.0,1,1,Turkey,domestic league (tier 1)
2026/02/08,Süperlig,0,Konyaspor,1668,1669.0,0 - 0,Göztepe,1819,1818.0,0,0,Turkey,domestic league (tier 1)
2026/02/21,Süperlig,0,Konyaspor,1663,1689.0,2 - 0,Galatasaray,2077,2051.0,2,0,Turkey,domestic league (tier 1)
2026/03/08,Süperlig,0,Konyaspor,1695,1690.0,1 - 1,Kasimpasa SK,1626,1631.0,1,1,Turkey,domestic league (tier 1)
2026/03/19,Süperlig,0,Konyaspor,1701,1706.0,1 - 0,Gençlerbirligi,1616,1611.0,1,0,Turkey,domestic league (tier 1)
2026/04/12,Süperlig,0,Konyaspor,1710,1718.0,3 - 0,Fatih Karagümrük,1602,1594.0,3,0,Turkey,domestic league (tier 1)
2026/04/21,Turkey Cup,0,Konyaspor,1731,1746.0,1 - 0,Fenerbahçe,2000,1985.0,1,0,Turkey,domestic cup
2026/04/27,Süperlig,0,Konyaspor,1746,1758.0,2 - 1,Trabzonspor,1899,1887.0,2,1,Turkey,domestic league (tier 1)
2026/05/09,Süperlig,0,Konyaspor,1765,1753.0,0 - 3,Fenerbahçe,1980,1992.0,0,3,Turkey,domestic league (tier 1)
2026/08/15,Süperlig,0,Konyaspor,1735,1721.0,0 - 1,Çaykur Rizespor,1697,1711.0,0,1,Turkey,domestic league (tier 1)
2026/08/29,Süperlig,0,Konyaspor,1718,1703.0,1 - 2,Kocaelispor,1609,1624.0,1,2,Turkey,domestic league (tier 1)
2017/08/11,1. Lig,0,MKE Ankaragücü,1376,1374.0,0 - 0,BB Erzurumspor,1396,1398.0,0,0,Turkey,domestic league (tier 2)
2017/09/09,1. Lig,0,MKE Ankaragücü,1375,1365.0,1 - 2,Balikesirspor,1491,1501.0,1,2,Turkey,domestic league (tier 2)
2017/09/24,1. Lig,0,MKE Ankaragücü,1397,1405.0,1 - 0,Samsunspor,1434,1426.0,1,0,Turkey,domestic league (tier 2)
2017/10/15,1. Lig,0,MKE Ankaragücü,1420,1432.0,2 - 0,Boluspor,1460,1448.0,2,0,Turkey,domestic league (tier 2)
2017/10/30,1. Lig,0,MKE Ankaragücü,1437,1442.0,1 - 0,Istanbulspor AS,1368,1363.0,1,0,Turkey,domestic league (tier 2)
2017/11/17,1. Lig,0,MKE Ankaragücü,1465,1471.0,2 - 1,Denizlispor,1431,1425.0,2,1,Turkey,domestic league (tier 2)
2017/12/02,1. Lig,0,MKE Ankaragücü,1486,1495.0,2 - 1,Ümraniyespor,1554,1545.0,2,1,Turkey,domestic league (tier 2)
2017/12/17,1. Lig,0,MKE Ankaragücü,1497,1507.0,3 - 0,Manisaspor,1443,1433.0,3,0,Turkey,domestic league (tier 2)
2018/01/27,1. Lig,0,MKE Ankaragücü,1499,1480.0,0 - 2,Altinordu FK,1505,1524.0,0,2,Turkey,domestic league (tier 2)
2018/02/04,1. Lig,0,MKE Ankaragücü,1480,1478.0,0 - 0,Elazigspor,1512,1514.0,0,0,Turkey,domestic league (tier 2)
2018/02/16,1. Lig,0,MKE Ankaragücü,1499,1485.0,2 - 4,Çaykur Rizespor,1612,1626.0,2,4,Turkey,domestic league (tier 2)
2018/02/24,1. Lig,0,MKE Ankaragücü,1487,1494.0,4 - 0,Gaziantepspor,1317,1310.0,4,0,Turkey,domestic league (tier 2)
2018/03/09,1. Lig,0,MKE Ankaragücü,1486,1492.0,2 - 1,Adanaspor,1454,1448.0,2,1,Turkey,domestic league (tier 2)
2018/03/18,1. Lig,0,MKE Ankaragücü,1503,1510.0,1 - 0,Eskisehirspor,1500,1493.0,1,0,Turkey,domestic league (tier 2)
2018/04/07,1. Lig,0,MKE Ankaragücü,1497,1504.0,3 - 2,Giresunspor,1494,1487.0,3,2,Turkey,domestic league (tier 2)
2018/04/22,1. Lig,0,MKE Ankaragücü,1508,1524.0,4 - 0,Gaziantep FK (as Gazisehir Gaziantep FK),1559,1543.0,4,0,Turkey,domestic league (tier 2)
2018/05/07,1. Lig,0,MKE Ankaragücü,1536,1531.0,1 - 1,Adana Demirspor,1452,1457.0,1,1,Turkey,domestic league (tier 2)
2018/08/10,Süperlig,0,MKE Ankaragücü,1531,1526.0,1 - 3,Galatasaray,1894,1899.0,1,3,Turkey,domestic league (tier 1)
2018/08/25,Süperlig,0,MKE Ankaragücü,1550,1553.0,2 - 2,Trabzonspor,1760,1757.0,2,2,Turkey,domestic league (tier 1)
2018/09/15,Süperlig,0,MKE Ankaragücü,1550,1562.0,1 - 0,Akhisar Belediyespor,1710,1698.0,1,0,Turkey,domestic league (tier 1)
2018/10/01,Süperlig,0,MKE Ankaragücü,1574,1564.0,0 - 1,Antalyaspor,1668,1678.0,0,1,Turkey,domestic league (tier 1)
2018/10/21,Süperlig,0,MKE Ankaragücü,1558,1568.0,1 - 0,Yeni Malatyaspor,1654,1644.0,1,0,Turkey,domestic league (tier 1)
2018/11/04,Süperlig,0,MKE Ankaragücü,1595,1608.0,3 - 1,Kayserispor,1657,1644.0,3,1,Turkey,domestic league (tier 1)
2018/11/24,Süperlig,0,MKE Ankaragücü,1600,1591.0,1 - 4,Besiktas,1886,1895.0,1,4,Turkey,domestic league (tier 1)
2018/12/10,Süperlig,0,MKE Ankaragücü,1595,1590.0,0 - 1,Istanbul Basaksehir (as Istanbul Basaksehir F.K.),1900,1905.0,0,1,Turkey,domestic league (tier 1)
2018/12/22,Süperlig,0,MKE Ankaragücü,1581,1561.0,0 - 3,Göztepe,1636,1656.0,0,3,Turkey,domestic league (tier 1)
2019/01/28,Süperlig,0,MKE Ankaragücü,1556,1540.0,0 - 2,Alanyaspor,1634,1650.0,0,2,Turkey,domestic league (tier 1)
2019/02/11,Süperlig,0,MKE Ankaragücü,1538,1558.0,3 - 0,Kasimpasa SK,1680,1660.0,3,0,Turkey,domestic league (tier 1)
2019/02/24,Süperlig,0,MKE Ankaragücü,1563,1571.0,2 - 1,BB Erzurumspor,1575,1567.0,2,1,Turkey,domestic league (tier 1)
2019/03/09,Süperlig,0,MKE Ankaragücü,1593,1591.0,0 - 0,Bursaspor,1628,1630.0,0,0,Turkey,domestic league (tier 1)
2019/04/07,Süperlig,0,MKE Ankaragücü,1583,1586.0,1 - 1,Fenerbahçe,1787,1784.0,1,1,Turkey,domestic league (tier 1)
2019/04/21,Süperlig,0,MKE Ankaragücü,1609,1608.0,0 - 0,Konyaspor,1676,1677.0,0,0,Turkey,domestic league (tier 1)
2019/05/04,Süperlig,0,MKE Ankaragücü,1605,1605.0,2 - 2,Çaykur Rizespor,1707,1707.0,2,2,Turkey,domestic league (tier 1)
2019/05/20,Süperlig,0,MKE Ankaragücü,1603,1616.0,3 - 1,Sivasspor,1664,1651.0,3,1,Turkey,domestic league (tier 1)
2019/08/24,Süperlig,0,MKE Ankaragücü,1615,1613.0,1 - 1,Kayserispor,1632,1634.0,1,1,Turkey,domestic league (tier 1)
2019/09/15,Süperlig,0,MKE Ankaragücü,1625,1604.0,0 - 4,Yeni Malatyaspor,1674,1695.0,0,4,Turkey,domestic league (tier 1)
2019/09/29,Süperlig,0,MKE Ankaragücü,1601,1608.0,2 - 1,Gençlerbirligi,1582,1575.0,2,1,Turkey,domestic league (tier 1)
2019/10/19,Süperlig,0,MKE Ankaragücü,1600,1603.0,0 - 0,Besiktas,1823,1820.0,0,0,Turkey,domestic league (tier 1)
2019/11/04,Süperlig,0,MKE Ankaragücü,1595,1583.0,1 - 2,Gaziantep FK (as Gazisehir Gaziantep FK),1617,1629.0,1,2,Turkey,domestic league (tier 1)
2019/11/23,Süperlig,0,MKE Ankaragücü,1581,1569.0,0 - 3,Trabzonspor,1803,1815.0,0,3,Turkey,domestic league (tier 1)
2019/12/07,Süperlig,0,MKE Ankaragücü,1561,1547.0,1 - 3,Göztepe,1683,1697.0,1,3,Turkey,domestic league (tier 1)
2019/12/28,Süperlig,0,MKE Ankaragücü,1559,1559.0,2 - 2,Denizlispor,1666,1666.0,2,2,Turkey,domestic league (tier 1)
2020/01/17,Süperlig,0,MKE Ankaragücü,1559,1548.0,0 - 1,Konyaspor,1634,1645.0,0,1,Turkey,domestic league (tier 1)
2020/02/02,Süperlig,0,MKE Ankaragücü,1551,1549.0,1 - 1,Kasimpasa SK,1596,1598.0,1,1,Turkey,domestic league (tier 1)
2020/02/15,Süperlig,0,MKE Ankaragücü,1565,1579.0,2 - 1,Fenerbahçe,1833,1819.0,2,1,Turkey,domestic league (tier 1)
2020/03/01,Süperlig,0,MKE Ankaragücü,1573,1560.0,0 - 3,Sivasspor,1764,1777.0,0,3,Turkey,domestic league (tier 1)
2020/03/13,Süperlig,0,MKE Ankaragücü,1557,1566.0,2 - 1,Çaykur Rizespor,1634,1625.0,2,1,Turkey,domestic league (tier 1)
2020/06/19,Süperlig,0,MKE Ankaragücü,1571,1567.0,1 - 2,Istanbul Basaksehir (as Istanbul Basaksehir F.K.),1929,1933.0,1,2,Turkey,domestic league (tier 1)
2020/07/04,Süperlig,0,MKE Ankaragücü,1575,1561.0,1 - 4,Alanyaspor,1751,1765.0,1,4,Turkey,domestic league (tier 1)
2020/07/12,Süperlig,0,MKE Ankaragücü,1566,1580.0,1 - 0,Galatasaray,1820,1806.0,1,0,Turkey,domestic league (tier 1)
2020/07/19,Süperlig,0,MKE Ankaragücü,1580,1570.0,0 - 1,Antalyaspor,1676,1686.0,0,1,Turkey,domestic league (tier 1)
2020/09/13,Süperlig,0,MKE Ankaragücü,1584,1573.0,1 - 2,BB Erzurumspor,1643,1654.0,1,2,Turkey,domestic league (tier 1)
2020/10/02,Süperlig,0,MKE Ankaragücü,1579,1567.0,0 - 1,Kayserispor,1598,1610.0,0,1,Turkey,domestic league (tier 1)
2020/11/08,Süperlig,0,MKE Ankaragücü,1538,1538.0,2 - 2,Fatih Karagümrük SK,1636,1636.0,2,2,Turkey,domestic league (tier 1)
2020/11/27,Süperlig,0,MKE Ankaragücü,1531,1526.0,0 - 1,Trabzonspor,1811,1816.0,0,1,Turkey,domestic league (tier 1)
2020/12/12,Süperlig,0,MKE Ankaragücü,1522,1534.0,4 - 3,Konyaspor,1679,1667.0,4,3,Turkey,domestic league (tier 1)
2020/12/15,Süperlig,0,MKE Ankaragücü,1534,1552.0,2 - 0,Hatayspor,1702,1684.0,2,0,Turkey,domestic league (tier 1)
2020/12/24,Süperlig,0,MKE Ankaragücü,1555,1549.0,0 - 1,Besiktas,1806,1812.0,0,1,Turkey,domestic league (tier 1)
2021/01/02,Süperlig,0,MKE Ankaragücü,1563,1577.0,3 - 1,Yeni Malatyaspor,1647,1633.0,3,1,Turkey,domestic league (tier 1)
2021/01/10,Süperlig,0,MKE Ankaragücü,1572,1565.0,1 - 2,Istanbul Basaksehir,1786,1793.0,1,2,Turkey,domestic league (tier 1)
2021/01/21,Süperlig,0,MKE Ankaragücü,1561,1571.0,1 - 0,Kasimpasa SK,1647,1637.0,1,0,Turkey,domestic league (tier 1)
2021/02/07,Süperlig,0,MKE Ankaragücü,1562,1547.0,1 - 4,Sivasspor,1703,1718.0,1,4,Turkey,domestic league (tier 1)
2021/02/22,Süperlig,0,MKE Ankaragücü,1551,1550.0,1 - 1,Çaykur Rizespor,1615,1616.0,1,1,Turkey,domestic league (tier 1)
2021/03/03,Süperlig,0,MKE Ankaragücü,1545,1561.0,2 - 1,Galatasaray,1878,1862.0,2,1,Turkey,domestic league (tier 1)
2021/03/14,Süperlig,0,MKE Ankaragücü,1577,1594.0,3 - 0,Göztepe,1675,1658.0,3,0,Turkey,domestic league (tier 1)
2021/04/04,Süperlig,0,MKE Ankaragücü,1590,1601.0,1 - 0,Antalyaspor,1730,1719.0,1,0,Turkey,domestic league (tier 1)
2021/04/11,Süperlig,0,MKE Ankaragücü,1606,1612.0,2 - 1,Gençlerbirligi,1563,1557.0,2,1,Turkey,domestic league (tier 1)
2021/04/21,Süperlig,0,MKE Ankaragücü,1620,1615.0,1 - 1,Denizlispor,1545,1550.0,1,1,Turkey,domestic league (tier 1)
2021/04/29,Süperlig,0,MKE Ankaragücü,1608,1598.0,0 - 1,Gaziantep FK,1693,1703.0,0,1,Turkey,domestic league (tier 1)
2021/05/08,Süperlig,0,MKE Ankaragücü,1593,1587.0,1 - 2,Fenerbahçe,1827,1833.0,1,2,Turkey,domestic league (tier 1)
2021/05/15,Süperlig,0,MKE Ankaragücü,1578,1569.0,0 - 1,Alanyaspor,1716,1725.0,0,1,Turkey,domestic league (tier 1)
2021/08/22,1. Lig,0,MKE Ankaragücü,1567,1559.0,0 - 0,Kocaelispor,1317,1325.0,0,0,Turkey,domestic league (tier 2)
2021/09/12,1. Lig,0,MKE Ankaragücü,1578,1586.0,2 - 0,Gençlerbirligi,1501,1493.0,2,0,Turkey,domestic league (tier 2)
2021/09/20,1. Lig,0,MKE Ankaragücü,1598,1591.0,2 - 2,Menemen Belediyespor,1388,1395.0,2,2,Turkey,domestic league (tier 2)
2021/10/03,1. Lig,0,MKE Ankaragücü,1609,1616.0,2 - 1,BB Erzurumspor,1593,1586.0,2,1,Turkey,domestic league (tier 2)
2021/10/22,1. Lig,0,MKE Ankaragücü,1625,1627.0,2 - 1,Manisa FK,1294,1292.0,2,1,Turkey,domestic league (tier 2)
2021/11/06,1. Lig,0,MKE Ankaragücü,1611,1624.0,3 - 0,Ümraniyespor,1609,1596.0,3,0,Turkey,domestic league (tier 2)
2021/12/06,1. Lig,0,MKE Ankaragücü,1599,1602.0,2 - 0,Balikesirspor,1326,1323.0,2,0,Turkey,domestic league (tier 2)
2021/12/26,1. Lig,0,MKE Ankaragücü,1605,1610.0,2 - 1,Keçiörengücü,1513,1508.0,2,1,Turkey,domestic league (tier 2)
2022/01/08,1. Lig,0,MKE Ankaragücü,1606,1610.0,1 - 0,Tuzlaspor,1438,1434.0,1,0,Turkey,domestic league (tier 2)
2022/01/22,1. Lig,0,MKE Ankaragücü,1616,1619.0,2 - 1,Denizlispor,1443,1440.0,2,1,Turkey,domestic league (tier 2)
2022/02/12,1. Lig,0,MKE Ankaragücü,1634,1620.0,0 - 1,Istanbulspor AS,1577,1591.0,0,1,Turkey,domestic league (tier 2)
2022/02/20,1. Lig,0,MKE Ankaragücü,1617,1620.0,2 - 1,Bursaspor,1447,1444.0,2,1,Turkey,domestic league (tier 2)
2022/03/05,1. Lig,0,MKE Ankaragücü,1632,1637.0,1 - 0,Bandirmaspor,1531,1526.0,1,0,Turkey,domestic league (tier 2)
2022/04/03,1. Lig,0,MKE Ankaragücü,1633,1618.0,2 - 3,Eyüpspor,1519,1534.0,2,3,Turkey,domestic league (tier 2)
2022/04/17,1. Lig,0,MKE Ankaragücü,1620,1624.0,2 - 0,Adanaspor,1417,1413.0,2,0,Turkey,domestic league (tier 2)
2022/04/20,1. Lig,0,MKE Ankaragücü,1624,1608.0,2 - 3,Altinordu FK,1459,1475.0,2,3,Turkey,domestic league (tier 2)
2022/05/01,1. Lig,0,MKE Ankaragücü,1614,1609.0,0 - 0,Samsunspor,1515,1520.0,0,0,Turkey,domestic league (tier 2)
2022/05/14,1. Lig,0,MKE Ankaragücü,1609,1593.0,1 - 2,Boluspor,1455,1471.0,1,2,Turkey,domestic league (tier 2)
2022/08/08,Süperlig,0,MKE Ankaragücü,1604,1606.0,0 - 0,Konyaspor,1783,1781.0,0,0,Turkey,domestic league (tier 1)
2022/09/04,Süperlig,0,MKE Ankaragücü,1591,1584.0,2 - 3,Besiktas,1790,1797.0,2,3,Turkey,domestic league (tier 1)
2022/09/18,Süperlig,0,MKE Ankaragücü,1580,1591.0,2 - 1,Sivasspor,1714,1703.0,2,1,Turkey,domestic league (tier 1)
2022/10/01,Süperlig,0,MKE Ankaragücü,1591,1586.0,1 - 2,Istanbul Basaksehir,1896,1901.0,1,2,Turkey,domestic league (tier 1)
2022/10/17,Süperlig,0,MKE Ankaragücü,1599,1592.0,0 - 3,Fenerbahçe,1946,1953.0,0,3,Turkey,domestic league (tier 1)
2022/10/30,Süperlig,0,MKE Ankaragücü,1596,1611.0,4 - 1,Hatayspor,1652,1637.0,4,1,Turkey,domestic league (tier 1)
2022/11/11,Süperlig,0,MKE Ankaragücü,1616,1621.0,1 - 1,Trabzonspor,1891,1886.0,1,1,Turkey,domestic league (tier 1)
2022/12/20,Turkey Cup,0,MKE Ankaragücü,1621,1625.0,2 - 0,Tuzlaspor,1411,1407.0,2,0,Turkey,domestic cup
2022/12/27,Süperlig,0,MKE Ankaragücü,1649,1635.0,1 - 2,Ümraniyespor,1583,1597.0,1,2,Turkey,domestic league (tier 1)
2023/01/08,Süperlig,0,MKE Ankaragücü,1632,1641.0,2 - 1,Kayserispor,1693,1684.0,2,1,Turkey,domestic league (tier 1)
2023/01/18,Turkey Cup,0,MKE Ankaragücü,1635,1637.0,1 - 1,Besiktas,1808,1806.0,1,1,Turkey,domestic cup
2023/01/28,Süperlig,0,MKE Ankaragücü,1653,1634.0,0 - 2,Gaziantep FK,1667,1686.0,0,2,Turkey,domestic league (tier 1)
2023/02/04,Süperlig,0,MKE Ankaragücü,1634,1619.0,0 - 2,Fatih Karagümrük SK,1729,1744.0,0,2,Turkey,domestic league (tier 1)
2023/03/12,Süperlig,0,MKE Ankaragücü,1616,1631.0,2 - 0,Alanyaspor,1711,1696.0,2,0,Turkey,domestic league (tier 1)
2023/04/04,Turkey Cup,0,MKE Ankaragücü,1620,1640.0,3 - 1,Trabzonspor,1836,1816.0,3,1,Turkey,domestic cup
2023/04/08,Süperlig,0,MKE Ankaragücü,1640,1646.0,3 - 2,Istanbulspor AS,1601,1595.0,3,2,Turkey,domestic league (tier 1)
2023/04/20,Süperlig,0,MKE Ankaragücü,1644,1654.0,3 - 1,Giresunspor,1626,1616.0,3,1,Turkey,domestic league (tier 1)
2023/04/29,Süperlig,0,MKE Ankaragücü,1654,1652.0,0 - 0,Kasimpasa SK,1669,1671.0,0,0,Turkey,domestic league (tier 1)
2023/05/17,Süperlig,0,MKE Ankaragücü,1642,1641.0,1 - 1,Antalyaspor,1701,1702.0,1,1,Turkey,domestic league (tier 1)
2023/05/25,Turkey Cup,0,MKE Ankaragücü,1653,1655.0,2 - 2,Istanbul Basaksehir,1806,1804.0,2,2,Turkey,domestic cup
2023/05/30,Süperlig,0,MKE Ankaragücü,1655,1645.0,1 - 4,Galatasaray,1924,1934.0,1,4,Turkey,domestic league (tier 1)
2023/06/07,Süperlig,0,MKE Ankaragücü,1659,1650.0,1 - 2,Adana Demirspor,1802,1811.0,1,2,Turkey,domestic league (tier 1)
2023/08/21,Süperlig,0,MKE Ankaragücü,1644,1646.0,1 - 1,Adana Demirspor,1820,1818.0,1,1,Turkey,domestic league (tier 1)
2023/09/03,Süperlig,0,MKE Ankaragücü,1652,1648.0,0 - 1,Fenerbahçe,1999,2003.0,0,1,Turkey,domestic league (tier 1)
2023/09/24,Süperlig,0,MKE Ankaragücü,1669,1669.0,1 - 1,Konyaspor,1753,1753.0,1,1,Turkey,domestic league (tier 1)
2023/10/07,Süperlig,0,MKE Ankaragücü,1667,1681.0,3 - 0,Kayserispor,1690,1676.0,3,0,Turkey,domestic league (tier 1)
2023/10/29,Süperlig,0,MKE Ankaragücü,1671,1680.0,2 - 0,Samsunspor,1611,1602.0,2,0,Turkey,domestic league (tier 1)
2023/11/10,Süperlig,0,MKE Ankaragücü,1685,1662.0,0 - 4,Antalyaspor,1703,1726.0,0,4,Turkey,domestic league (tier 1)
2023/12/03,Süperlig,0,MKE Ankaragücü,1676,1679.0,1 - 1,Besiktas,1867,1864.0,1,1,Turkey,domestic league (tier 1)
2023/12/11,Süperlig,0,MKE Ankaragücü,1679,1676.0,1 - 1,Çaykur Rizespor,1663,1666.0,1,1,Turkey,domestic league (tier 1)
2023/12/21,Süperlig,0,MKE Ankaragücü,1676,1673.0,0 - 0,Hatayspor,1681,1684.0,0,0,Turkey,domestic league (tier 1)
2024/01/06,Süperlig,0,MKE Ankaragücü,1672,1663.0,0 - 1,Trabzonspor,1821,1830.0,0,1,Turkey,domestic league (tier 1)
2024/01/13,Süperlig,0,MKE Ankaragücü,1666,1678.0,3 - 1,Kasimpasa SK,1689,1677.0,3,1,Turkey,domestic league (tier 1)
2024/01/16,Turkey Cup,0,MKE Ankaragücü,1678,1689.0,3 - 1,Çaykur Rizespor,1682,1671.0,3,1,Turkey,domestic cup
2024/01/24,Süperlig,0,MKE Ankaragücü,1694,1705.0,2 - 0,Fatih Karagümrük,1707,1696.0,2,0,Turkey,domestic league (tier 1)
2024/02/02,Süperlig,0,MKE Ankaragücü,1703,1700.0,0 - 0,Sivasspor,1699,1702.0,0,0,Turkey,domestic league (tier 1)
2024/02/18,Süperlig,0,MKE Ankaragücü,1693,1686.0,0 - 3,Galatasaray,2038,2045.0,0,3,Turkey,domestic league (tier 1)
2024/02/27,Turkey Cup,0,MKE Ankaragücü,1678,1706.0,3 - 0,Fenerbahçe,2031,2003.0,3,0,Turkey,domestic cup
2024/03/02,Süperlig,0,MKE Ankaragücü,1706,1700.0,1 - 1,Istanbulspor AS,1542,1548.0,1,1,Turkey,domestic league (tier 1)
2024/03/16,Süperlig,0,MKE Ankaragücü,1693,1703.0,2 - 1,Istanbul Basaksehir,1792,1782.0,2,1,Turkey,domestic league (tier 1)
2024/04/13,Süperlig,0,MKE Ankaragücü,1706,1715.0,3 - 1,Gaziantep FK,1645,1636.0,3,1,Turkey,domestic league (tier 1)
2024/04/23,Turkey Cup,0,MKE Ankaragücü,1707,1707.0,0 - 0,Besiktas,1809,1809.0,0,0,Turkey,domestic cup
2024/05/03,Süperlig,0,MKE Ankaragücü,1709,1707.0,1 - 1,Alanyaspor,1733,1735.0,1,1,Turkey,domestic league (tier 1)
2024/05/18,Süperlig,0,MKE Ankaragücü,1693,1688.0,0 - 0,Pendikspor,1582,1587.0,0,0,Turkey,domestic league (tier 1)
2024/08/11,1. Lig,0,MKE Ankaragücü,1682,1686.0,2 - 0,Sanliurfaspor,1445,1441.0,2,0,Turkey,domestic league (tier 2)
2024/08/24,1. Lig,0,MKE Ankaragücü,1672,1655.0,0 - 1,Ümraniyespor,1478,1495.0,0,1,Turkey,domestic league (tier 2)
2024/09/01,1. Lig,0,MKE Ankaragücü,1655,1659.0,2 - 1,Istanbulspor AS,1528,1524.0,2,1,Turkey,domestic league (tier 2)
2024/09/21,1. Lig,0,MKE Ankaragücü,1652,1656.0,2 - 1,Sakaryaspor,1505,1501.0,2,1,Turkey,domestic league (tier 2)
2024/10/05,1. Lig,0,MKE Ankaragücü,1638,1630.0,0 - 0,Adanaspor,1351,1359.0,0,0,Turkey,domestic league (tier 2)
2024/10/26,1. Lig,0,MKE Ankaragücü,1638,1644.0,4 - 2,Kocaelispor,1499,1493.0,4,2,Turkey,domestic league (tier 2)
2024/11/08,1. Lig,0,MKE Ankaragücü,1629,1633.0,3 - 0,Erokspor,1348,1344.0,3,0,Turkey,domestic league (tier 2)
2024/12/01,1. Lig,0,MKE Ankaragücü,1621,1616.0,1 - 1,Pendikspor,1509,1514.0,1,1,Turkey,domestic league (tier 2)
2024/12/13,1. Lig,0,MKE Ankaragücü,1631,1614.0,0 - 1,Manisa FK,1414,1431.0,0,1,Turkey,domestic league (tier 2)
2025/01/04,1. Lig,0,MKE Ankaragücü,1613,1619.0,2 - 0,Keçiörengücü,1461,1455.0,2,0,Turkey,domestic league (tier 2)
2025/01/26,1. Lig,0,MKE Ankaragücü,1613,1597.0,1 - 2,Erzurumspor FK,1484,1500.0,1,2,Turkey,domestic league (tier 2)
2025/02/13,1. Lig,0,MKE Ankaragücü,1572,1561.0,0 - 1,Fatih Karagümrük,1652,1663.0,0,1,Turkey,domestic league (tier 2)
2025/02/22,1. Lig,0,MKE Ankaragücü,1562,1572.0,4 - 0,Bandirmaspor,1492,1482.0,4,0,Turkey,domestic league (tier 2)
2025/02/26,Turkey Cup,0,MKE Ankaragücü,1572,1573.0,1 - 1,Alanyaspor,1720,1719.0,1,1,Turkey,domestic cup
2025/03/06,1. Lig,0,MKE Ankaragücü,1553,1555.0,3 - 0,Yeni Malatyaspor,1166,1164.0,3,0,Turkey,domestic league (tier 2)
2025/03/15,1. Lig,0,MKE Ankaragücü,1558,1527.0,0 - 4,Igdir FK,1379,1410.0,0,4,Turkey,domestic league (tier 2)
2025/04/06,1. Lig,0,MKE Ankaragücü,1511,1489.0,0 - 3,Gençlerbirligi,1509,1531.0,0,3,Turkey,domestic league (tier 2)
2025/04/13,1. Lig,0,MKE Ankaragücü,1481,1478.0,2 - 2,Boluspor,1477,1480.0,2,2,Turkey,domestic league (tier 2)
2025/04/27,1. Lig,0,MKE Ankaragücü,1468,1476.0,1 - 0,Çorum FK,1483,1475.0,1,0,Turkey,domestic league (tier 2)
2025/05/10,1. Lig,0,MKE Ankaragücü,1488,1497.0,2 - 0,Amed SK,1432,1423.0,2,0,Turkey,domestic league (tier 2)
2021/08/22,1. Lig,0,Manisa FK,1309,1321.0,1 - 0,Denizlispor,1494,1482.0,1,0,Turkey,domestic league (tier 2)
2021/09/11,1. Lig,0,Manisa FK,1351,1345.0,0 - 1,BB Erzurumspor,1593,1599.0,0,1,Turkey,domestic league (tier 2)
2021/09/18,1. Lig,0,Manisa FK,1336,1321.0,1 - 3,Bandirmaspor,1432,1447.0,1,3,Turkey,domestic league (tier 2)
2021/10/17,1. Lig,0,Manisa FK,1315,1294.0,0 - 3,Adanaspor,1335,1356.0,0,3,Turkey,domestic league (tier 2)
2021/10/30,1. Lig,0,Manisa FK,1292,1294.0,2 - 2,Boluspor,1459,1457.0,2,2,Turkey,domestic league (tier 2)
2021/11/21,1. Lig,0,Manisa FK,1292,1304.0,1 - 0,Altinordu FK,1472,1460.0,1,0,Turkey,domestic league (tier 2)
2021/12/05,1. Lig,0,Manisa FK,1304,1313.0,2 - 1,Kocaelispor,1386,1377.0,2,1,Turkey,domestic league (tier 2)
2021/12/14,1. Lig,0,Manisa FK,1319,1322.0,1 - 1,Keçiörengücü,1516,1513.0,1,1,Turkey,domestic league (tier 2)
2022/01/09,1. Lig,0,Manisa FK,1338,1331.0,1 - 2,Istanbulspor AS,1541,1548.0,1,2,Turkey,domestic league (tier 2)
2022/01/22,1. Lig,0,Manisa FK,1347,1363.0,3 - 1,Gençlerbirligi,1479,1463.0,3,1,Turkey,domestic league (tier 2)
2022/02/13,1. Lig,0,Manisa FK,1360,1359.0,1 - 1,Menemen Belediyespor,1418,1419.0,1,1,Turkey,domestic league (tier 2)
2022/02/21,1. Lig,0,Manisa FK,1365,1378.0,2 - 1,Ümraniyespor,1580,1567.0,2,1,Turkey,domestic league (tier 2)
2022/02/26,1. Lig,0,Manisa FK,1378,1390.0,2 - 1,Eyüpspor,1532,1520.0,2,1,Turkey,domestic league (tier 2)
2022/03/20,1. Lig,0,Manisa FK,1380,1384.0,1 - 1,MKE Ankaragücü,1637,1633.0,1,1,Turkey,domestic league (tier 2)
2022/04/10,1. Lig,0,Manisa FK,1399,1416.0,2 - 0,Samsunspor,1539,1522.0,2,0,Turkey,domestic league (tier 2)
2022/04/20,1. Lig,0,Manisa FK,1410,1417.0,3 - 0,Balikesirspor,1264,1257.0,3,0,Turkey,domestic league (tier 2)
2022/05/01,1. Lig,0,Manisa FK,1409,1391.0,1 - 3,Bursaspor,1444,1462.0,1,3,Turkey,domestic league (tier 2)
2022/05/14,1. Lig,0,Manisa FK,1387,1404.0,4 - 1,Tuzlaspor,1481,1464.0,4,1,Turkey,domestic league (tier 2)
2022/08/13,1. Lig,0,Manisa FK,1404,1393.0,0 - 1,Boluspor,1478,1489.0,0,1,Turkey,domestic league (tier 2)
2022/08/27,1. Lig,0,Manisa FK,1393,1403.0,3 - 2,Denizlispor,1503,1493.0,3,2,Turkey,domestic league (tier 2)
2022/09/11,1. Lig,0,Manisa FK,1419,1417.0,2 - 2,Yeni Malatyaspor,1439,1441.0,2,2,Turkey,domestic league (tier 2)
2022/10/02,1. Lig,0,Manisa FK,1418,1425.0,3 - 2,Adanaspor,1414,1407.0,3,2,Turkey,domestic league (tier 2)
2022/10/15,1. Lig,0,Manisa FK,1416,1416.0,1 - 1,Altay Izmir,1505,1505.0,1,1,Turkey,domestic league (tier 2)
2022/10/22,1. Lig,0,Manisa FK,1416,1418.0,2 - 2,Çaykur Rizespor,1598,1596.0,2,2,Turkey,domestic league (tier 2)
2022/11/05,1. Lig,0,Manisa FK,1438,1443.0,2 - 1,Sakaryaspor,1351,1346.0,2,1,Turkey,domestic league (tier 2)
2022/11/19,1. Lig,0,Manisa FK,1438,1437.0,0 - 0,BB Erzurumspor,1502,1503.0,0,0,Turkey,domestic league (tier 2)
2022/12/04,1. Lig,0,Manisa FK,1454,1454.0,0 - 0,Keçiörengücü,1546,1546.0,0,0,Turkey,domestic league (tier 2)
2022/12/17,1. Lig,0,Manisa FK,1448,1454.0,1 - 0,Tuzlaspor,1417,1411.0,1,0,Turkey,domestic league (tier 2)
2023/02/05,1. Lig,0,Manisa FK,1447,1449.0,1 - 1,Samsunspor,1604,1602.0,1,1,Turkey,domestic league (tier 2)
2023/03/08,1. Lig,0,Manisa FK,1449,1457.0,2 - 1,Bodrumspor,1464,1456.0,2,1,Turkey,domestic league (tier 2)
2023/03/19,1. Lig,0,Manisa FK,1457,1446.0,0 - 1,Eyüpspor,1537,1548.0,0,1,Turkey,domestic league (tier 2)
2023/04/02,1. Lig,0,Manisa FK,1461,1466.0,2 - 1,Gençlerbirligi,1379,1374.0,2,1,Turkey,domestic league (tier 2)
2023/04/12,1. Lig,0,Manisa FK,1454,1442.0,0 - 1,Bandirmaspor,1466,1478.0,0,1,Turkey,domestic league (tier 2)
2023/04/24,1. Lig,0,Manisa FK,1461,1456.0,2 - 2,Altinordu FK,1366,1371.0,2,2,Turkey,domestic league (tier 2)
2023/05/07,1. Lig,0,Manisa FK,1481,1480.0,1 - 1,Göztepe,1560,1561.0,1,1,Turkey,domestic league (tier 2)
2023/05/21,1. Lig,0,Manisa FK,1491,1468.0,1 - 5,Pendikspor,1504,1527.0,1,5,Turkey,domestic league (tier 2)
2023/08/20,1. Lig,0,Manisa FK,1484,1481.0,0 - 0,Keçiörengücü,1464,1467.0,0,0,Turkey,domestic league (tier 2)
2023/09/02,1. Lig,0,Manisa FK,1493,1500.0,4 - 0,Tuzlaspor,1334,1327.0,4,0,Turkey,domestic league (tier 2)
2023/09/23,1. Lig,0,Manisa FK,1505,1493.0,0 - 1,Göztepe,1526,1538.0,0,1,Turkey,domestic league (tier 2)
2023/10/07,1. Lig,0,Manisa FK,1494,1490.0,1 - 1,Sakaryaspor,1441,1445.0,1,1,Turkey,domestic league (tier 2)
2023/10/29,1. Lig,0,Manisa FK,1483,1478.0,2 - 2,Çorum FK,1392,1397.0,2,2,Turkey,domestic league (tier 2)
2023/11/12,1. Lig,0,Manisa FK,1469,1452.0,0 - 2,Bandirmaspor,1522,1539.0,0,2,Turkey,domestic league (tier 2)
2023/12/03,1. Lig,0,Manisa FK,1448,1457.0,3 - 0,Altay Izmir,1361,1352.0,3,0,Turkey,domestic league (tier 2)
2023/12/10,1. Lig,0,Manisa FK,1457,1452.0,1 - 1,Adanaspor,1371,1376.0,1,1,Turkey,domestic league (tier 2)
2023/12/25,1. Lig,0,Manisa FK,1444,1440.0,1 - 1,Sanliurfaspor,1409,1413.0,1,1,Turkey,domestic league (tier 2)
2024/01/14,1. Lig,0,Manisa FK,1440,1448.0,2 - 1,Kocaelispor,1483,1475.0,2,1,Turkey,domestic league (tier 2)
2024/01/27,1. Lig,0,Manisa FK,1448,1429.0,0 - 2,Erzurumspor FK,1447,1466.0,0,2,Turkey,domestic league (tier 2)
2024/02/11,1. Lig,0,Manisa FK,1420,1430.0,2 - 0,Giresunspor,1408,1398.0,2,0,Turkey,domestic league (tier 2)
2024/02/25,1. Lig,0,Manisa FK,1437,1435.0,1 - 1,Gençlerbirligi,1451,1453.0,1,1,Turkey,domestic league (tier 2)
2024/03/11,1. Lig,0,Manisa FK,1427,1436.0,3 - 2,Ümraniyespor,1487,1478.0,3,2,Turkey,domestic league (tier 2)
2024/04/02,1. Lig,0,Manisa FK,1430,1420.0,0 - 1,Bodrumspor,1540,1550.0,0,1,Turkey,domestic league (tier 2)
2024/04/12,1. Lig,0,Manisa FK,1425,1427.0,2 - 2,Eyüpspor,1611,1609.0,2,2,Turkey,domestic league (tier 2)
2024/05/05,1. Lig,0,Manisa FK,1441,1449.0,1 - 0,Boluspor,1474,1466.0,1,0,Turkey,domestic league (tier 2)
2024/08/17,1. Lig,0,Manisa FK,1433,1432.0,2 - 2,Sakaryaspor,1500,1501.0,2,2,Turkey,domestic league (tier 2)
2024/08/30,1. Lig,0,Manisa FK,1458,1453.0,0 - 0,Adanaspor,1369,1374.0,0,0,Turkey,domestic league (tier 2)
2024/09/20,1. Lig,0,Manisa FK,1466,1475.0,5 - 1,Yeni Malatyaspor,1360,1351.0,5,1,Turkey,domestic league (tier 2)
2024/10/06,1. Lig,0,Manisa FK,1463,1471.0,1 - 0,Gençlerbirligi,1485,1477.0,1,0,Turkey,domestic league (tier 2)
2024/10/28,1. Lig,0,Manisa FK,1459,1443.0,0 - 1,Erokspor,1332,1348.0,0,1,Turkey,domestic league (tier 2)
2024/11/10,1. Lig,0,Manisa FK,1438,1451.0,2 - 0,Erzurumspor FK,1498,1485.0,2,0,Turkey,domestic league (tier 2)
2024/12/07,1. Lig,0,Manisa FK,1425,1414.0,0 - 1,Çorum FK,1484,1495.0,0,1,Turkey,domestic league (tier 2)
2024/12/21,1. Lig,0,Manisa FK,1431,1438.0,2 - 1,Sanliurfaspor,1442,1435.0,2,1,Turkey,domestic league (tier 2)
2025/01/13,1. Lig,0,Manisa FK,1453,1430.0,0 - 3,Ümraniyespor,1448,1471.0,0,3,Turkey,domestic league (tier 2)
2025/01/19,1. Lig,0,Manisa FK,1430,1419.0,0 - 1,Istanbulspor AS,1486,1497.0,0,1,Turkey,domestic league (tier 2)
2025/02/02,1. Lig,0,Manisa FK,1433,1437.0,2 - 2,Fatih Karagümrük,1663,1659.0,2,2,Turkey,domestic league (tier 2)
2025/02/11,1. Lig,0,Manisa FK,1427,1412.0,0 - 2,Kocaelispor,1531,1546.0,0,2,Turkey,domestic league (tier 2)
2025/02/21,1. Lig,0,Manisa FK,1426,1408.0,0 - 2,Boluspor,1445,1463.0,0,2,Turkey,domestic league (tier 2)
2025/03/04,1. Lig,0,Manisa FK,1400,1386.0,0 - 1,Igdir FK,1367,1381.0,0,1,Turkey,domestic league (tier 2)
2025/03/15,1. Lig,0,Manisa FK,1389,1404.0,2 - 0,Pendikspor,1484,1469.0,2,0,Turkey,domestic league (tier 2)
2025/04/05,1. Lig,0,Manisa FK,1399,1387.0,1 - 2,Keçiörengücü,1421,1433.0,1,2,Turkey,domestic league (tier 2)
2025/04/08,1. Lig,0,Manisa FK,1387,1385.0,2 - 2,Amed SK,1409,1411.0,2,2,Turkey,domestic league (tier 2)
2025/04/18,1. Lig,0,Manisa FK,1380,1390.0,2 - 1,MKE Ankaragücü,1478,1468.0,2,1,Turkey,domestic league (tier 2)
2025/05/04,1. Lig,0,Manisa FK,1410,1410.0,1 - 1,Bandirmaspor,1525,1525.0,1,1,Turkey,domestic league (tier 2)
2025/08/17,1. Lig,0,Manisa FK,1419,1430.0,2 - 1,Hatayspor,1568,1557.0,2,1,Turkey,domestic league (tier 2)
2025/08/30,1. Lig,0,Manisa FK,1436,1434.0,1 - 1,Igdir FK,1469,1471.0,1,1,Turkey,domestic league (tier 2)
2025/09/20,1. Lig,0,Manisa FK,1426,1414.0,3 - 4,Erokspor,1455,1467.0,3,4,Turkey,domestic league (tier 2)
2025/09/28,1. Lig,0,Manisa FK,1441,1424.0,0 - 4,Bodrum FK,1574,1591.0,0,4,Turkey,domestic league (tier 2)
2025/10/18,1. Lig,0,Manisa FK,1416,1416.0,1 - 1,Erzurumspor FK,1521,1521.0,1,1,Turkey,domestic league (tier 2)
2025/11/02,1. Lig,0,Manisa FK,1419,1399.0,0 - 3,Amed SFK,1472,1492.0,0,3,Turkey,domestic league (tier 2)
2025/11/21,1. Lig,0,Manisa FK,1395,1405.0,5 - 0,Adana Demirspor,1298,1288.0,5,0,Turkey,domestic league (tier 2)
2025/12/07,1. Lig,0,Manisa FK,1399,1405.0,2 - 1,Vanspor FK,1341,1335.0,2,1,Turkey,domestic league (tier 2)
2025/12/20,1. Lig,0,Manisa FK,1416,1415.0,2 - 2,Keçiörengücü,1487,1488.0,2,2,Turkey,domestic league (tier 2)
2026/01/12,1. Lig,0,Manisa FK,1435,1441.0,1 - 0,Ümraniyespor,1406,1400.0,1,0,Turkey,domestic league (tier 2)
2026/01/25,1. Lig,0,Manisa FK,1442,1451.0,1 - 0,Istanbulspor AS,1521,1512.0,1,0,Turkey,domestic league (tier 2)
2026/02/08,1. Lig,0,Manisa FK,1454,1469.0,4 - 1,Boluspor,1510,1495.0,4,1,Turkey,domestic league (tier 2)
2026/02/18,1. Lig,0,Manisa FK,1461,1469.0,3 - 2,Bandirmaspor,1482,1474.0,3,2,Turkey,domestic league (tier 2)
2026/03/02,1. Lig,0,Manisa FK,1484,1472.0,0 - 1,Çorum FK,1511,1523.0,0,1,Turkey,domestic league (tier 2)
2026/03/10,1. Lig,0,Manisa FK,1465,1476.0,3 - 0,Sariyer SK,1429,1418.0,3,0,Turkey,domestic league (tier 2)
2026/03/21,1. Lig,0,Manisa FK,1469,1458.0,0 - 1,Sivasspor,1538,1549.0,0,1,Turkey,domestic league (tier 2)
2026/04/07,1. Lig,0,Manisa FK,1443,1457.0,2 - 0,Pendikspor,1513,1499.0,2,0,Turkey,domestic league (tier 2)
2026/04/19,1. Lig,0,Manisa FK,1469,1472.0,1 - 0,Serik Belediyespor,1292,1289.0,1,0,Turkey,domestic league (tier 2)
2026/05/01,1. Lig,0,Manisa FK,1466,1475.0,5 - 0,Sakaryaspor,1345,1336.0,5,0,Turkey,domestic league (tier 2)
2026/08/15,1. Lig,0,Manisa FK,1487,1495.0,4 - 1,Vanspor FK,1372,1364.0,4,1,Turkey,domestic league (tier 2)
2026/08/30,1. Lig,0,Manisa FK,1498,1496.0,0 - 0,Bodrum FK,1530,1532.0,0,0,Turkey,domestic league (tier 2)
2016/08/20,1. Lig,0,Manisaspor,1433,1443.0,1 - 0,Elazigspor,1521,1511.0,1,0,Turkey,domestic league (tier 2)
2016/09/10,1. Lig,0,Manisaspor,1443,1445.0,3 - 3,Eskisehirspor,1614,1612.0,3,3,Turkey,domestic league (tier 2)
2016/09/26,1. Lig,0,Manisaspor,1437,1414.0,0 - 3,Göztepe,1431,1454.0,0,3,Turkey,domestic league (tier 2)
2016/10/16,1. Lig,0,Manisaspor,1397,1388.0,1 - 2,Adana Demirspor,1519,1528.0,1,2,Turkey,domestic league (tier 2)
2016/10/30,1. Lig,0,Manisaspor,1380,1374.0,0 - 1,Sivasspor,1613,1619.0,0,1,Turkey,domestic league (tier 2)
2016/11/21,1. Lig,0,Manisaspor,1379,1379.0,0 - 0,Samsunspor,1478,1478.0,0,0,Turkey,domestic league (tier 2)
2016/12/03,1. Lig,0,Manisaspor,1393,1408.0,2 - 0,Gaziantep FK (as Gazisehir Gaziantep FK),1499,1484.0,2,0,Turkey,domestic league (tier 2)
2016/12/16,1. Lig,0,Manisaspor,1413,1414.0,1 - 1,Balikesirspor,1553,1552.0,1,1,Turkey,domestic league (tier 2)
2017/01/14,1. Lig,0,Manisaspor,1406,1405.0,2 - 2,Boluspor,1461,1462.0,2,2,Turkey,domestic league (tier 2)
2017/01/29,1. Lig,0,Manisaspor,1410,1426.0,5 - 2,Ümraniyespor,1485,1469.0,5,2,Turkey,domestic league (tier 2)
2017/02/18,1. Lig,0,Manisaspor,1458,1447.0,1 - 2,Giresunspor,1540,1551.0,1,2,Turkey,domestic league (tier 2)
2017/03/05,1. Lig,0,Manisaspor,1441,1451.0,6 - 2,Bandirmaspor,1372,1362.0,6,2,Turkey,domestic league (tier 2)
2017/03/18,1. Lig,0,Manisaspor,1456,1439.0,0 - 2,Yeni Malatyaspor,1518,1535.0,0,2,Turkey,domestic league (tier 2)
2017/04/09,1. Lig,0,Manisaspor,1434,1445.0,2 - 0,Mersin Idmanyurdu,1438,1427.0,2,0,Turkey,domestic league (tier 2)
2017/04/24,1. Lig,0,Manisaspor,1459,1466.0,3 - 2,Denizlispor,1449,1442.0,3,2,Turkey,domestic league (tier 2)
2017/05/04,1. Lig,0,Manisaspor,1457,1440.0,0 - 2,Altinordu FK,1508,1525.0,0,2,Turkey,domestic league (tier 2)
2017/05/14,1. Lig,0,Manisaspor,1455,1466.0,2 - 0,Sanliurfaspor,1454,1443.0,2,0,Turkey,domestic league (tier 2)
2017/08/18,1. Lig,0,Manisaspor,1448,1435.0,0 - 1,Samsunspor,1452,1465.0,0,1,Turkey,domestic league (tier 2)
2017/09/10,1. Lig,0,Manisaspor,1462,1469.0,2 - 1,Boluspor,1447,1440.0,2,1,Turkey,domestic league (tier 2)
2017/09/23,1. Lig,0,Manisaspor,1463,1447.0,1 - 2,Istanbulspor AS,1337,1353.0,1,2,Turkey,domestic league (tier 2)
2017/10/16,1. Lig,0,Manisaspor,1442,1439.0,1 - 1,Denizlispor,1417,1420.0,1,1,Turkey,domestic league (tier 2)
2017/10/29,1. Lig,0,Manisaspor,1454,1438.0,0 - 2,Ümraniyespor,1524,1540.0,0,2,Turkey,domestic league (tier 2)
2017/11/18,1. Lig,0,Manisaspor,1427,1437.0,2 - 1,Elazigspor,1540,1530.0,2,1,Turkey,domestic league (tier 2)
2017/11/24,1. Lig,0,Manisaspor,1437,1445.0,2 - 1,Adana Demirspor,1462,1454.0,2,1,Turkey,domestic league (tier 2)
2017/12/10,1. Lig,0,Manisaspor,1445,1434.0,1 - 2,Altinordu FK,1501,1512.0,1,2,Turkey,domestic league (tier 2)
2017/12/24,1. Lig,0,Manisaspor,1433,1448.0,3 - 1,Balikesirspor,1526,1511.0,3,1,Turkey,domestic league (tier 2)
2018/01/21,1. Lig,0,Manisaspor,1448,1434.0,0 - 3,Çaykur Rizespor,1625,1639.0,0,3,Turkey,domestic league (tier 2)
2018/02/02,1. Lig,0,Manisaspor,1423,1431.0,3 - 1,Gaziantepspor,1360,1352.0,3,1,Turkey,domestic league (tier 2)
2018/02/17,1. Lig,0,Manisaspor,1423,1411.0,1 - 2,Adanaspor,1461,1473.0,1,2,Turkey,domestic league (tier 2)
2018/02/25,1. Lig,0,Manisaspor,1404,1394.0,0 - 1,Eskisehirspor,1521,1531.0,0,1,Turkey,domestic league (tier 2)
2018/03/06,1. Lig,0,Manisaspor,1398,1380.0,0 - 4,Giresunspor,1507,1525.0,0,4,Turkey,domestic league (tier 2)
2018/03/17,1. Lig,0,Manisaspor,1374,1357.0,0 - 6,Gaziantep FK (as Gazisehir Gaziantep FK),1539,1556.0,0,6,Turkey,domestic league (tier 2)
2018/04/15,1. Lig,0,Manisaspor,1344,1325.0,1 - 6,BB Erzurumspor,1460,1479.0,1,6,Turkey,domestic league (tier 2)
2018/04/28,1. Lig,0,Manisaspor,1321,1309.0,0 - 3,MKE Ankaragücü,1524,1536.0,0,3,Turkey,domestic league (tier 2)
2026/08/16,1. Lig,0,Mardin 1969 SK,1271,1294.0,2 - 0,Antalyaspor,1571,1548.0,2,0,Turkey,domestic league (tier 2)
2026/08/29,1. Lig,0,Mardin 1969 SK,1321,1320.0,1 - 1,Vanspor FK,1375,1376.0,1,1,Turkey,domestic league (tier 2)
2026/09/07,1. Lig,0,Mardin 1969 SK,1326,,Info,Bodrum FK,1532,,,,Turkey,domestic league (tier 2)
2019/08/25,1. Lig,0,Menemen Belediyespor,1325,1317.0,0 - 4,Hatayspor,1656,1664.0,0,4,Turkey,domestic league (tier 2)
2019/09/15,1. Lig,0,Menemen Belediyespor,1324,1319.0,0 - 1,Akhisar Belediyespor,1622,1627.0,0,1,Turkey,domestic league (tier 2)
2019/09/29,1. Lig,0,Menemen Belediyespor,1310,1305.0,1 - 2,Ankaraspor (as Osmanlispor FK),1623,1628.0,1,2,Turkey,domestic league (tier 2)
2019/10/19,1. Lig,0,Menemen Belediyespor,1323,1327.0,0 - 0,BB Erzurumspor,1587,1583.0,0,0,Turkey,domestic league (tier 2)
2019/11/02,1. Lig,0,Menemen Belediyespor,1352,1365.0,1 - 0,Ümraniyespor,1564,1551.0,1,0,Turkey,domestic league (tier 2)
2019/11/24,1. Lig,0,Menemen Belediyespor,1381,1391.0,1 - 0,Balikesirspor,1498,1488.0,1,0,Turkey,domestic league (tier 2)
2019/12/09,1. Lig,0,Menemen Belediyespor,1396,1398.0,1 - 1,Keçiörengücü,1554,1552.0,1,1,Turkey,domestic league (tier 2)
2019/12/22,1. Lig,0,Menemen Belediyespor,1417,1430.0,2 - 1,Bursaspor,1618,1605.0,2,1,Turkey,domestic league (tier 2)
2020/01/17,1. Lig,0,Menemen Belediyespor,1425,1404.0,0 - 3,Giresunspor,1464,1485.0,0,3,Turkey,domestic league (tier 2)
2020/02/01,1. Lig,0,Menemen Belediyespor,1401,1390.0,0 - 1,Fatih Karagümrük SK,1483,1494.0,0,1,Turkey,domestic league (tier 2)
2020/02/15,1. Lig,0,Menemen Belediyespor,1397,1410.0,3 - 1,Eskisehirspor,1461,1448.0,3,1,Turkey,domestic league (tier 2)
2020/02/25,1. Lig,0,Menemen Belediyespor,1403,1396.0,2 - 3,Adana Demirspor,1611,1618.0,2,3,Turkey,domestic league (tier 2)
2020/03/06,1. Lig,0,Menemen Belediyespor,1392,1393.0,1 - 1,Altay Izmir,1523,1522.0,1,1,Turkey,domestic league (tier 2)
2020/03/15,1. Lig,0,Menemen Belediyespor,1399,1399.0,2 - 2,Istanbulspor AS,1492,1492.0,2,2,Turkey,domestic league (tier 2)
2020/06/27,1. Lig,0,Menemen Belediyespor,1414,1412.0,1 - 1,Boluspor,1455,1457.0,1,1,Turkey,domestic league (tier 2)
2020/07/04,1. Lig,0,Menemen Belediyespor,1408,1418.0,4 - 2,Adanaspor,1375,1365.0,4,2,Turkey,domestic league (tier 2)
2020/07/17,1. Lig,0,Menemen Belediyespor,1425,1424.0,1 - 1,Altinordu FK,1506,1507.0,1,1,Turkey,domestic league (tier 2)
2020/09/11,1. Lig,0,Menemen Belediyespor,1424,1408.0,0 - 2,Altinordu FK,1507,1523.0,0,2,Turkey,domestic league (tier 2)
2020/09/28,1. Lig,0,Menemen Belediyespor,1412,1389.0,2 - 5,Tuzlaspor,1391,1414.0,2,5,Turkey,domestic league (tier 2)
2020/10/22,1. Lig,0,Menemen Belediyespor,1390,1403.0,2 - 1,Bursaspor,1589,1576.0,2,1,Turkey,domestic league (tier 2)
2020/11/23,1. Lig,0,Menemen Belediyespor,1407,1398.0,1 - 2,Altay Izmir,1544,1553.0,1,2,Turkey,domestic league (tier 2)
2020/12/01,1. Lig,0,Menemen Belediyespor,1420,1428.0,2 - 1,Ankaraspor,1444,1436.0,2,1,Turkey,domestic league (tier 2)
2020/12/05,1. Lig,0,Menemen Belediyespor,1428,1425.0,1 - 1,Bandirmaspor,1415,1418.0,1,1,Turkey,domestic league (tier 2)
2020/12/14,1. Lig,0,Menemen Belediyespor,1429,1419.0,1 - 2,Istanbulspor AS,1515,1525.0,1,2,Turkey,domestic league (tier 2)
2020/12/27,1. Lig,0,Menemen Belediyespor,1430,1431.0,0 - 0,Keçiörengücü,1559,1558.0,0,0,Turkey,domestic league (tier 2)
2021/01/31,1. Lig,0,Menemen Belediyespor,1448,1430.0,0 - 4,Giresunspor,1555,1573.0,0,4,Turkey,domestic league (tier 2)
2021/02/14,1. Lig,0,Menemen Belediyespor,1420,1417.0,1 - 1,Balikesirspor,1394,1397.0,1,1,Turkey,domestic league (tier 2)
2021/02/20,1. Lig,0,Menemen Belediyespor,1417,1433.0,6 - 2,Akhisar Belediyespor,1470,1454.0,6,2,Turkey,domestic league (tier 2)
2021/03/01,1. Lig,0,Menemen Belediyespor,1448,1425.0,0 - 3,Boluspor,1445,1468.0,0,3,Turkey,domestic league (tier 2)
2021/03/14,1. Lig,0,Menemen Belediyespor,1426,1422.0,0 - 0,Adanaspor,1367,1371.0,0,0,Turkey,domestic league (tier 2)
2021/04/04,1. Lig,0,Menemen Belediyespor,1415,1414.0,1 - 1,Ümraniyespor,1490,1491.0,1,1,Turkey,domestic league (tier 2)
2021/04/14,1. Lig,0,Menemen Belediyespor,1418,1419.0,2 - 2,Samsunspor,1551,1550.0,2,2,Turkey,domestic league (tier 2)
2021/04/25,1. Lig,0,Menemen Belediyespor,1412,1415.0,2 - 1,Eskisehirspor,1224,1221.0,2,1,Turkey,domestic league (tier 2)
2021/05/09,1. Lig,0,Menemen Belediyespor,1408,1399.0,1 - 4,Adana Demirspor,1696,1705.0,1,4,Turkey,domestic league (tier 2)
2021/08/15,1. Lig,0,Menemen Belediyespor,1399,1418.0,2 - 0,BB Erzurumspor,1603,1584.0,2,0,Turkey,domestic league (tier 2)
2021/08/28,1. Lig,0,Menemen Belediyespor,1412,1395.0,0 - 4,Ümraniyespor,1549,1566.0,0,4,Turkey,domestic league (tier 2)
2021/09/15,1. Lig,0,Menemen Belediyespor,1379,1388.0,2 - 0,Manisa FK,1345,1336.0,2,0,Turkey,domestic league (tier 2)
2021/09/26,1. Lig,0,Menemen Belediyespor,1395,1395.0,1 - 1,Eyüpspor,1485,1485.0,1,1,Turkey,domestic league (tier 2)
2021/10/16,1. Lig,0,Menemen Belediyespor,1391,1403.0,3 - 2,Samsunspor,1568,1556.0,3,2,Turkey,domestic league (tier 2)
2021/10/27,Turkey Cup,0,Menemen Belediyespor,1397,1404.0,1 - 0,Karsiyaka SK,1371,1364.0,1,0,Turkey,domestic cup
2021/11/20,1. Lig,0,Menemen Belediyespor,1400,1406.0,2 - 1,Balikesirspor,1335,1329.0,2,1,Turkey,domestic league (tier 2)
2021/12/06,1. Lig,0,Menemen Belediyespor,1418,1418.0,2 - 2,Keçiörengücü,1509,1509.0,2,2,Turkey,domestic league (tier 2)
2021/12/15,1. Lig,0,Menemen Belediyespor,1422,1420.0,0 - 0,Denizlispor,1448,1450.0,0,0,Turkey,domestic league (tier 2)
2021/12/25,1. Lig,0,Menemen Belediyespor,1410,1408.0,0 - 0,Bursaspor,1450,1452.0,0,0,Turkey,domestic league (tier 2)
2022/01/14,1. Lig,0,Menemen Belediyespor,1413,1413.0,1 - 1,Bandirmaspor,1514,1514.0,1,1,Turkey,domestic league (tier 2)
2022/02/06,1. Lig,0,Menemen Belediyespor,1410,1418.0,2 - 1,Adanaspor,1428,1420.0,2,1,Turkey,domestic league (tier 2)
2022/02/16,1. Lig,0,Menemen Belediyespor,1419,1422.0,1 - 1,MKE Ankaragücü,1620,1617.0,1,1,Turkey,domestic league (tier 2)
2022/02/28,1. Lig,0,Menemen Belediyespor,1428,1414.0,0 - 1,Altinordu FK,1396,1410.0,0,1,Turkey,domestic league (tier 2)
2022/03/19,1. Lig,0,Menemen Belediyespor,1438,1446.0,3 - 2,Boluspor,1470,1462.0,3,2,Turkey,domestic league (tier 2)
2022/04/10,1. Lig,0,Menemen Belediyespor,1446,1432.0,1 - 3,Istanbulspor AS,1579,1593.0,1,3,Turkey,domestic league (tier 2)
2022/04/20,1. Lig,0,Menemen Belediyespor,1430,1426.0,1 - 1,Kocaelispor,1378,1382.0,1,1,Turkey,domestic league (tier 2)
2022/05/01,1. Lig,0,Menemen Belediyespor,1421,1420.0,1 - 1,Tuzlaspor,1472,1473.0,1,1,Turkey,domestic league (tier 2)
2022/05/14,1. Lig,0,Menemen Belediyespor,1414,1397.0,1 - 3,Gençlerbirligi,1477,1494.0,1,3,Turkey,domestic league (tier 2)
2016/08/20,1. Lig,0,Mersin Idmanyurdu,1504,1481.0,1 - 3,Yeni Malatyaspor,1402,1425.0,1,3,Turkey,domestic league (tier 2)
2016/09/17,1. Lig,0,Mersin Idmanyurdu,1493,1507.0,3 - 0,Samsunspor,1514,1500.0,3,0,Turkey,domestic league (tier 2)
2016/10/02,1. Lig,0,Mersin Idmanyurdu,1508,1485.0,0 - 3,Gaziantep FK (as Gazisehir Gaziantep FK),1491,1514.0,0,3,Turkey,domestic league (tier 2)
2016/10/23,1. Lig,0,Mersin Idmanyurdu,1474,1454.0,1 - 4,Balikesirspor,1531,1551.0,1,4,Turkey,domestic league (tier 2)
2016/11/04,1. Lig,0,Mersin Idmanyurdu,1456,1451.0,0 - 0,Manisaspor,1374,1379.0,0,0,Turkey,domestic league (tier 2)
2016/11/25,1. Lig,0,Mersin Idmanyurdu,1440,1419.0,0 - 2,Ümraniyespor,1386,1407.0,0,2,Turkey,domestic league (tier 2)
2016/12/12,1. Lig,0,Mersin Idmanyurdu,1413,1397.0,0 - 2,Giresunspor,1485,1501.0,0,2,Turkey,domestic league (tier 2)
2016/12/25,1. Lig,0,Mersin Idmanyurdu,1390,1397.0,1 - 0,Bandirmaspor,1368,1361.0,1,0,Turkey,domestic league (tier 2)
2017/01/29,1. Lig,0,Mersin Idmanyurdu,1398,1412.0,1 - 0,Sivasspor,1627,1613.0,1,0,Turkey,domestic league (tier 2)
2017/02/11,1. Lig,0,Mersin Idmanyurdu,1412,1410.0,2 - 2,Boluspor,1445,1447.0,2,2,Turkey,domestic league (tier 2)
2017/02/27,1. Lig,0,Mersin Idmanyurdu,1413,1412.0,0 - 0,Denizlispor,1473,1474.0,0,0,Turkey,domestic league (tier 2)
2017/03/12,1. Lig,0,Mersin Idmanyurdu,1425,1424.0,1 - 1,Altinordu FK,1484,1485.0,1,1,Turkey,domestic league (tier 2)
2017/04/01,1. Lig,0,Mersin Idmanyurdu,1430,1438.0,3 - 2,Sanliurfaspor,1456,1448.0,3,2,Turkey,domestic league (tier 2)
2017/04/19,1. Lig,0,Mersin Idmanyurdu,1427,1411.0,0 - 2,Elazigspor,1507,1523.0,0,2,Turkey,domestic league (tier 2)
2017/04/28,1. Lig,0,Mersin Idmanyurdu,1416,1401.0,0 - 4,Eskisehirspor,1591,1606.0,0,4,Turkey,domestic league (tier 2)
2017/05/07,1. Lig,0,Mersin Idmanyurdu,1397,1385.0,5 - 6,Göztepe,1442,1454.0,5,6,Turkey,domestic league (tier 2)
2017/05/20,1. Lig,0,Mersin Idmanyurdu,1373,1373.0,2 - 2,Adana Demirspor,1460,1460.0,2,2,Turkey,domestic league (tier 2)
2026/08/16,1. Lig,0,Muglaspor,1261,1266.0,0 - 0,Bandirmaspor,1554,1549.0,0,0,Turkey,domestic league (tier 2)
2026/08/28,1. Lig,0,Muglaspor,1274,1289.0,2 - 0,Boluspor,1383,1368.0,2,0,Turkey,domestic league (tier 2)
2026/09/06,1. Lig,0,Muglaspor,1305,,Info,Vanspor FK,1355,,,,Turkey,domestic league (tier 2)
2022/08/21,1. Lig,0,Pendikspor,1316,1330.0,1 - 0,Altay Izmir,1553,1539.0,1,0,Turkey,domestic league (tier 2)
2022/09/04,1. Lig,0,Pendikspor,1346,1337.0,0 - 1,Boluspor,1472,1481.0,0,1,Turkey,domestic league (tier 2)
2022/10/01,1. Lig,0,Pendikspor,1347,1368.0,3 - 0,Göztepe,1513,1492.0,3,0,Turkey,domestic league (tier 2)
2022/10/29,1. Lig,0,Pendikspor,1412,1398.0,0 - 2,Samsunspor,1536,1550.0,0,2,Turkey,domestic league (tier 2)
2022/11/12,1. Lig,0,Pendikspor,1389,1403.0,3 - 0,Bodrumspor,1416,1402.0,3,0,Turkey,domestic league (tier 2)
2022/11/27,1. Lig,0,Pendikspor,1426,1427.0,0 - 0,Eyüpspor,1571,1570.0,0,0,Turkey,domestic league (tier 2)
2022/12/12,1. Lig,0,Pendikspor,1434,1443.0,3 - 1,Sakaryaspor,1378,1369.0,3,1,Turkey,domestic league (tier 2)
2022/12/24,1. Lig,0,Pendikspor,1438,1436.0,0 - 0,Manisa FK,1452,1454.0,0,0,Turkey,domestic league (tier 2)
2023/01/16,1. Lig,0,Pendikspor,1436,1434.0,1 - 1,BB Erzurumspor,1477,1479.0,1,1,Turkey,domestic league (tier 2)
2023/01/28,1. Lig,0,Pendikspor,1460,1445.0,0 - 1,Gençlerbirligi,1362,1377.0,0,1,Turkey,domestic league (tier 2)
2023/03/03,1. Lig,0,Pendikspor,1466,1471.0,2 - 1,Altinordu FK,1356,1351.0,2,1,Turkey,domestic league (tier 2)
2023/03/07,1. Lig,0,Pendikspor,1471,1477.0,3 - 2,Tuzlaspor,1411,1405.0,3,2,Turkey,domestic league (tier 2)
2023/03/19,1. Lig,0,Pendikspor,1481,1486.0,2 - 1,Denizlispor,1401,1396.0,2,1,Turkey,domestic league (tier 2)
2023/03/28,1. Lig,0,Pendikspor,1486,1495.0,2 - 1,Keçiörengücü,1536,1527.0,2,1,Turkey,domestic league (tier 2)
2023/04/29,1. Lig,0,Pendikspor,1495,1506.0,3 - 2,Çaykur Rizespor,1647,1636.0,3,2,Turkey,domestic league (tier 2)
2023/05/16,1. Lig,0,Pendikspor,1497,1504.0,2 - 1,Bandirmaspor,1471,1464.0,2,1,Turkey,domestic league (tier 2)
2023/06/08,1. Lig,0,Pendikspor,1527,1537.0,2 - 1,Bodrumspor,1524,1514.0,2,1,Turkey,domestic league (tier 2)
2023/08/12,Süperlig,0,Pendikspor,1537,1519.0,1 - 5,Hatayspor,1653,1671.0,1,5,Turkey,domestic league (tier 1)
2023/09/02,Süperlig,0,Pendikspor,1534,1535.0,1 - 1,Alanyaspor,1665,1664.0,1,1,Turkey,domestic league (tier 1)
2023/09/23,Süperlig,0,Pendikspor,1532,1535.0,1 - 1,Fatih Karagümrük,1742,1739.0,1,1,Turkey,domestic league (tier 1)
2023/10/07,Süperlig,0,Pendikspor,1533,1524.0,2 - 3,Sivasspor,1675,1684.0,2,3,Turkey,domestic league (tier 1)
2023/10/29,Süperlig,0,Pendikspor,1541,1537.0,0 - 5,Fenerbahçe,2039,2043.0,0,5,Turkey,domestic league (tier 1)
2023/11/12,Süperlig,0,Pendikspor,1558,1567.0,1 - 0,Samsunspor,1618,1609.0,1,0,Turkey,domestic league (tier 1)
2023/12/02,Süperlig,0,Pendikspor,1561,1557.0,0 - 2,Galatasaray,2001,2005.0,0,2,Turkey,domestic league (tier 1)
2023/12/25,Süperlig,0,Pendikspor,1544,1545.0,1 - 1,MKE Ankaragücü,1673,1672.0,1,1,Turkey,domestic league (tier 1)
2024/01/09,Süperlig,0,Pendikspor,1551,1543.0,0 - 1,Antalyaspor,1718,1726.0,0,1,Turkey,domestic league (tier 1)
2024/01/20,Süperlig,0,Pendikspor,1546,1575.0,4 - 0,Besiktas,1852,1823.0,4,0,Turkey,domestic league (tier 1)
2024/01/23,Süperlig,0,Pendikspor,1575,1585.0,3 - 2,Kasimpasa SK,1673,1663.0,3,2,Turkey,domestic league (tier 1)
2024/02/04,Süperlig,0,Pendikspor,1589,1602.0,2 - 1,Adana Demirspor,1781,1768.0,2,1,Turkey,domestic league (tier 1)
2024/02/18,Süperlig,0,Pendikspor,1595,1584.0,0 - 2,Trabzonspor,1794,1805.0,0,2,Turkey,domestic league (tier 1)
2024/03/03,Süperlig,0,Pendikspor,1576,1563.0,0 - 2,Konyaspor,1711,1724.0,0,2,Turkey,domestic league (tier 1)
2024/03/15,Süperlig,0,Pendikspor,1562,1569.0,1 - 0,Istanbulspor AS,1539,1532.0,1,0,Turkey,domestic league (tier 1)
2024/04/14,Süperlig,0,Pendikspor,1575,1568.0,2 - 3,Istanbul Basaksehir,1780,1787.0,2,3,Turkey,domestic league (tier 1)
2024/04/28,Süperlig,0,Pendikspor,1567,1556.0,1 - 2,Kayserispor,1630,1641.0,1,2,Turkey,domestic league (tier 1)
2024/05/12,Süperlig,0,Pendikspor,1572,1582.0,2 - 1,Çaykur Rizespor,1680,1670.0,2,1,Turkey,domestic league (tier 1)
2024/05/26,Süperlig,0,Pendikspor,1587,1577.0,0 - 1,Gaziantep FK,1684,1694.0,0,1,Turkey,domestic league (tier 1)
2024/08/16,1. Lig,0,Pendikspor,1577,1561.0,1 - 2,Kocaelispor,1462,1478.0,1,2,Turkey,domestic league (tier 2)
2024/09/01,1. Lig,0,Pendikspor,1569,1542.0,0 - 2,Igdir FK,1311,1338.0,0,2,Turkey,domestic league (tier 2)
2024/09/21,1. Lig,0,Pendikspor,1552,1538.0,0 - 1,Gençlerbirligi,1485,1499.0,0,1,Turkey,domestic league (tier 2)
2024/10/20,1. Lig,0,Pendikspor,1512,1508.0,0 - 0,Erzurumspor FK,1477,1481.0,0,0,Turkey,domestic league (tier 2)
2024/11/04,1. Lig,0,Pendikspor,1516,1521.0,1 - 0,Manisa FK,1443,1438.0,1,0,Turkey,domestic league (tier 2)
2024/11/22,1. Lig,0,Pendikspor,1513,1509.0,2 - 2,Ümraniyespor,1477,1481.0,2,2,Turkey,domestic league (tier 2)
2024/12/08,1. Lig,0,Pendikspor,1514,1525.0,3 - 0,Sakaryaspor,1487,1476.0,3,0,Turkey,domestic league (tier 2)
2024/12/21,1. Lig,0,Pendikspor,1515,1512.0,1 - 1,Istanbulspor AS,1493,1496.0,1,1,Turkey,domestic league (tier 2)
2025/01/10,1. Lig,0,Pendikspor,1537,1534.0,1 - 1,Bandirmaspor,1528,1531.0,1,1,Turkey,domestic league (tier 2)
2025/01/19,1. Lig,0,Pendikspor,1534,1537.0,4 - 0,Yeni Malatyaspor,1228,1225.0,4,0,Turkey,domestic league (tier 2)
2025/02/01,1. Lig,0,Pendikspor,1524,1527.0,1 - 0,Adanaspor,1340,1337.0,1,0,Turkey,domestic league (tier 2)
2025/02/13,1. Lig,0,Pendikspor,1514,1520.0,1 - 0,Boluspor,1455,1449.0,1,0,Turkey,domestic league (tier 2)
2025/02/23,1. Lig,0,Pendikspor,1507,1501.0,2 - 2,Erokspor,1370,1376.0,2,2,Turkey,domestic league (tier 2)
2025/03/01,1. Lig,0,Pendikspor,1501,1480.0,0 - 2,Keçiörengücü,1444,1465.0,0,2,Turkey,domestic league (tier 2)
2025/03/10,1. Lig,0,Pendikspor,1499,1484.0,0 - 1,Amed SK,1394,1409.0,0,1,Turkey,domestic league (tier 2)
2025/03/29,1. Lig,0,Pendikspor,1469,1467.0,2 - 2,Çorum FK,1487,1489.0,2,2,Turkey,domestic league (tier 2)
2025/04/09,1. Lig,0,Pendikspor,1470,1478.0,2 - 1,MKE Ankaragücü,1489,1481.0,2,1,Turkey,domestic league (tier 2)
2025/04/19,1. Lig,0,Pendikspor,1470,1448.0,0 - 2,Sanliurfaspor,1388,1410.0,0,2,Turkey,domestic league (tier 2)
2025/05/04,1. Lig,0,Pendikspor,1439,1457.0,2 - 0,Fatih Karagümrük,1618,1600.0,2,0,Turkey,domestic league (tier 2)
2025/08/16,1. Lig,0,Pendikspor,1456,1471.0,2 - 0,Bandirmaspor,1551,1536.0,2,0,Turkey,domestic league (tier 2)
2025/08/31,1. Lig,0,Pendikspor,1475,1486.0,2 - 1,Sivasspor,1601,1590.0,2,1,Turkey,domestic league (tier 2)
2025/09/25,1. Lig,0,Pendikspor,1494,1505.0,4 - 1,Sakaryaspor,1456,1445.0,4,1,Turkey,domestic league (tier 2)
2025/10/04,1. Lig,0,Pendikspor,1507,1514.0,3 - 0,Adana Demirspor,1380,1373.0,3,0,Turkey,domestic league (tier 2)
2025/10/25,1. Lig,0,Pendikspor,1512,1518.0,4 - 0,Serik Belediyespor,1307,1301.0,4,0,Turkey,domestic league (tier 2)
2025/11/09,1. Lig,0,Pendikspor,1521,1528.0,3 - 0,Ümraniyespor,1395,1388.0,3,0,Turkey,domestic league (tier 2)
2025/11/28,1. Lig,0,Pendikspor,1538,1544.0,2 - 0,Manisa FK,1405,1399.0,2,0,Turkey,domestic league (tier 2)
2025/12/14,1. Lig,0,Pendikspor,1522,1519.0,1 - 1,Igdir FK,1506,1509.0,1,1,Turkey,domestic league (tier 2)
2025/12/27,1. Lig,0,Pendikspor,1533,1529.0,0 - 0,Erokspor,1503,1507.0,0,0,Turkey,domestic league (tier 2)
2026/01/11,1. Lig,0,Pendikspor,1529,1527.0,0 - 0,Bodrum FK,1563,1565.0,0,0,Turkey,domestic league (tier 2)
2026/01/24,1. Lig,0,Pendikspor,1513,1503.0,1 - 2,Erzurumspor FK,1602,1612.0,1,2,Turkey,domestic league (tier 2)
2026/02/07,1. Lig,0,Pendikspor,1507,1489.0,0 - 2,Amed SFK,1534,1552.0,0,2,Turkey,domestic league (tier 2)
2026/02/15,1. Lig,0,Pendikspor,1489,1498.0,2 - 0,Sariyer SK,1444,1435.0,2,0,Turkey,domestic league (tier 2)
2026/02/23,1. Lig,0,Pendikspor,1513,1500.0,0 - 1,Keçiörengücü,1495,1508.0,0,1,Turkey,domestic league (tier 2)
2026/03/06,1. Lig,0,Pendikspor,1510,1505.0,1 - 1,Vanspor FK,1402,1407.0,1,1,Turkey,domestic league (tier 2)
2026/03/14,1. Lig,0,Pendikspor,1512,1508.0,1 - 1,Istanbulspor AS,1473,1477.0,1,1,Turkey,domestic league (tier 2)
2026/04/03,1. Lig,0,Pendikspor,1509,1513.0,4 - 1,Hatayspor,1276,1272.0,4,1,Turkey,domestic league (tier 2)
2026/04/11,1. Lig,0,Pendikspor,1499,1498.0,1 - 1,Çorum FK,1549,1550.0,1,1,Turkey,domestic league (tier 2)
2026/04/26,1. Lig,0,Pendikspor,1500,1509.0,2 - 0,Boluspor,1442,1433.0,2,0,Turkey,domestic league (tier 2)
2026/08/10,1. Lig,0,Pendikspor,1505,1497.0,2 - 2,Batman Petrolspor,1265,1273.0,2,2,Turkey,domestic league (tier 2)
2026/08/28,1. Lig,0,Pendikspor,1499,1497.0,1 - 1,Bandirmaspor,1546,1548.0,1,1,Turkey,domestic league (tier 2)
2026/09/05,1. Lig,0,Pendikspor,1485,,Info,Ümraniyespor,1413,,,,Turkey,domestic league (tier 2)
2022/08/14,1. Lig,0,Sakaryaspor,1318,1311.0,0 - 1,Göztepe,1522,1529.0,0,1,Turkey,domestic league (tier 2)
2022/08/29,1. Lig,0,Sakaryaspor,1335,1350.0,2 - 0,Tuzlaspor,1432,1417.0,2,0,Turkey,domestic league (tier 2)
2022/09/10,1. Lig,0,Sakaryaspor,1347,1358.0,2 - 1,Denizlispor,1482,1471.0,2,1,Turkey,domestic league (tier 2)
2022/10/01,1. Lig,0,Sakaryaspor,1355,1369.0,3 - 1,Yeni Malatyaspor,1440,1426.0,3,1,Turkey,domestic league (tier 2)
2022/10/16,1. Lig,0,Sakaryaspor,1354,1363.0,3 - 2,Adanaspor,1408,1399.0,3,2,Turkey,domestic league (tier 2)
2022/10/29,1. Lig,0,Sakaryaspor,1360,1351.0,1 - 2,Altay Izmir,1502,1511.0,1,2,Turkey,domestic league (tier 2)
2022/11/14,1. Lig,0,Sakaryaspor,1344,1348.0,1 - 1,Çaykur Rizespor,1604,1600.0,1,1,Turkey,domestic league (tier 2)
2022/11/20,1. Lig,0,Sakaryaspor,1348,1366.0,4 - 2,Bandirmaspor,1521,1503.0,4,2,Turkey,domestic league (tier 2)
2022/12/03,1. Lig,0,Sakaryaspor,1362,1378.0,2 - 0,BB Erzurumspor,1490,1474.0,2,0,Turkey,domestic league (tier 2)
2022/12/17,1. Lig,0,Sakaryaspor,1369,1376.0,2 - 1,Gençlerbirligi,1369,1362.0,2,1,Turkey,domestic league (tier 2)
2023/01/20,1. Lig,0,Sakaryaspor,1392,1398.0,2 - 1,Altinordu FK,1361,1355.0,2,1,Turkey,domestic league (tier 2)
2023/02/05,1. Lig,0,Sakaryaspor,1411,1428.0,2 - 0,Keçiörengücü,1549,1532.0,2,0,Turkey,domestic league (tier 2)
2023/03/09,1. Lig,0,Sakaryaspor,1441,1433.0,0 - 1,Samsunspor,1613,1621.0,0,1,Turkey,domestic league (tier 2)
2023/03/20,1. Lig,0,Sakaryaspor,1433,1441.0,2 - 1,Bodrumspor,1447,1439.0,2,1,Turkey,domestic league (tier 2)
2023/03/30,1. Lig,0,Sakaryaspor,1441,1456.0,2 - 0,Eyüpspor,1537,1522.0,2,0,Turkey,domestic league (tier 2)
2023/04/08,1. Lig,0,Sakaryaspor,1446,1458.0,2 - 0,Manisa FK,1466,1454.0,2,0,Turkey,domestic league (tier 2)
2023/04/24,1. Lig,0,Sakaryaspor,1448,1445.0,1 - 1,Boluspor,1437,1440.0,1,1,Turkey,domestic league (tier 2)
2023/05/07,1. Lig,0,Sakaryaspor,1458,1467.0,3 - 2,Pendikspor,1506,1497.0,3,2,Turkey,domestic league (tier 2)
2023/05/26,1. Lig,0,Sakaryaspor,1458,1446.0,0 - 1,Eyüpspor,1486,1498.0,0,1,Turkey,domestic league (tier 2)
2023/08/20,1. Lig,0,Sakaryaspor,1461,1458.0,0 - 0,Gençlerbirligi,1441,1444.0,0,0,Turkey,domestic league (tier 2)
2023/08/26,1. Lig,0,Sakaryaspor,1458,1458.0,1 - 1,Ümraniyespor,1549,1549.0,1,1,Turkey,domestic league (tier 2)
2023/09/18,1. Lig,0,Sakaryaspor,1448,1432.0,0 - 2,Bodrumspor,1530,1546.0,0,2,Turkey,domestic league (tier 2)
2023/10/01,1. Lig,0,Sakaryaspor,1424,1441.0,2 - 0,Eyüpspor,1568,1551.0,2,0,Turkey,domestic league (tier 2)
2023/10/21,1. Lig,0,Sakaryaspor,1445,1454.0,2 - 0,Adanaspor,1398,1389.0,2,0,Turkey,domestic league (tier 2)
2023/11/03,1. Lig,0,Sakaryaspor,1466,1462.0,1 - 1,Sanliurfaspor,1425,1429.0,1,1,Turkey,domestic league (tier 2)
2023/11/24,1. Lig,0,Sakaryaspor,1474,1471.0,2 - 2,Erzurumspor FK,1452,1455.0,2,2,Turkey,domestic league (tier 2)
2023/12/06,Turkey Cup,0,Sakaryaspor,1490,1495.0,1 - 0,Ankaraspor,1388,1383.0,1,0,Turkey,domestic cup
2023/12/09,1. Lig,0,Sakaryaspor,1495,1505.0,3 - 1,Giresunspor,1476,1466.0,3,1,Turkey,domestic league (tier 2)
2023/12/23,1. Lig,0,Sakaryaspor,1518,1528.0,3 - 1,Kocaelispor,1493,1483.0,3,1,Turkey,domestic league (tier 2)
2024/01/12,1. Lig,0,Sakaryaspor,1528,1517.0,1 - 2,Göztepe,1580,1591.0,1,2,Turkey,domestic league (tier 2)
2024/02/02,1. Lig,0,Sakaryaspor,1500,1507.0,1 - 0,Bandirmaspor,1511,1504.0,1,0,Turkey,domestic league (tier 2)
2024/02/18,1. Lig,0,Sakaryaspor,1511,1520.0,3 - 1,Çorum FK,1461,1452.0,3,1,Turkey,domestic league (tier 2)
2024/03/02,1. Lig,0,Sakaryaspor,1515,1523.0,2 - 0,Manisa FK,1435,1427.0,2,0,Turkey,domestic league (tier 2)
2024/03/17,1. Lig,0,Sakaryaspor,1521,1526.0,2 - 0,Altay Izmir,1324,1319.0,2,0,Turkey,domestic league (tier 2)
2024/04/06,1. Lig,0,Sakaryaspor,1511,1520.0,2 - 0,Boluspor,1464,1455.0,2,0,Turkey,domestic league (tier 2)
2024/04/21,1. Lig,0,Sakaryaspor,1522,1527.0,2 - 1,Keçiörengücü,1429,1424.0,2,1,Turkey,domestic league (tier 2)
2024/05/05,1. Lig,0,Sakaryaspor,1533,1509.0,0 - 2,Tuzlaspor,1407,1431.0,0,2,Turkey,domestic league (tier 2)
2024/05/30,1. Lig,0,Sakaryaspor,1527,1505.0,1 - 3,Bodrum FK,1363,1385.0,1,3,Turkey,domestic league (tier 2)
2024/08/09,1. Lig,0,Sakaryaspor,1505,1500.0,1 - 1,Keçiörengücü,1424,1429.0,1,1,Turkey,domestic league (tier 2)
2024/08/28,1. Lig,0,Sakaryaspor,1501,1494.0,0 - 0,Amed SK,1275,1282.0,0,0,Turkey,domestic league (tier 2)
2024/09/14,1. Lig,0,Sakaryaspor,1496,1505.0,2 - 0,Sanliurfaspor,1453,1444.0,2,0,Turkey,domestic league (tier 2)
2024/09/29,1. Lig,0,Sakaryaspor,1501,1482.0,1 - 3,Ümraniyespor,1494,1513.0,1,3,Turkey,domestic league (tier 2)
2024/10/20,1. Lig,0,Sakaryaspor,1476,1488.0,3 - 1,Istanbulspor AS,1502,1490.0,3,1,Turkey,domestic league (tier 2)
2024/11/10,1. Lig,0,Sakaryaspor,1494,1481.0,0 - 1,Kocaelispor,1505,1518.0,0,1,Turkey,domestic league (tier 2)
2024/12/02,1. Lig,0,Sakaryaspor,1480,1487.0,2 - 1,Boluspor,1482,1475.0,2,1,Turkey,domestic league (tier 2)
2024/12/14,1. Lig,0,Sakaryaspor,1476,1480.0,2 - 1,Igdir FK,1344,1340.0,2,1,Turkey,domestic league (tier 2)
2025/01/06,1. Lig,0,Sakaryaspor,1472,1469.0,0 - 0,Gençlerbirligi,1462,1465.0,0,0,Turkey,domestic league (tier 2)
2025/01/27,1. Lig,0,Sakaryaspor,1480,1466.0,1 - 2,Manisa FK,1419,1433.0,1,2,Turkey,domestic league (tier 2)
2025/02/08,1. Lig,0,Sakaryaspor,1466,1474.0,2 - 1,Çorum FK,1512,1504.0,2,1,Turkey,domestic league (tier 2)
2025/02/17,1. Lig,0,Sakaryaspor,1486,1485.0,2 - 2,MKE Ankaragücü,1561,1562.0,2,2,Turkey,domestic league (tier 2)
2025/03/02,1. Lig,0,Sakaryaspor,1488,1475.0,1 - 3,Fatih Karagümrük,1638,1651.0,1,3,Turkey,domestic league (tier 2)
2025/03/09,1. Lig,0,Sakaryaspor,1465,1463.0,2 - 2,Bandirmaspor,1509,1511.0,2,2,Turkey,domestic league (tier 2)
2025/03/15,1. Lig,0,Sakaryaspor,1463,1466.0,5 - 0,Yeni Malatyaspor,1155,1152.0,5,0,Turkey,domestic league (tier 2)
2025/04/05,1. Lig,0,Sakaryaspor,1458,1463.0,2 - 1,Adanaspor,1360,1355.0,2,1,Turkey,domestic league (tier 2)
2025/04/13,1. Lig,0,Sakaryaspor,1452,1460.0,1 - 0,Pendikspor,1478,1470.0,1,0,Turkey,domestic league (tier 2)
2025/04/27,1. Lig,0,Sakaryaspor,1445,1453.0,1 - 0,Erzurumspor FK,1492,1484.0,1,0,Turkey,domestic league (tier 2)
2025/05/10,1. Lig,0,Sakaryaspor,1448,1458.0,2 - 0,Erokspor,1429,1419.0,2,0,Turkey,domestic league (tier 2)
2025/08/17,1. Lig,0,Sakaryaspor,1463,1471.0,3 - 2,Igdir FK,1484,1476.0,3,2,Turkey,domestic league (tier 2)
2025/08/30,1. Lig,0,Sakaryaspor,1464,1443.0,1 - 4,Boluspor,1501,1522.0,1,4,Turkey,domestic league (tier 2)
2025/09/21,1. Lig,0,Sakaryaspor,1448,1456.0,2 - 1,Amed SFK,1472,1464.0,2,1,Turkey,domestic league (tier 2)
2025/09/29,1. Lig,0,Sakaryaspor,1445,1446.0,0 - 0,Sivasspor,1595,1594.0,0,0,Turkey,domestic league (tier 2)
2025/10/25,1. Lig,0,Sakaryaspor,1480,1486.0,1 - 0,Keçiörengücü,1446,1440.0,1,0,Turkey,domestic league (tier 2)
2025/11/08,1. Lig,0,Sakaryaspor,1475,1459.0,2 - 3,Serik Belediyespor,1316,1332.0,2,3,Turkey,domestic league (tier 2)
2025/11/29,1. Lig,0,Sakaryaspor,1463,1459.0,1 - 1,Ümraniyespor,1401,1405.0,1,1,Turkey,domestic league (tier 2)
2025/12/02,Turkey Cup,0,Sakaryaspor,1459,1439.0,0 - 5,Gençlerbirligi,1566,1586.0,0,5,Turkey,domestic cup
2025/12/15,1. Lig,0,Sakaryaspor,1429,1441.0,3 - 0,Hatayspor,1409,1397.0,3,0,Turkey,domestic league (tier 2)
2025/12/26,1. Lig,0,Sakaryaspor,1433,1413.0,0 - 2,Manisa FK,1415,1435.0,0,2,Turkey,domestic league (tier 2)
2026/01/10,1. Lig,0,Sakaryaspor,1413,1412.0,1 - 1,Bandirmaspor,1495,1496.0,1,1,Turkey,domestic league (tier 2)
2026/01/26,1. Lig,0,Sakaryaspor,1407,1394.0,0 - 2,Bodrum FK,1542,1555.0,0,2,Turkey,domestic league (tier 2)
2026/02/09,1. Lig,0,Sakaryaspor,1387,1381.0,0 - 1,Erzurumspor FK,1616,1622.0,0,1,Turkey,domestic league (tier 2)
2026/02/19,1. Lig,0,Sakaryaspor,1388,1373.0,0 - 2,Pendikspor,1498,1513.0,0,2,Turkey,domestic league (tier 2)
2026/03/01,1. Lig,0,Sakaryaspor,1366,1365.0,0 - 0,Sariyer SK,1441,1442.0,0,0,Turkey,domestic league (tier 2)
2026/03/06,1. Lig,0,Sakaryaspor,1365,1372.0,4 - 0,Adana Demirspor,1204,1197.0,4,0,Turkey,domestic league (tier 2)
2026/03/15,1. Lig,0,Sakaryaspor,1378,1386.0,2 - 1,Vanspor FK,1410,1402.0,2,1,Turkey,domestic league (tier 2)
2026/04/04,1. Lig,0,Sakaryaspor,1372,1372.0,2 - 2,Istanbulspor AS,1466,1466.0,2,2,Turkey,domestic league (tier 2)
2026/04/13,1. Lig,0,Sakaryaspor,1364,1358.0,1 - 2,Erokspor,1595,1601.0,1,2,Turkey,domestic league (tier 2)
2026/04/26,1. Lig,0,Sakaryaspor,1358,1345.0,0 - 4,Çorum FK,1560,1573.0,0,4,Turkey,domestic league (tier 2)
2016/08/21,1. Lig,0,Samsunspor,1527,1524.0,0 - 0,Adana Demirspor,1529,1532.0,0,0,Turkey,domestic league (tier 2)
2016/09/10,1. Lig,0,Samsunspor,1514,1514.0,0 - 0,Sivasspor,1630,1630.0,0,0,Turkey,domestic league (tier 2)
2016/10/02,1. Lig,0,Samsunspor,1492,1498.0,1 - 0,Denizlispor,1443,1437.0,1,0,Turkey,domestic league (tier 2)
2016/10/23,1. Lig,0,Samsunspor,1486,1483.0,0 - 0,Altinordu FK,1497,1500.0,0,0,Turkey,domestic league (tier 2)
2016/11/05,1. Lig,0,Samsunspor,1472,1478.0,2 - 1,Sanliurfaspor,1437,1431.0,2,1,Turkey,domestic league (tier 2)
2016/11/27,1. Lig,0,Samsunspor,1478,1476.0,0 - 0,Elazigspor,1504,1506.0,0,0,Turkey,domestic league (tier 2)
2016/12/11,1. Lig,0,Samsunspor,1467,1459.0,1 - 2,Eskisehirspor,1627,1635.0,1,2,Turkey,domestic league (tier 2)
2016/12/24,1. Lig,0,Samsunspor,1448,1437.0,1 - 2,Göztepe,1508,1519.0,1,2,Turkey,domestic league (tier 2)
2017/01/29,1. Lig,0,Samsunspor,1418,1434.0,3 - 0,Yeni Malatyaspor,1489,1473.0,3,0,Turkey,domestic league (tier 2)
2017/02/17,1. Lig,0,Samsunspor,1431,1428.0,1 - 1,Mersin Idmanyurdu,1410,1413.0,1,1,Turkey,domestic league (tier 2)
2017/02/26,1. Lig,0,Samsunspor,1428,1442.0,3 - 0,Boluspor,1455,1441.0,3,0,Turkey,domestic league (tier 2)
2017/03/11,1. Lig,0,Samsunspor,1456,1452.0,0 - 0,Gaziantep FK (as Gazisehir Gaziantep FK),1413,1417.0,0,0,Turkey,domestic league (tier 2)
2017/04/03,1. Lig,0,Samsunspor,1472,1481.0,1 - 0,Balikesirspor,1543,1534.0,1,0,Turkey,domestic league (tier 2)
2017/04/19,1. Lig,0,Samsunspor,1493,1479.0,1 - 2,Manisaspor,1445,1459.0,1,2,Turkey,domestic league (tier 2)
2017/04/28,1. Lig,0,Samsunspor,1473,1471.0,2 - 2,Ümraniyespor,1515,1517.0,2,2,Turkey,domestic league (tier 2)
2017/05/07,1. Lig,0,Samsunspor,1463,1472.0,1 - 0,Giresunspor,1528,1519.0,1,0,Turkey,domestic league (tier 2)
2017/05/20,1. Lig,0,Samsunspor,1459,1455.0,0 - 0,Bandirmaspor,1414,1418.0,0,0,Turkey,domestic league (tier 2)
2017/08/13,1. Lig,0,Samsunspor,1455,1452.0,0 - 0,Gaziantep FK (as Gazisehir Gaziantep FK),1443,1446.0,0,0,Turkey,domestic league (tier 2)
2017/08/25,1. Lig,0,Samsunspor,1465,1452.0,0 - 1,Adana Demirspor,1453,1466.0,0,1,Turkey,domestic league (tier 2)
2017/09/16,1. Lig,0,Samsunspor,1454,1436.0,1 - 4,Altinordu FK,1542,1560.0,1,4,Turkey,domestic league (tier 2)
2017/10/01,1. Lig,0,Samsunspor,1426,1435.0,2 - 1,Balikesirspor,1506,1497.0,2,1,Turkey,domestic league (tier 2)
2017/10/27,1. Lig,0,Samsunspor,1447,1460.0,3 - 0,Gaziantepspor,1457,1444.0,3,0,Turkey,domestic league (tier 2)
2017/11/19,1. Lig,0,Samsunspor,1452,1451.0,0 - 0,Adanaspor,1516,1517.0,0,0,Turkey,domestic league (tier 2)
2017/12/02,1. Lig,0,Samsunspor,1452,1432.0,0 - 4,Eskisehirspor,1527,1547.0,0,4,Turkey,domestic league (tier 2)
2017/12/17,1. Lig,0,Samsunspor,1434,1445.0,2 - 1,Giresunspor,1567,1556.0,2,1,Turkey,domestic league (tier 2)
2018/01/27,1. Lig,0,Samsunspor,1425,1436.0,2 - 0,Manisaspor,1434,1423.0,2,0,Turkey,domestic league (tier 2)
2018/02/11,1. Lig,0,Samsunspor,1439,1446.0,1 - 0,BB Erzurumspor,1424,1417.0,1,0,Turkey,domestic league (tier 2)
2018/02/20,1. Lig,0,Samsunspor,1451,1449.0,1 - 1,MKE Ankaragücü,1485,1487.0,1,1,Turkey,domestic league (tier 2)
2018/03/03,1. Lig,0,Samsunspor,1440,1443.0,0 - 0,Çaykur Rizespor,1629,1626.0,0,0,Turkey,domestic league (tier 2)
2018/03/06,1. Lig,0,Samsunspor,1443,1458.0,2 - 0,Elazigspor,1546,1531.0,2,0,Turkey,domestic league (tier 2)
2018/03/18,1. Lig,0,Samsunspor,1446,1447.0,0 - 0,Boluspor,1586,1585.0,0,0,Turkey,domestic league (tier 2)
2018/04/08,1. Lig,0,Samsunspor,1440,1437.0,0 - 0,Istanbulspor AS,1423,1426.0,0,0,Turkey,domestic league (tier 2)
2018/04/22,1. Lig,0,Samsunspor,1424,1422.0,2 - 2,Denizlispor,1455,1457.0,2,2,Turkey,domestic league (tier 2)
2018/05/05,1. Lig,0,Samsunspor,1417,1417.0,3 - 3,Ümraniyespor,1533,1533.0,3,3,Turkey,domestic league (tier 2)
2020/09/21,1. Lig,0,Samsunspor,1424,1440.0,3 - 0,Ümraniyespor,1500,1484.0,3,0,Turkey,domestic league (tier 2)
2020/10/04,1. Lig,0,Samsunspor,1442,1453.0,1 - 0,Akhisar Belediyespor,1579,1568.0,1,0,Turkey,domestic league (tier 2)
2020/10/17,1. Lig,0,Samsunspor,1453,1433.0,0 - 3,Istanbulspor AS,1512,1532.0,0,3,Turkey,domestic league (tier 2)
2020/10/24,1. Lig,0,Samsunspor,1443,1459.0,4 - 2,Keçiörengücü,1575,1559.0,4,2,Turkey,domestic league (tier 2)
2020/11/08,1. Lig,0,Samsunspor,1466,1465.0,1 - 1,Altinordu FK,1521,1522.0,1,1,Turkey,domestic league (tier 2)
2020/11/29,1. Lig,0,Samsunspor,1468,1477.0,2 - 0,Tuzlaspor,1430,1421.0,2,0,Turkey,domestic league (tier 2)
2020/12/08,1. Lig,0,Samsunspor,1477,1473.0,1 - 1,Menemen Belediyespor,1425,1429.0,1,1,Turkey,domestic league (tier 2)
2020/12/21,1. Lig,0,Samsunspor,1482,1489.0,1 - 0,Boluspor,1468,1461.0,1,0,Turkey,domestic league (tier 2)
2021/01/03,1. Lig,0,Samsunspor,1500,1504.0,2 - 1,Adanaspor,1339,1335.0,2,1,Turkey,domestic league (tier 2)
2021/01/24,1. Lig,0,Samsunspor,1504,1513.0,1 - 0,Altay Izmir,1576,1567.0,1,0,Turkey,domestic league (tier 2)
2021/02/05,1. Lig,0,Samsunspor,1514,1523.0,3 - 1,Bandirmaspor,1460,1451.0,3,1,Turkey,domestic league (tier 2)
2021/02/24,1. Lig,0,Samsunspor,1557,1561.0,6 - 1,Eskisehirspor,1270,1266.0,6,1,Turkey,domestic league (tier 2)
2021/03/06,1. Lig,0,Samsunspor,1564,1548.0,0 - 2,Adana Demirspor,1631,1647.0,0,2,Turkey,domestic league (tier 2)
2021/03/20,1. Lig,0,Samsunspor,1551,1532.0,0 - 2,Giresunspor,1558,1577.0,0,2,Turkey,domestic league (tier 2)
2021/04/10,1. Lig,0,Samsunspor,1547,1551.0,1 - 0,Balikesirspor,1426,1422.0,1,0,Turkey,domestic league (tier 2)
2021/04/19,1. Lig,0,Samsunspor,1550,1561.0,4 - 1,Bursaspor,1518,1507.0,4,1,Turkey,domestic league (tier 2)
2021/05/01,1. Lig,0,Samsunspor,1576,1581.0,3 - 1,Ankaraspor,1391,1386.0,3,1,Turkey,domestic league (tier 2)
2021/05/22,1. Lig,0,Samsunspor,1583,1580.0,2 - 2,Altinordu FK,1563,1566.0,2,2,Turkey,domestic league (tier 2)
2021/08/20,1. Lig,0,Samsunspor,1580,1585.0,3 - 1,Balikesirspor,1404,1399.0,3,1,Turkey,domestic league (tier 2)
2021/09/12,1. Lig,0,Samsunspor,1571,1582.0,2 - 0,Keçiörengücü,1574,1563.0,2,0,Turkey,domestic league (tier 2)
2021/09/19,1. Lig,0,Samsunspor,1563,1559.0,2 - 2,Gençlerbirligi,1501,1505.0,2,2,Turkey,domestic league (tier 2)
2021/10/03,1. Lig,0,Samsunspor,1570,1568.0,1 - 1,Ümraniyespor,1591,1593.0,1,1,Turkey,domestic league (tier 2)
2021/10/23,1. Lig,0,Samsunspor,1556,1554.0,0 - 0,BB Erzurumspor,1597,1599.0,0,0,Turkey,domestic league (tier 2)
2021/11/06,1. Lig,0,Samsunspor,1540,1542.0,1 - 0,Manisa FK,1294,1292.0,1,0,Turkey,domestic league (tier 2)
2021/11/27,1. Lig,0,Samsunspor,1544,1548.0,1 - 0,Adanaspor,1389,1385.0,1,0,Turkey,domestic league (tier 2)
2021/12/01,Turkey Cup,0,Samsunspor,1548,1552.0,4 - 0,Usakspor,1281,1277.0,4,0,Turkey,domestic cup
2021/12/12,1. Lig,0,Samsunspor,1568,1580.0,2 - 0,MKE Ankaragücü,1602,1590.0,2,0,Turkey,domestic league (tier 2)
2021/12/15,1. Lig,0,Samsunspor,1580,1575.0,1 - 1,Boluspor,1480,1485.0,1,1,Turkey,domestic league (tier 2)
2021/12/26,1. Lig,0,Samsunspor,1567,1561.0,2 - 2,Tuzlaspor,1432,1438.0,2,2,Turkey,domestic league (tier 2)
2022/01/21,1. Lig,0,Samsunspor,1564,1569.0,3 - 0,Kocaelispor,1369,1364.0,3,0,Turkey,domestic league (tier 2)
2022/02/11,1. Lig,0,Samsunspor,1571,1565.0,1 - 1,Bursaspor,1455,1461.0,1,1,Turkey,domestic league (tier 2)
2022/02/20,1. Lig,0,Samsunspor,1565,1574.0,5 - 0,Denizlispor,1446,1437.0,5,0,Turkey,domestic league (tier 2)
2022/03/05,1. Lig,0,Samsunspor,1563,1539.0,2 - 4,Menemen Belediyespor,1414,1438.0,2,4,Turkey,domestic league (tier 2)
2022/04/02,1. Lig,0,Samsunspor,1552,1539.0,0 - 1,Bandirmaspor,1533,1546.0,0,1,Turkey,domestic league (tier 2)
2022/04/17,1. Lig,0,Samsunspor,1522,1519.0,2 - 2,Eyüpspor,1529,1532.0,2,2,Turkey,domestic league (tier 2)
2022/04/25,1. Lig,0,Samsunspor,1509,1515.0,2 - 1,Altinordu FK,1475,1469.0,2,1,Turkey,domestic league (tier 2)
2022/05/14,1. Lig,0,Samsunspor,1511,1510.0,0 - 0,Istanbulspor AS,1579,1580.0,0,0,Turkey,domestic league (tier 2)
2022/08/20,1. Lig,0,Samsunspor,1548,1544.0,1 - 1,Eyüpspor,1508,1512.0,1,1,Turkey,domestic league (tier 2)
2022/09/05,1. Lig,0,Samsunspor,1547,1531.0,0 - 1,Manisa FK,1403,1419.0,0,1,Turkey,domestic league (tier 2)
2022/09/18,1. Lig,0,Samsunspor,1536,1539.0,3 - 2,Sakaryaspor,1358,1355.0,3,2,Turkey,domestic league (tier 2)
2022/10/08,1. Lig,0,Samsunspor,1542,1550.0,2 - 0,Gençlerbirligi,1465,1457.0,2,0,Turkey,domestic league (tier 2)
2022/10/23,1. Lig,0,Samsunspor,1540,1536.0,2 - 2,Boluspor,1505,1509.0,2,2,Turkey,domestic league (tier 2)
2022/11/06,1. Lig,0,Samsunspor,1550,1556.0,1 - 0,Göztepe,1494,1488.0,1,0,Turkey,domestic league (tier 2)
2022/11/09,Turkey Cup,0,Samsunspor,1556,1563.0,4 - 0,Adanaspor,1413,1406.0,4,0,Turkey,domestic cup
2022/12/03,1. Lig,0,Samsunspor,1574,1580.0,5 - 0,Denizlispor,1386,1380.0,5,0,Turkey,domestic league (tier 2)
2022/12/09,1. Lig,0,Samsunspor,1580,1573.0,1 - 1,Yeni Malatyaspor,1406,1413.0,1,1,Turkey,domestic league (tier 2)
2022/12/25,1. Lig,0,Samsunspor,1569,1572.0,2 - 1,Adanaspor,1391,1388.0,2,1,Turkey,domestic league (tier 2)
2023/01/14,1. Lig,0,Samsunspor,1572,1578.0,2 - 1,Altay Izmir,1512,1506.0,2,1,Turkey,domestic league (tier 2)
2023/01/30,1. Lig,0,Samsunspor,1600,1604.0,2 - 1,BB Erzurumspor,1466,1462.0,2,1,Turkey,domestic league (tier 2)
2023/03/04,1. Lig,0,Samsunspor,1602,1613.0,2 - 0,Çaykur Rizespor,1617,1606.0,2,0,Turkey,domestic league (tier 2)
2023/03/13,1. Lig,0,Samsunspor,1621,1629.0,5 - 0,Bandirmaspor,1485,1477.0,5,0,Turkey,domestic league (tier 2)
2023/03/24,1. Lig,0,Samsunspor,1635,1638.0,2 - 0,Altinordu FK,1346,1343.0,2,0,Turkey,domestic league (tier 2)
2023/04/01,1. Lig,0,Samsunspor,1654,1660.0,4 - 2,Pendikspor,1495,1489.0,4,2,Turkey,domestic league (tier 2)
2023/04/11,1. Lig,0,Samsunspor,1649,1652.0,1 - 0,Tuzlaspor,1416,1413.0,1,0,Turkey,domestic league (tier 2)
2023/04/23,1. Lig,0,Samsunspor,1652,1659.0,4 - 1,Keçiörengücü,1515,1508.0,4,1,Turkey,domestic league (tier 2)
2023/05/16,1. Lig,0,Samsunspor,1663,1646.0,0 - 1,Bodrumspor,1492,1509.0,0,1,Turkey,domestic league (tier 2)
2023/08/21,Süperlig,0,Samsunspor,1650,1644.0,0 - 2,Fenerbahçe,1977,1983.0,0,2,Turkey,domestic league (tier 1)
2023/09/29,Süperlig,0,Samsunspor,1627,1615.0,1 - 2,Gaziantep FK,1652,1664.0,1,2,Turkey,domestic league (tier 1)
2023/10/22,Süperlig,0,Samsunspor,1609,1611.0,0 - 0,Istanbul Basaksehir,1774,1772.0,0,0,Turkey,domestic league (tier 1)
2023/11/04,Süperlig,0,Samsunspor,1602,1612.0,2 - 1,Hatayspor,1694,1684.0,2,1,Turkey,domestic league (tier 1)
2023/11/08,Süperlig,0,Samsunspor,1612,1618.0,2 - 1,Istanbulspor AS,1562,1556.0,2,1,Turkey,domestic league (tier 1)
2023/11/26,Süperlig,0,Samsunspor,1609,1604.0,1 - 2,Besiktas,1886,1891.0,1,2,Turkey,domestic league (tier 1)
2023/12/09,Süperlig,0,Samsunspor,1621,1635.0,4 - 2,Kasimpasa SK,1697,1683.0,4,2,Turkey,domestic league (tier 1)
2023/12/21,Süperlig,0,Samsunspor,1635,1634.0,1 - 1,Konyaspor,1694,1695.0,1,1,Turkey,domestic league (tier 1)
2024/01/06,Süperlig,0,Samsunspor,1624,1634.0,1 - 0,Fatih Karagümrük,1711,1701.0,1,0,Turkey,domestic league (tier 1)
2024/01/14,Süperlig,0,Samsunspor,1631,1645.0,2 - 0,Sivasspor,1709,1695.0,2,0,Turkey,domestic league (tier 1)
2024/01/25,Süperlig,0,Samsunspor,1674,1684.0,2 - 0,Kayserispor,1652,1642.0,2,0,Turkey,domestic league (tier 1)
2024/02/02,Süperlig,0,Samsunspor,1683,1677.0,0 - 2,Galatasaray,2018,2024.0,0,2,Turkey,domestic league (tier 1)
2024/02/12,Süperlig,0,Samsunspor,1670,1683.0,2 - 0,Antalyaspor,1719,1706.0,2,0,Turkey,domestic league (tier 1)
2024/02/23,Süperlig,0,Samsunspor,1686,1697.0,3 - 0,Çaykur Rizespor,1650,1639.0,3,0,Turkey,domestic league (tier 1)
2024/03/10,Süperlig,0,Samsunspor,1692,1699.0,2 - 1,MKE Ankaragücü,1700,1693.0,2,1,Turkey,domestic league (tier 1)
2024/04/04,Süperlig,0,Samsunspor,1685,1679.0,0 - 0,Pendikspor,1569,1575.0,0,0,Turkey,domestic league (tier 1)
2024/04/20,Süperlig,0,Samsunspor,1685,1684.0,1 - 1,Adana Demirspor,1750,1751.0,1,1,Turkey,domestic league (tier 1)
2024/05/04,Süperlig,0,Samsunspor,1677,1694.0,3 - 1,Trabzonspor,1821,1804.0,3,1,Turkey,domestic league (tier 1)
2024/05/18,Süperlig,0,Samsunspor,1682,1681.0,1 - 1,Alanyaspor,1734,1735.0,1,1,Turkey,domestic league (tier 1)
2024/08/11,Süperlig,0,Samsunspor,1670,1658.0,0 - 2,Besiktas,1841,1853.0,0,2,Turkey,domestic league (tier 1)
2024/09/14,Süperlig,0,Samsunspor,1693,1680.0,0 - 1,Konyaspor,1693,1706.0,0,1,Turkey,domestic league (tier 1)
2024/09/18,Süperlig,0,Samsunspor,1680,1698.0,2 - 0,Istanbul Basaksehir,1839,1821.0,2,0,Turkey,domestic league (tier 1)
2024/09/28,Süperlig,0,Samsunspor,1710,1716.0,4 - 3,Göztepe,1676,1670.0,4,3,Turkey,domestic league (tier 1)
2024/10/20,Süperlig,0,Samsunspor,1731,1736.0,2 - 2,Fenerbahçe,2039,2034.0,2,2,Turkey,domestic league (tier 1)
2024/11/04,Süperlig,0,Samsunspor,1757,1765.0,2 - 0,Antalyaspor,1672,1664.0,2,0,Turkey,domestic league (tier 1)
2024/11/24,Süperlig,0,Samsunspor,1763,1758.0,1 - 1,Alanyaspor,1694,1699.0,1,1,Turkey,domestic league (tier 1)
2024/11/30,Süperlig,0,Samsunspor,1758,1761.0,4 - 0,Bodrum FK,1433,1430.0,4,0,Turkey,domestic league (tier 1)
2025/01/04,Süperlig,0,Samsunspor,1746,1754.0,2 - 1,Trabzonspor,1774,1766.0,2,1,Turkey,domestic league (tier 1)
2025/01/24,Süperlig,0,Samsunspor,1767,1773.0,2 - 1,Gaziantep FK,1703,1697.0,2,1,Turkey,domestic league (tier 1)
2025/02/07,Süperlig,0,Samsunspor,1760,1765.0,2 - 0,Hatayspor,1571,1566.0,2,0,Turkey,domestic league (tier 1)
2025/02/22,Süperlig,0,Samsunspor,1776,1760.0,2 - 3,Çaykur Rizespor,1660,1676.0,2,3,Turkey,domestic league (tier 1)
2025/03/09,Süperlig,0,Samsunspor,1762,1765.0,3 - 2,Adana Demirspor,1555,1552.0,3,2,Turkey,domestic league (tier 1)
2025/03/29,Süperlig,0,Samsunspor,1773,1750.0,0 - 2,Kasimpasa SK,1674,1697.0,0,2,Turkey,domestic league (tier 1)
2025/04/11,Süperlig,0,Samsunspor,1740,1731.0,0 - 2,Galatasaray,1992,2001.0,0,2,Turkey,domestic league (tier 1)
2025/05/04,Süperlig,0,Samsunspor,1730,1740.0,3 - 0,Eyüpspor,1681,1671.0,3,0,Turkey,domestic league (tier 1)
2025/05/18,Süperlig,0,Samsunspor,1740,1745.0,1 - 0,Sivasspor,1655,1650.0,1,0,Turkey,domestic league (tier 1)
2025/06/01,Süperlig,0,Samsunspor,1749,1755.0,2 - 1,Kayserispor,1690,1684.0,2,1,Turkey,domestic league (tier 1)
2025/08/09,Süperlig,0,Samsunspor,1755,1758.0,2 - 1,Gençlerbirligi,1563,1560.0,2,1,Turkey,domestic league (tier 1)
2025/09/13,Süperlig,0,Samsunspor,1766,1750.0,1 - 2,Antalyaspor,1635,1651.0,1,2,Turkey,domestic league (tier 1)
2025/09/17,Süperlig,0,Samsunspor,1750,1745.0,0 - 0,Kasimpasa SK,1678,1683.0,0,0,Turkey,domestic league (tier 1)
2025/09/21,Süperlig,0,Samsunspor,1745,1749.0,3 - 2,Fatih Karagümrük,1593,1589.0,3,2,Turkey,domestic league (tier 1)
2025/10/05,Süperlig,0,Samsunspor,1764,1767.0,0 - 0,Fenerbahçe,1989,1986.0,0,0,Turkey,domestic league (tier 1)
2025/10/27,Süperlig,0,Samsunspor,1797,1791.0,1 - 1,Çaykur Rizespor,1677,1683.0,1,1,Turkey,domestic league (tier 1)
2025/11/09,Süperlig,0,Samsunspor,1809,1812.0,1 - 0,Eyüpspor,1621,1618.0,1,0,Turkey,domestic league (tier 1)
2025/12/01,Süperlig,0,Samsunspor,1809,1804.0,1 - 1,Alanyaspor,1709,1714.0,1,1,Turkey,domestic league (tier 1)
2025/12/14,Süperlig,0,Samsunspor,1793,1773.0,0 - 2,Istanbul Basaksehir,1769,1789.0,0,2,Turkey,domestic league (tier 1)
2025/12/24,Turkey Cup,0,Samsunspor,1757,1761.0,2 - 1,Eyüpspor,1611,1607.0,2,1,Turkey,domestic cup
2026/01/24,Süperlig,0,Samsunspor,1754,1748.0,0 - 0,Kocaelispor,1602,1608.0,0,0,Turkey,domestic league (tier 1)
2026/02/03,Turkey Cup,0,Samsunspor,1758,1763.0,2 - 0,Bodrum FK,1559,1554.0,2,0,Turkey,domestic cup
2026/02/07,Süperlig,0,Samsunspor,1763,1744.0,0 - 3,Trabzonspor,1839,1858.0,0,3,Turkey,domestic league (tier 1)
2026/03/01,Süperlig,0,Samsunspor,1740,1736.0,0 - 0,Gaziantep FK,1677,1681.0,0,0,Turkey,domestic league (tier 1)
2026/03/15,Süperlig,0,Samsunspor,1737,1741.0,2 - 1,Kayserispor,1605,1601.0,2,1,Turkey,domestic league (tier 1)
2026/04/05,Süperlig,0,Samsunspor,1758,1754.0,2 - 2,Konyaspor,1706,1710.0,2,2,Turkey,domestic league (tier 1)
2026/04/19,Süperlig,0,Samsunspor,1747,1758.0,2 - 1,Besiktas,1875,1864.0,2,1,Turkey,domestic league (tier 1)
2026/04/23,Turkey Cup,0,Samsunspor,1758,1759.0,0 - 0,Trabzonspor,1900,1899.0,0,0,Turkey,domestic cup
2026/05/02,Süperlig,0,Samsunspor,1771,1796.0,4 - 1,Galatasaray,2037,2012.0,4,1,Turkey,domestic league (tier 1)
2026/05/16,Süperlig,0,Samsunspor,1784,1797.0,3 - 0,Göztepe,1790,1777.0,3,0,Turkey,domestic league (tier 1)
2026/08/17,Süperlig,0,Samsunspor,1797,1794.0,3 - 3,Göztepe,1777,1780.0,3,3,Turkey,domestic league (tier 1)
2026/08/30,Süperlig,0,Samsunspor,1810,1799.0,0 - 2,Fenerbahçe,2003,2014.0,0,2,Turkey,domestic league (tier 1)
2016/08/21,1. Lig,0,Sanliurfaspor,1450,1455.0,1 - 0,Ümraniyespor,1364,1359.0,1,0,Turkey,domestic league (tier 2)
2016/09/10,1. Lig,0,Sanliurfaspor,1461,1460.0,1 - 1,Giresunspor,1521,1522.0,1,1,Turkey,domestic league (tier 2)
2016/09/25,1. Lig,0,Sanliurfaspor,1447,1452.0,1 - 0,Bandirmaspor,1355,1350.0,1,0,Turkey,domestic league (tier 2)
2016/10/16,1. Lig,0,Sanliurfaspor,1457,1444.0,1 - 2,Yeni Malatyaspor,1455,1468.0,1,2,Turkey,domestic league (tier 2)
2016/10/30,1. Lig,0,Sanliurfaspor,1439,1437.0,1 - 1,Mersin Idmanyurdu,1454,1456.0,1,1,Turkey,domestic league (tier 2)
2016/11/20,1. Lig,0,Sanliurfaspor,1431,1418.0,0 - 1,Denizlispor,1433,1446.0,0,1,Turkey,domestic league (tier 2)
2016/12/05,1. Lig,0,Sanliurfaspor,1410,1428.0,3 - 0,Altinordu FK,1528,1510.0,3,0,Turkey,domestic league (tier 2)
2016/12/17,1. Lig,0,Sanliurfaspor,1463,1478.0,4 - 0,Boluspor,1495,1480.0,4,0,Turkey,domestic league (tier 2)
2016/12/25,1. Lig,0,Sanliurfaspor,1497,1505.0,2 - 0,Manisaspor,1414,1406.0,2,0,Turkey,domestic league (tier 2)
2017/01/30,1. Lig,0,Sanliurfaspor,1501,1502.0,1 - 1,Eskisehirspor,1628,1627.0,1,1,Turkey,domestic league (tier 2)
2017/02/18,1. Lig,0,Sanliurfaspor,1484,1481.0,2 - 2,Göztepe,1485,1488.0,2,2,Turkey,domestic league (tier 2)
2017/03/04,1. Lig,0,Sanliurfaspor,1461,1450.0,1 - 2,Adana Demirspor,1512,1523.0,1,2,Turkey,domestic league (tier 2)
2017/03/19,1. Lig,0,Sanliurfaspor,1444,1456.0,2 - 1,Sivasspor,1622,1610.0,2,1,Turkey,domestic league (tier 2)
2017/04/08,1. Lig,0,Sanliurfaspor,1448,1436.0,1 - 2,Samsunspor,1481,1493.0,1,2,Turkey,domestic league (tier 2)
2017/04/24,1. Lig,0,Sanliurfaspor,1457,1453.0,0 - 0,Gaziantep FK (as Gazisehir Gaziantep FK),1397,1401.0,0,0,Turkey,domestic league (tier 2)
2017/05/03,1. Lig,0,Sanliurfaspor,1444,1433.0,2 - 3,Balikesirspor,1501,1512.0,2,3,Turkey,domestic league (tier 2)
2017/05/20,1. Lig,0,Sanliurfaspor,1443,1453.0,2 - 1,Elazigspor,1538,1528.0,2,1,Turkey,domestic league (tier 2)
2023/08/14,1. Lig,0,Sanliurfaspor,1462,1469.0,2 - 1,Altay Izmir,1471,1464.0,2,1,Turkey,domestic league (tier 2)
2023/09/03,1. Lig,0,Sanliurfaspor,1482,1478.0,0 - 0,Erzurumspor FK,1432,1436.0,0,0,Turkey,domestic league (tier 2)
2023/09/24,1. Lig,0,Sanliurfaspor,1467,1446.0,0 - 2,Kocaelispor,1411,1432.0,0,2,Turkey,domestic league (tier 2)
2023/10/07,1. Lig,0,Sanliurfaspor,1446,1433.0,1 - 2,Gençlerbirligi,1436,1449.0,1,2,Turkey,domestic league (tier 2)
2023/10/27,1. Lig,0,Sanliurfaspor,1425,1425.0,0 - 0,Giresunspor,1524,1524.0,0,0,Turkey,domestic league (tier 2)
2023/11/11,1. Lig,0,Sanliurfaspor,1429,1418.0,0 - 1,Ümraniyespor,1493,1504.0,0,1,Turkey,domestic league (tier 2)
2023/12/02,1. Lig,0,Sanliurfaspor,1434,1419.0,0 - 2,Bodrumspor,1526,1541.0,0,2,Turkey,domestic league (tier 2)
2023/12/21,1. Lig,0,Sanliurfaspor,1411,1409.0,1 - 1,Çorum FK,1428,1430.0,1,1,Turkey,domestic league (tier 2)
2024/01/21,1. Lig,0,Sanliurfaspor,1404,1416.0,4 - 0,Adanaspor,1375,1363.0,4,0,Turkey,domestic league (tier 2)
2024/01/29,1. Lig,0,Sanliurfaspor,1416,1404.0,0 - 1,Boluspor,1431,1443.0,0,1,Turkey,domestic league (tier 2)
2024/02/10,1. Lig,0,Sanliurfaspor,1396,1384.0,0 - 1,Keçiörengücü,1412,1424.0,0,1,Turkey,domestic league (tier 2)
2024/02/26,1. Lig,0,Sanliurfaspor,1400,1396.0,0 - 0,Tuzlaspor,1364,1368.0,0,0,Turkey,domestic league (tier 2)
2024/03/10,1. Lig,0,Sanliurfaspor,1400,1393.0,0 - 1,Göztepe,1623,1630.0,0,1,Turkey,domestic league (tier 2)
2024/04/02,1. Lig,0,Sanliurfaspor,1418,1433.0,2 - 0,Sakaryaspor,1526,1511.0,2,0,Turkey,domestic league (tier 2)
2024/04/14,1. Lig,0,Sanliurfaspor,1447,1446.0,1 - 1,Bandirmaspor,1512,1513.0,1,1,Turkey,domestic league (tier 2)
2024/04/28,1. Lig,0,Sanliurfaspor,1441,1429.0,1 - 3,Eyüpspor,1603,1615.0,1,3,Turkey,domestic league (tier 2)
2024/05/11,1. Lig,0,Sanliurfaspor,1434,1445.0,2 - 0,Manisa FK,1449,1438.0,2,0,Turkey,domestic league (tier 2)
2024/08/18,1. Lig,0,Sanliurfaspor,1441,1454.0,3 - 1,Ümraniyespor,1491,1478.0,3,1,Turkey,domestic league (tier 2)
2024/08/31,1. Lig,0,Sanliurfaspor,1444,1453.0,3 - 2,Bandirmaspor,1504,1495.0,3,2,Turkey,domestic league (tier 2)
2024/09/23,1. Lig,0,Sanliurfaspor,1444,1434.0,1 - 3,Fatih Karagümrük,1662,1672.0,1,3,Turkey,domestic league (tier 2)
2024/10/05,1. Lig,0,Sanliurfaspor,1438,1446.0,3 - 0,Yeni Malatyaspor,1321,1313.0,3,0,Turkey,domestic league (tier 2)
2024/10/26,1. Lig,0,Sanliurfaspor,1464,1458.0,3 - 3,Igdir FK,1326,1332.0,3,3,Turkey,domestic league (tier 2)
2024/11/10,1. Lig,0,Sanliurfaspor,1458,1469.0,3 - 1,Gençlerbirligi,1472,1461.0,3,1,Turkey,domestic league (tier 2)
2024/12/01,1. Lig,0,Sanliurfaspor,1462,1442.0,0 - 2,Keçiörengücü,1439,1459.0,0,2,Turkey,domestic league (tier 2)
2024/12/14,1. Lig,0,Sanliurfaspor,1432,1442.0,2 - 1,Pendikspor,1525,1515.0,2,1,Turkey,domestic league (tier 2)
2025/01/04,1. Lig,0,Sanliurfaspor,1435,1434.0,0 - 0,Çorum FK,1490,1491.0,0,0,Turkey,domestic league (tier 2)
2025/01/17,1. Lig,0,Sanliurfaspor,1448,1440.0,0 - 1,MKE Ankaragücü,1605,1613.0,0,1,Turkey,domestic league (tier 2)
2025/02/02,1. Lig,0,Sanliurfaspor,1433,1442.0,1 - 0,Istanbulspor AS,1501,1492.0,1,0,Turkey,domestic league (tier 2)
2025/02/13,1. Lig,0,Sanliurfaspor,1436,1424.0,0 - 1,Sakaryaspor,1474,1486.0,0,1,Turkey,domestic league (tier 2)
2025/02/22,1. Lig,0,Sanliurfaspor,1432,1433.0,0 - 0,Kocaelispor,1555,1554.0,0,0,Turkey,domestic league (tier 2)
2025/03/05,1. Lig,0,Sanliurfaspor,1443,1428.0,1 - 2,Adanaspor,1366,1381.0,1,2,Turkey,domestic league (tier 2)
2025/03/14,1. Lig,0,Sanliurfaspor,1430,1409.0,0 - 2,Erokspor,1376,1397.0,0,2,Turkey,domestic league (tier 2)
2025/04/04,1. Lig,0,Sanliurfaspor,1404,1413.0,3 - 2,Boluspor,1475,1466.0,3,2,Turkey,domestic league (tier 2)
2025/04/12,1. Lig,0,Sanliurfaspor,1401,1388.0,0 - 1,Amed SK,1411,1424.0,0,1,Turkey,domestic league (tier 2)
2025/04/27,1. Lig,0,Sanliurfaspor,1410,1390.0,1 - 3,Manisa FK,1390,1410.0,1,3,Turkey,domestic league (tier 2)
2025/05/10,1. Lig,0,Sanliurfaspor,1385,1375.0,0 - 1,Erzurumspor FK,1495,1505.0,0,1,Turkey,domestic league (tier 2)
2025/08/16,1. Lig,0,Sariyer SK,1435,1434.0,1 - 1,Boluspor,1494,1495.0,1,1,Turkey,domestic league (tier 2)
2025/08/29,1. Lig,0,Sariyer SK,1429,1413.0,0 - 2,Erzurumspor FK,1508,1524.0,0,2,Turkey,domestic league (tier 2)
2025/09/21,1. Lig,0,Sariyer SK,1410,1394.0,0 - 2,Pendikspor,1478,1494.0,0,2,Turkey,domestic league (tier 2)
2025/10/05,1. Lig,0,Sariyer SK,1409,1397.0,1 - 2,Sakaryaspor,1446,1458.0,1,2,Turkey,domestic league (tier 2)
2025/10/25,1. Lig,0,Sariyer SK,1417,1414.0,0 - 0,Manisa FK,1416,1419.0,0,0,Turkey,domestic league (tier 2)
2025/11/07,1. Lig,0,Sariyer SK,1403,1409.0,2 - 1,Vanspor FK,1361,1355.0,2,1,Turkey,domestic league (tier 2)
2025/11/30,1. Lig,0,Sariyer SK,1393,1405.0,1 - 0,Bandirmaspor,1549,1537.0,1,0,Turkey,domestic league (tier 2)
2025/12/13,1. Lig,0,Sariyer SK,1419,1409.0,1 - 2,Istanbulspor AS,1522,1532.0,1,2,Turkey,domestic league (tier 2)
2025/12/27,1. Lig,0,Sariyer SK,1414,1426.0,1 - 0,Bodrum FK,1575,1563.0,1,0,Turkey,domestic league (tier 2)
2026/01/11,1. Lig,0,Sariyer SK,1426,1435.0,1 - 0,Igdir FK,1495,1486.0,1,0,Turkey,domestic league (tier 2)
2026/01/25,1. Lig,0,Sariyer SK,1450,1439.0,1 - 2,Çorum FK,1507,1518.0,1,2,Turkey,domestic league (tier 2)
2026/02/07,1. Lig,0,Sariyer SK,1433,1444.0,1 - 0,Sivasspor,1551,1540.0,1,0,Turkey,domestic league (tier 2)
2026/02/19,1. Lig,0,Sariyer SK,1435,1435.0,1 - 1,Amed SFK,1545,1545.0,1,1,Turkey,domestic league (tier 2)
2026/02/23,1. Lig,0,Sariyer SK,1435,1441.0,5 - 0,Adana Demirspor,1220,1214.0,5,0,Turkey,domestic league (tier 2)
2026/03/06,1. Lig,0,Sariyer SK,1442,1429.0,1 - 2,Ümraniyespor,1422,1435.0,1,2,Turkey,domestic league (tier 2)
2026/03/15,1. Lig,0,Sariyer SK,1418,1433.0,3 - 1,Keçiörengücü,1508,1493.0,3,1,Turkey,domestic league (tier 2)
2026/04/04,1. Lig,0,Sariyer SK,1435,1443.0,3 - 0,Serik Belediyespor,1314,1306.0,3,0,Turkey,domestic league (tier 2)
2026/04/11,1. Lig,0,Sariyer SK,1448,1455.0,4 - 0,Hatayspor,1282,1275.0,4,0,Turkey,domestic league (tier 2)
2026/04/26,1. Lig,0,Sariyer SK,1445,1457.0,1 - 0,Erokspor,1606,1594.0,1,0,Turkey,domestic league (tier 2)
2026/08/09,1. Lig,0,Sariyer SK,1472,1476.0,2 - 0,Muglaspor,1265,1261.0,2,0,Turkey,domestic league (tier 2)
2026/08/23,1. Lig,0,Sariyer SK,1481,1464.0,1 - 2,Batman Petrolspor,1290,1307.0,1,2,Turkey,domestic league (tier 2)
2026/09/01,1. Lig,0,Sariyer SK,1479,1491.0,2 - 0,Pendikspor,1497,1485.0,2,0,Turkey,domestic league (tier 2)
2025/08/15,1. Lig,0,Serik Belediyespor,1269,1282.0,1 - 0,Ümraniyespor,1475,1462.0,1,0,Turkey,domestic league (tier 2)
2025/08/31,1. Lig,0,Serik Belediyespor,1273,1266.0,2 - 4,Bodrum FK,1569,1576.0,2,4,Turkey,domestic league (tier 2)
2025/09/19,1. Lig,0,Serik Belediyespor,1283,1297.0,1 - 0,Bandirmaspor,1547,1533.0,1,0,Turkey,domestic league (tier 2)
2025/09/28,1. Lig,0,Serik Belediyespor,1304,1308.0,1 - 1,Erzurumspor FK,1532,1528.0,1,1,Turkey,domestic league (tier 2)
2025/10/20,1. Lig,0,Serik Belediyespor,1316,1307.0,1 - 2,Amed SFK,1464,1473.0,1,2,Turkey,domestic league (tier 2)
2025/11/01,1. Lig,0,Serik Belediyespor,1301,1316.0,4 - 0,Adana Demirspor,1331,1316.0,4,0,Turkey,domestic league (tier 2)
2025/11/24,1. Lig,0,Serik Belediyespor,1332,1348.0,3 - 0,Sariyer SK,1409,1393.0,3,0,Turkey,domestic league (tier 2)
2025/12/06,1. Lig,0,Serik Belediyespor,1361,1347.0,1 - 3,Keçiörengücü,1475,1489.0,1,3,Turkey,domestic league (tier 2)
2025/12/13,1. Lig,0,Serik Belediyespor,1347,1336.0,0 - 1,Manisa FK,1405,1416.0,0,1,Turkey,domestic league (tier 2)
2025/12/28,1. Lig,0,Serik Belediyespor,1340,1327.0,1 - 4,Boluspor,1528,1541.0,1,4,Turkey,domestic league (tier 2)
2026/01/10,1. Lig,0,Serik Belediyespor,1327,1314.0,0 - 3,Istanbulspor AS,1521,1534.0,0,3,Turkey,domestic league (tier 2)
2026/01/24,1. Lig,0,Serik Belediyespor,1304,1292.0,0 - 3,Erokspor,1513,1525.0,0,3,Turkey,domestic league (tier 2)
2026/02/08,1. Lig,0,Serik Belediyespor,1288,1277.0,1 - 3,Igdir FK,1489,1500.0,1,3,Turkey,domestic league (tier 2)
2026/02/18,1. Lig,0,Serik Belediyespor,1308,1300.0,2 - 3,Çorum FK,1495,1503.0,2,3,Turkey,domestic league (tier 2)
2026/03/01,1. Lig,0,Serik Belediyespor,1297,1291.0,0 - 1,Sivasspor,1535,1541.0,0,1,Turkey,domestic league (tier 2)
2026/03/10,1. Lig,0,Serik Belediyespor,1289,1282.0,3 - 4,Pendikspor,1505,1512.0,3,4,Turkey,domestic league (tier 2)
2026/03/21,1. Lig,0,Serik Belediyespor,1300,1314.0,2 - 0,Sakaryaspor,1386,1372.0,2,0,Turkey,domestic league (tier 2)
2026/04/08,1. Lig,0,Serik Belediyespor,1306,1285.0,1 - 6,Vanspor FK,1391,1412.0,1,6,Turkey,domestic league (tier 2)
2026/04/25,1. Lig,0,Serik Belediyespor,1289,1299.0,4 - 2,Hatayspor,1275,1265.0,4,2,Turkey,domestic league (tier 2)
2016/08/28,1. Lig,0,Sivasspor,1622,1630.0,6 - 0,Mersin Idmanyurdu,1481,1473.0,6,0,Turkey,domestic league (tier 2)
2016/09/18,1. Lig,0,Sivasspor,1630,1613.0,1 - 2,Denizlispor,1427,1444.0,1,2,Turkey,domestic league (tier 2)
2016/10/02,1. Lig,0,Sivasspor,1602,1607.0,2 - 1,Altinordu FK,1491,1486.0,2,1,Turkey,domestic league (tier 2)
2016/10/22,1. Lig,0,Sivasspor,1608,1613.0,2 - 0,Sanliurfaspor,1444,1439.0,2,0,Turkey,domestic league (tier 2)
2016/11/06,1. Lig,0,Sivasspor,1619,1613.0,0 - 0,Elazigspor,1487,1493.0,0,0,Turkey,domestic league (tier 2)
2016/11/26,1. Lig,0,Sivasspor,1588,1601.0,2 - 0,Eskisehirspor,1634,1621.0,2,0,Turkey,domestic league (tier 2)
2016/12/10,1. Lig,0,Sivasspor,1595,1604.0,3 - 0,Göztepe,1512,1503.0,3,0,Turkey,domestic league (tier 2)
2016/12/24,1. Lig,0,Sivasspor,1608,1603.0,0 - 0,Adana Demirspor,1516,1521.0,0,0,Turkey,domestic league (tier 2)
2017/01/22,1. Lig,0,Sivasspor,1617,1623.0,3 - 1,Boluspor,1463,1457.0,3,1,Turkey,domestic league (tier 2)
2017/02/12,1. Lig,0,Sivasspor,1613,1616.0,2 - 1,Samsunspor,1434,1431.0,2,1,Turkey,domestic league (tier 2)
2017/02/26,1. Lig,0,Sivasspor,1625,1628.0,1 - 0,Gaziantep FK (as Gazisehir Gaziantep FK),1429,1426.0,1,0,Turkey,domestic league (tier 2)
2017/03/13,1. Lig,0,Sivasspor,1627,1622.0,1 - 1,Balikesirspor,1558,1563.0,1,1,Turkey,domestic league (tier 2)
2017/04/02,1. Lig,0,Sivasspor,1610,1615.0,2 - 0,Manisaspor,1439,1434.0,2,0,Turkey,domestic league (tier 2)
2017/04/18,1. Lig,0,Sivasspor,1611,1606.0,0 - 0,Ümraniyespor,1515,1520.0,0,0,Turkey,domestic league (tier 2)
2017/04/28,1. Lig,0,Sivasspor,1608,1616.0,2 - 0,Giresunspor,1532,1524.0,2,0,Turkey,domestic league (tier 2)
2017/05/07,1. Lig,0,Sivasspor,1624,1629.0,3 - 0,Bandirmaspor,1407,1402.0,3,0,Turkey,domestic league (tier 2)
2017/05/20,1. Lig,0,Sivasspor,1627,1636.0,4 - 0,Yeni Malatyaspor,1515,1506.0,4,0,Turkey,domestic league (tier 2)
2017/08/19,Süperlig,0,Sivasspor,1631,1638.0,2 - 0,Yeni Malatyaspor,1524,1517.0,2,0,Turkey,domestic league (tier 1)
2017/09/09,Süperlig,0,Sivasspor,1632,1614.0,0 - 2,Kayserispor,1657,1675.0,0,2,Turkey,domestic league (tier 1)
2017/09/24,Süperlig,0,Sivasspor,1633,1618.0,2 - 3,Göztepe,1554,1569.0,2,3,Turkey,domestic league (tier 1)
2017/09/30,Süperlig,0,Sivasspor,1618,1634.0,3 - 1,Antalyaspor,1741,1725.0,3,1,Turkey,domestic league (tier 1)
2017/10/22,Süperlig,0,Sivasspor,1648,1645.0,0 - 0,Bursaspor,1639,1642.0,0,0,Turkey,domestic league (tier 1)
2017/11/05,Süperlig,0,Sivasspor,1657,1665.0,2 - 1,Konyaspor,1701,1693.0,2,1,Turkey,domestic league (tier 1)
2017/11/26,Süperlig,0,Sivasspor,1660,1649.0,1 - 2,Trabzonspor,1725,1736.0,1,2,Turkey,domestic league (tier 1)
2017/12/10,Süperlig,0,Sivasspor,1638,1653.0,1 - 0,Istanbul Basaksehir (as Istanbul Basaksehir F.K.),1930,1915.0,1,0,Turkey,domestic league (tier 1)
2017/12/23,Süperlig,0,Sivasspor,1643,1659.0,2 - 1,Besiktas,2008,1992.0,2,1,Turkey,domestic league (tier 1)
2018/01/21,Süperlig,0,Sivasspor,1659,1657.0,1 - 1,Akhisar Belediyespor,1677,1679.0,1,1,Turkey,domestic league (tier 1)
2018/02/04,Süperlig,0,Sivasspor,1648,1661.0,2 - 1,Galatasaray,1865,1852.0,2,1,Turkey,domestic league (tier 1)
2018/02/17,Süperlig,0,Sivasspor,1666,1673.0,3 - 2,Ankaraspor (as Osmanlispor FK),1650,1643.0,3,2,Turkey,domestic league (tier 1)
2018/03/10,Süperlig,0,Sivasspor,1687,1683.0,2 - 2,Kasimpasa SK,1653,1657.0,2,2,Turkey,domestic league (tier 1)
2018/03/30,Süperlig,0,Sivasspor,1675,1678.0,1 - 0,Karabükspor,1498,1495.0,1,0,Turkey,domestic league (tier 1)
2018/04/14,Süperlig,0,Sivasspor,1664,1658.0,1 - 2,Fenerbahçe,1929,1935.0,1,2,Turkey,domestic league (tier 1)
2018/04/28,Süperlig,0,Sivasspor,1681,1687.0,1 - 0,Gençlerbirligi,1648,1642.0,1,0,Turkey,domestic league (tier 1)
2018/05/13,Süperlig,0,Sivasspor,1694,1690.0,2 - 2,Alanyaspor,1651,1655.0,2,2,Turkey,domestic league (tier 1)
2018/08/11,Süperlig,0,Sivasspor,1686,1693.0,1 - 0,Alanyaspor,1662,1655.0,1,0,Turkey,domestic league (tier 1)
2018/08/26,Süperlig,0,Sivasspor,1684,1663.0,0 - 3,Kasimpasa SK,1718,1739.0,0,3,Turkey,domestic league (tier 1)
2018/09/16,Süperlig,0,Sivasspor,1667,1661.0,2 - 2,BB Erzurumspor,1525,1531.0,2,2,Turkey,domestic league (tier 1)
2018/09/30,Süperlig,0,Sivasspor,1654,1664.0,2 - 0,Bursaspor,1641,1631.0,2,0,Turkey,domestic league (tier 1)
2018/10/20,Süperlig,0,Sivasspor,1667,1670.0,0 - 0,Fenerbahçe,1859,1856.0,0,0,Turkey,domestic league (tier 1)
2018/11/05,Süperlig,0,Sivasspor,1658,1656.0,0 - 0,Konyaspor,1678,1680.0,0,0,Turkey,domestic league (tier 1)
2018/11/25,Süperlig,0,Sivasspor,1674,1670.0,1 - 1,Çaykur Rizespor,1646,1650.0,1,1,Turkey,domestic league (tier 1)
2018/12/08,Süperlig,0,Sivasspor,1688,1697.0,2 - 0,Göztepe,1648,1639.0,2,0,Turkey,domestic league (tier 1)
2018/12/15,Süperlig,0,Sivasspor,1697,1706.0,4 - 0,MKE Ankaragücü,1590,1581.0,4,0,Turkey,domestic league (tier 1)
2019/01/27,Süperlig,0,Sivasspor,1685,1685.0,1 - 1,Trabzonspor,1786,1786.0,1,1,Turkey,domestic league (tier 1)
2019/02/11,Süperlig,0,Sivasspor,1705,1711.0,2 - 1,Akhisar Belediyespor,1671,1665.0,2,1,Turkey,domestic league (tier 1)
2019/02/23,Süperlig,0,Sivasspor,1694,1680.0,1 - 2,Antalyaspor,1639,1653.0,1,2,Turkey,domestic league (tier 1)
2019/03/08,Süperlig,0,Sivasspor,1671,1682.0,2 - 0,Yeni Malatyaspor,1671,1660.0,2,0,Turkey,domestic league (tier 1)
2019/04/06,Süperlig,0,Sivasspor,1677,1658.0,1 - 3,Kayserispor,1676,1695.0,1,3,Turkey,domestic league (tier 1)
2019/04/22,Süperlig,0,Sivasspor,1661,1655.0,1 - 2,Besiktas,1913,1919.0,1,2,Turkey,domestic league (tier 1)
2019/05/03,Süperlig,0,Sivasspor,1659,1662.0,0 - 0,Istanbul Basaksehir (as Istanbul Basaksehir F.K.),1873,1870.0,0,0,Turkey,domestic league (tier 1)
2019/05/24,Süperlig,0,Sivasspor,1651,1665.0,4 - 3,Galatasaray,1905,1891.0,4,3,Turkey,domestic league (tier 1)
2019/08/17,Süperlig,0,Sivasspor,1665,1689.0,3 - 0,Besiktas,1902,1878.0,3,0,Turkey,domestic league (tier 1)
2019/09/01,Süperlig,0,Sivasspor,1682,1677.0,1 - 1,Gaziantep FK (as Gazisehir Gaziantep FK),1597,1602.0,1,1,Turkey,domestic league (tier 1)
2019/09/23,Süperlig,0,Sivasspor,1683,1694.0,2 - 1,Trabzonspor,1819,1808.0,2,1,Turkey,domestic league (tier 1)
2019/10/06,Süperlig,0,Sivasspor,1697,1705.0,3 - 1,MKE Ankaragücü,1608,1600.0,3,1,Turkey,domestic league (tier 1)
2019/10/26,Süperlig,0,Sivasspor,1701,1706.0,2 - 1,Antalyaspor,1616,1611.0,2,1,Turkey,domestic league (tier 1)
2019/11/09,Süperlig,0,Sivasspor,1723,1732.0,2 - 0,Konyaspor,1671,1662.0,2,0,Turkey,domestic league (tier 1)
2019/11/30,Süperlig,0,Sivasspor,1748,1754.0,2 - 0,Kasimpasa SK,1609,1603.0,2,0,Turkey,domestic league (tier 1)
2019/12/15,Süperlig,0,Sivasspor,1772,1784.0,3 - 1,Fenerbahçe,1808,1796.0,3,1,Turkey,domestic league (tier 1)
2019/12/29,Süperlig,0,Sivasspor,1782,1787.0,1 - 0,Göztepe,1699,1694.0,1,0,Turkey,domestic league (tier 1)
2020/01/27,Süperlig,0,Sivasspor,1799,1793.0,1 - 1,Çaykur Rizespor,1661,1667.0,1,1,Turkey,domestic league (tier 1)
2020/02/09,Süperlig,0,Sivasspor,1768,1768.0,1 - 1,Istanbul Basaksehir (as Istanbul Basaksehir F.K.),1878,1878.0,1,1,Turkey,domestic league (tier 1)
2020/02/21,Süperlig,0,Sivasspor,1757,1764.0,1 - 0,Alanyaspor,1749,1742.0,1,0,Turkey,domestic league (tier 1)
2020/03/08,Süperlig,0,Sivasspor,1777,1777.0,2 - 2,Galatasaray,1882,1882.0,2,2,Turkey,domestic league (tier 1)
2020/06/15,Süperlig,0,Sivasspor,1766,1770.0,1 - 0,Denizlispor,1648,1644.0,1,0,Turkey,domestic league (tier 1)
2020/06/28,Süperlig,0,Sivasspor,1769,1744.0,0 - 2,Kayserispor,1586,1611.0,0,2,Turkey,domestic league (tier 1)
2020/07/08,Süperlig,0,Sivasspor,1745,1729.0,0 - 1,Yeni Malatyaspor,1616,1632.0,0,1,Turkey,domestic league (tier 1)
2020/07/19,Süperlig,0,Sivasspor,1742,1749.0,2 - 0,Gençlerbirligi,1619,1612.0,2,0,Turkey,domestic league (tier 1)
2020/09/12,Süperlig,0,Sivasspor,1733,1715.0,0 - 2,Alanyaspor,1773,1791.0,0,2,Turkey,domestic league (tier 1)
2020/09/27,Süperlig,0,Sivasspor,1726,1720.0,0 - 0,MKE Ankaragücü,1573,1579.0,0,0,Turkey,domestic league (tier 1)
2020/10/26,Süperlig,0,Sivasspor,1732,1709.0,0 - 2,Çaykur Rizespor,1620,1643.0,0,2,Turkey,domestic league (tier 1)
2020/11/08,Süperlig,0,Sivasspor,1717,1707.0,1 - 2,Galatasaray,1829,1839.0,1,2,Turkey,domestic league (tier 1)
2020/11/30,Süperlig,0,Sivasspor,1726,1712.0,0 - 1,Göztepe,1667,1681.0,0,1,Turkey,domestic league (tier 1)
2020/12/14,Süperlig,0,Sivasspor,1709,1705.0,0 - 0,Antalyaspor,1672,1676.0,0,0,Turkey,domestic league (tier 1)
2020/12/24,Süperlig,0,Sivasspor,1720,1726.0,3 - 1,Gençlerbirligi,1564,1558.0,3,1,Turkey,domestic league (tier 1)
2021/01/02,Süperlig,0,Sivasspor,1717,1711.0,2 - 2,Denizlispor,1587,1593.0,2,2,Turkey,domestic league (tier 1)
2021/01/09,Süperlig,0,Sivasspor,1712,1721.0,2 - 1,Gaziantep FK,1769,1760.0,2,1,Turkey,domestic league (tier 1)
2021/01/21,Süperlig,0,Sivasspor,1732,1731.0,1 - 1,Fenerbahçe,1802,1803.0,1,1,Turkey,domestic league (tier 1)
2021/02/03,Süperlig,0,Sivasspor,1708,1703.0,0 - 0,BB Erzurumspor,1603,1608.0,0,0,Turkey,domestic league (tier 1)
2021/02/21,Süperlig,0,Sivasspor,1705,1712.0,2 - 0,Kayserispor,1607,1600.0,2,0,Turkey,domestic league (tier 1)
2021/03/03,Süperlig,0,Sivasspor,1712,1710.0,1 - 1,Hatayspor,1758,1760.0,1,1,Turkey,domestic league (tier 1)
2021/03/13,Süperlig,0,Sivasspor,1716,1722.0,1 - 0,Fatih Karagümrük SK,1666,1660.0,1,0,Turkey,domestic league (tier 1)
2021/04/03,Süperlig,0,Sivasspor,1739,1739.0,0 - 0,Trabzonspor,1839,1839.0,0,0,Turkey,domestic league (tier 1)
2021/04/11,Süperlig,0,Sivasspor,1757,1765.0,3 - 1,Konyaspor,1675,1667.0,3,1,Turkey,domestic league (tier 1)
2021/04/20,Süperlig,0,Sivasspor,1772,1772.0,0 - 0,Besiktas,1872,1872.0,0,0,Turkey,domestic league (tier 1)
2021/04/29,Süperlig,0,Sivasspor,1769,1773.0,1 - 0,Yeni Malatyaspor,1622,1618.0,1,0,Turkey,domestic league (tier 1)
2021/05/08,Süperlig,0,Sivasspor,1784,1779.0,0 - 0,Istanbul Basaksehir,1715,1720.0,0,0,Turkey,domestic league (tier 1)
2021/05/15,Süperlig,0,Sivasspor,1793,1797.0,2 - 1,Kasimpasa SK,1653,1649.0,2,1,Turkey,domestic league (tier 1)
2021/08/16,Süperlig,0,Sivasspor,1800,1784.0,0 - 1,Konyaspor,1680,1696.0,0,1,Turkey,domestic league (tier 1)
2021/08/29,Süperlig,0,Sivasspor,1764,1758.0,2 - 2,Göztepe,1628,1634.0,2,2,Turkey,domestic league (tier 1)
2021/09/18,Süperlig,0,Sivasspor,1764,1759.0,1 - 1,Gaziantep FK,1685,1690.0,1,1,Turkey,domestic league (tier 1)
2021/09/25,Süperlig,0,Sivasspor,1768,1779.0,4 - 0,Fatih Karagümrük SK,1717,1706.0,4,0,Turkey,domestic league (tier 1)
2021/10/16,Süperlig,0,Sivasspor,1774,1768.0,2 - 2,Antalyaspor,1640,1646.0,2,2,Turkey,domestic league (tier 1)
2021/10/24,Süperlig,0,Sivasspor,1768,1763.0,1 - 1,Adana Demirspor,1697,1702.0,1,1,Turkey,domestic league (tier 1)
2021/11/06,Süperlig,0,Sivasspor,1762,1755.0,0 - 0,Giresunspor,1585,1592.0,0,0,Turkey,domestic league (tier 1)
2021/11/28,Süperlig,0,Sivasspor,1747,1762.0,4 - 0,Hatayspor,1776,1761.0,4,0,Turkey,domestic league (tier 1)
2021/12/13,Süperlig,0,Sivasspor,1774,1784.0,1 - 0,Galatasaray,1875,1865.0,1,0,Turkey,domestic league (tier 1)
2021/12/22,Süperlig,0,Sivasspor,1795,1788.0,1 - 1,Çaykur Rizespor,1584,1591.0,1,1,Turkey,domestic league (tier 1)
2021/12/30,Turkey Cup,0,Sivasspor,1768,1772.0,2 - 1,MKE Ankaragücü,1610,1606.0,2,1,Turkey,domestic cup
2022/01/15,Süperlig,0,Sivasspor,1785,1786.0,1 - 1,Trabzonspor,1904,1903.0,1,1,Turkey,domestic league (tier 1)
2022/01/22,Süperlig,0,Sivasspor,1774,1772.0,1 - 1,Fenerbahçe,1820,1822.0,1,1,Turkey,domestic league (tier 1)
2022/02/13,Süperlig,0,Sivasspor,1765,1768.0,2 - 1,Yeni Malatyaspor,1560,1557.0,2,1,Turkey,domestic league (tier 1)
2022/02/26,Süperlig,0,Sivasspor,1758,1745.0,2 - 3,Besiktas,1768,1781.0,2,3,Turkey,domestic league (tier 1)
2022/03/02,Turkey Cup,0,Sivasspor,1745,1751.0,1 - 0,Fatih Karagümrük SK,1704,1698.0,1,0,Turkey,domestic cup
2022/03/20,Süperlig,0,Sivasspor,1756,1760.0,2 - 1,Altay Izmir,1597,1593.0,2,1,Turkey,domestic league (tier 1)
2022/04/10,Süperlig,0,Sivasspor,1759,1740.0,0 - 2,Istanbul Basaksehir,1769,1788.0,0,2,Turkey,domestic league (tier 1)
2022/04/25,Süperlig,0,Sivasspor,1753,1759.0,1 - 0,Alanyaspor,1716,1710.0,1,0,Turkey,domestic league (tier 1)
2022/05/07,Süperlig,0,Sivasspor,1772,1751.0,1 - 3,Kasimpasa SK,1725,1746.0,1,3,Turkey,domestic league (tier 1)
2022/05/11,Turkey Cup,0,Sivasspor,1751,1748.0,1 - 1,Alanyaspor,1726,1729.0,1,1,Turkey,domestic cup
2022/05/21,Süperlig,0,Sivasspor,1757,1762.0,2 - 1,Kayserispor,1686,1681.0,2,1,Turkey,domestic league (tier 1)
2022/08/06,Süperlig,0,Sivasspor,1757,1752.0,1 - 1,Gaziantep FK,1665,1670.0,1,1,Turkey,domestic league (tier 1)
2022/08/22,Süperlig,0,Sivasspor,1729,1727.0,1 - 1,Alanyaspor,1767,1769.0,1,1,Turkey,domestic league (tier 1)
2022/09/03,Süperlig,0,Sivasspor,1703,1700.0,0 - 0,Fatih Karagümrük SK,1700,1703.0,0,0,Turkey,domestic league (tier 1)
2022/09/11,Süperlig,0,Sivasspor,1705,1699.0,1 - 1,Istanbulspor AS,1580,1586.0,1,1,Turkey,domestic league (tier 1)
2022/10/02,Süperlig,0,Sivasspor,1703,1688.0,1 - 2,Hatayspor,1627,1642.0,1,2,Turkey,domestic league (tier 1)
2022/10/17,Süperlig,0,Sivasspor,1704,1714.0,3 - 0,Giresunspor,1633,1623.0,3,0,Turkey,domestic league (tier 1)
2022/10/31,Süperlig,0,Sivasspor,1730,1710.0,0 - 2,Antalyaspor,1720,1740.0,0,2,Turkey,domestic league (tier 1)
2022/11/12,Süperlig,0,Sivasspor,1716,1710.0,2 - 2,Ümraniyespor,1570,1576.0,2,2,Turkey,domestic league (tier 1)
2022/12/29,Süperlig,0,Sivasspor,1722,1713.0,1 - 2,Galatasaray,1857,1866.0,1,2,Turkey,domestic league (tier 1)
2023/01/28,Süperlig,0,Sivasspor,1716,1705.0,1 - 2,Adana Demirspor,1774,1785.0,1,2,Turkey,domestic league (tier 1)
2023/02/04,Süperlig,0,Sivasspor,1729,1739.0,1 - 0,Besiktas,1831,1821.0,1,0,Turkey,domestic league (tier 1)
2023/03/19,Süperlig,0,Sivasspor,1702,1710.0,2 - 0,MKE Ankaragücü,1631,1623.0,2,0,Turkey,domestic league (tier 1)
2023/04/09,Süperlig,0,Sivasspor,1710,1710.0,1 - 1,Istanbul Basaksehir,1826,1826.0,1,1,Turkey,domestic league (tier 1)
2023/04/20,Süperlig,0,Sivasspor,1700,1717.0,4 - 1,Trabzonspor,1798,1781.0,4,1,Turkey,domestic league (tier 1)
2023/04/29,Süperlig,0,Sivasspor,1730,1720.0,1 - 3,Fenerbahçe,1958,1968.0,1,3,Turkey,domestic league (tier 1)
2023/05/03,Turkey Cup,0,Sivasspor,1720,1724.0,0 - 0,Fenerbahçe,1968,1964.0,0,0,Turkey,domestic cup
2023/05/16,Süperlig,0,Sivasspor,1704,1690.0,1 - 2,Kasimpasa SK,1671,1685.0,1,2,Turkey,domestic league (tier 1)
2023/05/30,Süperlig,0,Sivasspor,1682,1691.0,1 - 0,Konyaspor,1757,1748.0,1,0,Turkey,domestic league (tier 1)
2023/06/06,Süperlig,0,Sivasspor,1691,1688.0,1 - 1,Kayserispor,1666,1669.0,1,1,Turkey,domestic league (tier 1)
2023/08/13,Süperlig,0,Sivasspor,1688,1684.0,1 - 1,Samsunspor,1646,1650.0,1,1,Turkey,domestic league (tier 1)
2023/08/26,Süperlig,0,Sivasspor,1703,1700.0,1 - 1,Antalyaspor,1678,1681.0,1,1,Turkey,domestic league (tier 1)
2023/09/18,Süperlig,0,Sivasspor,1696,1675.0,1 - 3,MKE Ankaragücü,1648,1669.0,1,3,Turkey,domestic league (tier 1)
2023/09/30,Süperlig,0,Sivasspor,1678,1675.0,0 - 0,Hatayspor,1689,1692.0,0,0,Turkey,domestic league (tier 1)
2023/10/22,Süperlig,0,Sivasspor,1684,1671.0,0 - 1,Kasimpasa SK,1692,1705.0,0,1,Turkey,domestic league (tier 1)
2023/11/05,Süperlig,0,Sivasspor,1683,1684.0,1 - 1,Adana Demirspor,1833,1832.0,1,1,Turkey,domestic league (tier 1)
2023/11/27,Süperlig,0,Sivasspor,1674,1676.0,3 - 3,Trabzonspor,1827,1825.0,3,3,Turkey,domestic league (tier 1)
2023/12/23,Süperlig,0,Sivasspor,1679,1683.0,1 - 0,Istanbulspor AS,1545,1541.0,1,0,Turkey,domestic league (tier 1)
2024/01/11,Süperlig,0,Sivasspor,1704,1709.0,1 - 1,Galatasaray,2003,1998.0,1,1,Turkey,domestic league (tier 1)
2024/01/18,Turkey Cup,0,Sivasspor,1695,1697.0,3 - 2,Keçiörengücü,1417,1415.0,3,2,Turkey,domestic cup
2024/01/21,Süperlig,0,Sivasspor,1697,1694.0,2 - 2,Gaziantep FK,1679,1682.0,2,2,Turkey,domestic league (tier 1)
2024/01/28,Süperlig,0,Sivasspor,1688,1699.0,1 - 0,Besiktas,1819,1808.0,1,0,Turkey,domestic league (tier 1)
2024/02/07,Turkey Cup,0,Sivasspor,1702,1689.0,0 - 1,Konyaspor,1694,1707.0,0,1,Turkey,domestic cup
2024/02/11,Süperlig,0,Sivasspor,1689,1695.0,1 - 0,Çaykur Rizespor,1661,1655.0,1,0,Turkey,domestic league (tier 1)
2024/02/25,Süperlig,0,Sivasspor,1697,1705.0,4 - 1,Pendikspor,1584,1576.0,4,1,Turkey,domestic league (tier 1)
2024/03/09,Süperlig,0,Sivasspor,1708,1694.0,1 - 2,Alanyaspor,1674,1688.0,1,2,Turkey,domestic league (tier 1)
2024/04/03,Süperlig,0,Sivasspor,1684,1692.0,1 - 0,Fatih Karagümrük,1716,1708.0,1,0,Turkey,domestic league (tier 1)
2024/04/22,Süperlig,0,Sivasspor,1708,1714.0,2 - 2,Fenerbahçe,2032,2026.0,2,2,Turkey,domestic league (tier 1)
2024/04/27,Süperlig,0,Sivasspor,1714,1721.0,1 - 0,Konyaspor,1709,1702.0,1,0,Turkey,domestic league (tier 1)
2024/05/12,Süperlig,0,Sivasspor,1718,1708.0,0 - 1,Istanbul Basaksehir,1810,1820.0,0,1,Turkey,domestic league (tier 1)
2024/05/25,Süperlig,0,Sivasspor,1719,1724.0,2 - 1,Kayserispor,1637,1632.0,2,1,Turkey,domestic league (tier 1)
2024/08/11,Süperlig,0,Sivasspor,1724,1724.0,0 - 0,Trabzonspor,1833,1833.0,0,0,Turkey,domestic league (tier 1)
2024/08/24,Süperlig,0,Sivasspor,1734,1719.0,0 - 1,Eyüpspor,1620,1635.0,0,1,Turkey,domestic league (tier 1)
2024/09/14,Süperlig,0,Sivasspor,1713,1719.0,3 - 2,Gaziantep FK,1685,1679.0,3,2,Turkey,domestic league (tier 1)
2024/09/27,Süperlig,0,Sivasspor,1721,1711.0,1 - 2,Istanbul Basaksehir,1821,1831.0,1,2,Turkey,domestic league (tier 1)
2024/10/20,Süperlig,0,Sivasspor,1703,1708.0,3 - 2,Hatayspor,1621,1616.0,3,2,Turkey,domestic league (tier 1)
2024/11/02,Süperlig,0,Sivasspor,1723,1728.0,2 - 1,Çaykur Rizespor,1649,1644.0,2,1,Turkey,domestic league (tier 1)
2024/11/24,Süperlig,0,Sivasspor,1724,1721.0,0 - 0,Kasimpasa SK,1701,1704.0,0,0,Turkey,domestic league (tier 1)
2024/12/08,Süperlig,0,Sivasspor,1712,1708.0,2 - 3,Galatasaray,2030,2034.0,2,3,Turkey,domestic league (tier 1)
2024/12/21,Süperlig,0,Sivasspor,1698,1696.0,0 - 0,Samsunspor,1744,1746.0,0,0,Turkey,domestic league (tier 1)
2025/01/07,Turkey Cup,0,Sivasspor,1696,1686.0,0 - 1,Besiktas,1799,1809.0,0,1,Turkey,domestic cup
2025/01/12,Süperlig,0,Sivasspor,1686,1684.0,1 - 1,Alanyaspor,1712,1714.0,1,1,Turkey,domestic league (tier 1)
2025/01/25,Süperlig,0,Sivasspor,1675,1685.0,5 - 2,Kayserispor,1611,1601.0,5,2,Turkey,domestic league (tier 1)
2025/02/08,Süperlig,0,Sivasspor,1692,1679.0,0 - 2,Besiktas,1830,1843.0,0,2,Turkey,domestic league (tier 1)
2025/02/22,Süperlig,0,Sivasspor,1672,1669.0,1 - 1,Konyaspor,1679,1682.0,1,1,Turkey,domestic league (tier 1)
2025/02/25,Turkey Cup,0,Sivasspor,1669,1653.0,0 - 1,Bodrum FK,1501,1517.0,0,1,Turkey,domestic cup
2025/03/09,Süperlig,0,Sivasspor,1649,1664.0,3 - 1,Göztepe,1740,1725.0,3,1,Turkey,domestic league (tier 1)
2025/03/29,Süperlig,0,Sivasspor,1655,1664.0,5 - 1,Adana Demirspor,1552,1543.0,5,1,Turkey,domestic league (tier 1)
2025/04/13,Süperlig,0,Sivasspor,1666,1661.0,1 - 3,Fenerbahçe,2033,2038.0,1,3,Turkey,domestic league (tier 1)
2025/04/26,Süperlig,0,Sivasspor,1651,1662.0,2 - 0,Antalyaspor,1667,1656.0,2,0,Turkey,domestic league (tier 1)
2025/05/11,Süperlig,0,Sivasspor,1660,1655.0,0 - 0,Bodrum FK,1559,1564.0,0,0,Turkey,domestic league (tier 1)
2025/08/17,1. Lig,0,Sivasspor,1624,1620.0,1 - 1,Bodrum FK,1558,1562.0,1,1,Turkey,domestic league (tier 2)
2025/09/13,1. Lig,0,Sivasspor,1590,1593.0,1 - 0,Sariyer SK,1413,1410.0,1,0,Turkey,domestic league (tier 2)
2025/09/25,1. Lig,0,Sivasspor,1588,1595.0,5 - 0,Adana Demirspor,1410,1403.0,5,0,Turkey,domestic league (tier 2)
2025/10/05,1. Lig,0,Sivasspor,1594,1586.0,0 - 0,Serik Belediyespor,1308,1316.0,0,0,Turkey,domestic league (tier 2)
2025/10/24,1. Lig,0,Sivasspor,1585,1579.0,1 - 1,Hatayspor,1464,1470.0,1,1,Turkey,domestic league (tier 2)
2025/11/08,1. Lig,0,Sivasspor,1566,1570.0,3 - 2,Manisa FK,1399,1395.0,3,2,Turkey,domestic league (tier 2)
2025/11/30,1. Lig,0,Sivasspor,1561,1567.0,1 - 0,Boluspor,1530,1524.0,1,0,Turkey,domestic league (tier 2)
2025/12/13,1. Lig,0,Sivasspor,1558,1554.0,1 - 1,Çorum FK,1504,1508.0,1,1,Turkey,domestic league (tier 2)
2025/12/27,1. Lig,0,Sivasspor,1556,1565.0,2 - 0,Bandirmaspor,1504,1495.0,2,0,Turkey,domestic league (tier 2)
2026/01/11,1. Lig,0,Sivasspor,1565,1546.0,0 - 2,Erzurumspor FK,1558,1577.0,0,2,Turkey,domestic league (tier 2)
2026/01/25,1. Lig,0,Sivasspor,1559,1555.0,1 - 1,Amed SFK,1526,1530.0,1,1,Turkey,domestic league (tier 2)
2026/02/01,1. Lig,0,Sivasspor,1555,1551.0,0 - 0,Pendikspor,1503,1507.0,0,0,Turkey,domestic league (tier 2)
2026/02/14,1. Lig,0,Sivasspor,1540,1534.0,3 - 3,Vanspor FK,1394,1400.0,3,3,Turkey,domestic league (tier 2)
2026/02/23,1. Lig,0,Sivasspor,1528,1535.0,4 - 1,Sakaryaspor,1373,1366.0,4,1,Turkey,domestic league (tier 2)
2026/03/07,1. Lig,0,Sivasspor,1541,1527.0,0 - 1,Keçiörengücü,1500,1514.0,0,1,Turkey,domestic league (tier 2)
2026/03/15,1. Lig,0,Sivasspor,1533,1538.0,1 - 0,Ümraniyespor,1455,1450.0,1,0,Turkey,domestic league (tier 2)
2026/04/05,1. Lig,0,Sivasspor,1549,1531.0,1 - 3,Erokspor,1580,1598.0,1,3,Turkey,domestic league (tier 2)
2026/04/13,1. Lig,0,Sivasspor,1542,1520.0,1 - 3,Istanbulspor AS,1459,1481.0,1,3,Turkey,domestic league (tier 2)
2026/04/26,1. Lig,0,Sivasspor,1510,1516.0,2 - 1,Igdir FK,1462,1456.0,2,1,Turkey,domestic league (tier 2)
2026/08/08,1. Lig,0,Sivasspor,1509,1508.0,0 - 0,Erokspor,1574,1575.0,0,0,Turkey,domestic league (tier 2)
2026/08/24,1. Lig,0,Sivasspor,1501,1498.0,2 - 2,Manisa FK,1495,1498.0,2,2,Turkey,domestic league (tier 2)
2026/09/02,1. Lig,0,Sivasspor,1485,1479.0,2 - 2,Mardin 1969 SK,1320,1326.0,2,2,Turkey,domestic league (tier 2)
2016/08/20,Süperlig,0,Trabzonspor,1655,1668.0,2 - 0,Kasimpasa SK,1713,1700.0,2,0,Turkey,domestic league (tier 1)
2016/09/11,Süperlig,0,Trabzonspor,1659,1645.0,0 - 2,Ankaraspor (as Osmanlispor FK),1771,1785.0,0,2,Turkey,domestic league (tier 1)
2016/09/24,Süperlig,0,Trabzonspor,1631,1643.0,1 - 0,Konyaspor,1816,1804.0,1,0,Turkey,domestic league (tier 1)
2016/10/16,Süperlig,0,Trabzonspor,1628,1626.0,0 - 0,Akhisar Belediyespor,1671,1673.0,0,0,Turkey,domestic league (tier 1)
2016/10/30,Süperlig,0,Trabzonspor,1644,1641.0,2 - 2,Çaykur Rizespor,1650,1653.0,2,2,Turkey,domestic league (tier 1)
2016/11/21,Süperlig,0,Trabzonspor,1639,1626.0,0 - 1,Antalyaspor,1649,1662.0,0,1,Turkey,domestic league (tier 1)
2016/12/09,Süperlig,0,Trabzonspor,1643,1650.0,4 - 1,Adanaspor,1515,1508.0,4,1,Turkey,domestic league (tier 1)
2016/12/26,Süperlig,0,Trabzonspor,1653,1645.0,0 - 3,Fenerbahçe,1962,1970.0,0,3,Turkey,domestic league (tier 1)
2017/01/29,Süperlig,0,Trabzonspor,1683,1691.0,4 - 0,Gaziantepspor,1549,1541.0,4,0,Turkey,domestic league (tier 1)
2017/02/20,Süperlig,0,Trabzonspor,1705,1700.0,0 - 0,Alanyaspor,1611,1616.0,0,0,Turkey,domestic league (tier 1)
2017/03/03,Süperlig,0,Trabzonspor,1704,1710.0,1 - 0,Karabükspor,1640,1634.0,1,0,Turkey,domestic league (tier 1)
2017/03/18,Süperlig,0,Trabzonspor,1729,1745.0,2 - 0,Galatasaray,1843,1827.0,2,0,Turkey,domestic league (tier 1)
2017/04/08,Süperlig,0,Trabzonspor,1754,1747.0,3 - 4,Besiktas,1966,1973.0,3,4,Turkey,domestic league (tier 1)
2017/04/29,Süperlig,0,Trabzonspor,1769,1765.0,0 - 0,Gençlerbirligi,1726,1730.0,0,0,Turkey,domestic league (tier 1)
2017/05/06,Süperlig,0,Trabzonspor,1765,1750.0,2 - 3,Kayserispor,1651,1666.0,2,3,Turkey,domestic league (tier 1)
2017/05/21,Süperlig,0,Trabzonspor,1746,1748.0,0 - 0,Istanbul Basaksehir (as Istanbul Basaksehir F.K.),1900,1898.0,0,0,Turkey,domestic league (tier 1)
2017/06/03,Süperlig,0,Trabzonspor,1755,1739.0,1 - 2,Bursaspor,1590,1606.0,1,2,Turkey,domestic league (tier 1)
2017/08/13,Süperlig,0,Trabzonspor,1739,1746.0,2 - 1,Konyaspor,1720,1713.0,2,1,Turkey,domestic league (tier 1)
2017/09/10,Süperlig,0,Trabzonspor,1738,1747.0,3 - 1,Gençlerbirligi,1694,1685.0,3,1,Turkey,domestic league (tier 1)
2017/09/22,Süperlig,0,Trabzonspor,1753,1737.0,3 - 4,Alanyaspor,1626,1642.0,3,4,Turkey,domestic league (tier 1)
2017/10/15,Süperlig,0,Trabzonspor,1745,1719.0,1 - 6,Akhisar Belediyespor,1744,1770.0,1,6,Turkey,domestic league (tier 1)
2017/10/29,Süperlig,0,Trabzonspor,1706,1718.0,2 - 1,Galatasaray,1860,1848.0,2,1,Turkey,domestic league (tier 1)
2017/11/19,Süperlig,0,Trabzonspor,1720,1725.0,4 - 3,Ankaraspor (as Osmanlispor FK),1622,1617.0,4,3,Turkey,domestic league (tier 1)
2017/12/04,Süperlig,0,Trabzonspor,1744,1754.0,3 - 0,Antalyaspor,1690,1680.0,3,0,Turkey,domestic league (tier 1)
2017/12/16,Süperlig,0,Trabzonspor,1774,1779.0,1 - 0,Bursaspor,1697,1692.0,1,0,Turkey,domestic league (tier 1)
2018/01/28,Süperlig,0,Trabzonspor,1762,1763.0,1 - 1,Fenerbahçe,1911,1910.0,1,1,Turkey,domestic league (tier 1)
2018/02/05,Süperlig,0,Trabzonspor,1763,1757.0,0 - 0,Göztepe,1627,1633.0,0,0,Turkey,domestic league (tier 1)
2018/02/18,Süperlig,0,Trabzonspor,1758,1749.0,0 - 1,Istanbul Basaksehir (as Istanbul Basaksehir F.K.),1893,1902.0,0,1,Turkey,domestic league (tier 1)
2018/03/05,Süperlig,0,Trabzonspor,1758,1748.0,0 - 2,Besiktas,1984,1994.0,0,2,Turkey,domestic league (tier 1)
2018/03/18,Süperlig,0,Trabzonspor,1766,1772.0,4 - 1,Yeni Malatyaspor,1603,1597.0,4,1,Turkey,domestic league (tier 1)
2018/04/07,Süperlig,0,Trabzonspor,1767,1778.0,4 - 0,Kayserispor,1704,1693.0,4,0,Turkey,domestic league (tier 1)
2018/04/21,Süperlig,0,Trabzonspor,1778,1755.0,0 - 2,Sivasspor,1658,1681.0,0,2,Turkey,domestic league (tier 1)
2018/05/05,Süperlig,0,Trabzonspor,1765,1738.0,2 - 5,Kasimpasa SK,1660,1687.0,2,5,Turkey,domestic league (tier 1)
2018/05/18,Süperlig,0,Trabzonspor,1754,1757.0,3 - 0,Karabükspor,1449,1446.0,3,0,Turkey,domestic league (tier 1)
2018/08/17,Süperlig,0,Trabzonspor,1751,1760.0,3 - 1,Sivasspor,1693,1684.0,3,1,Turkey,domestic league (tier 1)
2018/09/01,Süperlig,0,Trabzonspor,1757,1778.0,4 - 0,Galatasaray,1906,1885.0,4,0,Turkey,domestic league (tier 1)
2018/09/22,Süperlig,0,Trabzonspor,1767,1751.0,1 - 2,Göztepe,1632,1648.0,1,2,Turkey,domestic league (tier 1)
2018/09/29,Süperlig,0,Trabzonspor,1751,1761.0,4 - 2,Kasimpasa SK,1720,1710.0,4,2,Turkey,domestic league (tier 1)
2018/10/22,Süperlig,0,Trabzonspor,1778,1770.0,0 - 0,BB Erzurumspor,1535,1543.0,0,0,Turkey,domestic league (tier 1)
2018/11/04,Süperlig,0,Trabzonspor,1770,1764.0,1 - 1,Bursaspor,1638,1644.0,1,1,Turkey,domestic league (tier 1)
2018/11/25,Süperlig,0,Trabzonspor,1745,1755.0,2 - 1,Fenerbahçe,1852,1842.0,2,1,Turkey,domestic league (tier 1)
2018/12/08,Süperlig,0,Trabzonspor,1768,1778.0,3 - 0,Konyaspor,1703,1693.0,3,0,Turkey,domestic league (tier 1)
2018/12/23,Süperlig,0,Trabzonspor,1783,1790.0,4 - 1,Çaykur Rizespor,1627,1620.0,4,1,Turkey,domestic league (tier 1)
2019/01/20,Süperlig,0,Trabzonspor,1792,1777.0,2 - 4,Istanbul Basaksehir (as Istanbul Basaksehir F.K.),1897,1912.0,2,4,Turkey,domestic league (tier 1)
2019/02/02,Süperlig,0,Trabzonspor,1786,1788.0,1 - 0,MKE Ankaragücü,1540,1538.0,1,0,Turkey,domestic league (tier 1)
2019/02/17,Süperlig,0,Trabzonspor,1773,1749.0,0 - 2,Alanyaspor,1646,1670.0,0,2,Turkey,domestic league (tier 1)
2019/03/09,Süperlig,0,Trabzonspor,1744,1750.0,2 - 1,Akhisar Belediyespor,1680,1674.0,2,1,Turkey,domestic league (tier 1)
2019/04/05,Süperlig,0,Trabzonspor,1758,1766.0,4 - 1,Antalyaspor,1640,1632.0,4,1,Turkey,domestic league (tier 1)
2019/04/20,Süperlig,0,Trabzonspor,1775,1780.0,2 - 1,Yeni Malatyaspor,1666,1661.0,2,1,Turkey,domestic league (tier 1)
2019/05/06,Süperlig,0,Trabzonspor,1783,1790.0,4 - 2,Kayserispor,1665,1658.0,4,2,Turkey,domestic league (tier 1)
2019/05/18,Süperlig,0,Trabzonspor,1790,1801.0,2 - 1,Besiktas,1911,1900.0,2,1,Turkey,domestic league (tier 1)
2019/08/25,Süperlig,0,Trabzonspor,1842,1846.0,2 - 1,Yeni Malatyaspor,1691,1687.0,2,1,Turkey,domestic league (tier 1)
2019/09/15,Süperlig,0,Trabzonspor,1831,1823.0,2 - 2,Gençlerbirligi,1573,1581.0,2,2,Turkey,domestic league (tier 1)
2019/09/29,Süperlig,0,Trabzonspor,1808,1822.0,4 - 1,Besiktas,1841,1827.0,4,1,Turkey,domestic league (tier 1)
2019/10/19,Süperlig,0,Trabzonspor,1834,1839.0,4 - 1,Gaziantep FK (as Gazisehir Gaziantep FK),1622,1617.0,4,1,Turkey,domestic league (tier 1)
2019/11/02,Süperlig,0,Trabzonspor,1823,1806.0,0 - 1,Göztepe,1644,1661.0,0,1,Turkey,domestic league (tier 1)
2019/11/10,Süperlig,0,Trabzonspor,1798,1803.0,1 - 0,Alanyaspor,1717,1712.0,1,0,Turkey,domestic league (tier 1)
2019/12/01,Süperlig,0,Trabzonspor,1806,1804.0,1 - 1,Galatasaray,1847,1849.0,1,1,Turkey,domestic league (tier 1)
2019/12/16,Süperlig,0,Trabzonspor,1813,1797.0,1 - 2,Denizlispor,1680,1696.0,1,2,Turkey,domestic league (tier 1)
2019/12/28,Süperlig,0,Trabzonspor,1808,1813.0,6 - 2,Kayserispor,1573,1568.0,6,2,Turkey,domestic league (tier 1)
2020/01/19,Süperlig,0,Trabzonspor,1819,1825.0,6 - 0,Kasimpasa SK,1599,1593.0,6,0,Turkey,domestic league (tier 1)
2020/02/01,Süperlig,0,Trabzonspor,1807,1815.0,2 - 1,Fenerbahçe,1846,1838.0,2,1,Turkey,domestic league (tier 1)
2020/02/16,Süperlig,0,Trabzonspor,1846,1851.0,2 - 1,Sivasspor,1762,1757.0,2,1,Turkey,domestic league (tier 1)
2020/02/29,Süperlig,0,Trabzonspor,1852,1857.0,5 - 2,Çaykur Rizespor,1639,1634.0,5,2,Turkey,domestic league (tier 1)
2020/03/15,Süperlig,0,Trabzonspor,1870,1869.0,1 - 1,Istanbul Basaksehir (as Istanbul Basaksehir F.K.),1923,1924.0,1,1,Turkey,domestic league (tier 1)
2020/06/27,Süperlig,0,Trabzonspor,1895,1887.0,1 - 1,MKE Ankaragücü,1567,1575.0,1,1,Turkey,domestic league (tier 1)
2020/07/08,Süperlig,0,Trabzonspor,1905,1897.0,2 - 2,Antalyaspor,1658,1666.0,2,2,Turkey,domestic league (tier 1)
2020/07/19,Süperlig,0,Trabzonspor,1882,1864.0,3 - 4,Konyaspor,1630,1648.0,3,4,Turkey,domestic league (tier 1)
2020/09/13,Süperlig,0,Trabzonspor,1881,1859.0,1 - 3,Besiktas,1805,1827.0,1,3,Turkey,domestic league (tier 1)
2020/09/26,Süperlig,0,Trabzonspor,1855,1858.0,3 - 1,Yeni Malatyaspor,1585,1582.0,3,1,Turkey,domestic league (tier 1)
2020/10/17,Süperlig,0,Trabzonspor,1855,1835.0,0 - 2,Istanbul Basaksehir,1822,1842.0,0,2,Turkey,domestic league (tier 1)
2020/10/30,Süperlig,0,Trabzonspor,1821,1805.0,3 - 4,Kasimpasa SK,1689,1705.0,3,4,Turkey,domestic league (tier 1)
2020/11/22,Süperlig,0,Trabzonspor,1808,1811.0,1 - 0,BB Erzurumspor,1632,1629.0,1,0,Turkey,domestic league (tier 1)
2020/12/07,Süperlig,0,Trabzonspor,1816,1811.0,1 - 1,Sivasspor,1708,1713.0,1,1,Turkey,domestic league (tier 1)
2020/12/19,Süperlig,0,Trabzonspor,1802,1806.0,2 - 1,Çaykur Rizespor,1646,1642.0,2,1,Turkey,domestic league (tier 1)
2020/12/26,Süperlig,0,Trabzonspor,1816,1798.0,0 - 2,Galatasaray,1845,1863.0,0,2,Turkey,domestic league (tier 1)
2021/01/06,Süperlig,0,Trabzonspor,1807,1811.0,1 - 0,Göztepe,1642,1638.0,1,0,Turkey,domestic league (tier 1)
2021/01/19,Süperlig,0,Trabzonspor,1811,1817.0,3 - 1,Konyaspor,1664,1658.0,3,1,Turkey,domestic league (tier 1)
2021/02/04,Süperlig,0,Trabzonspor,1845,1847.0,1 - 0,Denizlispor,1564,1562.0,1,0,Turkey,domestic league (tier 1)
2021/02/13,Süperlig,0,Trabzonspor,1858,1862.0,1 - 0,Gaziantep FK,1716,1712.0,1,0,Turkey,domestic league (tier 1)
2021/02/28,Süperlig,0,Trabzonspor,1871,1856.0,0 - 1,Fenerbahçe,1789,1804.0,0,1,Turkey,domestic league (tier 1)
2021/03/08,Süperlig,0,Trabzonspor,1862,1839.0,1 - 3,Alanyaspor,1771,1794.0,1,3,Turkey,domestic league (tier 1)
2021/03/20,Süperlig,0,Trabzonspor,1835,1839.0,4 - 1,MKE Ankaragücü,1594,1590.0,4,1,Turkey,domestic league (tier 1)
2021/04/06,Süperlig,0,Trabzonspor,1839,1832.0,1 - 1,Kayserispor,1607,1614.0,1,1,Turkey,domestic league (tier 1)
2021/04/17,Süperlig,0,Trabzonspor,1829,1824.0,1 - 1,Hatayspor,1720,1725.0,1,1,Turkey,domestic league (tier 1)
2021/04/24,Süperlig,0,Trabzonspor,1827,1833.0,2 - 0,Fatih Karagümrük SK,1684,1678.0,2,0,Turkey,domestic league (tier 1)
2021/05/08,Süperlig,0,Trabzonspor,1831,1835.0,2 - 1,Antalyaspor,1671,1667.0,2,1,Turkey,domestic league (tier 1)
2021/05/15,Süperlig,0,Trabzonspor,1833,1835.0,2 - 1,Gençlerbirligi,1558,1556.0,2,1,Turkey,domestic league (tier 1)
2021/08/23,Süperlig,0,Trabzonspor,1846,1851.0,2 - 1,Sivasspor,1776,1771.0,2,1,Turkey,domestic league (tier 1)
2021/09/12,Süperlig,0,Trabzonspor,1853,1851.0,2 - 2,Galatasaray,1873,1875.0,2,2,Turkey,domestic league (tier 1)
2021/09/27,Süperlig,0,Trabzonspor,1857,1851.0,1 - 1,Alanyaspor,1725,1731.0,1,1,Turkey,domestic league (tier 1)
2021/10/17,Süperlig,0,Trabzonspor,1858,1869.0,3 - 1,Fenerbahçe,1853,1842.0,3,1,Turkey,domestic league (tier 1)
2021/10/29,Süperlig,0,Trabzonspor,1875,1877.0,2 - 1,Çaykur Rizespor,1564,1562.0,2,1,Turkey,domestic league (tier 1)
2021/11/22,Süperlig,0,Trabzonspor,1888,1893.0,3 - 0,Gaziantep FK,1689,1684.0,3,0,Turkey,domestic league (tier 1)
2021/12/04,Süperlig,0,Trabzonspor,1905,1910.0,2 - 0,Adana Demirspor,1715,1710.0,2,0,Turkey,domestic league (tier 1)
2021/12/18,Süperlig,0,Trabzonspor,1896,1902.0,2 - 0,Hatayspor,1740,1734.0,2,0,Turkey,domestic league (tier 1)
2021/12/25,Süperlig,0,Trabzonspor,1907,1901.0,0 - 0,Istanbul Basaksehir,1780,1786.0,0,0,Turkey,domestic league (tier 1)
2021/12/28,Turkey Cup,0,Trabzonspor,1901,1902.0,1 - 0,Boluspor,1463,1462.0,1,0,Turkey,domestic cup
2022/01/07,Süperlig,0,Trabzonspor,1902,1904.0,1 - 0,Yeni Malatyaspor,1569,1567.0,1,0,Turkey,domestic league (tier 1)
2022/01/19,Süperlig,0,Trabzonspor,1903,1895.0,1 - 1,Giresunspor,1628,1636.0,1,1,Turkey,domestic league (tier 1)
2022/02/05,Süperlig,0,Trabzonspor,1905,1908.0,1 - 0,Kasimpasa SK,1682,1679.0,1,0,Turkey,domestic league (tier 1)
2022/02/13,Süperlig,0,Trabzonspor,1910,1914.0,2 - 1,Konyaspor,1784,1780.0,2,1,Turkey,domestic league (tier 1)
2022/02/25,Süperlig,0,Trabzonspor,1929,1932.0,3 - 2,Kayserispor,1698,1695.0,3,2,Turkey,domestic league (tier 1)
2022/03/01,Turkey Cup,0,Trabzonspor,1932,1936.0,2 - 0,Antalyaspor,1691,1687.0,2,0,Turkey,domestic cup
2022/03/12,Süperlig,0,Trabzonspor,1935,1937.0,4 - 2,Göztepe,1601,1599.0,4,2,Turkey,domestic league (tier 1)
2022/04/03,Süperlig,0,Trabzonspor,1920,1914.0,1 - 1,Besiktas,1753,1759.0,1,1,Turkey,domestic league (tier 1)
2022/04/15,Süperlig,0,Trabzonspor,1910,1903.0,1 - 1,Fatih Karagümrük SK,1693,1700.0,1,1,Turkey,domestic league (tier 1)
2022/04/19,Turkey Cup,0,Trabzonspor,1903,1905.0,1 - 0,Kayserispor,1664,1662.0,1,0,Turkey,domestic cup
2022/04/30,Süperlig,0,Trabzonspor,1918,1912.0,2 - 2,Antalyaspor,1754,1760.0,2,2,Turkey,domestic league (tier 1)
2022/05/15,Süperlig,0,Trabzonspor,1887,1889.0,2 - 1,Altay Izmir,1589,1587.0,2,1,Turkey,domestic league (tier 1)
2022/07/30,Turkey Supercup,0,Trabzonspor,1874,1887.0,4 - 0,Sivasspor,1770,1757.0,4,0,Turkey,domestic supercup
2022/08/12,Süperlig,0,Trabzonspor,1894,1897.0,1 - 0,Hatayspor,1675,1672.0,1,0,Turkey,domestic league (tier 1)
2022/08/28,Süperlig,0,Trabzonspor,1867,1862.0,0 - 0,Galatasaray,1785,1790.0,0,0,Turkey,domestic league (tier 1)
2022/09/18,Süperlig,0,Trabzonspor,1862,1866.0,3 - 2,Gaziantep FK,1696,1692.0,3,2,Turkey,domestic league (tier 1)
2022/10/10,Süperlig,0,Trabzonspor,1867,1861.0,0 - 0,Kasimpasa SK,1735,1741.0,0,0,Turkey,domestic league (tier 1)
2022/10/22,Süperlig,0,Trabzonspor,1891,1894.0,1 - 0,Sivasspor,1714,1711.0,1,0,Turkey,domestic league (tier 1)
2022/11/06,Süperlig,0,Trabzonspor,1897,1891.0,2 - 2,Konyaspor,1778,1784.0,2,2,Turkey,domestic league (tier 1)
2022/12/21,Turkey Cup,0,Trabzonspor,1886,1889.0,3 - 0,Samsunspor,1572,1569.0,3,0,Turkey,domestic cup
2022/12/24,Süperlig,0,Trabzonspor,1889,1903.0,2 - 0,Fenerbahçe,1966,1952.0,2,0,Turkey,domestic league (tier 1)
2023/01/05,Süperlig,0,Trabzonspor,1880,1885.0,3 - 0,Giresunspor,1654,1649.0,3,0,Turkey,domestic league (tier 1)
2023/01/14,Süperlig,0,Trabzonspor,1862,1869.0,1 - 0,Istanbul Basaksehir,1857,1850.0,1,0,Turkey,domestic league (tier 1)
2023/01/22,Süperlig,0,Trabzonspor,1878,1882.0,4 - 0,Istanbulspor AS,1585,1581.0,4,0,Turkey,domestic league (tier 1)
2023/02/01,Süperlig,0,Trabzonspor,1868,1873.0,2 - 0,Antalyaspor,1694,1689.0,2,0,Turkey,domestic league (tier 1)
2023/03/04,Süperlig,0,Trabzonspor,1860,1842.0,1 - 2,Ümraniyespor,1573,1591.0,1,2,Turkey,domestic league (tier 1)
2023/03/12,Süperlig,0,Trabzonspor,1842,1852.0,4 - 1,Adana Demirspor,1784,1774.0,4,1,Turkey,domestic league (tier 1)
2023/04/01,Süperlig,0,Trabzonspor,1852,1836.0,3 - 4,Kayserispor,1714,1730.0,3,4,Turkey,domestic league (tier 1)
2023/04/16,Süperlig,0,Trabzonspor,1799,1798.0,0 - 0,Besiktas,1870,1871.0,0,0,Turkey,domestic league (tier 1)
2023/05/08,Süperlig,0,Trabzonspor,1772,1778.0,2 - 0,MKE Ankaragücü,1648,1642.0,2,0,Turkey,domestic league (tier 1)
2023/05/22,Süperlig,0,Trabzonspor,1773,1784.0,4 - 1,Fatih Karagümrük SK,1738,1727.0,4,1,Turkey,domestic league (tier 1)
2023/06/03,Süperlig,0,Trabzonspor,1796,1804.0,5 - 1,Alanyaspor,1656,1648.0,5,1,Turkey,domestic league (tier 1)
2023/08/11,Süperlig,0,Trabzonspor,1794,1799.0,1 - 0,Antalyaspor,1684,1679.0,1,0,Turkey,domestic league (tier 1)
2023/08/26,Süperlig,0,Trabzonspor,1793,1777.0,2 - 3,Çaykur Rizespor,1628,1644.0,2,3,Turkey,domestic league (tier 1)
2023/09/17,Süperlig,0,Trabzonspor,1796,1816.0,3 - 0,Besiktas,1949,1929.0,3,0,Turkey,domestic league (tier 1)
2023/09/30,Süperlig,0,Trabzonspor,1805,1807.0,2 - 1,Pendikspor,1535,1533.0,2,1,Turkey,domestic league (tier 1)
2023/10/23,Süperlig,0,Trabzonspor,1801,1805.0,1 - 0,Alanyaspor,1659,1655.0,1,0,Turkey,domestic league (tier 1)
2023/11/10,Süperlig,0,Trabzonspor,1823,1827.0,2 - 1,Konyaspor,1701,1697.0,2,1,Turkey,domestic league (tier 1)
2023/12/03,Süperlig,0,Trabzonspor,1825,1810.0,0 - 1,Kayserispor,1719,1734.0,0,1,Turkey,domestic league (tier 1)
2023/12/06,Turkey Cup,0,Trabzonspor,1810,1812.0,3 - 1,Çorum FK,1415,1413.0,3,1,Turkey,domestic cup
2023/12/23,Süperlig,0,Trabzonspor,1825,1821.0,1 - 1,Istanbul Basaksehir,1765,1769.0,1,1,Turkey,domestic league (tier 1)
2024/01/11,Süperlig,0,Trabzonspor,1830,1833.0,2 - 1,Samsunspor,1634,1631.0,2,1,Turkey,domestic league (tier 1)
2024/01/18,Turkey Cup,0,Trabzonspor,1833,1835.0,3 - 1,Manisa FK,1448,1446.0,3,1,Turkey,domestic cup
2024/01/21,Süperlig,0,Trabzonspor,1835,1820.0,1 - 5,Galatasaray,2001,2016.0,1,5,Turkey,domestic league (tier 1)
2024/01/29,Süperlig,0,Trabzonspor,1808,1792.0,2 - 3,Kasimpasa SK,1663,1679.0,2,3,Turkey,domestic league (tier 1)
2024/02/12,Süperlig,0,Trabzonspor,1787,1794.0,2 - 0,Hatayspor,1684,1677.0,2,0,Turkey,domestic league (tier 1)
2024/02/25,Süperlig,0,Trabzonspor,1805,1811.0,1 - 0,Adana Demirspor,1746,1740.0,1,0,Turkey,domestic league (tier 1)
2024/02/28,Turkey Cup,0,Trabzonspor,1811,1818.0,1 - 0,Istanbul Basaksehir,1789,1782.0,1,0,Turkey,domestic cup
2024/03/09,Süperlig,0,Trabzonspor,1800,1810.0,5 - 1,Fatih Karagümrük,1729,1719.0,5,1,Turkey,domestic league (tier 1)
2024/03/17,Süperlig,0,Trabzonspor,1810,1803.0,2 - 3,Fenerbahçe,2021,2028.0,2,3,Turkey,domestic league (tier 1)
2024/04/12,Süperlig,0,Trabzonspor,1819,1803.0,0 - 1,Sivasspor,1692,1708.0,0,1,Turkey,domestic league (tier 1)
2024/04/24,Turkey Cup,0,Trabzonspor,1811,1816.0,3 - 2,Fatih Karagümrük,1711,1706.0,3,2,Turkey,domestic cup
2024/04/28,Süperlig,0,Trabzonspor,1816,1821.0,4 - 2,Gaziantep FK,1649,1644.0,4,2,Turkey,domestic league (tier 1)
2024/05/12,Süperlig,0,Trabzonspor,1824,1827.0,3 - 0,Istanbulspor AS,1522,1519.0,3,0,Turkey,domestic league (tier 1)
2024/05/26,Süperlig,0,Trabzonspor,1829,1835.0,4 - 2,MKE Ankaragücü,1688,1682.0,4,2,Turkey,domestic league (tier 1)
2024/09/15,Süperlig,0,Trabzonspor,1818,1817.0,1 - 1,Besiktas,1878,1879.0,1,1,Turkey,domestic league (tier 1)
2024/09/19,Süperlig,0,Trabzonspor,1817,1810.0,2 - 2,Kayserispor,1624,1631.0,2,2,Turkey,domestic league (tier 1)
2024/09/29,Süperlig,0,Trabzonspor,1809,1814.0,3 - 2,Konyaspor,1704,1699.0,3,2,Turkey,domestic league (tier 1)
2024/10/19,Süperlig,0,Trabzonspor,1811,1818.0,1 - 0,Istanbul Basaksehir,1811,1804.0,1,0,Turkey,domestic league (tier 1)
2024/11/03,Süperlig,0,Trabzonspor,1807,1800.0,2 - 3,Fenerbahçe,2033,2040.0,2,3,Turkey,domestic league (tier 1)
2024/11/25,Süperlig,0,Trabzonspor,1783,1789.0,5 - 0,Adana Demirspor,1588,1582.0,5,0,Turkey,domestic league (tier 1)
2024/12/06,Süperlig,0,Trabzonspor,1779,1774.0,2 - 2,Kasimpasa SK,1704,1709.0,2,2,Turkey,domestic league (tier 1)
2024/12/22,Süperlig,0,Trabzonspor,1772,1774.0,1 - 0,Bodrum FK,1452,1450.0,1,0,Turkey,domestic league (tier 1)
2025/01/08,Turkey Cup,0,Trabzonspor,1766,1777.0,3 - 0,Alanyaspor,1723,1712.0,3,0,Turkey,domestic cup
2025/01/12,Süperlig,0,Trabzonspor,1777,1786.0,5 - 0,Antalyaspor,1661,1652.0,5,0,Turkey,domestic league (tier 1)
2025/01/20,Süperlig,0,Trabzonspor,1786,1795.0,4 - 0,Sivasspor,1684,1675.0,4,0,Turkey,domestic league (tier 1)
2025/02/10,Süperlig,0,Trabzonspor,1792,1797.0,1 - 0,Eyüpspor,1719,1714.0,1,0,Turkey,domestic league (tier 1)
2025/02/23,Süperlig,0,Trabzonspor,1791,1796.0,3 - 2,Gaziantep FK,1694,1689.0,3,2,Turkey,domestic league (tier 1)
2025/02/26,Turkey Cup,0,Trabzonspor,1796,1804.0,5 - 2,Çaykur Rizespor,1676,1668.0,5,2,Turkey,domestic cup
2025/03/08,Süperlig,0,Trabzonspor,1794,1777.0,1 - 2,Hatayspor,1568,1585.0,1,2,Turkey,domestic league (tier 1)
2025/03/29,Süperlig,0,Trabzonspor,1799,1794.0,1 - 1,Göztepe,1721,1726.0,1,1,Turkey,domestic league (tier 1)
2025/04/02,Turkey Cup,0,Trabzonspor,1794,1796.0,3 - 2,Bodrum FK,1554,1552.0,3,2,Turkey,domestic cup
2025/04/13,Süperlig,0,Trabzonspor,1791,1797.0,2 - 0,Çaykur Rizespor,1647,1641.0,2,0,Turkey,domestic league (tier 1)
2025/04/24,Turkey Cup,0,Trabzonspor,1802,1810.0,2 - 0,Göztepe,1737,1729.0,2,0,Turkey,domestic cup
2025/04/27,Süperlig,0,Trabzonspor,1810,1814.0,4 - 3,Alanyaspor,1678,1674.0,4,3,Turkey,domestic league (tier 1)
2025/05/10,Süperlig,0,Trabzonspor,1814,1804.0,0 - 2,Galatasaray,2022,2032.0,0,2,Turkey,domestic league (tier 1)
2025/05/14,Turkey Cup,0,Trabzonspor,1804,1797.0,0 - 3,Galatasaray,2032,2039.0,0,3,Turkey,domestic cup
2025/05/25,Süperlig,0,Trabzonspor,1793,1789.0,2 - 2,Samsunspor,1745,1749.0,2,2,Turkey,domestic league (tier 1)
2025/08/11,Süperlig,0,Trabzonspor,1802,1804.0,1 - 0,Kocaelispor,1537,1535.0,1,0,Turkey,domestic league (tier 1)
2025/08/24,Süperlig,0,Trabzonspor,1814,1818.0,1 - 0,Antalyaspor,1653,1649.0,1,0,Turkey,domestic league (tier 1)
2025/08/31,Süperlig,0,Trabzonspor,1818,1814.0,1 - 1,Samsunspor,1762,1766.0,1,1,Turkey,domestic league (tier 1)
2025/09/20,Süperlig,0,Trabzonspor,1811,1805.0,1 - 1,Gaziantep FK,1685,1691.0,1,1,Turkey,domestic league (tier 1)
2025/10/03,Süperlig,0,Trabzonspor,1812,1819.0,4 - 0,Kayserispor,1658,1651.0,4,0,Turkey,domestic league (tier 1)
2025/10/25,Süperlig,0,Trabzonspor,1828,1833.0,2 - 0,Eyüpspor,1639,1634.0,2,0,Turkey,domestic league (tier 1)
2025/11/08,Süperlig,0,Trabzonspor,1841,1835.0,1 - 1,Alanyaspor,1717,1723.0,1,1,Turkey,domestic league (tier 1)
2025/11/29,Süperlig,0,Trabzonspor,1846,1851.0,3 - 1,Konyaspor,1669,1664.0,3,1,Turkey,domestic league (tier 1)
2025/12/03,Turkey Cup,0,Trabzonspor,1851,1852.0,2 - 0,Vanspor FK,1342,1341.0,2,0,Turkey,domestic cup
2025/12/14,Süperlig,0,Trabzonspor,1863,1859.0,3 - 3,Besiktas,1815,1819.0,3,3,Turkey,domestic league (tier 1)
2025/12/17,Turkey Cup,0,Trabzonspor,1859,1843.0,0 - 1,Alanyaspor,1722,1738.0,0,1,Turkey,domestic cup
2026/01/23,Süperlig,0,Trabzonspor,1839,1842.0,2 - 1,Kasimpasa SK,1650,1647.0,2,1,Turkey,domestic league (tier 1)
2026/02/03,Turkey Cup,0,Trabzonspor,1838,1839.0,3 - 0,Fethiyespor,1392,1391.0,3,0,Turkey,domestic cup
2026/02/14,Süperlig,0,Trabzonspor,1858,1850.0,2 - 3,Fenerbahçe,2032,2040.0,2,3,Turkey,domestic league (tier 1)
2026/02/27,Süperlig,0,Trabzonspor,1858,1861.0,3 - 1,Fatih Karagümrük,1559,1556.0,3,1,Turkey,domestic league (tier 1)
2026/03/14,Süperlig,0,Trabzonspor,1887,1890.0,1 - 0,Çaykur Rizespor,1704,1701.0,1,0,Turkey,domestic league (tier 1)
2026/04/04,Süperlig,0,Trabzonspor,1895,1907.0,2 - 1,Galatasaray,2065,2053.0,2,1,Turkey,domestic league (tier 1)
2026/04/19,Süperlig,0,Trabzonspor,1905,1900.0,1 - 1,Istanbul Basaksehir,1811,1816.0,1,1,Turkey,domestic league (tier 1)
2026/05/02,Süperlig,0,Trabzonspor,1887,1882.0,1 - 1,Göztepe,1781,1786.0,1,1,Turkey,domestic league (tier 1)
2026/05/17,Süperlig,0,Trabzonspor,1900,1869.0,0 - 3,Gençlerbirligi,1622,1653.0,0,3,Turkey,domestic league (tier 1)
2026/05/22,Turkey Cup,0,Trabzonspor,1869,1875.0,2 - 1,Konyaspor,1741,1735.0,2,1,Turkey,domestic cup
2026/08/23,Süperlig,0,Trabzonspor,1861,1867.0,2 - 1,Istanbul Basaksehir,1822,1816.0,2,1,Turkey,domestic league (tier 1)
2026/09/06,Süperlig,0,Trabzonspor,1842,,Info,Gençlerbirligi,1680,,,,Turkey,domestic league (tier 1)
2020/09/19,1. Lig,0,Tuzlaspor,1382,1391.0,1 - 0,Balikesirspor,1448,1439.0,1,0,Turkey,domestic league (tier 2)
2020/10/03,1. Lig,0,Tuzlaspor,1414,1416.0,3 - 3,Bursaspor,1585,1583.0,3,3,Turkey,domestic league (tier 2)
2020/10/22,1. Lig,0,Tuzlaspor,1430,1442.0,2 - 0,Ankaraspor,1463,1451.0,2,0,Turkey,domestic league (tier 2)
2020/11/22,1. Lig,0,Tuzlaspor,1462,1430.0,0 - 6,Bandirmaspor,1375,1407.0,0,6,Turkey,domestic league (tier 2)
2020/12/04,1. Lig,0,Tuzlaspor,1421,1436.0,2 - 0,Istanbulspor AS,1530,1515.0,2,0,Turkey,domestic league (tier 2)
2020/12/13,1. Lig,0,Tuzlaspor,1450,1460.0,1 - 0,Keçiörengücü,1565,1555.0,1,0,Turkey,domestic league (tier 2)
2020/12/26,1. Lig,0,Tuzlaspor,1479,1494.0,4 - 1,Altinordu FK,1522,1507.0,4,1,Turkey,domestic league (tier 2)
2020/12/30,1. Lig,0,Tuzlaspor,1494,1484.0,0 - 1,Altay Izmir,1583,1593.0,0,1,Turkey,domestic league (tier 2)
2021/01/24,1. Lig,0,Tuzlaspor,1466,1444.0,0 - 3,Akhisar Belediyespor,1482,1504.0,0,3,Turkey,domestic league (tier 2)
2021/02/06,1. Lig,0,Tuzlaspor,1461,1471.0,2 - 0,Menemen Belediyespor,1430,1420.0,2,0,Turkey,domestic league (tier 2)
2021/02/21,1. Lig,0,Tuzlaspor,1476,1462.0,0 - 1,Boluspor,1435,1449.0,0,1,Turkey,domestic league (tier 2)
2021/03/01,1. Lig,0,Tuzlaspor,1462,1467.0,3 - 2,Adanaspor,1373,1368.0,3,2,Turkey,domestic league (tier 2)
2021/03/14,1. Lig,0,Tuzlaspor,1456,1444.0,0 - 1,Ümraniyespor,1493,1505.0,0,1,Turkey,domestic league (tier 2)
2021/04/03,1. Lig,0,Tuzlaspor,1437,1422.0,0 - 2,Samsunspor,1532,1547.0,0,2,Turkey,domestic league (tier 2)
2021/04/13,1. Lig,0,Tuzlaspor,1418,1424.0,5 - 2,Eskisehirspor,1244,1238.0,5,2,Turkey,domestic league (tier 2)
2021/04/25,1. Lig,0,Tuzlaspor,1440,1429.0,0 - 3,Adana Demirspor,1681,1692.0,0,3,Turkey,domestic league (tier 2)
2021/05/09,1. Lig,0,Tuzlaspor,1424,1416.0,1 - 2,Giresunspor,1588,1596.0,1,2,Turkey,domestic league (tier 2)
2021/08/15,1. Lig,0,Tuzlaspor,1416,1418.0,1 - 1,MKE Ankaragücü,1569,1567.0,1,1,Turkey,domestic league (tier 2)
2021/08/27,1. Lig,0,Tuzlaspor,1442,1453.0,3 - 1,Boluspor,1451,1440.0,3,1,Turkey,domestic league (tier 2)
2021/09/19,1. Lig,0,Tuzlaspor,1464,1461.0,0 - 0,Bursaspor,1469,1472.0,0,0,Turkey,domestic league (tier 2)
2021/10/02,1. Lig,0,Tuzlaspor,1451,1460.0,1 - 0,Keçiörengücü,1524,1515.0,1,0,Turkey,domestic league (tier 2)
2021/10/23,1. Lig,0,Tuzlaspor,1455,1433.0,0 - 3,Bandirmaspor,1466,1488.0,0,3,Turkey,domestic league (tier 2)
2021/11/05,1. Lig,0,Tuzlaspor,1430,1445.0,3 - 0,Denizlispor,1476,1461.0,3,0,Turkey,domestic league (tier 2)
2021/12/11,1. Lig,0,Tuzlaspor,1459,1455.0,1 - 1,Menemen Belediyespor,1418,1422.0,1,1,Turkey,domestic league (tier 2)
2021/12/19,1. Lig,0,Tuzlaspor,1446,1430.0,0 - 1,Manisa FK,1322,1338.0,0,1,Turkey,domestic league (tier 2)
2021/12/22,1. Lig,0,Tuzlaspor,1430,1432.0,1 - 1,BB Erzurumspor,1601,1599.0,1,1,Turkey,domestic league (tier 2)
2022/01/16,1. Lig,0,Tuzlaspor,1434,1442.0,2 - 1,Altinordu FK,1465,1457.0,2,1,Turkey,domestic league (tier 2)
2022/02/05,1. Lig,0,Tuzlaspor,1442,1418.0,0 - 2,Balikesirspor,1296,1320.0,0,2,Turkey,domestic league (tier 2)
2022/02/19,1. Lig,0,Tuzlaspor,1432,1428.0,0 - 0,Kocaelispor,1366,1370.0,0,0,Turkey,domestic league (tier 2)
2022/03/06,1. Lig,0,Tuzlaspor,1437,1424.0,0 - 2,Istanbulspor AS,1576,1589.0,0,2,Turkey,domestic league (tier 2)
2022/04/01,1. Lig,0,Tuzlaspor,1417,1419.0,1 - 1,Ümraniyespor,1573,1571.0,1,1,Turkey,domestic league (tier 2)
2022/04/15,1. Lig,0,Tuzlaspor,1440,1455.0,4 - 0,Gençlerbirligi,1472,1457.0,4,0,Turkey,domestic league (tier 2)
2022/04/25,1. Lig,0,Tuzlaspor,1461,1472.0,4 - 1,Adanaspor,1423,1412.0,4,1,Turkey,domestic league (tier 2)
2022/05/08,1. Lig,0,Tuzlaspor,1473,1481.0,3 - 2,Eyüpspor,1498,1490.0,3,2,Turkey,domestic league (tier 2)
2022/05/20,1. Lig,0,Tuzlaspor,1464,1447.0,2 - 4,Samsunspor,1510,1527.0,2,4,Turkey,domestic league (tier 2)
2022/08/20,1. Lig,0,Tuzlaspor,1448,1432.0,0 - 2,Bandirmaspor,1527,1543.0,0,2,Turkey,domestic league (tier 2)
2022/09/03,1. Lig,0,Tuzlaspor,1417,1436.0,4 - 1,BB Erzurumspor,1539,1520.0,4,1,Turkey,domestic league (tier 2)
2022/09/18,1. Lig,0,Tuzlaspor,1450,1445.0,1 - 1,Pendikspor,1342,1347.0,1,1,Turkey,domestic league (tier 2)
2022/10/09,1. Lig,0,Tuzlaspor,1449,1435.0,0 - 1,Altinordu FK,1420,1434.0,0,1,Turkey,domestic league (tier 2)
2022/10/30,1. Lig,0,Tuzlaspor,1456,1440.0,1 - 3,Keçiörengücü,1535,1551.0,1,3,Turkey,domestic league (tier 2)
2022/11/13,1. Lig,0,Tuzlaspor,1432,1423.0,1 - 2,Samsunspor,1563,1572.0,1,2,Turkey,domestic league (tier 2)
2022/11/26,1. Lig,0,Tuzlaspor,1435,1431.0,0 - 0,Yeni Malatyaspor,1402,1406.0,0,0,Turkey,domestic league (tier 2)
2022/12/10,1. Lig,0,Tuzlaspor,1425,1417.0,0 - 1,Çaykur Rizespor,1609,1617.0,0,1,Turkey,domestic league (tier 2)
2022/12/24,1. Lig,0,Tuzlaspor,1407,1423.0,4 - 2,Altay Izmir,1528,1512.0,4,2,Turkey,domestic league (tier 2)
2023/01/15,1. Lig,0,Tuzlaspor,1423,1409.0,0 - 1,Adanaspor,1388,1402.0,0,1,Turkey,domestic league (tier 2)
2023/01/28,1. Lig,0,Tuzlaspor,1402,1389.0,2 - 3,Sakaryaspor,1398,1411.0,2,3,Turkey,domestic league (tier 2)
2023/03/04,1. Lig,0,Tuzlaspor,1404,1411.0,1 - 0,Gençlerbirligi,1388,1381.0,1,0,Turkey,domestic league (tier 2)
2023/03/11,1. Lig,0,Tuzlaspor,1405,1414.0,1 - 0,Boluspor,1471,1462.0,1,0,Turkey,domestic league (tier 2)
2023/03/25,1. Lig,0,Tuzlaspor,1405,1390.0,0 - 2,Göztepe,1503,1518.0,0,2,Turkey,domestic league (tier 2)
2023/04/07,1. Lig,0,Tuzlaspor,1406,1416.0,3 - 0,Denizlispor,1357,1347.0,3,0,Turkey,domestic league (tier 2)
2023/04/15,1. Lig,0,Tuzlaspor,1413,1402.0,0 - 1,Bodrumspor,1483,1494.0,0,1,Turkey,domestic league (tier 2)
2023/04/29,1. Lig,0,Tuzlaspor,1402,1402.0,0 - 0,Eyüpspor,1492,1492.0,0,0,Turkey,domestic league (tier 2)
2023/05/16,1. Lig,0,Tuzlaspor,1398,1387.0,1 - 2,Manisa FK,1480,1491.0,1,2,Turkey,domestic league (tier 2)
2023/08/13,1. Lig,0,Tuzlaspor,1379,1355.0,0 - 3,Çorum FK,1340,1364.0,0,3,Turkey,domestic league (tier 2)
2023/08/26,1. Lig,0,Tuzlaspor,1350,1334.0,0 - 5,Eyüpspor,1513,1529.0,0,5,Turkey,domestic league (tier 2)
2023/09/17,1. Lig,0,Tuzlaspor,1327,1336.0,2 - 1,Adanaspor,1384,1375.0,2,1,Turkey,domestic league (tier 2)
2023/09/30,1. Lig,0,Tuzlaspor,1331,1331.0,1 - 1,Sanliurfaspor,1446,1446.0,1,1,Turkey,domestic league (tier 2)
2023/10/21,1. Lig,0,Tuzlaspor,1355,1345.0,1 - 2,Kocaelispor,1445,1455.0,1,2,Turkey,domestic league (tier 2)
2023/10/28,1. Lig,0,Tuzlaspor,1345,1335.0,0 - 1,Erzurumspor FK,1437,1447.0,0,1,Turkey,domestic league (tier 2)
2023/11/11,1. Lig,0,Tuzlaspor,1341,1360.0,3 - 1,Giresunspor,1529,1510.0,3,1,Turkey,domestic league (tier 2)
2023/12/02,1. Lig,0,Tuzlaspor,1355,1357.0,1 - 1,Bandirmaspor,1523,1521.0,1,1,Turkey,domestic league (tier 2)
2023/12/19,1. Lig,0,Tuzlaspor,1364,1351.0,1 - 3,Sakaryaspor,1505,1518.0,1,3,Turkey,domestic league (tier 2)
2024/01/21,1. Lig,0,Tuzlaspor,1368,1379.0,2 - 0,Altay Izmir,1373,1362.0,2,0,Turkey,domestic league (tier 2)
2024/02/04,1. Lig,0,Tuzlaspor,1374,1383.0,2 - 1,Manisa FK,1429,1420.0,2,1,Turkey,domestic league (tier 2)
2024/02/17,1. Lig,0,Tuzlaspor,1375,1364.0,1 - 2,Boluspor,1454,1465.0,1,2,Turkey,domestic league (tier 2)
2024/03/02,1. Lig,0,Tuzlaspor,1368,1367.0,1 - 1,Keçiörengücü,1435,1436.0,1,1,Turkey,domestic league (tier 2)
2024/04/03,1. Lig,0,Tuzlaspor,1378,1378.0,1 - 1,Ümraniyespor,1485,1485.0,1,1,Turkey,domestic league (tier 2)
2024/04/14,1. Lig,0,Tuzlaspor,1398,1401.0,1 - 1,Göztepe,1619,1616.0,1,1,Turkey,domestic league (tier 2)
2024/04/28,1. Lig,0,Tuzlaspor,1406,1407.0,0 - 0,Bodrumspor,1547,1546.0,0,0,Turkey,domestic league (tier 2)
2024/05/11,1. Lig,0,Tuzlaspor,1431,1430.0,1 - 1,Gençlerbirligi,1484,1485.0,1,1,Turkey,domestic league (tier 2)
2024/10/10,Turkey Cup,0,Usakspor,1292,1284.0,0 - 1,Bursaspor,1470,1478.0,0,1,Turkey,domestic cup
2025/08/17,1. Lig,0,Vanspor FK,1279,1290.0,1 - 0,Erokspor,1418,1407.0,1,0,Turkey,domestic league (tier 2)
2025/08/29,1. Lig,0,Vanspor FK,1297,1291.0,1 - 2,Bandirmaspor,1547,1553.0,1,2,Turkey,domestic league (tier 2)
2025/09/20,1. Lig,0,Vanspor FK,1298,1303.0,0 - 0,Sivasspor,1593,1588.0,0,0,Turkey,domestic league (tier 2)
2025/09/29,1. Lig,0,Vanspor FK,1300,1321.0,3 - 0,Amed SFK,1472,1451.0,3,0,Turkey,domestic league (tier 2)
2025/10/18,1. Lig,0,Vanspor FK,1328,1330.0,1 - 1,Pendikspor,1514,1512.0,1,1,Turkey,domestic league (tier 2)
2025/11/02,1. Lig,0,Vanspor FK,1350,1361.0,3 - 2,Sakaryaspor,1486,1475.0,3,2,Turkey,domestic league (tier 2)
2025/11/23,1. Lig,0,Vanspor FK,1355,1355.0,1 - 1,Keçiörengücü,1469,1469.0,1,1,Turkey,domestic league (tier 2)
2025/11/29,1. Lig,0,Vanspor FK,1355,1342.0,0 - 1,Serik Belediyespor,1348,1361.0,0,1,Turkey,domestic league (tier 2)
2025/12/14,1. Lig,0,Vanspor FK,1335,1324.0,0 - 1,Ümraniyespor,1395,1406.0,0,1,Turkey,domestic league (tier 2)
2025/12/27,1. Lig,0,Vanspor FK,1350,1366.0,4 - 0,Hatayspor,1393,1377.0,4,0,Turkey,domestic league (tier 2)
2026/01/09,1. Lig,0,Vanspor FK,1366,1358.0,0 - 1,Boluspor,1541,1549.0,0,1,Turkey,domestic league (tier 2)
2026/01/24,1. Lig,0,Vanspor FK,1364,1383.0,3 - 0,Igdir FK,1487,1468.0,3,0,Turkey,domestic league (tier 2)
2026/02/07,1. Lig,0,Vanspor FK,1377,1394.0,3 - 1,Çorum FK,1525,1508.0,3,1,Turkey,domestic league (tier 2)
2026/02/19,1. Lig,0,Vanspor FK,1400,1418.0,3 - 1,Bodrum FK,1568,1550.0,3,1,Turkey,domestic league (tier 2)
2026/02/28,1. Lig,0,Vanspor FK,1414,1402.0,0 - 3,Erzurumspor FK,1636,1648.0,0,3,Turkey,domestic league (tier 2)
2026/03/10,1. Lig,0,Vanspor FK,1407,1410.0,1 - 0,Adana Demirspor,1197,1194.0,1,0,Turkey,domestic league (tier 2)
2026/03/22,1. Lig,0,Vanspor FK,1402,1400.0,0 - 0,Sariyer SK,1433,1435.0,0,0,Turkey,domestic league (tier 2)
2026/04/12,1. Lig,0,Vanspor FK,1412,1400.0,0 - 1,Manisa FK,1457,1469.0,0,1,Turkey,domestic league (tier 2)
2026/04/25,1. Lig,0,Vanspor FK,1414,1398.0,1 - 3,Istanbulspor AS,1491,1507.0,1,3,Turkey,domestic league (tier 2)
2026/08/09,1. Lig,0,Vanspor FK,1382,1372.0,0 - 2,Kayserispor,1603,1613.0,0,2,Turkey,domestic league (tier 2)
2026/08/23,1. Lig,0,Vanspor FK,1364,1375.0,3 - 2,Istanbulspor AS,1497,1486.0,3,2,Turkey,domestic league (tier 2)
2026/09/02,1. Lig,0,Vanspor FK,1376,1355.0,0 - 2,Batman Petrolspor,1320,1341.0,0,2,Turkey,domestic league (tier 2)
2016/08/28,1. Lig,0,Yeni Malatyaspor,1425,1435.0,1 - 0,Samsunspor,1524,1514.0,1,0,Turkey,domestic league (tier 2)
2016/09/17,1. Lig,0,Yeni Malatyaspor,1438,1451.0,2 - 0,Gaziantep FK (as Gazisehir Gaziantep FK),1493,1480.0,2,0,Turkey,domestic league (tier 2)
2016/10/02,1. Lig,0,Yeni Malatyaspor,1445,1455.0,2 - 1,Balikesirspor,1542,1532.0,2,1,Turkey,domestic league (tier 2)
2016/10/21,1. Lig,0,Yeni Malatyaspor,1468,1476.0,3 - 1,Manisaspor,1388,1380.0,3,1,Turkey,domestic league (tier 2)
2016/11/06,1. Lig,0,Yeni Malatyaspor,1489,1493.0,2 - 1,Ümraniyespor,1365,1361.0,2,1,Turkey,domestic league (tier 2)
2016/11/28,1. Lig,0,Yeni Malatyaspor,1487,1484.0,1 - 1,Giresunspor,1492,1495.0,1,1,Turkey,domestic league (tier 2)
2016/12/11,1. Lig,0,Yeni Malatyaspor,1474,1458.0,0 - 1,Bandirmaspor,1359,1375.0,0,1,Turkey,domestic league (tier 2)
2016/12/18,1. Lig,0,Yeni Malatyaspor,1458,1457.0,1 - 1,Adana Demirspor,1515,1516.0,1,1,Turkey,domestic league (tier 2)
2017/01/14,1. Lig,0,Yeni Malatyaspor,1483,1484.0,0 - 0,Sivasspor,1603,1602.0,0,0,Turkey,domestic league (tier 2)
2017/01/21,1. Lig,0,Yeni Malatyaspor,1484,1489.0,2 - 1,Mersin Idmanyurdu,1403,1398.0,2,1,Turkey,domestic league (tier 2)
2017/02/11,1. Lig,0,Yeni Malatyaspor,1473,1485.0,3 - 1,Denizlispor,1494,1482.0,3,1,Turkey,domestic league (tier 2)
2017/02/26,1. Lig,0,Yeni Malatyaspor,1497,1508.0,2 - 0,Altinordu FK,1494,1483.0,2,0,Turkey,domestic league (tier 2)
2017/03/11,1. Lig,0,Yeni Malatyaspor,1512,1518.0,2 - 1,Sanliurfaspor,1450,1444.0,2,1,Turkey,domestic league (tier 2)
2017/04/01,1. Lig,0,Yeni Malatyaspor,1535,1542.0,1 - 0,Elazigspor,1514,1507.0,1,0,Turkey,domestic league (tier 2)
2017/04/18,1. Lig,0,Yeni Malatyaspor,1534,1522.0,1 - 2,Eskisehirspor,1581,1593.0,1,2,Turkey,domestic league (tier 2)
2017/04/29,1. Lig,0,Yeni Malatyaspor,1525,1530.0,1 - 0,Göztepe,1455,1450.0,1,0,Turkey,domestic league (tier 2)
2017/05/14,1. Lig,0,Yeni Malatyaspor,1519,1515.0,1 - 1,Boluspor,1471,1475.0,1,1,Turkey,domestic league (tier 2)
2017/08/13,Süperlig,0,Yeni Malatyaspor,1506,1524.0,3 - 1,Ankaraspor (as Osmanlispor FK),1669,1651.0,3,1,Turkey,domestic league (tier 1)
2017/08/26,Süperlig,0,Yeni Malatyaspor,1517,1521.0,1 - 1,Antalyaspor,1753,1749.0,1,1,Turkey,domestic league (tier 1)
2017/09/16,Süperlig,0,Yeni Malatyaspor,1518,1504.0,2 - 4,Bursaspor,1631,1645.0,2,4,Turkey,domestic league (tier 1)
2017/10/01,Süperlig,0,Yeni Malatyaspor,1528,1531.0,1 - 1,Konyaspor,1718,1715.0,1,1,Turkey,domestic league (tier 1)
2017/10/21,Süperlig,0,Yeni Malatyaspor,1529,1542.0,1 - 0,Trabzonspor,1719,1706.0,1,0,Turkey,domestic league (tier 1)
2017/11/05,Süperlig,0,Yeni Malatyaspor,1558,1552.0,0 - 2,Istanbul Basaksehir (as Istanbul Basaksehir F.K.),1887,1893.0,0,2,Turkey,domestic league (tier 1)
2017/11/25,Süperlig,0,Yeni Malatyaspor,1548,1556.0,0 - 0,Besiktas,1998,1990.0,0,0,Turkey,domestic league (tier 1)
2017/12/09,Süperlig,0,Yeni Malatyaspor,1555,1544.0,2 - 3,Göztepe,1612,1623.0,2,3,Turkey,domestic league (tier 1)
2017/12/17,Süperlig,0,Yeni Malatyaspor,1544,1559.0,2 - 1,Galatasaray,1849,1834.0,2,1,Turkey,domestic league (tier 1)
2018/01/28,Süperlig,0,Yeni Malatyaspor,1581,1590.0,1 - 0,Sivasspor,1657,1648.0,1,0,Turkey,domestic league (tier 1)
2018/02/09,Süperlig,0,Yeni Malatyaspor,1582,1581.0,1 - 1,Kasimpasa SK,1647,1648.0,1,1,Turkey,domestic league (tier 1)
2018/02/25,Süperlig,0,Yeni Malatyaspor,1586,1595.0,3 - 1,Karabükspor,1536,1527.0,3,1,Turkey,domestic league (tier 1)
2018/03/11,Süperlig,0,Yeni Malatyaspor,1610,1603.0,0 - 2,Fenerbahçe,1908,1915.0,0,2,Turkey,domestic league (tier 1)
2018/03/31,Süperlig,0,Yeni Malatyaspor,1597,1614.0,4 - 1,Gençlerbirligi,1682,1665.0,4,1,Turkey,domestic league (tier 1)
2018/04/14,Süperlig,0,Yeni Malatyaspor,1612,1610.0,1 - 1,Alanyaspor,1644,1646.0,1,1,Turkey,domestic league (tier 1)
2018/04/29,Süperlig,0,Yeni Malatyaspor,1608,1608.0,0 - 0,Akhisar Belediyespor,1695,1695.0,0,0,Turkey,domestic league (tier 1)
2018/05/18,Süperlig,0,Yeni Malatyaspor,1609,1618.0,3 - 2,Kayserispor,1666,1657.0,3,2,Turkey,domestic league (tier 1)
2018/08/18,Süperlig,0,Yeni Malatyaspor,1638,1653.0,1 - 0,Fenerbahçe,1936,1921.0,1,0,Turkey,domestic league (tier 1)
2018/08/31,Süperlig,0,Yeni Malatyaspor,1656,1644.0,0 - 1,Konyaspor,1699,1711.0,0,1,Turkey,domestic league (tier 1)
2018/09/22,Süperlig,0,Yeni Malatyaspor,1642,1649.0,1 - 0,Çaykur Rizespor,1641,1634.0,1,0,Turkey,domestic league (tier 1)
2018/10/07,Süperlig,0,Yeni Malatyaspor,1657,1654.0,4 - 4,Sivasspor,1664,1667.0,4,4,Turkey,domestic league (tier 1)
2018/10/28,Süperlig,0,Yeni Malatyaspor,1644,1665.0,2 - 0,Galatasaray,1884,1863.0,2,0,Turkey,domestic league (tier 1)
2018/11/09,Süperlig,0,Yeni Malatyaspor,1677,1696.0,5 - 0,Trabzonspor,1764,1745.0,5,0,Turkey,domestic league (tier 1)
2018/12/03,Süperlig,0,Yeni Malatyaspor,1685,1681.0,1 - 1,Akhisar Belediyespor,1656,1660.0,1,1,Turkey,domestic league (tier 1)
2018/12/16,Süperlig,0,Yeni Malatyaspor,1695,1706.0,2 - 0,Antalyaspor,1697,1686.0,2,0,Turkey,domestic league (tier 1)
2019/01/19,Süperlig,0,Yeni Malatyaspor,1707,1713.0,3 - 2,Göztepe,1660,1654.0,3,2,Turkey,domestic league (tier 1)
2019/02/02,Süperlig,0,Yeni Malatyaspor,1707,1703.0,1 - 1,Kayserispor,1646,1650.0,1,1,Turkey,domestic league (tier 1)
2019/02/15,Süperlig,0,Yeni Malatyaspor,1712,1704.0,1 - 2,Besiktas,1886,1894.0,1,2,Turkey,domestic league (tier 1)
2019/03/03,Süperlig,0,Yeni Malatyaspor,1681,1671.0,0 - 2,Istanbul Basaksehir (as Istanbul Basaksehir F.K.),1900,1910.0,0,2,Turkey,domestic league (tier 1)
2019/03/17,Süperlig,0,Yeni Malatyaspor,1660,1668.0,3 - 1,MKE Ankaragücü,1591,1583.0,3,1,Turkey,domestic league (tier 1)
2019/04/14,Süperlig,0,Yeni Malatyaspor,1669,1666.0,1 - 1,Alanyaspor,1667,1670.0,1,1,Turkey,domestic league (tier 1)
2019/04/29,Süperlig,0,Yeni Malatyaspor,1648,1655.0,2 - 1,Kasimpasa SK,1634,1627.0,2,1,Turkey,domestic league (tier 1)
2019/05/12,Süperlig,0,Yeni Malatyaspor,1675,1683.0,3 - 1,BB Erzurumspor,1596,1588.0,3,1,Turkey,domestic league (tier 1)
2019/05/26,Süperlig,0,Yeni Malatyaspor,1667,1653.0,1 - 2,Bursaspor,1611,1625.0,1,2,Turkey,domestic league (tier 1)
2019/08/18,Süperlig,0,Yeni Malatyaspor,1670,1691.0,3 - 0,Istanbul Basaksehir (as Istanbul Basaksehir F.K.),1840,1819.0,3,0,Turkey,domestic league (tier 1)
2019/09/01,Süperlig,0,Yeni Malatyaspor,1687,1674.0,2 - 3,Alanyaspor,1688,1701.0,2,3,Turkey,domestic league (tier 1)
2019/09/22,Süperlig,0,Yeni Malatyaspor,1695,1697.0,1 - 1,Galatasaray,1883,1881.0,1,1,Turkey,domestic league (tier 1)
2019/10/04,Süperlig,0,Yeni Malatyaspor,1680,1693.0,5 - 1,Denizlispor,1666,1653.0,5,1,Turkey,domestic league (tier 1)
2019/10/27,Süperlig,0,Yeni Malatyaspor,1713,1722.0,4 - 0,Kayserispor,1608,1599.0,4,0,Turkey,domestic league (tier 1)
2019/11/24,Süperlig,0,Yeni Malatyaspor,1723,1722.0,0 - 0,Fenerbahçe,1799,1800.0,0,0,Turkey,domestic league (tier 1)
2019/12/07,Süperlig,0,Yeni Malatyaspor,1727,1709.0,1 - 3,Sivasspor,1754,1772.0,1,3,Turkey,domestic league (tier 1)
2019/12/21,Süperlig,0,Yeni Malatyaspor,1730,1707.0,0 - 2,Çaykur Rizespor,1637,1660.0,0,2,Turkey,domestic league (tier 1)
2020/02/07,Süperlig,0,Yeni Malatyaspor,1697,1681.0,0 - 1,MKE Ankaragücü,1549,1565.0,0,1,Turkey,domestic league (tier 1)
2020/02/23,Süperlig,0,Yeni Malatyaspor,1678,1664.0,1 - 2,Antalyaspor,1629,1643.0,1,2,Turkey,domestic league (tier 1)
2020/03/07,Süperlig,0,Yeni Malatyaspor,1651,1647.0,1 - 1,Konyaspor,1614,1618.0,1,1,Turkey,domestic league (tier 1)
2020/03/11,Süperlig,0,Yeni Malatyaspor,1647,1637.0,1 - 3,Trabzonspor,1860,1870.0,1,3,Turkey,domestic league (tier 1)
2020/06/13,Süperlig,0,Yeni Malatyaspor,1628,1615.0,1 - 2,Kasimpasa SK,1621,1634.0,1,2,Turkey,domestic league (tier 1)
2020/06/20,Süperlig,0,Yeni Malatyaspor,1615,1624.0,2 - 1,Göztepe,1676,1667.0,2,1,Turkey,domestic league (tier 1)
2020/07/04,Süperlig,0,Yeni Malatyaspor,1620,1616.0,0 - 0,Gençlerbirligi,1592,1596.0,0,0,Turkey,domestic league (tier 1)
2020/07/13,Süperlig,0,Yeni Malatyaspor,1632,1623.0,0 - 1,Besiktas,1781,1790.0,0,1,Turkey,domestic league (tier 1)
2020/07/25,Süperlig,0,Yeni Malatyaspor,1610,1599.0,0 - 1,Gaziantep FK,1665,1676.0,0,1,Turkey,domestic league (tier 1)
2020/09/18,Süperlig,0,Yeni Malatyaspor,1586,1585.0,1 - 1,Göztepe,1659,1660.0,1,1,Turkey,domestic league (tier 1)
2020/10/03,Süperlig,0,Yeni Malatyaspor,1582,1593.0,1 - 0,Antalyaspor,1706,1695.0,1,0,Turkey,domestic league (tier 1)
2020/10/25,Süperlig,0,Yeni Malatyaspor,1598,1605.0,2 - 1,Gençlerbirligi,1594,1587.0,2,1,Turkey,domestic league (tier 1)
2020/11/08,Süperlig,0,Yeni Malatyaspor,1602,1613.0,2 - 0,Denizlispor,1604,1593.0,2,0,Turkey,domestic league (tier 1)
2020/12/05,Süperlig,0,Yeni Malatyaspor,1618,1621.0,1 - 1,Istanbul Basaksehir,1841,1838.0,1,1,Turkey,domestic league (tier 1)
2020/12/19,Süperlig,0,Yeni Malatyaspor,1650,1663.0,2 - 0,Kasimpasa SK,1697,1684.0,2,0,Turkey,domestic league (tier 1)
2020/12/27,Süperlig,0,Yeni Malatyaspor,1669,1647.0,1 - 3,BB Erzurumspor,1579,1601.0,1,3,Turkey,domestic league (tier 1)
2021/01/05,Süperlig,0,Yeni Malatyaspor,1633,1632.0,2 - 2,Sivasspor,1711,1712.0,2,2,Turkey,domestic league (tier 1)
2021/01/17,Süperlig,0,Yeni Malatyaspor,1626,1639.0,4 - 1,Çaykur Rizespor,1634,1621.0,4,1,Turkey,domestic league (tier 1)
2021/01/24,Süperlig,0,Yeni Malatyaspor,1654,1646.0,0 - 1,Galatasaray,1838,1846.0,0,1,Turkey,domestic league (tier 1)
2021/01/29,Süperlig,0,Yeni Malatyaspor,1646,1643.0,0 - 0,Fatih Karagümrük SK,1654,1657.0,0,0,Turkey,domestic league (tier 1)
2021/02/08,Süperlig,0,Yeni Malatyaspor,1646,1635.0,0 - 2,Trabzonspor,1847,1858.0,0,2,Turkey,domestic league (tier 1)
2021/02/20,Süperlig,0,Yeni Malatyaspor,1640,1628.0,2 - 3,Konyaspor,1658,1670.0,2,3,Turkey,domestic league (tier 1)
2021/03/02,Süperlig,0,Yeni Malatyaspor,1628,1622.0,0 - 1,Besiktas,1862,1868.0,0,1,Turkey,domestic league (tier 1)
2021/03/20,Süperlig,0,Yeni Malatyaspor,1613,1613.0,2 - 2,Gaziantep FK,1716,1716.0,2,2,Turkey,domestic league (tier 1)
2021/04/08,Süperlig,0,Yeni Malatyaspor,1606,1609.0,1 - 1,Fenerbahçe,1804,1801.0,1,1,Turkey,domestic league (tier 1)
2021/04/17,Süperlig,0,Yeni Malatyaspor,1612,1623.0,1 - 0,Alanyaspor,1756,1745.0,1,0,Turkey,domestic league (tier 1)
2021/04/25,Süperlig,0,Yeni Malatyaspor,1615,1622.0,2 - 1,MKE Ankaragücü,1615,1608.0,2,1,Turkey,domestic league (tier 1)
2021/05/03,Süperlig,0,Yeni Malatyaspor,1618,1615.0,1 - 1,Kayserispor,1611,1614.0,1,1,Turkey,domestic league (tier 1)
2021/05/11,Süperlig,0,Yeni Malatyaspor,1641,1641.0,1 - 1,Hatayspor,1731,1731.0,1,1,Turkey,domestic league (tier 1)
2021/08/16,Süperlig,0,Yeni Malatyaspor,1637,1624.0,1 - 5,Trabzonspor,1838,1851.0,1,5,Turkey,domestic league (tier 1)
2021/08/28,Süperlig,0,Yeni Malatyaspor,1637,1650.0,2 - 0,Gaziantep FK,1688,1675.0,2,0,Turkey,domestic league (tier 1)
2021/09/17,Süperlig,0,Yeni Malatyaspor,1645,1634.0,3 - 4,Fatih Karagümrük SK,1711,1722.0,3,4,Turkey,domestic league (tier 1)
2021/09/21,Süperlig,0,Yeni Malatyaspor,1634,1625.0,0 - 1,Sivasspor,1759,1768.0,0,1,Turkey,domestic league (tier 1)
2021/10/03,Süperlig,0,Yeni Malatyaspor,1618,1604.0,0 - 2,Hatayspor,1748,1762.0,0,2,Turkey,domestic league (tier 1)
2021/10/22,Süperlig,0,Yeni Malatyaspor,1627,1635.0,2 - 1,Altay Izmir,1639,1631.0,2,1,Turkey,domestic league (tier 1)
2021/11/06,Süperlig,0,Yeni Malatyaspor,1623,1608.0,1 - 3,Istanbul Basaksehir,1724,1739.0,1,3,Turkey,domestic league (tier 1)
2021/11/28,Süperlig,0,Yeni Malatyaspor,1600,1605.0,0 - 0,Galatasaray,1880,1875.0,0,0,Turkey,domestic league (tier 1)
2021/12/02,Turkey Cup,0,Yeni Malatyaspor,1605,1610.0,3 - 1,Akhisar Belediyespor,1425,1420.0,3,1,Turkey,domestic cup
2021/12/12,Süperlig,0,Yeni Malatyaspor,1616,1597.0,2 - 6,Alanyaspor,1717,1736.0,2,6,Turkey,domestic league (tier 1)
2021/12/23,Süperlig,0,Yeni Malatyaspor,1589,1587.0,2 - 2,Kayserispor,1631,1633.0,2,2,Turkey,domestic league (tier 1)
2021/12/30,Turkey Cup,0,Yeni Malatyaspor,1583,1569.0,2 - 3,Bandirmaspor,1515,1529.0,2,3,Turkey,domestic cup
2022/01/14,Süperlig,0,Yeni Malatyaspor,1567,1556.0,1 - 2,Göztepe,1617,1628.0,1,2,Turkey,domestic league (tier 1)
2022/01/22,Süperlig,0,Yeni Malatyaspor,1562,1565.0,1 - 1,Besiktas,1777,1774.0,1,1,Turkey,domestic league (tier 1)
2022/02/19,Süperlig,0,Yeni Malatyaspor,1557,1548.0,1 - 2,Antalyaspor,1677,1686.0,1,2,Turkey,domestic league (tier 1)
2022/03/04,Süperlig,0,Yeni Malatyaspor,1546,1560.0,1 - 0,Adana Demirspor,1791,1777.0,1,0,Turkey,domestic league (tier 1)
2022/03/19,Süperlig,0,Yeni Malatyaspor,1554,1540.0,0 - 2,Kasimpasa SK,1680,1694.0,0,2,Turkey,domestic league (tier 1)
2022/04/10,Süperlig,0,Yeni Malatyaspor,1537,1527.0,0 - 1,Giresunspor,1629,1639.0,0,1,Turkey,domestic league (tier 1)
2022/04/24,Süperlig,0,Yeni Malatyaspor,1523,1517.0,2 - 3,Konyaspor,1772,1778.0,2,3,Turkey,domestic league (tier 1)
2022/05/08,Süperlig,0,Yeni Malatyaspor,1514,1498.0,1 - 3,Çaykur Rizespor,1597,1613.0,1,3,Turkey,domestic league (tier 1)
2022/05/21,Süperlig,0,Yeni Malatyaspor,1492,1485.0,0 - 5,Fenerbahçe,1868,1875.0,0,5,Turkey,domestic league (tier 1)
2022/08/21,1. Lig,0,Yeni Malatyaspor,1467,1462.0,1 - 1,Adanaspor,1392,1397.0,1,1,Turkey,domestic league (tier 2)
2022/09/03,1. Lig,0,Yeni Malatyaspor,1456,1439.0,0 - 4,Çaykur Rizespor,1590,1607.0,0,4,Turkey,domestic league (tier 2)
2022/09/16,1. Lig,0,Yeni Malatyaspor,1441,1440.0,0 - 0,Altay Izmir,1523,1524.0,0,0,Turkey,domestic league (tier 2)
2022/10/09,1. Lig,0,Yeni Malatyaspor,1426,1416.0,0 - 1,BB Erzurumspor,1519,1529.0,0,1,Turkey,domestic league (tier 2)
2022/10/23,1. Lig,0,Yeni Malatyaspor,1439,1427.0,0 - 1,Göztepe,1471,1483.0,0,1,Turkey,domestic league (tier 2)
2022/11/05,1. Lig,0,Yeni Malatyaspor,1451,1447.0,2 - 2,Gençlerbirligi,1414,1418.0,2,2,Turkey,domestic league (tier 2)
2022/11/08,Turkey Cup,0,Yeni Malatyaspor,1447,1430.0,0 - 1,Usakspor,1277,1294.0,0,1,Turkey,domestic cup
2022/11/18,1. Lig,0,Yeni Malatyaspor,1425,1402.0,0 - 3,Pendikspor,1403,1426.0,0,3,Turkey,domestic league (tier 2)
2022/12/17,1. Lig,0,Yeni Malatyaspor,1413,1424.0,1 - 0,Keçiörengücü,1550,1539.0,1,0,Turkey,domestic league (tier 2)
2023/01/15,1. Lig,0,Yeni Malatyaspor,1411,1393.0,1 - 3,Bodrumspor,1437,1455.0,1,3,Turkey,domestic league (tier 2)
2023/01/29,1. Lig,0,Yeni Malatyaspor,1396,1407.0,2 - 1,Eyüpspor,1546,1535.0,2,1,Turkey,domestic league (tier 2)
2024/08/25,1. Lig,0,Yeni Malatyaspor,1401,1389.0,0 - 1,Keçiörengücü,1418,1430.0,0,1,Turkey,domestic league (tier 2)
2024/09/14,1. Lig,0,Yeni Malatyaspor,1379,1360.0,0 - 4,Çorum FK,1479,1498.0,0,4,Turkey,domestic league (tier 2)
2024/09/29,1. Lig,0,Yeni Malatyaspor,1341,1321.0,2 - 4,Amed SK,1323,1343.0,2,4,Turkey,domestic league (tier 2)
2024/10/18,1. Lig,0,Yeni Malatyaspor,1313,1305.0,0 - 3,MKE Ankaragücü,1630,1638.0,0,3,Turkey,domestic league (tier 2)
2024/11/03,1. Lig,0,Yeni Malatyaspor,1300,1288.0,0 - 2,Sakaryaspor,1482,1494.0,0,2,Turkey,domestic league (tier 2)
2024/11/23,1. Lig,0,Yeni Malatyaspor,1286,1272.0,1 - 4,Istanbulspor AS,1462,1476.0,1,4,Turkey,domestic league (tier 2)
2024/12/07,1. Lig,0,Yeni Malatyaspor,1269,1260.0,1 - 3,Kocaelispor,1521,1530.0,1,3,Turkey,domestic league (tier 2)
2025/01/04,1. Lig,0,Yeni Malatyaspor,1243,1233.0,2 - 4,Boluspor,1455,1465.0,2,4,Turkey,domestic league (tier 2)
2025/01/25,1. Lig,0,Yeni Malatyaspor,1225,1216.0,0 - 1,Erokspor,1355,1364.0,0,1,Turkey,domestic league (tier 2)
2025/02/08,1. Lig,0,Yeni Malatyaspor,1210,1199.0,0 - 7,Erzurumspor FK,1497,1508.0,0,7,Turkey,domestic league (tier 2)
2025/02/15,1. Lig,0,Yeni Malatyaspor,1196,1182.0,0 - 6,Manisa FK,1412,1426.0,0,6,Turkey,domestic league (tier 2)
2025/03/01,1. Lig,0,Yeni Malatyaspor,1176,1166.0,1 - 4,Sanliurfaspor,1433,1443.0,1,4,Turkey,domestic league (tier 2)
2025/03/09,1. Lig,0,Yeni Malatyaspor,1164,1155.0,0 - 5,Ümraniyespor,1468,1477.0,0,5,Turkey,domestic league (tier 2)
2025/03/29,1. Lig,0,Yeni Malatyaspor,1152,1149.0,0 - 2,Fatih Karagümrük,1636,1639.0,0,2,Turkey,domestic league (tier 2)
2025/04/10,1. Lig,0,Yeni Malatyaspor,1147,1142.0,1 - 3,Bandirmaspor,1515,1520.0,1,3,Turkey,domestic league (tier 2)
2025/04/20,1. Lig,0,Yeni Malatyaspor,1140,1126.0,0 - 4,Adanaspor,1328,1342.0,0,4,Turkey,domestic league (tier 2)
2025/04/27,1. Lig,0,Yeni Malatyaspor,1126,1115.0,0 - 9,Igdir FK,1453,1464.0,0,9,Turkey,domestic league (tier 2)
2025/05/10,1. Lig,0,Yeni Malatyaspor,1112,1107.0,0 - 5,Gençlerbirligi,1558,1563.0,0,5,Turkey,domestic league (tier 2)
2016/08/20,Süperlig,0,Çaykur Rizespor,1654,1656.0,1 - 1,Konyaspor,1819,1817.0,1,1,Turkey,domestic league (tier 1)
2016/09/11,Süperlig,0,Çaykur Rizespor,1641,1649.0,1 - 0,Akhisar Belediyespor,1688,1680.0,1,0,Turkey,domestic league (tier 1)
2016/10/01,Süperlig,0,Çaykur Rizespor,1638,1633.0,0 - 1,Besiktas,1913,1918.0,0,1,Turkey,domestic league (tier 1)
2016/10/21,Süperlig,0,Çaykur Rizespor,1636,1646.0,2 - 1,Gençlerbirligi,1723,1713.0,2,1,Turkey,domestic league (tier 1)
2016/11/06,Süperlig,0,Çaykur Rizespor,1653,1647.0,2 - 2,Adanaspor,1526,1532.0,2,2,Turkey,domestic league (tier 1)
2016/11/27,Süperlig,0,Çaykur Rizespor,1644,1636.0,1 - 5,Fenerbahçe,1970,1978.0,1,5,Turkey,domestic league (tier 1)
2016/12/10,Süperlig,0,Çaykur Rizespor,1632,1620.0,0 - 1,Kasimpasa SK,1672,1684.0,0,1,Turkey,domestic league (tier 1)
2016/12/25,Süperlig,0,Çaykur Rizespor,1659,1650.0,0 - 1,Ankaraspor (as Osmanlispor FK),1800,1809.0,0,1,Turkey,domestic league (tier 1)
2017/01/28,Süperlig,0,Çaykur Rizespor,1644,1651.0,1 - 0,Karabükspor,1627,1620.0,1,0,Turkey,domestic league (tier 1)
2017/02/18,Süperlig,0,Çaykur Rizespor,1653,1656.0,1 - 1,Galatasaray,1842,1839.0,1,1,Turkey,domestic league (tier 1)
2017/02/24,Süperlig,0,Çaykur Rizespor,1656,1638.0,2 - 4,Kayserispor,1678,1696.0,2,4,Turkey,domestic league (tier 1)
2017/03/12,Süperlig,0,Çaykur Rizespor,1628,1617.0,1 - 2,Antalyaspor,1707,1718.0,1,2,Turkey,domestic league (tier 1)
2017/04/02,Süperlig,0,Çaykur Rizespor,1612,1603.0,0 - 1,Trabzonspor,1745,1754.0,0,1,Turkey,domestic league (tier 1)
2017/04/22,Süperlig,0,Çaykur Rizespor,1620,1624.0,3 - 3,Istanbul Basaksehir (as Istanbul Basaksehir F.K.),1875,1871.0,3,3,Turkey,domestic league (tier 1)
2017/05/07,Süperlig,0,Çaykur Rizespor,1622,1637.0,6 - 0,Bursaspor,1625,1610.0,6,0,Turkey,domestic league (tier 1)
2017/05/20,Süperlig,0,Çaykur Rizespor,1630,1638.0,2 - 0,Gaziantepspor,1566,1558.0,2,0,Turkey,domestic league (tier 1)
2017/06/03,Süperlig,0,Çaykur Rizespor,1652,1659.0,1 - 0,Alanyaspor,1647,1640.0,1,0,Turkey,domestic league (tier 1)
2017/08/12,1. Lig,0,Çaykur Rizespor,1659,1664.0,4 - 1,Manisaspor,1453,1448.0,4,1,Turkey,domestic league (tier 2)
2017/08/26,1. Lig,0,Çaykur Rizespor,1675,1678.0,2 - 0,BB Erzurumspor,1408,1405.0,2,0,Turkey,domestic league (tier 2)
2017/09/17,1. Lig,0,Çaykur Rizespor,1687,1655.0,1 - 4,MKE Ankaragücü,1365,1397.0,1,4,Turkey,domestic league (tier 2)
2017/10/15,1. Lig,0,Çaykur Rizespor,1638,1631.0,1 - 1,Samsunspor,1435,1442.0,1,1,Turkey,domestic league (tier 2)
2017/10/30,1. Lig,0,Çaykur Rizespor,1612,1615.0,1 - 0,Boluspor,1431,1428.0,1,0,Turkey,domestic league (tier 2)
2017/11/19,1. Lig,0,Çaykur Rizespor,1605,1610.0,3 - 0,Istanbulspor AS,1384,1379.0,3,0,Turkey,domestic league (tier 2)
2017/12/02,1. Lig,0,Çaykur Rizespor,1611,1614.0,3 - 2,Denizlispor,1409,1406.0,3,2,Turkey,domestic league (tier 2)
2017/12/16,1. Lig,0,Çaykur Rizespor,1605,1616.0,4 - 0,Ümraniyespor,1541,1530.0,4,0,Turkey,domestic league (tier 2)
2018/01/28,1. Lig,0,Çaykur Rizespor,1639,1642.0,1 - 0,Adana Demirspor,1431,1428.0,1,0,Turkey,domestic league (tier 2)
2018/02/10,1. Lig,0,Çaykur Rizespor,1639,1612.0,0 - 3,Altinordu FK,1531,1558.0,0,3,Turkey,domestic league (tier 2)
2018/02/20,1. Lig,0,Çaykur Rizespor,1626,1634.0,3 - 0,Balikesirspor,1505,1497.0,3,0,Turkey,domestic league (tier 2)
2018/02/25,1. Lig,0,Çaykur Rizespor,1634,1629.0,1 - 1,Elazigspor,1528,1533.0,1,1,Turkey,domestic league (tier 2)
2018/03/07,1. Lig,0,Çaykur Rizespor,1626,1629.0,5 - 1,Gaziantepspor,1299,1296.0,5,1,Turkey,domestic league (tier 2)
2018/03/17,1. Lig,0,Çaykur Rizespor,1641,1634.0,1 - 1,Adanaspor,1437,1444.0,1,1,Turkey,domestic league (tier 2)
2018/04/08,1. Lig,0,Çaykur Rizespor,1641,1647.0,4 - 1,Eskisehirspor,1474,1468.0,4,1,Turkey,domestic league (tier 2)
2018/04/22,1. Lig,0,Çaykur Rizespor,1644,1648.0,1 - 0,Giresunspor,1495,1491.0,1,0,Turkey,domestic league (tier 2)
2018/05/05,1. Lig,0,Çaykur Rizespor,1658,1664.0,4 - 2,Gaziantep FK (as Gazisehir Gaziantep FK),1529,1523.0,4,2,Turkey,domestic league (tier 2)
2018/08/11,Süperlig,0,Çaykur Rizespor,1664,1652.0,2 - 3,Kasimpasa SK,1693,1705.0,2,3,Turkey,domestic league (tier 1)
2018/08/24,Süperlig,0,Çaykur Rizespor,1657,1651.0,0 - 0,BB Erzurumspor,1523,1529.0,0,0,Turkey,domestic league (tier 1)
2018/09/16,Süperlig,0,Çaykur Rizespor,1644,1641.0,1 - 1,Bursaspor,1634,1637.0,1,1,Turkey,domestic league (tier 1)
2018/09/30,Süperlig,0,Çaykur Rizespor,1634,1658.0,3 - 0,Fenerbahçe,1880,1856.0,3,0,Turkey,domestic league (tier 1)
2018/10/21,Süperlig,0,Çaykur Rizespor,1661,1660.0,1 - 1,Konyaspor,1716,1717.0,1,1,Turkey,domestic league (tier 1)
2018/11/10,Süperlig,0,Çaykur Rizespor,1652,1646.0,1 - 2,Istanbul Basaksehir (as Istanbul Basaksehir F.K.),1910,1916.0,1,2,Turkey,domestic league (tier 1)
2018/11/30,Süperlig,0,Çaykur Rizespor,1650,1646.0,1 - 1,MKE Ankaragücü,1591,1595.0,1,1,Turkey,domestic league (tier 1)
2018/12/15,Süperlig,0,Çaykur Rizespor,1629,1626.0,1 - 1,Alanyaspor,1633,1636.0,1,1,Turkey,domestic league (tier 1)
2019/01/27,Süperlig,0,Çaykur Rizespor,1635,1648.0,3 - 1,Akhisar Belediyespor,1684,1671.0,3,1,Turkey,domestic league (tier 1)
2019/02/09,Süperlig,0,Çaykur Rizespor,1658,1655.0,1 - 1,Antalyaspor,1642,1645.0,1,1,Turkey,domestic league (tier 1)
2019/02/22,Süperlig,0,Çaykur Rizespor,1674,1688.0,3 - 0,Yeni Malatyaspor,1704,1690.0,3,0,Turkey,domestic league (tier 1)
2019/03/10,Süperlig,0,Çaykur Rizespor,1683,1696.0,3 - 0,Kayserispor,1685,1672.0,3,0,Turkey,domestic league (tier 1)
2019/04/08,Süperlig,0,Çaykur Rizespor,1715,1699.0,2 - 7,Besiktas,1890,1906.0,2,7,Turkey,domestic league (tier 1)
2019/04/13,Süperlig,0,Çaykur Rizespor,1699,1704.0,1 - 0,Göztepe,1629,1624.0,1,0,Turkey,domestic league (tier 1)
2019/04/27,Süperlig,0,Çaykur Rizespor,1711,1707.0,0 - 0,Sivasspor,1655,1659.0,0,0,Turkey,domestic league (tier 1)
2019/05/11,Süperlig,0,Çaykur Rizespor,1707,1699.0,2 - 3,Galatasaray,1884,1892.0,2,3,Turkey,domestic league (tier 1)
2019/05/24,Süperlig,0,Çaykur Rizespor,1701,1691.0,2 - 3,Trabzonspor,1801,1811.0,2,3,Turkey,domestic league (tier 1)
2019/08/25,Süperlig,0,Çaykur Rizespor,1701,1708.0,2 - 1,Sivasspor,1689,1682.0,2,1,Turkey,domestic league (tier 1)
2019/09/15,Süperlig,0,Çaykur Rizespor,1715,1710.0,0 - 0,Göztepe,1637,1642.0,0,0,Turkey,domestic league (tier 1)
2019/09/22,Süperlig,0,Çaykur Rizespor,1710,1695.0,1 - 2,Gaziantep FK (as Gazisehir Gaziantep FK),1617,1632.0,1,2,Turkey,domestic league (tier 1)
2019/10/06,Süperlig,0,Çaykur Rizespor,1686,1677.0,1 - 2,Trabzonspor,1825,1834.0,1,2,Turkey,domestic league (tier 1)
2019/10/25,Süperlig,0,Çaykur Rizespor,1666,1674.0,2 - 0,MKE Ankaragücü,1603,1595.0,2,0,Turkey,domestic league (tier 1)
2019/11/09,Süperlig,0,Çaykur Rizespor,1669,1675.0,1 - 0,Antalyaspor,1604,1598.0,1,0,Turkey,domestic league (tier 1)
2019/11/30,Süperlig,0,Çaykur Rizespor,1663,1673.0,3 - 1,Konyaspor,1654,1644.0,3,1,Turkey,domestic league (tier 1)
2019/12/14,Süperlig,0,Çaykur Rizespor,1665,1640.0,0 - 3,Kasimpasa SK,1597,1622.0,0,3,Turkey,domestic league (tier 1)
2019/12/29,Süperlig,0,Çaykur Rizespor,1660,1652.0,1 - 2,Fenerbahçe,1814,1822.0,1,2,Turkey,domestic league (tier 1)
2020/01/20,Süperlig,0,Çaykur Rizespor,1654,1664.0,2 - 0,Gençlerbirligi,1623,1613.0,2,0,Turkey,domestic league (tier 1)
2020/02/01,Süperlig,0,Çaykur Rizespor,1667,1657.0,1 - 2,Besiktas,1757,1767.0,1,2,Turkey,domestic league (tier 1)
2020/02/24,Süperlig,0,Çaykur Rizespor,1645,1639.0,1 - 2,Istanbul Basaksehir (as Istanbul Basaksehir F.K.),1872,1878.0,1,2,Turkey,domestic league (tier 1)
2020/03/08,Süperlig,0,Çaykur Rizespor,1634,1634.0,1 - 1,Alanyaspor,1740,1740.0,1,1,Turkey,domestic league (tier 1)
2020/06/14,Süperlig,0,Çaykur Rizespor,1616,1637.0,2 - 0,Galatasaray,1877,1856.0,2,0,Turkey,domestic league (tier 1)
2020/06/28,Süperlig,0,Çaykur Rizespor,1627,1624.0,2 - 2,Denizlispor,1627,1630.0,2,2,Turkey,domestic league (tier 1)
2020/07/09,Süperlig,0,Çaykur Rizespor,1617,1625.0,3 - 2,Kayserispor,1630,1622.0,3,2,Turkey,domestic league (tier 1)
2020/07/19,Süperlig,0,Çaykur Rizespor,1616,1629.0,3 - 0,Yeni Malatyaspor,1623,1610.0,3,0,Turkey,domestic league (tier 1)
2020/09/11,Süperlig,0,Çaykur Rizespor,1622,1613.0,1 - 2,Fenerbahçe,1740,1749.0,1,2,Turkey,domestic league (tier 1)
2020/09/27,Süperlig,0,Çaykur Rizespor,1605,1607.0,1 - 1,Alanyaspor,1789,1787.0,1,1,Turkey,domestic league (tier 1)
2020/10/17,Süperlig,0,Çaykur Rizespor,1611,1620.0,5 - 3,MKE Ankaragücü,1567,1558.0,5,3,Turkey,domestic league (tier 1)
2020/11/01,Süperlig,0,Çaykur Rizespor,1643,1649.0,1 - 0,Kayserispor,1595,1589.0,1,0,Turkey,domestic league (tier 1)
2020/11/28,Süperlig,0,Çaykur Rizespor,1656,1641.0,0 - 4,Galatasaray,1831,1846.0,0,4,Turkey,domestic league (tier 1)
2020/12/12,Süperlig,0,Çaykur Rizespor,1634,1643.0,3 - 2,Göztepe,1687,1678.0,3,2,Turkey,domestic league (tier 1)
2020/12/24,Süperlig,0,Çaykur Rizespor,1642,1650.0,2 - 1,Antalyaspor,1687,1679.0,2,1,Turkey,domestic league (tier 1)
2021/01/03,Süperlig,0,Çaykur Rizespor,1653,1648.0,1 - 1,Gençlerbirligi,1566,1571.0,1,1,Turkey,domestic league (tier 1)
2021/01/10,Süperlig,0,Çaykur Rizespor,1641,1637.0,1 - 1,Denizlispor,1579,1583.0,1,1,Turkey,domestic league (tier 1)
2021/01/20,Süperlig,0,Çaykur Rizespor,1621,1640.0,3 - 0,Gaziantep FK,1754,1735.0,3,0,Turkey,domestic league (tier 1)
2021/02/02,Süperlig,0,Çaykur Rizespor,1642,1639.0,1 - 1,Kasimpasa SK,1638,1641.0,1,1,Turkey,domestic league (tier 1)
2021/02/12,Süperlig,0,Çaykur Rizespor,1635,1615.0,0 - 2,BB Erzurumspor,1605,1625.0,0,2,Turkey,domestic league (tier 1)
2021/02/27,Süperlig,0,Çaykur Rizespor,1616,1616.0,0 - 0,Sivasspor,1712,1712.0,0,0,Turkey,domestic league (tier 1)
2021/03/13,Süperlig,0,Çaykur Rizespor,1608,1619.0,1 - 0,Hatayspor,1736,1725.0,1,0,Turkey,domestic league (tier 1)
2021/04/03,Süperlig,0,Çaykur Rizespor,1637,1635.0,0 - 0,Fatih Karagümrük SK,1671,1673.0,0,0,Turkey,domestic league (tier 1)
2021/04/10,Süperlig,0,Çaykur Rizespor,1625,1628.0,0 - 0,Trabzonspor,1832,1829.0,0,0,Turkey,domestic league (tier 1)
2021/04/20,Süperlig,0,Çaykur Rizespor,1643,1655.0,5 - 3,Konyaspor,1663,1651.0,5,3,Turkey,domestic league (tier 1)
2021/04/28,Süperlig,0,Çaykur Rizespor,1645,1639.0,2 - 3,Besiktas,1875,1881.0,2,3,Turkey,domestic league (tier 1)
2021/05/08,Süperlig,0,Çaykur Rizespor,1649,1623.0,0 - 4,Yeni Malatyaspor,1615,1641.0,0,4,Turkey,domestic league (tier 1)
2021/05/15,Süperlig,0,Çaykur Rizespor,1638,1622.0,0 - 2,Istanbul Basaksehir,1715,1731.0,0,2,Turkey,domestic league (tier 1)
2021/08/21,Süperlig,0,Çaykur Rizespor,1618,1617.0,0 - 0,Fatih Karagümrük SK,1700,1701.0,0,0,Turkey,domestic league (tier 1)
2021/09/12,Süperlig,0,Çaykur Rizespor,1611,1597.0,0 - 2,Hatayspor,1724,1738.0,0,2,Turkey,domestic league (tier 1)
2021/09/21,Süperlig,0,Çaykur Rizespor,1589,1578.0,1 - 2,Altay Izmir,1638,1649.0,1,2,Turkey,domestic league (tier 1)
2021/10/03,Süperlig,0,Çaykur Rizespor,1570,1565.0,2 - 3,Galatasaray,1857,1862.0,2,3,Turkey,domestic league (tier 1)
2021/10/23,Süperlig,0,Çaykur Rizespor,1555,1564.0,2 - 1,Kasimpasa SK,1618,1609.0,2,1,Turkey,domestic league (tier 1)
2021/11/05,Süperlig,0,Çaykur Rizespor,1562,1581.0,2 - 0,Alanyaspor,1751,1732.0,2,0,Turkey,domestic league (tier 1)
2021/11/27,Süperlig,0,Çaykur Rizespor,1575,1584.0,1 - 0,Kayserispor,1636,1627.0,1,0,Turkey,domestic league (tier 1)
2021/12/01,Turkey Cup,0,Çaykur Rizespor,1584,1567.0,0 - 1,Ankaraspor,1375,1392.0,0,1,Turkey,domestic cup
2021/12/11,Süperlig,0,Çaykur Rizespor,1563,1576.0,3 - 1,Göztepe,1620,1607.0,3,1,Turkey,domestic league (tier 1)
2021/12/19,Süperlig,0,Çaykur Rizespor,1576,1584.0,1 - 0,Yeni Malatyaspor,1597,1589.0,1,0,Turkey,domestic league (tier 1)
2021/12/26,Süperlig,0,Çaykur Rizespor,1591,1581.0,0 - 1,Gaziantep FK,1706,1716.0,0,1,Turkey,domestic league (tier 1)
2022/01/09,Süperlig,0,Çaykur Rizespor,1581,1583.0,2 - 2,Besiktas,1762,1760.0,2,2,Turkey,domestic league (tier 1)
2022/01/20,Süperlig,0,Çaykur Rizespor,1576,1585.0,2 - 1,Antalyaspor,1646,1637.0,2,1,Turkey,domestic league (tier 1)
2022/02/06,Süperlig,0,Çaykur Rizespor,1591,1579.0,1 - 3,Adana Demirspor,1765,1777.0,1,3,Turkey,domestic league (tier 1)
2022/02/18,Süperlig,0,Çaykur Rizespor,1582,1571.0,0 - 2,Istanbul Basaksehir,1783,1794.0,0,2,Turkey,domestic league (tier 1)
2022/03/05,Süperlig,0,Çaykur Rizespor,1567,1556.0,1 - 2,Giresunspor,1617,1628.0,1,2,Turkey,domestic league (tier 1)
2022/03/18,Süperlig,0,Çaykur Rizespor,1549,1566.0,3 - 2,Trabzonspor,1937,1920.0,3,2,Turkey,domestic league (tier 1)
2022/04/09,Süperlig,0,Çaykur Rizespor,1563,1576.0,2 - 1,Konyaspor,1776,1763.0,2,1,Turkey,domestic league (tier 1)
2022/04/22,Süperlig,0,Çaykur Rizespor,1581,1570.0,0 - 6,Fenerbahçe,1860,1871.0,0,6,Turkey,domestic league (tier 1)
2022/05/16,Süperlig,0,Çaykur Rizespor,1613,1604.0,1 - 2,Sivasspor,1748,1757.0,1,2,Turkey,domestic league (tier 1)
2022/08/13,1. Lig,0,Çaykur Rizespor,1595,1590.0,1 - 1,Keçiörengücü,1521,1526.0,1,1,Turkey,domestic league (tier 2)
2022/09/11,1. Lig,0,Çaykur Rizespor,1607,1602.0,1 - 1,Samsunspor,1531,1536.0,1,1,Turkey,domestic league (tier 2)
2022/10/01,1. Lig,0,Çaykur Rizespor,1583,1587.0,2 - 0,Bodrumspor,1363,1359.0,2,0,Turkey,domestic league (tier 2)
2022/10/15,1. Lig,0,Çaykur Rizespor,1603,1598.0,0 - 0,Eyüpspor,1529,1534.0,0,0,Turkey,domestic league (tier 2)
2022/11/04,1. Lig,0,Çaykur Rizespor,1597,1604.0,3 - 1,BB Erzurumspor,1504,1497.0,3,1,Turkey,domestic league (tier 2)
2022/11/20,1. Lig,0,Çaykur Rizespor,1600,1605.0,1 - 0,Boluspor,1508,1503.0,1,0,Turkey,domestic league (tier 2)
2022/12/05,1. Lig,0,Çaykur Rizespor,1616,1609.0,1 - 1,Pendikspor,1427,1434.0,1,1,Turkey,domestic league (tier 2)
2022/12/16,1. Lig,0,Çaykur Rizespor,1617,1594.0,0 - 2,Göztepe,1498,1521.0,0,2,Turkey,domestic league (tier 2)
2023/01/23,1. Lig,0,Çaykur Rizespor,1606,1611.0,3 - 1,Denizlispor,1409,1404.0,3,1,Turkey,domestic league (tier 2)
2023/02/04,1. Lig,0,Çaykur Rizespor,1611,1617.0,5 - 1,Yeni Malatyaspor,1407,1401.0,5,1,Turkey,domestic league (tier 2)
2023/03/18,1. Lig,0,Çaykur Rizespor,1615,1621.0,3 - 1,Altay Izmir,1473,1467.0,3,1,Turkey,domestic league (tier 2)
2023/03/29,1. Lig,0,Çaykur Rizespor,1632,1637.0,4 - 2,Manisa FK,1466,1461.0,4,2,Turkey,domestic league (tier 2)
2023/04/02,1. Lig,0,Çaykur Rizespor,1637,1630.0,0 - 0,Bandirmaspor,1451,1458.0,0,0,Turkey,domestic league (tier 2)
2023/04/13,1. Lig,0,Çaykur Rizespor,1628,1631.0,2 - 1,Sakaryaspor,1458,1455.0,2,1,Turkey,domestic league (tier 2)
2023/04/23,1. Lig,0,Çaykur Rizespor,1643,1647.0,5 - 3,Gençlerbirligi,1397,1393.0,5,3,Turkey,domestic league (tier 2)
2023/05/07,1. Lig,0,Çaykur Rizespor,1636,1640.0,4 - 2,Tuzlaspor,1402,1398.0,4,2,Turkey,domestic league (tier 2)
2023/05/21,1. Lig,0,Çaykur Rizespor,1641,1633.0,0 - 0,Altinordu FK,1356,1364.0,0,0,Turkey,domestic league (tier 2)
2023/08/19,Süperlig,0,Çaykur Rizespor,1630,1628.0,0 - 0,Alanyaspor,1666,1668.0,0,0,Turkey,domestic league (tier 1)
2023/09/01,Süperlig,0,Çaykur Rizespor,1644,1654.0,1 - 0,Fatih Karagümrük,1757,1747.0,1,0,Turkey,domestic league (tier 1)
2023/09/23,Süperlig,0,Çaykur Rizespor,1669,1666.0,1 - 1,Sivasspor,1675,1678.0,1,1,Turkey,domestic league (tier 1)
2023/10/08,Süperlig,0,Çaykur Rizespor,1663,1669.0,1 - 0,Samsunspor,1615,1609.0,1,0,Turkey,domestic league (tier 1)
2023/10/28,Süperlig,0,Çaykur Rizespor,1658,1654.0,0 - 1,Galatasaray,2012,2016.0,0,1,Turkey,domestic league (tier 1)
2023/11/12,Süperlig,0,Çaykur Rizespor,1643,1648.0,1 - 0,Istanbulspor AS,1556,1551.0,1,0,Turkey,domestic league (tier 1)
2023/12/02,Süperlig,0,Çaykur Rizespor,1653,1663.0,3 - 2,Istanbul Basaksehir,1759,1749.0,3,2,Turkey,domestic league (tier 1)
2023/12/21,Süperlig,0,Çaykur Rizespor,1666,1674.0,5 - 1,Pendikspor,1552,1544.0,5,1,Turkey,domestic league (tier 1)
2024/01/06,Süperlig,0,Çaykur Rizespor,1677,1688.0,2 - 0,Hatayspor,1676,1665.0,2,0,Turkey,domestic league (tier 1)
2024/01/09,Süperlig,0,Çaykur Rizespor,1688,1671.0,0 - 4,Besiktas,1823,1840.0,0,4,Turkey,domestic league (tier 1)
2024/01/13,Süperlig,0,Çaykur Rizespor,1671,1682.0,1 - 0,Adana Demirspor,1809,1798.0,1,0,Turkey,domestic league (tier 1)
2024/01/25,Süperlig,0,Çaykur Rizespor,1663,1675.0,1 - 0,Trabzonspor,1820,1808.0,1,0,Turkey,domestic league (tier 1)
2024/02/03,Süperlig,0,Çaykur Rizespor,1663,1661.0,0 - 0,Konyaspor,1692,1694.0,0,0,Turkey,domestic league (tier 1)
2024/02/17,Süperlig,0,Çaykur Rizespor,1655,1650.0,1 - 3,Fenerbahçe,2024,2029.0,1,3,Turkey,domestic league (tier 1)
2024/03/02,Süperlig,0,Çaykur Rizespor,1639,1653.0,3 - 0,Kayserispor,1672,1658.0,3,0,Turkey,domestic league (tier 1)
2024/03/17,Süperlig,0,Çaykur Rizespor,1650,1662.0,3 - 1,Gaziantep FK,1678,1666.0,3,1,Turkey,domestic league (tier 1)
2024/04/14,Süperlig,0,Çaykur Rizespor,1679,1693.0,3 - 0,Antalyaspor,1712,1698.0,3,0,Turkey,domestic league (tier 1)
2024/04/28,Süperlig,0,Çaykur Rizespor,1686,1684.0,2 - 2,MKE Ankaragücü,1707,1709.0,2,2,Turkey,domestic league (tier 1)
2024/05/18,Süperlig,0,Çaykur Rizespor,1670,1668.0,0 - 0,Kasimpasa SK,1696,1698.0,0,0,Turkey,domestic league (tier 1)
2024/08/12,Süperlig,0,Çaykur Rizespor,1657,1659.0,1 - 1,Istanbul Basaksehir,1828,1826.0,1,1,Turkey,domestic league (tier 1)
2024/08/25,Süperlig,0,Çaykur Rizespor,1673,1666.0,0 - 5,Fenerbahçe,2032,2039.0,0,5,Turkey,domestic league (tier 1)
2024/08/31,Süperlig,0,Çaykur Rizespor,1666,1654.0,0 - 1,Kasimpasa SK,1695,1707.0,0,1,Turkey,domestic league (tier 1)
2024/09/22,Süperlig,0,Çaykur Rizespor,1651,1639.0,0 - 1,Samsunspor,1698,1710.0,0,1,Turkey,domestic league (tier 1)
2024/10/04,Süperlig,0,Çaykur Rizespor,1634,1642.0,2 - 1,Antalyaspor,1673,1665.0,2,1,Turkey,domestic league (tier 1)
2024/11/09,Süperlig,0,Çaykur Rizespor,1644,1661.0,3 - 1,Trabzonspor,1800,1783.0,3,1,Turkey,domestic league (tier 1)
2024/12/01,Süperlig,0,Çaykur Rizespor,1674,1685.0,3 - 0,Kayserispor,1633,1622.0,3,0,Turkey,domestic league (tier 1)
2024/12/14,Süperlig,0,Çaykur Rizespor,1678,1675.0,1 - 1,Konyaspor,1687,1690.0,1,1,Turkey,domestic league (tier 1)
2025/01/03,Süperlig,0,Çaykur Rizespor,1664,1665.0,1 - 1,Besiktas,1800,1799.0,1,1,Turkey,domestic league (tier 1)
2025/01/26,Süperlig,0,Çaykur Rizespor,1661,1666.0,3 - 2,Adana Demirspor,1583,1578.0,3,2,Turkey,domestic league (tier 1)
2025/02/05,Turkey Cup,0,Çaykur Rizespor,1665,1670.0,2 - 1,MKE Ankaragücü,1586,1581.0,2,1,Turkey,domestic cup
2025/02/17,Süperlig,0,Çaykur Rizespor,1664,1660.0,1 - 2,Galatasaray,1996,2000.0,1,2,Turkey,domestic league (tier 1)
2025/03/02,Süperlig,0,Çaykur Rizespor,1668,1681.0,3 - 1,Alanyaspor,1719,1706.0,3,1,Turkey,domestic league (tier 1)
2025/03/16,Süperlig,0,Çaykur Rizespor,1673,1649.0,0 - 2,Bodrum FK,1533,1557.0,0,2,Turkey,domestic league (tier 1)
2025/04/05,Süperlig,0,Çaykur Rizespor,1649,1647.0,1 - 1,Sivasspor,1664,1666.0,1,1,Turkey,domestic league (tier 1)
2025/04/20,Süperlig,0,Çaykur Rizespor,1641,1650.0,1 - 0,Eyüpspor,1698,1689.0,1,0,Turkey,domestic league (tier 1)
2025/05/03,Süperlig,0,Çaykur Rizespor,1644,1657.0,2 - 0,Gaziantep FK,1705,1692.0,2,0,Turkey,domestic league (tier 1)
2025/05/18,Süperlig,0,Çaykur Rizespor,1651,1668.0,6 - 3,Göztepe,1744,1727.0,6,3,Turkey,domestic league (tier 1)
2025/05/31,Süperlig,0,Çaykur Rizespor,1684,1693.0,5 - 2,Hatayspor,1602,1593.0,5,2,Turkey,domestic league (tier 1)
2025/08/10,Süperlig,0,Çaykur Rizespor,1693,1673.0,0 - 3,Göztepe,1733,1753.0,0,3,Turkey,domestic league (tier 1)
2025/09/15,Süperlig,0,Çaykur Rizespor,1675,1679.0,1 - 0,Gençlerbirligi,1541,1537.0,1,0,Turkey,domestic league (tier 1)
2025/09/28,Süperlig,0,Çaykur Rizespor,1677,1665.0,1 - 2,Kasimpasa SK,1689,1701.0,1,2,Turkey,domestic league (tier 1)
2025/10/18,Süperlig,0,Çaykur Rizespor,1687,1678.0,1 - 2,Trabzonspor,1819,1828.0,1,2,Turkey,domestic league (tier 1)
2025/10/22,Süperlig,0,Çaykur Rizespor,1678,1677.0,0 - 0,Istanbul Basaksehir,1752,1753.0,0,0,Turkey,domestic league (tier 1)
2025/11/03,Süperlig,0,Çaykur Rizespor,1683,1687.0,1 - 0,Fatih Karagümrük,1565,1561.0,1,0,Turkey,domestic league (tier 1)
2025/11/23,Süperlig,0,Çaykur Rizespor,1690,1683.0,2 - 5,Fenerbahçe,2018,2025.0,2,5,Turkey,domestic league (tier 1)
2025/11/29,Süperlig,0,Çaykur Rizespor,1683,1669.0,0 - 1,Kayserispor,1625,1639.0,0,1,Turkey,domestic league (tier 1)
2025/12/02,Turkey Cup,0,Çaykur Rizespor,1669,1678.0,6 - 1,Pendikspor,1544,1535.0,6,1,Turkey,domestic cup
2025/12/13,Süperlig,0,Çaykur Rizespor,1680,1690.0,3 - 0,Eyüpspor,1626,1616.0,3,0,Turkey,domestic league (tier 1)
2025/12/17,Turkey Cup,0,Çaykur Rizespor,1690,1703.0,5 - 2,Gaziantep FK,1700,1687.0,5,2,Turkey,domestic cup
2026/01/25,Süperlig,0,Çaykur Rizespor,1676,1675.0,1 - 1,Alanyaspor,1731,1732.0,1,1,Turkey,domestic league (tier 1)
2026/02/08,Süperlig,0,Çaykur Rizespor,1681,1675.0,0 - 3,Galatasaray,2045,2051.0,0,3,Turkey,domestic league (tier 1)
2026/02/20,Süperlig,0,Çaykur Rizespor,1677,1686.0,2 - 0,Kocaelispor,1638,1629.0,2,0,Turkey,domestic league (tier 1)
2026/03/08,Süperlig,0,Çaykur Rizespor,1700,1704.0,1 - 0,Antalyaspor,1575,1571.0,1,0,Turkey,domestic league (tier 1)
2026/04/09,Süperlig,0,Çaykur Rizespor,1691,1707.0,4 - 1,Samsunspor,1754,1738.0,4,1,Turkey,domestic league (tier 1)
2026/04/13,Süperlig,0,Çaykur Rizespor,1707,1714.0,2 - 1,Gaziantep FK,1681,1674.0,2,1,Turkey,domestic league (tier 1)
2026/05/01,Süperlig,0,Çaykur Rizespor,1705,1714.0,3 - 2,Konyaspor,1758,1749.0,3,2,Turkey,domestic league (tier 1)
2026/05/15,Süperlig,0,Çaykur Rizespor,1696,1697.0,2 - 2,Besiktas,1846,1845.0,2,2,Turkey,domestic league (tier 1)
2026/08/22,Süperlig,0,Çaykur Rizespor,1711,1695.0,0 - 2,Samsunspor,1794,1810.0,0,2,Turkey,domestic league (tier 1)
2026/09/07,Süperlig,0,Çaykur Rizespor,1707,,Info,Alanyaspor,1704,,,,Turkey,domestic league (tier 1)
2023/08/18,1. Lig,0,Çorum FK,1364,1355.0,0 - 2,Giresunspor,1605,1614.0,0,2,Turkey,domestic league (tier 2)
2023/09/03,1. Lig,0,Çorum FK,1372,1361.0,0 - 1,Gençlerbirligi,1453,1464.0,0,1,Turkey,domestic league (tier 2)
2023/09/23,1. Lig,0,Çorum FK,1390,1398.0,1 - 0,Sakaryaspor,1432,1424.0,1,0,Turkey,domestic league (tier 2)
2023/10/22,1. Lig,0,Çorum FK,1400,1392.0,2 - 3,Eyüpspor,1564,1572.0,2,3,Turkey,domestic league (tier 2)
2023/11/04,1. Lig,0,Çorum FK,1397,1386.0,2 - 3,Keçiörengücü,1463,1474.0,2,3,Turkey,domestic league (tier 2)
2023/11/26,1. Lig,0,Çorum FK,1381,1393.0,3 - 0,Altay Izmir,1373,1361.0,3,0,Turkey,domestic league (tier 2)
2023/12/10,1. Lig,0,Çorum FK,1413,1428.0,4 - 1,Erzurumspor FK,1453,1438.0,4,1,Turkey,domestic league (tier 2)
2023/12/25,1. Lig,0,Çorum FK,1430,1441.0,2 - 0,Boluspor,1431,1420.0,2,0,Turkey,domestic league (tier 2)
2024/01/14,1. Lig,0,Çorum FK,1441,1447.0,2 - 1,Tuzlaspor,1374,1368.0,2,1,Turkey,domestic league (tier 2)
2024/01/27,1. Lig,0,Çorum FK,1469,1470.0,1 - 1,Göztepe,1596,1595.0,1,1,Turkey,domestic league (tier 2)
2024/02/09,1. Lig,0,Çorum FK,1473,1461.0,0 - 1,Ümraniyespor,1496,1508.0,0,1,Turkey,domestic league (tier 2)
2024/02/24,1. Lig,0,Çorum FK,1452,1462.0,2 - 1,Bodrumspor,1564,1554.0,2,1,Turkey,domestic league (tier 2)
2024/03/03,1. Lig,0,Çorum FK,1462,1461.0,0 - 0,Bandirmaspor,1512,1513.0,0,0,Turkey,domestic league (tier 2)
2024/03/16,1. Lig,0,Çorum FK,1477,1483.0,4 - 3,Manisa FK,1436,1430.0,4,3,Turkey,domestic league (tier 2)
2024/04/07,1. Lig,0,Çorum FK,1494,1491.0,1 - 1,Kocaelispor,1477,1480.0,1,1,Turkey,domestic league (tier 2)
2024/04/21,1. Lig,0,Çorum FK,1502,1508.0,2 - 0,Adanaspor,1374,1368.0,2,0,Turkey,domestic league (tier 2)
2024/05/05,1. Lig,0,Çorum FK,1500,1495.0,1 - 1,Sanliurfaspor,1429,1434.0,1,1,Turkey,domestic league (tier 2)
2024/05/16,1. Lig,0,Çorum FK,1487,1494.0,2 - 1,Kocaelispor,1461,1454.0,2,1,Turkey,domestic league (tier 2)
2024/05/20,1. Lig,0,Çorum FK,1494,1488.0,1 - 1,Bodrum FK,1356,1362.0,1,1,Turkey,domestic league (tier 2)
2024/08/18,1. Lig,0,Çorum FK,1474,1477.0,2 - 2,Fatih Karagümrük,1686,1683.0,2,2,Turkey,domestic league (tier 2)
2024/08/31,1. Lig,0,Çorum FK,1481,1479.0,1 - 1,Sakaryaspor,1494,1496.0,1,1,Turkey,domestic league (tier 2)
2024/09/22,1. Lig,0,Çorum FK,1498,1477.0,0 - 2,Kocaelispor,1449,1470.0,0,2,Turkey,domestic league (tier 2)
2024/10/04,1. Lig,0,Çorum FK,1491,1484.0,0 - 0,Igdir FK,1307,1314.0,0,0,Turkey,domestic league (tier 2)
2024/10/26,1. Lig,0,Çorum FK,1472,1479.0,1 - 0,Gençlerbirligi,1471,1464.0,1,0,Turkey,domestic league (tier 2)
2024/11/09,1. Lig,0,Çorum FK,1491,1499.0,1 - 0,Pendikspor,1521,1513.0,1,0,Turkey,domestic league (tier 2)
2024/11/30,1. Lig,0,Çorum FK,1497,1484.0,0 - 1,Erzurumspor FK,1473,1486.0,0,1,Turkey,domestic league (tier 2)
2024/12/15,1. Lig,0,Çorum FK,1495,1489.0,1 - 1,Amed SK,1335,1341.0,1,1,Turkey,domestic league (tier 2)
2024/12/22,1. Lig,0,Çorum FK,1489,1490.0,1 - 1,MKE Ankaragücü,1614,1613.0,1,1,Turkey,domestic league (tier 2)
2025/01/09,Turkey Cup,0,Çorum FK,1491,1484.0,0 - 1,Konyaspor,1683,1690.0,0,1,Turkey,domestic cup
2025/01/13,1. Lig,0,Çorum FK,1484,1495.0,3 - 1,Istanbulspor AS,1497,1486.0,3,1,Turkey,domestic league (tier 2)
2025/01/18,1. Lig,0,Çorum FK,1495,1505.0,3 - 1,Ümraniyespor,1471,1461.0,3,1,Turkey,domestic league (tier 2)
2025/01/31,1. Lig,0,Çorum FK,1501,1515.0,4 - 0,Bandirmaspor,1503,1489.0,4,0,Turkey,domestic league (tier 2)
2025/02/11,1. Lig,0,Çorum FK,1504,1507.0,2 - 0,Yeni Malatyaspor,1199,1196.0,2,0,Turkey,domestic league (tier 2)
2025/02/22,1. Lig,0,Çorum FK,1498,1492.0,1 - 1,Adanaspor,1340,1346.0,1,1,Turkey,domestic league (tier 2)
2025/02/26,Turkey Cup,0,Çorum FK,1492,1498.0,2 - 1,Boluspor,1463,1457.0,2,1,Turkey,domestic cup
2025/03/05,1. Lig,0,Çorum FK,1487,1467.0,0 - 2,Boluspor,1455,1475.0,0,2,Turkey,domestic league (tier 2)
2025/03/16,1. Lig,0,Çorum FK,1481,1487.0,3 - 2,Keçiörengücü,1441,1435.0,3,2,Turkey,domestic league (tier 2)
2025/04/05,1. Lig,0,Çorum FK,1489,1484.0,3 - 3,Erokspor,1413,1418.0,3,3,Turkey,domestic league (tier 2)
2025/04/13,1. Lig,0,Çorum FK,1487,1492.0,3 - 2,Manisa FK,1385,1380.0,3,2,Turkey,domestic league (tier 2)
2025/05/04,1. Lig,0,Çorum FK,1475,1480.0,2 - 1,Sanliurfaspor,1390,1385.0,2,1,Turkey,domestic league (tier 2)
2025/08/10,1. Lig,0,Çorum FK,1471,1480.0,2 - 0,Amed SFK,1423,1414.0,2,0,Turkey,domestic league (tier 2)
2025/08/22,1. Lig,0,Çorum FK,1503,1508.0,2 - 1,Sariyer SK,1434,1429.0,2,1,Turkey,domestic league (tier 2)
2025/09/13,1. Lig,0,Çorum FK,1519,1512.0,0 - 0,Vanspor FK,1291,1298.0,0,0,Turkey,domestic league (tier 2)
2025/09/23,1. Lig,0,Çorum FK,1503,1496.0,1 - 1,Serik Belediyespor,1297,1304.0,1,1,Turkey,domestic league (tier 2)
2025/10/03,1. Lig,0,Çorum FK,1497,1505.0,3 - 1,Manisa FK,1424,1416.0,3,1,Turkey,domestic league (tier 2)
2025/10/26,1. Lig,0,Çorum FK,1527,1524.0,0 - 0,Boluspor,1504,1507.0,0,0,Turkey,domestic league (tier 2)
2025/11/09,1. Lig,0,Çorum FK,1512,1522.0,3 - 1,Igdir FK,1490,1480.0,3,1,Turkey,domestic league (tier 2)
2025/12/04,Turkey Cup,0,Çorum FK,1505,1491.0,0 - 5,Alanyaspor,1714,1728.0,0,5,Turkey,domestic cup
2025/12/08,1. Lig,0,Çorum FK,1491,1504.0,2 - 0,Pendikspor,1535,1522.0,2,0,Turkey,domestic league (tier 2)
2025/12/21,1. Lig,0,Çorum FK,1508,1516.0,2 - 0,Sakaryaspor,1441,1433.0,2,0,Turkey,domestic league (tier 2)
2026/01/16,1. Lig,0,Çorum FK,1503,1507.0,4 - 1,Adana Demirspor,1241,1237.0,4,1,Turkey,domestic league (tier 2)
2026/01/31,1. Lig,0,Çorum FK,1518,1525.0,1 - 0,Keçiörengücü,1520,1513.0,1,0,Turkey,domestic league (tier 2)
2026/02/13,1. Lig,0,Çorum FK,1508,1495.0,2 - 3,Istanbulspor AS,1515,1528.0,2,3,Turkey,domestic league (tier 2)
2026/02/22,1. Lig,0,Çorum FK,1503,1511.0,2 - 0,Ümraniyespor,1441,1433.0,2,0,Turkey,domestic league (tier 2)
2026/03/07,1. Lig,0,Çorum FK,1523,1527.0,3 - 1,Hatayspor,1297,1293.0,3,1,Turkey,domestic league (tier 2)
2026/03/16,1. Lig,0,Çorum FK,1539,1548.0,2 - 1,Erokspor,1606,1597.0,2,1,Turkey,domestic league (tier 2)
2026/04/03,1. Lig,0,Çorum FK,1565,1551.0,0 - 1,Bandirmaspor,1503,1517.0,0,1,Turkey,domestic league (tier 2)
2026/04/07,1. Lig,0,Çorum FK,1551,1549.0,1 - 1,Bodrum FK,1566,1568.0,1,1,Turkey,domestic league (tier 2)
2026/04/19,1. Lig,0,Çorum FK,1550,1560.0,3 - 1,Sivasspor,1520,1510.0,3,1,Turkey,domestic league (tier 2)
2026/05/02,1. Lig,0,Çorum FK,1573,1573.0,1 - 1,Erzurumspor FK,1668,1668.0,1,1,Turkey,domestic league (tier 2)
2026/05/07,1. Lig,0,Çorum FK,1573,1579.0,1 - 0,Keçiörengücü,1532,1526.0,1,0,Turkey,domestic league (tier 2)
2026/05/15,1. Lig,0,Çorum FK,1571,1582.0,2 - 0,Bodrum FK,1569,1558.0,2,0,Turkey,domestic league (tier 2)
2026/08/22,Süperlig,0,Çorum FK,1606,1595.0,0 - 1,Kasimpasa SK,1661,1672.0,0,1,Turkey,domestic league (tier 1)
2026/09/06,Süperlig,0,Çorum FK,1591,,Info,Eyüpspor,1641,,,,Turkey,domestic league (tier 1)
2016/08/26,1. Lig,0,Ümraniyespor,1359,1359.0,1 - 1,Manisaspor,1443,1443.0,1,1,Turkey,domestic league (tier 2)
2016/09/17,1. Lig,0,Ümraniyespor,1355,1355.0,2 - 2,Boluspor,1468,1468.0,2,2,Turkey,domestic league (tier 2)
2016/09/25,1. Lig,0,Ümraniyespor,1355,1359.0,2 - 2,Eskisehirspor,1619,1615.0,2,2,Turkey,domestic league (tier 2)
2016/10/15,1. Lig,0,Ümraniyespor,1353,1343.0,0 - 1,Göztepe,1452,1462.0,0,1,Turkey,domestic league (tier 2)
2016/10/30,1. Lig,0,Ümraniyespor,1363,1365.0,1 - 1,Adana Demirspor,1535,1533.0,1,1,Turkey,domestic league (tier 2)
2016/11/19,1. Lig,0,Ümraniyespor,1361,1386.0,4 - 1,Sivasspor,1613,1588.0,4,1,Turkey,domestic league (tier 2)
2016/12/04,1. Lig,0,Ümraniyespor,1422,1431.0,1 - 0,Samsunspor,1476,1467.0,1,0,Turkey,domestic league (tier 2)
2016/12/18,1. Lig,0,Ümraniyespor,1448,1456.0,2 - 1,Gaziantep FK (as Gazisehir Gaziantep FK),1462,1454.0,2,1,Turkey,domestic league (tier 2)
2017/01/22,1. Lig,0,Ümraniyespor,1485,1493.0,1 - 0,Sanliurfaspor,1500,1492.0,1,0,Turkey,domestic league (tier 2)
2017/02/11,1. Lig,0,Ümraniyespor,1467,1475.0,2 - 1,Elazigspor,1495,1487.0,2,1,Turkey,domestic league (tier 2)
2017/03/05,1. Lig,0,Ümraniyespor,1473,1483.0,1 - 0,Giresunspor,1557,1547.0,1,0,Turkey,domestic league (tier 2)
2017/03/18,1. Lig,0,Ümraniyespor,1496,1490.0,0 - 0,Bandirmaspor,1353,1359.0,0,0,Turkey,domestic league (tier 2)
2017/03/26,1. Lig,0,Ümraniyespor,1490,1504.0,2 - 0,Balikesirspor,1557,1543.0,2,0,Turkey,domestic league (tier 2)
2017/04/09,1. Lig,0,Ümraniyespor,1507,1515.0,1 - 0,Yeni Malatyaspor,1542,1534.0,1,0,Turkey,domestic league (tier 2)
2017/04/23,1. Lig,0,Ümraniyespor,1520,1515.0,2 - 2,Mersin Idmanyurdu,1411,1416.0,2,2,Turkey,domestic league (tier 2)
2017/05/02,1. Lig,0,Ümraniyespor,1517,1512.0,1 - 1,Denizlispor,1442,1447.0,1,1,Turkey,domestic league (tier 2)
2017/05/14,1. Lig,0,Ümraniyespor,1502,1490.0,1 - 2,Altinordu FK,1522,1534.0,1,2,Turkey,domestic league (tier 2)
2017/08/21,1. Lig,0,Ümraniyespor,1504,1510.0,1 - 0,Boluspor,1456,1450.0,1,0,Turkey,domestic league (tier 2)
2017/09/10,1. Lig,0,Ümraniyespor,1503,1506.0,1 - 0,Istanbulspor AS,1318,1315.0,1,0,Turkey,domestic league (tier 2)
2017/09/25,1. Lig,0,Ümraniyespor,1510,1517.0,4 - 2,Denizlispor,1416,1409.0,4,2,Turkey,domestic league (tier 2)
2017/10/14,1. Lig,0,Ümraniyespor,1521,1529.0,2 - 1,Elazigspor,1555,1547.0,2,1,Turkey,domestic league (tier 2)
2017/10/22,1. Lig,0,Ümraniyespor,1529,1524.0,0 - 0,Gaziantep FK (as Gazisehir Gaziantep FK),1437,1442.0,0,0,Turkey,domestic league (tier 2)
2017/11/04,1. Lig,0,Ümraniyespor,1540,1545.0,1 - 0,Adana Demirspor,1470,1465.0,1,0,Turkey,domestic league (tier 2)
2017/11/26,1. Lig,0,Ümraniyespor,1544,1554.0,2 - 0,Altinordu FK,1533,1523.0,2,0,Turkey,domestic league (tier 2)
2017/12/09,1. Lig,0,Ümraniyespor,1545,1541.0,2 - 2,Balikesirspor,1516,1520.0,2,2,Turkey,domestic league (tier 2)
2017/12/24,1. Lig,0,Ümraniyespor,1530,1538.0,4 - 2,Samsunspor,1445,1437.0,4,2,Turkey,domestic league (tier 2)
2018/01/21,1. Lig,0,Ümraniyespor,1538,1547.0,7 - 0,Gaziantepspor,1388,1379.0,7,0,Turkey,domestic league (tier 2)
2018/02/03,1. Lig,0,Ümraniyespor,1560,1565.0,1 - 0,Adanaspor,1488,1483.0,1,0,Turkey,domestic league (tier 2)
2018/02/18,1. Lig,0,Ümraniyespor,1554,1541.0,0 - 1,Eskisehirspor,1531,1544.0,0,1,Turkey,domestic league (tier 2)
2018/02/25,1. Lig,0,Ümraniyespor,1525,1532.0,1 - 0,Giresunspor,1500,1493.0,1,0,Turkey,domestic league (tier 2)
2018/03/10,1. Lig,0,Ümraniyespor,1508,1514.0,2 - 0,Manisaspor,1380,1374.0,2,0,Turkey,domestic league (tier 2)
2018/03/31,1. Lig,0,Ümraniyespor,1526,1531.0,2 - 1,BB Erzurumspor,1455,1450.0,2,1,Turkey,domestic league (tier 2)
2018/04/14,1. Lig,0,Ümraniyespor,1545,1541.0,1 - 1,MKE Ankaragücü,1504,1508.0,1,1,Turkey,domestic league (tier 2)
2018/04/28,1. Lig,0,Ümraniyespor,1543,1533.0,0 - 1,Çaykur Rizespor,1648,1658.0,0,1,Turkey,domestic league (tier 2)
2018/05/15,1. Lig,0,Ümraniyespor,1525,1512.0,1 - 2,BB Erzurumspor,1517,1530.0,1,2,Turkey,domestic league (tier 2)
2018/08/17,1. Lig,0,Ümraniyespor,1502,1508.0,2 - 1,Adanaspor,1434,1428.0,2,1,Turkey,domestic league (tier 2)
2018/09/01,1. Lig,0,Ümraniyespor,1501,1513.0,2 - 0,Giresunspor,1538,1526.0,2,0,Turkey,domestic league (tier 2)
2018/09/22,1. Lig,0,Ümraniyespor,1513,1500.0,0 - 2,Gençlerbirligi,1668,1681.0,0,2,Turkey,domestic league (tier 2)
2018/10/06,1. Lig,0,Ümraniyespor,1510,1522.0,3 - 0,Denizlispor,1498,1486.0,3,0,Turkey,domestic league (tier 2)
2018/10/28,1. Lig,0,Ümraniyespor,1526,1532.0,2 - 1,Adana Demirspor,1487,1481.0,2,1,Turkey,domestic league (tier 2)
2018/11/11,1. Lig,0,Ümraniyespor,1541,1538.0,0 - 0,Altinordu FK,1546,1549.0,0,0,Turkey,domestic league (tier 2)
2018/12/02,1. Lig,0,Ümraniyespor,1550,1539.0,0 - 1,Ankaraspor (as Osmanlispor FK),1609,1620.0,0,1,Turkey,domestic league (tier 2)
2018/12/09,1. Lig,0,Ümraniyespor,1547,1552.0,2 - 1,Elazigspor,1449,1444.0,2,1,Turkey,domestic league (tier 2)
2018/12/22,1. Lig,0,Ümraniyespor,1536,1539.0,2 - 1,Afjet Afyonspor,1323,1320.0,2,1,Turkey,domestic league (tier 2)
2019/01/20,1. Lig,0,Ümraniyespor,1553,1537.0,2 - 3,Altay Izmir,1401,1417.0,2,3,Turkey,domestic league (tier 2)
2019/02/02,1. Lig,0,Ümraniyespor,1565,1572.0,1 - 0,Boluspor,1556,1549.0,1,0,Turkey,domestic league (tier 2)
2019/02/16,1. Lig,0,Ümraniyespor,1578,1587.0,2 - 0,Balikesirspor,1533,1524.0,2,0,Turkey,domestic league (tier 2)
2019/03/03,1. Lig,0,Ümraniyespor,1599,1601.0,3 - 0,Karabükspor,1252,1250.0,3,0,Turkey,domestic league (tier 2)
2019/03/16,1. Lig,0,Ümraniyespor,1603,1590.0,1 - 2,Gaziantep FK (as Gazisehir Gaziantep FK),1582,1595.0,1,2,Turkey,domestic league (tier 2)
2019/04/07,1. Lig,0,Ümraniyespor,1579,1577.0,0 - 0,Hatayspor,1603,1605.0,0,0,Turkey,domestic league (tier 2)
2019/04/20,1. Lig,0,Ümraniyespor,1577,1571.0,2 - 2,Eskisehirspor,1454,1460.0,2,2,Turkey,domestic league (tier 2)
2019/05/12,1. Lig,0,Ümraniyespor,1569,1546.0,1 - 3,Istanbulspor AS,1477,1500.0,1,3,Turkey,domestic league (tier 2)
2019/08/25,1. Lig,0,Ümraniyespor,1559,1566.0,4 - 1,Giresunspor,1424,1417.0,4,1,Turkey,domestic league (tier 2)
2019/08/31,1. Lig,0,Ümraniyespor,1566,1571.0,2 - 1,Istanbulspor AS,1486,1481.0,2,1,Turkey,domestic league (tier 2)
2019/09/21,1. Lig,0,Ümraniyespor,1555,1550.0,1 - 1,Boluspor,1471,1476.0,1,1,Turkey,domestic league (tier 2)
2019/10/06,1. Lig,0,Ümraniyespor,1553,1558.0,2 - 1,Adanaspor,1443,1438.0,2,1,Turkey,domestic league (tier 2)
2019/10/26,1. Lig,0,Ümraniyespor,1552,1564.0,4 - 0,Altinordu FK,1517,1505.0,4,0,Turkey,domestic league (tier 2)
2019/11/10,1. Lig,0,Ümraniyespor,1551,1551.0,0 - 0,Hatayspor,1652,1652.0,0,0,Turkey,domestic league (tier 2)
2019/12/01,1. Lig,0,Ümraniyespor,1564,1563.0,2 - 2,Akhisar Belediyespor,1630,1631.0,2,2,Turkey,domestic league (tier 2)
2019/12/15,1. Lig,0,Ümraniyespor,1546,1553.0,1 - 0,Ankaraspor (as Osmanlispor FK),1557,1550.0,1,0,Turkey,domestic league (tier 2)
2019/12/28,1. Lig,0,Ümraniyespor,1542,1531.0,1 - 2,BB Erzurumspor,1598,1609.0,1,2,Turkey,domestic league (tier 2)
2020/01/18,1. Lig,0,Ümraniyespor,1531,1537.0,1 - 0,Altay Izmir,1504,1498.0,1,0,Turkey,domestic league (tier 2)
2020/02/09,1. Lig,0,Ümraniyespor,1519,1494.0,0 - 3,Balikesirspor,1468,1493.0,0,3,Turkey,domestic league (tier 2)
2020/02/22,1. Lig,0,Ümraniyespor,1495,1508.0,2 - 0,Keçiörengücü,1546,1533.0,2,0,Turkey,domestic league (tier 2)
2020/03/01,1. Lig,0,Ümraniyespor,1518,1518.0,1 - 1,Bursaspor,1623,1623.0,1,1,Turkey,domestic league (tier 2)
2020/03/11,1. Lig,0,Ümraniyespor,1531,1525.0,1 - 1,Menemen Belediyespor,1393,1399.0,1,1,Turkey,domestic league (tier 2)
2020/06/21,1. Lig,0,Ümraniyespor,1518,1516.0,1 - 1,Fatih Karagümrük SK,1555,1557.0,1,1,Turkey,domestic league (tier 2)
2020/07/02,1. Lig,0,Ümraniyespor,1511,1519.0,3 - 0,Eskisehirspor,1398,1390.0,3,0,Turkey,domestic league (tier 2)
2020/07/12,1. Lig,0,Ümraniyespor,1511,1502.0,2 - 3,Adana Demirspor,1637,1646.0,2,3,Turkey,domestic league (tier 2)
2020/09/12,1. Lig,0,Ümraniyespor,1495,1500.0,2 - 1,Bandirmaspor,1411,1406.0,2,1,Turkey,domestic league (tier 2)
2020/09/26,1. Lig,0,Ümraniyespor,1484,1465.0,1 - 3,Istanbulspor AS,1488,1507.0,1,3,Turkey,domestic league (tier 2)
2020/10/17,1. Lig,0,Ümraniyespor,1464,1454.0,1 - 2,Keçiörengücü,1561,1571.0,1,2,Turkey,domestic league (tier 2)
2020/10/24,1. Lig,0,Ümraniyespor,1450,1449.0,1 - 1,Altinordu FK,1516,1517.0,1,1,Turkey,domestic league (tier 2)
2020/11/07,1. Lig,0,Ümraniyespor,1463,1460.0,1 - 1,Tuzlaspor,1459,1462.0,1,1,Turkey,domestic league (tier 2)
2020/11/28,1. Lig,0,Ümraniyespor,1462,1440.0,0 - 2,Menemen Belediyespor,1398,1420.0,0,2,Turkey,domestic league (tier 2)
2020/12/10,1. Lig,0,Ümraniyespor,1463,1444.0,0 - 2,Boluspor,1467,1486.0,0,2,Turkey,domestic league (tier 2)
2020/12/20,1. Lig,0,Ümraniyespor,1446,1451.0,1 - 0,Adanaspor,1377,1372.0,1,0,Turkey,domestic league (tier 2)
2021/01/02,1. Lig,0,Ümraniyespor,1445,1454.0,2 - 1,Akhisar Belediyespor,1507,1498.0,2,1,Turkey,domestic league (tier 2)
2021/01/31,1. Lig,0,Ümraniyespor,1447,1446.0,2 - 2,Samsunspor,1513,1514.0,2,2,Turkey,domestic league (tier 2)
2021/02/13,1. Lig,0,Ümraniyespor,1462,1467.0,3 - 0,Eskisehirspor,1262,1257.0,3,0,Turkey,domestic league (tier 2)
2021/02/23,1. Lig,0,Ümraniyespor,1482,1483.0,0 - 0,Adana Demirspor,1627,1626.0,0,0,Turkey,domestic league (tier 2)
2021/03/07,1. Lig,0,Ümraniyespor,1477,1493.0,3 - 1,Giresunspor,1590,1574.0,3,1,Turkey,domestic league (tier 2)
2021/03/20,1. Lig,0,Ümraniyespor,1505,1490.0,1 - 2,Balikesirspor,1402,1417.0,1,2,Turkey,domestic league (tier 2)
2021/04/11,1. Lig,0,Ümraniyespor,1491,1499.0,2 - 1,Bursaspor,1520,1512.0,2,1,Turkey,domestic league (tier 2)
2021/04/19,1. Lig,0,Ümraniyespor,1520,1524.0,4 - 3,Ankaraspor,1386,1382.0,4,3,Turkey,domestic league (tier 2)
2021/05/01,1. Lig,0,Ümraniyespor,1537,1525.0,0 - 1,Altay Izmir,1563,1575.0,0,1,Turkey,domestic league (tier 2)
2021/08/22,1. Lig,0,Ümraniyespor,1538,1549.0,2 - 0,Istanbulspor AS,1548,1537.0,2,0,Turkey,domestic league (tier 2)
2021/09/11,1. Lig,0,Ümraniyespor,1566,1573.0,2 - 0,Bandirmaspor,1451,1444.0,2,0,Turkey,domestic league (tier 2)
2021/09/25,1. Lig,0,Ümraniyespor,1589,1591.0,1 - 0,Manisa FK,1321,1319.0,1,0,Turkey,domestic league (tier 2)
2021/10/16,1. Lig,0,Ümraniyespor,1593,1588.0,2 - 2,Eyüpspor,1489,1494.0,2,2,Turkey,domestic league (tier 2)
2021/10/28,Turkey Cup,0,Ümraniyespor,1604,1606.0,3 - 1,Kahramanmarasspor,1283,1281.0,3,1,Turkey,domestic cup
2021/10/31,1. Lig,0,Ümraniyespor,1606,1609.0,2 - 1,Tuzlaspor,1433,1430.0,2,1,Turkey,domestic league (tier 2)
2021/12/05,1. Lig,0,Ümraniyespor,1586,1570.0,1 - 2,Boluspor,1469,1485.0,1,2,Turkey,domestic league (tier 2)
2021/12/16,1. Lig,0,Ümraniyespor,1576,1584.0,4 - 1,Bursaspor,1470,1462.0,4,1,Turkey,domestic league (tier 2)
2021/12/26,1. Lig,0,Ümraniyespor,1593,1601.0,3 - 1,Gençlerbirligi,1520,1512.0,3,1,Turkey,domestic league (tier 2)
2022/01/08,1. Lig,0,Ümraniyespor,1596,1599.0,1 - 0,Kocaelispor,1378,1375.0,1,0,Turkey,domestic league (tier 2)
2022/01/22,1. Lig,0,Ümraniyespor,1590,1593.0,2 - 1,Menemen Belediyespor,1413,1410.0,2,1,Turkey,domestic league (tier 2)
2022/02/13,1. Lig,0,Ümraniyespor,1579,1576.0,3 - 3,BB Erzurumspor,1590,1593.0,3,3,Turkey,domestic league (tier 2)
2022/02/17,1. Lig,0,Ümraniyespor,1576,1580.0,2 - 1,Adanaspor,1418,1414.0,2,1,Turkey,domestic league (tier 2)
2022/02/27,1. Lig,0,Ümraniyespor,1567,1578.0,3 - 1,Samsunspor,1574,1563.0,3,1,Turkey,domestic league (tier 2)
2022/03/19,1. Lig,0,Ümraniyespor,1589,1573.0,0 - 1,Altinordu FK,1422,1438.0,0,1,Turkey,domestic league (tier 2)
2022/04/09,1. Lig,0,Ümraniyespor,1571,1569.0,2 - 2,MKE Ankaragücü,1618,1620.0,2,2,Turkey,domestic league (tier 2)
2022/04/19,1. Lig,0,Ümraniyespor,1569,1575.0,2 - 1,Keçiörengücü,1505,1499.0,2,1,Turkey,domestic league (tier 2)
2022/05/01,1. Lig,0,Ümraniyespor,1589,1592.0,4 - 1,Balikesirspor,1251,1248.0,4,1,Turkey,domestic league (tier 2)
2022/05/14,1. Lig,0,Ümraniyespor,1581,1576.0,0 - 0,Denizlispor,1487,1492.0,0,0,Turkey,domestic league (tier 2)
2022/08/14,Süperlig,0,Ümraniyespor,1600,1592.0,0 - 1,Antalyaspor,1769,1777.0,0,1,Turkey,domestic league (tier 1)
2022/08/19,Süperlig,0,Ümraniyespor,1592,1584.0,0 - 1,Galatasaray,1777,1785.0,0,1,Turkey,domestic league (tier 1)
2022/09/02,Süperlig,0,Ümraniyespor,1580,1575.0,0 - 1,Trabzonspor,1862,1867.0,0,1,Turkey,domestic league (tier 1)
2022/09/17,Süperlig,0,Ümraniyespor,1581,1572.0,1 - 2,Kasimpasa SK,1720,1729.0,1,2,Turkey,domestic league (tier 1)
2022/10/09,Süperlig,0,Ümraniyespor,1569,1570.0,2 - 2,Kayserispor,1699,1698.0,2,2,Turkey,domestic league (tier 1)
2022/10/22,Süperlig,0,Ümraniyespor,1570,1556.0,1 - 3,Fatih Karagümrük SK,1698,1712.0,1,3,Turkey,domestic league (tier 1)
2022/11/04,Süperlig,0,Ümraniyespor,1551,1570.0,3 - 1,Alanyaspor,1748,1729.0,3,1,Turkey,domestic league (tier 1)
2022/12/23,Süperlig,0,Ümraniyespor,1592,1583.0,1 - 3,Istanbul Basaksehir,1838,1847.0,1,3,Turkey,domestic league (tier 1)
2023/01/03,Süperlig,0,Ümraniyespor,1597,1596.0,2 - 2,Hatayspor,1646,1647.0,2,2,Turkey,domestic league (tier 1)
2023/01/15,Süperlig,0,Ümraniyespor,1610,1589.0,0 - 2,Istanbulspor AS,1564,1585.0,0,2,Turkey,domestic league (tier 1)
2023/01/18,Turkey Cup,0,Ümraniyespor,1589,1580.0,1 - 4,Trabzonspor,1869,1878.0,1,4,Turkey,domestic cup
2023/01/23,Süperlig,0,Ümraniyespor,1580,1576.0,1 - 2,Fenerbahçe,1943,1947.0,1,2,Turkey,domestic league (tier 1)
2023/02/26,Süperlig,0,Ümraniyespor,1570,1573.0,1 - 1,Adana Demirspor,1787,1784.0,1,1,Turkey,domestic league (tier 1)
2023/04/02,Süperlig,0,Ümraniyespor,1596,1597.0,2 - 2,Konyaspor,1737,1736.0,2,2,Turkey,domestic league (tier 1)
2023/04/22,Süperlig,0,Ümraniyespor,1586,1578.0,0 - 2,Besiktas,1871,1879.0,0,2,Turkey,domestic league (tier 1)
2023/05/07,Süperlig,0,Ümraniyespor,1573,1593.0,4 - 1,Sivasspor,1724,1704.0,4,1,Turkey,domestic league (tier 1)
2023/05/21,Süperlig,0,Ümraniyespor,1600,1588.0,1 - 2,MKE Ankaragücü,1641,1653.0,1,2,Turkey,domestic league (tier 1)
2023/06/03,Süperlig,0,Ümraniyespor,1588,1575.0,0 - 1,Giresunspor,1592,1605.0,0,1,Turkey,domestic league (tier 1)
2023/08/19,1. Lig,0,Ümraniyespor,1552,1549.0,0 - 0,Göztepe,1533,1536.0,0,0,Turkey,domestic league (tier 2)
2023/09/16,1. Lig,0,Ümraniyespor,1534,1505.0,0 - 3,Çorum FK,1361,1390.0,0,3,Turkey,domestic league (tier 2)
2023/09/29,1. Lig,0,Ümraniyespor,1496,1483.0,0 - 1,Bandirmaspor,1499,1512.0,0,1,Turkey,domestic league (tier 2)
2023/10/22,1. Lig,0,Ümraniyespor,1503,1510.0,3 - 2,Manisa FK,1490,1483.0,3,2,Turkey,domestic league (tier 2)
2023/11/06,1. Lig,0,Ümraniyespor,1499,1493.0,1 - 1,Tuzlaspor,1335,1341.0,1,1,Turkey,domestic league (tier 2)
2023/11/25,1. Lig,0,Ümraniyespor,1504,1489.0,1 - 2,Boluspor,1412,1427.0,1,2,Turkey,domestic league (tier 2)
2023/12/09,1. Lig,0,Ümraniyespor,1512,1521.0,2 - 0,Keçiörengücü,1457,1448.0,2,0,Turkey,domestic league (tier 2)
2023/12/24,1. Lig,0,Ümraniyespor,1521,1527.0,2 - 1,Giresunspor,1453,1447.0,2,1,Turkey,domestic league (tier 2)
2024/01/14,1. Lig,0,Ümraniyespor,1527,1522.0,1 - 1,Gençlerbirligi,1447,1452.0,1,1,Turkey,domestic league (tier 2)
2024/01/28,1. Lig,0,Ümraniyespor,1511,1508.0,1 - 1,Sakaryaspor,1497,1500.0,1,1,Turkey,domestic league (tier 2)
2024/02/03,1. Lig,0,Ümraniyespor,1508,1496.0,1 - 2,Bodrumspor,1551,1563.0,1,2,Turkey,domestic league (tier 2)
2024/02/18,1. Lig,0,Ümraniyespor,1508,1493.0,1 - 3,Eyüpspor,1598,1613.0,1,3,Turkey,domestic league (tier 2)
2024/03/01,1. Lig,0,Ümraniyespor,1481,1487.0,2 - 0,Altay Izmir,1348,1342.0,2,0,Turkey,domestic league (tier 2)
2024/03/17,1. Lig,0,Ümraniyespor,1478,1485.0,2 - 0,Adanaspor,1358,1351.0,2,0,Turkey,domestic league (tier 2)
2024/04/06,1. Lig,0,Ümraniyespor,1485,1471.0,0 - 1,Sanliurfaspor,1433,1447.0,0,1,Turkey,domestic league (tier 2)
2024/04/22,1. Lig,0,Ümraniyespor,1463,1471.0,1 - 0,Kocaelispor,1485,1477.0,1,0,Turkey,domestic league (tier 2)
2024/05/05,1. Lig,0,Ümraniyespor,1458,1470.0,2 - 0,Erzurumspor FK,1481,1469.0,2,0,Turkey,domestic league (tier 2)
2024/08/12,1. Lig,0,Ümraniyespor,1478,1491.0,3 - 0,Çorum FK,1487,1474.0,3,0,Turkey,domestic league (tier 2)
2024/08/31,1. Lig,0,Ümraniyespor,1495,1497.0,2 - 2,Fatih Karagümrük,1657,1655.0,2,2,Turkey,domestic league (tier 2)
2024/09/22,1. Lig,0,Ümraniyespor,1486,1494.0,5 - 2,Adanaspor,1373,1365.0,5,2,Turkey,domestic league (tier 2)
2024/10/05,1. Lig,0,Ümraniyespor,1513,1510.0,1 - 1,Bandirmaspor,1500,1503.0,1,1,Turkey,domestic league (tier 2)
2024/10/26,1. Lig,0,Ümraniyespor,1502,1507.0,2 - 0,Yeni Malatyaspor,1305,1300.0,2,0,Turkey,domestic league (tier 2)
2024/11/08,1. Lig,0,Ümraniyespor,1493,1477.0,0 - 1,Igdir FK,1347,1363.0,0,1,Turkey,domestic league (tier 2)
2024/12/01,1. Lig,0,Ümraniyespor,1481,1478.0,3 - 3,Gençlerbirligi,1473,1476.0,3,3,Turkey,domestic league (tier 2)
2024/12/15,1. Lig,0,Ümraniyespor,1487,1474.0,1 - 2,Keçiörengücü,1467,1480.0,1,2,Turkey,domestic league (tier 2)
2024/12/18,Turkey Cup,0,Ümraniyespor,1474,1466.0,1 - 2,Fatih Karagümrük,1662,1670.0,1,2,Turkey,domestic cup
2025/01/05,1. Lig,0,Ümraniyespor,1450,1448.0,0 - 0,Erzurumspor FK,1490,1492.0,0,0,Turkey,domestic league (tier 2)
2025/01/24,1. Lig,0,Ümraniyespor,1461,1468.0,1 - 0,Sanliurfaspor,1440,1433.0,1,0,Turkey,domestic league (tier 2)
2025/02/02,1. Lig,0,Ümraniyespor,1468,1479.0,2 - 1,MKE Ankaragücü,1597,1586.0,2,1,Turkey,domestic league (tier 2)
2025/02/13,1. Lig,0,Ümraniyespor,1476,1484.0,2 - 1,Istanbulspor AS,1521,1513.0,2,1,Turkey,domestic league (tier 2)
2025/02/23,1. Lig,0,Ümraniyespor,1483,1480.0,0 - 0,Sakaryaspor,1485,1488.0,0,0,Turkey,domestic league (tier 2)
2025/03/06,1. Lig,0,Ümraniyespor,1469,1468.0,1 - 1,Kocaelispor,1551,1552.0,1,1,Turkey,domestic league (tier 2)
2025/03/15,1. Lig,0,Ümraniyespor,1477,1484.0,1 - 0,Boluspor,1484,1477.0,1,0,Turkey,domestic league (tier 2)
2025/04/06,1. Lig,0,Ümraniyespor,1485,1482.0,0 - 0,Pendikspor,1467,1470.0,0,0,Turkey,domestic league (tier 2)
2025/04/14,1. Lig,0,Ümraniyespor,1476,1472.0,1 - 1,Erokspor,1431,1435.0,1,1,Turkey,domestic league (tier 2)
2025/04/27,1. Lig,0,Ümraniyespor,1485,1495.0,3 - 0,Amed SK,1433,1423.0,3,0,Turkey,domestic league (tier 2)
2025/05/10,1. Lig,0,Ümraniyespor,1484,1469.0,0 - 1,Manisa FK,1410,1425.0,0,1,Turkey,domestic league (tier 2)
2025/08/08,1. Lig,0,Ümraniyespor,1469,1475.0,2 - 1,Manisa FK,1425,1419.0,2,1,Turkey,domestic league (tier 2)
2025/08/24,1. Lig,0,Ümraniyespor,1462,1462.0,1 - 1,Hatayspor,1557,1557.0,1,1,Turkey,domestic league (tier 2)
2025/08/30,1. Lig,0,Ümraniyespor,1462,1441.0,0 - 2,Erokspor,1416,1437.0,0,2,Turkey,domestic league (tier 2)
2025/09/19,1. Lig,0,Ümraniyespor,1432,1420.0,0 - 1,Igdir FK,1454,1466.0,0,1,Turkey,domestic league (tier 2)
2025/09/27,1. Lig,0,Ümraniyespor,1435,1434.0,1 - 1,Çorum FK,1496,1497.0,1,1,Turkey,domestic league (tier 2)
2025/10/17,1. Lig,0,Ümraniyespor,1429,1409.0,1 - 3,Sariyer SK,1397,1417.0,1,3,Turkey,domestic league (tier 2)
2025/11/01,1. Lig,0,Ümraniyespor,1382,1395.0,1 - 0,Sivasspor,1579,1566.0,1,0,Turkey,domestic league (tier 2)
2025/11/23,1. Lig,0,Ümraniyespor,1388,1401.0,1 - 0,Bodrum FK,1601,1588.0,1,0,Turkey,domestic league (tier 2)
2025/12/06,1. Lig,0,Ümraniyespor,1405,1395.0,3 - 4,Amed SFK,1494,1504.0,3,4,Turkey,domestic league (tier 2)
2025/12/21,1. Lig,0,Ümraniyespor,1406,1414.0,5 - 0,Adana Demirspor,1272,1264.0,5,0,Turkey,domestic league (tier 2)
2026/01/18,1. Lig,0,Ümraniyespor,1400,1410.0,5 - 0,Serik Belediyespor,1314,1304.0,5,0,Turkey,domestic league (tier 2)
2026/02/08,1. Lig,0,Ümraniyespor,1422,1422.0,0 - 0,Istanbulspor AS,1515,1515.0,0,0,Turkey,domestic league (tier 2)
2026/02/17,1. Lig,0,Ümraniyespor,1427,1441.0,4 - 2,Boluspor,1500,1486.0,4,2,Turkey,domestic league (tier 2)
2026/03/01,1. Lig,0,Ümraniyespor,1433,1422.0,1 - 2,Bandirmaspor,1481,1492.0,1,2,Turkey,domestic league (tier 2)
2026/03/11,1. Lig,0,Ümraniyespor,1435,1455.0,3 - 1,Erzurumspor FK,1661,1641.0,3,1,Turkey,domestic league (tier 2)
2026/03/21,1. Lig,0,Ümraniyespor,1450,1449.0,0 - 0,Pendikspor,1508,1509.0,0,0,Turkey,domestic league (tier 2)
2026/04/08,1. Lig,0,Ümraniyespor,1444,1452.0,2 - 0,Sakaryaspor,1372,1364.0,2,0,Turkey,domestic league (tier 2)
2026/04/19,1. Lig,0,Ümraniyespor,1458,1444.0,1 - 2,Vanspor FK,1400,1414.0,1,2,Turkey,domestic league (tier 2)
2026/05/02,1. Lig,0,Ümraniyespor,1452,1432.0,1 - 4,Keçiörengücü,1512,1532.0,1,4,Turkey,domestic league (tier 2)
2026/08/08,1. Lig,0,Ümraniyespor,1432,1426.0,0 - 0,Mardin 1969 SK,1265,1271.0,0,0,Turkey,domestic league (tier 2)
2026/08/22,1. Lig,0,Ümraniyespor,1423,1424.0,1 - 1,Erokspor,1570,1569.0,1,1,Turkey,domestic league (tier 2)
2026/09/01,1. Lig,0,Ümraniyespor,1429,1413.0,0 - 1,Muglaspor,1289,1305.0,0,1,Turkey,domestic league (tier 2)
