Date,Competition,Neutral Venue,Home,PreHElo,PostHElo,Result,Away,PreAElo,PostAElo,Home Goals,Away Goals,Country,Category
2016/09/10,Premier League Wales,0,Aberystwyth Town,1125,1101.0,0 - 3,Carmarthen Town,1091,1115.0,0,3,Wales,domestic league (tier 1)
2016/10/01,Premier League Wales,0,Aberystwyth Town,1106,1100.0,1 - 5,The New Saints,1506,1512.0,1,5,Wales,domestic league (tier 1)
2016/10/14,Premier League Wales,0,Aberystwyth Town,1091,1103.0,4 - 0,Rhyl FC,1060,1048.0,4,0,Wales,domestic league (tier 1)
2016/10/23,Premier League Wales,0,Aberystwyth Town,1103,1100.0,0 - 0,Llandudno FC,1110,1113.0,0,0,Wales,domestic league (tier 1)
2016/10/29,Premier League Wales,0,Aberystwyth Town,1100,1113.0,3 - 1,Airbus UK,1161,1148.0,3,1,Wales,domestic league (tier 1)
2016/11/05,Premier League Wales,0,Aberystwyth Town,1113,1099.0,1 - 3,Connahs Quay Nomads (as GAP Connahs Quay FC),1230,1244.0,1,3,Wales,domestic league (tier 1)
2016/11/25,Premier League Wales,0,Aberystwyth Town,1092,1080.0,1 - 3,Bala Town,1270,1282.0,1,3,Wales,domestic league (tier 1)
2016/12/20,Premier League Wales,0,Aberystwyth Town,1100,1079.0,0 - 3,Bangor City,1135,1156.0,0,3,Wales,domestic league (tier 1)
2016/12/26,Premier League Wales,0,Aberystwyth Town,1079,1086.0,1 - 0,Newtown AFC,1076,1069.0,1,0,Wales,domestic league (tier 1)
2017/01/07,Premier League Wales,0,Aberystwyth Town,1088,1072.0,0 - 1,Cefn Druids,928,944.0,0,1,Wales,domestic league (tier 1)
2017/01/14,Premier League Wales,0,Aberystwyth Town,1072,1050.0,0 - 2,Cardiff Metropolitan,985,1007.0,0,2,Wales,domestic league (tier 1)
2017/02/04,Premier League Wales,0,Aberystwyth Town,1019,1027.0,1 - 0,Airbus UK,1060,1052.0,1,0,Wales,domestic league (tier 1)
2017/02/18,Premier League Wales,0,Aberystwyth Town,1018,1007.0,3 - 4,Llandudno FC,1090,1101.0,3,4,Wales,domestic league (tier 1)
2017/03/10,Premier League Wales,0,Aberystwyth Town,1010,991.0,0 - 4,Newtown AFC,1112,1131.0,0,4,Wales,domestic league (tier 1)
2017/03/25,Premier League Wales,0,Aberystwyth Town,981,978.0,0 - 0,Cefn Druids,991,994.0,0,0,Wales,domestic league (tier 1)
2017/04/14,Premier League Wales,0,Aberystwyth Town,1001,1014.0,4 - 0,Rhyl FC,991,978.0,4,0,Wales,domestic league (tier 1)
2017/08/18,Premier League Wales,0,Aberystwyth Town,1010,993.0,0 - 2,Llandudno FC,1072,1089.0,0,2,Wales,domestic league (tier 1)
2017/09/09,Premier League Wales,0,Aberystwyth Town,991,975.0,0 - 2,Cardiff Metropolitan,1061,1077.0,0,2,Wales,domestic league (tier 1)
2017/09/23,Premier League Wales,0,Aberystwyth Town,969,962.0,2 - 3,Bangor City,1193,1200.0,2,3,Wales,domestic league (tier 1)
2017/10/07,Premier League Wales,0,Aberystwyth Town,961,961.0,0 - 0,Barry Town United,1067,1067.0,0,0,Wales,domestic league (tier 1)
2017/10/20,Premier League Wales,0,Aberystwyth Town,976,974.0,1 - 2,The New Saints,1489,1491.0,1,2,Wales,domestic league (tier 1)
2017/11/03,Premier League Wales,0,Aberystwyth Town,987,997.0,1 - 0,Cefn Druids,1071,1061.0,1,0,Wales,domestic league (tier 1)
2017/11/17,Premier League Wales,0,Aberystwyth Town,993,987.0,1 - 2,Bala Town,1225,1231.0,1,2,Wales,domestic league (tier 1)
2017/11/24,Premier League Wales,0,Aberystwyth Town,987,1007.0,3 - 0,Newtown AFC,1128,1108.0,3,0,Wales,domestic league (tier 1)
2017/12/16,Premier League Wales,0,Aberystwyth Town,1026,1038.0,7 - 1,Prestatyn Town,954,942.0,7,1,Wales,domestic league (tier 1)
2018/01/01,Premier League Wales,0,Aberystwyth Town,1028,1014.0,1 - 2,Carmarthen Town,983,997.0,1,2,Wales,domestic league (tier 1)
2018/01/13,Premier League Wales,0,Aberystwyth Town,1020,1042.0,4 - 2,Connahs Quay Nomads (as GAP Connahs Quay FC),1286,1264.0,4,2,Wales,domestic league (tier 1)
2018/02/09,Premier League Wales,0,Aberystwyth Town,1045,1057.0,3 - 1,Llandudno FC,1070,1058.0,3,1,Wales,domestic league (tier 1)
2018/02/16,Premier League Wales,0,Aberystwyth Town,1057,1051.0,1 - 1,Prestatyn Town,899,905.0,1,1,Wales,domestic league (tier 1)
2018/03/24,Premier League Wales,0,Aberystwyth Town,1085,1066.0,0 - 2,Barry Town United,1086,1105.0,0,2,Wales,domestic league (tier 1)
2018/04/20,Premier League Wales,0,Aberystwyth Town,1075,1071.0,1 - 1,Carmarthen Town,1015,1019.0,1,1,Wales,domestic league (tier 1)
2018/04/27,Premier League Wales,0,Aberystwyth Town,1071,1084.0,5 - 3,Newtown AFC,1114,1101.0,5,3,Wales,domestic league (tier 1)
2018/08/10,Premier League Wales,0,Aberystwyth Town,1076,1082.0,1 - 0,Llandudno FC,1012,1006.0,1,0,Wales,domestic league (tier 1)
2018/08/17,Premier League Wales,0,Aberystwyth Town,1082,1060.0,1 - 4,Cardiff Metropolitan,1094,1116.0,1,4,Wales,domestic league (tier 1)
2018/08/31,Premier League Wales,0,Aberystwyth Town,1067,1077.0,3 - 1,Llanelli Town,1054,1044.0,3,1,Wales,domestic league (tier 1)
2018/09/15,Premier League Wales,0,Aberystwyth Town,1075,1084.0,3 - 2,Bala Town,1138,1129.0,3,2,Wales,domestic league (tier 1)
2018/09/29,Premier League Wales,0,Aberystwyth Town,1085,1073.0,0 - 1,Barry Town United,1130,1142.0,0,1,Wales,domestic league (tier 1)
2018/10/12,Premier League Wales,0,Aberystwyth Town,1066,1061.0,0 - 0,Caernarfon Town,990,995.0,0,0,Wales,domestic league (tier 1)
2018/11/02,Premier League Wales,0,Aberystwyth Town,1089,1106.0,1 - 0,The New Saints,1465,1448.0,1,0,Wales,domestic league (tier 1)
2018/11/30,Premier League Wales,0,Aberystwyth Town,1133,1127.0,1 - 1,Carmarthen Town,1013,1019.0,1,1,Wales,domestic league (tier 1)
2018/12/21,Premier League Wales,0,Aberystwyth Town,1108,1087.0,0 - 2,Cefn Druids,1069,1090.0,0,2,Wales,domestic league (tier 1)
2018/12/26,Premier League Wales,0,Aberystwyth Town,1087,1069.0,0 - 2,Newtown AFC,1122,1140.0,0,2,Wales,domestic league (tier 1)
2019/01/04,Premier League Wales,0,Aberystwyth Town,1064,1052.0,1 - 6,Connahs Quay Nomads (as GAP Connahs Quay FC),1305,1317.0,1,6,Wales,domestic league (tier 1)
2019/02/01,Premier League Wales,0,Aberystwyth Town,1033,1029.0,1 - 1,Llandudno FC,966,970.0,1,1,Wales,domestic league (tier 1)
2019/02/23,Premier League Wales,0,Aberystwyth Town,1034,1051.0,2 - 0,Cardiff Metropolitan,1171,1154.0,2,0,Wales,domestic league (tier 1)
2019/03/08,Premier League Wales,0,Aberystwyth Town,1051,1058.0,3 - 2,Carmarthen Town,1026,1019.0,3,2,Wales,domestic league (tier 1)
2019/04/05,Premier League Wales,0,Aberystwyth Town,1069,1072.0,3 - 2,Llanelli Town,886,883.0,3,2,Wales,domestic league (tier 1)
2019/04/12,Premier League Wales,0,Aberystwyth Town,1072,1070.0,0 - 0,Cefn Druids,1093,1095.0,0,0,Wales,domestic league (tier 1)
2019/08/16,Premier League Wales,0,Aberystwyth Town,1050,1057.0,3 - 2,Carmarthen Town,1059,1052.0,3,2,Wales,domestic league (tier 1)
2019/08/26,Premier League Wales,0,Aberystwyth Town,1050,1044.0,1 - 10,The New Saints,1485,1491.0,1,10,Wales,domestic league (tier 1)
2019/09/07,Premier League Wales,0,Aberystwyth Town,1058,1043.0,1 - 2,Airbus UK,950,965.0,1,2,Wales,domestic league (tier 1)
2019/09/20,Premier League Wales,0,Aberystwyth Town,1040,1029.0,2 - 3,Caernarfon Town,1105,1116.0,2,3,Wales,domestic league (tier 1)
2019/10/12,Premier League Wales,0,Aberystwyth Town,1034,1036.0,2 - 2,Cardiff Metropolitan,1209,1207.0,2,2,Wales,domestic league (tier 1)
2019/10/25,Premier League Wales,0,Aberystwyth Town,1039,1045.0,1 - 1,Connahs Quay Nomads,1355,1349.0,1,1,Wales,domestic league (tier 1)
2019/11/08,Premier League Wales,0,Aberystwyth Town,1080,1061.0,0 - 5,Bala Town,1194,1213.0,0,5,Wales,domestic league (tier 1)
2019/11/29,Premier League Wales,0,Aberystwyth Town,1059,1041.0,1 - 3,Cefn Druids,1084,1102.0,1,3,Wales,domestic league (tier 1)
2019/12/20,Premier League Wales,0,Aberystwyth Town,1056,1045.0,0 - 1,Barry Town United,1136,1147.0,0,1,Wales,domestic league (tier 1)
2019/12/30,Premier League Wales,0,Aberystwyth Town,1050,1040.0,1 - 2,Newtown AFC,1146,1156.0,1,2,Wales,domestic league (tier 1)
2020/01/18,Premier League Wales,0,Aberystwyth Town,1066,1070.0,1 - 0,Penybont FC,929,925.0,1,0,Wales,domestic league (tier 1)
2020/02/14,Premier League Wales,0,Aberystwyth Town,1061,1067.0,5 - 3,Airbus UK,921,915.0,5,3,Wales,domestic league (tier 1)
2020/02/21,Premier League Wales,0,Aberystwyth Town,1067,1051.0,0 - 1,Penybont FC,908,924.0,0,1,Wales,domestic league (tier 1)
2020/09/12,Premier League Wales,0,Aberystwyth Town,1055,1045.0,2 - 3,Cardiff Metropolitan,1155,1165.0,2,3,Wales,domestic league (tier 1)
2020/09/18,Premier League Wales,0,Aberystwyth Town,1045,1052.0,3 - 1,Flint Town United,947,940.0,3,1,Wales,domestic league (tier 1)
2020/10/03,Premier League Wales,0,Aberystwyth Town,1053,1043.0,1 - 2,Barry Town United,1157,1167.0,1,2,Wales,domestic league (tier 1)
2020/10/16,Premier League Wales,0,Aberystwyth Town,1061,1068.0,2 - 2,The New Saints,1489,1482.0,2,2,Wales,domestic league (tier 1)
2020/12/04,Premier League Wales,0,Aberystwyth Town,1054,1047.0,1 - 3,Connahs Quay Nomads,1371,1378.0,1,3,Wales,domestic league (tier 1)
2020/12/09,Premier League Wales,0,Aberystwyth Town,1047,1040.0,1 - 2,Bala Town,1271,1278.0,1,2,Wales,domestic league (tier 1)
2020/12/15,Premier League Wales,0,Aberystwyth Town,1040,1028.0,1 - 2,Caernarfon Town,1074,1086.0,1,2,Wales,domestic league (tier 1)
2021/03/09,Premier League Wales,0,Aberystwyth Town,1015,1021.0,2 - 1,Haverfordwest County,969,963.0,2,1,Wales,domestic league (tier 1)
2021/03/20,Premier League Wales,0,Aberystwyth Town,1016,1026.0,1 - 0,Newtown AFC,1115,1105.0,1,0,Wales,domestic league (tier 1)
2021/03/27,Premier League Wales,0,Aberystwyth Town,1026,1024.0,1 - 1,Penybont FC,1048,1050.0,1,1,Wales,domestic league (tier 1)
2021/04/02,Premier League Wales,0,Aberystwyth Town,1024,1034.0,3 - 1,Cefn Druids,991,981.0,3,1,Wales,domestic league (tier 1)
2021/04/09,Premier League Wales,0,Aberystwyth Town,1034,1022.0,1 - 2,Newtown AFC,1070,1082.0,1,2,Wales,domestic league (tier 1)
2021/04/16,Premier League Wales,0,Aberystwyth Town,1014,1000.0,0 - 1,Flint Town United,950,964.0,0,1,Wales,domestic league (tier 1)
2021/04/23,Premier League Wales,0,Aberystwyth Town,1021,1019.0,1 - 1,Cardiff Metropolitan,1056,1058.0,1,1,Wales,domestic league (tier 1)
2021/04/27,Premier League Wales,0,Aberystwyth Town,1019,1029.0,5 - 1,Cefn Druids,933,923.0,5,1,Wales,domestic league (tier 1)
2021/05/04,Premier League Wales,0,Aberystwyth Town,1018,1013.0,2 - 2,Haverfordwest County,946,951.0,2,2,Wales,domestic league (tier 1)
2021/08/06,Wales League Cup,0,Aberystwyth Town,1044,1043.0,1 - 1,Penybont FC,1079,1080.0,1,1,Wales,domestic cup
2021/08/14,Premier League Wales,0,Aberystwyth Town,1043,1052.0,2 - 1,Barry Town United,1103,1094.0,2,1,Wales,domestic league (tier 1)
2021/08/31,Premier League Wales,0,Aberystwyth Town,1043,1035.0,0 - 1,Bala Town,1230,1238.0,0,1,Wales,domestic league (tier 1)
2021/09/11,Premier League Wales,0,Aberystwyth Town,1035,1024.0,0 - 1,Cardiff Metropolitan,1091,1102.0,0,1,Wales,domestic league (tier 1)
2021/09/21,Wales League Cup,0,Aberystwyth Town,1039,1024.0,2 - 5,Cardiff Metropolitan,1091,1106.0,2,5,Wales,domestic cup
2021/09/25,Wales Cup,0,Aberystwyth Town,1024,1029.0,4 - 1,Cefn Druids,824,819.0,4,1,Wales,domestic cup
2021/10/09,Premier League Wales,0,Aberystwyth Town,1028,1017.0,0 - 1,Caernarfon Town,1100,1111.0,0,1,Wales,domestic league (tier 1)
2021/10/22,Premier League Wales,0,Aberystwyth Town,1024,1005.0,0 - 3,Penybont FC,1090,1109.0,0,3,Wales,domestic league (tier 1)
2021/10/29,Premier League Wales,0,Aberystwyth Town,1005,993.0,1 - 2,Flint Town United,1048,1060.0,1,2,Wales,domestic league (tier 1)
2021/11/09,Premier League Wales,0,Aberystwyth Town,998,1016.0,1 - 0,The New Saints,1515,1497.0,1,0,Wales,domestic league (tier 1)
2021/12/03,Premier League Wales,0,Aberystwyth Town,1031,1027.0,0 - 1,Connahs Quay Nomads,1375,1379.0,0,1,Wales,domestic league (tier 1)
2021/12/10,Premier League Wales,0,Aberystwyth Town,1027,1014.0,2 - 4,Newtown AFC,1168,1181.0,2,4,Wales,domestic league (tier 1)
2022/01/28,Premier League Wales,0,Aberystwyth Town,1011,1016.0,5 - 0,Cefn Druids,785,780.0,5,0,Wales,domestic league (tier 1)
2022/02/01,Premier League Wales,0,Aberystwyth Town,1016,1025.0,2 - 0,Haverfordwest County,982,973.0,2,0,Wales,domestic league (tier 1)
2022/03/12,Premier League Wales,0,Aberystwyth Town,1026,1011.0,0 - 2,Cardiff Metropolitan,1135,1150.0,0,2,Wales,domestic league (tier 1)
2022/03/15,Premier League Wales,0,Aberystwyth Town,1011,983.0,0 - 6,Haverfordwest County,1002,1030.0,0,6,Wales,domestic league (tier 1)
2022/03/25,Premier League Wales,0,Aberystwyth Town,983,992.0,2 - 1,Barry Town United,1035,1026.0,2,1,Wales,domestic league (tier 1)
2022/04/15,Premier League Wales,0,Aberystwyth Town,1010,1015.0,6 - 0,Cefn Druids,773,768.0,6,0,Wales,domestic league (tier 1)
2022/04/23,Premier League Wales,0,Aberystwyth Town,1028,1034.0,1 - 1,Connahs Quay Nomads,1353,1347.0,1,1,Wales,domestic league (tier 1)
2022/08/06,Wales League Cup,0,Aberystwyth Town,1034,1037.0,2 - 1,Llanidloes Town FC,914,911.0,2,1,Wales,domestic cup
2022/08/20,Premier League Wales,0,Aberystwyth Town,1047,1028.0,0 - 4,Cardiff Metropolitan,1138,1157.0,0,4,Wales,domestic league (tier 1)
2022/08/30,Premier League Wales,0,Aberystwyth Town,1017,1014.0,0 - 2,The New Saints,1496,1499.0,0,2,Wales,domestic league (tier 1)
2022/09/02,Premier League Wales,0,Aberystwyth Town,1014,1004.0,1 - 4,Bala Town,1280,1290.0,1,4,Wales,domestic league (tier 1)
2022/09/16,Premier League Wales,0,Aberystwyth Town,1004,1020.0,2 - 1,Connahs Quay Nomads,1335,1319.0,2,1,Wales,domestic league (tier 1)
2022/09/27,Premier League Wales,0,Aberystwyth Town,1016,1021.0,2 - 1,Airbus UK,904,899.0,2,1,Wales,domestic league (tier 1)
2022/10/14,Premier League Wales,0,Aberystwyth Town,1016,1024.0,2 - 1,Haverfordwest County,1046,1038.0,2,1,Wales,domestic league (tier 1)
2022/10/28,Premier League Wales,0,Aberystwyth Town,1019,1028.0,2 - 1,Flint Town United,1081,1072.0,2,1,Wales,domestic league (tier 1)
2022/11/12,Wales Cup,0,Aberystwyth Town,1025,1010.0,1 - 3,Newtown AFC,1134,1149.0,1,3,Wales,domestic cup
2022/11/18,Premier League Wales,0,Aberystwyth Town,1010,1015.0,2 - 1,"Pontypridd United
(as Pontypridd Town)",918,913.0,2,1,Wales,domestic league (tier 1)
2022/12/26,Premier League Wales,0,Aberystwyth Town,1000,992.0,1 - 2,Newtown AFC,1179,1187.0,1,2,Wales,domestic league (tier 1)
2023/01/10,Premier League Wales,0,Aberystwyth Town,990,975.0,0 - 3,Penybont FC,1149,1164.0,0,3,Wales,domestic league (tier 1)
2023/01/21,Premier League Wales,0,Aberystwyth Town,975,985.0,2 - 1,Caernarfon Town,1077,1067.0,2,1,Wales,domestic league (tier 1)
2023/02/18,Premier League Wales,0,Aberystwyth Town,974,970.0,3 - 3,Pontypridd United,930,934.0,3,3,Wales,domestic league (tier 1)
2023/03/11,Premier League Wales,0,Aberystwyth Town,987,976.0,0 - 1,Haverfordwest County,1041,1052.0,0,1,Wales,domestic league (tier 1)
2023/03/25,Premier League Wales,0,Aberystwyth Town,991,1000.0,1 - 0,Flint Town United,1047,1038.0,1,0,Wales,domestic league (tier 1)
2023/04/08,Premier League Wales,0,Aberystwyth Town,1002,994.0,1 - 1,Airbus UK,760,768.0,1,1,Wales,domestic league (tier 1)
2023/04/22,Premier League Wales,0,Aberystwyth Town,999,1008.0,3 - 2,Caernarfon Town,1058,1049.0,3,2,Wales,domestic league (tier 1)
2023/08/12,Premier League Wales,0,Aberystwyth Town,1017,1009.0,0 - 1,Cardiff Metropolitan,1171,1179.0,0,1,Wales,domestic league (tier 1)
2023/08/29,Premier League Wales,0,Aberystwyth Town,1012,999.0,0 - 1,Pontypridd United,1007,1020.0,0,1,Wales,domestic league (tier 1)
2023/09/09,Premier League Wales,0,Aberystwyth Town,998,981.0,2 - 4,Caernarfon Town,1058,1075.0,2,4,Wales,domestic league (tier 1)
2023/09/19,Wales League Cup,0,Aberystwyth Town,961,953.0,0 - 1,Pontypridd United,1023,1031.0,0,1,Wales,domestic cup
2023/09/22,Premier League Wales,0,Aberystwyth Town,953,947.0,1 - 2,Penybont FC,1194,1200.0,1,2,Wales,domestic league (tier 1)
2023/10/06,Premier League Wales,0,Aberystwyth Town,957,964.0,1 - 1,Connahs Quay Nomads,1360,1353.0,1,1,Wales,domestic league (tier 1)
2023/11/11,Wales Cup,0,Aberystwyth Town,995,988.0,0 - 1,Bala Town,1201,1208.0,0,1,Wales,domestic cup
2023/11/14,Premier League Wales,0,Aberystwyth Town,988,980.0,0 - 1,Newtown AFC,1176,1184.0,0,1,Wales,domestic league (tier 1)
2023/11/17,Premier League Wales,0,Aberystwyth Town,980,974.0,2 - 3,Bala Town,1208,1214.0,2,3,Wales,domestic league (tier 1)
2023/11/28,Premier League Wales,0,Aberystwyth Town,974,972.0,1 - 3,The New Saints,1567,1569.0,1,3,Wales,domestic league (tier 1)
2023/12/30,Premier League Wales,0,Aberystwyth Town,957,958.0,1 - 1,Haverfordwest County,1096,1095.0,1,1,Wales,domestic league (tier 1)
2024/01/05,Premier League Wales,0,Aberystwyth Town,958,962.0,1 - 0,Colwyn Bay FC,840,836.0,1,0,Wales,domestic league (tier 1)
2024/01/13,Premier League Wales,0,Aberystwyth Town,962,944.0,2 - 4,Barry Town United,992,1010.0,2,4,Wales,domestic league (tier 1)
2024/02/02,Premier League Wales,0,Aberystwyth Town,944,955.0,1 - 0,Haverfordwest County,1086,1075.0,1,0,Wales,domestic league (tier 1)
2024/02/09,Premier League Wales,0,Aberystwyth Town,955,939.0,0 - 1,Colwyn Bay FC,823,839.0,0,1,Wales,domestic league (tier 1)
2024/03/02,Premier League Wales,0,Aberystwyth Town,946,944.0,1 - 1,Barry Town United,991,993.0,1,1,Wales,domestic league (tier 1)
2024/04/06,Premier League Wales,0,Aberystwyth Town,947,934.0,0 - 3,Penybont FC,1138,1151.0,0,3,Wales,domestic league (tier 1)
2024/04/21,Premier League Wales,0,Aberystwyth Town,932,947.0,3 - 0,Pontypridd United,977,962.0,3,0,Wales,domestic league (tier 1)
2024/08/16,Premier League Wales,0,Aberystwyth Town,953,960.0,1 - 1,Connahs Quay Nomads,1324,1317.0,1,1,Wales,domestic league (tier 1)
2024/08/23,Premier League Wales,0,Aberystwyth Town,960,968.0,1 - 0,Barry Town United,987,979.0,1,0,Wales,domestic league (tier 1)
2024/09/07,Premier League Wales,0,Aberystwyth Town,963,944.0,0 - 2,Flint Town United,975,994.0,0,2,Wales,domestic league (tier 1)
2024/09/17,Wales League Cup,0,Aberystwyth Town,940,945.0,3 - 2,Llandudno FC,937,932.0,3,2,Wales,domestic cup
2024/09/20,Premier League Wales,0,Aberystwyth Town,945,931.0,0 - 3,Haverfordwest County,1125,1139.0,0,3,Wales,domestic league (tier 1)
2024/09/24,Premier League Wales,0,Aberystwyth Town,931,925.0,1 - 2,Cardiff Metropolitan,1165,1171.0,1,2,Wales,domestic league (tier 1)
2024/10/12,Premier League Wales,0,Aberystwyth Town,917,909.0,0 - 3,Penybont FC,1231,1239.0,0,3,Wales,domestic league (tier 1)
2024/10/27,Premier League Wales,0,Aberystwyth Town,954,952.0,2 - 4,The New Saints,1562,1564.0,2,4,Wales,domestic league (tier 1)
2024/11/08,Premier League Wales,0,Aberystwyth Town,933,951.0,3 - 1,Newtown AFC,1114,1096.0,3,1,Wales,domestic league (tier 1)
2024/12/21,Premier League Wales,0,Aberystwyth Town,936,955.0,3 - 1,Caernarfon Town,1121,1102.0,3,1,Wales,domestic league (tier 1)
2024/12/26,Premier League Wales,0,Aberystwyth Town,955,959.0,0 - 0,Bala Town,1221,1217.0,0,0,Wales,domestic league (tier 1)
2025/01/11,Premier League Wales,0,Aberystwyth Town,956,928.0,1 - 6,Briton Ferry Llansawel AFC,906,934.0,1,6,Wales,domestic league (tier 1)
2025/01/24,Premier League Wales,0,Aberystwyth Town,928,919.0,1 - 2,Barry Town United,1050,1059.0,1,2,Wales,domestic league (tier 1)
2025/02/22,Premier League Wales,0,Aberystwyth Town,924,914.0,0 - 1,Newtown AFC,1020,1030.0,0,1,Wales,domestic league (tier 1)
2025/02/28,Wales League Cup,0,Aberystwyth Town,914,914.0,0 - 1,The New Saints,1541,1541.0,0,1,Wales,domestic cup
2025/03/21,Premier League Wales,0,Aberystwyth Town,907,895.0,0 - 1,Briton Ferry Llansawel AFC,927,939.0,0,1,Wales,domestic league (tier 1)
2025/03/28,Premier League Wales,0,Aberystwyth Town,895,886.0,1 - 2,Flint Town United,1027,1036.0,1,2,Wales,domestic league (tier 1)
2025/04/19,Premier League Wales,0,Aberystwyth Town,902,907.0,1 - 1,Connahs Quay Nomads,1187,1182.0,1,1,Wales,domestic league (tier 1)
2025/10/18,Wales Cup,0,Aberystwyth Town,905,890.0,0 - 5,Barry Town United,1103,1118.0,0,5,Wales,domestic cup
2022/09/20,Wales League Cup,0,Afan Lido FC,849,858.0,2 - 0,"Pontypridd United
(as Pontypridd Town)",894,885.0,2,0,Wales,domestic cup
2023/09/19,Wales League Cup,0,Afan Lido FC,864,858.0,0 - 4,Cardiff Metropolitan,1173,1179.0,0,4,Wales,domestic cup
2016/08/14,Premier League Wales,0,Airbus UK,1224,1225.0,1 - 0,Cardiff Metropolitan,846,845.0,1,0,Wales,domestic league (tier 1)
2016/08/21,Premier League Wales,0,Airbus UK,1225,1210.0,0 - 1,Aberystwyth Town,1129,1144.0,0,1,Wales,domestic league (tier 1)
2016/09/04,Premier League Wales,0,Airbus UK,1184,1175.0,1 - 4,The New Saints,1479,1488.0,1,4,Wales,domestic league (tier 1)
2016/09/18,Premier League Wales,0,Airbus UK,1158,1161.0,3 - 2,Cefn Druids,952,949.0,3,2,Wales,domestic league (tier 1)
2016/10/01,Premier League Wales,0,Airbus UK,1175,1161.0,2 - 3,Llandudno FC,1109,1123.0,2,3,Wales,domestic league (tier 1)
2016/10/22,Premier League Wales,0,Airbus UK,1166,1161.0,1 - 1,Carmarthen Town,1092,1097.0,1,1,Wales,domestic league (tier 1)
2016/11/05,Premier League Wales,0,Airbus UK,1148,1126.0,0 - 2,Newtown AFC,1067,1089.0,0,2,Wales,domestic league (tier 1)
2016/11/19,Premier League Wales,0,Airbus UK,1107,1081.0,0 - 3,Rhyl FC,1010,1036.0,0,3,Wales,domestic league (tier 1)
2016/12/20,Premier League Wales,0,Airbus UK,1074,1064.0,2 - 4,Bala Town,1288,1298.0,2,4,Wales,domestic league (tier 1)
2016/12/26,Premier League Wales,0,Airbus UK,1064,1050.0,0 - 3,Connahs Quay Nomads (as GAP Connahs Quay FC),1242,1256.0,0,3,Wales,domestic league (tier 1)
2017/01/14,Premier League Wales,0,Airbus UK,1045,1060.0,4 - 2,Bangor City,1153,1138.0,4,2,Wales,domestic league (tier 1)
2017/02/10,Premier League Wales,0,Airbus UK,1052,1050.0,0 - 0,Llandudno FC,1088,1090.0,0,0,Wales,domestic league (tier 1)
2017/02/18,Premier League Wales,0,Airbus UK,1050,1028.0,0 - 2,Rhyl FC,986,1008.0,0,2,Wales,domestic league (tier 1)
2017/03/10,Premier League Wales,0,Airbus UK,1019,1015.0,0 - 0,Cefn Druids,973,977.0,0,0,Wales,domestic league (tier 1)
2017/03/18,Premier League Wales,0,Airbus UK,1015,1025.0,4 - 2,Aberystwyth Town,991,981.0,4,2,Wales,domestic league (tier 1)
2017/04/14,Premier League Wales,0,Airbus UK,1021,999.0,0 - 7,Newtown AFC,1135,1157.0,0,7,Wales,domestic league (tier 1)
2019/08/16,Premier League Wales,0,Airbus UK,975,967.0,1 - 2,Bala Town,1139,1147.0,1,2,Wales,domestic league (tier 1)
2019/08/30,Premier League Wales,0,Airbus UK,959,950.0,2 - 3,Caernarfon Town,1088,1097.0,2,3,Wales,domestic league (tier 1)
2019/09/14,Premier League Wales,0,Airbus UK,965,958.0,0 - 1,Barry Town United,1165,1172.0,0,1,Wales,domestic league (tier 1)
2019/09/28,Premier League Wales,0,Airbus UK,938,948.0,1 - 0,Carmarthen Town,1046,1036.0,1,0,Wales,domestic league (tier 1)
2019/10/05,Premier League Wales,0,Airbus UK,948,952.0,1 - 1,Cardiff Metropolitan,1213,1209.0,1,1,Wales,domestic league (tier 1)
2019/10/19,Premier League Wales,0,Airbus UK,951,969.0,2 - 0,Newtown AFC,1118,1100.0,2,0,Wales,domestic league (tier 1)
2019/11/02,Premier League Wales,0,Airbus UK,965,946.0,1 - 5,Aberystwyth Town,1061,1080.0,1,5,Wales,domestic league (tier 1)
2019/11/09,Premier League Wales,0,Airbus UK,946,932.0,1 - 2,Penybont FC,898,912.0,1,2,Wales,domestic league (tier 1)
2019/11/30,Premier League Wales,0,Airbus UK,930,926.0,0 - 12,The New Saints,1460,1464.0,0,12,Wales,domestic league (tier 1)
2019/12/21,Premier League Wales,0,Airbus UK,920,923.0,1 - 1,Cefn Druids,1131,1128.0,1,1,Wales,domestic league (tier 1)
2019/12/30,Premier League Wales,0,Airbus UK,922,917.0,0 - 4,Connahs Quay Nomads,1349,1354.0,0,4,Wales,domestic league (tier 1)
2020/02/07,Premier League Wales,0,Airbus UK,929,921.0,2 - 3,Cefn Druids,1116,1124.0,2,3,Wales,domestic league (tier 1)
2021/09/25,Wales Cup,0,Airbus UK,957,944.0,1 - 2,Haverfordwest County,953,966.0,1,2,Wales,domestic cup
2022/08/12,Premier League Wales,0,Airbus UK,944,934.0,1 - 2,Aberystwyth Town,1037,1047.0,1,2,Wales,domestic league (tier 1)
2022/08/30,Premier League Wales,0,Airbus UK,925,912.0,1 - 3,Flint Town United,1078,1091.0,1,3,Wales,domestic league (tier 1)
2022/09/23,Premier League Wales,0,Airbus UK,900,904.0,4 - 4,Newtown AFC,1157,1153.0,4,4,Wales,domestic league (tier 1)
2022/09/30,Premier League Wales,0,Airbus UK,899,893.0,0 - 6,Bala Town,1316,1322.0,0,6,Wales,domestic league (tier 1)
2022/10/15,Premier League Wales,0,Airbus UK,893,881.0,0 - 3,Penybont FC,1107,1119.0,0,3,Wales,domestic league (tier 1)
2022/10/29,Premier League Wales,0,Airbus UK,878,855.0,0 - 4,"Pontypridd United
(as Pontypridd Town)",900,923.0,0,4,Wales,domestic league (tier 1)
2022/11/19,Premier League Wales,0,Airbus UK,853,845.0,1 - 2,Haverfordwest County,1039,1047.0,1,2,Wales,domestic league (tier 1)
2022/12/02,Premier League Wales,0,Airbus UK,845,843.0,1 - 2,Connahs Quay Nomads,1346,1348.0,1,2,Wales,domestic league (tier 1)
2022/12/31,Premier League Wales,0,Airbus UK,842,840.0,0 - 8,The New Saints,1530,1532.0,0,8,Wales,domestic league (tier 1)
2023/01/07,Premier League Wales,0,Airbus UK,837,830.0,0 - 2,Cardiff Metropolitan,1159,1166.0,0,2,Wales,domestic league (tier 1)
2023/01/10,Premier League Wales,0,Airbus UK,830,819.0,0 - 3,Caernarfon Town,1066,1077.0,0,3,Wales,domestic league (tier 1)
2023/02/17,Premier League Wales,0,Airbus UK,807,799.0,0 - 2,Caernarfon Town,1077,1085.0,0,2,Wales,domestic league (tier 1)
2023/02/24,Premier League Wales,0,Airbus UK,799,782.0,1 - 7,Aberystwyth Town,970,987.0,1,7,Wales,domestic league (tier 1)
2023/03/25,Premier League Wales,0,Airbus UK,776,763.0,0 - 3,Pontypridd United,960,973.0,0,3,Wales,domestic league (tier 1)
2023/04/14,Premier League Wales,0,Airbus UK,768,759.0,1 - 3,Flint Town United,1019,1028.0,1,3,Wales,domestic league (tier 1)
2023/04/22,Premier League Wales,0,Airbus UK,759,751.0,1 - 4,Haverfordwest County,1074,1082.0,1,4,Wales,domestic league (tier 1)
2024/07/21,Wales League Cup,0,Airbus UK,751,760.0,3 - 2,Mold Alexandra,905,896.0,3,2,Wales,domestic cup
2024/09/17,Wales League Cup,0,Airbus UK,760,760.0,0 - 1,The New Saints,1596,1596.0,0,1,Wales,domestic cup
2024/12/14,Wales Cup,0,Airbus UK,783,793.0,2 - 0,Caersws FC,759,749.0,2,0,Wales,domestic cup
2026/08/07,Premier League Wales,0,Airbus UK,808,800.0,0 - 2,Cardiff Metropolitan,1075,1083.0,0,2,Wales,domestic league (tier 1)
2026/08/14,Premier League Wales,0,Airbus UK,800,812.0,2 - 0,Ammanford AFC,819,807.0,2,0,Wales,domestic league (tier 1)
2026/08/31,Premier League Wales,0,Airbus UK,808,825.0,6 - 2,Holywell Town,875,858.0,6,2,Wales,domestic league (tier 1)
2026/08/07,Premier League Wales,0,Ammanford AFC,815,819.0,2 - 2,Colwyn Bay FC,1075,1071.0,2,2,Wales,domestic league (tier 1)
2026/08/22,Premier League Wales,0,Ammanford AFC,807,803.0,0 - 2,Connahs Quay Nomads,1247,1251.0,0,2,Wales,domestic league (tier 1)
2026/08/31,Premier League Wales,0,Ammanford AFC,806,795.0,0 - 5,Cardiff Metropolitan,1084,1095.0,0,5,Wales,domestic league (tier 1)
2016/08/30,Premier League Wales,0,Bala Town,1267,1260.0,0 - 0,Carmarthen Town,1096,1103.0,0,0,Wales,domestic league (tier 1)
2016/09/11,Premier League Wales,0,Bala Town,1264,1267.0,2 - 0,Cefn Druids,955,952.0,2,0,Wales,domestic league (tier 1)
2016/09/20,Premier League Wales,0,Bala Town,1262,1253.0,0 - 2,The New Saints,1496,1505.0,0,2,Wales,domestic league (tier 1)
2016/09/23,Premier League Wales,0,Bala Town,1253,1247.0,1 - 1,Bangor City,1121,1127.0,1,1,Wales,domestic league (tier 1)
2016/10/02,Premier League Wales,0,Bala Town,1247,1251.0,1 - 0,Newtown AFC,1096,1092.0,1,0,Wales,domestic league (tier 1)
2016/10/16,Premier League Wales,0,Bala Town,1249,1244.0,3 - 3,Airbus UK,1161,1166.0,3,3,Wales,domestic league (tier 1)
2016/11/05,Premier League Wales,0,Bala Town,1248,1250.0,1 - 0,Cardiff Metropolitan,930,928.0,1,0,Wales,domestic league (tier 1)
2016/11/11,Premier League Wales,0,Bala Town,1250,1257.0,4 - 0,Aberystwyth Town,1099,1092.0,4,0,Wales,domestic league (tier 1)
2016/12/17,Premier League Wales,0,Bala Town,1282,1288.0,3 - 0,Llandudno FC,1109,1103.0,3,0,Wales,domestic league (tier 1)
2016/12/26,Premier League Wales,0,Bala Town,1298,1302.0,6 - 1,Rhyl FC,999,995.0,6,1,Wales,domestic league (tier 1)
2017/01/14,Premier League Wales,0,Bala Town,1279,1276.0,0 - 0,Connahs Quay Nomads (as GAP Connahs Quay FC),1261,1264.0,0,0,Wales,domestic league (tier 1)
2017/02/04,Premier League Wales,0,Bala Town,1276,1280.0,3 - 2,Bangor City,1138,1134.0,3,2,Wales,domestic league (tier 1)
2017/02/10,Premier League Wales,0,Bala Town,1280,1283.0,3 - 1,Cardiff Metropolitan,1006,1003.0,3,1,Wales,domestic league (tier 1)
2017/03/03,Premier League Wales,0,Bala Town,1291,1287.0,1 - 1,Connahs Quay Nomads (as GAP Connahs Quay FC),1237,1241.0,1,1,Wales,domestic league (tier 1)
2017/04/08,Premier League Wales,0,Bala Town,1304,1297.0,1 - 1,Carmarthen Town,1095,1102.0,1,1,Wales,domestic league (tier 1)
2017/04/22,Premier League Wales,0,Bala Town,1284,1274.0,4 - 6,The New Saints,1510,1520.0,4,6,Wales,domestic league (tier 1)
2017/08/11,Premier League Wales,0,Bala Town,1283,1291.0,3 - 0,Newtown AFC,1158,1150.0,3,0,Wales,domestic league (tier 1)
2017/08/26,Premier League Wales,0,Bala Town,1285,1288.0,2 - 1,Cardiff Metropolitan,1064,1061.0,2,1,Wales,domestic league (tier 1)
2017/09/16,Premier League Wales,0,Bala Town,1269,1237.0,0 - 4,Carmarthen Town,1050,1082.0,0,4,Wales,domestic league (tier 1)
2017/09/29,Premier League Wales,0,Bala Town,1213,1205.0,1 - 1,Aberystwyth Town,962,970.0,1,1,Wales,domestic league (tier 1)
2017/10/07,Premier League Wales,0,Bala Town,1205,1192.0,0 - 1,Bangor City,1188,1201.0,0,1,Wales,domestic league (tier 1)
2017/10/21,Premier League Wales,0,Bala Town,1209,1214.0,2 - 0,Barry Town United,1047,1042.0,2,0,Wales,domestic league (tier 1)
2017/11/03,Premier League Wales,0,Bala Town,1222,1226.0,2 - 1,Llandudno FC,1069,1065.0,2,1,Wales,domestic league (tier 1)
2017/11/10,Premier League Wales,0,Bala Town,1226,1225.0,1 - 1,Connahs Quay Nomads (as GAP Connahs Quay FC),1305,1306.0,1,1,Wales,domestic league (tier 1)
2017/12/22,Premier League Wales,0,Bala Town,1202,1206.0,2 - 1,Cefn Druids,1066,1062.0,2,1,Wales,domestic league (tier 1)
2017/12/30,Premier League Wales,0,Bala Town,1214,1216.0,1 - 0,Prestatyn Town,915,913.0,1,0,Wales,domestic league (tier 1)
2018/01/02,Premier League Wales,0,Bala Town,1216,1206.0,0 - 3,The New Saints,1468,1478.0,0,3,Wales,domestic league (tier 1)
2018/02/08,Premier League Wales,0,Bala Town,1217,1221.0,1 - 0,Cefn Druids,1077,1073.0,1,0,Wales,domestic league (tier 1)
2018/02/24,Premier League Wales,0,Bala Town,1221,1225.0,1 - 0,Cardiff Metropolitan,1080,1076.0,1,0,Wales,domestic league (tier 1)
2018/03/23,Premier League Wales,0,Bala Town,1233,1221.0,0 - 1,Connahs Quay Nomads (as GAP Connahs Quay FC),1276,1288.0,0,1,Wales,domestic league (tier 1)
2018/04/13,Premier League Wales,0,Bala Town,1204,1194.0,1 - 4,The New Saints,1463,1473.0,1,4,Wales,domestic league (tier 1)
2018/04/27,Premier League Wales,0,Bala Town,1183,1171.0,1 - 2,Bangor City,1227,1239.0,1,2,Wales,domestic league (tier 1)
2018/08/10,Premier League Wales,0,Bala Town,1141,1145.0,2 - 1,Carmarthen Town,1014,1010.0,2,1,Wales,domestic league (tier 1)
2018/08/24,Premier League Wales,0,Bala Town,1137,1143.0,2 - 1,Cefn Druids,1100,1094.0,2,1,Wales,domestic league (tier 1)
2018/09/08,Premier League Wales,0,Bala Town,1130,1138.0,3 - 1,Llanelli Town,1044,1036.0,3,1,Wales,domestic league (tier 1)
2018/09/28,Premier League Wales,0,Bala Town,1138,1143.0,2 - 1,Llandudno FC,1034,1029.0,2,1,Wales,domestic league (tier 1)
2018/10/12,Premier League Wales,0,Bala Town,1151,1158.0,3 - 2,Newtown AFC,1125,1118.0,3,2,Wales,domestic league (tier 1)
2018/10/27,Premier League Wales,0,Bala Town,1167,1154.0,0 - 1,Barry Town United,1141,1154.0,0,1,Wales,domestic league (tier 1)
2018/11/03,Premier League Wales,0,Bala Town,1148,1159.0,3 - 0,Cardiff Metropolitan,1114,1103.0,3,0,Wales,domestic league (tier 1)
2018/11/17,Premier League Wales,0,Bala Town,1172,1158.0,2 - 3,Aberystwyth Town,1119,1133.0,2,3,Wales,domestic league (tier 1)
2018/12/14,Premier League Wales,0,Bala Town,1170,1174.0,1 - 1,The New Saints,1428,1424.0,1,1,Wales,domestic league (tier 1)
2018/12/26,Premier League Wales,0,Bala Town,1189,1199.0,2 - 1,Connahs Quay Nomads (as GAP Connahs Quay FC),1306,1296.0,2,1,Wales,domestic league (tier 1)
2019/01/12,Premier League Wales,0,Bala Town,1174,1151.0,1 - 3,Caernarfon Town,1051,1074.0,1,3,Wales,domestic league (tier 1)
2019/02/22,Premier League Wales,0,Bala Town,1163,1159.0,2 - 2,Newtown AFC,1132,1136.0,2,2,Wales,domestic league (tier 1)
2019/04/03,Premier League Wales,0,Bala Town,1151,1141.0,0 - 7,The New Saints,1474,1484.0,0,7,Wales,domestic league (tier 1)
2019/04/06,Premier League Wales,0,Bala Town,1141,1120.0,2 - 5,Barry Town United,1161,1182.0,2,5,Wales,domestic league (tier 1)
2019/04/12,Premier League Wales,0,Bala Town,1120,1108.0,1 - 4,Connahs Quay Nomads (as GAP Connahs Quay FC),1324,1336.0,1,4,Wales,domestic league (tier 1)
2019/04/26,Premier League Wales,0,Bala Town,1121,1128.0,1 - 0,Caernarfon Town,1106,1099.0,1,0,Wales,domestic league (tier 1)
2019/05/19,Premier League Wales,0,Bala Town,1141,1139.0,1 - 1,Cardiff Metropolitan,1179,1181.0,1,1,Wales,domestic league (tier 1)
2019/08/23,Premier League Wales,0,Bala Town,1147,1172.0,3 - 1,The New Saints,1510,1485.0,3,1,Wales,domestic league (tier 1)
2019/08/30,Premier League Wales,0,Bala Town,1175,1166.0,0 - 1,Connahs Quay Nomads,1325,1334.0,0,1,Wales,domestic league (tier 1)
2019/09/21,Premier League Wales,0,Bala Town,1168,1156.0,1 - 2,Cardiff Metropolitan,1214,1226.0,1,2,Wales,domestic league (tier 1)
2019/09/27,Premier League Wales,0,Bala Town,1156,1163.0,2 - 0,Aberystwyth Town,1042,1035.0,2,0,Wales,domestic league (tier 1)
2019/10/12,Premier League Wales,0,Bala Town,1180,1184.0,2 - 1,Carmarthen Town,1031,1027.0,2,1,Wales,domestic league (tier 1)
2019/10/19,Premier League Wales,0,Bala Town,1184,1182.0,1 - 1,Barry Town United,1206,1208.0,1,1,Wales,domestic league (tier 1)
2019/11/01,Premier League Wales,0,Bala Town,1184,1194.0,4 - 0,Newtown AFC,1110,1100.0,4,0,Wales,domestic league (tier 1)
2019/11/15,Premier League Wales,0,Bala Town,1213,1215.0,1 - 0,Airbus UK,932,930.0,1,0,Wales,domestic league (tier 1)
2019/12/17,Premier League Wales,0,Bala Town,1201,1205.0,4 - 0,Penybont FC,928,924.0,4,0,Wales,domestic league (tier 1)
2019/12/30,Premier League Wales,0,Bala Town,1212,1221.0,3 - 0,Caernarfon Town,1125,1116.0,3,0,Wales,domestic league (tier 1)
2020/01/18,Premier League Wales,0,Bala Town,1211,1196.0,1 - 2,Cefn Druids,1101,1116.0,1,2,Wales,domestic league (tier 1)
2020/02/14,Premier League Wales,0,Bala Town,1205,1209.0,1 - 1,The New Saints,1461,1457.0,1,1,Wales,domestic league (tier 1)
2020/03/06,Premier League Wales,0,Bala Town,1221,1222.0,2 - 2,Connahs Quay Nomads,1359,1358.0,2,2,Wales,domestic league (tier 1)
2020/09/20,Premier League Wales,0,Bala Town,1243,1247.0,2 - 1,Cefn Druids,1093,1089.0,2,1,Wales,domestic league (tier 1)
2020/10/03,Premier League Wales,0,Bala Town,1256,1237.0,1 - 2,Haverfordwest County,908,927.0,1,2,Wales,domestic league (tier 1)
2020/10/10,Premier League Wales,0,Bala Town,1237,1243.0,5 - 2,Aberystwyth Town,1067,1061.0,5,2,Wales,domestic league (tier 1)
2020/10/14,Premier League Wales,0,Bala Town,1243,1253.0,4 - 0,Barry Town United,1174,1164.0,4,0,Wales,domestic league (tier 1)
2020/11/07,Premier League Wales,0,Bala Town,1264,1267.0,1 - 1,The New Saints,1482,1479.0,1,1,Wales,domestic league (tier 1)
2020/11/14,Premier League Wales,0,Bala Town,1267,1271.0,4 - 1,Penybont FC,1009,1005.0,4,1,Wales,domestic league (tier 1)
2020/11/27,Premier League Wales,0,Bala Town,1271,1276.0,3 - 1,Newtown AFC,1095,1090.0,3,1,Wales,domestic league (tier 1)
2020/12/12,Premier League Wales,0,Bala Town,1278,1284.0,4 - 1,Cardiff Metropolitan,1115,1109.0,4,1,Wales,domestic league (tier 1)
2021/03/16,Premier League Wales,0,Bala Town,1298,1283.0,1 - 3,Connahs Quay Nomads,1395,1410.0,1,3,Wales,domestic league (tier 1)
2021/03/20,Premier League Wales,0,Bala Town,1283,1266.0,1 - 2,Caernarfon Town,1090,1107.0,1,2,Wales,domestic league (tier 1)
2021/04/02,Premier League Wales,0,Bala Town,1245,1248.0,5 - 0,Flint Town United,919,916.0,5,0,Wales,domestic league (tier 1)
2021/04/10,Premier League Wales,0,Bala Town,1248,1241.0,0 - 1,The New Saints,1462,1469.0,0,1,Wales,domestic league (tier 1)
2021/04/17,Premier League Wales,0,Bala Town,1249,1255.0,5 - 2,Caernarfon Town,1090,1084.0,5,2,Wales,domestic league (tier 1)
2021/04/24,Premier League Wales,0,Bala Town,1249,1254.0,1 - 0,Barry Town United,1154,1149.0,1,0,Wales,domestic league (tier 1)
2021/04/28,Premier League Wales,0,Bala Town,1254,1266.0,2 - 1,Connahs Quay Nomads,1435,1423.0,2,1,Wales,domestic league (tier 1)
2021/05/08,Premier League Wales,0,Bala Town,1259,1263.0,1 - 0,Penybont FC,1102,1098.0,1,0,Wales,domestic league (tier 1)
2021/08/14,Premier League Wales,0,Bala Town,1243,1237.0,2 - 2,Penybont FC,1080,1086.0,2,2,Wales,domestic league (tier 1)
2021/08/28,Premier League Wales,0,Bala Town,1236,1230.0,0 - 0,Cardiff Metropolitan,1078,1084.0,0,0,Wales,domestic league (tier 1)
2021/09/11,Premier League Wales,0,Bala Town,1238,1241.0,6 - 2,Haverfordwest County,941,938.0,6,2,Wales,domestic league (tier 1)
2021/10/09,Premier League Wales,0,Bala Town,1264,1255.0,1 - 1,Cefn Druids,816,825.0,1,1,Wales,domestic league (tier 1)
2021/10/23,Premier League Wales,0,Bala Town,1262,1255.0,3 - 3,Barry Town United,1067,1074.0,3,3,Wales,domestic league (tier 1)
2021/10/26,Wales League Cup,0,Bala Town,1255,1261.0,3 - 1,Newtown AFC,1177,1171.0,3,1,Wales,domestic cup
2021/11/05,Premier League Wales,0,Bala Town,1250,1231.0,0 - 4,Connahs Quay Nomads,1347,1366.0,0,4,Wales,domestic league (tier 1)
2021/11/19,Premier League Wales,0,Bala Town,1232,1237.0,3 - 1,Flint Town United,1069,1064.0,3,1,Wales,domestic league (tier 1)
2021/11/26,Wales League Cup,0,Bala Town,1237,1225.0,1 - 4,Connahs Quay Nomads,1363,1375.0,1,4,Wales,domestic cup
2021/12/03,Premier League Wales,0,Bala Town,1225,1216.0,1 - 4,The New Saints,1499,1508.0,1,4,Wales,domestic league (tier 1)
2022/01/28,Premier League Wales,0,Bala Town,1216,1222.0,1 - 0,Newtown AFC,1181,1175.0,1,0,Wales,domestic league (tier 1)
2022/02/04,Premier League Wales,0,Bala Town,1222,1230.0,3 - 0,Caernarfon Town,1097,1089.0,3,0,Wales,domestic league (tier 1)
2022/02/19,Wales Cup,0,Bala Town,1229,1232.0,2 - 1,Aberystwyth Town,1026,1023.0,2,1,Wales,domestic cup
2022/02/26,Premier League Wales,0,Bala Town,1232,1225.0,2 - 2,Aberystwyth Town,1023,1030.0,2,2,Wales,domestic league (tier 1)
2022/03/11,Premier League Wales,0,Bala Town,1240,1243.0,3 - 2,Flint Town United,1070,1067.0,3,2,Wales,domestic league (tier 1)
2022/03/25,Premier League Wales,0,Bala Town,1243,1249.0,2 - 0,Caernarfon Town,1109,1103.0,2,0,Wales,domestic league (tier 1)
2022/04/05,Premier League Wales,0,Bala Town,1268,1272.0,1 - 1,The New Saints,1499,1495.0,1,1,Wales,domestic league (tier 1)
2022/04/15,Premier League Wales,0,Bala Town,1278,1283.0,1 - 0,Newtown AFC,1198,1193.0,1,0,Wales,domestic league (tier 1)
2022/04/23,Premier League Wales,0,Bala Town,1295,1302.0,11 - 0,Penybont FC,1065,1058.0,11,0,Wales,domestic league (tier 1)
2022/08/20,Premier League Wales,0,Bala Town,1286,1278.0,1 - 1,Haverfordwest County,1044,1052.0,1,1,Wales,domestic league (tier 1)
2022/08/26,Premier League Wales,0,Bala Town,1278,1286.0,3 - 0,Newtown AFC,1163,1155.0,3,0,Wales,domestic league (tier 1)
2022/09/24,Premier League Wales,0,Bala Town,1298,1303.0,2 - 0,Cardiff Metropolitan,1138,1133.0,2,0,Wales,domestic league (tier 1)
2022/10/15,Premier League Wales,0,Bala Town,1322,1307.0,0 - 5,The New Saints,1514,1529.0,0,5,Wales,domestic league (tier 1)
2022/10/29,Premier League Wales,0,Bala Town,1317,1310.0,1 - 1,Penybont FC,1112,1119.0,1,1,Wales,domestic league (tier 1)
2022/11/04,Premier League Wales,0,Bala Town,1310,1313.0,3 - 0,Aberystwyth Town,1028,1025.0,3,0,Wales,domestic league (tier 1)
2022/11/12,Wales Cup,0,Bala Town,1313,1316.0,2 - 0,Flint Town United,1058,1055.0,2,0,Wales,domestic cup
2022/11/26,Wales League Cup,0,Bala Town,1303,1307.0,2 - 0,Cardiff Metropolitan,1124,1120.0,2,0,Wales,domestic cup
2022/12/02,Premier League Wales,0,Bala Town,1307,1309.0,1 - 0,Flint Town United,1037,1035.0,1,0,Wales,domestic league (tier 1)
2022/12/23,Premier League Wales,0,Bala Town,1309,1310.0,2 - 1,Airbus UK,843,842.0,2,1,Wales,domestic league (tier 1)
2022/12/30,Premier League Wales,0,Bala Town,1323,1327.0,3 - 0,Caernarfon Town,1083,1079.0,3,0,Wales,domestic league (tier 1)
2023/01/07,Premier League Wales,0,Bala Town,1310,1312.0,3 - 0,Pontypridd United,932,930.0,3,0,Wales,domestic league (tier 1)
2023/01/10,Premier League Wales,0,Bala Town,1312,1310.0,0 - 0,Connahs Quay Nomads,1348,1350.0,0,0,Wales,domestic league (tier 1)
2023/01/14,Wales Cup,0,Bala Town,1310,1311.0,2 - 1,Pontypridd United,930,929.0,2,1,Wales,domestic cup
2023/01/28,Wales League Cup,0,Bala Town,1311,1312.0,0 - 0,Connahs Quay Nomads,1353,1352.0,0,0,Wales,domestic cup
2023/02/11,Premier League Wales,0,Bala Town,1307,1301.0,0 - 0,Penybont FC,1180,1186.0,0,0,Wales,domestic league (tier 1)
2023/03/03,Wales Cup,0,Bala Town,1294,1302.0,3 - 2,Connahs Quay Nomads,1335,1327.0,3,2,Wales,domestic cup
2023/03/18,Premier League Wales,0,Bala Town,1299,1293.0,0 - 0,Cardiff Metropolitan,1172,1178.0,0,0,Wales,domestic league (tier 1)
2023/03/31,Premier League Wales,0,Bala Town,1293,1281.0,1 - 2,Connahs Quay Nomads,1335,1347.0,1,2,Wales,domestic league (tier 1)
2023/04/07,Premier League Wales,0,Bala Town,1281,1265.0,1 - 2,Newtown AFC,1166,1182.0,1,2,Wales,domestic league (tier 1)
2023/04/14,Premier League Wales,0,Bala Town,1265,1257.0,0 - 2,The New Saints,1547,1555.0,0,2,Wales,domestic league (tier 1)
2023/08/12,Premier League Wales,0,Bala Town,1219,1222.0,1 - 0,Barry Town United,990,987.0,1,0,Wales,domestic league (tier 1)
2023/08/25,Premier League Wales,0,Bala Town,1224,1234.0,1 - 0,Connahs Quay Nomads,1326,1316.0,1,0,Wales,domestic league (tier 1)
2023/09/02,Premier League Wales,0,Bala Town,1232,1239.0,2 - 1,Penybont FC,1216,1209.0,2,1,Wales,domestic league (tier 1)
2023/09/13,Premier League Wales,0,Bala Town,1239,1244.0,0 - 0,The New Saints,1544,1539.0,0,0,Wales,domestic league (tier 1)
2023/09/27,Premier League Wales,0,Bala Town,1219,1201.0,0 - 1,Aberystwyth Town,947,965.0,0,1,Wales,domestic league (tier 1)
2023/10/07,Premier League Wales,0,Bala Town,1193,1194.0,2 - 1,Colwyn Bay FC,791,790.0,2,1,Wales,domestic league (tier 1)
2023/10/13,Wales Cup,0,Bala Town,1194,1198.0,3 - 0,Llandudno FC,919,915.0,3,0,Wales,domestic cup
2023/10/21,Premier League Wales,0,Bala Town,1204,1210.0,2 - 0,Haverfordwest County,1071,1065.0,2,0,Wales,domestic league (tier 1)
2023/11/04,Premier League Wales,0,Bala Town,1208,1201.0,0 - 0,Pontypridd United,996,1003.0,0,0,Wales,domestic league (tier 1)
2023/11/28,Premier League Wales,0,Bala Town,1214,1208.0,1 - 1,Caernarfon Town,1068,1074.0,1,1,Wales,domestic league (tier 1)
2023/12/16,Premier League Wales,0,Bala Town,1225,1212.0,0 - 1,Cardiff Metropolitan,1210,1223.0,0,1,Wales,domestic league (tier 1)
2023/12/30,Premier League Wales,0,Bala Town,1216,1222.0,2 - 1,Newtown AFC,1183,1177.0,2,1,Wales,domestic league (tier 1)
2024/02/03,Premier League Wales,0,Bala Town,1231,1227.0,1 - 1,Cardiff Metropolitan,1185,1189.0,1,1,Wales,domestic league (tier 1)
2024/02/09,Premier League Wales,0,Bala Town,1227,1223.0,0 - 1,The New Saints,1593,1597.0,0,1,Wales,domestic league (tier 1)
2024/03/01,Premier League Wales,0,Bala Town,1243,1253.0,1 - 0,Connahs Quay Nomads,1352,1342.0,1,0,Wales,domestic league (tier 1)
2024/03/08,Premier League Wales,0,Bala Town,1253,1247.0,1 - 1,Caernarfon Town,1096,1102.0,1,1,Wales,domestic league (tier 1)
2024/04/05,Premier League Wales,0,Bala Town,1252,1246.0,1 - 1,Newtown AFC,1133,1139.0,1,1,Wales,domestic league (tier 1)
2024/08/16,Premier League Wales,0,Bala Town,1228,1230.0,2 - 0,Briton Ferry Llansawel AFC,841,839.0,2,0,Wales,domestic league (tier 1)
2024/08/23,Premier League Wales,0,Bala Town,1230,1234.0,2 - 0,Flint Town United,990,986.0,2,0,Wales,domestic league (tier 1)
2024/08/31,Premier League Wales,0,Bala Town,1234,1220.0,1 - 2,Penybont FC,1180,1194.0,1,2,Wales,domestic league (tier 1)
2024/09/07,Premier League Wales,0,Bala Town,1220,1205.0,0 - 1,Cardiff Metropolitan,1147,1162.0,0,1,Wales,domestic league (tier 1)
2024/09/13,Premier League Wales,0,Bala Town,1205,1209.0,3 - 0,Aberystwyth Town,944,940.0,3,0,Wales,domestic league (tier 1)
2024/09/17,Wales League Cup,0,Bala Town,1209,1211.0,2 - 0,Holywell Town,893,891.0,2,0,Wales,domestic cup
2024/09/20,Premier League Wales,0,Bala Town,1211,1207.0,2 - 2,Newtown AFC,1152,1156.0,2,2,Wales,domestic league (tier 1)
2024/10/04,Premier League Wales,0,Bala Town,1219,1197.0,0 - 2,Haverfordwest County,1141,1163.0,0,2,Wales,domestic league (tier 1)
2024/10/15,Premier League Wales,0,Bala Town,1195,1194.0,0 - 0,Connahs Quay Nomads,1261,1262.0,0,0,Wales,domestic league (tier 1)
2024/12/04,Premier League Wales,0,Bala Town,1199,1215.0,1 - 0,The New Saints,1537,1521.0,1,0,Wales,domestic league (tier 1)
2024/12/21,Premier League Wales,0,Bala Town,1215,1221.0,3 - 1,Barry Town United,1065,1059.0,3,1,Wales,domestic league (tier 1)
2025/01/11,Premier League Wales,0,Bala Town,1217,1194.0,0 - 2,Caernarfon Town,1097,1120.0,0,2,Wales,domestic league (tier 1)
2025/01/31,Premier League Wales,0,Bala Town,1206,1184.0,1 - 3,Caernarfon Town,1128,1150.0,1,3,Wales,domestic league (tier 1)
2025/02/21,Premier League Wales,0,Bala Town,1176,1170.0,0 - 2,The New Saints,1535,1541.0,0,2,Wales,domestic league (tier 1)
2025/03/15,Premier League Wales,0,Bala Town,1164,1162.0,0 - 0,Haverfordwest County,1179,1181.0,0,0,Wales,domestic league (tier 1)
2025/03/29,Premier League Wales,0,Bala Town,1147,1144.0,0 - 0,Cardiff Metropolitan,1151,1154.0,0,0,Wales,domestic league (tier 1)
2025/04/19,Premier League Wales,0,Bala Town,1143,1153.0,3 - 2,Penybont FC,1260,1250.0,3,2,Wales,domestic league (tier 1)
2025/08/08,Premier League Wales,0,Bala Town,1146,1141.0,1 - 1,Flint Town United,1046,1051.0,1,1,Wales,domestic league (tier 1)
2025/08/22,Premier League Wales,0,Bala Town,1141,1143.0,1 - 0,Colwyn Bay FC,848,846.0,1,0,Wales,domestic league (tier 1)
2025/09/06,Premier League Wales,0,Bala Town,1161,1160.0,0 - 0,Penybont FC,1242,1243.0,0,0,Wales,domestic league (tier 1)
2025/09/19,Premier League Wales,0,Bala Town,1141,1135.0,2 - 2,Briton Ferry Llansawel AFC,972,978.0,2,2,Wales,domestic league (tier 1)
2025/09/26,Premier League Wales,0,Bala Town,1142,1136.0,0 - 2,The New Saints,1492,1498.0,0,2,Wales,domestic league (tier 1)
2025/10/07,Premier League Wales,0,Bala Town,1124,1107.0,1 - 3,Connahs Quay Nomads,1171,1188.0,1,3,Wales,domestic league (tier 1)
2025/10/18,Wales Cup,0,Bala Town,1096,1079.0,0 - 3,Connahs Quay Nomads,1200,1217.0,0,3,Wales,domestic cup
2025/10/25,Premier League Wales,0,Bala Town,1079,1077.0,0 - 0,Barry Town United,1118,1120.0,0,0,Wales,domestic league (tier 1)
2025/10/31,Premier League Wales,0,Bala Town,1077,1080.0,1 - 0,Llanelli Town,881,878.0,1,0,Wales,domestic league (tier 1)
2025/11/29,Premier League Wales,0,Bala Town,1060,1060.0,2 - 2,Cardiff Metropolitan,1158,1158.0,2,2,Wales,domestic league (tier 1)
2025/12/05,Premier League Wales,0,Bala Town,1060,1041.0,0 - 2,Haverfordwest County,1068,1087.0,0,2,Wales,domestic league (tier 1)
2025/12/31,Premier League Wales,0,Bala Town,1041,1032.0,0 - 1,Caernarfon Town,1179,1188.0,0,1,Wales,domestic league (tier 1)
2026/01/23,Premier League Wales,0,Bala Town,1056,1042.0,3 - 4,Flint Town United,1017,1031.0,3,4,Wales,domestic league (tier 1)
2026/02/07,Premier League Wales,0,Bala Town,1042,1041.0,1 - 1,Cardiff Metropolitan,1108,1109.0,1,1,Wales,domestic league (tier 1)
2026/02/27,Premier League Wales,0,Bala Town,1023,1016.0,0 - 0,Llanelli Town,832,839.0,0,0,Wales,domestic league (tier 1)
2026/03/21,Premier League Wales,0,Bala Town,1020,1030.0,1 - 0,Haverfordwest County,1116,1106.0,1,0,Wales,domestic league (tier 1)
2026/04/18,Premier League Wales,0,Bala Town,1039,1026.0,1 - 2,Briton Ferry Llansawel AFC,1033,1046.0,1,2,Wales,domestic league (tier 1)
2016/08/12,Premier League Wales,0,Bangor City,1105,1108.0,2 - 1,Cefn Druids,911,908.0,2,1,Wales,domestic league (tier 1)
2016/08/21,Premier League Wales,0,Bangor City,1108,1093.0,0 - 2,Connahs Quay Nomads (as GAP Connahs Quay FC),1218,1233.0,0,2,Wales,domestic league (tier 1)
2016/08/27,Premier League Wales,0,Bangor City,1093,1112.0,2 - 0,Bala Town,1286,1267.0,2,0,Wales,domestic league (tier 1)
2016/08/31,Premier League Wales,0,Bangor City,1112,1120.0,2 - 1,Newtown AFC,1145,1137.0,2,1,Wales,domestic league (tier 1)
2016/09/03,Premier League Wales,0,Bangor City,1120,1134.0,4 - 0,Aberystwyth Town,1139,1125.0,4,0,Wales,domestic league (tier 1)
2016/10/02,Premier League Wales,0,Bangor City,1127,1129.0,2 - 1,Cardiff Metropolitan,887,885.0,2,1,Wales,domestic league (tier 1)
2016/10/22,Premier League Wales,0,Bangor City,1140,1145.0,3 - 2,Rhyl FC,1048,1043.0,3,2,Wales,domestic league (tier 1)
2016/11/05,Premier League Wales,0,Bangor City,1148,1145.0,1 - 2,The New Saints,1526,1529.0,1,2,Wales,domestic league (tier 1)
2016/11/26,Premier League Wales,0,Bangor City,1132,1118.0,1 - 2,Carmarthen Town,1090,1104.0,1,2,Wales,domestic league (tier 1)
2016/12/17,Premier League Wales,0,Bangor City,1129,1135.0,2 - 1,Airbus UK,1080,1074.0,2,1,Wales,domestic league (tier 1)
2016/12/26,Premier League Wales,0,Bangor City,1156,1162.0,2 - 1,Llandudno FC,1103,1097.0,2,1,Wales,domestic league (tier 1)
2017/02/10,Premier League Wales,0,Bangor City,1134,1145.0,2 - 1,Connahs Quay Nomads (as GAP Connahs Quay FC),1254,1243.0,2,1,Wales,domestic league (tier 1)
2017/02/18,Premier League Wales,0,Bangor City,1145,1149.0,3 - 2,Cardiff Metropolitan,1003,999.0,3,2,Wales,domestic league (tier 1)
2017/03/17,Premier League Wales,0,Bangor City,1158,1149.0,1 - 2,Bala Town,1285,1294.0,1,2,Wales,domestic league (tier 1)
2017/04/14,Premier League Wales,0,Bangor City,1163,1192.0,3 - 0,The New Saints,1539,1510.0,3,0,Wales,domestic league (tier 1)
2017/04/22,Premier League Wales,0,Bangor City,1192,1169.0,0 - 2,Carmarthen Town,1073,1096.0,0,2,Wales,domestic league (tier 1)
2017/05/06,Premier League Wales,0,Bangor City,1169,1176.0,3 - 2,Newtown AFC,1165,1158.0,3,2,Wales,domestic league (tier 1)
2017/05/13,Premier League Wales,0,Bangor City,1176,1180.0,1 - 0,Cardiff Metropolitan,1028,1024.0,1,0,Wales,domestic league (tier 1)
2017/08/11,Premier League Wales,0,Bangor City,1177,1205.0,5 - 2,The New Saints,1508,1480.0,5,2,Wales,domestic league (tier 1)
2017/08/25,Premier League Wales,0,Bangor City,1187,1189.0,1 - 0,Prestatyn Town,930,928.0,1,0,Wales,domestic league (tier 1)
2017/09/09,Premier League Wales,0,Bangor City,1189,1193.0,1 - 0,Carmarthen Town,1054,1050.0,1,0,Wales,domestic league (tier 1)
2017/09/26,Premier League Wales,0,Bangor City,1200,1210.0,1 - 0,Connahs Quay Nomads (as GAP Connahs Quay FC),1287,1277.0,1,0,Wales,domestic league (tier 1)
2017/09/30,Premier League Wales,0,Bangor City,1210,1194.0,0 - 1,Barry Town United,1048,1064.0,0,1,Wales,domestic league (tier 1)
2017/10/14,Premier League Wales,0,Bangor City,1201,1186.0,2 - 3,Cardiff Metropolitan,1092,1107.0,2,3,Wales,domestic league (tier 1)
2017/10/27,Premier League Wales,0,Bangor City,1165,1150.0,0 - 1,Cefn Druids,1056,1071.0,0,1,Wales,domestic league (tier 1)
2017/11/07,Premier League Wales,0,Bangor City,1162,1166.0,3 - 2,Aberystwyth Town,997,993.0,3,2,Wales,domestic league (tier 1)
2017/11/24,Premier League Wales,0,Bangor City,1190,1207.0,5 - 0,Bala Town,1231,1214.0,5,0,Wales,domestic league (tier 1)
2018/01/01,Premier League Wales,0,Bangor City,1212,1196.0,0 - 1,Llandudno FC,1061,1077.0,0,1,Wales,domestic league (tier 1)
2018/01/05,Premier League Wales,0,Bangor City,1196,1204.0,3 - 1,Newtown AFC,1132,1124.0,3,1,Wales,domestic league (tier 1)
2018/02/03,Premier League Wales,0,Bangor City,1202,1211.0,3 - 0,Cardiff Metropolitan,1122,1113.0,3,0,Wales,domestic league (tier 1)
2018/02/16,Premier League Wales,0,Bangor City,1207,1216.0,1 - 0,Connahs Quay Nomads (as GAP Connahs Quay FC),1275,1266.0,1,0,Wales,domestic league (tier 1)
2018/03/09,Premier League Wales,0,Bangor City,1230,1217.0,1 - 2,Bala Town,1225,1238.0,1,2,Wales,domestic league (tier 1)
2018/03/31,Premier League Wales,0,Bangor City,1226,1240.0,1 - 0,The New Saints,1477,1463.0,1,0,Wales,domestic league (tier 1)
2018/04/22,Premier League Wales,0,Bangor City,1223,1227.0,1 - 0,Cefn Druids,1101,1097.0,1,0,Wales,domestic league (tier 1)
2021/09/21,Wales League Cup,0,Bangor City,1198,1197.0,0 - 0,Bala Town,1257,1258.0,0,0,Wales,domestic cup
2017/08/13,Premier League Wales,0,Barry Town United,1040,1036.0,1 - 1,Aberystwyth Town,1006,1010.0,1,1,Wales,domestic league (tier 1)
2017/08/25,Premier League Wales,0,Barry Town United,1026,1024.0,0 - 1,The New Saints,1486,1488.0,0,1,Wales,domestic league (tier 1)
2017/09/09,Premier League Wales,0,Barry Town United,1024,1041.0,2 - 0,Newtown AFC,1165,1148.0,2,0,Wales,domestic league (tier 1)
2017/09/21,Premier League Wales,0,Barry Town United,1035,1048.0,3 - 1,Carmarthen Town,1082,1069.0,3,1,Wales,domestic league (tier 1)
2017/10/14,Premier League Wales,0,Barry Town United,1067,1047.0,1 - 3,Cefn Druids,1039,1059.0,1,3,Wales,domestic league (tier 1)
2017/10/29,Premier League Wales,0,Barry Town United,1030,1025.0,0 - 1,Connahs Quay Nomads (as GAP Connahs Quay FC),1299,1304.0,0,1,Wales,domestic league (tier 1)
2017/11/11,Premier League Wales,0,Barry Town United,1044,1056.0,2 - 0,Llandudno FC,1065,1053.0,2,0,Wales,domestic league (tier 1)
2017/12/09,Premier League Wales,0,Barry Town United,1024,1026.0,1 - 1,Bangor City,1207,1205.0,1,1,Wales,domestic league (tier 1)
2017/12/23,Premier League Wales,0,Barry Town United,1038,1047.0,4 - 0,Prestatyn Town,932,923.0,4,0,Wales,domestic league (tier 1)
2017/12/26,Premier League Wales,0,Barry Town United,1047,1057.0,1 - 0,Cardiff Metropolitan,1141,1131.0,1,0,Wales,domestic league (tier 1)
2018/01/13,Premier League Wales,0,Barry Town United,1044,1036.0,0 - 1,Bala Town,1205,1213.0,0,1,Wales,domestic league (tier 1)
2018/02/03,Premier League Wales,0,Barry Town United,1036,1048.0,3 - 1,Aberystwyth Town,1057,1045.0,3,1,Wales,domestic league (tier 1)
2018/02/24,Premier League Wales,0,Barry Town United,1063,1076.0,4 - 1,Llandudno FC,1064,1051.0,4,1,Wales,domestic league (tier 1)
2018/03/31,Premier League Wales,0,Barry Town United,1105,1109.0,2 - 0,Prestatyn Town,893,889.0,2,0,Wales,domestic league (tier 1)
2018/04/15,Premier League Wales,0,Barry Town United,1109,1106.0,1 - 1,Newtown AFC,1106,1109.0,1,1,Wales,domestic league (tier 1)
2018/04/27,Premier League Wales,0,Barry Town United,1113,1118.0,1 - 0,Carmarthen Town,1019,1014.0,1,0,Wales,domestic league (tier 1)
2018/08/19,Premier League Wales,0,Barry Town United,1102,1110.0,3 - 2,Bala Town,1145,1137.0,3,2,Wales,domestic league (tier 1)
2018/09/01,Premier League Wales,0,Barry Town United,1112,1131.0,2 - 0,Connahs Quay Nomads (as GAP Connahs Quay FC),1315,1296.0,2,0,Wales,domestic league (tier 1)
2018/09/22,Premier League Wales,0,Barry Town United,1124,1130.0,2 - 1,Cefn Druids,1092,1086.0,2,1,Wales,domestic league (tier 1)
2018/10/13,Premier League Wales,0,Barry Town United,1130,1134.0,1 - 0,Carmarthen Town,1011,1007.0,1,0,Wales,domestic league (tier 1)
2018/10/19,Premier League Wales,0,Barry Town United,1134,1141.0,5 - 2,Llanelli Town,999,992.0,5,2,Wales,domestic league (tier 1)
2018/11/04,Premier League Wales,0,Barry Town United,1154,1158.0,2 - 1,Llandudno FC,1009,1005.0,2,1,Wales,domestic league (tier 1)
2018/11/17,Premier League Wales,0,Barry Town United,1164,1156.0,0 - 2,The New Saints,1429,1437.0,0,2,Wales,domestic league (tier 1)
2018/12/01,Premier League Wales,0,Barry Town United,1156,1168.0,4 - 1,Newtown AFC,1150,1138.0,4,1,Wales,domestic league (tier 1)
2018/12/22,Premier League Wales,0,Barry Town United,1177,1181.0,2 - 1,Caernarfon Town,1049,1045.0,2,1,Wales,domestic league (tier 1)
2018/12/26,Premier League Wales,0,Barry Town United,1181,1186.0,2 - 1,Cardiff Metropolitan,1112,1107.0,2,1,Wales,domestic league (tier 1)
2019/01/12,Premier League Wales,0,Barry Town United,1188,1192.0,2 - 1,Aberystwyth Town,1052,1048.0,2,1,Wales,domestic league (tier 1)
2019/02/23,Premier League Wales,0,Barry Town United,1189,1190.0,1 - 1,Connahs Quay Nomads (as GAP Connahs Quay FC),1323,1322.0,1,1,Wales,domestic league (tier 1)
2019/03/16,Premier League Wales,0,Barry Town United,1175,1154.0,0 - 2,Bala Town,1133,1154.0,0,2,Wales,domestic league (tier 1)
2019/03/23,Premier League Wales,0,Barry Town United,1154,1164.0,4 - 0,Caernarfon Town,1089,1079.0,4,0,Wales,domestic league (tier 1)
2019/04/13,Premier League Wales,0,Barry Town United,1182,1173.0,0 - 4,The New Saints,1493,1502.0,0,4,Wales,domestic league (tier 1)
2019/04/26,Premier League Wales,0,Barry Town United,1179,1157.0,1 - 3,Newtown AFC,1109,1131.0,1,3,Wales,domestic league (tier 1)
2019/08/23,Premier League Wales,0,Barry Town United,1156,1163.0,3 - 1,Aberystwyth Town,1057,1050.0,3,1,Wales,domestic league (tier 1)
2019/08/26,Premier League Wales,0,Barry Town United,1163,1160.0,2 - 2,Bala Town,1172,1175.0,2,2,Wales,domestic league (tier 1)
2019/09/07,Premier League Wales,0,Barry Town United,1170,1165.0,0 - 0,Caernarfon Town,1097,1102.0,0,0,Wales,domestic league (tier 1)
2019/09/22,Premier League Wales,0,Barry Town United,1172,1177.0,1 - 0,Cefn Druids,1081,1076.0,1,0,Wales,domestic league (tier 1)
2019/10/26,Premier League Wales,0,Barry Town United,1208,1212.0,2 - 0,Airbus UK,969,965.0,2,0,Wales,domestic league (tier 1)
2019/11/09,Premier League Wales,0,Barry Town United,1194,1178.0,0 - 4,Connahs Quay Nomads,1350,1366.0,0,4,Wales,domestic league (tier 1)
2019/11/22,Premier League Wales,0,Barry Town United,1168,1172.0,3 - 0,Penybont FC,912,908.0,3,0,Wales,domestic league (tier 1)
2019/11/30,Premier League Wales,0,Barry Town United,1172,1158.0,0 - 1,Newtown AFC,1109,1123.0,0,1,Wales,domestic league (tier 1)
2019/12/13,Premier League Wales,0,Barry Town United,1144,1136.0,1 - 4,The New Saints,1466,1474.0,1,4,Wales,domestic league (tier 1)
2019/12/26,Premier League Wales,0,Barry Town United,1147,1144.0,1 - 1,Cardiff Metropolitan,1145,1148.0,1,1,Wales,domestic league (tier 1)
2020/01/18,Premier League Wales,0,Barry Town United,1152,1160.0,7 - 1,Carmarthen Town,991,983.0,7,1,Wales,domestic league (tier 1)
2020/02/08,Premier League Wales,0,Barry Town United,1160,1153.0,0 - 1,Connahs Quay Nomads,1355,1362.0,0,1,Wales,domestic league (tier 1)
2020/02/22,Premier League Wales,0,Barry Town United,1153,1148.0,1 - 1,Caernarfon Town,1065,1070.0,1,1,Wales,domestic league (tier 1)
2020/09/12,Premier League Wales,0,Barry Town United,1146,1138.0,0 - 3,The New Saints,1463,1471.0,0,3,Wales,domestic league (tier 1)
2020/09/19,Premier League Wales,0,Barry Town United,1138,1148.0,3 - 1,Caernarfon Town,1107,1097.0,3,1,Wales,domestic league (tier 1)
2020/09/30,Premier League Wales,0,Barry Town United,1155,1157.0,2 - 1,Haverfordwest County,910,908.0,2,1,Wales,domestic league (tier 1)
2020/10/06,Premier League Wales,0,Barry Town United,1167,1173.0,1 - 0,Cardiff Metropolitan,1114,1108.0,1,0,Wales,domestic league (tier 1)
2020/10/17,Premier League Wales,0,Barry Town United,1164,1167.0,0 - 0,Connahs Quay Nomads,1362,1359.0,0,0,Wales,domestic league (tier 1)
2020/11/21,Premier League Wales,0,Barry Town United,1165,1160.0,0 - 0,Newtown AFC,1090,1095.0,0,0,Wales,domestic league (tier 1)
2020/12/05,Premier League Wales,0,Barry Town United,1156,1161.0,6 - 3,Flint Town United,927,922.0,6,3,Wales,domestic league (tier 1)
2020/12/19,Premier League Wales,0,Barry Town United,1133,1141.0,4 - 1,Cefn Druids,1027,1019.0,4,1,Wales,domestic league (tier 1)
2021/03/09,Premier League Wales,0,Barry Town United,1150,1134.0,0 - 1,Penybont FC,1032,1048.0,0,1,Wales,domestic league (tier 1)
2021/03/13,Premier League Wales,0,Barry Town United,1134,1139.0,1 - 0,Aberystwyth Town,1021,1016.0,1,0,Wales,domestic league (tier 1)
2021/03/27,Premier League Wales,0,Barry Town United,1129,1150.0,6 - 2,Bala Town,1266,1245.0,6,2,Wales,domestic league (tier 1)
2021/04/13,Premier League Wales,0,Barry Town United,1171,1161.0,0 - 6,The New Saints,1469,1479.0,0,6,Wales,domestic league (tier 1)
2021/04/20,Premier League Wales,0,Barry Town United,1159,1154.0,3 - 3,Penybont FC,1078,1083.0,3,3,Wales,domestic league (tier 1)
2021/05/01,Premier League Wales,0,Barry Town United,1136,1120.0,1 - 4,Bala Town,1266,1282.0,1,4,Wales,domestic league (tier 1)
2021/05/04,Premier League Wales,0,Barry Town United,1120,1115.0,1 - 2,Connahs Quay Nomads,1421,1426.0,1,2,Wales,domestic league (tier 1)
2021/05/15,Premier League Wales,0,Barry Town United,1112,1119.0,3 - 2,Caernarfon Town,1095,1088.0,3,2,Wales,domestic league (tier 1)
2021/05/22,Premier League Wales,0,Barry Town United,1119,1099.0,1 - 3,Caernarfon Town,1088,1108.0,1,3,Wales,domestic league (tier 1)
2021/08/07,Wales League Cup,0,Barry Town United,1099,1103.0,5 - 0,Llanelli Town,884,880.0,5,0,Wales,domestic cup
2021/08/21,Premier League Wales,0,Barry Town United,1094,1095.0,0 - 0,Bala Town,1237,1236.0,0,0,Wales,domestic league (tier 1)
2021/08/31,Premier League Wales,0,Barry Town United,1106,1110.0,3 - 2,Haverfordwest County,945,941.0,3,2,Wales,domestic league (tier 1)
2021/09/11,Premier League Wales,0,Barry Town United,1110,1125.0,1 - 0,Connahs Quay Nomads,1414,1399.0,1,0,Wales,domestic league (tier 1)
2021/10/02,Premier League Wales,0,Barry Town United,1110,1088.0,0 - 3,Newtown AFC,1115,1137.0,0,3,Wales,domestic league (tier 1)
2021/10/12,Premier League Wales,0,Barry Town United,1079,1067.0,0 - 1,Cardiff Metropolitan,1098,1110.0,0,1,Wales,domestic league (tier 1)
2021/11/06,Premier League Wales,0,Barry Town United,1087,1082.0,1 - 1,Aberystwyth Town,993,998.0,1,1,Wales,domestic league (tier 1)
2021/11/20,Premier League Wales,0,Barry Town United,1082,1084.0,1 - 0,Cefn Druids,809,807.0,1,0,Wales,domestic league (tier 1)
2021/12/11,Premier League Wales,0,Barry Town United,1074,1071.0,1 - 2,The New Saints,1508,1511.0,1,2,Wales,domestic league (tier 1)
2022/01/22,Premier League Wales,0,Barry Town United,1071,1058.0,0 - 1,Flint Town United,1054,1067.0,0,1,Wales,domestic league (tier 1)
2022/02/11,Premier League Wales,0,Barry Town United,1057,1057.0,0 - 0,Penybont FC,1152,1152.0,0,0,Wales,domestic league (tier 1)
2022/02/26,Premier League Wales,0,Barry Town United,1057,1045.0,1 - 2,Caernarfon Town,1090,1102.0,1,2,Wales,domestic league (tier 1)
2022/03/05,Premier League Wales,0,Barry Town United,1045,1031.0,0 - 1,Haverfordwest County,983,997.0,0,1,Wales,domestic league (tier 1)
2022/04/02,Premier League Wales,0,Barry Town United,1026,1029.0,1 - 0,Cefn Druids,791,788.0,1,0,Wales,domestic league (tier 1)
2022/04/05,Premier League Wales,0,Barry Town United,1029,1039.0,1 - 0,Cardiff Metropolitan,1124,1114.0,1,0,Wales,domestic league (tier 1)
2022/04/09,Premier League Wales,0,Barry Town United,1039,1044.0,1 - 1,Connahs Quay Nomads,1351,1346.0,1,1,Wales,domestic league (tier 1)
2022/04/18,Premier League Wales,0,Barry Town United,1033,1020.0,0 - 1,Aberystwyth Town,1015,1028.0,0,1,Wales,domestic league (tier 1)
2023/08/05,Wales League Cup,0,Barry Town United,999,990.0,1 - 2,Aberystwyth Town,1008,1017.0,1,2,Wales,domestic cup
2023/08/19,Premier League Wales,0,Barry Town United,987,979.0,1 - 1,Colwyn Bay FC,742,750.0,1,1,Wales,domestic league (tier 1)
2023/08/29,Premier League Wales,0,Barry Town United,989,989.0,2 - 2,Haverfordwest County,1086,1086.0,2,2,Wales,domestic league (tier 1)
2023/09/09,Premier League Wales,0,Barry Town United,983,976.0,1 - 4,Connahs Quay Nomads,1332,1339.0,1,4,Wales,domestic league (tier 1)
2023/09/23,Premier League Wales,0,Barry Town United,971,993.0,3 - 1,Bala Town,1241,1219.0,3,1,Wales,domestic league (tier 1)
2023/09/30,Premier League Wales,0,Barry Town United,990,972.0,0 - 3,Caernarfon Town,1074,1092.0,0,3,Wales,domestic league (tier 1)
2023/10/17,Premier League Wales,0,Barry Town United,969,982.0,2 - 0,Pontypridd United,1029,1016.0,2,0,Wales,domestic league (tier 1)
2023/10/21,Premier League Wales,0,Barry Town United,982,980.0,2 - 6,The New Saints,1558,1560.0,2,6,Wales,domestic league (tier 1)
2023/11/04,Premier League Wales,0,Barry Town United,987,974.0,0 - 1,Aberystwyth Town,982,995.0,0,1,Wales,domestic league (tier 1)
2023/11/28,Premier League Wales,0,Barry Town United,989,991.0,1 - 1,Penybont FC,1147,1145.0,1,1,Wales,domestic league (tier 1)
2023/12/30,Premier League Wales,0,Barry Town United,964,968.0,0 - 0,Cardiff Metropolitan,1198,1194.0,0,0,Wales,domestic league (tier 1)
2024/01/06,Premier League Wales,0,Barry Town United,968,992.0,4 - 0,Newtown AFC,1177,1153.0,4,0,Wales,domestic league (tier 1)
2024/02/03,Premier League Wales,0,Barry Town United,1010,986.0,0 - 3,Pontypridd United,972,996.0,0,3,Wales,domestic league (tier 1)
2024/02/23,Premier League Wales,0,Barry Town United,992,991.0,1 - 1,Haverfordwest County,1070,1071.0,1,1,Wales,domestic league (tier 1)
2024/03/09,Premier League Wales,0,Barry Town United,993,987.0,1 - 1,Colwyn Bay FC,835,841.0,1,1,Wales,domestic league (tier 1)
2024/03/29,Premier League Wales,0,Barry Town United,991,992.0,0 - 0,Penybont FC,1139,1138.0,0,0,Wales,domestic league (tier 1)
2024/04/13,Premier League Wales,0,Barry Town United,987,993.0,2 - 1,Aberystwyth Town,938,932.0,2,1,Wales,domestic league (tier 1)
2024/08/02,Wales League Cup,0,Barry Town United,981,977.0,1 - 1,Llanelli Town,879,883.0,1,1,Wales,domestic cup
2024/08/10,Premier League Wales,0,Barry Town United,977,981.0,1 - 1,Bala Town,1232,1228.0,1,1,Wales,domestic league (tier 1)
2024/08/26,Premier League Wales,0,Barry Town United,979,971.0,1 - 2,Newtown AFC,1148,1156.0,1,2,Wales,domestic league (tier 1)
2024/08/31,Premier League Wales,0,Barry Town United,971,978.0,3 - 2,Flint Town United,982,975.0,3,2,Wales,domestic league (tier 1)
2024/09/21,Premier League Wales,0,Barry Town United,996,996.0,1 - 1,Caernarfon Town,1102,1102.0,1,1,Wales,domestic league (tier 1)
2024/09/27,Premier League Wales,0,Barry Town United,1002,1007.0,1 - 0,Aberystwyth Town,925,920.0,1,0,Wales,domestic league (tier 1)
2024/10/12,Premier League Wales,0,Barry Town United,1002,1008.0,3 - 1,Briton Ferry Llansawel AFC,850,844.0,3,1,Wales,domestic league (tier 1)
2024/10/22,Wales League Cup,0,Barry Town United,1032,1041.0,3 - 2,Penybont FC,1224,1215.0,3,2,Wales,domestic cup
2024/11/02,Premier League Wales,0,Barry Town United,1053,1050.0,1 - 4,The New Saints,1568,1571.0,1,4,Wales,domestic league (tier 1)
2024/11/09,Premier League Wales,0,Barry Town United,1050,1063.0,3 - 2,Connahs Quay Nomads,1250,1237.0,3,2,Wales,domestic league (tier 1)
2024/12/01,Wales League Cup,0,Barry Town United,1063,1061.0,1 - 2,The New Saints,1535,1537.0,1,2,Wales,domestic cup
2024/12/10,Premier League Wales,0,Barry Town United,1061,1071.0,2 - 1,Cardiff Metropolitan,1162,1152.0,2,1,Wales,domestic league (tier 1)
2024/12/26,Premier League Wales,0,Barry Town United,1059,1051.0,1 - 2,Penybont FC,1239,1247.0,1,2,Wales,domestic league (tier 1)
2025/01/14,Premier League Wales,0,Barry Town United,1050,1050.0,1 - 1,Haverfordwest County,1158,1158.0,1,1,Wales,domestic league (tier 1)
2025/02/01,Premier League Wales,0,Barry Town United,1059,1068.0,3 - 1,Flint Town United,1014,1005.0,3,1,Wales,domestic league (tier 1)
2025/02/22,Premier League Wales,0,Barry Town United,1070,1056.0,0 - 2,Connahs Quay Nomads,1194,1208.0,0,2,Wales,domestic league (tier 1)
2025/03/11,Premier League Wales,0,Barry Town United,1065,1069.0,2 - 1,Aberystwyth Town,911,907.0,2,1,Wales,domestic league (tier 1)
2025/03/28,Premier League Wales,0,Barry Town United,1060,1066.0,2 - 1,Newtown AFC,1020,1014.0,2,1,Wales,domestic league (tier 1)
2025/04/19,Premier League Wales,0,Barry Town United,1090,1098.0,5 - 0,Briton Ferry Llansawel AFC,943,935.0,5,0,Wales,domestic league (tier 1)
2025/08/02,Wales League Cup,0,Barry Town United,1088,1090.0,2 - 1,Aberystwyth Town,907,905.0,2,1,Wales,domestic cup
2025/08/16,Premier League Wales,0,Barry Town United,1102,1094.0,1 - 1,Colwyn Bay FC,840,848.0,1,1,Wales,domestic league (tier 1)
2025/08/22,Premier League Wales,0,Barry Town United,1094,1086.0,2 - 3,Penybont FC,1247,1255.0,2,3,Wales,domestic league (tier 1)
2025/08/30,Premier League Wales,0,Barry Town United,1091,1098.0,0 - 0,The New Saints,1484,1477.0,0,0,Wales,domestic league (tier 1)
2025/09/10,Wales League Cup,0,Barry Town United,1091,1093.0,1 - 0,Llanelli Town,852,850.0,1,0,Wales,domestic cup
2025/09/13,Premier League Wales,0,Barry Town United,1093,1110.0,4 - 0,Bala Town,1158,1141.0,4,0,Wales,domestic league (tier 1)
2025/09/27,Premier League Wales,0,Barry Town United,1124,1122.0,0 - 0,Connahs Quay Nomads,1166,1168.0,0,0,Wales,domestic league (tier 1)
2025/10/07,Premier League Wales,0,Barry Town United,1120,1104.0,0 - 1,Briton Ferry Llansawel AFC,963,979.0,0,1,Wales,domestic league (tier 1)
2025/10/11,Premier League Wales,0,Barry Town United,1104,1103.0,2 - 2,Caernarfon Town,1158,1159.0,2,2,Wales,domestic league (tier 1)
2025/11/08,Premier League Wales,0,Barry Town United,1147,1141.0,0 - 0,Flint Town United,1023,1029.0,0,0,Wales,domestic league (tier 1)
2025/11/28,Premier League Wales,0,Barry Town United,1153,1163.0,4 - 0,Haverfordwest County,1078,1068.0,4,0,Wales,domestic league (tier 1)
2025/12/26,Premier League Wales,0,Barry Town United,1168,1174.0,1 - 0,Cardiff Metropolitan,1134,1128.0,1,0,Wales,domestic league (tier 1)
2026/01/13,Premier League Wales,0,Barry Town United,1154,1157.0,5 - 1,Llanelli Town,849,846.0,5,1,Wales,domestic league (tier 1)
2026/02/07,Premier League Wales,0,Barry Town United,1155,1139.0,0 - 1,Colwyn Bay FC,1005,1021.0,0,1,Wales,domestic league (tier 1)
2026/02/21,Premier League Wales,0,Barry Town United,1161,1171.0,1 - 0,Connahs Quay Nomads,1269,1259.0,1,0,Wales,domestic league (tier 1)
2026/02/28,Wales League Cup,0,Barry Town United,1171,1190.0,2 - 0,The New Saints,1486,1467.0,2,0,Wales,domestic cup
2026/03/03,Premier League Wales,0,Barry Town United,1190,1197.0,1 - 0,Penybont FC,1183,1176.0,1,0,Wales,domestic league (tier 1)
2026/03/21,Premier League Wales,0,Barry Town United,1179,1186.0,2 - 1,Caernarfon Town,1169,1162.0,2,1,Wales,domestic league (tier 1)
2026/04/18,Premier League Wales,0,Barry Town United,1209,1203.0,0 - 1,The New Saints,1462,1468.0,0,1,Wales,domestic league (tier 1)
2026/04/26,Premier League Wales,0,Barry Town United,1203,1198.0,1 - 1,Haverfordwest County,1126,1131.0,1,1,Wales,domestic league (tier 1)
2026/07/31,Premier League Wales,0,Barry Town United,1198,1199.0,2 - 1,Cambrian United,818,817.0,2,1,Wales,domestic league (tier 1)
2026/08/15,Premier League Wales,0,Barry Town United,1207,1211.0,1 - 0,Cardiff Metropolitan,1083,1079.0,1,0,Wales,domestic league (tier 1)
2026/08/28,Premier League Wales,0,Barry Town United,1218,1220.0,4 - 2,Airbus UK,810,808.0,4,2,Wales,domestic league (tier 1)
2022/07/25,Wales League Cup,0,Briton Ferry Athletic,775,782.0,3 - 2,Afan Lido FC,856,849.0,3,2,Wales,domestic cup
2024/08/11,Premier League Wales,0,Briton Ferry Llansawel AFC,847,841.0,0 - 2,Penybont FC,1171,1177.0,0,2,Wales,domestic league (tier 1)
2024/08/23,Premier League Wales,0,Briton Ferry Llansawel AFC,839,830.0,1 - 5,Cardiff Metropolitan,1128,1137.0,1,5,Wales,domestic league (tier 1)
2024/08/31,Premier League Wales,0,Briton Ferry Llansawel AFC,830,826.0,1 - 5,Connahs Quay Nomads,1321,1325.0,1,5,Wales,domestic league (tier 1)
2024/09/21,Premier League Wales,0,Briton Ferry Llansawel AFC,822,824.0,1 - 1,Flint Town United,1005,1003.0,1,1,Wales,domestic league (tier 1)
2024/09/28,Premier League Wales,0,Briton Ferry Llansawel AFC,843,850.0,2 - 2,Bala Town,1226,1219.0,2,2,Wales,domestic league (tier 1)
2024/10/15,Premier League Wales,0,Briton Ferry Llansawel AFC,844,840.0,1 - 2,Haverfordwest County,1163,1167.0,1,2,Wales,domestic league (tier 1)
2024/11/02,Premier League Wales,0,Briton Ferry Llansawel AFC,839,858.0,4 - 0,Aberystwyth Town,952,933.0,4,0,Wales,domestic league (tier 1)
2024/11/09,Premier League Wales,0,Briton Ferry Llansawel AFC,858,852.0,0 - 1,Caernarfon Town,1103,1109.0,0,1,Wales,domestic league (tier 1)
2024/11/20,Premier League Wales,0,Briton Ferry Llansawel AFC,846,875.0,3 - 1,The New Saints,1569,1540.0,3,1,Wales,domestic league (tier 1)
2024/12/03,Premier League Wales,0,Briton Ferry Llansawel AFC,871,884.0,2 - 1,Newtown AFC,1081,1068.0,2,1,Wales,domestic league (tier 1)
2024/12/31,Premier League Wales,0,Briton Ferry Llansawel AFC,910,911.0,0 - 0,Barry Town United,1051,1050.0,0,0,Wales,domestic league (tier 1)
2025/02/01,Premier League Wales,0,Briton Ferry Llansawel AFC,939,926.0,2 - 3,Aberystwyth Town,919,932.0,2,3,Wales,domestic league (tier 1)
2025/03/07,Premier League Wales,0,Briton Ferry Llansawel AFC,936,927.0,3 - 4,Barry Town United,1056,1065.0,3,4,Wales,domestic league (tier 1)
2025/03/11,Premier League Wales,0,Briton Ferry Llansawel AFC,927,927.0,1 - 1,Newtown AFC,1027,1027.0,1,1,Wales,domestic league (tier 1)
2025/03/29,Premier League Wales,0,Briton Ferry Llansawel AFC,939,954.0,1 - 0,Connahs Quay Nomads,1226,1211.0,1,0,Wales,domestic league (tier 1)
2025/04/12,Premier League Wales,0,Briton Ferry Llansawel AFC,954,943.0,1 - 2,Flint Town United,1036,1047.0,1,2,Wales,domestic league (tier 1)
2025/08/15,Premier League Wales,0,Briton Ferry Llansawel AFC,969,971.0,1 - 1,Cardiff Metropolitan,1156,1154.0,1,1,Wales,domestic league (tier 1)
2025/08/25,Premier League Wales,0,Briton Ferry Llansawel AFC,987,979.0,0 - 1,Haverfordwest County,1151,1159.0,0,1,Wales,domestic league (tier 1)
2025/09/13,Premier League Wales,0,Briton Ferry Llansawel AFC,984,972.0,2 - 5,Caernarfon Town,1194,1206.0,2,5,Wales,domestic league (tier 1)
2025/09/23,Premier League Wales,0,Briton Ferry Llansawel AFC,978,962.0,1 - 2,Llanelli Town,848,864.0,1,2,Wales,domestic league (tier 1)
2025/10/03,Premier League Wales,0,Briton Ferry Llansawel AFC,957,963.0,0 - 0,Penybont FC,1273,1267.0,0,0,Wales,domestic league (tier 1)
2025/10/11,Premier League Wales,0,Briton Ferry Llansawel AFC,979,967.0,0 - 3,Connahs Quay Nomads,1188,1200.0,0,3,Wales,domestic league (tier 1)
2025/10/18,Wales Cup,0,Briton Ferry Llansawel AFC,967,957.0,0 - 5,Penybont FC,1265,1275.0,0,5,Wales,domestic cup
2025/10/25,Premier League Wales,0,Briton Ferry Llansawel AFC,957,937.0,0 - 2,Colwyn Bay FC,939,959.0,0,2,Wales,domestic league (tier 1)
2025/11/07,Premier League Wales,0,Briton Ferry Llansawel AFC,933,950.0,2 - 0,Bala Town,1080,1063.0,2,0,Wales,domestic league (tier 1)
2025/11/29,Premier League Wales,0,Briton Ferry Llansawel AFC,950,949.0,2 - 2,Flint Town United,1028,1029.0,2,2,Wales,domestic league (tier 1)
2025/12/09,Premier League Wales,0,Briton Ferry Llansawel AFC,949,947.0,0 - 2,The New Saints,1491,1493.0,0,2,Wales,domestic league (tier 1)
2025/12/31,Premier League Wales,0,Briton Ferry Llansawel AFC,959,972.0,2 - 1,Barry Town United,1174,1161.0,2,1,Wales,domestic league (tier 1)
2026/01/23,Premier League Wales,0,Briton Ferry Llansawel AFC,988,994.0,3 - 1,Llanelli Town,846,840.0,3,1,Wales,domestic league (tier 1)
2026/02/06,Premier League Wales,0,Briton Ferry Llansawel AFC,994,979.0,0 - 2,Haverfordwest County,1103,1118.0,0,2,Wales,domestic league (tier 1)
2026/02/21,Premier League Wales,0,Briton Ferry Llansawel AFC,983,992.0,2 - 1,Bala Town,1032,1023.0,2,1,Wales,domestic league (tier 1)
2026/03/21,Premier League Wales,0,Briton Ferry Llansawel AFC,1027,1025.0,0 - 0,Flint Town United,1056,1058.0,0,0,Wales,domestic league (tier 1)
2026/04/03,Premier League Wales,0,Briton Ferry Llansawel AFC,1020,1033.0,3 - 1,Cardiff Metropolitan,1085,1072.0,3,1,Wales,domestic league (tier 1)
2026/07/31,Premier League Wales,0,Briton Ferry Llansawel AFC,1046,1049.0,2 - 1,Ammanford AFC,818,815.0,2,1,Wales,domestic league (tier 1)
2026/08/31,Premier League Wales,0,Briton Ferry Llansawel AFC,1043,1029.0,1 - 4,Barry Town United,1220,1234.0,1,4,Wales,domestic league (tier 1)
2026/09/04,Premier League Wales,0,Briton Ferry Llansawel AFC,1029,,Info,Airbus UK,825,,,,Wales,domestic league (tier 1)
2018/08/12,Premier League Wales,0,Caernarfon Town,946,958.0,1 - 0,Cefn Druids,1126,1114.0,1,0,Wales,domestic league (tier 1)
2018/08/31,Premier League Wales,0,Caernarfon Town,960,957.0,0 - 3,The New Saints,1483,1486.0,0,3,Wales,domestic league (tier 1)
2018/09/15,Premier League Wales,0,Caernarfon Town,976,967.0,0 - 1,Barry Town United,1115,1124.0,0,1,Wales,domestic league (tier 1)
2018/09/22,Premier League Wales,0,Caernarfon Town,967,983.0,3 - 0,Llanelli Town,1033,1017.0,3,0,Wales,domestic league (tier 1)
2018/10/05,Premier League Wales,0,Caernarfon Town,988,990.0,2 - 2,Bala Town,1153,1151.0,2,2,Wales,domestic league (tier 1)
2018/10/19,Premier League Wales,0,Caernarfon Town,995,979.0,0 - 3,Newtown AFC,1118,1134.0,0,3,Wales,domestic league (tier 1)
2018/10/26,Premier League Wales,0,Caernarfon Town,979,985.0,0 - 0,Connahs Quay Nomads (as GAP Connahs Quay FC),1307,1301.0,0,0,Wales,domestic league (tier 1)
2018/11/17,Premier League Wales,0,Caernarfon Town,997,1012.0,2 - 0,Cardiff Metropolitan,1090,1075.0,2,0,Wales,domestic league (tier 1)
2018/12/14,Premier League Wales,0,Caernarfon Town,1030,1049.0,4 - 0,Aberystwyth Town,1127,1108.0,4,0,Wales,domestic league (tier 1)
2018/12/29,Premier League Wales,0,Caernarfon Town,1045,1040.0,3 - 3,Llandudno FC,966,971.0,3,3,Wales,domestic league (tier 1)
2019/01/05,Premier League Wales,0,Caernarfon Town,1041,1051.0,3 - 1,Carmarthen Town,1025,1015.0,3,1,Wales,domestic league (tier 1)
2019/02/02,Premier League Wales,0,Caernarfon Town,1090,1105.0,2 - 0,Barry Town United,1196,1181.0,2,0,Wales,domestic league (tier 1)
2019/02/25,Premier League Wales,0,Caernarfon Town,1093,1086.0,0 - 3,The New Saints,1442,1449.0,0,3,Wales,domestic league (tier 1)
2019/03/08,Premier League Wales,0,Caernarfon Town,1080,1089.0,1 - 0,Bala Town,1142,1133.0,1,0,Wales,domestic league (tier 1)
2019/04/05,Premier League Wales,0,Caernarfon Town,1079,1093.0,1 - 0,Connahs Quay Nomads (as GAP Connahs Quay FC),1338,1324.0,1,0,Wales,domestic league (tier 1)
2019/04/12,Premier League Wales,0,Caernarfon Town,1093,1108.0,4 - 1,Newtown AFC,1137,1122.0,4,1,Wales,domestic league (tier 1)
2019/05/11,Premier League Wales,0,Caernarfon Town,1099,1088.0,2 - 3,Cardiff Metropolitan,1168,1179.0,2,3,Wales,domestic league (tier 1)
2019/08/23,Premier League Wales,0,Caernarfon Town,1087,1091.0,0 - 0,Connahs Quay Nomads,1337,1333.0,0,0,Wales,domestic league (tier 1)
2019/08/26,Premier League Wales,0,Caernarfon Town,1091,1088.0,1 - 1,Cefn Druids,1098,1101.0,1,1,Wales,domestic league (tier 1)
2019/09/14,Premier League Wales,0,Caernarfon Town,1102,1105.0,3 - 2,Penybont FC,890,887.0,3,2,Wales,domestic league (tier 1)
2019/09/27,Premier League Wales,0,Caernarfon Town,1093,1101.0,1 - 0,Newtown AFC,1126,1118.0,1,0,Wales,domestic league (tier 1)
2019/10/04,Premier League Wales,0,Caernarfon Town,1101,1117.0,1 - 0,The New Saints,1470,1454.0,1,0,Wales,domestic league (tier 1)
2019/10/26,Premier League Wales,0,Caernarfon Town,1099,1107.0,2 - 0,Carmarthen Town,1024,1016.0,2,0,Wales,domestic league (tier 1)
2019/11/02,Premier League Wales,0,Caernarfon Town,1107,1125.0,4 - 1,Barry Town United,1212,1194.0,4,1,Wales,domestic league (tier 1)
2019/11/29,Premier League Wales,0,Caernarfon Town,1113,1121.0,2 - 1,Cardiff Metropolitan,1157,1149.0,2,1,Wales,domestic league (tier 1)
2019/12/13,Premier League Wales,0,Caernarfon Town,1121,1127.0,5 - 0,Airbus UK,926,920.0,5,0,Wales,domestic league (tier 1)
2019/12/26,Premier League Wales,0,Caernarfon Town,1136,1125.0,1 - 2,Bala Town,1201,1212.0,1,2,Wales,domestic league (tier 1)
2020/01/10,Premier League Wales,0,Caernarfon Town,1113,1087.0,0 - 3,Aberystwyth Town,1040,1066.0,0,3,Wales,domestic league (tier 1)
2020/02/07,Premier League Wales,0,Caernarfon Town,1078,1069.0,1 - 2,Bala Town,1196,1205.0,1,2,Wales,domestic league (tier 1)
2020/03/06,Premier League Wales,0,Caernarfon Town,1086,1099.0,3 - 1,Newtown AFC,1151,1138.0,3,1,Wales,domestic league (tier 1)
2020/09/12,Premier League Wales,0,Caernarfon Town,1099,1093.0,1 - 1,Penybont FC,945,951.0,1,1,Wales,domestic league (tier 1)
2020/09/27,Premier League Wales,0,Caernarfon Town,1097,1091.0,0 - 4,The New Saints,1472,1478.0,0,4,Wales,domestic league (tier 1)
2020/09/30,Premier League Wales,0,Caernarfon Town,1091,1095.0,2 - 1,Flint Town United,949,945.0,2,1,Wales,domestic league (tier 1)
2020/10/09,Premier League Wales,0,Caernarfon Town,1115,1100.0,1 - 2,Cefn Druids,1027,1042.0,1,2,Wales,domestic league (tier 1)
2020/11/13,Premier League Wales,0,Caernarfon Town,1098,1092.0,1 - 2,Connahs Quay Nomads,1359,1365.0,1,2,Wales,domestic league (tier 1)
2020/11/28,Premier League Wales,0,Caernarfon Town,1092,1063.0,1 - 4,Haverfordwest County,911,940.0,1,4,Wales,domestic league (tier 1)
2020/12/01,Premier League Wales,0,Caernarfon Town,1063,1066.0,1 - 1,Bala Town,1276,1273.0,1,1,Wales,domestic league (tier 1)
2020/12/12,Premier League Wales,0,Caernarfon Town,1059,1074.0,2 - 0,Barry Town United,1161,1146.0,2,0,Wales,domestic league (tier 1)
2020/12/18,Premier League Wales,0,Caernarfon Town,1086,1083.0,1 - 1,Newtown AFC,1077,1080.0,1,1,Wales,domestic league (tier 1)
2021/03/06,Premier League Wales,0,Caernarfon Town,1083,1078.0,2 - 2,Aberystwyth Town,1010,1015.0,2,2,Wales,domestic league (tier 1)
2021/03/27,Premier League Wales,0,Caernarfon Town,1107,1113.0,3 - 2,Cardiff Metropolitan,1068,1062.0,3,2,Wales,domestic league (tier 1)
2021/04/10,Premier League Wales,0,Caernarfon Town,1111,1100.0,0 - 1,Barry Town United,1160,1171.0,0,1,Wales,domestic league (tier 1)
2021/04/13,Premier League Wales,0,Caernarfon Town,1100,1090.0,1 - 6,Connahs Quay Nomads,1391,1401.0,1,6,Wales,domestic league (tier 1)
2021/04/20,Premier League Wales,0,Caernarfon Town,1084,1079.0,0 - 2,The New Saints,1480,1485.0,0,2,Wales,domestic league (tier 1)
2021/05/01,Premier League Wales,0,Caernarfon Town,1077,1075.0,2 - 2,Penybont FC,1107,1109.0,2,2,Wales,domestic league (tier 1)
2021/05/04,Premier League Wales,0,Caernarfon Town,1075,1098.0,3 - 0,Bala Town,1282,1259.0,3,0,Wales,domestic league (tier 1)
2021/05/29,Premier League Wales,0,Caernarfon Town,1108,1089.0,3 - 5,Newtown AFC,1113,1132.0,3,5,Wales,domestic league (tier 1)
2021/08/14,Premier League Wales,0,Caernarfon Town,1089,1095.0,2 - 0,Haverfordwest County,951,945.0,2,0,Wales,domestic league (tier 1)
2021/08/27,Premier League Wales,0,Caernarfon Town,1094,1076.0,0 - 2,Newtown AFC,1123,1141.0,0,2,Wales,domestic league (tier 1)
2021/09/10,Premier League Wales,0,Caernarfon Town,1085,1089.0,3 - 0,Cefn Druids,838,834.0,3,0,Wales,domestic league (tier 1)
2021/09/18,Premier League Wales,0,Caernarfon Town,1089,1100.0,2 - 0,Cardiff Metropolitan,1102,1091.0,2,0,Wales,domestic league (tier 1)
2021/09/24,Wales Cup,0,Caernarfon Town,1090,1097.0,3 - 0,Prestatyn Town,945,938.0,3,0,Wales,domestic cup
2021/10/12,Premier League Wales,0,Caernarfon Town,1111,1096.0,2 - 3,Flint Town United,1032,1047.0,2,3,Wales,domestic league (tier 1)
2021/10/30,Premier League Wales,0,Caernarfon Town,1094,1081.0,1 - 2,Barry Town United,1074,1087.0,1,2,Wales,domestic league (tier 1)
2021/11/09,Premier League Wales,0,Caernarfon Town,1095,1090.0,0 - 1,Connahs Quay Nomads,1366,1371.0,0,1,Wales,domestic league (tier 1)
2021/12/04,Premier League Wales,0,Caernarfon Town,1100,1088.0,1 - 2,Penybont FC,1122,1134.0,1,2,Wales,domestic league (tier 1)
2021/12/17,Premier League Wales,0,Caernarfon Town,1088,1083.0,3 - 3,Aberystwyth Town,1014,1019.0,3,3,Wales,domestic league (tier 1)
2022/01/28,Premier League Wales,0,Caernarfon Town,1102,1097.0,0 - 4,The New Saints,1518,1523.0,0,4,Wales,domestic league (tier 1)
2022/02/12,Premier League Wales,0,Caernarfon Town,1089,1090.0,3 - 3,Bala Town,1230,1229.0,3,3,Wales,domestic league (tier 1)
2022/03/11,Premier League Wales,0,Caernarfon Town,1126,1103.0,0 - 4,Newtown AFC,1143,1166.0,0,4,Wales,domestic league (tier 1)
2022/03/15,Premier League Wales,0,Caernarfon Town,1103,1109.0,2 - 1,Flint Town United,1067,1061.0,2,1,Wales,domestic league (tier 1)
2022/04/01,Premier League Wales,0,Caernarfon Town,1103,1097.0,0 - 3,The New Saints,1493,1499.0,0,3,Wales,domestic league (tier 1)
2022/04/15,Premier League Wales,0,Caernarfon Town,1114,1121.0,1 - 0,Penybont FC,1097,1090.0,1,0,Wales,domestic league (tier 1)
2022/04/18,Premier League Wales,0,Caernarfon Town,1121,1109.0,0 - 2,Bala Town,1283,1295.0,0,2,Wales,domestic league (tier 1)
2022/05/07,Premier League Wales,0,Caernarfon Town,1107,1115.0,1 - 0,Cardiff Metropolitan,1119,1111.0,1,0,Wales,domestic league (tier 1)
2022/05/14,Premier League Wales,0,Caernarfon Town,1115,1121.0,2 - 1,Flint Town United,1059,1053.0,2,1,Wales,domestic league (tier 1)
2022/08/20,Premier League Wales,0,Caernarfon Town,1111,1115.0,2 - 0,"Pontypridd United
(as Pontypridd Town)",885,881.0,2,0,Wales,domestic league (tier 1)
2022/08/27,Premier League Wales,0,Caernarfon Town,1115,1131.0,5 - 1,Cardiff Metropolitan,1157,1141.0,5,1,Wales,domestic league (tier 1)
2022/09/02,Premier League Wales,0,Caernarfon Town,1124,1128.0,3 - 1,Airbus UK,912,908.0,3,1,Wales,domestic league (tier 1)
2022/09/17,Premier League Wales,0,Caernarfon Town,1128,1133.0,2 - 1,Haverfordwest County,1044,1039.0,2,1,Wales,domestic league (tier 1)
2022/09/20,Wales League Cup,0,Caernarfon Town,1133,1122.0,1 - 4,Bala Town,1287,1298.0,1,4,Wales,domestic cup
2022/09/27,Premier League Wales,0,Caernarfon Town,1122,1111.0,0 - 2,Connahs Quay Nomads,1321,1332.0,0,2,Wales,domestic league (tier 1)
2022/10/14,Premier League Wales,0,Caernarfon Town,1091,1102.0,2 - 0,Flint Town United,1089,1078.0,2,0,Wales,domestic league (tier 1)
2022/10/21,Premier League Wales,0,Caernarfon Town,1102,1107.0,2 - 1,Aberystwyth Town,1024,1019.0,2,1,Wales,domestic league (tier 1)
2022/11/05,Premier League Wales,0,Caernarfon Town,1129,1109.0,0 - 2,Penybont FC,1119,1139.0,0,2,Wales,domestic league (tier 1)
2022/12/02,Premier League Wales,0,Caernarfon Town,1116,1105.0,2 - 3,Newtown AFC,1167,1178.0,2,3,Wales,domestic league (tier 1)
2022/12/26,Premier League Wales,0,Caernarfon Town,1096,1083.0,1 - 5,Bala Town,1310,1323.0,1,5,Wales,domestic league (tier 1)
2023/01/03,Premier League Wales,0,Caernarfon Town,1079,1077.0,0 - 1,The New Saints,1532,1534.0,0,1,Wales,domestic league (tier 1)
2023/02/11,Premier League Wales,0,Caernarfon Town,1067,1077.0,2 - 0,Haverfordwest County,1049,1039.0,2,0,Wales,domestic league (tier 1)
2023/02/24,Premier League Wales,0,Caernarfon Town,1085,1081.0,2 - 2,Flint Town United,1046,1050.0,2,2,Wales,domestic league (tier 1)
2023/03/17,Premier League Wales,0,Caernarfon Town,1070,1055.0,0 - 1,Aberystwyth Town,976,991.0,0,1,Wales,domestic league (tier 1)
2023/03/31,Premier League Wales,0,Caernarfon Town,1058,1061.0,4 - 0,Airbus UK,763,760.0,4,0,Wales,domestic league (tier 1)
2023/04/15,Premier League Wales,0,Caernarfon Town,1061,1046.0,1 - 2,Pontypridd United,964,979.0,1,2,Wales,domestic league (tier 1)
2023/08/04,Wales League Cup,0,Caernarfon Town,1049,1044.0,2 - 2,Porthmadog FC,862,867.0,2,2,Wales,domestic cup
2023/08/18,Premier League Wales,0,Caernarfon Town,1053,1063.0,2 - 1,Newtown AFC,1161,1151.0,2,1,Wales,domestic league (tier 1)
2023/08/29,Premier League Wales,0,Caernarfon Town,1067,1069.0,1 - 1,Bala Town,1234,1232.0,1,1,Wales,domestic league (tier 1)
2023/09/01,Premier League Wales,0,Caernarfon Town,1069,1058.0,0 - 4,Connahs Quay Nomads,1321,1332.0,0,4,Wales,domestic league (tier 1)
2023/09/23,Premier League Wales,0,Caernarfon Town,1071,1077.0,1 - 0,Pontypridd United,1031,1025.0,1,0,Wales,domestic league (tier 1)
2023/09/26,Premier League Wales,0,Caernarfon Town,1077,1074.0,1 - 3,The New Saints,1547,1550.0,1,3,Wales,domestic league (tier 1)
2023/10/17,Premier League Wales,0,Caernarfon Town,1079,1087.0,3 - 0,Aberystwyth Town,964,956.0,3,0,Wales,domestic league (tier 1)
2023/10/21,Premier League Wales,0,Caernarfon Town,1087,1105.0,5 - 1,Cardiff Metropolitan,1175,1157.0,5,1,Wales,domestic league (tier 1)
2023/11/04,Premier League Wales,0,Caernarfon Town,1100,1083.0,2 - 4,Penybont FC,1153,1170.0,2,4,Wales,domestic league (tier 1)
2023/11/19,Premier League Wales,0,Caernarfon Town,1083,1068.0,2 - 3,Barry Town United,974,989.0,2,3,Wales,domestic league (tier 1)
2023/12/16,Premier League Wales,0,Caernarfon Town,1084,1071.0,0 - 1,Haverfordwest County,1078,1091.0,0,1,Wales,domestic league (tier 1)
2023/12/31,Premier League Wales,0,Caernarfon Town,1070,1073.0,2 - 1,Colwyn Bay FC,843,840.0,2,1,Wales,domestic league (tier 1)
2024/02/23,Premier League Wales,0,Caernarfon Town,1092,1088.0,1 - 8,The New Saints,1597,1601.0,1,8,Wales,domestic league (tier 1)
2024/03/01,Premier League Wales,0,Caernarfon Town,1088,1096.0,1 - 0,Newtown AFC,1123,1115.0,1,0,Wales,domestic league (tier 1)
2024/03/15,Premier League Wales,0,Caernarfon Town,1102,1116.0,2 - 1,Connahs Quay Nomads,1331,1317.0,2,1,Wales,domestic league (tier 1)
2024/03/23,Premier League Wales,0,Caernarfon Town,1116,1104.0,1 - 2,Cardiff Metropolitan,1155,1167.0,1,2,Wales,domestic league (tier 1)
2024/04/21,Premier League Wales,0,Caernarfon Town,1090,1092.0,2 - 2,Bala Town,1249,1247.0,2,2,Wales,domestic league (tier 1)
2024/08/17,Premier League Wales,0,Caernarfon Town,1108,1095.0,1 - 2,Haverfordwest County,1113,1126.0,1,2,Wales,domestic league (tier 1)
2024/08/26,Premier League Wales,0,Caernarfon Town,1123,1123.0,0 - 0,Bala Town,1234,1234.0,0,0,Wales,domestic league (tier 1)
2024/08/31,Premier League Wales,0,Caernarfon Town,1123,1110.0,1 - 2,Cardiff Metropolitan,1134,1147.0,1,2,Wales,domestic league (tier 1)
2024/09/14,Premier League Wales,0,Caernarfon Town,1102,1104.0,3 - 2,Briton Ferry Llansawel AFC,824,822.0,3,2,Wales,domestic league (tier 1)
2024/09/28,Premier League Wales,0,Caernarfon Town,1112,1130.0,3 - 1,Connahs Quay Nomads,1276,1258.0,3,1,Wales,domestic league (tier 1)
2024/10/12,Premier League Wales,0,Caernarfon Town,1163,1149.0,1 - 2,Newtown AFC,1131,1145.0,1,2,Wales,domestic league (tier 1)
2024/10/15,Premier League Wales,0,Caernarfon Town,1149,1118.0,1 - 4,Aberystwyth Town,909,940.0,1,4,Wales,domestic league (tier 1)
2024/11/02,Premier League Wales,0,Caernarfon Town,1122,1103.0,1 - 5,Penybont FC,1212,1231.0,1,5,Wales,domestic league (tier 1)
2024/12/14,Premier League Wales,0,Caernarfon Town,1115,1121.0,3 - 2,Barry Town United,1071,1065.0,3,2,Wales,domestic league (tier 1)
2024/12/26,Premier League Wales,0,Caernarfon Town,1102,1097.0,2 - 5,The New Saints,1513,1518.0,2,5,Wales,domestic league (tier 1)
2025/01/14,Premier League Wales,0,Caernarfon Town,1120,1128.0,3 - 0,Flint Town United,1009,1001.0,3,0,Wales,domestic league (tier 1)
2025/02/08,Premier League Wales,0,Caernarfon Town,1150,1148.0,1 - 1,Haverfordwest County,1172,1174.0,1,1,Wales,domestic league (tier 1)
2025/02/11,Premier League Wales,0,Caernarfon Town,1148,1145.0,0 - 1,The New Saints,1532,1535.0,0,1,Wales,domestic league (tier 1)
2025/02/22,Premier League Wales,0,Caernarfon Town,1145,1155.0,3 - 2,Penybont FC,1235,1225.0,3,2,Wales,domestic league (tier 1)
2025/03/21,Premier League Wales,0,Caernarfon Town,1142,1157.0,5 - 0,Bala Town,1162,1147.0,5,0,Wales,domestic league (tier 1)
2025/04/19,Premier League Wales,0,Caernarfon Town,1153,1160.0,2 - 1,Cardiff Metropolitan,1152,1145.0,2,1,Wales,domestic league (tier 1)
2025/04/26,Premier League Wales,0,Caernarfon Town,1160,1170.0,5 - 2,Barry Town United,1098,1088.0,5,2,Wales,domestic league (tier 1)
2025/05/11,Premier League Wales,0,Caernarfon Town,1170,1167.0,0 - 0,Cardiff Metropolitan,1152,1155.0,0,0,Wales,domestic league (tier 1)
2025/08/01,Wales League Cup,0,Caernarfon Town,1156,1158.0,3 - 0,Colwyn Bay FC,836,834.0,3,0,Wales,domestic cup
2025/08/16,Premier League Wales,0,Caernarfon Town,1161,1165.0,6 - 1,Llanelli Town,896,892.0,6,1,Wales,domestic league (tier 1)
2025/08/25,Premier League Wales,0,Caernarfon Town,1182,1191.0,2 - 0,Bala Town,1143,1134.0,2,0,Wales,domestic league (tier 1)
2025/09/07,Premier League Wales,0,Caernarfon Town,1193,1200.0,3 - 1,Barry Town United,1098,1091.0,3,1,Wales,domestic league (tier 1)
2025/09/10,Wales League Cup,0,Caernarfon Town,1200,1194.0,2 - 2,Holywell Town,903,909.0,2,2,Wales,domestic cup
2025/09/20,Premier League Wales,0,Caernarfon Town,1206,1194.0,1 - 2,Penybont FC,1244,1256.0,1,2,Wales,domestic league (tier 1)
2025/09/28,Premier League Wales,0,Caernarfon Town,1206,1179.0,0 - 3,Cardiff Metropolitan,1088,1115.0,0,3,Wales,domestic league (tier 1)
2025/10/07,Premier League Wales,0,Caernarfon Town,1164,1158.0,1 - 3,The New Saints,1500,1506.0,1,3,Wales,domestic league (tier 1)
2025/11/01,Premier League Wales,0,Caernarfon Town,1196,1200.0,4 - 1,Briton Ferry Llansawel AFC,937,933.0,4,1,Wales,domestic league (tier 1)
2025/11/08,Premier League Wales,0,Caernarfon Town,1198,1192.0,2 - 2,Haverfordwest County,1068,1074.0,2,2,Wales,domestic league (tier 1)
2025/12/05,Premier League Wales,0,Caernarfon Town,1183,1177.0,1 - 1,Flint Town United,1029,1035.0,1,1,Wales,domestic league (tier 1)
2025/12/27,Premier League Wales,0,Caernarfon Town,1196,1179.0,1 - 2,Colwyn Bay FC,1003,1020.0,1,2,Wales,domestic league (tier 1)
2026/01/13,Premier League Wales,0,Caernarfon Town,1188,1188.0,2 - 2,Connahs Quay Nomads,1278,1278.0,2,2,Wales,domestic league (tier 1)
2026/01/31,Wales Cup,0,Caernarfon Town,1191,1197.0,4 - 1,Colwyn Bay FC,1011,1005.0,4,1,Wales,domestic cup
2026/02/14,Premier League Wales,0,Caernarfon Town,1202,1180.0,0 - 2,Barry Town United,1139,1161.0,0,2,Wales,domestic league (tier 1)
2026/02/27,Premier League Wales,0,Caernarfon Town,1178,1185.0,3 - 0,Colwyn Bay FC,1037,1030.0,3,0,Wales,domestic league (tier 1)
2026/03/13,Premier League Wales,0,Caernarfon Town,1185,1169.0,2 - 4,Connahs Quay Nomads,1252,1268.0,2,4,Wales,domestic league (tier 1)
2026/03/27,Premier League Wales,0,Caernarfon Town,1162,1153.0,0 - 4,The New Saints,1450,1459.0,0,4,Wales,domestic league (tier 1)
2026/04/12,Wales Cup,0,Caernarfon Town,1169,1180.0,3 - 0,Flint Town United,1030,1019.0,3,0,Wales,domestic cup
2026/04/18,Premier League Wales,0,Caernarfon Town,1180,1189.0,2 - 0,Penybont FC,1143,1134.0,2,0,Wales,domestic league (tier 1)
2026/08/07,Premier League Wales,0,Caernarfon Town,1178,1164.0,1 - 2,Penybont FC,1125,1139.0,1,2,Wales,domestic league (tier 1)
2026/08/15,Premier League Wales,0,Caernarfon Town,1164,1173.0,3 - 0,Colwyn Bay FC,1071,1062.0,3,0,Wales,domestic league (tier 1)
2026/08/31,Premier League Wales,0,Caernarfon Town,1185,1179.0,2 - 3,The New Saints,1450,1456.0,2,3,Wales,domestic league (tier 1)
2026/09/04,Premier League Wales,0,Caernarfon Town,1179,,Info,Flint Town United,984,,,,Wales,domestic league (tier 1)
2022/07/23,Wales League Cup,0,Caersws FC,784,785.0,1 - 1,Prestatyn Town,938,937.0,1,1,Wales,domestic cup
2022/08/06,Wales League Cup,0,Caersws FC,785,770.0,1 - 6,Holywell Town,874,889.0,1,6,Wales,domestic cup
2022/10/08,Wales Cup,0,Caersws FC,770,766.0,0 - 1,Flint Town United,1085,1089.0,0,1,Wales,domestic cup
2024/07/20,Wales League Cup,0,Caersws FC,766,759.0,0 - 1,Holywell Town,886,893.0,0,1,Wales,domestic cup
2026/08/07,Premier League Wales,0,Cambrian United,817,821.0,1 - 1,Briton Ferry Llansawel AFC,1049,1045.0,1,1,Wales,domestic league (tier 1)
2026/08/14,Premier League Wales,0,Cambrian United,821,833.0,1 - 0,Flint Town United,1006,994.0,1,0,Wales,domestic league (tier 1)
2026/08/31,Premier League Wales,0,Cambrian United,862,867.0,2 - 2,Penybont FC,1157,1152.0,2,2,Wales,domestic league (tier 1)
2016/08/21,Premier League Wales,0,Cardiff Metropolitan,845,842.0,0 - 1,Bala Town,1283,1286.0,0,1,Wales,domestic league (tier 1)
2016/08/31,Premier League Wales,0,Cardiff Metropolitan,847,846.0,1 - 2,The New Saints,1478,1479.0,1,2,Wales,domestic league (tier 1)
2016/09/11,Premier League Wales,0,Cardiff Metropolitan,843,840.0,1 - 2,Connahs Quay Nomads (as GAP Connahs Quay FC),1231,1234.0,1,2,Wales,domestic league (tier 1)
2016/09/20,Premier League Wales,0,Cardiff Metropolitan,858,873.0,2 - 1,Newtown AFC,1128,1113.0,2,1,Wales,domestic league (tier 1)
2016/09/24,Premier League Wales,0,Cardiff Metropolitan,873,887.0,1 - 0,Aberystwyth Town,1120,1106.0,1,0,Wales,domestic league (tier 1)
2016/10/16,Premier League Wales,0,Cardiff Metropolitan,882,901.0,5 - 0,Cefn Druids,962,943.0,5,0,Wales,domestic league (tier 1)
2016/10/30,Premier League Wales,0,Cardiff Metropolitan,910,930.0,4 - 0,Rhyl FC,1041,1021.0,4,0,Wales,domestic league (tier 1)
2016/11/13,Premier League Wales,0,Cardiff Metropolitan,928,947.0,2 - 0,Airbus UK,1126,1107.0,2,0,Wales,domestic league (tier 1)
2016/11/19,Premier League Wales,0,Cardiff Metropolitan,947,971.0,4 - 0,Bangor City,1156,1132.0,4,0,Wales,domestic league (tier 1)
2016/11/27,Premier League Wales,0,Cardiff Metropolitan,971,972.0,1 - 1,Llandudno FC,1100,1099.0,1,1,Wales,domestic league (tier 1)
2016/12/31,Premier League Wales,0,Cardiff Metropolitan,1001,985.0,1 - 3,Carmarthen Town,1080,1096.0,1,3,Wales,domestic league (tier 1)
2017/03/04,Premier League Wales,0,Cardiff Metropolitan,999,1000.0,2 - 2,Carmarthen Town,1122,1121.0,2,2,Wales,domestic league (tier 1)
2017/03/18,Premier League Wales,0,Cardiff Metropolitan,996,993.0,0 - 5,The New Saints,1538,1541.0,0,5,Wales,domestic league (tier 1)
2017/03/25,Premier League Wales,0,Cardiff Metropolitan,993,988.0,2 - 3,Bala Town,1294,1299.0,2,3,Wales,domestic league (tier 1)
2017/04/09,Premier League Wales,0,Cardiff Metropolitan,988,980.0,2 - 3,Bangor City,1155,1163.0,2,3,Wales,domestic league (tier 1)
2017/04/22,Premier League Wales,0,Cardiff Metropolitan,1009,1013.0,0 - 0,Connahs Quay Nomads (as GAP Connahs Quay FC),1268,1264.0,0,0,Wales,domestic league (tier 1)
2017/08/19,Premier League Wales,0,Cardiff Metropolitan,1046,1064.0,3 - 1,Bangor City,1205,1187.0,3,1,Wales,domestic league (tier 1)
2017/09/15,Premier League Wales,0,Cardiff Metropolitan,1077,1084.0,0 - 0,The New Saints,1489,1482.0,0,0,Wales,domestic league (tier 1)
2017/09/30,Premier League Wales,0,Cardiff Metropolitan,1081,1085.0,2 - 1,Prestatyn Town,943,939.0,2,1,Wales,domestic league (tier 1)
2017/10/08,Premier League Wales,0,Cardiff Metropolitan,1085,1092.0,1 - 0,Llandudno FC,1074,1067.0,1,0,Wales,domestic league (tier 1)
2017/10/21,Premier League Wales,0,Cardiff Metropolitan,1107,1119.0,2 - 0,Newtown AFC,1127,1115.0,2,0,Wales,domestic league (tier 1)
2017/11/04,Premier League Wales,0,Cardiff Metropolitan,1130,1140.0,5 - 0,Carmarthen Town,1034,1024.0,5,0,Wales,domestic league (tier 1)
2017/11/19,Premier League Wales,0,Cardiff Metropolitan,1156,1151.0,1 - 1,Cefn Druids,1061,1066.0,1,1,Wales,domestic league (tier 1)
2017/11/26,Premier League Wales,0,Cardiff Metropolitan,1151,1152.0,0 - 0,Connahs Quay Nomads (as GAP Connahs Quay FC),1276,1275.0,0,0,Wales,domestic league (tier 1)
2017/12/16,Premier League Wales,0,Cardiff Metropolitan,1152,1140.0,1 - 2,Bala Town,1190,1202.0,1,2,Wales,domestic league (tier 1)
2017/12/31,Premier League Wales,0,Cardiff Metropolitan,1131,1140.0,3 - 0,Barry Town United,1057,1048.0,3,0,Wales,domestic league (tier 1)
2018/01/06,Premier League Wales,0,Cardiff Metropolitan,1140,1134.0,1 - 1,Aberystwyth Town,1014,1020.0,1,1,Wales,domestic league (tier 1)
2018/02/11,Premier League Wales,0,Cardiff Metropolitan,1113,1100.0,0 - 2,Connahs Quay Nomads (as GAP Connahs Quay FC),1262,1275.0,0,2,Wales,domestic league (tier 1)
2018/02/17,Premier League Wales,0,Cardiff Metropolitan,1100,1080.0,1 - 3,Cefn Druids,1073,1093.0,1,3,Wales,domestic league (tier 1)
2018/03/10,Premier League Wales,0,Cardiff Metropolitan,1076,1083.0,1 - 1,The New Saints,1477,1470.0,1,1,Wales,domestic league (tier 1)
2018/03/25,Premier League Wales,0,Cardiff Metropolitan,1083,1074.0,1 - 2,Bangor City,1217,1226.0,1,2,Wales,domestic league (tier 1)
2018/04/21,Premier League Wales,0,Cardiff Metropolitan,1059,1070.0,4 - 3,Bala Town,1194,1183.0,4,3,Wales,domestic league (tier 1)
2018/05/12,Premier League Wales,0,Cardiff Metropolitan,1079,1093.0,4 - 1,Barry Town United,1118,1104.0,4,1,Wales,domestic league (tier 1)
2018/08/10,Premier League Wales,0,Cardiff Metropolitan,1086,1094.0,2 - 1,Newtown AFC,1101,1093.0,2,1,Wales,domestic league (tier 1)
2018/08/26,Premier League Wales,0,Cardiff Metropolitan,1116,1100.0,0 - 1,Caernarfon Town,952,968.0,0,1,Wales,domestic league (tier 1)
2018/09/09,Premier League Wales,0,Cardiff Metropolitan,1085,1092.0,1 - 0,Cefn Druids,1088,1081.0,1,0,Wales,domestic league (tier 1)
2018/09/16,Premier League Wales,0,Cardiff Metropolitan,1092,1078.0,0 - 1,Llandudno FC,1032,1046.0,0,1,Wales,domestic league (tier 1)
2018/09/30,Premier League Wales,0,Cardiff Metropolitan,1078,1108.0,4 - 1,The New Saints,1482,1452.0,4,1,Wales,domestic league (tier 1)
2018/10/07,Premier League Wales,0,Cardiff Metropolitan,1108,1097.0,1 - 3,Connahs Quay Nomads (as GAP Connahs Quay FC),1299,1310.0,1,3,Wales,domestic league (tier 1)
2018/10/28,Premier League Wales,0,Cardiff Metropolitan,1115,1109.0,1 - 1,Carmarthen Town,998,1004.0,1,1,Wales,domestic league (tier 1)
2018/11/11,Premier League Wales,0,Cardiff Metropolitan,1103,1090.0,2 - 3,Aberystwyth Town,1106,1119.0,2,3,Wales,domestic league (tier 1)
2018/12/14,Premier League Wales,0,Cardiff Metropolitan,1111,1119.0,4 - 0,Llanelli Town,971,963.0,4,0,Wales,domestic league (tier 1)
2018/12/31,Premier League Wales,0,Cardiff Metropolitan,1107,1123.0,3 - 0,Barry Town United,1186,1170.0,3,0,Wales,domestic league (tier 1)
2019/01/05,Premier League Wales,0,Cardiff Metropolitan,1123,1139.0,3 - 0,Bala Town,1190,1174.0,3,0,Wales,domestic league (tier 1)
2019/02/10,Premier League Wales,0,Cardiff Metropolitan,1157,1165.0,3 - 0,Cefn Druids,1057,1049.0,3,0,Wales,domestic league (tier 1)
2019/02/16,Premier League Wales,0,Cardiff Metropolitan,1165,1171.0,3 - 0,Llandudno FC,983,977.0,3,0,Wales,domestic league (tier 1)
2019/03/23,Premier League Wales,0,Cardiff Metropolitan,1178,1182.0,1 - 0,Carmarthen Town,1019,1015.0,1,0,Wales,domestic league (tier 1)
2019/04/20,Premier League Wales,0,Cardiff Metropolitan,1161,1166.0,1 - 0,Aberystwyth Town,1070,1065.0,1,0,Wales,domestic league (tier 1)
2019/04/26,Premier League Wales,0,Cardiff Metropolitan,1166,1168.0,3 - 2,Llanelli Town,857,855.0,3,2,Wales,domestic league (tier 1)
2019/08/26,Premier League Wales,0,Cardiff Metropolitan,1204,1206.0,1 - 0,Airbus UK,961,959.0,1,0,Wales,domestic league (tier 1)
2019/08/30,Premier League Wales,0,Cardiff Metropolitan,1206,1211.0,1 - 0,Newtown AFC,1118,1113.0,1,0,Wales,domestic league (tier 1)
2019/09/16,Premier League Wales,0,Cardiff Metropolitan,1209,1214.0,1 - 1,The New Saints,1492,1487.0,1,1,Wales,domestic league (tier 1)
2019/10/19,Premier League Wales,0,Cardiff Metropolitan,1207,1198.0,0 - 1,Connahs Quay Nomads,1346,1355.0,0,1,Wales,domestic league (tier 1)
2019/11/01,Premier League Wales,0,Cardiff Metropolitan,1188,1180.0,1 - 1,Penybont FC,890,898.0,1,1,Wales,domestic league (tier 1)
2019/11/16,Premier League Wales,0,Cardiff Metropolitan,1180,1151.0,0 - 3,Carmarthen Town,989,1018.0,0,3,Wales,domestic league (tier 1)
2019/11/23,Premier League Wales,0,Cardiff Metropolitan,1151,1157.0,2 - 1,Cefn Druids,1090,1084.0,2,1,Wales,domestic league (tier 1)
2019/12/14,Premier League Wales,0,Cardiff Metropolitan,1141,1126.0,1 - 2,Aberystwyth Town,1041,1056.0,1,2,Wales,domestic league (tier 1)
2019/12/30,Premier League Wales,0,Cardiff Metropolitan,1148,1135.0,0 - 1,Barry Town United,1144,1157.0,0,1,Wales,domestic league (tier 1)
2020/01/11,Premier League Wales,0,Cardiff Metropolitan,1135,1145.0,1 - 0,Bala Town,1221,1211.0,1,0,Wales,domestic league (tier 1)
2020/01/18,Premier League Wales,0,Cardiff Metropolitan,1145,1154.0,2 - 0,Caernarfon Town,1087,1078.0,2,0,Wales,domestic league (tier 1)
2020/02/08,Premier League Wales,0,Cardiff Metropolitan,1160,1167.0,3 - 1,Aberystwyth Town,1068,1061.0,3,1,Wales,domestic league (tier 1)
2020/02/22,Premier League Wales,0,Cardiff Metropolitan,1167,1159.0,1 - 1,Airbus UK,915,923.0,1,1,Wales,domestic league (tier 1)
2020/09/15,Premier League Wales,0,Cardiff Metropolitan,1165,1157.0,0 - 0,Haverfordwest County,904,912.0,0,0,Wales,domestic league (tier 1)
2020/09/30,Premier League Wales,0,Cardiff Metropolitan,1155,1138.0,0 - 1,Penybont FC,941,958.0,0,1,Wales,domestic league (tier 1)
2020/10/03,Premier League Wales,0,Cardiff Metropolitan,1138,1114.0,0 - 3,Caernarfon Town,1095,1119.0,0,3,Wales,domestic league (tier 1)
2020/10/10,Premier League Wales,0,Cardiff Metropolitan,1108,1102.0,1 - 2,Connahs Quay Nomads,1360,1366.0,1,2,Wales,domestic league (tier 1)
2020/10/17,Premier League Wales,0,Cardiff Metropolitan,1102,1105.0,2 - 1,Flint Town United,923,920.0,2,1,Wales,domestic league (tier 1)
2020/11/13,Premier League Wales,0,Cardiff Metropolitan,1105,1101.0,1 - 1,Aberystwyth Town,1068,1072.0,1,1,Wales,domestic league (tier 1)
2020/11/21,Premier League Wales,0,Cardiff Metropolitan,1101,1098.0,0 - 1,The New Saints,1481,1484.0,0,1,Wales,domestic league (tier 1)
2020/12/01,Premier League Wales,0,Cardiff Metropolitan,1106,1113.0,2 - 1,Newtown AFC,1090,1083.0,2,1,Wales,domestic league (tier 1)
2020/12/05,Premier League Wales,0,Cardiff Metropolitan,1113,1115.0,1 - 1,Bala Town,1273,1271.0,1,1,Wales,domestic league (tier 1)
2021/03/20,Premier League Wales,0,Cardiff Metropolitan,1073,1068.0,0 - 0,Cefn Druids,986,991.0,0,0,Wales,domestic league (tier 1)
2021/04/02,Premier League Wales,0,Cardiff Metropolitan,1062,1052.0,1 - 2,Barry Town United,1150,1160.0,1,2,Wales,domestic league (tier 1)
2021/04/13,Premier League Wales,0,Cardiff Metropolitan,1035,1033.0,2 - 2,Newtown AFC,1082,1084.0,2,2,Wales,domestic league (tier 1)
2021/04/20,Premier League Wales,0,Cardiff Metropolitan,1044,1056.0,6 - 1,Haverfordwest County,988,976.0,6,1,Wales,domestic league (tier 1)
2021/04/30,Premier League Wales,0,Cardiff Metropolitan,1074,1085.0,5 - 1,Aberystwyth Town,1029,1018.0,5,1,Wales,domestic league (tier 1)
2021/05/08,Premier League Wales,0,Cardiff Metropolitan,1099,1105.0,6 - 0,Cefn Druids,883,877.0,6,0,Wales,domestic league (tier 1)
2021/05/15,Premier League Wales,0,Cardiff Metropolitan,1105,1109.0,2 - 1,Flint Town United,982,978.0,2,1,Wales,domestic league (tier 1)
2021/08/14,Premier League Wales,0,Cardiff Metropolitan,1109,1079.0,1 - 5,Flint Town United,981,1011.0,1,5,Wales,domestic league (tier 1)
2021/08/31,Premier League Wales,0,Cardiff Metropolitan,1084,1091.0,3 - 2,Penybont FC,1090,1083.0,3,2,Wales,domestic league (tier 1)
2021/09/25,Wales Cup,0,Cardiff Metropolitan,1106,1119.0,3 - 0,Barry Town United,1123,1110.0,3,0,Wales,domestic cup
2021/10/02,Premier League Wales,0,Cardiff Metropolitan,1119,1122.0,4 - 2,Cefn Druids,819,816.0,4,2,Wales,domestic league (tier 1)
2021/10/09,Premier League Wales,0,Cardiff Metropolitan,1122,1098.0,0 - 2,Haverfordwest County,973,997.0,0,2,Wales,domestic league (tier 1)
2021/10/23,Premier League Wales,0,Cardiff Metropolitan,1110,1114.0,1 - 1,Connahs Quay Nomads,1349,1345.0,1,1,Wales,domestic league (tier 1)
2021/11/06,Premier League Wales,0,Cardiff Metropolitan,1122,1108.0,0 - 1,Caernarfon Town,1081,1095.0,0,1,Wales,domestic league (tier 1)
2021/11/19,Premier League Wales,0,Cardiff Metropolitan,1101,1086.0,0 - 1,Aberystwyth Town,1016,1031.0,0,1,Wales,domestic league (tier 1)
2021/11/27,Wales League Cup,0,Cardiff Metropolitan,1086,1091.0,3 - 2,Barry Town United,1084,1079.0,3,2,Wales,domestic cup
2022/01/22,Premier League Wales,0,Cardiff Metropolitan,1107,1107.0,0 - 0,Bala Town,1216,1216.0,0,0,Wales,domestic league (tier 1)
2022/01/25,Premier League Wales,0,Cardiff Metropolitan,1107,1116.0,2 - 0,Barry Town United,1058,1049.0,2,0,Wales,domestic league (tier 1)
2022/02/12,Premier League Wales,0,Cardiff Metropolitan,1122,1121.0,1 - 1,Newtown AFC,1175,1176.0,1,1,Wales,domestic league (tier 1)
2022/02/26,Premier League Wales,0,Cardiff Metropolitan,1125,1132.0,1 - 1,The New Saints,1524,1517.0,1,1,Wales,domestic league (tier 1)
2022/03/05,Premier League Wales,0,Cardiff Metropolitan,1132,1135.0,0 - 0,Connahs Quay Nomads,1354,1351.0,0,0,Wales,domestic league (tier 1)
2022/03/15,Premier League Wales,0,Cardiff Metropolitan,1150,1144.0,1 - 1,Barry Town United,1029,1035.0,1,1,Wales,domestic league (tier 1)
2022/04/02,Premier League Wales,0,Cardiff Metropolitan,1119,1124.0,3 - 2,Haverfordwest County,1036,1031.0,3,2,Wales,domestic league (tier 1)
2022/04/09,Premier League Wales,0,Cardiff Metropolitan,1114,1109.0,1 - 1,Aberystwyth Town,1005,1010.0,1,1,Wales,domestic league (tier 1)
2022/04/18,Premier League Wales,0,Cardiff Metropolitan,1105,1108.0,5 - 0,Cefn Druids,768,765.0,5,0,Wales,domestic league (tier 1)
2022/08/07,Wales League Cup,0,Cardiff Metropolitan,1111,1118.0,2 - 1,Newtown AFC,1189,1182.0,2,1,Wales,domestic cup
2022/08/13,Premier League Wales,0,Cardiff Metropolitan,1118,1138.0,2 - 0,Connahs Quay Nomads,1348,1328.0,2,0,Wales,domestic league (tier 1)
2022/08/30,Premier League Wales,0,Cardiff Metropolitan,1141,1145.0,3 - 0,"Pontypridd United
(as Pontypridd Town)",892,888.0,3,0,Wales,domestic league (tier 1)
2022/09/03,Premier League Wales,0,Cardiff Metropolitan,1145,1151.0,1 - 0,Flint Town United,1091,1085.0,1,0,Wales,domestic league (tier 1)
2022/09/17,Premier League Wales,0,Cardiff Metropolitan,1151,1142.0,0 - 7,The New Saints,1501,1510.0,0,7,Wales,domestic league (tier 1)
2022/09/20,Wales League Cup,0,Cardiff Metropolitan,1142,1138.0,2 - 2,Aberystwyth Town,1020,1024.0,2,2,Wales,domestic cup
2022/10/01,Premier League Wales,0,Cardiff Metropolitan,1123,1128.0,2 - 1,Aberystwyth Town,1021,1016.0,2,1,Wales,domestic league (tier 1)
2022/10/29,Premier League Wales,0,Cardiff Metropolitan,1137,1113.0,0 - 3,Caernarfon Town,1105,1129.0,0,3,Wales,domestic league (tier 1)
2022/11/19,Premier League Wales,0,Cardiff Metropolitan,1111,1124.0,1 - 0,Bala Town,1316,1303.0,1,0,Wales,domestic league (tier 1)
2022/12/16,Premier League Wales,0,Cardiff Metropolitan,1127,1135.0,2 - 0,Haverfordwest County,1050,1042.0,2,0,Wales,domestic league (tier 1)
2022/12/22,Premier League Wales,0,Cardiff Metropolitan,1135,1144.0,2 - 1,Newtown AFC,1188,1179.0,2,1,Wales,domestic league (tier 1)
2022/12/30,Premier League Wales,0,Cardiff Metropolitan,1163,1159.0,0 - 0,Penybont FC,1131,1135.0,0,0,Wales,domestic league (tier 1)
2023/01/21,Premier League Wales,0,Cardiff Metropolitan,1166,1168.0,3 - 1,Airbus UK,819,817.0,3,1,Wales,domestic league (tier 1)
2023/02/11,Premier League Wales,0,Cardiff Metropolitan,1168,1185.0,3 - 2,The New Saints,1547,1530.0,3,2,Wales,domestic league (tier 1)
2023/03/10,Premier League Wales,0,Cardiff Metropolitan,1174,1172.0,0 - 0,Newtown AFC,1190,1192.0,0,0,Wales,domestic league (tier 1)
2023/03/31,Premier League Wales,0,Cardiff Metropolitan,1175,1163.0,2 - 3,Penybont FC,1209,1221.0,2,3,Wales,domestic league (tier 1)
2023/04/08,Premier League Wales,0,Cardiff Metropolitan,1163,1152.0,0 - 2,Connahs Quay Nomads,1347,1358.0,0,2,Wales,domestic league (tier 1)
2023/04/22,Premier League Wales,0,Cardiff Metropolitan,1166,1176.0,2 - 1,Bala Town,1257,1247.0,2,1,Wales,domestic league (tier 1)
2023/08/19,Premier League Wales,0,Cardiff Metropolitan,1179,1177.0,0 - 0,Bala Town,1222,1224.0,0,0,Wales,domestic league (tier 1)
2023/08/26,Premier League Wales,0,Cardiff Metropolitan,1177,1178.0,1 - 0,Colwyn Bay FC,750,749.0,1,0,Wales,domestic league (tier 1)
2023/09/08,Premier League Wales,0,Cardiff Metropolitan,1174,1180.0,2 - 0,Pontypridd United,1026,1020.0,2,0,Wales,domestic league (tier 1)
2023/09/22,Premier League Wales,0,Cardiff Metropolitan,1179,1172.0,1 - 5,The New Saints,1540,1547.0,1,5,Wales,domestic league (tier 1)
2023/09/26,Premier League Wales,0,Cardiff Metropolitan,1172,1167.0,1 - 1,Haverfordwest County,1060,1065.0,1,1,Wales,domestic league (tier 1)
2023/10/06,Premier League Wales,0,Cardiff Metropolitan,1160,1163.0,2 - 1,Barry Town United,972,969.0,2,1,Wales,domestic league (tier 1)
2023/10/14,Wales Cup,0,Cardiff Metropolitan,1163,1167.0,4 - 0,Cwmbran Town,894,890.0,4,0,Wales,domestic cup
2023/10/17,Premier League Wales,0,Cardiff Metropolitan,1167,1175.0,2 - 1,Newtown AFC,1204,1196.0,2,1,Wales,domestic league (tier 1)
2023/11/04,Premier League Wales,0,Cardiff Metropolitan,1170,1189.0,3 - 1,Connahs Quay Nomads,1363,1344.0,3,1,Wales,domestic league (tier 1)
2023/11/11,Wales Cup,0,Cardiff Metropolitan,1189,1191.0,2 - 1,Mold Alexandra,907,905.0,2,1,Wales,domestic cup
2023/12/02,Premier League Wales,0,Cardiff Metropolitan,1191,1195.0,4 - 2,Aberystwyth Town,972,968.0,4,2,Wales,domestic league (tier 1)
2023/12/19,Wales League Cup,0,Cardiff Metropolitan,1223,1225.0,1 - 0,Pontypridd United,957,955.0,1,0,Wales,domestic cup
2023/12/26,Premier League Wales,0,Cardiff Metropolitan,1225,1198.0,0 - 3,Penybont FC,1127,1154.0,0,3,Wales,domestic league (tier 1)
2024/01/13,Premier League Wales,0,Cardiff Metropolitan,1191,1185.0,2 - 2,Caernarfon Town,1073,1079.0,2,2,Wales,domestic league (tier 1)
2024/02/10,Premier League Wales,0,Cardiff Metropolitan,1189,1184.0,2 - 2,Caernarfon Town,1087,1092.0,2,2,Wales,domestic league (tier 1)
2024/02/17,Wales Cup,0,Cardiff Metropolitan,1184,1185.0,3 - 2,Colwyn Bay FC,839,838.0,3,2,Wales,domestic cup
2024/03/16,Premier League Wales,0,Cardiff Metropolitan,1166,1155.0,0 - 1,Bala Town,1247,1258.0,0,1,Wales,domestic league (tier 1)
2024/03/30,Wales Cup,0,Cardiff Metropolitan,1167,1163.0,2 - 6,The New Saints,1616,1620.0,2,6,Wales,domestic cup
2024/04/06,Premier League Wales,0,Cardiff Metropolitan,1163,1148.0,0 - 3,Connahs Quay Nomads,1316,1331.0,0,3,Wales,domestic league (tier 1)
2024/04/13,Premier League Wales,0,Cardiff Metropolitan,1148,1144.0,0 - 5,The New Saints,1623,1627.0,0,5,Wales,domestic league (tier 1)
2024/04/21,Premier League Wales,0,Cardiff Metropolitan,1144,1125.0,1 - 3,Newtown AFC,1152,1171.0,1,3,Wales,domestic league (tier 1)
2024/08/16,Premier League Wales,0,Cardiff Metropolitan,1134,1128.0,1 - 1,Barry Town United,981,987.0,1,1,Wales,domestic league (tier 1)
2024/08/26,Premier League Wales,0,Cardiff Metropolitan,1137,1134.0,0 - 0,Haverfordwest County,1125,1128.0,0,0,Wales,domestic league (tier 1)
2024/09/21,Premier League Wales,0,Cardiff Metropolitan,1154,1165.0,2 - 1,Connahs Quay Nomads,1293,1282.0,2,1,Wales,domestic league (tier 1)
2024/10/05,Premier League Wales,0,Cardiff Metropolitan,1163,1149.0,1 - 2,Caernarfon Town,1130,1144.0,1,2,Wales,domestic league (tier 1)
2024/10/15,Premier League Wales,0,Cardiff Metropolitan,1147,1147.0,1 - 1,Penybont FC,1239,1239.0,1,1,Wales,domestic league (tier 1)
2024/10/25,Premier League Wales,0,Cardiff Metropolitan,1162,1168.0,2 - 1,Newtown AFC,1121,1115.0,2,1,Wales,domestic league (tier 1)
2024/11/09,Premier League Wales,0,Cardiff Metropolitan,1163,1161.0,3 - 3,Bala Town,1198,1200.0,3,3,Wales,domestic league (tier 1)
2024/11/16,Wales Cup,0,Cardiff Metropolitan,1161,1157.0,1 - 3,The New Saints,1565,1569.0,1,3,Wales,domestic cup
2024/11/23,Premier League Wales,0,Cardiff Metropolitan,1157,1162.0,3 - 0,Aberystwyth Town,951,946.0,3,0,Wales,domestic league (tier 1)
2024/12/14,Premier League Wales,0,Cardiff Metropolitan,1152,1158.0,2 - 0,Flint Town United,1007,1001.0,2,0,Wales,domestic league (tier 1)
2024/12/26,Premier League Wales,0,Cardiff Metropolitan,1158,1131.0,1 - 3,Briton Ferry Llansawel AFC,883,910.0,1,3,Wales,domestic league (tier 1)
2025/01/14,Premier League Wales,0,Cardiff Metropolitan,1137,1132.0,0 - 2,The New Saints,1521,1526.0,0,2,Wales,domestic league (tier 1)
2025/01/24,Premier League Wales,0,Cardiff Metropolitan,1132,1143.0,2 - 1,Penybont FC,1255,1244.0,2,1,Wales,domestic league (tier 1)
2025/02/08,Premier League Wales,0,Cardiff Metropolitan,1141,1149.0,2 - 1,Bala Town,1184,1176.0,2,1,Wales,domestic league (tier 1)
2025/03/08,Premier League Wales,0,Cardiff Metropolitan,1142,1153.0,4 - 2,Caernarfon Town,1155,1144.0,4,2,Wales,domestic league (tier 1)
2025/03/22,Premier League Wales,0,Cardiff Metropolitan,1158,1151.0,0 - 6,The New Saints,1545,1552.0,0,6,Wales,domestic league (tier 1)
2025/04/11,Premier League Wales,0,Cardiff Metropolitan,1154,1152.0,1 - 1,Haverfordwest County,1166,1168.0,1,1,Wales,domestic league (tier 1)
2025/04/26,Premier League Wales,0,Cardiff Metropolitan,1145,1152.0,1 - 0,Bala Town,1153,1146.0,1,0,Wales,domestic league (tier 1)
2025/08/02,Wales League Cup,0,Cardiff Metropolitan,1155,1159.0,4 - 0,Pontypridd United,962,958.0,4,0,Wales,domestic cup
2025/08/09,Premier League Wales,0,Cardiff Metropolitan,1159,1156.0,2 - 2,Caernarfon Town,1158,1161.0,2,2,Wales,domestic league (tier 1)
2025/08/25,Premier League Wales,0,Cardiff Metropolitan,1157,1152.0,1 - 1,Barry Town United,1086,1091.0,1,1,Wales,domestic league (tier 1)
2025/09/06,Premier League Wales,0,Cardiff Metropolitan,1136,1105.0,1 - 4,Colwyn Bay FC,856,887.0,1,4,Wales,domestic league (tier 1)
2025/09/19,Premier League Wales,0,Cardiff Metropolitan,1109,1104.0,1 - 3,The New Saints,1486,1491.0,1,3,Wales,domestic league (tier 1)
2025/09/23,Premier League Wales,0,Cardiff Metropolitan,1104,1088.0,0 - 4,Penybont FC,1256,1272.0,0,4,Wales,domestic league (tier 1)
2025/10/04,Premier League Wales,0,Cardiff Metropolitan,1115,1127.0,2 - 0,Bala Town,1136,1124.0,2,0,Wales,domestic league (tier 1)
2025/10/25,Premier League Wales,0,Cardiff Metropolitan,1133,1142.0,4 - 1,Flint Town United,1039,1030.0,4,1,Wales,domestic league (tier 1)
2025/11/01,Premier League Wales,0,Cardiff Metropolitan,1142,1123.0,0 - 3,Connahs Quay Nomads,1211,1230.0,0,3,Wales,domestic league (tier 1)
2025/11/21,Wales Cup,0,Cardiff Metropolitan,1142,1158.0,2 - 1,The New Saints,1504,1488.0,2,1,Wales,domestic cup
2025/12/05,Premier League Wales,0,Cardiff Metropolitan,1158,1160.0,2 - 1,Llanelli Town,860,858.0,2,1,Wales,domestic league (tier 1)
2025/12/13,Wales Cup,0,Cardiff Metropolitan,1160,1141.0,2 - 4,Caernarfon Town,1177,1196.0,2,4,Wales,domestic cup
2025/12/16,Premier League Wales,0,Cardiff Metropolitan,1141,1134.0,2 - 2,Briton Ferry Llansawel AFC,947,954.0,2,2,Wales,domestic league (tier 1)
2025/12/30,Premier League Wales,0,Cardiff Metropolitan,1128,1124.0,0 - 0,Haverfordwest County,1094,1098.0,0,0,Wales,domestic league (tier 1)
2026/01/23,Premier League Wales,0,Cardiff Metropolitan,1129,1108.0,0 - 2,Haverfordwest County,1082,1103.0,0,2,Wales,domestic league (tier 1)
2026/02/13,Premier League Wales,0,Cardiff Metropolitan,1109,1101.0,1 - 1,Llanelli Town,829,837.0,1,1,Wales,domestic league (tier 1)
2026/03/16,Premier League Wales,0,Cardiff Metropolitan,1095,1073.0,0 - 2,Briton Ferry Llansawel AFC,1005,1027.0,0,2,Wales,domestic league (tier 1)
2026/03/28,Premier League Wales,0,Cardiff Metropolitan,1079,1085.0,2 - 1,Bala Town,1030,1024.0,2,1,Wales,domestic league (tier 1)
2026/04/18,Premier League Wales,0,Cardiff Metropolitan,1072,1068.0,2 - 2,Flint Town United,1019,1023.0,2,2,Wales,domestic league (tier 1)
2026/08/01,Premier League Wales,0,Cardiff Metropolitan,1068,1075.0,6 - 1,Holywell Town,909,902.0,6,1,Wales,domestic league (tier 1)
2026/08/21,Premier League Wales,0,Cardiff Metropolitan,1079,1072.0,0 - 5,The New Saints,1441,1448.0,0,5,Wales,domestic league (tier 1)
2026/08/28,Premier League Wales,0,Cardiff Metropolitan,1072,1084.0,3 - 0,Briton Ferry Llansawel AFC,1055,1043.0,3,0,Wales,domestic league (tier 1)
2026/09/04,Premier League Wales,0,Cardiff Metropolitan,1095,,Info,Cambrian United,867,,,,Wales,domestic league (tier 1)
2016/08/13,Premier League Wales,0,Carmarthen Town,1093,1094.0,0 - 0,Connahs Quay Nomads (as GAP Connahs Quay FC),1219,1218.0,0,0,Wales,domestic league (tier 1)
2016/08/27,Premier League Wales,0,Carmarthen Town,1085,1096.0,2 - 1,Airbus UK,1210,1199.0,2,1,Wales,domestic league (tier 1)
2016/09/03,Premier League Wales,0,Carmarthen Town,1103,1091.0,0 - 1,Llandudno FC,1118,1130.0,0,1,Wales,domestic league (tier 1)
2016/09/17,Premier League Wales,0,Carmarthen Town,1115,1113.0,1 - 1,Bangor City,1128,1130.0,1,1,Wales,domestic league (tier 1)
2016/09/20,Premier League Wales,0,Carmarthen Town,1113,1086.0,0 - 5,Aberystwyth Town,1093,1120.0,0,5,Wales,domestic league (tier 1)
2016/10/15,Premier League Wales,0,Carmarthen Town,1081,1092.0,3 - 1,Newtown AFC,1092,1081.0,3,1,Wales,domestic league (tier 1)
2016/10/29,Premier League Wales,0,Carmarthen Town,1106,1097.0,2 - 3,Bala Town,1239,1248.0,2,3,Wales,domestic league (tier 1)
2016/11/13,Premier League Wales,0,Carmarthen Town,1101,1094.0,2 - 2,Cefn Druids,929,936.0,2,2,Wales,domestic league (tier 1)
2016/11/18,Premier League Wales,0,Carmarthen Town,1094,1090.0,2 - 4,The New Saints,1529,1533.0,2,4,Wales,domestic league (tier 1)
2016/12/17,Premier League Wales,0,Carmarthen Town,1074,1085.0,5 - 0,Rhyl FC,1010,999.0,5,0,Wales,domestic league (tier 1)
2016/12/26,Premier League Wales,0,Carmarthen Town,1085,1080.0,0 - 0,Cardiff Metropolitan,996,1001.0,0,0,Wales,domestic league (tier 1)
2017/02/11,Premier League Wales,0,Carmarthen Town,1112,1130.0,1 - 0,The New Saints,1551,1533.0,1,0,Wales,domestic league (tier 1)
2017/02/18,Premier League Wales,0,Carmarthen Town,1130,1122.0,0 - 1,Bala Town,1283,1291.0,0,1,Wales,domestic league (tier 1)
2017/03/11,Premier League Wales,0,Carmarthen Town,1121,1109.0,2 - 3,Bangor City,1146,1158.0,2,3,Wales,domestic league (tier 1)
2017/03/18,Premier League Wales,0,Carmarthen Town,1109,1096.0,1 - 3,Connahs Quay Nomads (as GAP Connahs Quay FC),1245,1258.0,1,3,Wales,domestic league (tier 1)
2017/04/14,Premier League Wales,0,Carmarthen Town,1102,1073.0,0 - 4,Cardiff Metropolitan,980,1009.0,0,4,Wales,domestic league (tier 1)
2017/05/07,Premier League Wales,0,Carmarthen Town,1096,1081.0,1 - 2,Cardiff Metropolitan,1013,1028.0,1,2,Wales,domestic league (tier 1)
2017/09/30,Premier League Wales,0,Carmarthen Town,1069,1063.0,0 - 5,The New Saints,1483,1489.0,0,5,Wales,domestic league (tier 1)
2017/10/14,Premier League Wales,0,Carmarthen Town,1058,1052.0,1 - 2,Connahs Quay Nomads (as GAP Connahs Quay FC),1295,1301.0,1,2,Wales,domestic league (tier 1)
2017/10/28,Premier League Wales,0,Carmarthen Town,1042,1034.0,0 - 1,Bala Town,1214,1222.0,0,1,Wales,domestic league (tier 1)
2017/11/11,Premier League Wales,0,Carmarthen Town,1024,1008.0,0 - 2,Newtown AFC,1107,1123.0,0,2,Wales,domestic league (tier 1)
2017/11/18,Premier League Wales,0,Carmarthen Town,1008,983.0,0 - 3,Prestatyn Town,945,970.0,0,3,Wales,domestic league (tier 1)
2017/12/09,Premier League Wales,0,Carmarthen Town,982,982.0,0 - 0,Llandudno FC,1066,1066.0,0,0,Wales,domestic league (tier 1)
2017/12/15,Premier League Wales,0,Carmarthen Town,982,970.0,1 - 2,Barry Town United,1026,1038.0,1,2,Wales,domestic league (tier 1)
2017/12/23,Premier League Wales,0,Carmarthen Town,970,974.0,0 - 0,Bangor City,1218,1214.0,0,0,Wales,domestic league (tier 1)
2017/12/26,Premier League Wales,0,Carmarthen Town,974,983.0,1 - 0,Aberystwyth Town,1037,1028.0,1,0,Wales,domestic league (tier 1)
2018/01/06,Premier League Wales,0,Carmarthen Town,997,986.0,0 - 1,Cefn Druids,1062,1073.0,0,1,Wales,domestic league (tier 1)
2018/01/13,Premier League Wales,0,Carmarthen Town,986,973.0,0 - 2,Cardiff Metropolitan,1127,1140.0,0,2,Wales,domestic league (tier 1)
2018/02/03,Premier League Wales,0,Carmarthen Town,997,1004.0,3 - 1,Prestatyn Town,906,899.0,3,1,Wales,domestic league (tier 1)
2018/02/10,Premier League Wales,0,Carmarthen Town,1004,1015.0,3 - 2,Newtown AFC,1144,1133.0,3,2,Wales,domestic league (tier 1)
2018/02/25,Premier League Wales,0,Carmarthen Town,1009,1007.0,3 - 3,Aberystwyth Town,1051,1053.0,3,3,Wales,domestic league (tier 1)
2018/03/09,Premier League Wales,0,Carmarthen Town,990,980.0,0 - 1,Barry Town United,1076,1086.0,0,1,Wales,domestic league (tier 1)
2018/04/14,Premier League Wales,0,Carmarthen Town,1007,1015.0,3 - 2,Llandudno FC,1032,1024.0,3,2,Wales,domestic league (tier 1)
2018/08/18,Premier League Wales,0,Carmarthen Town,1010,1007.0,0 - 0,Llandudno FC,1006,1009.0,0,0,Wales,domestic league (tier 1)
2018/09/01,Premier League Wales,0,Carmarthen Town,1005,1020.0,2 - 0,Cardiff Metropolitan,1100,1085.0,2,0,Wales,domestic league (tier 1)
2018/09/08,Premier League Wales,0,Carmarthen Town,1020,1037.0,3 - 0,Newtown AFC,1112,1095.0,3,0,Wales,domestic league (tier 1)
2018/09/22,Premier League Wales,0,Carmarthen Town,1026,1025.0,2 - 2,Aberystwyth Town,1084,1085.0,2,2,Wales,domestic league (tier 1)
2018/10/06,Premier League Wales,0,Carmarthen Town,1015,1011.0,0 - 3,The New Saints,1454,1458.0,0,3,Wales,domestic league (tier 1)
2018/10/20,Premier League Wales,0,Carmarthen Town,1007,998.0,1 - 2,Bala Town,1158,1167.0,1,2,Wales,domestic league (tier 1)
2018/11/03,Premier League Wales,0,Carmarthen Town,1004,1011.0,4 - 3,Caernarfon Town,985,978.0,4,3,Wales,domestic league (tier 1)
2018/11/10,Premier League Wales,0,Carmarthen Town,1011,1000.0,2 - 3,Cefn Druids,1082,1093.0,2,3,Wales,domestic league (tier 1)
2018/12/14,Premier League Wales,0,Carmarthen Town,1019,1010.0,2 - 3,Barry Town United,1168,1177.0,2,3,Wales,domestic league (tier 1)
2019/01/01,Premier League Wales,0,Carmarthen Town,1017,1025.0,2 - 0,Llanelli Town,947,939.0,2,0,Wales,domestic league (tier 1)
2019/01/12,Premier League Wales,0,Carmarthen Town,1015,1030.0,3 - 2,Connahs Quay Nomads (as GAP Connahs Quay FC),1317,1302.0,3,2,Wales,domestic league (tier 1)
2019/02/02,Premier League Wales,0,Carmarthen Town,1022,1033.0,1 - 0,Cardiff Metropolitan,1168,1157.0,1,0,Wales,domestic league (tier 1)
2019/02/23,Premier League Wales,0,Carmarthen Town,1038,1026.0,0 - 1,Cefn Druids,1060,1072.0,0,1,Wales,domestic league (tier 1)
2019/04/06,Premier League Wales,0,Carmarthen Town,1015,1024.0,2 - 0,Llandudno FC,975,966.0,2,0,Wales,domestic league (tier 1)
2019/04/13,Premier League Wales,0,Carmarthen Town,1024,1030.0,3 - 1,Llanelli Town,883,877.0,3,1,Wales,domestic league (tier 1)
2019/04/26,Premier League Wales,0,Carmarthen Town,1044,1059.0,6 - 2,Aberystwyth Town,1065,1050.0,6,2,Wales,domestic league (tier 1)
2019/08/23,Premier League Wales,0,Carmarthen Town,1052,1041.0,1 - 2,Newtown AFC,1114,1125.0,1,2,Wales,domestic league (tier 1)
2019/08/30,Premier League Wales,0,Carmarthen Town,1049,1039.0,0 - 1,Barry Town United,1160,1170.0,0,1,Wales,domestic league (tier 1)
2019/09/07,Premier League Wales,0,Carmarthen Town,1039,1041.0,2 - 2,Cardiff Metropolitan,1211,1209.0,2,2,Wales,domestic league (tier 1)
2019/09/21,Premier League Wales,0,Carmarthen Town,1045,1040.0,2 - 6,The New Saints,1487,1492.0,2,6,Wales,domestic league (tier 1)
2019/10/05,Premier League Wales,0,Carmarthen Town,1036,1031.0,1 - 2,Connahs Quay Nomads,1337,1342.0,1,2,Wales,domestic league (tier 1)
2019/10/18,Premier League Wales,0,Carmarthen Town,1027,1024.0,0 - 0,Aberystwyth Town,1036,1039.0,0,0,Wales,domestic league (tier 1)
2019/11/02,Premier League Wales,0,Carmarthen Town,1000,989.0,1 - 2,Cefn Druids,1069,1080.0,1,2,Wales,domestic league (tier 1)
2019/11/30,Premier League Wales,0,Carmarthen Town,1018,1005.0,0 - 3,Bala Town,1211,1224.0,0,3,Wales,domestic league (tier 1)
2019/12/21,Premier League Wales,0,Carmarthen Town,1000,991.0,0 - 1,Caernarfon Town,1127,1136.0,0,1,Wales,domestic league (tier 1)
2019/12/26,Premier League Wales,0,Carmarthen Town,991,996.0,3 - 2,Penybont FC,914,909.0,3,2,Wales,domestic league (tier 1)
2020/01/11,Premier League Wales,0,Carmarthen Town,996,991.0,2 - 2,Airbus UK,917,922.0,2,2,Wales,domestic league (tier 1)
2020/02/22,Premier League Wales,0,Carmarthen Town,994,1005.0,1 - 0,Cefn Druids,1124,1113.0,1,0,Wales,domestic league (tier 1)
2020/03/07,Premier League Wales,0,Carmarthen Town,1005,983.0,1 - 3,Airbus UK,923,945.0,1,3,Wales,domestic league (tier 1)
2021/10/16,Wales Cup,0,Carmarthen Town,989,998.0,0 - 0,The New Saints,1529,1520.0,0,0,Wales,domestic cup
2023/12/09,Wales Cup,0,Carmarthen Town,998,996.0,0 - 3,The New Saints,1569,1571.0,0,3,Wales,domestic cup
2024/08/03,Wales League Cup,0,Carmarthen Town,996,980.0,0 - 5,Haverfordwest County,1079,1095.0,0,5,Wales,domestic cup
2025/11/22,Wales Cup,0,Carmarthen Town,980,960.0,1 - 3,Colwyn Bay FC,949,969.0,1,3,Wales,domestic cup
2016/08/27,Premier League Wales,0,Cefn Druids,935,930.0,0 - 0,Cardiff Metropolitan,842,847.0,0,0,Wales,domestic league (tier 1)
2016/08/31,Premier League Wales,0,Cefn Druids,930,935.0,0 - 0,Connahs Quay Nomads (as GAP Connahs Quay FC),1238,1233.0,0,0,Wales,domestic league (tier 1)
2016/09/20,Premier League Wales,0,Cefn Druids,949,952.0,2 - 2,Airbus UK,1161,1158.0,2,2,Wales,domestic league (tier 1)
2016/09/30,Premier League Wales,0,Cefn Druids,958,968.0,4 - 3,Rhyl FC,1059,1049.0,4,3,Wales,domestic league (tier 1)
2016/10/21,Premier League Wales,0,Cefn Druids,943,948.0,4 - 4,Bala Town,1244,1239.0,4,4,Wales,domestic league (tier 1)
2016/10/28,Premier League Wales,0,Cefn Druids,948,941.0,2 - 3,Bangor City,1141,1148.0,2,3,Wales,domestic league (tier 1)
2016/11/04,Premier League Wales,0,Cefn Druids,941,929.0,1 - 3,Llandudno FC,1115,1127.0,1,3,Wales,domestic league (tier 1)
2016/11/25,Premier League Wales,0,Cefn Druids,936,948.0,1 - 0,Newtown AFC,1090,1078.0,1,0,Wales,domestic league (tier 1)
2016/12/16,Premier League Wales,0,Cefn Druids,946,930.0,0 - 3,Aberystwyth Town,1084,1100.0,0,3,Wales,domestic league (tier 1)
2016/12/30,Premier League Wales,0,Cefn Druids,929,928.0,0 - 2,The New Saints,1555,1556.0,0,2,Wales,domestic league (tier 1)
2017/01/14,Premier League Wales,0,Cefn Druids,944,945.0,0 - 0,Carmarthen Town,1096,1095.0,0,0,Wales,domestic league (tier 1)
2017/02/11,Premier League Wales,0,Cefn Druids,967,976.0,2 - 1,Aberystwyth Town,1027,1018.0,2,1,Wales,domestic league (tier 1)
2017/02/17,Premier League Wales,0,Cefn Druids,976,967.0,1 - 2,Newtown AFC,1094,1103.0,1,2,Wales,domestic league (tier 1)
2017/03/17,Premier League Wales,0,Cefn Druids,977,991.0,4 - 1,Rhyl FC,1010,996.0,4,1,Wales,domestic league (tier 1)
2017/04/14,Premier League Wales,0,Cefn Druids,1000,1009.0,3 - 2,Llandudno FC,1066,1057.0,3,2,Wales,domestic league (tier 1)
2017/04/22,Premier League Wales,0,Cefn Druids,1009,1019.0,3 - 1,Airbus UK,999,989.0,3,1,Wales,domestic league (tier 1)
2017/08/12,Premier League Wales,0,Cefn Druids,1019,997.0,0 - 3,Cardiff Metropolitan,1024,1046.0,0,3,Wales,domestic league (tier 1)
2017/08/25,Premier League Wales,0,Cefn Druids,1003,1013.0,2 - 0,Aberystwyth Town,993,983.0,2,0,Wales,domestic league (tier 1)
2017/09/15,Premier League Wales,0,Cefn Druids,1006,1001.0,2 - 2,Prestatyn Town,935,940.0,2,2,Wales,domestic league (tier 1)
2017/09/21,Premier League Wales,0,Cefn Druids,1001,1025.0,3 - 0,Bala Town,1237,1213.0,3,0,Wales,domestic league (tier 1)
2017/10/07,Premier League Wales,0,Cefn Druids,1039,1039.0,0 - 0,Newtown AFC,1144,1144.0,0,0,Wales,domestic league (tier 1)
2017/10/21,Premier League Wales,0,Cefn Druids,1059,1056.0,0 - 0,Carmarthen Town,1052,1055.0,0,0,Wales,domestic league (tier 1)
2017/11/25,Premier League Wales,0,Cefn Druids,1066,1073.0,2 - 1,Barry Town United,1046,1039.0,2,1,Wales,domestic league (tier 1)
2017/11/28,Premier League Wales,0,Cefn Druids,1073,1069.0,1 - 3,The New Saints,1483,1487.0,1,3,Wales,domestic league (tier 1)
2017/12/16,Premier League Wales,0,Cefn Druids,1069,1056.0,0 - 2,Bangor City,1205,1218.0,0,2,Wales,domestic league (tier 1)
2017/12/26,Premier League Wales,0,Cefn Druids,1062,1055.0,0 - 1,Connahs Quay Nomads (as GAP Connahs Quay FC),1282,1289.0,0,1,Wales,domestic league (tier 1)
2018/01/13,Premier League Wales,0,Cefn Druids,1073,1070.0,0 - 0,Llandudno FC,1078,1081.0,0,0,Wales,domestic league (tier 1)
2018/02/02,Premier League Wales,0,Cefn Druids,1070,1077.0,2 - 2,The New Saints,1487,1480.0,2,2,Wales,domestic league (tier 1)
2018/02/23,Premier League Wales,0,Cefn Druids,1093,1079.0,0 - 2,Bangor City,1216,1230.0,0,2,Wales,domestic league (tier 1)
2018/03/30,Premier League Wales,0,Cefn Druids,1074,1091.0,3 - 1,Bala Town,1221,1204.0,3,1,Wales,domestic league (tier 1)
2018/04/14,Premier League Wales,0,Cefn Druids,1091,1101.0,3 - 1,Cardiff Metropolitan,1069,1059.0,3,1,Wales,domestic league (tier 1)
2018/04/27,Premier League Wales,0,Cefn Druids,1097,1117.0,2 - 0,Connahs Quay Nomads (as GAP Connahs Quay FC),1305,1285.0,2,0,Wales,domestic league (tier 1)
2018/05/20,Premier League Wales,0,Cefn Druids,1117,1124.0,1 - 0,Cardiff Metropolitan,1093,1086.0,1,0,Wales,domestic league (tier 1)
2018/08/18,Premier League Wales,0,Cefn Druids,1114,1100.0,2 - 3,Llanelli Town,1058,1072.0,2,3,Wales,domestic league (tier 1)
2018/09/01,Premier League Wales,0,Cefn Druids,1082,1088.0,2 - 1,Llandudno FC,1022,1016.0,2,1,Wales,domestic league (tier 1)
2018/09/15,Premier League Wales,0,Cefn Druids,1081,1092.0,4 - 0,Carmarthen Town,1037,1026.0,4,0,Wales,domestic league (tier 1)
2018/09/28,Premier League Wales,0,Cefn Druids,1086,1081.0,1 - 1,Caernarfon Town,983,988.0,1,1,Wales,domestic league (tier 1)
2018/10/05,Premier League Wales,0,Cefn Druids,1081,1088.0,1 - 0,Aberystwyth Town,1073,1066.0,1,0,Wales,domestic league (tier 1)
2018/10/20,Premier League Wales,0,Cefn Druids,1084,1082.0,1 - 1,Cardiff Metropolitan,1113,1115.0,1,1,Wales,domestic league (tier 1)
2018/11/02,Premier League Wales,0,Cefn Druids,1083,1082.0,1 - 1,Newtown AFC,1140,1141.0,1,1,Wales,domestic league (tier 1)
2018/11/30,Premier League Wales,0,Cefn Druids,1077,1076.0,2 - 2,Bala Town,1158,1159.0,2,2,Wales,domestic league (tier 1)
2018/12/14,Premier League Wales,0,Cefn Druids,1076,1069.0,1 - 2,Connahs Quay Nomads (as GAP Connahs Quay FC),1292,1299.0,1,2,Wales,domestic league (tier 1)
2019/01/01,Premier League Wales,0,Cefn Druids,1087,1080.0,0 - 3,The New Saints,1431,1438.0,0,3,Wales,domestic league (tier 1)
2019/01/05,Premier League Wales,0,Cefn Druids,1080,1062.0,2 - 5,Barry Town United,1170,1188.0,2,5,Wales,domestic league (tier 1)
2019/02/02,Premier League Wales,0,Cefn Druids,1063,1057.0,0 - 0,Llanelli Town,946,952.0,0,0,Wales,domestic league (tier 1)
2019/02/15,Premier League Wales,0,Cefn Druids,1049,1060.0,3 - 1,Aberystwyth Town,1045,1034.0,3,1,Wales,domestic league (tier 1)
2019/03/08,Premier League Wales,0,Cefn Druids,1072,1067.0,2 - 2,Llandudno FC,981,986.0,2,2,Wales,domestic league (tier 1)
2019/04/06,Premier League Wales,0,Cefn Druids,1079,1093.0,3 - 1,Cardiff Metropolitan,1167,1153.0,3,1,Wales,domestic league (tier 1)
2019/04/20,Premier League Wales,0,Cefn Druids,1095,1081.0,0 - 1,Carmarthen Town,1030,1044.0,0,1,Wales,domestic league (tier 1)
2019/08/23,Premier League Wales,0,Cefn Druids,1092,1098.0,3 - 1,Airbus UK,967,961.0,3,1,Wales,domestic league (tier 1)
2019/08/30,Premier League Wales,0,Cefn Druids,1101,1087.0,1 - 2,Aberystwyth Town,1044,1058.0,1,2,Wales,domestic league (tier 1)
2019/09/14,Premier League Wales,0,Cefn Druids,1085,1081.0,3 - 3,Carmarthen Town,1041,1045.0,3,3,Wales,domestic league (tier 1)
2019/10/04,Premier League Wales,0,Cefn Druids,1076,1058.0,0 - 3,Bala Town,1163,1181.0,0,3,Wales,domestic league (tier 1)
2019/10/11,Premier League Wales,0,Cefn Druids,1058,1047.0,1 - 2,Newtown AFC,1107,1118.0,1,2,Wales,domestic league (tier 1)
2019/10/18,Premier League Wales,0,Cefn Druids,1047,1061.0,3 - 1,Caernarfon Town,1113,1099.0,3,1,Wales,domestic league (tier 1)
2019/11/16,Premier League Wales,0,Cefn Druids,1080,1090.0,1 - 0,Barry Town United,1178,1168.0,1,0,Wales,domestic league (tier 1)
2019/12/03,Premier League Wales,0,Cefn Druids,1102,1110.0,2 - 1,Cardiff Metropolitan,1149,1141.0,2,1,Wales,domestic league (tier 1)
2019/12/13,Premier League Wales,0,Cefn Druids,1110,1131.0,2 - 0,Connahs Quay Nomads,1365,1344.0,2,0,Wales,domestic league (tier 1)
2019/12/26,Premier League Wales,0,Cefn Druids,1128,1119.0,0 - 5,The New Saints,1455,1464.0,0,5,Wales,domestic league (tier 1)
2020/01/11,Premier League Wales,0,Cefn Druids,1118,1101.0,2 - 3,Penybont FC,912,929.0,2,3,Wales,domestic league (tier 1)
2020/03/06,Premier League Wales,0,Cefn Druids,1097,1093.0,2 - 2,Aberystwyth Town,1051,1055.0,2,2,Wales,domestic league (tier 1)
2020/09/23,Premier League Wales,0,Cefn Druids,1089,1073.0,1 - 2,Flint Town United,940,956.0,1,2,Wales,domestic league (tier 1)
2020/09/26,Premier League Wales,0,Cefn Druids,1073,1072.0,1 - 1,Cardiff Metropolitan,1154,1155.0,1,1,Wales,domestic league (tier 1)
2020/10/03,Premier League Wales,0,Cefn Druids,1061,1051.0,0 - 5,Connahs Quay Nomads,1346,1356.0,0,5,Wales,domestic league (tier 1)
2020/10/06,Premier League Wales,0,Cefn Druids,1051,1027.0,0 - 4,Aberystwyth Town,1043,1067.0,0,4,Wales,domestic league (tier 1)
2020/10/17,Premier League Wales,0,Cefn Druids,1042,1021.0,0 - 2,Penybont FC,988,1009.0,0,2,Wales,domestic league (tier 1)
2020/12/02,Premier League Wales,0,Cefn Druids,1022,1018.0,0 - 4,The New Saints,1486,1490.0,0,4,Wales,domestic league (tier 1)
2020/12/08,Premier League Wales,0,Cefn Druids,1019,1007.0,1 - 2,Caernarfon Town,1047,1059.0,1,2,Wales,domestic league (tier 1)
2020/12/12,Premier League Wales,0,Cefn Druids,1007,1017.0,4 - 1,Haverfordwest County,955,945.0,4,1,Wales,domestic league (tier 1)
2021/03/06,Premier League Wales,0,Cefn Druids,1019,1010.0,0 - 1,Barry Town United,1141,1150.0,0,1,Wales,domestic league (tier 1)
2021/03/09,Premier League Wales,0,Cefn Druids,1010,994.0,2 - 4,Newtown AFC,1087,1103.0,2,4,Wales,domestic league (tier 1)
2021/03/13,Premier League Wales,0,Cefn Druids,994,987.0,1 - 3,Bala Town,1291,1298.0,1,3,Wales,domestic league (tier 1)
2021/04/10,Premier League Wales,0,Cefn Druids,981,989.0,2 - 1,Haverfordwest County,998,990.0,2,1,Wales,domestic league (tier 1)
2021/04/17,Premier League Wales,0,Cefn Druids,972,961.0,1 - 2,Cardiff Metropolitan,1033,1044.0,1,2,Wales,domestic league (tier 1)
2021/04/20,Premier League Wales,0,Cefn Druids,961,940.0,0 - 3,Aberystwyth Town,1000,1021.0,0,3,Wales,domestic league (tier 1)
2021/04/30,Premier League Wales,0,Cefn Druids,923,907.0,0 - 7,Newtown AFC,1119,1135.0,0,7,Wales,domestic league (tier 1)
2021/05/04,Premier League Wales,0,Cefn Druids,907,883.0,0 - 6,Flint Town United,960,984.0,0,6,Wales,domestic league (tier 1)
2021/08/13,Premier League Wales,0,Cefn Druids,862,860.0,0 - 2,Connahs Quay Nomads,1424,1426.0,0,2,Wales,domestic league (tier 1)
2021/08/28,Premier League Wales,0,Cefn Druids,853,842.0,1 - 4,Barry Town United,1095,1106.0,1,4,Wales,domestic league (tier 1)
2021/09/18,Premier League Wales,0,Cefn Druids,834,824.0,0 - 3,Penybont FC,1090,1100.0,0,3,Wales,domestic league (tier 1)
2021/10/13,Premier League Wales,0,Cefn Druids,825,818.0,0 - 1,Aberystwyth Town,1017,1024.0,0,1,Wales,domestic league (tier 1)
2021/11/05,Premier League Wales,0,Cefn Druids,813,805.0,0 - 5,Newtown AFC,1158,1166.0,0,5,Wales,domestic league (tier 1)
2021/11/09,Premier League Wales,0,Cefn Druids,805,809.0,1 - 1,Flint Town United,1073,1069.0,1,1,Wales,domestic league (tier 1)
2021/12/04,Premier League Wales,0,Cefn Druids,807,799.0,1 - 3,Cardiff Metropolitan,1091,1099.0,1,3,Wales,domestic league (tier 1)
2021/12/17,Premier League Wales,0,Cefn Druids,796,792.0,3 - 5,Bala Town,1212,1216.0,3,5,Wales,domestic league (tier 1)
2022/01/21,Premier League Wales,0,Cefn Druids,792,785.0,1 - 3,Caernarfon Town,1095,1102.0,1,3,Wales,domestic league (tier 1)
2022/02/11,Premier League Wales,0,Cefn Druids,780,779.0,1 - 4,The New Saints,1523,1524.0,1,4,Wales,domestic league (tier 1)
2022/02/26,Premier League Wales,0,Cefn Druids,779,768.0,0 - 2,Haverfordwest County,972,983.0,0,2,Wales,domestic league (tier 1)
2022/03/04,Premier League Wales,0,Cefn Druids,768,772.0,3 - 3,Aberystwyth Town,1030,1026.0,3,3,Wales,domestic league (tier 1)
2022/03/26,Premier League Wales,0,Cefn Druids,766,791.0,2 - 0,Cardiff Metropolitan,1144,1119.0,2,0,Wales,domestic league (tier 1)
2022/04/05,Premier League Wales,0,Cefn Druids,788,786.0,0 - 3,Connahs Quay Nomads,1349,1351.0,0,3,Wales,domestic league (tier 1)
2022/04/09,Premier League Wales,0,Cefn Druids,786,773.0,1 - 6,Haverfordwest County,1017,1030.0,1,6,Wales,domestic league (tier 1)
2022/04/23,Premier League Wales,0,Cefn Druids,765,779.0,1 - 0,Barry Town United,1020,1006.0,1,0,Wales,domestic league (tier 1)
2022/11/12,Wales Cup,0,Cefn Druids,779,769.0,3 - 4,Llanelli Town,880,890.0,3,4,Wales,domestic cup
2023/08/13,Premier League Wales,0,Colwyn Bay FC,751,742.0,0 - 4,Caernarfon Town,1044,1053.0,0,4,Wales,domestic league (tier 1)
2023/08/29,Premier League Wales,0,Colwyn Bay FC,749,749.0,0 - 1,The New Saints,1543,1543.0,0,1,Wales,domestic league (tier 1)
2023/09/02,Premier League Wales,0,Colwyn Bay FC,749,745.0,1 - 2,Haverfordwest County,1086,1090.0,1,2,Wales,domestic league (tier 1)
2023/09/15,Premier League Wales,0,Colwyn Bay FC,764,784.0,3 - 1,Aberystwyth Town,981,961.0,3,1,Wales,domestic league (tier 1)
2023/09/23,Premier League Wales,0,Colwyn Bay FC,784,779.0,2 - 4,Newtown AFC,1174,1179.0,2,4,Wales,domestic league (tier 1)
2023/09/30,Premier League Wales,0,Colwyn Bay FC,779,786.0,2 - 2,Cardiff Metropolitan,1167,1160.0,2,2,Wales,domestic league (tier 1)
2023/10/28,Premier League Wales,0,Colwyn Bay FC,790,783.0,0 - 1,Barry Town United,980,987.0,0,1,Wales,domestic league (tier 1)
2023/11/25,Premier League Wales,0,Colwyn Bay FC,818,834.0,2 - 1,Penybont FC,1163,1147.0,2,1,Wales,domestic league (tier 1)
2023/11/29,Premier League Wales,0,Colwyn Bay FC,834,832.0,2 - 3,Connahs Quay Nomads,1329,1331.0,2,3,Wales,domestic league (tier 1)
2023/12/16,Wales Cup,0,Colwyn Bay FC,830,847.0,2 - 0,Barry Town United,988,971.0,2,0,Wales,domestic cup
2023/12/26,Premier League Wales,0,Colwyn Bay FC,847,843.0,2 - 3,Bala Town,1212,1216.0,2,3,Wales,domestic league (tier 1)
2024/01/13,Premier League Wales,0,Colwyn Bay FC,836,827.0,2 - 3,Pontypridd United,963,972.0,2,3,Wales,domestic league (tier 1)
2024/02/03,Premier League Wales,0,Colwyn Bay FC,827,823.0,1 - 2,Penybont FC,1149,1153.0,1,2,Wales,domestic league (tier 1)
2024/03/02,Premier League Wales,0,Colwyn Bay FC,831,835.0,0 - 0,Haverfordwest County,1071,1067.0,0,0,Wales,domestic league (tier 1)
2024/03/29,Premier League Wales,0,Colwyn Bay FC,837,827.0,1 - 2,Aberystwyth Town,937,947.0,1,2,Wales,domestic league (tier 1)
2024/04/06,Premier League Wales,0,Colwyn Bay FC,827,839.0,1 - 0,Pontypridd United,1008,996.0,1,0,Wales,domestic league (tier 1)
2024/04/21,Premier League Wales,0,Colwyn Bay FC,835,847.0,1 - 0,Barry Town United,993,981.0,1,0,Wales,domestic league (tier 1)
2024/08/03,Wales League Cup,0,Colwyn Bay FC,847,836.0,0 - 2,Aberystwyth Town,947,958.0,0,2,Wales,domestic cup
2025/08/10,Premier League Wales,0,Colwyn Bay FC,834,840.0,1 - 1,Connahs Quay Nomads,1180,1174.0,1,1,Wales,domestic league (tier 1)
2025/08/25,Premier League Wales,0,Colwyn Bay FC,846,855.0,1 - 1,The New Saints,1493,1484.0,1,1,Wales,domestic league (tier 1)
2025/08/30,Premier League Wales,0,Colwyn Bay FC,855,856.0,2 - 2,Briton Ferry Llansawel AFC,979,978.0,2,2,Wales,domestic league (tier 1)
2025/09/13,Premier League Wales,0,Colwyn Bay FC,887,912.0,3 - 0,Haverfordwest County,1154,1129.0,3,0,Wales,domestic league (tier 1)
2025/09/23,Premier League Wales,0,Colwyn Bay FC,913,906.0,0 - 1,Bala Town,1135,1142.0,0,1,Wales,domestic league (tier 1)
2025/10/04,Premier League Wales,0,Colwyn Bay FC,905,920.0,1 - 0,Caernarfon Town,1179,1164.0,1,0,Wales,domestic league (tier 1)
2025/10/11,Premier League Wales,0,Colwyn Bay FC,936,939.0,0 - 0,Cardiff Metropolitan,1136,1133.0,0,0,Wales,domestic league (tier 1)
2025/11/01,Premier League Wales,0,Colwyn Bay FC,959,945.0,1 - 4,Barry Town United,1120,1134.0,1,4,Wales,domestic league (tier 1)
2025/11/08,Premier League Wales,0,Colwyn Bay FC,945,953.0,3 - 1,Llanelli Town,878,870.0,3,1,Wales,domestic league (tier 1)
2025/11/29,Premier League Wales,0,Colwyn Bay FC,969,984.0,5 - 4,Penybont FC,1247,1232.0,5,4,Wales,domestic league (tier 1)
2026/01/01,Premier League Wales,0,Colwyn Bay FC,1020,1007.0,1 - 2,Flint Town United,1029,1042.0,1,2,Wales,domestic league (tier 1)
2026/01/24,Premier League Wales,0,Colwyn Bay FC,1006,1011.0,2 - 2,Connahs Quay Nomads,1278,1273.0,2,2,Wales,domestic league (tier 1)
2026/02/13,Premier League Wales,0,Colwyn Bay FC,1021,1018.0,0 - 2,The New Saints,1481,1484.0,0,2,Wales,domestic league (tier 1)
2026/02/21,Premier League Wales,0,Colwyn Bay FC,1018,1037.0,3 - 1,Penybont FC,1202,1183.0,3,1,Wales,domestic league (tier 1)
2026/03/14,Premier League Wales,0,Colwyn Bay FC,1030,1048.0,3 - 1,Barry Town United,1197,1179.0,3,1,Wales,domestic league (tier 1)
2026/04/03,Premier League Wales,0,Colwyn Bay FC,1082,1066.0,0 - 2,Caernarfon Town,1153,1169.0,0,2,Wales,domestic league (tier 1)
2026/04/25,Premier League Wales,0,Colwyn Bay FC,1073,1072.0,0 - 0,Penybont FC,1134,1135.0,0,0,Wales,domestic league (tier 1)
2026/07/31,Premier League Wales,0,Colwyn Bay FC,1072,1075.0,2 - 0,Trefelin BGC,818,815.0,2,0,Wales,domestic league (tier 1)
2026/08/21,Premier League Wales,0,Colwyn Bay FC,1062,1064.0,1 - 0,Airbus UK,812,810.0,1,0,Wales,domestic league (tier 1)
2026/08/31,Premier League Wales,0,Colwyn Bay FC,1062,1071.0,2 - 0,Llandudno FC,1006,997.0,2,0,Wales,domestic league (tier 1)
2019/08/17,Premier League Wales,0,Connahs Quay Nomads,1343,1337.0,1 - 1,Cardiff Metropolitan,1191,1197.0,1,1,Wales,domestic league (tier 1)
2019/08/26,Premier League Wales,0,Connahs Quay Nomads,1333,1325.0,1 - 1,Carmarthen Town,1041,1049.0,1,1,Wales,domestic league (tier 1)
2019/09/10,Premier League Wales,0,Connahs Quay Nomads,1334,1336.0,1 - 0,Cefn Druids,1087,1085.0,1,0,Wales,domestic league (tier 1)
2019/09/13,Premier League Wales,0,Connahs Quay Nomads,1336,1339.0,4 - 1,Aberystwyth Town,1043,1040.0,4,1,Wales,domestic league (tier 1)
2019/09/29,Premier League Wales,0,Connahs Quay Nomads,1336,1337.0,3 - 1,Penybont FC,899,898.0,3,1,Wales,domestic league (tier 1)
2019/10/15,Premier League Wales,0,Connahs Quay Nomads,1342,1346.0,4 - 2,Caernarfon Town,1117,1113.0,4,2,Wales,domestic league (tier 1)
2019/11/01,Premier League Wales,0,Connahs Quay Nomads,1350,1350.0,1 - 1,The New Saints,1458,1458.0,1,1,Wales,domestic league (tier 1)
2019/11/15,Premier League Wales,0,Connahs Quay Nomads,1366,1369.0,3 - 1,Newtown AFC,1112,1109.0,3,1,Wales,domestic league (tier 1)
2019/12/20,Premier League Wales,0,Connahs Quay Nomads,1344,1348.0,2 - 1,Bala Town,1205,1201.0,2,1,Wales,domestic league (tier 1)
2019/12/26,Premier League Wales,0,Connahs Quay Nomads,1348,1349.0,2 - 1,Airbus UK,923,922.0,2,1,Wales,domestic league (tier 1)
2020/01/11,Premier League Wales,0,Connahs Quay Nomads,1354,1359.0,2 - 0,Barry Town United,1157,1152.0,2,0,Wales,domestic league (tier 1)
2020/02/14,Premier League Wales,0,Connahs Quay Nomads,1362,1366.0,4 - 0,Caernarfon Town,1069,1065.0,4,0,Wales,domestic league (tier 1)
2020/02/21,Premier League Wales,0,Connahs Quay Nomads,1366,1376.0,1 - 0,The New Saints,1457,1447.0,1,0,Wales,domestic league (tier 1)
2020/09/12,Premier League Wales,0,Connahs Quay Nomads,1349,1344.0,1 - 1,Bala Town,1238,1243.0,1,1,Wales,domestic league (tier 1)
2020/09/20,Premier League Wales,0,Connahs Quay Nomads,1337,1338.0,1 - 0,Penybont FC,951,950.0,1,0,Wales,domestic league (tier 1)
2020/09/30,Premier League Wales,0,Connahs Quay Nomads,1343,1346.0,2 - 0,Aberystwyth Town,1056,1053.0,2,0,Wales,domestic league (tier 1)
2020/10/06,Premier League Wales,0,Connahs Quay Nomads,1356,1360.0,3 - 1,Caernarfon Town,1119,1115.0,3,1,Wales,domestic league (tier 1)
2020/11/20,Premier League Wales,0,Connahs Quay Nomads,1365,1366.0,2 - 1,Cefn Druids,1021,1020.0,2,1,Wales,domestic league (tier 1)
2020/11/28,Premier League Wales,0,Connahs Quay Nomads,1366,1370.0,3 - 1,Barry Town United,1160,1156.0,3,1,Wales,domestic league (tier 1)
2020/12/01,Premier League Wales,0,Connahs Quay Nomads,1370,1371.0,2 - 0,Flint Town United,928,927.0,2,0,Wales,domestic league (tier 1)
2020/12/12,Premier League Wales,0,Connahs Quay Nomads,1378,1394.0,2 - 0,The New Saints,1490,1474.0,2,0,Wales,domestic league (tier 1)
2020/12/19,Premier League Wales,0,Connahs Quay Nomads,1394,1397.0,3 - 1,Cardiff Metropolitan,1099,1096.0,3,1,Wales,domestic league (tier 1)
2021/03/06,Premier League Wales,0,Connahs Quay Nomads,1397,1399.0,2 - 1,Newtown AFC,1089,1087.0,2,1,Wales,domestic league (tier 1)
2021/03/20,Premier League Wales,0,Connahs Quay Nomads,1410,1411.0,2 - 0,Haverfordwest County,981,980.0,2,0,Wales,domestic league (tier 1)
2021/04/10,Premier League Wales,0,Connahs Quay Nomads,1419,1391.0,0 - 2,Penybont FC,1059,1087.0,0,2,Wales,domestic league (tier 1)
2021/04/17,Premier League Wales,0,Connahs Quay Nomads,1401,1403.0,1 - 0,Barry Town United,1161,1159.0,1,0,Wales,domestic league (tier 1)
2021/04/20,Premier League Wales,0,Connahs Quay Nomads,1403,1409.0,2 - 0,Bala Town,1255,1249.0,2,0,Wales,domestic league (tier 1)
2021/05/01,Premier League Wales,0,Connahs Quay Nomads,1423,1421.0,0 - 0,The New Saints,1450,1452.0,0,0,Wales,domestic league (tier 1)
2021/05/08,Premier League Wales,0,Connahs Quay Nomads,1426,1429.0,4 - 0,Caernarfon Town,1098,1095.0,4,0,Wales,domestic league (tier 1)
2021/08/20,Premier League Wales,0,Connahs Quay Nomads,1426,1427.0,1 - 0,Aberystwyth Town,1052,1051.0,1,0,Wales,domestic league (tier 1)
2021/08/31,Premier League Wales,0,Connahs Quay Nomads,1421,1412.0,1 - 1,Caernarfon Town,1076,1085.0,1,1,Wales,domestic league (tier 1)
2021/09/03,Wales Cup,0,Connahs Quay Nomads,1412,1414.0,5 - 0,Rhyl FC,989,987.0,5,0,Wales,domestic cup
2021/09/18,Premier League Wales,0,Connahs Quay Nomads,1399,1383.0,0 - 1,Bala Town,1241,1257.0,0,1,Wales,domestic league (tier 1)
2021/09/21,Wales League Cup,0,Connahs Quay Nomads,1383,1384.0,6 - 3,Airbus UK,958,957.0,6,3,Wales,domestic cup
2021/10/09,Premier League Wales,0,Connahs Quay Nomads,1377,1368.0,0 - 1,The New Saints,1518,1527.0,0,1,Wales,domestic league (tier 1)
2021/10/12,Premier League Wales,0,Connahs Quay Nomads,1368,1342.0,0 - 2,Newtown AFC,1146,1172.0,0,2,Wales,domestic league (tier 1)
2021/10/26,Wales League Cup,0,Connahs Quay Nomads,1345,1346.0,4 - 0,Holywell Town,865,864.0,4,0,Wales,domestic cup
2021/10/29,Premier League Wales,0,Connahs Quay Nomads,1346,1347.0,4 - 0,Cefn Druids,814,813.0,4,0,Wales,domestic league (tier 1)
2021/11/20,Premier League Wales,0,Connahs Quay Nomads,1371,1363.0,0 - 0,Penybont FC,1114,1122.0,0,0,Wales,domestic league (tier 1)
2021/12/11,Premier League Wales,0,Connahs Quay Nomads,1379,1371.0,0 - 0,Cardiff Metropolitan,1099,1107.0,0,0,Wales,domestic league (tier 1)
2021/12/18,Premier League Wales,0,Connahs Quay Nomads,1371,1372.0,1 - 0,Haverfordwest County,974,973.0,1,0,Wales,domestic league (tier 1)
2022/01/29,Premier League Wales,0,Connahs Quay Nomads,1361,1343.0,2 - 3,Barry Town United,1049,1067.0,2,3,Wales,domestic league (tier 1)
2022/02/06,Wales League Cup,0,Connahs Quay Nomads,1343,1339.0,0 - 0,Cardiff Metropolitan,1118,1122.0,0,0,Wales,domestic cup
2022/02/11,Premier League Wales,0,Connahs Quay Nomads,1339,1342.0,2 - 0,Flint Town United,1070,1067.0,2,0,Wales,domestic league (tier 1)
2022/03/12,Premier League Wales,0,Connahs Quay Nomads,1351,1353.0,2 - 0,Barry Town United,1031,1029.0,2,0,Wales,domestic league (tier 1)
2022/03/15,Premier League Wales,0,Connahs Quay Nomads,1353,1354.0,5 - 0,Cefn Druids,767,766.0,5,0,Wales,domestic league (tier 1)
2022/04/01,Premier League Wales,0,Connahs Quay Nomads,1348,1349.0,1 - 0,Aberystwyth Town,992,991.0,1,0,Wales,domestic league (tier 1)
2022/04/15,Premier League Wales,0,Connahs Quay Nomads,1346,1350.0,2 - 0,Cardiff Metropolitan,1109,1105.0,2,0,Wales,domestic league (tier 1)
2022/04/18,Premier League Wales,0,Connahs Quay Nomads,1350,1353.0,3 - 0,Haverfordwest County,1041,1038.0,3,0,Wales,domestic league (tier 1)
2022/08/06,Wales League Cup,0,Connahs Quay Nomads,1347,1348.0,1 - 1,The New Saints,1497,1496.0,1,1,Wales,domestic cup
2022/08/19,Premier League Wales,0,Connahs Quay Nomads,1328,1329.0,1 - 0,Airbus UK,934,933.0,1,0,Wales,domestic league (tier 1)
2022/08/30,Premier League Wales,0,Connahs Quay Nomads,1325,1331.0,1 - 0,Bala Town,1286,1280.0,1,0,Wales,domestic league (tier 1)
2022/09/03,Premier League Wales,0,Connahs Quay Nomads,1331,1335.0,2 - 0,Penybont FC,1093,1089.0,2,0,Wales,domestic league (tier 1)
2022/09/20,Wales League Cup,0,Connahs Quay Nomads,1319,1320.0,1 - 0,Holywell Town,889,888.0,1,0,Wales,domestic cup
2022/09/24,Premier League Wales,0,Connahs Quay Nomads,1320,1321.0,1 - 0,"Pontypridd United
(as Pontypridd Town)",885,884.0,1,0,Wales,domestic league (tier 1)
2022/10/01,Premier League Wales,0,Connahs Quay Nomads,1332,1334.0,1 - 0,Haverfordwest County,1048,1046.0,1,0,Wales,domestic league (tier 1)
2022/10/15,Premier League Wales,0,Connahs Quay Nomads,1334,1338.0,2 - 0,Cardiff Metropolitan,1128,1124.0,2,0,Wales,domestic league (tier 1)
2022/10/28,Premier League Wales,0,Connahs Quay Nomads,1345,1349.0,3 - 1,Newtown AFC,1136,1132.0,3,1,Wales,domestic league (tier 1)
2022/11/18,Premier League Wales,0,Connahs Quay Nomads,1354,1346.0,3 - 3,Caernarfon Town,1108,1116.0,3,3,Wales,domestic league (tier 1)
2022/12/20,Premier League Wales,0,Connahs Quay Nomads,1348,1351.0,3 - 0,Aberystwyth Town,1013,1010.0,3,0,Wales,domestic league (tier 1)
2022/12/23,Premier League Wales,0,Connahs Quay Nomads,1351,1353.0,1 - 1,The New Saints,1532,1530.0,1,1,Wales,domestic league (tier 1)
2022/12/26,Premier League Wales,0,Connahs Quay Nomads,1353,1356.0,2 - 0,Flint Town United,1044,1041.0,2,0,Wales,domestic league (tier 1)
2023/02/04,Wales Cup,0,Connahs Quay Nomads,1336,1337.0,5 - 0,Airbus UK,817,816.0,5,0,Wales,domestic cup
2023/02/18,Premier League Wales,0,Connahs Quay Nomads,1335,1331.0,1 - 1,Bala Town,1301,1305.0,1,1,Wales,domestic league (tier 1)
2023/02/25,Premier League Wales,0,Connahs Quay Nomads,1331,1335.0,2 - 1,Cardiff Metropolitan,1178,1174.0,2,1,Wales,domestic league (tier 1)
2023/03/17,Premier League Wales,0,Connahs Quay Nomads,1326,1329.0,0 - 0,The New Saints,1532,1529.0,0,0,Wales,domestic league (tier 1)
2023/03/24,Premier League Wales,0,Connahs Quay Nomads,1329,1335.0,2 - 0,Newtown AFC,1179,1173.0,2,0,Wales,domestic league (tier 1)
2023/04/15,Premier League Wales,0,Connahs Quay Nomads,1358,1352.0,0 - 0,Penybont FC,1213,1219.0,0,0,Wales,domestic league (tier 1)
2023/08/18,Premier League Wales,0,Connahs Quay Nomads,1323,1326.0,4 - 0,Aberystwyth Town,1009,1006.0,4,0,Wales,domestic league (tier 1)
2023/08/29,Premier League Wales,0,Connahs Quay Nomads,1316,1321.0,3 - 1,Newtown AFC,1145,1140.0,3,1,Wales,domestic league (tier 1)
2023/09/16,Premier League Wales,0,Connahs Quay Nomads,1339,1346.0,4 - 0,Cardiff Metropolitan,1180,1173.0,4,0,Wales,domestic league (tier 1)
2023/09/26,Premier League Wales,0,Connahs Quay Nomads,1354,1354.0,2 - 1,Colwyn Bay FC,779,779.0,2,1,Wales,domestic league (tier 1)
2023/09/30,Premier League Wales,0,Connahs Quay Nomads,1354,1360.0,4 - 2,Penybont FC,1203,1197.0,4,2,Wales,domestic league (tier 1)
2023/10/14,Wales Cup,0,Connahs Quay Nomads,1353,1357.0,4 - 1,Caernarfon Town,1083,1079.0,4,1,Wales,domestic cup
2023/10/18,Premier League Wales,0,Connahs Quay Nomads,1357,1351.0,1 - 1,Bala Town,1198,1204.0,1,1,Wales,domestic league (tier 1)
2023/10/27,Premier League Wales,0,Connahs Quay Nomads,1358,1363.0,6 - 1,Caernarfon Town,1105,1100.0,6,1,Wales,domestic league (tier 1)
2023/11/10,Wales Cup,0,Connahs Quay Nomads,1344,1347.0,8 - 0,Prestatyn Town,942,939.0,8,0,Wales,domestic cup
2023/11/19,Premier League Wales,0,Connahs Quay Nomads,1347,1329.0,1 - 2,Haverfordwest County,1075,1093.0,1,2,Wales,domestic league (tier 1)
2023/12/02,Premier League Wales,0,Connahs Quay Nomads,1331,1334.0,7 - 0,Barry Town United,991,988.0,7,0,Wales,domestic league (tier 1)
2023/12/16,Premier League Wales,0,Connahs Quay Nomads,1342,1344.0,3 - 1,Pontypridd United,959,957.0,3,1,Wales,domestic league (tier 1)
2023/12/31,Premier League Wales,0,Connahs Quay Nomads,1353,1341.0,0 - 4,The New Saints,1575,1587.0,0,4,Wales,domestic league (tier 1)
2024/02/02,Premier League Wales,0,Connahs Quay Nomads,1349,1341.0,1 - 1,Caernarfon Town,1079,1087.0,1,1,Wales,domestic league (tier 1)
2024/02/24,Premier League Wales,0,Connahs Quay Nomads,1348,1352.0,2 - 1,Cardiff Metropolitan,1185,1181.0,2,1,Wales,domestic league (tier 1)
2024/03/08,Premier League Wales,0,Connahs Quay Nomads,1342,1331.0,1 - 5,The New Saints,1603,1614.0,1,5,Wales,domestic league (tier 1)
2024/03/23,Wales Cup,0,Connahs Quay Nomads,1317,1323.0,1 - 0,Bala Town,1258,1252.0,1,0,Wales,domestic cup
2024/03/29,Premier League Wales,0,Connahs Quay Nomads,1323,1316.0,0 - 0,Newtown AFC,1126,1133.0,0,0,Wales,domestic league (tier 1)
2024/04/12,Premier League Wales,0,Connahs Quay Nomads,1331,1326.0,0 - 0,Bala Town,1244,1249.0,0,0,Wales,domestic league (tier 1)
2024/04/28,Wales Cup,0,Connahs Quay Nomads,1323,1340.0,2 - 1,The New Saints,1630,1613.0,2,1,Wales,domestic cup
2024/08/11,Premier League Wales,0,Connahs Quay Nomads,1342,1324.0,0 - 1,Haverfordwest County,1095,1113.0,0,1,Wales,domestic league (tier 1)
2024/09/07,Premier League Wales,0,Connahs Quay Nomads,1325,1306.0,1 - 2,Barry Town United,978,997.0,1,2,Wales,domestic league (tier 1)
2024/09/15,Premier League Wales,0,Connahs Quay Nomads,1306,1291.0,0 - 1,Penybont FC,1202,1217.0,0,1,Wales,domestic league (tier 1)
2024/09/17,Wales League Cup,0,Connahs Quay Nomads,1291,1293.0,3 - 2,Caernarfon Town,1104,1102.0,3,2,Wales,domestic cup
2024/09/24,Premier League Wales,0,Connahs Quay Nomads,1282,1276.0,1 - 1,Newtown AFC,1156,1162.0,1,1,Wales,domestic league (tier 1)
2024/10/04,Premier League Wales,0,Connahs Quay Nomads,1258,1261.0,3 - 0,Aberystwyth Town,920,917.0,3,0,Wales,domestic league (tier 1)
2024/10/22,Wales League Cup,0,Connahs Quay Nomads,1262,1248.0,1 - 2,Aberystwyth Town,940,954.0,1,2,Wales,domestic cup
2024/10/27,Premier League Wales,0,Connahs Quay Nomads,1248,1249.0,2 - 1,Briton Ferry Llansawel AFC,840,839.0,2,1,Wales,domestic league (tier 1)
2024/10/30,Premier League Wales,0,Connahs Quay Nomads,1249,1245.0,1 - 2,The New Saints,1564,1568.0,1,2,Wales,domestic league (tier 1)
2024/11/02,Premier League Wales,0,Connahs Quay Nomads,1245,1250.0,1 - 0,Cardiff Metropolitan,1168,1163.0,1,0,Wales,domestic league (tier 1)
2024/12/03,Premier League Wales,0,Connahs Quay Nomads,1252,1246.0,1 - 1,Caernarfon Town,1109,1115.0,1,1,Wales,domestic league (tier 1)
2024/12/14,Wales Cup,0,Connahs Quay Nomads,1246,1247.0,1 - 0,Mold Alexandra,902,901.0,1,0,Wales,domestic cup
2024/12/26,Premier League Wales,0,Connahs Quay Nomads,1247,1252.0,7 - 2,Flint Town United,1001,996.0,7,2,Wales,domestic league (tier 1)
2025/01/17,Premier League Wales,0,Connahs Quay Nomads,1243,1222.0,0 - 2,Bala Town,1194,1215.0,0,2,Wales,domestic league (tier 1)
2025/02/01,Premier League Wales,0,Connahs Quay Nomads,1209,1212.0,1 - 0,Newtown AFC,1025,1022.0,1,0,Wales,domestic league (tier 1)
2025/02/08,Premier League Wales,0,Connahs Quay Nomads,1212,1194.0,0 - 1,Briton Ferry Llansawel AFC,926,944.0,0,1,Wales,domestic league (tier 1)
2025/03/07,Premier League Wales,0,Connahs Quay Nomads,1208,1211.0,3 - 0,Aberystwyth Town,914,911.0,3,0,Wales,domestic league (tier 1)
2025/03/11,Premier League Wales,0,Connahs Quay Nomads,1211,1217.0,4 - 0,Flint Town United,1024,1018.0,4,0,Wales,domestic league (tier 1)
2025/03/15,Wales Cup,0,Connahs Quay Nomads,1217,1219.0,2 - 1,Llanelli Town,910,908.0,2,1,Wales,domestic cup
2025/04/13,Premier League Wales,0,Connahs Quay Nomads,1211,1187.0,0 - 2,Barry Town United,1066,1090.0,0,2,Wales,domestic league (tier 1)
2025/05/04,Wales Cup,0,Connahs Quay Nomads,1182,1180.0,1 - 2,The New Saints,1543,1545.0,1,2,Wales,domestic cup
2025/08/25,Premier League Wales,0,Connahs Quay Nomads,1171,1175.0,3 - 2,Flint Town United,1034,1030.0,3,2,Wales,domestic league (tier 1)
2025/09/02,Premier League Wales,0,Connahs Quay Nomads,1190,1169.0,1 - 3,Bala Town,1140,1161.0,1,3,Wales,domestic league (tier 1)
2025/09/10,Wales League Cup,0,Connahs Quay Nomads,1169,1164.0,1 - 3,The New Saints,1480,1485.0,1,3,Wales,domestic cup
2025/09/13,Premier League Wales,0,Connahs Quay Nomads,1164,1160.0,1 - 1,Cardiff Metropolitan,1105,1109.0,1,1,Wales,domestic league (tier 1)
2025/09/23,Premier League Wales,0,Connahs Quay Nomads,1178,1166.0,1 - 2,Caernarfon Town,1194,1206.0,1,2,Wales,domestic league (tier 1)
2025/10/04,Premier League Wales,0,Connahs Quay Nomads,1168,1171.0,3 - 0,Llanelli Town,878,875.0,3,0,Wales,domestic league (tier 1)
2025/10/25,Premier League Wales,0,Connahs Quay Nomads,1217,1211.0,3 - 3,Haverfordwest County,1078,1084.0,3,3,Wales,domestic league (tier 1)
2025/11/08,Premier League Wales,0,Connahs Quay Nomads,1230,1245.0,4 - 0,Penybont FC,1259,1244.0,4,0,Wales,domestic league (tier 1)
2025/12/05,Premier League Wales,0,Connahs Quay Nomads,1234,1236.0,2 - 1,Colwyn Bay FC,984,982.0,2,1,Wales,domestic league (tier 1)
2025/12/21,Premier League Wales,0,Connahs Quay Nomads,1236,1239.0,4 - 2,Briton Ferry Llansawel AFC,954,951.0,4,2,Wales,domestic league (tier 1)
2025/12/31,Premier League Wales,0,Connahs Quay Nomads,1250,1271.0,3 - 1,The New Saints,1493,1472.0,3,1,Wales,domestic league (tier 1)
2026/01/03,Premier League Wales,0,Connahs Quay Nomads,1271,1278.0,3 - 1,Barry Town United,1161,1154.0,3,1,Wales,domestic league (tier 1)
2026/02/06,Premier League Wales,0,Connahs Quay Nomads,1273,1268.0,1 - 1,Caernarfon Town,1197,1202.0,1,1,Wales,domestic league (tier 1)
2026/03/03,Premier League Wales,0,Connahs Quay Nomads,1259,1252.0,1 - 2,The New Saints,1467,1474.0,1,2,Wales,domestic league (tier 1)
2026/03/21,Premier League Wales,0,Connahs Quay Nomads,1268,1273.0,2 - 1,Penybont FC,1171,1166.0,2,1,Wales,domestic league (tier 1)
2026/03/29,Premier League Wales,0,Connahs Quay Nomads,1273,1268.0,1 - 1,Barry Town United,1186,1191.0,1,1,Wales,domestic league (tier 1)
2026/04/18,Premier League Wales,0,Connahs Quay Nomads,1265,1258.0,1 - 1,Colwyn Bay FC,1066,1073.0,1,1,Wales,domestic league (tier 1)
2026/08/02,Premier League Wales,0,Connahs Quay Nomads,1254,1239.0,1 - 2,Caernarfon Town,1163,1178.0,1,2,Wales,domestic league (tier 1)
2026/08/14,Premier League Wales,0,Connahs Quay Nomads,1245,1247.0,6 - 0,Trefelin BGC,799,797.0,6,0,Wales,domestic league (tier 1)
2026/08/28,Premier League Wales,0,Connahs Quay Nomads,1251,1253.0,3 - 0,Cambrian United,864,862.0,3,0,Wales,domestic league (tier 1)
2026/09/04,Premier League Wales,0,Connahs Quay Nomads,1259,,Info,Haverfordwest County,1037,,,,Wales,domestic league (tier 1)
2016/08/28,Premier League Wales,0,Connahs Quay Nomads (as GAP Connahs Quay FC),1233,1238.0,1 - 0,Newtown AFC,1150,1145.0,1,0,Wales,domestic league (tier 1)
2016/09/03,Premier League Wales,0,Connahs Quay Nomads (as GAP Connahs Quay FC),1233,1231.0,1 - 1,Bala Town,1260,1262.0,1,1,Wales,domestic league (tier 1)
2016/09/18,Premier League Wales,0,Connahs Quay Nomads (as GAP Connahs Quay FC),1234,1242.0,4 - 0,Aberystwyth Town,1101,1093.0,4,0,Wales,domestic league (tier 1)
2016/09/20,Premier League Wales,0,Connahs Quay Nomads (as GAP Connahs Quay FC),1242,1236.0,1 - 1,Llandudno FC,1109,1115.0,1,1,Wales,domestic league (tier 1)
2016/09/25,Premier League Wales,0,Connahs Quay Nomads (as GAP Connahs Quay FC),1236,1241.0,2 - 0,Rhyl FC,1064,1059.0,2,0,Wales,domestic league (tier 1)
2016/10/02,Premier League Wales,0,Connahs Quay Nomads (as GAP Connahs Quay FC),1241,1245.0,1 - 0,Carmarthen Town,1085,1081.0,1,0,Wales,domestic league (tier 1)
2016/10/16,Premier League Wales,0,Connahs Quay Nomads (as GAP Connahs Quay FC),1245,1240.0,2 - 2,Bangor City,1135,1140.0,2,2,Wales,domestic league (tier 1)
2016/10/23,Premier League Wales,0,Connahs Quay Nomads (as GAP Connahs Quay FC),1240,1231.0,0 - 0,Cardiff Metropolitan,901,910.0,0,0,Wales,domestic league (tier 1)
2016/12/13,Premier League Wales,0,Connahs Quay Nomads (as GAP Connahs Quay FC),1249,1251.0,1 - 0,Cefn Druids,948,946.0,1,0,Wales,domestic league (tier 1)
2016/12/17,Premier League Wales,0,Connahs Quay Nomads (as GAP Connahs Quay FC),1251,1242.0,0 - 3,The New Saints,1545,1554.0,0,3,Wales,domestic league (tier 1)
2016/12/30,Premier League Wales,0,Connahs Quay Nomads (as GAP Connahs Quay FC),1256,1261.0,5 - 1,Airbus UK,1050,1045.0,5,1,Wales,domestic league (tier 1)
2017/02/04,Premier League Wales,0,Connahs Quay Nomads (as GAP Connahs Quay FC),1271,1254.0,0 - 1,Carmarthen Town,1095,1112.0,0,1,Wales,domestic league (tier 1)
2017/03/11,Premier League Wales,0,Connahs Quay Nomads (as GAP Connahs Quay FC),1241,1245.0,2 - 0,Cardiff Metropolitan,1000,996.0,2,0,Wales,domestic league (tier 1)
2017/03/21,Premier League Wales,0,Connahs Quay Nomads (as GAP Connahs Quay FC),1258,1273.0,2 - 1,The New Saints,1541,1526.0,2,1,Wales,domestic league (tier 1)
2017/03/25,Premier League Wales,0,Connahs Quay Nomads (as GAP Connahs Quay FC),1273,1267.0,1 - 1,Bangor City,1149,1155.0,1,1,Wales,domestic league (tier 1)
2017/04/14,Premier League Wales,0,Connahs Quay Nomads (as GAP Connahs Quay FC),1255,1268.0,2 - 0,Bala Town,1297,1284.0,2,0,Wales,domestic league (tier 1)
2017/08/19,Premier League Wales,0,Connahs Quay Nomads (as GAP Connahs Quay FC),1286,1290.0,3 - 1,Carmarthen Town,1067,1063.0,3,1,Wales,domestic league (tier 1)
2017/09/08,Premier League Wales,0,Connahs Quay Nomads (as GAP Connahs Quay FC),1277,1284.0,1 - 0,Bala Town,1276,1269.0,1,0,Wales,domestic league (tier 1)
2017/09/23,Premier League Wales,0,Connahs Quay Nomads (as GAP Connahs Quay FC),1284,1287.0,1 - 0,Cardiff Metropolitan,1084,1081.0,1,0,Wales,domestic league (tier 1)
2017/10/10,Premier League Wales,0,Connahs Quay Nomads (as GAP Connahs Quay FC),1292,1295.0,2 - 2,The New Saints,1491,1488.0,2,2,Wales,domestic league (tier 1)
2017/10/21,Premier League Wales,0,Connahs Quay Nomads (as GAP Connahs Quay FC),1301,1293.0,1 - 1,Llandudno FC,1052,1060.0,1,1,Wales,domestic league (tier 1)
2017/11/03,Premier League Wales,0,Connahs Quay Nomads (as GAP Connahs Quay FC),1304,1305.0,2 - 1,Prestatyn Town,957,956.0,2,1,Wales,domestic league (tier 1)
2017/11/17,Premier League Wales,0,Connahs Quay Nomads (as GAP Connahs Quay FC),1306,1282.0,0 - 2,Bangor City,1166,1190.0,0,2,Wales,domestic league (tier 1)
2017/12/08,Premier League Wales,0,Connahs Quay Nomads (as GAP Connahs Quay FC),1275,1280.0,5 - 1,Aberystwyth Town,1031,1026.0,5,1,Wales,domestic league (tier 1)
2017/12/22,Premier League Wales,0,Connahs Quay Nomads (as GAP Connahs Quay FC),1275,1282.0,4 - 0,Newtown AFC,1114,1107.0,4,0,Wales,domestic league (tier 1)
2017/12/29,Premier League Wales,0,Connahs Quay Nomads (as GAP Connahs Quay FC),1289,1282.0,1 - 1,Cefn Druids,1055,1062.0,1,1,Wales,domestic league (tier 1)
2018/01/06,Premier League Wales,0,Connahs Quay Nomads (as GAP Connahs Quay FC),1282,1286.0,3 - 0,Barry Town United,1048,1044.0,3,0,Wales,domestic league (tier 1)
2018/02/01,Premier League Wales,0,Connahs Quay Nomads (as GAP Connahs Quay FC),1266,1262.0,1 - 1,Bala Town,1213,1217.0,1,1,Wales,domestic league (tier 1)
2018/02/24,Premier League Wales,0,Connahs Quay Nomads (as GAP Connahs Quay FC),1266,1259.0,0 - 1,The New Saints,1484,1491.0,0,1,Wales,domestic league (tier 1)
2018/03/10,Premier League Wales,0,Connahs Quay Nomads (as GAP Connahs Quay FC),1273,1276.0,2 - 1,Cefn Druids,1079,1076.0,2,1,Wales,domestic league (tier 1)
2018/03/31,Premier League Wales,0,Connahs Quay Nomads (as GAP Connahs Quay FC),1288,1293.0,3 - 0,Cardiff Metropolitan,1074,1069.0,3,0,Wales,domestic league (tier 1)
2018/04/14,Premier League Wales,0,Connahs Quay Nomads (as GAP Connahs Quay FC),1305,1310.0,1 - 0,Bangor City,1228,1223.0,1,0,Wales,domestic league (tier 1)
2018/08/19,Premier League Wales,0,Connahs Quay Nomads (as GAP Connahs Quay FC),1300,1313.0,1 - 0,The New Saints,1494,1481.0,1,0,Wales,domestic league (tier 1)
2018/08/24,Premier League Wales,0,Connahs Quay Nomads (as GAP Connahs Quay FC),1313,1315.0,2 - 1,Aberystwyth Town,1060,1058.0,2,1,Wales,domestic league (tier 1)
2018/09/11,Premier League Wales,0,Connahs Quay Nomads (as GAP Connahs Quay FC),1296,1277.0,0 - 1,Caernarfon Town,957,976.0,0,1,Wales,domestic league (tier 1)
2018/09/14,Premier League Wales,0,Connahs Quay Nomads (as GAP Connahs Quay FC),1277,1282.0,3 - 1,Newtown AFC,1095,1090.0,3,1,Wales,domestic league (tier 1)
2018/09/29,Premier League Wales,0,Connahs Quay Nomads (as GAP Connahs Quay FC),1294,1297.0,3 - 1,Carmarthen Town,1018,1015.0,3,1,Wales,domestic league (tier 1)
2018/10/16,Premier League Wales,0,Connahs Quay Nomads (as GAP Connahs Quay FC),1310,1314.0,3 - 1,Cefn Druids,1088,1084.0,3,1,Wales,domestic league (tier 1)
2018/11/03,Premier League Wales,0,Connahs Quay Nomads (as GAP Connahs Quay FC),1307,1310.0,6 - 0,Llanelli Town,976,973.0,6,0,Wales,domestic league (tier 1)
2018/11/10,Premier League Wales,0,Connahs Quay Nomads (as GAP Connahs Quay FC),1310,1304.0,2 - 2,Barry Town United,1158,1164.0,2,2,Wales,domestic league (tier 1)
2018/12/01,Premier League Wales,0,Connahs Quay Nomads (as GAP Connahs Quay FC),1289,1292.0,3 - 0,Llandudno FC,979,976.0,3,0,Wales,domestic league (tier 1)
2018/12/22,Premier League Wales,0,Connahs Quay Nomads (as GAP Connahs Quay FC),1299,1306.0,6 - 1,Cardiff Metropolitan,1119,1112.0,6,1,Wales,domestic league (tier 1)
2019/01/01,Premier League Wales,0,Connahs Quay Nomads (as GAP Connahs Quay FC),1296,1305.0,4 - 1,Bala Town,1199,1190.0,4,1,Wales,domestic league (tier 1)
2019/02/08,Premier League Wales,0,Connahs Quay Nomads (as GAP Connahs Quay FC),1318,1323.0,6 - 2,Caernarfon Town,1105,1100.0,6,2,Wales,domestic league (tier 1)
2019/02/26,Premier League Wales,0,Connahs Quay Nomads (as GAP Connahs Quay FC),1322,1326.0,1 - 0,Bala Town,1159,1155.0,1,0,Wales,domestic league (tier 1)
2019/03/09,Premier League Wales,0,Connahs Quay Nomads (as GAP Connahs Quay FC),1332,1318.0,0 - 2,The New Saints,1454,1468.0,0,2,Wales,domestic league (tier 1)
2019/03/15,Premier League Wales,0,Connahs Quay Nomads (as GAP Connahs Quay FC),1318,1323.0,2 - 0,Newtown AFC,1151,1146.0,2,0,Wales,domestic league (tier 1)
2019/04/20,Premier League Wales,0,Connahs Quay Nomads (as GAP Connahs Quay FC),1336,1330.0,1 - 1,Barry Town United,1173,1179.0,1,1,Wales,domestic league (tier 1)
2021/08/06,Wales League Cup,0,Conwy Borough FC,835,821.0,1 - 3,Holywell Town,840,854.0,1,3,Wales,domestic cup
2021/09/24,Wales Cup,0,Conwy Borough FC,821,820.0,0 - 1,The New Saints,1516,1517.0,0,1,Wales,domestic cup
2022/11/12,Wales Cup,0,Conwy Borough FC,820,812.0,0 - 3,Penybont FC,1139,1147.0,0,3,Wales,domestic cup
2020/09/12,Premier League Wales,0,Flint Town United,934,947.0,1 - 0,Newtown AFC,1138,1125.0,1,0,Wales,domestic league (tier 1)
2020/09/26,Premier League Wales,0,Flint Town United,956,949.0,0 - 1,Barry Town United,1148,1155.0,0,1,Wales,domestic league (tier 1)
2020/10/10,Premier League Wales,0,Flint Town United,944,923.0,0 - 2,Haverfordwest County,905,926.0,0,2,Wales,domestic league (tier 1)
2020/10/20,Premier League Wales,0,Flint Town United,920,916.0,1 - 2,Bala Town,1266,1270.0,1,2,Wales,domestic league (tier 1)
2020/11/28,Premier League Wales,0,Flint Town United,936,928.0,0 - 1,Cardiff Metropolitan,1098,1106.0,0,1,Wales,domestic league (tier 1)
2020/12/15,Premier League Wales,0,Flint Town United,922,912.0,1 - 2,Cefn Druids,1017,1027.0,1,2,Wales,domestic league (tier 1)
2020/12/19,Premier League Wales,0,Flint Town United,912,930.0,3 - 0,Aberystwyth Town,1028,1010.0,3,0,Wales,domestic league (tier 1)
2021/03/06,Premier League Wales,0,Flint Town United,930,920.0,0 - 1,Penybont FC,1022,1032.0,0,1,Wales,domestic league (tier 1)
2021/03/09,Premier League Wales,0,Flint Town United,920,918.0,0 - 1,Connahs Quay Nomads,1399,1401.0,0,1,Wales,domestic league (tier 1)
2021/03/13,Premier League Wales,0,Flint Town United,918,906.0,0 - 2,Caernarfon Town,1078,1090.0,0,2,Wales,domestic league (tier 1)
2021/03/27,Premier League Wales,0,Flint Town United,922,919.0,0 - 6,The New Saints,1457,1460.0,0,6,Wales,domestic league (tier 1)
2021/04/10,Premier League Wales,0,Flint Town United,916,933.0,2 - 0,Cardiff Metropolitan,1052,1035.0,2,0,Wales,domestic league (tier 1)
2021/04/13,Premier League Wales,0,Flint Town United,933,950.0,5 - 0,Cefn Druids,989,972.0,5,0,Wales,domestic league (tier 1)
2021/04/20,Premier League Wales,0,Flint Town United,964,950.0,0 - 2,Newtown AFC,1094,1108.0,0,2,Wales,domestic league (tier 1)
2021/05/01,Premier League Wales,0,Flint Town United,949,960.0,2 - 0,Haverfordwest County,957,946.0,2,0,Wales,domestic league (tier 1)
2021/05/08,Premier League Wales,0,Flint Town United,984,982.0,0 - 0,Aberystwyth Town,1013,1015.0,0,0,Wales,domestic league (tier 1)
2021/08/07,Wales League Cup,0,Flint Town United,978,981.0,1 - 1,Bala Town,1246,1243.0,1,1,Wales,domestic cup
2021/08/21,Premier League Wales,0,Flint Town United,1011,1018.0,4 - 0,Cefn Druids,860,853.0,4,0,Wales,domestic league (tier 1)
2021/08/28,Premier League Wales,0,Flint Town United,1018,1026.0,1 - 0,Aberystwyth Town,1051,1043.0,1,0,Wales,domestic league (tier 1)
2021/09/11,Premier League Wales,0,Flint Town United,1025,1044.0,4 - 1,Newtown AFC,1145,1126.0,4,1,Wales,domestic league (tier 1)
2021/10/01,Premier League Wales,0,Flint Town United,1029,1023.0,1 - 2,Bala Town,1258,1264.0,1,2,Wales,domestic league (tier 1)
2021/10/09,Premier League Wales,0,Flint Town United,1023,1032.0,3 - 2,Barry Town United,1088,1079.0,3,2,Wales,domestic league (tier 1)
2021/10/15,Wales Cup,0,Flint Town United,1047,1040.0,0 - 2,Connahs Quay Nomads,1342,1349.0,0,2,Wales,domestic cup
2021/10/22,Premier League Wales,0,Flint Town United,1040,1048.0,1 - 1,The New Saints,1520,1512.0,1,1,Wales,domestic league (tier 1)
2021/11/06,Premier League Wales,0,Flint Town United,1060,1073.0,3 - 1,Penybont FC,1120,1107.0,3,1,Wales,domestic league (tier 1)
2021/12/04,Premier League Wales,0,Flint Town United,1064,1073.0,4 - 1,Haverfordwest County,979,970.0,4,1,Wales,domestic league (tier 1)
2021/12/21,Premier League Wales,0,Flint Town United,1066,1054.0,3 - 4,Caernarfon Town,1083,1095.0,3,4,Wales,domestic league (tier 1)
2022/01/25,Premier League Wales,0,Flint Town United,1067,1072.0,1 - 1,Connahs Quay Nomads,1366,1361.0,1,1,Wales,domestic league (tier 1)
2022/01/29,Premier League Wales,0,Flint Town United,1072,1070.0,2 - 2,Cardiff Metropolitan,1116,1118.0,2,2,Wales,domestic league (tier 1)
2022/03/04,Premier League Wales,0,Flint Town United,1072,1070.0,1 - 2,The New Saints,1517,1519.0,1,2,Wales,domestic league (tier 1)
2022/03/26,Premier League Wales,0,Flint Town United,1061,1071.0,1 - 0,Penybont FC,1146,1136.0,1,0,Wales,domestic league (tier 1)
2022/04/05,Premier League Wales,0,Flint Town United,1066,1044.0,0 - 4,Caernarfon Town,1097,1119.0,0,4,Wales,domestic league (tier 1)
2022/04/08,Premier League Wales,0,Flint Town United,1044,1038.0,0 - 1,Bala Town,1272,1278.0,0,1,Wales,domestic league (tier 1)
2022/04/23,Premier League Wales,0,Flint Town United,1061,1062.0,1 - 1,Newtown AFC,1186,1185.0,1,1,Wales,domestic league (tier 1)
2022/05/07,Premier League Wales,0,Flint Town United,1062,1059.0,1 - 1,Penybont FC,1057,1060.0,1,1,Wales,domestic league (tier 1)
2022/09/17,Premier League Wales,0,Flint Town United,1085,1088.0,1 - 1,Bala Town,1290,1287.0,1,1,Wales,domestic league (tier 1)
2022/10/01,Premier League Wales,0,Flint Town United,1087,1085.0,1 - 1,Penybont FC,1105,1107.0,1,1,Wales,domestic league (tier 1)
2022/10/22,Premier League Wales,0,Flint Town United,1078,1081.0,1 - 0,Airbus UK,881,878.0,1,0,Wales,domestic league (tier 1)
2022/11/05,Premier League Wales,0,Flint Town United,1072,1058.0,0 - 1,Haverfordwest County,1025,1039.0,0,1,Wales,domestic league (tier 1)
2022/11/19,Premier League Wales,0,Flint Town United,1055,1037.0,1 - 4,Newtown AFC,1149,1167.0,1,4,Wales,domestic league (tier 1)
2022/12/10,Premier League Wales,0,Flint Town United,1035,1035.0,1 - 1,Cardiff Metropolitan,1127,1127.0,1,1,Wales,domestic league (tier 1)
2022/12/23,Premier League Wales,0,Flint Town United,1035,1044.0,2 - 1,Caernarfon Town,1105,1096.0,2,1,Wales,domestic league (tier 1)
2022/12/31,Premier League Wales,0,Flint Town United,1041,1047.0,0 - 0,Connahs Quay Nomads,1356,1350.0,0,0,Wales,domestic league (tier 1)
2023/01/06,Premier League Wales,0,Flint Town United,1047,1043.0,1 - 1,Aberystwyth Town,986,990.0,1,1,Wales,domestic league (tier 1)
2023/01/10,Premier League Wales,0,Flint Town United,1043,1039.0,1 - 8,The New Saints,1535,1539.0,1,8,Wales,domestic league (tier 1)
2023/01/21,Premier League Wales,0,Flint Town United,1039,1047.0,4 - 1,Pontypridd United,929,921.0,4,1,Wales,domestic league (tier 1)
2023/02/11,Premier League Wales,0,Flint Town United,1047,1058.0,5 - 0,Aberystwyth Town,985,974.0,5,0,Wales,domestic league (tier 1)
2023/03/11,Premier League Wales,0,Flint Town United,1050,1052.0,2 - 1,Airbus UK,782,780.0,2,1,Wales,domestic league (tier 1)
2023/03/18,Premier League Wales,0,Flint Town United,1052,1047.0,0 - 0,Pontypridd United,955,960.0,0,0,Wales,domestic league (tier 1)
2023/04/01,Premier League Wales,0,Flint Town United,1038,1019.0,0 - 2,Haverfordwest County,1053,1072.0,0,2,Wales,domestic league (tier 1)
2023/04/19,Premier League Wales,0,Flint Town United,1028,1016.0,2 - 3,Caernarfon Town,1046,1058.0,2,3,Wales,domestic league (tier 1)
2023/12/09,Wales Cup,0,Flint Town United,1009,1001.0,0 - 3,Connahs Quay Nomads,1334,1342.0,0,3,Wales,domestic cup
2024/08/10,Premier League Wales,0,Flint Town United,1001,992.0,1 - 2,Cardiff Metropolitan,1125,1134.0,1,2,Wales,domestic league (tier 1)
2024/08/16,Premier League Wales,0,Flint Town United,992,990.0,1 - 4,The New Saints,1590,1592.0,1,4,Wales,domestic league (tier 1)
2024/08/26,Premier League Wales,0,Flint Town United,986,982.0,0 - 1,Connahs Quay Nomads,1317,1321.0,0,1,Wales,domestic league (tier 1)
2024/09/14,Premier League Wales,0,Flint Town United,994,1005.0,1 - 0,Haverfordwest County,1140,1129.0,1,0,Wales,domestic league (tier 1)
2024/09/25,Premier League Wales,0,Flint Town United,1003,993.0,1 - 2,Caernarfon Town,1102,1112.0,1,2,Wales,domestic league (tier 1)
2024/09/28,Premier League Wales,0,Flint Town United,993,986.0,0 - 1,Penybont FC,1219,1226.0,0,1,Wales,domestic league (tier 1)
2024/10/12,Premier League Wales,0,Flint Town United,1011,1013.0,2 - 2,Bala Town,1197,1195.0,2,2,Wales,domestic league (tier 1)
2024/10/26,Premier League Wales,0,Flint Town United,1012,1000.0,1 - 2,Barry Town United,1041,1053.0,1,2,Wales,domestic league (tier 1)
2024/11/16,Wales Cup,0,Flint Town United,990,993.0,2 - 2,Bala Town,1200,1197.0,2,2,Wales,domestic cup
2024/11/23,Premier League Wales,0,Flint Town United,993,997.0,2 - 1,Briton Ferry Llansawel AFC,875,871.0,2,1,Wales,domestic league (tier 1)
2024/12/04,Premier League Wales,0,Flint Town United,997,1007.0,3 - 0,Aberystwyth Town,946,936.0,3,0,Wales,domestic league (tier 1)
2025/01/01,Premier League Wales,0,Flint Town United,996,1009.0,2 - 0,Newtown AFC,1051,1038.0,2,0,Wales,domestic league (tier 1)
2025/01/25,Premier League Wales,0,Flint Town United,1001,1014.0,2 - 1,Connahs Quay Nomads,1222,1209.0,2,1,Wales,domestic league (tier 1)
2025/02/07,Premier League Wales,0,Flint Town United,1005,1013.0,2 - 0,Aberystwyth Town,932,924.0,2,0,Wales,domestic league (tier 1)
2025/02/22,Premier League Wales,0,Flint Town United,1013,1021.0,3 - 1,Briton Ferry Llansawel AFC,944,936.0,3,1,Wales,domestic league (tier 1)
2025/03/22,Premier League Wales,0,Flint Town United,1018,1027.0,3 - 2,Barry Town United,1069,1060.0,3,2,Wales,domestic league (tier 1)
2025/04/19,Premier League Wales,0,Flint Town United,1047,1058.0,4 - 0,Newtown AFC,998,987.0,4,0,Wales,domestic league (tier 1)
2025/08/02,Wales League Cup,0,Flint Town United,1058,1046.0,1 - 2,Holywell Town,891,903.0,1,2,Wales,domestic cup
2025/08/22,Premier League Wales,0,Flint Town United,1051,1034.0,2 - 5,Caernarfon Town,1165,1182.0,2,5,Wales,domestic league (tier 1)
2025/08/30,Premier League Wales,0,Flint Town United,1030,1046.0,4 - 2,Cardiff Metropolitan,1152,1136.0,4,2,Wales,domestic league (tier 1)
2025/09/20,Premier League Wales,0,Flint Town United,1055,1054.0,0 - 0,Barry Town United,1110,1111.0,0,0,Wales,domestic league (tier 1)
2025/09/27,Premier League Wales,0,Flint Town United,1053,1058.0,2 - 1,Briton Ferry Llansawel AFC,962,957.0,2,1,Wales,domestic league (tier 1)
2025/10/07,Premier League Wales,0,Flint Town United,1048,1032.0,0 - 1,Colwyn Bay FC,920,936.0,0,1,Wales,domestic league (tier 1)
2025/10/11,Premier League Wales,0,Flint Town United,1032,1039.0,4 - 0,Llanelli Town,866,859.0,4,0,Wales,domestic league (tier 1)
2025/11/01,Premier League Wales,0,Flint Town United,1030,1023.0,3 - 4,Penybont FC,1252,1259.0,3,4,Wales,domestic league (tier 1)
2025/11/14,Premier League Wales,0,Flint Town United,1029,1025.0,0 - 3,The New Saints,1500,1504.0,0,3,Wales,domestic league (tier 1)
2025/11/22,Wales Cup,0,Flint Town United,1025,1028.0,1 - 0,Airbus UK,793,790.0,1,0,Wales,domestic cup
2025/12/20,Premier League Wales,0,Flint Town United,1042,1040.0,2 - 2,Haverfordwest County,1087,1089.0,2,2,Wales,domestic league (tier 1)
2025/12/26,Premier League Wales,0,Flint Town United,1040,1029.0,0 - 2,Connahs Quay Nomads,1239,1250.0,0,2,Wales,domestic league (tier 1)
2026/01/13,Premier League Wales,0,Flint Town United,1042,1017.0,0 - 4,Bala Town,1031,1056.0,0,4,Wales,domestic league (tier 1)
2026/02/14,Premier League Wales,0,Flint Town United,1042,1038.0,0 - 0,Briton Ferry Llansawel AFC,979,983.0,0,0,Wales,domestic league (tier 1)
2026/02/21,Premier League Wales,0,Flint Town United,1038,1037.0,1 - 1,Cardiff Metropolitan,1101,1102.0,1,1,Wales,domestic league (tier 1)
2026/03/14,Premier League Wales,0,Flint Town United,1060,1056.0,1 - 1,Bala Town,1016,1020.0,1,1,Wales,domestic league (tier 1)
2026/03/28,Premier League Wales,0,Flint Town United,1058,1041.0,1 - 2,Llanelli Town,820,837.0,1,2,Wales,domestic league (tier 1)
2026/04/03,Premier League Wales,0,Flint Town United,1041,1030.0,0 - 1,Haverfordwest County,1111,1122.0,0,1,Wales,domestic league (tier 1)
2026/08/07,Premier League Wales,0,Flint Town United,1014,1006.0,2 - 3,Barry Town United,1199,1207.0,2,3,Wales,domestic league (tier 1)
2026/08/21,Premier League Wales,0,Flint Town United,994,983.0,0 - 1,Briton Ferry Llansawel AFC,1044,1055.0,0,1,Wales,domestic league (tier 1)
2026/08/31,Premier League Wales,0,Flint Town United,990,984.0,1 - 2,Connahs Quay Nomads,1253,1259.0,1,2,Wales,domestic league (tier 1)
2020/09/19,Premier League Wales,0,Haverfordwest County,912,915.0,2 - 2,Newtown AFC,1111,1108.0,2,2,Wales,domestic league (tier 1)
2020/09/27,Premier League Wales,0,Haverfordwest County,915,910.0,1 - 4,Connahs Quay Nomads,1338,1343.0,1,4,Wales,domestic league (tier 1)
2020/10/06,Premier League Wales,0,Haverfordwest County,927,905.0,0 - 4,Penybont FC,970,992.0,0,4,Wales,domestic league (tier 1)
2020/10/17,Premier League Wales,0,Haverfordwest County,926,928.0,1 - 1,Caernarfon Town,1100,1098.0,1,1,Wales,domestic league (tier 1)
2020/10/31,Premier League Wales,0,Haverfordwest County,928,934.0,1 - 1,Bala Town,1270,1264.0,1,1,Wales,domestic league (tier 1)
2020/11/21,Premier League Wales,0,Haverfordwest County,934,911.0,0 - 3,Flint Town United,913,936.0,0,3,Wales,domestic league (tier 1)
2020/12/01,Premier League Wales,0,Haverfordwest County,940,956.0,2 - 0,Aberystwyth Town,1070,1054.0,2,0,Wales,domestic league (tier 1)
2020/12/05,Premier League Wales,0,Haverfordwest County,956,955.0,1 - 1,Cefn Druids,1018,1019.0,1,1,Wales,domestic league (tier 1)
2020/12/16,Premier League Wales,0,Haverfordwest County,945,958.0,2 - 1,Barry Town United,1146,1133.0,2,1,Wales,domestic league (tier 1)
2021/03/06,Premier League Wales,0,Haverfordwest County,958,969.0,1 - 0,Cardiff Metropolitan,1096,1085.0,1,0,Wales,domestic league (tier 1)
2021/03/13,Premier League Wales,0,Haverfordwest County,963,981.0,2 - 1,The New Saints,1474,1456.0,2,1,Wales,domestic league (tier 1)
2021/04/13,Premier League Wales,0,Haverfordwest County,990,998.0,1 - 0,Aberystwyth Town,1022,1014.0,1,0,Wales,domestic league (tier 1)
2021/04/24,Premier League Wales,0,Haverfordwest County,976,973.0,0 - 0,Flint Town United,950,953.0,0,0,Wales,domestic league (tier 1)
2021/04/27,Premier League Wales,0,Haverfordwest County,973,957.0,0 - 2,Cardiff Metropolitan,1058,1074.0,0,2,Wales,domestic league (tier 1)
2021/05/08,Premier League Wales,0,Haverfordwest County,951,943.0,1 - 2,Newtown AFC,1121,1129.0,1,2,Wales,domestic league (tier 1)
2021/05/15,Premier League Wales,0,Haverfordwest County,943,951.0,2 - 0,Cefn Druids,877,869.0,2,0,Wales,domestic league (tier 1)
2021/08/20,Premier League Wales,0,Haverfordwest County,945,946.0,0 - 0,Cardiff Metropolitan,1079,1078.0,0,0,Wales,domestic league (tier 1)
2021/08/28,Premier League Wales,0,Haverfordwest County,946,945.0,0 - 1,The New Saints,1519,1520.0,0,1,Wales,domestic league (tier 1)
2021/09/18,Premier League Wales,0,Haverfordwest County,938,953.0,2 - 0,Flint Town United,1044,1029.0,2,0,Wales,domestic league (tier 1)
2021/10/02,Premier League Wales,0,Haverfordwest County,966,973.0,1 - 1,Connahs Quay Nomads,1384,1377.0,1,1,Wales,domestic league (tier 1)
2021/10/16,Wales Cup,0,Haverfordwest County,992,983.0,1 - 3,Bala Town,1253,1262.0,1,3,Wales,domestic cup
2021/10/23,Premier League Wales,0,Haverfordwest County,983,987.0,2 - 1,Cefn Druids,818,814.0,2,1,Wales,domestic league (tier 1)
2021/10/26,Wales League Cup,0,Haverfordwest County,987,977.0,0 - 2,Cardiff Metropolitan,1114,1124.0,0,2,Wales,domestic cup
2021/10/30,Premier League Wales,0,Haverfordwest County,977,990.0,1 - 0,Newtown AFC,1171,1158.0,1,0,Wales,domestic league (tier 1)
2021/11/09,Premier League Wales,0,Haverfordwest County,989,989.0,1 - 1,Barry Town United,1082,1082.0,1,1,Wales,domestic league (tier 1)
2021/11/20,Premier League Wales,0,Haverfordwest County,989,979.0,1 - 2,Caernarfon Town,1090,1100.0,1,2,Wales,domestic league (tier 1)
2021/12/11,Premier League Wales,0,Haverfordwest County,970,974.0,0 - 0,Bala Town,1216,1212.0,0,0,Wales,domestic league (tier 1)
2022/01/28,Premier League Wales,0,Haverfordwest County,980,982.0,2 - 2,Penybont FC,1144,1142.0,2,2,Wales,domestic league (tier 1)
2022/02/11,Premier League Wales,0,Haverfordwest County,973,972.0,0 - 0,Aberystwyth Town,1025,1026.0,0,0,Wales,domestic league (tier 1)
2022/03/12,Premier League Wales,0,Haverfordwest County,997,1002.0,6 - 1,Cefn Druids,772,767.0,6,1,Wales,domestic league (tier 1)
2022/03/26,Premier League Wales,0,Haverfordwest County,1030,1036.0,0 - 0,Connahs Quay Nomads,1354,1348.0,0,0,Wales,domestic league (tier 1)
2022/04/05,Premier League Wales,0,Haverfordwest County,1031,1017.0,0 - 1,Aberystwyth Town,991,1005.0,0,1,Wales,domestic league (tier 1)
2022/04/15,Premier League Wales,0,Haverfordwest County,1030,1041.0,2 - 0,Barry Town United,1044,1033.0,2,0,Wales,domestic league (tier 1)
2022/04/23,Premier League Wales,0,Haverfordwest County,1038,1027.0,1 - 2,Cardiff Metropolitan,1108,1119.0,1,2,Wales,domestic league (tier 1)
2022/08/05,Wales League Cup,0,Haverfordwest County,1027,1034.0,4 - 2,Barry Town United,1006,999.0,4,2,Wales,domestic cup
2022/08/13,Premier League Wales,0,Haverfordwest County,1034,1044.0,1 - 0,Caernarfon Town,1121,1111.0,1,0,Wales,domestic league (tier 1)
2022/08/27,Premier League Wales,0,Haverfordwest County,1052,1060.0,3 - 0,Airbus UK,933,925.0,3,0,Wales,domestic league (tier 1)
2022/09/03,Premier League Wales,0,Haverfordwest County,1054,1044.0,2 - 3,Newtown AFC,1162,1172.0,2,3,Wales,domestic league (tier 1)
2022/09/24,Premier League Wales,0,Haverfordwest County,1039,1038.0,1 - 1,Flint Town United,1088,1089.0,1,1,Wales,domestic league (tier 1)
2022/09/27,Premier League Wales,0,Haverfordwest County,1038,1048.0,1 - 0,Cardiff Metropolitan,1133,1123.0,1,0,Wales,domestic league (tier 1)
2022/10/22,Premier League Wales,0,Haverfordwest County,1038,1028.0,1 - 4,Bala Town,1307,1317.0,1,4,Wales,domestic league (tier 1)
2022/10/29,Premier League Wales,0,Haverfordwest County,1028,1025.0,1 - 3,The New Saints,1531,1534.0,1,3,Wales,domestic league (tier 1)
2022/12/02,Premier League Wales,0,Haverfordwest County,1047,1057.0,2 - 1,Penybont FC,1154,1144.0,2,1,Wales,domestic league (tier 1)
2022/12/23,Premier League Wales,0,Haverfordwest County,1042,1052.0,3 - 1,Aberystwyth Town,1010,1000.0,3,1,Wales,domestic league (tier 1)
2022/12/31,Premier League Wales,0,Haverfordwest County,1040,1034.0,1 - 1,Pontypridd United,909,915.0,1,1,Wales,domestic league (tier 1)
2023/01/31,Premier League Wales,0,Haverfordwest County,1033,1049.0,2 - 1,Connahs Quay Nomads,1352,1336.0,2,1,Wales,domestic league (tier 1)
2023/02/18,Premier League Wales,0,Haverfordwest County,1039,1051.0,3 - 1,Flint Town United,1058,1046.0,3,1,Wales,domestic league (tier 1)
2023/03/18,Premier League Wales,0,Haverfordwest County,1052,1056.0,4 - 0,Airbus UK,780,776.0,4,0,Wales,domestic league (tier 1)
2023/03/25,Premier League Wales,0,Haverfordwest County,1056,1053.0,2 - 2,Caernarfon Town,1055,1058.0,2,2,Wales,domestic league (tier 1)
2023/04/07,Premier League Wales,0,Haverfordwest County,1072,1079.0,2 - 0,Pontypridd United,971,964.0,2,0,Wales,domestic league (tier 1)
2023/04/15,Premier League Wales,0,Haverfordwest County,1079,1074.0,1 - 1,Aberystwyth Town,994,999.0,1,1,Wales,domestic league (tier 1)
2023/08/11,Premier League Wales,0,Haverfordwest County,1102,1097.0,0 - 0,Pontypridd United,1000,1005.0,0,0,Wales,domestic league (tier 1)
2023/08/26,Premier League Wales,0,Haverfordwest County,1090,1086.0,1 - 1,Caernarfon Town,1063,1067.0,1,1,Wales,domestic league (tier 1)
2023/09/09,Premier League Wales,0,Haverfordwest County,1090,1069.0,0 - 4,Newtown AFC,1148,1169.0,0,4,Wales,domestic league (tier 1)
2023/09/23,Premier League Wales,0,Haverfordwest County,1068,1060.0,1 - 3,Connahs Quay Nomads,1346,1354.0,1,3,Wales,domestic league (tier 1)
2023/09/30,Premier League Wales,0,Haverfordwest County,1065,1073.0,3 - 0,Aberystwyth Town,965,957.0,3,0,Wales,domestic league (tier 1)
2023/10/17,Premier League Wales,0,Haverfordwest County,1060,1071.0,3 - 2,Penybont FC,1190,1179.0,3,2,Wales,domestic league (tier 1)
2023/11/04,Premier League Wales,0,Haverfordwest County,1071,1075.0,5 - 0,Colwyn Bay FC,783,779.0,5,0,Wales,domestic league (tier 1)
2023/11/28,Premier League Wales,0,Haverfordwest County,1093,1093.0,1 - 1,Cardiff Metropolitan,1191,1191.0,1,1,Wales,domestic league (tier 1)
2023/12/09,Wales Cup,0,Haverfordwest County,1093,1078.0,2 - 4,Cardiff Metropolitan,1195,1210.0,2,4,Wales,domestic cup
2023/12/23,Premier League Wales,0,Haverfordwest County,1091,1089.0,0 - 1,The New Saints,1572,1574.0,0,1,Wales,domestic league (tier 1)
2023/12/26,Premier League Wales,0,Haverfordwest County,1089,1096.0,2 - 0,Barry Town United,971,964.0,2,0,Wales,domestic league (tier 1)
2024/01/13,Premier League Wales,0,Haverfordwest County,1095,1086.0,2 - 3,Bala Town,1222,1231.0,2,3,Wales,domestic league (tier 1)
2024/02/09,Premier League Wales,0,Haverfordwest County,1075,1070.0,1 - 1,Pontypridd United,996,1001.0,1,1,Wales,domestic league (tier 1)
2024/03/08,Premier League Wales,0,Haverfordwest County,1067,1056.0,0 - 1,Penybont FC,1124,1135.0,0,1,Wales,domestic league (tier 1)
2024/03/15,Premier League Wales,0,Haverfordwest County,1056,1063.0,2 - 0,Aberystwyth Town,944,937.0,2,0,Wales,domestic league (tier 1)
2024/04/05,Premier League Wales,0,Haverfordwest County,1075,1080.0,2 - 1,Barry Town United,992,987.0,2,1,Wales,domestic league (tier 1)
2024/04/13,Premier League Wales,0,Haverfordwest County,1080,1084.0,3 - 1,Colwyn Bay FC,839,835.0,3,1,Wales,domestic league (tier 1)
2024/08/23,Premier League Wales,0,Haverfordwest County,1126,1125.0,0 - 0,Penybont FC,1174,1175.0,0,0,Wales,domestic league (tier 1)
2024/08/30,Premier League Wales,0,Haverfordwest County,1128,1142.0,3 - 0,Newtown AFC,1156,1142.0,3,0,Wales,domestic league (tier 1)
2024/09/07,Premier League Wales,0,Haverfordwest County,1142,1140.0,0 - 1,The New Saints,1593,1595.0,0,1,Wales,domestic league (tier 1)
2024/09/24,Premier League Wales,0,Haverfordwest County,1139,1133.0,1 - 1,Barry Town United,996,1002.0,1,1,Wales,domestic league (tier 1)
2024/09/27,Premier League Wales,0,Haverfordwest County,1133,1141.0,1 - 0,Cardiff Metropolitan,1171,1163.0,1,0,Wales,domestic league (tier 1)
2024/10/12,Premier League Wales,0,Haverfordwest County,1163,1163.0,0 - 0,Connahs Quay Nomads,1261,1261.0,0,0,Wales,domestic league (tier 1)
2024/10/26,Premier League Wales,0,Haverfordwest County,1167,1163.0,0 - 0,Caernarfon Town,1118,1122.0,0,0,Wales,domestic league (tier 1)
2024/11/02,Premier League Wales,0,Haverfordwest County,1163,1169.0,4 - 1,Flint Town United,1000,994.0,4,1,Wales,domestic league (tier 1)
2024/11/23,Premier League Wales,0,Haverfordwest County,1168,1166.0,0 - 0,Bala Town,1197,1199.0,0,0,Wales,domestic league (tier 1)
2024/12/13,Wales Cup,0,Haverfordwest County,1160,1133.0,0 - 2,Llanelli Town,883,910.0,0,2,Wales,domestic cup
2025/01/01,Premier League Wales,0,Haverfordwest County,1150,1153.0,1 - 0,Aberystwyth Town,959,956.0,1,0,Wales,domestic league (tier 1)
2025/01/04,Premier League Wales,0,Haverfordwest County,1153,1158.0,5 - 1,Briton Ferry Llansawel AFC,911,906.0,5,1,Wales,domestic league (tier 1)
2025/01/25,Premier League Wales,0,Haverfordwest County,1158,1167.0,3 - 2,Bala Town,1215,1206.0,3,2,Wales,domestic league (tier 1)
2025/02/21,Premier League Wales,0,Haverfordwest County,1174,1181.0,1 - 0,Cardiff Metropolitan,1149,1142.0,1,0,Wales,domestic league (tier 1)
2025/03/21,Premier League Wales,0,Haverfordwest County,1181,1169.0,1 - 2,Penybont FC,1226,1238.0,1,2,Wales,domestic league (tier 1)
2025/03/29,Premier League Wales,0,Haverfordwest County,1169,1166.0,1 - 1,Caernarfon Town,1157,1160.0,1,1,Wales,domestic league (tier 1)
2025/04/19,Premier League Wales,0,Haverfordwest County,1168,1163.0,1 - 3,The New Saints,1538,1543.0,1,3,Wales,domestic league (tier 1)
2025/05/18,Premier League Wales,0,Haverfordwest County,1163,1174.0,3 - 1,Caernarfon Town,1167,1156.0,3,1,Wales,domestic league (tier 1)
2025/08/08,Premier League Wales,0,Haverfordwest County,1165,1154.0,0 - 1,Penybont FC,1246,1257.0,0,1,Wales,domestic league (tier 1)
2025/08/22,Premier League Wales,0,Haverfordwest County,1154,1151.0,2 - 2,Cardiff Metropolitan,1154,1157.0,2,2,Wales,domestic league (tier 1)
2025/08/30,Premier League Wales,0,Haverfordwest County,1159,1157.0,1 - 1,Caernarfon Town,1191,1193.0,1,1,Wales,domestic league (tier 1)
2025/09/20,Premier League Wales,0,Haverfordwest County,1129,1111.0,1 - 3,Connahs Quay Nomads,1160,1178.0,1,3,Wales,domestic league (tier 1)
2025/09/23,Premier League Wales,0,Haverfordwest County,1111,1098.0,2 - 3,Barry Town United,1111,1124.0,2,3,Wales,domestic league (tier 1)
2025/10/04,Premier League Wales,0,Haverfordwest County,1084,1094.0,3 - 1,Flint Town United,1058,1048.0,3,1,Wales,domestic league (tier 1)
2025/10/10,Premier League Wales,0,Haverfordwest County,1091,1102.0,2 - 0,Bala Town,1107,1096.0,2,0,Wales,domestic league (tier 1)
2025/11/01,Premier League Wales,0,Haverfordwest County,1084,1081.0,2 - 3,The New Saints,1514,1517.0,2,3,Wales,domestic league (tier 1)
2025/11/04,Wales League Cup,0,Haverfordwest County,1081,1068.0,0 - 2,Barry Town United,1134,1147.0,0,2,Wales,domestic cup
2025/11/15,Premier League Wales,0,Haverfordwest County,1074,1078.0,1 - 0,Colwyn Bay FC,953,949.0,1,0,Wales,domestic league (tier 1)
2025/12/26,Premier League Wales,0,Haverfordwest County,1089,1094.0,3 - 0,Llanelli Town,858,853.0,3,0,Wales,domestic league (tier 1)
2026/01/13,Premier League Wales,0,Haverfordwest County,1098,1082.0,2 - 3,Briton Ferry Llansawel AFC,972,988.0,2,3,Wales,domestic league (tier 1)
2026/02/13,Premier League Wales,0,Haverfordwest County,1118,1127.0,3 - 0,Bala Town,1041,1032.0,3,0,Wales,domestic league (tier 1)
2026/03/01,Premier League Wales,0,Haverfordwest County,1132,1109.0,1 - 3,Flint Town United,1037,1060.0,1,3,Wales,domestic league (tier 1)
2026/03/13,Premier League Wales,0,Haverfordwest County,1109,1116.0,1 - 0,Cardiff Metropolitan,1102,1095.0,1,0,Wales,domestic league (tier 1)
2026/03/28,Premier League Wales,0,Haverfordwest County,1106,1111.0,1 - 0,Briton Ferry Llansawel AFC,1025,1020.0,1,0,Wales,domestic league (tier 1)
2026/04/18,Premier League Wales,0,Haverfordwest County,1122,1126.0,6 - 0,Llanelli Town,822,818.0,6,0,Wales,domestic league (tier 1)
2026/08/01,Premier League Wales,0,Haverfordwest County,1120,1102.0,0 - 1,Airbus UK,790,808.0,0,1,Wales,domestic league (tier 1)
2026/08/14,Premier League Wales,0,Haverfordwest County,1100,1079.0,0 - 3,Penybont FC,1139,1160.0,0,3,Wales,domestic league (tier 1)
2026/08/21,Premier League Wales,0,Haverfordwest County,1079,1048.0,0 - 3,Cambrian United,833,864.0,0,3,Wales,domestic league (tier 1)
2026/08/31,Premier League Wales,0,Haverfordwest County,1035,1037.0,2 - 1,Trefelin BGC,789,787.0,2,1,Wales,domestic league (tier 1)
2026/08/07,Premier League Wales,0,Holywell Town,902,896.0,1 - 3,Connahs Quay Nomads,1239,1245.0,1,3,Wales,domestic league (tier 1)
2026/08/21,Premier League Wales,0,Holywell Town,889,882.0,1 - 3,Barry Town United,1211,1218.0,1,3,Wales,domestic league (tier 1)
2026/08/28,Premier League Wales,0,Holywell Town,882,875.0,3 - 5,Caernarfon Town,1178,1185.0,3,5,Wales,domestic league (tier 1)
2026/09/04,Premier League Wales,0,Holywell Town,858,,Info,Trefelin BGC,787,,,,Wales,domestic league (tier 1)
2016/08/20,Premier League Wales,0,Llandudno FC,1123,1115.0,0 - 5,The New Saints,1468,1476.0,0,5,Wales,domestic league (tier 1)
2016/08/28,Premier League Wales,0,Llandudno FC,1115,1103.0,0 - 1,Aberystwyth Town,1144,1156.0,0,1,Wales,domestic league (tier 1)
2016/08/30,Premier League Wales,0,Llandudno FC,1103,1118.0,2 - 0,Airbus UK,1199,1184.0,2,0,Wales,domestic league (tier 1)
2016/09/10,Premier League Wales,0,Llandudno FC,1130,1127.0,0 - 0,Newtown AFC,1130,1133.0,0,0,Wales,domestic league (tier 1)
2016/09/18,Premier League Wales,0,Llandudno FC,1127,1109.0,0 - 1,Cardiff Metropolitan,840,858.0,0,1,Wales,domestic league (tier 1)
2016/09/25,Premier League Wales,0,Llandudno FC,1115,1109.0,0 - 0,Cefn Druids,952,958.0,0,0,Wales,domestic league (tier 1)
2016/11/13,Premier League Wales,0,Llandudno FC,1127,1113.0,0 - 2,Connahs Quay Nomads (as GAP Connahs Quay FC),1244,1258.0,0,2,Wales,domestic league (tier 1)
2016/11/19,Premier League Wales,0,Llandudno FC,1113,1100.0,1 - 3,Bala Town,1257,1270.0,1,3,Wales,domestic league (tier 1)
2016/12/10,Premier League Wales,0,Llandudno FC,1099,1109.0,2 - 0,Carmarthen Town,1084,1074.0,2,0,Wales,domestic league (tier 1)
2017/01/01,Premier League Wales,0,Llandudno FC,1097,1106.0,1 - 0,Bangor City,1162,1153.0,1,0,Wales,domestic league (tier 1)
2017/01/14,Premier League Wales,0,Llandudno FC,1106,1101.0,2 - 2,Rhyl FC,1018,1023.0,2,2,Wales,domestic league (tier 1)
2017/02/04,Premier League Wales,0,Llandudno FC,1101,1088.0,1 - 2,Newtown AFC,1076,1089.0,1,2,Wales,domestic league (tier 1)
2017/03/03,Premier League Wales,0,Llandudno FC,1101,1095.0,0 - 0,Cefn Druids,967,973.0,0,0,Wales,domestic league (tier 1)
2017/03/10,Premier League Wales,0,Llandudno FC,1095,1090.0,1 - 1,Rhyl FC,1005,1010.0,1,1,Wales,domestic league (tier 1)
2017/03/25,Premier League Wales,0,Llandudno FC,1094,1089.0,2 - 2,Airbus UK,1025,1030.0,2,2,Wales,domestic league (tier 1)
2017/04/09,Premier League Wales,0,Llandudno FC,1089,1066.0,0 - 2,Aberystwyth Town,978,1001.0,0,2,Wales,domestic league (tier 1)
2017/08/12,Premier League Wales,0,Llandudno FC,1058,1072.0,3 - 0,Carmarthen Town,1081,1067.0,3,0,Wales,domestic league (tier 1)
2017/08/26,Premier League Wales,0,Llandudno FC,1089,1102.0,1 - 0,Connahs Quay Nomads (as GAP Connahs Quay FC),1290,1277.0,1,0,Wales,domestic league (tier 1)
2017/09/07,Premier League Wales,0,Llandudno FC,1089,1083.0,2 - 2,Prestatyn Town,929,935.0,2,2,Wales,domestic league (tier 1)
2017/09/16,Premier League Wales,0,Llandudno FC,1083,1089.0,1 - 0,Barry Town United,1041,1035.0,1,0,Wales,domestic league (tier 1)
2017/09/30,Premier League Wales,0,Llandudno FC,1088,1074.0,1 - 2,Cefn Druids,1025,1039.0,1,2,Wales,domestic league (tier 1)
2017/10/14,Premier League Wales,0,Llandudno FC,1067,1052.0,2 - 3,Aberystwyth Town,961,976.0,2,3,Wales,domestic league (tier 1)
2017/10/28,Premier League Wales,0,Llandudno FC,1060,1069.0,2 - 1,Newtown AFC,1128,1119.0,2,1,Wales,domestic league (tier 1)
2017/11/17,Premier League Wales,0,Llandudno FC,1053,1050.0,0 - 1,The New Saints,1473,1476.0,0,1,Wales,domestic league (tier 1)
2017/12/20,Premier League Wales,0,Llandudno FC,1060,1059.0,0 - 0,Cardiff Metropolitan,1140,1141.0,0,0,Wales,domestic league (tier 1)
2017/12/26,Premier League Wales,0,Llandudno FC,1059,1061.0,0 - 0,Bangor City,1214,1212.0,0,0,Wales,domestic league (tier 1)
2018/01/06,Premier League Wales,0,Llandudno FC,1077,1078.0,1 - 1,Bala Town,1206,1205.0,1,1,Wales,domestic league (tier 1)
2018/02/03,Premier League Wales,0,Llandudno FC,1081,1070.0,3 - 4,Newtown AFC,1133,1144.0,3,4,Wales,domestic league (tier 1)
2018/02/17,Premier League Wales,0,Llandudno FC,1058,1064.0,3 - 2,Carmarthen Town,1015,1009.0,3,2,Wales,domestic league (tier 1)
2018/03/09,Premier League Wales,0,Llandudno FC,1035,1029.0,2 - 2,Prestatyn Town,898,904.0,2,2,Wales,domestic league (tier 1)
2018/03/31,Premier League Wales,0,Llandudno FC,1024,1032.0,1 - 0,Aberystwyth Town,1066,1058.0,1,0,Wales,domestic league (tier 1)
2018/04/21,Premier League Wales,0,Llandudno FC,1024,1013.0,2 - 3,Barry Town United,1106,1117.0,2,3,Wales,domestic league (tier 1)
2018/08/25,Premier League Wales,0,Llandudno FC,1009,1009.0,0 - 0,Newtown AFC,1099,1099.0,0,0,Wales,domestic league (tier 1)
2018/09/08,Premier League Wales,0,Llandudno FC,1016,1032.0,2 - 0,Barry Town United,1131,1115.0,2,0,Wales,domestic league (tier 1)
2018/09/22,Premier League Wales,0,Llandudno FC,1046,1034.0,0 - 4,Connahs Quay Nomads (as GAP Connahs Quay FC),1282,1294.0,0,4,Wales,domestic league (tier 1)
2018/10/06,Premier League Wales,0,Llandudno FC,1042,1028.0,1 - 2,Llanelli Town,1001,1015.0,1,2,Wales,domestic league (tier 1)
2018/10/20,Premier League Wales,0,Llandudno FC,1026,1014.0,0 - 1,Aberystwyth Town,1061,1073.0,0,1,Wales,domestic league (tier 1)
2018/10/26,Premier League Wales,0,Llandudno FC,1014,1013.0,0 - 0,Cefn Druids,1082,1083.0,0,0,Wales,domestic league (tier 1)
2018/11/09,Premier League Wales,0,Llandudno FC,1005,992.0,2 - 4,Bala Town,1159,1172.0,2,4,Wales,domestic league (tier 1)
2018/11/17,Premier League Wales,0,Llandudno FC,992,979.0,1 - 2,Carmarthen Town,1000,1013.0,1,2,Wales,domestic league (tier 1)
2018/12/22,Premier League Wales,0,Llandudno FC,970,966.0,0 - 4,The New Saints,1424,1428.0,0,4,Wales,domestic league (tier 1)
2019/01/01,Premier League Wales,0,Llandudno FC,971,970.0,1 - 1,Caernarfon Town,1040,1041.0,1,1,Wales,domestic league (tier 1)
2019/01/12,Premier League Wales,0,Llandudno FC,962,948.0,0 - 3,Cardiff Metropolitan,1139,1153.0,0,3,Wales,domestic league (tier 1)
2019/02/09,Premier League Wales,0,Llandudno FC,970,983.0,3 - 1,Carmarthen Town,1033,1020.0,3,1,Wales,domestic league (tier 1)
2019/02/23,Premier League Wales,0,Llandudno FC,977,986.0,4 - 2,Llanelli Town,918,909.0,4,2,Wales,domestic league (tier 1)
2019/03/22,Premier League Wales,0,Llandudno FC,986,975.0,1 - 2,Aberystwyth Town,1058,1069.0,1,2,Wales,domestic league (tier 1)
2019/04/13,Premier League Wales,0,Llandudno FC,966,958.0,1 - 2,Cardiff Metropolitan,1153,1161.0,1,2,Wales,domestic league (tier 1)
2019/04/26,Premier League Wales,0,Llandudno FC,978,958.0,0 - 5,Cefn Druids,1081,1101.0,0,5,Wales,domestic league (tier 1)
2021/08/06,Wales League Cup,0,Llandudno FC,945,943.0,0 - 2,Connahs Quay Nomads,1422,1424.0,0,2,Wales,domestic cup
2021/09/03,Wales Cup,0,Llandudno FC,943,930.0,1 - 2,Airbus UK,945,958.0,1,2,Wales,domestic cup
2024/07/20,Wales League Cup,0,Llandudno FC,915,937.0,3 - 0,Newport County,1314,1292.0,3,0,Wales,domestic cup
2025/11/21,Wales Cup,0,Llandudno FC,950,965.0,2 - 1,Connahs Quay Nomads,1245,1230.0,2,1,Wales,domestic cup
2026/07/31,Premier League Wales,0,Llandudno FC,965,974.0,3 - 2,Flint Town United,1023,1014.0,3,2,Wales,domestic league (tier 1)
2026/08/14,Premier League Wales,0,Llandudno FC,990,997.0,3 - 1,Holywell Town,896,889.0,3,1,Wales,domestic league (tier 1)
2026/08/28,Premier League Wales,0,Llandudno FC,993,1006.0,2 - 0,Haverfordwest County,1048,1035.0,2,0,Wales,domestic league (tier 1)
2026/09/04,Premier League Wales,0,Llandudno FC,997,,Info,Ammanford AFC,795,,,,Wales,domestic league (tier 1)
2018/08/12,Premier League Wales,0,Llanelli Town,1073,1058.0,0 - 7,Connahs Quay Nomads (as GAP Connahs Quay FC),1285,1300.0,0,7,Wales,domestic league (tier 1)
2018/08/24,Premier League Wales,0,Llanelli Town,1072,1070.0,1 - 1,Barry Town United,1110,1112.0,1,1,Wales,domestic league (tier 1)
2018/09/14,Premier League Wales,0,Llanelli Town,1036,1033.0,0 - 2,The New Saints,1488,1491.0,0,2,Wales,domestic league (tier 1)
2018/09/28,Premier League Wales,0,Llanelli Town,1017,1001.0,1 - 3,Newtown AFC,1097,1113.0,1,3,Wales,domestic league (tier 1)
2018/10/12,Premier League Wales,0,Llanelli Town,1015,999.0,0 - 2,Cardiff Metropolitan,1097,1113.0,0,2,Wales,domestic league (tier 1)
2018/10/26,Premier League Wales,0,Llanelli Town,992,976.0,1 - 3,Aberystwyth Town,1073,1089.0,1,3,Wales,domestic league (tier 1)
2018/11/17,Premier League Wales,0,Llanelli Town,966,982.0,2 - 0,Cefn Druids,1093,1077.0,2,0,Wales,domestic league (tier 1)
2018/12/01,Premier League Wales,0,Llanelli Town,982,980.0,2 - 2,Caernarfon Town,1012,1014.0,2,2,Wales,domestic league (tier 1)
2018/12/22,Premier League Wales,0,Llanelli Town,963,948.0,1 - 7,Bala Town,1174,1189.0,1,7,Wales,domestic league (tier 1)
2018/12/26,Premier League Wales,0,Llanelli Town,948,947.0,1 - 1,Carmarthen Town,1016,1017.0,1,1,Wales,domestic league (tier 1)
2019/01/05,Premier League Wales,0,Llanelli Town,939,947.0,2 - 1,Llandudno FC,970,962.0,2,1,Wales,domestic league (tier 1)
2019/02/08,Premier League Wales,0,Llanelli Town,952,936.0,2 - 4,Aberystwyth Town,1029,1045.0,2,4,Wales,domestic league (tier 1)
2019/02/15,Premier League Wales,0,Llanelli Town,936,918.0,0 - 3,Carmarthen Town,1020,1038.0,0,3,Wales,domestic league (tier 1)
2019/03/08,Premier League Wales,0,Llanelli Town,909,898.0,0 - 4,Cardiff Metropolitan,1167,1178.0,0,4,Wales,domestic league (tier 1)
2019/03/23,Premier League Wales,0,Llanelli Town,898,886.0,1 - 3,Cefn Druids,1067,1079.0,1,3,Wales,domestic league (tier 1)
2019/04/20,Premier League Wales,0,Llanelli Town,877,857.0,0 - 4,Llandudno FC,958,978.0,0,4,Wales,domestic league (tier 1)
2021/07/16,Wales League Cup,0,Llanelli Town,856,884.0,5 - 0,Newport County,1412,1384.0,5,0,Wales,domestic cup
2023/01/14,Wales Cup,0,Llanelli Town,890,887.0,0 - 2,Connahs Quay Nomads,1350,1353.0,0,2,Wales,domestic cup
2023/08/04,Wales League Cup,0,Llanelli Town,887,874.0,1 - 4,Pontypridd United,987,1000.0,1,4,Wales,domestic cup
2023/11/10,Wales Cup,0,Llanelli Town,874,879.0,3 - 3,Penybont FC,1170,1165.0,3,3,Wales,domestic cup
2025/08/08,Premier League Wales,0,Llanelli Town,908,896.0,0 - 2,Barry Town United,1090,1102.0,0,2,Wales,domestic league (tier 1)
2025/08/22,Premier League Wales,0,Llanelli Town,892,876.0,2 - 4,Briton Ferry Llansawel AFC,971,987.0,2,4,Wales,domestic league (tier 1)
2025/08/30,Premier League Wales,0,Llanelli Town,874,868.0,0 - 1,Bala Town,1134,1140.0,0,1,Wales,domestic league (tier 1)
2025/09/06,Premier League Wales,0,Llanelli Town,868,852.0,0 - 5,Flint Town United,1046,1062.0,0,5,Wales,domestic league (tier 1)
2025/09/20,Premier League Wales,0,Llanelli Town,849,848.0,0 - 0,Colwyn Bay FC,912,913.0,0,0,Wales,domestic league (tier 1)
2025/09/26,Premier League Wales,0,Llanelli Town,864,878.0,1 - 0,Haverfordwest County,1098,1084.0,1,0,Wales,domestic league (tier 1)
2025/10/07,Premier League Wales,0,Llanelli Town,875,866.0,1 - 3,Cardiff Metropolitan,1127,1136.0,1,3,Wales,domestic league (tier 1)
2025/10/17,Wales Cup,0,Llanelli Town,859,883.0,3 - 0,Haverfordwest County,1102,1078.0,3,0,Wales,domestic cup
2025/10/24,Premier League Wales,0,Llanelli Town,883,881.0,0 - 4,The New Saints,1512,1514.0,0,4,Wales,domestic league (tier 1)
2025/11/15,Premier League Wales,0,Llanelli Town,870,876.0,1 - 1,Caernarfon Town,1192,1186.0,1,1,Wales,domestic league (tier 1)
2025/11/21,Wales Cup,0,Llanelli Town,876,864.0,0 - 6,Barry Town United,1141,1153.0,0,6,Wales,domestic cup
2025/11/29,Premier League Wales,0,Llanelli Town,864,860.0,1 - 2,Connahs Quay Nomads,1230,1234.0,1,2,Wales,domestic league (tier 1)
2026/01/01,Premier League Wales,0,Llanelli Town,853,849.0,0 - 1,Penybont FC,1212,1216.0,0,1,Wales,domestic league (tier 1)
2026/02/07,Premier League Wales,0,Llanelli Town,840,829.0,0 - 2,Flint Town United,1031,1042.0,0,2,Wales,domestic league (tier 1)
2026/02/20,Premier League Wales,0,Llanelli Town,837,832.0,0 - 1,Haverfordwest County,1127,1132.0,0,1,Wales,domestic league (tier 1)
2026/03/13,Premier League Wales,0,Llanelli Town,839,826.0,0 - 2,Briton Ferry Llansawel AFC,992,1005.0,0,2,Wales,domestic league (tier 1)
2026/03/20,Premier League Wales,0,Llanelli Town,826,820.0,1 - 2,Cardiff Metropolitan,1073,1079.0,1,2,Wales,domestic league (tier 1)
2026/04/03,Premier League Wales,0,Llanelli Town,837,822.0,0 - 5,Bala Town,1024,1039.0,0,5,Wales,domestic league (tier 1)
2021/07/17,Wales League Cup,0,Llangefni Town FC,895,886.0,1 - 2,Prestatyn Town,940,949.0,1,2,Wales,domestic cup
2021/09/04,Wales Cup,0,Llanidloes Town FC,924,914.0,1 - 4,Bangor City,1188,1198.0,1,4,Wales,domestic cup
2022/07/23,Wales League Cup,0,Mold Alexandra,905,895.0,2 - 3,Holywell Town,864,874.0,2,3,Wales,domestic cup
2024/11/16,Wales Cup,0,Mold Alexandra,896,902.0,2 - 1,Briton Ferry Llansawel AFC,852,846.0,2,1,Wales,domestic cup
2025/10/18,Wales Cup,0,Mold Alexandra,901,900.0,1 - 2,The New Saints,1511,1512.0,1,2,Wales,domestic cup
2016/08/13,Premier League Wales,0,Newtown AFC,1140,1141.0,0 - 0,Bala Town,1284,1283.0,0,0,Wales,domestic league (tier 1)
2016/08/20,Premier League Wales,0,Newtown AFC,1141,1150.0,4 - 2,Carmarthen Town,1094,1085.0,4,2,Wales,domestic league (tier 1)
2016/09/04,Premier League Wales,0,Newtown AFC,1137,1130.0,1 - 1,Cefn Druids,935,942.0,1,1,Wales,domestic league (tier 1)
2016/09/17,Premier League Wales,0,Newtown AFC,1133,1128.0,3 - 3,Rhyl FC,1050,1055.0,3,3,Wales,domestic league (tier 1)
2016/09/24,Premier League Wales,0,Newtown AFC,1113,1096.0,2 - 4,Airbus UK,1158,1175.0,2,4,Wales,domestic league (tier 1)
2016/10/23,Premier League Wales,0,Newtown AFC,1081,1078.0,0 - 1,The New Saints,1516,1519.0,0,1,Wales,domestic league (tier 1)
2016/10/29,Premier League Wales,0,Newtown AFC,1069,1067.0,0 - 0,Llandudno FC,1113,1115.0,0,0,Wales,domestic league (tier 1)
2016/11/13,Premier League Wales,0,Newtown AFC,1089,1078.0,1 - 2,Bangor City,1145,1156.0,1,2,Wales,domestic league (tier 1)
2016/11/19,Premier League Wales,0,Newtown AFC,1078,1090.0,2 - 1,Connahs Quay Nomads (as GAP Connahs Quay FC),1258,1246.0,2,1,Wales,domestic league (tier 1)
2016/12/17,Premier League Wales,0,Newtown AFC,1091,1076.0,0 - 1,Cardiff Metropolitan,981,996.0,0,1,Wales,domestic league (tier 1)
2016/12/31,Premier League Wales,0,Newtown AFC,1069,1067.0,2 - 2,Aberystwyth Town,1086,1088.0,2,2,Wales,domestic league (tier 1)
2017/02/11,Premier League Wales,0,Newtown AFC,1089,1094.0,3 - 2,Rhyl FC,991,986.0,3,2,Wales,domestic league (tier 1)
2017/03/04,Premier League Wales,0,Newtown AFC,1103,1112.0,4 - 1,Airbus UK,1028,1019.0,4,1,Wales,domestic league (tier 1)
2017/03/19,Premier League Wales,0,Newtown AFC,1131,1127.0,2 - 2,Llandudno FC,1090,1094.0,2,2,Wales,domestic league (tier 1)
2017/04/08,Premier League Wales,0,Newtown AFC,1141,1135.0,1 - 1,Cefn Druids,994,1000.0,1,1,Wales,domestic league (tier 1)
2017/04/22,Premier League Wales,0,Newtown AFC,1157,1165.0,6 - 1,Aberystwyth Town,1014,1006.0,6,1,Wales,domestic league (tier 1)
2017/08/18,Premier League Wales,0,Newtown AFC,1150,1144.0,1 - 1,Cefn Druids,997,1003.0,1,1,Wales,domestic league (tier 1)
2017/08/26,Premier League Wales,0,Newtown AFC,1144,1153.0,4 - 1,Carmarthen Town,1063,1054.0,4,1,Wales,domestic league (tier 1)
2017/09/16,Premier League Wales,0,Newtown AFC,1148,1154.0,4 - 0,Aberystwyth Town,975,969.0,4,0,Wales,domestic league (tier 1)
2017/09/30,Premier League Wales,0,Newtown AFC,1151,1142.0,0 - 1,Connahs Quay Nomads (as GAP Connahs Quay FC),1277,1286.0,0,1,Wales,domestic league (tier 1)
2017/10/12,Premier League Wales,0,Newtown AFC,1144,1127.0,1 - 3,Bala Town,1192,1209.0,1,3,Wales,domestic league (tier 1)
2017/11/04,Premier League Wales,0,Newtown AFC,1119,1107.0,1 - 2,Bangor City,1150,1162.0,1,2,Wales,domestic league (tier 1)
2017/11/18,Premier League Wales,0,Newtown AFC,1118,1128.0,3 - 0,Barry Town United,1056,1046.0,3,0,Wales,domestic league (tier 1)
2017/12/14,Premier League Wales,0,Newtown AFC,1108,1114.0,2 - 1,Llandudno FC,1066,1060.0,2,1,Wales,domestic league (tier 1)
2017/12/26,Premier League Wales,0,Newtown AFC,1107,1104.0,2 - 3,The New Saints,1493,1496.0,2,3,Wales,domestic league (tier 1)
2018/01/09,Premier League Wales,0,Newtown AFC,1124,1131.0,3 - 2,Cardiff Metropolitan,1134,1127.0,3,2,Wales,domestic league (tier 1)
2018/01/13,Premier League Wales,0,Newtown AFC,1131,1136.0,3 - 0,Prestatyn Town,911,906.0,3,0,Wales,domestic league (tier 1)
2018/02/17,Premier League Wales,0,Newtown AFC,1133,1118.0,1 - 2,Barry Town United,1048,1063.0,1,2,Wales,domestic league (tier 1)
2018/03/10,Premier League Wales,0,Newtown AFC,1141,1126.0,0 - 1,Aberystwyth Town,1070,1085.0,0,1,Wales,domestic league (tier 1)
2018/03/24,Premier League Wales,0,Newtown AFC,1126,1131.0,3 - 2,Llandudno FC,1029,1024.0,3,2,Wales,domestic league (tier 1)
2018/03/31,Premier League Wales,0,Newtown AFC,1131,1115.0,2 - 3,Carmarthen Town,991,1007.0,2,3,Wales,domestic league (tier 1)
2018/04/21,Premier League Wales,0,Newtown AFC,1109,1114.0,3 - 0,Prestatyn Town,881,876.0,3,0,Wales,domestic league (tier 1)
2018/08/17,Premier League Wales,0,Newtown AFC,1093,1099.0,2 - 0,Caernarfon Town,958,952.0,2,0,Wales,domestic league (tier 1)
2018/09/01,Premier League Wales,0,Newtown AFC,1099,1112.0,2 - 0,Bala Town,1143,1130.0,2,0,Wales,domestic league (tier 1)
2018/09/22,Premier League Wales,0,Newtown AFC,1090,1097.0,2 - 1,Cardiff Metropolitan,1078,1071.0,2,1,Wales,domestic league (tier 1)
2018/10/06,Premier League Wales,0,Newtown AFC,1113,1125.0,2 - 0,Barry Town United,1142,1130.0,2,0,Wales,domestic league (tier 1)
2018/10/27,Premier League Wales,0,Newtown AFC,1134,1140.0,1 - 1,The New Saints,1467,1461.0,1,1,Wales,domestic league (tier 1)
2018/11/10,Premier League Wales,0,Newtown AFC,1141,1148.0,7 - 1,Llanelli Town,973,966.0,7,1,Wales,domestic league (tier 1)
2018/11/21,Premier League Wales,0,Newtown AFC,1148,1150.0,1 - 1,Connahs Quay Nomads (as GAP Connahs Quay FC),1304,1302.0,1,1,Wales,domestic league (tier 1)
2018/12/15,Premier League Wales,0,Newtown AFC,1122,1128.0,3 - 1,Llandudno FC,976,970.0,3,1,Wales,domestic league (tier 1)
2018/12/22,Premier League Wales,0,Newtown AFC,1128,1122.0,1 - 1,Carmarthen Town,1010,1016.0,1,1,Wales,domestic league (tier 1)
2018/12/30,Premier League Wales,0,Newtown AFC,1140,1145.0,2 - 1,Aberystwyth Town,1069,1064.0,2,1,Wales,domestic league (tier 1)
2019/01/12,Premier League Wales,0,Newtown AFC,1141,1136.0,1 - 1,Cefn Druids,1062,1067.0,1,1,Wales,domestic league (tier 1)
2019/02/02,Premier League Wales,0,Newtown AFC,1136,1128.0,1 - 2,Connahs Quay Nomads (as GAP Connahs Quay FC),1310,1318.0,1,2,Wales,domestic league (tier 1)
2019/02/16,Premier League Wales,0,Newtown AFC,1125,1132.0,3 - 2,Caernarfon Town,1100,1093.0,3,2,Wales,domestic league (tier 1)
2019/03/09,Premier League Wales,0,Newtown AFC,1136,1151.0,3 - 0,Barry Town United,1190,1175.0,3,0,Wales,domestic league (tier 1)
2019/04/06,Premier League Wales,0,Newtown AFC,1146,1137.0,0 - 6,The New Saints,1484,1493.0,0,6,Wales,domestic league (tier 1)
2019/04/19,Premier League Wales,0,Newtown AFC,1122,1109.0,2 - 3,Bala Town,1108,1121.0,2,3,Wales,domestic league (tier 1)
2019/05/10,Premier League Wales,0,Newtown AFC,1131,1118.0,1 - 2,Bala Town,1128,1141.0,1,2,Wales,domestic league (tier 1)
2019/08/16,Premier League Wales,0,Newtown AFC,1118,1114.0,0 - 0,Cefn Druids,1088,1092.0,0,0,Wales,domestic league (tier 1)
2019/08/26,Premier League Wales,0,Newtown AFC,1125,1118.0,1 - 1,Penybont FC,894,901.0,1,1,Wales,domestic league (tier 1)
2019/09/14,Premier League Wales,0,Newtown AFC,1112,1121.0,1 - 0,Bala Town,1177,1168.0,1,0,Wales,domestic league (tier 1)
2019/09/20,Premier League Wales,0,Newtown AFC,1121,1124.0,1 - 1,Connahs Quay Nomads,1339,1336.0,1,1,Wales,domestic league (tier 1)
2019/10/05,Premier League Wales,0,Newtown AFC,1118,1107.0,2 - 3,Barry Town United,1195,1206.0,2,3,Wales,domestic league (tier 1)
2019/10/25,Premier League Wales,0,Newtown AFC,1100,1110.0,1 - 0,Cardiff Metropolitan,1198,1188.0,1,0,Wales,domestic league (tier 1)
2019/11/08,Premier League Wales,0,Newtown AFC,1100,1112.0,3 - 1,Caernarfon Town,1125,1113.0,3,1,Wales,domestic league (tier 1)
2019/12/14,Premier League Wales,0,Newtown AFC,1137,1141.0,1 - 0,Carmarthen Town,1004,1000.0,1,0,Wales,domestic league (tier 1)
2019/12/26,Premier League Wales,0,Newtown AFC,1151,1146.0,0 - 0,Aberystwyth Town,1045,1050.0,0,0,Wales,domestic league (tier 1)
2020/01/10,Premier League Wales,0,Newtown AFC,1156,1149.0,0 - 2,The New Saints,1465,1472.0,0,2,Wales,domestic league (tier 1)
2020/01/18,Premier League Wales,0,Newtown AFC,1149,1142.0,0 - 0,Airbus UK,922,929.0,0,0,Wales,domestic league (tier 1)
2020/02/22,Premier League Wales,0,Newtown AFC,1167,1155.0,1 - 2,Bala Town,1209,1221.0,1,2,Wales,domestic league (tier 1)
2020/09/15,Premier League Wales,0,Newtown AFC,1125,1111.0,2 - 3,Caernarfon Town,1093,1107.0,2,3,Wales,domestic league (tier 1)
2020/09/25,Premier League Wales,0,Newtown AFC,1108,1104.0,1 - 1,Aberystwyth Town,1052,1056.0,1,1,Wales,domestic league (tier 1)
2020/09/29,Premier League Wales,0,Newtown AFC,1104,1115.0,4 - 1,Cefn Druids,1072,1061.0,4,1,Wales,domestic league (tier 1)
2020/10/10,Premier League Wales,0,Newtown AFC,1101,1100.0,1 - 1,Barry Town United,1173,1174.0,1,1,Wales,domestic league (tier 1)
2020/10/17,Premier League Wales,0,Newtown AFC,1100,1087.0,0 - 2,Bala Town,1253,1266.0,0,2,Wales,domestic league (tier 1)
2020/11/14,Premier League Wales,0,Newtown AFC,1087,1090.0,3 - 2,Flint Town United,916,913.0,3,2,Wales,domestic league (tier 1)
2020/12/15,Premier League Wales,0,Newtown AFC,1083,1077.0,0 - 4,The New Saints,1474,1480.0,0,4,Wales,domestic league (tier 1)
2021/03/02,Premier League Wales,0,Newtown AFC,1080,1089.0,2 - 0,Penybont FC,1031,1022.0,2,0,Wales,domestic league (tier 1)
2021/03/13,Premier League Wales,0,Newtown AFC,1103,1115.0,4 - 1,Cardiff Metropolitan,1085,1073.0,4,1,Wales,domestic league (tier 1)
2021/03/27,Premier League Wales,0,Newtown AFC,1105,1078.0,0 - 3,Haverfordwest County,980,1007.0,0,3,Wales,domestic league (tier 1)
2021/04/02,Premier League Wales,0,Newtown AFC,1078,1070.0,1 - 5,Connahs Quay Nomads,1411,1419.0,1,5,Wales,domestic league (tier 1)
2021/04/17,Premier League Wales,0,Newtown AFC,1084,1094.0,5 - 1,Haverfordwest County,998,988.0,5,1,Wales,domestic league (tier 1)
2021/04/24,Premier League Wales,0,Newtown AFC,1108,1115.0,5 - 0,Cefn Druids,940,933.0,5,0,Wales,domestic league (tier 1)
2021/04/27,Premier League Wales,0,Newtown AFC,1115,1119.0,1 - 0,Flint Town United,953,949.0,1,0,Wales,domestic league (tier 1)
2021/05/04,Premier League Wales,0,Newtown AFC,1135,1121.0,2 - 3,Cardiff Metropolitan,1085,1099.0,2,3,Wales,domestic league (tier 1)
2021/05/15,Premier League Wales,0,Newtown AFC,1129,1100.0,0 - 4,Aberystwyth Town,1015,1044.0,0,4,Wales,domestic league (tier 1)
2021/08/15,Premier League Wales,0,Newtown AFC,1127,1121.0,1 - 4,The New Saints,1512,1518.0,1,4,Wales,domestic league (tier 1)
2021/08/31,Premier League Wales,0,Newtown AFC,1141,1145.0,5 - 0,Cefn Druids,842,838.0,5,0,Wales,domestic league (tier 1)
2021/09/17,Premier League Wales,0,Newtown AFC,1126,1111.0,1 - 2,Aberystwyth Town,1024,1039.0,1,2,Wales,domestic league (tier 1)
2021/09/21,Wales League Cup,0,Newtown AFC,1111,1121.0,5 - 0,Caernarfon Town,1100,1090.0,5,0,Wales,domestic cup
2021/09/25,Wales Cup,0,Newtown AFC,1121,1115.0,1 - 1,Carmarthen Town,983,989.0,1,1,Wales,domestic cup
2021/10/09,Premier League Wales,0,Newtown AFC,1137,1146.0,3 - 1,Penybont FC,1097,1088.0,3,1,Wales,domestic league (tier 1)
2021/10/23,Premier League Wales,0,Newtown AFC,1172,1177.0,1 - 0,Caernarfon Town,1099,1094.0,1,0,Wales,domestic league (tier 1)
2021/11/09,Premier League Wales,0,Newtown AFC,1166,1165.0,3 - 3,Bala Town,1231,1232.0,3,3,Wales,domestic league (tier 1)
2021/12/04,Premier League Wales,0,Newtown AFC,1163,1168.0,2 - 1,Barry Town United,1079,1074.0,2,1,Wales,domestic league (tier 1)
2021/12/18,Premier League Wales,0,Newtown AFC,1181,1188.0,2 - 0,Flint Town United,1073,1066.0,2,0,Wales,domestic league (tier 1)
2022/01/22,Premier League Wales,0,Newtown AFC,1188,1181.0,1 - 1,Haverfordwest County,973,980.0,1,1,Wales,domestic league (tier 1)
2022/02/19,Premier League Wales,0,Newtown AFC,1176,1172.0,0 - 0,Cardiff Metropolitan,1121,1125.0,0,0,Wales,domestic league (tier 1)
2022/02/26,Premier League Wales,0,Newtown AFC,1172,1160.0,0 - 2,Connahs Quay Nomads,1342,1354.0,0,2,Wales,domestic league (tier 1)
2022/03/04,Premier League Wales,0,Newtown AFC,1160,1143.0,0 - 2,Bala Town,1225,1242.0,0,2,Wales,domestic league (tier 1)
2022/03/22,Premier League Wales,0,Newtown AFC,1166,1152.0,1 - 2,Penybont FC,1132,1146.0,1,2,Wales,domestic league (tier 1)
2022/04/02,Premier League Wales,0,Newtown AFC,1171,1176.0,2 - 1,Flint Town United,1071,1066.0,2,1,Wales,domestic league (tier 1)
2022/04/09,Premier League Wales,0,Newtown AFC,1193,1198.0,1 - 0,Caernarfon Town,1119,1114.0,1,0,Wales,domestic league (tier 1)
2022/04/18,Premier League Wales,0,Newtown AFC,1193,1186.0,0 - 2,The New Saints,1500,1507.0,0,2,Wales,domestic league (tier 1)
2022/08/13,Premier League Wales,0,Newtown AFC,1182,1187.0,0 - 0,The New Saints,1496,1491.0,0,0,Wales,domestic league (tier 1)
2022/08/19,Premier League Wales,0,Newtown AFC,1187,1163.0,0 - 2,Flint Town United,1061,1085.0,0,2,Wales,domestic league (tier 1)
2022/08/30,Premier League Wales,0,Newtown AFC,1155,1162.0,2 - 1,Caernarfon Town,1131,1124.0,2,1,Wales,domestic league (tier 1)
2022/09/17,Premier League Wales,0,Newtown AFC,1172,1157.0,2 - 3,Penybont FC,1089,1104.0,2,3,Wales,domestic league (tier 1)
2022/09/27,Premier League Wales,0,Newtown AFC,1153,1140.0,0 - 2,Bala Town,1303,1316.0,0,2,Wales,domestic league (tier 1)
2022/10/22,Premier League Wales,0,Newtown AFC,1149,1136.0,0 - 1,Cardiff Metropolitan,1124,1137.0,0,1,Wales,domestic league (tier 1)
2022/11/05,Premier League Wales,0,Newtown AFC,1132,1134.0,2 - 1,Airbus UK,855,853.0,2,1,Wales,domestic league (tier 1)
2022/12/11,Premier League Wales,0,Newtown AFC,1178,1185.0,2 - 0,Haverfordwest County,1057,1050.0,2,0,Wales,domestic league (tier 1)
2022/12/16,Premier League Wales,0,Newtown AFC,1185,1188.0,4 - 2,Pontypridd United,906,903.0,4,2,Wales,domestic league (tier 1)
2022/12/30,Premier League Wales,0,Newtown AFC,1187,1193.0,6 - 1,Aberystwyth Town,992,986.0,6,1,Wales,domestic league (tier 1)
2023/01/07,Premier League Wales,0,Newtown AFC,1193,1195.0,0 - 0,Connahs Quay Nomads,1350,1348.0,0,0,Wales,domestic league (tier 1)
2023/02/11,Premier League Wales,0,Newtown AFC,1178,1180.0,1 - 1,Connahs Quay Nomads,1337,1335.0,1,1,Wales,domestic league (tier 1)
2023/02/25,Premier League Wales,0,Newtown AFC,1179,1190.0,3 - 2,Bala Town,1305,1294.0,3,2,Wales,domestic league (tier 1)
2023/03/18,Premier League Wales,0,Newtown AFC,1192,1179.0,0 - 1,Penybont FC,1196,1209.0,0,1,Wales,domestic league (tier 1)
2023/04/01,Premier League Wales,0,Newtown AFC,1173,1166.0,0 - 5,The New Saints,1532,1539.0,0,5,Wales,domestic league (tier 1)
2023/04/15,Premier League Wales,0,Newtown AFC,1182,1168.0,1 - 2,Cardiff Metropolitan,1152,1166.0,1,2,Wales,domestic league (tier 1)
2023/08/12,Premier League Wales,0,Newtown AFC,1179,1161.0,1 - 3,Penybont FC,1198,1216.0,1,3,Wales,domestic league (tier 1)
2023/08/26,Premier League Wales,0,Newtown AFC,1151,1145.0,0 - 0,Aberystwyth Town,1006,1012.0,0,0,Wales,domestic league (tier 1)
2023/09/01,Premier League Wales,0,Newtown AFC,1140,1148.0,2 - 1,Cardiff Metropolitan,1182,1174.0,2,1,Wales,domestic league (tier 1)
2023/09/16,Premier League Wales,0,Newtown AFC,1169,1174.0,2 - 0,Barry Town United,976,971.0,2,0,Wales,domestic league (tier 1)
2023/09/30,Premier League Wales,0,Newtown AFC,1187,1195.0,1 - 0,Bala Town,1201,1193.0,1,0,Wales,domestic league (tier 1)
2023/10/07,Premier League Wales,0,Newtown AFC,1195,1204.0,4 - 0,Caernarfon Town,1092,1083.0,4,0,Wales,domestic league (tier 1)
2023/10/28,Premier League Wales,0,Newtown AFC,1196,1190.0,1 - 1,Haverfordwest County,1065,1071.0,1,1,Wales,domestic league (tier 1)
2023/11/04,Premier League Wales,0,Newtown AFC,1190,1185.0,0 - 2,The New Saints,1562,1567.0,0,2,Wales,domestic league (tier 1)
2023/11/11,Wales Cup,0,Newtown AFC,1185,1176.0,1 - 1,Colwyn Bay FC,779,788.0,1,1,Wales,domestic cup
2023/11/28,Premier League Wales,0,Newtown AFC,1186,1190.0,3 - 1,Pontypridd United,973,969.0,3,1,Wales,domestic league (tier 1)
2023/12/02,Premier League Wales,0,Newtown AFC,1190,1192.0,4 - 2,Colwyn Bay FC,832,830.0,4,2,Wales,domestic league (tier 1)
2023/12/26,Premier League Wales,0,Newtown AFC,1192,1183.0,1 - 2,Connahs Quay Nomads,1344,1353.0,1,2,Wales,domestic league (tier 1)
2024/02/10,Premier League Wales,0,Newtown AFC,1150,1143.0,2 - 3,Connahs Quay Nomads,1341,1348.0,2,3,Wales,domestic league (tier 1)
2024/02/24,Premier League Wales,0,Newtown AFC,1143,1123.0,1 - 5,Bala Town,1223,1243.0,1,5,Wales,domestic league (tier 1)
2024/03/09,Premier League Wales,0,Newtown AFC,1115,1128.0,2 - 0,Cardiff Metropolitan,1179,1166.0,2,0,Wales,domestic league (tier 1)
2024/03/16,Premier League Wales,0,Newtown AFC,1128,1126.0,0 - 1,The New Saints,1614,1616.0,0,1,Wales,domestic league (tier 1)
2024/04/13,Premier League Wales,0,Newtown AFC,1139,1152.0,5 - 0,Caernarfon Town,1103,1090.0,5,0,Wales,domestic league (tier 1)
2024/08/04,Wales League Cup,0,Newtown AFC,1171,1168.0,2 - 2,Caernarfon Town,1105,1108.0,2,2,Wales,domestic cup
2024/08/09,Premier League Wales,0,Newtown AFC,1168,1173.0,4 - 1,Aberystwyth Town,958,953.0,4,1,Wales,domestic league (tier 1)
2024/08/23,Premier League Wales,0,Newtown AFC,1176,1148.0,0 - 4,Caernarfon Town,1095,1123.0,0,4,Wales,domestic league (tier 1)
2024/09/07,Premier League Wales,0,Newtown AFC,1142,1144.0,1 - 0,Briton Ferry Llansawel AFC,826,824.0,1,0,Wales,domestic league (tier 1)
2024/09/13,Premier League Wales,0,Newtown AFC,1144,1152.0,2 - 1,Cardiff Metropolitan,1162,1154.0,2,1,Wales,domestic league (tier 1)
2024/09/27,Premier League Wales,0,Newtown AFC,1162,1156.0,1 - 6,The New Saints,1560,1566.0,1,6,Wales,domestic league (tier 1)
2024/10/04,Premier League Wales,0,Newtown AFC,1156,1131.0,2 - 4,Flint Town United,986,1011.0,2,4,Wales,domestic league (tier 1)
2024/10/15,Premier League Wales,0,Newtown AFC,1145,1121.0,2 - 4,Barry Town United,1008,1032.0,2,4,Wales,domestic league (tier 1)
2024/11/02,Premier League Wales,0,Newtown AFC,1115,1114.0,0 - 0,Bala Town,1197,1198.0,0,0,Wales,domestic league (tier 1)
2024/11/30,Premier League Wales,0,Newtown AFC,1096,1081.0,0 - 3,Connahs Quay Nomads,1237,1252.0,0,3,Wales,domestic league (tier 1)
2024/12/26,Premier League Wales,0,Newtown AFC,1068,1051.0,0 - 2,Haverfordwest County,1133,1150.0,0,2,Wales,domestic league (tier 1)
2025/01/14,Premier League Wales,0,Newtown AFC,1037,1030.0,1 - 2,Penybont FC,1248,1255.0,1,2,Wales,domestic league (tier 1)
2025/01/24,Premier League Wales,0,Newtown AFC,1030,1025.0,2 - 2,Briton Ferry Llansawel AFC,934,939.0,2,2,Wales,domestic league (tier 1)
2025/02/08,Premier League Wales,0,Newtown AFC,1022,1020.0,1 - 1,Barry Town United,1068,1070.0,1,1,Wales,domestic league (tier 1)
2025/03/07,Premier League Wales,0,Newtown AFC,1030,1027.0,2 - 2,Flint Town United,1021,1024.0,2,2,Wales,domestic league (tier 1)
2025/03/21,Premier League Wales,0,Newtown AFC,1027,1020.0,2 - 3,Connahs Quay Nomads,1219,1226.0,2,3,Wales,domestic league (tier 1)
2025/04/12,Premier League Wales,0,Newtown AFC,1014,998.0,2 - 3,Aberystwyth Town,886,902.0,2,3,Wales,domestic league (tier 1)
2025/09/10,Wales League Cup,0,Newtown AFC,987,989.0,1 - 1,Bala Town,1160,1158.0,1,1,Wales,domestic cup
2025/10/18,Wales Cup,0,Newtown AFC,989,975.0,0 - 3,Caernarfon Town,1159,1173.0,0,3,Wales,domestic cup
2025/11/04,Wales League Cup,0,Newtown AFC,975,957.0,3 - 6,Llandudno FC,932,950.0,3,6,Wales,domestic cup
2019/08/16,Premier League Wales,0,Penybont FC,907,901.0,1 - 2,Barry Town United,1150,1156.0,1,2,Wales,domestic league (tier 1)
2019/08/23,Premier League Wales,0,Penybont FC,901,894.0,1 - 3,Cardiff Metropolitan,1197,1204.0,1,3,Wales,domestic league (tier 1)
2019/09/07,Premier League Wales,0,Penybont FC,901,890.0,1 - 6,Bala Town,1166,1177.0,1,6,Wales,domestic league (tier 1)
2019/09/21,Premier League Wales,0,Penybont FC,887,901.0,3 - 1,Airbus UK,958,944.0,3,1,Wales,domestic league (tier 1)
2019/10/04,Premier League Wales,0,Penybont FC,898,899.0,1 - 1,Aberystwyth Town,1035,1034.0,1,1,Wales,domestic league (tier 1)
2019/10/19,Premier League Wales,0,Penybont FC,899,898.0,2 - 3,The New Saints,1455,1456.0,2,3,Wales,domestic league (tier 1)
2019/10/27,Premier League Wales,0,Penybont FC,898,890.0,2 - 3,Cefn Druids,1061,1069.0,2,3,Wales,domestic league (tier 1)
2019/11/30,Premier League Wales,0,Penybont FC,908,916.0,0 - 0,Connahs Quay Nomads,1373,1365.0,0,0,Wales,domestic league (tier 1)
2019/12/21,Premier League Wales,0,Penybont FC,924,914.0,0 - 2,Newtown AFC,1141,1151.0,0,2,Wales,domestic league (tier 1)
2020/01/01,Premier League Wales,0,Penybont FC,909,909.0,1 - 1,Carmarthen Town,996,996.0,1,1,Wales,domestic league (tier 1)
2020/01/04,Premier League Wales,0,Penybont FC,909,912.0,0 - 0,Caernarfon Town,1116,1113.0,0,0,Wales,domestic league (tier 1)
2020/02/07,Premier League Wales,0,Penybont FC,919,908.0,1 - 2,Carmarthen Town,983,994.0,1,2,Wales,domestic league (tier 1)
2020/03/06,Premier League Wales,0,Penybont FC,924,945.0,2 - 0,Cardiff Metropolitan,1176,1155.0,2,0,Wales,domestic league (tier 1)
2020/09/15,Premier League Wales,0,Penybont FC,951,951.0,1 - 1,Aberystwyth Town,1045,1045.0,1,1,Wales,domestic league (tier 1)
2020/09/26,Premier League Wales,0,Penybont FC,950,941.0,1 - 5,Bala Town,1247,1256.0,1,5,Wales,domestic league (tier 1)
2020/10/03,Premier League Wales,0,Penybont FC,958,970.0,2 - 1,Newtown AFC,1115,1103.0,2,1,Wales,domestic league (tier 1)
2020/10/10,Premier League Wales,0,Penybont FC,992,988.0,0 - 4,The New Saints,1481,1485.0,0,4,Wales,domestic league (tier 1)
2020/11/29,Premier League Wales,0,Penybont FC,1005,1003.0,1 - 1,Cefn Druids,1020,1022.0,1,1,Wales,domestic league (tier 1)
2020/12/05,Premier League Wales,0,Penybont FC,1003,1022.0,6 - 0,Caernarfon Town,1066,1047.0,6,0,Wales,domestic league (tier 1)
2020/12/15,Premier League Wales,0,Penybont FC,1022,1032.0,1 - 0,Cardiff Metropolitan,1109,1099.0,1,0,Wales,domestic league (tier 1)
2021/03/13,Premier League Wales,0,Penybont FC,1048,1054.0,0 - 0,Connahs Quay Nomads,1401,1395.0,0,0,Wales,domestic league (tier 1)
2021/03/16,Premier League Wales,0,Penybont FC,1054,1064.0,1 - 0,Barry Town United,1139,1129.0,1,0,Wales,domestic league (tier 1)
2021/03/20,Premier League Wales,0,Penybont FC,1064,1048.0,1 - 2,Flint Town United,906,922.0,1,2,Wales,domestic league (tier 1)
2021/04/02,Premier League Wales,0,Penybont FC,1050,1059.0,2 - 0,Haverfordwest County,1007,998.0,2,0,Wales,domestic league (tier 1)
2021/04/13,Premier League Wales,0,Penybont FC,1087,1079.0,2 - 3,Bala Town,1241,1249.0,2,3,Wales,domestic league (tier 1)
2021/04/24,Premier League Wales,0,Penybont FC,1083,1094.0,2 - 0,Caernarfon Town,1079,1068.0,2,0,Wales,domestic league (tier 1)
2021/04/27,Premier League Wales,0,Penybont FC,1094,1107.0,2 - 0,Barry Town United,1149,1136.0,2,0,Wales,domestic league (tier 1)
2021/05/04,Premier League Wales,0,Penybont FC,1109,1102.0,0 - 3,The New Saints,1452,1459.0,0,3,Wales,domestic league (tier 1)
2021/05/15,Premier League Wales,0,Penybont FC,1098,1092.0,0 - 2,Connahs Quay Nomads,1429,1435.0,0,2,Wales,domestic league (tier 1)
2021/05/23,Premier League Wales,0,Penybont FC,1092,1079.0,0 - 1,Newtown AFC,1100,1113.0,0,1,Wales,domestic league (tier 1)
2021/08/21,Premier League Wales,0,Penybont FC,1086,1084.0,1 - 1,Newtown AFC,1121,1123.0,1,1,Wales,domestic league (tier 1)
2021/08/28,Premier League Wales,0,Penybont FC,1084,1090.0,1 - 1,Connahs Quay Nomads,1427,1421.0,1,1,Wales,domestic league (tier 1)
2021/09/11,Premier League Wales,0,Penybont FC,1083,1090.0,1 - 1,The New Saints,1521,1514.0,1,1,Wales,domestic league (tier 1)
2021/10/02,Premier League Wales,0,Penybont FC,1100,1097.0,1 - 1,Caernarfon Town,1097,1100.0,1,1,Wales,domestic league (tier 1)
2021/10/12,Premier League Wales,0,Penybont FC,1088,1093.0,2 - 1,Haverfordwest County,997,992.0,2,1,Wales,domestic league (tier 1)
2021/10/16,Wales Cup,0,Penybont FC,1093,1090.0,0 - 0,Caernarfon Town,1096,1099.0,0,0,Wales,domestic cup
2021/10/30,Premier League Wales,0,Penybont FC,1109,1120.0,1 - 0,Bala Town,1261,1250.0,1,0,Wales,domestic league (tier 1)
2021/11/09,Premier League Wales,0,Penybont FC,1107,1114.0,2 - 1,Cardiff Metropolitan,1108,1101.0,2,1,Wales,domestic league (tier 1)
2021/12/11,Premier League Wales,0,Penybont FC,1134,1137.0,7 - 1,Cefn Druids,799,796.0,7,1,Wales,domestic league (tier 1)
2022/01/21,Premier League Wales,0,Penybont FC,1136,1144.0,4 - 0,Aberystwyth Town,1019,1011.0,4,0,Wales,domestic league (tier 1)
2022/02/04,Premier League Wales,0,Penybont FC,1142,1152.0,4 - 0,Barry Town United,1067,1057.0,4,0,Wales,domestic league (tier 1)
2022/02/26,Premier League Wales,0,Penybont FC,1152,1147.0,1 - 1,Flint Town United,1067,1072.0,1,1,Wales,domestic league (tier 1)
2022/03/05,Premier League Wales,0,Penybont FC,1147,1123.0,0 - 3,Caernarfon Town,1102,1126.0,0,3,Wales,domestic league (tier 1)
2022/03/18,Wales Cup,0,Penybont FC,1132,1132.0,0 - 0,Bala Town,1243,1243.0,0,0,Wales,domestic cup
2022/04/02,Premier League Wales,0,Penybont FC,1136,1117.0,0 - 5,Bala Town,1249,1268.0,0,5,Wales,domestic league (tier 1)
2022/04/05,Premier League Wales,0,Penybont FC,1117,1100.0,0 - 2,Newtown AFC,1176,1193.0,0,2,Wales,domestic league (tier 1)
2022/04/09,Premier League Wales,0,Penybont FC,1100,1097.0,1 - 2,The New Saints,1495,1498.0,1,2,Wales,domestic league (tier 1)
2022/04/18,Premier League Wales,0,Penybont FC,1090,1065.0,0 - 3,Flint Town United,1036,1061.0,0,3,Wales,domestic league (tier 1)
2022/05/01,Wales Cup,0,Penybont FC,1058,1057.0,2 - 3,The New Saints,1509,1510.0,2,3,Wales,domestic cup
2022/08/14,Premier League Wales,0,Penybont FC,1060,1081.0,2 - 0,Bala Town,1307,1286.0,2,0,Wales,domestic league (tier 1)
2022/08/27,Premier League Wales,0,Penybont FC,1080,1087.0,2 - 1,Flint Town United,1085,1078.0,2,1,Wales,domestic league (tier 1)
2022/08/30,Premier League Wales,0,Penybont FC,1087,1093.0,3 - 2,Haverfordwest County,1060,1054.0,3,2,Wales,domestic league (tier 1)
2022/09/23,Premier League Wales,0,Penybont FC,1104,1112.0,3 - 1,Aberystwyth Town,1024,1016.0,3,1,Wales,domestic league (tier 1)
2022/09/27,Premier League Wales,0,Penybont FC,1112,1105.0,1 - 1,"Pontypridd United
(as Pontypridd Town)",884,891.0,1,1,Wales,domestic league (tier 1)
2022/10/22,Premier League Wales,0,Penybont FC,1119,1112.0,0 - 1,Connahs Quay Nomads,1338,1345.0,0,1,Wales,domestic league (tier 1)
2022/11/19,Premier League Wales,0,Penybont FC,1147,1154.0,0 - 0,The New Saints,1537,1530.0,0,0,Wales,domestic league (tier 1)
2022/12/26,Premier League Wales,0,Penybont FC,1150,1131.0,1 - 3,Cardiff Metropolitan,1144,1163.0,1,3,Wales,domestic league (tier 1)
2023/01/03,Premier League Wales,0,Penybont FC,1135,1138.0,2 - 0,Airbus UK,840,837.0,2,0,Wales,domestic league (tier 1)
2023/01/07,Premier League Wales,0,Penybont FC,1138,1149.0,5 - 1,Caernarfon Town,1077,1066.0,5,1,Wales,domestic league (tier 1)
2023/01/28,Premier League Wales,0,Penybont FC,1164,1178.0,3 - 0,Newtown AFC,1192,1178.0,3,0,Wales,domestic league (tier 1)
2023/02/05,Wales Cup,0,Penybont FC,1178,1180.0,2 - 1,Holywell Town,888,886.0,2,1,Wales,domestic cup
2023/02/17,Premier League Wales,0,Penybont FC,1186,1193.0,2 - 1,Cardiff Metropolitan,1185,1178.0,2,1,Wales,domestic league (tier 1)
2023/03/04,Wales Cup,0,Penybont FC,1202,1195.0,0 - 2,The New Saints,1522,1529.0,0,2,Wales,domestic cup
2023/03/11,Premier League Wales,0,Penybont FC,1195,1196.0,1 - 1,Connahs Quay Nomads,1327,1326.0,1,1,Wales,domestic league (tier 1)
2023/03/25,Premier League Wales,0,Penybont FC,1209,1209.0,2 - 2,Bala Town,1293,1293.0,2,2,Wales,domestic league (tier 1)
2023/04/08,Premier League Wales,0,Penybont FC,1221,1213.0,2 - 5,The New Saints,1539,1547.0,2,5,Wales,domestic league (tier 1)
2023/04/22,Premier League Wales,0,Penybont FC,1219,1225.0,2 - 1,Newtown AFC,1168,1162.0,2,1,Wales,domestic league (tier 1)
2023/08/04,Wales League Cup,0,Penybont FC,1204,1198.0,1 - 1,Afan Lido FC,858,864.0,1,1,Wales,domestic cup
2023/08/18,Premier League Wales,0,Penybont FC,1216,1223.0,2 - 0,Haverfordwest County,1097,1090.0,2,0,Wales,domestic league (tier 1)
2023/08/29,Premier League Wales,0,Penybont FC,1220,1216.0,0 - 0,Cardiff Metropolitan,1178,1182.0,0,0,Wales,domestic league (tier 1)
2023/09/09,Premier League Wales,0,Penybont FC,1209,1190.0,0 - 1,Colwyn Bay FC,745,764.0,0,1,Wales,domestic league (tier 1)
2023/09/16,Premier League Wales,0,Penybont FC,1190,1194.0,3 - 2,Caernarfon Town,1075,1071.0,3,2,Wales,domestic league (tier 1)
2023/09/26,Premier League Wales,0,Penybont FC,1200,1203.0,1 - 0,Barry Town United,993,990.0,1,0,Wales,domestic league (tier 1)
2023/10/07,Premier League Wales,0,Penybont FC,1197,1190.0,1 - 4,The New Saints,1551,1558.0,1,4,Wales,domestic league (tier 1)
2023/10/27,Premier League Wales,0,Penybont FC,1179,1153.0,0 - 2,Aberystwyth Town,956,982.0,0,2,Wales,domestic league (tier 1)
2023/11/19,Premier League Wales,0,Penybont FC,1165,1163.0,1 - 1,Newtown AFC,1184,1186.0,1,1,Wales,domestic league (tier 1)
2023/12/02,Premier League Wales,0,Penybont FC,1145,1128.0,0 - 2,Bala Town,1208,1225.0,0,2,Wales,domestic league (tier 1)
2023/12/31,Premier League Wales,0,Penybont FC,1154,1157.0,1 - 0,Pontypridd United,966,963.0,1,0,Wales,domestic league (tier 1)
2024/01/13,Premier League Wales,0,Penybont FC,1157,1149.0,0 - 1,Connahs Quay Nomads,1341,1349.0,0,1,Wales,domestic league (tier 1)
2024/02/10,Premier League Wales,0,Penybont FC,1153,1147.0,2 - 2,Barry Town United,986,992.0,2,2,Wales,domestic league (tier 1)
2024/02/23,Premier League Wales,0,Penybont FC,1147,1140.0,1 - 1,Aberystwyth Town,939,946.0,1,1,Wales,domestic league (tier 1)
2024/03/02,Premier League Wales,0,Penybont FC,1140,1124.0,0 - 1,Pontypridd United,1008,1024.0,0,1,Wales,domestic league (tier 1)
2024/03/16,Premier League Wales,0,Penybont FC,1135,1139.0,5 - 0,Colwyn Bay FC,841,837.0,5,0,Wales,domestic league (tier 1)
2024/04/21,Premier League Wales,0,Penybont FC,1166,1171.0,1 - 0,Haverfordwest County,1084,1079.0,1,0,Wales,domestic league (tier 1)
2024/08/16,Premier League Wales,0,Penybont FC,1177,1174.0,0 - 0,Newtown AFC,1173,1176.0,0,0,Wales,domestic league (tier 1)
2024/08/26,Premier League Wales,0,Penybont FC,1175,1180.0,5 - 1,Aberystwyth Town,968,963.0,5,1,Wales,domestic league (tier 1)
2024/09/07,Premier League Wales,0,Penybont FC,1194,1202.0,2 - 0,Caernarfon Town,1110,1102.0,2,0,Wales,domestic league (tier 1)
2024/09/17,Wales League Cup,0,Penybont FC,1217,1221.0,1 - 0,Haverfordwest County,1129,1125.0,1,0,Wales,domestic cup
2024/09/20,Premier League Wales,0,Penybont FC,1221,1238.0,2 - 1,The New Saints,1596,1579.0,2,1,Wales,domestic league (tier 1)
2024/09/24,Premier League Wales,0,Penybont FC,1238,1219.0,0 - 1,Briton Ferry Llansawel AFC,824,843.0,0,1,Wales,domestic league (tier 1)
2024/10/04,Premier League Wales,0,Penybont FC,1226,1231.0,4 - 1,Barry Town United,1007,1002.0,4,1,Wales,domestic league (tier 1)
2024/10/18,Wales Cup,0,Penybont FC,1239,1224.0,0 - 1,Cardiff Metropolitan,1147,1162.0,0,1,Wales,domestic cup
2024/10/26,Premier League Wales,0,Penybont FC,1215,1212.0,1 - 1,Bala Town,1194,1197.0,1,1,Wales,domestic league (tier 1)
2024/11/09,Premier League Wales,0,Penybont FC,1231,1235.0,3 - 1,Flint Town United,994,990.0,3,1,Wales,domestic league (tier 1)
2024/12/03,Premier League Wales,0,Penybont FC,1233,1239.0,1 - 0,Haverfordwest County,1166,1160.0,1,0,Wales,domestic league (tier 1)
2024/12/31,Premier League Wales,0,Penybont FC,1247,1241.0,2 - 2,Cardiff Metropolitan,1131,1137.0,2,2,Wales,domestic league (tier 1)
2025/01/04,Premier League Wales,0,Penybont FC,1241,1248.0,1 - 0,Connahs Quay Nomads,1250,1243.0,1,0,Wales,domestic league (tier 1)
2025/02/01,Premier League Wales,0,Penybont FC,1244,1239.0,0 - 0,Haverfordwest County,1167,1172.0,0,0,Wales,domestic league (tier 1)
2025/03/08,Premier League Wales,0,Penybont FC,1225,1231.0,3 - 2,Bala Town,1170,1164.0,3,2,Wales,domestic league (tier 1)
2025/03/14,Premier League Wales,0,Penybont FC,1231,1226.0,0 - 0,Cardiff Metropolitan,1153,1158.0,0,0,Wales,domestic league (tier 1)
2025/03/29,Premier League Wales,0,Penybont FC,1238,1253.0,1 - 0,The New Saints,1552,1537.0,1,0,Wales,domestic league (tier 1)
2025/04/13,Premier League Wales,0,Penybont FC,1253,1260.0,3 - 1,Caernarfon Town,1160,1153.0,3,1,Wales,domestic league (tier 1)
2025/08/16,Premier League Wales,0,Penybont FC,1257,1247.0,0 - 2,The New Saints,1480,1490.0,0,2,Wales,domestic league (tier 1)
2025/08/25,Premier League Wales,0,Penybont FC,1255,1257.0,2 - 0,Llanelli Town,876,874.0,2,0,Wales,domestic league (tier 1)
2025/08/30,Premier League Wales,0,Penybont FC,1257,1242.0,0 - 1,Connahs Quay Nomads,1175,1190.0,0,1,Wales,domestic league (tier 1)
2025/09/10,Wales League Cup,0,Penybont FC,1243,1237.0,2 - 2,Briton Ferry Llansawel AFC,978,984.0,2,2,Wales,domestic cup
2025/09/13,Premier League Wales,0,Penybont FC,1237,1244.0,5 - 0,Flint Town United,1062,1055.0,5,0,Wales,domestic league (tier 1)
2025/09/27,Premier League Wales,0,Penybont FC,1272,1273.0,1 - 0,Colwyn Bay FC,906,905.0,1,0,Wales,domestic league (tier 1)
2025/10/07,Premier League Wales,0,Penybont FC,1267,1270.0,2 - 1,Haverfordwest County,1094,1091.0,2,1,Wales,domestic league (tier 1)
2025/10/25,Premier League Wales,0,Penybont FC,1275,1252.0,0 - 2,Caernarfon Town,1173,1196.0,0,2,Wales,domestic league (tier 1)
2025/11/15,Premier League Wales,0,Penybont FC,1244,1247.0,2 - 1,Bala Town,1063,1060.0,2,1,Wales,domestic league (tier 1)
2025/12/09,Premier League Wales,0,Penybont FC,1232,1227.0,1 - 1,Barry Town United,1163,1168.0,1,1,Wales,domestic league (tier 1)
2025/12/13,Wales Cup,0,Penybont FC,1227,1220.0,0 - 0,Flint Town United,1035,1042.0,0,0,Wales,domestic cup
2025/12/26,Premier League Wales,0,Penybont FC,1220,1212.0,1 - 1,Briton Ferry Llansawel AFC,951,959.0,1,1,Wales,domestic league (tier 1)
2026/01/13,Premier League Wales,0,Penybont FC,1216,1211.0,1 - 1,Cardiff Metropolitan,1124,1129.0,1,1,Wales,domestic league (tier 1)
2026/01/24,Premier League Wales,0,Penybont FC,1211,1208.0,0 - 0,Caernarfon Town,1188,1191.0,0,0,Wales,domestic league (tier 1)
2026/02/14,Premier League Wales,0,Penybont FC,1203,1202.0,0 - 0,Connahs Quay Nomads,1268,1269.0,0,0,Wales,domestic league (tier 1)
2026/03/14,Premier League Wales,0,Penybont FC,1176,1171.0,1 - 2,The New Saints,1474,1479.0,1,2,Wales,domestic league (tier 1)
2026/03/28,Premier League Wales,0,Penybont FC,1166,1161.0,0 - 0,Colwyn Bay FC,1077,1082.0,0,0,Wales,domestic league (tier 1)
2026/04/03,Premier League Wales,0,Penybont FC,1161,1143.0,0 - 2,Barry Town United,1191,1209.0,0,2,Wales,domestic league (tier 1)
2026/05/02,Premier League Wales,0,Penybont FC,1135,1146.0,2 - 0,Haverfordwest County,1131,1120.0,2,0,Wales,domestic league (tier 1)
2026/08/02,Premier League Wales,0,Penybont FC,1119,1125.0,0 - 0,The New Saints,1444,1438.0,0,0,Wales,domestic league (tier 1)
2026/08/21,Premier League Wales,0,Penybont FC,1160,1164.0,2 - 1,Llandudno FC,997,993.0,2,1,Wales,domestic league (tier 1)
2026/08/28,Premier League Wales,0,Penybont FC,1164,1157.0,1 - 1,Flint Town United,983,990.0,1,1,Wales,domestic league (tier 1)
2026/09/05,Premier League Wales,0,Penybont FC,1152,,Info,Colwyn Bay FC,1071,,,,Wales,domestic league (tier 1)
2022/12/23,Premier League Wales,0,Pontypridd United,903,897.0,0 - 1,Penybont FC,1144,1150.0,0,1,Wales,domestic league (tier 1)
2022/12/26,Premier League Wales,0,Pontypridd United,897,909.0,3 - 2,Haverfordwest County,1052,1040.0,3,2,Wales,domestic league (tier 1)
2023/01/03,Premier League Wales,0,Pontypridd United,915,932.0,2 - 1,Bala Town,1327,1310.0,2,1,Wales,domestic league (tier 1)
2023/02/11,Premier League Wales,0,Pontypridd United,921,930.0,4 - 0,Airbus UK,816,807.0,4,0,Wales,domestic league (tier 1)
2023/02/25,Premier League Wales,0,Pontypridd United,934,944.0,2 - 1,Haverfordwest County,1051,1041.0,2,1,Wales,domestic league (tier 1)
2023/03/11,Premier League Wales,0,Pontypridd United,944,955.0,1 - 0,Caernarfon Town,1081,1070.0,1,0,Wales,domestic league (tier 1)
2023/04/01,Premier League Wales,0,Pontypridd United,973,971.0,1 - 1,Aberystwyth Town,1000,1002.0,1,1,Wales,domestic league (tier 1)
2023/04/22,Premier League Wales,0,Pontypridd United,979,987.0,3 - 2,Flint Town United,1016,1008.0,3,2,Wales,domestic league (tier 1)
2023/08/19,Premier League Wales,0,Pontypridd United,1005,1004.0,0 - 1,The New Saints,1552,1553.0,0,1,Wales,domestic league (tier 1)
2023/08/25,Premier League Wales,0,Pontypridd United,1004,1007.0,0 - 0,Penybont FC,1223,1220.0,0,0,Wales,domestic league (tier 1)
2023/09/02,Premier League Wales,0,Pontypridd United,1020,1026.0,1 - 0,Barry Town United,989,983.0,1,0,Wales,domestic league (tier 1)
2023/09/16,Premier League Wales,0,Pontypridd United,1020,1023.0,0 - 0,Bala Town,1244,1241.0,0,0,Wales,domestic league (tier 1)
2023/09/26,Premier League Wales,0,Pontypridd United,1025,1017.0,0 - 1,Newtown AFC,1179,1187.0,0,1,Wales,domestic league (tier 1)
2023/10/07,Premier League Wales,0,Pontypridd United,1016,1029.0,2 - 0,Haverfordwest County,1073,1060.0,2,0,Wales,domestic league (tier 1)
2023/10/21,Premier League Wales,0,Pontypridd United,1016,1009.0,0 - 3,Connahs Quay Nomads,1351,1358.0,0,3,Wales,domestic league (tier 1)
2023/10/28,Premier League Wales,0,Pontypridd United,1009,996.0,1 - 3,Cardiff Metropolitan,1157,1170.0,1,3,Wales,domestic league (tier 1)
2023/11/19,Premier League Wales,0,Pontypridd United,1003,973.0,0 - 3,Colwyn Bay FC,788,818.0,0,3,Wales,domestic league (tier 1)
2023/12/02,Premier League Wales,0,Pontypridd United,969,959.0,1 - 2,Caernarfon Town,1074,1084.0,1,2,Wales,domestic league (tier 1)
2023/12/26,Premier League Wales,0,Pontypridd United,955,966.0,2 - 0,Aberystwyth Town,968,957.0,2,0,Wales,domestic league (tier 1)
2024/02/24,Premier League Wales,0,Pontypridd United,1001,1008.0,4 - 0,Colwyn Bay FC,838,831.0,4,0,Wales,domestic league (tier 1)
2024/03/16,Premier League Wales,0,Pontypridd United,1024,1020.0,1 - 1,Barry Town United,987,991.0,1,1,Wales,domestic league (tier 1)
2024/03/29,Premier League Wales,0,Pontypridd United,1020,1008.0,0 - 1,Haverfordwest County,1063,1075.0,0,1,Wales,domestic league (tier 1)
2024/04/09,Premier League Wales,0,Pontypridd United,996,992.0,0 - 0,Aberystwyth Town,934,938.0,0,0,Wales,domestic league (tier 1)
2024/04/13,Premier League Wales,0,Pontypridd United,992,977.0,0 - 3,Penybont FC,1151,1166.0,0,3,Wales,domestic league (tier 1)
2025/12/13,Wales Cup,0,Pontypridd United,958,937.0,0 - 3,Colwyn Bay FC,982,1003.0,0,3,Wales,domestic cup
2022/08/13,Premier League Wales,0,"Pontypridd United
(as Pontypridd Town)",893,885.0,0 - 1,Flint Town United,1053,1061.0,0,1,Wales,domestic league (tier 1)
2022/08/27,Premier League Wales,0,"Pontypridd United
(as Pontypridd Town)",881,892.0,2 - 1,Aberystwyth Town,1028,1017.0,2,1,Wales,domestic league (tier 1)
2022/09/03,Premier League Wales,0,"Pontypridd United
(as Pontypridd Town)",888,886.0,0 - 2,The New Saints,1499,1501.0,0,2,Wales,domestic league (tier 1)
2022/09/17,Premier League Wales,0,"Pontypridd United
(as Pontypridd Town)",886,894.0,1 - 0,Airbus UK,908,900.0,1,0,Wales,domestic league (tier 1)
2022/10/01,Premier League Wales,0,"Pontypridd United
(as Pontypridd Town)",891,911.0,3 - 1,Caernarfon Town,1111,1091.0,3,1,Wales,domestic league (tier 1)
2022/10/14,Premier League Wales,0,"Pontypridd United
(as Pontypridd Town)",911,900.0,1 - 4,Newtown AFC,1138,1149.0,1,4,Wales,domestic league (tier 1)
2022/11/06,Premier League Wales,0,"Pontypridd United
(as Pontypridd Town)",923,918.0,0 - 5,Connahs Quay Nomads,1349,1354.0,0,5,Wales,domestic league (tier 1)
2022/12/02,Premier League Wales,0,"Pontypridd United
(as Pontypridd Town)",913,906.0,0 - 1,Cardiff Metropolitan,1120,1127.0,0,1,Wales,domestic league (tier 1)
2021/08/14,Wales Cup,0,Port Talbot Town,1036,999.0,0 - 6,Afan Lido FC,819,856.0,0,6,Wales,domestic cup
2025/10/18,Wales Cup,0,Port Talbot Town,999,1005.0,3 - 1,Afan Lido FC,858,852.0,3,1,Wales,domestic cup
2022/09/17,Wales Cup,0,Porthmadog FC,864,852.0,3 - 4,Mold Alexandra,895,907.0,3,4,Wales,domestic cup
2023/07/22,Wales League Cup,0,Porthmadog FC,852,862.0,4 - 2,Llanidloes Town FC,911,901.0,4,2,Wales,domestic cup
2024/10/19,Wales Cup,0,Porthmadog FC,867,844.0,0 - 2,Airbus UK,760,783.0,0,2,Wales,domestic cup
2025/11/22,Wales Cup,0,Porthmadog FC,844,856.0,3 - 2,Port Talbot Town,1005,993.0,3,2,Wales,domestic cup
2017/08/11,Premier League Wales,0,Prestatyn Town,927,920.0,0 - 4,Connahs Quay Nomads (as GAP Connahs Quay FC),1279,1286.0,0,4,Wales,domestic league (tier 1)
2017/08/19,Premier League Wales,0,Prestatyn Town,920,930.0,1 - 0,Barry Town United,1036,1026.0,1,0,Wales,domestic league (tier 1)
2017/09/23,Premier League Wales,0,Prestatyn Town,940,943.0,0 - 0,Newtown AFC,1154,1151.0,0,0,Wales,domestic league (tier 1)
2017/10/07,Premier League Wales,0,Prestatyn Town,939,950.0,3 - 2,Carmarthen Town,1069,1058.0,3,2,Wales,domestic league (tier 1)
2017/10/20,Premier League Wales,0,Prestatyn Town,949,970.0,4 - 2,Bangor City,1186,1165.0,4,2,Wales,domestic league (tier 1)
2017/10/28,Premier League Wales,0,Prestatyn Town,970,957.0,1 - 2,Aberystwyth Town,974,987.0,1,2,Wales,domestic league (tier 1)
2017/11/11,Premier League Wales,0,Prestatyn Town,956,945.0,0 - 2,Cardiff Metropolitan,1140,1151.0,0,2,Wales,domestic league (tier 1)
2017/11/24,Premier League Wales,0,Prestatyn Town,970,954.0,1 - 3,Llandudno FC,1050,1066.0,1,3,Wales,domestic league (tier 1)
2017/12/19,Premier League Wales,0,Prestatyn Town,942,932.0,1 - 2,Cefn Druids,1056,1066.0,1,2,Wales,domestic league (tier 1)
2017/12/26,Premier League Wales,0,Prestatyn Town,923,915.0,0 - 2,Bala Town,1206,1214.0,0,2,Wales,domestic league (tier 1)
2018/01/05,Premier League Wales,0,Prestatyn Town,913,911.0,1 - 4,The New Saints,1478,1480.0,1,4,Wales,domestic league (tier 1)
2018/02/25,Premier League Wales,0,Prestatyn Town,905,898.0,0 - 1,Newtown AFC,1118,1125.0,0,1,Wales,domestic league (tier 1)
2018/03/24,Premier League Wales,0,Prestatyn Town,904,893.0,0 - 1,Carmarthen Town,980,991.0,0,1,Wales,domestic league (tier 1)
2018/04/13,Premier League Wales,0,Prestatyn Town,889,881.0,0 - 1,Aberystwyth Town,1067,1075.0,0,1,Wales,domestic league (tier 1)
2018/04/24,Premier League Wales,0,Prestatyn Town,876,880.0,0 - 0,Barry Town United,1117,1113.0,0,0,Wales,domestic league (tier 1)
2018/04/27,Premier League Wales,0,Prestatyn Town,880,881.0,0 - 0,Llandudno FC,1013,1012.0,0,0,Wales,domestic league (tier 1)
2021/08/06,Wales League Cup,0,Prestatyn Town,949,956.0,3 - 0,Cefn Druids,869,862.0,3,0,Wales,domestic cup
2021/09/21,Wales League Cup,0,Prestatyn Town,956,945.0,3 - 4,Holywell Town,854,865.0,3,4,Wales,domestic cup
2022/10/08,Wales Cup,0,Prestatyn Town,937,948.0,2 - 0,Llandudno FC,930,919.0,2,0,Wales,domestic cup
2023/08/04,Wales League Cup,0,Prestatyn Town,948,947.0,1 - 1,Flint Town United,1008,1009.0,1,1,Wales,domestic cup
2023/10/03,Wales League Cup,0,Prestatyn Town,947,942.0,2 - 2,Colwyn Bay FC,786,791.0,2,2,Wales,domestic cup
2016/08/14,Premier League Wales,0,Rhyl FC,1030,1030.0,0 - 0,Llandudno FC,1123,1123.0,0,0,Wales,domestic league (tier 1)
2016/08/20,Premier League Wales,0,Rhyl FC,1030,1003.0,0 - 3,Cefn Druids,908,935.0,0,3,Wales,domestic league (tier 1)
2016/08/31,Premier League Wales,0,Rhyl FC,1001,1018.0,3 - 1,Aberystwyth Town,1156,1139.0,3,1,Wales,domestic league (tier 1)
2016/09/04,Premier League Wales,0,Rhyl FC,1018,1021.0,1 - 0,Cardiff Metropolitan,846,843.0,1,0,Wales,domestic league (tier 1)
2016/09/10,Premier League Wales,0,Rhyl FC,1033,1050.0,3 - 1,Airbus UK,1175,1158.0,3,1,Wales,domestic league (tier 1)
2016/09/20,Premier League Wales,0,Rhyl FC,1055,1064.0,1 - 0,Bangor City,1130,1121.0,1,0,Wales,domestic league (tier 1)
2016/11/05,Premier League Wales,0,Rhyl FC,1021,1010.0,0 - 1,Carmarthen Town,1097,1108.0,0,1,Wales,domestic league (tier 1)
2016/11/25,Premier League Wales,0,Rhyl FC,1036,1029.0,1 - 2,Connahs Quay Nomads (as GAP Connahs Quay FC),1242,1249.0,1,2,Wales,domestic league (tier 1)
2016/12/10,Premier League Wales,0,Rhyl FC,1029,1012.0,1 - 3,Newtown AFC,1074,1091.0,1,3,Wales,domestic league (tier 1)
2016/12/14,Premier League Wales,0,Rhyl FC,1012,1010.0,1 - 2,The New Saints,1543,1545.0,1,2,Wales,domestic league (tier 1)
2016/12/30,Premier League Wales,0,Rhyl FC,995,1018.0,2 - 0,Bala Town,1302,1279.0,2,0,Wales,domestic league (tier 1)
2017/02/04,Premier League Wales,0,Rhyl FC,1013,991.0,0 - 2,Cefn Druids,945,967.0,0,2,Wales,domestic league (tier 1)
2017/03/03,Premier League Wales,0,Rhyl FC,1008,1005.0,2 - 2,Aberystwyth Town,1007,1010.0,2,2,Wales,domestic league (tier 1)
2017/03/26,Premier League Wales,0,Rhyl FC,996,982.0,0 - 2,Newtown AFC,1127,1141.0,0,2,Wales,domestic league (tier 1)
2017/04/08,Premier League Wales,0,Rhyl FC,982,991.0,2 - 1,Airbus UK,1030,1021.0,2,1,Wales,domestic league (tier 1)
2017/04/22,Premier League Wales,0,Rhyl FC,978,977.0,1 - 1,Llandudno FC,1057,1058.0,1,1,Wales,domestic league (tier 1)
2016/08/14,Premier League Wales,0,The New Saints,1467,1468.0,2 - 1,Aberystwyth Town,1130,1129.0,2,1,Wales,domestic league (tier 1)
2016/08/28,Premier League Wales,0,The New Saints,1476,1478.0,10 - 0,Rhyl FC,1003,1001.0,10,0,Wales,domestic league (tier 1)
2016/09/11,Premier League Wales,0,The New Saints,1488,1491.0,4 - 0,Bangor City,1131,1128.0,4,0,Wales,domestic league (tier 1)
2016/09/17,Premier League Wales,0,The New Saints,1491,1496.0,5 - 1,Bala Town,1267,1262.0,5,1,Wales,domestic league (tier 1)
2016/09/25,Premier League Wales,0,The New Saints,1505,1506.0,2 - 1,Carmarthen Town,1086,1085.0,2,1,Wales,domestic league (tier 1)
2016/10/15,Premier League Wales,0,The New Saints,1514,1516.0,5 - 0,Llandudno FC,1112,1110.0,5,0,Wales,domestic league (tier 1)
2016/10/30,Premier League Wales,0,The New Saints,1523,1526.0,3 - 0,Connahs Quay Nomads (as GAP Connahs Quay FC),1233,1230.0,3,0,Wales,domestic league (tier 1)
2016/11/25,Premier League Wales,0,The New Saints,1537,1538.0,4 - 0,Airbus UK,1081,1080.0,4,0,Wales,domestic league (tier 1)
2016/12/10,Premier League Wales,0,The New Saints,1542,1543.0,3 - 1,Cardiff Metropolitan,982,981.0,3,1,Wales,domestic league (tier 1)
2016/12/26,Premier League Wales,0,The New Saints,1554,1555.0,4 - 0,Cefn Druids,930,929.0,4,0,Wales,domestic league (tier 1)
2017/01/14,Premier League Wales,0,The New Saints,1556,1547.0,3 - 3,Newtown AFC,1067,1076.0,3,3,Wales,domestic league (tier 1)
2017/02/04,Premier League Wales,0,The New Saints,1550,1551.0,2 - 0,Cardiff Metropolitan,1007,1006.0,2,0,Wales,domestic league (tier 1)
2017/03/04,Premier League Wales,0,The New Saints,1534,1536.0,4 - 0,Bangor City,1148,1146.0,4,0,Wales,domestic league (tier 1)
2017/03/12,Premier League Wales,0,The New Saints,1536,1538.0,3 - 2,Bala Town,1287,1285.0,3,2,Wales,domestic league (tier 1)
2017/03/25,Premier League Wales,0,The New Saints,1526,1527.0,2 - 0,Carmarthen Town,1096,1095.0,2,0,Wales,domestic league (tier 1)
2017/04/07,Premier League Wales,0,The New Saints,1537,1539.0,1 - 0,Connahs Quay Nomads (as GAP Connahs Quay FC),1257,1255.0,1,0,Wales,domestic league (tier 1)
2017/08/19,Premier League Wales,0,The New Saints,1480,1486.0,3 - 0,Bala Town,1291,1285.0,3,0,Wales,domestic league (tier 1)
2017/09/08,Premier League Wales,0,The New Saints,1488,1489.0,4 - 0,Cefn Druids,1007,1006.0,4,0,Wales,domestic league (tier 1)
2017/09/22,Premier League Wales,0,The New Saints,1482,1483.0,1 - 0,Llandudno FC,1089,1088.0,1,0,Wales,domestic league (tier 1)
2017/10/14,Premier League Wales,0,The New Saints,1488,1489.0,6 - 1,Prestatyn Town,950,949.0,6,1,Wales,domestic league (tier 1)
2017/10/28,Premier League Wales,0,The New Saints,1491,1492.0,2 - 1,Cardiff Metropolitan,1131,1130.0,2,1,Wales,domestic league (tier 1)
2017/11/04,Premier League Wales,0,The New Saints,1492,1473.0,0 - 1,Barry Town United,1025,1044.0,0,1,Wales,domestic league (tier 1)
2017/11/25,Premier League Wales,0,The New Saints,1482,1483.0,5 - 2,Carmarthen Town,983,982.0,5,2,Wales,domestic league (tier 1)
2017/12/19,Premier League Wales,0,The New Saints,1487,1492.0,3 - 0,Connahs Quay Nomads (as GAP Connahs Quay FC),1280,1275.0,3,0,Wales,domestic league (tier 1)
2017/12/22,Premier League Wales,0,The New Saints,1492,1493.0,4 - 0,Aberystwyth Town,1038,1037.0,4,0,Wales,domestic league (tier 1)
2017/12/30,Premier League Wales,0,The New Saints,1496,1468.0,2 - 4,Newtown AFC,1104,1132.0,2,4,Wales,domestic league (tier 1)
2018/01/13,Premier League Wales,0,The New Saints,1480,1482.0,2 - 1,Bangor City,1204,1202.0,2,1,Wales,domestic league (tier 1)
2018/02/09,Premier League Wales,0,The New Saints,1480,1484.0,3 - 0,Bangor City,1211,1207.0,3,0,Wales,domestic league (tier 1)
2018/03/16,Premier League Wales,0,The New Saints,1470,1475.0,3 - 0,Bala Town,1238,1233.0,3,0,Wales,domestic league (tier 1)
2018/03/25,Premier League Wales,0,The New Saints,1475,1477.0,5 - 1,Cefn Druids,1076,1074.0,5,1,Wales,domestic league (tier 1)
2018/04/20,Premier League Wales,0,The New Saints,1473,1478.0,3 - 1,Connahs Quay Nomads (as GAP Connahs Quay FC),1310,1305.0,3,1,Wales,domestic league (tier 1)
2018/04/27,Premier League Wales,0,The New Saints,1478,1469.0,3 - 3,Cardiff Metropolitan,1070,1079.0,3,3,Wales,domestic league (tier 1)
2018/08/12,Premier League Wales,0,The New Saints,1494,1496.0,5 - 1,Barry Town United,1104,1102.0,5,1,Wales,domestic league (tier 1)
2018/08/25,Premier League Wales,0,The New Saints,1481,1483.0,6 - 0,Carmarthen Town,1007,1005.0,6,0,Wales,domestic league (tier 1)
2018/09/11,Premier League Wales,0,The New Saints,1486,1488.0,6 - 0,Aberystwyth Town,1077,1075.0,6,0,Wales,domestic league (tier 1)
2018/09/21,Premier League Wales,0,The New Saints,1491,1482.0,0 - 0,Bala Town,1129,1138.0,0,0,Wales,domestic league (tier 1)
2018/10/17,Premier League Wales,0,The New Saints,1458,1460.0,6 - 1,Llandudno FC,1028,1026.0,6,1,Wales,domestic league (tier 1)
2018/10/20,Premier League Wales,0,The New Saints,1460,1467.0,3 - 0,Connahs Quay Nomads (as GAP Connahs Quay FC),1314,1307.0,3,0,Wales,domestic league (tier 1)
2018/11/09,Premier League Wales,0,The New Saints,1448,1429.0,0 - 1,Caernarfon Town,978,997.0,0,1,Wales,domestic league (tier 1)
2018/12/01,Premier League Wales,0,The New Saints,1437,1428.0,1 - 1,Cardiff Metropolitan,1088,1097.0,1,1,Wales,domestic league (tier 1)
2018/12/26,Premier League Wales,0,The New Saints,1428,1431.0,7 - 0,Cefn Druids,1090,1087.0,7,0,Wales,domestic league (tier 1)
2019/01/04,Premier League Wales,0,The New Saints,1438,1442.0,4 - 0,Newtown AFC,1145,1141.0,4,0,Wales,domestic league (tier 1)
2019/01/12,Premier League Wales,0,The New Saints,1442,1443.0,5 - 0,Llanelli Town,947,946.0,5,0,Wales,domestic league (tier 1)
2019/02/08,Premier League Wales,0,The New Saints,1447,1450.0,5 - 0,Newtown AFC,1128,1125.0,5,0,Wales,domestic league (tier 1)
2019/02/16,Premier League Wales,0,The New Saints,1450,1442.0,2 - 2,Barry Town United,1181,1189.0,2,2,Wales,domestic league (tier 1)
2019/03/22,Premier League Wales,0,The New Saints,1468,1471.0,3 - 1,Bala Town,1154,1151.0,3,1,Wales,domestic league (tier 1)
2019/04/20,Premier League Wales,0,The New Saints,1502,1504.0,3 - 1,Caernarfon Town,1108,1106.0,3,1,Wales,domestic league (tier 1)
2019/04/26,Premier League Wales,0,The New Saints,1504,1507.0,1 - 0,Connahs Quay Nomads (as GAP Connahs Quay FC),1330,1327.0,1,0,Wales,domestic league (tier 1)
2019/08/18,Premier League Wales,0,The New Saints,1509,1510.0,1 - 0,Caernarfon Town,1088,1087.0,1,0,Wales,domestic league (tier 1)
2019/08/31,Premier League Wales,0,The New Saints,1491,1491.0,2 - 1,Penybont FC,901,901.0,2,1,Wales,domestic league (tier 1)
2019/09/10,Premier League Wales,0,The New Saints,1491,1492.0,2 - 1,Newtown AFC,1113,1112.0,2,1,Wales,domestic league (tier 1)
2019/09/28,Premier League Wales,0,The New Saints,1488,1470.0,0 - 1,Barry Town United,1177,1195.0,0,1,Wales,domestic league (tier 1)
2019/10/12,Premier League Wales,0,The New Saints,1454,1455.0,6 - 2,Airbus UK,952,951.0,6,2,Wales,domestic league (tier 1)
2019/10/25,Premier League Wales,0,The New Saints,1456,1458.0,1 - 0,Bala Town,1182,1180.0,1,0,Wales,domestic league (tier 1)
2019/11/15,Premier League Wales,0,The New Saints,1458,1460.0,2 - 0,Aberystwyth Town,1061,1059.0,2,0,Wales,domestic league (tier 1)
2019/12/03,Premier League Wales,0,The New Saints,1464,1465.0,1 - 0,Carmarthen Town,1005,1004.0,1,0,Wales,domestic league (tier 1)
2019/12/20,Premier League Wales,0,The New Saints,1474,1455.0,1 - 2,Cardiff Metropolitan,1126,1145.0,1,2,Wales,domestic league (tier 1)
2019/12/30,Premier League Wales,0,The New Saints,1464,1465.0,2 - 1,Cefn Druids,1119,1118.0,2,1,Wales,domestic league (tier 1)
2020/01/18,Premier League Wales,0,The New Saints,1472,1477.0,2 - 1,Connahs Quay Nomads,1359,1354.0,2,1,Wales,domestic league (tier 1)
2020/02/07,Premier League Wales,0,The New Saints,1479,1461.0,1 - 2,Newtown AFC,1149,1167.0,1,2,Wales,domestic league (tier 1)
2020/03/06,Premier League Wales,0,The New Saints,1451,1443.0,2 - 2,Barry Town United,1148,1156.0,2,2,Wales,domestic league (tier 1)
2020/09/20,Premier League Wales,0,The New Saints,1469,1472.0,2 - 0,Cardiff Metropolitan,1157,1154.0,2,0,Wales,domestic league (tier 1)
2020/10/03,Premier League Wales,0,The New Saints,1478,1479.0,10 - 0,Flint Town United,945,944.0,10,0,Wales,domestic league (tier 1)
2020/10/06,Premier League Wales,0,The New Saints,1479,1481.0,2 - 0,Newtown AFC,1103,1101.0,2,0,Wales,domestic league (tier 1)
2020/10/13,Premier League Wales,0,The New Saints,1485,1489.0,1 - 0,Connahs Quay Nomads,1366,1362.0,1,0,Wales,domestic league (tier 1)
2020/10/24,Premier League Wales,0,The New Saints,1482,1482.0,3 - 2,Haverfordwest County,928,928.0,3,2,Wales,domestic league (tier 1)
2020/11/14,Premier League Wales,0,The New Saints,1479,1481.0,2 - 1,Barry Town United,1167,1165.0,2,1,Wales,domestic league (tier 1)
2020/11/28,Premier League Wales,0,The New Saints,1484,1486.0,4 - 1,Aberystwyth Town,1072,1070.0,4,1,Wales,domestic league (tier 1)
2020/12/19,Premier League Wales,0,The New Saints,1480,1481.0,2 - 1,Penybont FC,1032,1031.0,2,1,Wales,domestic league (tier 1)
2021/03/06,Premier League Wales,0,The New Saints,1481,1474.0,0 - 0,Bala Town,1284,1291.0,0,0,Wales,domestic league (tier 1)
2021/03/16,Premier League Wales,0,The New Saints,1456,1457.0,5 - 0,Cefn Druids,987,986.0,5,0,Wales,domestic league (tier 1)
2021/04/02,Premier League Wales,0,The New Saints,1460,1462.0,4 - 1,Caernarfon Town,1113,1111.0,4,1,Wales,domestic league (tier 1)
2021/04/17,Premier League Wales,0,The New Saints,1479,1480.0,1 - 0,Penybont FC,1079,1078.0,1,0,Wales,domestic league (tier 1)
2021/04/24,Premier League Wales,0,The New Saints,1485,1459.0,1 - 4,Connahs Quay Nomads,1409,1435.0,1,4,Wales,domestic league (tier 1)
2021/04/27,Premier League Wales,0,The New Saints,1459,1450.0,0 - 0,Caernarfon Town,1068,1077.0,0,0,Wales,domestic league (tier 1)
2021/05/08,Premier League Wales,0,The New Saints,1459,1462.0,3 - 0,Barry Town United,1115,1112.0,3,0,Wales,domestic league (tier 1)
2021/05/15,Premier League Wales,0,The New Saints,1462,1467.0,2 - 0,Bala Town,1263,1258.0,2,0,Wales,domestic league (tier 1)
2021/08/21,Premier League Wales,0,The New Saints,1518,1519.0,5 - 3,Caernarfon Town,1095,1094.0,5,3,Wales,domestic league (tier 1)
2021/08/31,Premier League Wales,0,The New Saints,1520,1521.0,1 - 0,Flint Town United,1026,1025.0,1,0,Wales,domestic league (tier 1)
2021/09/18,Premier League Wales,0,The New Saints,1514,1516.0,3 - 1,Barry Town United,1125,1123.0,3,1,Wales,domestic league (tier 1)
2021/10/01,Premier League Wales,0,The New Saints,1517,1518.0,3 - 0,Aberystwyth Town,1029,1028.0,3,0,Wales,domestic league (tier 1)
2021/10/12,Premier League Wales,0,The New Saints,1527,1529.0,2 - 1,Bala Town,1255,1253.0,2,1,Wales,domestic league (tier 1)
2021/10/30,Premier League Wales,0,The New Saints,1512,1514.0,5 - 0,Cardiff Metropolitan,1124,1122.0,5,0,Wales,domestic league (tier 1)
2021/11/06,Premier League Wales,0,The New Saints,1514,1515.0,6 - 0,Haverfordwest County,990,989.0,6,0,Wales,domestic league (tier 1)
2021/11/19,Premier League Wales,0,The New Saints,1497,1499.0,2 - 0,Newtown AFC,1165,1163.0,2,0,Wales,domestic league (tier 1)
2021/12/18,Premier League Wales,0,The New Saints,1511,1512.0,3 - 2,Penybont FC,1137,1136.0,3,2,Wales,domestic league (tier 1)
2022/01/21,Premier League Wales,0,The New Saints,1512,1518.0,3 - 1,Connahs Quay Nomads,1372,1366.0,3,1,Wales,domestic league (tier 1)
2022/02/01,Premier League Wales,0,The New Saints,1523,1523.0,5 - 1,Cefn Druids,780,780.0,5,1,Wales,domestic league (tier 1)
2022/03/08,Premier League Wales,0,The New Saints,1519,1521.0,2 - 1,Bala Town,1242,1240.0,2,1,Wales,domestic league (tier 1)
2022/03/12,Premier League Wales,0,The New Saints,1521,1512.0,3 - 3,Penybont FC,1123,1132.0,3,3,Wales,domestic league (tier 1)
2022/03/25,Premier League Wales,0,The New Saints,1512,1493.0,0 - 1,Newtown AFC,1152,1171.0,0,1,Wales,domestic league (tier 1)
2022/04/15,Premier League Wales,0,The New Saints,1498,1500.0,7 - 0,Flint Town United,1038,1036.0,7,0,Wales,domestic league (tier 1)
2022/04/23,Premier League Wales,0,The New Saints,1507,1509.0,3 - 1,Caernarfon Town,1109,1107.0,3,1,Wales,domestic league (tier 1)
2022/08/20,Premier League Wales,0,The New Saints,1491,1492.0,1 - 0,Penybont FC,1081,1080.0,1,0,Wales,domestic league (tier 1)
2022/08/26,Premier League Wales,0,The New Saints,1492,1496.0,2 - 1,Connahs Quay Nomads,1329,1325.0,2,1,Wales,domestic league (tier 1)
2022/09/27,Premier League Wales,0,The New Saints,1510,1512.0,6 - 2,Flint Town United,1089,1087.0,6,2,Wales,domestic league (tier 1)
2022/09/30,Premier League Wales,0,The New Saints,1512,1514.0,4 - 1,Newtown AFC,1140,1138.0,4,1,Wales,domestic league (tier 1)
2022/10/22,Premier League Wales,0,The New Saints,1529,1529.0,2 - 0,"Pontypridd United
(as Pontypridd Town)",900,900.0,2,0,Wales,domestic league (tier 1)
2022/10/25,Premier League Wales,0,The New Saints,1529,1531.0,3 - 0,Caernarfon Town,1107,1105.0,3,0,Wales,domestic league (tier 1)
2022/11/05,Premier League Wales,0,The New Saints,1534,1536.0,4 - 0,Cardiff Metropolitan,1113,1111.0,4,0,Wales,domestic league (tier 1)
2022/11/11,Wales Cup,0,The New Saints,1536,1537.0,2 - 1,Caernarfon Town,1109,1108.0,2,1,Wales,domestic cup
2022/12/02,Premier League Wales,0,The New Saints,1530,1532.0,11 - 0,Aberystwyth Town,1015,1013.0,11,0,Wales,domestic league (tier 1)
2022/12/26,Premier League Wales,0,The New Saints,1530,1530.0,7 - 0,Airbus UK,842,842.0,7,0,Wales,domestic league (tier 1)
2023/01/07,Premier League Wales,0,The New Saints,1534,1535.0,3 - 1,Haverfordwest County,1034,1033.0,3,1,Wales,domestic league (tier 1)
2023/01/14,Wales Cup,0,The New Saints,1539,1542.0,7 - 0,Newtown AFC,1195,1192.0,7,0,Wales,domestic cup
2023/01/31,Premier League Wales,0,The New Saints,1542,1547.0,3 - 0,Bala Town,1312,1307.0,3,0,Wales,domestic league (tier 1)
2023/02/18,Premier League Wales,0,The New Saints,1530,1531.0,1 - 0,Newtown AFC,1180,1179.0,1,0,Wales,domestic league (tier 1)
2023/02/25,Premier League Wales,0,The New Saints,1531,1522.0,1 - 1,Penybont FC,1193,1202.0,1,1,Wales,domestic league (tier 1)
2023/03/13,Premier League Wales,0,The New Saints,1529,1532.0,2 - 1,Bala Town,1302,1299.0,2,1,Wales,domestic league (tier 1)
2023/03/25,Premier League Wales,0,The New Saints,1529,1532.0,7 - 1,Cardiff Metropolitan,1178,1175.0,7,1,Wales,domestic league (tier 1)
2023/04/22,Premier League Wales,0,The New Saints,1555,1560.0,4 - 1,Connahs Quay Nomads,1352,1347.0,4,1,Wales,domestic league (tier 1)
2023/04/30,Wales Cup,0,The New Saints,1560,1566.0,6 - 0,Bala Town,1247,1241.0,6,0,Wales,domestic cup
2023/08/05,Wales League Cup,0,The New Saints,1545,1547.0,2 - 1,Connahs Quay Nomads,1330,1328.0,2,1,Wales,domestic cup
2023/08/11,Premier League Wales,0,The New Saints,1547,1552.0,6 - 2,Connahs Quay Nomads,1328,1323.0,6,2,Wales,domestic league (tier 1)
2023/08/26,Premier League Wales,0,The New Saints,1553,1543.0,2 - 2,Barry Town United,979,989.0,2,2,Wales,domestic league (tier 1)
2023/09/01,Premier League Wales,0,The New Saints,1543,1544.0,6 - 0,Aberystwyth Town,999,998.0,6,0,Wales,domestic league (tier 1)
2023/09/16,Premier League Wales,0,The New Saints,1539,1540.0,5 - 1,Haverfordwest County,1069,1068.0,5,1,Wales,domestic league (tier 1)
2023/09/19,Wales League Cup,0,The New Saints,1540,1540.0,4 - 1,Porthmadog FC,867,867.0,4,1,Wales,domestic cup
2023/09/30,Premier League Wales,0,The New Saints,1550,1551.0,4 - 0,Pontypridd United,1017,1016.0,4,0,Wales,domestic league (tier 1)
2023/10/28,Premier League Wales,0,The New Saints,1560,1562.0,2 - 0,Bala Town,1210,1208.0,2,0,Wales,domestic league (tier 1)
2023/10/31,Premier League Wales,0,The New Saints,1562,1562.0,6 - 1,Colwyn Bay FC,783,783.0,6,1,Wales,domestic league (tier 1)
2023/12/16,Premier League Wales,0,The New Saints,1571,1572.0,3 - 0,Penybont FC,1128,1127.0,3,0,Wales,domestic league (tier 1)
2023/12/26,Premier League Wales,0,The New Saints,1574,1575.0,2 - 1,Caernarfon Town,1071,1070.0,2,1,Wales,domestic league (tier 1)
2024/01/06,Premier League Wales,0,The New Saints,1587,1590.0,8 - 0,Cardiff Metropolitan,1194,1191.0,8,0,Wales,domestic league (tier 1)
2024/01/13,Premier League Wales,0,The New Saints,1590,1591.0,3 - 1,Newtown AFC,1153,1152.0,3,1,Wales,domestic league (tier 1)
2024/02/06,Premier League Wales,0,The New Saints,1591,1593.0,3 - 0,Newtown AFC,1152,1150.0,3,0,Wales,domestic league (tier 1)
2024/03/02,Premier League Wales,0,The New Saints,1601,1603.0,4 - 0,Cardiff Metropolitan,1181,1179.0,4,0,Wales,domestic league (tier 1)
2024/04/05,Premier League Wales,0,The New Saints,1620,1621.0,7 - 1,Caernarfon Town,1104,1103.0,7,1,Wales,domestic league (tier 1)
2024/04/09,Premier League Wales,0,The New Saints,1621,1623.0,4 - 1,Bala Town,1246,1244.0,4,1,Wales,domestic league (tier 1)
2024/04/21,Premier League Wales,0,The New Saints,1627,1630.0,2 - 0,Connahs Quay Nomads,1326,1323.0,2,0,Wales,domestic league (tier 1)
2024/08/02,Wales League Cup,0,The New Saints,1601,1601.0,5 - 1,Flint Town United,1001,1001.0,5,1,Wales,domestic cup
2024/09/03,Premier League Wales,0,The New Saints,1593,1593.0,2 - 0,Aberystwyth Town,963,963.0,2,0,Wales,domestic league (tier 1)
2024/09/14,Premier League Wales,0,The New Saints,1595,1596.0,4 - 0,Barry Town United,997,996.0,4,0,Wales,domestic league (tier 1)
2024/09/24,Premier League Wales,0,The New Saints,1579,1560.0,2 - 3,Bala Town,1207,1226.0,2,3,Wales,domestic league (tier 1)
2024/10/09,Premier League Wales,0,The New Saints,1565,1546.0,1 - 2,Caernarfon Town,1144,1163.0,1,2,Wales,domestic league (tier 1)
2024/10/12,Premier League Wales,0,The New Saints,1546,1548.0,3 - 0,Cardiff Metropolitan,1149,1147.0,3,0,Wales,domestic league (tier 1)
2024/10/15,Premier League Wales,0,The New Saints,1548,1549.0,5 - 0,Flint Town United,1013,1012.0,5,0,Wales,domestic league (tier 1)
2024/11/10,Premier League Wales,0,The New Saints,1564,1565.0,2 - 1,Haverfordwest County,1169,1168.0,2,1,Wales,domestic league (tier 1)
2024/11/23,Premier League Wales,0,The New Saints,1540,1542.0,3 - 2,Penybont FC,1235,1233.0,3,2,Wales,domestic league (tier 1)
2024/12/15,Wales Cup,0,The New Saints,1516,1516.0,4 - 1,Colwyn Bay FC,836,836.0,4,1,Wales,domestic cup
2024/12/22,Premier League Wales,0,The New Saints,1512,1513.0,5 - 2,Briton Ferry Llansawel AFC,884,883.0,5,2,Wales,domestic league (tier 1)
2024/12/31,Premier League Wales,0,The New Saints,1518,1520.0,2 - 1,Connahs Quay Nomads,1252,1250.0,2,1,Wales,domestic league (tier 1)
2025/01/04,Premier League Wales,0,The New Saints,1520,1521.0,2 - 1,Newtown AFC,1038,1037.0,2,1,Wales,domestic league (tier 1)
2025/02/01,Premier League Wales,0,The New Saints,1526,1528.0,3 - 1,Cardiff Metropolitan,1143,1141.0,3,1,Wales,domestic league (tier 1)
2025/02/08,Premier League Wales,0,The New Saints,1528,1532.0,4 - 0,Penybont FC,1239,1235.0,4,0,Wales,domestic league (tier 1)
2025/02/15,Wales Cup,0,The New Saints,1535,1535.0,5 - 0,Airbus UK,793,793.0,5,0,Wales,domestic cup
2025/03/08,Premier League Wales,0,The New Saints,1541,1543.0,5 - 1,Haverfordwest County,1181,1179.0,5,1,Wales,domestic league (tier 1)
2025/03/11,Premier League Wales,0,The New Saints,1543,1545.0,2 - 0,Caernarfon Town,1144,1142.0,2,0,Wales,domestic league (tier 1)
2025/04/11,Premier League Wales,0,The New Saints,1537,1538.0,2 - 1,Bala Town,1144,1143.0,2,1,Wales,domestic league (tier 1)
2025/08/02,Wales League Cup,0,The New Saints,1514,1514.0,7 - 1,Airbus UK,793,793.0,7,1,Wales,domestic cup
2025/08/10,Premier League Wales,0,The New Saints,1514,1480.0,0 - 3,Briton Ferry Llansawel AFC,935,969.0,0,3,Wales,domestic league (tier 1)
2025/08/22,Premier League Wales,0,The New Saints,1490,1493.0,3 - 0,Connahs Quay Nomads,1174,1171.0,3,0,Wales,domestic league (tier 1)
2025/09/06,Premier League Wales,0,The New Saints,1477,1480.0,5 - 0,Haverfordwest County,1157,1154.0,5,0,Wales,domestic league (tier 1)
2025/09/13,Premier League Wales,0,The New Saints,1485,1486.0,6 - 0,Llanelli Town,850,849.0,6,0,Wales,domestic league (tier 1)
2025/09/23,Premier League Wales,0,The New Saints,1491,1492.0,4 - 2,Flint Town United,1054,1053.0,4,2,Wales,domestic league (tier 1)
2025/10/04,Premier League Wales,0,The New Saints,1498,1500.0,4 - 0,Barry Town United,1122,1120.0,4,0,Wales,domestic league (tier 1)
2025/10/11,Premier League Wales,0,The New Saints,1506,1511.0,6 - 2,Penybont FC,1270,1265.0,6,2,Wales,domestic league (tier 1)
2025/11/04,Wales League Cup,0,The New Saints,1517,1519.0,3 - 0,Caernarfon Town,1200,1198.0,3,0,Wales,domestic cup
2025/11/07,Premier League Wales,0,The New Saints,1519,1500.0,2 - 3,Cardiff Metropolitan,1123,1142.0,2,3,Wales,domestic league (tier 1)
2025/11/28,Premier League Wales,0,The New Saints,1488,1491.0,2 - 0,Caernarfon Town,1186,1183.0,2,0,Wales,domestic league (tier 1)
2025/12/06,Wales League Cup,0,The New Saints,1491,1491.0,2 - 1,Llandudno FC,965,965.0,2,1,Wales,domestic cup
2026/01/06,Premier League Wales,0,The New Saints,1472,1473.0,2 - 1,Bala Town,1032,1031.0,2,1,Wales,domestic league (tier 1)
2026/01/13,Premier League Wales,0,The New Saints,1473,1474.0,1 - 0,Colwyn Bay FC,1007,1006.0,1,0,Wales,domestic league (tier 1)
2026/01/24,Premier League Wales,0,The New Saints,1474,1476.0,1 - 0,Barry Town United,1157,1155.0,1,0,Wales,domestic league (tier 1)
2026/02/07,Premier League Wales,0,The New Saints,1476,1481.0,6 - 0,Penybont FC,1208,1203.0,6,0,Wales,domestic league (tier 1)
2026/02/20,Premier League Wales,0,The New Saints,1484,1486.0,2 - 1,Caernarfon Town,1180,1178.0,2,1,Wales,domestic league (tier 1)
2026/03/20,Premier League Wales,0,The New Saints,1479,1450.0,0 - 2,Colwyn Bay FC,1048,1077.0,0,2,Wales,domestic league (tier 1)
2026/04/03,Premier League Wales,0,The New Saints,1459,1462.0,2 - 1,Connahs Quay Nomads,1268,1265.0,2,1,Wales,domestic league (tier 1)
2026/08/07,Premier League Wales,0,The New Saints,1438,1440.0,2 - 0,Haverfordwest County,1102,1100.0,2,0,Wales,domestic league (tier 1)
2026/08/14,Premier League Wales,0,The New Saints,1440,1441.0,1 - 0,Briton Ferry Llansawel AFC,1045,1044.0,1,0,Wales,domestic league (tier 1)
2026/08/28,Premier League Wales,0,The New Saints,1448,1450.0,5 - 1,Colwyn Bay FC,1064,1062.0,5,1,Wales,domestic league (tier 1)
2026/09/05,Premier League Wales,0,The New Saints,1456,,Info,Barry Town United,1234,,,,Wales,domestic league (tier 1)
2026/08/07,Premier League Wales,0,Trefelin BGC,815,799.0,0 - 4,Llandudno FC,974,990.0,0,4,Wales,domestic league (tier 1)
2026/08/21,Premier League Wales,0,Trefelin BGC,797,792.0,0 - 2,Caernarfon Town,1173,1178.0,0,2,Wales,domestic league (tier 1)
2026/08/28,Premier League Wales,0,Trefelin BGC,792,789.0,1 - 1,Ammanford AFC,803,806.0,1,1,Wales,domestic league (tier 1)
